Comunidades autónomas;Tipología penal;periodo;Total
TOTAL NACIONAL;1. CONTRA LAS PERSONAS;2024;203.657
TOTAL NACIONAL;1. CONTRA LAS PERSONAS;2023;195.302
TOTAL NACIONAL;1. CONTRA LAS PERSONAS;2022;181.894
TOTAL NACIONAL;1. CONTRA LAS PERSONAS;2021;159.540
TOTAL NACIONAL;1. CONTRA LAS PERSONAS;2020;141.869
TOTAL NACIONAL;1. CONTRA LAS PERSONAS;2019;159.909
TOTAL NACIONAL;1. CONTRA LAS PERSONAS;2018;153.525
TOTAL NACIONAL;1.1.-Homicidios dolosos/asesinatos;2024;1.483
TOTAL NACIONAL;1.1.-Homicidios dolosos/asesinatos;2023;1.544
TOTAL NACIONAL;1.1.-Homicidios dolosos/asesinatos;2022;1.384
TOTAL NACIONAL;1.1.-Homicidios dolosos/asesinatos;2021;1.165
TOTAL NACIONAL;1.1.-Homicidios dolosos/asesinatos;2020;1.101
TOTAL NACIONAL;1.1.-Homicidios dolosos/asesinatos;2019;1.090
TOTAL NACIONAL;1.1.-Homicidios dolosos/asesinatos;2018;1.008
TOTAL NACIONAL;1.1.1.-Homicidios dolosos/asesinatos consumados;2024;326
TOTAL NACIONAL;1.1.1.-Homicidios dolosos/asesinatos consumados;2023;315
TOTAL NACIONAL;1.1.1.-Homicidios dolosos/asesinatos consumados;2022;319
TOTAL NACIONAL;1.1.1.-Homicidios dolosos/asesinatos consumados;2021;261
TOTAL NACIONAL;1.1.1.-Homicidios dolosos/asesinatos consumados;2020;279
TOTAL NACIONAL;1.1.1.-Homicidios dolosos/asesinatos consumados;2019;254
TOTAL NACIONAL;1.1.1.-Homicidios dolosos/asesinatos consumados;2018;227
TOTAL NACIONAL;1.2.-Lesiones;2024;94.934
TOTAL NACIONAL;1.2.-Lesiones;2023;90.444
TOTAL NACIONAL;1.2.-Lesiones;2022;86.577
TOTAL NACIONAL;1.2.-Lesiones;2021;74.813
TOTAL NACIONAL;1.2.-Lesiones;2020;64.416
TOTAL NACIONAL;1.2.-Lesiones;2019;79.537
TOTAL NACIONAL;1.2.-Lesiones;2018;78.214
TOTAL NACIONAL;1.3.-Malos tratos ámbito familiar;2024;102.055
TOTAL NACIONAL;1.3.-Malos tratos ámbito familiar;2023;98.901
TOTAL NACIONAL;1.3.-Malos tratos ámbito familiar;2022;90.267
TOTAL NACIONAL;1.3.-Malos tratos ámbito familiar;2021;80.426
TOTAL NACIONAL;1.3.-Malos tratos ámbito familiar;2020;73.699
TOTAL NACIONAL;1.3.-Malos tratos ámbito familiar;2019;76.160
TOTAL NACIONAL;1.3.-Malos tratos ámbito familiar;2018;71.414
TOTAL NACIONAL;1.4.-Otros contra las personas;2024;5.185
TOTAL NACIONAL;1.4.-Otros contra las personas;2023;4.413
TOTAL NACIONAL;1.4.-Otros contra las personas;2022;3.666
TOTAL NACIONAL;1.4.-Otros contra las personas;2021;3.136
TOTAL NACIONAL;1.4.-Otros contra las personas;2020;2.653
TOTAL NACIONAL;1.4.-Otros contra las personas;2019;3.122
TOTAL NACIONAL;1.4.-Otros contra las personas;2018;2.889
TOTAL NACIONAL;2. CONTRA LA LIBERTAD;2024;124.308
TOTAL NACIONAL;2. CONTRA LA LIBERTAD;2023;120.003
TOTAL NACIONAL;2. CONTRA LA LIBERTAD;2022;107.702
TOTAL NACIONAL;2. CONTRA LA LIBERTAD;2021;104.418
TOTAL NACIONAL;2. CONTRA LA LIBERTAD;2020;94.335
TOTAL NACIONAL;2. CONTRA LA LIBERTAD;2019;96.246
TOTAL NACIONAL;2. CONTRA LA LIBERTAD;2018;92.985
TOTAL NACIONAL;2.1.-Malos tratos habituales en el ámbito familiar;2024;14.152
TOTAL NACIONAL;2.1.-Malos tratos habituales en el ámbito familiar;2023;14.705
TOTAL NACIONAL;2.1.-Malos tratos habituales en el ámbito familiar;2022;13.288
TOTAL NACIONAL;2.1.-Malos tratos habituales en el ámbito familiar;2021;12.617
TOTAL NACIONAL;2.1.-Malos tratos habituales en el ámbito familiar;2020;11.329
TOTAL NACIONAL;2.1.-Malos tratos habituales en el ámbito familiar;2019;11.860
TOTAL NACIONAL;2.1.-Malos tratos habituales en el ámbito familiar;2018;11.347
TOTAL NACIONAL;2.2.-Otros contra la libertad;2024;110.156
TOTAL NACIONAL;2.2.-Otros contra la libertad;2023;105.298
TOTAL NACIONAL;2.2.-Otros contra la libertad;2022;94.414
TOTAL NACIONAL;2.2.-Otros contra la libertad;2021;91.801
TOTAL NACIONAL;2.2.-Otros contra la libertad;2020;83.006
TOTAL NACIONAL;2.2.-Otros contra la libertad;2019;84.386
TOTAL NACIONAL;2.2.-Otros contra la libertad;2018;81.638
TOTAL NACIONAL;3. LIBERTAD SEXUAL;2024;18.104
TOTAL NACIONAL;3. LIBERTAD SEXUAL;2023;17.064
TOTAL NACIONAL;3. LIBERTAD SEXUAL;2022;14.555
TOTAL NACIONAL;3. LIBERTAD SEXUAL;2021;13.253
TOTAL NACIONAL;3. LIBERTAD SEXUAL;2020;10.293
TOTAL NACIONAL;3. LIBERTAD SEXUAL;2019;11.887
TOTAL NACIONAL;3. LIBERTAD SEXUAL;2018;10.674
TOTAL NACIONAL;3.1.-Agresión sexual;2024;11.006
TOTAL NACIONAL;3.1.-Agresión sexual;2023;10.096
TOTAL NACIONAL;3.1.-Agresión sexual;2022;8.980
TOTAL NACIONAL;3.1.-Agresión sexual;2021;8.052
TOTAL NACIONAL;3.1.-Agresión sexual;2020;5.964
TOTAL NACIONAL;3.1.-Agresión sexual;2019;7.022
TOTAL NACIONAL;3.1.-Agresión sexual;2018;6.224
TOTAL NACIONAL;3.2.-Agresión sexual con penetración;2024;4.238
TOTAL NACIONAL;3.2.-Agresión sexual con penetración;2023;4.052
TOTAL NACIONAL;3.2.-Agresión sexual con penetración;2022;3.410
TOTAL NACIONAL;3.2.-Agresión sexual con penetración;2021;3.128
TOTAL NACIONAL;3.2.-Agresión sexual con penetración;2020;2.364
TOTAL NACIONAL;3.2.-Agresión sexual con penetración;2019;2.554
TOTAL NACIONAL;3.2.-Agresión sexual con penetración;2018;2.318
TOTAL NACIONAL;3.3.-Corrupción de menores o incapacitados;2024;330
TOTAL NACIONAL;3.3.-Corrupción de menores o incapacitados;2023;269
TOTAL NACIONAL;3.3.-Corrupción de menores o incapacitados;2022;269
TOTAL NACIONAL;3.3.-Corrupción de menores o incapacitados;2021;239
TOTAL NACIONAL;3.3.-Corrupción de menores o incapacitados;2020;242
TOTAL NACIONAL;3.3.-Corrupción de menores o incapacitados;2019;276
TOTAL NACIONAL;3.3.-Corrupción de menores o incapacitados;2018;206
TOTAL NACIONAL;3.4.-Pornografía de menores;2024;661
TOTAL NACIONAL;3.4.-Pornografía de menores;2023;670
TOTAL NACIONAL;3.4.-Pornografía de menores;2022;464
TOTAL NACIONAL;3.4.-Pornografía de menores;2021;502
TOTAL NACIONAL;3.4.-Pornografía de menores;2020;450
TOTAL NACIONAL;3.4.-Pornografía de menores;2019;620
TOTAL NACIONAL;3.4.-Pornografía de menores;2018;668
TOTAL NACIONAL;3.5.-Otros contra la libertad sexual;2024;1.869
TOTAL NACIONAL;3.5.-Otros contra la libertad sexual;2023;1.977
TOTAL NACIONAL;3.5.-Otros contra la libertad sexual;2022;1.432
TOTAL NACIONAL;3.5.-Otros contra la libertad sexual;2021;1.332
TOTAL NACIONAL;3.5.-Otros contra la libertad sexual;2020;1.273
TOTAL NACIONAL;3.5.-Otros contra la libertad sexual;2019;1.415
TOTAL NACIONAL;3.5.-Otros contra la libertad sexual;2018;1.258
TOTAL NACIONAL;4. RELACIONES FAMILIARES;2024;7.098
TOTAL NACIONAL;4. RELACIONES FAMILIARES;2023;7.043
TOTAL NACIONAL;4. RELACIONES FAMILIARES;2022;7.055
TOTAL NACIONAL;4. RELACIONES FAMILIARES;2021;6.970
TOTAL NACIONAL;4. RELACIONES FAMILIARES;2020;6.397
TOTAL NACIONAL;4. RELACIONES FAMILIARES;2019;6.846
TOTAL NACIONAL;4. RELACIONES FAMILIARES;2018;7.089
TOTAL NACIONAL;5. PATRIMONIO;2024;367.561
TOTAL NACIONAL;5. PATRIMONIO;2023;343.285
TOTAL NACIONAL;5. PATRIMONIO;2022;305.922
TOTAL NACIONAL;5. PATRIMONIO;2021;260.085
TOTAL NACIONAL;5. PATRIMONIO;2020;233.211
TOTAL NACIONAL;5. PATRIMONIO;2019;291.270
TOTAL NACIONAL;5. PATRIMONIO;2018;281.008
TOTAL NACIONAL;5.1.-Hurtos;2024;144.215
TOTAL NACIONAL;5.1.-Hurtos;2023;132.759
TOTAL NACIONAL;5.1.-Hurtos;2022;113.226
TOTAL NACIONAL;5.1.-Hurtos;2021;89.799
TOTAL NACIONAL;5.1.-Hurtos;2020;77.262
TOTAL NACIONAL;5.1.-Hurtos;2019;111.318
TOTAL NACIONAL;5.1.-Hurtos;2018;109.908
TOTAL NACIONAL;5.2.-Robos con fuerza en las cosas;2024;40.805
TOTAL NACIONAL;5.2.-Robos con fuerza en las cosas;2023;40.050
TOTAL NACIONAL;5.2.-Robos con fuerza en las cosas;2022;35.668
TOTAL NACIONAL;5.2.-Robos con fuerza en las cosas;2021;31.201
TOTAL NACIONAL;5.2.-Robos con fuerza en las cosas;2020;31.282
TOTAL NACIONAL;5.2.-Robos con fuerza en las cosas;2019;39.704
TOTAL NACIONAL;5.2.-Robos con fuerza en las cosas;2018;40.365
TOTAL NACIONAL;5.2.1.-Robos con fuerza en las cosas en el interior de vehículos;2024;11.115
TOTAL NACIONAL;5.2.1.-Robos con fuerza en las cosas en el interior de vehículos;2023;10.438
TOTAL NACIONAL;5.2.1.-Robos con fuerza en las cosas en el interior de vehículos;2022;9.060
TOTAL NACIONAL;5.2.1.-Robos con fuerza en las cosas en el interior de vehículos;2021;7.742
TOTAL NACIONAL;5.2.1.-Robos con fuerza en las cosas en el interior de vehículos;2020;6.103
TOTAL NACIONAL;5.2.1.-Robos con fuerza en las cosas en el interior de vehículos;2019;8.567
TOTAL NACIONAL;5.2.1.-Robos con fuerza en las cosas en el interior de vehículos;2018;8.272
TOTAL NACIONAL;5.2.2.-Robos con fuerza en viviendas;2024;12.110
TOTAL NACIONAL;5.2.2.-Robos con fuerza en viviendas;2023;11.762
TOTAL NACIONAL;5.2.2.-Robos con fuerza en viviendas;2022;10.927
TOTAL NACIONAL;5.2.2.-Robos con fuerza en viviendas;2021;10.004
TOTAL NACIONAL;5.2.2.-Robos con fuerza en viviendas;2020;10.753
TOTAL NACIONAL;5.2.2.-Robos con fuerza en viviendas;2019;10.775
TOTAL NACIONAL;5.2.2.-Robos con fuerza en viviendas;2018;12.028
TOTAL NACIONAL;5.2.3.-Robos con fuerza en establecimientos;2024;9.322
TOTAL NACIONAL;5.2.3.-Robos con fuerza en establecimientos;2023;9.411
TOTAL NACIONAL;5.2.3.-Robos con fuerza en establecimientos;2022;8.086
TOTAL NACIONAL;5.2.3.-Robos con fuerza en establecimientos;2021;7.145
TOTAL NACIONAL;5.2.3.-Robos con fuerza en establecimientos;2020;7.570
TOTAL NACIONAL;5.2.3.-Robos con fuerza en establecimientos;2019;7.461
TOTAL NACIONAL;5.2.3.-Robos con fuerza en establecimientos;2018;7.005
TOTAL NACIONAL;5.3.-Robos con violencia o intimidación;2024;22.479
TOTAL NACIONAL;5.3.-Robos con violencia o intimidación;2023;21.381
TOTAL NACIONAL;5.3.-Robos con violencia o intimidación;2022;19.040
TOTAL NACIONAL;5.3.-Robos con violencia o intimidación;2021;16.037
TOTAL NACIONAL;5.3.-Robos con violencia o intimidación;2020;14.569
TOTAL NACIONAL;5.3.-Robos con violencia o intimidación;2019;18.196
TOTAL NACIONAL;5.3.-Robos con violencia o intimidación;2018;16.043
TOTAL NACIONAL;5.3.1.-Robos con violencia en vía pública;2024;12.784
TOTAL NACIONAL;5.3.1.-Robos con violencia en vía pública;2023;12.405
TOTAL NACIONAL;5.3.1.-Robos con violencia en vía pública;2022;10.911
TOTAL NACIONAL;5.3.1.-Robos con violencia en vía pública;2021;8.999
TOTAL NACIONAL;5.3.1.-Robos con violencia en vía pública;2020;7.998
TOTAL NACIONAL;5.3.1.-Robos con violencia en vía pública;2019;6.927
TOTAL NACIONAL;5.3.1.-Robos con violencia en vía pública;2018;5.996
TOTAL NACIONAL;5.3.2.-Robos con violencia en viviendas;2024;1.893
TOTAL NACIONAL;5.3.2.-Robos con violencia en viviendas;2023;1.646
TOTAL NACIONAL;5.3.2.-Robos con violencia en viviendas;2022;1.492
TOTAL NACIONAL;5.3.2.-Robos con violencia en viviendas;2021;1.479
TOTAL NACIONAL;5.3.2.-Robos con violencia en viviendas;2020;1.351
TOTAL NACIONAL;5.3.2.-Robos con violencia en viviendas;2019;1.181
TOTAL NACIONAL;5.3.2.-Robos con violencia en viviendas;2018;1.154
TOTAL NACIONAL;5.3.3.-Robos con violencia en establecimientos;2024;5.609
TOTAL NACIONAL;5.3.3.-Robos con violencia en establecimientos;2023;5.101
TOTAL NACIONAL;5.3.3.-Robos con violencia en establecimientos;2022;4.508
TOTAL NACIONAL;5.3.3.-Robos con violencia en establecimientos;2021;3.644
TOTAL NACIONAL;5.3.3.-Robos con violencia en establecimientos;2020;3.558
TOTAL NACIONAL;5.3.3.-Robos con violencia en establecimientos;2019;3.129
TOTAL NACIONAL;5.3.3.-Robos con violencia en establecimientos;2018;2.954
TOTAL NACIONAL;5.4.-Sustracción de vehículos;2024;11.813
TOTAL NACIONAL;5.4.-Sustracción de vehículos;2023;10.854
TOTAL NACIONAL;5.4.-Sustracción de vehículos;2022;9.325
TOTAL NACIONAL;5.4.-Sustracción de vehículos;2021;7.893
TOTAL NACIONAL;5.4.-Sustracción de vehículos;2020;8.159
TOTAL NACIONAL;5.4.-Sustracción de vehículos;2019;10.981
TOTAL NACIONAL;5.4.-Sustracción de vehículos;2018;10.988
TOTAL NACIONAL;5.5.-Estafas;2024;75.283
TOTAL NACIONAL;5.5.-Estafas;2023;71.284
TOTAL NACIONAL;5.5.-Estafas;2022;63.046
TOTAL NACIONAL;5.5.-Estafas;2021;53.765
TOTAL NACIONAL;5.5.-Estafas;2020;46.601
TOTAL NACIONAL;5.5.-Estafas;2019;49.856
TOTAL NACIONAL;5.5.-Estafas;2018;46.091
TOTAL NACIONAL;5.5.1.-Estafas informáticas;2024;49.860
TOTAL NACIONAL;5.5.1.-Estafas informáticas;2023;47.029
TOTAL NACIONAL;5.5.1.-Estafas informáticas;2022;37.607
TOTAL NACIONAL;5.5.1.-Estafas informáticas;2021;32.085
TOTAL NACIONAL;5.5.1.-Estafas informáticas;2020;25.596
TOTAL NACIONAL;5.5.1.-Estafas informáticas;2019;18.712
TOTAL NACIONAL;5.5.1.-Estafas informáticas;2018;15.542
TOTAL NACIONAL;5.6.-Daños;2024;34.149
TOTAL NACIONAL;5.6.-Daños;2023;31.896
TOTAL NACIONAL;5.6.-Daños;2022;31.558
TOTAL NACIONAL;5.6.-Daños;2021;29.943
TOTAL NACIONAL;5.6.-Daños;2020;25.708
TOTAL NACIONAL;5.6.-Daños;2019;28.309
TOTAL NACIONAL;5.6.-Daños;2018;26.845
TOTAL NACIONAL;5.7.-Contra la propiedad intelectual/industrial;2024;1.621
TOTAL NACIONAL;5.7.-Contra la propiedad intelectual/industrial;2023;1.252
TOTAL NACIONAL;5.7.-Contra la propiedad intelectual/industrial;2022;1.068
TOTAL NACIONAL;5.7.-Contra la propiedad intelectual/industrial;2021;1.018
TOTAL NACIONAL;5.7.-Contra la propiedad intelectual/industrial;2020;792
TOTAL NACIONAL;5.7.-Contra la propiedad intelectual/industrial;2019;1.573
TOTAL NACIONAL;5.7.-Contra la propiedad intelectual/industrial;2018;2.020
TOTAL NACIONAL;5.8.-Blanqueo de capitales;2024;800
TOTAL NACIONAL;5.8.-Blanqueo de capitales;2023;510
TOTAL NACIONAL;5.8.-Blanqueo de capitales;2022;367
TOTAL NACIONAL;5.8.-Blanqueo de capitales;2021;311
TOTAL NACIONAL;5.8.-Blanqueo de capitales;2020;287
TOTAL NACIONAL;5.8.-Blanqueo de capitales;2019;265
TOTAL NACIONAL;5.8.-Blanqueo de capitales;2018;257
TOTAL NACIONAL;5.9.-Otros contra el patrimonio;2024;36.396
TOTAL NACIONAL;5.9.-Otros contra el patrimonio;2023;33.299
TOTAL NACIONAL;5.9.-Otros contra el patrimonio;2022;32.624
TOTAL NACIONAL;5.9.-Otros contra el patrimonio;2021;30.118
TOTAL NACIONAL;5.9.-Otros contra el patrimonio;2020;28.551
TOTAL NACIONAL;5.9.-Otros contra el patrimonio;2019;31.068
TOTAL NACIONAL;5.9.-Otros contra el patrimonio;2018;28.491
TOTAL NACIONAL;6. SEGURIDAD COLECTIVA;2024;71.202
TOTAL NACIONAL;6. SEGURIDAD COLECTIVA;2023;70.346
TOTAL NACIONAL;6. SEGURIDAD COLECTIVA;2022;68.559
TOTAL NACIONAL;6. SEGURIDAD COLECTIVA;2021;61.529
TOTAL NACIONAL;6. SEGURIDAD COLECTIVA;2020;54.163
TOTAL NACIONAL;6. SEGURIDAD COLECTIVA;2019;63.291
TOTAL NACIONAL;6. SEGURIDAD COLECTIVA;2018;59.223
TOTAL NACIONAL;6.1.-Tráfico de drogas;2024;19.362
TOTAL NACIONAL;6.1.-Tráfico de drogas;2023;18.947
TOTAL NACIONAL;6.1.-Tráfico de drogas;2022;16.629
TOTAL NACIONAL;6.1.-Tráfico de drogas;2021;15.631
TOTAL NACIONAL;6.1.-Tráfico de drogas;2020;14.717
TOTAL NACIONAL;6.1.-Tráfico de drogas;2019;15.191
TOTAL NACIONAL;6.1.-Tráfico de drogas;2018;13.140
TOTAL NACIONAL;6.2.-Contra la seguridad vial;2024;49.542
TOTAL NACIONAL;6.2.-Contra la seguridad vial;2023;49.678
TOTAL NACIONAL;6.2.-Contra la seguridad vial;2022;50.252
TOTAL NACIONAL;6.2.-Contra la seguridad vial;2021;44.553
TOTAL NACIONAL;6.2.-Contra la seguridad vial;2020;38.210
TOTAL NACIONAL;6.2.-Contra la seguridad vial;2019;46.622
TOTAL NACIONAL;6.2.-Contra la seguridad vial;2018;44.382
TOTAL NACIONAL;6.3.-Otros contra la seguridad colectiva;2024;2.298
TOTAL NACIONAL;6.3.-Otros contra la seguridad colectiva;2023;1.721
TOTAL NACIONAL;6.3.-Otros contra la seguridad colectiva;2022;1.678
TOTAL NACIONAL;6.3.-Otros contra la seguridad colectiva;2021;1.345
TOTAL NACIONAL;6.3.-Otros contra la seguridad colectiva;2020;1.236
TOTAL NACIONAL;6.3.-Otros contra la seguridad colectiva;2019;1.478
TOTAL NACIONAL;6.3.-Otros contra la seguridad colectiva;2018;1.701
TOTAL NACIONAL;7. FALSEDADES;2024;16.469
TOTAL NACIONAL;7. FALSEDADES;2023;15.783
TOTAL NACIONAL;7. FALSEDADES;2022;15.190
TOTAL NACIONAL;7. FALSEDADES;2021;14.417
TOTAL NACIONAL;7. FALSEDADES;2020;11.492
TOTAL NACIONAL;7. FALSEDADES;2019;14.629
TOTAL NACIONAL;7. FALSEDADES;2018;14.042
TOTAL NACIONAL;8. ADMÓN. PÚBLICA;2024;376
TOTAL NACIONAL;8. ADMÓN. PÚBLICA;2023;353
TOTAL NACIONAL;8. ADMÓN. PÚBLICA;2022;363
TOTAL NACIONAL;8. ADMÓN. PÚBLICA;2021;407
TOTAL NACIONAL;8. ADMÓN. PÚBLICA;2020;231
TOTAL NACIONAL;8. ADMÓN. PÚBLICA;2019;327
TOTAL NACIONAL;8. ADMÓN. PÚBLICA;2018;447
TOTAL NACIONAL;9. ADMÓN. JUSTICIA;2024;41.821
TOTAL NACIONAL;9. ADMÓN. JUSTICIA;2023;40.110
TOTAL NACIONAL;9. ADMÓN. JUSTICIA;2022;35.972
TOTAL NACIONAL;9. ADMÓN. JUSTICIA;2021;31.841
TOTAL NACIONAL;9. ADMÓN. JUSTICIA;2020;29.679
TOTAL NACIONAL;9. ADMÓN. JUSTICIA;2019;30.472
TOTAL NACIONAL;9. ADMÓN. JUSTICIA;2018;28.851
TOTAL NACIONAL;10. ORDEN PÚBLICO;2024;29.122
TOTAL NACIONAL;10. ORDEN PÚBLICO;2023;27.986
TOTAL NACIONAL;10. ORDEN PÚBLICO;2022;26.520
TOTAL NACIONAL;10. ORDEN PÚBLICO;2021;25.517
TOTAL NACIONAL;10. ORDEN PÚBLICO;2020;28.039
TOTAL NACIONAL;10. ORDEN PÚBLICO;2019;20.350
TOTAL NACIONAL;10. ORDEN PÚBLICO;2018;18.781
TOTAL NACIONAL;11. LEGISLACIÓN ESPECIAL;2024;396
TOTAL NACIONAL;11. LEGISLACIÓN ESPECIAL;2023;392
TOTAL NACIONAL;11. LEGISLACIÓN ESPECIAL;2022;287
TOTAL NACIONAL;11. LEGISLACIÓN ESPECIAL;2021;289
TOTAL NACIONAL;11. LEGISLACIÓN ESPECIAL;2020;270
TOTAL NACIONAL;11. LEGISLACIÓN ESPECIAL;2019;259
TOTAL NACIONAL;11. LEGISLACIÓN ESPECIAL;2018;193
TOTAL NACIONAL;12. OTRAS INFRACCIONES PENALES;2024;8.291
TOTAL NACIONAL;12. OTRAS INFRACCIONES PENALES;2023;8.178
TOTAL NACIONAL;12. OTRAS INFRACCIONES PENALES;2022;7.283
TOTAL NACIONAL;12. OTRAS INFRACCIONES PENALES;2021;7.117
TOTAL NACIONAL;12. OTRAS INFRACCIONES PENALES;2020;6.686
TOTAL NACIONAL;12. OTRAS INFRACCIONES PENALES;2019;7.058
TOTAL NACIONAL;12. OTRAS INFRACCIONES PENALES;2018;6.776
TOTAL NACIONAL;TOTAL INFRACCIONES PENALES;2024;888.405
TOTAL NACIONAL;TOTAL INFRACCIONES PENALES;2023;845.845
TOTAL NACIONAL;TOTAL INFRACCIONES PENALES;2022;771.302
TOTAL NACIONAL;TOTAL INFRACCIONES PENALES;2021;685.383
TOTAL NACIONAL;TOTAL INFRACCIONES PENALES;2020;616.665
TOTAL NACIONAL;TOTAL INFRACCIONES PENALES;2019;702.544
TOTAL NACIONAL;TOTAL INFRACCIONES PENALES;2018;673.594
ANDALUCÍA;1. CONTRA LAS PERSONAS;2024;42.254
ANDALUCÍA;1. CONTRA LAS PERSONAS;2023;40.910
ANDALUCÍA;1. CONTRA LAS PERSONAS;2022;38.080
ANDALUCÍA;1. CONTRA LAS PERSONAS;2021;33.685
ANDALUCÍA;1. CONTRA LAS PERSONAS;2020;30.706
ANDALUCÍA;1. CONTRA LAS PERSONAS;2019;33.503
ANDALUCÍA;1. CONTRA LAS PERSONAS;2018;31.872
ANDALUCÍA;1.1.-Homicidios dolosos/asesinatos;2024;326
ANDALUCÍA;1.1.-Homicidios dolosos/asesinatos;2023;337
ANDALUCÍA;1.1.-Homicidios dolosos/asesinatos;2022;329
ANDALUCÍA;1.1.-Homicidios dolosos/asesinatos;2021;264
ANDALUCÍA;1.1.-Homicidios dolosos/asesinatos;2020;297
ANDALUCÍA;1.1.-Homicidios dolosos/asesinatos;2019;225
ANDALUCÍA;1.1.-Homicidios dolosos/asesinatos;2018;244
ANDALUCÍA;1.1.1.-Homicidios dolosos/asesinatos consumados;2024;83
ANDALUCÍA;1.1.1.-Homicidios dolosos/asesinatos consumados;2023;61
ANDALUCÍA;1.1.1.-Homicidios dolosos/asesinatos consumados;2022;74
ANDALUCÍA;1.1.1.-Homicidios dolosos/asesinatos consumados;2021;50
ANDALUCÍA;1.1.1.-Homicidios dolosos/asesinatos consumados;2020;67
ANDALUCÍA;1.1.1.-Homicidios dolosos/asesinatos consumados;2019;75
ANDALUCÍA;1.1.1.-Homicidios dolosos/asesinatos consumados;2018;67
ANDALUCÍA;1.2.-Lesiones;2024;21.134
ANDALUCÍA;1.2.-Lesiones;2023;20.241
ANDALUCÍA;1.2.-Lesiones;2022;18.851
ANDALUCÍA;1.2.-Lesiones;2021;16.477
ANDALUCÍA;1.2.-Lesiones;2020;14.592
ANDALUCÍA;1.2.-Lesiones;2019;17.105
ANDALUCÍA;1.2.-Lesiones;2018;16.429
ANDALUCÍA;1.3.-Malos tratos ámbito familiar;2024;19.698
ANDALUCÍA;1.3.-Malos tratos ámbito familiar;2023;19.378
ANDALUCÍA;1.3.-Malos tratos ámbito familiar;2022;18.153
ANDALUCÍA;1.3.-Malos tratos ámbito familiar;2021;16.350
ANDALUCÍA;1.3.-Malos tratos ámbito familiar;2020;15.269
ANDALUCÍA;1.3.-Malos tratos ámbito familiar;2019;15.524
ANDALUCÍA;1.3.-Malos tratos ámbito familiar;2018;14.542
ANDALUCÍA;1.4.-Otros contra las personas;2024;1.096
ANDALUCÍA;1.4.-Otros contra las personas;2023;954
ANDALUCÍA;1.4.-Otros contra las personas;2022;747
ANDALUCÍA;1.4.-Otros contra las personas;2021;594
ANDALUCÍA;1.4.-Otros contra las personas;2020;548
ANDALUCÍA;1.4.-Otros contra las personas;2019;649
ANDALUCÍA;1.4.-Otros contra las personas;2018;657
ANDALUCÍA;2. CONTRA LA LIBERTAD;2024;27.726
ANDALUCÍA;2. CONTRA LA LIBERTAD;2023;26.310
ANDALUCÍA;2. CONTRA LA LIBERTAD;2022;22.674
ANDALUCÍA;2. CONTRA LA LIBERTAD;2021;21.927
ANDALUCÍA;2. CONTRA LA LIBERTAD;2020;21.092
ANDALUCÍA;2. CONTRA LA LIBERTAD;2019;21.205
ANDALUCÍA;2. CONTRA LA LIBERTAD;2018;20.209
ANDALUCÍA;2.1.-Malos tratos habituales en el ámbito familiar;2024;2.933
ANDALUCÍA;2.1.-Malos tratos habituales en el ámbito familiar;2023;3.008
ANDALUCÍA;2.1.-Malos tratos habituales en el ámbito familiar;2022;2.850
ANDALUCÍA;2.1.-Malos tratos habituales en el ámbito familiar;2021;2.816
ANDALUCÍA;2.1.-Malos tratos habituales en el ámbito familiar;2020;2.724
ANDALUCÍA;2.1.-Malos tratos habituales en el ámbito familiar;2019;2.758
ANDALUCÍA;2.1.-Malos tratos habituales en el ámbito familiar;2018;2.681
ANDALUCÍA;2.2.-Otros contra la libertad;2024;24.793
ANDALUCÍA;2.2.-Otros contra la libertad;2023;23.302
ANDALUCÍA;2.2.-Otros contra la libertad;2022;19.824
ANDALUCÍA;2.2.-Otros contra la libertad;2021;19.111
ANDALUCÍA;2.2.-Otros contra la libertad;2020;18.368
ANDALUCÍA;2.2.-Otros contra la libertad;2019;18.447
ANDALUCÍA;2.2.-Otros contra la libertad;2018;17.528
ANDALUCÍA;3. LIBERTAD SEXUAL;2024;2.959
ANDALUCÍA;3. LIBERTAD SEXUAL;2023;2.890
ANDALUCÍA;3. LIBERTAD SEXUAL;2022;2.457
ANDALUCÍA;3. LIBERTAD SEXUAL;2021;2.202
ANDALUCÍA;3. LIBERTAD SEXUAL;2020;1.824
ANDALUCÍA;3. LIBERTAD SEXUAL;2019;2.068
ANDALUCÍA;3. LIBERTAD SEXUAL;2018;1.909
ANDALUCÍA;3.1.-Agresión sexual;2024;1.877
ANDALUCÍA;3.1.-Agresión sexual;2023;1.713
ANDALUCÍA;3.1.-Agresión sexual;2022;1.589
ANDALUCÍA;3.1.-Agresión sexual;2021;1.386
ANDALUCÍA;3.1.-Agresión sexual;2020;1.083
ANDALUCÍA;3.1.-Agresión sexual;2019;1.244
ANDALUCÍA;3.1.-Agresión sexual;2018;1.181
ANDALUCÍA;3.2.-Agresión sexual con penetración;2024;557
ANDALUCÍA;3.2.-Agresión sexual con penetración;2023;537
ANDALUCÍA;3.2.-Agresión sexual con penetración;2022;439
ANDALUCÍA;3.2.-Agresión sexual con penetración;2021;394
ANDALUCÍA;3.2.-Agresión sexual con penetración;2020;332
ANDALUCÍA;3.2.-Agresión sexual con penetración;2019;354
ANDALUCÍA;3.2.-Agresión sexual con penetración;2018;284
ANDALUCÍA;3.3.-Corrupción de menores o incapacitados;2024;41
ANDALUCÍA;3.3.-Corrupción de menores o incapacitados;2023;59
ANDALUCÍA;3.3.-Corrupción de menores o incapacitados;2022;51
ANDALUCÍA;3.3.-Corrupción de menores o incapacitados;2021;42
ANDALUCÍA;3.3.-Corrupción de menores o incapacitados;2020;53
ANDALUCÍA;3.3.-Corrupción de menores o incapacitados;2019;66
ANDALUCÍA;3.3.-Corrupción de menores o incapacitados;2018;51
ANDALUCÍA;3.4.-Pornografía de menores;2024;123
ANDALUCÍA;3.4.-Pornografía de menores;2023;111
ANDALUCÍA;3.4.-Pornografía de menores;2022;82
ANDALUCÍA;3.4.-Pornografía de menores;2021;94
ANDALUCÍA;3.4.-Pornografía de menores;2020;105
ANDALUCÍA;3.4.-Pornografía de menores;2019;100
ANDALUCÍA;3.4.-Pornografía de menores;2018;121
ANDALUCÍA;3.5.-Otros contra la libertad sexual;2024;361
ANDALUCÍA;3.5.-Otros contra la libertad sexual;2023;470
ANDALUCÍA;3.5.-Otros contra la libertad sexual;2022;296
ANDALUCÍA;3.5.-Otros contra la libertad sexual;2021;286
ANDALUCÍA;3.5.-Otros contra la libertad sexual;2020;251
ANDALUCÍA;3.5.-Otros contra la libertad sexual;2019;304
ANDALUCÍA;3.5.-Otros contra la libertad sexual;2018;272
ANDALUCÍA;4. RELACIONES FAMILIARES;2024;1.615
ANDALUCÍA;4. RELACIONES FAMILIARES;2023;1.609
ANDALUCÍA;4. RELACIONES FAMILIARES;2022;1.488
ANDALUCÍA;4. RELACIONES FAMILIARES;2021;1.529
ANDALUCÍA;4. RELACIONES FAMILIARES;2020;1.428
ANDALUCÍA;4. RELACIONES FAMILIARES;2019;1.451
ANDALUCÍA;4. RELACIONES FAMILIARES;2018;1.456
ANDALUCÍA;5. PATRIMONIO;2024;65.548
ANDALUCÍA;5. PATRIMONIO;2023;64.297
ANDALUCÍA;5. PATRIMONIO;2022;56.923
ANDALUCÍA;5. PATRIMONIO;2021;49.028
ANDALUCÍA;5. PATRIMONIO;2020;43.658
ANDALUCÍA;5. PATRIMONIO;2019;51.761
ANDALUCÍA;5. PATRIMONIO;2018;51.256
ANDALUCÍA;5.1.-Hurtos;2024;22.605
ANDALUCÍA;5.1.-Hurtos;2023;22.455
ANDALUCÍA;5.1.-Hurtos;2022;18.910
ANDALUCÍA;5.1.-Hurtos;2021;15.117
ANDALUCÍA;5.1.-Hurtos;2020;12.869
ANDALUCÍA;5.1.-Hurtos;2019;18.160
ANDALUCÍA;5.1.-Hurtos;2018;18.258
ANDALUCÍA;5.2.-Robos con fuerza en las cosas;2024;8.228
ANDALUCÍA;5.2.-Robos con fuerza en las cosas;2023;8.774
ANDALUCÍA;5.2.-Robos con fuerza en las cosas;2022;7.755
ANDALUCÍA;5.2.-Robos con fuerza en las cosas;2021;6.969
ANDALUCÍA;5.2.-Robos con fuerza en las cosas;2020;6.465
ANDALUCÍA;5.2.-Robos con fuerza en las cosas;2019;7.476
ANDALUCÍA;5.2.-Robos con fuerza en las cosas;2018;8.228
ANDALUCÍA;5.2.1.-Robos con fuerza en las cosas en el interior de vehículos;2024;2.077
ANDALUCÍA;5.2.1.-Robos con fuerza en las cosas en el interior de vehículos;2023;2.331
ANDALUCÍA;5.2.1.-Robos con fuerza en las cosas en el interior de vehículos;2022;2.033
ANDALUCÍA;5.2.1.-Robos con fuerza en las cosas en el interior de vehículos;2021;1.797
ANDALUCÍA;5.2.1.-Robos con fuerza en las cosas en el interior de vehículos;2020;1.543
ANDALUCÍA;5.2.1.-Robos con fuerza en las cosas en el interior de vehículos;2019;1.701
ANDALUCÍA;5.2.1.-Robos con fuerza en las cosas en el interior de vehículos;2018;2.043
ANDALUCÍA;5.2.2.-Robos con fuerza en viviendas;2024;2.627
ANDALUCÍA;5.2.2.-Robos con fuerza en viviendas;2023;2.641
ANDALUCÍA;5.2.2.-Robos con fuerza en viviendas;2022;2.518
ANDALUCÍA;5.2.2.-Robos con fuerza en viviendas;2021;2.297
ANDALUCÍA;5.2.2.-Robos con fuerza en viviendas;2020;2.162
ANDALUCÍA;5.2.2.-Robos con fuerza en viviendas;2019;2.551
ANDALUCÍA;5.2.2.-Robos con fuerza en viviendas;2018;2.797
ANDALUCÍA;5.2.3.-Robos con fuerza en establecimientos;2024;1.896
ANDALUCÍA;5.2.3.-Robos con fuerza en establecimientos;2023;2.089
ANDALUCÍA;5.2.3.-Robos con fuerza en establecimientos;2022;1.731
ANDALUCÍA;5.2.3.-Robos con fuerza en establecimientos;2021;1.565
ANDALUCÍA;5.2.3.-Robos con fuerza en establecimientos;2020;1.556
ANDALUCÍA;5.2.3.-Robos con fuerza en establecimientos;2019;1.814
ANDALUCÍA;5.2.3.-Robos con fuerza en establecimientos;2018;1.958
ANDALUCÍA;5.3.-Robos con violencia o intimidación;2024;3.413
ANDALUCÍA;5.3.-Robos con violencia o intimidación;2023;3.367
ANDALUCÍA;5.3.-Robos con violencia o intimidación;2022;3.169
ANDALUCÍA;5.3.-Robos con violencia o intimidación;2021;2.631
ANDALUCÍA;5.3.-Robos con violencia o intimidación;2020;2.462
ANDALUCÍA;5.3.-Robos con violencia o intimidación;2019;3.013
ANDALUCÍA;5.3.-Robos con violencia o intimidación;2018;2.811
ANDALUCÍA;5.3.1.-Robos con violencia en vía pública;2024;1.860
ANDALUCÍA;5.3.1.-Robos con violencia en vía pública;2023;1.862
ANDALUCÍA;5.3.1.-Robos con violencia en vía pública;2022;1.849
ANDALUCÍA;5.3.1.-Robos con violencia en vía pública;2021;1.542
ANDALUCÍA;5.3.1.-Robos con violencia en vía pública;2020;1.303
ANDALUCÍA;5.3.1.-Robos con violencia en vía pública;2019;1.647
ANDALUCÍA;5.3.1.-Robos con violencia en vía pública;2018;1.454
ANDALUCÍA;5.3.2.-Robos con violencia en viviendas;2024;403
ANDALUCÍA;5.3.2.-Robos con violencia en viviendas;2023;345
ANDALUCÍA;5.3.2.-Robos con violencia en viviendas;2022;323
ANDALUCÍA;5.3.2.-Robos con violencia en viviendas;2021;319
ANDALUCÍA;5.3.2.-Robos con violencia en viviendas;2020;267
ANDALUCÍA;5.3.2.-Robos con violencia en viviendas;2019;309
ANDALUCÍA;5.3.2.-Robos con violencia en viviendas;2018;332
ANDALUCÍA;5.3.3.-Robos con violencia en establecimientos;2024;823
ANDALUCÍA;5.3.3.-Robos con violencia en establecimientos;2023;831
ANDALUCÍA;5.3.3.-Robos con violencia en establecimientos;2022;703
ANDALUCÍA;5.3.3.-Robos con violencia en establecimientos;2021;552
ANDALUCÍA;5.3.3.-Robos con violencia en establecimientos;2020;663
ANDALUCÍA;5.3.3.-Robos con violencia en establecimientos;2019;755
ANDALUCÍA;5.3.3.-Robos con violencia en establecimientos;2018;707
ANDALUCÍA;5.4.-Sustracción de vehículos;2024;2.248
ANDALUCÍA;5.4.-Sustracción de vehículos;2023;1.870
ANDALUCÍA;5.4.-Sustracción de vehículos;2022;1.678
ANDALUCÍA;5.4.-Sustracción de vehículos;2021;1.532
ANDALUCÍA;5.4.-Sustracción de vehículos;2020;1.433
ANDALUCÍA;5.4.-Sustracción de vehículos;2019;1.758
ANDALUCÍA;5.4.-Sustracción de vehículos;2018;1.699
ANDALUCÍA;5.5.-Estafas;2024;15.206
ANDALUCÍA;5.5.-Estafas;2023;14.457
ANDALUCÍA;5.5.-Estafas;2022;12.370
ANDALUCÍA;5.5.-Estafas;2021;10.664
ANDALUCÍA;5.5.-Estafas;2020;9.318
ANDALUCÍA;5.5.-Estafas;2019;9.422
ANDALUCÍA;5.5.-Estafas;2018;8.720
ANDALUCÍA;5.5.1.-Estafas informáticas;2024;10.326
ANDALUCÍA;5.5.1.-Estafas informáticas;2023;9.841
ANDALUCÍA;5.5.1.-Estafas informáticas;2022;7.213
ANDALUCÍA;5.5.1.-Estafas informáticas;2021;6.171
ANDALUCÍA;5.5.1.-Estafas informáticas;2020;5.180
ANDALUCÍA;5.5.1.-Estafas informáticas;2019;3.958
ANDALUCÍA;5.5.1.-Estafas informáticas;2018;3.064
ANDALUCÍA;5.6.-Daños;2024;6.657
ANDALUCÍA;5.6.-Daños;2023;6.394
ANDALUCÍA;5.6.-Daños;2022;6.038
ANDALUCÍA;5.6.-Daños;2021;5.803
ANDALUCÍA;5.6.-Daños;2020;5.174
ANDALUCÍA;5.6.-Daños;2019;5.468
ANDALUCÍA;5.6.-Daños;2018;5.141
ANDALUCÍA;5.7.-Contra la propiedad intelectual/industrial;2024;396
ANDALUCÍA;5.7.-Contra la propiedad intelectual/industrial;2023;316
ANDALUCÍA;5.7.-Contra la propiedad intelectual/industrial;2022;162
ANDALUCÍA;5.7.-Contra la propiedad intelectual/industrial;2021;199
ANDALUCÍA;5.7.-Contra la propiedad intelectual/industrial;2020;224
ANDALUCÍA;5.7.-Contra la propiedad intelectual/industrial;2019;418
ANDALUCÍA;5.7.-Contra la propiedad intelectual/industrial;2018;543
ANDALUCÍA;5.8.-Blanqueo de capitales;2024;159
ANDALUCÍA;5.8.-Blanqueo de capitales;2023;107
ANDALUCÍA;5.8.-Blanqueo de capitales;2022;95
ANDALUCÍA;5.8.-Blanqueo de capitales;2021;80
ANDALUCÍA;5.8.-Blanqueo de capitales;2020;66
ANDALUCÍA;5.8.-Blanqueo de capitales;2019;81
ANDALUCÍA;5.8.-Blanqueo de capitales;2018;80
ANDALUCÍA;5.9.-Otros contra el patrimonio;2024;6.636
ANDALUCÍA;5.9.-Otros contra el patrimonio;2023;6.557
ANDALUCÍA;5.9.-Otros contra el patrimonio;2022;6.746
ANDALUCÍA;5.9.-Otros contra el patrimonio;2021;6.033
ANDALUCÍA;5.9.-Otros contra el patrimonio;2020;5.647
ANDALUCÍA;5.9.-Otros contra el patrimonio;2019;5.965
ANDALUCÍA;5.9.-Otros contra el patrimonio;2018;5.776
ANDALUCÍA;6. SEGURIDAD COLECTIVA;2024;14.911
ANDALUCÍA;6. SEGURIDAD COLECTIVA;2023;15.349
ANDALUCÍA;6. SEGURIDAD COLECTIVA;2022;15.101
ANDALUCÍA;6. SEGURIDAD COLECTIVA;2021;14.422
ANDALUCÍA;6. SEGURIDAD COLECTIVA;2020;13.322
ANDALUCÍA;6. SEGURIDAD COLECTIVA;2019;14.283
ANDALUCÍA;6. SEGURIDAD COLECTIVA;2018;13.201
ANDALUCÍA;6.1.-Tráfico de drogas;2024;3.946
ANDALUCÍA;6.1.-Tráfico de drogas;2023;4.314
ANDALUCÍA;6.1.-Tráfico de drogas;2022;4.087
ANDALUCÍA;6.1.-Tráfico de drogas;2021;4.238
ANDALUCÍA;6.1.-Tráfico de drogas;2020;4.183
ANDALUCÍA;6.1.-Tráfico de drogas;2019;3.983
ANDALUCÍA;6.1.-Tráfico de drogas;2018;3.422
ANDALUCÍA;6.2.-Contra la seguridad vial;2024;10.483
ANDALUCÍA;6.2.-Contra la seguridad vial;2023;10.708
ANDALUCÍA;6.2.-Contra la seguridad vial;2022;10.654
ANDALUCÍA;6.2.-Contra la seguridad vial;2021;9.858
ANDALUCÍA;6.2.-Contra la seguridad vial;2020;8.826
ANDALUCÍA;6.2.-Contra la seguridad vial;2019;9.988
ANDALUCÍA;6.2.-Contra la seguridad vial;2018;9.460
ANDALUCÍA;6.3.-Otros contra la seguridad colectiva;2024;482
ANDALUCÍA;6.3.-Otros contra la seguridad colectiva;2023;327
ANDALUCÍA;6.3.-Otros contra la seguridad colectiva;2022;360
ANDALUCÍA;6.3.-Otros contra la seguridad colectiva;2021;326
ANDALUCÍA;6.3.-Otros contra la seguridad colectiva;2020;313
ANDALUCÍA;6.3.-Otros contra la seguridad colectiva;2019;312
ANDALUCÍA;6.3.-Otros contra la seguridad colectiva;2018;319
ANDALUCÍA;7. FALSEDADES;2024;3.051
ANDALUCÍA;7. FALSEDADES;2023;3.035
ANDALUCÍA;7. FALSEDADES;2022;2.799
ANDALUCÍA;7. FALSEDADES;2021;2.614
ANDALUCÍA;7. FALSEDADES;2020;2.122
ANDALUCÍA;7. FALSEDADES;2019;2.303
ANDALUCÍA;7. FALSEDADES;2018;2.333
ANDALUCÍA;8. ADMÓN. PÚBLICA;2024;75
ANDALUCÍA;8. ADMÓN. PÚBLICA;2023;79
ANDALUCÍA;8. ADMÓN. PÚBLICA;2022;68
ANDALUCÍA;8. ADMÓN. PÚBLICA;2021;62
ANDALUCÍA;8. ADMÓN. PÚBLICA;2020;54
ANDALUCÍA;8. ADMÓN. PÚBLICA;2019;84
ANDALUCÍA;8. ADMÓN. PÚBLICA;2018;109
ANDALUCÍA;9. ADMÓN. JUSTICIA;2024;8.745
ANDALUCÍA;9. ADMÓN. JUSTICIA;2023;8.706
ANDALUCÍA;9. ADMÓN. JUSTICIA;2022;7.544
ANDALUCÍA;9. ADMÓN. JUSTICIA;2021;6.697
ANDALUCÍA;9. ADMÓN. JUSTICIA;2020;6.625
ANDALUCÍA;9. ADMÓN. JUSTICIA;2019;6.708
ANDALUCÍA;9. ADMÓN. JUSTICIA;2018;6.422
ANDALUCÍA;10. ORDEN PÚBLICO;2024;5.455
ANDALUCÍA;10. ORDEN PÚBLICO;2023;5.321
ANDALUCÍA;10. ORDEN PÚBLICO;2022;4.964
ANDALUCÍA;10. ORDEN PÚBLICO;2021;4.776
ANDALUCÍA;10. ORDEN PÚBLICO;2020;5.675
ANDALUCÍA;10. ORDEN PÚBLICO;2019;4.057
ANDALUCÍA;10. ORDEN PÚBLICO;2018;3.765
ANDALUCÍA;11. LEGISLACIÓN ESPECIAL;2024;168
ANDALUCÍA;11. LEGISLACIÓN ESPECIAL;2023;119
ANDALUCÍA;11. LEGISLACIÓN ESPECIAL;2022;184
ANDALUCÍA;11. LEGISLACIÓN ESPECIAL;2021;201
ANDALUCÍA;11. LEGISLACIÓN ESPECIAL;2020;196
ANDALUCÍA;11. LEGISLACIÓN ESPECIAL;2019;169
ANDALUCÍA;11. LEGISLACIÓN ESPECIAL;2018;124
ANDALUCÍA;12. OTRAS INFRACCIONES PENALES;2024;2.170
ANDALUCÍA;12. OTRAS INFRACCIONES PENALES;2023;2.138
ANDALUCÍA;12. OTRAS INFRACCIONES PENALES;2022;1.829
ANDALUCÍA;12. OTRAS INFRACCIONES PENALES;2021;2.068
ANDALUCÍA;12. OTRAS INFRACCIONES PENALES;2020;1.909
ANDALUCÍA;12. OTRAS INFRACCIONES PENALES;2019;1.858
ANDALUCÍA;12. OTRAS INFRACCIONES PENALES;2018;1.708
ANDALUCÍA;TOTAL INFRACCIONES PENALES;2024;174.677
ANDALUCÍA;TOTAL INFRACCIONES PENALES;2023;170.763
ANDALUCÍA;TOTAL INFRACCIONES PENALES;2022;154.111
ANDALUCÍA;TOTAL INFRACCIONES PENALES;2021;139.211
ANDALUCÍA;TOTAL INFRACCIONES PENALES;2020;128.611
ANDALUCÍA;TOTAL INFRACCIONES PENALES;2019;139.450
ANDALUCÍA;TOTAL INFRACCIONES PENALES;2018;134.364
ARAGÓN;1. CONTRA LAS PERSONAS;2024;5.809
ARAGÓN;1. CONTRA LAS PERSONAS;2023;5.500
ARAGÓN;1. CONTRA LAS PERSONAS;2022;5.087
ARAGÓN;1. CONTRA LAS PERSONAS;2021;4.071
ARAGÓN;1. CONTRA LAS PERSONAS;2020;3.780
ARAGÓN;1. CONTRA LAS PERSONAS;2019;4.264
ARAGÓN;1. CONTRA LAS PERSONAS;2018;4.094
ARAGÓN;1.1.-Homicidios dolosos/asesinatos;2024;35
ARAGÓN;1.1.-Homicidios dolosos/asesinatos;2023;46
ARAGÓN;1.1.-Homicidios dolosos/asesinatos;2022;37
ARAGÓN;1.1.-Homicidios dolosos/asesinatos;2021;17
ARAGÓN;1.1.-Homicidios dolosos/asesinatos;2020;40
ARAGÓN;1.1.-Homicidios dolosos/asesinatos;2019;16
ARAGÓN;1.1.-Homicidios dolosos/asesinatos;2018;14
ARAGÓN;1.1.1.-Homicidios dolosos/asesinatos consumados;2024;7
ARAGÓN;1.1.1.-Homicidios dolosos/asesinatos consumados;2023;8
ARAGÓN;1.1.1.-Homicidios dolosos/asesinatos consumados;2022;10
ARAGÓN;1.1.1.-Homicidios dolosos/asesinatos consumados;2021;5
ARAGÓN;1.1.1.-Homicidios dolosos/asesinatos consumados;2020;4
ARAGÓN;1.1.1.-Homicidios dolosos/asesinatos consumados;2019;7
ARAGÓN;1.1.1.-Homicidios dolosos/asesinatos consumados;2018;7
ARAGÓN;1.2.-Lesiones;2024;2.414
ARAGÓN;1.2.-Lesiones;2023;2.397
ARAGÓN;1.2.-Lesiones;2022;2.335
ARAGÓN;1.2.-Lesiones;2021;1.798
ARAGÓN;1.2.-Lesiones;2020;1.524
ARAGÓN;1.2.-Lesiones;2019;1.938
ARAGÓN;1.2.-Lesiones;2018;1.903
ARAGÓN;1.3.-Malos tratos ámbito familiar;2024;3.245
ARAGÓN;1.3.-Malos tratos ámbito familiar;2023;2.958
ARAGÓN;1.3.-Malos tratos ámbito familiar;2022;2.628
ARAGÓN;1.3.-Malos tratos ámbito familiar;2021;2.164
ARAGÓN;1.3.-Malos tratos ámbito familiar;2020;2.146
ARAGÓN;1.3.-Malos tratos ámbito familiar;2019;2.229
ARAGÓN;1.3.-Malos tratos ámbito familiar;2018;2.077
ARAGÓN;1.4.-Otros contra las personas;2024;115
ARAGÓN;1.4.-Otros contra las personas;2023;99
ARAGÓN;1.4.-Otros contra las personas;2022;87
ARAGÓN;1.4.-Otros contra las personas;2021;92
ARAGÓN;1.4.-Otros contra las personas;2020;70
ARAGÓN;1.4.-Otros contra las personas;2019;81
ARAGÓN;1.4.-Otros contra las personas;2018;100
ARAGÓN;2. CONTRA LA LIBERTAD;2024;2.603
ARAGÓN;2. CONTRA LA LIBERTAD;2023;2.519
ARAGÓN;2. CONTRA LA LIBERTAD;2022;2.179
ARAGÓN;2. CONTRA LA LIBERTAD;2021;2.140
ARAGÓN;2. CONTRA LA LIBERTAD;2020;1.966
ARAGÓN;2. CONTRA LA LIBERTAD;2019;1.928
ARAGÓN;2. CONTRA LA LIBERTAD;2018;1.875
ARAGÓN;2.1.-Malos tratos habituales en el ámbito familiar;2024;293
ARAGÓN;2.1.-Malos tratos habituales en el ámbito familiar;2023;300
ARAGÓN;2.1.-Malos tratos habituales en el ámbito familiar;2022;278
ARAGÓN;2.1.-Malos tratos habituales en el ámbito familiar;2021;305
ARAGÓN;2.1.-Malos tratos habituales en el ámbito familiar;2020;302
ARAGÓN;2.1.-Malos tratos habituales en el ámbito familiar;2019;281
ARAGÓN;2.1.-Malos tratos habituales en el ámbito familiar;2018;271
ARAGÓN;2.2.-Otros contra la libertad;2024;2.310
ARAGÓN;2.2.-Otros contra la libertad;2023;2.219
ARAGÓN;2.2.-Otros contra la libertad;2022;1.901
ARAGÓN;2.2.-Otros contra la libertad;2021;1.835
ARAGÓN;2.2.-Otros contra la libertad;2020;1.664
ARAGÓN;2.2.-Otros contra la libertad;2019;1.647
ARAGÓN;2.2.-Otros contra la libertad;2018;1.604
ARAGÓN;3. LIBERTAD SEXUAL;2024;402
ARAGÓN;3. LIBERTAD SEXUAL;2023;409
ARAGÓN;3. LIBERTAD SEXUAL;2022;369
ARAGÓN;3. LIBERTAD SEXUAL;2021;384
ARAGÓN;3. LIBERTAD SEXUAL;2020;272
ARAGÓN;3. LIBERTAD SEXUAL;2019;267
ARAGÓN;3. LIBERTAD SEXUAL;2018;272
ARAGÓN;3.1.-Agresión sexual;2024;263
ARAGÓN;3.1.-Agresión sexual;2023;263
ARAGÓN;3.1.-Agresión sexual;2022;215
ARAGÓN;3.1.-Agresión sexual;2021;221
ARAGÓN;3.1.-Agresión sexual;2020;148
ARAGÓN;3.1.-Agresión sexual;2019;176
ARAGÓN;3.1.-Agresión sexual;2018;157
ARAGÓN;3.2.-Agresión sexual con penetración;2024;81
ARAGÓN;3.2.-Agresión sexual con penetración;2023;82
ARAGÓN;3.2.-Agresión sexual con penetración;2022;82
ARAGÓN;3.2.-Agresión sexual con penetración;2021;95
ARAGÓN;3.2.-Agresión sexual con penetración;2020;60
ARAGÓN;3.2.-Agresión sexual con penetración;2019;39
ARAGÓN;3.2.-Agresión sexual con penetración;2018;51
ARAGÓN;3.3.-Corrupción de menores o incapacitados;2024;10
ARAGÓN;3.3.-Corrupción de menores o incapacitados;2023;6
ARAGÓN;3.3.-Corrupción de menores o incapacitados;2022;10
ARAGÓN;3.3.-Corrupción de menores o incapacitados;2021;8
ARAGÓN;3.3.-Corrupción de menores o incapacitados;2020;7
ARAGÓN;3.3.-Corrupción de menores o incapacitados;2019;9
ARAGÓN;3.3.-Corrupción de menores o incapacitados;2018;6
ARAGÓN;3.4.-Pornografía de menores;2024;12
ARAGÓN;3.4.-Pornografía de menores;2023;19
ARAGÓN;3.4.-Pornografía de menores;2022;16
ARAGÓN;3.4.-Pornografía de menores;2021;21
ARAGÓN;3.4.-Pornografía de menores;2020;12
ARAGÓN;3.4.-Pornografía de menores;2019;15
ARAGÓN;3.4.-Pornografía de menores;2018;24
ARAGÓN;3.5.-Otros contra la libertad sexual;2024;36
ARAGÓN;3.5.-Otros contra la libertad sexual;2023;39
ARAGÓN;3.5.-Otros contra la libertad sexual;2022;46
ARAGÓN;3.5.-Otros contra la libertad sexual;2021;39
ARAGÓN;3.5.-Otros contra la libertad sexual;2020;45
ARAGÓN;3.5.-Otros contra la libertad sexual;2019;28
ARAGÓN;3.5.-Otros contra la libertad sexual;2018;34
ARAGÓN;4. RELACIONES FAMILIARES;2024;185
ARAGÓN;4. RELACIONES FAMILIARES;2023;161
ARAGÓN;4. RELACIONES FAMILIARES;2022;182
ARAGÓN;4. RELACIONES FAMILIARES;2021;151
ARAGÓN;4. RELACIONES FAMILIARES;2020;147
ARAGÓN;4. RELACIONES FAMILIARES;2019;152
ARAGÓN;4. RELACIONES FAMILIARES;2018;172
ARAGÓN;5. PATRIMONIO;2024;8.702
ARAGÓN;5. PATRIMONIO;2023;7.686
ARAGÓN;5. PATRIMONIO;2022;7.171
ARAGÓN;5. PATRIMONIO;2021;6.273
ARAGÓN;5. PATRIMONIO;2020;5.265
ARAGÓN;5. PATRIMONIO;2019;6.140
ARAGÓN;5. PATRIMONIO;2018;6.098
ARAGÓN;5.1.-Hurtos;2024;3.378
ARAGÓN;5.1.-Hurtos;2023;2.848
ARAGÓN;5.1.-Hurtos;2022;2.564
ARAGÓN;5.1.-Hurtos;2021;2.150
ARAGÓN;5.1.-Hurtos;2020;1.731
ARAGÓN;5.1.-Hurtos;2019;2.387
ARAGÓN;5.1.-Hurtos;2018;2.504
ARAGÓN;5.2.-Robos con fuerza en las cosas;2024;983
ARAGÓN;5.2.-Robos con fuerza en las cosas;2023;909
ARAGÓN;5.2.-Robos con fuerza en las cosas;2022;900
ARAGÓN;5.2.-Robos con fuerza en las cosas;2021;788
ARAGÓN;5.2.-Robos con fuerza en las cosas;2020;795
ARAGÓN;5.2.-Robos con fuerza en las cosas;2019;825
ARAGÓN;5.2.-Robos con fuerza en las cosas;2018;732
ARAGÓN;5.2.1.-Robos con fuerza en las cosas en el interior de vehículos;2024;152
ARAGÓN;5.2.1.-Robos con fuerza en las cosas en el interior de vehículos;2023;152
ARAGÓN;5.2.1.-Robos con fuerza en las cosas en el interior de vehículos;2022;125
ARAGÓN;5.2.1.-Robos con fuerza en las cosas en el interior de vehículos;2021;127
ARAGÓN;5.2.1.-Robos con fuerza en las cosas en el interior de vehículos;2020;123
ARAGÓN;5.2.1.-Robos con fuerza en las cosas en el interior de vehículos;2019;123
ARAGÓN;5.2.1.-Robos con fuerza en las cosas en el interior de vehículos;2018;99
ARAGÓN;5.2.2.-Robos con fuerza en viviendas;2024;311
ARAGÓN;5.2.2.-Robos con fuerza en viviendas;2023;299
ARAGÓN;5.2.2.-Robos con fuerza en viviendas;2022;240
ARAGÓN;5.2.2.-Robos con fuerza en viviendas;2021;228
ARAGÓN;5.2.2.-Robos con fuerza en viviendas;2020;251
ARAGÓN;5.2.2.-Robos con fuerza en viviendas;2019;272
ARAGÓN;5.2.2.-Robos con fuerza en viviendas;2018;318
ARAGÓN;5.2.3.-Robos con fuerza en establecimientos;2024;236
ARAGÓN;5.2.3.-Robos con fuerza en establecimientos;2023;206
ARAGÓN;5.2.3.-Robos con fuerza en establecimientos;2022;305
ARAGÓN;5.2.3.-Robos con fuerza en establecimientos;2021;212
ARAGÓN;5.2.3.-Robos con fuerza en establecimientos;2020;274
ARAGÓN;5.2.3.-Robos con fuerza en establecimientos;2019;188
ARAGÓN;5.2.3.-Robos con fuerza en establecimientos;2018;125
ARAGÓN;5.3.-Robos con violencia o intimidación;2024;686
ARAGÓN;5.3.-Robos con violencia o intimidación;2023;514
ARAGÓN;5.3.-Robos con violencia o intimidación;2022;569
ARAGÓN;5.3.-Robos con violencia o intimidación;2021;458
ARAGÓN;5.3.-Robos con violencia o intimidación;2020;369
ARAGÓN;5.3.-Robos con violencia o intimidación;2019;397
ARAGÓN;5.3.-Robos con violencia o intimidación;2018;368
ARAGÓN;5.3.1.-Robos con violencia en vía pública;2024;406
ARAGÓN;5.3.1.-Robos con violencia en vía pública;2023;301
ARAGÓN;5.3.1.-Robos con violencia en vía pública;2022;354
ARAGÓN;5.3.1.-Robos con violencia en vía pública;2021;249
ARAGÓN;5.3.1.-Robos con violencia en vía pública;2020;212
ARAGÓN;5.3.1.-Robos con violencia en vía pública;2019;219
ARAGÓN;5.3.1.-Robos con violencia en vía pública;2018;200
ARAGÓN;5.3.2.-Robos con violencia en viviendas;2024;47
ARAGÓN;5.3.2.-Robos con violencia en viviendas;2023;29
ARAGÓN;5.3.2.-Robos con violencia en viviendas;2022;30
ARAGÓN;5.3.2.-Robos con violencia en viviendas;2021;31
ARAGÓN;5.3.2.-Robos con violencia en viviendas;2020;16
ARAGÓN;5.3.2.-Robos con violencia en viviendas;2019;20
ARAGÓN;5.3.2.-Robos con violencia en viviendas;2018;23
ARAGÓN;5.3.3.-Robos con violencia en establecimientos;2024;193
ARAGÓN;5.3.3.-Robos con violencia en establecimientos;2023;149
ARAGÓN;5.3.3.-Robos con violencia en establecimientos;2022;156
ARAGÓN;5.3.3.-Robos con violencia en establecimientos;2021;129
ARAGÓN;5.3.3.-Robos con violencia en establecimientos;2020;112
ARAGÓN;5.3.3.-Robos con violencia en establecimientos;2019;127
ARAGÓN;5.3.3.-Robos con violencia en establecimientos;2018;105
ARAGÓN;5.4.-Sustracción de vehículos;2024;125
ARAGÓN;5.4.-Sustracción de vehículos;2023;133
ARAGÓN;5.4.-Sustracción de vehículos;2022;97
ARAGÓN;5.4.-Sustracción de vehículos;2021;93
ARAGÓN;5.4.-Sustracción de vehículos;2020;81
ARAGÓN;5.4.-Sustracción de vehículos;2019;67
ARAGÓN;5.4.-Sustracción de vehículos;2018;106
ARAGÓN;5.5.-Estafas;2024;1.989
ARAGÓN;5.5.-Estafas;2023;1.874
ARAGÓN;5.5.-Estafas;2022;1.619
ARAGÓN;5.5.-Estafas;2021;1.376
ARAGÓN;5.5.-Estafas;2020;1.048
ARAGÓN;5.5.-Estafas;2019;1.182
ARAGÓN;5.5.-Estafas;2018;1.116
ARAGÓN;5.5.1.-Estafas informáticas;2024;1.346
ARAGÓN;5.5.1.-Estafas informáticas;2023;1.274
ARAGÓN;5.5.1.-Estafas informáticas;2022;944
ARAGÓN;5.5.1.-Estafas informáticas;2021;827
ARAGÓN;5.5.1.-Estafas informáticas;2020;645
ARAGÓN;5.5.1.-Estafas informáticas;2019;505
ARAGÓN;5.5.1.-Estafas informáticas;2018;442
ARAGÓN;5.6.-Daños;2024;912
ARAGÓN;5.6.-Daños;2023;851
ARAGÓN;5.6.-Daños;2022;871
ARAGÓN;5.6.-Daños;2021;860
ARAGÓN;5.6.-Daños;2020;727
ARAGÓN;5.6.-Daños;2019;701
ARAGÓN;5.6.-Daños;2018;686
ARAGÓN;5.7.-Contra la propiedad intelectual/industrial;2024;25
ARAGÓN;5.7.-Contra la propiedad intelectual/industrial;2023;21
ARAGÓN;5.7.-Contra la propiedad intelectual/industrial;2022;17
ARAGÓN;5.7.-Contra la propiedad intelectual/industrial;2021;24
ARAGÓN;5.7.-Contra la propiedad intelectual/industrial;2020;15
ARAGÓN;5.7.-Contra la propiedad intelectual/industrial;2019;28
ARAGÓN;5.7.-Contra la propiedad intelectual/industrial;2018;18
ARAGÓN;5.8.-Blanqueo de capitales;2024;13
ARAGÓN;5.8.-Blanqueo de capitales;2023;5
ARAGÓN;5.8.-Blanqueo de capitales;2022;11
ARAGÓN;5.8.-Blanqueo de capitales;2021;7
ARAGÓN;5.8.-Blanqueo de capitales;2020;9
ARAGÓN;5.8.-Blanqueo de capitales;2019;2
ARAGÓN;5.8.-Blanqueo de capitales;2018;2
ARAGÓN;5.9.-Otros contra el patrimonio;2024;591
ARAGÓN;5.9.-Otros contra el patrimonio;2023;531
ARAGÓN;5.9.-Otros contra el patrimonio;2022;523
ARAGÓN;5.9.-Otros contra el patrimonio;2021;517
ARAGÓN;5.9.-Otros contra el patrimonio;2020;490
ARAGÓN;5.9.-Otros contra el patrimonio;2019;551
ARAGÓN;5.9.-Otros contra el patrimonio;2018;566
ARAGÓN;6. SEGURIDAD COLECTIVA;2024;1.588
ARAGÓN;6. SEGURIDAD COLECTIVA;2023;1.599
ARAGÓN;6. SEGURIDAD COLECTIVA;2022;1.629
ARAGÓN;6. SEGURIDAD COLECTIVA;2021;1.368
ARAGÓN;6. SEGURIDAD COLECTIVA;2020;1.107
ARAGÓN;6. SEGURIDAD COLECTIVA;2019;1.326
ARAGÓN;6. SEGURIDAD COLECTIVA;2018;1.218
ARAGÓN;6.1.-Tráfico de drogas;2024;480
ARAGÓN;6.1.-Tráfico de drogas;2023;548
ARAGÓN;6.1.-Tráfico de drogas;2022;411
ARAGÓN;6.1.-Tráfico de drogas;2021;403
ARAGÓN;6.1.-Tráfico de drogas;2020;316
ARAGÓN;6.1.-Tráfico de drogas;2019;343
ARAGÓN;6.1.-Tráfico de drogas;2018;328
ARAGÓN;6.2.-Contra la seguridad vial;2024;1.074
ARAGÓN;6.2.-Contra la seguridad vial;2023;1.012
ARAGÓN;6.2.-Contra la seguridad vial;2022;1.183
ARAGÓN;6.2.-Contra la seguridad vial;2021;944
ARAGÓN;6.2.-Contra la seguridad vial;2020;771
ARAGÓN;6.2.-Contra la seguridad vial;2019;960
ARAGÓN;6.2.-Contra la seguridad vial;2018;846
ARAGÓN;6.3.-Otros contra la seguridad colectiva;2024;34
ARAGÓN;6.3.-Otros contra la seguridad colectiva;2023;39
ARAGÓN;6.3.-Otros contra la seguridad colectiva;2022;35
ARAGÓN;6.3.-Otros contra la seguridad colectiva;2021;21
ARAGÓN;6.3.-Otros contra la seguridad colectiva;2020;20
ARAGÓN;6.3.-Otros contra la seguridad colectiva;2019;23
ARAGÓN;6.3.-Otros contra la seguridad colectiva;2018;44
ARAGÓN;7. FALSEDADES;2024;333
ARAGÓN;7. FALSEDADES;2023;296
ARAGÓN;7. FALSEDADES;2022;324
ARAGÓN;7. FALSEDADES;2021;318
ARAGÓN;7. FALSEDADES;2020;278
ARAGÓN;7. FALSEDADES;2019;258
ARAGÓN;7. FALSEDADES;2018;258
ARAGÓN;8. ADMÓN. PÚBLICA;2024;15
ARAGÓN;8. ADMÓN. PÚBLICA;2023;7
ARAGÓN;8. ADMÓN. PÚBLICA;2022;12
ARAGÓN;8. ADMÓN. PÚBLICA;2021;1
ARAGÓN;8. ADMÓN. PÚBLICA;2020;12
ARAGÓN;8. ADMÓN. PÚBLICA;2019;3
ARAGÓN;8. ADMÓN. PÚBLICA;2018;7
ARAGÓN;9. ADMÓN. JUSTICIA;2024;1.138
ARAGÓN;9. ADMÓN. JUSTICIA;2023;1.056
ARAGÓN;9. ADMÓN. JUSTICIA;2022;861
ARAGÓN;9. ADMÓN. JUSTICIA;2021;683
ARAGÓN;9. ADMÓN. JUSTICIA;2020;679
ARAGÓN;9. ADMÓN. JUSTICIA;2019;785
ARAGÓN;9. ADMÓN. JUSTICIA;2018;714
ARAGÓN;10. ORDEN PÚBLICO;2024;934
ARAGÓN;10. ORDEN PÚBLICO;2023;952
ARAGÓN;10. ORDEN PÚBLICO;2022;862
ARAGÓN;10. ORDEN PÚBLICO;2021;656
ARAGÓN;10. ORDEN PÚBLICO;2020;806
ARAGÓN;10. ORDEN PÚBLICO;2019;562
ARAGÓN;10. ORDEN PÚBLICO;2018;515
ARAGÓN;11. LEGISLACIÓN ESPECIAL;2024;2
ARAGÓN;11. LEGISLACIÓN ESPECIAL;2023;4
ARAGÓN;11. LEGISLACIÓN ESPECIAL;2022;3
ARAGÓN;11. LEGISLACIÓN ESPECIAL;2021;0
ARAGÓN;11. LEGISLACIÓN ESPECIAL;2020;1
ARAGÓN;11. LEGISLACIÓN ESPECIAL;2019;2
ARAGÓN;11. LEGISLACIÓN ESPECIAL;2018;2
ARAGÓN;12. OTRAS INFRACCIONES PENALES;2024;238
ARAGÓN;12. OTRAS INFRACCIONES PENALES;2023;185
ARAGÓN;12. OTRAS INFRACCIONES PENALES;2022;167
ARAGÓN;12. OTRAS INFRACCIONES PENALES;2021;174
ARAGÓN;12. OTRAS INFRACCIONES PENALES;2020;199
ARAGÓN;12. OTRAS INFRACCIONES PENALES;2019;191
ARAGÓN;12. OTRAS INFRACCIONES PENALES;2018;210
ARAGÓN;TOTAL INFRACCIONES PENALES;2024;21.949
ARAGÓN;TOTAL INFRACCIONES PENALES;2023;20.374
ARAGÓN;TOTAL INFRACCIONES PENALES;2022;18.846
ARAGÓN;TOTAL INFRACCIONES PENALES;2021;16.219
ARAGÓN;TOTAL INFRACCIONES PENALES;2020;14.512
ARAGÓN;TOTAL INFRACCIONES PENALES;2019;15.878
ARAGÓN;TOTAL INFRACCIONES PENALES;2018;15.435
ASTURIAS (PRINCIPADO DE);1. CONTRA LAS PERSONAS;2024;4.247
ASTURIAS (PRINCIPADO DE);1. CONTRA LAS PERSONAS;2023;3.933
ASTURIAS (PRINCIPADO DE);1. CONTRA LAS PERSONAS;2022;3.651
ASTURIAS (PRINCIPADO DE);1. CONTRA LAS PERSONAS;2021;3.060
ASTURIAS (PRINCIPADO DE);1. CONTRA LAS PERSONAS;2020;2.908
ASTURIAS (PRINCIPADO DE);1. CONTRA LAS PERSONAS;2019;3.174
ASTURIAS (PRINCIPADO DE);1. CONTRA LAS PERSONAS;2018;2.971
ASTURIAS (PRINCIPADO DE);1.1.-Homicidios dolosos/asesinatos;2024;20
ASTURIAS (PRINCIPADO DE);1.1.-Homicidios dolosos/asesinatos;2023;21
ASTURIAS (PRINCIPADO DE);1.1.-Homicidios dolosos/asesinatos;2022;22
ASTURIAS (PRINCIPADO DE);1.1.-Homicidios dolosos/asesinatos;2021;9
ASTURIAS (PRINCIPADO DE);1.1.-Homicidios dolosos/asesinatos;2020;15
ASTURIAS (PRINCIPADO DE);1.1.-Homicidios dolosos/asesinatos;2019;19
ASTURIAS (PRINCIPADO DE);1.1.-Homicidios dolosos/asesinatos;2018;18
ASTURIAS (PRINCIPADO DE);1.1.1.-Homicidios dolosos/asesinatos consumados;2024;7
ASTURIAS (PRINCIPADO DE);1.1.1.-Homicidios dolosos/asesinatos consumados;2023;6
ASTURIAS (PRINCIPADO DE);1.1.1.-Homicidios dolosos/asesinatos consumados;2022;6
ASTURIAS (PRINCIPADO DE);1.1.1.-Homicidios dolosos/asesinatos consumados;2021;1
ASTURIAS (PRINCIPADO DE);1.1.1.-Homicidios dolosos/asesinatos consumados;2020;6
ASTURIAS (PRINCIPADO DE);1.1.1.-Homicidios dolosos/asesinatos consumados;2019;7
ASTURIAS (PRINCIPADO DE);1.1.1.-Homicidios dolosos/asesinatos consumados;2018;8
ASTURIAS (PRINCIPADO DE);1.2.-Lesiones;2024;2.146
ASTURIAS (PRINCIPADO DE);1.2.-Lesiones;2023;1.973
ASTURIAS (PRINCIPADO DE);1.2.-Lesiones;2022;1.968
ASTURIAS (PRINCIPADO DE);1.2.-Lesiones;2021;1.587
ASTURIAS (PRINCIPADO DE);1.2.-Lesiones;2020;1.453
ASTURIAS (PRINCIPADO DE);1.2.-Lesiones;2019;1.748
ASTURIAS (PRINCIPADO DE);1.2.-Lesiones;2018;1.654
ASTURIAS (PRINCIPADO DE);1.3.-Malos tratos ámbito familiar;2024;2.006
ASTURIAS (PRINCIPADO DE);1.3.-Malos tratos ámbito familiar;2023;1.875
ASTURIAS (PRINCIPADO DE);1.3.-Malos tratos ámbito familiar;2022;1.601
ASTURIAS (PRINCIPADO DE);1.3.-Malos tratos ámbito familiar;2021;1.406
ASTURIAS (PRINCIPADO DE);1.3.-Malos tratos ámbito familiar;2020;1.390
ASTURIAS (PRINCIPADO DE);1.3.-Malos tratos ámbito familiar;2019;1.355
ASTURIAS (PRINCIPADO DE);1.3.-Malos tratos ámbito familiar;2018;1.252
ASTURIAS (PRINCIPADO DE);1.4.-Otros contra las personas;2024;75
ASTURIAS (PRINCIPADO DE);1.4.-Otros contra las personas;2023;64
ASTURIAS (PRINCIPADO DE);1.4.-Otros contra las personas;2022;60
ASTURIAS (PRINCIPADO DE);1.4.-Otros contra las personas;2021;58
ASTURIAS (PRINCIPADO DE);1.4.-Otros contra las personas;2020;50
ASTURIAS (PRINCIPADO DE);1.4.-Otros contra las personas;2019;52
ASTURIAS (PRINCIPADO DE);1.4.-Otros contra las personas;2018;47
ASTURIAS (PRINCIPADO DE);2. CONTRA LA LIBERTAD;2024;1.987
ASTURIAS (PRINCIPADO DE);2. CONTRA LA LIBERTAD;2023;2.075
ASTURIAS (PRINCIPADO DE);2. CONTRA LA LIBERTAD;2022;1.876
ASTURIAS (PRINCIPADO DE);2. CONTRA LA LIBERTAD;2021;1.641
ASTURIAS (PRINCIPADO DE);2. CONTRA LA LIBERTAD;2020;1.622
ASTURIAS (PRINCIPADO DE);2. CONTRA LA LIBERTAD;2019;1.658
ASTURIAS (PRINCIPADO DE);2. CONTRA LA LIBERTAD;2018;1.551
ASTURIAS (PRINCIPADO DE);2.1.-Malos tratos habituales en el ámbito familiar;2024;89
ASTURIAS (PRINCIPADO DE);2.1.-Malos tratos habituales en el ámbito familiar;2023;94
ASTURIAS (PRINCIPADO DE);2.1.-Malos tratos habituales en el ámbito familiar;2022;108
ASTURIAS (PRINCIPADO DE);2.1.-Malos tratos habituales en el ámbito familiar;2021;88
ASTURIAS (PRINCIPADO DE);2.1.-Malos tratos habituales en el ámbito familiar;2020;72
ASTURIAS (PRINCIPADO DE);2.1.-Malos tratos habituales en el ámbito familiar;2019;109
ASTURIAS (PRINCIPADO DE);2.1.-Malos tratos habituales en el ámbito familiar;2018;116
ASTURIAS (PRINCIPADO DE);2.2.-Otros contra la libertad;2024;1.898
ASTURIAS (PRINCIPADO DE);2.2.-Otros contra la libertad;2023;1.981
ASTURIAS (PRINCIPADO DE);2.2.-Otros contra la libertad;2022;1.768
ASTURIAS (PRINCIPADO DE);2.2.-Otros contra la libertad;2021;1.553
ASTURIAS (PRINCIPADO DE);2.2.-Otros contra la libertad;2020;1.550
ASTURIAS (PRINCIPADO DE);2.2.-Otros contra la libertad;2019;1.549
ASTURIAS (PRINCIPADO DE);2.2.-Otros contra la libertad;2018;1.435
ASTURIAS (PRINCIPADO DE);3. LIBERTAD SEXUAL;2024;301
ASTURIAS (PRINCIPADO DE);3. LIBERTAD SEXUAL;2023;291
ASTURIAS (PRINCIPADO DE);3. LIBERTAD SEXUAL;2022;246
ASTURIAS (PRINCIPADO DE);3. LIBERTAD SEXUAL;2021;238
ASTURIAS (PRINCIPADO DE);3. LIBERTAD SEXUAL;2020;177
ASTURIAS (PRINCIPADO DE);3. LIBERTAD SEXUAL;2019;174
ASTURIAS (PRINCIPADO DE);3. LIBERTAD SEXUAL;2018;177
ASTURIAS (PRINCIPADO DE);3.1.-Agresión sexual;2024;178
ASTURIAS (PRINCIPADO DE);3.1.-Agresión sexual;2023;183
ASTURIAS (PRINCIPADO DE);3.1.-Agresión sexual;2022;158
ASTURIAS (PRINCIPADO DE);3.1.-Agresión sexual;2021;123
ASTURIAS (PRINCIPADO DE);3.1.-Agresión sexual;2020;106
ASTURIAS (PRINCIPADO DE);3.1.-Agresión sexual;2019;116
ASTURIAS (PRINCIPADO DE);3.1.-Agresión sexual;2018;101
ASTURIAS (PRINCIPADO DE);3.2.-Agresión sexual con penetración;2024;62
ASTURIAS (PRINCIPADO DE);3.2.-Agresión sexual con penetración;2023;61
ASTURIAS (PRINCIPADO DE);3.2.-Agresión sexual con penetración;2022;46
ASTURIAS (PRINCIPADO DE);3.2.-Agresión sexual con penetración;2021;63
ASTURIAS (PRINCIPADO DE);3.2.-Agresión sexual con penetración;2020;45
ASTURIAS (PRINCIPADO DE);3.2.-Agresión sexual con penetración;2019;25
ASTURIAS (PRINCIPADO DE);3.2.-Agresión sexual con penetración;2018;26
ASTURIAS (PRINCIPADO DE);3.3.-Corrupción de menores o incapacitados;2024;8
ASTURIAS (PRINCIPADO DE);3.3.-Corrupción de menores o incapacitados;2023;6
ASTURIAS (PRINCIPADO DE);3.3.-Corrupción de menores o incapacitados;2022;8
ASTURIAS (PRINCIPADO DE);3.3.-Corrupción de menores o incapacitados;2021;7
ASTURIAS (PRINCIPADO DE);3.3.-Corrupción de menores o incapacitados;2020;0
ASTURIAS (PRINCIPADO DE);3.3.-Corrupción de menores o incapacitados;2019;2
ASTURIAS (PRINCIPADO DE);3.3.-Corrupción de menores o incapacitados;2018;9
ASTURIAS (PRINCIPADO DE);3.4.-Pornografía de menores;2024;10
ASTURIAS (PRINCIPADO DE);3.4.-Pornografía de menores;2023;14
ASTURIAS (PRINCIPADO DE);3.4.-Pornografía de menores;2022;8
ASTURIAS (PRINCIPADO DE);3.4.-Pornografía de menores;2021;17
ASTURIAS (PRINCIPADO DE);3.4.-Pornografía de menores;2020;8
ASTURIAS (PRINCIPADO DE);3.4.-Pornografía de menores;2019;9
ASTURIAS (PRINCIPADO DE);3.4.-Pornografía de menores;2018;11
ASTURIAS (PRINCIPADO DE);3.5.-Otros contra la libertad sexual;2024;43
ASTURIAS (PRINCIPADO DE);3.5.-Otros contra la libertad sexual;2023;27
ASTURIAS (PRINCIPADO DE);3.5.-Otros contra la libertad sexual;2022;26
ASTURIAS (PRINCIPADO DE);3.5.-Otros contra la libertad sexual;2021;28
ASTURIAS (PRINCIPADO DE);3.5.-Otros contra la libertad sexual;2020;18
ASTURIAS (PRINCIPADO DE);3.5.-Otros contra la libertad sexual;2019;22
ASTURIAS (PRINCIPADO DE);3.5.-Otros contra la libertad sexual;2018;30
ASTURIAS (PRINCIPADO DE);4. RELACIONES FAMILIARES;2024;95
ASTURIAS (PRINCIPADO DE);4. RELACIONES FAMILIARES;2023;92
ASTURIAS (PRINCIPADO DE);4. RELACIONES FAMILIARES;2022;69
ASTURIAS (PRINCIPADO DE);4. RELACIONES FAMILIARES;2021;88
ASTURIAS (PRINCIPADO DE);4. RELACIONES FAMILIARES;2020;78
ASTURIAS (PRINCIPADO DE);4. RELACIONES FAMILIARES;2019;97
ASTURIAS (PRINCIPADO DE);4. RELACIONES FAMILIARES;2018;101
ASTURIAS (PRINCIPADO DE);5. PATRIMONIO;2024;7.536
ASTURIAS (PRINCIPADO DE);5. PATRIMONIO;2023;7.338
ASTURIAS (PRINCIPADO DE);5. PATRIMONIO;2022;6.150
ASTURIAS (PRINCIPADO DE);5. PATRIMONIO;2021;4.908
ASTURIAS (PRINCIPADO DE);5. PATRIMONIO;2020;4.235
ASTURIAS (PRINCIPADO DE);5. PATRIMONIO;2019;5.016
ASTURIAS (PRINCIPADO DE);5. PATRIMONIO;2018;4.682
ASTURIAS (PRINCIPADO DE);5.1.-Hurtos;2024;3.349
ASTURIAS (PRINCIPADO DE);5.1.-Hurtos;2023;3.132
ASTURIAS (PRINCIPADO DE);5.1.-Hurtos;2022;2.175
ASTURIAS (PRINCIPADO DE);5.1.-Hurtos;2021;1.600
ASTURIAS (PRINCIPADO DE);5.1.-Hurtos;2020;1.372
ASTURIAS (PRINCIPADO DE);5.1.-Hurtos;2019;2.088
ASTURIAS (PRINCIPADO DE);5.1.-Hurtos;2018;2.030
ASTURIAS (PRINCIPADO DE);5.2.-Robos con fuerza en las cosas;2024;715
ASTURIAS (PRINCIPADO DE);5.2.-Robos con fuerza en las cosas;2023;691
ASTURIAS (PRINCIPADO DE);5.2.-Robos con fuerza en las cosas;2022;596
ASTURIAS (PRINCIPADO DE);5.2.-Robos con fuerza en las cosas;2021;565
ASTURIAS (PRINCIPADO DE);5.2.-Robos con fuerza en las cosas;2020;537
ASTURIAS (PRINCIPADO DE);5.2.-Robos con fuerza en las cosas;2019;706
ASTURIAS (PRINCIPADO DE);5.2.-Robos con fuerza en las cosas;2018;648
ASTURIAS (PRINCIPADO DE);5.2.1.-Robos con fuerza en las cosas en el interior de vehículos;2024;126
ASTURIAS (PRINCIPADO DE);5.2.1.-Robos con fuerza en las cosas en el interior de vehículos;2023;138
ASTURIAS (PRINCIPADO DE);5.2.1.-Robos con fuerza en las cosas en el interior de vehículos;2022;116
ASTURIAS (PRINCIPADO DE);5.2.1.-Robos con fuerza en las cosas en el interior de vehículos;2021;92
ASTURIAS (PRINCIPADO DE);5.2.1.-Robos con fuerza en las cosas en el interior de vehículos;2020;86
ASTURIAS (PRINCIPADO DE);5.2.1.-Robos con fuerza en las cosas en el interior de vehículos;2019;109
ASTURIAS (PRINCIPADO DE);5.2.1.-Robos con fuerza en las cosas en el interior de vehículos;2018;87
ASTURIAS (PRINCIPADO DE);5.2.2.-Robos con fuerza en viviendas;2024;155
ASTURIAS (PRINCIPADO DE);5.2.2.-Robos con fuerza en viviendas;2023;233
ASTURIAS (PRINCIPADO DE);5.2.2.-Robos con fuerza en viviendas;2022;183
ASTURIAS (PRINCIPADO DE);5.2.2.-Robos con fuerza en viviendas;2021;181
ASTURIAS (PRINCIPADO DE);5.2.2.-Robos con fuerza en viviendas;2020;127
ASTURIAS (PRINCIPADO DE);5.2.2.-Robos con fuerza en viviendas;2019;177
ASTURIAS (PRINCIPADO DE);5.2.2.-Robos con fuerza en viviendas;2018;185
ASTURIAS (PRINCIPADO DE);5.2.3.-Robos con fuerza en establecimientos;2024;307
ASTURIAS (PRINCIPADO DE);5.2.3.-Robos con fuerza en establecimientos;2023;200
ASTURIAS (PRINCIPADO DE);5.2.3.-Robos con fuerza en establecimientos;2022;147
ASTURIAS (PRINCIPADO DE);5.2.3.-Robos con fuerza en establecimientos;2021;170
ASTURIAS (PRINCIPADO DE);5.2.3.-Robos con fuerza en establecimientos;2020;197
ASTURIAS (PRINCIPADO DE);5.2.3.-Robos con fuerza en establecimientos;2019;246
ASTURIAS (PRINCIPADO DE);5.2.3.-Robos con fuerza en establecimientos;2018;234
ASTURIAS (PRINCIPADO DE);5.3.-Robos con violencia o intimidación;2024;230
ASTURIAS (PRINCIPADO DE);5.3.-Robos con violencia o intimidación;2023;273
ASTURIAS (PRINCIPADO DE);5.3.-Robos con violencia o intimidación;2022;236
ASTURIAS (PRINCIPADO DE);5.3.-Robos con violencia o intimidación;2021;203
ASTURIAS (PRINCIPADO DE);5.3.-Robos con violencia o intimidación;2020;217
ASTURIAS (PRINCIPADO DE);5.3.-Robos con violencia o intimidación;2019;203
ASTURIAS (PRINCIPADO DE);5.3.-Robos con violencia o intimidación;2018;177
ASTURIAS (PRINCIPADO DE);5.3.1.-Robos con violencia en vía pública;2024;107
ASTURIAS (PRINCIPADO DE);5.3.1.-Robos con violencia en vía pública;2023;133
ASTURIAS (PRINCIPADO DE);5.3.1.-Robos con violencia en vía pública;2022;107
ASTURIAS (PRINCIPADO DE);5.3.1.-Robos con violencia en vía pública;2021;94
ASTURIAS (PRINCIPADO DE);5.3.1.-Robos con violencia en vía pública;2020;110
ASTURIAS (PRINCIPADO DE);5.3.1.-Robos con violencia en vía pública;2019;91
ASTURIAS (PRINCIPADO DE);5.3.1.-Robos con violencia en vía pública;2018;82
ASTURIAS (PRINCIPADO DE);5.3.2.-Robos con violencia en viviendas;2024;28
ASTURIAS (PRINCIPADO DE);5.3.2.-Robos con violencia en viviendas;2023;28
ASTURIAS (PRINCIPADO DE);5.3.2.-Robos con violencia en viviendas;2022;21
ASTURIAS (PRINCIPADO DE);5.3.2.-Robos con violencia en viviendas;2021;24
ASTURIAS (PRINCIPADO DE);5.3.2.-Robos con violencia en viviendas;2020;21
ASTURIAS (PRINCIPADO DE);5.3.2.-Robos con violencia en viviendas;2019;23
ASTURIAS (PRINCIPADO DE);5.3.2.-Robos con violencia en viviendas;2018;22
ASTURIAS (PRINCIPADO DE);5.3.3.-Robos con violencia en establecimientos;2024;81
ASTURIAS (PRINCIPADO DE);5.3.3.-Robos con violencia en establecimientos;2023;80
ASTURIAS (PRINCIPADO DE);5.3.3.-Robos con violencia en establecimientos;2022;79
ASTURIAS (PRINCIPADO DE);5.3.3.-Robos con violencia en establecimientos;2021;58
ASTURIAS (PRINCIPADO DE);5.3.3.-Robos con violencia en establecimientos;2020;66
ASTURIAS (PRINCIPADO DE);5.3.3.-Robos con violencia en establecimientos;2019;72
ASTURIAS (PRINCIPADO DE);5.3.3.-Robos con violencia en establecimientos;2018;57
ASTURIAS (PRINCIPADO DE);5.4.-Sustracción de vehículos;2024;117
ASTURIAS (PRINCIPADO DE);5.4.-Sustracción de vehículos;2023;133
ASTURIAS (PRINCIPADO DE);5.4.-Sustracción de vehículos;2022;133
ASTURIAS (PRINCIPADO DE);5.4.-Sustracción de vehículos;2021;112
ASTURIAS (PRINCIPADO DE);5.4.-Sustracción de vehículos;2020;107
ASTURIAS (PRINCIPADO DE);5.4.-Sustracción de vehículos;2019;88
ASTURIAS (PRINCIPADO DE);5.4.-Sustracción de vehículos;2018;94
ASTURIAS (PRINCIPADO DE);5.5.-Estafas;2024;1.844
ASTURIAS (PRINCIPADO DE);5.5.-Estafas;2023;1.981
ASTURIAS (PRINCIPADO DE);5.5.-Estafas;2022;1.921
ASTURIAS (PRINCIPADO DE);5.5.-Estafas;2021;1.378
ASTURIAS (PRINCIPADO DE);5.5.-Estafas;2020;1.103
ASTURIAS (PRINCIPADO DE);5.5.-Estafas;2019;931
ASTURIAS (PRINCIPADO DE);5.5.-Estafas;2018;840
ASTURIAS (PRINCIPADO DE);5.5.1.-Estafas informáticas;2024;1.276
ASTURIAS (PRINCIPADO DE);5.5.1.-Estafas informáticas;2023;1.394
ASTURIAS (PRINCIPADO DE);5.5.1.-Estafas informáticas;2022;1.330
ASTURIAS (PRINCIPADO DE);5.5.1.-Estafas informáticas;2021;934
ASTURIAS (PRINCIPADO DE);5.5.1.-Estafas informáticas;2020;710
ASTURIAS (PRINCIPADO DE);5.5.1.-Estafas informáticas;2019;401
ASTURIAS (PRINCIPADO DE);5.5.1.-Estafas informáticas;2018;316
ASTURIAS (PRINCIPADO DE);5.6.-Daños;2024;793
ASTURIAS (PRINCIPADO DE);5.6.-Daños;2023;720
ASTURIAS (PRINCIPADO DE);5.6.-Daños;2022;661
ASTURIAS (PRINCIPADO DE);5.6.-Daños;2021;680
ASTURIAS (PRINCIPADO DE);5.6.-Daños;2020;532
ASTURIAS (PRINCIPADO DE);5.6.-Daños;2019;640
ASTURIAS (PRINCIPADO DE);5.6.-Daños;2018;510
ASTURIAS (PRINCIPADO DE);5.7.-Contra la propiedad intelectual/industrial;2024;10
ASTURIAS (PRINCIPADO DE);5.7.-Contra la propiedad intelectual/industrial;2023;8
ASTURIAS (PRINCIPADO DE);5.7.-Contra la propiedad intelectual/industrial;2022;11
ASTURIAS (PRINCIPADO DE);5.7.-Contra la propiedad intelectual/industrial;2021;6
ASTURIAS (PRINCIPADO DE);5.7.-Contra la propiedad intelectual/industrial;2020;4
ASTURIAS (PRINCIPADO DE);5.7.-Contra la propiedad intelectual/industrial;2019;16
ASTURIAS (PRINCIPADO DE);5.7.-Contra la propiedad intelectual/industrial;2018;37
ASTURIAS (PRINCIPADO DE);5.8.-Blanqueo de capitales;2024;6
ASTURIAS (PRINCIPADO DE);5.8.-Blanqueo de capitales;2023;2
ASTURIAS (PRINCIPADO DE);5.8.-Blanqueo de capitales;2022;1
ASTURIAS (PRINCIPADO DE);5.8.-Blanqueo de capitales;2021;1
ASTURIAS (PRINCIPADO DE);5.8.-Blanqueo de capitales;2020;1
ASTURIAS (PRINCIPADO DE);5.8.-Blanqueo de capitales;2019;2
ASTURIAS (PRINCIPADO DE);5.8.-Blanqueo de capitales;2018;3
ASTURIAS (PRINCIPADO DE);5.9.-Otros contra el patrimonio;2024;472
ASTURIAS (PRINCIPADO DE);5.9.-Otros contra el patrimonio;2023;398
ASTURIAS (PRINCIPADO DE);5.9.-Otros contra el patrimonio;2022;416
ASTURIAS (PRINCIPADO DE);5.9.-Otros contra el patrimonio;2021;363
ASTURIAS (PRINCIPADO DE);5.9.-Otros contra el patrimonio;2020;362
ASTURIAS (PRINCIPADO DE);5.9.-Otros contra el patrimonio;2019;342
ASTURIAS (PRINCIPADO DE);5.9.-Otros contra el patrimonio;2018;343
ASTURIAS (PRINCIPADO DE);6. SEGURIDAD COLECTIVA;2024;948
ASTURIAS (PRINCIPADO DE);6. SEGURIDAD COLECTIVA;2023;1.023
ASTURIAS (PRINCIPADO DE);6. SEGURIDAD COLECTIVA;2022;1.044
ASTURIAS (PRINCIPADO DE);6. SEGURIDAD COLECTIVA;2021;1.062
ASTURIAS (PRINCIPADO DE);6. SEGURIDAD COLECTIVA;2020;908
ASTURIAS (PRINCIPADO DE);6. SEGURIDAD COLECTIVA;2019;1.177
ASTURIAS (PRINCIPADO DE);6. SEGURIDAD COLECTIVA;2018;1.035
ASTURIAS (PRINCIPADO DE);6.1.-Tráfico de drogas;2024;170
ASTURIAS (PRINCIPADO DE);6.1.-Tráfico de drogas;2023;189
ASTURIAS (PRINCIPADO DE);6.1.-Tráfico de drogas;2022;169
ASTURIAS (PRINCIPADO DE);6.1.-Tráfico de drogas;2021;164
ASTURIAS (PRINCIPADO DE);6.1.-Tráfico de drogas;2020;175
ASTURIAS (PRINCIPADO DE);6.1.-Tráfico de drogas;2019;202
ASTURIAS (PRINCIPADO DE);6.1.-Tráfico de drogas;2018;137
ASTURIAS (PRINCIPADO DE);6.2.-Contra la seguridad vial;2024;729
ASTURIAS (PRINCIPADO DE);6.2.-Contra la seguridad vial;2023;768
ASTURIAS (PRINCIPADO DE);6.2.-Contra la seguridad vial;2022;836
ASTURIAS (PRINCIPADO DE);6.2.-Contra la seguridad vial;2021;833
ASTURIAS (PRINCIPADO DE);6.2.-Contra la seguridad vial;2020;682
ASTURIAS (PRINCIPADO DE);6.2.-Contra la seguridad vial;2019;933
ASTURIAS (PRINCIPADO DE);6.2.-Contra la seguridad vial;2018;854
ASTURIAS (PRINCIPADO DE);6.3.-Otros contra la seguridad colectiva;2024;49
ASTURIAS (PRINCIPADO DE);6.3.-Otros contra la seguridad colectiva;2023;66
ASTURIAS (PRINCIPADO DE);6.3.-Otros contra la seguridad colectiva;2022;39
ASTURIAS (PRINCIPADO DE);6.3.-Otros contra la seguridad colectiva;2021;65
ASTURIAS (PRINCIPADO DE);6.3.-Otros contra la seguridad colectiva;2020;51
ASTURIAS (PRINCIPADO DE);6.3.-Otros contra la seguridad colectiva;2019;42
ASTURIAS (PRINCIPADO DE);6.3.-Otros contra la seguridad colectiva;2018;44
ASTURIAS (PRINCIPADO DE);7. FALSEDADES;2024;229
ASTURIAS (PRINCIPADO DE);7. FALSEDADES;2023;191
ASTURIAS (PRINCIPADO DE);7. FALSEDADES;2022;202
ASTURIAS (PRINCIPADO DE);7. FALSEDADES;2021;196
ASTURIAS (PRINCIPADO DE);7. FALSEDADES;2020;158
ASTURIAS (PRINCIPADO DE);7. FALSEDADES;2019;152
ASTURIAS (PRINCIPADO DE);7. FALSEDADES;2018;130
ASTURIAS (PRINCIPADO DE);8. ADMÓN. PÚBLICA;2024;3
ASTURIAS (PRINCIPADO DE);8. ADMÓN. PÚBLICA;2023;3
ASTURIAS (PRINCIPADO DE);8. ADMÓN. PÚBLICA;2022;0
ASTURIAS (PRINCIPADO DE);8. ADMÓN. PÚBLICA;2021;6
ASTURIAS (PRINCIPADO DE);8. ADMÓN. PÚBLICA;2020;1
ASTURIAS (PRINCIPADO DE);8. ADMÓN. PÚBLICA;2019;5
ASTURIAS (PRINCIPADO DE);8. ADMÓN. PÚBLICA;2018;3
ASTURIAS (PRINCIPADO DE);9. ADMÓN. JUSTICIA;2024;852
ASTURIAS (PRINCIPADO DE);9. ADMÓN. JUSTICIA;2023;846
ASTURIAS (PRINCIPADO DE);9. ADMÓN. JUSTICIA;2022;742
ASTURIAS (PRINCIPADO DE);9. ADMÓN. JUSTICIA;2021;569
ASTURIAS (PRINCIPADO DE);9. ADMÓN. JUSTICIA;2020;570
ASTURIAS (PRINCIPADO DE);9. ADMÓN. JUSTICIA;2019;565
ASTURIAS (PRINCIPADO DE);9. ADMÓN. JUSTICIA;2018;569
ASTURIAS (PRINCIPADO DE);10. ORDEN PÚBLICO;2024;558
ASTURIAS (PRINCIPADO DE);10. ORDEN PÚBLICO;2023;507
ASTURIAS (PRINCIPADO DE);10. ORDEN PÚBLICO;2022;503
ASTURIAS (PRINCIPADO DE);10. ORDEN PÚBLICO;2021;479
ASTURIAS (PRINCIPADO DE);10. ORDEN PÚBLICO;2020;538
ASTURIAS (PRINCIPADO DE);10. ORDEN PÚBLICO;2019;359
ASTURIAS (PRINCIPADO DE);10. ORDEN PÚBLICO;2018;373
ASTURIAS (PRINCIPADO DE);11. LEGISLACIÓN ESPECIAL;2024;1
ASTURIAS (PRINCIPADO DE);11. LEGISLACIÓN ESPECIAL;2023;5
ASTURIAS (PRINCIPADO DE);11. LEGISLACIÓN ESPECIAL;2022;0
ASTURIAS (PRINCIPADO DE);11. LEGISLACIÓN ESPECIAL;2021;1
ASTURIAS (PRINCIPADO DE);11. LEGISLACIÓN ESPECIAL;2020;1
ASTURIAS (PRINCIPADO DE);11. LEGISLACIÓN ESPECIAL;2019;2
ASTURIAS (PRINCIPADO DE);11. LEGISLACIÓN ESPECIAL;2018;0
ASTURIAS (PRINCIPADO DE);12. OTRAS INFRACCIONES PENALES;2024;173
ASTURIAS (PRINCIPADO DE);12. OTRAS INFRACCIONES PENALES;2023;224
ASTURIAS (PRINCIPADO DE);12. OTRAS INFRACCIONES PENALES;2022;188
ASTURIAS (PRINCIPADO DE);12. OTRAS INFRACCIONES PENALES;2021;178
ASTURIAS (PRINCIPADO DE);12. OTRAS INFRACCIONES PENALES;2020;129
ASTURIAS (PRINCIPADO DE);12. OTRAS INFRACCIONES PENALES;2019;171
ASTURIAS (PRINCIPADO DE);12. OTRAS INFRACCIONES PENALES;2018;183
ASTURIAS (PRINCIPADO DE);TOTAL INFRACCIONES PENALES;2024;16.930
ASTURIAS (PRINCIPADO DE);TOTAL INFRACCIONES PENALES;2023;16.528
ASTURIAS (PRINCIPADO DE);TOTAL INFRACCIONES PENALES;2022;14.671
ASTURIAS (PRINCIPADO DE);TOTAL INFRACCIONES PENALES;2021;12.426
ASTURIAS (PRINCIPADO DE);TOTAL INFRACCIONES PENALES;2020;11.325
ASTURIAS (PRINCIPADO DE);TOTAL INFRACCIONES PENALES;2019;12.550
ASTURIAS (PRINCIPADO DE);TOTAL INFRACCIONES PENALES;2018;11.775
BALEARS (ILLES);1. CONTRA LAS PERSONAS;2024;8.845
BALEARS (ILLES);1. CONTRA LAS PERSONAS;2023;8.860
BALEARS (ILLES);1. CONTRA LAS PERSONAS;2022;8.018
BALEARS (ILLES);1. CONTRA LAS PERSONAS;2021;6.632
BALEARS (ILLES);1. CONTRA LAS PERSONAS;2020;5.741
BALEARS (ILLES);1. CONTRA LAS PERSONAS;2019;6.797
BALEARS (ILLES);1. CONTRA LAS PERSONAS;2018;6.335
BALEARS (ILLES);1.1.-Homicidios dolosos/asesinatos;2024;41
BALEARS (ILLES);1.1.-Homicidios dolosos/asesinatos;2023;47
BALEARS (ILLES);1.1.-Homicidios dolosos/asesinatos;2022;32
BALEARS (ILLES);1.1.-Homicidios dolosos/asesinatos;2021;38
BALEARS (ILLES);1.1.-Homicidios dolosos/asesinatos;2020;37
BALEARS (ILLES);1.1.-Homicidios dolosos/asesinatos;2019;44
BALEARS (ILLES);1.1.-Homicidios dolosos/asesinatos;2018;42
BALEARS (ILLES);1.1.1.-Homicidios dolosos/asesinatos consumados;2024;8
BALEARS (ILLES);1.1.1.-Homicidios dolosos/asesinatos consumados;2023;9
BALEARS (ILLES);1.1.1.-Homicidios dolosos/asesinatos consumados;2022;0
BALEARS (ILLES);1.1.1.-Homicidios dolosos/asesinatos consumados;2021;6
BALEARS (ILLES);1.1.1.-Homicidios dolosos/asesinatos consumados;2020;6
BALEARS (ILLES);1.1.1.-Homicidios dolosos/asesinatos consumados;2019;6
BALEARS (ILLES);1.1.1.-Homicidios dolosos/asesinatos consumados;2018;7
BALEARS (ILLES);1.2.-Lesiones;2024;3.343
BALEARS (ILLES);1.2.-Lesiones;2023;3.215
BALEARS (ILLES);1.2.-Lesiones;2022;3.010
BALEARS (ILLES);1.2.-Lesiones;2021;2.339
BALEARS (ILLES);1.2.-Lesiones;2020;2.146
BALEARS (ILLES);1.2.-Lesiones;2019;2.578
BALEARS (ILLES);1.2.-Lesiones;2018;2.658
BALEARS (ILLES);1.3.-Malos tratos ámbito familiar;2024;5.234
BALEARS (ILLES);1.3.-Malos tratos ámbito familiar;2023;5.381
BALEARS (ILLES);1.3.-Malos tratos ámbito familiar;2022;4.806
BALEARS (ILLES);1.3.-Malos tratos ámbito familiar;2021;4.122
BALEARS (ILLES);1.3.-Malos tratos ámbito familiar;2020;3.464
BALEARS (ILLES);1.3.-Malos tratos ámbito familiar;2019;4.052
BALEARS (ILLES);1.3.-Malos tratos ámbito familiar;2018;3.524
BALEARS (ILLES);1.4.-Otros contra las personas;2024;227
BALEARS (ILLES);1.4.-Otros contra las personas;2023;217
BALEARS (ILLES);1.4.-Otros contra las personas;2022;170
BALEARS (ILLES);1.4.-Otros contra las personas;2021;133
BALEARS (ILLES);1.4.-Otros contra las personas;2020;94
BALEARS (ILLES);1.4.-Otros contra las personas;2019;123
BALEARS (ILLES);1.4.-Otros contra las personas;2018;111
BALEARS (ILLES);2. CONTRA LA LIBERTAD;2024;4.589
BALEARS (ILLES);2. CONTRA LA LIBERTAD;2023;4.657
BALEARS (ILLES);2. CONTRA LA LIBERTAD;2022;4.205
BALEARS (ILLES);2. CONTRA LA LIBERTAD;2021;4.068
BALEARS (ILLES);2. CONTRA LA LIBERTAD;2020;3.802
BALEARS (ILLES);2. CONTRA LA LIBERTAD;2019;3.406
BALEARS (ILLES);2. CONTRA LA LIBERTAD;2018;3.204
BALEARS (ILLES);2.1.-Malos tratos habituales en el ámbito familiar;2024;678
BALEARS (ILLES);2.1.-Malos tratos habituales en el ámbito familiar;2023;680
BALEARS (ILLES);2.1.-Malos tratos habituales en el ámbito familiar;2022;642
BALEARS (ILLES);2.1.-Malos tratos habituales en el ámbito familiar;2021;684
BALEARS (ILLES);2.1.-Malos tratos habituales en el ámbito familiar;2020;569
BALEARS (ILLES);2.1.-Malos tratos habituales en el ámbito familiar;2019;512
BALEARS (ILLES);2.1.-Malos tratos habituales en el ámbito familiar;2018;506
BALEARS (ILLES);2.2.-Otros contra la libertad;2024;3.911
BALEARS (ILLES);2.2.-Otros contra la libertad;2023;3.977
BALEARS (ILLES);2.2.-Otros contra la libertad;2022;3.563
BALEARS (ILLES);2.2.-Otros contra la libertad;2021;3.384
BALEARS (ILLES);2.2.-Otros contra la libertad;2020;3.233
BALEARS (ILLES);2.2.-Otros contra la libertad;2019;2.894
BALEARS (ILLES);2.2.-Otros contra la libertad;2018;2.698
BALEARS (ILLES);3. LIBERTAD SEXUAL;2024;746
BALEARS (ILLES);3. LIBERTAD SEXUAL;2023;774
BALEARS (ILLES);3. LIBERTAD SEXUAL;2022;622
BALEARS (ILLES);3. LIBERTAD SEXUAL;2021;557
BALEARS (ILLES);3. LIBERTAD SEXUAL;2020;398
BALEARS (ILLES);3. LIBERTAD SEXUAL;2019;513
BALEARS (ILLES);3. LIBERTAD SEXUAL;2018;409
BALEARS (ILLES);3.1.-Agresión sexual;2024;522
BALEARS (ILLES);3.1.-Agresión sexual;2023;521
BALEARS (ILLES);3.1.-Agresión sexual;2022;413
BALEARS (ILLES);3.1.-Agresión sexual;2021;385
BALEARS (ILLES);3.1.-Agresión sexual;2020;241
BALEARS (ILLES);3.1.-Agresión sexual;2019;354
BALEARS (ILLES);3.1.-Agresión sexual;2018;266
BALEARS (ILLES);3.2.-Agresión sexual con penetración;2024;116
BALEARS (ILLES);3.2.-Agresión sexual con penetración;2023;131
BALEARS (ILLES);3.2.-Agresión sexual con penetración;2022;114
BALEARS (ILLES);3.2.-Agresión sexual con penetración;2021;93
BALEARS (ILLES);3.2.-Agresión sexual con penetración;2020;75
BALEARS (ILLES);3.2.-Agresión sexual con penetración;2019;81
BALEARS (ILLES);3.2.-Agresión sexual con penetración;2018;75
BALEARS (ILLES);3.3.-Corrupción de menores o incapacitados;2024;1
BALEARS (ILLES);3.3.-Corrupción de menores o incapacitados;2023;16
BALEARS (ILLES);3.3.-Corrupción de menores o incapacitados;2022;11
BALEARS (ILLES);3.3.-Corrupción de menores o incapacitados;2021;15
BALEARS (ILLES);3.3.-Corrupción de menores o incapacitados;2020;19
BALEARS (ILLES);3.3.-Corrupción de menores o incapacitados;2019;13
BALEARS (ILLES);3.3.-Corrupción de menores o incapacitados;2018;12
BALEARS (ILLES);3.4.-Pornografía de menores;2024;35
BALEARS (ILLES);3.4.-Pornografía de menores;2023;22
BALEARS (ILLES);3.4.-Pornografía de menores;2022;9
BALEARS (ILLES);3.4.-Pornografía de menores;2021;11
BALEARS (ILLES);3.4.-Pornografía de menores;2020;6
BALEARS (ILLES);3.4.-Pornografía de menores;2019;8
BALEARS (ILLES);3.4.-Pornografía de menores;2018;9
BALEARS (ILLES);3.5.-Otros contra la libertad sexual;2024;72
BALEARS (ILLES);3.5.-Otros contra la libertad sexual;2023;84
BALEARS (ILLES);3.5.-Otros contra la libertad sexual;2022;75
BALEARS (ILLES);3.5.-Otros contra la libertad sexual;2021;53
BALEARS (ILLES);3.5.-Otros contra la libertad sexual;2020;57
BALEARS (ILLES);3.5.-Otros contra la libertad sexual;2019;57
BALEARS (ILLES);3.5.-Otros contra la libertad sexual;2018;47
BALEARS (ILLES);4. RELACIONES FAMILIARES;2024;208
BALEARS (ILLES);4. RELACIONES FAMILIARES;2023;219
BALEARS (ILLES);4. RELACIONES FAMILIARES;2022;240
BALEARS (ILLES);4. RELACIONES FAMILIARES;2021;232
BALEARS (ILLES);4. RELACIONES FAMILIARES;2020;166
BALEARS (ILLES);4. RELACIONES FAMILIARES;2019;161
BALEARS (ILLES);4. RELACIONES FAMILIARES;2018;151
BALEARS (ILLES);5. PATRIMONIO;2024;11.156
BALEARS (ILLES);5. PATRIMONIO;2023;10.580
BALEARS (ILLES);5. PATRIMONIO;2022;9.725
BALEARS (ILLES);5. PATRIMONIO;2021;7.969
BALEARS (ILLES);5. PATRIMONIO;2020;7.620
BALEARS (ILLES);5. PATRIMONIO;2019;9.263
BALEARS (ILLES);5. PATRIMONIO;2018;8.712
BALEARS (ILLES);5.1.-Hurtos;2024;4.656
BALEARS (ILLES);5.1.-Hurtos;2023;4.322
BALEARS (ILLES);5.1.-Hurtos;2022;3.979
BALEARS (ILLES);5.1.-Hurtos;2021;2.729
BALEARS (ILLES);5.1.-Hurtos;2020;2.328
BALEARS (ILLES);5.1.-Hurtos;2019;3.155
BALEARS (ILLES);5.1.-Hurtos;2018;3.292
BALEARS (ILLES);5.2.-Robos con fuerza en las cosas;2024;1.452
BALEARS (ILLES);5.2.-Robos con fuerza en las cosas;2023;1.378
BALEARS (ILLES);5.2.-Robos con fuerza en las cosas;2022;1.363
BALEARS (ILLES);5.2.-Robos con fuerza en las cosas;2021;1.171
BALEARS (ILLES);5.2.-Robos con fuerza en las cosas;2020;1.072
BALEARS (ILLES);5.2.-Robos con fuerza en las cosas;2019;1.518
BALEARS (ILLES);5.2.-Robos con fuerza en las cosas;2018;1.577
BALEARS (ILLES);5.2.1.-Robos con fuerza en las cosas en el interior de vehículos;2024;364
BALEARS (ILLES);5.2.1.-Robos con fuerza en las cosas en el interior de vehículos;2023;355
BALEARS (ILLES);5.2.1.-Robos con fuerza en las cosas en el interior de vehículos;2022;433
BALEARS (ILLES);5.2.1.-Robos con fuerza en las cosas en el interior de vehículos;2021;247
BALEARS (ILLES);5.2.1.-Robos con fuerza en las cosas en el interior de vehículos;2020;275
BALEARS (ILLES);5.2.1.-Robos con fuerza en las cosas en el interior de vehículos;2019;419
BALEARS (ILLES);5.2.1.-Robos con fuerza en las cosas en el interior de vehículos;2018;266
BALEARS (ILLES);5.2.2.-Robos con fuerza en viviendas;2024;523
BALEARS (ILLES);5.2.2.-Robos con fuerza en viviendas;2023;494
BALEARS (ILLES);5.2.2.-Robos con fuerza en viviendas;2022;457
BALEARS (ILLES);5.2.2.-Robos con fuerza en viviendas;2021;413
BALEARS (ILLES);5.2.2.-Robos con fuerza en viviendas;2020;391
BALEARS (ILLES);5.2.2.-Robos con fuerza en viviendas;2019;574
BALEARS (ILLES);5.2.2.-Robos con fuerza en viviendas;2018;649
BALEARS (ILLES);5.2.3.-Robos con fuerza en establecimientos;2024;325
BALEARS (ILLES);5.2.3.-Robos con fuerza en establecimientos;2023;294
BALEARS (ILLES);5.2.3.-Robos con fuerza en establecimientos;2022;280
BALEARS (ILLES);5.2.3.-Robos con fuerza en establecimientos;2021;306
BALEARS (ILLES);5.2.3.-Robos con fuerza en establecimientos;2020;224
BALEARS (ILLES);5.2.3.-Robos con fuerza en establecimientos;2019;292
BALEARS (ILLES);5.2.3.-Robos con fuerza en establecimientos;2018;358
BALEARS (ILLES);5.3.-Robos con violencia o intimidación;2024;589
BALEARS (ILLES);5.3.-Robos con violencia o intimidación;2023;595
BALEARS (ILLES);5.3.-Robos con violencia o intimidación;2022;477
BALEARS (ILLES);5.3.-Robos con violencia o intimidación;2021;374
BALEARS (ILLES);5.3.-Robos con violencia o intimidación;2020;349
BALEARS (ILLES);5.3.-Robos con violencia o intimidación;2019;414
BALEARS (ILLES);5.3.-Robos con violencia o intimidación;2018;419
BALEARS (ILLES);5.3.1.-Robos con violencia en vía pública;2024;324
BALEARS (ILLES);5.3.1.-Robos con violencia en vía pública;2023;330
BALEARS (ILLES);5.3.1.-Robos con violencia en vía pública;2022;266
BALEARS (ILLES);5.3.1.-Robos con violencia en vía pública;2021;205
BALEARS (ILLES);5.3.1.-Robos con violencia en vía pública;2020;178
BALEARS (ILLES);5.3.1.-Robos con violencia en vía pública;2019;222
BALEARS (ILLES);5.3.1.-Robos con violencia en vía pública;2018;218
BALEARS (ILLES);5.3.2.-Robos con violencia en viviendas;2024;49
BALEARS (ILLES);5.3.2.-Robos con violencia en viviendas;2023;47
BALEARS (ILLES);5.3.2.-Robos con violencia en viviendas;2022;49
BALEARS (ILLES);5.3.2.-Robos con violencia en viviendas;2021;53
BALEARS (ILLES);5.3.2.-Robos con violencia en viviendas;2020;41
BALEARS (ILLES);5.3.2.-Robos con violencia en viviendas;2019;48
BALEARS (ILLES);5.3.2.-Robos con violencia en viviendas;2018;53
BALEARS (ILLES);5.3.3.-Robos con violencia en establecimientos;2024;144
BALEARS (ILLES);5.3.3.-Robos con violencia en establecimientos;2023;138
BALEARS (ILLES);5.3.3.-Robos con violencia en establecimientos;2022;103
BALEARS (ILLES);5.3.3.-Robos con violencia en establecimientos;2021;82
BALEARS (ILLES);5.3.3.-Robos con violencia en establecimientos;2020;87
BALEARS (ILLES);5.3.3.-Robos con violencia en establecimientos;2019;83
BALEARS (ILLES);5.3.3.-Robos con violencia en establecimientos;2018;101
BALEARS (ILLES);5.4.-Sustracción de vehículos;2024;563
BALEARS (ILLES);5.4.-Sustracción de vehículos;2023;485
BALEARS (ILLES);5.4.-Sustracción de vehículos;2022;362
BALEARS (ILLES);5.4.-Sustracción de vehículos;2021;291
BALEARS (ILLES);5.4.-Sustracción de vehículos;2020;277
BALEARS (ILLES);5.4.-Sustracción de vehículos;2019;406
BALEARS (ILLES);5.4.-Sustracción de vehículos;2018;483
BALEARS (ILLES);5.5.-Estafas;2024;1.801
BALEARS (ILLES);5.5.-Estafas;2023;1.774
BALEARS (ILLES);5.5.-Estafas;2022;1.671
BALEARS (ILLES);5.5.-Estafas;2021;1.535
BALEARS (ILLES);5.5.-Estafas;2020;1.944
BALEARS (ILLES);5.5.-Estafas;2019;1.746
BALEARS (ILLES);5.5.-Estafas;2018;1.104
BALEARS (ILLES);5.5.1.-Estafas informáticas;2024;1.079
BALEARS (ILLES);5.5.1.-Estafas informáticas;2023;918
BALEARS (ILLES);5.5.1.-Estafas informáticas;2022;740
BALEARS (ILLES);5.5.1.-Estafas informáticas;2021;750
BALEARS (ILLES);5.5.1.-Estafas informáticas;2020;968
BALEARS (ILLES);5.5.1.-Estafas informáticas;2019;521
BALEARS (ILLES);5.5.1.-Estafas informáticas;2018;308
BALEARS (ILLES);5.6.-Daños;2024;1.030
BALEARS (ILLES);5.6.-Daños;2023;1.062
BALEARS (ILLES);5.6.-Daños;2022;962
BALEARS (ILLES);5.6.-Daños;2021;973
BALEARS (ILLES);5.6.-Daños;2020;849
BALEARS (ILLES);5.6.-Daños;2019;1.074
BALEARS (ILLES);5.6.-Daños;2018;941
BALEARS (ILLES);5.7.-Contra la propiedad intelectual/industrial;2024;99
BALEARS (ILLES);5.7.-Contra la propiedad intelectual/industrial;2023;69
BALEARS (ILLES);5.7.-Contra la propiedad intelectual/industrial;2022;50
BALEARS (ILLES);5.7.-Contra la propiedad intelectual/industrial;2021;61
BALEARS (ILLES);5.7.-Contra la propiedad intelectual/industrial;2020;21
BALEARS (ILLES);5.7.-Contra la propiedad intelectual/industrial;2019;92
BALEARS (ILLES);5.7.-Contra la propiedad intelectual/industrial;2018;67
BALEARS (ILLES);5.8.-Blanqueo de capitales;2024;10
BALEARS (ILLES);5.8.-Blanqueo de capitales;2023;6
BALEARS (ILLES);5.8.-Blanqueo de capitales;2022;9
BALEARS (ILLES);5.8.-Blanqueo de capitales;2021;2
BALEARS (ILLES);5.8.-Blanqueo de capitales;2020;7
BALEARS (ILLES);5.8.-Blanqueo de capitales;2019;6
BALEARS (ILLES);5.8.-Blanqueo de capitales;2018;6
BALEARS (ILLES);5.9.-Otros contra el patrimonio;2024;956
BALEARS (ILLES);5.9.-Otros contra el patrimonio;2023;889
BALEARS (ILLES);5.9.-Otros contra el patrimonio;2022;852
BALEARS (ILLES);5.9.-Otros contra el patrimonio;2021;833
BALEARS (ILLES);5.9.-Otros contra el patrimonio;2020;773
BALEARS (ILLES);5.9.-Otros contra el patrimonio;2019;852
BALEARS (ILLES);5.9.-Otros contra el patrimonio;2018;823
BALEARS (ILLES);6. SEGURIDAD COLECTIVA;2024;2.508
BALEARS (ILLES);6. SEGURIDAD COLECTIVA;2023;2.718
BALEARS (ILLES);6. SEGURIDAD COLECTIVA;2022;2.313
BALEARS (ILLES);6. SEGURIDAD COLECTIVA;2021;1.873
BALEARS (ILLES);6. SEGURIDAD COLECTIVA;2020;2.003
BALEARS (ILLES);6. SEGURIDAD COLECTIVA;2019;2.760
BALEARS (ILLES);6. SEGURIDAD COLECTIVA;2018;2.576
BALEARS (ILLES);6.1.-Tráfico de drogas;2024;717
BALEARS (ILLES);6.1.-Tráfico de drogas;2023;728
BALEARS (ILLES);6.1.-Tráfico de drogas;2022;588
BALEARS (ILLES);6.1.-Tráfico de drogas;2021;349
BALEARS (ILLES);6.1.-Tráfico de drogas;2020;379
BALEARS (ILLES);6.1.-Tráfico de drogas;2019;623
BALEARS (ILLES);6.1.-Tráfico de drogas;2018;487
BALEARS (ILLES);6.2.-Contra la seguridad vial;2024;1.599
BALEARS (ILLES);6.2.-Contra la seguridad vial;2023;1.836
BALEARS (ILLES);6.2.-Contra la seguridad vial;2022;1.622
BALEARS (ILLES);6.2.-Contra la seguridad vial;2021;1.475
BALEARS (ILLES);6.2.-Contra la seguridad vial;2020;1.586
BALEARS (ILLES);6.2.-Contra la seguridad vial;2019;2.008
BALEARS (ILLES);6.2.-Contra la seguridad vial;2018;1.942
BALEARS (ILLES);6.3.-Otros contra la seguridad colectiva;2024;192
BALEARS (ILLES);6.3.-Otros contra la seguridad colectiva;2023;154
BALEARS (ILLES);6.3.-Otros contra la seguridad colectiva;2022;103
BALEARS (ILLES);6.3.-Otros contra la seguridad colectiva;2021;49
BALEARS (ILLES);6.3.-Otros contra la seguridad colectiva;2020;38
BALEARS (ILLES);6.3.-Otros contra la seguridad colectiva;2019;129
BALEARS (ILLES);6.3.-Otros contra la seguridad colectiva;2018;147
BALEARS (ILLES);7. FALSEDADES;2024;389
BALEARS (ILLES);7. FALSEDADES;2023;359
BALEARS (ILLES);7. FALSEDADES;2022;388
BALEARS (ILLES);7. FALSEDADES;2021;406
BALEARS (ILLES);7. FALSEDADES;2020;285
BALEARS (ILLES);7. FALSEDADES;2019;472
BALEARS (ILLES);7. FALSEDADES;2018;423
BALEARS (ILLES);8. ADMÓN. PÚBLICA;2024;20
BALEARS (ILLES);8. ADMÓN. PÚBLICA;2023;10
BALEARS (ILLES);8. ADMÓN. PÚBLICA;2022;12
BALEARS (ILLES);8. ADMÓN. PÚBLICA;2021;6
BALEARS (ILLES);8. ADMÓN. PÚBLICA;2020;10
BALEARS (ILLES);8. ADMÓN. PÚBLICA;2019;6
BALEARS (ILLES);8. ADMÓN. PÚBLICA;2018;4
BALEARS (ILLES);9. ADMÓN. JUSTICIA;2024;1.697
BALEARS (ILLES);9. ADMÓN. JUSTICIA;2023;1.683
BALEARS (ILLES);9. ADMÓN. JUSTICIA;2022;1.461
BALEARS (ILLES);9. ADMÓN. JUSTICIA;2021;1.352
BALEARS (ILLES);9. ADMÓN. JUSTICIA;2020;1.179
BALEARS (ILLES);9. ADMÓN. JUSTICIA;2019;1.045
BALEARS (ILLES);9. ADMÓN. JUSTICIA;2018;939
BALEARS (ILLES);10. ORDEN PÚBLICO;2024;874
BALEARS (ILLES);10. ORDEN PÚBLICO;2023;900
BALEARS (ILLES);10. ORDEN PÚBLICO;2022;875
BALEARS (ILLES);10. ORDEN PÚBLICO;2021;713
BALEARS (ILLES);10. ORDEN PÚBLICO;2020;1.048
BALEARS (ILLES);10. ORDEN PÚBLICO;2019;631
BALEARS (ILLES);10. ORDEN PÚBLICO;2018;595
BALEARS (ILLES);11. LEGISLACIÓN ESPECIAL;2024;2
BALEARS (ILLES);11. LEGISLACIÓN ESPECIAL;2023;1
BALEARS (ILLES);11. LEGISLACIÓN ESPECIAL;2022;1
BALEARS (ILLES);11. LEGISLACIÓN ESPECIAL;2021;0
BALEARS (ILLES);11. LEGISLACIÓN ESPECIAL;2020;1
BALEARS (ILLES);11. LEGISLACIÓN ESPECIAL;2019;0
BALEARS (ILLES);11. LEGISLACIÓN ESPECIAL;2018;2
BALEARS (ILLES);12. OTRAS INFRACCIONES PENALES;2024;222
BALEARS (ILLES);12. OTRAS INFRACCIONES PENALES;2023;244
BALEARS (ILLES);12. OTRAS INFRACCIONES PENALES;2022;231
BALEARS (ILLES);12. OTRAS INFRACCIONES PENALES;2021;185
BALEARS (ILLES);12. OTRAS INFRACCIONES PENALES;2020;187
BALEARS (ILLES);12. OTRAS INFRACCIONES PENALES;2019;182
BALEARS (ILLES);12. OTRAS INFRACCIONES PENALES;2018;199
BALEARS (ILLES);TOTAL INFRACCIONES PENALES;2024;31.256
BALEARS (ILLES);TOTAL INFRACCIONES PENALES;2023;31.005
BALEARS (ILLES);TOTAL INFRACCIONES PENALES;2022;28.091
BALEARS (ILLES);TOTAL INFRACCIONES PENALES;2021;23.993
BALEARS (ILLES);TOTAL INFRACCIONES PENALES;2020;22.440
BALEARS (ILLES);TOTAL INFRACCIONES PENALES;2019;25.236
BALEARS (ILLES);TOTAL INFRACCIONES PENALES;2018;23.549
CANARIAS;1. CONTRA LAS PERSONAS;2024;13.789
CANARIAS;1. CONTRA LAS PERSONAS;2023;13.755
CANARIAS;1. CONTRA LAS PERSONAS;2022;12.580
CANARIAS;1. CONTRA LAS PERSONAS;2021;11.520
CANARIAS;1. CONTRA LAS PERSONAS;2020;10.812
CANARIAS;1. CONTRA LAS PERSONAS;2019;11.427
CANARIAS;1. CONTRA LAS PERSONAS;2018;10.951
CANARIAS;1.1.-Homicidios dolosos/asesinatos;2024;58
CANARIAS;1.1.-Homicidios dolosos/asesinatos;2023;75
CANARIAS;1.1.-Homicidios dolosos/asesinatos;2022;55
CANARIAS;1.1.-Homicidios dolosos/asesinatos;2021;48
CANARIAS;1.1.-Homicidios dolosos/asesinatos;2020;50
CANARIAS;1.1.-Homicidios dolosos/asesinatos;2019;67
CANARIAS;1.1.-Homicidios dolosos/asesinatos;2018;63
CANARIAS;1.1.1.-Homicidios dolosos/asesinatos consumados;2024;14
CANARIAS;1.1.1.-Homicidios dolosos/asesinatos consumados;2023;19
CANARIAS;1.1.1.-Homicidios dolosos/asesinatos consumados;2022;13
CANARIAS;1.1.1.-Homicidios dolosos/asesinatos consumados;2021;12
CANARIAS;1.1.1.-Homicidios dolosos/asesinatos consumados;2020;11
CANARIAS;1.1.1.-Homicidios dolosos/asesinatos consumados;2019;22
CANARIAS;1.1.1.-Homicidios dolosos/asesinatos consumados;2018;23
CANARIAS;1.2.-Lesiones;2024;6.441
CANARIAS;1.2.-Lesiones;2023;6.473
CANARIAS;1.2.-Lesiones;2022;6.023
CANARIAS;1.2.-Lesiones;2021;5.597
CANARIAS;1.2.-Lesiones;2020;5.137
CANARIAS;1.2.-Lesiones;2019;5.950
CANARIAS;1.2.-Lesiones;2018;5.799
CANARIAS;1.3.-Malos tratos ámbito familiar;2024;6.797
CANARIAS;1.3.-Malos tratos ámbito familiar;2023;6.765
CANARIAS;1.3.-Malos tratos ámbito familiar;2022;6.103
CANARIAS;1.3.-Malos tratos ámbito familiar;2021;5.533
CANARIAS;1.3.-Malos tratos ámbito familiar;2020;5.346
CANARIAS;1.3.-Malos tratos ámbito familiar;2019;5.078
CANARIAS;1.3.-Malos tratos ámbito familiar;2018;4.796
CANARIAS;1.4.-Otros contra las personas;2024;493
CANARIAS;1.4.-Otros contra las personas;2023;442
CANARIAS;1.4.-Otros contra las personas;2022;399
CANARIAS;1.4.-Otros contra las personas;2021;342
CANARIAS;1.4.-Otros contra las personas;2020;279
CANARIAS;1.4.-Otros contra las personas;2019;332
CANARIAS;1.4.-Otros contra las personas;2018;293
CANARIAS;2. CONTRA LA LIBERTAD;2024;9.458
CANARIAS;2. CONTRA LA LIBERTAD;2023;9.484
CANARIAS;2. CONTRA LA LIBERTAD;2022;8.568
CANARIAS;2. CONTRA LA LIBERTAD;2021;8.687
CANARIAS;2. CONTRA LA LIBERTAD;2020;8.669
CANARIAS;2. CONTRA LA LIBERTAD;2019;8.243
CANARIAS;2. CONTRA LA LIBERTAD;2018;7.909
CANARIAS;2.1.-Malos tratos habituales en el ámbito familiar;2024;1.105
CANARIAS;2.1.-Malos tratos habituales en el ámbito familiar;2023;1.082
CANARIAS;2.1.-Malos tratos habituales en el ámbito familiar;2022;846
CANARIAS;2.1.-Malos tratos habituales en el ámbito familiar;2021;912
CANARIAS;2.1.-Malos tratos habituales en el ámbito familiar;2020;863
CANARIAS;2.1.-Malos tratos habituales en el ámbito familiar;2019;858
CANARIAS;2.1.-Malos tratos habituales en el ámbito familiar;2018;725
CANARIAS;2.2.-Otros contra la libertad;2024;8.353
CANARIAS;2.2.-Otros contra la libertad;2023;8.402
CANARIAS;2.2.-Otros contra la libertad;2022;7.722
CANARIAS;2.2.-Otros contra la libertad;2021;7.775
CANARIAS;2.2.-Otros contra la libertad;2020;7.806
CANARIAS;2.2.-Otros contra la libertad;2019;7.385
CANARIAS;2.2.-Otros contra la libertad;2018;7.184
CANARIAS;3. LIBERTAD SEXUAL;2024;1.110
CANARIAS;3. LIBERTAD SEXUAL;2023;977
CANARIAS;3. LIBERTAD SEXUAL;2022;933
CANARIAS;3. LIBERTAD SEXUAL;2021;815
CANARIAS;3. LIBERTAD SEXUAL;2020;740
CANARIAS;3. LIBERTAD SEXUAL;2019;756
CANARIAS;3. LIBERTAD SEXUAL;2018;668
CANARIAS;3.1.-Agresión sexual;2024;759
CANARIAS;3.1.-Agresión sexual;2023;632
CANARIAS;3.1.-Agresión sexual;2022;628
CANARIAS;3.1.-Agresión sexual;2021;537
CANARIAS;3.1.-Agresión sexual;2020;445
CANARIAS;3.1.-Agresión sexual;2019;499
CANARIAS;3.1.-Agresión sexual;2018;408
CANARIAS;3.2.-Agresión sexual con penetración;2024;200
CANARIAS;3.2.-Agresión sexual con penetración;2023;191
CANARIAS;3.2.-Agresión sexual con penetración;2022;190
CANARIAS;3.2.-Agresión sexual con penetración;2021;151
CANARIAS;3.2.-Agresión sexual con penetración;2020;161
CANARIAS;3.2.-Agresión sexual con penetración;2019;109
CANARIAS;3.2.-Agresión sexual con penetración;2018;141
CANARIAS;3.3.-Corrupción de menores o incapacitados;2024;16
CANARIAS;3.3.-Corrupción de menores o incapacitados;2023;24
CANARIAS;3.3.-Corrupción de menores o incapacitados;2022;13
CANARIAS;3.3.-Corrupción de menores o incapacitados;2021;11
CANARIAS;3.3.-Corrupción de menores o incapacitados;2020;28
CANARIAS;3.3.-Corrupción de menores o incapacitados;2019;22
CANARIAS;3.3.-Corrupción de menores o incapacitados;2018;7
CANARIAS;3.4.-Pornografía de menores;2024;41
CANARIAS;3.4.-Pornografía de menores;2023;41
CANARIAS;3.4.-Pornografía de menores;2022;22
CANARIAS;3.4.-Pornografía de menores;2021;44
CANARIAS;3.4.-Pornografía de menores;2020;39
CANARIAS;3.4.-Pornografía de menores;2019;55
CANARIAS;3.4.-Pornografía de menores;2018;46
CANARIAS;3.5.-Otros contra la libertad sexual;2024;94
CANARIAS;3.5.-Otros contra la libertad sexual;2023;89
CANARIAS;3.5.-Otros contra la libertad sexual;2022;80
CANARIAS;3.5.-Otros contra la libertad sexual;2021;72
CANARIAS;3.5.-Otros contra la libertad sexual;2020;67
CANARIAS;3.5.-Otros contra la libertad sexual;2019;71
CANARIAS;3.5.-Otros contra la libertad sexual;2018;66
CANARIAS;4. RELACIONES FAMILIARES;2024;498
CANARIAS;4. RELACIONES FAMILIARES;2023;551
CANARIAS;4. RELACIONES FAMILIARES;2022;597
CANARIAS;4. RELACIONES FAMILIARES;2021;625
CANARIAS;4. RELACIONES FAMILIARES;2020;631
CANARIAS;4. RELACIONES FAMILIARES;2019;627
CANARIAS;4. RELACIONES FAMILIARES;2018;738
CANARIAS;5. PATRIMONIO;2024;18.937
CANARIAS;5. PATRIMONIO;2023;17.871
CANARIAS;5. PATRIMONIO;2022;16.244
CANARIAS;5. PATRIMONIO;2021;14.330
CANARIAS;5. PATRIMONIO;2020;13.719
CANARIAS;5. PATRIMONIO;2019;15.485
CANARIAS;5. PATRIMONIO;2018;14.622
CANARIAS;5.1.-Hurtos;2024;7.418
CANARIAS;5.1.-Hurtos;2023;6.681
CANARIAS;5.1.-Hurtos;2022;5.899
CANARIAS;5.1.-Hurtos;2021;4.913
CANARIAS;5.1.-Hurtos;2020;4.081
CANARIAS;5.1.-Hurtos;2019;5.499
CANARIAS;5.1.-Hurtos;2018;5.486
CANARIAS;5.2.-Robos con fuerza en las cosas;2024;1.816
CANARIAS;5.2.-Robos con fuerza en las cosas;2023;1.814
CANARIAS;5.2.-Robos con fuerza en las cosas;2022;1.883
CANARIAS;5.2.-Robos con fuerza en las cosas;2021;1.825
CANARIAS;5.2.-Robos con fuerza en las cosas;2020;1.744
CANARIAS;5.2.-Robos con fuerza en las cosas;2019;2.122
CANARIAS;5.2.-Robos con fuerza en las cosas;2018;2.226
CANARIAS;5.2.1.-Robos con fuerza en las cosas en el interior de vehículos;2024;514
CANARIAS;5.2.1.-Robos con fuerza en las cosas en el interior de vehículos;2023;402
CANARIAS;5.2.1.-Robos con fuerza en las cosas en el interior de vehículos;2022;447
CANARIAS;5.2.1.-Robos con fuerza en las cosas en el interior de vehículos;2021;413
CANARIAS;5.2.1.-Robos con fuerza en las cosas en el interior de vehículos;2020;437
CANARIAS;5.2.1.-Robos con fuerza en las cosas en el interior de vehículos;2019;522
CANARIAS;5.2.1.-Robos con fuerza en las cosas en el interior de vehículos;2018;456
CANARIAS;5.2.2.-Robos con fuerza en viviendas;2024;466
CANARIAS;5.2.2.-Robos con fuerza en viviendas;2023;539
CANARIAS;5.2.2.-Robos con fuerza en viviendas;2022;608
CANARIAS;5.2.2.-Robos con fuerza en viviendas;2021;642
CANARIAS;5.2.2.-Robos con fuerza en viviendas;2020;600
CANARIAS;5.2.2.-Robos con fuerza en viviendas;2019;674
CANARIAS;5.2.2.-Robos con fuerza en viviendas;2018;791
CANARIAS;5.2.3.-Robos con fuerza en establecimientos;2024;431
CANARIAS;5.2.3.-Robos con fuerza en establecimientos;2023;450
CANARIAS;5.2.3.-Robos con fuerza en establecimientos;2022;406
CANARIAS;5.2.3.-Robos con fuerza en establecimientos;2021;376
CANARIAS;5.2.3.-Robos con fuerza en establecimientos;2020;354
CANARIAS;5.2.3.-Robos con fuerza en establecimientos;2019;439
CANARIAS;5.2.3.-Robos con fuerza en establecimientos;2018;498
CANARIAS;5.3.-Robos con violencia o intimidación;2024;937
CANARIAS;5.3.-Robos con violencia o intimidación;2023;973
CANARIAS;5.3.-Robos con violencia o intimidación;2022;824
CANARIAS;5.3.-Robos con violencia o intimidación;2021;733
CANARIAS;5.3.-Robos con violencia o intimidación;2020;708
CANARIAS;5.3.-Robos con violencia o intimidación;2019;783
CANARIAS;5.3.-Robos con violencia o intimidación;2018;735
CANARIAS;5.3.1.-Robos con violencia en vía pública;2024;492
CANARIAS;5.3.1.-Robos con violencia en vía pública;2023;515
CANARIAS;5.3.1.-Robos con violencia en vía pública;2022;415
CANARIAS;5.3.1.-Robos con violencia en vía pública;2021;363
CANARIAS;5.3.1.-Robos con violencia en vía pública;2020;329
CANARIAS;5.3.1.-Robos con violencia en vía pública;2019;409
CANARIAS;5.3.1.-Robos con violencia en vía pública;2018;371
CANARIAS;5.3.2.-Robos con violencia en viviendas;2024;104
CANARIAS;5.3.2.-Robos con violencia en viviendas;2023;105
CANARIAS;5.3.2.-Robos con violencia en viviendas;2022;84
CANARIAS;5.3.2.-Robos con violencia en viviendas;2021;88
CANARIAS;5.3.2.-Robos con violencia en viviendas;2020;109
CANARIAS;5.3.2.-Robos con violencia en viviendas;2019;89
CANARIAS;5.3.2.-Robos con violencia en viviendas;2018;71
CANARIAS;5.3.3.-Robos con violencia en establecimientos;2024;224
CANARIAS;5.3.3.-Robos con violencia en establecimientos;2023;225
CANARIAS;5.3.3.-Robos con violencia en establecimientos;2022;214
CANARIAS;5.3.3.-Robos con violencia en establecimientos;2021;174
CANARIAS;5.3.3.-Robos con violencia en establecimientos;2020;178
CANARIAS;5.3.3.-Robos con violencia en establecimientos;2019;178
CANARIAS;5.3.3.-Robos con violencia en establecimientos;2018;190
CANARIAS;5.4.-Sustracción de vehículos;2024;704
CANARIAS;5.4.-Sustracción de vehículos;2023;688
CANARIAS;5.4.-Sustracción de vehículos;2022;467
CANARIAS;5.4.-Sustracción de vehículos;2021;382
CANARIAS;5.4.-Sustracción de vehículos;2020;466
CANARIAS;5.4.-Sustracción de vehículos;2019;516
CANARIAS;5.4.-Sustracción de vehículos;2018;461
CANARIAS;5.5.-Estafas;2024;4.077
CANARIAS;5.5.-Estafas;2023;4.006
CANARIAS;5.5.-Estafas;2022;3.489
CANARIAS;5.5.-Estafas;2021;3.127
CANARIAS;5.5.-Estafas;2020;3.306
CANARIAS;5.5.-Estafas;2019;2.896
CANARIAS;5.5.-Estafas;2018;2.283
CANARIAS;5.5.1.-Estafas informáticas;2024;2.515
CANARIAS;5.5.1.-Estafas informáticas;2023;2.432
CANARIAS;5.5.1.-Estafas informáticas;2022;1.922
CANARIAS;5.5.1.-Estafas informáticas;2021;1.641
CANARIAS;5.5.1.-Estafas informáticas;2020;1.474
CANARIAS;5.5.1.-Estafas informáticas;2019;985
CANARIAS;5.5.1.-Estafas informáticas;2018;646
CANARIAS;5.6.-Daños;2024;2.459
CANARIAS;5.6.-Daños;2023;2.313
CANARIAS;5.6.-Daños;2022;2.390
CANARIAS;5.6.-Daños;2021;2.228
CANARIAS;5.6.-Daños;2020;2.058
CANARIAS;5.6.-Daños;2019;2.153
CANARIAS;5.6.-Daños;2018;1.924
CANARIAS;5.7.-Contra la propiedad intelectual/industrial;2024;128
CANARIAS;5.7.-Contra la propiedad intelectual/industrial;2023;84
CANARIAS;5.7.-Contra la propiedad intelectual/industrial;2022;84
CANARIAS;5.7.-Contra la propiedad intelectual/industrial;2021;45
CANARIAS;5.7.-Contra la propiedad intelectual/industrial;2020;31
CANARIAS;5.7.-Contra la propiedad intelectual/industrial;2019;152
CANARIAS;5.7.-Contra la propiedad intelectual/industrial;2018;109
CANARIAS;5.8.-Blanqueo de capitales;2024;18
CANARIAS;5.8.-Blanqueo de capitales;2023;13
CANARIAS;5.8.-Blanqueo de capitales;2022;9
CANARIAS;5.8.-Blanqueo de capitales;2021;18
CANARIAS;5.8.-Blanqueo de capitales;2020;8
CANARIAS;5.8.-Blanqueo de capitales;2019;12
CANARIAS;5.8.-Blanqueo de capitales;2018;12
CANARIAS;5.9.-Otros contra el patrimonio;2024;1.380
CANARIAS;5.9.-Otros contra el patrimonio;2023;1.299
CANARIAS;5.9.-Otros contra el patrimonio;2022;1.199
CANARIAS;5.9.-Otros contra el patrimonio;2021;1.059
CANARIAS;5.9.-Otros contra el patrimonio;2020;1.317
CANARIAS;5.9.-Otros contra el patrimonio;2019;1.352
CANARIAS;5.9.-Otros contra el patrimonio;2018;1.386
CANARIAS;6. SEGURIDAD COLECTIVA;2024;3.584
CANARIAS;6. SEGURIDAD COLECTIVA;2023;3.557
CANARIAS;6. SEGURIDAD COLECTIVA;2022;3.401
CANARIAS;6. SEGURIDAD COLECTIVA;2021;2.964
CANARIAS;6. SEGURIDAD COLECTIVA;2020;2.812
CANARIAS;6. SEGURIDAD COLECTIVA;2019;3.285
CANARIAS;6. SEGURIDAD COLECTIVA;2018;3.140
CANARIAS;6.1.-Tráfico de drogas;2024;774
CANARIAS;6.1.-Tráfico de drogas;2023;739
CANARIAS;6.1.-Tráfico de drogas;2022;669
CANARIAS;6.1.-Tráfico de drogas;2021;527
CANARIAS;6.1.-Tráfico de drogas;2020;543
CANARIAS;6.1.-Tráfico de drogas;2019;597
CANARIAS;6.1.-Tráfico de drogas;2018;615
CANARIAS;6.2.-Contra la seguridad vial;2024;2.631
CANARIAS;6.2.-Contra la seguridad vial;2023;2.695
CANARIAS;6.2.-Contra la seguridad vial;2022;2.645
CANARIAS;6.2.-Contra la seguridad vial;2021;2.390
CANARIAS;6.2.-Contra la seguridad vial;2020;2.221
CANARIAS;6.2.-Contra la seguridad vial;2019;2.649
CANARIAS;6.2.-Contra la seguridad vial;2018;2.465
CANARIAS;6.3.-Otros contra la seguridad colectiva;2024;179
CANARIAS;6.3.-Otros contra la seguridad colectiva;2023;123
CANARIAS;6.3.-Otros contra la seguridad colectiva;2022;87
CANARIAS;6.3.-Otros contra la seguridad colectiva;2021;47
CANARIAS;6.3.-Otros contra la seguridad colectiva;2020;48
CANARIAS;6.3.-Otros contra la seguridad colectiva;2019;39
CANARIAS;6.3.-Otros contra la seguridad colectiva;2018;60
CANARIAS;7. FALSEDADES;2024;602
CANARIAS;7. FALSEDADES;2023;515
CANARIAS;7. FALSEDADES;2022;552
CANARIAS;7. FALSEDADES;2021;618
CANARIAS;7. FALSEDADES;2020;600
CANARIAS;7. FALSEDADES;2019;703
CANARIAS;7. FALSEDADES;2018;527
CANARIAS;8. ADMÓN. PÚBLICA;2024;22
CANARIAS;8. ADMÓN. PÚBLICA;2023;16
CANARIAS;8. ADMÓN. PÚBLICA;2022;19
CANARIAS;8. ADMÓN. PÚBLICA;2021;19
CANARIAS;8. ADMÓN. PÚBLICA;2020;16
CANARIAS;8. ADMÓN. PÚBLICA;2019;14
CANARIAS;8. ADMÓN. PÚBLICA;2018;9
CANARIAS;9. ADMÓN. JUSTICIA;2024;2.502
CANARIAS;9. ADMÓN. JUSTICIA;2023;2.309
CANARIAS;9. ADMÓN. JUSTICIA;2022;1.976
CANARIAS;9. ADMÓN. JUSTICIA;2021;1.836
CANARIAS;9. ADMÓN. JUSTICIA;2020;1.735
CANARIAS;9. ADMÓN. JUSTICIA;2019;1.732
CANARIAS;9. ADMÓN. JUSTICIA;2018;1.492
CANARIAS;10. ORDEN PÚBLICO;2024;1.199
CANARIAS;10. ORDEN PÚBLICO;2023;1.079
CANARIAS;10. ORDEN PÚBLICO;2022;913
CANARIAS;10. ORDEN PÚBLICO;2021;1.066
CANARIAS;10. ORDEN PÚBLICO;2020;1.385
CANARIAS;10. ORDEN PÚBLICO;2019;911
CANARIAS;10. ORDEN PÚBLICO;2018;850
CANARIAS;11. LEGISLACIÓN ESPECIAL;2024;5
CANARIAS;11. LEGISLACIÓN ESPECIAL;2023;3
CANARIAS;11. LEGISLACIÓN ESPECIAL;2022;1
CANARIAS;11. LEGISLACIÓN ESPECIAL;2021;2
CANARIAS;11. LEGISLACIÓN ESPECIAL;2020;1
CANARIAS;11. LEGISLACIÓN ESPECIAL;2019;12
CANARIAS;11. LEGISLACIÓN ESPECIAL;2018;0
CANARIAS;12. OTRAS INFRACCIONES PENALES;2024;525
CANARIAS;12. OTRAS INFRACCIONES PENALES;2023;555
CANARIAS;12. OTRAS INFRACCIONES PENALES;2022;535
CANARIAS;12. OTRAS INFRACCIONES PENALES;2021;428
CANARIAS;12. OTRAS INFRACCIONES PENALES;2020;379
CANARIAS;12. OTRAS INFRACCIONES PENALES;2019;330
CANARIAS;12. OTRAS INFRACCIONES PENALES;2018;289
CANARIAS;TOTAL INFRACCIONES PENALES;2024;52.231
CANARIAS;TOTAL INFRACCIONES PENALES;2023;50.672
CANARIAS;TOTAL INFRACCIONES PENALES;2022;46.319
CANARIAS;TOTAL INFRACCIONES PENALES;2021;42.910
CANARIAS;TOTAL INFRACCIONES PENALES;2020;41.499
CANARIAS;TOTAL INFRACCIONES PENALES;2019;43.525
CANARIAS;TOTAL INFRACCIONES PENALES;2018;41.195
CANTABRIA;1. CONTRA LAS PERSONAS;2024;2.536
CANTABRIA;1. CONTRA LAS PERSONAS;2023;2.602
CANTABRIA;1. CONTRA LAS PERSONAS;2022;2.188
CANTABRIA;1. CONTRA LAS PERSONAS;2021;1.881
CANTABRIA;1. CONTRA LAS PERSONAS;2020;1.589
CANTABRIA;1. CONTRA LAS PERSONAS;2019;1.829
CANTABRIA;1. CONTRA LAS PERSONAS;2018;1.953
CANTABRIA;1.1.-Homicidios dolosos/asesinatos;2024;20
CANTABRIA;1.1.-Homicidios dolosos/asesinatos;2023;10
CANTABRIA;1.1.-Homicidios dolosos/asesinatos;2022;12
CANTABRIA;1.1.-Homicidios dolosos/asesinatos;2021;14
CANTABRIA;1.1.-Homicidios dolosos/asesinatos;2020;4
CANTABRIA;1.1.-Homicidios dolosos/asesinatos;2019;15
CANTABRIA;1.1.-Homicidios dolosos/asesinatos;2018;4
CANTABRIA;1.1.1.-Homicidios dolosos/asesinatos consumados;2024;2
CANTABRIA;1.1.1.-Homicidios dolosos/asesinatos consumados;2023;0
CANTABRIA;1.1.1.-Homicidios dolosos/asesinatos consumados;2022;1
CANTABRIA;1.1.1.-Homicidios dolosos/asesinatos consumados;2021;4
CANTABRIA;1.1.1.-Homicidios dolosos/asesinatos consumados;2020;1
CANTABRIA;1.1.1.-Homicidios dolosos/asesinatos consumados;2019;6
CANTABRIA;1.1.1.-Homicidios dolosos/asesinatos consumados;2018;1
CANTABRIA;1.2.-Lesiones;2024;1.332
CANTABRIA;1.2.-Lesiones;2023;1.449
CANTABRIA;1.2.-Lesiones;2022;1.231
CANTABRIA;1.2.-Lesiones;2021;1.072
CANTABRIA;1.2.-Lesiones;2020;899
CANTABRIA;1.2.-Lesiones;2019;1.107
CANTABRIA;1.2.-Lesiones;2018;1.279
CANTABRIA;1.3.-Malos tratos ámbito familiar;2024;1.068
CANTABRIA;1.3.-Malos tratos ámbito familiar;2023;1.040
CANTABRIA;1.3.-Malos tratos ámbito familiar;2022;864
CANTABRIA;1.3.-Malos tratos ámbito familiar;2021;702
CANTABRIA;1.3.-Malos tratos ámbito familiar;2020;601
CANTABRIA;1.3.-Malos tratos ámbito familiar;2019;618
CANTABRIA;1.3.-Malos tratos ámbito familiar;2018;598
CANTABRIA;1.4.-Otros contra las personas;2024;116
CANTABRIA;1.4.-Otros contra las personas;2023;103
CANTABRIA;1.4.-Otros contra las personas;2022;81
CANTABRIA;1.4.-Otros contra las personas;2021;93
CANTABRIA;1.4.-Otros contra las personas;2020;85
CANTABRIA;1.4.-Otros contra las personas;2019;89
CANTABRIA;1.4.-Otros contra las personas;2018;72
CANTABRIA;2. CONTRA LA LIBERTAD;2024;1.501
CANTABRIA;2. CONTRA LA LIBERTAD;2023;1.581
CANTABRIA;2. CONTRA LA LIBERTAD;2022;1.383
CANTABRIA;2. CONTRA LA LIBERTAD;2021;1.385
CANTABRIA;2. CONTRA LA LIBERTAD;2020;1.144
CANTABRIA;2. CONTRA LA LIBERTAD;2019;1.196
CANTABRIA;2. CONTRA LA LIBERTAD;2018;1.198
CANTABRIA;2.1.-Malos tratos habituales en el ámbito familiar;2024;188
CANTABRIA;2.1.-Malos tratos habituales en el ámbito familiar;2023;188
CANTABRIA;2.1.-Malos tratos habituales en el ámbito familiar;2022;168
CANTABRIA;2.1.-Malos tratos habituales en el ámbito familiar;2021;148
CANTABRIA;2.1.-Malos tratos habituales en el ámbito familiar;2020;126
CANTABRIA;2.1.-Malos tratos habituales en el ámbito familiar;2019;133
CANTABRIA;2.1.-Malos tratos habituales en el ámbito familiar;2018;121
CANTABRIA;2.2.-Otros contra la libertad;2024;1.313
CANTABRIA;2.2.-Otros contra la libertad;2023;1.393
CANTABRIA;2.2.-Otros contra la libertad;2022;1.215
CANTABRIA;2.2.-Otros contra la libertad;2021;1.237
CANTABRIA;2.2.-Otros contra la libertad;2020;1.018
CANTABRIA;2.2.-Otros contra la libertad;2019;1.063
CANTABRIA;2.2.-Otros contra la libertad;2018;1.077
CANTABRIA;3. LIBERTAD SEXUAL;2024;167
CANTABRIA;3. LIBERTAD SEXUAL;2023;155
CANTABRIA;3. LIBERTAD SEXUAL;2022;147
CANTABRIA;3. LIBERTAD SEXUAL;2021;121
CANTABRIA;3. LIBERTAD SEXUAL;2020;74
CANTABRIA;3. LIBERTAD SEXUAL;2019;90
CANTABRIA;3. LIBERTAD SEXUAL;2018;86
CANTABRIA;3.1.-Agresión sexual;2024;91
CANTABRIA;3.1.-Agresión sexual;2023;94
CANTABRIA;3.1.-Agresión sexual;2022;82
CANTABRIA;3.1.-Agresión sexual;2021;75
CANTABRIA;3.1.-Agresión sexual;2020;45
CANTABRIA;3.1.-Agresión sexual;2019;55
CANTABRIA;3.1.-Agresión sexual;2018;53
CANTABRIA;3.2.-Agresión sexual con penetración;2024;42
CANTABRIA;3.2.-Agresión sexual con penetración;2023;35
CANTABRIA;3.2.-Agresión sexual con penetración;2022;40
CANTABRIA;3.2.-Agresión sexual con penetración;2021;28
CANTABRIA;3.2.-Agresión sexual con penetración;2020;14
CANTABRIA;3.2.-Agresión sexual con penetración;2019;15
CANTABRIA;3.2.-Agresión sexual con penetración;2018;13
CANTABRIA;3.3.-Corrupción de menores o incapacitados;2024;1
CANTABRIA;3.3.-Corrupción de menores o incapacitados;2023;4
CANTABRIA;3.3.-Corrupción de menores o incapacitados;2022;3
CANTABRIA;3.3.-Corrupción de menores o incapacitados;2021;1
CANTABRIA;3.3.-Corrupción de menores o incapacitados;2020;0
CANTABRIA;3.3.-Corrupción de menores o incapacitados;2019;0
CANTABRIA;3.3.-Corrupción de menores o incapacitados;2018;1
CANTABRIA;3.4.-Pornografía de menores;2024;12
CANTABRIA;3.4.-Pornografía de menores;2023;7
CANTABRIA;3.4.-Pornografía de menores;2022;7
CANTABRIA;3.4.-Pornografía de menores;2021;5
CANTABRIA;3.4.-Pornografía de menores;2020;4
CANTABRIA;3.4.-Pornografía de menores;2019;7
CANTABRIA;3.4.-Pornografía de menores;2018;8
CANTABRIA;3.5.-Otros contra la libertad sexual;2024;21
CANTABRIA;3.5.-Otros contra la libertad sexual;2023;15
CANTABRIA;3.5.-Otros contra la libertad sexual;2022;15
CANTABRIA;3.5.-Otros contra la libertad sexual;2021;12
CANTABRIA;3.5.-Otros contra la libertad sexual;2020;11
CANTABRIA;3.5.-Otros contra la libertad sexual;2019;13
CANTABRIA;3.5.-Otros contra la libertad sexual;2018;11
CANTABRIA;4. RELACIONES FAMILIARES;2024;45
CANTABRIA;4. RELACIONES FAMILIARES;2023;53
CANTABRIA;4. RELACIONES FAMILIARES;2022;51
CANTABRIA;4. RELACIONES FAMILIARES;2021;38
CANTABRIA;4. RELACIONES FAMILIARES;2020;38
CANTABRIA;4. RELACIONES FAMILIARES;2019;43
CANTABRIA;4. RELACIONES FAMILIARES;2018;42
CANTABRIA;5. PATRIMONIO;2024;4.039
CANTABRIA;5. PATRIMONIO;2023;4.105
CANTABRIA;5. PATRIMONIO;2022;3.714
CANTABRIA;5. PATRIMONIO;2021;3.310
CANTABRIA;5. PATRIMONIO;2020;2.779
CANTABRIA;5. PATRIMONIO;2019;3.160
CANTABRIA;5. PATRIMONIO;2018;2.938
CANTABRIA;5.1.-Hurtos;2024;1.446
CANTABRIA;5.1.-Hurtos;2023;1.554
CANTABRIA;5.1.-Hurtos;2022;1.438
CANTABRIA;5.1.-Hurtos;2021;1.190
CANTABRIA;5.1.-Hurtos;2020;1.012
CANTABRIA;5.1.-Hurtos;2019;1.239
CANTABRIA;5.1.-Hurtos;2018;1.191
CANTABRIA;5.2.-Robos con fuerza en las cosas;2024;536
CANTABRIA;5.2.-Robos con fuerza en las cosas;2023;497
CANTABRIA;5.2.-Robos con fuerza en las cosas;2022;391
CANTABRIA;5.2.-Robos con fuerza en las cosas;2021;423
CANTABRIA;5.2.-Robos con fuerza en las cosas;2020;443
CANTABRIA;5.2.-Robos con fuerza en las cosas;2019;510
CANTABRIA;5.2.-Robos con fuerza en las cosas;2018;461
CANTABRIA;5.2.1.-Robos con fuerza en las cosas en el interior de vehículos;2024;61
CANTABRIA;5.2.1.-Robos con fuerza en las cosas en el interior de vehículos;2023;68
CANTABRIA;5.2.1.-Robos con fuerza en las cosas en el interior de vehículos;2022;92
CANTABRIA;5.2.1.-Robos con fuerza en las cosas en el interior de vehículos;2021;83
CANTABRIA;5.2.1.-Robos con fuerza en las cosas en el interior de vehículos;2020;93
CANTABRIA;5.2.1.-Robos con fuerza en las cosas en el interior de vehículos;2019;50
CANTABRIA;5.2.1.-Robos con fuerza en las cosas en el interior de vehículos;2018;54
CANTABRIA;5.2.2.-Robos con fuerza en viviendas;2024;196
CANTABRIA;5.2.2.-Robos con fuerza en viviendas;2023;138
CANTABRIA;5.2.2.-Robos con fuerza en viviendas;2022;105
CANTABRIA;5.2.2.-Robos con fuerza en viviendas;2021;101
CANTABRIA;5.2.2.-Robos con fuerza en viviendas;2020;134
CANTABRIA;5.2.2.-Robos con fuerza en viviendas;2019;161
CANTABRIA;5.2.2.-Robos con fuerza en viviendas;2018;178
CANTABRIA;5.2.3.-Robos con fuerza en establecimientos;2024;168
CANTABRIA;5.2.3.-Robos con fuerza en establecimientos;2023;147
CANTABRIA;5.2.3.-Robos con fuerza en establecimientos;2022;121
CANTABRIA;5.2.3.-Robos con fuerza en establecimientos;2021;151
CANTABRIA;5.2.3.-Robos con fuerza en establecimientos;2020;135
CANTABRIA;5.2.3.-Robos con fuerza en establecimientos;2019;191
CANTABRIA;5.2.3.-Robos con fuerza en establecimientos;2018;134
CANTABRIA;5.3.-Robos con violencia o intimidación;2024;109
CANTABRIA;5.3.-Robos con violencia o intimidación;2023;124
CANTABRIA;5.3.-Robos con violencia o intimidación;2022;121
CANTABRIA;5.3.-Robos con violencia o intimidación;2021;110
CANTABRIA;5.3.-Robos con violencia o intimidación;2020;119
CANTABRIA;5.3.-Robos con violencia o intimidación;2019;99
CANTABRIA;5.3.-Robos con violencia o intimidación;2018;73
CANTABRIA;5.3.1.-Robos con violencia en vía pública;2024;38
CANTABRIA;5.3.1.-Robos con violencia en vía pública;2023;49
CANTABRIA;5.3.1.-Robos con violencia en vía pública;2022;44
CANTABRIA;5.3.1.-Robos con violencia en vía pública;2021;53
CANTABRIA;5.3.1.-Robos con violencia en vía pública;2020;47
CANTABRIA;5.3.1.-Robos con violencia en vía pública;2019;37
CANTABRIA;5.3.1.-Robos con violencia en vía pública;2018;28
CANTABRIA;5.3.2.-Robos con violencia en viviendas;2024;15
CANTABRIA;5.3.2.-Robos con violencia en viviendas;2023;12
CANTABRIA;5.3.2.-Robos con violencia en viviendas;2022;13
CANTABRIA;5.3.2.-Robos con violencia en viviendas;2021;22
CANTABRIA;5.3.2.-Robos con violencia en viviendas;2020;12
CANTABRIA;5.3.2.-Robos con violencia en viviendas;2019;13
CANTABRIA;5.3.2.-Robos con violencia en viviendas;2018;6
CANTABRIA;5.3.3.-Robos con violencia en establecimientos;2024;49
CANTABRIA;5.3.3.-Robos con violencia en establecimientos;2023;51
CANTABRIA;5.3.3.-Robos con violencia en establecimientos;2022;51
CANTABRIA;5.3.3.-Robos con violencia en establecimientos;2021;22
CANTABRIA;5.3.3.-Robos con violencia en establecimientos;2020;35
CANTABRIA;5.3.3.-Robos con violencia en establecimientos;2019;35
CANTABRIA;5.3.3.-Robos con violencia en establecimientos;2018;23
CANTABRIA;5.4.-Sustracción de vehículos;2024;69
CANTABRIA;5.4.-Sustracción de vehículos;2023;48
CANTABRIA;5.4.-Sustracción de vehículos;2022;37
CANTABRIA;5.4.-Sustracción de vehículos;2021;63
CANTABRIA;5.4.-Sustracción de vehículos;2020;46
CANTABRIA;5.4.-Sustracción de vehículos;2019;53
CANTABRIA;5.4.-Sustracción de vehículos;2018;53
CANTABRIA;5.5.-Estafas;2024;1.023
CANTABRIA;5.5.-Estafas;2023;1.057
CANTABRIA;5.5.-Estafas;2022;959
CANTABRIA;5.5.-Estafas;2021;758
CANTABRIA;5.5.-Estafas;2020;536
CANTABRIA;5.5.-Estafas;2019;536
CANTABRIA;5.5.-Estafas;2018;425
CANTABRIA;5.5.1.-Estafas informáticas;2024;688
CANTABRIA;5.5.1.-Estafas informáticas;2023;686
CANTABRIA;5.5.1.-Estafas informáticas;2022;540
CANTABRIA;5.5.1.-Estafas informáticas;2021;475
CANTABRIA;5.5.1.-Estafas informáticas;2020;312
CANTABRIA;5.5.1.-Estafas informáticas;2019;230
CANTABRIA;5.5.1.-Estafas informáticas;2018;178
CANTABRIA;5.6.-Daños;2024;510
CANTABRIA;5.6.-Daños;2023;525
CANTABRIA;5.6.-Daños;2022;504
CANTABRIA;5.6.-Daños;2021;495
CANTABRIA;5.6.-Daños;2020;416
CANTABRIA;5.6.-Daños;2019;438
CANTABRIA;5.6.-Daños;2018;425
CANTABRIA;5.7.-Contra la propiedad intelectual/industrial;2024;2
CANTABRIA;5.7.-Contra la propiedad intelectual/industrial;2023;17
CANTABRIA;5.7.-Contra la propiedad intelectual/industrial;2022;22
CANTABRIA;5.7.-Contra la propiedad intelectual/industrial;2021;22
CANTABRIA;5.7.-Contra la propiedad intelectual/industrial;2020;11
CANTABRIA;5.7.-Contra la propiedad intelectual/industrial;2019;10
CANTABRIA;5.7.-Contra la propiedad intelectual/industrial;2018;17
CANTABRIA;5.8.-Blanqueo de capitales;2024;2
CANTABRIA;5.8.-Blanqueo de capitales;2023;6
CANTABRIA;5.8.-Blanqueo de capitales;2022;2
CANTABRIA;5.8.-Blanqueo de capitales;2021;2
CANTABRIA;5.8.-Blanqueo de capitales;2020;0
CANTABRIA;5.8.-Blanqueo de capitales;2019;0
CANTABRIA;5.8.-Blanqueo de capitales;2018;2
CANTABRIA;5.9.-Otros contra el patrimonio;2024;342
CANTABRIA;5.9.-Otros contra el patrimonio;2023;277
CANTABRIA;5.9.-Otros contra el patrimonio;2022;240
CANTABRIA;5.9.-Otros contra el patrimonio;2021;247
CANTABRIA;5.9.-Otros contra el patrimonio;2020;196
CANTABRIA;5.9.-Otros contra el patrimonio;2019;275
CANTABRIA;5.9.-Otros contra el patrimonio;2018;291
CANTABRIA;6. SEGURIDAD COLECTIVA;2024;775
CANTABRIA;6. SEGURIDAD COLECTIVA;2023;841
CANTABRIA;6. SEGURIDAD COLECTIVA;2022;870
CANTABRIA;6. SEGURIDAD COLECTIVA;2021;754
CANTABRIA;6. SEGURIDAD COLECTIVA;2020;663
CANTABRIA;6. SEGURIDAD COLECTIVA;2019;707
CANTABRIA;6. SEGURIDAD COLECTIVA;2018;742
CANTABRIA;6.1.-Tráfico de drogas;2024;76
CANTABRIA;6.1.-Tráfico de drogas;2023;114
CANTABRIA;6.1.-Tráfico de drogas;2022;81
CANTABRIA;6.1.-Tráfico de drogas;2021;91
CANTABRIA;6.1.-Tráfico de drogas;2020;93
CANTABRIA;6.1.-Tráfico de drogas;2019;85
CANTABRIA;6.1.-Tráfico de drogas;2018;88
CANTABRIA;6.2.-Contra la seguridad vial;2024;679
CANTABRIA;6.2.-Contra la seguridad vial;2023;698
CANTABRIA;6.2.-Contra la seguridad vial;2022;755
CANTABRIA;6.2.-Contra la seguridad vial;2021;646
CANTABRIA;6.2.-Contra la seguridad vial;2020;556
CANTABRIA;6.2.-Contra la seguridad vial;2019;614
CANTABRIA;6.2.-Contra la seguridad vial;2018;638
CANTABRIA;6.3.-Otros contra la seguridad colectiva;2024;20
CANTABRIA;6.3.-Otros contra la seguridad colectiva;2023;29
CANTABRIA;6.3.-Otros contra la seguridad colectiva;2022;34
CANTABRIA;6.3.-Otros contra la seguridad colectiva;2021;17
CANTABRIA;6.3.-Otros contra la seguridad colectiva;2020;14
CANTABRIA;6.3.-Otros contra la seguridad colectiva;2019;8
CANTABRIA;6.3.-Otros contra la seguridad colectiva;2018;16
CANTABRIA;7. FALSEDADES;2024;114
CANTABRIA;7. FALSEDADES;2023;141
CANTABRIA;7. FALSEDADES;2022;113
CANTABRIA;7. FALSEDADES;2021;123
CANTABRIA;7. FALSEDADES;2020;78
CANTABRIA;7. FALSEDADES;2019;133
CANTABRIA;7. FALSEDADES;2018;86
CANTABRIA;8. ADMÓN. PÚBLICA;2024;10
CANTABRIA;8. ADMÓN. PÚBLICA;2023;9
CANTABRIA;8. ADMÓN. PÚBLICA;2022;1
CANTABRIA;8. ADMÓN. PÚBLICA;2021;1
CANTABRIA;8. ADMÓN. PÚBLICA;2020;2
CANTABRIA;8. ADMÓN. PÚBLICA;2019;3
CANTABRIA;8. ADMÓN. PÚBLICA;2018;0
CANTABRIA;9. ADMÓN. JUSTICIA;2024;478
CANTABRIA;9. ADMÓN. JUSTICIA;2023;448
CANTABRIA;9. ADMÓN. JUSTICIA;2022;380
CANTABRIA;9. ADMÓN. JUSTICIA;2021;278
CANTABRIA;9. ADMÓN. JUSTICIA;2020;273
CANTABRIA;9. ADMÓN. JUSTICIA;2019;286
CANTABRIA;9. ADMÓN. JUSTICIA;2018;318
CANTABRIA;10. ORDEN PÚBLICO;2024;323
CANTABRIA;10. ORDEN PÚBLICO;2023;280
CANTABRIA;10. ORDEN PÚBLICO;2022;354
CANTABRIA;10. ORDEN PÚBLICO;2021;272
CANTABRIA;10. ORDEN PÚBLICO;2020;431
CANTABRIA;10. ORDEN PÚBLICO;2019;164
CANTABRIA;10. ORDEN PÚBLICO;2018;162
CANTABRIA;11. LEGISLACIÓN ESPECIAL;2024;6
CANTABRIA;11. LEGISLACIÓN ESPECIAL;2023;4
CANTABRIA;11. LEGISLACIÓN ESPECIAL;2022;1
CANTABRIA;11. LEGISLACIÓN ESPECIAL;2021;2
CANTABRIA;11. LEGISLACIÓN ESPECIAL;2020;0
CANTABRIA;11. LEGISLACIÓN ESPECIAL;2019;0
CANTABRIA;11. LEGISLACIÓN ESPECIAL;2018;1
CANTABRIA;12. OTRAS INFRACCIONES PENALES;2024;119
CANTABRIA;12. OTRAS INFRACCIONES PENALES;2023;112
CANTABRIA;12. OTRAS INFRACCIONES PENALES;2022;102
CANTABRIA;12. OTRAS INFRACCIONES PENALES;2021;137
CANTABRIA;12. OTRAS INFRACCIONES PENALES;2020;108
CANTABRIA;12. OTRAS INFRACCIONES PENALES;2019;94
CANTABRIA;12. OTRAS INFRACCIONES PENALES;2018;114
CANTABRIA;TOTAL INFRACCIONES PENALES;2024;10.113
CANTABRIA;TOTAL INFRACCIONES PENALES;2023;10.331
CANTABRIA;TOTAL INFRACCIONES PENALES;2022;9.304
CANTABRIA;TOTAL INFRACCIONES PENALES;2021;8.302
CANTABRIA;TOTAL INFRACCIONES PENALES;2020;7.179
CANTABRIA;TOTAL INFRACCIONES PENALES;2019;7.705
CANTABRIA;TOTAL INFRACCIONES PENALES;2018;7.640
CASTILLA Y LEÓN;1. CONTRA LAS PERSONAS;2024;8.620
CASTILLA Y LEÓN;1. CONTRA LAS PERSONAS;2023;8.269
CASTILLA Y LEÓN;1. CONTRA LAS PERSONAS;2022;7.688
CASTILLA Y LEÓN;1. CONTRA LAS PERSONAS;2021;6.702
CASTILLA Y LEÓN;1. CONTRA LAS PERSONAS;2020;5.787
CASTILLA Y LEÓN;1. CONTRA LAS PERSONAS;2019;6.626
CASTILLA Y LEÓN;1. CONTRA LAS PERSONAS;2018;6.567
CASTILLA Y LEÓN;1.1.-Homicidios dolosos/asesinatos;2024;53
CASTILLA Y LEÓN;1.1.-Homicidios dolosos/asesinatos;2023;57
CASTILLA Y LEÓN;1.1.-Homicidios dolosos/asesinatos;2022;55
CASTILLA Y LEÓN;1.1.-Homicidios dolosos/asesinatos;2021;37
CASTILLA Y LEÓN;1.1.-Homicidios dolosos/asesinatos;2020;42
CASTILLA Y LEÓN;1.1.-Homicidios dolosos/asesinatos;2019;42
CASTILLA Y LEÓN;1.1.-Homicidios dolosos/asesinatos;2018;35
CASTILLA Y LEÓN;1.1.1.-Homicidios dolosos/asesinatos consumados;2024;10
CASTILLA Y LEÓN;1.1.1.-Homicidios dolosos/asesinatos consumados;2023;11
CASTILLA Y LEÓN;1.1.1.-Homicidios dolosos/asesinatos consumados;2022;17
CASTILLA Y LEÓN;1.1.1.-Homicidios dolosos/asesinatos consumados;2021;13
CASTILLA Y LEÓN;1.1.1.-Homicidios dolosos/asesinatos consumados;2020;14
CASTILLA Y LEÓN;1.1.1.-Homicidios dolosos/asesinatos consumados;2019;10
CASTILLA Y LEÓN;1.1.1.-Homicidios dolosos/asesinatos consumados;2018;11
CASTILLA Y LEÓN;1.2.-Lesiones;2024;4.675
CASTILLA Y LEÓN;1.2.-Lesiones;2023;4.430
CASTILLA Y LEÓN;1.2.-Lesiones;2022;4.347
CASTILLA Y LEÓN;1.2.-Lesiones;2021;3.662
CASTILLA Y LEÓN;1.2.-Lesiones;2020;3.027
CASTILLA Y LEÓN;1.2.-Lesiones;2019;3.851
CASTILLA Y LEÓN;1.2.-Lesiones;2018;3.956
CASTILLA Y LEÓN;1.3.-Malos tratos ámbito familiar;2024;3.606
CASTILLA Y LEÓN;1.3.-Malos tratos ámbito familiar;2023;3.520
CASTILLA Y LEÓN;1.3.-Malos tratos ámbito familiar;2022;3.070
CASTILLA Y LEÓN;1.3.-Malos tratos ámbito familiar;2021;2.816
CASTILLA Y LEÓN;1.3.-Malos tratos ámbito familiar;2020;2.535
CASTILLA Y LEÓN;1.3.-Malos tratos ámbito familiar;2019;2.474
CASTILLA Y LEÓN;1.3.-Malos tratos ámbito familiar;2018;2.393
CASTILLA Y LEÓN;1.4.-Otros contra las personas;2024;286
CASTILLA Y LEÓN;1.4.-Otros contra las personas;2023;262
CASTILLA Y LEÓN;1.4.-Otros contra las personas;2022;216
CASTILLA Y LEÓN;1.4.-Otros contra las personas;2021;187
CASTILLA Y LEÓN;1.4.-Otros contra las personas;2020;183
CASTILLA Y LEÓN;1.4.-Otros contra las personas;2019;259
CASTILLA Y LEÓN;1.4.-Otros contra las personas;2018;183
CASTILLA Y LEÓN;2. CONTRA LA LIBERTAD;2024;5.313
CASTILLA Y LEÓN;2. CONTRA LA LIBERTAD;2023;5.287
CASTILLA Y LEÓN;2. CONTRA LA LIBERTAD;2022;4.861
CASTILLA Y LEÓN;2. CONTRA LA LIBERTAD;2021;4.985
CASTILLA Y LEÓN;2. CONTRA LA LIBERTAD;2020;4.378
CASTILLA Y LEÓN;2. CONTRA LA LIBERTAD;2019;4.578
CASTILLA Y LEÓN;2. CONTRA LA LIBERTAD;2018;4.409
CASTILLA Y LEÓN;2.1.-Malos tratos habituales en el ámbito familiar;2024;648
CASTILLA Y LEÓN;2.1.-Malos tratos habituales en el ámbito familiar;2023;710
CASTILLA Y LEÓN;2.1.-Malos tratos habituales en el ámbito familiar;2022;593
CASTILLA Y LEÓN;2.1.-Malos tratos habituales en el ámbito familiar;2021;603
CASTILLA Y LEÓN;2.1.-Malos tratos habituales en el ámbito familiar;2020;516
CASTILLA Y LEÓN;2.1.-Malos tratos habituales en el ámbito familiar;2019;533
CASTILLA Y LEÓN;2.1.-Malos tratos habituales en el ámbito familiar;2018;539
CASTILLA Y LEÓN;2.2.-Otros contra la libertad;2024;4.665
CASTILLA Y LEÓN;2.2.-Otros contra la libertad;2023;4.577
CASTILLA Y LEÓN;2.2.-Otros contra la libertad;2022;4.268
CASTILLA Y LEÓN;2.2.-Otros contra la libertad;2021;4.382
CASTILLA Y LEÓN;2.2.-Otros contra la libertad;2020;3.862
CASTILLA Y LEÓN;2.2.-Otros contra la libertad;2019;4.045
CASTILLA Y LEÓN;2.2.-Otros contra la libertad;2018;3.870
CASTILLA Y LEÓN;3. LIBERTAD SEXUAL;2024;650
CASTILLA Y LEÓN;3. LIBERTAD SEXUAL;2023;621
CASTILLA Y LEÓN;3. LIBERTAD SEXUAL;2022;536
CASTILLA Y LEÓN;3. LIBERTAD SEXUAL;2021;476
CASTILLA Y LEÓN;3. LIBERTAD SEXUAL;2020;320
CASTILLA Y LEÓN;3. LIBERTAD SEXUAL;2019;434
CASTILLA Y LEÓN;3. LIBERTAD SEXUAL;2018;378
CASTILLA Y LEÓN;3.1.-Agresión sexual;2024;403
CASTILLA Y LEÓN;3.1.-Agresión sexual;2023;374
CASTILLA Y LEÓN;3.1.-Agresión sexual;2022;320
CASTILLA Y LEÓN;3.1.-Agresión sexual;2021;280
CASTILLA Y LEÓN;3.1.-Agresión sexual;2020;183
CASTILLA Y LEÓN;3.1.-Agresión sexual;2019;241
CASTILLA Y LEÓN;3.1.-Agresión sexual;2018;212
CASTILLA Y LEÓN;3.2.-Agresión sexual con penetración;2024;124
CASTILLA Y LEÓN;3.2.-Agresión sexual con penetración;2023;136
CASTILLA Y LEÓN;3.2.-Agresión sexual con penetración;2022;100
CASTILLA Y LEÓN;3.2.-Agresión sexual con penetración;2021;111
CASTILLA Y LEÓN;3.2.-Agresión sexual con penetración;2020;61
CASTILLA Y LEÓN;3.2.-Agresión sexual con penetración;2019;77
CASTILLA Y LEÓN;3.2.-Agresión sexual con penetración;2018;74
CASTILLA Y LEÓN;3.3.-Corrupción de menores o incapacitados;2024;17
CASTILLA Y LEÓN;3.3.-Corrupción de menores o incapacitados;2023;11
CASTILLA Y LEÓN;3.3.-Corrupción de menores o incapacitados;2022;17
CASTILLA Y LEÓN;3.3.-Corrupción de menores o incapacitados;2021;16
CASTILLA Y LEÓN;3.3.-Corrupción de menores o incapacitados;2020;6
CASTILLA Y LEÓN;3.3.-Corrupción de menores o incapacitados;2019;11
CASTILLA Y LEÓN;3.3.-Corrupción de menores o incapacitados;2018;10
CASTILLA Y LEÓN;3.4.-Pornografía de menores;2024;26
CASTILLA Y LEÓN;3.4.-Pornografía de menores;2023;27
CASTILLA Y LEÓN;3.4.-Pornografía de menores;2022;36
CASTILLA Y LEÓN;3.4.-Pornografía de menores;2021;19
CASTILLA Y LEÓN;3.4.-Pornografía de menores;2020;18
CASTILLA Y LEÓN;3.4.-Pornografía de menores;2019;27
CASTILLA Y LEÓN;3.4.-Pornografía de menores;2018;37
CASTILLA Y LEÓN;3.5.-Otros contra la libertad sexual;2024;80
CASTILLA Y LEÓN;3.5.-Otros contra la libertad sexual;2023;73
CASTILLA Y LEÓN;3.5.-Otros contra la libertad sexual;2022;63
CASTILLA Y LEÓN;3.5.-Otros contra la libertad sexual;2021;50
CASTILLA Y LEÓN;3.5.-Otros contra la libertad sexual;2020;52
CASTILLA Y LEÓN;3.5.-Otros contra la libertad sexual;2019;78
CASTILLA Y LEÓN;3.5.-Otros contra la libertad sexual;2018;45
CASTILLA Y LEÓN;4. RELACIONES FAMILIARES;2024;197
CASTILLA Y LEÓN;4. RELACIONES FAMILIARES;2023;187
CASTILLA Y LEÓN;4. RELACIONES FAMILIARES;2022;161
CASTILLA Y LEÓN;4. RELACIONES FAMILIARES;2021;161
CASTILLA Y LEÓN;4. RELACIONES FAMILIARES;2020;136
CASTILLA Y LEÓN;4. RELACIONES FAMILIARES;2019;189
CASTILLA Y LEÓN;4. RELACIONES FAMILIARES;2018;177
CASTILLA Y LEÓN;5. PATRIMONIO;2024;15.536
CASTILLA Y LEÓN;5. PATRIMONIO;2023;15.179
CASTILLA Y LEÓN;5. PATRIMONIO;2022;13.998
CASTILLA Y LEÓN;5. PATRIMONIO;2021;11.407
CASTILLA Y LEÓN;5. PATRIMONIO;2020;9.685
CASTILLA Y LEÓN;5. PATRIMONIO;2019;11.978
CASTILLA Y LEÓN;5. PATRIMONIO;2018;11.345
CASTILLA Y LEÓN;5.1.-Hurtos;2024;5.629
CASTILLA Y LEÓN;5.1.-Hurtos;2023;5.543
CASTILLA Y LEÓN;5.1.-Hurtos;2022;4.807
CASTILLA Y LEÓN;5.1.-Hurtos;2021;3.737
CASTILLA Y LEÓN;5.1.-Hurtos;2020;3.039
CASTILLA Y LEÓN;5.1.-Hurtos;2019;4.701
CASTILLA Y LEÓN;5.1.-Hurtos;2018;4.287
CASTILLA Y LEÓN;5.2.-Robos con fuerza en las cosas;2024;1.576
CASTILLA Y LEÓN;5.2.-Robos con fuerza en las cosas;2023;1.503
CASTILLA Y LEÓN;5.2.-Robos con fuerza en las cosas;2022;1.439
CASTILLA Y LEÓN;5.2.-Robos con fuerza en las cosas;2021;1.188
CASTILLA Y LEÓN;5.2.-Robos con fuerza en las cosas;2020;1.248
CASTILLA Y LEÓN;5.2.-Robos con fuerza en las cosas;2019;1.687
CASTILLA Y LEÓN;5.2.-Robos con fuerza en las cosas;2018;1.518
CASTILLA Y LEÓN;5.2.1.-Robos con fuerza en las cosas en el interior de vehículos;2024;287
CASTILLA Y LEÓN;5.2.1.-Robos con fuerza en las cosas en el interior de vehículos;2023;315
CASTILLA Y LEÓN;5.2.1.-Robos con fuerza en las cosas en el interior de vehículos;2022;204
CASTILLA Y LEÓN;5.2.1.-Robos con fuerza en las cosas en el interior de vehículos;2021;210
CASTILLA Y LEÓN;5.2.1.-Robos con fuerza en las cosas en el interior de vehículos;2020;225
CASTILLA Y LEÓN;5.2.1.-Robos con fuerza en las cosas en el interior de vehículos;2019;193
CASTILLA Y LEÓN;5.2.1.-Robos con fuerza en las cosas en el interior de vehículos;2018;220
CASTILLA Y LEÓN;5.2.2.-Robos con fuerza en viviendas;2024;442
CASTILLA Y LEÓN;5.2.2.-Robos con fuerza en viviendas;2023;420
CASTILLA Y LEÓN;5.2.2.-Robos con fuerza en viviendas;2022;407
CASTILLA Y LEÓN;5.2.2.-Robos con fuerza en viviendas;2021;366
CASTILLA Y LEÓN;5.2.2.-Robos con fuerza en viviendas;2020;368
CASTILLA Y LEÓN;5.2.2.-Robos con fuerza en viviendas;2019;511
CASTILLA Y LEÓN;5.2.2.-Robos con fuerza en viviendas;2018;490
CASTILLA Y LEÓN;5.2.3.-Robos con fuerza en establecimientos;2024;375
CASTILLA Y LEÓN;5.2.3.-Robos con fuerza en establecimientos;2023;372
CASTILLA Y LEÓN;5.2.3.-Robos con fuerza en establecimientos;2022;413
CASTILLA Y LEÓN;5.2.3.-Robos con fuerza en establecimientos;2021;338
CASTILLA Y LEÓN;5.2.3.-Robos con fuerza en establecimientos;2020;330
CASTILLA Y LEÓN;5.2.3.-Robos con fuerza en establecimientos;2019;447
CASTILLA Y LEÓN;5.2.3.-Robos con fuerza en establecimientos;2018;345
CASTILLA Y LEÓN;5.3.-Robos con violencia o intimidación;2024;482
CASTILLA Y LEÓN;5.3.-Robos con violencia o intimidación;2023;480
CASTILLA Y LEÓN;5.3.-Robos con violencia o intimidación;2022;435
CASTILLA Y LEÓN;5.3.-Robos con violencia o intimidación;2021;379
CASTILLA Y LEÓN;5.3.-Robos con violencia o intimidación;2020;327
CASTILLA Y LEÓN;5.3.-Robos con violencia o intimidación;2019;413
CASTILLA Y LEÓN;5.3.-Robos con violencia o intimidación;2018;390
CASTILLA Y LEÓN;5.3.1.-Robos con violencia en vía pública;2024;228
CASTILLA Y LEÓN;5.3.1.-Robos con violencia en vía pública;2023;229
CASTILLA Y LEÓN;5.3.1.-Robos con violencia en vía pública;2022;195
CASTILLA Y LEÓN;5.3.1.-Robos con violencia en vía pública;2021;174
CASTILLA Y LEÓN;5.3.1.-Robos con violencia en vía pública;2020;175
CASTILLA Y LEÓN;5.3.1.-Robos con violencia en vía pública;2019;214
CASTILLA Y LEÓN;5.3.1.-Robos con violencia en vía pública;2018;191
CASTILLA Y LEÓN;5.3.2.-Robos con violencia en viviendas;2024;53
CASTILLA Y LEÓN;5.3.2.-Robos con violencia en viviendas;2023;52
CASTILLA Y LEÓN;5.3.2.-Robos con violencia en viviendas;2022;50
CASTILLA Y LEÓN;5.3.2.-Robos con violencia en viviendas;2021;50
CASTILLA Y LEÓN;5.3.2.-Robos con violencia en viviendas;2020;35
CASTILLA Y LEÓN;5.3.2.-Robos con violencia en viviendas;2019;42
CASTILLA Y LEÓN;5.3.2.-Robos con violencia en viviendas;2018;52
CASTILLA Y LEÓN;5.3.3.-Robos con violencia en establecimientos;2024;157
CASTILLA Y LEÓN;5.3.3.-Robos con violencia en establecimientos;2023;156
CASTILLA Y LEÓN;5.3.3.-Robos con violencia en establecimientos;2022;145
CASTILLA Y LEÓN;5.3.3.-Robos con violencia en establecimientos;2021;110
CASTILLA Y LEÓN;5.3.3.-Robos con violencia en establecimientos;2020;77
CASTILLA Y LEÓN;5.3.3.-Robos con violencia en establecimientos;2019;116
CASTILLA Y LEÓN;5.3.3.-Robos con violencia en establecimientos;2018;108
CASTILLA Y LEÓN;5.4.-Sustracción de vehículos;2024;244
CASTILLA Y LEÓN;5.4.-Sustracción de vehículos;2023;220
CASTILLA Y LEÓN;5.4.-Sustracción de vehículos;2022;236
CASTILLA Y LEÓN;5.4.-Sustracción de vehículos;2021;197
CASTILLA Y LEÓN;5.4.-Sustracción de vehículos;2020;155
CASTILLA Y LEÓN;5.4.-Sustracción de vehículos;2019;216
CASTILLA Y LEÓN;5.4.-Sustracción de vehículos;2018;189
CASTILLA Y LEÓN;5.5.-Estafas;2024;4.593
CASTILLA Y LEÓN;5.5.-Estafas;2023;4.719
CASTILLA Y LEÓN;5.5.-Estafas;2022;4.372
CASTILLA Y LEÓN;5.5.-Estafas;2021;3.221
CASTILLA Y LEÓN;5.5.-Estafas;2020;2.598
CASTILLA Y LEÓN;5.5.-Estafas;2019;2.547
CASTILLA Y LEÓN;5.5.-Estafas;2018;2.464
CASTILLA Y LEÓN;5.5.1.-Estafas informáticas;2024;3.373
CASTILLA Y LEÓN;5.5.1.-Estafas informáticas;2023;3.496
CASTILLA Y LEÓN;5.5.1.-Estafas informáticas;2022;2.833
CASTILLA Y LEÓN;5.5.1.-Estafas informáticas;2021;2.092
CASTILLA Y LEÓN;5.5.1.-Estafas informáticas;2020;1.608
CASTILLA Y LEÓN;5.5.1.-Estafas informáticas;2019;1.239
CASTILLA Y LEÓN;5.5.1.-Estafas informáticas;2018;1.032
CASTILLA Y LEÓN;5.6.-Daños;2024;1.837
CASTILLA Y LEÓN;5.6.-Daños;2023;1.688
CASTILLA Y LEÓN;5.6.-Daños;2022;1.734
CASTILLA Y LEÓN;5.6.-Daños;2021;1.711
CASTILLA Y LEÓN;5.6.-Daños;2020;1.453
CASTILLA Y LEÓN;5.6.-Daños;2019;1.507
CASTILLA Y LEÓN;5.6.-Daños;2018;1.576
CASTILLA Y LEÓN;5.7.-Contra la propiedad intelectual/industrial;2024;31
CASTILLA Y LEÓN;5.7.-Contra la propiedad intelectual/industrial;2023;51
CASTILLA Y LEÓN;5.7.-Contra la propiedad intelectual/industrial;2022;41
CASTILLA Y LEÓN;5.7.-Contra la propiedad intelectual/industrial;2021;60
CASTILLA Y LEÓN;5.7.-Contra la propiedad intelectual/industrial;2020;33
CASTILLA Y LEÓN;5.7.-Contra la propiedad intelectual/industrial;2019;43
CASTILLA Y LEÓN;5.7.-Contra la propiedad intelectual/industrial;2018;79
CASTILLA Y LEÓN;5.8.-Blanqueo de capitales;2024;30
CASTILLA Y LEÓN;5.8.-Blanqueo de capitales;2023;15
CASTILLA Y LEÓN;5.8.-Blanqueo de capitales;2022;9
CASTILLA Y LEÓN;5.8.-Blanqueo de capitales;2021;4
CASTILLA Y LEÓN;5.8.-Blanqueo de capitales;2020;4
CASTILLA Y LEÓN;5.8.-Blanqueo de capitales;2019;8
CASTILLA Y LEÓN;5.8.-Blanqueo de capitales;2018;9
CASTILLA Y LEÓN;5.9.-Otros contra el patrimonio;2024;1.114
CASTILLA Y LEÓN;5.9.-Otros contra el patrimonio;2023;960
CASTILLA Y LEÓN;5.9.-Otros contra el patrimonio;2022;925
CASTILLA Y LEÓN;5.9.-Otros contra el patrimonio;2021;910
CASTILLA Y LEÓN;5.9.-Otros contra el patrimonio;2020;828
CASTILLA Y LEÓN;5.9.-Otros contra el patrimonio;2019;856
CASTILLA Y LEÓN;5.9.-Otros contra el patrimonio;2018;833
CASTILLA Y LEÓN;6. SEGURIDAD COLECTIVA;2024;3.009
CASTILLA Y LEÓN;6. SEGURIDAD COLECTIVA;2023;2.945
CASTILLA Y LEÓN;6. SEGURIDAD COLECTIVA;2022;2.937
CASTILLA Y LEÓN;6. SEGURIDAD COLECTIVA;2021;2.812
CASTILLA Y LEÓN;6. SEGURIDAD COLECTIVA;2020;2.281
CASTILLA Y LEÓN;6. SEGURIDAD COLECTIVA;2019;2.809
CASTILLA Y LEÓN;6. SEGURIDAD COLECTIVA;2018;2.631
CASTILLA Y LEÓN;6.1.-Tráfico de drogas;2024;402
CASTILLA Y LEÓN;6.1.-Tráfico de drogas;2023;484
CASTILLA Y LEÓN;6.1.-Tráfico de drogas;2022;447
CASTILLA Y LEÓN;6.1.-Tráfico de drogas;2021;463
CASTILLA Y LEÓN;6.1.-Tráfico de drogas;2020;472
CASTILLA Y LEÓN;6.1.-Tráfico de drogas;2019;425
CASTILLA Y LEÓN;6.1.-Tráfico de drogas;2018;386
CASTILLA Y LEÓN;6.2.-Contra la seguridad vial;2024;2.496
CASTILLA Y LEÓN;6.2.-Contra la seguridad vial;2023;2.371
CASTILLA Y LEÓN;6.2.-Contra la seguridad vial;2022;2.399
CASTILLA Y LEÓN;6.2.-Contra la seguridad vial;2021;2.279
CASTILLA Y LEÓN;6.2.-Contra la seguridad vial;2020;1.765
CASTILLA Y LEÓN;6.2.-Contra la seguridad vial;2019;2.313
CASTILLA Y LEÓN;6.2.-Contra la seguridad vial;2018;2.161
CASTILLA Y LEÓN;6.3.-Otros contra la seguridad colectiva;2024;111
CASTILLA Y LEÓN;6.3.-Otros contra la seguridad colectiva;2023;90
CASTILLA Y LEÓN;6.3.-Otros contra la seguridad colectiva;2022;91
CASTILLA Y LEÓN;6.3.-Otros contra la seguridad colectiva;2021;70
CASTILLA Y LEÓN;6.3.-Otros contra la seguridad colectiva;2020;44
CASTILLA Y LEÓN;6.3.-Otros contra la seguridad colectiva;2019;71
CASTILLA Y LEÓN;6.3.-Otros contra la seguridad colectiva;2018;84
CASTILLA Y LEÓN;7. FALSEDADES;2024;717
CASTILLA Y LEÓN;7. FALSEDADES;2023;723
CASTILLA Y LEÓN;7. FALSEDADES;2022;693
CASTILLA Y LEÓN;7. FALSEDADES;2021;636
CASTILLA Y LEÓN;7. FALSEDADES;2020;489
CASTILLA Y LEÓN;7. FALSEDADES;2019;489
CASTILLA Y LEÓN;7. FALSEDADES;2018;448
CASTILLA Y LEÓN;8. ADMÓN. PÚBLICA;2024;17
CASTILLA Y LEÓN;8. ADMÓN. PÚBLICA;2023;23
CASTILLA Y LEÓN;8. ADMÓN. PÚBLICA;2022;9
CASTILLA Y LEÓN;8. ADMÓN. PÚBLICA;2021;14
CASTILLA Y LEÓN;8. ADMÓN. PÚBLICA;2020;13
CASTILLA Y LEÓN;8. ADMÓN. PÚBLICA;2019;12
CASTILLA Y LEÓN;8. ADMÓN. PÚBLICA;2018;11
CASTILLA Y LEÓN;9. ADMÓN. JUSTICIA;2024;1.646
CASTILLA Y LEÓN;9. ADMÓN. JUSTICIA;2023;1.571
CASTILLA Y LEÓN;9. ADMÓN. JUSTICIA;2022;1.526
CASTILLA Y LEÓN;9. ADMÓN. JUSTICIA;2021;1.246
CASTILLA Y LEÓN;9. ADMÓN. JUSTICIA;2020;1.083
CASTILLA Y LEÓN;9. ADMÓN. JUSTICIA;2019;1.200
CASTILLA Y LEÓN;9. ADMÓN. JUSTICIA;2018;1.113
CASTILLA Y LEÓN;10. ORDEN PÚBLICO;2024;1.036
CASTILLA Y LEÓN;10. ORDEN PÚBLICO;2023;1.003
CASTILLA Y LEÓN;10. ORDEN PÚBLICO;2022;989
CASTILLA Y LEÓN;10. ORDEN PÚBLICO;2021;949
CASTILLA Y LEÓN;10. ORDEN PÚBLICO;2020;1.049
CASTILLA Y LEÓN;10. ORDEN PÚBLICO;2019;735
CASTILLA Y LEÓN;10. ORDEN PÚBLICO;2018;687
CASTILLA Y LEÓN;11. LEGISLACIÓN ESPECIAL;2024;3
CASTILLA Y LEÓN;11. LEGISLACIÓN ESPECIAL;2023;9
CASTILLA Y LEÓN;11. LEGISLACIÓN ESPECIAL;2022;2
CASTILLA Y LEÓN;11. LEGISLACIÓN ESPECIAL;2021;3
CASTILLA Y LEÓN;11. LEGISLACIÓN ESPECIAL;2020;2
CASTILLA Y LEÓN;11. LEGISLACIÓN ESPECIAL;2019;7
CASTILLA Y LEÓN;11. LEGISLACIÓN ESPECIAL;2018;0
CASTILLA Y LEÓN;12. OTRAS INFRACCIONES PENALES;2024;478
CASTILLA Y LEÓN;12. OTRAS INFRACCIONES PENALES;2023;544
CASTILLA Y LEÓN;12. OTRAS INFRACCIONES PENALES;2022;459
CASTILLA Y LEÓN;12. OTRAS INFRACCIONES PENALES;2021;407
CASTILLA Y LEÓN;12. OTRAS INFRACCIONES PENALES;2020;413
CASTILLA Y LEÓN;12. OTRAS INFRACCIONES PENALES;2019;380
CASTILLA Y LEÓN;12. OTRAS INFRACCIONES PENALES;2018;421
CASTILLA Y LEÓN;TOTAL INFRACCIONES PENALES;2024;37.222
CASTILLA Y LEÓN;TOTAL INFRACCIONES PENALES;2023;36.361
CASTILLA Y LEÓN;TOTAL INFRACCIONES PENALES;2022;33.859
CASTILLA Y LEÓN;TOTAL INFRACCIONES PENALES;2021;29.798
CASTILLA Y LEÓN;TOTAL INFRACCIONES PENALES;2020;25.636
CASTILLA Y LEÓN;TOTAL INFRACCIONES PENALES;2019;29.437
CASTILLA Y LEÓN;TOTAL INFRACCIONES PENALES;2018;28.187
CASTILLA - LA MANCHA;1. CONTRA LAS PERSONAS;2024;8.710
CASTILLA - LA MANCHA;1. CONTRA LAS PERSONAS;2023;8.059
CASTILLA - LA MANCHA;1. CONTRA LAS PERSONAS;2022;7.596
CASTILLA - LA MANCHA;1. CONTRA LAS PERSONAS;2021;6.760
CASTILLA - LA MANCHA;1. CONTRA LAS PERSONAS;2020;5.869
CASTILLA - LA MANCHA;1. CONTRA LAS PERSONAS;2019;6.686
CASTILLA - LA MANCHA;1. CONTRA LAS PERSONAS;2018;6.309
CASTILLA - LA MANCHA;1.1.-Homicidios dolosos/asesinatos;2024;64
CASTILLA - LA MANCHA;1.1.-Homicidios dolosos/asesinatos;2023;61
CASTILLA - LA MANCHA;1.1.-Homicidios dolosos/asesinatos;2022;64
CASTILLA - LA MANCHA;1.1.-Homicidios dolosos/asesinatos;2021;75
CASTILLA - LA MANCHA;1.1.-Homicidios dolosos/asesinatos;2020;42
CASTILLA - LA MANCHA;1.1.-Homicidios dolosos/asesinatos;2019;37
CASTILLA - LA MANCHA;1.1.-Homicidios dolosos/asesinatos;2018;35
CASTILLA - LA MANCHA;1.1.1.-Homicidios dolosos/asesinatos consumados;2024;13
CASTILLA - LA MANCHA;1.1.1.-Homicidios dolosos/asesinatos consumados;2023;16
CASTILLA - LA MANCHA;1.1.1.-Homicidios dolosos/asesinatos consumados;2022;17
CASTILLA - LA MANCHA;1.1.1.-Homicidios dolosos/asesinatos consumados;2021;11
CASTILLA - LA MANCHA;1.1.1.-Homicidios dolosos/asesinatos consumados;2020;15
CASTILLA - LA MANCHA;1.1.1.-Homicidios dolosos/asesinatos consumados;2019;12
CASTILLA - LA MANCHA;1.1.1.-Homicidios dolosos/asesinatos consumados;2018;9
CASTILLA - LA MANCHA;1.2.-Lesiones;2024;4.576
CASTILLA - LA MANCHA;1.2.-Lesiones;2023;4.136
CASTILLA - LA MANCHA;1.2.-Lesiones;2022;3.921
CASTILLA - LA MANCHA;1.2.-Lesiones;2021;3.409
CASTILLA - LA MANCHA;1.2.-Lesiones;2020;2.766
CASTILLA - LA MANCHA;1.2.-Lesiones;2019;3.428
CASTILLA - LA MANCHA;1.2.-Lesiones;2018;3.284
CASTILLA - LA MANCHA;1.3.-Malos tratos ámbito familiar;2024;3.893
CASTILLA - LA MANCHA;1.3.-Malos tratos ámbito familiar;2023;3.691
CASTILLA - LA MANCHA;1.3.-Malos tratos ámbito familiar;2022;3.459
CASTILLA - LA MANCHA;1.3.-Malos tratos ámbito familiar;2021;3.139
CASTILLA - LA MANCHA;1.3.-Malos tratos ámbito familiar;2020;2.926
CASTILLA - LA MANCHA;1.3.-Malos tratos ámbito familiar;2019;3.071
CASTILLA - LA MANCHA;1.3.-Malos tratos ámbito familiar;2018;2.895
CASTILLA - LA MANCHA;1.4.-Otros contra las personas;2024;177
CASTILLA - LA MANCHA;1.4.-Otros contra las personas;2023;171
CASTILLA - LA MANCHA;1.4.-Otros contra las personas;2022;152
CASTILLA - LA MANCHA;1.4.-Otros contra las personas;2021;137
CASTILLA - LA MANCHA;1.4.-Otros contra las personas;2020;135
CASTILLA - LA MANCHA;1.4.-Otros contra las personas;2019;150
CASTILLA - LA MANCHA;1.4.-Otros contra las personas;2018;95
CASTILLA - LA MANCHA;2. CONTRA LA LIBERTAD;2024;5.521
CASTILLA - LA MANCHA;2. CONTRA LA LIBERTAD;2023;5.133
CASTILLA - LA MANCHA;2. CONTRA LA LIBERTAD;2022;4.774
CASTILLA - LA MANCHA;2. CONTRA LA LIBERTAD;2021;4.505
CASTILLA - LA MANCHA;2. CONTRA LA LIBERTAD;2020;3.924
CASTILLA - LA MANCHA;2. CONTRA LA LIBERTAD;2019;3.911
CASTILLA - LA MANCHA;2. CONTRA LA LIBERTAD;2018;3.869
CASTILLA - LA MANCHA;2.1.-Malos tratos habituales en el ámbito familiar;2024;985
CASTILLA - LA MANCHA;2.1.-Malos tratos habituales en el ámbito familiar;2023;983
CASTILLA - LA MANCHA;2.1.-Malos tratos habituales en el ámbito familiar;2022;806
CASTILLA - LA MANCHA;2.1.-Malos tratos habituales en el ámbito familiar;2021;675
CASTILLA - LA MANCHA;2.1.-Malos tratos habituales en el ámbito familiar;2020;573
CASTILLA - LA MANCHA;2.1.-Malos tratos habituales en el ámbito familiar;2019;594
CASTILLA - LA MANCHA;2.1.-Malos tratos habituales en el ámbito familiar;2018;590
CASTILLA - LA MANCHA;2.2.-Otros contra la libertad;2024;4.536
CASTILLA - LA MANCHA;2.2.-Otros contra la libertad;2023;4.150
CASTILLA - LA MANCHA;2.2.-Otros contra la libertad;2022;3.968
CASTILLA - LA MANCHA;2.2.-Otros contra la libertad;2021;3.830
CASTILLA - LA MANCHA;2.2.-Otros contra la libertad;2020;3.351
CASTILLA - LA MANCHA;2.2.-Otros contra la libertad;2019;3.317
CASTILLA - LA MANCHA;2.2.-Otros contra la libertad;2018;3.279
CASTILLA - LA MANCHA;3. LIBERTAD SEXUAL;2024;656
CASTILLA - LA MANCHA;3. LIBERTAD SEXUAL;2023;641
CASTILLA - LA MANCHA;3. LIBERTAD SEXUAL;2022;528
CASTILLA - LA MANCHA;3. LIBERTAD SEXUAL;2021;490
CASTILLA - LA MANCHA;3. LIBERTAD SEXUAL;2020;393
CASTILLA - LA MANCHA;3. LIBERTAD SEXUAL;2019;453
CASTILLA - LA MANCHA;3. LIBERTAD SEXUAL;2018;406
CASTILLA - LA MANCHA;3.1.-Agresión sexual;2024;437
CASTILLA - LA MANCHA;3.1.-Agresión sexual;2023;415
CASTILLA - LA MANCHA;3.1.-Agresión sexual;2022;347
CASTILLA - LA MANCHA;3.1.-Agresión sexual;2021;317
CASTILLA - LA MANCHA;3.1.-Agresión sexual;2020;256
CASTILLA - LA MANCHA;3.1.-Agresión sexual;2019;285
CASTILLA - LA MANCHA;3.1.-Agresión sexual;2018;247
CASTILLA - LA MANCHA;3.2.-Agresión sexual con penetración;2024;108
CASTILLA - LA MANCHA;3.2.-Agresión sexual con penetración;2023;118
CASTILLA - LA MANCHA;3.2.-Agresión sexual con penetración;2022;104
CASTILLA - LA MANCHA;3.2.-Agresión sexual con penetración;2021;95
CASTILLA - LA MANCHA;3.2.-Agresión sexual con penetración;2020;64
CASTILLA - LA MANCHA;3.2.-Agresión sexual con penetración;2019;69
CASTILLA - LA MANCHA;3.2.-Agresión sexual con penetración;2018;72
CASTILLA - LA MANCHA;3.3.-Corrupción de menores o incapacitados;2024;12
CASTILLA - LA MANCHA;3.3.-Corrupción de menores o incapacitados;2023;15
CASTILLA - LA MANCHA;3.3.-Corrupción de menores o incapacitados;2022;9
CASTILLA - LA MANCHA;3.3.-Corrupción de menores o incapacitados;2021;14
CASTILLA - LA MANCHA;3.3.-Corrupción de menores o incapacitados;2020;15
CASTILLA - LA MANCHA;3.3.-Corrupción de menores o incapacitados;2019;13
CASTILLA - LA MANCHA;3.3.-Corrupción de menores o incapacitados;2018;13
CASTILLA - LA MANCHA;3.4.-Pornografía de menores;2024;26
CASTILLA - LA MANCHA;3.4.-Pornografía de menores;2023;23
CASTILLA - LA MANCHA;3.4.-Pornografía de menores;2022;9
CASTILLA - LA MANCHA;3.4.-Pornografía de menores;2021;17
CASTILLA - LA MANCHA;3.4.-Pornografía de menores;2020;13
CASTILLA - LA MANCHA;3.4.-Pornografía de menores;2019;32
CASTILLA - LA MANCHA;3.4.-Pornografía de menores;2018;26
CASTILLA - LA MANCHA;3.5.-Otros contra la libertad sexual;2024;73
CASTILLA - LA MANCHA;3.5.-Otros contra la libertad sexual;2023;70
CASTILLA - LA MANCHA;3.5.-Otros contra la libertad sexual;2022;59
CASTILLA - LA MANCHA;3.5.-Otros contra la libertad sexual;2021;47
CASTILLA - LA MANCHA;3.5.-Otros contra la libertad sexual;2020;45
CASTILLA - LA MANCHA;3.5.-Otros contra la libertad sexual;2019;54
CASTILLA - LA MANCHA;3.5.-Otros contra la libertad sexual;2018;48
CASTILLA - LA MANCHA;4. RELACIONES FAMILIARES;2024;319
CASTILLA - LA MANCHA;4. RELACIONES FAMILIARES;2023;325
CASTILLA - LA MANCHA;4. RELACIONES FAMILIARES;2022;386
CASTILLA - LA MANCHA;4. RELACIONES FAMILIARES;2021;323
CASTILLA - LA MANCHA;4. RELACIONES FAMILIARES;2020;318
CASTILLA - LA MANCHA;4. RELACIONES FAMILIARES;2019;310
CASTILLA - LA MANCHA;4. RELACIONES FAMILIARES;2018;293
CASTILLA - LA MANCHA;5. PATRIMONIO;2024;14.517
CASTILLA - LA MANCHA;5. PATRIMONIO;2023;14.121
CASTILLA - LA MANCHA;5. PATRIMONIO;2022;12.281
CASTILLA - LA MANCHA;5. PATRIMONIO;2021;10.647
CASTILLA - LA MANCHA;5. PATRIMONIO;2020;9.367
CASTILLA - LA MANCHA;5. PATRIMONIO;2019;10.926
CASTILLA - LA MANCHA;5. PATRIMONIO;2018;10.131
CASTILLA - LA MANCHA;5.1.-Hurtos;2024;4.235
CASTILLA - LA MANCHA;5.1.-Hurtos;2023;3.859
CASTILLA - LA MANCHA;5.1.-Hurtos;2022;3.234
CASTILLA - LA MANCHA;5.1.-Hurtos;2021;2.556
CASTILLA - LA MANCHA;5.1.-Hurtos;2020;2.440
CASTILLA - LA MANCHA;5.1.-Hurtos;2019;3.003
CASTILLA - LA MANCHA;5.1.-Hurtos;2018;2.963
CASTILLA - LA MANCHA;5.2.-Robos con fuerza en las cosas;2024;2.259
CASTILLA - LA MANCHA;5.2.-Robos con fuerza en las cosas;2023;2.357
CASTILLA - LA MANCHA;5.2.-Robos con fuerza en las cosas;2022;1.868
CASTILLA - LA MANCHA;5.2.-Robos con fuerza en las cosas;2021;1.593
CASTILLA - LA MANCHA;5.2.-Robos con fuerza en las cosas;2020;1.654
CASTILLA - LA MANCHA;5.2.-Robos con fuerza en las cosas;2019;2.271
CASTILLA - LA MANCHA;5.2.-Robos con fuerza en las cosas;2018;1.930
CASTILLA - LA MANCHA;5.2.1.-Robos con fuerza en las cosas en el interior de vehículos;2024;481
CASTILLA - LA MANCHA;5.2.1.-Robos con fuerza en las cosas en el interior de vehículos;2023;511
CASTILLA - LA MANCHA;5.2.1.-Robos con fuerza en las cosas en el interior de vehículos;2022;379
CASTILLA - LA MANCHA;5.2.1.-Robos con fuerza en las cosas en el interior de vehículos;2021;249
CASTILLA - LA MANCHA;5.2.1.-Robos con fuerza en las cosas en el interior de vehículos;2020;332
CASTILLA - LA MANCHA;5.2.1.-Robos con fuerza en las cosas en el interior de vehículos;2019;344
CASTILLA - LA MANCHA;5.2.1.-Robos con fuerza en las cosas en el interior de vehículos;2018;419
CASTILLA - LA MANCHA;5.2.2.-Robos con fuerza en viviendas;2024;658
CASTILLA - LA MANCHA;5.2.2.-Robos con fuerza en viviendas;2023;629
CASTILLA - LA MANCHA;5.2.2.-Robos con fuerza en viviendas;2022;572
CASTILLA - LA MANCHA;5.2.2.-Robos con fuerza en viviendas;2021;501
CASTILLA - LA MANCHA;5.2.2.-Robos con fuerza en viviendas;2020;601
CASTILLA - LA MANCHA;5.2.2.-Robos con fuerza en viviendas;2019;750
CASTILLA - LA MANCHA;5.2.2.-Robos con fuerza en viviendas;2018;695
CASTILLA - LA MANCHA;5.2.3.-Robos con fuerza en establecimientos;2024;410
CASTILLA - LA MANCHA;5.2.3.-Robos con fuerza en establecimientos;2023;452
CASTILLA - LA MANCHA;5.2.3.-Robos con fuerza en establecimientos;2022;414
CASTILLA - LA MANCHA;5.2.3.-Robos con fuerza en establecimientos;2021;399
CASTILLA - LA MANCHA;5.2.3.-Robos con fuerza en establecimientos;2020;344
CASTILLA - LA MANCHA;5.2.3.-Robos con fuerza en establecimientos;2019;624
CASTILLA - LA MANCHA;5.2.3.-Robos con fuerza en establecimientos;2018;351
CASTILLA - LA MANCHA;5.3.-Robos con violencia o intimidación;2024;580
CASTILLA - LA MANCHA;5.3.-Robos con violencia o intimidación;2023;560
CASTILLA - LA MANCHA;5.3.-Robos con violencia o intimidación;2022;469
CASTILLA - LA MANCHA;5.3.-Robos con violencia o intimidación;2021;453
CASTILLA - LA MANCHA;5.3.-Robos con violencia o intimidación;2020;426
CASTILLA - LA MANCHA;5.3.-Robos con violencia o intimidación;2019;459
CASTILLA - LA MANCHA;5.3.-Robos con violencia o intimidación;2018;429
CASTILLA - LA MANCHA;5.3.1.-Robos con violencia en vía pública;2024;266
CASTILLA - LA MANCHA;5.3.1.-Robos con violencia en vía pública;2023;289
CASTILLA - LA MANCHA;5.3.1.-Robos con violencia en vía pública;2022;242
CASTILLA - LA MANCHA;5.3.1.-Robos con violencia en vía pública;2021;225
CASTILLA - LA MANCHA;5.3.1.-Robos con violencia en vía pública;2020;199
CASTILLA - LA MANCHA;5.3.1.-Robos con violencia en vía pública;2019;237
CASTILLA - LA MANCHA;5.3.1.-Robos con violencia en vía pública;2018;241
CASTILLA - LA MANCHA;5.3.2.-Robos con violencia en viviendas;2024;94
CASTILLA - LA MANCHA;5.3.2.-Robos con violencia en viviendas;2023;91
CASTILLA - LA MANCHA;5.3.2.-Robos con violencia en viviendas;2022;52
CASTILLA - LA MANCHA;5.3.2.-Robos con violencia en viviendas;2021;45
CASTILLA - LA MANCHA;5.3.2.-Robos con violencia en viviendas;2020;56
CASTILLA - LA MANCHA;5.3.2.-Robos con violencia en viviendas;2019;50
CASTILLA - LA MANCHA;5.3.2.-Robos con violencia en viviendas;2018;53
CASTILLA - LA MANCHA;5.3.3.-Robos con violencia en establecimientos;2024;148
CASTILLA - LA MANCHA;5.3.3.-Robos con violencia en establecimientos;2023;133
CASTILLA - LA MANCHA;5.3.3.-Robos con violencia en establecimientos;2022;124
CASTILLA - LA MANCHA;5.3.3.-Robos con violencia en establecimientos;2021;119
CASTILLA - LA MANCHA;5.3.3.-Robos con violencia en establecimientos;2020;125
CASTILLA - LA MANCHA;5.3.3.-Robos con violencia en establecimientos;2019;105
CASTILLA - LA MANCHA;5.3.3.-Robos con violencia en establecimientos;2018;87
CASTILLA - LA MANCHA;5.4.-Sustracción de vehículos;2024;315
CASTILLA - LA MANCHA;5.4.-Sustracción de vehículos;2023;308
CASTILLA - LA MANCHA;5.4.-Sustracción de vehículos;2022;263
CASTILLA - LA MANCHA;5.4.-Sustracción de vehículos;2021;214
CASTILLA - LA MANCHA;5.4.-Sustracción de vehículos;2020;183
CASTILLA - LA MANCHA;5.4.-Sustracción de vehículos;2019;233
CASTILLA - LA MANCHA;5.4.-Sustracción de vehículos;2018;210
CASTILLA - LA MANCHA;5.5.-Estafas;2024;3.920
CASTILLA - LA MANCHA;5.5.-Estafas;2023;3.973
CASTILLA - LA MANCHA;5.5.-Estafas;2022;3.378
CASTILLA - LA MANCHA;5.5.-Estafas;2021;2.922
CASTILLA - LA MANCHA;5.5.-Estafas;2020;2.188
CASTILLA - LA MANCHA;5.5.-Estafas;2019;2.252
CASTILLA - LA MANCHA;5.5.-Estafas;2018;2.038
CASTILLA - LA MANCHA;5.5.1.-Estafas informáticas;2024;2.828
CASTILLA - LA MANCHA;5.5.1.-Estafas informáticas;2023;2.850
CASTILLA - LA MANCHA;5.5.1.-Estafas informáticas;2022;2.142
CASTILLA - LA MANCHA;5.5.1.-Estafas informáticas;2021;1.784
CASTILLA - LA MANCHA;5.5.1.-Estafas informáticas;2020;1.234
CASTILLA - LA MANCHA;5.5.1.-Estafas informáticas;2019;1.045
CASTILLA - LA MANCHA;5.5.1.-Estafas informáticas;2018;873
CASTILLA - LA MANCHA;5.6.-Daños;2024;1.657
CASTILLA - LA MANCHA;5.6.-Daños;2023;1.551
CASTILLA - LA MANCHA;5.6.-Daños;2022;1.529
CASTILLA - LA MANCHA;5.6.-Daños;2021;1.443
CASTILLA - LA MANCHA;5.6.-Daños;2020;1.186
CASTILLA - LA MANCHA;5.6.-Daños;2019;1.346
CASTILLA - LA MANCHA;5.6.-Daños;2018;1.303
CASTILLA - LA MANCHA;5.7.-Contra la propiedad intelectual/industrial;2024;54
CASTILLA - LA MANCHA;5.7.-Contra la propiedad intelectual/industrial;2023;28
CASTILLA - LA MANCHA;5.7.-Contra la propiedad intelectual/industrial;2022;14
CASTILLA - LA MANCHA;5.7.-Contra la propiedad intelectual/industrial;2021;19
CASTILLA - LA MANCHA;5.7.-Contra la propiedad intelectual/industrial;2020;12
CASTILLA - LA MANCHA;5.7.-Contra la propiedad intelectual/industrial;2019;37
CASTILLA - LA MANCHA;5.7.-Contra la propiedad intelectual/industrial;2018;82
CASTILLA - LA MANCHA;5.8.-Blanqueo de capitales;2024;57
CASTILLA - LA MANCHA;5.8.-Blanqueo de capitales;2023;46
CASTILLA - LA MANCHA;5.8.-Blanqueo de capitales;2022;28
CASTILLA - LA MANCHA;5.8.-Blanqueo de capitales;2021;22
CASTILLA - LA MANCHA;5.8.-Blanqueo de capitales;2020;13
CASTILLA - LA MANCHA;5.8.-Blanqueo de capitales;2019;18
CASTILLA - LA MANCHA;5.8.-Blanqueo de capitales;2018;8
CASTILLA - LA MANCHA;5.9.-Otros contra el patrimonio;2024;1.440
CASTILLA - LA MANCHA;5.9.-Otros contra el patrimonio;2023;1.439
CASTILLA - LA MANCHA;5.9.-Otros contra el patrimonio;2022;1.498
CASTILLA - LA MANCHA;5.9.-Otros contra el patrimonio;2021;1.425
CASTILLA - LA MANCHA;5.9.-Otros contra el patrimonio;2020;1.265
CASTILLA - LA MANCHA;5.9.-Otros contra el patrimonio;2019;1.307
CASTILLA - LA MANCHA;5.9.-Otros contra el patrimonio;2018;1.168
CASTILLA - LA MANCHA;6. SEGURIDAD COLECTIVA;2024;3.467
CASTILLA - LA MANCHA;6. SEGURIDAD COLECTIVA;2023;3.444
CASTILLA - LA MANCHA;6. SEGURIDAD COLECTIVA;2022;3.304
CASTILLA - LA MANCHA;6. SEGURIDAD COLECTIVA;2021;3.046
CASTILLA - LA MANCHA;6. SEGURIDAD COLECTIVA;2020;2.804
CASTILLA - LA MANCHA;6. SEGURIDAD COLECTIVA;2019;3.101
CASTILLA - LA MANCHA;6. SEGURIDAD COLECTIVA;2018;2.725
CASTILLA - LA MANCHA;6.1.-Tráfico de drogas;2024;537
CASTILLA - LA MANCHA;6.1.-Tráfico de drogas;2023;576
CASTILLA - LA MANCHA;6.1.-Tráfico de drogas;2022;546
CASTILLA - LA MANCHA;6.1.-Tráfico de drogas;2021;553
CASTILLA - LA MANCHA;6.1.-Tráfico de drogas;2020;530
CASTILLA - LA MANCHA;6.1.-Tráfico de drogas;2019;445
CASTILLA - LA MANCHA;6.1.-Tráfico de drogas;2018;424
CASTILLA - LA MANCHA;6.2.-Contra la seguridad vial;2024;2.855
CASTILLA - LA MANCHA;6.2.-Contra la seguridad vial;2023;2.797
CASTILLA - LA MANCHA;6.2.-Contra la seguridad vial;2022;2.663
CASTILLA - LA MANCHA;6.2.-Contra la seguridad vial;2021;2.417
CASTILLA - LA MANCHA;6.2.-Contra la seguridad vial;2020;2.209
CASTILLA - LA MANCHA;6.2.-Contra la seguridad vial;2019;2.592
CASTILLA - LA MANCHA;6.2.-Contra la seguridad vial;2018;2.247
CASTILLA - LA MANCHA;6.3.-Otros contra la seguridad colectiva;2024;75
CASTILLA - LA MANCHA;6.3.-Otros contra la seguridad colectiva;2023;71
CASTILLA - LA MANCHA;6.3.-Otros contra la seguridad colectiva;2022;95
CASTILLA - LA MANCHA;6.3.-Otros contra la seguridad colectiva;2021;76
CASTILLA - LA MANCHA;6.3.-Otros contra la seguridad colectiva;2020;65
CASTILLA - LA MANCHA;6.3.-Otros contra la seguridad colectiva;2019;64
CASTILLA - LA MANCHA;6.3.-Otros contra la seguridad colectiva;2018;54
CASTILLA - LA MANCHA;7. FALSEDADES;2024;660
CASTILLA - LA MANCHA;7. FALSEDADES;2023;734
CASTILLA - LA MANCHA;7. FALSEDADES;2022;719
CASTILLA - LA MANCHA;7. FALSEDADES;2021;823
CASTILLA - LA MANCHA;7. FALSEDADES;2020;594
CASTILLA - LA MANCHA;7. FALSEDADES;2019;666
CASTILLA - LA MANCHA;7. FALSEDADES;2018;575
CASTILLA - LA MANCHA;8. ADMÓN. PÚBLICA;2024;19
CASTILLA - LA MANCHA;8. ADMÓN. PÚBLICA;2023;19
CASTILLA - LA MANCHA;8. ADMÓN. PÚBLICA;2022;7
CASTILLA - LA MANCHA;8. ADMÓN. PÚBLICA;2021;30
CASTILLA - LA MANCHA;8. ADMÓN. PÚBLICA;2020;11
CASTILLA - LA MANCHA;8. ADMÓN. PÚBLICA;2019;23
CASTILLA - LA MANCHA;8. ADMÓN. PÚBLICA;2018;35
CASTILLA - LA MANCHA;9. ADMÓN. JUSTICIA;2024;1.828
CASTILLA - LA MANCHA;9. ADMÓN. JUSTICIA;2023;1.802
CASTILLA - LA MANCHA;9. ADMÓN. JUSTICIA;2022;1.661
CASTILLA - LA MANCHA;9. ADMÓN. JUSTICIA;2021;1.386
CASTILLA - LA MANCHA;9. ADMÓN. JUSTICIA;2020;1.228
CASTILLA - LA MANCHA;9. ADMÓN. JUSTICIA;2019;1.283
CASTILLA - LA MANCHA;9. ADMÓN. JUSTICIA;2018;1.193
CASTILLA - LA MANCHA;10. ORDEN PÚBLICO;2024;1.131
CASTILLA - LA MANCHA;10. ORDEN PÚBLICO;2023;1.062
CASTILLA - LA MANCHA;10. ORDEN PÚBLICO;2022;973
CASTILLA - LA MANCHA;10. ORDEN PÚBLICO;2021;921
CASTILLA - LA MANCHA;10. ORDEN PÚBLICO;2020;1.192
CASTILLA - LA MANCHA;10. ORDEN PÚBLICO;2019;734
CASTILLA - LA MANCHA;10. ORDEN PÚBLICO;2018;680
CASTILLA - LA MANCHA;11. LEGISLACIÓN ESPECIAL;2024;8
CASTILLA - LA MANCHA;11. LEGISLACIÓN ESPECIAL;2023;5
CASTILLA - LA MANCHA;11. LEGISLACIÓN ESPECIAL;2022;11
CASTILLA - LA MANCHA;11. LEGISLACIÓN ESPECIAL;2021;2
CASTILLA - LA MANCHA;11. LEGISLACIÓN ESPECIAL;2020;4
CASTILLA - LA MANCHA;11. LEGISLACIÓN ESPECIAL;2019;6
CASTILLA - LA MANCHA;11. LEGISLACIÓN ESPECIAL;2018;8
CASTILLA - LA MANCHA;12. OTRAS INFRACCIONES PENALES;2024;432
CASTILLA - LA MANCHA;12. OTRAS INFRACCIONES PENALES;2023;437
CASTILLA - LA MANCHA;12. OTRAS INFRACCIONES PENALES;2022;405
CASTILLA - LA MANCHA;12. OTRAS INFRACCIONES PENALES;2021;382
CASTILLA - LA MANCHA;12. OTRAS INFRACCIONES PENALES;2020;371
CASTILLA - LA MANCHA;12. OTRAS INFRACCIONES PENALES;2019;393
CASTILLA - LA MANCHA;12. OTRAS INFRACCIONES PENALES;2018;355
CASTILLA - LA MANCHA;TOTAL INFRACCIONES PENALES;2024;37.268
CASTILLA - LA MANCHA;TOTAL INFRACCIONES PENALES;2023;35.782
CASTILLA - LA MANCHA;TOTAL INFRACCIONES PENALES;2022;32.645
CASTILLA - LA MANCHA;TOTAL INFRACCIONES PENALES;2021;29.315
CASTILLA - LA MANCHA;TOTAL INFRACCIONES PENALES;2020;26.075
CASTILLA - LA MANCHA;TOTAL INFRACCIONES PENALES;2019;28.492
CASTILLA - LA MANCHA;TOTAL INFRACCIONES PENALES;2018;26.579
CATALUÑA;1. CONTRA LAS PERSONAS;2024;21.651
CATALUÑA;1. CONTRA LAS PERSONAS;2023;20.184
CATALUÑA;1. CONTRA LAS PERSONAS;2022;19.442
CATALUÑA;1. CONTRA LAS PERSONAS;2021;17.094
CATALUÑA;1. CONTRA LAS PERSONAS;2020;14.074
CATALUÑA;1. CONTRA LAS PERSONAS;2019;18.514
CATALUÑA;1. CONTRA LAS PERSONAS;2018;18.536
CATALUÑA;1.1.-Homicidios dolosos/asesinatos;2024;289
CATALUÑA;1.1.-Homicidios dolosos/asesinatos;2023;260
CATALUÑA;1.1.-Homicidios dolosos/asesinatos;2022;232
CATALUÑA;1.1.-Homicidios dolosos/asesinatos;2021;227
CATALUÑA;1.1.-Homicidios dolosos/asesinatos;2020;170
CATALUÑA;1.1.-Homicidios dolosos/asesinatos;2019;247
CATALUÑA;1.1.-Homicidios dolosos/asesinatos;2018;209
CATALUÑA;1.1.1.-Homicidios dolosos/asesinatos consumados;2024;69
CATALUÑA;1.1.1.-Homicidios dolosos/asesinatos consumados;2023;64
CATALUÑA;1.1.1.-Homicidios dolosos/asesinatos consumados;2022;62
CATALUÑA;1.1.1.-Homicidios dolosos/asesinatos consumados;2021;55
CATALUÑA;1.1.1.-Homicidios dolosos/asesinatos consumados;2020;45
CATALUÑA;1.1.1.-Homicidios dolosos/asesinatos consumados;2019;1
CATALUÑA;1.1.1.-Homicidios dolosos/asesinatos consumados;2018;0
CATALUÑA;1.2.-Lesiones;2024;12.361
CATALUÑA;1.2.-Lesiones;2023;11.585
CATALUÑA;1.2.-Lesiones;2022;11.384
CATALUÑA;1.2.-Lesiones;2021;9.910
CATALUÑA;1.2.-Lesiones;2020;7.770
CATALUÑA;1.2.-Lesiones;2019;11.306
CATALUÑA;1.2.-Lesiones;2018;11.463
CATALUÑA;1.3.-Malos tratos ámbito familiar;2024;8.479
CATALUÑA;1.3.-Malos tratos ámbito familiar;2023;7.910
CATALUÑA;1.3.-Malos tratos ámbito familiar;2022;7.472
CATALUÑA;1.3.-Malos tratos ámbito familiar;2021;6.647
CATALUÑA;1.3.-Malos tratos ámbito familiar;2020;5.849
CATALUÑA;1.3.-Malos tratos ámbito familiar;2019;6.636
CATALUÑA;1.3.-Malos tratos ámbito familiar;2018;6.512
CATALUÑA;1.4.-Otros contra las personas;2024;522
CATALUÑA;1.4.-Otros contra las personas;2023;429
CATALUÑA;1.4.-Otros contra las personas;2022;354
CATALUÑA;1.4.-Otros contra las personas;2021;310
CATALUÑA;1.4.-Otros contra las personas;2020;285
CATALUÑA;1.4.-Otros contra las personas;2019;325
CATALUÑA;1.4.-Otros contra las personas;2018;352
CATALUÑA;2. CONTRA LA LIBERTAD;2024;19.446
CATALUÑA;2. CONTRA LA LIBERTAD;2023;18.544
CATALUÑA;2. CONTRA LA LIBERTAD;2022;17.043
CATALUÑA;2. CONTRA LA LIBERTAD;2021;16.548
CATALUÑA;2. CONTRA LA LIBERTAD;2020;13.002
CATALUÑA;2. CONTRA LA LIBERTAD;2019;16.040
CATALUÑA;2. CONTRA LA LIBERTAD;2018;16.220
CATALUÑA;2.1.-Malos tratos habituales en el ámbito familiar;2024;1.705
CATALUÑA;2.1.-Malos tratos habituales en el ámbito familiar;2023;1.767
CATALUÑA;2.1.-Malos tratos habituales en el ámbito familiar;2022;1.682
CATALUÑA;2.1.-Malos tratos habituales en el ámbito familiar;2021;1.683
CATALUÑA;2.1.-Malos tratos habituales en el ámbito familiar;2020;1.313
CATALUÑA;2.1.-Malos tratos habituales en el ámbito familiar;2019;1.497
CATALUÑA;2.1.-Malos tratos habituales en el ámbito familiar;2018;1.720
CATALUÑA;2.2.-Otros contra la libertad;2024;17.741
CATALUÑA;2.2.-Otros contra la libertad;2023;16.777
CATALUÑA;2.2.-Otros contra la libertad;2022;15.361
CATALUÑA;2.2.-Otros contra la libertad;2021;14.865
CATALUÑA;2.2.-Otros contra la libertad;2020;11.689
CATALUÑA;2.2.-Otros contra la libertad;2019;14.543
CATALUÑA;2.2.-Otros contra la libertad;2018;14.500
CATALUÑA;3. LIBERTAD SEXUAL;2024;3.578
CATALUÑA;3. LIBERTAD SEXUAL;2023;3.314
CATALUÑA;3. LIBERTAD SEXUAL;2022;2.712
CATALUÑA;3. LIBERTAD SEXUAL;2021;2.494
CATALUÑA;3. LIBERTAD SEXUAL;2020;1.744
CATALUÑA;3. LIBERTAD SEXUAL;2019;2.420
CATALUÑA;3. LIBERTAD SEXUAL;2018;2.061
CATALUÑA;3.1.-Agresión sexual;2024;1.777
CATALUÑA;3.1.-Agresión sexual;2023;1.618
CATALUÑA;3.1.-Agresión sexual;2022;1.496
CATALUÑA;3.1.-Agresión sexual;2021;1.357
CATALUÑA;3.1.-Agresión sexual;2020;913
CATALUÑA;3.1.-Agresión sexual;2019;1.224
CATALUÑA;3.1.-Agresión sexual;2018;969
CATALUÑA;3.2.-Agresión sexual con penetración;2024;1.436
CATALUÑA;3.2.-Agresión sexual con penetración;2023;1.278
CATALUÑA;3.2.-Agresión sexual con penetración;2022;962
CATALUÑA;3.2.-Agresión sexual con penetración;2021;917
CATALUÑA;3.2.-Agresión sexual con penetración;2020;586
CATALUÑA;3.2.-Agresión sexual con penetración;2019;861
CATALUÑA;3.2.-Agresión sexual con penetración;2018;758
CATALUÑA;3.3.-Corrupción de menores o incapacitados;2024;8
CATALUÑA;3.3.-Corrupción de menores o incapacitados;2023;5
CATALUÑA;3.3.-Corrupción de menores o incapacitados;2022;13
CATALUÑA;3.3.-Corrupción de menores o incapacitados;2021;3
CATALUÑA;3.3.-Corrupción de menores o incapacitados;2020;7
CATALUÑA;3.3.-Corrupción de menores o incapacitados;2019;5
CATALUÑA;3.3.-Corrupción de menores o incapacitados;2018;6
CATALUÑA;3.4.-Pornografía de menores;2024;84
CATALUÑA;3.4.-Pornografía de menores;2023;95
CATALUÑA;3.4.-Pornografía de menores;2022;75
CATALUÑA;3.4.-Pornografía de menores;2021;57
CATALUÑA;3.4.-Pornografía de menores;2020;78
CATALUÑA;3.4.-Pornografía de menores;2019;109
CATALUÑA;3.4.-Pornografía de menores;2018;132
CATALUÑA;3.5.-Otros contra la libertad sexual;2024;273
CATALUÑA;3.5.-Otros contra la libertad sexual;2023;318
CATALUÑA;3.5.-Otros contra la libertad sexual;2022;166
CATALUÑA;3.5.-Otros contra la libertad sexual;2021;160
CATALUÑA;3.5.-Otros contra la libertad sexual;2020;160
CATALUÑA;3.5.-Otros contra la libertad sexual;2019;221
CATALUÑA;3.5.-Otros contra la libertad sexual;2018;196
CATALUÑA;4. RELACIONES FAMILIARES;2024;1.019
CATALUÑA;4. RELACIONES FAMILIARES;2023;1.046
CATALUÑA;4. RELACIONES FAMILIARES;2022;1.031
CATALUÑA;4. RELACIONES FAMILIARES;2021;980
CATALUÑA;4. RELACIONES FAMILIARES;2020;914
CATALUÑA;4. RELACIONES FAMILIARES;2019;1.087
CATALUÑA;4. RELACIONES FAMILIARES;2018;1.201
CATALUÑA;5. PATRIMONIO;2024;66.860
CATALUÑA;5. PATRIMONIO;2023;59.498
CATALUÑA;5. PATRIMONIO;2022;52.430
CATALUÑA;5. PATRIMONIO;2021;43.258
CATALUÑA;5. PATRIMONIO;2020;40.553
CATALUÑA;5. PATRIMONIO;2019;62.878
CATALUÑA;5. PATRIMONIO;2018;60.869
CATALUÑA;5.1.-Hurtos;2024;28.439
CATALUÑA;5.1.-Hurtos;2023;24.259
CATALUÑA;5.1.-Hurtos;2022;19.799
CATALUÑA;5.1.-Hurtos;2021;14.384
CATALUÑA;5.1.-Hurtos;2020;13.363
CATALUÑA;5.1.-Hurtos;2019;22.373
CATALUÑA;5.1.-Hurtos;2018;22.063
CATALUÑA;5.2.-Robos con fuerza en las cosas;2024;5.450
CATALUÑA;5.2.-Robos con fuerza en las cosas;2023;5.369
CATALUÑA;5.2.-Robos con fuerza en las cosas;2022;4.969
CATALUÑA;5.2.-Robos con fuerza en las cosas;2021;4.284
CATALUÑA;5.2.-Robos con fuerza en las cosas;2020;4.466
CATALUÑA;5.2.-Robos con fuerza en las cosas;2019;7.987
CATALUÑA;5.2.-Robos con fuerza en las cosas;2018;8.224
CATALUÑA;5.2.1.-Robos con fuerza en las cosas en el interior de vehículos;2024;1.534
CATALUÑA;5.2.1.-Robos con fuerza en las cosas en el interior de vehículos;2023;1.486
CATALUÑA;5.2.1.-Robos con fuerza en las cosas en el interior de vehículos;2022;1.393
CATALUÑA;5.2.1.-Robos con fuerza en las cosas en el interior de vehículos;2021;1.268
CATALUÑA;5.2.1.-Robos con fuerza en las cosas en el interior de vehículos;2020;0
CATALUÑA;5.2.1.-Robos con fuerza en las cosas en el interior de vehículos;2019;1.544
CATALUÑA;5.2.1.-Robos con fuerza en las cosas en el interior de vehículos;2018;1.374
CATALUÑA;5.2.2.-Robos con fuerza en viviendas;2024;1.438
CATALUÑA;5.2.2.-Robos con fuerza en viviendas;2023;1.419
CATALUÑA;5.2.2.-Robos con fuerza en viviendas;2022;1.375
CATALUÑA;5.2.2.-Robos con fuerza en viviendas;2021;1.320
CATALUÑA;5.2.2.-Robos con fuerza en viviendas;2020;1.587
CATALUÑA;5.2.2.-Robos con fuerza en viviendas;2019;7
CATALUÑA;5.2.2.-Robos con fuerza en viviendas;2018;11
CATALUÑA;5.2.3.-Robos con fuerza en establecimientos;2024;1.239
CATALUÑA;5.2.3.-Robos con fuerza en establecimientos;2023;1.249
CATALUÑA;5.2.3.-Robos con fuerza en establecimientos;2022;1.094
CATALUÑA;5.2.3.-Robos con fuerza en establecimientos;2021;843
CATALUÑA;5.2.3.-Robos con fuerza en establecimientos;2020;1.029
CATALUÑA;5.2.3.-Robos con fuerza en establecimientos;2019;8
CATALUÑA;5.2.3.-Robos con fuerza en establecimientos;2018;6
CATALUÑA;5.3.-Robos con violencia o intimidación;2024;6.036
CATALUÑA;5.3.-Robos con violencia o intimidación;2023;5.392
CATALUÑA;5.3.-Robos con violencia o intimidación;2022;4.606
CATALUÑA;5.3.-Robos con violencia o intimidación;2021;3.679
CATALUÑA;5.3.-Robos con violencia o intimidación;2020;3.170
CATALUÑA;5.3.-Robos con violencia o intimidación;2019;5.422
CATALUÑA;5.3.-Robos con violencia o intimidación;2018;4.585
CATALUÑA;5.3.1.-Robos con violencia en vía pública;2024;3.805
CATALUÑA;5.3.1.-Robos con violencia en vía pública;2023;3.620
CATALUÑA;5.3.1.-Robos con violencia en vía pública;2022;2.964
CATALUÑA;5.3.1.-Robos con violencia en vía pública;2021;2.189
CATALUÑA;5.3.1.-Robos con violencia en vía pública;2020;1.883
CATALUÑA;5.3.1.-Robos con violencia en vía pública;2019;2
CATALUÑA;5.3.1.-Robos con violencia en vía pública;2018;3
CATALUÑA;5.3.2.-Robos con violencia en viviendas;2024;357
CATALUÑA;5.3.2.-Robos con violencia en viviendas;2023;290
CATALUÑA;5.3.2.-Robos con violencia en viviendas;2022;281
CATALUÑA;5.3.2.-Robos con violencia en viviendas;2021;277
CATALUÑA;5.3.2.-Robos con violencia en viviendas;2020;235
CATALUÑA;5.3.2.-Robos con violencia en viviendas;2019;2
CATALUÑA;5.3.2.-Robos con violencia en viviendas;2018;0
CATALUÑA;5.3.3.-Robos con violencia en establecimientos;2024;1.339
CATALUÑA;5.3.3.-Robos con violencia en establecimientos;2023;1.017
CATALUÑA;5.3.3.-Robos con violencia en establecimientos;2022;889
CATALUÑA;5.3.3.-Robos con violencia en establecimientos;2021;771
CATALUÑA;5.3.3.-Robos con violencia en establecimientos;2020;680
CATALUÑA;5.3.3.-Robos con violencia en establecimientos;2019;7
CATALUÑA;5.3.3.-Robos con violencia en establecimientos;2018;3
CATALUÑA;5.4.-Sustracción de vehículos;2024;2.966
CATALUÑA;5.4.-Sustracción de vehículos;2023;2.814
CATALUÑA;5.4.-Sustracción de vehículos;2022;2.530
CATALUÑA;5.4.-Sustracción de vehículos;2021;2.062
CATALUÑA;5.4.-Sustracción de vehículos;2020;2.395
CATALUÑA;5.4.-Sustracción de vehículos;2019;4.252
CATALUÑA;5.4.-Sustracción de vehículos;2018;4.271
CATALUÑA;5.5.-Estafas;2024;7.180
CATALUÑA;5.5.-Estafas;2023;7.060
CATALUÑA;5.5.-Estafas;2022;6.299
CATALUÑA;5.5.-Estafas;2021;5.281
CATALUÑA;5.5.-Estafas;2020;5.137
CATALUÑA;5.5.-Estafas;2019;8.433
CATALUÑA;5.5.-Estafas;2018;8.852
CATALUÑA;5.5.1.-Estafas informáticas;2024;5.057
CATALUÑA;5.5.1.-Estafas informáticas;2023;4.971
CATALUÑA;5.5.1.-Estafas informáticas;2022;4.453
CATALUÑA;5.5.1.-Estafas informáticas;2021;4.013
CATALUÑA;5.5.1.-Estafas informáticas;2020;3.379
CATALUÑA;5.5.1.-Estafas informáticas;2019;2.298
CATALUÑA;5.5.1.-Estafas informáticas;2018;2.641
CATALUÑA;5.6.-Daños;2024;4.979
CATALUÑA;5.6.-Daños;2023;4.378
CATALUÑA;5.6.-Daños;2022;4.219
CATALUÑA;5.6.-Daños;2021;4.080
CATALUÑA;5.6.-Daños;2020;3.267
CATALUÑA;5.6.-Daños;2019;4.230
CATALUÑA;5.6.-Daños;2018;4.039
CATALUÑA;5.7.-Contra la propiedad intelectual/industrial;2024;257
CATALUÑA;5.7.-Contra la propiedad intelectual/industrial;2023;174
CATALUÑA;5.7.-Contra la propiedad intelectual/industrial;2022;203
CATALUÑA;5.7.-Contra la propiedad intelectual/industrial;2021;242
CATALUÑA;5.7.-Contra la propiedad intelectual/industrial;2020;156
CATALUÑA;5.7.-Contra la propiedad intelectual/industrial;2019;212
CATALUÑA;5.7.-Contra la propiedad intelectual/industrial;2018;303
CATALUÑA;5.8.-Blanqueo de capitales;2024;103
CATALUÑA;5.8.-Blanqueo de capitales;2023;70
CATALUÑA;5.8.-Blanqueo de capitales;2022;35
CATALUÑA;5.8.-Blanqueo de capitales;2021;27
CATALUÑA;5.8.-Blanqueo de capitales;2020;24
CATALUÑA;5.8.-Blanqueo de capitales;2019;17
CATALUÑA;5.8.-Blanqueo de capitales;2018;21
CATALUÑA;5.9.-Otros contra el patrimonio;2024;11.450
CATALUÑA;5.9.-Otros contra el patrimonio;2023;9.982
CATALUÑA;5.9.-Otros contra el patrimonio;2022;9.770
CATALUÑA;5.9.-Otros contra el patrimonio;2021;9.219
CATALUÑA;5.9.-Otros contra el patrimonio;2020;8.575
CATALUÑA;5.9.-Otros contra el patrimonio;2019;9.952
CATALUÑA;5.9.-Otros contra el patrimonio;2018;8.511
CATALUÑA;6. SEGURIDAD COLECTIVA;2024;11.802
CATALUÑA;6. SEGURIDAD COLECTIVA;2023;10.620
CATALUÑA;6. SEGURIDAD COLECTIVA;2022;10.321
CATALUÑA;6. SEGURIDAD COLECTIVA;2021;9.307
CATALUÑA;6. SEGURIDAD COLECTIVA;2020;7.002
CATALUÑA;6. SEGURIDAD COLECTIVA;2019;8.600
CATALUÑA;6. SEGURIDAD COLECTIVA;2018;8.465
CATALUÑA;6.1.-Tráfico de drogas;2024;4.010
CATALUÑA;6.1.-Tráfico de drogas;2023;3.664
CATALUÑA;6.1.-Tráfico de drogas;2022;3.181
CATALUÑA;6.1.-Tráfico de drogas;2021;3.006
CATALUÑA;6.1.-Tráfico de drogas;2020;2.329
CATALUÑA;6.1.-Tráfico de drogas;2019;2.366
CATALUÑA;6.1.-Tráfico de drogas;2018;2.344
CATALUÑA;6.2.-Contra la seguridad vial;2024;7.608
CATALUÑA;6.2.-Contra la seguridad vial;2023;6.820
CATALUÑA;6.2.-Contra la seguridad vial;2022;7.014
CATALUÑA;6.2.-Contra la seguridad vial;2021;6.183
CATALUÑA;6.2.-Contra la seguridad vial;2020;4.562
CATALUÑA;6.2.-Contra la seguridad vial;2019;6.081
CATALUÑA;6.2.-Contra la seguridad vial;2018;6.017
CATALUÑA;6.3.-Otros contra la seguridad colectiva;2024;184
CATALUÑA;6.3.-Otros contra la seguridad colectiva;2023;136
CATALUÑA;6.3.-Otros contra la seguridad colectiva;2022;126
CATALUÑA;6.3.-Otros contra la seguridad colectiva;2021;118
CATALUÑA;6.3.-Otros contra la seguridad colectiva;2020;111
CATALUÑA;6.3.-Otros contra la seguridad colectiva;2019;153
CATALUÑA;6.3.-Otros contra la seguridad colectiva;2018;104
CATALUÑA;7. FALSEDADES;2024;2.202
CATALUÑA;7. FALSEDADES;2023;2.113
CATALUÑA;7. FALSEDADES;2022;2.403
CATALUÑA;7. FALSEDADES;2021;2.119
CATALUÑA;7. FALSEDADES;2020;1.572
CATALUÑA;7. FALSEDADES;2019;2.710
CATALUÑA;7. FALSEDADES;2018;2.538
CATALUÑA;8. ADMÓN. PÚBLICA;2024;36
CATALUÑA;8. ADMÓN. PÚBLICA;2023;46
CATALUÑA;8. ADMÓN. PÚBLICA;2022;126
CATALUÑA;8. ADMÓN. PÚBLICA;2021;94
CATALUÑA;8. ADMÓN. PÚBLICA;2020;14
CATALUÑA;8. ADMÓN. PÚBLICA;2019;40
CATALUÑA;8. ADMÓN. PÚBLICA;2018;57
CATALUÑA;9. ADMÓN. JUSTICIA;2024;5.080
CATALUÑA;9. ADMÓN. JUSTICIA;2023;4.581
CATALUÑA;9. ADMÓN. JUSTICIA;2022;3.909
CATALUÑA;9. ADMÓN. JUSTICIA;2021;3.593
CATALUÑA;9. ADMÓN. JUSTICIA;2020;3.105
CATALUÑA;9. ADMÓN. JUSTICIA;2019;3.506
CATALUÑA;9. ADMÓN. JUSTICIA;2018;3.528
CATALUÑA;10. ORDEN PÚBLICO;2024;4.231
CATALUÑA;10. ORDEN PÚBLICO;2023;3.878
CATALUÑA;10. ORDEN PÚBLICO;2022;3.885
CATALUÑA;10. ORDEN PÚBLICO;2021;3.542
CATALUÑA;10. ORDEN PÚBLICO;2020;2.788
CATALUÑA;10. ORDEN PÚBLICO;2019;2.862
CATALUÑA;10. ORDEN PÚBLICO;2018;2.617
CATALUÑA;11. LEGISLACIÓN ESPECIAL;2024;108
CATALUÑA;11. LEGISLACIÓN ESPECIAL;2023;137
CATALUÑA;11. LEGISLACIÓN ESPECIAL;2022;13
CATALUÑA;11. LEGISLACIÓN ESPECIAL;2021;9
CATALUÑA;11. LEGISLACIÓN ESPECIAL;2020;9
CATALUÑA;11. LEGISLACIÓN ESPECIAL;2019;10
CATALUÑA;11. LEGISLACIÓN ESPECIAL;2018;11
CATALUÑA;12. OTRAS INFRACCIONES PENALES;2024;669
CATALUÑA;12. OTRAS INFRACCIONES PENALES;2023;655
CATALUÑA;12. OTRAS INFRACCIONES PENALES;2022;518
CATALUÑA;12. OTRAS INFRACCIONES PENALES;2021;499
CATALUÑA;12. OTRAS INFRACCIONES PENALES;2020;365
CATALUÑA;12. OTRAS INFRACCIONES PENALES;2019;582
CATALUÑA;12. OTRAS INFRACCIONES PENALES;2018;447
CATALUÑA;TOTAL INFRACCIONES PENALES;2024;136.682
CATALUÑA;TOTAL INFRACCIONES PENALES;2023;124.616
CATALUÑA;TOTAL INFRACCIONES PENALES;2022;113.833
CATALUÑA;TOTAL INFRACCIONES PENALES;2021;99.537
CATALUÑA;TOTAL INFRACCIONES PENALES;2020;85.142
CATALUÑA;TOTAL INFRACCIONES PENALES;2019;119.249
CATALUÑA;TOTAL INFRACCIONES PENALES;2018;116.550
COMUNITAT VALENCIANA;1. CONTRA LAS PERSONAS;2024;28.314
COMUNITAT VALENCIANA;1. CONTRA LAS PERSONAS;2023;26.207
COMUNITAT VALENCIANA;1. CONTRA LAS PERSONAS;2022;24.535
COMUNITAT VALENCIANA;1. CONTRA LAS PERSONAS;2021;21.181
COMUNITAT VALENCIANA;1. CONTRA LAS PERSONAS;2020;18.731
COMUNITAT VALENCIANA;1. CONTRA LAS PERSONAS;2019;21.232
COMUNITAT VALENCIANA;1. CONTRA LAS PERSONAS;2018;20.230
COMUNITAT VALENCIANA;1.1.-Homicidios dolosos/asesinatos;2024;187
COMUNITAT VALENCIANA;1.1.-Homicidios dolosos/asesinatos;2023;196
COMUNITAT VALENCIANA;1.1.-Homicidios dolosos/asesinatos;2022;170
COMUNITAT VALENCIANA;1.1.-Homicidios dolosos/asesinatos;2021;141
COMUNITAT VALENCIANA;1.1.-Homicidios dolosos/asesinatos;2020;123
COMUNITAT VALENCIANA;1.1.-Homicidios dolosos/asesinatos;2019;139
COMUNITAT VALENCIANA;1.1.-Homicidios dolosos/asesinatos;2018;119
COMUNITAT VALENCIANA;1.1.1.-Homicidios dolosos/asesinatos consumados;2024;49
COMUNITAT VALENCIANA;1.1.1.-Homicidios dolosos/asesinatos consumados;2023;34
COMUNITAT VALENCIANA;1.1.1.-Homicidios dolosos/asesinatos consumados;2022;38
COMUNITAT VALENCIANA;1.1.1.-Homicidios dolosos/asesinatos consumados;2021;32
COMUNITAT VALENCIANA;1.1.1.-Homicidios dolosos/asesinatos consumados;2020;36
COMUNITAT VALENCIANA;1.1.1.-Homicidios dolosos/asesinatos consumados;2019;38
COMUNITAT VALENCIANA;1.1.1.-Homicidios dolosos/asesinatos consumados;2018;26
COMUNITAT VALENCIANA;1.2.-Lesiones;2024;12.253
COMUNITAT VALENCIANA;1.2.-Lesiones;2023;11.273
COMUNITAT VALENCIANA;1.2.-Lesiones;2022;11.103
COMUNITAT VALENCIANA;1.2.-Lesiones;2021;9.037
COMUNITAT VALENCIANA;1.2.-Lesiones;2020;7.534
COMUNITAT VALENCIANA;1.2.-Lesiones;2019;9.563
COMUNITAT VALENCIANA;1.2.-Lesiones;2018;9.378
COMUNITAT VALENCIANA;1.3.-Malos tratos ámbito familiar;2024;15.260
COMUNITAT VALENCIANA;1.3.-Malos tratos ámbito familiar;2023;14.281
COMUNITAT VALENCIANA;1.3.-Malos tratos ámbito familiar;2022;12.854
COMUNITAT VALENCIANA;1.3.-Malos tratos ámbito familiar;2021;11.658
COMUNITAT VALENCIANA;1.3.-Malos tratos ámbito familiar;2020;10.827
COMUNITAT VALENCIANA;1.3.-Malos tratos ámbito familiar;2019;11.215
COMUNITAT VALENCIANA;1.3.-Malos tratos ámbito familiar;2018;10.425
COMUNITAT VALENCIANA;1.4.-Otros contra las personas;2024;614
COMUNITAT VALENCIANA;1.4.-Otros contra las personas;2023;457
COMUNITAT VALENCIANA;1.4.-Otros contra las personas;2022;408
COMUNITAT VALENCIANA;1.4.-Otros contra las personas;2021;345
COMUNITAT VALENCIANA;1.4.-Otros contra las personas;2020;247
COMUNITAT VALENCIANA;1.4.-Otros contra las personas;2019;315
COMUNITAT VALENCIANA;1.4.-Otros contra las personas;2018;308
COMUNITAT VALENCIANA;2. CONTRA LA LIBERTAD;2024;14.864
COMUNITAT VALENCIANA;2. CONTRA LA LIBERTAD;2023;14.302
COMUNITAT VALENCIANA;2. CONTRA LA LIBERTAD;2022;12.992
COMUNITAT VALENCIANA;2. CONTRA LA LIBERTAD;2021;12.230
COMUNITAT VALENCIANA;2. CONTRA LA LIBERTAD;2020;10.899
COMUNITAT VALENCIANA;2. CONTRA LA LIBERTAD;2019;10.953
COMUNITAT VALENCIANA;2. CONTRA LA LIBERTAD;2018;10.652
COMUNITAT VALENCIANA;2.1.-Malos tratos habituales en el ámbito familiar;2024;2.255
COMUNITAT VALENCIANA;2.1.-Malos tratos habituales en el ámbito familiar;2023;2.527
COMUNITAT VALENCIANA;2.1.-Malos tratos habituales en el ámbito familiar;2022;2.444
COMUNITAT VALENCIANA;2.1.-Malos tratos habituales en el ámbito familiar;2021;1.884
COMUNITAT VALENCIANA;2.1.-Malos tratos habituales en el ámbito familiar;2020;1.663
COMUNITAT VALENCIANA;2.1.-Malos tratos habituales en el ámbito familiar;2019;1.799
COMUNITAT VALENCIANA;2.1.-Malos tratos habituales en el ámbito familiar;2018;1.684
COMUNITAT VALENCIANA;2.2.-Otros contra la libertad;2024;12.609
COMUNITAT VALENCIANA;2.2.-Otros contra la libertad;2023;11.775
COMUNITAT VALENCIANA;2.2.-Otros contra la libertad;2022;10.548
COMUNITAT VALENCIANA;2.2.-Otros contra la libertad;2021;10.346
COMUNITAT VALENCIANA;2.2.-Otros contra la libertad;2020;9.236
COMUNITAT VALENCIANA;2.2.-Otros contra la libertad;2019;9.154
COMUNITAT VALENCIANA;2.2.-Otros contra la libertad;2018;8.968
COMUNITAT VALENCIANA;3. LIBERTAD SEXUAL;2024;2.321
COMUNITAT VALENCIANA;3. LIBERTAD SEXUAL;2023;2.172
COMUNITAT VALENCIANA;3. LIBERTAD SEXUAL;2022;2.004
COMUNITAT VALENCIANA;3. LIBERTAD SEXUAL;2021;1.775
COMUNITAT VALENCIANA;3. LIBERTAD SEXUAL;2020;1.242
COMUNITAT VALENCIANA;3. LIBERTAD SEXUAL;2019;1.441
COMUNITAT VALENCIANA;3. LIBERTAD SEXUAL;2018;1.338
COMUNITAT VALENCIANA;3.1.-Agresión sexual;2024;1.499
COMUNITAT VALENCIANA;3.1.-Agresión sexual;2023;1.402
COMUNITAT VALENCIANA;3.1.-Agresión sexual;2022;1.254
COMUNITAT VALENCIANA;3.1.-Agresión sexual;2021;1.159
COMUNITAT VALENCIANA;3.1.-Agresión sexual;2020;751
COMUNITAT VALENCIANA;3.1.-Agresión sexual;2019;878
COMUNITAT VALENCIANA;3.1.-Agresión sexual;2018;849
COMUNITAT VALENCIANA;3.2.-Agresión sexual con penetración;2024;452
COMUNITAT VALENCIANA;3.2.-Agresión sexual con penetración;2023;427
COMUNITAT VALENCIANA;3.2.-Agresión sexual con penetración;2022;430
COMUNITAT VALENCIANA;3.2.-Agresión sexual con penetración;2021;341
COMUNITAT VALENCIANA;3.2.-Agresión sexual con penetración;2020;258
COMUNITAT VALENCIANA;3.2.-Agresión sexual con penetración;2019;256
COMUNITAT VALENCIANA;3.2.-Agresión sexual con penetración;2018;221
COMUNITAT VALENCIANA;3.3.-Corrupción de menores o incapacitados;2024;47
COMUNITAT VALENCIANA;3.3.-Corrupción de menores o incapacitados;2023;38
COMUNITAT VALENCIANA;3.3.-Corrupción de menores o incapacitados;2022;59
COMUNITAT VALENCIANA;3.3.-Corrupción de menores o incapacitados;2021;50
COMUNITAT VALENCIANA;3.3.-Corrupción de menores o incapacitados;2020;28
COMUNITAT VALENCIANA;3.3.-Corrupción de menores o incapacitados;2019;48
COMUNITAT VALENCIANA;3.3.-Corrupción de menores o incapacitados;2018;33
COMUNITAT VALENCIANA;3.4.-Pornografía de menores;2024;94
COMUNITAT VALENCIANA;3.4.-Pornografía de menores;2023;78
COMUNITAT VALENCIANA;3.4.-Pornografía de menores;2022;65
COMUNITAT VALENCIANA;3.4.-Pornografía de menores;2021;49
COMUNITAT VALENCIANA;3.4.-Pornografía de menores;2020;42
COMUNITAT VALENCIANA;3.4.-Pornografía de menores;2019;81
COMUNITAT VALENCIANA;3.4.-Pornografía de menores;2018;70
COMUNITAT VALENCIANA;3.5.-Otros contra la libertad sexual;2024;229
COMUNITAT VALENCIANA;3.5.-Otros contra la libertad sexual;2023;227
COMUNITAT VALENCIANA;3.5.-Otros contra la libertad sexual;2022;196
COMUNITAT VALENCIANA;3.5.-Otros contra la libertad sexual;2021;176
COMUNITAT VALENCIANA;3.5.-Otros contra la libertad sexual;2020;163
COMUNITAT VALENCIANA;3.5.-Otros contra la libertad sexual;2019;178
COMUNITAT VALENCIANA;3.5.-Otros contra la libertad sexual;2018;165
COMUNITAT VALENCIANA;4. RELACIONES FAMILIARES;2024;914
COMUNITAT VALENCIANA;4. RELACIONES FAMILIARES;2023;880
COMUNITAT VALENCIANA;4. RELACIONES FAMILIARES;2022;889
COMUNITAT VALENCIANA;4. RELACIONES FAMILIARES;2021;837
COMUNITAT VALENCIANA;4. RELACIONES FAMILIARES;2020;784
COMUNITAT VALENCIANA;4. RELACIONES FAMILIARES;2019;852
COMUNITAT VALENCIANA;4. RELACIONES FAMILIARES;2018;870
COMUNITAT VALENCIANA;5. PATRIMONIO;2024;50.814
COMUNITAT VALENCIANA;5. PATRIMONIO;2023;45.841
COMUNITAT VALENCIANA;5. PATRIMONIO;2022;39.897
COMUNITAT VALENCIANA;5. PATRIMONIO;2021;33.426
COMUNITAT VALENCIANA;5. PATRIMONIO;2020;28.810
COMUNITAT VALENCIANA;5. PATRIMONIO;2019;35.109
COMUNITAT VALENCIANA;5. PATRIMONIO;2018;34.486
COMUNITAT VALENCIANA;5.1.-Hurtos;2024;19.523
COMUNITAT VALENCIANA;5.1.-Hurtos;2023;17.101
COMUNITAT VALENCIANA;5.1.-Hurtos;2022;14.614
COMUNITAT VALENCIANA;5.1.-Hurtos;2021;11.689
COMUNITAT VALENCIANA;5.1.-Hurtos;2020;9.128
COMUNITAT VALENCIANA;5.1.-Hurtos;2019;12.945
COMUNITAT VALENCIANA;5.1.-Hurtos;2018;13.342
COMUNITAT VALENCIANA;5.2.-Robos con fuerza en las cosas;2024;6.846
COMUNITAT VALENCIANA;5.2.-Robos con fuerza en las cosas;2023;6.720
COMUNITAT VALENCIANA;5.2.-Robos con fuerza en las cosas;2022;5.284
COMUNITAT VALENCIANA;5.2.-Robos con fuerza en las cosas;2021;4.538
COMUNITAT VALENCIANA;5.2.-Robos con fuerza en las cosas;2020;4.675
COMUNITAT VALENCIANA;5.2.-Robos con fuerza en las cosas;2019;5.481
COMUNITAT VALENCIANA;5.2.-Robos con fuerza en las cosas;2018;5.580
COMUNITAT VALENCIANA;5.2.1.-Robos con fuerza en las cosas en el interior de vehículos;2024;1.979
COMUNITAT VALENCIANA;5.2.1.-Robos con fuerza en las cosas en el interior de vehículos;2023;1.945
COMUNITAT VALENCIANA;5.2.1.-Robos con fuerza en las cosas en el interior de vehículos;2022;1.234
COMUNITAT VALENCIANA;5.2.1.-Robos con fuerza en las cosas en el interior de vehículos;2021;1.083
COMUNITAT VALENCIANA;5.2.1.-Robos con fuerza en las cosas en el interior de vehículos;2020;979
COMUNITAT VALENCIANA;5.2.1.-Robos con fuerza en las cosas en el interior de vehículos;2019;1.208
COMUNITAT VALENCIANA;5.2.1.-Robos con fuerza en las cosas en el interior de vehículos;2018;1.112
COMUNITAT VALENCIANA;5.2.2.-Robos con fuerza en viviendas;2024;2.497
COMUNITAT VALENCIANA;5.2.2.-Robos con fuerza en viviendas;2023;2.396
COMUNITAT VALENCIANA;5.2.2.-Robos con fuerza en viviendas;2022;1.916
COMUNITAT VALENCIANA;5.2.2.-Robos con fuerza en viviendas;2021;1.762
COMUNITAT VALENCIANA;5.2.2.-Robos con fuerza en viviendas;2020;2.012
COMUNITAT VALENCIANA;5.2.2.-Robos con fuerza en viviendas;2019;2.279
COMUNITAT VALENCIANA;5.2.2.-Robos con fuerza en viviendas;2018;2.584
COMUNITAT VALENCIANA;5.2.3.-Robos con fuerza en establecimientos;2024;1.264
COMUNITAT VALENCIANA;5.2.3.-Robos con fuerza en establecimientos;2023;1.183
COMUNITAT VALENCIANA;5.2.3.-Robos con fuerza en establecimientos;2022;1.038
COMUNITAT VALENCIANA;5.2.3.-Robos con fuerza en establecimientos;2021;878
COMUNITAT VALENCIANA;5.2.3.-Robos con fuerza en establecimientos;2020;1.025
COMUNITAT VALENCIANA;5.2.3.-Robos con fuerza en establecimientos;2019;1.085
COMUNITAT VALENCIANA;5.2.3.-Robos con fuerza en establecimientos;2018;1.020
COMUNITAT VALENCIANA;5.3.-Robos con violencia o intimidación;2024;3.064
COMUNITAT VALENCIANA;5.3.-Robos con violencia o intimidación;2023;2.707
COMUNITAT VALENCIANA;5.3.-Robos con violencia o intimidación;2022;2.289
COMUNITAT VALENCIANA;5.3.-Robos con violencia o intimidación;2021;1.796
COMUNITAT VALENCIANA;5.3.-Robos con violencia o intimidación;2020;1.545
COMUNITAT VALENCIANA;5.3.-Robos con violencia o intimidación;2019;1.836
COMUNITAT VALENCIANA;5.3.-Robos con violencia o intimidación;2018;1.681
COMUNITAT VALENCIANA;5.3.1.-Robos con violencia en vía pública;2024;1.633
COMUNITAT VALENCIANA;5.3.1.-Robos con violencia en vía pública;2023;1.448
COMUNITAT VALENCIANA;5.3.1.-Robos con violencia en vía pública;2022;1.197
COMUNITAT VALENCIANA;5.3.1.-Robos con violencia en vía pública;2021;878
COMUNITAT VALENCIANA;5.3.1.-Robos con violencia en vía pública;2020;784
COMUNITAT VALENCIANA;5.3.1.-Robos con violencia en vía pública;2019;915
COMUNITAT VALENCIANA;5.3.1.-Robos con violencia en vía pública;2018;774
COMUNITAT VALENCIANA;5.3.2.-Robos con violencia en viviendas;2024;296
COMUNITAT VALENCIANA;5.3.2.-Robos con violencia en viviendas;2023;239
COMUNITAT VALENCIANA;5.3.2.-Robos con violencia en viviendas;2022;220
COMUNITAT VALENCIANA;5.3.2.-Robos con violencia en viviendas;2021;219
COMUNITAT VALENCIANA;5.3.2.-Robos con violencia en viviendas;2020;199
COMUNITAT VALENCIANA;5.3.2.-Robos con violencia en viviendas;2019;225
COMUNITAT VALENCIANA;5.3.2.-Robos con violencia en viviendas;2018;192
COMUNITAT VALENCIANA;5.3.3.-Robos con violencia en establecimientos;2024;786
COMUNITAT VALENCIANA;5.3.3.-Robos con violencia en establecimientos;2023;699
COMUNITAT VALENCIANA;5.3.3.-Robos con violencia en establecimientos;2022;580
COMUNITAT VALENCIANA;5.3.3.-Robos con violencia en establecimientos;2021;489
COMUNITAT VALENCIANA;5.3.3.-Robos con violencia en establecimientos;2020;406
COMUNITAT VALENCIANA;5.3.3.-Robos con violencia en establecimientos;2019;480
COMUNITAT VALENCIANA;5.3.3.-Robos con violencia en establecimientos;2018;493
COMUNITAT VALENCIANA;5.4.-Sustracción de vehículos;2024;1.449
COMUNITAT VALENCIANA;5.4.-Sustracción de vehículos;2023;1.218
COMUNITAT VALENCIANA;5.4.-Sustracción de vehículos;2022;1.055
COMUNITAT VALENCIANA;5.4.-Sustracción de vehículos;2021;897
COMUNITAT VALENCIANA;5.4.-Sustracción de vehículos;2020;847
COMUNITAT VALENCIANA;5.4.-Sustracción de vehículos;2019;954
COMUNITAT VALENCIANA;5.4.-Sustracción de vehículos;2018;990
COMUNITAT VALENCIANA;5.5.-Estafas;2024;10.619
COMUNITAT VALENCIANA;5.5.-Estafas;2023;9.728
COMUNITAT VALENCIANA;5.5.-Estafas;2022;8.056
COMUNITAT VALENCIANA;5.5.-Estafas;2021;7.035
COMUNITAT VALENCIANA;5.5.-Estafas;2020;5.781
COMUNITAT VALENCIANA;5.5.-Estafas;2019;6.398
COMUNITAT VALENCIANA;5.5.-Estafas;2018;5.933
COMUNITAT VALENCIANA;5.5.1.-Estafas informáticas;2024;6.658
COMUNITAT VALENCIANA;5.5.1.-Estafas informáticas;2023;6.011
COMUNITAT VALENCIANA;5.5.1.-Estafas informáticas;2022;4.268
COMUNITAT VALENCIANA;5.5.1.-Estafas informáticas;2021;3.864
COMUNITAT VALENCIANA;5.5.1.-Estafas informáticas;2020;2.925
COMUNITAT VALENCIANA;5.5.1.-Estafas informáticas;2019;2.430
COMUNITAT VALENCIANA;5.5.1.-Estafas informáticas;2018;2.086
COMUNITAT VALENCIANA;5.6.-Daños;2024;4.824
COMUNITAT VALENCIANA;5.6.-Daños;2023;4.296
COMUNITAT VALENCIANA;5.6.-Daños;2022;4.399
COMUNITAT VALENCIANA;5.6.-Daños;2021;3.952
COMUNITAT VALENCIANA;5.6.-Daños;2020;3.415
COMUNITAT VALENCIANA;5.6.-Daños;2019;3.840
COMUNITAT VALENCIANA;5.6.-Daños;2018;3.532
COMUNITAT VALENCIANA;5.7.-Contra la propiedad intelectual/industrial;2024;205
COMUNITAT VALENCIANA;5.7.-Contra la propiedad intelectual/industrial;2023;210
COMUNITAT VALENCIANA;5.7.-Contra la propiedad intelectual/industrial;2022;184
COMUNITAT VALENCIANA;5.7.-Contra la propiedad intelectual/industrial;2021;179
COMUNITAT VALENCIANA;5.7.-Contra la propiedad intelectual/industrial;2020;130
COMUNITAT VALENCIANA;5.7.-Contra la propiedad intelectual/industrial;2019;157
COMUNITAT VALENCIANA;5.7.-Contra la propiedad intelectual/industrial;2018;265
COMUNITAT VALENCIANA;5.8.-Blanqueo de capitales;2024;130
COMUNITAT VALENCIANA;5.8.-Blanqueo de capitales;2023;77
COMUNITAT VALENCIANA;5.8.-Blanqueo de capitales;2022;58
COMUNITAT VALENCIANA;5.8.-Blanqueo de capitales;2021;73
COMUNITAT VALENCIANA;5.8.-Blanqueo de capitales;2020;74
COMUNITAT VALENCIANA;5.8.-Blanqueo de capitales;2019;50
COMUNITAT VALENCIANA;5.8.-Blanqueo de capitales;2018;53
COMUNITAT VALENCIANA;5.9.-Otros contra el patrimonio;2024;4.154
COMUNITAT VALENCIANA;5.9.-Otros contra el patrimonio;2023;3.784
COMUNITAT VALENCIANA;5.9.-Otros contra el patrimonio;2022;3.958
COMUNITAT VALENCIANA;5.9.-Otros contra el patrimonio;2021;3.267
COMUNITAT VALENCIANA;5.9.-Otros contra el patrimonio;2020;3.215
COMUNITAT VALENCIANA;5.9.-Otros contra el patrimonio;2019;3.448
COMUNITAT VALENCIANA;5.9.-Otros contra el patrimonio;2018;3.110
COMUNITAT VALENCIANA;6. SEGURIDAD COLECTIVA;2024;9.327
COMUNITAT VALENCIANA;6. SEGURIDAD COLECTIVA;2023;9.410
COMUNITAT VALENCIANA;6. SEGURIDAD COLECTIVA;2022;8.800
COMUNITAT VALENCIANA;6. SEGURIDAD COLECTIVA;2021;7.677
COMUNITAT VALENCIANA;6. SEGURIDAD COLECTIVA;2020;6.422
COMUNITAT VALENCIANA;6. SEGURIDAD COLECTIVA;2019;7.577
COMUNITAT VALENCIANA;6. SEGURIDAD COLECTIVA;2018;7.558
COMUNITAT VALENCIANA;6.1.-Tráfico de drogas;2024;2.642
COMUNITAT VALENCIANA;6.1.-Tráfico de drogas;2023;2.447
COMUNITAT VALENCIANA;6.1.-Tráfico de drogas;2022;1.940
COMUNITAT VALENCIANA;6.1.-Tráfico de drogas;2021;1.813
COMUNITAT VALENCIANA;6.1.-Tráfico de drogas;2020;1.793
COMUNITAT VALENCIANA;6.1.-Tráfico de drogas;2019;1.923
COMUNITAT VALENCIANA;6.1.-Tráfico de drogas;2018;1.700
COMUNITAT VALENCIANA;6.2.-Contra la seguridad vial;2024;6.380
COMUNITAT VALENCIANA;6.2.-Contra la seguridad vial;2023;6.715
COMUNITAT VALENCIANA;6.2.-Contra la seguridad vial;2022;6.651
COMUNITAT VALENCIANA;6.2.-Contra la seguridad vial;2021;5.690
COMUNITAT VALENCIANA;6.2.-Contra la seguridad vial;2020;4.479
COMUNITAT VALENCIANA;6.2.-Contra la seguridad vial;2019;5.494
COMUNITAT VALENCIANA;6.2.-Contra la seguridad vial;2018;5.647
COMUNITAT VALENCIANA;6.3.-Otros contra la seguridad colectiva;2024;305
COMUNITAT VALENCIANA;6.3.-Otros contra la seguridad colectiva;2023;248
COMUNITAT VALENCIANA;6.3.-Otros contra la seguridad colectiva;2022;209
COMUNITAT VALENCIANA;6.3.-Otros contra la seguridad colectiva;2021;174
COMUNITAT VALENCIANA;6.3.-Otros contra la seguridad colectiva;2020;150
COMUNITAT VALENCIANA;6.3.-Otros contra la seguridad colectiva;2019;160
COMUNITAT VALENCIANA;6.3.-Otros contra la seguridad colectiva;2018;211
COMUNITAT VALENCIANA;7. FALSEDADES;2024;2.415
COMUNITAT VALENCIANA;7. FALSEDADES;2023;2.648
COMUNITAT VALENCIANA;7. FALSEDADES;2022;2.338
COMUNITAT VALENCIANA;7. FALSEDADES;2021;2.016
COMUNITAT VALENCIANA;7. FALSEDADES;2020;1.719
COMUNITAT VALENCIANA;7. FALSEDADES;2019;2.137
COMUNITAT VALENCIANA;7. FALSEDADES;2018;2.241
COMUNITAT VALENCIANA;8. ADMÓN. PÚBLICA;2024;57
COMUNITAT VALENCIANA;8. ADMÓN. PÚBLICA;2023;45
COMUNITAT VALENCIANA;8. ADMÓN. PÚBLICA;2022;35
COMUNITAT VALENCIANA;8. ADMÓN. PÚBLICA;2021;76
COMUNITAT VALENCIANA;8. ADMÓN. PÚBLICA;2020;35
COMUNITAT VALENCIANA;8. ADMÓN. PÚBLICA;2019;43
COMUNITAT VALENCIANA;8. ADMÓN. PÚBLICA;2018;101
COMUNITAT VALENCIANA;9. ADMÓN. JUSTICIA;2024;6.074
COMUNITAT VALENCIANA;9. ADMÓN. JUSTICIA;2023;6.047
COMUNITAT VALENCIANA;9. ADMÓN. JUSTICIA;2022;5.617
COMUNITAT VALENCIANA;9. ADMÓN. JUSTICIA;2021;5.010
COMUNITAT VALENCIANA;9. ADMÓN. JUSTICIA;2020;4.832
COMUNITAT VALENCIANA;9. ADMÓN. JUSTICIA;2019;4.728
COMUNITAT VALENCIANA;9. ADMÓN. JUSTICIA;2018;4.415
COMUNITAT VALENCIANA;10. ORDEN PÚBLICO;2024;4.129
COMUNITAT VALENCIANA;10. ORDEN PÚBLICO;2023;3.988
COMUNITAT VALENCIANA;10. ORDEN PÚBLICO;2022;3.681
COMUNITAT VALENCIANA;10. ORDEN PÚBLICO;2021;3.497
COMUNITAT VALENCIANA;10. ORDEN PÚBLICO;2020;4.123
COMUNITAT VALENCIANA;10. ORDEN PÚBLICO;2019;2.666
COMUNITAT VALENCIANA;10. ORDEN PÚBLICO;2018;2.553
COMUNITAT VALENCIANA;11. LEGISLACIÓN ESPECIAL;2024;23
COMUNITAT VALENCIANA;11. LEGISLACIÓN ESPECIAL;2023;36
COMUNITAT VALENCIANA;11. LEGISLACIÓN ESPECIAL;2022;23
COMUNITAT VALENCIANA;11. LEGISLACIÓN ESPECIAL;2021;25
COMUNITAT VALENCIANA;11. LEGISLACIÓN ESPECIAL;2020;18
COMUNITAT VALENCIANA;11. LEGISLACIÓN ESPECIAL;2019;8
COMUNITAT VALENCIANA;11. LEGISLACIÓN ESPECIAL;2018;13
COMUNITAT VALENCIANA;12. OTRAS INFRACCIONES PENALES;2024;993
COMUNITAT VALENCIANA;12. OTRAS INFRACCIONES PENALES;2023;876
COMUNITAT VALENCIANA;12. OTRAS INFRACCIONES PENALES;2022;855
COMUNITAT VALENCIANA;12. OTRAS INFRACCIONES PENALES;2021;763
COMUNITAT VALENCIANA;12. OTRAS INFRACCIONES PENALES;2020;861
COMUNITAT VALENCIANA;12. OTRAS INFRACCIONES PENALES;2019;838
COMUNITAT VALENCIANA;12. OTRAS INFRACCIONES PENALES;2018;805
COMUNITAT VALENCIANA;TOTAL INFRACCIONES PENALES;2024;120.245
COMUNITAT VALENCIANA;TOTAL INFRACCIONES PENALES;2023;112.452
COMUNITAT VALENCIANA;TOTAL INFRACCIONES PENALES;2022;101.666
COMUNITAT VALENCIANA;TOTAL INFRACCIONES PENALES;2021;88.513
COMUNITAT VALENCIANA;TOTAL INFRACCIONES PENALES;2020;78.476
COMUNITAT VALENCIANA;TOTAL INFRACCIONES PENALES;2019;87.584
COMUNITAT VALENCIANA;TOTAL INFRACCIONES PENALES;2018;85.262
EXTREMADURA;1. CONTRA LAS PERSONAS;2024;3.582
EXTREMADURA;1. CONTRA LAS PERSONAS;2023;3.499
EXTREMADURA;1. CONTRA LAS PERSONAS;2022;3.070
EXTREMADURA;1. CONTRA LAS PERSONAS;2021;2.877
EXTREMADURA;1. CONTRA LAS PERSONAS;2020;2.555
EXTREMADURA;1. CONTRA LAS PERSONAS;2019;2.929
EXTREMADURA;1. CONTRA LAS PERSONAS;2018;2.845
EXTREMADURA;1.1.-Homicidios dolosos/asesinatos;2024;30
EXTREMADURA;1.1.-Homicidios dolosos/asesinatos;2023;18
EXTREMADURA;1.1.-Homicidios dolosos/asesinatos;2022;10
EXTREMADURA;1.1.-Homicidios dolosos/asesinatos;2021;24
EXTREMADURA;1.1.-Homicidios dolosos/asesinatos;2020;21
EXTREMADURA;1.1.-Homicidios dolosos/asesinatos;2019;12
EXTREMADURA;1.1.-Homicidios dolosos/asesinatos;2018;17
EXTREMADURA;1.1.1.-Homicidios dolosos/asesinatos consumados;2024;5
EXTREMADURA;1.1.1.-Homicidios dolosos/asesinatos consumados;2023;4
EXTREMADURA;1.1.1.-Homicidios dolosos/asesinatos consumados;2022;3
EXTREMADURA;1.1.1.-Homicidios dolosos/asesinatos consumados;2021;3
EXTREMADURA;1.1.1.-Homicidios dolosos/asesinatos consumados;2020;9
EXTREMADURA;1.1.1.-Homicidios dolosos/asesinatos consumados;2019;5
EXTREMADURA;1.1.1.-Homicidios dolosos/asesinatos consumados;2018;4
EXTREMADURA;1.2.-Lesiones;2024;2.050
EXTREMADURA;1.2.-Lesiones;2023;2.070
EXTREMADURA;1.2.-Lesiones;2022;1.738
EXTREMADURA;1.2.-Lesiones;2021;1.644
EXTREMADURA;1.2.-Lesiones;2020;1.399
EXTREMADURA;1.2.-Lesiones;2019;1.691
EXTREMADURA;1.2.-Lesiones;2018;1.696
EXTREMADURA;1.3.-Malos tratos ámbito familiar;2024;1.445
EXTREMADURA;1.3.-Malos tratos ámbito familiar;2023;1.358
EXTREMADURA;1.3.-Malos tratos ámbito familiar;2022;1.272
EXTREMADURA;1.3.-Malos tratos ámbito familiar;2021;1.148
EXTREMADURA;1.3.-Malos tratos ámbito familiar;2020;1.084
EXTREMADURA;1.3.-Malos tratos ámbito familiar;2019;1.163
EXTREMADURA;1.3.-Malos tratos ámbito familiar;2018;1.060
EXTREMADURA;1.4.-Otros contra las personas;2024;57
EXTREMADURA;1.4.-Otros contra las personas;2023;53
EXTREMADURA;1.4.-Otros contra las personas;2022;50
EXTREMADURA;1.4.-Otros contra las personas;2021;61
EXTREMADURA;1.4.-Otros contra las personas;2020;51
EXTREMADURA;1.4.-Otros contra las personas;2019;63
EXTREMADURA;1.4.-Otros contra las personas;2018;72
EXTREMADURA;2. CONTRA LA LIBERTAD;2024;2.576
EXTREMADURA;2. CONTRA LA LIBERTAD;2023;2.571
EXTREMADURA;2. CONTRA LA LIBERTAD;2022;2.183
EXTREMADURA;2. CONTRA LA LIBERTAD;2021;2.133
EXTREMADURA;2. CONTRA LA LIBERTAD;2020;1.997
EXTREMADURA;2. CONTRA LA LIBERTAD;2019;2.013
EXTREMADURA;2. CONTRA LA LIBERTAD;2018;1.829
EXTREMADURA;2.1.-Malos tratos habituales en el ámbito familiar;2024;312
EXTREMADURA;2.1.-Malos tratos habituales en el ámbito familiar;2023;314
EXTREMADURA;2.1.-Malos tratos habituales en el ámbito familiar;2022;273
EXTREMADURA;2.1.-Malos tratos habituales en el ámbito familiar;2021;313
EXTREMADURA;2.1.-Malos tratos habituales en el ámbito familiar;2020;267
EXTREMADURA;2.1.-Malos tratos habituales en el ámbito familiar;2019;266
EXTREMADURA;2.1.-Malos tratos habituales en el ámbito familiar;2018;210
EXTREMADURA;2.2.-Otros contra la libertad;2024;2.264
EXTREMADURA;2.2.-Otros contra la libertad;2023;2.257
EXTREMADURA;2.2.-Otros contra la libertad;2022;1.910
EXTREMADURA;2.2.-Otros contra la libertad;2021;1.820
EXTREMADURA;2.2.-Otros contra la libertad;2020;1.730
EXTREMADURA;2.2.-Otros contra la libertad;2019;1.747
EXTREMADURA;2.2.-Otros contra la libertad;2018;1.619
EXTREMADURA;3. LIBERTAD SEXUAL;2024;353
EXTREMADURA;3. LIBERTAD SEXUAL;2023;261
EXTREMADURA;3. LIBERTAD SEXUAL;2022;247
EXTREMADURA;3. LIBERTAD SEXUAL;2021;192
EXTREMADURA;3. LIBERTAD SEXUAL;2020;154
EXTREMADURA;3. LIBERTAD SEXUAL;2019;179
EXTREMADURA;3. LIBERTAD SEXUAL;2018;175
EXTREMADURA;3.1.-Agresión sexual;2024;210
EXTREMADURA;3.1.-Agresión sexual;2023;170
EXTREMADURA;3.1.-Agresión sexual;2022;171
EXTREMADURA;3.1.-Agresión sexual;2021;120
EXTREMADURA;3.1.-Agresión sexual;2020;101
EXTREMADURA;3.1.-Agresión sexual;2019;117
EXTREMADURA;3.1.-Agresión sexual;2018;115
EXTREMADURA;3.2.-Agresión sexual con penetración;2024;60
EXTREMADURA;3.2.-Agresión sexual con penetración;2023;43
EXTREMADURA;3.2.-Agresión sexual con penetración;2022;47
EXTREMADURA;3.2.-Agresión sexual con penetración;2021;33
EXTREMADURA;3.2.-Agresión sexual con penetración;2020;24
EXTREMADURA;3.2.-Agresión sexual con penetración;2019;27
EXTREMADURA;3.2.-Agresión sexual con penetración;2018;31
EXTREMADURA;3.3.-Corrupción de menores o incapacitados;2024;36
EXTREMADURA;3.3.-Corrupción de menores o incapacitados;2023;7
EXTREMADURA;3.3.-Corrupción de menores o incapacitados;2022;5
EXTREMADURA;3.3.-Corrupción de menores o incapacitados;2021;7
EXTREMADURA;3.3.-Corrupción de menores o incapacitados;2020;4
EXTREMADURA;3.3.-Corrupción de menores o incapacitados;2019;8
EXTREMADURA;3.3.-Corrupción de menores o incapacitados;2018;3
EXTREMADURA;3.4.-Pornografía de menores;2024;6
EXTREMADURA;3.4.-Pornografía de menores;2023;8
EXTREMADURA;3.4.-Pornografía de menores;2022;5
EXTREMADURA;3.4.-Pornografía de menores;2021;9
EXTREMADURA;3.4.-Pornografía de menores;2020;2
EXTREMADURA;3.4.-Pornografía de menores;2019;7
EXTREMADURA;3.4.-Pornografía de menores;2018;8
EXTREMADURA;3.5.-Otros contra la libertad sexual;2024;41
EXTREMADURA;3.5.-Otros contra la libertad sexual;2023;33
EXTREMADURA;3.5.-Otros contra la libertad sexual;2022;19
EXTREMADURA;3.5.-Otros contra la libertad sexual;2021;23
EXTREMADURA;3.5.-Otros contra la libertad sexual;2020;23
EXTREMADURA;3.5.-Otros contra la libertad sexual;2019;20
EXTREMADURA;3.5.-Otros contra la libertad sexual;2018;18
EXTREMADURA;4. RELACIONES FAMILIARES;2024;223
EXTREMADURA;4. RELACIONES FAMILIARES;2023;209
EXTREMADURA;4. RELACIONES FAMILIARES;2022;213
EXTREMADURA;4. RELACIONES FAMILIARES;2021;193
EXTREMADURA;4. RELACIONES FAMILIARES;2020;181
EXTREMADURA;4. RELACIONES FAMILIARES;2019;211
EXTREMADURA;4. RELACIONES FAMILIARES;2018;194
EXTREMADURA;5. PATRIMONIO;2024;5.522
EXTREMADURA;5. PATRIMONIO;2023;5.983
EXTREMADURA;5. PATRIMONIO;2022;5.334
EXTREMADURA;5. PATRIMONIO;2021;4.759
EXTREMADURA;5. PATRIMONIO;2020;3.864
EXTREMADURA;5. PATRIMONIO;2019;4.191
EXTREMADURA;5. PATRIMONIO;2018;3.995
EXTREMADURA;5.1.-Hurtos;2024;1.989
EXTREMADURA;5.1.-Hurtos;2023;2.027
EXTREMADURA;5.1.-Hurtos;2022;1.806
EXTREMADURA;5.1.-Hurtos;2021;1.279
EXTREMADURA;5.1.-Hurtos;2020;1.110
EXTREMADURA;5.1.-Hurtos;2019;1.538
EXTREMADURA;5.1.-Hurtos;2018;1.512
EXTREMADURA;5.2.-Robos con fuerza en las cosas;2024;705
EXTREMADURA;5.2.-Robos con fuerza en las cosas;2023;685
EXTREMADURA;5.2.-Robos con fuerza en las cosas;2022;615
EXTREMADURA;5.2.-Robos con fuerza en las cosas;2021;679
EXTREMADURA;5.2.-Robos con fuerza en las cosas;2020;655
EXTREMADURA;5.2.-Robos con fuerza en las cosas;2019;613
EXTREMADURA;5.2.-Robos con fuerza en las cosas;2018;638
EXTREMADURA;5.2.1.-Robos con fuerza en las cosas en el interior de vehículos;2024;131
EXTREMADURA;5.2.1.-Robos con fuerza en las cosas en el interior de vehículos;2023;111
EXTREMADURA;5.2.1.-Robos con fuerza en las cosas en el interior de vehículos;2022;101
EXTREMADURA;5.2.1.-Robos con fuerza en las cosas en el interior de vehículos;2021;148
EXTREMADURA;5.2.1.-Robos con fuerza en las cosas en el interior de vehículos;2020;116
EXTREMADURA;5.2.1.-Robos con fuerza en las cosas en el interior de vehículos;2019;105
EXTREMADURA;5.2.1.-Robos con fuerza en las cosas en el interior de vehículos;2018;101
EXTREMADURA;5.2.2.-Robos con fuerza en viviendas;2024;241
EXTREMADURA;5.2.2.-Robos con fuerza en viviendas;2023;205
EXTREMADURA;5.2.2.-Robos con fuerza en viviendas;2022;159
EXTREMADURA;5.2.2.-Robos con fuerza en viviendas;2021;200
EXTREMADURA;5.2.2.-Robos con fuerza en viviendas;2020;235
EXTREMADURA;5.2.2.-Robos con fuerza en viviendas;2019;199
EXTREMADURA;5.2.2.-Robos con fuerza en viviendas;2018;176
EXTREMADURA;5.2.3.-Robos con fuerza en establecimientos;2024;161
EXTREMADURA;5.2.3.-Robos con fuerza en establecimientos;2023;177
EXTREMADURA;5.2.3.-Robos con fuerza en establecimientos;2022;157
EXTREMADURA;5.2.3.-Robos con fuerza en establecimientos;2021;129
EXTREMADURA;5.2.3.-Robos con fuerza en establecimientos;2020;130
EXTREMADURA;5.2.3.-Robos con fuerza en establecimientos;2019;145
EXTREMADURA;5.2.3.-Robos con fuerza en establecimientos;2018;189
EXTREMADURA;5.3.-Robos con violencia o intimidación;2024;197
EXTREMADURA;5.3.-Robos con violencia o intimidación;2023;205
EXTREMADURA;5.3.-Robos con violencia o intimidación;2022;179
EXTREMADURA;5.3.-Robos con violencia o intimidación;2021;138
EXTREMADURA;5.3.-Robos con violencia o intimidación;2020;137
EXTREMADURA;5.3.-Robos con violencia o intimidación;2019;177
EXTREMADURA;5.3.-Robos con violencia o intimidación;2018;139
EXTREMADURA;5.3.1.-Robos con violencia en vía pública;2024;85
EXTREMADURA;5.3.1.-Robos con violencia en vía pública;2023;83
EXTREMADURA;5.3.1.-Robos con violencia en vía pública;2022;84
EXTREMADURA;5.3.1.-Robos con violencia en vía pública;2021;72
EXTREMADURA;5.3.1.-Robos con violencia en vía pública;2020;60
EXTREMADURA;5.3.1.-Robos con violencia en vía pública;2019;83
EXTREMADURA;5.3.1.-Robos con violencia en vía pública;2018;61
EXTREMADURA;5.3.2.-Robos con violencia en viviendas;2024;23
EXTREMADURA;5.3.2.-Robos con violencia en viviendas;2023;36
EXTREMADURA;5.3.2.-Robos con violencia en viviendas;2022;36
EXTREMADURA;5.3.2.-Robos con violencia en viviendas;2021;20
EXTREMADURA;5.3.2.-Robos con violencia en viviendas;2020;22
EXTREMADURA;5.3.2.-Robos con violencia en viviendas;2019;22
EXTREMADURA;5.3.2.-Robos con violencia en viviendas;2018;18
EXTREMADURA;5.3.3.-Robos con violencia en establecimientos;2024;71
EXTREMADURA;5.3.3.-Robos con violencia en establecimientos;2023;64
EXTREMADURA;5.3.3.-Robos con violencia en establecimientos;2022;41
EXTREMADURA;5.3.3.-Robos con violencia en establecimientos;2021;35
EXTREMADURA;5.3.3.-Robos con violencia en establecimientos;2020;41
EXTREMADURA;5.3.3.-Robos con violencia en establecimientos;2019;51
EXTREMADURA;5.3.3.-Robos con violencia en establecimientos;2018;46
EXTREMADURA;5.4.-Sustracción de vehículos;2024;90
EXTREMADURA;5.4.-Sustracción de vehículos;2023;84
EXTREMADURA;5.4.-Sustracción de vehículos;2022;61
EXTREMADURA;5.4.-Sustracción de vehículos;2021;57
EXTREMADURA;5.4.-Sustracción de vehículos;2020;61
EXTREMADURA;5.4.-Sustracción de vehículos;2019;60
EXTREMADURA;5.4.-Sustracción de vehículos;2018;65
EXTREMADURA;5.5.-Estafas;2024;1.401
EXTREMADURA;5.5.-Estafas;2023;1.833
EXTREMADURA;5.5.-Estafas;2022;1.665
EXTREMADURA;5.5.-Estafas;2021;1.622
EXTREMADURA;5.5.-Estafas;2020;979
EXTREMADURA;5.5.-Estafas;2019;776
EXTREMADURA;5.5.-Estafas;2018;684
EXTREMADURA;5.5.1.-Estafas informáticas;2024;1.039
EXTREMADURA;5.5.1.-Estafas informáticas;2023;1.395
EXTREMADURA;5.5.1.-Estafas informáticas;2022;1.268
EXTREMADURA;5.5.1.-Estafas informáticas;2021;1.259
EXTREMADURA;5.5.1.-Estafas informáticas;2020;613
EXTREMADURA;5.5.1.-Estafas informáticas;2019;345
EXTREMADURA;5.5.1.-Estafas informáticas;2018;281
EXTREMADURA;5.6.-Daños;2024;623
EXTREMADURA;5.6.-Daños;2023;661
EXTREMADURA;5.6.-Daños;2022;590
EXTREMADURA;5.6.-Daños;2021;565
EXTREMADURA;5.6.-Daños;2020;527
EXTREMADURA;5.6.-Daños;2019;562
EXTREMADURA;5.6.-Daños;2018;486
EXTREMADURA;5.7.-Contra la propiedad intelectual/industrial;2024;13
EXTREMADURA;5.7.-Contra la propiedad intelectual/industrial;2023;19
EXTREMADURA;5.7.-Contra la propiedad intelectual/industrial;2022;11
EXTREMADURA;5.7.-Contra la propiedad intelectual/industrial;2021;10
EXTREMADURA;5.7.-Contra la propiedad intelectual/industrial;2020;19
EXTREMADURA;5.7.-Contra la propiedad intelectual/industrial;2019;40
EXTREMADURA;5.7.-Contra la propiedad intelectual/industrial;2018;59
EXTREMADURA;5.8.-Blanqueo de capitales;2024;9
EXTREMADURA;5.8.-Blanqueo de capitales;2023;7
EXTREMADURA;5.8.-Blanqueo de capitales;2022;4
EXTREMADURA;5.8.-Blanqueo de capitales;2021;6
EXTREMADURA;5.8.-Blanqueo de capitales;2020;5
EXTREMADURA;5.8.-Blanqueo de capitales;2019;2
EXTREMADURA;5.8.-Blanqueo de capitales;2018;1
EXTREMADURA;5.9.-Otros contra el patrimonio;2024;495
EXTREMADURA;5.9.-Otros contra el patrimonio;2023;462
EXTREMADURA;5.9.-Otros contra el patrimonio;2022;403
EXTREMADURA;5.9.-Otros contra el patrimonio;2021;403
EXTREMADURA;5.9.-Otros contra el patrimonio;2020;371
EXTREMADURA;5.9.-Otros contra el patrimonio;2019;423
EXTREMADURA;5.9.-Otros contra el patrimonio;2018;411
EXTREMADURA;6. SEGURIDAD COLECTIVA;2024;1.174
EXTREMADURA;6. SEGURIDAD COLECTIVA;2023;1.218
EXTREMADURA;6. SEGURIDAD COLECTIVA;2022;1.197
EXTREMADURA;6. SEGURIDAD COLECTIVA;2021;1.193
EXTREMADURA;6. SEGURIDAD COLECTIVA;2020;994
EXTREMADURA;6. SEGURIDAD COLECTIVA;2019;1.192
EXTREMADURA;6. SEGURIDAD COLECTIVA;2018;1.074
EXTREMADURA;6.1.-Tráfico de drogas;2024;269
EXTREMADURA;6.1.-Tráfico de drogas;2023;311
EXTREMADURA;6.1.-Tráfico de drogas;2022;261
EXTREMADURA;6.1.-Tráfico de drogas;2021;318
EXTREMADURA;6.1.-Tráfico de drogas;2020;293
EXTREMADURA;6.1.-Tráfico de drogas;2019;315
EXTREMADURA;6.1.-Tráfico de drogas;2018;232
EXTREMADURA;6.2.-Contra la seguridad vial;2024;844
EXTREMADURA;6.2.-Contra la seguridad vial;2023;866
EXTREMADURA;6.2.-Contra la seguridad vial;2022;852
EXTREMADURA;6.2.-Contra la seguridad vial;2021;831
EXTREMADURA;6.2.-Contra la seguridad vial;2020;665
EXTREMADURA;6.2.-Contra la seguridad vial;2019;813
EXTREMADURA;6.2.-Contra la seguridad vial;2018;786
EXTREMADURA;6.3.-Otros contra la seguridad colectiva;2024;61
EXTREMADURA;6.3.-Otros contra la seguridad colectiva;2023;41
EXTREMADURA;6.3.-Otros contra la seguridad colectiva;2022;84
EXTREMADURA;6.3.-Otros contra la seguridad colectiva;2021;44
EXTREMADURA;6.3.-Otros contra la seguridad colectiva;2020;36
EXTREMADURA;6.3.-Otros contra la seguridad colectiva;2019;64
EXTREMADURA;6.3.-Otros contra la seguridad colectiva;2018;56
EXTREMADURA;7. FALSEDADES;2024;601
EXTREMADURA;7. FALSEDADES;2023;396
EXTREMADURA;7. FALSEDADES;2022;226
EXTREMADURA;7. FALSEDADES;2021;213
EXTREMADURA;7. FALSEDADES;2020;199
EXTREMADURA;7. FALSEDADES;2019;184
EXTREMADURA;7. FALSEDADES;2018;208
EXTREMADURA;8. ADMÓN. PÚBLICA;2024;4
EXTREMADURA;8. ADMÓN. PÚBLICA;2023;3
EXTREMADURA;8. ADMÓN. PÚBLICA;2022;3
EXTREMADURA;8. ADMÓN. PÚBLICA;2021;12
EXTREMADURA;8. ADMÓN. PÚBLICA;2020;1
EXTREMADURA;8. ADMÓN. PÚBLICA;2019;6
EXTREMADURA;8. ADMÓN. PÚBLICA;2018;7
EXTREMADURA;9. ADMÓN. JUSTICIA;2024;969
EXTREMADURA;9. ADMÓN. JUSTICIA;2023;867
EXTREMADURA;9. ADMÓN. JUSTICIA;2022;793
EXTREMADURA;9. ADMÓN. JUSTICIA;2021;708
EXTREMADURA;9. ADMÓN. JUSTICIA;2020;660
EXTREMADURA;9. ADMÓN. JUSTICIA;2019;686
EXTREMADURA;9. ADMÓN. JUSTICIA;2018;612
EXTREMADURA;10. ORDEN PÚBLICO;2024;408
EXTREMADURA;10. ORDEN PÚBLICO;2023;407
EXTREMADURA;10. ORDEN PÚBLICO;2022;323
EXTREMADURA;10. ORDEN PÚBLICO;2021;323
EXTREMADURA;10. ORDEN PÚBLICO;2020;467
EXTREMADURA;10. ORDEN PÚBLICO;2019;280
EXTREMADURA;10. ORDEN PÚBLICO;2018;239
EXTREMADURA;11. LEGISLACIÓN ESPECIAL;2024;1
EXTREMADURA;11. LEGISLACIÓN ESPECIAL;2023;10
EXTREMADURA;11. LEGISLACIÓN ESPECIAL;2022;9
EXTREMADURA;11. LEGISLACIÓN ESPECIAL;2021;8
EXTREMADURA;11. LEGISLACIÓN ESPECIAL;2020;7
EXTREMADURA;11. LEGISLACIÓN ESPECIAL;2019;4
EXTREMADURA;11. LEGISLACIÓN ESPECIAL;2018;16
EXTREMADURA;12. OTRAS INFRACCIONES PENALES;2024;246
EXTREMADURA;12. OTRAS INFRACCIONES PENALES;2023;226
EXTREMADURA;12. OTRAS INFRACCIONES PENALES;2022;225
EXTREMADURA;12. OTRAS INFRACCIONES PENALES;2021;179
EXTREMADURA;12. OTRAS INFRACCIONES PENALES;2020;210
EXTREMADURA;12. OTRAS INFRACCIONES PENALES;2019;201
EXTREMADURA;12. OTRAS INFRACCIONES PENALES;2018;219
EXTREMADURA;TOTAL INFRACCIONES PENALES;2024;15.659
EXTREMADURA;TOTAL INFRACCIONES PENALES;2023;15.650
EXTREMADURA;TOTAL INFRACCIONES PENALES;2022;13.823
EXTREMADURA;TOTAL INFRACCIONES PENALES;2021;12.790
EXTREMADURA;TOTAL INFRACCIONES PENALES;2020;11.289
EXTREMADURA;TOTAL INFRACCIONES PENALES;2019;12.076
EXTREMADURA;TOTAL INFRACCIONES PENALES;2018;11.413
GALICIA;1. CONTRA LAS PERSONAS;2024;9.090
GALICIA;1. CONTRA LAS PERSONAS;2023;9.152
GALICIA;1. CONTRA LAS PERSONAS;2022;8.449
GALICIA;1. CONTRA LAS PERSONAS;2021;7.268
GALICIA;1. CONTRA LAS PERSONAS;2020;6.807
GALICIA;1. CONTRA LAS PERSONAS;2019;7.376
GALICIA;1. CONTRA LAS PERSONAS;2018;7.330
GALICIA;1.1.-Homicidios dolosos/asesinatos;2024;59
GALICIA;1.1.-Homicidios dolosos/asesinatos;2023;69
GALICIA;1.1.-Homicidios dolosos/asesinatos;2022;52
GALICIA;1.1.-Homicidios dolosos/asesinatos;2021;47
GALICIA;1.1.-Homicidios dolosos/asesinatos;2020;44
GALICIA;1.1.-Homicidios dolosos/asesinatos;2019;41
GALICIA;1.1.-Homicidios dolosos/asesinatos;2018;32
GALICIA;1.1.1.-Homicidios dolosos/asesinatos consumados;2024;17
GALICIA;1.1.1.-Homicidios dolosos/asesinatos consumados;2023;16
GALICIA;1.1.1.-Homicidios dolosos/asesinatos consumados;2022;8
GALICIA;1.1.1.-Homicidios dolosos/asesinatos consumados;2021;14
GALICIA;1.1.1.-Homicidios dolosos/asesinatos consumados;2020;11
GALICIA;1.1.1.-Homicidios dolosos/asesinatos consumados;2019;15
GALICIA;1.1.1.-Homicidios dolosos/asesinatos consumados;2018;7
GALICIA;1.2.-Lesiones;2024;4.997
GALICIA;1.2.-Lesiones;2023;4.958
GALICIA;1.2.-Lesiones;2022;4.724
GALICIA;1.2.-Lesiones;2021;4.057
GALICIA;1.2.-Lesiones;2020;3.599
GALICIA;1.2.-Lesiones;2019;4.156
GALICIA;1.2.-Lesiones;2018;4.188
GALICIA;1.3.-Malos tratos ámbito familiar;2024;3.677
GALICIA;1.3.-Malos tratos ámbito familiar;2023;3.832
GALICIA;1.3.-Malos tratos ámbito familiar;2022;3.486
GALICIA;1.3.-Malos tratos ámbito familiar;2021;2.984
GALICIA;1.3.-Malos tratos ámbito familiar;2020;3.028
GALICIA;1.3.-Malos tratos ámbito familiar;2019;3.025
GALICIA;1.3.-Malos tratos ámbito familiar;2018;2.945
GALICIA;1.4.-Otros contra las personas;2024;357
GALICIA;1.4.-Otros contra las personas;2023;293
GALICIA;1.4.-Otros contra las personas;2022;187
GALICIA;1.4.-Otros contra las personas;2021;180
GALICIA;1.4.-Otros contra las personas;2020;136
GALICIA;1.4.-Otros contra las personas;2019;154
GALICIA;1.4.-Otros contra las personas;2018;165
GALICIA;2. CONTRA LA LIBERTAD;2024;6.485
GALICIA;2. CONTRA LA LIBERTAD;2023;6.355
GALICIA;2. CONTRA LA LIBERTAD;2022;5.628
GALICIA;2. CONTRA LA LIBERTAD;2021;5.472
GALICIA;2. CONTRA LA LIBERTAD;2020;4.982
GALICIA;2. CONTRA LA LIBERTAD;2019;4.746
GALICIA;2. CONTRA LA LIBERTAD;2018;4.833
GALICIA;2.1.-Malos tratos habituales en el ámbito familiar;2024;847
GALICIA;2.1.-Malos tratos habituales en el ámbito familiar;2023;859
GALICIA;2.1.-Malos tratos habituales en el ámbito familiar;2022;695
GALICIA;2.1.-Malos tratos habituales en el ámbito familiar;2021;608
GALICIA;2.1.-Malos tratos habituales en el ámbito familiar;2020;617
GALICIA;2.1.-Malos tratos habituales en el ámbito familiar;2019;698
GALICIA;2.1.-Malos tratos habituales en el ámbito familiar;2018;633
GALICIA;2.2.-Otros contra la libertad;2024;5.638
GALICIA;2.2.-Otros contra la libertad;2023;5.496
GALICIA;2.2.-Otros contra la libertad;2022;4.933
GALICIA;2.2.-Otros contra la libertad;2021;4.864
GALICIA;2.2.-Otros contra la libertad;2020;4.365
GALICIA;2.2.-Otros contra la libertad;2019;4.048
GALICIA;2.2.-Otros contra la libertad;2018;4.200
GALICIA;3. LIBERTAD SEXUAL;2024;758
GALICIA;3. LIBERTAD SEXUAL;2023;799
GALICIA;3. LIBERTAD SEXUAL;2022;611
GALICIA;3. LIBERTAD SEXUAL;2021;615
GALICIA;3. LIBERTAD SEXUAL;2020;477
GALICIA;3. LIBERTAD SEXUAL;2019;538
GALICIA;3. LIBERTAD SEXUAL;2018;440
GALICIA;3.1.-Agresión sexual;2024;459
GALICIA;3.1.-Agresión sexual;2023;441
GALICIA;3.1.-Agresión sexual;2022;374
GALICIA;3.1.-Agresión sexual;2021;366
GALICIA;3.1.-Agresión sexual;2020;277
GALICIA;3.1.-Agresión sexual;2019;322
GALICIA;3.1.-Agresión sexual;2018;278
GALICIA;3.2.-Agresión sexual con penetración;2024;166
GALICIA;3.2.-Agresión sexual con penetración;2023;186
GALICIA;3.2.-Agresión sexual con penetración;2022;137
GALICIA;3.2.-Agresión sexual con penetración;2021;133
GALICIA;3.2.-Agresión sexual con penetración;2020;103
GALICIA;3.2.-Agresión sexual con penetración;2019;115
GALICIA;3.2.-Agresión sexual con penetración;2018;82
GALICIA;3.3.-Corrupción de menores o incapacitados;2024;7
GALICIA;3.3.-Corrupción de menores o incapacitados;2023;8
GALICIA;3.3.-Corrupción de menores o incapacitados;2022;12
GALICIA;3.3.-Corrupción de menores o incapacitados;2021;6
GALICIA;3.3.-Corrupción de menores o incapacitados;2020;6
GALICIA;3.3.-Corrupción de menores o incapacitados;2019;6
GALICIA;3.3.-Corrupción de menores o incapacitados;2018;4
GALICIA;3.4.-Pornografía de menores;2024;36
GALICIA;3.4.-Pornografía de menores;2023;38
GALICIA;3.4.-Pornografía de menores;2022;24
GALICIA;3.4.-Pornografía de menores;2021;36
GALICIA;3.4.-Pornografía de menores;2020;28
GALICIA;3.4.-Pornografía de menores;2019;32
GALICIA;3.4.-Pornografía de menores;2018;29
GALICIA;3.5.-Otros contra la libertad sexual;2024;90
GALICIA;3.5.-Otros contra la libertad sexual;2023;126
GALICIA;3.5.-Otros contra la libertad sexual;2022;64
GALICIA;3.5.-Otros contra la libertad sexual;2021;74
GALICIA;3.5.-Otros contra la libertad sexual;2020;63
GALICIA;3.5.-Otros contra la libertad sexual;2019;63
GALICIA;3.5.-Otros contra la libertad sexual;2018;47
GALICIA;4. RELACIONES FAMILIARES;2024;244
GALICIA;4. RELACIONES FAMILIARES;2023;201
GALICIA;4. RELACIONES FAMILIARES;2022;188
GALICIA;4. RELACIONES FAMILIARES;2021;159
GALICIA;4. RELACIONES FAMILIARES;2020;172
GALICIA;4. RELACIONES FAMILIARES;2019;163
GALICIA;4. RELACIONES FAMILIARES;2018;184
GALICIA;5. PATRIMONIO;2024;16.478
GALICIA;5. PATRIMONIO;2023;15.291
GALICIA;5. PATRIMONIO;2022;13.991
GALICIA;5. PATRIMONIO;2021;12.337
GALICIA;5. PATRIMONIO;2020;11.032
GALICIA;5. PATRIMONIO;2019;12.643
GALICIA;5. PATRIMONIO;2018;12.487
GALICIA;5.1.-Hurtos;2024;6.182
GALICIA;5.1.-Hurtos;2023;5.740
GALICIA;5.1.-Hurtos;2022;5.222
GALICIA;5.1.-Hurtos;2021;4.342
GALICIA;5.1.-Hurtos;2020;3.527
GALICIA;5.1.-Hurtos;2019;4.927
GALICIA;5.1.-Hurtos;2018;4.700
GALICIA;5.2.-Robos con fuerza en las cosas;2024;2.145
GALICIA;5.2.-Robos con fuerza en las cosas;2023;1.847
GALICIA;5.2.-Robos con fuerza en las cosas;2022;1.744
GALICIA;5.2.-Robos con fuerza en las cosas;2021;1.486
GALICIA;5.2.-Robos con fuerza en las cosas;2020;1.690
GALICIA;5.2.-Robos con fuerza en las cosas;2019;2.050
GALICIA;5.2.-Robos con fuerza en las cosas;2018;2.177
GALICIA;5.2.1.-Robos con fuerza en las cosas en el interior de vehículos;2024;678
GALICIA;5.2.1.-Robos con fuerza en las cosas en el interior de vehículos;2023;457
GALICIA;5.2.1.-Robos con fuerza en las cosas en el interior de vehículos;2022;466
GALICIA;5.2.1.-Robos con fuerza en las cosas en el interior de vehículos;2021;378
GALICIA;5.2.1.-Robos con fuerza en las cosas en el interior de vehículos;2020;330
GALICIA;5.2.1.-Robos con fuerza en las cosas en el interior de vehículos;2019;452
GALICIA;5.2.1.-Robos con fuerza en las cosas en el interior de vehículos;2018;397
GALICIA;5.2.2.-Robos con fuerza en viviendas;2024;492
GALICIA;5.2.2.-Robos con fuerza en viviendas;2023;431
GALICIA;5.2.2.-Robos con fuerza en viviendas;2022;500
GALICIA;5.2.2.-Robos con fuerza en viviendas;2021;389
GALICIA;5.2.2.-Robos con fuerza en viviendas;2020;473
GALICIA;5.2.2.-Robos con fuerza en viviendas;2019;655
GALICIA;5.2.2.-Robos con fuerza en viviendas;2018;716
GALICIA;5.2.3.-Robos con fuerza en establecimientos;2024;633
GALICIA;5.2.3.-Robos con fuerza en establecimientos;2023;629
GALICIA;5.2.3.-Robos con fuerza en establecimientos;2022;456
GALICIA;5.2.3.-Robos con fuerza en establecimientos;2021;424
GALICIA;5.2.3.-Robos con fuerza en establecimientos;2020;576
GALICIA;5.2.3.-Robos con fuerza en establecimientos;2019;554
GALICIA;5.2.3.-Robos con fuerza en establecimientos;2018;616
GALICIA;5.3.-Robos con violencia o intimidación;2024;557
GALICIA;5.3.-Robos con violencia o intimidación;2023;606
GALICIA;5.3.-Robos con violencia o intimidación;2022;490
GALICIA;5.3.-Robos con violencia o intimidación;2021;508
GALICIA;5.3.-Robos con violencia o intimidación;2020;490
GALICIA;5.3.-Robos con violencia o intimidación;2019;501
GALICIA;5.3.-Robos con violencia o intimidación;2018;527
GALICIA;5.3.1.-Robos con violencia en vía pública;2024;262
GALICIA;5.3.1.-Robos con violencia en vía pública;2023;258
GALICIA;5.3.1.-Robos con violencia en vía pública;2022;238
GALICIA;5.3.1.-Robos con violencia en vía pública;2021;242
GALICIA;5.3.1.-Robos con violencia en vía pública;2020;189
GALICIA;5.3.1.-Robos con violencia en vía pública;2019;210
GALICIA;5.3.1.-Robos con violencia en vía pública;2018;209
GALICIA;5.3.2.-Robos con violencia en viviendas;2024;79
GALICIA;5.3.2.-Robos con violencia en viviendas;2023;62
GALICIA;5.3.2.-Robos con violencia en viviendas;2022;49
GALICIA;5.3.2.-Robos con violencia en viviendas;2021;56
GALICIA;5.3.2.-Robos con violencia en viviendas;2020;64
GALICIA;5.3.2.-Robos con violencia en viviendas;2019;57
GALICIA;5.3.2.-Robos con violencia en viviendas;2018;74
GALICIA;5.3.3.-Robos con violencia en establecimientos;2024;172
GALICIA;5.3.3.-Robos con violencia en establecimientos;2023;220
GALICIA;5.3.3.-Robos con violencia en establecimientos;2022;142
GALICIA;5.3.3.-Robos con violencia en establecimientos;2021;154
GALICIA;5.3.3.-Robos con violencia en establecimientos;2020;162
GALICIA;5.3.3.-Robos con violencia en establecimientos;2019;169
GALICIA;5.3.3.-Robos con violencia en establecimientos;2018;168
GALICIA;5.4.-Sustracción de vehículos;2024;306
GALICIA;5.4.-Sustracción de vehículos;2023;310
GALICIA;5.4.-Sustracción de vehículos;2022;292
GALICIA;5.4.-Sustracción de vehículos;2021;208
GALICIA;5.4.-Sustracción de vehículos;2020;247
GALICIA;5.4.-Sustracción de vehículos;2019;285
GALICIA;5.4.-Sustracción de vehículos;2018;280
GALICIA;5.5.-Estafas;2024;4.095
GALICIA;5.5.-Estafas;2023;3.634
GALICIA;5.5.-Estafas;2022;3.316
GALICIA;5.5.-Estafas;2021;3.062
GALICIA;5.5.-Estafas;2020;2.699
GALICIA;5.5.-Estafas;2019;2.292
GALICIA;5.5.-Estafas;2018;2.051
GALICIA;5.5.1.-Estafas informáticas;2024;2.800
GALICIA;5.5.1.-Estafas informáticas;2023;2.338
GALICIA;5.5.1.-Estafas informáticas;2022;1.930
GALICIA;5.5.1.-Estafas informáticas;2021;1.887
GALICIA;5.5.1.-Estafas informáticas;2020;1.595
GALICIA;5.5.1.-Estafas informáticas;2019;1.053
GALICIA;5.5.1.-Estafas informáticas;2018;877
GALICIA;5.6.-Daños;2024;1.962
GALICIA;5.6.-Daños;2023;2.107
GALICIA;5.6.-Daños;2022;1.974
GALICIA;5.6.-Daños;2021;1.877
GALICIA;5.6.-Daños;2020;1.459
GALICIA;5.6.-Daños;2019;1.707
GALICIA;5.6.-Daños;2018;1.831
GALICIA;5.7.-Contra la propiedad intelectual/industrial;2024;24
GALICIA;5.7.-Contra la propiedad intelectual/industrial;2023;35
GALICIA;5.7.-Contra la propiedad intelectual/industrial;2022;33
GALICIA;5.7.-Contra la propiedad intelectual/industrial;2021;22
GALICIA;5.7.-Contra la propiedad intelectual/industrial;2020;22
GALICIA;5.7.-Contra la propiedad intelectual/industrial;2019;76
GALICIA;5.7.-Contra la propiedad intelectual/industrial;2018;114
GALICIA;5.8.-Blanqueo de capitales;2024;39
GALICIA;5.8.-Blanqueo de capitales;2023;11
GALICIA;5.8.-Blanqueo de capitales;2022;14
GALICIA;5.8.-Blanqueo de capitales;2021;4
GALICIA;5.8.-Blanqueo de capitales;2020;16
GALICIA;5.8.-Blanqueo de capitales;2019;7
GALICIA;5.8.-Blanqueo de capitales;2018;11
GALICIA;5.9.-Otros contra el patrimonio;2024;1.168
GALICIA;5.9.-Otros contra el patrimonio;2023;1.001
GALICIA;5.9.-Otros contra el patrimonio;2022;906
GALICIA;5.9.-Otros contra el patrimonio;2021;828
GALICIA;5.9.-Otros contra el patrimonio;2020;882
GALICIA;5.9.-Otros contra el patrimonio;2019;798
GALICIA;5.9.-Otros contra el patrimonio;2018;796
GALICIA;6. SEGURIDAD COLECTIVA;2024;4.054
GALICIA;6. SEGURIDAD COLECTIVA;2023;4.598
GALICIA;6. SEGURIDAD COLECTIVA;2022;4.911
GALICIA;6. SEGURIDAD COLECTIVA;2021;4.235
GALICIA;6. SEGURIDAD COLECTIVA;2020;4.125
GALICIA;6. SEGURIDAD COLECTIVA;2019;4.776
GALICIA;6. SEGURIDAD COLECTIVA;2018;4.611
GALICIA;6.1.-Tráfico de drogas;2024;471
GALICIA;6.1.-Tráfico de drogas;2023;479
GALICIA;6.1.-Tráfico de drogas;2022;489
GALICIA;6.1.-Tráfico de drogas;2021;448
GALICIA;6.1.-Tráfico de drogas;2020;532
GALICIA;6.1.-Tráfico de drogas;2019;505
GALICIA;6.1.-Tráfico de drogas;2018;420
GALICIA;6.2.-Contra la seguridad vial;2024;3.479
GALICIA;6.2.-Contra la seguridad vial;2023;3.998
GALICIA;6.2.-Contra la seguridad vial;2022;4.280
GALICIA;6.2.-Contra la seguridad vial;2021;3.679
GALICIA;6.2.-Contra la seguridad vial;2020;3.487
GALICIA;6.2.-Contra la seguridad vial;2019;4.169
GALICIA;6.2.-Contra la seguridad vial;2018;4.098
GALICIA;6.3.-Otros contra la seguridad colectiva;2024;104
GALICIA;6.3.-Otros contra la seguridad colectiva;2023;121
GALICIA;6.3.-Otros contra la seguridad colectiva;2022;142
GALICIA;6.3.-Otros contra la seguridad colectiva;2021;108
GALICIA;6.3.-Otros contra la seguridad colectiva;2020;106
GALICIA;6.3.-Otros contra la seguridad colectiva;2019;102
GALICIA;6.3.-Otros contra la seguridad colectiva;2018;93
GALICIA;7. FALSEDADES;2024;624
GALICIA;7. FALSEDADES;2023;503
GALICIA;7. FALSEDADES;2022;475
GALICIA;7. FALSEDADES;2021;809
GALICIA;7. FALSEDADES;2020;452
GALICIA;7. FALSEDADES;2019;422
GALICIA;7. FALSEDADES;2018;405
GALICIA;8. ADMÓN. PÚBLICA;2024;22
GALICIA;8. ADMÓN. PÚBLICA;2023;21
GALICIA;8. ADMÓN. PÚBLICA;2022;18
GALICIA;8. ADMÓN. PÚBLICA;2021;10
GALICIA;8. ADMÓN. PÚBLICA;2020;11
GALICIA;8. ADMÓN. PÚBLICA;2019;16
GALICIA;8. ADMÓN. PÚBLICA;2018;14
GALICIA;9. ADMÓN. JUSTICIA;2024;1.954
GALICIA;9. ADMÓN. JUSTICIA;2023;1.789
GALICIA;9. ADMÓN. JUSTICIA;2022;1.589
GALICIA;9. ADMÓN. JUSTICIA;2021;1.463
GALICIA;9. ADMÓN. JUSTICIA;2020;1.418
GALICIA;9. ADMÓN. JUSTICIA;2019;1.432
GALICIA;9. ADMÓN. JUSTICIA;2018;1.289
GALICIA;10. ORDEN PÚBLICO;2024;993
GALICIA;10. ORDEN PÚBLICO;2023;958
GALICIA;10. ORDEN PÚBLICO;2022;946
GALICIA;10. ORDEN PÚBLICO;2021;892
GALICIA;10. ORDEN PÚBLICO;2020;1.078
GALICIA;10. ORDEN PÚBLICO;2019;704
GALICIA;10. ORDEN PÚBLICO;2018;773
GALICIA;11. LEGISLACIÓN ESPECIAL;2024;5
GALICIA;11. LEGISLACIÓN ESPECIAL;2023;4
GALICIA;11. LEGISLACIÓN ESPECIAL;2022;7
GALICIA;11. LEGISLACIÓN ESPECIAL;2021;2
GALICIA;11. LEGISLACIÓN ESPECIAL;2020;5
GALICIA;11. LEGISLACIÓN ESPECIAL;2019;3
GALICIA;11. LEGISLACIÓN ESPECIAL;2018;1
GALICIA;12. OTRAS INFRACCIONES PENALES;2024;528
GALICIA;12. OTRAS INFRACCIONES PENALES;2023;520
GALICIA;12. OTRAS INFRACCIONES PENALES;2022;436
GALICIA;12. OTRAS INFRACCIONES PENALES;2021;409
GALICIA;12. OTRAS INFRACCIONES PENALES;2020;357
GALICIA;12. OTRAS INFRACCIONES PENALES;2019;401
GALICIA;12. OTRAS INFRACCIONES PENALES;2018;430
GALICIA;TOTAL INFRACCIONES PENALES;2024;41.235
GALICIA;TOTAL INFRACCIONES PENALES;2023;40.191
GALICIA;TOTAL INFRACCIONES PENALES;2022;37.249
GALICIA;TOTAL INFRACCIONES PENALES;2021;33.671
GALICIA;TOTAL INFRACCIONES PENALES;2020;30.916
GALICIA;TOTAL INFRACCIONES PENALES;2019;33.220
GALICIA;TOTAL INFRACCIONES PENALES;2018;32.797
MADRID (COMUNIDAD DE);1. CONTRA LAS PERSONAS;2024;32.817
MADRID (COMUNIDAD DE);1. CONTRA LAS PERSONAS;2023;31.088
MADRID (COMUNIDAD DE);1. CONTRA LAS PERSONAS;2022;29.207
MADRID (COMUNIDAD DE);1. CONTRA LAS PERSONAS;2021;26.001
MADRID (COMUNIDAD DE);1. CONTRA LAS PERSONAS;2020;23.204
MADRID (COMUNIDAD DE);1. CONTRA LAS PERSONAS;2019;25.043
MADRID (COMUNIDAD DE);1. CONTRA LAS PERSONAS;2018;23.392
MADRID (COMUNIDAD DE);1.1.-Homicidios dolosos/asesinatos;2024;178
MADRID (COMUNIDAD DE);1.1.-Homicidios dolosos/asesinatos;2023;199
MADRID (COMUNIDAD DE);1.1.-Homicidios dolosos/asesinatos;2022;180
MADRID (COMUNIDAD DE);1.1.-Homicidios dolosos/asesinatos;2021;129
MADRID (COMUNIDAD DE);1.1.-Homicidios dolosos/asesinatos;2020;136
MADRID (COMUNIDAD DE);1.1.-Homicidios dolosos/asesinatos;2019;97
MADRID (COMUNIDAD DE);1.1.-Homicidios dolosos/asesinatos;2018;108
MADRID (COMUNIDAD DE);1.1.1.-Homicidios dolosos/asesinatos consumados;2024;23
MADRID (COMUNIDAD DE);1.1.1.-Homicidios dolosos/asesinatos consumados;2023;33
MADRID (COMUNIDAD DE);1.1.1.-Homicidios dolosos/asesinatos consumados;2022;52
MADRID (COMUNIDAD DE);1.1.1.-Homicidios dolosos/asesinatos consumados;2021;36
MADRID (COMUNIDAD DE);1.1.1.-Homicidios dolosos/asesinatos consumados;2020;37
MADRID (COMUNIDAD DE);1.1.1.-Homicidios dolosos/asesinatos consumados;2019;24
MADRID (COMUNIDAD DE);1.1.1.-Homicidios dolosos/asesinatos consumados;2018;34
MADRID (COMUNIDAD DE);1.2.-Lesiones;2024;10.626
MADRID (COMUNIDAD DE);1.2.-Lesiones;2023;10.028
MADRID (COMUNIDAD DE);1.2.-Lesiones;2022;9.766
MADRID (COMUNIDAD DE);1.2.-Lesiones;2021;8.871
MADRID (COMUNIDAD DE);1.2.-Lesiones;2020;7.986
MADRID (COMUNIDAD DE);1.2.-Lesiones;2019;9.687
MADRID (COMUNIDAD DE);1.2.-Lesiones;2018;9.326
MADRID (COMUNIDAD DE);1.3.-Malos tratos ámbito familiar;2024;21.292
MADRID (COMUNIDAD DE);1.3.-Malos tratos ámbito familiar;2023;20.277
MADRID (COMUNIDAD DE);1.3.-Malos tratos ámbito familiar;2022;18.761
MADRID (COMUNIDAD DE);1.3.-Malos tratos ámbito familiar;2021;16.560
MADRID (COMUNIDAD DE);1.3.-Malos tratos ámbito familiar;2020;14.735
MADRID (COMUNIDAD DE);1.3.-Malos tratos ámbito familiar;2019;14.847
MADRID (COMUNIDAD DE);1.3.-Malos tratos ámbito familiar;2018;13.647
MADRID (COMUNIDAD DE);1.4.-Otros contra las personas;2024;721
MADRID (COMUNIDAD DE);1.4.-Otros contra las personas;2023;584
MADRID (COMUNIDAD DE);1.4.-Otros contra las personas;2022;500
MADRID (COMUNIDAD DE);1.4.-Otros contra las personas;2021;441
MADRID (COMUNIDAD DE);1.4.-Otros contra las personas;2020;347
MADRID (COMUNIDAD DE);1.4.-Otros contra las personas;2019;412
MADRID (COMUNIDAD DE);1.4.-Otros contra las personas;2018;311
MADRID (COMUNIDAD DE);2. CONTRA LA LIBERTAD;2024;14.202
MADRID (COMUNIDAD DE);2. CONTRA LA LIBERTAD;2023;13.599
MADRID (COMUNIDAD DE);2. CONTRA LA LIBERTAD;2022;12.460
MADRID (COMUNIDAD DE);2. CONTRA LA LIBERTAD;2021;12.402
MADRID (COMUNIDAD DE);2. CONTRA LA LIBERTAD;2020;11.238
MADRID (COMUNIDAD DE);2. CONTRA LA LIBERTAD;2019;10.821
MADRID (COMUNIDAD DE);2. CONTRA LA LIBERTAD;2018;10.136
MADRID (COMUNIDAD DE);2.1.-Malos tratos habituales en el ámbito familiar;2024;1.353
MADRID (COMUNIDAD DE);2.1.-Malos tratos habituales en el ámbito familiar;2023;1.383
MADRID (COMUNIDAD DE);2.1.-Malos tratos habituales en el ámbito familiar;2022;1.189
MADRID (COMUNIDAD DE);2.1.-Malos tratos habituales en el ámbito familiar;2021;1.280
MADRID (COMUNIDAD DE);2.1.-Malos tratos habituales en el ámbito familiar;2020;1.099
MADRID (COMUNIDAD DE);2.1.-Malos tratos habituales en el ámbito familiar;2019;1.216
MADRID (COMUNIDAD DE);2.1.-Malos tratos habituales en el ámbito familiar;2018;1.025
MADRID (COMUNIDAD DE);2.2.-Otros contra la libertad;2024;12.849
MADRID (COMUNIDAD DE);2.2.-Otros contra la libertad;2023;12.216
MADRID (COMUNIDAD DE);2.2.-Otros contra la libertad;2022;11.271
MADRID (COMUNIDAD DE);2.2.-Otros contra la libertad;2021;11.122
MADRID (COMUNIDAD DE);2.2.-Otros contra la libertad;2020;10.139
MADRID (COMUNIDAD DE);2.2.-Otros contra la libertad;2019;9.605
MADRID (COMUNIDAD DE);2.2.-Otros contra la libertad;2018;9.111
MADRID (COMUNIDAD DE);3. LIBERTAD SEXUAL;2024;2.668
MADRID (COMUNIDAD DE);3. LIBERTAD SEXUAL;2023;2.495
MADRID (COMUNIDAD DE);3. LIBERTAD SEXUAL;2022;2.113
MADRID (COMUNIDAD DE);3. LIBERTAD SEXUAL;2021;1.918
MADRID (COMUNIDAD DE);3. LIBERTAD SEXUAL;2020;1.641
MADRID (COMUNIDAD DE);3. LIBERTAD SEXUAL;2019;1.714
MADRID (COMUNIDAD DE);3. LIBERTAD SEXUAL;2018;1.570
MADRID (COMUNIDAD DE);3.1.-Agresión sexual;2024;1.599
MADRID (COMUNIDAD DE);3.1.-Agresión sexual;2023;1.461
MADRID (COMUNIDAD DE);3.1.-Agresión sexual;2022;1.243
MADRID (COMUNIDAD DE);3.1.-Agresión sexual;2021;1.109
MADRID (COMUNIDAD DE);3.1.-Agresión sexual;2020;938
MADRID (COMUNIDAD DE);3.1.-Agresión sexual;2019;1.007
MADRID (COMUNIDAD DE);3.1.-Agresión sexual;2018;908
MADRID (COMUNIDAD DE);3.2.-Agresión sexual con penetración;2024;611
MADRID (COMUNIDAD DE);3.2.-Agresión sexual con penetración;2023;591
MADRID (COMUNIDAD DE);3.2.-Agresión sexual con penetración;2022;522
MADRID (COMUNIDAD DE);3.2.-Agresión sexual con penetración;2021;484
MADRID (COMUNIDAD DE);3.2.-Agresión sexual con penetración;2020;433
MADRID (COMUNIDAD DE);3.2.-Agresión sexual con penetración;2019;380
MADRID (COMUNIDAD DE);3.2.-Agresión sexual con penetración;2018;350
MADRID (COMUNIDAD DE);3.3.-Corrupción de menores o incapacitados;2024;39
MADRID (COMUNIDAD DE);3.3.-Corrupción de menores o incapacitados;2023;35
MADRID (COMUNIDAD DE);3.3.-Corrupción de menores o incapacitados;2022;33
MADRID (COMUNIDAD DE);3.3.-Corrupción de menores o incapacitados;2021;31
MADRID (COMUNIDAD DE);3.3.-Corrupción de menores o incapacitados;2020;33
MADRID (COMUNIDAD DE);3.3.-Corrupción de menores o incapacitados;2019;50
MADRID (COMUNIDAD DE);3.3.-Corrupción de menores o incapacitados;2018;32
MADRID (COMUNIDAD DE);3.4.-Pornografía de menores;2024;98
MADRID (COMUNIDAD DE);3.4.-Pornografía de menores;2023;113
MADRID (COMUNIDAD DE);3.4.-Pornografía de menores;2022;73
MADRID (COMUNIDAD DE);3.4.-Pornografía de menores;2021;76
MADRID (COMUNIDAD DE);3.4.-Pornografía de menores;2020;57
MADRID (COMUNIDAD DE);3.4.-Pornografía de menores;2019;79
MADRID (COMUNIDAD DE);3.4.-Pornografía de menores;2018;91
MADRID (COMUNIDAD DE);3.5.-Otros contra la libertad sexual;2024;321
MADRID (COMUNIDAD DE);3.5.-Otros contra la libertad sexual;2023;295
MADRID (COMUNIDAD DE);3.5.-Otros contra la libertad sexual;2022;242
MADRID (COMUNIDAD DE);3.5.-Otros contra la libertad sexual;2021;218
MADRID (COMUNIDAD DE);3.5.-Otros contra la libertad sexual;2020;180
MADRID (COMUNIDAD DE);3.5.-Otros contra la libertad sexual;2019;198
MADRID (COMUNIDAD DE);3.5.-Otros contra la libertad sexual;2018;189
MADRID (COMUNIDAD DE);4. RELACIONES FAMILIARES;2024;688
MADRID (COMUNIDAD DE);4. RELACIONES FAMILIARES;2023;669
MADRID (COMUNIDAD DE);4. RELACIONES FAMILIARES;2022;759
MADRID (COMUNIDAD DE);4. RELACIONES FAMILIARES;2021;809
MADRID (COMUNIDAD DE);4. RELACIONES FAMILIARES;2020;668
MADRID (COMUNIDAD DE);4. RELACIONES FAMILIARES;2019;718
MADRID (COMUNIDAD DE);4. RELACIONES FAMILIARES;2018;713
MADRID (COMUNIDAD DE);5. PATRIMONIO;2024;60.030
MADRID (COMUNIDAD DE);5. PATRIMONIO;2023;55.654
MADRID (COMUNIDAD DE);5. PATRIMONIO;2022;49.712
MADRID (COMUNIDAD DE);5. PATRIMONIO;2021;43.272
MADRID (COMUNIDAD DE);5. PATRIMONIO;2020;38.932
MADRID (COMUNIDAD DE);5. PATRIMONIO;2019;47.093
MADRID (COMUNIDAD DE);5. PATRIMONIO;2018;44.330
MADRID (COMUNIDAD DE);5.1.-Hurtos;2024;28.434
MADRID (COMUNIDAD DE);5.1.-Hurtos;2023;26.686
MADRID (COMUNIDAD DE);5.1.-Hurtos;2022;23.288
MADRID (COMUNIDAD DE);5.1.-Hurtos;2021;19.862
MADRID (COMUNIDAD DE);5.1.-Hurtos;2020;17.530
MADRID (COMUNIDAD DE);5.1.-Hurtos;2019;23.999
MADRID (COMUNIDAD DE);5.1.-Hurtos;2018;23.169
MADRID (COMUNIDAD DE);5.2.-Robos con fuerza en las cosas;2024;5.263
MADRID (COMUNIDAD DE);5.2.-Robos con fuerza en las cosas;2023;4.811
MADRID (COMUNIDAD DE);5.2.-Robos con fuerza en las cosas;2022;4.379
MADRID (COMUNIDAD DE);5.2.-Robos con fuerza en las cosas;2021;3.631
MADRID (COMUNIDAD DE);5.2.-Robos con fuerza en las cosas;2020;3.815
MADRID (COMUNIDAD DE);5.2.-Robos con fuerza en las cosas;2019;4.016
MADRID (COMUNIDAD DE);5.2.-Robos con fuerza en las cosas;2018;3.626
MADRID (COMUNIDAD DE);5.2.1.-Robos con fuerza en las cosas en el interior de vehículos;2024;1.999
MADRID (COMUNIDAD DE);5.2.1.-Robos con fuerza en las cosas en el interior de vehículos;2023;1.522
MADRID (COMUNIDAD DE);5.2.1.-Robos con fuerza en las cosas en el interior de vehículos;2022;1.500
MADRID (COMUNIDAD DE);5.2.1.-Robos con fuerza en las cosas en el interior de vehículos;2021;1.088
MADRID (COMUNIDAD DE);5.2.1.-Robos con fuerza en las cosas en el interior de vehículos;2020;1.106
MADRID (COMUNIDAD DE);5.2.1.-Robos con fuerza en las cosas en el interior de vehículos;2019;1.247
MADRID (COMUNIDAD DE);5.2.1.-Robos con fuerza en las cosas en el interior de vehículos;2018;1.054
MADRID (COMUNIDAD DE);5.2.2.-Robos con fuerza en viviendas;2024;1.090
MADRID (COMUNIDAD DE);5.2.2.-Robos con fuerza en viviendas;2023;1.105
MADRID (COMUNIDAD DE);5.2.2.-Robos con fuerza en viviendas;2022;1.031
MADRID (COMUNIDAD DE);5.2.2.-Robos con fuerza en viviendas;2021;882
MADRID (COMUNIDAD DE);5.2.2.-Robos con fuerza en viviendas;2020;1.028
MADRID (COMUNIDAD DE);5.2.2.-Robos con fuerza en viviendas;2019;1.097
MADRID (COMUNIDAD DE);5.2.2.-Robos con fuerza en viviendas;2018;1.108
MADRID (COMUNIDAD DE);5.2.3.-Robos con fuerza en establecimientos;2024;1.342
MADRID (COMUNIDAD DE);5.2.3.-Robos con fuerza en establecimientos;2023;1.324
MADRID (COMUNIDAD DE);5.2.3.-Robos con fuerza en establecimientos;2022;1.008
MADRID (COMUNIDAD DE);5.2.3.-Robos con fuerza en establecimientos;2021;949
MADRID (COMUNIDAD DE);5.2.3.-Robos con fuerza en establecimientos;2020;1.007
MADRID (COMUNIDAD DE);5.2.3.-Robos con fuerza en establecimientos;2019;967
MADRID (COMUNIDAD DE);5.2.3.-Robos con fuerza en establecimientos;2018;791
MADRID (COMUNIDAD DE);5.3.-Robos con violencia o intimidación;2024;4.181
MADRID (COMUNIDAD DE);5.3.-Robos con violencia o intimidación;2023;4.269
MADRID (COMUNIDAD DE);5.3.-Robos con violencia o intimidación;2022;3.918
MADRID (COMUNIDAD DE);5.3.-Robos con violencia o intimidación;2021;3.554
MADRID (COMUNIDAD DE);5.3.-Robos con violencia o intimidación;2020;3.305
MADRID (COMUNIDAD DE);5.3.-Robos con violencia o intimidación;2019;3.360
MADRID (COMUNIDAD DE);5.3.-Robos con violencia o intimidación;2018;2.802
MADRID (COMUNIDAD DE);5.3.1.-Robos con violencia en vía pública;2024;2.497
MADRID (COMUNIDAD DE);5.3.1.-Robos con violencia en vía pública;2023;2.526
MADRID (COMUNIDAD DE);5.3.1.-Robos con violencia en vía pública;2022;2.253
MADRID (COMUNIDAD DE);5.3.1.-Robos con violencia en vía pública;2021;2.122
MADRID (COMUNIDAD DE);5.3.1.-Robos con violencia en vía pública;2020;1.948
MADRID (COMUNIDAD DE);5.3.1.-Robos con violencia en vía pública;2019;2.071
MADRID (COMUNIDAD DE);5.3.1.-Robos con violencia en vía pública;2018;1.571
MADRID (COMUNIDAD DE);5.3.2.-Robos con violencia en viviendas;2024;223
MADRID (COMUNIDAD DE);5.3.2.-Robos con violencia en viviendas;2023;214
MADRID (COMUNIDAD DE);5.3.2.-Robos con violencia en viviendas;2022;179
MADRID (COMUNIDAD DE);5.3.2.-Robos con violencia en viviendas;2021;204
MADRID (COMUNIDAD DE);5.3.2.-Robos con violencia en viviendas;2020;200
MADRID (COMUNIDAD DE);5.3.2.-Robos con violencia en viviendas;2019;184
MADRID (COMUNIDAD DE);5.3.2.-Robos con violencia en viviendas;2018;194
MADRID (COMUNIDAD DE);5.3.3.-Robos con violencia en establecimientos;2024;1.059
MADRID (COMUNIDAD DE);5.3.3.-Robos con violencia en establecimientos;2023;1.020
MADRID (COMUNIDAD DE);5.3.3.-Robos con violencia en establecimientos;2022;980
MADRID (COMUNIDAD DE);5.3.3.-Robos con violencia en establecimientos;2021;737
MADRID (COMUNIDAD DE);5.3.3.-Robos con violencia en establecimientos;2020;756
MADRID (COMUNIDAD DE);5.3.3.-Robos con violencia en establecimientos;2019;702
MADRID (COMUNIDAD DE);5.3.3.-Robos con violencia en establecimientos;2018;730
MADRID (COMUNIDAD DE);5.4.-Sustracción de vehículos;2024;1.931
MADRID (COMUNIDAD DE);5.4.-Sustracción de vehículos;2023;1.929
MADRID (COMUNIDAD DE);5.4.-Sustracción de vehículos;2022;1.611
MADRID (COMUNIDAD DE);5.4.-Sustracción de vehículos;2021;1.364
MADRID (COMUNIDAD DE);5.4.-Sustracción de vehículos;2020;1.426
MADRID (COMUNIDAD DE);5.4.-Sustracción de vehículos;2019;1.500
MADRID (COMUNIDAD DE);5.4.-Sustracción de vehículos;2018;1.526
MADRID (COMUNIDAD DE);5.5.-Estafas;2024;11.886
MADRID (COMUNIDAD DE);5.5.-Estafas;2023;10.272
MADRID (COMUNIDAD DE);5.5.-Estafas;2022;9.240
MADRID (COMUNIDAD DE);5.5.-Estafas;2021;7.786
MADRID (COMUNIDAD DE);5.5.-Estafas;2020;6.470
MADRID (COMUNIDAD DE);5.5.-Estafas;2019;7.349
MADRID (COMUNIDAD DE);5.5.-Estafas;2018;6.764
MADRID (COMUNIDAD DE);5.5.1.-Estafas informáticas;2024;6.955
MADRID (COMUNIDAD DE);5.5.1.-Estafas informáticas;2023;5.966
MADRID (COMUNIDAD DE);5.5.1.-Estafas informáticas;2022;4.987
MADRID (COMUNIDAD DE);5.5.1.-Estafas informáticas;2021;3.952
MADRID (COMUNIDAD DE);5.5.1.-Estafas informáticas;2020;2.992
MADRID (COMUNIDAD DE);5.5.1.-Estafas informáticas;2019;2.432
MADRID (COMUNIDAD DE);5.5.1.-Estafas informáticas;2018;1.714
MADRID (COMUNIDAD DE);5.6.-Daños;2024;3.768
MADRID (COMUNIDAD DE);5.6.-Daños;2023;3.447
MADRID (COMUNIDAD DE);5.6.-Daños;2022;3.450
MADRID (COMUNIDAD DE);5.6.-Daños;2021;3.450
MADRID (COMUNIDAD DE);5.6.-Daños;2020;3.002
MADRID (COMUNIDAD DE);5.6.-Daños;2019;3.106
MADRID (COMUNIDAD DE);5.6.-Daños;2018;2.913
MADRID (COMUNIDAD DE);5.7.-Contra la propiedad intelectual/industrial;2024;234
MADRID (COMUNIDAD DE);5.7.-Contra la propiedad intelectual/industrial;2023;105
MADRID (COMUNIDAD DE);5.7.-Contra la propiedad intelectual/industrial;2022;154
MADRID (COMUNIDAD DE);5.7.-Contra la propiedad intelectual/industrial;2021;70
MADRID (COMUNIDAD DE);5.7.-Contra la propiedad intelectual/industrial;2020;56
MADRID (COMUNIDAD DE);5.7.-Contra la propiedad intelectual/industrial;2019;181
MADRID (COMUNIDAD DE);5.7.-Contra la propiedad intelectual/industrial;2018;220
MADRID (COMUNIDAD DE);5.8.-Blanqueo de capitales;2024;124
MADRID (COMUNIDAD DE);5.8.-Blanqueo de capitales;2023;82
MADRID (COMUNIDAD DE);5.8.-Blanqueo de capitales;2022;63
MADRID (COMUNIDAD DE);5.8.-Blanqueo de capitales;2021;36
MADRID (COMUNIDAD DE);5.8.-Blanqueo de capitales;2020;35
MADRID (COMUNIDAD DE);5.8.-Blanqueo de capitales;2019;32
MADRID (COMUNIDAD DE);5.8.-Blanqueo de capitales;2018;30
MADRID (COMUNIDAD DE);5.9.-Otros contra el patrimonio;2024;4.209
MADRID (COMUNIDAD DE);5.9.-Otros contra el patrimonio;2023;4.053
MADRID (COMUNIDAD DE);5.9.-Otros contra el patrimonio;2022;3.609
MADRID (COMUNIDAD DE);5.9.-Otros contra el patrimonio;2021;3.519
MADRID (COMUNIDAD DE);5.9.-Otros contra el patrimonio;2020;3.293
MADRID (COMUNIDAD DE);5.9.-Otros contra el patrimonio;2019;3.550
MADRID (COMUNIDAD DE);5.9.-Otros contra el patrimonio;2018;3.280
MADRID (COMUNIDAD DE);6. SEGURIDAD COLECTIVA;2024;9.487
MADRID (COMUNIDAD DE);6. SEGURIDAD COLECTIVA;2023;8.745
MADRID (COMUNIDAD DE);6. SEGURIDAD COLECTIVA;2022;8.281
MADRID (COMUNIDAD DE);6. SEGURIDAD COLECTIVA;2021;6.947
MADRID (COMUNIDAD DE);6. SEGURIDAD COLECTIVA;2020;6.337
MADRID (COMUNIDAD DE);6. SEGURIDAD COLECTIVA;2019;7.279
MADRID (COMUNIDAD DE);6. SEGURIDAD COLECTIVA;2018;6.254
MADRID (COMUNIDAD DE);6.1.-Tráfico de drogas;2024;3.662
MADRID (COMUNIDAD DE);6.1.-Tráfico de drogas;2023;3.302
MADRID (COMUNIDAD DE);6.1.-Tráfico de drogas;2022;2.823
MADRID (COMUNIDAD DE);6.1.-Tráfico de drogas;2021;2.196
MADRID (COMUNIDAD DE);6.1.-Tráfico de drogas;2020;2.101
MADRID (COMUNIDAD DE);6.1.-Tráfico de drogas;2019;2.376
MADRID (COMUNIDAD DE);6.1.-Tráfico de drogas;2018;1.806
MADRID (COMUNIDAD DE);6.2.-Contra la seguridad vial;2024;5.480
MADRID (COMUNIDAD DE);6.2.-Contra la seguridad vial;2023;5.283
MADRID (COMUNIDAD DE);6.2.-Contra la seguridad vial;2022;5.298
MADRID (COMUNIDAD DE);6.2.-Contra la seguridad vial;2021;4.612
MADRID (COMUNIDAD DE);6.2.-Contra la seguridad vial;2020;4.087
MADRID (COMUNIDAD DE);6.2.-Contra la seguridad vial;2019;4.709
MADRID (COMUNIDAD DE);6.2.-Contra la seguridad vial;2018;4.128
MADRID (COMUNIDAD DE);6.3.-Otros contra la seguridad colectiva;2024;345
MADRID (COMUNIDAD DE);6.3.-Otros contra la seguridad colectiva;2023;160
MADRID (COMUNIDAD DE);6.3.-Otros contra la seguridad colectiva;2022;160
MADRID (COMUNIDAD DE);6.3.-Otros contra la seguridad colectiva;2021;139
MADRID (COMUNIDAD DE);6.3.-Otros contra la seguridad colectiva;2020;149
MADRID (COMUNIDAD DE);6.3.-Otros contra la seguridad colectiva;2019;194
MADRID (COMUNIDAD DE);6.3.-Otros contra la seguridad colectiva;2018;320
MADRID (COMUNIDAD DE);7. FALSEDADES;2024;3.275
MADRID (COMUNIDAD DE);7. FALSEDADES;2023;2.967
MADRID (COMUNIDAD DE);7. FALSEDADES;2022;2.826
MADRID (COMUNIDAD DE);7. FALSEDADES;2021;2.193
MADRID (COMUNIDAD DE);7. FALSEDADES;2020;1.885
MADRID (COMUNIDAD DE);7. FALSEDADES;2019;2.183
MADRID (COMUNIDAD DE);7. FALSEDADES;2018;1.969
MADRID (COMUNIDAD DE);8. ADMÓN. PÚBLICA;2024;35
MADRID (COMUNIDAD DE);8. ADMÓN. PÚBLICA;2023;35
MADRID (COMUNIDAD DE);8. ADMÓN. PÚBLICA;2022;35
MADRID (COMUNIDAD DE);8. ADMÓN. PÚBLICA;2021;39
MADRID (COMUNIDAD DE);8. ADMÓN. PÚBLICA;2020;20
MADRID (COMUNIDAD DE);8. ADMÓN. PÚBLICA;2019;38
MADRID (COMUNIDAD DE);8. ADMÓN. PÚBLICA;2018;60
MADRID (COMUNIDAD DE);9. ADMÓN. JUSTICIA;2024;5.756
MADRID (COMUNIDAD DE);9. ADMÓN. JUSTICIA;2023;5.577
MADRID (COMUNIDAD DE);9. ADMÓN. JUSTICIA;2022;5.284
MADRID (COMUNIDAD DE);9. ADMÓN. JUSTICIA;2021;4.935
MADRID (COMUNIDAD DE);9. ADMÓN. JUSTICIA;2020;4.366
MADRID (COMUNIDAD DE);9. ADMÓN. JUSTICIA;2019;4.534
MADRID (COMUNIDAD DE);9. ADMÓN. JUSTICIA;2018;4.355
MADRID (COMUNIDAD DE);10. ORDEN PÚBLICO;2024;5.697
MADRID (COMUNIDAD DE);10. ORDEN PÚBLICO;2023;5.695
MADRID (COMUNIDAD DE);10. ORDEN PÚBLICO;2022;5.444
MADRID (COMUNIDAD DE);10. ORDEN PÚBLICO;2021;5.691
MADRID (COMUNIDAD DE);10. ORDEN PÚBLICO;2020;5.599
MADRID (COMUNIDAD DE);10. ORDEN PÚBLICO;2019;4.349
MADRID (COMUNIDAD DE);10. ORDEN PÚBLICO;2018;3.707
MADRID (COMUNIDAD DE);11. LEGISLACIÓN ESPECIAL;2024;51
MADRID (COMUNIDAD DE);11. LEGISLACIÓN ESPECIAL;2023;25
MADRID (COMUNIDAD DE);11. LEGISLACIÓN ESPECIAL;2022;9
MADRID (COMUNIDAD DE);11. LEGISLACIÓN ESPECIAL;2021;18
MADRID (COMUNIDAD DE);11. LEGISLACIÓN ESPECIAL;2020;9
MADRID (COMUNIDAD DE);11. LEGISLACIÓN ESPECIAL;2019;19
MADRID (COMUNIDAD DE);11. LEGISLACIÓN ESPECIAL;2018;8
MADRID (COMUNIDAD DE);12. OTRAS INFRACCIONES PENALES;2024;820
MADRID (COMUNIDAD DE);12. OTRAS INFRACCIONES PENALES;2023;761
MADRID (COMUNIDAD DE);12. OTRAS INFRACCIONES PENALES;2022;666
MADRID (COMUNIDAD DE);12. OTRAS INFRACCIONES PENALES;2021;550
MADRID (COMUNIDAD DE);12. OTRAS INFRACCIONES PENALES;2020;586
MADRID (COMUNIDAD DE);12. OTRAS INFRACCIONES PENALES;2019;670
MADRID (COMUNIDAD DE);12. OTRAS INFRACCIONES PENALES;2018;702
MADRID (COMUNIDAD DE);TOTAL INFRACCIONES PENALES;2024;135.526
MADRID (COMUNIDAD DE);TOTAL INFRACCIONES PENALES;2023;127.310
MADRID (COMUNIDAD DE);TOTAL INFRACCIONES PENALES;2022;116.796
MADRID (COMUNIDAD DE);TOTAL INFRACCIONES PENALES;2021;104.775
MADRID (COMUNIDAD DE);TOTAL INFRACCIONES PENALES;2020;94.485
MADRID (COMUNIDAD DE);TOTAL INFRACCIONES PENALES;2019;104.461
MADRID (COMUNIDAD DE);TOTAL INFRACCIONES PENALES;2018;97.196
MURCIA (REGIÓN DE);1. CONTRA LAS PERSONAS;2024;7.869
MURCIA (REGIÓN DE);1. CONTRA LAS PERSONAS;2023;7.748
MURCIA (REGIÓN DE);1. CONTRA LAS PERSONAS;2022;6.775
MURCIA (REGIÓN DE);1. CONTRA LAS PERSONAS;2021;5.995
MURCIA (REGIÓN DE);1. CONTRA LAS PERSONAS;2020;5.135
MURCIA (REGIÓN DE);1. CONTRA LAS PERSONAS;2019;5.659
MURCIA (REGIÓN DE);1. CONTRA LAS PERSONAS;2018;5.459
MURCIA (REGIÓN DE);1.1.-Homicidios dolosos/asesinatos;2024;75
MURCIA (REGIÓN DE);1.1.-Homicidios dolosos/asesinatos;2023;78
MURCIA (REGIÓN DE);1.1.-Homicidios dolosos/asesinatos;2022;58
MURCIA (REGIÓN DE);1.1.-Homicidios dolosos/asesinatos;2021;54
MURCIA (REGIÓN DE);1.1.-Homicidios dolosos/asesinatos;2020;49
MURCIA (REGIÓN DE);1.1.-Homicidios dolosos/asesinatos;2019;38
MURCIA (REGIÓN DE);1.1.-Homicidios dolosos/asesinatos;2018;36
MURCIA (REGIÓN DE);1.1.1.-Homicidios dolosos/asesinatos consumados;2024;10
MURCIA (REGIÓN DE);1.1.1.-Homicidios dolosos/asesinatos consumados;2023;15
MURCIA (REGIÓN DE);1.1.1.-Homicidios dolosos/asesinatos consumados;2022;8
MURCIA (REGIÓN DE);1.1.1.-Homicidios dolosos/asesinatos consumados;2021;11
MURCIA (REGIÓN DE);1.1.1.-Homicidios dolosos/asesinatos consumados;2020;11
MURCIA (REGIÓN DE);1.1.1.-Homicidios dolosos/asesinatos consumados;2019;13
MURCIA (REGIÓN DE);1.1.1.-Homicidios dolosos/asesinatos consumados;2018;10
MURCIA (REGIÓN DE);1.2.-Lesiones;2024;3.811
MURCIA (REGIÓN DE);1.2.-Lesiones;2023;3.517
MURCIA (REGIÓN DE);1.2.-Lesiones;2022;3.310
MURCIA (REGIÓN DE);1.2.-Lesiones;2021;2.813
MURCIA (REGIÓN DE);1.2.-Lesiones;2020;2.480
MURCIA (REGIÓN DE);1.2.-Lesiones;2019;2.847
MURCIA (REGIÓN DE);1.2.-Lesiones;2018;2.762
MURCIA (REGIÓN DE);1.3.-Malos tratos ámbito familiar;2024;3.786
MURCIA (REGIÓN DE);1.3.-Malos tratos ámbito familiar;2023;4.008
MURCIA (REGIÓN DE);1.3.-Malos tratos ámbito familiar;2022;3.309
MURCIA (REGIÓN DE);1.3.-Malos tratos ámbito familiar;2021;3.056
MURCIA (REGIÓN DE);1.3.-Malos tratos ámbito familiar;2020;2.538
MURCIA (REGIÓN DE);1.3.-Malos tratos ámbito familiar;2019;2.709
MURCIA (REGIÓN DE);1.3.-Malos tratos ámbito familiar;2018;2.607
MURCIA (REGIÓN DE);1.4.-Otros contra las personas;2024;197
MURCIA (REGIÓN DE);1.4.-Otros contra las personas;2023;145
MURCIA (REGIÓN DE);1.4.-Otros contra las personas;2022;98
MURCIA (REGIÓN DE);1.4.-Otros contra las personas;2021;72
MURCIA (REGIÓN DE);1.4.-Otros contra las personas;2020;68
MURCIA (REGIÓN DE);1.4.-Otros contra las personas;2019;65
MURCIA (REGIÓN DE);1.4.-Otros contra las personas;2018;54
MURCIA (REGIÓN DE);2. CONTRA LA LIBERTAD;2024;4.726
MURCIA (REGIÓN DE);2. CONTRA LA LIBERTAD;2023;4.422
MURCIA (REGIÓN DE);2. CONTRA LA LIBERTAD;2022;3.903
MURCIA (REGIÓN DE);2. CONTRA LA LIBERTAD;2021;3.568
MURCIA (REGIÓN DE);2. CONTRA LA LIBERTAD;2020;3.346
MURCIA (REGIÓN DE);2. CONTRA LA LIBERTAD;2019;3.240
MURCIA (REGIÓN DE);2. CONTRA LA LIBERTAD;2018;2.931
MURCIA (REGIÓN DE);2.1.-Malos tratos habituales en el ámbito familiar;2024;335
MURCIA (REGIÓN DE);2.1.-Malos tratos habituales en el ámbito familiar;2023;388
MURCIA (REGIÓN DE);2.1.-Malos tratos habituales en el ámbito familiar;2022;345
MURCIA (REGIÓN DE);2.1.-Malos tratos habituales en el ámbito familiar;2021;357
MURCIA (REGIÓN DE);2.1.-Malos tratos habituales en el ámbito familiar;2020;380
MURCIA (REGIÓN DE);2.1.-Malos tratos habituales en el ámbito familiar;2019;370
MURCIA (REGIÓN DE);2.1.-Malos tratos habituales en el ámbito familiar;2018;342
MURCIA (REGIÓN DE);2.2.-Otros contra la libertad;2024;4.391
MURCIA (REGIÓN DE);2.2.-Otros contra la libertad;2023;4.034
MURCIA (REGIÓN DE);2.2.-Otros contra la libertad;2022;3.558
MURCIA (REGIÓN DE);2.2.-Otros contra la libertad;2021;3.211
MURCIA (REGIÓN DE);2.2.-Otros contra la libertad;2020;2.966
MURCIA (REGIÓN DE);2.2.-Otros contra la libertad;2019;2.870
MURCIA (REGIÓN DE);2.2.-Otros contra la libertad;2018;2.589
MURCIA (REGIÓN DE);3. LIBERTAD SEXUAL;2024;777
MURCIA (REGIÓN DE);3. LIBERTAD SEXUAL;2023;626
MURCIA (REGIÓN DE);3. LIBERTAD SEXUAL;2022;522
MURCIA (REGIÓN DE);3. LIBERTAD SEXUAL;2021;545
MURCIA (REGIÓN DE);3. LIBERTAD SEXUAL;2020;423
MURCIA (REGIÓN DE);3. LIBERTAD SEXUAL;2019;456
MURCIA (REGIÓN DE);3. LIBERTAD SEXUAL;2018;406
MURCIA (REGIÓN DE);3.1.-Agresión sexual;2024;488
MURCIA (REGIÓN DE);3.1.-Agresión sexual;2023;417
MURCIA (REGIÓN DE);3.1.-Agresión sexual;2022;358
MURCIA (REGIÓN DE);3.1.-Agresión sexual;2021;359
MURCIA (REGIÓN DE);3.1.-Agresión sexual;2020;263
MURCIA (REGIÓN DE);3.1.-Agresión sexual;2019;293
MURCIA (REGIÓN DE);3.1.-Agresión sexual;2018;270
MURCIA (REGIÓN DE);3.2.-Agresión sexual con penetración;2024;119
MURCIA (REGIÓN DE);3.2.-Agresión sexual con penetración;2023;107
MURCIA (REGIÓN DE);3.2.-Agresión sexual con penetración;2022;83
MURCIA (REGIÓN DE);3.2.-Agresión sexual con penetración;2021;100
MURCIA (REGIÓN DE);3.2.-Agresión sexual con penetración;2020;89
MURCIA (REGIÓN DE);3.2.-Agresión sexual con penetración;2019;68
MURCIA (REGIÓN DE);3.2.-Agresión sexual con penetración;2018;62
MURCIA (REGIÓN DE);3.3.-Corrupción de menores o incapacitados;2024;84
MURCIA (REGIÓN DE);3.3.-Corrupción de menores o incapacitados;2023;17
MURCIA (REGIÓN DE);3.3.-Corrupción de menores o incapacitados;2022;9
MURCIA (REGIÓN DE);3.3.-Corrupción de menores o incapacitados;2021;11
MURCIA (REGIÓN DE);3.3.-Corrupción de menores o incapacitados;2020;6
MURCIA (REGIÓN DE);3.3.-Corrupción de menores o incapacitados;2019;14
MURCIA (REGIÓN DE);3.3.-Corrupción de menores o incapacitados;2018;11
MURCIA (REGIÓN DE);3.4.-Pornografía de menores;2024;27
MURCIA (REGIÓN DE);3.4.-Pornografía de menores;2023;24
MURCIA (REGIÓN DE);3.4.-Pornografía de menores;2022;15
MURCIA (REGIÓN DE);3.4.-Pornografía de menores;2021;20
MURCIA (REGIÓN DE);3.4.-Pornografía de menores;2020;15
MURCIA (REGIÓN DE);3.4.-Pornografía de menores;2019;21
MURCIA (REGIÓN DE);3.4.-Pornografía de menores;2018;14
MURCIA (REGIÓN DE);3.5.-Otros contra la libertad sexual;2024;59
MURCIA (REGIÓN DE);3.5.-Otros contra la libertad sexual;2023;61
MURCIA (REGIÓN DE);3.5.-Otros contra la libertad sexual;2022;57
MURCIA (REGIÓN DE);3.5.-Otros contra la libertad sexual;2021;55
MURCIA (REGIÓN DE);3.5.-Otros contra la libertad sexual;2020;50
MURCIA (REGIÓN DE);3.5.-Otros contra la libertad sexual;2019;60
MURCIA (REGIÓN DE);3.5.-Otros contra la libertad sexual;2018;49
MURCIA (REGIÓN DE);4. RELACIONES FAMILIARES;2024;656
MURCIA (REGIÓN DE);4. RELACIONES FAMILIARES;2023;649
MURCIA (REGIÓN DE);4. RELACIONES FAMILIARES;2022;598
MURCIA (REGIÓN DE);4. RELACIONES FAMILIARES;2021;621
MURCIA (REGIÓN DE);4. RELACIONES FAMILIARES;2020;551
MURCIA (REGIÓN DE);4. RELACIONES FAMILIARES;2019;558
MURCIA (REGIÓN DE);4. RELACIONES FAMILIARES;2018;594
MURCIA (REGIÓN DE);5. PATRIMONIO;2024;13.147
MURCIA (REGIÓN DE);5. PATRIMONIO;2023;11.473
MURCIA (REGIÓN DE);5. PATRIMONIO;2022;10.554
MURCIA (REGIÓN DE);5. PATRIMONIO;2021;8.778
MURCIA (REGIÓN DE);5. PATRIMONIO;2020;7.572
MURCIA (REGIÓN DE);5. PATRIMONIO;2019;8.466
MURCIA (REGIÓN DE);5. PATRIMONIO;2018;8.602
MURCIA (REGIÓN DE);5.1.-Hurtos;2024;4.030
MURCIA (REGIÓN DE);5.1.-Hurtos;2023;3.603
MURCIA (REGIÓN DE);5.1.-Hurtos;2022;3.052
MURCIA (REGIÓN DE);5.1.-Hurtos;2021;2.431
MURCIA (REGIÓN DE);5.1.-Hurtos;2020;2.018
MURCIA (REGIÓN DE);5.1.-Hurtos;2019;2.841
MURCIA (REGIÓN DE);5.1.-Hurtos;2018;2.878
MURCIA (REGIÓN DE);5.2.-Robos con fuerza en las cosas;2024;2.009
MURCIA (REGIÓN DE);5.2.-Robos con fuerza en las cosas;2023;1.875
MURCIA (REGIÓN DE);5.2.-Robos con fuerza en las cosas;2022;1.823
MURCIA (REGIÓN DE);5.2.-Robos con fuerza en las cosas;2021;1.530
MURCIA (REGIÓN DE);5.2.-Robos con fuerza en las cosas;2020;1.369
MURCIA (REGIÓN DE);5.2.-Robos con fuerza en las cosas;2019;1.559
MURCIA (REGIÓN DE);5.2.-Robos con fuerza en las cosas;2018;2.022
MURCIA (REGIÓN DE);5.2.1.-Robos con fuerza en las cosas en el interior de vehículos;2024;545
MURCIA (REGIÓN DE);5.2.1.-Robos con fuerza en las cosas en el interior de vehículos;2023;506
MURCIA (REGIÓN DE);5.2.1.-Robos con fuerza en las cosas en el interior de vehículos;2022;403
MURCIA (REGIÓN DE);5.2.1.-Robos con fuerza en las cosas en el interior de vehículos;2021;439
MURCIA (REGIÓN DE);5.2.1.-Robos con fuerza en las cosas en el interior de vehículos;2020;318
MURCIA (REGIÓN DE);5.2.1.-Robos con fuerza en las cosas en el interior de vehículos;2019;332
MURCIA (REGIÓN DE);5.2.1.-Robos con fuerza en las cosas en el interior de vehículos;2018;355
MURCIA (REGIÓN DE);5.2.2.-Robos con fuerza en viviendas;2024;724
MURCIA (REGIÓN DE);5.2.2.-Robos con fuerza en viviendas;2023;590
MURCIA (REGIÓN DE);5.2.2.-Robos con fuerza en viviendas;2022;676
MURCIA (REGIÓN DE);5.2.2.-Robos con fuerza en viviendas;2021;564
MURCIA (REGIÓN DE);5.2.2.-Robos con fuerza en viviendas;2020;577
MURCIA (REGIÓN DE);5.2.2.-Robos con fuerza en viviendas;2019;655
MURCIA (REGIÓN DE);5.2.2.-Robos con fuerza en viviendas;2018;1.121
MURCIA (REGIÓN DE);5.2.3.-Robos con fuerza en establecimientos;2024;396
MURCIA (REGIÓN DE);5.2.3.-Robos con fuerza en establecimientos;2023;429
MURCIA (REGIÓN DE);5.2.3.-Robos con fuerza en establecimientos;2022;366
MURCIA (REGIÓN DE);5.2.3.-Robos con fuerza en establecimientos;2021;284
MURCIA (REGIÓN DE);5.2.3.-Robos con fuerza en establecimientos;2020;230
MURCIA (REGIÓN DE);5.2.3.-Robos con fuerza en establecimientos;2019;262
MURCIA (REGIÓN DE);5.2.3.-Robos con fuerza en establecimientos;2018;229
MURCIA (REGIÓN DE);5.3.-Robos con violencia o intimidación;2024;1.020
MURCIA (REGIÓN DE);5.3.-Robos con violencia o intimidación;2023;899
MURCIA (REGIÓN DE);5.3.-Robos con violencia o intimidación;2022;849
MURCIA (REGIÓN DE);5.3.-Robos con violencia o intimidación;2021;586
MURCIA (REGIÓN DE);5.3.-Robos con violencia o intimidación;2020;499
MURCIA (REGIÓN DE);5.3.-Robos con violencia o intimidación;2019;640
MURCIA (REGIÓN DE);5.3.-Robos con violencia o intimidación;2018;508
MURCIA (REGIÓN DE);5.3.1.-Robos con violencia en vía pública;2024;565
MURCIA (REGIÓN DE);5.3.1.-Robos con violencia en vía pública;2023;487
MURCIA (REGIÓN DE);5.3.1.-Robos con violencia en vía pública;2022;431
MURCIA (REGIÓN DE);5.3.1.-Robos con violencia en vía pública;2021;317
MURCIA (REGIÓN DE);5.3.1.-Robos con violencia en vía pública;2020;275
MURCIA (REGIÓN DE);5.3.1.-Robos con violencia en vía pública;2019;287
MURCIA (REGIÓN DE);5.3.1.-Robos con violencia en vía pública;2018;310
MURCIA (REGIÓN DE);5.3.2.-Robos con violencia en viviendas;2024;83
MURCIA (REGIÓN DE);5.3.2.-Robos con violencia en viviendas;2023;65
MURCIA (REGIÓN DE);5.3.2.-Robos con violencia en viviendas;2022;78
MURCIA (REGIÓN DE);5.3.2.-Robos con violencia en viviendas;2021;51
MURCIA (REGIÓN DE);5.3.2.-Robos con violencia en viviendas;2020;60
MURCIA (REGIÓN DE);5.3.2.-Robos con violencia en viviendas;2019;71
MURCIA (REGIÓN DE);5.3.2.-Robos con violencia en viviendas;2018;46
MURCIA (REGIÓN DE);5.3.3.-Robos con violencia en establecimientos;2024;263
MURCIA (REGIÓN DE);5.3.3.-Robos con violencia en establecimientos;2023;245
MURCIA (REGIÓN DE);5.3.3.-Robos con violencia en establecimientos;2022;234
MURCIA (REGIÓN DE);5.3.3.-Robos con violencia en establecimientos;2021;140
MURCIA (REGIÓN DE);5.3.3.-Robos con violencia en establecimientos;2020;112
MURCIA (REGIÓN DE);5.3.3.-Robos con violencia en establecimientos;2019;191
MURCIA (REGIÓN DE);5.3.3.-Robos con violencia en establecimientos;2018;99
MURCIA (REGIÓN DE);5.4.-Sustracción de vehículos;2024;343
MURCIA (REGIÓN DE);5.4.-Sustracción de vehículos;2023;332
MURCIA (REGIÓN DE);5.4.-Sustracción de vehículos;2022;304
MURCIA (REGIÓN DE);5.4.-Sustracción de vehículos;2021;224
MURCIA (REGIÓN DE);5.4.-Sustracción de vehículos;2020;240
MURCIA (REGIÓN DE);5.4.-Sustracción de vehículos;2019;330
MURCIA (REGIÓN DE);5.4.-Sustracción de vehículos;2018;291
MURCIA (REGIÓN DE);5.5.-Estafas;2024;3.361
MURCIA (REGIÓN DE);5.5.-Estafas;2023;2.679
MURCIA (REGIÓN DE);5.5.-Estafas;2022;2.455
MURCIA (REGIÓN DE);5.5.-Estafas;2021;1.996
MURCIA (REGIÓN DE);5.5.-Estafas;2020;1.620
MURCIA (REGIÓN DE);5.5.-Estafas;2019;1.427
MURCIA (REGIÓN DE);5.5.-Estafas;2018;1.341
MURCIA (REGIÓN DE);5.5.1.-Estafas informáticas;2024;2.338
MURCIA (REGIÓN DE);5.5.1.-Estafas informáticas;2023;1.842
MURCIA (REGIÓN DE);5.5.1.-Estafas informáticas;2022;1.479
MURCIA (REGIÓN DE);5.5.1.-Estafas informáticas;2021;1.094
MURCIA (REGIÓN DE);5.5.1.-Estafas informáticas;2020;757
MURCIA (REGIÓN DE);5.5.1.-Estafas informáticas;2019;472
MURCIA (REGIÓN DE);5.5.1.-Estafas informáticas;2018;400
MURCIA (REGIÓN DE);5.6.-Daños;2024;1.177
MURCIA (REGIÓN DE);5.6.-Daños;2023;1.029
MURCIA (REGIÓN DE);5.6.-Daños;2022;1.031
MURCIA (REGIÓN DE);5.6.-Daños;2021;957
MURCIA (REGIÓN DE);5.6.-Daños;2020;913
MURCIA (REGIÓN DE);5.6.-Daños;2019;809
MURCIA (REGIÓN DE);5.6.-Daños;2018;815
MURCIA (REGIÓN DE);5.7.-Contra la propiedad intelectual/industrial;2024;33
MURCIA (REGIÓN DE);5.7.-Contra la propiedad intelectual/industrial;2023;37
MURCIA (REGIÓN DE);5.7.-Contra la propiedad intelectual/industrial;2022;39
MURCIA (REGIÓN DE);5.7.-Contra la propiedad intelectual/industrial;2021;42
MURCIA (REGIÓN DE);5.7.-Contra la propiedad intelectual/industrial;2020;47
MURCIA (REGIÓN DE);5.7.-Contra la propiedad intelectual/industrial;2019;39
MURCIA (REGIÓN DE);5.7.-Contra la propiedad intelectual/industrial;2018;49
MURCIA (REGIÓN DE);5.8.-Blanqueo de capitales;2024;12
MURCIA (REGIÓN DE);5.8.-Blanqueo de capitales;2023;12
MURCIA (REGIÓN DE);5.8.-Blanqueo de capitales;2022;9
MURCIA (REGIÓN DE);5.8.-Blanqueo de capitales;2021;16
MURCIA (REGIÓN DE);5.8.-Blanqueo de capitales;2020;13
MURCIA (REGIÓN DE);5.8.-Blanqueo de capitales;2019;8
MURCIA (REGIÓN DE);5.8.-Blanqueo de capitales;2018;4
MURCIA (REGIÓN DE);5.9.-Otros contra el patrimonio;2024;1.162
MURCIA (REGIÓN DE);5.9.-Otros contra el patrimonio;2023;1.007
MURCIA (REGIÓN DE);5.9.-Otros contra el patrimonio;2022;992
MURCIA (REGIÓN DE);5.9.-Otros contra el patrimonio;2021;996
MURCIA (REGIÓN DE);5.9.-Otros contra el patrimonio;2020;853
MURCIA (REGIÓN DE);5.9.-Otros contra el patrimonio;2019;813
MURCIA (REGIÓN DE);5.9.-Otros contra el patrimonio;2018;694
MURCIA (REGIÓN DE);6. SEGURIDAD COLECTIVA;2024;1.770
MURCIA (REGIÓN DE);6. SEGURIDAD COLECTIVA;2023;1.659
MURCIA (REGIÓN DE);6. SEGURIDAD COLECTIVA;2022;1.690
MURCIA (REGIÓN DE);6. SEGURIDAD COLECTIVA;2021;1.437
MURCIA (REGIÓN DE);6. SEGURIDAD COLECTIVA;2020;1.262
MURCIA (REGIÓN DE);6. SEGURIDAD COLECTIVA;2019;1.612
MURCIA (REGIÓN DE);6. SEGURIDAD COLECTIVA;2018;1.469
MURCIA (REGIÓN DE);6.1.-Tráfico de drogas;2024;542
MURCIA (REGIÓN DE);6.1.-Tráfico de drogas;2023;569
MURCIA (REGIÓN DE);6.1.-Tráfico de drogas;2022;478
MURCIA (REGIÓN DE);6.1.-Tráfico de drogas;2021;473
MURCIA (REGIÓN DE);6.1.-Tráfico de drogas;2020;368
MURCIA (REGIÓN DE);6.1.-Tráfico de drogas;2019;341
MURCIA (REGIÓN DE);6.1.-Tráfico de drogas;2018;281
MURCIA (REGIÓN DE);6.2.-Contra la seguridad vial;2024;1.161
MURCIA (REGIÓN DE);6.2.-Contra la seguridad vial;2023;1.034
MURCIA (REGIÓN DE);6.2.-Contra la seguridad vial;2022;1.158
MURCIA (REGIÓN DE);6.2.-Contra la seguridad vial;2021;923
MURCIA (REGIÓN DE);6.2.-Contra la seguridad vial;2020;855
MURCIA (REGIÓN DE);6.2.-Contra la seguridad vial;2019;1.223
MURCIA (REGIÓN DE);6.2.-Contra la seguridad vial;2018;1.132
MURCIA (REGIÓN DE);6.3.-Otros contra la seguridad colectiva;2024;67
MURCIA (REGIÓN DE);6.3.-Otros contra la seguridad colectiva;2023;56
MURCIA (REGIÓN DE);6.3.-Otros contra la seguridad colectiva;2022;54
MURCIA (REGIÓN DE);6.3.-Otros contra la seguridad colectiva;2021;41
MURCIA (REGIÓN DE);6.3.-Otros contra la seguridad colectiva;2020;39
MURCIA (REGIÓN DE);6.3.-Otros contra la seguridad colectiva;2019;48
MURCIA (REGIÓN DE);6.3.-Otros contra la seguridad colectiva;2018;56
MURCIA (REGIÓN DE);7. FALSEDADES;2024;741
MURCIA (REGIÓN DE);7. FALSEDADES;2023;655
MURCIA (REGIÓN DE);7. FALSEDADES;2022;593
MURCIA (REGIÓN DE);7. FALSEDADES;2021;651
MURCIA (REGIÓN DE);7. FALSEDADES;2020;437
MURCIA (REGIÓN DE);7. FALSEDADES;2019;444
MURCIA (REGIÓN DE);7. FALSEDADES;2018;468
MURCIA (REGIÓN DE);8. ADMÓN. PÚBLICA;2024;19
MURCIA (REGIÓN DE);8. ADMÓN. PÚBLICA;2023;15
MURCIA (REGIÓN DE);8. ADMÓN. PÚBLICA;2022;8
MURCIA (REGIÓN DE);8. ADMÓN. PÚBLICA;2021;26
MURCIA (REGIÓN DE);8. ADMÓN. PÚBLICA;2020;23
MURCIA (REGIÓN DE);8. ADMÓN. PÚBLICA;2019;14
MURCIA (REGIÓN DE);8. ADMÓN. PÚBLICA;2018;10
MURCIA (REGIÓN DE);9. ADMÓN. JUSTICIA;2024;1.879
MURCIA (REGIÓN DE);9. ADMÓN. JUSTICIA;2023;1.789
MURCIA (REGIÓN DE);9. ADMÓN. JUSTICIA;2022;1.634
MURCIA (REGIÓN DE);9. ADMÓN. JUSTICIA;2021;1.257
MURCIA (REGIÓN DE);9. ADMÓN. JUSTICIA;2020;1.163
MURCIA (REGIÓN DE);9. ADMÓN. JUSTICIA;2019;1.057
MURCIA (REGIÓN DE);9. ADMÓN. JUSTICIA;2018;1.016
MURCIA (REGIÓN DE);10. ORDEN PÚBLICO;2024;1.143
MURCIA (REGIÓN DE);10. ORDEN PÚBLICO;2023;1.024
MURCIA (REGIÓN DE);10. ORDEN PÚBLICO;2022;869
MURCIA (REGIÓN DE);10. ORDEN PÚBLICO;2021;806
MURCIA (REGIÓN DE);10. ORDEN PÚBLICO;2020;891
MURCIA (REGIÓN DE);10. ORDEN PÚBLICO;2019;553
MURCIA (REGIÓN DE);10. ORDEN PÚBLICO;2018;564
MURCIA (REGIÓN DE);11. LEGISLACIÓN ESPECIAL;2024;6
MURCIA (REGIÓN DE);11. LEGISLACIÓN ESPECIAL;2023;16
MURCIA (REGIÓN DE);11. LEGISLACIÓN ESPECIAL;2022;14
MURCIA (REGIÓN DE);11. LEGISLACIÓN ESPECIAL;2021;10
MURCIA (REGIÓN DE);11. LEGISLACIÓN ESPECIAL;2020;13
MURCIA (REGIÓN DE);11. LEGISLACIÓN ESPECIAL;2019;1
MURCIA (REGIÓN DE);11. LEGISLACIÓN ESPECIAL;2018;2
MURCIA (REGIÓN DE);12. OTRAS INFRACCIONES PENALES;2024;380
MURCIA (REGIÓN DE);12. OTRAS INFRACCIONES PENALES;2023;438
MURCIA (REGIÓN DE);12. OTRAS INFRACCIONES PENALES;2022;384
MURCIA (REGIÓN DE);12. OTRAS INFRACCIONES PENALES;2021;484
MURCIA (REGIÓN DE);12. OTRAS INFRACCIONES PENALES;2020;364
MURCIA (REGIÓN DE);12. OTRAS INFRACCIONES PENALES;2019;302
MURCIA (REGIÓN DE);12. OTRAS INFRACCIONES PENALES;2018;258
MURCIA (REGIÓN DE);TOTAL INFRACCIONES PENALES;2024;33.113
MURCIA (REGIÓN DE);TOTAL INFRACCIONES PENALES;2023;30.514
MURCIA (REGIÓN DE);TOTAL INFRACCIONES PENALES;2022;27.544
MURCIA (REGIÓN DE);TOTAL INFRACCIONES PENALES;2021;24.178
MURCIA (REGIÓN DE);TOTAL INFRACCIONES PENALES;2020;21.180
MURCIA (REGIÓN DE);TOTAL INFRACCIONES PENALES;2019;22.362
MURCIA (REGIÓN DE);TOTAL INFRACCIONES PENALES;2018;21.779
NAVARRA (COMUNIDAD FORAL DE);1. CONTRA LAS PERSONAS;2024;2.519
NAVARRA (COMUNIDAD FORAL DE);1. CONTRA LAS PERSONAS;2023;2.505
NAVARRA (COMUNIDAD FORAL DE);1. CONTRA LAS PERSONAS;2022;2.591
NAVARRA (COMUNIDAD FORAL DE);1. CONTRA LAS PERSONAS;2021;2.085
NAVARRA (COMUNIDAD FORAL DE);1. CONTRA LAS PERSONAS;2020;1.807
NAVARRA (COMUNIDAD FORAL DE);1. CONTRA LAS PERSONAS;2019;2.239
NAVARRA (COMUNIDAD FORAL DE);1. CONTRA LAS PERSONAS;2018;2.140
NAVARRA (COMUNIDAD FORAL DE);1.1.-Homicidios dolosos/asesinatos;2024;25
NAVARRA (COMUNIDAD FORAL DE);1.1.-Homicidios dolosos/asesinatos;2023;38
NAVARRA (COMUNIDAD FORAL DE);1.1.-Homicidios dolosos/asesinatos;2022;29
NAVARRA (COMUNIDAD FORAL DE);1.1.-Homicidios dolosos/asesinatos;2021;18
NAVARRA (COMUNIDAD FORAL DE);1.1.-Homicidios dolosos/asesinatos;2020;17
NAVARRA (COMUNIDAD FORAL DE);1.1.-Homicidios dolosos/asesinatos;2019;17
NAVARRA (COMUNIDAD FORAL DE);1.1.-Homicidios dolosos/asesinatos;2018;25
NAVARRA (COMUNIDAD FORAL DE);1.1.1.-Homicidios dolosos/asesinatos consumados;2024;4
NAVARRA (COMUNIDAD FORAL DE);1.1.1.-Homicidios dolosos/asesinatos consumados;2023;8
NAVARRA (COMUNIDAD FORAL DE);1.1.1.-Homicidios dolosos/asesinatos consumados;2022;3
NAVARRA (COMUNIDAD FORAL DE);1.1.1.-Homicidios dolosos/asesinatos consumados;2021;1
NAVARRA (COMUNIDAD FORAL DE);1.1.1.-Homicidios dolosos/asesinatos consumados;2020;1
NAVARRA (COMUNIDAD FORAL DE);1.1.1.-Homicidios dolosos/asesinatos consumados;2019;6
NAVARRA (COMUNIDAD FORAL DE);1.1.1.-Homicidios dolosos/asesinatos consumados;2018;11
NAVARRA (COMUNIDAD FORAL DE);1.2.-Lesiones;2024;1.300
NAVARRA (COMUNIDAD FORAL DE);1.2.-Lesiones;2023;1.311
NAVARRA (COMUNIDAD FORAL DE);1.2.-Lesiones;2022;1.376
NAVARRA (COMUNIDAD FORAL DE);1.2.-Lesiones;2021;1.101
NAVARRA (COMUNIDAD FORAL DE);1.2.-Lesiones;2020;858
NAVARRA (COMUNIDAD FORAL DE);1.2.-Lesiones;2019;1.211
NAVARRA (COMUNIDAD FORAL DE);1.2.-Lesiones;2018;1.103
NAVARRA (COMUNIDAD FORAL DE);1.3.-Malos tratos ámbito familiar;2024;1.132
NAVARRA (COMUNIDAD FORAL DE);1.3.-Malos tratos ámbito familiar;2023;1.075
NAVARRA (COMUNIDAD FORAL DE);1.3.-Malos tratos ámbito familiar;2022;1.084
NAVARRA (COMUNIDAD FORAL DE);1.3.-Malos tratos ámbito familiar;2021;917
NAVARRA (COMUNIDAD FORAL DE);1.3.-Malos tratos ámbito familiar;2020;902
NAVARRA (COMUNIDAD FORAL DE);1.3.-Malos tratos ámbito familiar;2019;981
NAVARRA (COMUNIDAD FORAL DE);1.3.-Malos tratos ámbito familiar;2018;980
NAVARRA (COMUNIDAD FORAL DE);1.4.-Otros contra las personas;2024;62
NAVARRA (COMUNIDAD FORAL DE);1.4.-Otros contra las personas;2023;81
NAVARRA (COMUNIDAD FORAL DE);1.4.-Otros contra las personas;2022;102
NAVARRA (COMUNIDAD FORAL DE);1.4.-Otros contra las personas;2021;49
NAVARRA (COMUNIDAD FORAL DE);1.4.-Otros contra las personas;2020;30
NAVARRA (COMUNIDAD FORAL DE);1.4.-Otros contra las personas;2019;30
NAVARRA (COMUNIDAD FORAL DE);1.4.-Otros contra las personas;2018;32
NAVARRA (COMUNIDAD FORAL DE);2. CONTRA LA LIBERTAD;2024;1.775
NAVARRA (COMUNIDAD FORAL DE);2. CONTRA LA LIBERTAD;2023;1.754
NAVARRA (COMUNIDAD FORAL DE);2. CONTRA LA LIBERTAD;2022;1.667
NAVARRA (COMUNIDAD FORAL DE);2. CONTRA LA LIBERTAD;2021;1.387
NAVARRA (COMUNIDAD FORAL DE);2. CONTRA LA LIBERTAD;2020;1.169
NAVARRA (COMUNIDAD FORAL DE);2. CONTRA LA LIBERTAD;2019;1.254
NAVARRA (COMUNIDAD FORAL DE);2. CONTRA LA LIBERTAD;2018;1.113
NAVARRA (COMUNIDAD FORAL DE);2.1.-Malos tratos habituales en el ámbito familiar;2024;302
NAVARRA (COMUNIDAD FORAL DE);2.1.-Malos tratos habituales en el ámbito familiar;2023;297
NAVARRA (COMUNIDAD FORAL DE);2.1.-Malos tratos habituales en el ámbito familiar;2022;223
NAVARRA (COMUNIDAD FORAL DE);2.1.-Malos tratos habituales en el ámbito familiar;2021;132
NAVARRA (COMUNIDAD FORAL DE);2.1.-Malos tratos habituales en el ámbito familiar;2020;139
NAVARRA (COMUNIDAD FORAL DE);2.1.-Malos tratos habituales en el ámbito familiar;2019;141
NAVARRA (COMUNIDAD FORAL DE);2.1.-Malos tratos habituales en el ámbito familiar;2018;105
NAVARRA (COMUNIDAD FORAL DE);2.2.-Otros contra la libertad;2024;1.473
NAVARRA (COMUNIDAD FORAL DE);2.2.-Otros contra la libertad;2023;1.457
NAVARRA (COMUNIDAD FORAL DE);2.2.-Otros contra la libertad;2022;1.444
NAVARRA (COMUNIDAD FORAL DE);2.2.-Otros contra la libertad;2021;1.255
NAVARRA (COMUNIDAD FORAL DE);2.2.-Otros contra la libertad;2020;1.030
NAVARRA (COMUNIDAD FORAL DE);2.2.-Otros contra la libertad;2019;1.113
NAVARRA (COMUNIDAD FORAL DE);2.2.-Otros contra la libertad;2018;1.008
NAVARRA (COMUNIDAD FORAL DE);3. LIBERTAD SEXUAL;2024;387
NAVARRA (COMUNIDAD FORAL DE);3. LIBERTAD SEXUAL;2023;349
NAVARRA (COMUNIDAD FORAL DE);3. LIBERTAD SEXUAL;2022;283
NAVARRA (COMUNIDAD FORAL DE);3. LIBERTAD SEXUAL;2021;208
NAVARRA (COMUNIDAD FORAL DE);3. LIBERTAD SEXUAL;2020;175
NAVARRA (COMUNIDAD FORAL DE);3. LIBERTAD SEXUAL;2019;166
NAVARRA (COMUNIDAD FORAL DE);3. LIBERTAD SEXUAL;2018;209
NAVARRA (COMUNIDAD FORAL DE);3.1.-Agresión sexual;2024;258
NAVARRA (COMUNIDAD FORAL DE);3.1.-Agresión sexual;2023;213
NAVARRA (COMUNIDAD FORAL DE);3.1.-Agresión sexual;2022;179
NAVARRA (COMUNIDAD FORAL DE);3.1.-Agresión sexual;2021;118
NAVARRA (COMUNIDAD FORAL DE);3.1.-Agresión sexual;2020;103
NAVARRA (COMUNIDAD FORAL DE);3.1.-Agresión sexual;2019;99
NAVARRA (COMUNIDAD FORAL DE);3.1.-Agresión sexual;2018;118
NAVARRA (COMUNIDAD FORAL DE);3.2.-Agresión sexual con penetración;2024;64
NAVARRA (COMUNIDAD FORAL DE);3.2.-Agresión sexual con penetración;2023;77
NAVARRA (COMUNIDAD FORAL DE);3.2.-Agresión sexual con penetración;2022;71
NAVARRA (COMUNIDAD FORAL DE);3.2.-Agresión sexual con penetración;2021;59
NAVARRA (COMUNIDAD FORAL DE);3.2.-Agresión sexual con penetración;2020;31
NAVARRA (COMUNIDAD FORAL DE);3.2.-Agresión sexual con penetración;2019;40
NAVARRA (COMUNIDAD FORAL DE);3.2.-Agresión sexual con penetración;2018;53
NAVARRA (COMUNIDAD FORAL DE);3.3.-Corrupción de menores o incapacitados;2024;2
NAVARRA (COMUNIDAD FORAL DE);3.3.-Corrupción de menores o incapacitados;2023;11
NAVARRA (COMUNIDAD FORAL DE);3.3.-Corrupción de menores o incapacitados;2022;11
NAVARRA (COMUNIDAD FORAL DE);3.3.-Corrupción de menores o incapacitados;2021;11
NAVARRA (COMUNIDAD FORAL DE);3.3.-Corrupción de menores o incapacitados;2020;8
NAVARRA (COMUNIDAD FORAL DE);3.3.-Corrupción de menores o incapacitados;2019;4
NAVARRA (COMUNIDAD FORAL DE);3.3.-Corrupción de menores o incapacitados;2018;6
NAVARRA (COMUNIDAD FORAL DE);3.4.-Pornografía de menores;2024;12
NAVARRA (COMUNIDAD FORAL DE);3.4.-Pornografía de menores;2023;15
NAVARRA (COMUNIDAD FORAL DE);3.4.-Pornografía de menores;2022;4
NAVARRA (COMUNIDAD FORAL DE);3.4.-Pornografía de menores;2021;4
NAVARRA (COMUNIDAD FORAL DE);3.4.-Pornografía de menores;2020;7
NAVARRA (COMUNIDAD FORAL DE);3.4.-Pornografía de menores;2019;6
NAVARRA (COMUNIDAD FORAL DE);3.4.-Pornografía de menores;2018;6
NAVARRA (COMUNIDAD FORAL DE);3.5.-Otros contra la libertad sexual;2024;51
NAVARRA (COMUNIDAD FORAL DE);3.5.-Otros contra la libertad sexual;2023;33
NAVARRA (COMUNIDAD FORAL DE);3.5.-Otros contra la libertad sexual;2022;18
NAVARRA (COMUNIDAD FORAL DE);3.5.-Otros contra la libertad sexual;2021;16
NAVARRA (COMUNIDAD FORAL DE);3.5.-Otros contra la libertad sexual;2020;26
NAVARRA (COMUNIDAD FORAL DE);3.5.-Otros contra la libertad sexual;2019;17
NAVARRA (COMUNIDAD FORAL DE);3.5.-Otros contra la libertad sexual;2018;26
NAVARRA (COMUNIDAD FORAL DE);4. RELACIONES FAMILIARES;2024;81
NAVARRA (COMUNIDAD FORAL DE);4. RELACIONES FAMILIARES;2023;76
NAVARRA (COMUNIDAD FORAL DE);4. RELACIONES FAMILIARES;2022;83
NAVARRA (COMUNIDAD FORAL DE);4. RELACIONES FAMILIARES;2021;89
NAVARRA (COMUNIDAD FORAL DE);4. RELACIONES FAMILIARES;2020;75
NAVARRA (COMUNIDAD FORAL DE);4. RELACIONES FAMILIARES;2019;65
NAVARRA (COMUNIDAD FORAL DE);4. RELACIONES FAMILIARES;2018;63
NAVARRA (COMUNIDAD FORAL DE);5. PATRIMONIO;2024;4.072
NAVARRA (COMUNIDAD FORAL DE);5. PATRIMONIO;2023;3.772
NAVARRA (COMUNIDAD FORAL DE);5. PATRIMONIO;2022;3.399
NAVARRA (COMUNIDAD FORAL DE);5. PATRIMONIO;2021;2.968
NAVARRA (COMUNIDAD FORAL DE);5. PATRIMONIO;2020;2.728
NAVARRA (COMUNIDAD FORAL DE);5. PATRIMONIO;2019;2.997
NAVARRA (COMUNIDAD FORAL DE);5. PATRIMONIO;2018;2.741
NAVARRA (COMUNIDAD FORAL DE);5.1.-Hurtos;2024;1.601
NAVARRA (COMUNIDAD FORAL DE);5.1.-Hurtos;2023;1.522
NAVARRA (COMUNIDAD FORAL DE);5.1.-Hurtos;2022;1.199
NAVARRA (COMUNIDAD FORAL DE);5.1.-Hurtos;2021;942
NAVARRA (COMUNIDAD FORAL DE);5.1.-Hurtos;2020;768
NAVARRA (COMUNIDAD FORAL DE);5.1.-Hurtos;2019;1.047
NAVARRA (COMUNIDAD FORAL DE);5.1.-Hurtos;2018;974
NAVARRA (COMUNIDAD FORAL DE);5.2.-Robos con fuerza en las cosas;2024;438
NAVARRA (COMUNIDAD FORAL DE);5.2.-Robos con fuerza en las cosas;2023;353
NAVARRA (COMUNIDAD FORAL DE);5.2.-Robos con fuerza en las cosas;2022;349
NAVARRA (COMUNIDAD FORAL DE);5.2.-Robos con fuerza en las cosas;2021;265
NAVARRA (COMUNIDAD FORAL DE);5.2.-Robos con fuerza en las cosas;2020;324
NAVARRA (COMUNIDAD FORAL DE);5.2.-Robos con fuerza en las cosas;2019;459
NAVARRA (COMUNIDAD FORAL DE);5.2.-Robos con fuerza en las cosas;2018;332
NAVARRA (COMUNIDAD FORAL DE);5.2.1.-Robos con fuerza en las cosas en el interior de vehículos;2024;103
NAVARRA (COMUNIDAD FORAL DE);5.2.1.-Robos con fuerza en las cosas en el interior de vehículos;2023;48
NAVARRA (COMUNIDAD FORAL DE);5.2.1.-Robos con fuerza en las cosas en el interior de vehículos;2022;51
NAVARRA (COMUNIDAD FORAL DE);5.2.1.-Robos con fuerza en las cosas en el interior de vehículos;2021;48
NAVARRA (COMUNIDAD FORAL DE);5.2.1.-Robos con fuerza en las cosas en el interior de vehículos;2020;56
NAVARRA (COMUNIDAD FORAL DE);5.2.1.-Robos con fuerza en las cosas en el interior de vehículos;2019;67
NAVARRA (COMUNIDAD FORAL DE);5.2.1.-Robos con fuerza en las cosas en el interior de vehículos;2018;45
NAVARRA (COMUNIDAD FORAL DE);5.2.2.-Robos con fuerza en viviendas;2024;136
NAVARRA (COMUNIDAD FORAL DE);5.2.2.-Robos con fuerza en viviendas;2023;83
NAVARRA (COMUNIDAD FORAL DE);5.2.2.-Robos con fuerza en viviendas;2022;97
NAVARRA (COMUNIDAD FORAL DE);5.2.2.-Robos con fuerza en viviendas;2021;67
NAVARRA (COMUNIDAD FORAL DE);5.2.2.-Robos con fuerza en viviendas;2020;80
NAVARRA (COMUNIDAD FORAL DE);5.2.2.-Robos con fuerza en viviendas;2019;118
NAVARRA (COMUNIDAD FORAL DE);5.2.2.-Robos con fuerza en viviendas;2018;109
NAVARRA (COMUNIDAD FORAL DE);5.2.3.-Robos con fuerza en establecimientos;2024;46
NAVARRA (COMUNIDAD FORAL DE);5.2.3.-Robos con fuerza en establecimientos;2023;100
NAVARRA (COMUNIDAD FORAL DE);5.2.3.-Robos con fuerza en establecimientos;2022;85
NAVARRA (COMUNIDAD FORAL DE);5.2.3.-Robos con fuerza en establecimientos;2021;66
NAVARRA (COMUNIDAD FORAL DE);5.2.3.-Robos con fuerza en establecimientos;2020;105
NAVARRA (COMUNIDAD FORAL DE);5.2.3.-Robos con fuerza en establecimientos;2019;131
NAVARRA (COMUNIDAD FORAL DE);5.2.3.-Robos con fuerza en establecimientos;2018;87
NAVARRA (COMUNIDAD FORAL DE);5.3.-Robos con violencia o intimidación;2024;158
NAVARRA (COMUNIDAD FORAL DE);5.3.-Robos con violencia o intimidación;2023;183
NAVARRA (COMUNIDAD FORAL DE);5.3.-Robos con violencia o intimidación;2022;177
NAVARRA (COMUNIDAD FORAL DE);5.3.-Robos con violencia o intimidación;2021;136
NAVARRA (COMUNIDAD FORAL DE);5.3.-Robos con violencia o intimidación;2020;102
NAVARRA (COMUNIDAD FORAL DE);5.3.-Robos con violencia o intimidación;2019;98
NAVARRA (COMUNIDAD FORAL DE);5.3.-Robos con violencia o intimidación;2018;69
NAVARRA (COMUNIDAD FORAL DE);5.3.1.-Robos con violencia en vía pública;2024;79
NAVARRA (COMUNIDAD FORAL DE);5.3.1.-Robos con violencia en vía pública;2023;124
NAVARRA (COMUNIDAD FORAL DE);5.3.1.-Robos con violencia en vía pública;2022;119
NAVARRA (COMUNIDAD FORAL DE);5.3.1.-Robos con violencia en vía pública;2021;86
NAVARRA (COMUNIDAD FORAL DE);5.3.1.-Robos con violencia en vía pública;2020;62
NAVARRA (COMUNIDAD FORAL DE);5.3.1.-Robos con violencia en vía pública;2019;51
NAVARRA (COMUNIDAD FORAL DE);5.3.1.-Robos con violencia en vía pública;2018;38
NAVARRA (COMUNIDAD FORAL DE);5.3.2.-Robos con violencia en viviendas;2024;18
NAVARRA (COMUNIDAD FORAL DE);5.3.2.-Robos con violencia en viviendas;2023;12
NAVARRA (COMUNIDAD FORAL DE);5.3.2.-Robos con violencia en viviendas;2022;14
NAVARRA (COMUNIDAD FORAL DE);5.3.2.-Robos con violencia en viviendas;2021;9
NAVARRA (COMUNIDAD FORAL DE);5.3.2.-Robos con violencia en viviendas;2020;9
NAVARRA (COMUNIDAD FORAL DE);5.3.2.-Robos con violencia en viviendas;2019;13
NAVARRA (COMUNIDAD FORAL DE);5.3.2.-Robos con violencia en viviendas;2018;5
NAVARRA (COMUNIDAD FORAL DE);5.3.3.-Robos con violencia en establecimientos;2024;47
NAVARRA (COMUNIDAD FORAL DE);5.3.3.-Robos con violencia en establecimientos;2023;31
NAVARRA (COMUNIDAD FORAL DE);5.3.3.-Robos con violencia en establecimientos;2022;30
NAVARRA (COMUNIDAD FORAL DE);5.3.3.-Robos con violencia en establecimientos;2021;30
NAVARRA (COMUNIDAD FORAL DE);5.3.3.-Robos con violencia en establecimientos;2020;20
NAVARRA (COMUNIDAD FORAL DE);5.3.3.-Robos con violencia en establecimientos;2019;24
NAVARRA (COMUNIDAD FORAL DE);5.3.3.-Robos con violencia en establecimientos;2018;18
NAVARRA (COMUNIDAD FORAL DE);5.4.-Sustracción de vehículos;2024;75
NAVARRA (COMUNIDAD FORAL DE);5.4.-Sustracción de vehículos;2023;58
NAVARRA (COMUNIDAD FORAL DE);5.4.-Sustracción de vehículos;2022;38
NAVARRA (COMUNIDAD FORAL DE);5.4.-Sustracción de vehículos;2021;43
NAVARRA (COMUNIDAD FORAL DE);5.4.-Sustracción de vehículos;2020;51
NAVARRA (COMUNIDAD FORAL DE);5.4.-Sustracción de vehículos;2019;77
NAVARRA (COMUNIDAD FORAL DE);5.4.-Sustracción de vehículos;2018;71
NAVARRA (COMUNIDAD FORAL DE);5.5.-Estafas;2024;813
NAVARRA (COMUNIDAD FORAL DE);5.5.-Estafas;2023;834
NAVARRA (COMUNIDAD FORAL DE);5.5.-Estafas;2022;742
NAVARRA (COMUNIDAD FORAL DE);5.5.-Estafas;2021;837
NAVARRA (COMUNIDAD FORAL DE);5.5.-Estafas;2020;825
NAVARRA (COMUNIDAD FORAL DE);5.5.-Estafas;2019;625
NAVARRA (COMUNIDAD FORAL DE);5.5.-Estafas;2018;575
NAVARRA (COMUNIDAD FORAL DE);5.5.1.-Estafas informáticas;2024;489
NAVARRA (COMUNIDAD FORAL DE);5.5.1.-Estafas informáticas;2023;573
NAVARRA (COMUNIDAD FORAL DE);5.5.1.-Estafas informáticas;2022;420
NAVARRA (COMUNIDAD FORAL DE);5.5.1.-Estafas informáticas;2021;452
NAVARRA (COMUNIDAD FORAL DE);5.5.1.-Estafas informáticas;2020;442
NAVARRA (COMUNIDAD FORAL DE);5.5.1.-Estafas informáticas;2019;238
NAVARRA (COMUNIDAD FORAL DE);5.5.1.-Estafas informáticas;2018;226
NAVARRA (COMUNIDAD FORAL DE);5.6.-Daños;2024;451
NAVARRA (COMUNIDAD FORAL DE);5.6.-Daños;2023;445
NAVARRA (COMUNIDAD FORAL DE);5.6.-Daños;2022;541
NAVARRA (COMUNIDAD FORAL DE);5.6.-Daños;2021;468
NAVARRA (COMUNIDAD FORAL DE);5.6.-Daños;2020;398
NAVARRA (COMUNIDAD FORAL DE);5.6.-Daños;2019;393
NAVARRA (COMUNIDAD FORAL DE);5.6.-Daños;2018;416
NAVARRA (COMUNIDAD FORAL DE);5.7.-Contra la propiedad intelectual/industrial;2024;57
NAVARRA (COMUNIDAD FORAL DE);5.7.-Contra la propiedad intelectual/industrial;2023;40
NAVARRA (COMUNIDAD FORAL DE);5.7.-Contra la propiedad intelectual/industrial;2022;12
NAVARRA (COMUNIDAD FORAL DE);5.7.-Contra la propiedad intelectual/industrial;2021;8
NAVARRA (COMUNIDAD FORAL DE);5.7.-Contra la propiedad intelectual/industrial;2020;6
NAVARRA (COMUNIDAD FORAL DE);5.7.-Contra la propiedad intelectual/industrial;2019;20
NAVARRA (COMUNIDAD FORAL DE);5.7.-Contra la propiedad intelectual/industrial;2018;29
NAVARRA (COMUNIDAD FORAL DE);5.8.-Blanqueo de capitales;2024;49
NAVARRA (COMUNIDAD FORAL DE);5.8.-Blanqueo de capitales;2023;22
NAVARRA (COMUNIDAD FORAL DE);5.8.-Blanqueo de capitales;2022;7
NAVARRA (COMUNIDAD FORAL DE);5.8.-Blanqueo de capitales;2021;8
NAVARRA (COMUNIDAD FORAL DE);5.8.-Blanqueo de capitales;2020;2
NAVARRA (COMUNIDAD FORAL DE);5.8.-Blanqueo de capitales;2019;2
NAVARRA (COMUNIDAD FORAL DE);5.8.-Blanqueo de capitales;2018;2
NAVARRA (COMUNIDAD FORAL DE);5.9.-Otros contra el patrimonio;2024;430
NAVARRA (COMUNIDAD FORAL DE);5.9.-Otros contra el patrimonio;2023;315
NAVARRA (COMUNIDAD FORAL DE);5.9.-Otros contra el patrimonio;2022;334
NAVARRA (COMUNIDAD FORAL DE);5.9.-Otros contra el patrimonio;2021;261
NAVARRA (COMUNIDAD FORAL DE);5.9.-Otros contra el patrimonio;2020;252
NAVARRA (COMUNIDAD FORAL DE);5.9.-Otros contra el patrimonio;2019;276
NAVARRA (COMUNIDAD FORAL DE);5.9.-Otros contra el patrimonio;2018;273
NAVARRA (COMUNIDAD FORAL DE);6. SEGURIDAD COLECTIVA;2024;1.661
NAVARRA (COMUNIDAD FORAL DE);6. SEGURIDAD COLECTIVA;2023;1.512
NAVARRA (COMUNIDAD FORAL DE);6. SEGURIDAD COLECTIVA;2022;1.671
NAVARRA (COMUNIDAD FORAL DE);6. SEGURIDAD COLECTIVA;2021;1.304
NAVARRA (COMUNIDAD FORAL DE);6. SEGURIDAD COLECTIVA;2020;1.122
NAVARRA (COMUNIDAD FORAL DE);6. SEGURIDAD COLECTIVA;2019;1.513
NAVARRA (COMUNIDAD FORAL DE);6. SEGURIDAD COLECTIVA;2018;1.438
NAVARRA (COMUNIDAD FORAL DE);6.1.-Tráfico de drogas;2024;220
NAVARRA (COMUNIDAD FORAL DE);6.1.-Tráfico de drogas;2023;154
NAVARRA (COMUNIDAD FORAL DE);6.1.-Tráfico de drogas;2022;142
NAVARRA (COMUNIDAD FORAL DE);6.1.-Tráfico de drogas;2021;142
NAVARRA (COMUNIDAD FORAL DE);6.1.-Tráfico de drogas;2020;147
NAVARRA (COMUNIDAD FORAL DE);6.1.-Tráfico de drogas;2019;147
NAVARRA (COMUNIDAD FORAL DE);6.1.-Tráfico de drogas;2018;136
NAVARRA (COMUNIDAD FORAL DE);6.2.-Contra la seguridad vial;2024;1.400
NAVARRA (COMUNIDAD FORAL DE);6.2.-Contra la seguridad vial;2023;1.324
NAVARRA (COMUNIDAD FORAL DE);6.2.-Contra la seguridad vial;2022;1.498
NAVARRA (COMUNIDAD FORAL DE);6.2.-Contra la seguridad vial;2021;1.143
NAVARRA (COMUNIDAD FORAL DE);6.2.-Contra la seguridad vial;2020;946
NAVARRA (COMUNIDAD FORAL DE);6.2.-Contra la seguridad vial;2019;1.326
NAVARRA (COMUNIDAD FORAL DE);6.2.-Contra la seguridad vial;2018;1.261
NAVARRA (COMUNIDAD FORAL DE);6.3.-Otros contra la seguridad colectiva;2024;41
NAVARRA (COMUNIDAD FORAL DE);6.3.-Otros contra la seguridad colectiva;2023;34
NAVARRA (COMUNIDAD FORAL DE);6.3.-Otros contra la seguridad colectiva;2022;31
NAVARRA (COMUNIDAD FORAL DE);6.3.-Otros contra la seguridad colectiva;2021;19
NAVARRA (COMUNIDAD FORAL DE);6.3.-Otros contra la seguridad colectiva;2020;29
NAVARRA (COMUNIDAD FORAL DE);6.3.-Otros contra la seguridad colectiva;2019;40
NAVARRA (COMUNIDAD FORAL DE);6.3.-Otros contra la seguridad colectiva;2018;41
NAVARRA (COMUNIDAD FORAL DE);7. FALSEDADES;2024;200
NAVARRA (COMUNIDAD FORAL DE);7. FALSEDADES;2023;207
NAVARRA (COMUNIDAD FORAL DE);7. FALSEDADES;2022;168
NAVARRA (COMUNIDAD FORAL DE);7. FALSEDADES;2021;256
NAVARRA (COMUNIDAD FORAL DE);7. FALSEDADES;2020;167
NAVARRA (COMUNIDAD FORAL DE);7. FALSEDADES;2019;161
NAVARRA (COMUNIDAD FORAL DE);7. FALSEDADES;2018;154
NAVARRA (COMUNIDAD FORAL DE);8. ADMÓN. PÚBLICA;2024;11
NAVARRA (COMUNIDAD FORAL DE);8. ADMÓN. PÚBLICA;2023;9
NAVARRA (COMUNIDAD FORAL DE);8. ADMÓN. PÚBLICA;2022;4
NAVARRA (COMUNIDAD FORAL DE);8. ADMÓN. PÚBLICA;2021;6
NAVARRA (COMUNIDAD FORAL DE);8. ADMÓN. PÚBLICA;2020;2
NAVARRA (COMUNIDAD FORAL DE);8. ADMÓN. PÚBLICA;2019;4
NAVARRA (COMUNIDAD FORAL DE);8. ADMÓN. PÚBLICA;2018;4
NAVARRA (COMUNIDAD FORAL DE);9. ADMÓN. JUSTICIA;2024;631
NAVARRA (COMUNIDAD FORAL DE);9. ADMÓN. JUSTICIA;2023;463
NAVARRA (COMUNIDAD FORAL DE);9. ADMÓN. JUSTICIA;2022;483
NAVARRA (COMUNIDAD FORAL DE);9. ADMÓN. JUSTICIA;2021;376
NAVARRA (COMUNIDAD FORAL DE);9. ADMÓN. JUSTICIA;2020;381
NAVARRA (COMUNIDAD FORAL DE);9. ADMÓN. JUSTICIA;2019;393
NAVARRA (COMUNIDAD FORAL DE);9. ADMÓN. JUSTICIA;2018;378
NAVARRA (COMUNIDAD FORAL DE);10. ORDEN PÚBLICO;2024;600
NAVARRA (COMUNIDAD FORAL DE);10. ORDEN PÚBLICO;2023;519
NAVARRA (COMUNIDAD FORAL DE);10. ORDEN PÚBLICO;2022;520
NAVARRA (COMUNIDAD FORAL DE);10. ORDEN PÚBLICO;2021;432
NAVARRA (COMUNIDAD FORAL DE);10. ORDEN PÚBLICO;2020;417
NAVARRA (COMUNIDAD FORAL DE);10. ORDEN PÚBLICO;2019;353
NAVARRA (COMUNIDAD FORAL DE);10. ORDEN PÚBLICO;2018;299
NAVARRA (COMUNIDAD FORAL DE);11. LEGISLACIÓN ESPECIAL;2024;1
NAVARRA (COMUNIDAD FORAL DE);11. LEGISLACIÓN ESPECIAL;2023;0
NAVARRA (COMUNIDAD FORAL DE);11. LEGISLACIÓN ESPECIAL;2022;5
NAVARRA (COMUNIDAD FORAL DE);11. LEGISLACIÓN ESPECIAL;2021;0
NAVARRA (COMUNIDAD FORAL DE);11. LEGISLACIÓN ESPECIAL;2020;0
NAVARRA (COMUNIDAD FORAL DE);11. LEGISLACIÓN ESPECIAL;2019;0
NAVARRA (COMUNIDAD FORAL DE);11. LEGISLACIÓN ESPECIAL;2018;1
NAVARRA (COMUNIDAD FORAL DE);12. OTRAS INFRACCIONES PENALES;2024;124
NAVARRA (COMUNIDAD FORAL DE);12. OTRAS INFRACCIONES PENALES;2023;98
NAVARRA (COMUNIDAD FORAL DE);12. OTRAS INFRACCIONES PENALES;2022;102
NAVARRA (COMUNIDAD FORAL DE);12. OTRAS INFRACCIONES PENALES;2021;107
NAVARRA (COMUNIDAD FORAL DE);12. OTRAS INFRACCIONES PENALES;2020;86
NAVARRA (COMUNIDAD FORAL DE);12. OTRAS INFRACCIONES PENALES;2019;87
NAVARRA (COMUNIDAD FORAL DE);12. OTRAS INFRACCIONES PENALES;2018;102
NAVARRA (COMUNIDAD FORAL DE);TOTAL INFRACCIONES PENALES;2024;12.062
NAVARRA (COMUNIDAD FORAL DE);TOTAL INFRACCIONES PENALES;2023;11.264
NAVARRA (COMUNIDAD FORAL DE);TOTAL INFRACCIONES PENALES;2022;10.976
NAVARRA (COMUNIDAD FORAL DE);TOTAL INFRACCIONES PENALES;2021;9.218
NAVARRA (COMUNIDAD FORAL DE);TOTAL INFRACCIONES PENALES;2020;8.129
NAVARRA (COMUNIDAD FORAL DE);TOTAL INFRACCIONES PENALES;2019;9.232
NAVARRA (COMUNIDAD FORAL DE);TOTAL INFRACCIONES PENALES;2018;8.642
PAÍS VASCO;1. CONTRA LAS PERSONAS;2024;53
PAÍS VASCO;1. CONTRA LAS PERSONAS;2023;37
PAÍS VASCO;1. CONTRA LAS PERSONAS;2022;33
PAÍS VASCO;1. CONTRA LAS PERSONAS;2021;21
PAÍS VASCO;1. CONTRA LAS PERSONAS;2020;21
PAÍS VASCO;1. CONTRA LAS PERSONAS;2019;29
PAÍS VASCO;1. CONTRA LAS PERSONAS;2018;21
PAÍS VASCO;1.1.-Homicidios dolosos/asesinatos;2024;0
PAÍS VASCO;1.1.-Homicidios dolosos/asesinatos;2023;1
PAÍS VASCO;1.1.-Homicidios dolosos/asesinatos;2022;0
PAÍS VASCO;1.1.-Homicidios dolosos/asesinatos;2021;0
PAÍS VASCO;1.1.-Homicidios dolosos/asesinatos;2020;0
PAÍS VASCO;1.1.-Homicidios dolosos/asesinatos;2019;1
PAÍS VASCO;1.1.-Homicidios dolosos/asesinatos;2018;0
PAÍS VASCO;1.1.1.-Homicidios dolosos/asesinatos consumados;2024;0
PAÍS VASCO;1.1.1.-Homicidios dolosos/asesinatos consumados;2023;1
PAÍS VASCO;1.1.1.-Homicidios dolosos/asesinatos consumados;2022;0
PAÍS VASCO;1.1.1.-Homicidios dolosos/asesinatos consumados;2021;0
PAÍS VASCO;1.1.1.-Homicidios dolosos/asesinatos consumados;2020;0
PAÍS VASCO;1.1.1.-Homicidios dolosos/asesinatos consumados;2019;0
PAÍS VASCO;1.1.1.-Homicidios dolosos/asesinatos consumados;2018;0
PAÍS VASCO;1.2.-Lesiones;2024;20
PAÍS VASCO;1.2.-Lesiones;2023;9
PAÍS VASCO;1.2.-Lesiones;2022;12
PAÍS VASCO;1.2.-Lesiones;2021;6
PAÍS VASCO;1.2.-Lesiones;2020;5
PAÍS VASCO;1.2.-Lesiones;2019;1
PAÍS VASCO;1.2.-Lesiones;2018;5
PAÍS VASCO;1.3.-Malos tratos ámbito familiar;2024;31
PAÍS VASCO;1.3.-Malos tratos ámbito familiar;2023;25
PAÍS VASCO;1.3.-Malos tratos ámbito familiar;2022;21
PAÍS VASCO;1.3.-Malos tratos ámbito familiar;2021;15
PAÍS VASCO;1.3.-Malos tratos ámbito familiar;2020;16
PAÍS VASCO;1.3.-Malos tratos ámbito familiar;2019;27
PAÍS VASCO;1.3.-Malos tratos ámbito familiar;2018;14
PAÍS VASCO;1.4.-Otros contra las personas;2024;2
PAÍS VASCO;1.4.-Otros contra las personas;2023;2
PAÍS VASCO;1.4.-Otros contra las personas;2022;0
PAÍS VASCO;1.4.-Otros contra las personas;2021;0
PAÍS VASCO;1.4.-Otros contra las personas;2020;0
PAÍS VASCO;1.4.-Otros contra las personas;2019;0
PAÍS VASCO;1.4.-Otros contra las personas;2018;2
PAÍS VASCO;2. CONTRA LA LIBERTAD;2024;54
PAÍS VASCO;2. CONTRA LA LIBERTAD;2023;41
PAÍS VASCO;2. CONTRA LA LIBERTAD;2022;42
PAÍS VASCO;2. CONTRA LA LIBERTAD;2021;41
PAÍS VASCO;2. CONTRA LA LIBERTAD;2020;36
PAÍS VASCO;2. CONTRA LA LIBERTAD;2019;72
PAÍS VASCO;2. CONTRA LA LIBERTAD;2018;38
PAÍS VASCO;2.1.-Malos tratos habituales en el ámbito familiar;2024;9
PAÍS VASCO;2.1.-Malos tratos habituales en el ámbito familiar;2023;3
PAÍS VASCO;2.1.-Malos tratos habituales en el ámbito familiar;2022;6
PAÍS VASCO;2.1.-Malos tratos habituales en el ámbito familiar;2021;9
PAÍS VASCO;2.1.-Malos tratos habituales en el ámbito familiar;2020;6
PAÍS VASCO;2.1.-Malos tratos habituales en el ámbito familiar;2019;4
PAÍS VASCO;2.1.-Malos tratos habituales en el ámbito familiar;2018;1
PAÍS VASCO;2.2.-Otros contra la libertad;2024;45
PAÍS VASCO;2.2.-Otros contra la libertad;2023;38
PAÍS VASCO;2.2.-Otros contra la libertad;2022;36
PAÍS VASCO;2.2.-Otros contra la libertad;2021;32
PAÍS VASCO;2.2.-Otros contra la libertad;2020;30
PAÍS VASCO;2.2.-Otros contra la libertad;2019;68
PAÍS VASCO;2.2.-Otros contra la libertad;2018;37
PAÍS VASCO;3. LIBERTAD SEXUAL;2024;25
PAÍS VASCO;3. LIBERTAD SEXUAL;2023;55
PAÍS VASCO;3. LIBERTAD SEXUAL;2022;26
PAÍS VASCO;3. LIBERTAD SEXUAL;2021;27
PAÍS VASCO;3. LIBERTAD SEXUAL;2020;69
PAÍS VASCO;3. LIBERTAD SEXUAL;2019;46
PAÍS VASCO;3. LIBERTAD SEXUAL;2018;33
PAÍS VASCO;3.1.-Agresión sexual;2024;6
PAÍS VASCO;3.1.-Agresión sexual;2023;23
PAÍS VASCO;3.1.-Agresión sexual;2022;8
PAÍS VASCO;3.1.-Agresión sexual;2021;5
PAÍS VASCO;3.1.-Agresión sexual;2020;22
PAÍS VASCO;3.1.-Agresión sexual;2019;5
PAÍS VASCO;3.1.-Agresión sexual;2018;6
PAÍS VASCO;3.2.-Agresión sexual con penetración;2024;1
PAÍS VASCO;3.2.-Agresión sexual con penetración;2023;3
PAÍS VASCO;3.2.-Agresión sexual con penetración;2022;6
PAÍS VASCO;3.2.-Agresión sexual con penetración;2021;2
PAÍS VASCO;3.2.-Agresión sexual con penetración;2020;1
PAÍS VASCO;3.2.-Agresión sexual con penetración;2019;1
PAÍS VASCO;3.2.-Agresión sexual con penetración;2018;4
PAÍS VASCO;3.3.-Corrupción de menores o incapacitados;2024;0
PAÍS VASCO;3.3.-Corrupción de menores o incapacitados;2023;1
PAÍS VASCO;3.3.-Corrupción de menores o incapacitados;2022;0
PAÍS VASCO;3.3.-Corrupción de menores o incapacitados;2021;2
PAÍS VASCO;3.3.-Corrupción de menores o incapacitados;2020;13
PAÍS VASCO;3.3.-Corrupción de menores o incapacitados;2019;1
PAÍS VASCO;3.3.-Corrupción de menores o incapacitados;2018;0
PAÍS VASCO;3.4.-Pornografía de menores;2024;13
PAÍS VASCO;3.4.-Pornografía de menores;2023;23
PAÍS VASCO;3.4.-Pornografía de menores;2022;9
PAÍS VASCO;3.4.-Pornografía de menores;2021;18
PAÍS VASCO;3.4.-Pornografía de menores;2020;12
PAÍS VASCO;3.4.-Pornografía de menores;2019;22
PAÍS VASCO;3.4.-Pornografía de menores;2018;22
PAÍS VASCO;3.5.-Otros contra la libertad sexual;2024;5
PAÍS VASCO;3.5.-Otros contra la libertad sexual;2023;5
PAÍS VASCO;3.5.-Otros contra la libertad sexual;2022;3
PAÍS VASCO;3.5.-Otros contra la libertad sexual;2021;0
PAÍS VASCO;3.5.-Otros contra la libertad sexual;2020;21
PAÍS VASCO;3.5.-Otros contra la libertad sexual;2019;17
PAÍS VASCO;3.5.-Otros contra la libertad sexual;2018;1
PAÍS VASCO;4. RELACIONES FAMILIARES;2024;10
PAÍS VASCO;4. RELACIONES FAMILIARES;2023;8
PAÍS VASCO;4. RELACIONES FAMILIARES;2022;4
PAÍS VASCO;4. RELACIONES FAMILIARES;2021;3
PAÍS VASCO;4. RELACIONES FAMILIARES;2020;6
PAÍS VASCO;4. RELACIONES FAMILIARES;2019;12
PAÍS VASCO;4. RELACIONES FAMILIARES;2018;13
PAÍS VASCO;5. PATRIMONIO;2024;610
PAÍS VASCO;5. PATRIMONIO;2023;475
PAÍS VASCO;5. PATRIMONIO;2022;753
PAÍS VASCO;5. PATRIMONIO;2021;504
PAÍS VASCO;5. PATRIMONIO;2020;450
PAÍS VASCO;5. PATRIMONIO;2019;329
PAÍS VASCO;5. PATRIMONIO;2018;279
PAÍS VASCO;5.1.-Hurtos;2024;32
PAÍS VASCO;5.1.-Hurtos;2023;25
PAÍS VASCO;5.1.-Hurtos;2022;38
PAÍS VASCO;5.1.-Hurtos;2021;8
PAÍS VASCO;5.1.-Hurtos;2020;12
PAÍS VASCO;5.1.-Hurtos;2019;41
PAÍS VASCO;5.1.-Hurtos;2018;11
PAÍS VASCO;5.2.-Robos con fuerza en las cosas;2024;7
PAÍS VASCO;5.2.-Robos con fuerza en las cosas;2023;18
PAÍS VASCO;5.2.-Robos con fuerza en las cosas;2022;1
PAÍS VASCO;5.2.-Robos con fuerza en las cosas;2021;4
PAÍS VASCO;5.2.-Robos con fuerza en las cosas;2020;23
PAÍS VASCO;5.2.-Robos con fuerza en las cosas;2019;9
PAÍS VASCO;5.2.-Robos con fuerza en las cosas;2018;5
PAÍS VASCO;5.2.1.-Robos con fuerza en las cosas en el interior de vehículos;2024;1
PAÍS VASCO;5.2.1.-Robos con fuerza en las cosas en el interior de vehículos;2023;2
PAÍS VASCO;5.2.1.-Robos con fuerza en las cosas en el interior de vehículos;2022;0
PAÍS VASCO;5.2.1.-Robos con fuerza en las cosas en el interior de vehículos;2021;2
PAÍS VASCO;5.2.1.-Robos con fuerza en las cosas en el interior de vehículos;2020;0
PAÍS VASCO;5.2.1.-Robos con fuerza en las cosas en el interior de vehículos;2019;1
PAÍS VASCO;5.2.1.-Robos con fuerza en las cosas en el interior de vehículos;2018;0
PAÍS VASCO;5.2.2.-Robos con fuerza en viviendas;2024;4
PAÍS VASCO;5.2.2.-Robos con fuerza en viviendas;2023;3
PAÍS VASCO;5.2.2.-Robos con fuerza en viviendas;2022;0
PAÍS VASCO;5.2.2.-Robos con fuerza en viviendas;2021;0
PAÍS VASCO;5.2.2.-Robos con fuerza en viviendas;2020;18
PAÍS VASCO;5.2.2.-Robos con fuerza en viviendas;2019;1
PAÍS VASCO;5.2.2.-Robos con fuerza en viviendas;2018;0
PAÍS VASCO;5.2.3.-Robos con fuerza en establecimientos;2024;0
PAÍS VASCO;5.2.3.-Robos con fuerza en establecimientos;2023;6
PAÍS VASCO;5.2.3.-Robos con fuerza en establecimientos;2022;0
PAÍS VASCO;5.2.3.-Robos con fuerza en establecimientos;2021;1
PAÍS VASCO;5.2.3.-Robos con fuerza en establecimientos;2020;1
PAÍS VASCO;5.2.3.-Robos con fuerza en establecimientos;2019;3
PAÍS VASCO;5.2.3.-Robos con fuerza en establecimientos;2018;3
PAÍS VASCO;5.3.-Robos con violencia o intimidación;2024;4
PAÍS VASCO;5.3.-Robos con violencia o intimidación;2023;6
PAÍS VASCO;5.3.-Robos con violencia o intimidación;2022;3
PAÍS VASCO;5.3.-Robos con violencia o intimidación;2021;1
PAÍS VASCO;5.3.-Robos con violencia o intimidación;2020;2
PAÍS VASCO;5.3.-Robos con violencia o intimidación;2019;5
PAÍS VASCO;5.3.-Robos con violencia o intimidación;2018;1
PAÍS VASCO;5.3.1.-Robos con violencia en vía pública;2024;2
PAÍS VASCO;5.3.1.-Robos con violencia en vía pública;2023;3
PAÍS VASCO;5.3.1.-Robos con violencia en vía pública;2022;1
PAÍS VASCO;5.3.1.-Robos con violencia en vía pública;2021;1
PAÍS VASCO;5.3.1.-Robos con violencia en vía pública;2020;0
PAÍS VASCO;5.3.1.-Robos con violencia en vía pública;2019;1
PAÍS VASCO;5.3.1.-Robos con violencia en vía pública;2018;1
PAÍS VASCO;5.3.2.-Robos con violencia en viviendas;2024;0
PAÍS VASCO;5.3.2.-Robos con violencia en viviendas;2023;0
PAÍS VASCO;5.3.2.-Robos con violencia en viviendas;2022;0
PAÍS VASCO;5.3.2.-Robos con violencia en viviendas;2021;0
PAÍS VASCO;5.3.2.-Robos con violencia en viviendas;2020;0
PAÍS VASCO;5.3.2.-Robos con violencia en viviendas;2019;0
PAÍS VASCO;5.3.2.-Robos con violencia en viviendas;2018;0
PAÍS VASCO;5.3.3.-Robos con violencia en establecimientos;2024;0
PAÍS VASCO;5.3.3.-Robos con violencia en establecimientos;2023;1
PAÍS VASCO;5.3.3.-Robos con violencia en establecimientos;2022;1
PAÍS VASCO;5.3.3.-Robos con violencia en establecimientos;2021;0
PAÍS VASCO;5.3.3.-Robos con violencia en establecimientos;2020;0
PAÍS VASCO;5.3.3.-Robos con violencia en establecimientos;2019;1
PAÍS VASCO;5.3.3.-Robos con violencia en establecimientos;2018;0
PAÍS VASCO;5.4.-Sustracción de vehículos;2024;53
PAÍS VASCO;5.4.-Sustracción de vehículos;2023;62
PAÍS VASCO;5.4.-Sustracción de vehículos;2022;48
PAÍS VASCO;5.4.-Sustracción de vehículos;2021;45
PAÍS VASCO;5.4.-Sustracción de vehículos;2020;33
PAÍS VASCO;5.4.-Sustracción de vehículos;2019;38
PAÍS VASCO;5.4.-Sustracción de vehículos;2018;44
PAÍS VASCO;5.5.-Estafas;2024;380
PAÍS VASCO;5.5.-Estafas;2023;277
PAÍS VASCO;5.5.-Estafas;2022;367
PAÍS VASCO;5.5.-Estafas;2021;394
PAÍS VASCO;5.5.-Estafas;2020;342
PAÍS VASCO;5.5.-Estafas;2019;200
PAÍS VASCO;5.5.-Estafas;2018;185
PAÍS VASCO;5.5.1.-Estafas informáticas;2024;310
PAÍS VASCO;5.5.1.-Estafas informáticas;2023;235
PAÍS VASCO;5.5.1.-Estafas informáticas;2022;302
PAÍS VASCO;5.5.1.-Estafas informáticas;2021;322
PAÍS VASCO;5.5.1.-Estafas informáticas;2020;273
PAÍS VASCO;5.5.1.-Estafas informáticas;2019;133
PAÍS VASCO;5.5.1.-Estafas informáticas;2018;123
PAÍS VASCO;5.6.-Daños;2024;41
PAÍS VASCO;5.6.-Daños;2023;12
PAÍS VASCO;5.6.-Daños;2022;240
PAÍS VASCO;5.6.-Daños;2021;8
PAÍS VASCO;5.6.-Daños;2020;6
PAÍS VASCO;5.6.-Daños;2019;4
PAÍS VASCO;5.6.-Daños;2018;4
PAÍS VASCO;5.7.-Contra la propiedad intelectual/industrial;2024;48
PAÍS VASCO;5.7.-Contra la propiedad intelectual/industrial;2023;33
PAÍS VASCO;5.7.-Contra la propiedad intelectual/industrial;2022;27
PAÍS VASCO;5.7.-Contra la propiedad intelectual/industrial;2021;7
PAÍS VASCO;5.7.-Contra la propiedad intelectual/industrial;2020;1
PAÍS VASCO;5.7.-Contra la propiedad intelectual/industrial;2019;4
PAÍS VASCO;5.7.-Contra la propiedad intelectual/industrial;2018;3
PAÍS VASCO;5.8.-Blanqueo de capitales;2024;16
PAÍS VASCO;5.8.-Blanqueo de capitales;2023;11
PAÍS VASCO;5.8.-Blanqueo de capitales;2022;4
PAÍS VASCO;5.8.-Blanqueo de capitales;2021;4
PAÍS VASCO;5.8.-Blanqueo de capitales;2020;6
PAÍS VASCO;5.8.-Blanqueo de capitales;2019;2
PAÍS VASCO;5.8.-Blanqueo de capitales;2018;2
PAÍS VASCO;5.9.-Otros contra el patrimonio;2024;29
PAÍS VASCO;5.9.-Otros contra el patrimonio;2023;31
PAÍS VASCO;5.9.-Otros contra el patrimonio;2022;25
PAÍS VASCO;5.9.-Otros contra el patrimonio;2021;33
PAÍS VASCO;5.9.-Otros contra el patrimonio;2020;25
PAÍS VASCO;5.9.-Otros contra el patrimonio;2019;26
PAÍS VASCO;5.9.-Otros contra el patrimonio;2018;24
PAÍS VASCO;6. SEGURIDAD COLECTIVA;2024;213
PAÍS VASCO;6. SEGURIDAD COLECTIVA;2023;69
PAÍS VASCO;6. SEGURIDAD COLECTIVA;2022;73
PAÍS VASCO;6. SEGURIDAD COLECTIVA;2021;71
PAÍS VASCO;6. SEGURIDAD COLECTIVA;2020;61
PAÍS VASCO;6. SEGURIDAD COLECTIVA;2019;53
PAÍS VASCO;6. SEGURIDAD COLECTIVA;2018;63
PAÍS VASCO;6.1.-Tráfico de drogas;2024;191
PAÍS VASCO;6.1.-Tráfico de drogas;2023;53
PAÍS VASCO;6.1.-Tráfico de drogas;2022;60
PAÍS VASCO;6.1.-Tráfico de drogas;2021;58
PAÍS VASCO;6.1.-Tráfico de drogas;2020;53
PAÍS VASCO;6.1.-Tráfico de drogas;2019;49
PAÍS VASCO;6.1.-Tráfico de drogas;2018;55
PAÍS VASCO;6.2.-Contra la seguridad vial;2024;3
PAÍS VASCO;6.2.-Contra la seguridad vial;2023;8
PAÍS VASCO;6.2.-Contra la seguridad vial;2022;3
PAÍS VASCO;6.2.-Contra la seguridad vial;2021;7
PAÍS VASCO;6.2.-Contra la seguridad vial;2020;5
PAÍS VASCO;6.2.-Contra la seguridad vial;2019;3
PAÍS VASCO;6.2.-Contra la seguridad vial;2018;2
PAÍS VASCO;6.3.-Otros contra la seguridad colectiva;2024;19
PAÍS VASCO;6.3.-Otros contra la seguridad colectiva;2023;8
PAÍS VASCO;6.3.-Otros contra la seguridad colectiva;2022;10
PAÍS VASCO;6.3.-Otros contra la seguridad colectiva;2021;6
PAÍS VASCO;6.3.-Otros contra la seguridad colectiva;2020;3
PAÍS VASCO;6.3.-Otros contra la seguridad colectiva;2019;1
PAÍS VASCO;6.3.-Otros contra la seguridad colectiva;2018;6
PAÍS VASCO;7. FALSEDADES;2024;116
PAÍS VASCO;7. FALSEDADES;2023;115
PAÍS VASCO;7. FALSEDADES;2022;164
PAÍS VASCO;7. FALSEDADES;2021;162
PAÍS VASCO;7. FALSEDADES;2020;132
PAÍS VASCO;7. FALSEDADES;2019;189
PAÍS VASCO;7. FALSEDADES;2018;158
PAÍS VASCO;8. ADMÓN. PÚBLICA;2024;1
PAÍS VASCO;8. ADMÓN. PÚBLICA;2023;4
PAÍS VASCO;8. ADMÓN. PÚBLICA;2022;3
PAÍS VASCO;8. ADMÓN. PÚBLICA;2021;1
PAÍS VASCO;8. ADMÓN. PÚBLICA;2020;2
PAÍS VASCO;8. ADMÓN. PÚBLICA;2019;2
PAÍS VASCO;8. ADMÓN. PÚBLICA;2018;3
PAÍS VASCO;9. ADMÓN. JUSTICIA;2024;24
PAÍS VASCO;9. ADMÓN. JUSTICIA;2023;32
PAÍS VASCO;9. ADMÓN. JUSTICIA;2022;29
PAÍS VASCO;9. ADMÓN. JUSTICIA;2021;32
PAÍS VASCO;9. ADMÓN. JUSTICIA;2020;19
PAÍS VASCO;9. ADMÓN. JUSTICIA;2019;31
PAÍS VASCO;9. ADMÓN. JUSTICIA;2018;34
PAÍS VASCO;10. ORDEN PÚBLICO;2024;31
PAÍS VASCO;10. ORDEN PÚBLICO;2023;31
PAÍS VASCO;10. ORDEN PÚBLICO;2022;25
PAÍS VASCO;10. ORDEN PÚBLICO;2021;38
PAÍS VASCO;10. ORDEN PÚBLICO;2020;24
PAÍS VASCO;10. ORDEN PÚBLICO;2019;19
PAÍS VASCO;10. ORDEN PÚBLICO;2018;33
PAÍS VASCO;11. LEGISLACIÓN ESPECIAL;2024;3
PAÍS VASCO;11. LEGISLACIÓN ESPECIAL;2023;7
PAÍS VASCO;11. LEGISLACIÓN ESPECIAL;2022;1
PAÍS VASCO;11. LEGISLACIÓN ESPECIAL;2021;2
PAÍS VASCO;11. LEGISLACIÓN ESPECIAL;2020;0
PAÍS VASCO;11. LEGISLACIÓN ESPECIAL;2019;1
PAÍS VASCO;11. LEGISLACIÓN ESPECIAL;2018;0
PAÍS VASCO;12. OTRAS INFRACCIONES PENALES;2024;55
PAÍS VASCO;12. OTRAS INFRACCIONES PENALES;2023;44
PAÍS VASCO;12. OTRAS INFRACCIONES PENALES;2022;34
PAÍS VASCO;12. OTRAS INFRACCIONES PENALES;2021;39
PAÍS VASCO;12. OTRAS INFRACCIONES PENALES;2020;25
PAÍS VASCO;12. OTRAS INFRACCIONES PENALES;2019;42
PAÍS VASCO;12. OTRAS INFRACCIONES PENALES;2018;33
PAÍS VASCO;TOTAL INFRACCIONES PENALES;2024;1.195
PAÍS VASCO;TOTAL INFRACCIONES PENALES;2023;918
PAÍS VASCO;TOTAL INFRACCIONES PENALES;2022;1.187
PAÍS VASCO;TOTAL INFRACCIONES PENALES;2021;941
PAÍS VASCO;TOTAL INFRACCIONES PENALES;2020;845
PAÍS VASCO;TOTAL INFRACCIONES PENALES;2019;825
PAÍS VASCO;TOTAL INFRACCIONES PENALES;2018;708
RIOJA (LA);1. CONTRA LAS PERSONAS;2024;1.304
RIOJA (LA);1. CONTRA LAS PERSONAS;2023;1.381
RIOJA (LA);1. CONTRA LAS PERSONAS;2022;1.250
RIOJA (LA);1. CONTRA LAS PERSONAS;2021;1.064
RIOJA (LA);1. CONTRA LAS PERSONAS;2020;864
RIOJA (LA);1. CONTRA LAS PERSONAS;2019;949
RIOJA (LA);1. CONTRA LAS PERSONAS;2018;960
RIOJA (LA);1.1.-Homicidios dolosos/asesinatos;2024;14
RIOJA (LA);1.1.-Homicidios dolosos/asesinatos;2023;15
RIOJA (LA);1.1.-Homicidios dolosos/asesinatos;2022;9
RIOJA (LA);1.1.-Homicidios dolosos/asesinatos;2021;9
RIOJA (LA);1.1.-Homicidios dolosos/asesinatos;2020;5
RIOJA (LA);1.1.-Homicidios dolosos/asesinatos;2019;6
RIOJA (LA);1.1.-Homicidios dolosos/asesinatos;2018;2
RIOJA (LA);1.1.1.-Homicidios dolosos/asesinatos consumados;2024;5
RIOJA (LA);1.1.1.-Homicidios dolosos/asesinatos consumados;2023;3
RIOJA (LA);1.1.1.-Homicidios dolosos/asesinatos consumados;2022;1
RIOJA (LA);1.1.1.-Homicidios dolosos/asesinatos consumados;2021;5
RIOJA (LA);1.1.1.-Homicidios dolosos/asesinatos consumados;2020;3
RIOJA (LA);1.1.1.-Homicidios dolosos/asesinatos consumados;2019;1
RIOJA (LA);1.1.1.-Homicidios dolosos/asesinatos consumados;2018;0
RIOJA (LA);1.2.-Lesiones;2024;645
RIOJA (LA);1.2.-Lesiones;2023;637
RIOJA (LA);1.2.-Lesiones;2022;647
RIOJA (LA);1.2.-Lesiones;2021;556
RIOJA (LA);1.2.-Lesiones;2020;426
RIOJA (LA);1.2.-Lesiones;2019;482
RIOJA (LA);1.2.-Lesiones;2018;468
RIOJA (LA);1.3.-Malos tratos ámbito familiar;2024;605
RIOJA (LA);1.3.-Malos tratos ámbito familiar;2023;688
RIOJA (LA);1.3.-Malos tratos ámbito familiar;2022;559
RIOJA (LA);1.3.-Malos tratos ámbito familiar;2021;483
RIOJA (LA);1.3.-Malos tratos ámbito familiar;2020;414
RIOJA (LA);1.3.-Malos tratos ámbito familiar;2019;449
RIOJA (LA);1.3.-Malos tratos ámbito familiar;2018;480
RIOJA (LA);1.4.-Otros contra las personas;2024;40
RIOJA (LA);1.4.-Otros contra las personas;2023;41
RIOJA (LA);1.4.-Otros contra las personas;2022;35
RIOJA (LA);1.4.-Otros contra las personas;2021;16
RIOJA (LA);1.4.-Otros contra las personas;2020;19
RIOJA (LA);1.4.-Otros contra las personas;2019;12
RIOJA (LA);1.4.-Otros contra las personas;2018;10
RIOJA (LA);2. CONTRA LA LIBERTAD;2024;643
RIOJA (LA);2. CONTRA LA LIBERTAD;2023;645
RIOJA (LA);2. CONTRA LA LIBERTAD;2022;604
RIOJA (LA);2. CONTRA LA LIBERTAD;2021;577
RIOJA (LA);2. CONTRA LA LIBERTAD;2020;419
RIOJA (LA);2. CONTRA LA LIBERTAD;2019;421
RIOJA (LA);2. CONTRA LA LIBERTAD;2018;418
RIOJA (LA);2.1.-Malos tratos habituales en el ámbito familiar;2024;82
RIOJA (LA);2.1.-Malos tratos habituales en el ámbito familiar;2023;93
RIOJA (LA);2.1.-Malos tratos habituales en el ámbito familiar;2022;95
RIOJA (LA);2.1.-Malos tratos habituales en el ámbito familiar;2021;91
RIOJA (LA);2.1.-Malos tratos habituales en el ámbito familiar;2020;73
RIOJA (LA);2.1.-Malos tratos habituales en el ámbito familiar;2019;66
RIOJA (LA);2.1.-Malos tratos habituales en el ámbito familiar;2018;49
RIOJA (LA);2.2.-Otros contra la libertad;2024;561
RIOJA (LA);2.2.-Otros contra la libertad;2023;552
RIOJA (LA);2.2.-Otros contra la libertad;2022;509
RIOJA (LA);2.2.-Otros contra la libertad;2021;486
RIOJA (LA);2.2.-Otros contra la libertad;2020;346
RIOJA (LA);2.2.-Otros contra la libertad;2019;355
RIOJA (LA);2.2.-Otros contra la libertad;2018;369
RIOJA (LA);3. LIBERTAD SEXUAL;2024;105
RIOJA (LA);3. LIBERTAD SEXUAL;2023;110
RIOJA (LA);3. LIBERTAD SEXUAL;2022;96
RIOJA (LA);3. LIBERTAD SEXUAL;2021;91
RIOJA (LA);3. LIBERTAD SEXUAL;2020;95
RIOJA (LA);3. LIBERTAD SEXUAL;2019;78
RIOJA (LA);3. LIBERTAD SEXUAL;2018;50
RIOJA (LA);3.1.-Agresión sexual;2024;82
RIOJA (LA);3.1.-Agresión sexual;2023;73
RIOJA (LA);3.1.-Agresión sexual;2022;68
RIOJA (LA);3.1.-Agresión sexual;2021;63
RIOJA (LA);3.1.-Agresión sexual;2020;44
RIOJA (LA);3.1.-Agresión sexual;2019;56
RIOJA (LA);3.1.-Agresión sexual;2018;30
RIOJA (LA);3.2.-Agresión sexual con penetración;2024;11
RIOJA (LA);3.2.-Agresión sexual con penetración;2023;17
RIOJA (LA);3.2.-Agresión sexual con penetración;2022;18
RIOJA (LA);3.2.-Agresión sexual con penetración;2021;12
RIOJA (LA);3.2.-Agresión sexual con penetración;2020;11
RIOJA (LA);3.2.-Agresión sexual con penetración;2019;14
RIOJA (LA);3.2.-Agresión sexual con penetración;2018;7
RIOJA (LA);3.3.-Corrupción de menores o incapacitados;2024;1
RIOJA (LA);3.3.-Corrupción de menores o incapacitados;2023;5
RIOJA (LA);3.3.-Corrupción de menores o incapacitados;2022;5
RIOJA (LA);3.3.-Corrupción de menores o incapacitados;2021;2
RIOJA (LA);3.3.-Corrupción de menores o incapacitados;2020;7
RIOJA (LA);3.3.-Corrupción de menores o incapacitados;2019;4
RIOJA (LA);3.3.-Corrupción de menores o incapacitados;2018;1
RIOJA (LA);3.4.-Pornografía de menores;2024;1
RIOJA (LA);3.4.-Pornografía de menores;2023;7
RIOJA (LA);3.4.-Pornografía de menores;2022;2
RIOJA (LA);3.4.-Pornografía de menores;2021;3
RIOJA (LA);3.4.-Pornografía de menores;2020;3
RIOJA (LA);3.4.-Pornografía de menores;2019;2
RIOJA (LA);3.4.-Pornografía de menores;2018;6
RIOJA (LA);3.5.-Otros contra la libertad sexual;2024;10
RIOJA (LA);3.5.-Otros contra la libertad sexual;2023;8
RIOJA (LA);3.5.-Otros contra la libertad sexual;2022;3
RIOJA (LA);3.5.-Otros contra la libertad sexual;2021;11
RIOJA (LA);3.5.-Otros contra la libertad sexual;2020;30
RIOJA (LA);3.5.-Otros contra la libertad sexual;2019;2
RIOJA (LA);3.5.-Otros contra la libertad sexual;2018;6
RIOJA (LA);4. RELACIONES FAMILIARES;2024;31
RIOJA (LA);4. RELACIONES FAMILIARES;2023;28
RIOJA (LA);4. RELACIONES FAMILIARES;2022;32
RIOJA (LA);4. RELACIONES FAMILIARES;2021;20
RIOJA (LA);4. RELACIONES FAMILIARES;2020;26
RIOJA (LA);4. RELACIONES FAMILIARES;2019;31
RIOJA (LA);4. RELACIONES FAMILIARES;2018;19
RIOJA (LA);5. PATRIMONIO;2024;1.930
RIOJA (LA);5. PATRIMONIO;2023;2.095
RIOJA (LA);5. PATRIMONIO;2022;1.727
RIOJA (LA);5. PATRIMONIO;2021;1.321
RIOJA (LA);5. PATRIMONIO;2020;1.095
RIOJA (LA);5. PATRIMONIO;2019;1.461
RIOJA (LA);5. PATRIMONIO;2018;1.314
RIOJA (LA);5.1.-Hurtos;2024;788
RIOJA (LA);5.1.-Hurtos;2023;857
RIOJA (LA);5.1.-Hurtos;2022;773
RIOJA (LA);5.1.-Hurtos;2021;487
RIOJA (LA);5.1.-Hurtos;2020;431
RIOJA (LA);5.1.-Hurtos;2019;642
RIOJA (LA);5.1.-Hurtos;2018;608
RIOJA (LA);5.2.-Robos con fuerza en las cosas;2024;233
RIOJA (LA);5.2.-Robos con fuerza en las cosas;2023;291
RIOJA (LA);5.2.-Robos con fuerza en las cosas;2022;184
RIOJA (LA);5.2.-Robos con fuerza en las cosas;2021;150
RIOJA (LA);5.2.-Robos con fuerza en las cosas;2020;149
RIOJA (LA);5.2.-Robos con fuerza en las cosas;2019;200
RIOJA (LA);5.2.-Robos con fuerza en las cosas;2018;177
RIOJA (LA);5.2.1.-Robos con fuerza en las cosas en el interior de vehículos;2024;29
RIOJA (LA);5.2.1.-Robos con fuerza en las cosas en el interior de vehículos;2023;43
RIOJA (LA);5.2.1.-Robos con fuerza en las cosas en el interior de vehículos;2022;33
RIOJA (LA);5.2.1.-Robos con fuerza en las cosas en el interior de vehículos;2021;31
RIOJA (LA);5.2.1.-Robos con fuerza en las cosas en el interior de vehículos;2020;16
RIOJA (LA);5.2.1.-Robos con fuerza en las cosas en el interior de vehículos;2019;37
RIOJA (LA);5.2.1.-Robos con fuerza en las cosas en el interior de vehículos;2018;38
RIOJA (LA);5.2.2.-Robos con fuerza en viviendas;2024;82
RIOJA (LA);5.2.2.-Robos con fuerza en viviendas;2023;93
RIOJA (LA);5.2.2.-Robos con fuerza en viviendas;2022;59
RIOJA (LA);5.2.2.-Robos con fuerza en viviendas;2021;57
RIOJA (LA);5.2.2.-Robos con fuerza en viviendas;2020;72
RIOJA (LA);5.2.2.-Robos con fuerza en viviendas;2019;51
RIOJA (LA);5.2.2.-Robos con fuerza en viviendas;2018;58
RIOJA (LA);5.2.3.-Robos con fuerza en establecimientos;2024;59
RIOJA (LA);5.2.3.-Robos con fuerza en establecimientos;2023;62
RIOJA (LA);5.2.3.-Robos con fuerza en establecimientos;2022;40
RIOJA (LA);5.2.3.-Robos con fuerza en establecimientos;2021;35
RIOJA (LA);5.2.3.-Robos con fuerza en establecimientos;2020;29
RIOJA (LA);5.2.3.-Robos con fuerza en establecimientos;2019;38
RIOJA (LA);5.2.3.-Robos con fuerza en establecimientos;2018;37
RIOJA (LA);5.3.-Robos con violencia o intimidación;2024;71
RIOJA (LA);5.3.-Robos con violencia o intimidación;2023;78
RIOJA (LA);5.3.-Robos con violencia o intimidación;2022;65
RIOJA (LA);5.3.-Robos con violencia o intimidación;2021;60
RIOJA (LA);5.3.-Robos con violencia o intimidación;2020;40
RIOJA (LA);5.3.-Robos con violencia o intimidación;2019;36
RIOJA (LA);5.3.-Robos con violencia o intimidación;2018;39
RIOJA (LA);5.3.1.-Robos con violencia en vía pública;2024;36
RIOJA (LA);5.3.1.-Robos con violencia en vía pública;2023;39
RIOJA (LA);5.3.1.-Robos con violencia en vía pública;2022;30
RIOJA (LA);5.3.1.-Robos con violencia en vía pública;2021;26
RIOJA (LA);5.3.1.-Robos con violencia en vía pública;2020;19
RIOJA (LA);5.3.1.-Robos con violencia en vía pública;2019;15
RIOJA (LA);5.3.1.-Robos con violencia en vía pública;2018;19
RIOJA (LA);5.3.2.-Robos con violencia en viviendas;2024;5
RIOJA (LA);5.3.2.-Robos con violencia en viviendas;2023;8
RIOJA (LA);5.3.2.-Robos con violencia en viviendas;2022;5
RIOJA (LA);5.3.2.-Robos con violencia en viviendas;2021;5
RIOJA (LA);5.3.2.-Robos con violencia en viviendas;2020;1
RIOJA (LA);5.3.2.-Robos con violencia en viviendas;2019;3
RIOJA (LA);5.3.2.-Robos con violencia en viviendas;2018;5
RIOJA (LA);5.3.3.-Robos con violencia en establecimientos;2024;22
RIOJA (LA);5.3.3.-Robos con violencia en establecimientos;2023;20
RIOJA (LA);5.3.3.-Robos con violencia en establecimientos;2022;23
RIOJA (LA);5.3.3.-Robos con violencia en establecimientos;2021;21
RIOJA (LA);5.3.3.-Robos con violencia en establecimientos;2020;16
RIOJA (LA);5.3.3.-Robos con violencia en establecimientos;2019;16
RIOJA (LA);5.3.3.-Robos con violencia en establecimientos;2018;8
RIOJA (LA);5.4.-Sustracción de vehículos;2024;30
RIOJA (LA);5.4.-Sustracción de vehículos;2023;29
RIOJA (LA);5.4.-Sustracción de vehículos;2022;33
RIOJA (LA);5.4.-Sustracción de vehículos;2021;26
RIOJA (LA);5.4.-Sustracción de vehículos;2020;15
RIOJA (LA);5.4.-Sustracción de vehículos;2019;25
RIOJA (LA);5.4.-Sustracción de vehículos;2018;40
RIOJA (LA);5.5.-Estafas;2024;380
RIOJA (LA);5.5.-Estafas;2023;419
RIOJA (LA);5.5.-Estafas;2022;310
RIOJA (LA);5.5.-Estafas;2021;306
RIOJA (LA);5.5.-Estafas;2020;189
RIOJA (LA);5.5.-Estafas;2019;179
RIOJA (LA);5.5.-Estafas;2018;192
RIOJA (LA);5.5.1.-Estafas informáticas;2024;249
RIOJA (LA);5.5.1.-Estafas informáticas;2023;255
RIOJA (LA);5.5.1.-Estafas informáticas;2022;196
RIOJA (LA);5.5.1.-Estafas informáticas;2021;231
RIOJA (LA);5.5.1.-Estafas informáticas;2020;112
RIOJA (LA);5.5.1.-Estafas informáticas;2019;66
RIOJA (LA);5.5.1.-Estafas informáticas;2018;87
RIOJA (LA);5.6.-Daños;2024;239
RIOJA (LA);5.6.-Daños;2023;235
RIOJA (LA);5.6.-Daños;2022;237
RIOJA (LA);5.6.-Daños;2021;180
RIOJA (LA);5.6.-Daños;2020;168
RIOJA (LA);5.6.-Daños;2019;175
RIOJA (LA);5.6.-Daños;2018;159
RIOJA (LA);5.7.-Contra la propiedad intelectual/industrial;2024;2
RIOJA (LA);5.7.-Contra la propiedad intelectual/industrial;2023;2
RIOJA (LA);5.7.-Contra la propiedad intelectual/industrial;2022;1
RIOJA (LA);5.7.-Contra la propiedad intelectual/industrial;2021;0
RIOJA (LA);5.7.-Contra la propiedad intelectual/industrial;2020;1
RIOJA (LA);5.7.-Contra la propiedad intelectual/industrial;2019;41
RIOJA (LA);5.7.-Contra la propiedad intelectual/industrial;2018;16
RIOJA (LA);5.8.-Blanqueo de capitales;2024;3
RIOJA (LA);5.8.-Blanqueo de capitales;2023;0
RIOJA (LA);5.8.-Blanqueo de capitales;2022;1
RIOJA (LA);5.8.-Blanqueo de capitales;2021;0
RIOJA (LA);5.8.-Blanqueo de capitales;2020;1
RIOJA (LA);5.8.-Blanqueo de capitales;2019;2
RIOJA (LA);5.8.-Blanqueo de capitales;2018;1
RIOJA (LA);5.9.-Otros contra el patrimonio;2024;184
RIOJA (LA);5.9.-Otros contra el patrimonio;2023;184
RIOJA (LA);5.9.-Otros contra el patrimonio;2022;123
RIOJA (LA);5.9.-Otros contra el patrimonio;2021;112
RIOJA (LA);5.9.-Otros contra el patrimonio;2020;101
RIOJA (LA);5.9.-Otros contra el patrimonio;2019;161
RIOJA (LA);5.9.-Otros contra el patrimonio;2018;82
RIOJA (LA);6. SEGURIDAD COLECTIVA;2024;430
RIOJA (LA);6. SEGURIDAD COLECTIVA;2023;429
RIOJA (LA);6. SEGURIDAD COLECTIVA;2022;460
RIOJA (LA);6. SEGURIDAD COLECTIVA;2021;397
RIOJA (LA);6. SEGURIDAD COLECTIVA;2020;278
RIOJA (LA);6. SEGURIDAD COLECTIVA;2019;405
RIOJA (LA);6. SEGURIDAD COLECTIVA;2018;338
RIOJA (LA);6.1.-Tráfico de drogas;2024;79
RIOJA (LA);6.1.-Tráfico de drogas;2023;90
RIOJA (LA);6.1.-Tráfico de drogas;2022;91
RIOJA (LA);6.1.-Tráfico de drogas;2021;74
RIOJA (LA);6.1.-Tráfico de drogas;2020;71
RIOJA (LA);6.1.-Tráfico de drogas;2019;100
RIOJA (LA);6.1.-Tráfico de drogas;2018;72
RIOJA (LA);6.2.-Contra la seguridad vial;2024;338
RIOJA (LA);6.2.-Contra la seguridad vial;2023;332
RIOJA (LA);6.2.-Contra la seguridad vial;2022;357
RIOJA (LA);6.2.-Contra la seguridad vial;2021;309
RIOJA (LA);6.2.-Contra la seguridad vial;2020;197
RIOJA (LA);6.2.-Contra la seguridad vial;2019;297
RIOJA (LA);6.2.-Contra la seguridad vial;2018;257
RIOJA (LA);6.3.-Otros contra la seguridad colectiva;2024;13
RIOJA (LA);6.3.-Otros contra la seguridad colectiva;2023;7
RIOJA (LA);6.3.-Otros contra la seguridad colectiva;2022;12
RIOJA (LA);6.3.-Otros contra la seguridad colectiva;2021;14
RIOJA (LA);6.3.-Otros contra la seguridad colectiva;2020;10
RIOJA (LA);6.3.-Otros contra la seguridad colectiva;2019;8
RIOJA (LA);6.3.-Otros contra la seguridad colectiva;2018;9
RIOJA (LA);7. FALSEDADES;2024;89
RIOJA (LA);7. FALSEDADES;2023;67
RIOJA (LA);7. FALSEDADES;2022;118
RIOJA (LA);7. FALSEDADES;2021;135
RIOJA (LA);7. FALSEDADES;2020;29
RIOJA (LA);7. FALSEDADES;2019;49
RIOJA (LA);7. FALSEDADES;2018;45
RIOJA (LA);8. ADMÓN. PÚBLICA;2024;2
RIOJA (LA);8. ADMÓN. PÚBLICA;2023;4
RIOJA (LA);8. ADMÓN. PÚBLICA;2022;1
RIOJA (LA);8. ADMÓN. PÚBLICA;2021;4
RIOJA (LA);8. ADMÓN. PÚBLICA;2020;0
RIOJA (LA);8. ADMÓN. PÚBLICA;2019;5
RIOJA (LA);8. ADMÓN. PÚBLICA;2018;3
RIOJA (LA);9. ADMÓN. JUSTICIA;2024;290
RIOJA (LA);9. ADMÓN. JUSTICIA;2023;288
RIOJA (LA);9. ADMÓN. JUSTICIA;2022;262
RIOJA (LA);9. ADMÓN. JUSTICIA;2021;226
RIOJA (LA);9. ADMÓN. JUSTICIA;2020;136
RIOJA (LA);9. ADMÓN. JUSTICIA;2019;227
RIOJA (LA);9. ADMÓN. JUSTICIA;2018;184
RIOJA (LA);10. ORDEN PÚBLICO;2024;147
RIOJA (LA);10. ORDEN PÚBLICO;2023;147
RIOJA (LA);10. ORDEN PÚBLICO;2022;144
RIOJA (LA);10. ORDEN PÚBLICO;2021;176
RIOJA (LA);10. ORDEN PÚBLICO;2020;207
RIOJA (LA);10. ORDEN PÚBLICO;2019;116
RIOJA (LA);10. ORDEN PÚBLICO;2018;85
RIOJA (LA);11. LEGISLACIÓN ESPECIAL;2024;0
RIOJA (LA);11. LEGISLACIÓN ESPECIAL;2023;3
RIOJA (LA);11. LEGISLACIÓN ESPECIAL;2022;0
RIOJA (LA);11. LEGISLACIÓN ESPECIAL;2021;0
RIOJA (LA);11. LEGISLACIÓN ESPECIAL;2020;0
RIOJA (LA);11. LEGISLACIÓN ESPECIAL;2019;0
RIOJA (LA);11. LEGISLACIÓN ESPECIAL;2018;0
RIOJA (LA);12. OTRAS INFRACCIONES PENALES;2024;61
RIOJA (LA);12. OTRAS INFRACCIONES PENALES;2023;40
RIOJA (LA);12. OTRAS INFRACCIONES PENALES;2022;34
RIOJA (LA);12. OTRAS INFRACCIONES PENALES;2021;43
RIOJA (LA);12. OTRAS INFRACCIONES PENALES;2020;35
RIOJA (LA);12. OTRAS INFRACCIONES PENALES;2019;38
RIOJA (LA);12. OTRAS INFRACCIONES PENALES;2018;34
RIOJA (LA);TOTAL INFRACCIONES PENALES;2024;5.032
RIOJA (LA);TOTAL INFRACCIONES PENALES;2023;5.237
RIOJA (LA);TOTAL INFRACCIONES PENALES;2022;4.728
RIOJA (LA);TOTAL INFRACCIONES PENALES;2021;4.054
RIOJA (LA);TOTAL INFRACCIONES PENALES;2020;3.184
RIOJA (LA);TOTAL INFRACCIONES PENALES;2019;3.780
RIOJA (LA);TOTAL INFRACCIONES PENALES;2018;3.450
CIUDAD AUTÓNOMA DE CEUTA;1. CONTRA LAS PERSONAS;2024;606
CIUDAD AUTÓNOMA DE CEUTA;1. CONTRA LAS PERSONAS;2023;609
CIUDAD AUTÓNOMA DE CEUTA;1. CONTRA LAS PERSONAS;2022;659
CIUDAD AUTÓNOMA DE CEUTA;1. CONTRA LAS PERSONAS;2021;748
CIUDAD AUTÓNOMA DE CEUTA;1. CONTRA LAS PERSONAS;2020;577
CIUDAD AUTÓNOMA DE CEUTA;1. CONTRA LAS PERSONAS;2019;622
CIUDAD AUTÓNOMA DE CEUTA;1. CONTRA LAS PERSONAS;2018;620
CIUDAD AUTÓNOMA DE CEUTA;1.1.-Homicidios dolosos/asesinatos;2024;8
CIUDAD AUTÓNOMA DE CEUTA;1.1.-Homicidios dolosos/asesinatos;2023;12
CIUDAD AUTÓNOMA DE CEUTA;1.1.-Homicidios dolosos/asesinatos;2022;31
CIUDAD AUTÓNOMA DE CEUTA;1.1.-Homicidios dolosos/asesinatos;2021;10
CIUDAD AUTÓNOMA DE CEUTA;1.1.-Homicidios dolosos/asesinatos;2020;7
CIUDAD AUTÓNOMA DE CEUTA;1.1.-Homicidios dolosos/asesinatos;2019;16
CIUDAD AUTÓNOMA DE CEUTA;1.1.-Homicidios dolosos/asesinatos;2018;2
CIUDAD AUTÓNOMA DE CEUTA;1.1.1.-Homicidios dolosos/asesinatos consumados;2024;0
CIUDAD AUTÓNOMA DE CEUTA;1.1.1.-Homicidios dolosos/asesinatos consumados;2023;6
CIUDAD AUTÓNOMA DE CEUTA;1.1.1.-Homicidios dolosos/asesinatos consumados;2022;3
CIUDAD AUTÓNOMA DE CEUTA;1.1.1.-Homicidios dolosos/asesinatos consumados;2021;2
CIUDAD AUTÓNOMA DE CEUTA;1.1.1.-Homicidios dolosos/asesinatos consumados;2020;2
CIUDAD AUTÓNOMA DE CEUTA;1.1.1.-Homicidios dolosos/asesinatos consumados;2019;4
CIUDAD AUTÓNOMA DE CEUTA;1.1.1.-Homicidios dolosos/asesinatos consumados;2018;1
CIUDAD AUTÓNOMA DE CEUTA;1.2.-Lesiones;2024;318
CIUDAD AUTÓNOMA DE CEUTA;1.2.-Lesiones;2023;311
CIUDAD AUTÓNOMA DE CEUTA;1.2.-Lesiones;2022;361
CIUDAD AUTÓNOMA DE CEUTA;1.2.-Lesiones;2021;419
CIUDAD AUTÓNOMA DE CEUTA;1.2.-Lesiones;2020;342
CIUDAD AUTÓNOMA DE CEUTA;1.2.-Lesiones;2019;354
CIUDAD AUTÓNOMA DE CEUTA;1.2.-Lesiones;2018;349
CIUDAD AUTÓNOMA DE CEUTA;1.3.-Malos tratos ámbito familiar;2024;272
CIUDAD AUTÓNOMA DE CEUTA;1.3.-Malos tratos ámbito familiar;2023;284
CIUDAD AUTÓNOMA DE CEUTA;1.3.-Malos tratos ámbito familiar;2022;266
CIUDAD AUTÓNOMA DE CEUTA;1.3.-Malos tratos ámbito familiar;2021;315
CIUDAD AUTÓNOMA DE CEUTA;1.3.-Malos tratos ámbito familiar;2020;225
CIUDAD AUTÓNOMA DE CEUTA;1.3.-Malos tratos ámbito familiar;2019;250
CIUDAD AUTÓNOMA DE CEUTA;1.3.-Malos tratos ámbito familiar;2018;268
CIUDAD AUTÓNOMA DE CEUTA;1.4.-Otros contra las personas;2024;8
CIUDAD AUTÓNOMA DE CEUTA;1.4.-Otros contra las personas;2023;2
CIUDAD AUTÓNOMA DE CEUTA;1.4.-Otros contra las personas;2022;1
CIUDAD AUTÓNOMA DE CEUTA;1.4.-Otros contra las personas;2021;4
CIUDAD AUTÓNOMA DE CEUTA;1.4.-Otros contra las personas;2020;3
CIUDAD AUTÓNOMA DE CEUTA;1.4.-Otros contra las personas;2019;2
CIUDAD AUTÓNOMA DE CEUTA;1.4.-Otros contra las personas;2018;1
CIUDAD AUTÓNOMA DE CEUTA;2. CONTRA LA LIBERTAD;2024;327
CIUDAD AUTÓNOMA DE CEUTA;2. CONTRA LA LIBERTAD;2023;266
CIUDAD AUTÓNOMA DE CEUTA;2. CONTRA LA LIBERTAD;2022;244
CIUDAD AUTÓNOMA DE CEUTA;2. CONTRA LA LIBERTAD;2021;296
CIUDAD AUTÓNOMA DE CEUTA;2. CONTRA LA LIBERTAD;2020;263
CIUDAD AUTÓNOMA DE CEUTA;2. CONTRA LA LIBERTAD;2019;214
CIUDAD AUTÓNOMA DE CEUTA;2. CONTRA LA LIBERTAD;2018;212
CIUDAD AUTÓNOMA DE CEUTA;2.1.-Malos tratos habituales en el ámbito familiar;2024;9
CIUDAD AUTÓNOMA DE CEUTA;2.1.-Malos tratos habituales en el ámbito familiar;2023;11
CIUDAD AUTÓNOMA DE CEUTA;2.1.-Malos tratos habituales en el ámbito familiar;2022;12
CIUDAD AUTÓNOMA DE CEUTA;2.1.-Malos tratos habituales en el ámbito familiar;2021;11
CIUDAD AUTÓNOMA DE CEUTA;2.1.-Malos tratos habituales en el ámbito familiar;2020;5
CIUDAD AUTÓNOMA DE CEUTA;2.1.-Malos tratos habituales en el ámbito familiar;2019;4
CIUDAD AUTÓNOMA DE CEUTA;2.1.-Malos tratos habituales en el ámbito familiar;2018;16
CIUDAD AUTÓNOMA DE CEUTA;2.2.-Otros contra la libertad;2024;318
CIUDAD AUTÓNOMA DE CEUTA;2.2.-Otros contra la libertad;2023;255
CIUDAD AUTÓNOMA DE CEUTA;2.2.-Otros contra la libertad;2022;232
CIUDAD AUTÓNOMA DE CEUTA;2.2.-Otros contra la libertad;2021;285
CIUDAD AUTÓNOMA DE CEUTA;2.2.-Otros contra la libertad;2020;258
CIUDAD AUTÓNOMA DE CEUTA;2.2.-Otros contra la libertad;2019;210
CIUDAD AUTÓNOMA DE CEUTA;2.2.-Otros contra la libertad;2018;196
CIUDAD AUTÓNOMA DE CEUTA;3. LIBERTAD SEXUAL;2024;45
CIUDAD AUTÓNOMA DE CEUTA;3. LIBERTAD SEXUAL;2023;41
CIUDAD AUTÓNOMA DE CEUTA;3. LIBERTAD SEXUAL;2022;41
CIUDAD AUTÓNOMA DE CEUTA;3. LIBERTAD SEXUAL;2021;42
CIUDAD AUTÓNOMA DE CEUTA;3. LIBERTAD SEXUAL;2020;30
CIUDAD AUTÓNOMA DE CEUTA;3. LIBERTAD SEXUAL;2019;19
CIUDAD AUTÓNOMA DE CEUTA;3. LIBERTAD SEXUAL;2018;40
CIUDAD AUTÓNOMA DE CEUTA;3.1.-Agresión sexual;2024;37
CIUDAD AUTÓNOMA DE CEUTA;3.1.-Agresión sexual;2023;29
CIUDAD AUTÓNOMA DE CEUTA;3.1.-Agresión sexual;2022;33
CIUDAD AUTÓNOMA DE CEUTA;3.1.-Agresión sexual;2021;27
CIUDAD AUTÓNOMA DE CEUTA;3.1.-Agresión sexual;2020;20
CIUDAD AUTÓNOMA DE CEUTA;3.1.-Agresión sexual;2019;13
CIUDAD AUTÓNOMA DE CEUTA;3.1.-Agresión sexual;2018;29
CIUDAD AUTÓNOMA DE CEUTA;3.2.-Agresión sexual con penetración;2024;5
CIUDAD AUTÓNOMA DE CEUTA;3.2.-Agresión sexual con penetración;2023;8
CIUDAD AUTÓNOMA DE CEUTA;3.2.-Agresión sexual con penetración;2022;5
CIUDAD AUTÓNOMA DE CEUTA;3.2.-Agresión sexual con penetración;2021;4
CIUDAD AUTÓNOMA DE CEUTA;3.2.-Agresión sexual con penetración;2020;3
CIUDAD AUTÓNOMA DE CEUTA;3.2.-Agresión sexual con penetración;2019;2
CIUDAD AUTÓNOMA DE CEUTA;3.2.-Agresión sexual con penetración;2018;5
CIUDAD AUTÓNOMA DE CEUTA;3.3.-Corrupción de menores o incapacitados;2024;0
CIUDAD AUTÓNOMA DE CEUTA;3.3.-Corrupción de menores o incapacitados;2023;1
CIUDAD AUTÓNOMA DE CEUTA;3.3.-Corrupción de menores o incapacitados;2022;0
CIUDAD AUTÓNOMA DE CEUTA;3.3.-Corrupción de menores o incapacitados;2021;0
CIUDAD AUTÓNOMA DE CEUTA;3.3.-Corrupción de menores o incapacitados;2020;0
CIUDAD AUTÓNOMA DE CEUTA;3.3.-Corrupción de menores o incapacitados;2019;0
CIUDAD AUTÓNOMA DE CEUTA;3.3.-Corrupción de menores o incapacitados;2018;0
CIUDAD AUTÓNOMA DE CEUTA;3.4.-Pornografía de menores;2024;2
CIUDAD AUTÓNOMA DE CEUTA;3.4.-Pornografía de menores;2023;2
CIUDAD AUTÓNOMA DE CEUTA;3.4.-Pornografía de menores;2022;2
CIUDAD AUTÓNOMA DE CEUTA;3.4.-Pornografía de menores;2021;1
CIUDAD AUTÓNOMA DE CEUTA;3.4.-Pornografía de menores;2020;0
CIUDAD AUTÓNOMA DE CEUTA;3.4.-Pornografía de menores;2019;0
CIUDAD AUTÓNOMA DE CEUTA;3.4.-Pornografía de menores;2018;3
CIUDAD AUTÓNOMA DE CEUTA;3.5.-Otros contra la libertad sexual;2024;1
CIUDAD AUTÓNOMA DE CEUTA;3.5.-Otros contra la libertad sexual;2023;1
CIUDAD AUTÓNOMA DE CEUTA;3.5.-Otros contra la libertad sexual;2022;1
CIUDAD AUTÓNOMA DE CEUTA;3.5.-Otros contra la libertad sexual;2021;10
CIUDAD AUTÓNOMA DE CEUTA;3.5.-Otros contra la libertad sexual;2020;7
CIUDAD AUTÓNOMA DE CEUTA;3.5.-Otros contra la libertad sexual;2019;4
CIUDAD AUTÓNOMA DE CEUTA;3.5.-Otros contra la libertad sexual;2018;3
CIUDAD AUTÓNOMA DE CEUTA;4. RELACIONES FAMILIARES;2024;16
CIUDAD AUTÓNOMA DE CEUTA;4. RELACIONES FAMILIARES;2023;19
CIUDAD AUTÓNOMA DE CEUTA;4. RELACIONES FAMILIARES;2022;28
CIUDAD AUTÓNOMA DE CEUTA;4. RELACIONES FAMILIARES;2021;16
CIUDAD AUTÓNOMA DE CEUTA;4. RELACIONES FAMILIARES;2020;16
CIUDAD AUTÓNOMA DE CEUTA;4. RELACIONES FAMILIARES;2019;29
CIUDAD AUTÓNOMA DE CEUTA;4. RELACIONES FAMILIARES;2018;29
CIUDAD AUTÓNOMA DE CEUTA;5. PATRIMONIO;2024;559
CIUDAD AUTÓNOMA DE CEUTA;5. PATRIMONIO;2023;554
CIUDAD AUTÓNOMA DE CEUTA;5. PATRIMONIO;2022;439
CIUDAD AUTÓNOMA DE CEUTA;5. PATRIMONIO;2021;499
CIUDAD AUTÓNOMA DE CEUTA;5. PATRIMONIO;2020;462
CIUDAD AUTÓNOMA DE CEUTA;5. PATRIMONIO;2019;596
CIUDAD AUTÓNOMA DE CEUTA;5. PATRIMONIO;2018;601
CIUDAD AUTÓNOMA DE CEUTA;5.1.-Hurtos;2024;193
CIUDAD AUTÓNOMA DE CEUTA;5.1.-Hurtos;2023;221
CIUDAD AUTÓNOMA DE CEUTA;5.1.-Hurtos;2022;131
CIUDAD AUTÓNOMA DE CEUTA;5.1.-Hurtos;2021;139
CIUDAD AUTÓNOMA DE CEUTA;5.1.-Hurtos;2020;139
CIUDAD AUTÓNOMA DE CEUTA;5.1.-Hurtos;2019;240
CIUDAD AUTÓNOMA DE CEUTA;5.1.-Hurtos;2018;279
CIUDAD AUTÓNOMA DE CEUTA;5.2.-Robos con fuerza en las cosas;2024;42
CIUDAD AUTÓNOMA DE CEUTA;5.2.-Robos con fuerza en las cosas;2023;63
CIUDAD AUTÓNOMA DE CEUTA;5.2.-Robos con fuerza en las cosas;2022;30
CIUDAD AUTÓNOMA DE CEUTA;5.2.-Robos con fuerza en las cosas;2021;43
CIUDAD AUTÓNOMA DE CEUTA;5.2.-Robos con fuerza en las cosas;2020;72
CIUDAD AUTÓNOMA DE CEUTA;5.2.-Robos con fuerza en las cosas;2019;62
CIUDAD AUTÓNOMA DE CEUTA;5.2.-Robos con fuerza en las cosas;2018;69
CIUDAD AUTÓNOMA DE CEUTA;5.2.1.-Robos con fuerza en las cosas en el interior de vehículos;2024;19
CIUDAD AUTÓNOMA DE CEUTA;5.2.1.-Robos con fuerza en las cosas en el interior de vehículos;2023;23
CIUDAD AUTÓNOMA DE CEUTA;5.2.1.-Robos con fuerza en las cosas en el interior de vehículos;2022;5
CIUDAD AUTÓNOMA DE CEUTA;5.2.1.-Robos con fuerza en las cosas en el interior de vehículos;2021;13
CIUDAD AUTÓNOMA DE CEUTA;5.2.1.-Robos con fuerza en las cosas en el interior de vehículos;2020;17
CIUDAD AUTÓNOMA DE CEUTA;5.2.1.-Robos con fuerza en las cosas en el interior de vehículos;2019;26
CIUDAD AUTÓNOMA DE CEUTA;5.2.1.-Robos con fuerza en las cosas en el interior de vehículos;2018;29
CIUDAD AUTÓNOMA DE CEUTA;5.2.2.-Robos con fuerza en viviendas;2024;11
CIUDAD AUTÓNOMA DE CEUTA;5.2.2.-Robos con fuerza en viviendas;2023;16
CIUDAD AUTÓNOMA DE CEUTA;5.2.2.-Robos con fuerza en viviendas;2022;4
CIUDAD AUTÓNOMA DE CEUTA;5.2.2.-Robos con fuerza en viviendas;2021;11
CIUDAD AUTÓNOMA DE CEUTA;5.2.2.-Robos con fuerza en viviendas;2020;20
CIUDAD AUTÓNOMA DE CEUTA;5.2.2.-Robos con fuerza en viviendas;2019;17
CIUDAD AUTÓNOMA DE CEUTA;5.2.2.-Robos con fuerza en viviendas;2018;14
CIUDAD AUTÓNOMA DE CEUTA;5.2.3.-Robos con fuerza en establecimientos;2024;4
CIUDAD AUTÓNOMA DE CEUTA;5.2.3.-Robos con fuerza en establecimientos;2023;12
CIUDAD AUTÓNOMA DE CEUTA;5.2.3.-Robos con fuerza en establecimientos;2022;7
CIUDAD AUTÓNOMA DE CEUTA;5.2.3.-Robos con fuerza en establecimientos;2021;10
CIUDAD AUTÓNOMA DE CEUTA;5.2.3.-Robos con fuerza en establecimientos;2020;15
CIUDAD AUTÓNOMA DE CEUTA;5.2.3.-Robos con fuerza en establecimientos;2019;10
CIUDAD AUTÓNOMA DE CEUTA;5.2.3.-Robos con fuerza en establecimientos;2018;10
CIUDAD AUTÓNOMA DE CEUTA;5.3.-Robos con violencia o intimidación;2024;85
CIUDAD AUTÓNOMA DE CEUTA;5.3.-Robos con violencia o intimidación;2023;56
CIUDAD AUTÓNOMA DE CEUTA;5.3.-Robos con violencia o intimidación;2022;70
CIUDAD AUTÓNOMA DE CEUTA;5.3.-Robos con violencia o intimidación;2021;108
CIUDAD AUTÓNOMA DE CEUTA;5.3.-Robos con violencia o intimidación;2020;79
CIUDAD AUTÓNOMA DE CEUTA;5.3.-Robos con violencia o intimidación;2019;88
CIUDAD AUTÓNOMA DE CEUTA;5.3.-Robos con violencia o intimidación;2018;63
CIUDAD AUTÓNOMA DE CEUTA;5.3.1.-Robos con violencia en vía pública;2024;53
CIUDAD AUTÓNOMA DE CEUTA;5.3.1.-Robos con violencia en vía pública;2023;42
CIUDAD AUTÓNOMA DE CEUTA;5.3.1.-Robos con violencia en vía pública;2022;49
CIUDAD AUTÓNOMA DE CEUTA;5.3.1.-Robos con violencia en vía pública;2021;75
CIUDAD AUTÓNOMA DE CEUTA;5.3.1.-Robos con violencia en vía pública;2020;59
CIUDAD AUTÓNOMA DE CEUTA;5.3.1.-Robos con violencia en vía pública;2019;61
CIUDAD AUTÓNOMA DE CEUTA;5.3.1.-Robos con violencia en vía pública;2018;45
CIUDAD AUTÓNOMA DE CEUTA;5.3.2.-Robos con violencia en viviendas;2024;9
CIUDAD AUTÓNOMA DE CEUTA;5.3.2.-Robos con violencia en viviendas;2023;2
CIUDAD AUTÓNOMA DE CEUTA;5.3.2.-Robos con violencia en viviendas;2022;2
CIUDAD AUTÓNOMA DE CEUTA;5.3.2.-Robos con violencia en viviendas;2021;4
CIUDAD AUTÓNOMA DE CEUTA;5.3.2.-Robos con violencia en viviendas;2020;2
CIUDAD AUTÓNOMA DE CEUTA;5.3.2.-Robos con violencia en viviendas;2019;5
CIUDAD AUTÓNOMA DE CEUTA;5.3.2.-Robos con violencia en viviendas;2018;4
CIUDAD AUTÓNOMA DE CEUTA;5.3.3.-Robos con violencia en establecimientos;2024;12
CIUDAD AUTÓNOMA DE CEUTA;5.3.3.-Robos con violencia en establecimientos;2023;10
CIUDAD AUTÓNOMA DE CEUTA;5.3.3.-Robos con violencia en establecimientos;2022;4
CIUDAD AUTÓNOMA DE CEUTA;5.3.3.-Robos con violencia en establecimientos;2021;8
CIUDAD AUTÓNOMA DE CEUTA;5.3.3.-Robos con violencia en establecimientos;2020;7
CIUDAD AUTÓNOMA DE CEUTA;5.3.3.-Robos con violencia en establecimientos;2019;10
CIUDAD AUTÓNOMA DE CEUTA;5.3.3.-Robos con violencia en establecimientos;2018;6
CIUDAD AUTÓNOMA DE CEUTA;5.4.-Sustracción de vehículos;2024;27
CIUDAD AUTÓNOMA DE CEUTA;5.4.-Sustracción de vehículos;2023;16
CIUDAD AUTÓNOMA DE CEUTA;5.4.-Sustracción de vehículos;2022;13
CIUDAD AUTÓNOMA DE CEUTA;5.4.-Sustracción de vehículos;2021;17
CIUDAD AUTÓNOMA DE CEUTA;5.4.-Sustracción de vehículos;2020;11
CIUDAD AUTÓNOMA DE CEUTA;5.4.-Sustracción de vehículos;2019;27
CIUDAD AUTÓNOMA DE CEUTA;5.4.-Sustracción de vehículos;2018;27
CIUDAD AUTÓNOMA DE CEUTA;5.5.-Estafas;2024;104
CIUDAD AUTÓNOMA DE CEUTA;5.5.-Estafas;2023;92
CIUDAD AUTÓNOMA DE CEUTA;5.5.-Estafas;2022;66
CIUDAD AUTÓNOMA DE CEUTA;5.5.-Estafas;2021;62
CIUDAD AUTÓNOMA DE CEUTA;5.5.-Estafas;2020;50
CIUDAD AUTÓNOMA DE CEUTA;5.5.-Estafas;2019;69
CIUDAD AUTÓNOMA DE CEUTA;5.5.-Estafas;2018;60
CIUDAD AUTÓNOMA DE CEUTA;5.5.1.-Estafas informáticas;2024;63
CIUDAD AUTÓNOMA DE CEUTA;5.5.1.-Estafas informáticas;2023;57
CIUDAD AUTÓNOMA DE CEUTA;5.5.1.-Estafas informáticas;2022;45
CIUDAD AUTÓNOMA DE CEUTA;5.5.1.-Estafas informáticas;2021;48
CIUDAD AUTÓNOMA DE CEUTA;5.5.1.-Estafas informáticas;2020;34
CIUDAD AUTÓNOMA DE CEUTA;5.5.1.-Estafas informáticas;2019;26
CIUDAD AUTÓNOMA DE CEUTA;5.5.1.-Estafas informáticas;2018;25
CIUDAD AUTÓNOMA DE CEUTA;5.6.-Daños;2024;47
CIUDAD AUTÓNOMA DE CEUTA;5.6.-Daños;2023;57
CIUDAD AUTÓNOMA DE CEUTA;5.6.-Daños;2022;93
CIUDAD AUTÓNOMA DE CEUTA;5.6.-Daños;2021;88
CIUDAD AUTÓNOMA DE CEUTA;5.6.-Daños;2020;72
CIUDAD AUTÓNOMA DE CEUTA;5.6.-Daños;2019;62
CIUDAD AUTÓNOMA DE CEUTA;5.6.-Daños;2018;48
CIUDAD AUTÓNOMA DE CEUTA;5.7.-Contra la propiedad intelectual/industrial;2024;0
CIUDAD AUTÓNOMA DE CEUTA;5.7.-Contra la propiedad intelectual/industrial;2023;1
CIUDAD AUTÓNOMA DE CEUTA;5.7.-Contra la propiedad intelectual/industrial;2022;2
CIUDAD AUTÓNOMA DE CEUTA;5.7.-Contra la propiedad intelectual/industrial;2021;1
CIUDAD AUTÓNOMA DE CEUTA;5.7.-Contra la propiedad intelectual/industrial;2020;1
CIUDAD AUTÓNOMA DE CEUTA;5.7.-Contra la propiedad intelectual/industrial;2019;2
CIUDAD AUTÓNOMA DE CEUTA;5.7.-Contra la propiedad intelectual/industrial;2018;0
CIUDAD AUTÓNOMA DE CEUTA;5.8.-Blanqueo de capitales;2024;3
CIUDAD AUTÓNOMA DE CEUTA;5.8.-Blanqueo de capitales;2023;0
CIUDAD AUTÓNOMA DE CEUTA;5.8.-Blanqueo de capitales;2022;1
CIUDAD AUTÓNOMA DE CEUTA;5.8.-Blanqueo de capitales;2021;0
CIUDAD AUTÓNOMA DE CEUTA;5.8.-Blanqueo de capitales;2020;0
CIUDAD AUTÓNOMA DE CEUTA;5.8.-Blanqueo de capitales;2019;1
CIUDAD AUTÓNOMA DE CEUTA;5.8.-Blanqueo de capitales;2018;4
CIUDAD AUTÓNOMA DE CEUTA;5.9.-Otros contra el patrimonio;2024;58
CIUDAD AUTÓNOMA DE CEUTA;5.9.-Otros contra el patrimonio;2023;48
CIUDAD AUTÓNOMA DE CEUTA;5.9.-Otros contra el patrimonio;2022;33
CIUDAD AUTÓNOMA DE CEUTA;5.9.-Otros contra el patrimonio;2021;41
CIUDAD AUTÓNOMA DE CEUTA;5.9.-Otros contra el patrimonio;2020;38
CIUDAD AUTÓNOMA DE CEUTA;5.9.-Otros contra el patrimonio;2019;45
CIUDAD AUTÓNOMA DE CEUTA;5.9.-Otros contra el patrimonio;2018;51
CIUDAD AUTÓNOMA DE CEUTA;6. SEGURIDAD COLECTIVA;2024;228
CIUDAD AUTÓNOMA DE CEUTA;6. SEGURIDAD COLECTIVA;2023;248
CIUDAD AUTÓNOMA DE CEUTA;6. SEGURIDAD COLECTIVA;2022;237
CIUDAD AUTÓNOMA DE CEUTA;6. SEGURIDAD COLECTIVA;2021;325
CIUDAD AUTÓNOMA DE CEUTA;6. SEGURIDAD COLECTIVA;2020;326
CIUDAD AUTÓNOMA DE CEUTA;6. SEGURIDAD COLECTIVA;2019;486
CIUDAD AUTÓNOMA DE CEUTA;6. SEGURIDAD COLECTIVA;2018;369
CIUDAD AUTÓNOMA DE CEUTA;6.1.-Tráfico de drogas;2024;84
CIUDAD AUTÓNOMA DE CEUTA;6.1.-Tráfico de drogas;2023;86
CIUDAD AUTÓNOMA DE CEUTA;6.1.-Tráfico de drogas;2022;80
CIUDAD AUTÓNOMA DE CEUTA;6.1.-Tráfico de drogas;2021;141
CIUDAD AUTÓNOMA DE CEUTA;6.1.-Tráfico de drogas;2020;192
CIUDAD AUTÓNOMA DE CEUTA;6.1.-Tráfico de drogas;2019;284
CIUDAD AUTÓNOMA DE CEUTA;6.1.-Tráfico de drogas;2018;154
CIUDAD AUTÓNOMA DE CEUTA;6.2.-Contra la seguridad vial;2024;135
CIUDAD AUTÓNOMA DE CEUTA;6.2.-Contra la seguridad vial;2023;159
CIUDAD AUTÓNOMA DE CEUTA;6.2.-Contra la seguridad vial;2022;153
CIUDAD AUTÓNOMA DE CEUTA;6.2.-Contra la seguridad vial;2021;179
CIUDAD AUTÓNOMA DE CEUTA;6.2.-Contra la seguridad vial;2020;131
CIUDAD AUTÓNOMA DE CEUTA;6.2.-Contra la seguridad vial;2019;199
CIUDAD AUTÓNOMA DE CEUTA;6.2.-Contra la seguridad vial;2018;211
CIUDAD AUTÓNOMA DE CEUTA;6.3.-Otros contra la seguridad colectiva;2024;9
CIUDAD AUTÓNOMA DE CEUTA;6.3.-Otros contra la seguridad colectiva;2023;3
CIUDAD AUTÓNOMA DE CEUTA;6.3.-Otros contra la seguridad colectiva;2022;4
CIUDAD AUTÓNOMA DE CEUTA;6.3.-Otros contra la seguridad colectiva;2021;5
CIUDAD AUTÓNOMA DE CEUTA;6.3.-Otros contra la seguridad colectiva;2020;3
CIUDAD AUTÓNOMA DE CEUTA;6.3.-Otros contra la seguridad colectiva;2019;3
CIUDAD AUTÓNOMA DE CEUTA;6.3.-Otros contra la seguridad colectiva;2018;4
CIUDAD AUTÓNOMA DE CEUTA;7. FALSEDADES;2024;44
CIUDAD AUTÓNOMA DE CEUTA;7. FALSEDADES;2023;49
CIUDAD AUTÓNOMA DE CEUTA;7. FALSEDADES;2022;37
CIUDAD AUTÓNOMA DE CEUTA;7. FALSEDADES;2021;79
CIUDAD AUTÓNOMA DE CEUTA;7. FALSEDADES;2020;161
CIUDAD AUTÓNOMA DE CEUTA;7. FALSEDADES;2019;531
CIUDAD AUTÓNOMA DE CEUTA;7. FALSEDADES;2018;590
CIUDAD AUTÓNOMA DE CEUTA;8. ADMÓN. PÚBLICA;2024;1
CIUDAD AUTÓNOMA DE CEUTA;8. ADMÓN. PÚBLICA;2023;1
CIUDAD AUTÓNOMA DE CEUTA;8. ADMÓN. PÚBLICA;2022;0
CIUDAD AUTÓNOMA DE CEUTA;8. ADMÓN. PÚBLICA;2021;0
CIUDAD AUTÓNOMA DE CEUTA;8. ADMÓN. PÚBLICA;2020;1
CIUDAD AUTÓNOMA DE CEUTA;8. ADMÓN. PÚBLICA;2019;8
CIUDAD AUTÓNOMA DE CEUTA;8. ADMÓN. PÚBLICA;2018;9
CIUDAD AUTÓNOMA DE CEUTA;9. ADMÓN. JUSTICIA;2024;97
CIUDAD AUTÓNOMA DE CEUTA;9. ADMÓN. JUSTICIA;2023;97
CIUDAD AUTÓNOMA DE CEUTA;9. ADMÓN. JUSTICIA;2022;101
CIUDAD AUTÓNOMA DE CEUTA;9. ADMÓN. JUSTICIA;2021;99
CIUDAD AUTÓNOMA DE CEUTA;9. ADMÓN. JUSTICIA;2020;115
CIUDAD AUTÓNOMA DE CEUTA;9. ADMÓN. JUSTICIA;2019;148
CIUDAD AUTÓNOMA DE CEUTA;9. ADMÓN. JUSTICIA;2018;175
CIUDAD AUTÓNOMA DE CEUTA;10. ORDEN PÚBLICO;2024;103
CIUDAD AUTÓNOMA DE CEUTA;10. ORDEN PÚBLICO;2023;108
CIUDAD AUTÓNOMA DE CEUTA;10. ORDEN PÚBLICO;2022;137
CIUDAD AUTÓNOMA DE CEUTA;10. ORDEN PÚBLICO;2021;152
CIUDAD AUTÓNOMA DE CEUTA;10. ORDEN PÚBLICO;2020;147
CIUDAD AUTÓNOMA DE CEUTA;10. ORDEN PÚBLICO;2019;157
CIUDAD AUTÓNOMA DE CEUTA;10. ORDEN PÚBLICO;2018;128
CIUDAD AUTÓNOMA DE CEUTA;11. LEGISLACIÓN ESPECIAL;2024;1
CIUDAD AUTÓNOMA DE CEUTA;11. LEGISLACIÓN ESPECIAL;2023;0
CIUDAD AUTÓNOMA DE CEUTA;11. LEGISLACIÓN ESPECIAL;2022;2
CIUDAD AUTÓNOMA DE CEUTA;11. LEGISLACIÓN ESPECIAL;2021;1
CIUDAD AUTÓNOMA DE CEUTA;11. LEGISLACIÓN ESPECIAL;2020;3
CIUDAD AUTÓNOMA DE CEUTA;11. LEGISLACIÓN ESPECIAL;2019;5
CIUDAD AUTÓNOMA DE CEUTA;11. LEGISLACIÓN ESPECIAL;2018;3
CIUDAD AUTÓNOMA DE CEUTA;12. OTRAS INFRACCIONES PENALES;2024;25
CIUDAD AUTÓNOMA DE CEUTA;12. OTRAS INFRACCIONES PENALES;2023;29
CIUDAD AUTÓNOMA DE CEUTA;12. OTRAS INFRACCIONES PENALES;2022;49
CIUDAD AUTÓNOMA DE CEUTA;12. OTRAS INFRACCIONES PENALES;2021;42
CIUDAD AUTÓNOMA DE CEUTA;12. OTRAS INFRACCIONES PENALES;2020;56
CIUDAD AUTÓNOMA DE CEUTA;12. OTRAS INFRACCIONES PENALES;2019;157
CIUDAD AUTÓNOMA DE CEUTA;12. OTRAS INFRACCIONES PENALES;2018;134
CIUDAD AUTÓNOMA DE CEUTA;TOTAL INFRACCIONES PENALES;2024;2.052
CIUDAD AUTÓNOMA DE CEUTA;TOTAL INFRACCIONES PENALES;2023;2.021
CIUDAD AUTÓNOMA DE CEUTA;TOTAL INFRACCIONES PENALES;2022;1.974
CIUDAD AUTÓNOMA DE CEUTA;TOTAL INFRACCIONES PENALES;2021;2.299
CIUDAD AUTÓNOMA DE CEUTA;TOTAL INFRACCIONES PENALES;2020;2.157
CIUDAD AUTÓNOMA DE CEUTA;TOTAL INFRACCIONES PENALES;2019;2.972
CIUDAD AUTÓNOMA DE CEUTA;TOTAL INFRACCIONES PENALES;2018;2.910
CIUDAD AUTÓNOMA DE MELILLA;1. CONTRA LAS PERSONAS;2024;865
CIUDAD AUTÓNOMA DE MELILLA;1. CONTRA LAS PERSONAS;2023;839
CIUDAD AUTÓNOMA DE MELILLA;1. CONTRA LAS PERSONAS;2022;843
CIUDAD AUTÓNOMA DE MELILLA;1. CONTRA LAS PERSONAS;2021;799
CIUDAD AUTÓNOMA DE MELILLA;1. CONTRA LAS PERSONAS;2020;806
CIUDAD AUTÓNOMA DE MELILLA;1. CONTRA LAS PERSONAS;2019;855
CIUDAD AUTÓNOMA DE MELILLA;1. CONTRA LAS PERSONAS;2018;813
CIUDAD AUTÓNOMA DE MELILLA;1.1.-Homicidios dolosos/asesinatos;2024;1
CIUDAD AUTÓNOMA DE MELILLA;1.1.-Homicidios dolosos/asesinatos;2023;3
CIUDAD AUTÓNOMA DE MELILLA;1.1.-Homicidios dolosos/asesinatos;2022;6
CIUDAD AUTÓNOMA DE MELILLA;1.1.-Homicidios dolosos/asesinatos;2021;4
CIUDAD AUTÓNOMA DE MELILLA;1.1.-Homicidios dolosos/asesinatos;2020;2
CIUDAD AUTÓNOMA DE MELILLA;1.1.-Homicidios dolosos/asesinatos;2019;9
CIUDAD AUTÓNOMA DE MELILLA;1.1.-Homicidios dolosos/asesinatos;2018;2
CIUDAD AUTÓNOMA DE MELILLA;1.1.1.-Homicidios dolosos/asesinatos consumados;2024;0
CIUDAD AUTÓNOMA DE MELILLA;1.1.1.-Homicidios dolosos/asesinatos consumados;2023;0
CIUDAD AUTÓNOMA DE MELILLA;1.1.1.-Homicidios dolosos/asesinatos consumados;2022;2
CIUDAD AUTÓNOMA DE MELILLA;1.1.1.-Homicidios dolosos/asesinatos consumados;2021;0
CIUDAD AUTÓNOMA DE MELILLA;1.1.1.-Homicidios dolosos/asesinatos consumados;2020;0
CIUDAD AUTÓNOMA DE MELILLA;1.1.1.-Homicidios dolosos/asesinatos consumados;2019;1
CIUDAD AUTÓNOMA DE MELILLA;1.1.1.-Homicidios dolosos/asesinatos consumados;2018;0
CIUDAD AUTÓNOMA DE MELILLA;1.2.-Lesiones;2024;468
CIUDAD AUTÓNOMA DE MELILLA;1.2.-Lesiones;2023;424
CIUDAD AUTÓNOMA DE MELILLA;1.2.-Lesiones;2022;456
CIUDAD AUTÓNOMA DE MELILLA;1.2.-Lesiones;2021;451
CIUDAD AUTÓNOMA DE MELILLA;1.2.-Lesiones;2020;461
CIUDAD AUTÓNOMA DE MELILLA;1.2.-Lesiones;2019;518
CIUDAD AUTÓNOMA DE MELILLA;1.2.-Lesiones;2018;506
CIUDAD AUTÓNOMA DE MELILLA;1.3.-Malos tratos ámbito familiar;2024;378
CIUDAD AUTÓNOMA DE MELILLA;1.3.-Malos tratos ámbito familiar;2023;399
CIUDAD AUTÓNOMA DE MELILLA;1.3.-Malos tratos ámbito familiar;2022;363
CIUDAD AUTÓNOMA DE MELILLA;1.3.-Malos tratos ámbito familiar;2021;323
CIUDAD AUTÓNOMA DE MELILLA;1.3.-Malos tratos ámbito familiar;2020;320
CIUDAD AUTÓNOMA DE MELILLA;1.3.-Malos tratos ámbito familiar;2019;319
CIUDAD AUTÓNOMA DE MELILLA;1.3.-Malos tratos ámbito familiar;2018;282
CIUDAD AUTÓNOMA DE MELILLA;1.4.-Otros contra las personas;2024;18
CIUDAD AUTÓNOMA DE MELILLA;1.4.-Otros contra las personas;2023;13
CIUDAD AUTÓNOMA DE MELILLA;1.4.-Otros contra las personas;2022;18
CIUDAD AUTÓNOMA DE MELILLA;1.4.-Otros contra las personas;2021;21
CIUDAD AUTÓNOMA DE MELILLA;1.4.-Otros contra las personas;2020;23
CIUDAD AUTÓNOMA DE MELILLA;1.4.-Otros contra las personas;2019;9
CIUDAD AUTÓNOMA DE MELILLA;1.4.-Otros contra las personas;2018;23
CIUDAD AUTÓNOMA DE MELILLA;2. CONTRA LA LIBERTAD;2024;438
CIUDAD AUTÓNOMA DE MELILLA;2. CONTRA LA LIBERTAD;2023;384
CIUDAD AUTÓNOMA DE MELILLA;2. CONTRA LA LIBERTAD;2022;341
CIUDAD AUTÓNOMA DE MELILLA;2. CONTRA LA LIBERTAD;2021;346
CIUDAD AUTÓNOMA DE MELILLA;2. CONTRA LA LIBERTAD;2020;302
CIUDAD AUTÓNOMA DE MELILLA;2. CONTRA LA LIBERTAD;2019;253
CIUDAD AUTÓNOMA DE MELILLA;2. CONTRA LA LIBERTAD;2018;298
CIUDAD AUTÓNOMA DE MELILLA;2.1.-Malos tratos habituales en el ámbito familiar;2024;4
CIUDAD AUTÓNOMA DE MELILLA;2.1.-Malos tratos habituales en el ámbito familiar;2023;4
CIUDAD AUTÓNOMA DE MELILLA;2.1.-Malos tratos habituales en el ámbito familiar;2022;14
CIUDAD AUTÓNOMA DE MELILLA;2.1.-Malos tratos habituales en el ámbito familiar;2021;5
CIUDAD AUTÓNOMA DE MELILLA;2.1.-Malos tratos habituales en el ámbito familiar;2020;6
CIUDAD AUTÓNOMA DE MELILLA;2.1.-Malos tratos habituales en el ámbito familiar;2019;11
CIUDAD AUTÓNOMA DE MELILLA;2.1.-Malos tratos habituales en el ámbito familiar;2018;3
CIUDAD AUTÓNOMA DE MELILLA;2.2.-Otros contra la libertad;2024;434
CIUDAD AUTÓNOMA DE MELILLA;2.2.-Otros contra la libertad;2023;380
CIUDAD AUTÓNOMA DE MELILLA;2.2.-Otros contra la libertad;2022;327
CIUDAD AUTÓNOMA DE MELILLA;2.2.-Otros contra la libertad;2021;341
CIUDAD AUTÓNOMA DE MELILLA;2.2.-Otros contra la libertad;2020;296
CIUDAD AUTÓNOMA DE MELILLA;2.2.-Otros contra la libertad;2019;242
CIUDAD AUTÓNOMA DE MELILLA;2.2.-Otros contra la libertad;2018;295
CIUDAD AUTÓNOMA DE MELILLA;3. LIBERTAD SEXUAL;2024;35
CIUDAD AUTÓNOMA DE MELILLA;3. LIBERTAD SEXUAL;2023;37
CIUDAD AUTÓNOMA DE MELILLA;3. LIBERTAD SEXUAL;2022;19
CIUDAD AUTÓNOMA DE MELILLA;3. LIBERTAD SEXUAL;2021;32
CIUDAD AUTÓNOMA DE MELILLA;3. LIBERTAD SEXUAL;2020;24
CIUDAD AUTÓNOMA DE MELILLA;3. LIBERTAD SEXUAL;2019;27
CIUDAD AUTÓNOMA DE MELILLA;3. LIBERTAD SEXUAL;2018;22
CIUDAD AUTÓNOMA DE MELILLA;3.1.-Agresión sexual;2024;22
CIUDAD AUTÓNOMA DE MELILLA;3.1.-Agresión sexual;2023;30
CIUDAD AUTÓNOMA DE MELILLA;3.1.-Agresión sexual;2022;14
CIUDAD AUTÓNOMA DE MELILLA;3.1.-Agresión sexual;2021;23
CIUDAD AUTÓNOMA DE MELILLA;3.1.-Agresión sexual;2020;14
CIUDAD AUTÓNOMA DE MELILLA;3.1.-Agresión sexual;2019;19
CIUDAD AUTÓNOMA DE MELILLA;3.1.-Agresión sexual;2018;14
CIUDAD AUTÓNOMA DE MELILLA;3.2.-Agresión sexual con penetración;2024;8
CIUDAD AUTÓNOMA DE MELILLA;3.2.-Agresión sexual con penetración;2023;3
CIUDAD AUTÓNOMA DE MELILLA;3.2.-Agresión sexual con penetración;2022;3
CIUDAD AUTÓNOMA DE MELILLA;3.2.-Agresión sexual con penetración;2021;5
CIUDAD AUTÓNOMA DE MELILLA;3.2.-Agresión sexual con penetración;2020;6
CIUDAD AUTÓNOMA DE MELILLA;3.2.-Agresión sexual con penetración;2019;3
CIUDAD AUTÓNOMA DE MELILLA;3.2.-Agresión sexual con penetración;2018;2
CIUDAD AUTÓNOMA DE MELILLA;3.3.-Corrupción de menores o incapacitados;2024;0
CIUDAD AUTÓNOMA DE MELILLA;3.3.-Corrupción de menores o incapacitados;2023;0
CIUDAD AUTÓNOMA DE MELILLA;3.3.-Corrupción de menores o incapacitados;2022;0
CIUDAD AUTÓNOMA DE MELILLA;3.3.-Corrupción de menores o incapacitados;2021;1
CIUDAD AUTÓNOMA DE MELILLA;3.3.-Corrupción de menores o incapacitados;2020;2
CIUDAD AUTÓNOMA DE MELILLA;3.3.-Corrupción de menores o incapacitados;2019;0
CIUDAD AUTÓNOMA DE MELILLA;3.3.-Corrupción de menores o incapacitados;2018;1
CIUDAD AUTÓNOMA DE MELILLA;3.4.-Pornografía de menores;2024;0
CIUDAD AUTÓNOMA DE MELILLA;3.4.-Pornografía de menores;2023;2
CIUDAD AUTÓNOMA DE MELILLA;3.4.-Pornografía de menores;2022;0
CIUDAD AUTÓNOMA DE MELILLA;3.4.-Pornografía de menores;2021;1
CIUDAD AUTÓNOMA DE MELILLA;3.4.-Pornografía de menores;2020;0
CIUDAD AUTÓNOMA DE MELILLA;3.4.-Pornografía de menores;2019;0
CIUDAD AUTÓNOMA DE MELILLA;3.4.-Pornografía de menores;2018;1
CIUDAD AUTÓNOMA DE MELILLA;3.5.-Otros contra la libertad sexual;2024;5
CIUDAD AUTÓNOMA DE MELILLA;3.5.-Otros contra la libertad sexual;2023;2
CIUDAD AUTÓNOMA DE MELILLA;3.5.-Otros contra la libertad sexual;2022;2
CIUDAD AUTÓNOMA DE MELILLA;3.5.-Otros contra la libertad sexual;2021;2
CIUDAD AUTÓNOMA DE MELILLA;3.5.-Otros contra la libertad sexual;2020;2
CIUDAD AUTÓNOMA DE MELILLA;3.5.-Otros contra la libertad sexual;2019;5
CIUDAD AUTÓNOMA DE MELILLA;3.5.-Otros contra la libertad sexual;2018;4
CIUDAD AUTÓNOMA DE MELILLA;4. RELACIONES FAMILIARES;2024;17
CIUDAD AUTÓNOMA DE MELILLA;4. RELACIONES FAMILIARES;2023;12
CIUDAD AUTÓNOMA DE MELILLA;4. RELACIONES FAMILIARES;2022;10
CIUDAD AUTÓNOMA DE MELILLA;4. RELACIONES FAMILIARES;2021;22
CIUDAD AUTÓNOMA DE MELILLA;4. RELACIONES FAMILIARES;2020;23
CIUDAD AUTÓNOMA DE MELILLA;4. RELACIONES FAMILIARES;2019;25
CIUDAD AUTÓNOMA DE MELILLA;4. RELACIONES FAMILIARES;2018;19
CIUDAD AUTÓNOMA DE MELILLA;5. PATRIMONIO;2024;928
CIUDAD AUTÓNOMA DE MELILLA;5. PATRIMONIO;2023;827
CIUDAD AUTÓNOMA DE MELILLA;5. PATRIMONIO;2022;776
CIUDAD AUTÓNOMA DE MELILLA;5. PATRIMONIO;2021;698
CIUDAD AUTÓNOMA DE MELILLA;5. PATRIMONIO;2020;935
CIUDAD AUTÓNOMA DE MELILLA;5. PATRIMONIO;2019;1.171
CIUDAD AUTÓNOMA DE MELILLA;5. PATRIMONIO;2018;1.079
CIUDAD AUTÓNOMA DE MELILLA;5.1.-Hurtos;2024;262
CIUDAD AUTÓNOMA DE MELILLA;5.1.-Hurtos;2023;311
CIUDAD AUTÓNOMA DE MELILLA;5.1.-Hurtos;2022;284
CIUDAD AUTÓNOMA DE MELILLA;5.1.-Hurtos;2021;236
CIUDAD AUTÓNOMA DE MELILLA;5.1.-Hurtos;2020;355
CIUDAD AUTÓNOMA DE MELILLA;5.1.-Hurtos;2019;482
CIUDAD AUTÓNOMA DE MELILLA;5.1.-Hurtos;2018;350
CIUDAD AUTÓNOMA DE MELILLA;5.2.-Robos con fuerza en las cosas;2024;100
CIUDAD AUTÓNOMA DE MELILLA;5.2.-Robos con fuerza en las cosas;2023;93
CIUDAD AUTÓNOMA DE MELILLA;5.2.-Robos con fuerza en las cosas;2022;89
CIUDAD AUTÓNOMA DE MELILLA;5.2.-Robos con fuerza en las cosas;2021;65
CIUDAD AUTÓNOMA DE MELILLA;5.2.-Robos con fuerza en las cosas;2020;85
CIUDAD AUTÓNOMA DE MELILLA;5.2.-Robos con fuerza en las cosas;2019;151
CIUDAD AUTÓNOMA DE MELILLA;5.2.-Robos con fuerza en las cosas;2018;192
CIUDAD AUTÓNOMA DE MELILLA;5.2.1.-Robos con fuerza en las cosas en el interior de vehículos;2024;35
CIUDAD AUTÓNOMA DE MELILLA;5.2.1.-Robos con fuerza en las cosas en el interior de vehículos;2023;23
CIUDAD AUTÓNOMA DE MELILLA;5.2.1.-Robos con fuerza en las cosas en el interior de vehículos;2022;41
CIUDAD AUTÓNOMA DE MELILLA;5.2.1.-Robos con fuerza en las cosas en el interior de vehículos;2021;24
CIUDAD AUTÓNOMA DE MELILLA;5.2.1.-Robos con fuerza en las cosas en el interior de vehículos;2020;51
CIUDAD AUTÓNOMA DE MELILLA;5.2.1.-Robos con fuerza en las cosas en el interior de vehículos;2019;86
CIUDAD AUTÓNOMA DE MELILLA;5.2.1.-Robos con fuerza en las cosas en el interior de vehículos;2018;123
CIUDAD AUTÓNOMA DE MELILLA;5.2.2.-Robos con fuerza en viviendas;2024;17
CIUDAD AUTÓNOMA DE MELILLA;5.2.2.-Robos con fuerza en viviendas;2023;28
CIUDAD AUTÓNOMA DE MELILLA;5.2.2.-Robos con fuerza en viviendas;2022;20
CIUDAD AUTÓNOMA DE MELILLA;5.2.2.-Robos con fuerza en viviendas;2021;23
CIUDAD AUTÓNOMA DE MELILLA;5.2.2.-Robos con fuerza en viviendas;2020;17
CIUDAD AUTÓNOMA DE MELILLA;5.2.2.-Robos con fuerza en viviendas;2019;25
CIUDAD AUTÓNOMA DE MELILLA;5.2.2.-Robos con fuerza en viviendas;2018;28
CIUDAD AUTÓNOMA DE MELILLA;5.2.3.-Robos con fuerza en establecimientos;2024;30
CIUDAD AUTÓNOMA DE MELILLA;5.2.3.-Robos con fuerza en establecimientos;2023;30
CIUDAD AUTÓNOMA DE MELILLA;5.2.3.-Robos con fuerza en establecimientos;2022;18
CIUDAD AUTÓNOMA DE MELILLA;5.2.3.-Robos con fuerza en establecimientos;2021;9
CIUDAD AUTÓNOMA DE MELILLA;5.2.3.-Robos con fuerza en establecimientos;2020;8
CIUDAD AUTÓNOMA DE MELILLA;5.2.3.-Robos con fuerza en establecimientos;2019;17
CIUDAD AUTÓNOMA DE MELILLA;5.2.3.-Robos con fuerza en establecimientos;2018;13
CIUDAD AUTÓNOMA DE MELILLA;5.3.-Robos con violencia o intimidación;2024;79
CIUDAD AUTÓNOMA DE MELILLA;5.3.-Robos con violencia o intimidación;2023;92
CIUDAD AUTÓNOMA DE MELILLA;5.3.-Robos con violencia o intimidación;2022;91
CIUDAD AUTÓNOMA DE MELILLA;5.3.-Robos con violencia o intimidación;2021;130
CIUDAD AUTÓNOMA DE MELILLA;5.3.-Robos con violencia o intimidación;2020;222
CIUDAD AUTÓNOMA DE MELILLA;5.3.-Robos con violencia o intimidación;2019;251
CIUDAD AUTÓNOMA DE MELILLA;5.3.-Robos con violencia o intimidación;2018;223
CIUDAD AUTÓNOMA DE MELILLA;5.3.1.-Robos con violencia en vía pública;2024;46
CIUDAD AUTÓNOMA DE MELILLA;5.3.1.-Robos con violencia en vía pública;2023;66
CIUDAD AUTÓNOMA DE MELILLA;5.3.1.-Robos con violencia en vía pública;2022;72
CIUDAD AUTÓNOMA DE MELILLA;5.3.1.-Robos con violencia en vía pública;2021;86
CIUDAD AUTÓNOMA DE MELILLA;5.3.1.-Robos con violencia en vía pública;2020;165
CIUDAD AUTÓNOMA DE MELILLA;5.3.1.-Robos con violencia en vía pública;2019;155
CIUDAD AUTÓNOMA DE MELILLA;5.3.1.-Robos con violencia en vía pública;2018;177
CIUDAD AUTÓNOMA DE MELILLA;5.3.2.-Robos con violencia en viviendas;2024;7
CIUDAD AUTÓNOMA DE MELILLA;5.3.2.-Robos con violencia en viviendas;2023;9
CIUDAD AUTÓNOMA DE MELILLA;5.3.2.-Robos con violencia en viviendas;2022;6
CIUDAD AUTÓNOMA DE MELILLA;5.3.2.-Robos con violencia en viviendas;2021;2
CIUDAD AUTÓNOMA DE MELILLA;5.3.2.-Robos con violencia en viviendas;2020;2
CIUDAD AUTÓNOMA DE MELILLA;5.3.2.-Robos con violencia en viviendas;2019;5
CIUDAD AUTÓNOMA DE MELILLA;5.3.2.-Robos con violencia en viviendas;2018;3
CIUDAD AUTÓNOMA DE MELILLA;5.3.3.-Robos con violencia en establecimientos;2024;18
CIUDAD AUTÓNOMA DE MELILLA;5.3.3.-Robos con violencia en establecimientos;2023;10
CIUDAD AUTÓNOMA DE MELILLA;5.3.3.-Robos con violencia en establecimientos;2022;9
CIUDAD AUTÓNOMA DE MELILLA;5.3.3.-Robos con violencia en establecimientos;2021;13
CIUDAD AUTÓNOMA DE MELILLA;5.3.3.-Robos con violencia en establecimientos;2020;15
CIUDAD AUTÓNOMA DE MELILLA;5.3.3.-Robos con violencia en establecimientos;2019;7
CIUDAD AUTÓNOMA DE MELILLA;5.3.3.-Robos con violencia en establecimientos;2018;5
CIUDAD AUTÓNOMA DE MELILLA;5.4.-Sustracción de vehículos;2024;18
CIUDAD AUTÓNOMA DE MELILLA;5.4.-Sustracción de vehículos;2023;15
CIUDAD AUTÓNOMA DE MELILLA;5.4.-Sustracción de vehículos;2022;19
CIUDAD AUTÓNOMA DE MELILLA;5.4.-Sustracción de vehículos;2021;12
CIUDAD AUTÓNOMA DE MELILLA;5.4.-Sustracción de vehículos;2020;10
CIUDAD AUTÓNOMA DE MELILLA;5.4.-Sustracción de vehículos;2019;11
CIUDAD AUTÓNOMA DE MELILLA;5.4.-Sustracción de vehículos;2018;18
CIUDAD AUTÓNOMA DE MELILLA;5.5.-Estafas;2024;212
CIUDAD AUTÓNOMA DE MELILLA;5.5.-Estafas;2023;143
CIUDAD AUTÓNOMA DE MELILLA;5.5.-Estafas;2022;152
CIUDAD AUTÓNOMA DE MELILLA;5.5.-Estafas;2021;92
CIUDAD AUTÓNOMA DE MELILLA;5.5.-Estafas;2020;128
CIUDAD AUTÓNOMA DE MELILLA;5.5.-Estafas;2019;118
CIUDAD AUTÓNOMA DE MELILLA;5.5.-Estafas;2018;153
CIUDAD AUTÓNOMA DE MELILLA;5.5.1.-Estafas informáticas;2024;136
CIUDAD AUTÓNOMA DE MELILLA;5.5.1.-Estafas informáticas;2023;94
CIUDAD AUTÓNOMA DE MELILLA;5.5.1.-Estafas informáticas;2022;95
CIUDAD AUTÓNOMA DE MELILLA;5.5.1.-Estafas informáticas;2021;54
CIUDAD AUTÓNOMA DE MELILLA;5.5.1.-Estafas informáticas;2020;77
CIUDAD AUTÓNOMA DE MELILLA;5.5.1.-Estafas informáticas;2019;51
CIUDAD AUTÓNOMA DE MELILLA;5.5.1.-Estafas informáticas;2018;58
CIUDAD AUTÓNOMA DE MELILLA;5.6.-Daños;2024;180
CIUDAD AUTÓNOMA DE MELILLA;5.6.-Daños;2023;125
CIUDAD AUTÓNOMA DE MELILLA;5.6.-Daños;2022;92
CIUDAD AUTÓNOMA DE MELILLA;5.6.-Daños;2021;123
CIUDAD AUTÓNOMA DE MELILLA;5.6.-Daños;2020;85
CIUDAD AUTÓNOMA DE MELILLA;5.6.-Daños;2019;93
CIUDAD AUTÓNOMA DE MELILLA;5.6.-Daños;2018;96
CIUDAD AUTÓNOMA DE MELILLA;5.7.-Contra la propiedad intelectual/industrial;2024;0
CIUDAD AUTÓNOMA DE MELILLA;5.7.-Contra la propiedad intelectual/industrial;2023;1
CIUDAD AUTÓNOMA DE MELILLA;5.7.-Contra la propiedad intelectual/industrial;2022;0
CIUDAD AUTÓNOMA DE MELILLA;5.7.-Contra la propiedad intelectual/industrial;2021;1
CIUDAD AUTÓNOMA DE MELILLA;5.7.-Contra la propiedad intelectual/industrial;2020;1
CIUDAD AUTÓNOMA DE MELILLA;5.7.-Contra la propiedad intelectual/industrial;2019;5
CIUDAD AUTÓNOMA DE MELILLA;5.7.-Contra la propiedad intelectual/industrial;2018;10
CIUDAD AUTÓNOMA DE MELILLA;5.8.-Blanqueo de capitales;2024;0
CIUDAD AUTÓNOMA DE MELILLA;5.8.-Blanqueo de capitales;2023;0
CIUDAD AUTÓNOMA DE MELILLA;5.8.-Blanqueo de capitales;2022;1
CIUDAD AUTÓNOMA DE MELILLA;5.8.-Blanqueo de capitales;2021;1
CIUDAD AUTÓNOMA DE MELILLA;5.8.-Blanqueo de capitales;2020;0
CIUDAD AUTÓNOMA DE MELILLA;5.8.-Blanqueo de capitales;2019;5
CIUDAD AUTÓNOMA DE MELILLA;5.8.-Blanqueo de capitales;2018;0
CIUDAD AUTÓNOMA DE MELILLA;5.9.-Otros contra el patrimonio;2024;77
CIUDAD AUTÓNOMA DE MELILLA;5.9.-Otros contra el patrimonio;2023;47
CIUDAD AUTÓNOMA DE MELILLA;5.9.-Otros contra el patrimonio;2022;48
CIUDAD AUTÓNOMA DE MELILLA;5.9.-Otros contra el patrimonio;2021;38
CIUDAD AUTÓNOMA DE MELILLA;5.9.-Otros contra el patrimonio;2020;49
CIUDAD AUTÓNOMA DE MELILLA;5.9.-Otros contra el patrimonio;2019;55
CIUDAD AUTÓNOMA DE MELILLA;5.9.-Otros contra el patrimonio;2018;37
CIUDAD AUTÓNOMA DE MELILLA;6. SEGURIDAD COLECTIVA;2024;215
CIUDAD AUTÓNOMA DE MELILLA;6. SEGURIDAD COLECTIVA;2023;317
CIUDAD AUTÓNOMA DE MELILLA;6. SEGURIDAD COLECTIVA;2022;296
CIUDAD AUTÓNOMA DE MELILLA;6. SEGURIDAD COLECTIVA;2021;312
CIUDAD AUTÓNOMA DE MELILLA;6. SEGURIDAD COLECTIVA;2020;310
CIUDAD AUTÓNOMA DE MELILLA;6. SEGURIDAD COLECTIVA;2019;338
CIUDAD AUTÓNOMA DE MELILLA;6. SEGURIDAD COLECTIVA;2018;306
CIUDAD AUTÓNOMA DE MELILLA;6.1.-Tráfico de drogas;2024;40
CIUDAD AUTÓNOMA DE MELILLA;6.1.-Tráfico de drogas;2023;59
CIUDAD AUTÓNOMA DE MELILLA;6.1.-Tráfico de drogas;2022;64
CIUDAD AUTÓNOMA DE MELILLA;6.1.-Tráfico de drogas;2021;151
CIUDAD AUTÓNOMA DE MELILLA;6.1.-Tráfico de drogas;2020;125
CIUDAD AUTÓNOMA DE MELILLA;6.1.-Tráfico de drogas;2019;70
CIUDAD AUTÓNOMA DE MELILLA;6.1.-Tráfico de drogas;2018;43
CIUDAD AUTÓNOMA DE MELILLA;6.2.-Contra la seguridad vial;2024;167
CIUDAD AUTÓNOMA DE MELILLA;6.2.-Contra la seguridad vial;2023;253
CIUDAD AUTÓNOMA DE MELILLA;6.2.-Contra la seguridad vial;2022;230
CIUDAD AUTÓNOMA DE MELILLA;6.2.-Contra la seguridad vial;2021;155
CIUDAD AUTÓNOMA DE MELILLA;6.2.-Contra la seguridad vial;2020;180
CIUDAD AUTÓNOMA DE MELILLA;6.2.-Contra la seguridad vial;2019;251
CIUDAD AUTÓNOMA DE MELILLA;6.2.-Contra la seguridad vial;2018;230
CIUDAD AUTÓNOMA DE MELILLA;6.3.-Otros contra la seguridad colectiva;2024;8
CIUDAD AUTÓNOMA DE MELILLA;6.3.-Otros contra la seguridad colectiva;2023;5
CIUDAD AUTÓNOMA DE MELILLA;6.3.-Otros contra la seguridad colectiva;2022;2
CIUDAD AUTÓNOMA DE MELILLA;6.3.-Otros contra la seguridad colectiva;2021;6
CIUDAD AUTÓNOMA DE MELILLA;6.3.-Otros contra la seguridad colectiva;2020;5
CIUDAD AUTÓNOMA DE MELILLA;6.3.-Otros contra la seguridad colectiva;2019;17
CIUDAD AUTÓNOMA DE MELILLA;6.3.-Otros contra la seguridad colectiva;2018;33
CIUDAD AUTÓNOMA DE MELILLA;7. FALSEDADES;2024;47
CIUDAD AUTÓNOMA DE MELILLA;7. FALSEDADES;2023;44
CIUDAD AUTÓNOMA DE MELILLA;7. FALSEDADES;2022;38
CIUDAD AUTÓNOMA DE MELILLA;7. FALSEDADES;2021;36
CIUDAD AUTÓNOMA DE MELILLA;7. FALSEDADES;2020;84
CIUDAD AUTÓNOMA DE MELILLA;7. FALSEDADES;2019;284
CIUDAD AUTÓNOMA DE MELILLA;7. FALSEDADES;2018;188
CIUDAD AUTÓNOMA DE MELILLA;8. ADMÓN. PÚBLICA;2024;6
CIUDAD AUTÓNOMA DE MELILLA;8. ADMÓN. PÚBLICA;2023;4
CIUDAD AUTÓNOMA DE MELILLA;8. ADMÓN. PÚBLICA;2022;1
CIUDAD AUTÓNOMA DE MELILLA;8. ADMÓN. PÚBLICA;2021;0
CIUDAD AUTÓNOMA DE MELILLA;8. ADMÓN. PÚBLICA;2020;0
CIUDAD AUTÓNOMA DE MELILLA;8. ADMÓN. PÚBLICA;2019;1
CIUDAD AUTÓNOMA DE MELILLA;8. ADMÓN. PÚBLICA;2018;0
CIUDAD AUTÓNOMA DE MELILLA;9. ADMÓN. JUSTICIA;2024;160
CIUDAD AUTÓNOMA DE MELILLA;9. ADMÓN. JUSTICIA;2023;134
CIUDAD AUTÓNOMA DE MELILLA;9. ADMÓN. JUSTICIA;2022;99
CIUDAD AUTÓNOMA DE MELILLA;9. ADMÓN. JUSTICIA;2021;78
CIUDAD AUTÓNOMA DE MELILLA;9. ADMÓN. JUSTICIA;2020;94
CIUDAD AUTÓNOMA DE MELILLA;9. ADMÓN. JUSTICIA;2019;95
CIUDAD AUTÓNOMA DE MELILLA;9. ADMÓN. JUSTICIA;2018;78
CIUDAD AUTÓNOMA DE MELILLA;10. ORDEN PÚBLICO;2024;110
CIUDAD AUTÓNOMA DE MELILLA;10. ORDEN PÚBLICO;2023;100
CIUDAD AUTÓNOMA DE MELILLA;10. ORDEN PÚBLICO;2022;103
CIUDAD AUTÓNOMA DE MELILLA;10. ORDEN PÚBLICO;2021;129
CIUDAD AUTÓNOMA DE MELILLA;10. ORDEN PÚBLICO;2020;169
CIUDAD AUTÓNOMA DE MELILLA;10. ORDEN PÚBLICO;2019;134
CIUDAD AUTÓNOMA DE MELILLA;10. ORDEN PÚBLICO;2018;154
CIUDAD AUTÓNOMA DE MELILLA;11. LEGISLACIÓN ESPECIAL;2024;1
CIUDAD AUTÓNOMA DE MELILLA;11. LEGISLACIÓN ESPECIAL;2023;4
CIUDAD AUTÓNOMA DE MELILLA;11. LEGISLACIÓN ESPECIAL;2022;0
CIUDAD AUTÓNOMA DE MELILLA;11. LEGISLACIÓN ESPECIAL;2021;2
CIUDAD AUTÓNOMA DE MELILLA;11. LEGISLACIÓN ESPECIAL;2020;0
CIUDAD AUTÓNOMA DE MELILLA;11. LEGISLACIÓN ESPECIAL;2019;8
CIUDAD AUTÓNOMA DE MELILLA;11. LEGISLACIÓN ESPECIAL;2018;1
CIUDAD AUTÓNOMA DE MELILLA;12. OTRAS INFRACCIONES PENALES;2024;26
CIUDAD AUTÓNOMA DE MELILLA;12. OTRAS INFRACCIONES PENALES;2023;41
CIUDAD AUTÓNOMA DE MELILLA;12. OTRAS INFRACCIONES PENALES;2022;52
CIUDAD AUTÓNOMA DE MELILLA;12. OTRAS INFRACCIONES PENALES;2021;38
CIUDAD AUTÓNOMA DE MELILLA;12. OTRAS INFRACCIONES PENALES;2020;37
CIUDAD AUTÓNOMA DE MELILLA;12. OTRAS INFRACCIONES PENALES;2019;127
CIUDAD AUTÓNOMA DE MELILLA;12. OTRAS INFRACCIONES PENALES;2018;123
CIUDAD AUTÓNOMA DE MELILLA;TOTAL INFRACCIONES PENALES;2024;2.848
CIUDAD AUTÓNOMA DE MELILLA;TOTAL INFRACCIONES PENALES;2023;2.743
CIUDAD AUTÓNOMA DE MELILLA;TOTAL INFRACCIONES PENALES;2022;2.578
CIUDAD AUTÓNOMA DE MELILLA;TOTAL INFRACCIONES PENALES;2021;2.492
CIUDAD AUTÓNOMA DE MELILLA;TOTAL INFRACCIONES PENALES;2020;2.784
CIUDAD AUTÓNOMA DE MELILLA;TOTAL INFRACCIONES PENALES;2019;3.318
CIUDAD AUTÓNOMA DE MELILLA;TOTAL INFRACCIONES PENALES;2018;3.081
EN EL EXTRANJERO;1. CONTRA LAS PERSONAS;2024;177
EN EL EXTRANJERO;1. CONTRA LAS PERSONAS;2023;165
EN EL EXTRANJERO;1. CONTRA LAS PERSONAS;2022;152
EN EL EXTRANJERO;1. CONTRA LAS PERSONAS;2021;96
EN EL EXTRANJERO;1. CONTRA LAS PERSONAS;2020;96
EN EL EXTRANJERO;1. CONTRA LAS PERSONAS;2019;156
EN EL EXTRANJERO;1. CONTRA LAS PERSONAS;2018;127
EN EL EXTRANJERO;1.1.-Homicidios dolosos/asesinatos;2024;0
EN EL EXTRANJERO;1.1.-Homicidios dolosos/asesinatos;2023;1
EN EL EXTRANJERO;1.1.-Homicidios dolosos/asesinatos;2022;1
EN EL EXTRANJERO;1.1.-Homicidios dolosos/asesinatos;2021;0
EN EL EXTRANJERO;1.1.-Homicidios dolosos/asesinatos;2020;0
EN EL EXTRANJERO;1.1.-Homicidios dolosos/asesinatos;2019;2
EN EL EXTRANJERO;1.1.-Homicidios dolosos/asesinatos;2018;1
EN EL EXTRANJERO;1.1.1.-Homicidios dolosos/asesinatos consumados;2024;0
EN EL EXTRANJERO;1.1.1.-Homicidios dolosos/asesinatos consumados;2023;1
EN EL EXTRANJERO;1.1.1.-Homicidios dolosos/asesinatos consumados;2022;1
EN EL EXTRANJERO;1.1.1.-Homicidios dolosos/asesinatos consumados;2021;0
EN EL EXTRANJERO;1.1.1.-Homicidios dolosos/asesinatos consumados;2020;0
EN EL EXTRANJERO;1.1.1.-Homicidios dolosos/asesinatos consumados;2019;1
EN EL EXTRANJERO;1.1.1.-Homicidios dolosos/asesinatos consumados;2018;1
EN EL EXTRANJERO;1.2.-Lesiones;2024;24
EN EL EXTRANJERO;1.2.-Lesiones;2023;7
EN EL EXTRANJERO;1.2.-Lesiones;2022;14
EN EL EXTRANJERO;1.2.-Lesiones;2021;7
EN EL EXTRANJERO;1.2.-Lesiones;2020;12
EN EL EXTRANJERO;1.2.-Lesiones;2019;16
EN EL EXTRANJERO;1.2.-Lesiones;2018;8
EN EL EXTRANJERO;1.3.-Malos tratos ámbito familiar;2024;151
EN EL EXTRANJERO;1.3.-Malos tratos ámbito familiar;2023;156
EN EL EXTRANJERO;1.3.-Malos tratos ámbito familiar;2022;136
EN EL EXTRANJERO;1.3.-Malos tratos ámbito familiar;2021;88
EN EL EXTRANJERO;1.3.-Malos tratos ámbito familiar;2020;84
EN EL EXTRANJERO;1.3.-Malos tratos ámbito familiar;2019;138
EN EL EXTRANJERO;1.3.-Malos tratos ámbito familiar;2018;117
EN EL EXTRANJERO;1.4.-Otros contra las personas;2024;2
EN EL EXTRANJERO;1.4.-Otros contra las personas;2023;1
EN EL EXTRANJERO;1.4.-Otros contra las personas;2022;1
EN EL EXTRANJERO;1.4.-Otros contra las personas;2021;1
EN EL EXTRANJERO;1.4.-Otros contra las personas;2020;0
EN EL EXTRANJERO;1.4.-Otros contra las personas;2019;0
EN EL EXTRANJERO;1.4.-Otros contra las personas;2018;1
EN EL EXTRANJERO;2. CONTRA LA LIBERTAD;2024;74
EN EL EXTRANJERO;2. CONTRA LA LIBERTAD;2023;74
EN EL EXTRANJERO;2. CONTRA LA LIBERTAD;2022;75
EN EL EXTRANJERO;2. CONTRA LA LIBERTAD;2021;80
EN EL EXTRANJERO;2. CONTRA LA LIBERTAD;2020;85
EN EL EXTRANJERO;2. CONTRA LA LIBERTAD;2019;94
EN EL EXTRANJERO;2. CONTRA LA LIBERTAD;2018;81
EN EL EXTRANJERO;2.1.-Malos tratos habituales en el ámbito familiar;2024;20
EN EL EXTRANJERO;2.1.-Malos tratos habituales en el ámbito familiar;2023;14
EN EL EXTRANJERO;2.1.-Malos tratos habituales en el ámbito familiar;2022;19
EN EL EXTRANJERO;2.1.-Malos tratos habituales en el ámbito familiar;2021;13
EN EL EXTRANJERO;2.1.-Malos tratos habituales en el ámbito familiar;2020;16
EN EL EXTRANJERO;2.1.-Malos tratos habituales en el ámbito familiar;2019;10
EN EL EXTRANJERO;2.1.-Malos tratos habituales en el ámbito familiar;2018;10
EN EL EXTRANJERO;2.2.-Otros contra la libertad;2024;54
EN EL EXTRANJERO;2.2.-Otros contra la libertad;2023;60
EN EL EXTRANJERO;2.2.-Otros contra la libertad;2022;56
EN EL EXTRANJERO;2.2.-Otros contra la libertad;2021;67
EN EL EXTRANJERO;2.2.-Otros contra la libertad;2020;69
EN EL EXTRANJERO;2.2.-Otros contra la libertad;2019;84
EN EL EXTRANJERO;2.2.-Otros contra la libertad;2018;71
EN EL EXTRANJERO;3. LIBERTAD SEXUAL;2024;61
EN EL EXTRANJERO;3. LIBERTAD SEXUAL;2023;47
EN EL EXTRANJERO;3. LIBERTAD SEXUAL;2022;43
EN EL EXTRANJERO;3. LIBERTAD SEXUAL;2021;31
EN EL EXTRANJERO;3. LIBERTAD SEXUAL;2020;21
EN EL EXTRANJERO;3. LIBERTAD SEXUAL;2019;48
EN EL EXTRANJERO;3. LIBERTAD SEXUAL;2018;25
EN EL EXTRANJERO;3.1.-Agresión sexual;2024;39
EN EL EXTRANJERO;3.1.-Agresión sexual;2023;24
EN EL EXTRANJERO;3.1.-Agresión sexual;2022;30
EN EL EXTRANJERO;3.1.-Agresión sexual;2021;22
EN EL EXTRANJERO;3.1.-Agresión sexual;2020;11
EN EL EXTRANJERO;3.1.-Agresión sexual;2019;19
EN EL EXTRANJERO;3.1.-Agresión sexual;2018;13
EN EL EXTRANJERO;3.2.-Agresión sexual con penetración;2024;15
EN EL EXTRANJERO;3.2.-Agresión sexual con penetración;2023;21
EN EL EXTRANJERO;3.2.-Agresión sexual con penetración;2022;11
EN EL EXTRANJERO;3.2.-Agresión sexual con penetración;2021;8
EN EL EXTRANJERO;3.2.-Agresión sexual con penetración;2020;7
EN EL EXTRANJERO;3.2.-Agresión sexual con penetración;2019;18
EN EL EXTRANJERO;3.2.-Agresión sexual con penetración;2018;7
EN EL EXTRANJERO;3.3.-Corrupción de menores o incapacitados;2024;0
EN EL EXTRANJERO;3.3.-Corrupción de menores o incapacitados;2023;0
EN EL EXTRANJERO;3.3.-Corrupción de menores o incapacitados;2022;0
EN EL EXTRANJERO;3.3.-Corrupción de menores o incapacitados;2021;1
EN EL EXTRANJERO;3.3.-Corrupción de menores o incapacitados;2020;0
EN EL EXTRANJERO;3.3.-Corrupción de menores o incapacitados;2019;0
EN EL EXTRANJERO;3.3.-Corrupción de menores o incapacitados;2018;0
EN EL EXTRANJERO;3.4.-Pornografía de menores;2024;3
EN EL EXTRANJERO;3.4.-Pornografía de menores;2023;1
EN EL EXTRANJERO;3.4.-Pornografía de menores;2022;1
EN EL EXTRANJERO;3.4.-Pornografía de menores;2021;0
EN EL EXTRANJERO;3.4.-Pornografía de menores;2020;1
EN EL EXTRANJERO;3.4.-Pornografía de menores;2019;8
EN EL EXTRANJERO;3.4.-Pornografía de menores;2018;4
EN EL EXTRANJERO;3.5.-Otros contra la libertad sexual;2024;4
EN EL EXTRANJERO;3.5.-Otros contra la libertad sexual;2023;1
EN EL EXTRANJERO;3.5.-Otros contra la libertad sexual;2022;1
EN EL EXTRANJERO;3.5.-Otros contra la libertad sexual;2021;0
EN EL EXTRANJERO;3.5.-Otros contra la libertad sexual;2020;2
EN EL EXTRANJERO;3.5.-Otros contra la libertad sexual;2019;3
EN EL EXTRANJERO;3.5.-Otros contra la libertad sexual;2018;1
EN EL EXTRANJERO;4. RELACIONES FAMILIARES;2024;37
EN EL EXTRANJERO;4. RELACIONES FAMILIARES;2023;49
EN EL EXTRANJERO;4. RELACIONES FAMILIARES;2022;46
EN EL EXTRANJERO;4. RELACIONES FAMILIARES;2021;74
EN EL EXTRANJERO;4. RELACIONES FAMILIARES;2020;39
EN EL EXTRANJERO;4. RELACIONES FAMILIARES;2019;65
EN EL EXTRANJERO;4. RELACIONES FAMILIARES;2018;60
EN EL EXTRANJERO;5. PATRIMONIO;2024;640
EN EL EXTRANJERO;5. PATRIMONIO;2023;645
EN EL EXTRANJERO;5. PATRIMONIO;2022;704
EN EL EXTRANJERO;5. PATRIMONIO;2021;393
EN EL EXTRANJERO;5. PATRIMONIO;2020;450
EN EL EXTRANJERO;5. PATRIMONIO;2019;607
EN EL EXTRANJERO;5. PATRIMONIO;2018;441
EN EL EXTRANJERO;5.1.-Hurtos;2024;26
EN EL EXTRANJERO;5.1.-Hurtos;2023;13
EN EL EXTRANJERO;5.1.-Hurtos;2022;14
EN EL EXTRANJERO;5.1.-Hurtos;2021;8
EN EL EXTRANJERO;5.1.-Hurtos;2020;9
EN EL EXTRANJERO;5.1.-Hurtos;2019;11
EN EL EXTRANJERO;5.1.-Hurtos;2018;11
EN EL EXTRANJERO;5.2.-Robos con fuerza en las cosas;2024;2
EN EL EXTRANJERO;5.2.-Robos con fuerza en las cosas;2023;2
EN EL EXTRANJERO;5.2.-Robos con fuerza en las cosas;2022;6
EN EL EXTRANJERO;5.2.-Robos con fuerza en las cosas;2021;4
EN EL EXTRANJERO;5.2.-Robos con fuerza en las cosas;2020;1
EN EL EXTRANJERO;5.2.-Robos con fuerza en las cosas;2019;2
EN EL EXTRANJERO;5.2.-Robos con fuerza en las cosas;2018;3
EN EL EXTRANJERO;5.2.1.-Robos con fuerza en las cosas en el interior de vehículos;2024;0
EN EL EXTRANJERO;5.2.1.-Robos con fuerza en las cosas en el interior de vehículos;2023;0
EN EL EXTRANJERO;5.2.1.-Robos con fuerza en las cosas en el interior de vehículos;2022;4
EN EL EXTRANJERO;5.2.1.-Robos con fuerza en las cosas en el interior de vehículos;2021;2
EN EL EXTRANJERO;5.2.1.-Robos con fuerza en las cosas en el interior de vehículos;2020;0
EN EL EXTRANJERO;5.2.1.-Robos con fuerza en las cosas en el interior de vehículos;2019;1
EN EL EXTRANJERO;5.2.1.-Robos con fuerza en las cosas en el interior de vehículos;2018;0
EN EL EXTRANJERO;5.2.2.-Robos con fuerza en viviendas;2024;0
EN EL EXTRANJERO;5.2.2.-Robos con fuerza en viviendas;2023;0
EN EL EXTRANJERO;5.2.2.-Robos con fuerza en viviendas;2022;0
EN EL EXTRANJERO;5.2.2.-Robos con fuerza en viviendas;2021;0
EN EL EXTRANJERO;5.2.2.-Robos con fuerza en viviendas;2020;0
EN EL EXTRANJERO;5.2.2.-Robos con fuerza en viviendas;2019;1
EN EL EXTRANJERO;5.2.2.-Robos con fuerza en viviendas;2018;0
EN EL EXTRANJERO;5.2.3.-Robos con fuerza en establecimientos;2024;0
EN EL EXTRANJERO;5.2.3.-Robos con fuerza en establecimientos;2023;0
EN EL EXTRANJERO;5.2.3.-Robos con fuerza en establecimientos;2022;0
EN EL EXTRANJERO;5.2.3.-Robos con fuerza en establecimientos;2021;0
EN EL EXTRANJERO;5.2.3.-Robos con fuerza en establecimientos;2020;1
EN EL EXTRANJERO;5.2.3.-Robos con fuerza en establecimientos;2019;0
EN EL EXTRANJERO;5.2.3.-Robos con fuerza en establecimientos;2018;1
EN EL EXTRANJERO;5.3.-Robos con violencia o intimidación;2024;1
EN EL EXTRANJERO;5.3.-Robos con violencia o intimidación;2023;2
EN EL EXTRANJERO;5.3.-Robos con violencia o intimidación;2022;3
EN EL EXTRANJERO;5.3.-Robos con violencia o intimidación;2021;0
EN EL EXTRANJERO;5.3.-Robos con violencia o intimidación;2020;1
EN EL EXTRANJERO;5.3.-Robos con violencia o intimidación;2019;1
EN EL EXTRANJERO;5.3.-Robos con violencia o intimidación;2018;4
EN EL EXTRANJERO;5.3.1.-Robos con violencia en vía pública;2024;0
EN EL EXTRANJERO;5.3.1.-Robos con violencia en vía pública;2023;1
EN EL EXTRANJERO;5.3.1.-Robos con violencia en vía pública;2022;1
EN EL EXTRANJERO;5.3.1.-Robos con violencia en vía pública;2021;0
EN EL EXTRANJERO;5.3.1.-Robos con violencia en vía pública;2020;1
EN EL EXTRANJERO;5.3.1.-Robos con violencia en vía pública;2019;0
EN EL EXTRANJERO;5.3.1.-Robos con violencia en vía pública;2018;3
EN EL EXTRANJERO;5.3.2.-Robos con violencia en viviendas;2024;0
EN EL EXTRANJERO;5.3.2.-Robos con violencia en viviendas;2023;0
EN EL EXTRANJERO;5.3.2.-Robos con violencia en viviendas;2022;0
EN EL EXTRANJERO;5.3.2.-Robos con violencia en viviendas;2021;0
EN EL EXTRANJERO;5.3.2.-Robos con violencia en viviendas;2020;0
EN EL EXTRANJERO;5.3.2.-Robos con violencia en viviendas;2019;0
EN EL EXTRANJERO;5.3.2.-Robos con violencia en viviendas;2018;1
EN EL EXTRANJERO;5.3.3.-Robos con violencia en establecimientos;2024;1
EN EL EXTRANJERO;5.3.3.-Robos con violencia en establecimientos;2023;1
EN EL EXTRANJERO;5.3.3.-Robos con violencia en establecimientos;2022;0
EN EL EXTRANJERO;5.3.3.-Robos con violencia en establecimientos;2021;0
EN EL EXTRANJERO;5.3.3.-Robos con violencia en establecimientos;2020;0
EN EL EXTRANJERO;5.3.3.-Robos con violencia en establecimientos;2019;0
EN EL EXTRANJERO;5.3.3.-Robos con violencia en establecimientos;2018;0
EN EL EXTRANJERO;5.4.-Sustracción de vehículos;2024;140
EN EL EXTRANJERO;5.4.-Sustracción de vehículos;2023;102
EN EL EXTRANJERO;5.4.-Sustracción de vehículos;2022;48
EN EL EXTRANJERO;5.4.-Sustracción de vehículos;2021;54
EN EL EXTRANJERO;5.4.-Sustracción de vehículos;2020;75
EN EL EXTRANJERO;5.4.-Sustracción de vehículos;2019;85
EN EL EXTRANJERO;5.4.-Sustracción de vehículos;2018;70
EN EL EXTRANJERO;5.5.-Estafas;2024;399
EN EL EXTRANJERO;5.5.-Estafas;2023;472
EN EL EXTRANJERO;5.5.-Estafas;2022;599
EN EL EXTRANJERO;5.5.-Estafas;2021;311
EN EL EXTRANJERO;5.5.-Estafas;2020;340
EN EL EXTRANJERO;5.5.-Estafas;2019;478
EN EL EXTRANJERO;5.5.-Estafas;2018;311
EN EL EXTRANJERO;5.5.1.-Estafas informáticas;2024;335
EN EL EXTRANJERO;5.5.1.-Estafas informáticas;2023;401
EN EL EXTRANJERO;5.5.1.-Estafas informáticas;2022;500
EN EL EXTRANJERO;5.5.1.-Estafas informáticas;2021;235
EN EL EXTRANJERO;5.5.1.-Estafas informáticas;2020;266
EN EL EXTRANJERO;5.5.1.-Estafas informáticas;2019;284
EN EL EXTRANJERO;5.5.1.-Estafas informáticas;2018;165
EN EL EXTRANJERO;5.6.-Daños;2024;3
EN EL EXTRANJERO;5.6.-Daños;2023;0
EN EL EXTRANJERO;5.6.-Daños;2022;3
EN EL EXTRANJERO;5.6.-Daños;2021;2
EN EL EXTRANJERO;5.6.-Daños;2020;1
EN EL EXTRANJERO;5.6.-Daños;2019;1
EN EL EXTRANJERO;5.6.-Daños;2018;0
EN EL EXTRANJERO;5.7.-Contra la propiedad intelectual/industrial;2024;3
EN EL EXTRANJERO;5.7.-Contra la propiedad intelectual/industrial;2023;1
EN EL EXTRANJERO;5.7.-Contra la propiedad intelectual/industrial;2022;1
EN EL EXTRANJERO;5.7.-Contra la propiedad intelectual/industrial;2021;0
EN EL EXTRANJERO;5.7.-Contra la propiedad intelectual/industrial;2020;1
EN EL EXTRANJERO;5.7.-Contra la propiedad intelectual/industrial;2019;0
EN EL EXTRANJERO;5.7.-Contra la propiedad intelectual/industrial;2018;0
EN EL EXTRANJERO;5.8.-Blanqueo de capitales;2024;17
EN EL EXTRANJERO;5.8.-Blanqueo de capitales;2023;18
EN EL EXTRANJERO;5.8.-Blanqueo de capitales;2022;6
EN EL EXTRANJERO;5.8.-Blanqueo de capitales;2021;0
EN EL EXTRANJERO;5.8.-Blanqueo de capitales;2020;3
EN EL EXTRANJERO;5.8.-Blanqueo de capitales;2019;8
EN EL EXTRANJERO;5.8.-Blanqueo de capitales;2018;6
EN EL EXTRANJERO;5.9.-Otros contra el patrimonio;2024;49
EN EL EXTRANJERO;5.9.-Otros contra el patrimonio;2023;35
EN EL EXTRANJERO;5.9.-Otros contra el patrimonio;2022;24
EN EL EXTRANJERO;5.9.-Otros contra el patrimonio;2021;14
EN EL EXTRANJERO;5.9.-Otros contra el patrimonio;2020;19
EN EL EXTRANJERO;5.9.-Otros contra el patrimonio;2019;21
EN EL EXTRANJERO;5.9.-Otros contra el patrimonio;2018;36
EN EL EXTRANJERO;6. SEGURIDAD COLECTIVA;2024;51
EN EL EXTRANJERO;6. SEGURIDAD COLECTIVA;2023;45
EN EL EXTRANJERO;6. SEGURIDAD COLECTIVA;2022;23
EN EL EXTRANJERO;6. SEGURIDAD COLECTIVA;2021;23
EN EL EXTRANJERO;6. SEGURIDAD COLECTIVA;2020;24
EN EL EXTRANJERO;6. SEGURIDAD COLECTIVA;2019;12
EN EL EXTRANJERO;6. SEGURIDAD COLECTIVA;2018;10
EN EL EXTRANJERO;6.1.-Tráfico de drogas;2024;50
EN EL EXTRANJERO;6.1.-Tráfico de drogas;2023;41
EN EL EXTRANJERO;6.1.-Tráfico de drogas;2022;22
EN EL EXTRANJERO;6.1.-Tráfico de drogas;2021;23
EN EL EXTRANJERO;6.1.-Tráfico de drogas;2020;22
EN EL EXTRANJERO;6.1.-Tráfico de drogas;2019;12
EN EL EXTRANJERO;6.1.-Tráfico de drogas;2018;10
EN EL EXTRANJERO;6.2.-Contra la seguridad vial;2024;1
EN EL EXTRANJERO;6.2.-Contra la seguridad vial;2023;1
EN EL EXTRANJERO;6.2.-Contra la seguridad vial;2022;1
EN EL EXTRANJERO;6.2.-Contra la seguridad vial;2021;0
EN EL EXTRANJERO;6.2.-Contra la seguridad vial;2020;0
EN EL EXTRANJERO;6.2.-Contra la seguridad vial;2019;0
EN EL EXTRANJERO;6.2.-Contra la seguridad vial;2018;0
EN EL EXTRANJERO;6.3.-Otros contra la seguridad colectiva;2024;0
EN EL EXTRANJERO;6.3.-Otros contra la seguridad colectiva;2023;3
EN EL EXTRANJERO;6.3.-Otros contra la seguridad colectiva;2022;0
EN EL EXTRANJERO;6.3.-Otros contra la seguridad colectiva;2021;0
EN EL EXTRANJERO;6.3.-Otros contra la seguridad colectiva;2020;2
EN EL EXTRANJERO;6.3.-Otros contra la seguridad colectiva;2019;0
EN EL EXTRANJERO;6.3.-Otros contra la seguridad colectiva;2018;0
EN EL EXTRANJERO;7. FALSEDADES;2024;20
EN EL EXTRANJERO;7. FALSEDADES;2023;25
EN EL EXTRANJERO;7. FALSEDADES;2022;14
EN EL EXTRANJERO;7. FALSEDADES;2021;14
EN EL EXTRANJERO;7. FALSEDADES;2020;51
EN EL EXTRANJERO;7. FALSEDADES;2019;159
EN EL EXTRANJERO;7. FALSEDADES;2018;298
EN EL EXTRANJERO;8. ADMÓN. PÚBLICA;2024;1
EN EL EXTRANJERO;8. ADMÓN. PÚBLICA;2023;0
EN EL EXTRANJERO;8. ADMÓN. PÚBLICA;2022;1
EN EL EXTRANJERO;8. ADMÓN. PÚBLICA;2021;0
EN EL EXTRANJERO;8. ADMÓN. PÚBLICA;2020;3
EN EL EXTRANJERO;8. ADMÓN. PÚBLICA;2019;0
EN EL EXTRANJERO;8. ADMÓN. PÚBLICA;2018;1
EN EL EXTRANJERO;9. ADMÓN. JUSTICIA;2024;21
EN EL EXTRANJERO;9. ADMÓN. JUSTICIA;2023;25
EN EL EXTRANJERO;9. ADMÓN. JUSTICIA;2022;21
EN EL EXTRANJERO;9. ADMÓN. JUSTICIA;2021;17
EN EL EXTRANJERO;9. ADMÓN. JUSTICIA;2020;18
EN EL EXTRANJERO;9. ADMÓN. JUSTICIA;2019;31
EN EL EXTRANJERO;9. ADMÓN. JUSTICIA;2018;27
EN EL EXTRANJERO;10. ORDEN PÚBLICO;2024;20
EN EL EXTRANJERO;10. ORDEN PÚBLICO;2023;27
EN EL EXTRANJERO;10. ORDEN PÚBLICO;2022;10
EN EL EXTRANJERO;10. ORDEN PÚBLICO;2021;7
EN EL EXTRANJERO;10. ORDEN PÚBLICO;2020;5
EN EL EXTRANJERO;10. ORDEN PÚBLICO;2019;4
EN EL EXTRANJERO;10. ORDEN PÚBLICO;2018;2
EN EL EXTRANJERO;11. LEGISLACIÓN ESPECIAL;2024;1
EN EL EXTRANJERO;11. LEGISLACIÓN ESPECIAL;2023;0
EN EL EXTRANJERO;11. LEGISLACIÓN ESPECIAL;2022;1
EN EL EXTRANJERO;11. LEGISLACIÓN ESPECIAL;2021;1
EN EL EXTRANJERO;11. LEGISLACIÓN ESPECIAL;2020;0
EN EL EXTRANJERO;11. LEGISLACIÓN ESPECIAL;2019;2
EN EL EXTRANJERO;11. LEGISLACIÓN ESPECIAL;2018;0
EN EL EXTRANJERO;12. OTRAS INFRACCIONES PENALES;2024;7
EN EL EXTRANJERO;12. OTRAS INFRACCIONES PENALES;2023;11
EN EL EXTRANJERO;12. OTRAS INFRACCIONES PENALES;2022;12
EN EL EXTRANJERO;12. OTRAS INFRACCIONES PENALES;2021;5
EN EL EXTRANJERO;12. OTRAS INFRACCIONES PENALES;2020;9
EN EL EXTRANJERO;12. OTRAS INFRACCIONES PENALES;2019;14
EN EL EXTRANJERO;12. OTRAS INFRACCIONES PENALES;2018;10
EN EL EXTRANJERO;TOTAL INFRACCIONES PENALES;2024;1.110
EN EL EXTRANJERO;TOTAL INFRACCIONES PENALES;2023;1.113
EN EL EXTRANJERO;TOTAL INFRACCIONES PENALES;2022;1.102
EN EL EXTRANJERO;TOTAL INFRACCIONES PENALES;2021;741
EN EL EXTRANJERO;TOTAL INFRACCIONES PENALES;2020;801
EN EL EXTRANJERO;TOTAL INFRACCIONES PENALES;2019;1.192
EN EL EXTRANJERO;TOTAL INFRACCIONES PENALES;2018;1.082
DESCONOCIDA;1. CONTRA LAS PERSONAS;2024;0
DESCONOCIDA;1. CONTRA LAS PERSONAS;2023;0
DESCONOCIDA;1. CONTRA LAS PERSONAS;2022;0
DESCONOCIDA;1. CONTRA LAS PERSONAS;2021;0
DESCONOCIDA;1. CONTRA LAS PERSONAS;2020;0
DESCONOCIDA;1. CONTRA LAS PERSONAS;2019;0
DESCONOCIDA;1. CONTRA LAS PERSONAS;2018;0
DESCONOCIDA;1.1.-Homicidios dolosos/asesinatos;2024;0
DESCONOCIDA;1.1.-Homicidios dolosos/asesinatos;2023;0
DESCONOCIDA;1.1.-Homicidios dolosos/asesinatos;2022;0
DESCONOCIDA;1.1.-Homicidios dolosos/asesinatos;2021;0
DESCONOCIDA;1.1.-Homicidios dolosos/asesinatos;2020;0
DESCONOCIDA;1.1.-Homicidios dolosos/asesinatos;2019;0
DESCONOCIDA;1.1.-Homicidios dolosos/asesinatos;2018;0
DESCONOCIDA;1.1.1.-Homicidios dolosos/asesinatos consumados;2024;0
DESCONOCIDA;1.1.1.-Homicidios dolosos/asesinatos consumados;2023;0
DESCONOCIDA;1.1.1.-Homicidios dolosos/asesinatos consumados;2022;0
DESCONOCIDA;1.1.1.-Homicidios dolosos/asesinatos consumados;2021;0
DESCONOCIDA;1.1.1.-Homicidios dolosos/asesinatos consumados;2020;0
DESCONOCIDA;1.1.1.-Homicidios dolosos/asesinatos consumados;2019;0
DESCONOCIDA;1.1.1.-Homicidios dolosos/asesinatos consumados;2018;0
DESCONOCIDA;1.2.-Lesiones;2024;0
DESCONOCIDA;1.2.-Lesiones;2023;0
DESCONOCIDA;1.2.-Lesiones;2022;0
DESCONOCIDA;1.2.-Lesiones;2021;0
DESCONOCIDA;1.2.-Lesiones;2020;0
DESCONOCIDA;1.2.-Lesiones;2019;0
DESCONOCIDA;1.2.-Lesiones;2018;0
DESCONOCIDA;1.3.-Malos tratos ámbito familiar;2024;0
DESCONOCIDA;1.3.-Malos tratos ámbito familiar;2023;0
DESCONOCIDA;1.3.-Malos tratos ámbito familiar;2022;0
DESCONOCIDA;1.3.-Malos tratos ámbito familiar;2021;0
DESCONOCIDA;1.3.-Malos tratos ámbito familiar;2020;0
DESCONOCIDA;1.3.-Malos tratos ámbito familiar;2019;0
DESCONOCIDA;1.3.-Malos tratos ámbito familiar;2018;0
DESCONOCIDA;1.4.-Otros contra las personas;2024;0
DESCONOCIDA;1.4.-Otros contra las personas;2023;0
DESCONOCIDA;1.4.-Otros contra las personas;2022;0
DESCONOCIDA;1.4.-Otros contra las personas;2021;0
DESCONOCIDA;1.4.-Otros contra las personas;2020;0
DESCONOCIDA;1.4.-Otros contra las personas;2019;0
DESCONOCIDA;1.4.-Otros contra las personas;2018;0
DESCONOCIDA;2. CONTRA LA LIBERTAD;2024;0
DESCONOCIDA;2. CONTRA LA LIBERTAD;2023;0
DESCONOCIDA;2. CONTRA LA LIBERTAD;2022;0
DESCONOCIDA;2. CONTRA LA LIBERTAD;2021;0
DESCONOCIDA;2. CONTRA LA LIBERTAD;2020;0
DESCONOCIDA;2. CONTRA LA LIBERTAD;2019;0
DESCONOCIDA;2. CONTRA LA LIBERTAD;2018;0
DESCONOCIDA;2.1.-Malos tratos habituales en el ámbito familiar;2024;0
DESCONOCIDA;2.1.-Malos tratos habituales en el ámbito familiar;2023;0
DESCONOCIDA;2.1.-Malos tratos habituales en el ámbito familiar;2022;0
DESCONOCIDA;2.1.-Malos tratos habituales en el ámbito familiar;2021;0
DESCONOCIDA;2.1.-Malos tratos habituales en el ámbito familiar;2020;0
DESCONOCIDA;2.1.-Malos tratos habituales en el ámbito familiar;2019;0
DESCONOCIDA;2.1.-Malos tratos habituales en el ámbito familiar;2018;0
DESCONOCIDA;2.2.-Otros contra la libertad;2024;0
DESCONOCIDA;2.2.-Otros contra la libertad;2023;0
DESCONOCIDA;2.2.-Otros contra la libertad;2022;0
DESCONOCIDA;2.2.-Otros contra la libertad;2021;0
DESCONOCIDA;2.2.-Otros contra la libertad;2020;0
DESCONOCIDA;2.2.-Otros contra la libertad;2019;0
DESCONOCIDA;2.2.-Otros contra la libertad;2018;0
DESCONOCIDA;3. LIBERTAD SEXUAL;2024;0
DESCONOCIDA;3. LIBERTAD SEXUAL;2023;0
DESCONOCIDA;3. LIBERTAD SEXUAL;2022;0
DESCONOCIDA;3. LIBERTAD SEXUAL;2021;0
DESCONOCIDA;3. LIBERTAD SEXUAL;2020;0
DESCONOCIDA;3. LIBERTAD SEXUAL;2019;0
DESCONOCIDA;3. LIBERTAD SEXUAL;2018;0
DESCONOCIDA;3.1.-Agresión sexual;2024;0
DESCONOCIDA;3.1.-Agresión sexual;2023;0
DESCONOCIDA;3.1.-Agresión sexual;2022;0
DESCONOCIDA;3.1.-Agresión sexual;2021;0
DESCONOCIDA;3.1.-Agresión sexual;2020;0
DESCONOCIDA;3.1.-Agresión sexual;2019;0
DESCONOCIDA;3.1.-Agresión sexual;2018;0
DESCONOCIDA;3.2.-Agresión sexual con penetración;2024;0
DESCONOCIDA;3.2.-Agresión sexual con penetración;2023;0
DESCONOCIDA;3.2.-Agresión sexual con penetración;2022;0
DESCONOCIDA;3.2.-Agresión sexual con penetración;2021;0
DESCONOCIDA;3.2.-Agresión sexual con penetración;2020;0
DESCONOCIDA;3.2.-Agresión sexual con penetración;2019;0
DESCONOCIDA;3.2.-Agresión sexual con penetración;2018;0
DESCONOCIDA;3.3.-Corrupción de menores o incapacitados;2024;0
DESCONOCIDA;3.3.-Corrupción de menores o incapacitados;2023;0
DESCONOCIDA;3.3.-Corrupción de menores o incapacitados;2022;0
DESCONOCIDA;3.3.-Corrupción de menores o incapacitados;2021;0
DESCONOCIDA;3.3.-Corrupción de menores o incapacitados;2020;0
DESCONOCIDA;3.3.-Corrupción de menores o incapacitados;2019;0
DESCONOCIDA;3.3.-Corrupción de menores o incapacitados;2018;0
DESCONOCIDA;3.4.-Pornografía de menores;2024;0
DESCONOCIDA;3.4.-Pornografía de menores;2023;0
DESCONOCIDA;3.4.-Pornografía de menores;2022;0
DESCONOCIDA;3.4.-Pornografía de menores;2021;0
DESCONOCIDA;3.4.-Pornografía de menores;2020;0
DESCONOCIDA;3.4.-Pornografía de menores;2019;0
DESCONOCIDA;3.4.-Pornografía de menores;2018;0
DESCONOCIDA;3.5.-Otros contra la libertad sexual;2024;0
DESCONOCIDA;3.5.-Otros contra la libertad sexual;2023;0
DESCONOCIDA;3.5.-Otros contra la libertad sexual;2022;0
DESCONOCIDA;3.5.-Otros contra la libertad sexual;2021;0
DESCONOCIDA;3.5.-Otros contra la libertad sexual;2020;0
DESCONOCIDA;3.5.-Otros contra la libertad sexual;2019;0
DESCONOCIDA;3.5.-Otros contra la libertad sexual;2018;0
DESCONOCIDA;4. RELACIONES FAMILIARES;2024;0
DESCONOCIDA;4. RELACIONES FAMILIARES;2023;0
DESCONOCIDA;4. RELACIONES FAMILIARES;2022;0
DESCONOCIDA;4. RELACIONES FAMILIARES;2021;0
DESCONOCIDA;4. RELACIONES FAMILIARES;2020;0
DESCONOCIDA;4. RELACIONES FAMILIARES;2019;0
DESCONOCIDA;4. RELACIONES FAMILIARES;2018;0
DESCONOCIDA;5. PATRIMONIO;2024;0
DESCONOCIDA;5. PATRIMONIO;2023;0
DESCONOCIDA;5. PATRIMONIO;2022;0
DESCONOCIDA;5. PATRIMONIO;2021;0
DESCONOCIDA;5. PATRIMONIO;2020;0
DESCONOCIDA;5. PATRIMONIO;2019;0
DESCONOCIDA;5. PATRIMONIO;2018;0
DESCONOCIDA;5.1.-Hurtos;2024;0
DESCONOCIDA;5.1.-Hurtos;2023;0
DESCONOCIDA;5.1.-Hurtos;2022;0
DESCONOCIDA;5.1.-Hurtos;2021;0
DESCONOCIDA;5.1.-Hurtos;2020;0
DESCONOCIDA;5.1.-Hurtos;2019;0
DESCONOCIDA;5.1.-Hurtos;2018;0
DESCONOCIDA;5.2.-Robos con fuerza en las cosas;2024;0
DESCONOCIDA;5.2.-Robos con fuerza en las cosas;2023;0
DESCONOCIDA;5.2.-Robos con fuerza en las cosas;2022;0
DESCONOCIDA;5.2.-Robos con fuerza en las cosas;2021;0
DESCONOCIDA;5.2.-Robos con fuerza en las cosas;2020;0
DESCONOCIDA;5.2.-Robos con fuerza en las cosas;2019;0
DESCONOCIDA;5.2.-Robos con fuerza en las cosas;2018;0
DESCONOCIDA;5.2.1.-Robos con fuerza en las cosas en el interior de vehículos;2024;0
DESCONOCIDA;5.2.1.-Robos con fuerza en las cosas en el interior de vehículos;2023;0
DESCONOCIDA;5.2.1.-Robos con fuerza en las cosas en el interior de vehículos;2022;0
DESCONOCIDA;5.2.1.-Robos con fuerza en las cosas en el interior de vehículos;2021;0
DESCONOCIDA;5.2.1.-Robos con fuerza en las cosas en el interior de vehículos;2020;0
DESCONOCIDA;5.2.1.-Robos con fuerza en las cosas en el interior de vehículos;2019;0
DESCONOCIDA;5.2.1.-Robos con fuerza en las cosas en el interior de vehículos;2018;0
DESCONOCIDA;5.2.2.-Robos con fuerza en viviendas;2024;0
DESCONOCIDA;5.2.2.-Robos con fuerza en viviendas;2023;0
DESCONOCIDA;5.2.2.-Robos con fuerza en viviendas;2022;0
DESCONOCIDA;5.2.2.-Robos con fuerza en viviendas;2021;0
DESCONOCIDA;5.2.2.-Robos con fuerza en viviendas;2020;0
DESCONOCIDA;5.2.2.-Robos con fuerza en viviendas;2019;0
DESCONOCIDA;5.2.2.-Robos con fuerza en viviendas;2018;0
DESCONOCIDA;5.2.3.-Robos con fuerza en establecimientos;2024;0
DESCONOCIDA;5.2.3.-Robos con fuerza en establecimientos;2023;0
DESCONOCIDA;5.2.3.-Robos con fuerza en establecimientos;2022;0
DESCONOCIDA;5.2.3.-Robos con fuerza en establecimientos;2021;0
DESCONOCIDA;5.2.3.-Robos con fuerza en establecimientos;2020;0
DESCONOCIDA;5.2.3.-Robos con fuerza en establecimientos;2019;0
DESCONOCIDA;5.2.3.-Robos con fuerza en establecimientos;2018;0
DESCONOCIDA;5.3.-Robos con violencia o intimidación;2024;0
DESCONOCIDA;5.3.-Robos con violencia o intimidación;2023;0
DESCONOCIDA;5.3.-Robos con violencia o intimidación;2022;0
DESCONOCIDA;5.3.-Robos con violencia o intimidación;2021;0
DESCONOCIDA;5.3.-Robos con violencia o intimidación;2020;0
DESCONOCIDA;5.3.-Robos con violencia o intimidación;2019;0
DESCONOCIDA;5.3.-Robos con violencia o intimidación;2018;0
DESCONOCIDA;5.3.1.-Robos con violencia en vía pública;2024;0
DESCONOCIDA;5.3.1.-Robos con violencia en vía pública;2023;0
DESCONOCIDA;5.3.1.-Robos con violencia en vía pública;2022;0
DESCONOCIDA;5.3.1.-Robos con violencia en vía pública;2021;0
DESCONOCIDA;5.3.1.-Robos con violencia en vía pública;2020;0
DESCONOCIDA;5.3.1.-Robos con violencia en vía pública;2019;0
DESCONOCIDA;5.3.1.-Robos con violencia en vía pública;2018;0
DESCONOCIDA;5.3.2.-Robos con violencia en viviendas;2024;0
DESCONOCIDA;5.3.2.-Robos con violencia en viviendas;2023;0
DESCONOCIDA;5.3.2.-Robos con violencia en viviendas;2022;0
DESCONOCIDA;5.3.2.-Robos con violencia en viviendas;2021;0
DESCONOCIDA;5.3.2.-Robos con violencia en viviendas;2020;0
DESCONOCIDA;5.3.2.-Robos con violencia en viviendas;2019;0
DESCONOCIDA;5.3.2.-Robos con violencia en viviendas;2018;0
DESCONOCIDA;5.3.3.-Robos con violencia en establecimientos;2024;0
DESCONOCIDA;5.3.3.-Robos con violencia en establecimientos;2023;0
DESCONOCIDA;5.3.3.-Robos con violencia en establecimientos;2022;0
DESCONOCIDA;5.3.3.-Robos con violencia en establecimientos;2021;0
DESCONOCIDA;5.3.3.-Robos con violencia en establecimientos;2020;0
DESCONOCIDA;5.3.3.-Robos con violencia en establecimientos;2019;0
DESCONOCIDA;5.3.3.-Robos con violencia en establecimientos;2018;0
DESCONOCIDA;5.4.-Sustracción de vehículos;2024;0
DESCONOCIDA;5.4.-Sustracción de vehículos;2023;0
DESCONOCIDA;5.4.-Sustracción de vehículos;2022;0
DESCONOCIDA;5.4.-Sustracción de vehículos;2021;0
DESCONOCIDA;5.4.-Sustracción de vehículos;2020;0
DESCONOCIDA;5.4.-Sustracción de vehículos;2019;0
DESCONOCIDA;5.4.-Sustracción de vehículos;2018;0
DESCONOCIDA;5.5.-Estafas;2024;0
DESCONOCIDA;5.5.-Estafas;2023;0
DESCONOCIDA;5.5.-Estafas;2022;0
DESCONOCIDA;5.5.-Estafas;2021;0
DESCONOCIDA;5.5.-Estafas;2020;0
DESCONOCIDA;5.5.-Estafas;2019;0
DESCONOCIDA;5.5.-Estafas;2018;0
DESCONOCIDA;5.5.1.-Estafas informáticas;2024;0
DESCONOCIDA;5.5.1.-Estafas informáticas;2023;0
DESCONOCIDA;5.5.1.-Estafas informáticas;2022;0
DESCONOCIDA;5.5.1.-Estafas informáticas;2021;0
DESCONOCIDA;5.5.1.-Estafas informáticas;2020;0
DESCONOCIDA;5.5.1.-Estafas informáticas;2019;0
DESCONOCIDA;5.5.1.-Estafas informáticas;2018;0
DESCONOCIDA;5.6.-Daños;2024;0
DESCONOCIDA;5.6.-Daños;2023;0
DESCONOCIDA;5.6.-Daños;2022;0
DESCONOCIDA;5.6.-Daños;2021;0
DESCONOCIDA;5.6.-Daños;2020;0
DESCONOCIDA;5.6.-Daños;2019;0
DESCONOCIDA;5.6.-Daños;2018;0
DESCONOCIDA;5.7.-Contra la propiedad intelectual/industrial;2024;0
DESCONOCIDA;5.7.-Contra la propiedad intelectual/industrial;2023;0
DESCONOCIDA;5.7.-Contra la propiedad intelectual/industrial;2022;0
DESCONOCIDA;5.7.-Contra la propiedad intelectual/industrial;2021;0
DESCONOCIDA;5.7.-Contra la propiedad intelectual/industrial;2020;0
DESCONOCIDA;5.7.-Contra la propiedad intelectual/industrial;2019;0
DESCONOCIDA;5.7.-Contra la propiedad intelectual/industrial;2018;0
DESCONOCIDA;5.8.-Blanqueo de capitales;2024;0
DESCONOCIDA;5.8.-Blanqueo de capitales;2023;0
DESCONOCIDA;5.8.-Blanqueo de capitales;2022;0
DESCONOCIDA;5.8.-Blanqueo de capitales;2021;0
DESCONOCIDA;5.8.-Blanqueo de capitales;2020;0
DESCONOCIDA;5.8.-Blanqueo de capitales;2019;0
DESCONOCIDA;5.8.-Blanqueo de capitales;2018;0
DESCONOCIDA;5.9.-Otros contra el patrimonio;2024;0
DESCONOCIDA;5.9.-Otros contra el patrimonio;2023;0
DESCONOCIDA;5.9.-Otros contra el patrimonio;2022;0
DESCONOCIDA;5.9.-Otros contra el patrimonio;2021;0
DESCONOCIDA;5.9.-Otros contra el patrimonio;2020;0
DESCONOCIDA;5.9.-Otros contra el patrimonio;2019;0
DESCONOCIDA;5.9.-Otros contra el patrimonio;2018;0
DESCONOCIDA;6. SEGURIDAD COLECTIVA;2024;0
DESCONOCIDA;6. SEGURIDAD COLECTIVA;2023;0
DESCONOCIDA;6. SEGURIDAD COLECTIVA;2022;0
DESCONOCIDA;6. SEGURIDAD COLECTIVA;2021;0
DESCONOCIDA;6. SEGURIDAD COLECTIVA;2020;0
DESCONOCIDA;6. SEGURIDAD COLECTIVA;2019;0
DESCONOCIDA;6. SEGURIDAD COLECTIVA;2018;0
DESCONOCIDA;6.1.-Tráfico de drogas;2024;0
DESCONOCIDA;6.1.-Tráfico de drogas;2023;0
DESCONOCIDA;6.1.-Tráfico de drogas;2022;0
DESCONOCIDA;6.1.-Tráfico de drogas;2021;0
DESCONOCIDA;6.1.-Tráfico de drogas;2020;0
DESCONOCIDA;6.1.-Tráfico de drogas;2019;0
DESCONOCIDA;6.1.-Tráfico de drogas;2018;0
DESCONOCIDA;6.2.-Contra la seguridad vial;2024;0
DESCONOCIDA;6.2.-Contra la seguridad vial;2023;0
DESCONOCIDA;6.2.-Contra la seguridad vial;2022;0
DESCONOCIDA;6.2.-Contra la seguridad vial;2021;0
DESCONOCIDA;6.2.-Contra la seguridad vial;2020;0
DESCONOCIDA;6.2.-Contra la seguridad vial;2019;0
DESCONOCIDA;6.2.-Contra la seguridad vial;2018;0
DESCONOCIDA;6.3.-Otros contra la seguridad colectiva;2024;0
DESCONOCIDA;6.3.-Otros contra la seguridad colectiva;2023;0
DESCONOCIDA;6.3.-Otros contra la seguridad colectiva;2022;0
DESCONOCIDA;6.3.-Otros contra la seguridad colectiva;2021;0
DESCONOCIDA;6.3.-Otros contra la seguridad colectiva;2020;0
DESCONOCIDA;6.3.-Otros contra la seguridad colectiva;2019;0
DESCONOCIDA;6.3.-Otros contra la seguridad colectiva;2018;0
DESCONOCIDA;7. FALSEDADES;2024;0
DESCONOCIDA;7. FALSEDADES;2023;0
DESCONOCIDA;7. FALSEDADES;2022;0
DESCONOCIDA;7. FALSEDADES;2021;0
DESCONOCIDA;7. FALSEDADES;2020;0
DESCONOCIDA;7. FALSEDADES;2019;0
DESCONOCIDA;7. FALSEDADES;2018;0
DESCONOCIDA;8. ADMÓN. PÚBLICA;2024;0
DESCONOCIDA;8. ADMÓN. PÚBLICA;2023;0
DESCONOCIDA;8. ADMÓN. PÚBLICA;2022;0
DESCONOCIDA;8. ADMÓN. PÚBLICA;2021;0
DESCONOCIDA;8. ADMÓN. PÚBLICA;2020;0
DESCONOCIDA;8. ADMÓN. PÚBLICA;2019;0
DESCONOCIDA;8. ADMÓN. PÚBLICA;2018;0
DESCONOCIDA;9. ADMÓN. JUSTICIA;2024;0
DESCONOCIDA;9. ADMÓN. JUSTICIA;2023;0
DESCONOCIDA;9. ADMÓN. JUSTICIA;2022;0
DESCONOCIDA;9. ADMÓN. JUSTICIA;2021;0
DESCONOCIDA;9. ADMÓN. JUSTICIA;2020;0
DESCONOCIDA;9. ADMÓN. JUSTICIA;2019;0
DESCONOCIDA;9. ADMÓN. JUSTICIA;2018;0
DESCONOCIDA;10. ORDEN PÚBLICO;2024;0
DESCONOCIDA;10. ORDEN PÚBLICO;2023;0
DESCONOCIDA;10. ORDEN PÚBLICO;2022;0
DESCONOCIDA;10. ORDEN PÚBLICO;2021;0
DESCONOCIDA;10. ORDEN PÚBLICO;2020;0
DESCONOCIDA;10. ORDEN PÚBLICO;2019;0
DESCONOCIDA;10. ORDEN PÚBLICO;2018;0
DESCONOCIDA;11. LEGISLACIÓN ESPECIAL;2024;0
DESCONOCIDA;11. LEGISLACIÓN ESPECIAL;2023;0
DESCONOCIDA;11. LEGISLACIÓN ESPECIAL;2022;0
DESCONOCIDA;11. LEGISLACIÓN ESPECIAL;2021;0
DESCONOCIDA;11. LEGISLACIÓN ESPECIAL;2020;0
DESCONOCIDA;11. LEGISLACIÓN ESPECIAL;2019;0
DESCONOCIDA;11. LEGISLACIÓN ESPECIAL;2018;0
DESCONOCIDA;12. OTRAS INFRACCIONES PENALES;2024;0
DESCONOCIDA;12. OTRAS INFRACCIONES PENALES;2023;0
DESCONOCIDA;12. OTRAS INFRACCIONES PENALES;2022;0
DESCONOCIDA;12. OTRAS INFRACCIONES PENALES;2021;0
DESCONOCIDA;12. OTRAS INFRACCIONES PENALES;2020;0
DESCONOCIDA;12. OTRAS INFRACCIONES PENALES;2019;0
DESCONOCIDA;12. OTRAS INFRACCIONES PENALES;2018;0
DESCONOCIDA;TOTAL INFRACCIONES PENALES;2024;0
DESCONOCIDA;TOTAL INFRACCIONES PENALES;2023;0
DESCONOCIDA;TOTAL INFRACCIONES PENALES;2022;0
DESCONOCIDA;TOTAL INFRACCIONES PENALES;2021;0
DESCONOCIDA;TOTAL INFRACCIONES PENALES;2020;0
DESCONOCIDA;TOTAL INFRACCIONES PENALES;2019;0
DESCONOCIDA;TOTAL INFRACCIONES PENALES;2018;0
