Provincias;Tipología penal;periodo;Total
Total Nacional;1. CONTRA LAS PERSONAS;2024;203.657
Total Nacional;1. CONTRA LAS PERSONAS;2023;195.302
Total Nacional;1. CONTRA LAS PERSONAS;2022;181.894
Total Nacional;1. CONTRA LAS PERSONAS;2021;159.540
Total Nacional;1. CONTRA LAS PERSONAS;2020;141.869
Total Nacional;1. CONTRA LAS PERSONAS;2019;159.909
Total Nacional;1. CONTRA LAS PERSONAS;2018;153.525
Total Nacional;1.1.-Homicidios dolosos/asesinatos;2024;1.483
Total Nacional;1.1.-Homicidios dolosos/asesinatos;2023;1.544
Total Nacional;1.1.-Homicidios dolosos/asesinatos;2022;1.384
Total Nacional;1.1.-Homicidios dolosos/asesinatos;2021;1.165
Total Nacional;1.1.-Homicidios dolosos/asesinatos;2020;1.101
Total Nacional;1.1.-Homicidios dolosos/asesinatos;2019;1.090
Total Nacional;1.1.-Homicidios dolosos/asesinatos;2018;1.008
Total Nacional;1.1.1.-Homicidios dolosos/asesinatos consumados;2024;326
Total Nacional;1.1.1.-Homicidios dolosos/asesinatos consumados;2023;315
Total Nacional;1.1.1.-Homicidios dolosos/asesinatos consumados;2022;319
Total Nacional;1.1.1.-Homicidios dolosos/asesinatos consumados;2021;261
Total Nacional;1.1.1.-Homicidios dolosos/asesinatos consumados;2020;279
Total Nacional;1.1.1.-Homicidios dolosos/asesinatos consumados;2019;254
Total Nacional;1.1.1.-Homicidios dolosos/asesinatos consumados;2018;227
Total Nacional;1.2.-Lesiones;2024;94.934
Total Nacional;1.2.-Lesiones;2023;90.444
Total Nacional;1.2.-Lesiones;2022;86.577
Total Nacional;1.2.-Lesiones;2021;74.813
Total Nacional;1.2.-Lesiones;2020;64.416
Total Nacional;1.2.-Lesiones;2019;79.537
Total Nacional;1.2.-Lesiones;2018;78.214
Total Nacional;1.3.-Malos tratos ámbito familiar;2024;102.055
Total Nacional;1.3.-Malos tratos ámbito familiar;2023;98.901
Total Nacional;1.3.-Malos tratos ámbito familiar;2022;90.267
Total Nacional;1.3.-Malos tratos ámbito familiar;2021;80.426
Total Nacional;1.3.-Malos tratos ámbito familiar;2020;73.699
Total Nacional;1.3.-Malos tratos ámbito familiar;2019;76.160
Total Nacional;1.3.-Malos tratos ámbito familiar;2018;71.414
Total Nacional;1.4.-Otros contra las personas;2024;5.185
Total Nacional;1.4.-Otros contra las personas;2023;4.413
Total Nacional;1.4.-Otros contra las personas;2022;3.666
Total Nacional;1.4.-Otros contra las personas;2021;3.136
Total Nacional;1.4.-Otros contra las personas;2020;2.653
Total Nacional;1.4.-Otros contra las personas;2019;3.122
Total Nacional;1.4.-Otros contra las personas;2018;2.889
Total Nacional;2. CONTRA LA LIBERTAD;2024;124.308
Total Nacional;2. CONTRA LA LIBERTAD;2023;120.003
Total Nacional;2. CONTRA LA LIBERTAD;2022;107.702
Total Nacional;2. CONTRA LA LIBERTAD;2021;104.418
Total Nacional;2. CONTRA LA LIBERTAD;2020;94.335
Total Nacional;2. CONTRA LA LIBERTAD;2019;96.246
Total Nacional;2. CONTRA LA LIBERTAD;2018;92.985
Total Nacional;2.1.-Malos tratos habituales en el ámbito familiar;2024;14.152
Total Nacional;2.1.-Malos tratos habituales en el ámbito familiar;2023;14.705
Total Nacional;2.1.-Malos tratos habituales en el ámbito familiar;2022;13.288
Total Nacional;2.1.-Malos tratos habituales en el ámbito familiar;2021;12.617
Total Nacional;2.1.-Malos tratos habituales en el ámbito familiar;2020;11.329
Total Nacional;2.1.-Malos tratos habituales en el ámbito familiar;2019;11.860
Total Nacional;2.1.-Malos tratos habituales en el ámbito familiar;2018;11.347
Total Nacional;2.2.-Otros contra la libertad;2024;110.156
Total Nacional;2.2.-Otros contra la libertad;2023;105.298
Total Nacional;2.2.-Otros contra la libertad;2022;94.414
Total Nacional;2.2.-Otros contra la libertad;2021;91.801
Total Nacional;2.2.-Otros contra la libertad;2020;83.006
Total Nacional;2.2.-Otros contra la libertad;2019;84.386
Total Nacional;2.2.-Otros contra la libertad;2018;81.638
Total Nacional;3. LIBERTAD SEXUAL;2024;18.104
Total Nacional;3. LIBERTAD SEXUAL;2023;17.064
Total Nacional;3. LIBERTAD SEXUAL;2022;14.555
Total Nacional;3. LIBERTAD SEXUAL;2021;13.253
Total Nacional;3. LIBERTAD SEXUAL;2020;10.293
Total Nacional;3. LIBERTAD SEXUAL;2019;11.887
Total Nacional;3. LIBERTAD SEXUAL;2018;10.674
Total Nacional;3.1.-Agresión sexual;2024;11.006
Total Nacional;3.1.-Agresión sexual;2023;10.096
Total Nacional;3.1.-Agresión sexual;2022;8.980
Total Nacional;3.1.-Agresión sexual;2021;8.052
Total Nacional;3.1.-Agresión sexual;2020;5.964
Total Nacional;3.1.-Agresión sexual;2019;7.022
Total Nacional;3.1.-Agresión sexual;2018;6.224
Total Nacional;3.2.-Agresión sexual con penetración;2024;4.238
Total Nacional;3.2.-Agresión sexual con penetración;2023;4.052
Total Nacional;3.2.-Agresión sexual con penetración;2022;3.410
Total Nacional;3.2.-Agresión sexual con penetración;2021;3.128
Total Nacional;3.2.-Agresión sexual con penetración;2020;2.364
Total Nacional;3.2.-Agresión sexual con penetración;2019;2.554
Total Nacional;3.2.-Agresión sexual con penetración;2018;2.318
Total Nacional;3.3.-Corrupción de menores o incapacitados;2024;330
Total Nacional;3.3.-Corrupción de menores o incapacitados;2023;269
Total Nacional;3.3.-Corrupción de menores o incapacitados;2022;269
Total Nacional;3.3.-Corrupción de menores o incapacitados;2021;239
Total Nacional;3.3.-Corrupción de menores o incapacitados;2020;242
Total Nacional;3.3.-Corrupción de menores o incapacitados;2019;276
Total Nacional;3.3.-Corrupción de menores o incapacitados;2018;206
Total Nacional;3.4.-Pornografía de menores;2024;661
Total Nacional;3.4.-Pornografía de menores;2023;670
Total Nacional;3.4.-Pornografía de menores;2022;464
Total Nacional;3.4.-Pornografía de menores;2021;502
Total Nacional;3.4.-Pornografía de menores;2020;450
Total Nacional;3.4.-Pornografía de menores;2019;620
Total Nacional;3.4.-Pornografía de menores;2018;668
Total Nacional;3.5.-Otros contra la libertad sexual;2024;1.869
Total Nacional;3.5.-Otros contra la libertad sexual;2023;1.977
Total Nacional;3.5.-Otros contra la libertad sexual;2022;1.432
Total Nacional;3.5.-Otros contra la libertad sexual;2021;1.332
Total Nacional;3.5.-Otros contra la libertad sexual;2020;1.273
Total Nacional;3.5.-Otros contra la libertad sexual;2019;1.415
Total Nacional;3.5.-Otros contra la libertad sexual;2018;1.258
Total Nacional;4. RELACIONES FAMILIARES;2024;7.098
Total Nacional;4. RELACIONES FAMILIARES;2023;7.043
Total Nacional;4. RELACIONES FAMILIARES;2022;7.055
Total Nacional;4. RELACIONES FAMILIARES;2021;6.970
Total Nacional;4. RELACIONES FAMILIARES;2020;6.397
Total Nacional;4. RELACIONES FAMILIARES;2019;6.846
Total Nacional;4. RELACIONES FAMILIARES;2018;7.089
Total Nacional;5. PATRIMONIO;2024;367.561
Total Nacional;5. PATRIMONIO;2023;343.285
Total Nacional;5. PATRIMONIO;2022;305.922
Total Nacional;5. PATRIMONIO;2021;260.085
Total Nacional;5. PATRIMONIO;2020;233.211
Total Nacional;5. PATRIMONIO;2019;291.270
Total Nacional;5. PATRIMONIO;2018;281.008
Total Nacional;5.1.-Hurtos;2024;144.215
Total Nacional;5.1.-Hurtos;2023;132.759
Total Nacional;5.1.-Hurtos;2022;113.226
Total Nacional;5.1.-Hurtos;2021;89.799
Total Nacional;5.1.-Hurtos;2020;77.262
Total Nacional;5.1.-Hurtos;2019;111.318
Total Nacional;5.1.-Hurtos;2018;109.908
Total Nacional;5.2.-Robos con fuerza en las cosas;2024;40.805
Total Nacional;5.2.-Robos con fuerza en las cosas;2023;40.050
Total Nacional;5.2.-Robos con fuerza en las cosas;2022;35.668
Total Nacional;5.2.-Robos con fuerza en las cosas;2021;31.201
Total Nacional;5.2.-Robos con fuerza en las cosas;2020;31.282
Total Nacional;5.2.-Robos con fuerza en las cosas;2019;39.704
Total Nacional;5.2.-Robos con fuerza en las cosas;2018;40.365
Total Nacional;5.2.1.-Robos con fuerza en las cosas en el interior de vehículos;2024;11.115
Total Nacional;5.2.1.-Robos con fuerza en las cosas en el interior de vehículos;2023;10.438
Total Nacional;5.2.1.-Robos con fuerza en las cosas en el interior de vehículos;2022;9.060
Total Nacional;5.2.1.-Robos con fuerza en las cosas en el interior de vehículos;2021;7.742
Total Nacional;5.2.1.-Robos con fuerza en las cosas en el interior de vehículos;2020;6.103
Total Nacional;5.2.1.-Robos con fuerza en las cosas en el interior de vehículos;2019;8.567
Total Nacional;5.2.1.-Robos con fuerza en las cosas en el interior de vehículos;2018;8.272
Total Nacional;5.2.2.-Robos con fuerza en viviendas;2024;12.110
Total Nacional;5.2.2.-Robos con fuerza en viviendas;2023;11.762
Total Nacional;5.2.2.-Robos con fuerza en viviendas;2022;10.927
Total Nacional;5.2.2.-Robos con fuerza en viviendas;2021;10.004
Total Nacional;5.2.2.-Robos con fuerza en viviendas;2020;10.753
Total Nacional;5.2.2.-Robos con fuerza en viviendas;2019;10.775
Total Nacional;5.2.2.-Robos con fuerza en viviendas;2018;12.028
Total Nacional;5.2.3.-Robos con fuerza en establecimientos;2024;9.322
Total Nacional;5.2.3.-Robos con fuerza en establecimientos;2023;9.411
Total Nacional;5.2.3.-Robos con fuerza en establecimientos;2022;8.086
Total Nacional;5.2.3.-Robos con fuerza en establecimientos;2021;7.145
Total Nacional;5.2.3.-Robos con fuerza en establecimientos;2020;7.570
Total Nacional;5.2.3.-Robos con fuerza en establecimientos;2019;7.461
Total Nacional;5.2.3.-Robos con fuerza en establecimientos;2018;7.005
Total Nacional;5.3.-Robos con violencia o intimidación;2024;22.479
Total Nacional;5.3.-Robos con violencia o intimidación;2023;21.381
Total Nacional;5.3.-Robos con violencia o intimidación;2022;19.040
Total Nacional;5.3.-Robos con violencia o intimidación;2021;16.037
Total Nacional;5.3.-Robos con violencia o intimidación;2020;14.569
Total Nacional;5.3.-Robos con violencia o intimidación;2019;18.196
Total Nacional;5.3.-Robos con violencia o intimidación;2018;16.043
Total Nacional;5.3.1.-Robos con violencia en vía pública;2024;12.784
Total Nacional;5.3.1.-Robos con violencia en vía pública;2023;12.405
Total Nacional;5.3.1.-Robos con violencia en vía pública;2022;10.911
Total Nacional;5.3.1.-Robos con violencia en vía pública;2021;8.999
Total Nacional;5.3.1.-Robos con violencia en vía pública;2020;7.998
Total Nacional;5.3.1.-Robos con violencia en vía pública;2019;6.927
Total Nacional;5.3.1.-Robos con violencia en vía pública;2018;5.996
Total Nacional;5.3.2.-Robos con violencia en viviendas;2024;1.893
Total Nacional;5.3.2.-Robos con violencia en viviendas;2023;1.646
Total Nacional;5.3.2.-Robos con violencia en viviendas;2022;1.492
Total Nacional;5.3.2.-Robos con violencia en viviendas;2021;1.479
Total Nacional;5.3.2.-Robos con violencia en viviendas;2020;1.351
Total Nacional;5.3.2.-Robos con violencia en viviendas;2019;1.181
Total Nacional;5.3.2.-Robos con violencia en viviendas;2018;1.154
Total Nacional;5.3.3.-Robos con violencia en establecimientos;2024;5.609
Total Nacional;5.3.3.-Robos con violencia en establecimientos;2023;5.101
Total Nacional;5.3.3.-Robos con violencia en establecimientos;2022;4.508
Total Nacional;5.3.3.-Robos con violencia en establecimientos;2021;3.644
Total Nacional;5.3.3.-Robos con violencia en establecimientos;2020;3.558
Total Nacional;5.3.3.-Robos con violencia en establecimientos;2019;3.129
Total Nacional;5.3.3.-Robos con violencia en establecimientos;2018;2.954
Total Nacional;5.4.-Sustracción de vehículos;2024;11.813
Total Nacional;5.4.-Sustracción de vehículos;2023;10.854
Total Nacional;5.4.-Sustracción de vehículos;2022;9.325
Total Nacional;5.4.-Sustracción de vehículos;2021;7.893
Total Nacional;5.4.-Sustracción de vehículos;2020;8.159
Total Nacional;5.4.-Sustracción de vehículos;2019;10.981
Total Nacional;5.4.-Sustracción de vehículos;2018;10.988
Total Nacional;5.5.-Estafas;2024;75.283
Total Nacional;5.5.-Estafas;2023;71.284
Total Nacional;5.5.-Estafas;2022;63.046
Total Nacional;5.5.-Estafas;2021;53.765
Total Nacional;5.5.-Estafas;2020;46.601
Total Nacional;5.5.-Estafas;2019;49.856
Total Nacional;5.5.-Estafas;2018;46.091
Total Nacional;5.5.1.-Estafas informáticas;2024;49.860
Total Nacional;5.5.1.-Estafas informáticas;2023;47.029
Total Nacional;5.5.1.-Estafas informáticas;2022;37.607
Total Nacional;5.5.1.-Estafas informáticas;2021;32.085
Total Nacional;5.5.1.-Estafas informáticas;2020;25.596
Total Nacional;5.5.1.-Estafas informáticas;2019;18.712
Total Nacional;5.5.1.-Estafas informáticas;2018;15.542
Total Nacional;5.6.-Daños;2024;34.149
Total Nacional;5.6.-Daños;2023;31.896
Total Nacional;5.6.-Daños;2022;31.558
Total Nacional;5.6.-Daños;2021;29.943
Total Nacional;5.6.-Daños;2020;25.708
Total Nacional;5.6.-Daños;2019;28.309
Total Nacional;5.6.-Daños;2018;26.845
Total Nacional;5.7.-Contra la propiedad intelectual/industrial;2024;1.621
Total Nacional;5.7.-Contra la propiedad intelectual/industrial;2023;1.252
Total Nacional;5.7.-Contra la propiedad intelectual/industrial;2022;1.068
Total Nacional;5.7.-Contra la propiedad intelectual/industrial;2021;1.018
Total Nacional;5.7.-Contra la propiedad intelectual/industrial;2020;792
Total Nacional;5.7.-Contra la propiedad intelectual/industrial;2019;1.573
Total Nacional;5.7.-Contra la propiedad intelectual/industrial;2018;2.020
Total Nacional;5.8.-Blanqueo de capitales;2024;800
Total Nacional;5.8.-Blanqueo de capitales;2023;510
Total Nacional;5.8.-Blanqueo de capitales;2022;367
Total Nacional;5.8.-Blanqueo de capitales;2021;311
Total Nacional;5.8.-Blanqueo de capitales;2020;287
Total Nacional;5.8.-Blanqueo de capitales;2019;265
Total Nacional;5.8.-Blanqueo de capitales;2018;257
Total Nacional;5.9.-Otros contra el patrimonio;2024;36.396
Total Nacional;5.9.-Otros contra el patrimonio;2023;33.299
Total Nacional;5.9.-Otros contra el patrimonio;2022;32.624
Total Nacional;5.9.-Otros contra el patrimonio;2021;30.118
Total Nacional;5.9.-Otros contra el patrimonio;2020;28.551
Total Nacional;5.9.-Otros contra el patrimonio;2019;31.068
Total Nacional;5.9.-Otros contra el patrimonio;2018;28.491
Total Nacional;6. SEGURIDAD COLECTIVA;2024;71.202
Total Nacional;6. SEGURIDAD COLECTIVA;2023;70.346
Total Nacional;6. SEGURIDAD COLECTIVA;2022;68.559
Total Nacional;6. SEGURIDAD COLECTIVA;2021;61.529
Total Nacional;6. SEGURIDAD COLECTIVA;2020;54.163
Total Nacional;6. SEGURIDAD COLECTIVA;2019;63.291
Total Nacional;6. SEGURIDAD COLECTIVA;2018;59.223
Total Nacional;6.1.-Tráfico de drogas;2024;19.362
Total Nacional;6.1.-Tráfico de drogas;2023;18.947
Total Nacional;6.1.-Tráfico de drogas;2022;16.629
Total Nacional;6.1.-Tráfico de drogas;2021;15.631
Total Nacional;6.1.-Tráfico de drogas;2020;14.717
Total Nacional;6.1.-Tráfico de drogas;2019;15.191
Total Nacional;6.1.-Tráfico de drogas;2018;13.140
Total Nacional;6.2.-Contra la seguridad vial;2024;49.542
Total Nacional;6.2.-Contra la seguridad vial;2023;49.678
Total Nacional;6.2.-Contra la seguridad vial;2022;50.252
Total Nacional;6.2.-Contra la seguridad vial;2021;44.553
Total Nacional;6.2.-Contra la seguridad vial;2020;38.210
Total Nacional;6.2.-Contra la seguridad vial;2019;46.622
Total Nacional;6.2.-Contra la seguridad vial;2018;44.382
Total Nacional;6.3.-Otros contra la seguridad colectiva;2024;2.298
Total Nacional;6.3.-Otros contra la seguridad colectiva;2023;1.721
Total Nacional;6.3.-Otros contra la seguridad colectiva;2022;1.678
Total Nacional;6.3.-Otros contra la seguridad colectiva;2021;1.345
Total Nacional;6.3.-Otros contra la seguridad colectiva;2020;1.236
Total Nacional;6.3.-Otros contra la seguridad colectiva;2019;1.478
Total Nacional;6.3.-Otros contra la seguridad colectiva;2018;1.701
Total Nacional;7. FALSEDADES;2024;16.469
Total Nacional;7. FALSEDADES;2023;15.783
Total Nacional;7. FALSEDADES;2022;15.190
Total Nacional;7. FALSEDADES;2021;14.417
Total Nacional;7. FALSEDADES;2020;11.492
Total Nacional;7. FALSEDADES;2019;14.629
Total Nacional;7. FALSEDADES;2018;14.042
Total Nacional;8. ADMÓN. PÚBLICA;2024;376
Total Nacional;8. ADMÓN. PÚBLICA;2023;353
Total Nacional;8. ADMÓN. PÚBLICA;2022;363
Total Nacional;8. ADMÓN. PÚBLICA;2021;407
Total Nacional;8. ADMÓN. PÚBLICA;2020;231
Total Nacional;8. ADMÓN. PÚBLICA;2019;327
Total Nacional;8. ADMÓN. PÚBLICA;2018;447
Total Nacional;9. ADMÓN. JUSTICIA;2024;41.821
Total Nacional;9. ADMÓN. JUSTICIA;2023;40.110
Total Nacional;9. ADMÓN. JUSTICIA;2022;35.972
Total Nacional;9. ADMÓN. JUSTICIA;2021;31.841
Total Nacional;9. ADMÓN. JUSTICIA;2020;29.679
Total Nacional;9. ADMÓN. JUSTICIA;2019;30.472
Total Nacional;9. ADMÓN. JUSTICIA;2018;28.851
Total Nacional;10. ORDEN PÚBLICO;2024;29.122
Total Nacional;10. ORDEN PÚBLICO;2023;27.986
Total Nacional;10. ORDEN PÚBLICO;2022;26.520
Total Nacional;10. ORDEN PÚBLICO;2021;25.517
Total Nacional;10. ORDEN PÚBLICO;2020;28.039
Total Nacional;10. ORDEN PÚBLICO;2019;20.350
Total Nacional;10. ORDEN PÚBLICO;2018;18.781
Total Nacional;11. LEGISLACIÓN ESPECIAL;2024;396
Total Nacional;11. LEGISLACIÓN ESPECIAL;2023;392
Total Nacional;11. LEGISLACIÓN ESPECIAL;2022;287
Total Nacional;11. LEGISLACIÓN ESPECIAL;2021;289
Total Nacional;11. LEGISLACIÓN ESPECIAL;2020;270
Total Nacional;11. LEGISLACIÓN ESPECIAL;2019;259
Total Nacional;11. LEGISLACIÓN ESPECIAL;2018;193
Total Nacional;12. OTRAS INFRACCIONES PENALES;2024;8.291
Total Nacional;12. OTRAS INFRACCIONES PENALES;2023;8.178
Total Nacional;12. OTRAS INFRACCIONES PENALES;2022;7.283
Total Nacional;12. OTRAS INFRACCIONES PENALES;2021;7.117
Total Nacional;12. OTRAS INFRACCIONES PENALES;2020;6.686
Total Nacional;12. OTRAS INFRACCIONES PENALES;2019;7.058
Total Nacional;12. OTRAS INFRACCIONES PENALES;2018;6.776
Total Nacional;TOTAL INFRACCIONES PENALES;2024;888.405
Total Nacional;TOTAL INFRACCIONES PENALES;2023;845.845
Total Nacional;TOTAL INFRACCIONES PENALES;2022;771.302
Total Nacional;TOTAL INFRACCIONES PENALES;2021;685.383
Total Nacional;TOTAL INFRACCIONES PENALES;2020;616.665
Total Nacional;TOTAL INFRACCIONES PENALES;2019;702.544
Total Nacional;TOTAL INFRACCIONES PENALES;2018;673.594
Araba/Álava;1. CONTRA LAS PERSONAS;2024;15
Araba/Álava;1. CONTRA LAS PERSONAS;2023;17
Araba/Álava;1. CONTRA LAS PERSONAS;2022;10
Araba/Álava;1. CONTRA LAS PERSONAS;2021;5
Araba/Álava;1. CONTRA LAS PERSONAS;2020;3
Araba/Álava;1. CONTRA LAS PERSONAS;2019;9
Araba/Álava;1. CONTRA LAS PERSONAS;2018;3
Araba/Álava;1.1.-Homicidios dolosos/asesinatos;2024;0
Araba/Álava;1.1.-Homicidios dolosos/asesinatos;2023;1
Araba/Álava;1.1.-Homicidios dolosos/asesinatos;2022;0
Araba/Álava;1.1.-Homicidios dolosos/asesinatos;2021;0
Araba/Álava;1.1.-Homicidios dolosos/asesinatos;2020;0
Araba/Álava;1.1.-Homicidios dolosos/asesinatos;2019;1
Araba/Álava;1.1.-Homicidios dolosos/asesinatos;2018;0
Araba/Álava;1.1.1.-Homicidios dolosos/asesinatos consumados;2024;0
Araba/Álava;1.1.1.-Homicidios dolosos/asesinatos consumados;2023;1
Araba/Álava;1.1.1.-Homicidios dolosos/asesinatos consumados;2022;0
Araba/Álava;1.1.1.-Homicidios dolosos/asesinatos consumados;2021;0
Araba/Álava;1.1.1.-Homicidios dolosos/asesinatos consumados;2020;0
Araba/Álava;1.1.1.-Homicidios dolosos/asesinatos consumados;2019;0
Araba/Álava;1.1.1.-Homicidios dolosos/asesinatos consumados;2018;0
Araba/Álava;1.2.-Lesiones;2024;6
Araba/Álava;1.2.-Lesiones;2023;3
Araba/Álava;1.2.-Lesiones;2022;4
Araba/Álava;1.2.-Lesiones;2021;2
Araba/Álava;1.2.-Lesiones;2020;0
Araba/Álava;1.2.-Lesiones;2019;1
Araba/Álava;1.2.-Lesiones;2018;1
Araba/Álava;1.3.-Malos tratos ámbito familiar;2024;8
Araba/Álava;1.3.-Malos tratos ámbito familiar;2023;12
Araba/Álava;1.3.-Malos tratos ámbito familiar;2022;6
Araba/Álava;1.3.-Malos tratos ámbito familiar;2021;3
Araba/Álava;1.3.-Malos tratos ámbito familiar;2020;3
Araba/Álava;1.3.-Malos tratos ámbito familiar;2019;7
Araba/Álava;1.3.-Malos tratos ámbito familiar;2018;2
Araba/Álava;1.4.-Otros contra las personas;2024;1
Araba/Álava;1.4.-Otros contra las personas;2023;1
Araba/Álava;1.4.-Otros contra las personas;2022;0
Araba/Álava;1.4.-Otros contra las personas;2021;0
Araba/Álava;1.4.-Otros contra las personas;2020;0
Araba/Álava;1.4.-Otros contra las personas;2019;0
Araba/Álava;1.4.-Otros contra las personas;2018;0
Araba/Álava;2. CONTRA LA LIBERTAD;2024;15
Araba/Álava;2. CONTRA LA LIBERTAD;2023;16
Araba/Álava;2. CONTRA LA LIBERTAD;2022;12
Araba/Álava;2. CONTRA LA LIBERTAD;2021;9
Araba/Álava;2. CONTRA LA LIBERTAD;2020;9
Araba/Álava;2. CONTRA LA LIBERTAD;2019;14
Araba/Álava;2. CONTRA LA LIBERTAD;2018;3
Araba/Álava;2.1.-Malos tratos habituales en el ámbito familiar;2024;3
Araba/Álava;2.1.-Malos tratos habituales en el ámbito familiar;2023;1
Araba/Álava;2.1.-Malos tratos habituales en el ámbito familiar;2022;2
Araba/Álava;2.1.-Malos tratos habituales en el ámbito familiar;2021;1
Araba/Álava;2.1.-Malos tratos habituales en el ámbito familiar;2020;2
Araba/Álava;2.1.-Malos tratos habituales en el ámbito familiar;2019;1
Araba/Álava;2.1.-Malos tratos habituales en el ámbito familiar;2018;1
Araba/Álava;2.2.-Otros contra la libertad;2024;12
Araba/Álava;2.2.-Otros contra la libertad;2023;15
Araba/Álava;2.2.-Otros contra la libertad;2022;10
Araba/Álava;2.2.-Otros contra la libertad;2021;8
Araba/Álava;2.2.-Otros contra la libertad;2020;7
Araba/Álava;2.2.-Otros contra la libertad;2019;13
Araba/Álava;2.2.-Otros contra la libertad;2018;2
Araba/Álava;3. LIBERTAD SEXUAL;2024;7
Araba/Álava;3. LIBERTAD SEXUAL;2023;13
Araba/Álava;3. LIBERTAD SEXUAL;2022;5
Araba/Álava;3. LIBERTAD SEXUAL;2021;8
Araba/Álava;3. LIBERTAD SEXUAL;2020;8
Araba/Álava;3. LIBERTAD SEXUAL;2019;3
Araba/Álava;3. LIBERTAD SEXUAL;2018;5
Araba/Álava;3.1.-Agresión sexual;2024;1
Araba/Álava;3.1.-Agresión sexual;2023;4
Araba/Álava;3.1.-Agresión sexual;2022;3
Araba/Álava;3.1.-Agresión sexual;2021;2
Araba/Álava;3.1.-Agresión sexual;2020;2
Araba/Álava;3.1.-Agresión sexual;2019;0
Araba/Álava;3.1.-Agresión sexual;2018;2
Araba/Álava;3.2.-Agresión sexual con penetración;2024;1
Araba/Álava;3.2.-Agresión sexual con penetración;2023;1
Araba/Álava;3.2.-Agresión sexual con penetración;2022;1
Araba/Álava;3.2.-Agresión sexual con penetración;2021;1
Araba/Álava;3.2.-Agresión sexual con penetración;2020;1
Araba/Álava;3.2.-Agresión sexual con penetración;2019;0
Araba/Álava;3.2.-Agresión sexual con penetración;2018;1
Araba/Álava;3.3.-Corrupción de menores o incapacitados;2024;0
Araba/Álava;3.3.-Corrupción de menores o incapacitados;2023;0
Araba/Álava;3.3.-Corrupción de menores o incapacitados;2022;0
Araba/Álava;3.3.-Corrupción de menores o incapacitados;2021;1
Araba/Álava;3.3.-Corrupción de menores o incapacitados;2020;0
Araba/Álava;3.3.-Corrupción de menores o incapacitados;2019;0
Araba/Álava;3.3.-Corrupción de menores o incapacitados;2018;0
Araba/Álava;3.4.-Pornografía de menores;2024;4
Araba/Álava;3.4.-Pornografía de menores;2023;6
Araba/Álava;3.4.-Pornografía de menores;2022;1
Araba/Álava;3.4.-Pornografía de menores;2021;4
Araba/Álava;3.4.-Pornografía de menores;2020;3
Araba/Álava;3.4.-Pornografía de menores;2019;2
Araba/Álava;3.4.-Pornografía de menores;2018;2
Araba/Álava;3.5.-Otros contra la libertad sexual;2024;1
Araba/Álava;3.5.-Otros contra la libertad sexual;2023;2
Araba/Álava;3.5.-Otros contra la libertad sexual;2022;0
Araba/Álava;3.5.-Otros contra la libertad sexual;2021;0
Araba/Álava;3.5.-Otros contra la libertad sexual;2020;2
Araba/Álava;3.5.-Otros contra la libertad sexual;2019;1
Araba/Álava;3.5.-Otros contra la libertad sexual;2018;0
Araba/Álava;4. RELACIONES FAMILIARES;2024;0
Araba/Álava;4. RELACIONES FAMILIARES;2023;1
Araba/Álava;4. RELACIONES FAMILIARES;2022;3
Araba/Álava;4. RELACIONES FAMILIARES;2021;0
Araba/Álava;4. RELACIONES FAMILIARES;2020;3
Araba/Álava;4. RELACIONES FAMILIARES;2019;3
Araba/Álava;4. RELACIONES FAMILIARES;2018;2
Araba/Álava;5. PATRIMONIO;2024;68
Araba/Álava;5. PATRIMONIO;2023;81
Araba/Álava;5. PATRIMONIO;2022;134
Araba/Álava;5. PATRIMONIO;2021;75
Araba/Álava;5. PATRIMONIO;2020;52
Araba/Álava;5. PATRIMONIO;2019;66
Araba/Álava;5. PATRIMONIO;2018;36
Araba/Álava;5.1.-Hurtos;2024;4
Araba/Álava;5.1.-Hurtos;2023;4
Araba/Álava;5.1.-Hurtos;2022;15
Araba/Álava;5.1.-Hurtos;2021;3
Araba/Álava;5.1.-Hurtos;2020;1
Araba/Álava;5.1.-Hurtos;2019;12
Araba/Álava;5.1.-Hurtos;2018;3
Araba/Álava;5.2.-Robos con fuerza en las cosas;2024;2
Araba/Álava;5.2.-Robos con fuerza en las cosas;2023;4
Araba/Álava;5.2.-Robos con fuerza en las cosas;2022;1
Araba/Álava;5.2.-Robos con fuerza en las cosas;2021;0
Araba/Álava;5.2.-Robos con fuerza en las cosas;2020;2
Araba/Álava;5.2.-Robos con fuerza en las cosas;2019;4
Araba/Álava;5.2.-Robos con fuerza en las cosas;2018;1
Araba/Álava;5.2.1.-Robos con fuerza en las cosas en el interior de vehículos;2024;0
Araba/Álava;5.2.1.-Robos con fuerza en las cosas en el interior de vehículos;2023;0
Araba/Álava;5.2.1.-Robos con fuerza en las cosas en el interior de vehículos;2022;0
Araba/Álava;5.2.1.-Robos con fuerza en las cosas en el interior de vehículos;2021;0
Araba/Álava;5.2.1.-Robos con fuerza en las cosas en el interior de vehículos;2020;0
Araba/Álava;5.2.1.-Robos con fuerza en las cosas en el interior de vehículos;2019;0
Araba/Álava;5.2.1.-Robos con fuerza en las cosas en el interior de vehículos;2018;0
Araba/Álava;5.2.2.-Robos con fuerza en viviendas;2024;2
Araba/Álava;5.2.2.-Robos con fuerza en viviendas;2023;1
Araba/Álava;5.2.2.-Robos con fuerza en viviendas;2022;0
Araba/Álava;5.2.2.-Robos con fuerza en viviendas;2021;0
Araba/Álava;5.2.2.-Robos con fuerza en viviendas;2020;0
Araba/Álava;5.2.2.-Robos con fuerza en viviendas;2019;0
Araba/Álava;5.2.2.-Robos con fuerza en viviendas;2018;0
Araba/Álava;5.2.3.-Robos con fuerza en establecimientos;2024;0
Araba/Álava;5.2.3.-Robos con fuerza en establecimientos;2023;1
Araba/Álava;5.2.3.-Robos con fuerza en establecimientos;2022;0
Araba/Álava;5.2.3.-Robos con fuerza en establecimientos;2021;0
Araba/Álava;5.2.3.-Robos con fuerza en establecimientos;2020;1
Araba/Álava;5.2.3.-Robos con fuerza en establecimientos;2019;3
Araba/Álava;5.2.3.-Robos con fuerza en establecimientos;2018;0
Araba/Álava;5.3.-Robos con violencia o intimidación;2024;0
Araba/Álava;5.3.-Robos con violencia o intimidación;2023;2
Araba/Álava;5.3.-Robos con violencia o intimidación;2022;2
Araba/Álava;5.3.-Robos con violencia o intimidación;2021;1
Araba/Álava;5.3.-Robos con violencia o intimidación;2020;0
Araba/Álava;5.3.-Robos con violencia o intimidación;2019;2
Araba/Álava;5.3.-Robos con violencia o intimidación;2018;0
Araba/Álava;5.3.1.-Robos con violencia en vía pública;2024;0
Araba/Álava;5.3.1.-Robos con violencia en vía pública;2023;1
Araba/Álava;5.3.1.-Robos con violencia en vía pública;2022;0
Araba/Álava;5.3.1.-Robos con violencia en vía pública;2021;1
Araba/Álava;5.3.1.-Robos con violencia en vía pública;2020;0
Araba/Álava;5.3.1.-Robos con violencia en vía pública;2019;0
Araba/Álava;5.3.1.-Robos con violencia en vía pública;2018;0
Araba/Álava;5.3.2.-Robos con violencia en viviendas;2024;0
Araba/Álava;5.3.2.-Robos con violencia en viviendas;2023;0
Araba/Álava;5.3.2.-Robos con violencia en viviendas;2022;0
Araba/Álava;5.3.2.-Robos con violencia en viviendas;2021;0
Araba/Álava;5.3.2.-Robos con violencia en viviendas;2020;0
Araba/Álava;5.3.2.-Robos con violencia en viviendas;2019;0
Araba/Álava;5.3.2.-Robos con violencia en viviendas;2018;0
Araba/Álava;5.3.3.-Robos con violencia en establecimientos;2024;0
Araba/Álava;5.3.3.-Robos con violencia en establecimientos;2023;0
Araba/Álava;5.3.3.-Robos con violencia en establecimientos;2022;1
Araba/Álava;5.3.3.-Robos con violencia en establecimientos;2021;0
Araba/Álava;5.3.3.-Robos con violencia en establecimientos;2020;0
Araba/Álava;5.3.3.-Robos con violencia en establecimientos;2019;1
Araba/Álava;5.3.3.-Robos con violencia en establecimientos;2018;0
Araba/Álava;5.4.-Sustracción de vehículos;2024;5
Araba/Álava;5.4.-Sustracción de vehículos;2023;11
Araba/Álava;5.4.-Sustracción de vehículos;2022;2
Araba/Álava;5.4.-Sustracción de vehículos;2021;3
Araba/Álava;5.4.-Sustracción de vehículos;2020;5
Araba/Álava;5.4.-Sustracción de vehículos;2019;5
Araba/Álava;5.4.-Sustracción de vehículos;2018;2
Araba/Álava;5.5.-Estafas;2024;36
Araba/Álava;5.5.-Estafas;2023;45
Araba/Álava;5.5.-Estafas;2022;108
Araba/Álava;5.5.-Estafas;2021;54
Araba/Álava;5.5.-Estafas;2020;34
Araba/Álava;5.5.-Estafas;2019;38
Araba/Álava;5.5.-Estafas;2018;26
Araba/Álava;5.5.1.-Estafas informáticas;2024;25
Araba/Álava;5.5.1.-Estafas informáticas;2023;39
Araba/Álava;5.5.1.-Estafas informáticas;2022;93
Araba/Álava;5.5.1.-Estafas informáticas;2021;42
Araba/Álava;5.5.1.-Estafas informáticas;2020;20
Araba/Álava;5.5.1.-Estafas informáticas;2019;24
Araba/Álava;5.5.1.-Estafas informáticas;2018;20
Araba/Álava;5.6.-Daños;2024;4
Araba/Álava;5.6.-Daños;2023;0
Araba/Álava;5.6.-Daños;2022;3
Araba/Álava;5.6.-Daños;2021;2
Araba/Álava;5.6.-Daños;2020;3
Araba/Álava;5.6.-Daños;2019;0
Araba/Álava;5.6.-Daños;2018;0
Araba/Álava;5.7.-Contra la propiedad intelectual/industrial;2024;8
Araba/Álava;5.7.-Contra la propiedad intelectual/industrial;2023;7
Araba/Álava;5.7.-Contra la propiedad intelectual/industrial;2022;0
Araba/Álava;5.7.-Contra la propiedad intelectual/industrial;2021;1
Araba/Álava;5.7.-Contra la propiedad intelectual/industrial;2020;0
Araba/Álava;5.7.-Contra la propiedad intelectual/industrial;2019;2
Araba/Álava;5.7.-Contra la propiedad intelectual/industrial;2018;1
Araba/Álava;5.8.-Blanqueo de capitales;2024;2
Araba/Álava;5.8.-Blanqueo de capitales;2023;0
Araba/Álava;5.8.-Blanqueo de capitales;2022;0
Araba/Álava;5.8.-Blanqueo de capitales;2021;1
Araba/Álava;5.8.-Blanqueo de capitales;2020;2
Araba/Álava;5.8.-Blanqueo de capitales;2019;0
Araba/Álava;5.8.-Blanqueo de capitales;2018;0
Araba/Álava;5.9.-Otros contra el patrimonio;2024;7
Araba/Álava;5.9.-Otros contra el patrimonio;2023;8
Araba/Álava;5.9.-Otros contra el patrimonio;2022;3
Araba/Álava;5.9.-Otros contra el patrimonio;2021;10
Araba/Álava;5.9.-Otros contra el patrimonio;2020;5
Araba/Álava;5.9.-Otros contra el patrimonio;2019;3
Araba/Álava;5.9.-Otros contra el patrimonio;2018;3
Araba/Álava;6. SEGURIDAD COLECTIVA;2024;164
Araba/Álava;6. SEGURIDAD COLECTIVA;2023;7
Araba/Álava;6. SEGURIDAD COLECTIVA;2022;7
Araba/Álava;6. SEGURIDAD COLECTIVA;2021;14
Araba/Álava;6. SEGURIDAD COLECTIVA;2020;10
Araba/Álava;6. SEGURIDAD COLECTIVA;2019;10
Araba/Álava;6. SEGURIDAD COLECTIVA;2018;16
Araba/Álava;6.1.-Tráfico de drogas;2024;159
Araba/Álava;6.1.-Tráfico de drogas;2023;6
Araba/Álava;6.1.-Tráfico de drogas;2022;4
Araba/Álava;6.1.-Tráfico de drogas;2021;11
Araba/Álava;6.1.-Tráfico de drogas;2020;10
Araba/Álava;6.1.-Tráfico de drogas;2019;8
Araba/Álava;6.1.-Tráfico de drogas;2018;14
Araba/Álava;6.2.-Contra la seguridad vial;2024;0
Araba/Álava;6.2.-Contra la seguridad vial;2023;0
Araba/Álava;6.2.-Contra la seguridad vial;2022;0
Araba/Álava;6.2.-Contra la seguridad vial;2021;2
Araba/Álava;6.2.-Contra la seguridad vial;2020;0
Araba/Álava;6.2.-Contra la seguridad vial;2019;1
Araba/Álava;6.2.-Contra la seguridad vial;2018;0
Araba/Álava;6.3.-Otros contra la seguridad colectiva;2024;5
Araba/Álava;6.3.-Otros contra la seguridad colectiva;2023;1
Araba/Álava;6.3.-Otros contra la seguridad colectiva;2022;3
Araba/Álava;6.3.-Otros contra la seguridad colectiva;2021;1
Araba/Álava;6.3.-Otros contra la seguridad colectiva;2020;0
Araba/Álava;6.3.-Otros contra la seguridad colectiva;2019;1
Araba/Álava;6.3.-Otros contra la seguridad colectiva;2018;2
Araba/Álava;7. FALSEDADES;2024;24
Araba/Álava;7. FALSEDADES;2023;19
Araba/Álava;7. FALSEDADES;2022;36
Araba/Álava;7. FALSEDADES;2021;29
Araba/Álava;7. FALSEDADES;2020;30
Araba/Álava;7. FALSEDADES;2019;27
Araba/Álava;7. FALSEDADES;2018;34
Araba/Álava;8. ADMÓN. PÚBLICA;2024;0
Araba/Álava;8. ADMÓN. PÚBLICA;2023;1
Araba/Álava;8. ADMÓN. PÚBLICA;2022;2
Araba/Álava;8. ADMÓN. PÚBLICA;2021;0
Araba/Álava;8. ADMÓN. PÚBLICA;2020;0
Araba/Álava;8. ADMÓN. PÚBLICA;2019;1
Araba/Álava;8. ADMÓN. PÚBLICA;2018;0
Araba/Álava;9. ADMÓN. JUSTICIA;2024;6
Araba/Álava;9. ADMÓN. JUSTICIA;2023;5
Araba/Álava;9. ADMÓN. JUSTICIA;2022;6
Araba/Álava;9. ADMÓN. JUSTICIA;2021;4
Araba/Álava;9. ADMÓN. JUSTICIA;2020;4
Araba/Álava;9. ADMÓN. JUSTICIA;2019;3
Araba/Álava;9. ADMÓN. JUSTICIA;2018;1
Araba/Álava;10. ORDEN PÚBLICO;2024;5
Araba/Álava;10. ORDEN PÚBLICO;2023;5
Araba/Álava;10. ORDEN PÚBLICO;2022;1
Araba/Álava;10. ORDEN PÚBLICO;2021;4
Araba/Álava;10. ORDEN PÚBLICO;2020;2
Araba/Álava;10. ORDEN PÚBLICO;2019;1
Araba/Álava;10. ORDEN PÚBLICO;2018;7
Araba/Álava;11. LEGISLACIÓN ESPECIAL;2024;0
Araba/Álava;11. LEGISLACIÓN ESPECIAL;2023;3
Araba/Álava;11. LEGISLACIÓN ESPECIAL;2022;0
Araba/Álava;11. LEGISLACIÓN ESPECIAL;2021;1
Araba/Álava;11. LEGISLACIÓN ESPECIAL;2020;0
Araba/Álava;11. LEGISLACIÓN ESPECIAL;2019;0
Araba/Álava;11. LEGISLACIÓN ESPECIAL;2018;0
Araba/Álava;12. OTRAS INFRACCIONES PENALES;2024;8
Araba/Álava;12. OTRAS INFRACCIONES PENALES;2023;8
Araba/Álava;12. OTRAS INFRACCIONES PENALES;2022;6
Araba/Álava;12. OTRAS INFRACCIONES PENALES;2021;6
Araba/Álava;12. OTRAS INFRACCIONES PENALES;2020;5
Araba/Álava;12. OTRAS INFRACCIONES PENALES;2019;6
Araba/Álava;12. OTRAS INFRACCIONES PENALES;2018;3
Araba/Álava;TOTAL INFRACCIONES PENALES;2024;312
Araba/Álava;TOTAL INFRACCIONES PENALES;2023;176
Araba/Álava;TOTAL INFRACCIONES PENALES;2022;222
Araba/Álava;TOTAL INFRACCIONES PENALES;2021;155
Araba/Álava;TOTAL INFRACCIONES PENALES;2020;126
Araba/Álava;TOTAL INFRACCIONES PENALES;2019;143
Araba/Álava;TOTAL INFRACCIONES PENALES;2018;110
Albacete;1. CONTRA LAS PERSONAS;2024;1.626
Albacete;1. CONTRA LAS PERSONAS;2023;1.544
Albacete;1. CONTRA LAS PERSONAS;2022;1.505
Albacete;1. CONTRA LAS PERSONAS;2021;1.251
Albacete;1. CONTRA LAS PERSONAS;2020;1.149
Albacete;1. CONTRA LAS PERSONAS;2019;1.363
Albacete;1. CONTRA LAS PERSONAS;2018;1.247
Albacete;1.1.-Homicidios dolosos/asesinatos;2024;3
Albacete;1.1.-Homicidios dolosos/asesinatos;2023;13
Albacete;1.1.-Homicidios dolosos/asesinatos;2022;13
Albacete;1.1.-Homicidios dolosos/asesinatos;2021;14
Albacete;1.1.-Homicidios dolosos/asesinatos;2020;4
Albacete;1.1.-Homicidios dolosos/asesinatos;2019;3
Albacete;1.1.-Homicidios dolosos/asesinatos;2018;10
Albacete;1.1.1.-Homicidios dolosos/asesinatos consumados;2024;0
Albacete;1.1.1.-Homicidios dolosos/asesinatos consumados;2023;5
Albacete;1.1.1.-Homicidios dolosos/asesinatos consumados;2022;2
Albacete;1.1.1.-Homicidios dolosos/asesinatos consumados;2021;1
Albacete;1.1.1.-Homicidios dolosos/asesinatos consumados;2020;2
Albacete;1.1.1.-Homicidios dolosos/asesinatos consumados;2019;0
Albacete;1.1.1.-Homicidios dolosos/asesinatos consumados;2018;3
Albacete;1.2.-Lesiones;2024;806
Albacete;1.2.-Lesiones;2023;750
Albacete;1.2.-Lesiones;2022;751
Albacete;1.2.-Lesiones;2021;592
Albacete;1.2.-Lesiones;2020;498
Albacete;1.2.-Lesiones;2019;660
Albacete;1.2.-Lesiones;2018;618
Albacete;1.3.-Malos tratos ámbito familiar;2024;783
Albacete;1.3.-Malos tratos ámbito familiar;2023;736
Albacete;1.3.-Malos tratos ámbito familiar;2022;699
Albacete;1.3.-Malos tratos ámbito familiar;2021;613
Albacete;1.3.-Malos tratos ámbito familiar;2020;605
Albacete;1.3.-Malos tratos ámbito familiar;2019;642
Albacete;1.3.-Malos tratos ámbito familiar;2018;587
Albacete;1.4.-Otros contra las personas;2024;34
Albacete;1.4.-Otros contra las personas;2023;45
Albacete;1.4.-Otros contra las personas;2022;42
Albacete;1.4.-Otros contra las personas;2021;32
Albacete;1.4.-Otros contra las personas;2020;42
Albacete;1.4.-Otros contra las personas;2019;58
Albacete;1.4.-Otros contra las personas;2018;32
Albacete;2. CONTRA LA LIBERTAD;2024;894
Albacete;2. CONTRA LA LIBERTAD;2023;839
Albacete;2. CONTRA LA LIBERTAD;2022;798
Albacete;2. CONTRA LA LIBERTAD;2021;752
Albacete;2. CONTRA LA LIBERTAD;2020;587
Albacete;2. CONTRA LA LIBERTAD;2019;631
Albacete;2. CONTRA LA LIBERTAD;2018;603
Albacete;2.1.-Malos tratos habituales en el ámbito familiar;2024;98
Albacete;2.1.-Malos tratos habituales en el ámbito familiar;2023;99
Albacete;2.1.-Malos tratos habituales en el ámbito familiar;2022;115
Albacete;2.1.-Malos tratos habituales en el ámbito familiar;2021;103
Albacete;2.1.-Malos tratos habituales en el ámbito familiar;2020;68
Albacete;2.1.-Malos tratos habituales en el ámbito familiar;2019;80
Albacete;2.1.-Malos tratos habituales en el ámbito familiar;2018;75
Albacete;2.2.-Otros contra la libertad;2024;796
Albacete;2.2.-Otros contra la libertad;2023;740
Albacete;2.2.-Otros contra la libertad;2022;683
Albacete;2.2.-Otros contra la libertad;2021;649
Albacete;2.2.-Otros contra la libertad;2020;519
Albacete;2.2.-Otros contra la libertad;2019;551
Albacete;2.2.-Otros contra la libertad;2018;528
Albacete;3. LIBERTAD SEXUAL;2024;139
Albacete;3. LIBERTAD SEXUAL;2023;129
Albacete;3. LIBERTAD SEXUAL;2022;110
Albacete;3. LIBERTAD SEXUAL;2021;107
Albacete;3. LIBERTAD SEXUAL;2020;69
Albacete;3. LIBERTAD SEXUAL;2019;95
Albacete;3. LIBERTAD SEXUAL;2018;89
Albacete;3.1.-Agresión sexual;2024;93
Albacete;3.1.-Agresión sexual;2023;84
Albacete;3.1.-Agresión sexual;2022;73
Albacete;3.1.-Agresión sexual;2021;71
Albacete;3.1.-Agresión sexual;2020;50
Albacete;3.1.-Agresión sexual;2019;55
Albacete;3.1.-Agresión sexual;2018;54
Albacete;3.2.-Agresión sexual con penetración;2024;23
Albacete;3.2.-Agresión sexual con penetración;2023;29
Albacete;3.2.-Agresión sexual con penetración;2022;27
Albacete;3.2.-Agresión sexual con penetración;2021;17
Albacete;3.2.-Agresión sexual con penetración;2020;8
Albacete;3.2.-Agresión sexual con penetración;2019;18
Albacete;3.2.-Agresión sexual con penetración;2018;15
Albacete;3.3.-Corrupción de menores o incapacitados;2024;5
Albacete;3.3.-Corrupción de menores o incapacitados;2023;1
Albacete;3.3.-Corrupción de menores o incapacitados;2022;0
Albacete;3.3.-Corrupción de menores o incapacitados;2021;2
Albacete;3.3.-Corrupción de menores o incapacitados;2020;5
Albacete;3.3.-Corrupción de menores o incapacitados;2019;2
Albacete;3.3.-Corrupción de menores o incapacitados;2018;5
Albacete;3.4.-Pornografía de menores;2024;5
Albacete;3.4.-Pornografía de menores;2023;4
Albacete;3.4.-Pornografía de menores;2022;2
Albacete;3.4.-Pornografía de menores;2021;4
Albacete;3.4.-Pornografía de menores;2020;2
Albacete;3.4.-Pornografía de menores;2019;9
Albacete;3.4.-Pornografía de menores;2018;9
Albacete;3.5.-Otros contra la libertad sexual;2024;13
Albacete;3.5.-Otros contra la libertad sexual;2023;11
Albacete;3.5.-Otros contra la libertad sexual;2022;8
Albacete;3.5.-Otros contra la libertad sexual;2021;13
Albacete;3.5.-Otros contra la libertad sexual;2020;4
Albacete;3.5.-Otros contra la libertad sexual;2019;11
Albacete;3.5.-Otros contra la libertad sexual;2018;6
Albacete;4. RELACIONES FAMILIARES;2024;60
Albacete;4. RELACIONES FAMILIARES;2023;71
Albacete;4. RELACIONES FAMILIARES;2022;78
Albacete;4. RELACIONES FAMILIARES;2021;59
Albacete;4. RELACIONES FAMILIARES;2020;65
Albacete;4. RELACIONES FAMILIARES;2019;72
Albacete;4. RELACIONES FAMILIARES;2018;62
Albacete;5. PATRIMONIO;2024;2.990
Albacete;5. PATRIMONIO;2023;2.923
Albacete;5. PATRIMONIO;2022;2.586
Albacete;5. PATRIMONIO;2021;2.111
Albacete;5. PATRIMONIO;2020;1.835
Albacete;5. PATRIMONIO;2019;2.150
Albacete;5. PATRIMONIO;2018;2.097
Albacete;5.1.-Hurtos;2024;1.231
Albacete;5.1.-Hurtos;2023;1.168
Albacete;5.1.-Hurtos;2022;998
Albacete;5.1.-Hurtos;2021;711
Albacete;5.1.-Hurtos;2020;721
Albacete;5.1.-Hurtos;2019;873
Albacete;5.1.-Hurtos;2018;849
Albacete;5.2.-Robos con fuerza en las cosas;2024;324
Albacete;5.2.-Robos con fuerza en las cosas;2023;351
Albacete;5.2.-Robos con fuerza en las cosas;2022;256
Albacete;5.2.-Robos con fuerza en las cosas;2021;225
Albacete;5.2.-Robos con fuerza en las cosas;2020;242
Albacete;5.2.-Robos con fuerza en las cosas;2019;340
Albacete;5.2.-Robos con fuerza en las cosas;2018;301
Albacete;5.2.1.-Robos con fuerza en las cosas en el interior de vehículos;2024;71
Albacete;5.2.1.-Robos con fuerza en las cosas en el interior de vehículos;2023;68
Albacete;5.2.1.-Robos con fuerza en las cosas en el interior de vehículos;2022;56
Albacete;5.2.1.-Robos con fuerza en las cosas en el interior de vehículos;2021;36
Albacete;5.2.1.-Robos con fuerza en las cosas en el interior de vehículos;2020;60
Albacete;5.2.1.-Robos con fuerza en las cosas en el interior de vehículos;2019;78
Albacete;5.2.1.-Robos con fuerza en las cosas en el interior de vehículos;2018;73
Albacete;5.2.2.-Robos con fuerza en viviendas;2024;112
Albacete;5.2.2.-Robos con fuerza en viviendas;2023;92
Albacete;5.2.2.-Robos con fuerza en viviendas;2022;91
Albacete;5.2.2.-Robos con fuerza en viviendas;2021;82
Albacete;5.2.2.-Robos con fuerza en viviendas;2020;111
Albacete;5.2.2.-Robos con fuerza en viviendas;2019;124
Albacete;5.2.2.-Robos con fuerza en viviendas;2018;103
Albacete;5.2.3.-Robos con fuerza en establecimientos;2024;60
Albacete;5.2.3.-Robos con fuerza en establecimientos;2023;81
Albacete;5.2.3.-Robos con fuerza en establecimientos;2022;61
Albacete;5.2.3.-Robos con fuerza en establecimientos;2021;57
Albacete;5.2.3.-Robos con fuerza en establecimientos;2020;35
Albacete;5.2.3.-Robos con fuerza en establecimientos;2019;71
Albacete;5.2.3.-Robos con fuerza en establecimientos;2018;54
Albacete;5.3.-Robos con violencia o intimidación;2024;138
Albacete;5.3.-Robos con violencia o intimidación;2023;133
Albacete;5.3.-Robos con violencia o intimidación;2022;110
Albacete;5.3.-Robos con violencia o intimidación;2021;104
Albacete;5.3.-Robos con violencia o intimidación;2020;95
Albacete;5.3.-Robos con violencia o intimidación;2019;125
Albacete;5.3.-Robos con violencia o intimidación;2018;102
Albacete;5.3.1.-Robos con violencia en vía pública;2024;61
Albacete;5.3.1.-Robos con violencia en vía pública;2023;72
Albacete;5.3.1.-Robos con violencia en vía pública;2022;61
Albacete;5.3.1.-Robos con violencia en vía pública;2021;42
Albacete;5.3.1.-Robos con violencia en vía pública;2020;54
Albacete;5.3.1.-Robos con violencia en vía pública;2019;72
Albacete;5.3.1.-Robos con violencia en vía pública;2018;53
Albacete;5.3.2.-Robos con violencia en viviendas;2024;26
Albacete;5.3.2.-Robos con violencia en viviendas;2023;17
Albacete;5.3.2.-Robos con violencia en viviendas;2022;10
Albacete;5.3.2.-Robos con violencia en viviendas;2021;9
Albacete;5.3.2.-Robos con violencia en viviendas;2020;16
Albacete;5.3.2.-Robos con violencia en viviendas;2019;13
Albacete;5.3.2.-Robos con violencia en viviendas;2018;13
Albacete;5.3.3.-Robos con violencia en establecimientos;2024;35
Albacete;5.3.3.-Robos con violencia en establecimientos;2023;37
Albacete;5.3.3.-Robos con violencia en establecimientos;2022;30
Albacete;5.3.3.-Robos con violencia en establecimientos;2021;36
Albacete;5.3.3.-Robos con violencia en establecimientos;2020;17
Albacete;5.3.3.-Robos con violencia en establecimientos;2019;21
Albacete;5.3.3.-Robos con violencia en establecimientos;2018;24
Albacete;5.4.-Sustracción de vehículos;2024;45
Albacete;5.4.-Sustracción de vehículos;2023;57
Albacete;5.4.-Sustracción de vehículos;2022;42
Albacete;5.4.-Sustracción de vehículos;2021;31
Albacete;5.4.-Sustracción de vehículos;2020;20
Albacete;5.4.-Sustracción de vehículos;2019;41
Albacete;5.4.-Sustracción de vehículos;2018;40
Albacete;5.5.-Estafas;2024;752
Albacete;5.5.-Estafas;2023;762
Albacete;5.5.-Estafas;2022;649
Albacete;5.5.-Estafas;2021;583
Albacete;5.5.-Estafas;2020;361
Albacete;5.5.-Estafas;2019;360
Albacete;5.5.-Estafas;2018;352
Albacete;5.5.1.-Estafas informáticas;2024;565
Albacete;5.5.1.-Estafas informáticas;2023;546
Albacete;5.5.1.-Estafas informáticas;2022;429
Albacete;5.5.1.-Estafas informáticas;2021;430
Albacete;5.5.1.-Estafas informáticas;2020;240
Albacete;5.5.1.-Estafas informáticas;2019;203
Albacete;5.5.1.-Estafas informáticas;2018;182
Albacete;5.6.-Daños;2024;246
Albacete;5.6.-Daños;2023;233
Albacete;5.6.-Daños;2022;254
Albacete;5.6.-Daños;2021;236
Albacete;5.6.-Daños;2020;189
Albacete;5.6.-Daños;2019;194
Albacete;5.6.-Daños;2018;229
Albacete;5.7.-Contra la propiedad intelectual/industrial;2024;19
Albacete;5.7.-Contra la propiedad intelectual/industrial;2023;3
Albacete;5.7.-Contra la propiedad intelectual/industrial;2022;1
Albacete;5.7.-Contra la propiedad intelectual/industrial;2021;6
Albacete;5.7.-Contra la propiedad intelectual/industrial;2020;3
Albacete;5.7.-Contra la propiedad intelectual/industrial;2019;12
Albacete;5.7.-Contra la propiedad intelectual/industrial;2018;40
Albacete;5.8.-Blanqueo de capitales;2024;2
Albacete;5.8.-Blanqueo de capitales;2023;4
Albacete;5.8.-Blanqueo de capitales;2022;6
Albacete;5.8.-Blanqueo de capitales;2021;0
Albacete;5.8.-Blanqueo de capitales;2020;0
Albacete;5.8.-Blanqueo de capitales;2019;2
Albacete;5.8.-Blanqueo de capitales;2018;2
Albacete;5.9.-Otros contra el patrimonio;2024;233
Albacete;5.9.-Otros contra el patrimonio;2023;212
Albacete;5.9.-Otros contra el patrimonio;2022;270
Albacete;5.9.-Otros contra el patrimonio;2021;215
Albacete;5.9.-Otros contra el patrimonio;2020;204
Albacete;5.9.-Otros contra el patrimonio;2019;203
Albacete;5.9.-Otros contra el patrimonio;2018;182
Albacete;6. SEGURIDAD COLECTIVA;2024;411
Albacete;6. SEGURIDAD COLECTIVA;2023;394
Albacete;6. SEGURIDAD COLECTIVA;2022;389
Albacete;6. SEGURIDAD COLECTIVA;2021;407
Albacete;6. SEGURIDAD COLECTIVA;2020;328
Albacete;6. SEGURIDAD COLECTIVA;2019;433
Albacete;6. SEGURIDAD COLECTIVA;2018;426
Albacete;6.1.-Tráfico de drogas;2024;88
Albacete;6.1.-Tráfico de drogas;2023;95
Albacete;6.1.-Tráfico de drogas;2022;81
Albacete;6.1.-Tráfico de drogas;2021;74
Albacete;6.1.-Tráfico de drogas;2020;60
Albacete;6.1.-Tráfico de drogas;2019;72
Albacete;6.1.-Tráfico de drogas;2018;74
Albacete;6.2.-Contra la seguridad vial;2024;305
Albacete;6.2.-Contra la seguridad vial;2023;276
Albacete;6.2.-Contra la seguridad vial;2022;292
Albacete;6.2.-Contra la seguridad vial;2021;315
Albacete;6.2.-Contra la seguridad vial;2020;249
Albacete;6.2.-Contra la seguridad vial;2019;343
Albacete;6.2.-Contra la seguridad vial;2018;329
Albacete;6.3.-Otros contra la seguridad colectiva;2024;18
Albacete;6.3.-Otros contra la seguridad colectiva;2023;23
Albacete;6.3.-Otros contra la seguridad colectiva;2022;16
Albacete;6.3.-Otros contra la seguridad colectiva;2021;18
Albacete;6.3.-Otros contra la seguridad colectiva;2020;19
Albacete;6.3.-Otros contra la seguridad colectiva;2019;18
Albacete;6.3.-Otros contra la seguridad colectiva;2018;23
Albacete;7. FALSEDADES;2024;139
Albacete;7. FALSEDADES;2023;113
Albacete;7. FALSEDADES;2022;149
Albacete;7. FALSEDADES;2021;133
Albacete;7. FALSEDADES;2020;97
Albacete;7. FALSEDADES;2019;120
Albacete;7. FALSEDADES;2018;105
Albacete;8. ADMÓN. PÚBLICA;2024;5
Albacete;8. ADMÓN. PÚBLICA;2023;3
Albacete;8. ADMÓN. PÚBLICA;2022;1
Albacete;8. ADMÓN. PÚBLICA;2021;2
Albacete;8. ADMÓN. PÚBLICA;2020;1
Albacete;8. ADMÓN. PÚBLICA;2019;3
Albacete;8. ADMÓN. PÚBLICA;2018;6
Albacete;9. ADMÓN. JUSTICIA;2024;321
Albacete;9. ADMÓN. JUSTICIA;2023;382
Albacete;9. ADMÓN. JUSTICIA;2022;291
Albacete;9. ADMÓN. JUSTICIA;2021;250
Albacete;9. ADMÓN. JUSTICIA;2020;216
Albacete;9. ADMÓN. JUSTICIA;2019;266
Albacete;9. ADMÓN. JUSTICIA;2018;193
Albacete;10. ORDEN PÚBLICO;2024;204
Albacete;10. ORDEN PÚBLICO;2023;198
Albacete;10. ORDEN PÚBLICO;2022;233
Albacete;10. ORDEN PÚBLICO;2021;185
Albacete;10. ORDEN PÚBLICO;2020;286
Albacete;10. ORDEN PÚBLICO;2019;169
Albacete;10. ORDEN PÚBLICO;2018;162
Albacete;11. LEGISLACIÓN ESPECIAL;2024;1
Albacete;11. LEGISLACIÓN ESPECIAL;2023;2
Albacete;11. LEGISLACIÓN ESPECIAL;2022;4
Albacete;11. LEGISLACIÓN ESPECIAL;2021;0
Albacete;11. LEGISLACIÓN ESPECIAL;2020;0
Albacete;11. LEGISLACIÓN ESPECIAL;2019;0
Albacete;11. LEGISLACIÓN ESPECIAL;2018;0
Albacete;12. OTRAS INFRACCIONES PENALES;2024;101
Albacete;12. OTRAS INFRACCIONES PENALES;2023;77
Albacete;12. OTRAS INFRACCIONES PENALES;2022;90
Albacete;12. OTRAS INFRACCIONES PENALES;2021;107
Albacete;12. OTRAS INFRACCIONES PENALES;2020;71
Albacete;12. OTRAS INFRACCIONES PENALES;2019;92
Albacete;12. OTRAS INFRACCIONES PENALES;2018;65
Albacete;TOTAL INFRACCIONES PENALES;2024;6.891
Albacete;TOTAL INFRACCIONES PENALES;2023;6.675
Albacete;TOTAL INFRACCIONES PENALES;2022;6.234
Albacete;TOTAL INFRACCIONES PENALES;2021;5.364
Albacete;TOTAL INFRACCIONES PENALES;2020;4.704
Albacete;TOTAL INFRACCIONES PENALES;2019;5.394
Albacete;TOTAL INFRACCIONES PENALES;2018;5.055
Alicante/Alacant;1. CONTRA LAS PERSONAS;2024;11.148
Alicante/Alacant;1. CONTRA LAS PERSONAS;2023;10.395
Alicante/Alacant;1. CONTRA LAS PERSONAS;2022;9.394
Alicante/Alacant;1. CONTRA LAS PERSONAS;2021;8.153
Alicante/Alacant;1. CONTRA LAS PERSONAS;2020;7.306
Alicante/Alacant;1. CONTRA LAS PERSONAS;2019;8.556
Alicante/Alacant;1. CONTRA LAS PERSONAS;2018;8.161
Alicante/Alacant;1.1.-Homicidios dolosos/asesinatos;2024;71
Alicante/Alacant;1.1.-Homicidios dolosos/asesinatos;2023;74
Alicante/Alacant;1.1.-Homicidios dolosos/asesinatos;2022;64
Alicante/Alacant;1.1.-Homicidios dolosos/asesinatos;2021;53
Alicante/Alacant;1.1.-Homicidios dolosos/asesinatos;2020;40
Alicante/Alacant;1.1.-Homicidios dolosos/asesinatos;2019;47
Alicante/Alacant;1.1.-Homicidios dolosos/asesinatos;2018;40
Alicante/Alacant;1.1.1.-Homicidios dolosos/asesinatos consumados;2024;18
Alicante/Alacant;1.1.1.-Homicidios dolosos/asesinatos consumados;2023;11
Alicante/Alacant;1.1.1.-Homicidios dolosos/asesinatos consumados;2022;15
Alicante/Alacant;1.1.1.-Homicidios dolosos/asesinatos consumados;2021;10
Alicante/Alacant;1.1.1.-Homicidios dolosos/asesinatos consumados;2020;15
Alicante/Alacant;1.1.1.-Homicidios dolosos/asesinatos consumados;2019;15
Alicante/Alacant;1.1.1.-Homicidios dolosos/asesinatos consumados;2018;15
Alicante/Alacant;1.2.-Lesiones;2024;4.662
Alicante/Alacant;1.2.-Lesiones;2023;4.246
Alicante/Alacant;1.2.-Lesiones;2022;3.979
Alicante/Alacant;1.2.-Lesiones;2021;3.335
Alicante/Alacant;1.2.-Lesiones;2020;2.796
Alicante/Alacant;1.2.-Lesiones;2019;3.710
Alicante/Alacant;1.2.-Lesiones;2018;3.729
Alicante/Alacant;1.3.-Malos tratos ámbito familiar;2024;6.205
Alicante/Alacant;1.3.-Malos tratos ámbito familiar;2023;5.909
Alicante/Alacant;1.3.-Malos tratos ámbito familiar;2022;5.201
Alicante/Alacant;1.3.-Malos tratos ámbito familiar;2021;4.618
Alicante/Alacant;1.3.-Malos tratos ámbito familiar;2020;4.380
Alicante/Alacant;1.3.-Malos tratos ámbito familiar;2019;4.699
Alicante/Alacant;1.3.-Malos tratos ámbito familiar;2018;4.299
Alicante/Alacant;1.4.-Otros contra las personas;2024;210
Alicante/Alacant;1.4.-Otros contra las personas;2023;166
Alicante/Alacant;1.4.-Otros contra las personas;2022;150
Alicante/Alacant;1.4.-Otros contra las personas;2021;147
Alicante/Alacant;1.4.-Otros contra las personas;2020;90
Alicante/Alacant;1.4.-Otros contra las personas;2019;100
Alicante/Alacant;1.4.-Otros contra las personas;2018;93
Alicante/Alacant;2. CONTRA LA LIBERTAD;2024;6.145
Alicante/Alacant;2. CONTRA LA LIBERTAD;2023;5.625
Alicante/Alacant;2. CONTRA LA LIBERTAD;2022;4.874
Alicante/Alacant;2. CONTRA LA LIBERTAD;2021;4.727
Alicante/Alacant;2. CONTRA LA LIBERTAD;2020;4.242
Alicante/Alacant;2. CONTRA LA LIBERTAD;2019;4.163
Alicante/Alacant;2. CONTRA LA LIBERTAD;2018;4.007
Alicante/Alacant;2.1.-Malos tratos habituales en el ámbito familiar;2024;865
Alicante/Alacant;2.1.-Malos tratos habituales en el ámbito familiar;2023;877
Alicante/Alacant;2.1.-Malos tratos habituales en el ámbito familiar;2022;811
Alicante/Alacant;2.1.-Malos tratos habituales en el ámbito familiar;2021;715
Alicante/Alacant;2.1.-Malos tratos habituales en el ámbito familiar;2020;636
Alicante/Alacant;2.1.-Malos tratos habituales en el ámbito familiar;2019;618
Alicante/Alacant;2.1.-Malos tratos habituales en el ámbito familiar;2018;494
Alicante/Alacant;2.2.-Otros contra la libertad;2024;5.280
Alicante/Alacant;2.2.-Otros contra la libertad;2023;4.748
Alicante/Alacant;2.2.-Otros contra la libertad;2022;4.063
Alicante/Alacant;2.2.-Otros contra la libertad;2021;4.012
Alicante/Alacant;2.2.-Otros contra la libertad;2020;3.606
Alicante/Alacant;2.2.-Otros contra la libertad;2019;3.545
Alicante/Alacant;2.2.-Otros contra la libertad;2018;3.513
Alicante/Alacant;3. LIBERTAD SEXUAL;2024;941
Alicante/Alacant;3. LIBERTAD SEXUAL;2023;920
Alicante/Alacant;3. LIBERTAD SEXUAL;2022;852
Alicante/Alacant;3. LIBERTAD SEXUAL;2021;731
Alicante/Alacant;3. LIBERTAD SEXUAL;2020;495
Alicante/Alacant;3. LIBERTAD SEXUAL;2019;587
Alicante/Alacant;3. LIBERTAD SEXUAL;2018;517
Alicante/Alacant;3.1.-Agresión sexual;2024;600
Alicante/Alacant;3.1.-Agresión sexual;2023;573
Alicante/Alacant;3.1.-Agresión sexual;2022;512
Alicante/Alacant;3.1.-Agresión sexual;2021;459
Alicante/Alacant;3.1.-Agresión sexual;2020;289
Alicante/Alacant;3.1.-Agresión sexual;2019;324
Alicante/Alacant;3.1.-Agresión sexual;2018;303
Alicante/Alacant;3.2.-Agresión sexual con penetración;2024;194
Alicante/Alacant;3.2.-Agresión sexual con penetración;2023;208
Alicante/Alacant;3.2.-Agresión sexual con penetración;2022;213
Alicante/Alacant;3.2.-Agresión sexual con penetración;2021;149
Alicante/Alacant;3.2.-Agresión sexual con penetración;2020;118
Alicante/Alacant;3.2.-Agresión sexual con penetración;2019;120
Alicante/Alacant;3.2.-Agresión sexual con penetración;2018;95
Alicante/Alacant;3.3.-Corrupción de menores o incapacitados;2024;24
Alicante/Alacant;3.3.-Corrupción de menores o incapacitados;2023;14
Alicante/Alacant;3.3.-Corrupción de menores o incapacitados;2022;28
Alicante/Alacant;3.3.-Corrupción de menores o incapacitados;2021;20
Alicante/Alacant;3.3.-Corrupción de menores o incapacitados;2020;11
Alicante/Alacant;3.3.-Corrupción de menores o incapacitados;2019;26
Alicante/Alacant;3.3.-Corrupción de menores o incapacitados;2018;19
Alicante/Alacant;3.4.-Pornografía de menores;2024;38
Alicante/Alacant;3.4.-Pornografía de menores;2023;32
Alicante/Alacant;3.4.-Pornografía de menores;2022;34
Alicante/Alacant;3.4.-Pornografía de menores;2021;22
Alicante/Alacant;3.4.-Pornografía de menores;2020;23
Alicante/Alacant;3.4.-Pornografía de menores;2019;29
Alicante/Alacant;3.4.-Pornografía de menores;2018;36
Alicante/Alacant;3.5.-Otros contra la libertad sexual;2024;85
Alicante/Alacant;3.5.-Otros contra la libertad sexual;2023;93
Alicante/Alacant;3.5.-Otros contra la libertad sexual;2022;65
Alicante/Alacant;3.5.-Otros contra la libertad sexual;2021;81
Alicante/Alacant;3.5.-Otros contra la libertad sexual;2020;54
Alicante/Alacant;3.5.-Otros contra la libertad sexual;2019;88
Alicante/Alacant;3.5.-Otros contra la libertad sexual;2018;64
Alicante/Alacant;4. RELACIONES FAMILIARES;2024;404
Alicante/Alacant;4. RELACIONES FAMILIARES;2023;413
Alicante/Alacant;4. RELACIONES FAMILIARES;2022;433
Alicante/Alacant;4. RELACIONES FAMILIARES;2021;410
Alicante/Alacant;4. RELACIONES FAMILIARES;2020;343
Alicante/Alacant;4. RELACIONES FAMILIARES;2019;407
Alicante/Alacant;4. RELACIONES FAMILIARES;2018;379
Alicante/Alacant;5. PATRIMONIO;2024;19.409
Alicante/Alacant;5. PATRIMONIO;2023;17.451
Alicante/Alacant;5. PATRIMONIO;2022;14.211
Alicante/Alacant;5. PATRIMONIO;2021;11.678
Alicante/Alacant;5. PATRIMONIO;2020;10.702
Alicante/Alacant;5. PATRIMONIO;2019;13.092
Alicante/Alacant;5. PATRIMONIO;2018;13.162
Alicante/Alacant;5.1.-Hurtos;2024;6.786
Alicante/Alacant;5.1.-Hurtos;2023;5.968
Alicante/Alacant;5.1.-Hurtos;2022;4.869
Alicante/Alacant;5.1.-Hurtos;2021;3.591
Alicante/Alacant;5.1.-Hurtos;2020;3.122
Alicante/Alacant;5.1.-Hurtos;2019;4.516
Alicante/Alacant;5.1.-Hurtos;2018;4.742
Alicante/Alacant;5.2.-Robos con fuerza en las cosas;2024;2.672
Alicante/Alacant;5.2.-Robos con fuerza en las cosas;2023;2.464
Alicante/Alacant;5.2.-Robos con fuerza en las cosas;2022;1.803
Alicante/Alacant;5.2.-Robos con fuerza en las cosas;2021;1.692
Alicante/Alacant;5.2.-Robos con fuerza en las cosas;2020;1.864
Alicante/Alacant;5.2.-Robos con fuerza en las cosas;2019;2.015
Alicante/Alacant;5.2.-Robos con fuerza en las cosas;2018;2.242
Alicante/Alacant;5.2.1.-Robos con fuerza en las cosas en el interior de vehículos;2024;711
Alicante/Alacant;5.2.1.-Robos con fuerza en las cosas en el interior de vehículos;2023;680
Alicante/Alacant;5.2.1.-Robos con fuerza en las cosas en el interior de vehículos;2022;309
Alicante/Alacant;5.2.1.-Robos con fuerza en las cosas en el interior de vehículos;2021;350
Alicante/Alacant;5.2.1.-Robos con fuerza en las cosas en el interior de vehículos;2020;415
Alicante/Alacant;5.2.1.-Robos con fuerza en las cosas en el interior de vehículos;2019;457
Alicante/Alacant;5.2.1.-Robos con fuerza en las cosas en el interior de vehículos;2018;460
Alicante/Alacant;5.2.2.-Robos con fuerza en viviendas;2024;1.095
Alicante/Alacant;5.2.2.-Robos con fuerza en viviendas;2023;1.006
Alicante/Alacant;5.2.2.-Robos con fuerza en viviendas;2022;781
Alicante/Alacant;5.2.2.-Robos con fuerza en viviendas;2021;755
Alicante/Alacant;5.2.2.-Robos con fuerza en viviendas;2020;874
Alicante/Alacant;5.2.2.-Robos con fuerza en viviendas;2019;904
Alicante/Alacant;5.2.2.-Robos con fuerza en viviendas;2018;1.127
Alicante/Alacant;5.2.3.-Robos con fuerza en establecimientos;2024;509
Alicante/Alacant;5.2.3.-Robos con fuerza en establecimientos;2023;409
Alicante/Alacant;5.2.3.-Robos con fuerza en establecimientos;2022;343
Alicante/Alacant;5.2.3.-Robos con fuerza en establecimientos;2021;322
Alicante/Alacant;5.2.3.-Robos con fuerza en establecimientos;2020;326
Alicante/Alacant;5.2.3.-Robos con fuerza en establecimientos;2019;360
Alicante/Alacant;5.2.3.-Robos con fuerza en establecimientos;2018;339
Alicante/Alacant;5.3.-Robos con violencia o intimidación;2024;1.282
Alicante/Alacant;5.3.-Robos con violencia o intimidación;2023;1.052
Alicante/Alacant;5.3.-Robos con violencia o intimidación;2022;786
Alicante/Alacant;5.3.-Robos con violencia o intimidación;2021;604
Alicante/Alacant;5.3.-Robos con violencia o intimidación;2020;560
Alicante/Alacant;5.3.-Robos con violencia o intimidación;2019;681
Alicante/Alacant;5.3.-Robos con violencia o intimidación;2018;638
Alicante/Alacant;5.3.1.-Robos con violencia en vía pública;2024;692
Alicante/Alacant;5.3.1.-Robos con violencia en vía pública;2023;545
Alicante/Alacant;5.3.1.-Robos con violencia en vía pública;2022;371
Alicante/Alacant;5.3.1.-Robos con violencia en vía pública;2021;280
Alicante/Alacant;5.3.1.-Robos con violencia en vía pública;2020;275
Alicante/Alacant;5.3.1.-Robos con violencia en vía pública;2019;300
Alicante/Alacant;5.3.1.-Robos con violencia en vía pública;2018;317
Alicante/Alacant;5.3.2.-Robos con violencia en viviendas;2024;127
Alicante/Alacant;5.3.2.-Robos con violencia en viviendas;2023;125
Alicante/Alacant;5.3.2.-Robos con violencia en viviendas;2022;103
Alicante/Alacant;5.3.2.-Robos con violencia en viviendas;2021;92
Alicante/Alacant;5.3.2.-Robos con violencia en viviendas;2020;96
Alicante/Alacant;5.3.2.-Robos con violencia en viviendas;2019;104
Alicante/Alacant;5.3.2.-Robos con violencia en viviendas;2018;77
Alicante/Alacant;5.3.3.-Robos con violencia en establecimientos;2024;325
Alicante/Alacant;5.3.3.-Robos con violencia en establecimientos;2023;269
Alicante/Alacant;5.3.3.-Robos con violencia en establecimientos;2022;203
Alicante/Alacant;5.3.3.-Robos con violencia en establecimientos;2021;165
Alicante/Alacant;5.3.3.-Robos con violencia en establecimientos;2020;134
Alicante/Alacant;5.3.3.-Robos con violencia en establecimientos;2019;187
Alicante/Alacant;5.3.3.-Robos con violencia en establecimientos;2018;157
Alicante/Alacant;5.4.-Sustracción de vehículos;2024;579
Alicante/Alacant;5.4.-Sustracción de vehículos;2023;558
Alicante/Alacant;5.4.-Sustracción de vehículos;2022;458
Alicante/Alacant;5.4.-Sustracción de vehículos;2021;378
Alicante/Alacant;5.4.-Sustracción de vehículos;2020;425
Alicante/Alacant;5.4.-Sustracción de vehículos;2019;431
Alicante/Alacant;5.4.-Sustracción de vehículos;2018;452
Alicante/Alacant;5.5.-Estafas;2024;4.377
Alicante/Alacant;5.5.-Estafas;2023;4.105
Alicante/Alacant;5.5.-Estafas;2022;3.100
Alicante/Alacant;5.5.-Estafas;2021;2.627
Alicante/Alacant;5.5.-Estafas;2020;2.144
Alicante/Alacant;5.5.-Estafas;2019;2.657
Alicante/Alacant;5.5.-Estafas;2018;2.359
Alicante/Alacant;5.5.1.-Estafas informáticas;2024;2.746
Alicante/Alacant;5.5.1.-Estafas informáticas;2023;2.486
Alicante/Alacant;5.5.1.-Estafas informáticas;2022;1.558
Alicante/Alacant;5.5.1.-Estafas informáticas;2021;1.416
Alicante/Alacant;5.5.1.-Estafas informáticas;2020;941
Alicante/Alacant;5.5.1.-Estafas informáticas;2019;899
Alicante/Alacant;5.5.1.-Estafas informáticas;2018;751
Alicante/Alacant;5.6.-Daños;2024;1.948
Alicante/Alacant;5.6.-Daños;2023;1.698
Alicante/Alacant;5.6.-Daños;2022;1.665
Alicante/Alacant;5.6.-Daños;2021;1.450
Alicante/Alacant;5.6.-Daños;2020;1.312
Alicante/Alacant;5.6.-Daños;2019;1.407
Alicante/Alacant;5.6.-Daños;2018;1.378
Alicante/Alacant;5.7.-Contra la propiedad intelectual/industrial;2024;96
Alicante/Alacant;5.7.-Contra la propiedad intelectual/industrial;2023;112
Alicante/Alacant;5.7.-Contra la propiedad intelectual/industrial;2022;107
Alicante/Alacant;5.7.-Contra la propiedad intelectual/industrial;2021;97
Alicante/Alacant;5.7.-Contra la propiedad intelectual/industrial;2020;46
Alicante/Alacant;5.7.-Contra la propiedad intelectual/industrial;2019;91
Alicante/Alacant;5.7.-Contra la propiedad intelectual/industrial;2018;124
Alicante/Alacant;5.8.-Blanqueo de capitales;2024;31
Alicante/Alacant;5.8.-Blanqueo de capitales;2023;33
Alicante/Alacant;5.8.-Blanqueo de capitales;2022;16
Alicante/Alacant;5.8.-Blanqueo de capitales;2021;35
Alicante/Alacant;5.8.-Blanqueo de capitales;2020;18
Alicante/Alacant;5.8.-Blanqueo de capitales;2019;14
Alicante/Alacant;5.8.-Blanqueo de capitales;2018;17
Alicante/Alacant;5.9.-Otros contra el patrimonio;2024;1.638
Alicante/Alacant;5.9.-Otros contra el patrimonio;2023;1.461
Alicante/Alacant;5.9.-Otros contra el patrimonio;2022;1.407
Alicante/Alacant;5.9.-Otros contra el patrimonio;2021;1.204
Alicante/Alacant;5.9.-Otros contra el patrimonio;2020;1.211
Alicante/Alacant;5.9.-Otros contra el patrimonio;2019;1.280
Alicante/Alacant;5.9.-Otros contra el patrimonio;2018;1.210
Alicante/Alacant;6. SEGURIDAD COLECTIVA;2024;3.429
Alicante/Alacant;6. SEGURIDAD COLECTIVA;2023;3.638
Alicante/Alacant;6. SEGURIDAD COLECTIVA;2022;3.377
Alicante/Alacant;6. SEGURIDAD COLECTIVA;2021;2.977
Alicante/Alacant;6. SEGURIDAD COLECTIVA;2020;2.364
Alicante/Alacant;6. SEGURIDAD COLECTIVA;2019;2.695
Alicante/Alacant;6. SEGURIDAD COLECTIVA;2018;2.829
Alicante/Alacant;6.1.-Tráfico de drogas;2024;1.124
Alicante/Alacant;6.1.-Tráfico de drogas;2023;1.082
Alicante/Alacant;6.1.-Tráfico de drogas;2022;931
Alicante/Alacant;6.1.-Tráfico de drogas;2021;866
Alicante/Alacant;6.1.-Tráfico de drogas;2020;793
Alicante/Alacant;6.1.-Tráfico de drogas;2019;773
Alicante/Alacant;6.1.-Tráfico de drogas;2018;651
Alicante/Alacant;6.2.-Contra la seguridad vial;2024;2.203
Alicante/Alacant;6.2.-Contra la seguridad vial;2023;2.468
Alicante/Alacant;6.2.-Contra la seguridad vial;2022;2.393
Alicante/Alacant;6.2.-Contra la seguridad vial;2021;2.064
Alicante/Alacant;6.2.-Contra la seguridad vial;2020;1.536
Alicante/Alacant;6.2.-Contra la seguridad vial;2019;1.891
Alicante/Alacant;6.2.-Contra la seguridad vial;2018;2.104
Alicante/Alacant;6.3.-Otros contra la seguridad colectiva;2024;102
Alicante/Alacant;6.3.-Otros contra la seguridad colectiva;2023;88
Alicante/Alacant;6.3.-Otros contra la seguridad colectiva;2022;53
Alicante/Alacant;6.3.-Otros contra la seguridad colectiva;2021;47
Alicante/Alacant;6.3.-Otros contra la seguridad colectiva;2020;35
Alicante/Alacant;6.3.-Otros contra la seguridad colectiva;2019;31
Alicante/Alacant;6.3.-Otros contra la seguridad colectiva;2018;74
Alicante/Alacant;7. FALSEDADES;2024;1.117
Alicante/Alacant;7. FALSEDADES;2023;1.069
Alicante/Alacant;7. FALSEDADES;2022;913
Alicante/Alacant;7. FALSEDADES;2021;906
Alicante/Alacant;7. FALSEDADES;2020;814
Alicante/Alacant;7. FALSEDADES;2019;956
Alicante/Alacant;7. FALSEDADES;2018;1.041
Alicante/Alacant;8. ADMÓN. PÚBLICA;2024;18
Alicante/Alacant;8. ADMÓN. PÚBLICA;2023;17
Alicante/Alacant;8. ADMÓN. PÚBLICA;2022;14
Alicante/Alacant;8. ADMÓN. PÚBLICA;2021;43
Alicante/Alacant;8. ADMÓN. PÚBLICA;2020;20
Alicante/Alacant;8. ADMÓN. PÚBLICA;2019;15
Alicante/Alacant;8. ADMÓN. PÚBLICA;2018;36
Alicante/Alacant;9. ADMÓN. JUSTICIA;2024;2.347
Alicante/Alacant;9. ADMÓN. JUSTICIA;2023;2.278
Alicante/Alacant;9. ADMÓN. JUSTICIA;2022;2.211
Alicante/Alacant;9. ADMÓN. JUSTICIA;2021;1.848
Alicante/Alacant;9. ADMÓN. JUSTICIA;2020;1.834
Alicante/Alacant;9. ADMÓN. JUSTICIA;2019;1.821
Alicante/Alacant;9. ADMÓN. JUSTICIA;2018;1.727
Alicante/Alacant;10. ORDEN PÚBLICO;2024;1.671
Alicante/Alacant;10. ORDEN PÚBLICO;2023;1.611
Alicante/Alacant;10. ORDEN PÚBLICO;2022;1.411
Alicante/Alacant;10. ORDEN PÚBLICO;2021;1.318
Alicante/Alacant;10. ORDEN PÚBLICO;2020;1.832
Alicante/Alacant;10. ORDEN PÚBLICO;2019;1.111
Alicante/Alacant;10. ORDEN PÚBLICO;2018;1.086
Alicante/Alacant;11. LEGISLACIÓN ESPECIAL;2024;19
Alicante/Alacant;11. LEGISLACIÓN ESPECIAL;2023;22
Alicante/Alacant;11. LEGISLACIÓN ESPECIAL;2022;17
Alicante/Alacant;11. LEGISLACIÓN ESPECIAL;2021;18
Alicante/Alacant;11. LEGISLACIÓN ESPECIAL;2020;14
Alicante/Alacant;11. LEGISLACIÓN ESPECIAL;2019;1
Alicante/Alacant;11. LEGISLACIÓN ESPECIAL;2018;3
Alicante/Alacant;12. OTRAS INFRACCIONES PENALES;2024;357
Alicante/Alacant;12. OTRAS INFRACCIONES PENALES;2023;308
Alicante/Alacant;12. OTRAS INFRACCIONES PENALES;2022;286
Alicante/Alacant;12. OTRAS INFRACCIONES PENALES;2021;229
Alicante/Alacant;12. OTRAS INFRACCIONES PENALES;2020;256
Alicante/Alacant;12. OTRAS INFRACCIONES PENALES;2019;246
Alicante/Alacant;12. OTRAS INFRACCIONES PENALES;2018;270
Alicante/Alacant;TOTAL INFRACCIONES PENALES;2024;47.005
Alicante/Alacant;TOTAL INFRACCIONES PENALES;2023;43.747
Alicante/Alacant;TOTAL INFRACCIONES PENALES;2022;37.993
Alicante/Alacant;TOTAL INFRACCIONES PENALES;2021;33.038
Alicante/Alacant;TOTAL INFRACCIONES PENALES;2020;30.222
Alicante/Alacant;TOTAL INFRACCIONES PENALES;2019;33.650
Alicante/Alacant;TOTAL INFRACCIONES PENALES;2018;33.218
Almería;1. CONTRA LAS PERSONAS;2024;4.205
Almería;1. CONTRA LAS PERSONAS;2023;3.850
Almería;1. CONTRA LAS PERSONAS;2022;3.698
Almería;1. CONTRA LAS PERSONAS;2021;3.256
Almería;1. CONTRA LAS PERSONAS;2020;3.119
Almería;1. CONTRA LAS PERSONAS;2019;3.541
Almería;1. CONTRA LAS PERSONAS;2018;3.160
Almería;1.1.-Homicidios dolosos/asesinatos;2024;30
Almería;1.1.-Homicidios dolosos/asesinatos;2023;35
Almería;1.1.-Homicidios dolosos/asesinatos;2022;34
Almería;1.1.-Homicidios dolosos/asesinatos;2021;29
Almería;1.1.-Homicidios dolosos/asesinatos;2020;25
Almería;1.1.-Homicidios dolosos/asesinatos;2019;23
Almería;1.1.-Homicidios dolosos/asesinatos;2018;20
Almería;1.1.1.-Homicidios dolosos/asesinatos consumados;2024;15
Almería;1.1.1.-Homicidios dolosos/asesinatos consumados;2023;6
Almería;1.1.1.-Homicidios dolosos/asesinatos consumados;2022;10
Almería;1.1.1.-Homicidios dolosos/asesinatos consumados;2021;8
Almería;1.1.1.-Homicidios dolosos/asesinatos consumados;2020;6
Almería;1.1.1.-Homicidios dolosos/asesinatos consumados;2019;7
Almería;1.1.1.-Homicidios dolosos/asesinatos consumados;2018;9
Almería;1.2.-Lesiones;2024;2.237
Almería;1.2.-Lesiones;2023;2.011
Almería;1.2.-Lesiones;2022;1.883
Almería;1.2.-Lesiones;2021;1.651
Almería;1.2.-Lesiones;2020;1.516
Almería;1.2.-Lesiones;2019;1.799
Almería;1.2.-Lesiones;2018;1.568
Almería;1.3.-Malos tratos ámbito familiar;2024;1.869
Almería;1.3.-Malos tratos ámbito familiar;2023;1.736
Almería;1.3.-Malos tratos ámbito familiar;2022;1.741
Almería;1.3.-Malos tratos ámbito familiar;2021;1.527
Almería;1.3.-Malos tratos ámbito familiar;2020;1.537
Almería;1.3.-Malos tratos ámbito familiar;2019;1.691
Almería;1.3.-Malos tratos ámbito familiar;2018;1.543
Almería;1.4.-Otros contra las personas;2024;69
Almería;1.4.-Otros contra las personas;2023;68
Almería;1.4.-Otros contra las personas;2022;40
Almería;1.4.-Otros contra las personas;2021;49
Almería;1.4.-Otros contra las personas;2020;41
Almería;1.4.-Otros contra las personas;2019;28
Almería;1.4.-Otros contra las personas;2018;29
Almería;2. CONTRA LA LIBERTAD;2024;2.581
Almería;2. CONTRA LA LIBERTAD;2023;2.482
Almería;2. CONTRA LA LIBERTAD;2022;2.183
Almería;2. CONTRA LA LIBERTAD;2021;2.069
Almería;2. CONTRA LA LIBERTAD;2020;1.888
Almería;2. CONTRA LA LIBERTAD;2019;1.821
Almería;2. CONTRA LA LIBERTAD;2018;1.854
Almería;2.1.-Malos tratos habituales en el ámbito familiar;2024;500
Almería;2.1.-Malos tratos habituales en el ámbito familiar;2023;561
Almería;2.1.-Malos tratos habituales en el ámbito familiar;2022;509
Almería;2.1.-Malos tratos habituales en el ámbito familiar;2021;464
Almería;2.1.-Malos tratos habituales en el ámbito familiar;2020;388
Almería;2.1.-Malos tratos habituales en el ámbito familiar;2019;317
Almería;2.1.-Malos tratos habituales en el ámbito familiar;2018;321
Almería;2.2.-Otros contra la libertad;2024;2.081
Almería;2.2.-Otros contra la libertad;2023;1.921
Almería;2.2.-Otros contra la libertad;2022;1.674
Almería;2.2.-Otros contra la libertad;2021;1.605
Almería;2.2.-Otros contra la libertad;2020;1.500
Almería;2.2.-Otros contra la libertad;2019;1.504
Almería;2.2.-Otros contra la libertad;2018;1.533
Almería;3. LIBERTAD SEXUAL;2024;292
Almería;3. LIBERTAD SEXUAL;2023;323
Almería;3. LIBERTAD SEXUAL;2022;296
Almería;3. LIBERTAD SEXUAL;2021;232
Almería;3. LIBERTAD SEXUAL;2020;225
Almería;3. LIBERTAD SEXUAL;2019;240
Almería;3. LIBERTAD SEXUAL;2018;192
Almería;3.1.-Agresión sexual;2024;190
Almería;3.1.-Agresión sexual;2023;193
Almería;3.1.-Agresión sexual;2022;188
Almería;3.1.-Agresión sexual;2021;147
Almería;3.1.-Agresión sexual;2020;139
Almería;3.1.-Agresión sexual;2019;158
Almería;3.1.-Agresión sexual;2018;128
Almería;3.2.-Agresión sexual con penetración;2024;58
Almería;3.2.-Agresión sexual con penetración;2023;67
Almería;3.2.-Agresión sexual con penetración;2022;49
Almería;3.2.-Agresión sexual con penetración;2021;52
Almería;3.2.-Agresión sexual con penetración;2020;45
Almería;3.2.-Agresión sexual con penetración;2019;44
Almería;3.2.-Agresión sexual con penetración;2018;28
Almería;3.3.-Corrupción de menores o incapacitados;2024;2
Almería;3.3.-Corrupción de menores o incapacitados;2023;6
Almería;3.3.-Corrupción de menores o incapacitados;2022;17
Almería;3.3.-Corrupción de menores o incapacitados;2021;2
Almería;3.3.-Corrupción de menores o incapacitados;2020;7
Almería;3.3.-Corrupción de menores o incapacitados;2019;2
Almería;3.3.-Corrupción de menores o incapacitados;2018;4
Almería;3.4.-Pornografía de menores;2024;7
Almería;3.4.-Pornografía de menores;2023;10
Almería;3.4.-Pornografía de menores;2022;7
Almería;3.4.-Pornografía de menores;2021;8
Almería;3.4.-Pornografía de menores;2020;8
Almería;3.4.-Pornografía de menores;2019;7
Almería;3.4.-Pornografía de menores;2018;1
Almería;3.5.-Otros contra la libertad sexual;2024;35
Almería;3.5.-Otros contra la libertad sexual;2023;47
Almería;3.5.-Otros contra la libertad sexual;2022;35
Almería;3.5.-Otros contra la libertad sexual;2021;23
Almería;3.5.-Otros contra la libertad sexual;2020;26
Almería;3.5.-Otros contra la libertad sexual;2019;29
Almería;3.5.-Otros contra la libertad sexual;2018;31
Almería;4. RELACIONES FAMILIARES;2024;242
Almería;4. RELACIONES FAMILIARES;2023;228
Almería;4. RELACIONES FAMILIARES;2022;233
Almería;4. RELACIONES FAMILIARES;2021;204
Almería;4. RELACIONES FAMILIARES;2020;184
Almería;4. RELACIONES FAMILIARES;2019;211
Almería;4. RELACIONES FAMILIARES;2018;246
Almería;5. PATRIMONIO;2024;5.204
Almería;5. PATRIMONIO;2023;5.225
Almería;5. PATRIMONIO;2022;4.603
Almería;5. PATRIMONIO;2021;3.718
Almería;5. PATRIMONIO;2020;3.384
Almería;5. PATRIMONIO;2019;4.202
Almería;5. PATRIMONIO;2018;4.023
Almería;5.1.-Hurtos;2024;1.704
Almería;5.1.-Hurtos;2023;1.616
Almería;5.1.-Hurtos;2022;1.295
Almería;5.1.-Hurtos;2021;1.007
Almería;5.1.-Hurtos;2020;774
Almería;5.1.-Hurtos;2019;1.296
Almería;5.1.-Hurtos;2018;1.303
Almería;5.2.-Robos con fuerza en las cosas;2024;531
Almería;5.2.-Robos con fuerza en las cosas;2023;631
Almería;5.2.-Robos con fuerza en las cosas;2022;612
Almería;5.2.-Robos con fuerza en las cosas;2021;525
Almería;5.2.-Robos con fuerza en las cosas;2020;491
Almería;5.2.-Robos con fuerza en las cosas;2019;657
Almería;5.2.-Robos con fuerza en las cosas;2018;639
Almería;5.2.1.-Robos con fuerza en las cosas en el interior de vehículos;2024;142
Almería;5.2.1.-Robos con fuerza en las cosas en el interior de vehículos;2023;148
Almería;5.2.1.-Robos con fuerza en las cosas en el interior de vehículos;2022;150
Almería;5.2.1.-Robos con fuerza en las cosas en el interior de vehículos;2021;133
Almería;5.2.1.-Robos con fuerza en las cosas en el interior de vehículos;2020;119
Almería;5.2.1.-Robos con fuerza en las cosas en el interior de vehículos;2019;148
Almería;5.2.1.-Robos con fuerza en las cosas en el interior de vehículos;2018;114
Almería;5.2.2.-Robos con fuerza en viviendas;2024;212
Almería;5.2.2.-Robos con fuerza en viviendas;2023;228
Almería;5.2.2.-Robos con fuerza en viviendas;2022;239
Almería;5.2.2.-Robos con fuerza en viviendas;2021;204
Almería;5.2.2.-Robos con fuerza en viviendas;2020;192
Almería;5.2.2.-Robos con fuerza en viviendas;2019;290
Almería;5.2.2.-Robos con fuerza en viviendas;2018;302
Almería;5.2.3.-Robos con fuerza en establecimientos;2024;68
Almería;5.2.3.-Robos con fuerza en establecimientos;2023;121
Almería;5.2.3.-Robos con fuerza en establecimientos;2022;113
Almería;5.2.3.-Robos con fuerza en establecimientos;2021;87
Almería;5.2.3.-Robos con fuerza en establecimientos;2020;80
Almería;5.2.3.-Robos con fuerza en establecimientos;2019;134
Almería;5.2.3.-Robos con fuerza en establecimientos;2018;108
Almería;5.3.-Robos con violencia o intimidación;2024;387
Almería;5.3.-Robos con violencia o intimidación;2023;298
Almería;5.3.-Robos con violencia o intimidación;2022;328
Almería;5.3.-Robos con violencia o intimidación;2021;232
Almería;5.3.-Robos con violencia o intimidación;2020;206
Almería;5.3.-Robos con violencia o intimidación;2019;208
Almería;5.3.-Robos con violencia o intimidación;2018;230
Almería;5.3.1.-Robos con violencia en vía pública;2024;201
Almería;5.3.1.-Robos con violencia en vía pública;2023;153
Almería;5.3.1.-Robos con violencia en vía pública;2022;194
Almería;5.3.1.-Robos con violencia en vía pública;2021;142
Almería;5.3.1.-Robos con violencia en vía pública;2020;115
Almería;5.3.1.-Robos con violencia en vía pública;2019;111
Almería;5.3.1.-Robos con violencia en vía pública;2018;129
Almería;5.3.2.-Robos con violencia en viviendas;2024;54
Almería;5.3.2.-Robos con violencia en viviendas;2023;36
Almería;5.3.2.-Robos con violencia en viviendas;2022;43
Almería;5.3.2.-Robos con violencia en viviendas;2021;26
Almería;5.3.2.-Robos con violencia en viviendas;2020;19
Almería;5.3.2.-Robos con violencia en viviendas;2019;22
Almería;5.3.2.-Robos con violencia en viviendas;2018;24
Almería;5.3.3.-Robos con violencia en establecimientos;2024;86
Almería;5.3.3.-Robos con violencia en establecimientos;2023;61
Almería;5.3.3.-Robos con violencia en establecimientos;2022;47
Almería;5.3.3.-Robos con violencia en establecimientos;2021;41
Almería;5.3.3.-Robos con violencia en establecimientos;2020;38
Almería;5.3.3.-Robos con violencia en establecimientos;2019;44
Almería;5.3.3.-Robos con violencia en establecimientos;2018;40
Almería;5.4.-Sustracción de vehículos;2024;163
Almería;5.4.-Sustracción de vehículos;2023;135
Almería;5.4.-Sustracción de vehículos;2022;103
Almería;5.4.-Sustracción de vehículos;2021;106
Almería;5.4.-Sustracción de vehículos;2020;89
Almería;5.4.-Sustracción de vehículos;2019;130
Almería;5.4.-Sustracción de vehículos;2018;96
Almería;5.5.-Estafas;2024;1.192
Almería;5.5.-Estafas;2023;1.199
Almería;5.5.-Estafas;2022;936
Almería;5.5.-Estafas;2021;732
Almería;5.5.-Estafas;2020;636
Almería;5.5.-Estafas;2019;695
Almería;5.5.-Estafas;2018;596
Almería;5.5.1.-Estafas informáticas;2024;826
Almería;5.5.1.-Estafas informáticas;2023;815
Almería;5.5.1.-Estafas informáticas;2022;511
Almería;5.5.1.-Estafas informáticas;2021;443
Almería;5.5.1.-Estafas informáticas;2020;364
Almería;5.5.1.-Estafas informáticas;2019;320
Almería;5.5.1.-Estafas informáticas;2018;244
Almería;5.6.-Daños;2024;548
Almería;5.6.-Daños;2023;581
Almería;5.6.-Daños;2022;608
Almería;5.6.-Daños;2021;514
Almería;5.6.-Daños;2020;455
Almería;5.6.-Daños;2019;507
Almería;5.6.-Daños;2018;487
Almería;5.7.-Contra la propiedad intelectual/industrial;2024;15
Almería;5.7.-Contra la propiedad intelectual/industrial;2023;13
Almería;5.7.-Contra la propiedad intelectual/industrial;2022;16
Almería;5.7.-Contra la propiedad intelectual/industrial;2021;14
Almería;5.7.-Contra la propiedad intelectual/industrial;2020;6
Almería;5.7.-Contra la propiedad intelectual/industrial;2019;8
Almería;5.7.-Contra la propiedad intelectual/industrial;2018;19
Almería;5.8.-Blanqueo de capitales;2024;16
Almería;5.8.-Blanqueo de capitales;2023;12
Almería;5.8.-Blanqueo de capitales;2022;7
Almería;5.8.-Blanqueo de capitales;2021;2
Almería;5.8.-Blanqueo de capitales;2020;6
Almería;5.8.-Blanqueo de capitales;2019;3
Almería;5.8.-Blanqueo de capitales;2018;2
Almería;5.9.-Otros contra el patrimonio;2024;648
Almería;5.9.-Otros contra el patrimonio;2023;740
Almería;5.9.-Otros contra el patrimonio;2022;698
Almería;5.9.-Otros contra el patrimonio;2021;586
Almería;5.9.-Otros contra el patrimonio;2020;721
Almería;5.9.-Otros contra el patrimonio;2019;698
Almería;5.9.-Otros contra el patrimonio;2018;651
Almería;6. SEGURIDAD COLECTIVA;2024;1.910
Almería;6. SEGURIDAD COLECTIVA;2023;1.966
Almería;6. SEGURIDAD COLECTIVA;2022;1.946
Almería;6. SEGURIDAD COLECTIVA;2021;1.840
Almería;6. SEGURIDAD COLECTIVA;2020;1.591
Almería;6. SEGURIDAD COLECTIVA;2019;1.698
Almería;6. SEGURIDAD COLECTIVA;2018;1.484
Almería;6.1.-Tráfico de drogas;2024;414
Almería;6.1.-Tráfico de drogas;2023;410
Almería;6.1.-Tráfico de drogas;2022;433
Almería;6.1.-Tráfico de drogas;2021;428
Almería;6.1.-Tráfico de drogas;2020;437
Almería;6.1.-Tráfico de drogas;2019;388
Almería;6.1.-Tráfico de drogas;2018;303
Almería;6.2.-Contra la seguridad vial;2024;1.465
Almería;6.2.-Contra la seguridad vial;2023;1.530
Almería;6.2.-Contra la seguridad vial;2022;1.479
Almería;6.2.-Contra la seguridad vial;2021;1.385
Almería;6.2.-Contra la seguridad vial;2020;1.131
Almería;6.2.-Contra la seguridad vial;2019;1.291
Almería;6.2.-Contra la seguridad vial;2018;1.158
Almería;6.3.-Otros contra la seguridad colectiva;2024;31
Almería;6.3.-Otros contra la seguridad colectiva;2023;26
Almería;6.3.-Otros contra la seguridad colectiva;2022;34
Almería;6.3.-Otros contra la seguridad colectiva;2021;27
Almería;6.3.-Otros contra la seguridad colectiva;2020;23
Almería;6.3.-Otros contra la seguridad colectiva;2019;19
Almería;6.3.-Otros contra la seguridad colectiva;2018;23
Almería;7. FALSEDADES;2024;311
Almería;7. FALSEDADES;2023;291
Almería;7. FALSEDADES;2022;256
Almería;7. FALSEDADES;2021;237
Almería;7. FALSEDADES;2020;211
Almería;7. FALSEDADES;2019;268
Almería;7. FALSEDADES;2018;244
Almería;8. ADMÓN. PÚBLICA;2024;7
Almería;8. ADMÓN. PÚBLICA;2023;14
Almería;8. ADMÓN. PÚBLICA;2022;6
Almería;8. ADMÓN. PÚBLICA;2021;8
Almería;8. ADMÓN. PÚBLICA;2020;10
Almería;8. ADMÓN. PÚBLICA;2019;20
Almería;8. ADMÓN. PÚBLICA;2018;15
Almería;9. ADMÓN. JUSTICIA;2024;889
Almería;9. ADMÓN. JUSTICIA;2023;880
Almería;9. ADMÓN. JUSTICIA;2022;704
Almería;9. ADMÓN. JUSTICIA;2021;685
Almería;9. ADMÓN. JUSTICIA;2020;652
Almería;9. ADMÓN. JUSTICIA;2019;679
Almería;9. ADMÓN. JUSTICIA;2018;649
Almería;10. ORDEN PÚBLICO;2024;609
Almería;10. ORDEN PÚBLICO;2023;643
Almería;10. ORDEN PÚBLICO;2022;554
Almería;10. ORDEN PÚBLICO;2021;514
Almería;10. ORDEN PÚBLICO;2020;740
Almería;10. ORDEN PÚBLICO;2019;410
Almería;10. ORDEN PÚBLICO;2018;417
Almería;11. LEGISLACIÓN ESPECIAL;2024;16
Almería;11. LEGISLACIÓN ESPECIAL;2023;15
Almería;11. LEGISLACIÓN ESPECIAL;2022;9
Almería;11. LEGISLACIÓN ESPECIAL;2021;20
Almería;11. LEGISLACIÓN ESPECIAL;2020;9
Almería;11. LEGISLACIÓN ESPECIAL;2019;4
Almería;11. LEGISLACIÓN ESPECIAL;2018;2
Almería;12. OTRAS INFRACCIONES PENALES;2024;173
Almería;12. OTRAS INFRACCIONES PENALES;2023;161
Almería;12. OTRAS INFRACCIONES PENALES;2022;143
Almería;12. OTRAS INFRACCIONES PENALES;2021;175
Almería;12. OTRAS INFRACCIONES PENALES;2020;158
Almería;12. OTRAS INFRACCIONES PENALES;2019;144
Almería;12. OTRAS INFRACCIONES PENALES;2018;155
Almería;TOTAL INFRACCIONES PENALES;2024;16.439
Almería;TOTAL INFRACCIONES PENALES;2023;16.078
Almería;TOTAL INFRACCIONES PENALES;2022;14.631
Almería;TOTAL INFRACCIONES PENALES;2021;12.958
Almería;TOTAL INFRACCIONES PENALES;2020;12.171
Almería;TOTAL INFRACCIONES PENALES;2019;13.238
Almería;TOTAL INFRACCIONES PENALES;2018;12.441
Ávila;1. CONTRA LAS PERSONAS;2024;683
Ávila;1. CONTRA LAS PERSONAS;2023;648
Ávila;1. CONTRA LAS PERSONAS;2022;567
Ávila;1. CONTRA LAS PERSONAS;2021;497
Ávila;1. CONTRA LAS PERSONAS;2020;363
Ávila;1. CONTRA LAS PERSONAS;2019;494
Ávila;1. CONTRA LAS PERSONAS;2018;464
Ávila;1.1.-Homicidios dolosos/asesinatos;2024;3
Ávila;1.1.-Homicidios dolosos/asesinatos;2023;5
Ávila;1.1.-Homicidios dolosos/asesinatos;2022;2
Ávila;1.1.-Homicidios dolosos/asesinatos;2021;2
Ávila;1.1.-Homicidios dolosos/asesinatos;2020;6
Ávila;1.1.-Homicidios dolosos/asesinatos;2019;1
Ávila;1.1.-Homicidios dolosos/asesinatos;2018;2
Ávila;1.1.1.-Homicidios dolosos/asesinatos consumados;2024;0
Ávila;1.1.1.-Homicidios dolosos/asesinatos consumados;2023;1
Ávila;1.1.1.-Homicidios dolosos/asesinatos consumados;2022;1
Ávila;1.1.1.-Homicidios dolosos/asesinatos consumados;2021;0
Ávila;1.1.1.-Homicidios dolosos/asesinatos consumados;2020;3
Ávila;1.1.1.-Homicidios dolosos/asesinatos consumados;2019;0
Ávila;1.1.1.-Homicidios dolosos/asesinatos consumados;2018;1
Ávila;1.2.-Lesiones;2024;414
Ávila;1.2.-Lesiones;2023;383
Ávila;1.2.-Lesiones;2022;356
Ávila;1.2.-Lesiones;2021;295
Ávila;1.2.-Lesiones;2020;197
Ávila;1.2.-Lesiones;2019;301
Ávila;1.2.-Lesiones;2018;294
Ávila;1.3.-Malos tratos ámbito familiar;2024;254
Ávila;1.3.-Malos tratos ámbito familiar;2023;237
Ávila;1.3.-Malos tratos ámbito familiar;2022;193
Ávila;1.3.-Malos tratos ámbito familiar;2021;183
Ávila;1.3.-Malos tratos ámbito familiar;2020;147
Ávila;1.3.-Malos tratos ámbito familiar;2019;175
Ávila;1.3.-Malos tratos ámbito familiar;2018;153
Ávila;1.4.-Otros contra las personas;2024;12
Ávila;1.4.-Otros contra las personas;2023;23
Ávila;1.4.-Otros contra las personas;2022;16
Ávila;1.4.-Otros contra las personas;2021;17
Ávila;1.4.-Otros contra las personas;2020;13
Ávila;1.4.-Otros contra las personas;2019;17
Ávila;1.4.-Otros contra las personas;2018;15
Ávila;2. CONTRA LA LIBERTAD;2024;449
Ávila;2. CONTRA LA LIBERTAD;2023;444
Ávila;2. CONTRA LA LIBERTAD;2022;351
Ávila;2. CONTRA LA LIBERTAD;2021;425
Ávila;2. CONTRA LA LIBERTAD;2020;310
Ávila;2. CONTRA LA LIBERTAD;2019;356
Ávila;2. CONTRA LA LIBERTAD;2018;354
Ávila;2.1.-Malos tratos habituales en el ámbito familiar;2024;65
Ávila;2.1.-Malos tratos habituales en el ámbito familiar;2023;75
Ávila;2.1.-Malos tratos habituales en el ámbito familiar;2022;42
Ávila;2.1.-Malos tratos habituales en el ámbito familiar;2021;87
Ávila;2.1.-Malos tratos habituales en el ámbito familiar;2020;63
Ávila;2.1.-Malos tratos habituales en el ámbito familiar;2019;60
Ávila;2.1.-Malos tratos habituales en el ámbito familiar;2018;58
Ávila;2.2.-Otros contra la libertad;2024;384
Ávila;2.2.-Otros contra la libertad;2023;369
Ávila;2.2.-Otros contra la libertad;2022;309
Ávila;2.2.-Otros contra la libertad;2021;338
Ávila;2.2.-Otros contra la libertad;2020;247
Ávila;2.2.-Otros contra la libertad;2019;296
Ávila;2.2.-Otros contra la libertad;2018;296
Ávila;3. LIBERTAD SEXUAL;2024;46
Ávila;3. LIBERTAD SEXUAL;2023;39
Ávila;3. LIBERTAD SEXUAL;2022;44
Ávila;3. LIBERTAD SEXUAL;2021;39
Ávila;3. LIBERTAD SEXUAL;2020;27
Ávila;3. LIBERTAD SEXUAL;2019;41
Ávila;3. LIBERTAD SEXUAL;2018;25
Ávila;3.1.-Agresión sexual;2024;29
Ávila;3.1.-Agresión sexual;2023;21
Ávila;3.1.-Agresión sexual;2022;23
Ávila;3.1.-Agresión sexual;2021;28
Ávila;3.1.-Agresión sexual;2020;15
Ávila;3.1.-Agresión sexual;2019;29
Ávila;3.1.-Agresión sexual;2018;13
Ávila;3.2.-Agresión sexual con penetración;2024;7
Ávila;3.2.-Agresión sexual con penetración;2023;13
Ávila;3.2.-Agresión sexual con penetración;2022;9
Ávila;3.2.-Agresión sexual con penetración;2021;5
Ávila;3.2.-Agresión sexual con penetración;2020;8
Ávila;3.2.-Agresión sexual con penetración;2019;4
Ávila;3.2.-Agresión sexual con penetración;2018;8
Ávila;3.3.-Corrupción de menores o incapacitados;2024;0
Ávila;3.3.-Corrupción de menores o incapacitados;2023;0
Ávila;3.3.-Corrupción de menores o incapacitados;2022;4
Ávila;3.3.-Corrupción de menores o incapacitados;2021;1
Ávila;3.3.-Corrupción de menores o incapacitados;2020;0
Ávila;3.3.-Corrupción de menores o incapacitados;2019;0
Ávila;3.3.-Corrupción de menores o incapacitados;2018;0
Ávila;3.4.-Pornografía de menores;2024;3
Ávila;3.4.-Pornografía de menores;2023;2
Ávila;3.4.-Pornografía de menores;2022;2
Ávila;3.4.-Pornografía de menores;2021;1
Ávila;3.4.-Pornografía de menores;2020;1
Ávila;3.4.-Pornografía de menores;2019;2
Ávila;3.4.-Pornografía de menores;2018;2
Ávila;3.5.-Otros contra la libertad sexual;2024;7
Ávila;3.5.-Otros contra la libertad sexual;2023;3
Ávila;3.5.-Otros contra la libertad sexual;2022;6
Ávila;3.5.-Otros contra la libertad sexual;2021;4
Ávila;3.5.-Otros contra la libertad sexual;2020;3
Ávila;3.5.-Otros contra la libertad sexual;2019;6
Ávila;3.5.-Otros contra la libertad sexual;2018;2
Ávila;4. RELACIONES FAMILIARES;2024;32
Ávila;4. RELACIONES FAMILIARES;2023;21
Ávila;4. RELACIONES FAMILIARES;2022;15
Ávila;4. RELACIONES FAMILIARES;2021;22
Ávila;4. RELACIONES FAMILIARES;2020;31
Ávila;4. RELACIONES FAMILIARES;2019;22
Ávila;4. RELACIONES FAMILIARES;2018;30
Ávila;5. PATRIMONIO;2024;1.094
Ávila;5. PATRIMONIO;2023;810
Ávila;5. PATRIMONIO;2022;642
Ávila;5. PATRIMONIO;2021;557
Ávila;5. PATRIMONIO;2020;528
Ávila;5. PATRIMONIO;2019;561
Ávila;5. PATRIMONIO;2018;594
Ávila;5.1.-Hurtos;2024;229
Ávila;5.1.-Hurtos;2023;193
Ávila;5.1.-Hurtos;2022;157
Ávila;5.1.-Hurtos;2021;133
Ávila;5.1.-Hurtos;2020;113
Ávila;5.1.-Hurtos;2019;150
Ávila;5.1.-Hurtos;2018;133
Ávila;5.2.-Robos con fuerza en las cosas;2024;141
Ávila;5.2.-Robos con fuerza en las cosas;2023;139
Ávila;5.2.-Robos con fuerza en las cosas;2022;59
Ávila;5.2.-Robos con fuerza en las cosas;2021;52
Ávila;5.2.-Robos con fuerza en las cosas;2020;73
Ávila;5.2.-Robos con fuerza en las cosas;2019;80
Ávila;5.2.-Robos con fuerza en las cosas;2018;117
Ávila;5.2.1.-Robos con fuerza en las cosas en el interior de vehículos;2024;20
Ávila;5.2.1.-Robos con fuerza en las cosas en el interior de vehículos;2023;29
Ávila;5.2.1.-Robos con fuerza en las cosas en el interior de vehículos;2022;7
Ávila;5.2.1.-Robos con fuerza en las cosas en el interior de vehículos;2021;10
Ávila;5.2.1.-Robos con fuerza en las cosas en el interior de vehículos;2020;10
Ávila;5.2.1.-Robos con fuerza en las cosas en el interior de vehículos;2019;16
Ávila;5.2.1.-Robos con fuerza en las cosas en el interior de vehículos;2018;19
Ávila;5.2.2.-Robos con fuerza en viviendas;2024;44
Ávila;5.2.2.-Robos con fuerza en viviendas;2023;50
Ávila;5.2.2.-Robos con fuerza en viviendas;2022;24
Ávila;5.2.2.-Robos con fuerza en viviendas;2021;17
Ávila;5.2.2.-Robos con fuerza en viviendas;2020;28
Ávila;5.2.2.-Robos con fuerza en viviendas;2019;35
Ávila;5.2.2.-Robos con fuerza en viviendas;2018;49
Ávila;5.2.3.-Robos con fuerza en establecimientos;2024;31
Ávila;5.2.3.-Robos con fuerza en establecimientos;2023;25
Ávila;5.2.3.-Robos con fuerza en establecimientos;2022;13
Ávila;5.2.3.-Robos con fuerza en establecimientos;2021;15
Ávila;5.2.3.-Robos con fuerza en establecimientos;2020;16
Ávila;5.2.3.-Robos con fuerza en establecimientos;2019;9
Ávila;5.2.3.-Robos con fuerza en establecimientos;2018;13
Ávila;5.3.-Robos con violencia o intimidación;2024;35
Ávila;5.3.-Robos con violencia o intimidación;2023;9
Ávila;5.3.-Robos con violencia o intimidación;2022;11
Ávila;5.3.-Robos con violencia o intimidación;2021;8
Ávila;5.3.-Robos con violencia o intimidación;2020;8
Ávila;5.3.-Robos con violencia o intimidación;2019;14
Ávila;5.3.-Robos con violencia o intimidación;2018;20
Ávila;5.3.1.-Robos con violencia en vía pública;2024;19
Ávila;5.3.1.-Robos con violencia en vía pública;2023;3
Ávila;5.3.1.-Robos con violencia en vía pública;2022;4
Ávila;5.3.1.-Robos con violencia en vía pública;2021;4
Ávila;5.3.1.-Robos con violencia en vía pública;2020;3
Ávila;5.3.1.-Robos con violencia en vía pública;2019;9
Ávila;5.3.1.-Robos con violencia en vía pública;2018;6
Ávila;5.3.2.-Robos con violencia en viviendas;2024;9
Ávila;5.3.2.-Robos con violencia en viviendas;2023;4
Ávila;5.3.2.-Robos con violencia en viviendas;2022;2
Ávila;5.3.2.-Robos con violencia en viviendas;2021;4
Ávila;5.3.2.-Robos con violencia en viviendas;2020;2
Ávila;5.3.2.-Robos con violencia en viviendas;2019;2
Ávila;5.3.2.-Robos con violencia en viviendas;2018;5
Ávila;5.3.3.-Robos con violencia en establecimientos;2024;4
Ávila;5.3.3.-Robos con violencia en establecimientos;2023;2
Ávila;5.3.3.-Robos con violencia en establecimientos;2022;4
Ávila;5.3.3.-Robos con violencia en establecimientos;2021;0
Ávila;5.3.3.-Robos con violencia en establecimientos;2020;3
Ávila;5.3.3.-Robos con violencia en establecimientos;2019;2
Ávila;5.3.3.-Robos con violencia en establecimientos;2018;5
Ávila;5.4.-Sustracción de vehículos;2024;19
Ávila;5.4.-Sustracción de vehículos;2023;14
Ávila;5.4.-Sustracción de vehículos;2022;8
Ávila;5.4.-Sustracción de vehículos;2021;9
Ávila;5.4.-Sustracción de vehículos;2020;13
Ávila;5.4.-Sustracción de vehículos;2019;17
Ávila;5.4.-Sustracción de vehículos;2018;7
Ávila;5.5.-Estafas;2024;391
Ávila;5.5.-Estafas;2023;239
Ávila;5.5.-Estafas;2022;162
Ávila;5.5.-Estafas;2021;142
Ávila;5.5.-Estafas;2020;143
Ávila;5.5.-Estafas;2019;123
Ávila;5.5.-Estafas;2018;143
Ávila;5.5.1.-Estafas informáticas;2024;309
Ávila;5.5.1.-Estafas informáticas;2023;162
Ávila;5.5.1.-Estafas informáticas;2022;89
Ávila;5.5.1.-Estafas informáticas;2021;91
Ávila;5.5.1.-Estafas informáticas;2020;87
Ávila;5.5.1.-Estafas informáticas;2019;63
Ávila;5.5.1.-Estafas informáticas;2018;66
Ávila;5.6.-Daños;2024;176
Ávila;5.6.-Daños;2023;156
Ávila;5.6.-Daños;2022;175
Ávila;5.6.-Daños;2021;146
Ávila;5.6.-Daños;2020;104
Ávila;5.6.-Daños;2019;119
Ávila;5.6.-Daños;2018;112
Ávila;5.7.-Contra la propiedad intelectual/industrial;2024;0
Ávila;5.7.-Contra la propiedad intelectual/industrial;2023;0
Ávila;5.7.-Contra la propiedad intelectual/industrial;2022;0
Ávila;5.7.-Contra la propiedad intelectual/industrial;2021;0
Ávila;5.7.-Contra la propiedad intelectual/industrial;2020;3
Ávila;5.7.-Contra la propiedad intelectual/industrial;2019;7
Ávila;5.7.-Contra la propiedad intelectual/industrial;2018;4
Ávila;5.8.-Blanqueo de capitales;2024;6
Ávila;5.8.-Blanqueo de capitales;2023;0
Ávila;5.8.-Blanqueo de capitales;2022;2
Ávila;5.8.-Blanqueo de capitales;2021;2
Ávila;5.8.-Blanqueo de capitales;2020;0
Ávila;5.8.-Blanqueo de capitales;2019;1
Ávila;5.8.-Blanqueo de capitales;2018;1
Ávila;5.9.-Otros contra el patrimonio;2024;97
Ávila;5.9.-Otros contra el patrimonio;2023;60
Ávila;5.9.-Otros contra el patrimonio;2022;68
Ávila;5.9.-Otros contra el patrimonio;2021;65
Ávila;5.9.-Otros contra el patrimonio;2020;71
Ávila;5.9.-Otros contra el patrimonio;2019;50
Ávila;5.9.-Otros contra el patrimonio;2018;57
Ávila;6. SEGURIDAD COLECTIVA;2024;259
Ávila;6. SEGURIDAD COLECTIVA;2023;256
Ávila;6. SEGURIDAD COLECTIVA;2022;223
Ávila;6. SEGURIDAD COLECTIVA;2021;252
Ávila;6. SEGURIDAD COLECTIVA;2020;204
Ávila;6. SEGURIDAD COLECTIVA;2019;234
Ávila;6. SEGURIDAD COLECTIVA;2018;217
Ávila;6.1.-Tráfico de drogas;2024;21
Ávila;6.1.-Tráfico de drogas;2023;40
Ávila;6.1.-Tráfico de drogas;2022;26
Ávila;6.1.-Tráfico de drogas;2021;46
Ávila;6.1.-Tráfico de drogas;2020;40
Ávila;6.1.-Tráfico de drogas;2019;40
Ávila;6.1.-Tráfico de drogas;2018;35
Ávila;6.2.-Contra la seguridad vial;2024;224
Ávila;6.2.-Contra la seguridad vial;2023;197
Ávila;6.2.-Contra la seguridad vial;2022;191
Ávila;6.2.-Contra la seguridad vial;2021;197
Ávila;6.2.-Contra la seguridad vial;2020;158
Ávila;6.2.-Contra la seguridad vial;2019;186
Ávila;6.2.-Contra la seguridad vial;2018;170
Ávila;6.3.-Otros contra la seguridad colectiva;2024;14
Ávila;6.3.-Otros contra la seguridad colectiva;2023;19
Ávila;6.3.-Otros contra la seguridad colectiva;2022;6
Ávila;6.3.-Otros contra la seguridad colectiva;2021;9
Ávila;6.3.-Otros contra la seguridad colectiva;2020;6
Ávila;6.3.-Otros contra la seguridad colectiva;2019;8
Ávila;6.3.-Otros contra la seguridad colectiva;2018;12
Ávila;7. FALSEDADES;2024;64
Ávila;7. FALSEDADES;2023;49
Ávila;7. FALSEDADES;2022;34
Ávila;7. FALSEDADES;2021;61
Ávila;7. FALSEDADES;2020;32
Ávila;7. FALSEDADES;2019;35
Ávila;7. FALSEDADES;2018;38
Ávila;8. ADMÓN. PÚBLICA;2024;2
Ávila;8. ADMÓN. PÚBLICA;2023;5
Ávila;8. ADMÓN. PÚBLICA;2022;0
Ávila;8. ADMÓN. PÚBLICA;2021;2
Ávila;8. ADMÓN. PÚBLICA;2020;4
Ávila;8. ADMÓN. PÚBLICA;2019;3
Ávila;8. ADMÓN. PÚBLICA;2018;1
Ávila;9. ADMÓN. JUSTICIA;2024;137
Ávila;9. ADMÓN. JUSTICIA;2023;123
Ávila;9. ADMÓN. JUSTICIA;2022;116
Ávila;9. ADMÓN. JUSTICIA;2021;89
Ávila;9. ADMÓN. JUSTICIA;2020;69
Ávila;9. ADMÓN. JUSTICIA;2019;103
Ávila;9. ADMÓN. JUSTICIA;2018;113
Ávila;10. ORDEN PÚBLICO;2024;57
Ávila;10. ORDEN PÚBLICO;2023;52
Ávila;10. ORDEN PÚBLICO;2022;44
Ávila;10. ORDEN PÚBLICO;2021;52
Ávila;10. ORDEN PÚBLICO;2020;60
Ávila;10. ORDEN PÚBLICO;2019;44
Ávila;10. ORDEN PÚBLICO;2018;53
Ávila;11. LEGISLACIÓN ESPECIAL;2024;0
Ávila;11. LEGISLACIÓN ESPECIAL;2023;2
Ávila;11. LEGISLACIÓN ESPECIAL;2022;0
Ávila;11. LEGISLACIÓN ESPECIAL;2021;1
Ávila;11. LEGISLACIÓN ESPECIAL;2020;0
Ávila;11. LEGISLACIÓN ESPECIAL;2019;0
Ávila;11. LEGISLACIÓN ESPECIAL;2018;0
Ávila;12. OTRAS INFRACCIONES PENALES;2024;49
Ávila;12. OTRAS INFRACCIONES PENALES;2023;72
Ávila;12. OTRAS INFRACCIONES PENALES;2022;51
Ávila;12. OTRAS INFRACCIONES PENALES;2021;53
Ávila;12. OTRAS INFRACCIONES PENALES;2020;43
Ávila;12. OTRAS INFRACCIONES PENALES;2019;66
Ávila;12. OTRAS INFRACCIONES PENALES;2018;48
Ávila;TOTAL INFRACCIONES PENALES;2024;2.872
Ávila;TOTAL INFRACCIONES PENALES;2023;2.521
Ávila;TOTAL INFRACCIONES PENALES;2022;2.087
Ávila;TOTAL INFRACCIONES PENALES;2021;2.050
Ávila;TOTAL INFRACCIONES PENALES;2020;1.671
Ávila;TOTAL INFRACCIONES PENALES;2019;1.959
Ávila;TOTAL INFRACCIONES PENALES;2018;1.937
Badajoz;1. CONTRA LAS PERSONAS;2024;2.353
Badajoz;1. CONTRA LAS PERSONAS;2023;2.291
Badajoz;1. CONTRA LAS PERSONAS;2022;2.010
Badajoz;1. CONTRA LAS PERSONAS;2021;1.956
Badajoz;1. CONTRA LAS PERSONAS;2020;1.748
Badajoz;1. CONTRA LAS PERSONAS;2019;1.918
Badajoz;1. CONTRA LAS PERSONAS;2018;1.910
Badajoz;1.1.-Homicidios dolosos/asesinatos;2024;23
Badajoz;1.1.-Homicidios dolosos/asesinatos;2023;13
Badajoz;1.1.-Homicidios dolosos/asesinatos;2022;7
Badajoz;1.1.-Homicidios dolosos/asesinatos;2021;21
Badajoz;1.1.-Homicidios dolosos/asesinatos;2020;14
Badajoz;1.1.-Homicidios dolosos/asesinatos;2019;8
Badajoz;1.1.-Homicidios dolosos/asesinatos;2018;13
Badajoz;1.1.1.-Homicidios dolosos/asesinatos consumados;2024;2
Badajoz;1.1.1.-Homicidios dolosos/asesinatos consumados;2023;2
Badajoz;1.1.1.-Homicidios dolosos/asesinatos consumados;2022;1
Badajoz;1.1.1.-Homicidios dolosos/asesinatos consumados;2021;2
Badajoz;1.1.1.-Homicidios dolosos/asesinatos consumados;2020;4
Badajoz;1.1.1.-Homicidios dolosos/asesinatos consumados;2019;2
Badajoz;1.1.1.-Homicidios dolosos/asesinatos consumados;2018;3
Badajoz;1.2.-Lesiones;2024;1.370
Badajoz;1.2.-Lesiones;2023;1.399
Badajoz;1.2.-Lesiones;2022;1.164
Badajoz;1.2.-Lesiones;2021;1.112
Badajoz;1.2.-Lesiones;2020;954
Badajoz;1.2.-Lesiones;2019;1.121
Badajoz;1.2.-Lesiones;2018;1.180
Badajoz;1.3.-Malos tratos ámbito familiar;2024;922
Badajoz;1.3.-Malos tratos ámbito familiar;2023;845
Badajoz;1.3.-Malos tratos ámbito familiar;2022;807
Badajoz;1.3.-Malos tratos ámbito familiar;2021;778
Badajoz;1.3.-Malos tratos ámbito familiar;2020;746
Badajoz;1.3.-Malos tratos ámbito familiar;2019;743
Badajoz;1.3.-Malos tratos ámbito familiar;2018;669
Badajoz;1.4.-Otros contra las personas;2024;38
Badajoz;1.4.-Otros contra las personas;2023;34
Badajoz;1.4.-Otros contra las personas;2022;32
Badajoz;1.4.-Otros contra las personas;2021;45
Badajoz;1.4.-Otros contra las personas;2020;34
Badajoz;1.4.-Otros contra las personas;2019;46
Badajoz;1.4.-Otros contra las personas;2018;48
Badajoz;2. CONTRA LA LIBERTAD;2024;1.716
Badajoz;2. CONTRA LA LIBERTAD;2023;1.653
Badajoz;2. CONTRA LA LIBERTAD;2022;1.369
Badajoz;2. CONTRA LA LIBERTAD;2021;1.380
Badajoz;2. CONTRA LA LIBERTAD;2020;1.305
Badajoz;2. CONTRA LA LIBERTAD;2019;1.294
Badajoz;2. CONTRA LA LIBERTAD;2018;1.222
Badajoz;2.1.-Malos tratos habituales en el ámbito familiar;2024;166
Badajoz;2.1.-Malos tratos habituales en el ámbito familiar;2023;175
Badajoz;2.1.-Malos tratos habituales en el ámbito familiar;2022;154
Badajoz;2.1.-Malos tratos habituales en el ámbito familiar;2021;179
Badajoz;2.1.-Malos tratos habituales en el ámbito familiar;2020;170
Badajoz;2.1.-Malos tratos habituales en el ámbito familiar;2019;144
Badajoz;2.1.-Malos tratos habituales en el ámbito familiar;2018;111
Badajoz;2.2.-Otros contra la libertad;2024;1.550
Badajoz;2.2.-Otros contra la libertad;2023;1.478
Badajoz;2.2.-Otros contra la libertad;2022;1.215
Badajoz;2.2.-Otros contra la libertad;2021;1.201
Badajoz;2.2.-Otros contra la libertad;2020;1.135
Badajoz;2.2.-Otros contra la libertad;2019;1.150
Badajoz;2.2.-Otros contra la libertad;2018;1.111
Badajoz;3. LIBERTAD SEXUAL;2024;254
Badajoz;3. LIBERTAD SEXUAL;2023;168
Badajoz;3. LIBERTAD SEXUAL;2022;156
Badajoz;3. LIBERTAD SEXUAL;2021;117
Badajoz;3. LIBERTAD SEXUAL;2020;102
Badajoz;3. LIBERTAD SEXUAL;2019;122
Badajoz;3. LIBERTAD SEXUAL;2018;115
Badajoz;3.1.-Agresión sexual;2024;137
Badajoz;3.1.-Agresión sexual;2023;109
Badajoz;3.1.-Agresión sexual;2022;116
Badajoz;3.1.-Agresión sexual;2021;68
Badajoz;3.1.-Agresión sexual;2020;65
Badajoz;3.1.-Agresión sexual;2019;80
Badajoz;3.1.-Agresión sexual;2018;78
Badajoz;3.2.-Agresión sexual con penetración;2024;50
Badajoz;3.2.-Agresión sexual con penetración;2023;26
Badajoz;3.2.-Agresión sexual con penetración;2022;28
Badajoz;3.2.-Agresión sexual con penetración;2021;24
Badajoz;3.2.-Agresión sexual con penetración;2020;15
Badajoz;3.2.-Agresión sexual con penetración;2019;20
Badajoz;3.2.-Agresión sexual con penetración;2018;18
Badajoz;3.3.-Corrupción de menores o incapacitados;2024;34
Badajoz;3.3.-Corrupción de menores o incapacitados;2023;4
Badajoz;3.3.-Corrupción de menores o incapacitados;2022;3
Badajoz;3.3.-Corrupción de menores o incapacitados;2021;4
Badajoz;3.3.-Corrupción de menores o incapacitados;2020;4
Badajoz;3.3.-Corrupción de menores o incapacitados;2019;4
Badajoz;3.3.-Corrupción de menores o incapacitados;2018;2
Badajoz;3.4.-Pornografía de menores;2024;3
Badajoz;3.4.-Pornografía de menores;2023;3
Badajoz;3.4.-Pornografía de menores;2022;0
Badajoz;3.4.-Pornografía de menores;2021;7
Badajoz;3.4.-Pornografía de menores;2020;1
Badajoz;3.4.-Pornografía de menores;2019;3
Badajoz;3.4.-Pornografía de menores;2018;4
Badajoz;3.5.-Otros contra la libertad sexual;2024;30
Badajoz;3.5.-Otros contra la libertad sexual;2023;26
Badajoz;3.5.-Otros contra la libertad sexual;2022;9
Badajoz;3.5.-Otros contra la libertad sexual;2021;14
Badajoz;3.5.-Otros contra la libertad sexual;2020;17
Badajoz;3.5.-Otros contra la libertad sexual;2019;15
Badajoz;3.5.-Otros contra la libertad sexual;2018;13
Badajoz;4. RELACIONES FAMILIARES;2024;170
Badajoz;4. RELACIONES FAMILIARES;2023;163
Badajoz;4. RELACIONES FAMILIARES;2022;157
Badajoz;4. RELACIONES FAMILIARES;2021;136
Badajoz;4. RELACIONES FAMILIARES;2020;140
Badajoz;4. RELACIONES FAMILIARES;2019;152
Badajoz;4. RELACIONES FAMILIARES;2018;167
Badajoz;5. PATRIMONIO;2024;3.570
Badajoz;5. PATRIMONIO;2023;3.746
Badajoz;5. PATRIMONIO;2022;3.296
Badajoz;5. PATRIMONIO;2021;3.375
Badajoz;5. PATRIMONIO;2020;2.776
Badajoz;5. PATRIMONIO;2019;3.030
Badajoz;5. PATRIMONIO;2018;2.795
Badajoz;5.1.-Hurtos;2024;1.422
Badajoz;5.1.-Hurtos;2023;1.475
Badajoz;5.1.-Hurtos;2022;1.357
Badajoz;5.1.-Hurtos;2021;979
Badajoz;5.1.-Hurtos;2020;860
Badajoz;5.1.-Hurtos;2019;1.178
Badajoz;5.1.-Hurtos;2018;1.118
Badajoz;5.2.-Robos con fuerza en las cosas;2024;482
Badajoz;5.2.-Robos con fuerza en las cosas;2023;468
Badajoz;5.2.-Robos con fuerza en las cosas;2022;445
Badajoz;5.2.-Robos con fuerza en las cosas;2021;497
Badajoz;5.2.-Robos con fuerza en las cosas;2020;520
Badajoz;5.2.-Robos con fuerza en las cosas;2019;463
Badajoz;5.2.-Robos con fuerza en las cosas;2018;472
Badajoz;5.2.1.-Robos con fuerza en las cosas en el interior de vehículos;2024;104
Badajoz;5.2.1.-Robos con fuerza en las cosas en el interior de vehículos;2023;90
Badajoz;5.2.1.-Robos con fuerza en las cosas en el interior de vehículos;2022;62
Badajoz;5.2.1.-Robos con fuerza en las cosas en el interior de vehículos;2021;106
Badajoz;5.2.1.-Robos con fuerza en las cosas en el interior de vehículos;2020;104
Badajoz;5.2.1.-Robos con fuerza en las cosas en el interior de vehículos;2019;90
Badajoz;5.2.1.-Robos con fuerza en las cosas en el interior de vehículos;2018;80
Badajoz;5.2.2.-Robos con fuerza en viviendas;2024;155
Badajoz;5.2.2.-Robos con fuerza en viviendas;2023;145
Badajoz;5.2.2.-Robos con fuerza en viviendas;2022;119
Badajoz;5.2.2.-Robos con fuerza en viviendas;2021;147
Badajoz;5.2.2.-Robos con fuerza en viviendas;2020;191
Badajoz;5.2.2.-Robos con fuerza en viviendas;2019;149
Badajoz;5.2.2.-Robos con fuerza en viviendas;2018;134
Badajoz;5.2.3.-Robos con fuerza en establecimientos;2024;125
Badajoz;5.2.3.-Robos con fuerza en establecimientos;2023;122
Badajoz;5.2.3.-Robos con fuerza en establecimientos;2022;129
Badajoz;5.2.3.-Robos con fuerza en establecimientos;2021;102
Badajoz;5.2.3.-Robos con fuerza en establecimientos;2020;98
Badajoz;5.2.3.-Robos con fuerza en establecimientos;2019;105
Badajoz;5.2.3.-Robos con fuerza en establecimientos;2018;135
Badajoz;5.3.-Robos con violencia o intimidación;2024;151
Badajoz;5.3.-Robos con violencia o intimidación;2023;152
Badajoz;5.3.-Robos con violencia o intimidación;2022;129
Badajoz;5.3.-Robos con violencia o intimidación;2021;81
Badajoz;5.3.-Robos con violencia o intimidación;2020;103
Badajoz;5.3.-Robos con violencia o intimidación;2019;137
Badajoz;5.3.-Robos con violencia o intimidación;2018;98
Badajoz;5.3.1.-Robos con violencia en vía pública;2024;63
Badajoz;5.3.1.-Robos con violencia en vía pública;2023;62
Badajoz;5.3.1.-Robos con violencia en vía pública;2022;56
Badajoz;5.3.1.-Robos con violencia en vía pública;2021;36
Badajoz;5.3.1.-Robos con violencia en vía pública;2020;44
Badajoz;5.3.1.-Robos con violencia en vía pública;2019;64
Badajoz;5.3.1.-Robos con violencia en vía pública;2018;42
Badajoz;5.3.2.-Robos con violencia en viviendas;2024;20
Badajoz;5.3.2.-Robos con violencia en viviendas;2023;24
Badajoz;5.3.2.-Robos con violencia en viviendas;2022;27
Badajoz;5.3.2.-Robos con violencia en viviendas;2021;15
Badajoz;5.3.2.-Robos con violencia en viviendas;2020;16
Badajoz;5.3.2.-Robos con violencia en viviendas;2019;16
Badajoz;5.3.2.-Robos con violencia en viviendas;2018;13
Badajoz;5.3.3.-Robos con violencia en establecimientos;2024;54
Badajoz;5.3.3.-Robos con violencia en establecimientos;2023;52
Badajoz;5.3.3.-Robos con violencia en establecimientos;2022;34
Badajoz;5.3.3.-Robos con violencia en establecimientos;2021;26
Badajoz;5.3.3.-Robos con violencia en establecimientos;2020;35
Badajoz;5.3.3.-Robos con violencia en establecimientos;2019;39
Badajoz;5.3.3.-Robos con violencia en establecimientos;2018;36
Badajoz;5.4.-Sustracción de vehículos;2024;70
Badajoz;5.4.-Sustracción de vehículos;2023;68
Badajoz;5.4.-Sustracción de vehículos;2022;40
Badajoz;5.4.-Sustracción de vehículos;2021;43
Badajoz;5.4.-Sustracción de vehículos;2020;49
Badajoz;5.4.-Sustracción de vehículos;2019;42
Badajoz;5.4.-Sustracción de vehículos;2018;49
Badajoz;5.5.-Estafas;2024;673
Badajoz;5.5.-Estafas;2023;869
Badajoz;5.5.-Estafas;2022;685
Badajoz;5.5.-Estafas;2021;1.165
Badajoz;5.5.-Estafas;2020;636
Badajoz;5.5.-Estafas;2019;542
Badajoz;5.5.-Estafas;2018;473
Badajoz;5.5.1.-Estafas informáticas;2024;465
Badajoz;5.5.1.-Estafas informáticas;2023;617
Badajoz;5.5.1.-Estafas informáticas;2022;482
Badajoz;5.5.1.-Estafas informáticas;2021;960
Badajoz;5.5.1.-Estafas informáticas;2020;394
Badajoz;5.5.1.-Estafas informáticas;2019;230
Badajoz;5.5.1.-Estafas informáticas;2018;198
Badajoz;5.6.-Daños;2024;410
Badajoz;5.6.-Daños;2023;410
Badajoz;5.6.-Daños;2022;390
Badajoz;5.6.-Daños;2021;357
Badajoz;5.6.-Daños;2020;339
Badajoz;5.6.-Daños;2019;350
Badajoz;5.6.-Daños;2018;294
Badajoz;5.7.-Contra la propiedad intelectual/industrial;2024;8
Badajoz;5.7.-Contra la propiedad intelectual/industrial;2023;10
Badajoz;5.7.-Contra la propiedad intelectual/industrial;2022;6
Badajoz;5.7.-Contra la propiedad intelectual/industrial;2021;7
Badajoz;5.7.-Contra la propiedad intelectual/industrial;2020;13
Badajoz;5.7.-Contra la propiedad intelectual/industrial;2019;28
Badajoz;5.7.-Contra la propiedad intelectual/industrial;2018;28
Badajoz;5.8.-Blanqueo de capitales;2024;2
Badajoz;5.8.-Blanqueo de capitales;2023;3
Badajoz;5.8.-Blanqueo de capitales;2022;1
Badajoz;5.8.-Blanqueo de capitales;2021;6
Badajoz;5.8.-Blanqueo de capitales;2020;4
Badajoz;5.8.-Blanqueo de capitales;2019;1
Badajoz;5.8.-Blanqueo de capitales;2018;0
Badajoz;5.9.-Otros contra el patrimonio;2024;352
Badajoz;5.9.-Otros contra el patrimonio;2023;291
Badajoz;5.9.-Otros contra el patrimonio;2022;243
Badajoz;5.9.-Otros contra el patrimonio;2021;240
Badajoz;5.9.-Otros contra el patrimonio;2020;252
Badajoz;5.9.-Otros contra el patrimonio;2019;289
Badajoz;5.9.-Otros contra el patrimonio;2018;263
Badajoz;6. SEGURIDAD COLECTIVA;2024;637
Badajoz;6. SEGURIDAD COLECTIVA;2023;712
Badajoz;6. SEGURIDAD COLECTIVA;2022;644
Badajoz;6. SEGURIDAD COLECTIVA;2021;671
Badajoz;6. SEGURIDAD COLECTIVA;2020;599
Badajoz;6. SEGURIDAD COLECTIVA;2019;717
Badajoz;6. SEGURIDAD COLECTIVA;2018;610
Badajoz;6.1.-Tráfico de drogas;2024;167
Badajoz;6.1.-Tráfico de drogas;2023;226
Badajoz;6.1.-Tráfico de drogas;2022;177
Badajoz;6.1.-Tráfico de drogas;2021;202
Badajoz;6.1.-Tráfico de drogas;2020;195
Badajoz;6.1.-Tráfico de drogas;2019;212
Badajoz;6.1.-Tráfico de drogas;2018;130
Badajoz;6.2.-Contra la seguridad vial;2024;451
Badajoz;6.2.-Contra la seguridad vial;2023;472
Badajoz;6.2.-Contra la seguridad vial;2022;450
Badajoz;6.2.-Contra la seguridad vial;2021;450
Badajoz;6.2.-Contra la seguridad vial;2020;381
Badajoz;6.2.-Contra la seguridad vial;2019;479
Badajoz;6.2.-Contra la seguridad vial;2018;450
Badajoz;6.3.-Otros contra la seguridad colectiva;2024;19
Badajoz;6.3.-Otros contra la seguridad colectiva;2023;14
Badajoz;6.3.-Otros contra la seguridad colectiva;2022;17
Badajoz;6.3.-Otros contra la seguridad colectiva;2021;19
Badajoz;6.3.-Otros contra la seguridad colectiva;2020;23
Badajoz;6.3.-Otros contra la seguridad colectiva;2019;26
Badajoz;6.3.-Otros contra la seguridad colectiva;2018;30
Badajoz;7. FALSEDADES;2024;236
Badajoz;7. FALSEDADES;2023;162
Badajoz;7. FALSEDADES;2022;155
Badajoz;7. FALSEDADES;2021;151
Badajoz;7. FALSEDADES;2020;142
Badajoz;7. FALSEDADES;2019;117
Badajoz;7. FALSEDADES;2018;147
Badajoz;8. ADMÓN. PÚBLICA;2024;2
Badajoz;8. ADMÓN. PÚBLICA;2023;2
Badajoz;8. ADMÓN. PÚBLICA;2022;3
Badajoz;8. ADMÓN. PÚBLICA;2021;8
Badajoz;8. ADMÓN. PÚBLICA;2020;1
Badajoz;8. ADMÓN. PÚBLICA;2019;2
Badajoz;8. ADMÓN. PÚBLICA;2018;7
Badajoz;9. ADMÓN. JUSTICIA;2024;622
Badajoz;9. ADMÓN. JUSTICIA;2023;506
Badajoz;9. ADMÓN. JUSTICIA;2022;481
Badajoz;9. ADMÓN. JUSTICIA;2021;456
Badajoz;9. ADMÓN. JUSTICIA;2020;403
Badajoz;9. ADMÓN. JUSTICIA;2019;440
Badajoz;9. ADMÓN. JUSTICIA;2018;398
Badajoz;10. ORDEN PÚBLICO;2024;260
Badajoz;10. ORDEN PÚBLICO;2023;285
Badajoz;10. ORDEN PÚBLICO;2022;235
Badajoz;10. ORDEN PÚBLICO;2021;227
Badajoz;10. ORDEN PÚBLICO;2020;323
Badajoz;10. ORDEN PÚBLICO;2019;177
Badajoz;10. ORDEN PÚBLICO;2018;172
Badajoz;11. LEGISLACIÓN ESPECIAL;2024;1
Badajoz;11. LEGISLACIÓN ESPECIAL;2023;8
Badajoz;11. LEGISLACIÓN ESPECIAL;2022;9
Badajoz;11. LEGISLACIÓN ESPECIAL;2021;7
Badajoz;11. LEGISLACIÓN ESPECIAL;2020;7
Badajoz;11. LEGISLACIÓN ESPECIAL;2019;3
Badajoz;11. LEGISLACIÓN ESPECIAL;2018;5
Badajoz;12. OTRAS INFRACCIONES PENALES;2024;131
Badajoz;12. OTRAS INFRACCIONES PENALES;2023;138
Badajoz;12. OTRAS INFRACCIONES PENALES;2022;128
Badajoz;12. OTRAS INFRACCIONES PENALES;2021;102
Badajoz;12. OTRAS INFRACCIONES PENALES;2020;109
Badajoz;12. OTRAS INFRACCIONES PENALES;2019;110
Badajoz;12. OTRAS INFRACCIONES PENALES;2018;126
Badajoz;TOTAL INFRACCIONES PENALES;2024;9.952
Badajoz;TOTAL INFRACCIONES PENALES;2023;9.834
Badajoz;TOTAL INFRACCIONES PENALES;2022;8.643
Badajoz;TOTAL INFRACCIONES PENALES;2021;8.586
Badajoz;TOTAL INFRACCIONES PENALES;2020;7.655
Badajoz;TOTAL INFRACCIONES PENALES;2019;8.082
Badajoz;TOTAL INFRACCIONES PENALES;2018;7.674
Balears (Illes);1. CONTRA LAS PERSONAS;2024;8.845
Balears (Illes);1. CONTRA LAS PERSONAS;2023;8.860
Balears (Illes);1. CONTRA LAS PERSONAS;2022;8.018
Balears (Illes);1. CONTRA LAS PERSONAS;2021;6.632
Balears (Illes);1. CONTRA LAS PERSONAS;2020;5.741
Balears (Illes);1. CONTRA LAS PERSONAS;2019;6.797
Balears (Illes);1. CONTRA LAS PERSONAS;2018;6.335
Balears (Illes);1.1.-Homicidios dolosos/asesinatos;2024;41
Balears (Illes);1.1.-Homicidios dolosos/asesinatos;2023;47
Balears (Illes);1.1.-Homicidios dolosos/asesinatos;2022;32
Balears (Illes);1.1.-Homicidios dolosos/asesinatos;2021;38
Balears (Illes);1.1.-Homicidios dolosos/asesinatos;2020;37
Balears (Illes);1.1.-Homicidios dolosos/asesinatos;2019;44
Balears (Illes);1.1.-Homicidios dolosos/asesinatos;2018;42
Balears (Illes);1.1.1.-Homicidios dolosos/asesinatos consumados;2024;8
Balears (Illes);1.1.1.-Homicidios dolosos/asesinatos consumados;2023;9
Balears (Illes);1.1.1.-Homicidios dolosos/asesinatos consumados;2022;0
Balears (Illes);1.1.1.-Homicidios dolosos/asesinatos consumados;2021;6
Balears (Illes);1.1.1.-Homicidios dolosos/asesinatos consumados;2020;6
Balears (Illes);1.1.1.-Homicidios dolosos/asesinatos consumados;2019;6
Balears (Illes);1.1.1.-Homicidios dolosos/asesinatos consumados;2018;7
Balears (Illes);1.2.-Lesiones;2024;3.343
Balears (Illes);1.2.-Lesiones;2023;3.215
Balears (Illes);1.2.-Lesiones;2022;3.010
Balears (Illes);1.2.-Lesiones;2021;2.339
Balears (Illes);1.2.-Lesiones;2020;2.146
Balears (Illes);1.2.-Lesiones;2019;2.578
Balears (Illes);1.2.-Lesiones;2018;2.658
Balears (Illes);1.3.-Malos tratos ámbito familiar;2024;5.234
Balears (Illes);1.3.-Malos tratos ámbito familiar;2023;5.381
Balears (Illes);1.3.-Malos tratos ámbito familiar;2022;4.806
Balears (Illes);1.3.-Malos tratos ámbito familiar;2021;4.122
Balears (Illes);1.3.-Malos tratos ámbito familiar;2020;3.464
Balears (Illes);1.3.-Malos tratos ámbito familiar;2019;4.052
Balears (Illes);1.3.-Malos tratos ámbito familiar;2018;3.524
Balears (Illes);1.4.-Otros contra las personas;2024;227
Balears (Illes);1.4.-Otros contra las personas;2023;217
Balears (Illes);1.4.-Otros contra las personas;2022;170
Balears (Illes);1.4.-Otros contra las personas;2021;133
Balears (Illes);1.4.-Otros contra las personas;2020;94
Balears (Illes);1.4.-Otros contra las personas;2019;123
Balears (Illes);1.4.-Otros contra las personas;2018;111
Balears (Illes);2. CONTRA LA LIBERTAD;2024;4.589
Balears (Illes);2. CONTRA LA LIBERTAD;2023;4.657
Balears (Illes);2. CONTRA LA LIBERTAD;2022;4.205
Balears (Illes);2. CONTRA LA LIBERTAD;2021;4.068
Balears (Illes);2. CONTRA LA LIBERTAD;2020;3.802
Balears (Illes);2. CONTRA LA LIBERTAD;2019;3.406
Balears (Illes);2. CONTRA LA LIBERTAD;2018;3.204
Balears (Illes);2.1.-Malos tratos habituales en el ámbito familiar;2024;678
Balears (Illes);2.1.-Malos tratos habituales en el ámbito familiar;2023;680
Balears (Illes);2.1.-Malos tratos habituales en el ámbito familiar;2022;642
Balears (Illes);2.1.-Malos tratos habituales en el ámbito familiar;2021;684
Balears (Illes);2.1.-Malos tratos habituales en el ámbito familiar;2020;569
Balears (Illes);2.1.-Malos tratos habituales en el ámbito familiar;2019;512
Balears (Illes);2.1.-Malos tratos habituales en el ámbito familiar;2018;506
Balears (Illes);2.2.-Otros contra la libertad;2024;3.911
Balears (Illes);2.2.-Otros contra la libertad;2023;3.977
Balears (Illes);2.2.-Otros contra la libertad;2022;3.563
Balears (Illes);2.2.-Otros contra la libertad;2021;3.384
Balears (Illes);2.2.-Otros contra la libertad;2020;3.233
Balears (Illes);2.2.-Otros contra la libertad;2019;2.894
Balears (Illes);2.2.-Otros contra la libertad;2018;2.698
Balears (Illes);3. LIBERTAD SEXUAL;2024;746
Balears (Illes);3. LIBERTAD SEXUAL;2023;774
Balears (Illes);3. LIBERTAD SEXUAL;2022;622
Balears (Illes);3. LIBERTAD SEXUAL;2021;557
Balears (Illes);3. LIBERTAD SEXUAL;2020;398
Balears (Illes);3. LIBERTAD SEXUAL;2019;513
Balears (Illes);3. LIBERTAD SEXUAL;2018;409
Balears (Illes);3.1.-Agresión sexual;2024;522
Balears (Illes);3.1.-Agresión sexual;2023;521
Balears (Illes);3.1.-Agresión sexual;2022;413
Balears (Illes);3.1.-Agresión sexual;2021;385
Balears (Illes);3.1.-Agresión sexual;2020;241
Balears (Illes);3.1.-Agresión sexual;2019;354
Balears (Illes);3.1.-Agresión sexual;2018;266
Balears (Illes);3.2.-Agresión sexual con penetración;2024;116
Balears (Illes);3.2.-Agresión sexual con penetración;2023;131
Balears (Illes);3.2.-Agresión sexual con penetración;2022;114
Balears (Illes);3.2.-Agresión sexual con penetración;2021;93
Balears (Illes);3.2.-Agresión sexual con penetración;2020;75
Balears (Illes);3.2.-Agresión sexual con penetración;2019;81
Balears (Illes);3.2.-Agresión sexual con penetración;2018;75
Balears (Illes);3.3.-Corrupción de menores o incapacitados;2024;1
Balears (Illes);3.3.-Corrupción de menores o incapacitados;2023;16
Balears (Illes);3.3.-Corrupción de menores o incapacitados;2022;11
Balears (Illes);3.3.-Corrupción de menores o incapacitados;2021;15
Balears (Illes);3.3.-Corrupción de menores o incapacitados;2020;19
Balears (Illes);3.3.-Corrupción de menores o incapacitados;2019;13
Balears (Illes);3.3.-Corrupción de menores o incapacitados;2018;12
Balears (Illes);3.4.-Pornografía de menores;2024;35
Balears (Illes);3.4.-Pornografía de menores;2023;22
Balears (Illes);3.4.-Pornografía de menores;2022;9
Balears (Illes);3.4.-Pornografía de menores;2021;11
Balears (Illes);3.4.-Pornografía de menores;2020;6
Balears (Illes);3.4.-Pornografía de menores;2019;8
Balears (Illes);3.4.-Pornografía de menores;2018;9
Balears (Illes);3.5.-Otros contra la libertad sexual;2024;72
Balears (Illes);3.5.-Otros contra la libertad sexual;2023;84
Balears (Illes);3.5.-Otros contra la libertad sexual;2022;75
Balears (Illes);3.5.-Otros contra la libertad sexual;2021;53
Balears (Illes);3.5.-Otros contra la libertad sexual;2020;57
Balears (Illes);3.5.-Otros contra la libertad sexual;2019;57
Balears (Illes);3.5.-Otros contra la libertad sexual;2018;47
Balears (Illes);4. RELACIONES FAMILIARES;2024;208
Balears (Illes);4. RELACIONES FAMILIARES;2023;219
Balears (Illes);4. RELACIONES FAMILIARES;2022;240
Balears (Illes);4. RELACIONES FAMILIARES;2021;232
Balears (Illes);4. RELACIONES FAMILIARES;2020;166
Balears (Illes);4. RELACIONES FAMILIARES;2019;161
Balears (Illes);4. RELACIONES FAMILIARES;2018;151
Balears (Illes);5. PATRIMONIO;2024;11.156
Balears (Illes);5. PATRIMONIO;2023;10.580
Balears (Illes);5. PATRIMONIO;2022;9.725
Balears (Illes);5. PATRIMONIO;2021;7.969
Balears (Illes);5. PATRIMONIO;2020;7.620
Balears (Illes);5. PATRIMONIO;2019;9.263
Balears (Illes);5. PATRIMONIO;2018;8.712
Balears (Illes);5.1.-Hurtos;2024;4.656
Balears (Illes);5.1.-Hurtos;2023;4.322
Balears (Illes);5.1.-Hurtos;2022;3.979
Balears (Illes);5.1.-Hurtos;2021;2.729
Balears (Illes);5.1.-Hurtos;2020;2.328
Balears (Illes);5.1.-Hurtos;2019;3.155
Balears (Illes);5.1.-Hurtos;2018;3.292
Balears (Illes);5.2.-Robos con fuerza en las cosas;2024;1.452
Balears (Illes);5.2.-Robos con fuerza en las cosas;2023;1.378
Balears (Illes);5.2.-Robos con fuerza en las cosas;2022;1.363
Balears (Illes);5.2.-Robos con fuerza en las cosas;2021;1.171
Balears (Illes);5.2.-Robos con fuerza en las cosas;2020;1.072
Balears (Illes);5.2.-Robos con fuerza en las cosas;2019;1.518
Balears (Illes);5.2.-Robos con fuerza en las cosas;2018;1.577
Balears (Illes);5.2.1.-Robos con fuerza en las cosas en el interior de vehículos;2024;364
Balears (Illes);5.2.1.-Robos con fuerza en las cosas en el interior de vehículos;2023;355
Balears (Illes);5.2.1.-Robos con fuerza en las cosas en el interior de vehículos;2022;433
Balears (Illes);5.2.1.-Robos con fuerza en las cosas en el interior de vehículos;2021;247
Balears (Illes);5.2.1.-Robos con fuerza en las cosas en el interior de vehículos;2020;275
Balears (Illes);5.2.1.-Robos con fuerza en las cosas en el interior de vehículos;2019;419
Balears (Illes);5.2.1.-Robos con fuerza en las cosas en el interior de vehículos;2018;266
Balears (Illes);5.2.2.-Robos con fuerza en viviendas;2024;523
Balears (Illes);5.2.2.-Robos con fuerza en viviendas;2023;494
Balears (Illes);5.2.2.-Robos con fuerza en viviendas;2022;457
Balears (Illes);5.2.2.-Robos con fuerza en viviendas;2021;413
Balears (Illes);5.2.2.-Robos con fuerza en viviendas;2020;391
Balears (Illes);5.2.2.-Robos con fuerza en viviendas;2019;574
Balears (Illes);5.2.2.-Robos con fuerza en viviendas;2018;649
Balears (Illes);5.2.3.-Robos con fuerza en establecimientos;2024;325
Balears (Illes);5.2.3.-Robos con fuerza en establecimientos;2023;294
Balears (Illes);5.2.3.-Robos con fuerza en establecimientos;2022;280
Balears (Illes);5.2.3.-Robos con fuerza en establecimientos;2021;306
Balears (Illes);5.2.3.-Robos con fuerza en establecimientos;2020;224
Balears (Illes);5.2.3.-Robos con fuerza en establecimientos;2019;292
Balears (Illes);5.2.3.-Robos con fuerza en establecimientos;2018;358
Balears (Illes);5.3.-Robos con violencia o intimidación;2024;589
Balears (Illes);5.3.-Robos con violencia o intimidación;2023;595
Balears (Illes);5.3.-Robos con violencia o intimidación;2022;477
Balears (Illes);5.3.-Robos con violencia o intimidación;2021;374
Balears (Illes);5.3.-Robos con violencia o intimidación;2020;349
Balears (Illes);5.3.-Robos con violencia o intimidación;2019;414
Balears (Illes);5.3.-Robos con violencia o intimidación;2018;419
Balears (Illes);5.3.1.-Robos con violencia en vía pública;2024;324
Balears (Illes);5.3.1.-Robos con violencia en vía pública;2023;330
Balears (Illes);5.3.1.-Robos con violencia en vía pública;2022;266
Balears (Illes);5.3.1.-Robos con violencia en vía pública;2021;205
Balears (Illes);5.3.1.-Robos con violencia en vía pública;2020;178
Balears (Illes);5.3.1.-Robos con violencia en vía pública;2019;222
Balears (Illes);5.3.1.-Robos con violencia en vía pública;2018;218
Balears (Illes);5.3.2.-Robos con violencia en viviendas;2024;49
Balears (Illes);5.3.2.-Robos con violencia en viviendas;2023;47
Balears (Illes);5.3.2.-Robos con violencia en viviendas;2022;49
Balears (Illes);5.3.2.-Robos con violencia en viviendas;2021;53
Balears (Illes);5.3.2.-Robos con violencia en viviendas;2020;41
Balears (Illes);5.3.2.-Robos con violencia en viviendas;2019;48
Balears (Illes);5.3.2.-Robos con violencia en viviendas;2018;53
Balears (Illes);5.3.3.-Robos con violencia en establecimientos;2024;144
Balears (Illes);5.3.3.-Robos con violencia en establecimientos;2023;138
Balears (Illes);5.3.3.-Robos con violencia en establecimientos;2022;103
Balears (Illes);5.3.3.-Robos con violencia en establecimientos;2021;82
Balears (Illes);5.3.3.-Robos con violencia en establecimientos;2020;87
Balears (Illes);5.3.3.-Robos con violencia en establecimientos;2019;83
Balears (Illes);5.3.3.-Robos con violencia en establecimientos;2018;101
Balears (Illes);5.4.-Sustracción de vehículos;2024;563
Balears (Illes);5.4.-Sustracción de vehículos;2023;485
Balears (Illes);5.4.-Sustracción de vehículos;2022;362
Balears (Illes);5.4.-Sustracción de vehículos;2021;291
Balears (Illes);5.4.-Sustracción de vehículos;2020;277
Balears (Illes);5.4.-Sustracción de vehículos;2019;406
Balears (Illes);5.4.-Sustracción de vehículos;2018;483
Balears (Illes);5.5.-Estafas;2024;1.801
Balears (Illes);5.5.-Estafas;2023;1.774
Balears (Illes);5.5.-Estafas;2022;1.671
Balears (Illes);5.5.-Estafas;2021;1.535
Balears (Illes);5.5.-Estafas;2020;1.944
Balears (Illes);5.5.-Estafas;2019;1.746
Balears (Illes);5.5.-Estafas;2018;1.104
Balears (Illes);5.5.1.-Estafas informáticas;2024;1.079
Balears (Illes);5.5.1.-Estafas informáticas;2023;918
Balears (Illes);5.5.1.-Estafas informáticas;2022;740
Balears (Illes);5.5.1.-Estafas informáticas;2021;750
Balears (Illes);5.5.1.-Estafas informáticas;2020;968
Balears (Illes);5.5.1.-Estafas informáticas;2019;521
Balears (Illes);5.5.1.-Estafas informáticas;2018;308
Balears (Illes);5.6.-Daños;2024;1.030
Balears (Illes);5.6.-Daños;2023;1.062
Balears (Illes);5.6.-Daños;2022;962
Balears (Illes);5.6.-Daños;2021;973
Balears (Illes);5.6.-Daños;2020;849
Balears (Illes);5.6.-Daños;2019;1.074
Balears (Illes);5.6.-Daños;2018;941
Balears (Illes);5.7.-Contra la propiedad intelectual/industrial;2024;99
Balears (Illes);5.7.-Contra la propiedad intelectual/industrial;2023;69
Balears (Illes);5.7.-Contra la propiedad intelectual/industrial;2022;50
Balears (Illes);5.7.-Contra la propiedad intelectual/industrial;2021;61
Balears (Illes);5.7.-Contra la propiedad intelectual/industrial;2020;21
Balears (Illes);5.7.-Contra la propiedad intelectual/industrial;2019;92
Balears (Illes);5.7.-Contra la propiedad intelectual/industrial;2018;67
Balears (Illes);5.8.-Blanqueo de capitales;2024;10
Balears (Illes);5.8.-Blanqueo de capitales;2023;6
Balears (Illes);5.8.-Blanqueo de capitales;2022;9
Balears (Illes);5.8.-Blanqueo de capitales;2021;2
Balears (Illes);5.8.-Blanqueo de capitales;2020;7
Balears (Illes);5.8.-Blanqueo de capitales;2019;6
Balears (Illes);5.8.-Blanqueo de capitales;2018;6
Balears (Illes);5.9.-Otros contra el patrimonio;2024;956
Balears (Illes);5.9.-Otros contra el patrimonio;2023;889
Balears (Illes);5.9.-Otros contra el patrimonio;2022;852
Balears (Illes);5.9.-Otros contra el patrimonio;2021;833
Balears (Illes);5.9.-Otros contra el patrimonio;2020;773
Balears (Illes);5.9.-Otros contra el patrimonio;2019;852
Balears (Illes);5.9.-Otros contra el patrimonio;2018;823
Balears (Illes);6. SEGURIDAD COLECTIVA;2024;2.508
Balears (Illes);6. SEGURIDAD COLECTIVA;2023;2.718
Balears (Illes);6. SEGURIDAD COLECTIVA;2022;2.313
Balears (Illes);6. SEGURIDAD COLECTIVA;2021;1.873
Balears (Illes);6. SEGURIDAD COLECTIVA;2020;2.003
Balears (Illes);6. SEGURIDAD COLECTIVA;2019;2.760
Balears (Illes);6. SEGURIDAD COLECTIVA;2018;2.576
Balears (Illes);6.1.-Tráfico de drogas;2024;717
Balears (Illes);6.1.-Tráfico de drogas;2023;728
Balears (Illes);6.1.-Tráfico de drogas;2022;588
Balears (Illes);6.1.-Tráfico de drogas;2021;349
Balears (Illes);6.1.-Tráfico de drogas;2020;379
Balears (Illes);6.1.-Tráfico de drogas;2019;623
Balears (Illes);6.1.-Tráfico de drogas;2018;487
Balears (Illes);6.2.-Contra la seguridad vial;2024;1.599
Balears (Illes);6.2.-Contra la seguridad vial;2023;1.836
Balears (Illes);6.2.-Contra la seguridad vial;2022;1.622
Balears (Illes);6.2.-Contra la seguridad vial;2021;1.475
Balears (Illes);6.2.-Contra la seguridad vial;2020;1.586
Balears (Illes);6.2.-Contra la seguridad vial;2019;2.008
Balears (Illes);6.2.-Contra la seguridad vial;2018;1.942
Balears (Illes);6.3.-Otros contra la seguridad colectiva;2024;192
Balears (Illes);6.3.-Otros contra la seguridad colectiva;2023;154
Balears (Illes);6.3.-Otros contra la seguridad colectiva;2022;103
Balears (Illes);6.3.-Otros contra la seguridad colectiva;2021;49
Balears (Illes);6.3.-Otros contra la seguridad colectiva;2020;38
Balears (Illes);6.3.-Otros contra la seguridad colectiva;2019;129
Balears (Illes);6.3.-Otros contra la seguridad colectiva;2018;147
Balears (Illes);7. FALSEDADES;2024;389
Balears (Illes);7. FALSEDADES;2023;359
Balears (Illes);7. FALSEDADES;2022;388
Balears (Illes);7. FALSEDADES;2021;406
Balears (Illes);7. FALSEDADES;2020;285
Balears (Illes);7. FALSEDADES;2019;472
Balears (Illes);7. FALSEDADES;2018;423
Balears (Illes);8. ADMÓN. PÚBLICA;2024;20
Balears (Illes);8. ADMÓN. PÚBLICA;2023;10
Balears (Illes);8. ADMÓN. PÚBLICA;2022;12
Balears (Illes);8. ADMÓN. PÚBLICA;2021;6
Balears (Illes);8. ADMÓN. PÚBLICA;2020;10
Balears (Illes);8. ADMÓN. PÚBLICA;2019;6
Balears (Illes);8. ADMÓN. PÚBLICA;2018;4
Balears (Illes);9. ADMÓN. JUSTICIA;2024;1.697
Balears (Illes);9. ADMÓN. JUSTICIA;2023;1.683
Balears (Illes);9. ADMÓN. JUSTICIA;2022;1.461
Balears (Illes);9. ADMÓN. JUSTICIA;2021;1.352
Balears (Illes);9. ADMÓN. JUSTICIA;2020;1.179
Balears (Illes);9. ADMÓN. JUSTICIA;2019;1.045
Balears (Illes);9. ADMÓN. JUSTICIA;2018;939
Balears (Illes);10. ORDEN PÚBLICO;2024;874
Balears (Illes);10. ORDEN PÚBLICO;2023;900
Balears (Illes);10. ORDEN PÚBLICO;2022;875
Balears (Illes);10. ORDEN PÚBLICO;2021;713
Balears (Illes);10. ORDEN PÚBLICO;2020;1.048
Balears (Illes);10. ORDEN PÚBLICO;2019;631
Balears (Illes);10. ORDEN PÚBLICO;2018;595
Balears (Illes);11. LEGISLACIÓN ESPECIAL;2024;2
Balears (Illes);11. LEGISLACIÓN ESPECIAL;2023;1
Balears (Illes);11. LEGISLACIÓN ESPECIAL;2022;1
Balears (Illes);11. LEGISLACIÓN ESPECIAL;2021;0
Balears (Illes);11. LEGISLACIÓN ESPECIAL;2020;1
Balears (Illes);11. LEGISLACIÓN ESPECIAL;2019;0
Balears (Illes);11. LEGISLACIÓN ESPECIAL;2018;2
Balears (Illes);12. OTRAS INFRACCIONES PENALES;2024;222
Balears (Illes);12. OTRAS INFRACCIONES PENALES;2023;244
Balears (Illes);12. OTRAS INFRACCIONES PENALES;2022;231
Balears (Illes);12. OTRAS INFRACCIONES PENALES;2021;185
Balears (Illes);12. OTRAS INFRACCIONES PENALES;2020;187
Balears (Illes);12. OTRAS INFRACCIONES PENALES;2019;182
Balears (Illes);12. OTRAS INFRACCIONES PENALES;2018;199
Balears (Illes);TOTAL INFRACCIONES PENALES;2024;31.256
Balears (Illes);TOTAL INFRACCIONES PENALES;2023;31.005
Balears (Illes);TOTAL INFRACCIONES PENALES;2022;28.091
Balears (Illes);TOTAL INFRACCIONES PENALES;2021;23.993
Balears (Illes);TOTAL INFRACCIONES PENALES;2020;22.440
Balears (Illes);TOTAL INFRACCIONES PENALES;2019;25.236
Balears (Illes);TOTAL INFRACCIONES PENALES;2018;23.549
Barcelona;1. CONTRA LAS PERSONAS;2024;14.954
Barcelona;1. CONTRA LAS PERSONAS;2023;13.552
Barcelona;1. CONTRA LAS PERSONAS;2022;13.092
Barcelona;1. CONTRA LAS PERSONAS;2021;11.537
Barcelona;1. CONTRA LAS PERSONAS;2020;9.501
Barcelona;1. CONTRA LAS PERSONAS;2019;12.629
Barcelona;1. CONTRA LAS PERSONAS;2018;12.745
Barcelona;1.1.-Homicidios dolosos/asesinatos;2024;195
Barcelona;1.1.-Homicidios dolosos/asesinatos;2023;178
Barcelona;1.1.-Homicidios dolosos/asesinatos;2022;149
Barcelona;1.1.-Homicidios dolosos/asesinatos;2021;145
Barcelona;1.1.-Homicidios dolosos/asesinatos;2020;124
Barcelona;1.1.-Homicidios dolosos/asesinatos;2019;188
Barcelona;1.1.-Homicidios dolosos/asesinatos;2018;149
Barcelona;1.1.1.-Homicidios dolosos/asesinatos consumados;2024;42
Barcelona;1.1.1.-Homicidios dolosos/asesinatos consumados;2023;41
Barcelona;1.1.1.-Homicidios dolosos/asesinatos consumados;2022;34
Barcelona;1.1.1.-Homicidios dolosos/asesinatos consumados;2021;38
Barcelona;1.1.1.-Homicidios dolosos/asesinatos consumados;2020;37
Barcelona;1.1.1.-Homicidios dolosos/asesinatos consumados;2019;1
Barcelona;1.1.1.-Homicidios dolosos/asesinatos consumados;2018;0
Barcelona;1.2.-Lesiones;2024;8.509
Barcelona;1.2.-Lesiones;2023;7.858
Barcelona;1.2.-Lesiones;2022;7.742
Barcelona;1.2.-Lesiones;2021;6.800
Barcelona;1.2.-Lesiones;2020;5.358
Barcelona;1.2.-Lesiones;2019;7.938
Barcelona;1.2.-Lesiones;2018;8.114
Barcelona;1.3.-Malos tratos ámbito familiar;2024;5.893
Barcelona;1.3.-Malos tratos ámbito familiar;2023;5.247
Barcelona;1.3.-Malos tratos ámbito familiar;2022;4.981
Barcelona;1.3.-Malos tratos ámbito familiar;2021;4.403
Barcelona;1.3.-Malos tratos ámbito familiar;2020;3.826
Barcelona;1.3.-Malos tratos ámbito familiar;2019;4.299
Barcelona;1.3.-Malos tratos ámbito familiar;2018;4.253
Barcelona;1.4.-Otros contra las personas;2024;357
Barcelona;1.4.-Otros contra las personas;2023;269
Barcelona;1.4.-Otros contra las personas;2022;220
Barcelona;1.4.-Otros contra las personas;2021;189
Barcelona;1.4.-Otros contra las personas;2020;193
Barcelona;1.4.-Otros contra las personas;2019;204
Barcelona;1.4.-Otros contra las personas;2018;229
Barcelona;2. CONTRA LA LIBERTAD;2024;13.218
Barcelona;2. CONTRA LA LIBERTAD;2023;12.556
Barcelona;2. CONTRA LA LIBERTAD;2022;11.434
Barcelona;2. CONTRA LA LIBERTAD;2021;11.016
Barcelona;2. CONTRA LA LIBERTAD;2020;8.777
Barcelona;2. CONTRA LA LIBERTAD;2019;10.858
Barcelona;2. CONTRA LA LIBERTAD;2018;10.931
Barcelona;2.1.-Malos tratos habituales en el ámbito familiar;2024;1.310
Barcelona;2.1.-Malos tratos habituales en el ámbito familiar;2023;1.288
Barcelona;2.1.-Malos tratos habituales en el ámbito familiar;2022;1.259
Barcelona;2.1.-Malos tratos habituales en el ámbito familiar;2021;1.264
Barcelona;2.1.-Malos tratos habituales en el ámbito familiar;2020;991
Barcelona;2.1.-Malos tratos habituales en el ámbito familiar;2019;1.114
Barcelona;2.1.-Malos tratos habituales en el ámbito familiar;2018;1.313
Barcelona;2.2.-Otros contra la libertad;2024;11.908
Barcelona;2.2.-Otros contra la libertad;2023;11.268
Barcelona;2.2.-Otros contra la libertad;2022;10.175
Barcelona;2.2.-Otros contra la libertad;2021;9.752
Barcelona;2.2.-Otros contra la libertad;2020;7.786
Barcelona;2.2.-Otros contra la libertad;2019;9.744
Barcelona;2.2.-Otros contra la libertad;2018;9.618
Barcelona;3. LIBERTAD SEXUAL;2024;2.481
Barcelona;3. LIBERTAD SEXUAL;2023;2.371
Barcelona;3. LIBERTAD SEXUAL;2022;1.907
Barcelona;3. LIBERTAD SEXUAL;2021;1.752
Barcelona;3. LIBERTAD SEXUAL;2020;1.268
Barcelona;3. LIBERTAD SEXUAL;2019;1.727
Barcelona;3. LIBERTAD SEXUAL;2018;1.499
Barcelona;3.1.-Agresión sexual;2024;1.236
Barcelona;3.1.-Agresión sexual;2023;1.157
Barcelona;3.1.-Agresión sexual;2022;1.057
Barcelona;3.1.-Agresión sexual;2021;952
Barcelona;3.1.-Agresión sexual;2020;655
Barcelona;3.1.-Agresión sexual;2019;841
Barcelona;3.1.-Agresión sexual;2018;679
Barcelona;3.2.-Agresión sexual con penetración;2024;1.002
Barcelona;3.2.-Agresión sexual con penetración;2023;920
Barcelona;3.2.-Agresión sexual con penetración;2022;675
Barcelona;3.2.-Agresión sexual con penetración;2021;663
Barcelona;3.2.-Agresión sexual con penetración;2020;431
Barcelona;3.2.-Agresión sexual con penetración;2019;645
Barcelona;3.2.-Agresión sexual con penetración;2018;571
Barcelona;3.3.-Corrupción de menores o incapacitados;2024;4
Barcelona;3.3.-Corrupción de menores o incapacitados;2023;4
Barcelona;3.3.-Corrupción de menores o incapacitados;2022;9
Barcelona;3.3.-Corrupción de menores o incapacitados;2021;2
Barcelona;3.3.-Corrupción de menores o incapacitados;2020;6
Barcelona;3.3.-Corrupción de menores o incapacitados;2019;5
Barcelona;3.3.-Corrupción de menores o incapacitados;2018;4
Barcelona;3.4.-Pornografía de menores;2024;53
Barcelona;3.4.-Pornografía de menores;2023;64
Barcelona;3.4.-Pornografía de menores;2022;57
Barcelona;3.4.-Pornografía de menores;2021;44
Barcelona;3.4.-Pornografía de menores;2020;62
Barcelona;3.4.-Pornografía de menores;2019;80
Barcelona;3.4.-Pornografía de menores;2018;101
Barcelona;3.5.-Otros contra la libertad sexual;2024;186
Barcelona;3.5.-Otros contra la libertad sexual;2023;226
Barcelona;3.5.-Otros contra la libertad sexual;2022;109
Barcelona;3.5.-Otros contra la libertad sexual;2021;91
Barcelona;3.5.-Otros contra la libertad sexual;2020;114
Barcelona;3.5.-Otros contra la libertad sexual;2019;156
Barcelona;3.5.-Otros contra la libertad sexual;2018;144
Barcelona;4. RELACIONES FAMILIARES;2024;644
Barcelona;4. RELACIONES FAMILIARES;2023;638
Barcelona;4. RELACIONES FAMILIARES;2022;617
Barcelona;4. RELACIONES FAMILIARES;2021;568
Barcelona;4. RELACIONES FAMILIARES;2020;538
Barcelona;4. RELACIONES FAMILIARES;2019;633
Barcelona;4. RELACIONES FAMILIARES;2018;702
Barcelona;5. PATRIMONIO;2024;51.704
Barcelona;5. PATRIMONIO;2023;45.765
Barcelona;5. PATRIMONIO;2022;39.813
Barcelona;5. PATRIMONIO;2021;32.578
Barcelona;5. PATRIMONIO;2020;30.628
Barcelona;5. PATRIMONIO;2019;48.413
Barcelona;5. PATRIMONIO;2018;46.240
Barcelona;5.1.-Hurtos;2024;23.348
Barcelona;5.1.-Hurtos;2023;19.682
Barcelona;5.1.-Hurtos;2022;15.811
Barcelona;5.1.-Hurtos;2021;11.705
Barcelona;5.1.-Hurtos;2020;11.009
Barcelona;5.1.-Hurtos;2019;18.655
Barcelona;5.1.-Hurtos;2018;18.037
Barcelona;5.2.-Robos con fuerza en las cosas;2024;3.693
Barcelona;5.2.-Robos con fuerza en las cosas;2023;3.666
Barcelona;5.2.-Robos con fuerza en las cosas;2022;3.428
Barcelona;5.2.-Robos con fuerza en las cosas;2021;2.781
Barcelona;5.2.-Robos con fuerza en las cosas;2020;2.947
Barcelona;5.2.-Robos con fuerza en las cosas;2019;5.275
Barcelona;5.2.-Robos con fuerza en las cosas;2018;5.412
Barcelona;5.2.1.-Robos con fuerza en las cosas en el interior de vehículos;2024;1.146
Barcelona;5.2.1.-Robos con fuerza en las cosas en el interior de vehículos;2023;1.178
Barcelona;5.2.1.-Robos con fuerza en las cosas en el interior de vehículos;2022;1.050
Barcelona;5.2.1.-Robos con fuerza en las cosas en el interior de vehículos;2021;930
Barcelona;5.2.1.-Robos con fuerza en las cosas en el interior de vehículos;2020;0
Barcelona;5.2.1.-Robos con fuerza en las cosas en el interior de vehículos;2019;1.083
Barcelona;5.2.1.-Robos con fuerza en las cosas en el interior de vehículos;2018;949
Barcelona;5.2.2.-Robos con fuerza en viviendas;2024;861
Barcelona;5.2.2.-Robos con fuerza en viviendas;2023;848
Barcelona;5.2.2.-Robos con fuerza en viviendas;2022;874
Barcelona;5.2.2.-Robos con fuerza en viviendas;2021;771
Barcelona;5.2.2.-Robos con fuerza en viviendas;2020;924
Barcelona;5.2.2.-Robos con fuerza en viviendas;2019;3
Barcelona;5.2.2.-Robos con fuerza en viviendas;2018;11
Barcelona;5.2.3.-Robos con fuerza en establecimientos;2024;852
Barcelona;5.2.3.-Robos con fuerza en establecimientos;2023;856
Barcelona;5.2.3.-Robos con fuerza en establecimientos;2022;769
Barcelona;5.2.3.-Robos con fuerza en establecimientos;2021;581
Barcelona;5.2.3.-Robos con fuerza en establecimientos;2020;717
Barcelona;5.2.3.-Robos con fuerza en establecimientos;2019;5
Barcelona;5.2.3.-Robos con fuerza en establecimientos;2018;1
Barcelona;5.3.-Robos con violencia o intimidación;2024;4.806
Barcelona;5.3.-Robos con violencia o intimidación;2023;4.443
Barcelona;5.3.-Robos con violencia o intimidación;2022;3.770
Barcelona;5.3.-Robos con violencia o intimidación;2021;2.962
Barcelona;5.3.-Robos con violencia o intimidación;2020;2.570
Barcelona;5.3.-Robos con violencia o intimidación;2019;4.410
Barcelona;5.3.-Robos con violencia o intimidación;2018;3.760
Barcelona;5.3.1.-Robos con violencia en vía pública;2024;3.194
Barcelona;5.3.1.-Robos con violencia en vía pública;2023;3.131
Barcelona;5.3.1.-Robos con violencia en vía pública;2022;2.528
Barcelona;5.3.1.-Robos con violencia en vía pública;2021;1.812
Barcelona;5.3.1.-Robos con violencia en vía pública;2020;1.562
Barcelona;5.3.1.-Robos con violencia en vía pública;2019;2
Barcelona;5.3.1.-Robos con violencia en vía pública;2018;3
Barcelona;5.3.2.-Robos con violencia en viviendas;2024;218
Barcelona;5.3.2.-Robos con violencia en viviendas;2023;187
Barcelona;5.3.2.-Robos con violencia en viviendas;2022;192
Barcelona;5.3.2.-Robos con violencia en viviendas;2021;206
Barcelona;5.3.2.-Robos con violencia en viviendas;2020;146
Barcelona;5.3.2.-Robos con violencia en viviendas;2019;0
Barcelona;5.3.2.-Robos con violencia en viviendas;2018;0
Barcelona;5.3.3.-Robos con violencia en establecimientos;2024;1.007
Barcelona;5.3.3.-Robos con violencia en establecimientos;2023;762
Barcelona;5.3.3.-Robos con violencia en establecimientos;2022;674
Barcelona;5.3.3.-Robos con violencia en establecimientos;2021;586
Barcelona;5.3.3.-Robos con violencia en establecimientos;2020;550
Barcelona;5.3.3.-Robos con violencia en establecimientos;2019;5
Barcelona;5.3.3.-Robos con violencia en establecimientos;2018;2
Barcelona;5.4.-Sustracción de vehículos;2024;2.317
Barcelona;5.4.-Sustracción de vehículos;2023;2.234
Barcelona;5.4.-Sustracción de vehículos;2022;2.002
Barcelona;5.4.-Sustracción de vehículos;2021;1.654
Barcelona;5.4.-Sustracción de vehículos;2020;1.907
Barcelona;5.4.-Sustracción de vehículos;2019;3.534
Barcelona;5.4.-Sustracción de vehículos;2018;3.628
Barcelona;5.5.-Estafas;2024;5.104
Barcelona;5.5.-Estafas;2023;4.926
Barcelona;5.5.-Estafas;2022;4.322
Barcelona;5.5.-Estafas;2021;3.672
Barcelona;5.5.-Estafas;2020;3.508
Barcelona;5.5.-Estafas;2019;5.862
Barcelona;5.5.-Estafas;2018;6.146
Barcelona;5.5.1.-Estafas informáticas;2024;3.328
Barcelona;5.5.1.-Estafas informáticas;2023;3.114
Barcelona;5.5.1.-Estafas informáticas;2022;2.747
Barcelona;5.5.1.-Estafas informáticas;2021;2.441
Barcelona;5.5.1.-Estafas informáticas;2020;2.153
Barcelona;5.5.1.-Estafas informáticas;2019;1.478
Barcelona;5.5.1.-Estafas informáticas;2018;1.817
Barcelona;5.6.-Daños;2024;3.405
Barcelona;5.6.-Daños;2023;2.929
Barcelona;5.6.-Daños;2022;2.812
Barcelona;5.6.-Daños;2021;2.678
Barcelona;5.6.-Daños;2020;2.154
Barcelona;5.6.-Daños;2019;2.852
Barcelona;5.6.-Daños;2018;2.746
Barcelona;5.7.-Contra la propiedad intelectual/industrial;2024;102
Barcelona;5.7.-Contra la propiedad intelectual/industrial;2023;83
Barcelona;5.7.-Contra la propiedad intelectual/industrial;2022;117
Barcelona;5.7.-Contra la propiedad intelectual/industrial;2021;118
Barcelona;5.7.-Contra la propiedad intelectual/industrial;2020;96
Barcelona;5.7.-Contra la propiedad intelectual/industrial;2019;113
Barcelona;5.7.-Contra la propiedad intelectual/industrial;2018;177
Barcelona;5.8.-Blanqueo de capitales;2024;72
Barcelona;5.8.-Blanqueo de capitales;2023;52
Barcelona;5.8.-Blanqueo de capitales;2022;24
Barcelona;5.8.-Blanqueo de capitales;2021;20
Barcelona;5.8.-Blanqueo de capitales;2020;17
Barcelona;5.8.-Blanqueo de capitales;2019;14
Barcelona;5.8.-Blanqueo de capitales;2018;17
Barcelona;5.9.-Otros contra el patrimonio;2024;8.857
Barcelona;5.9.-Otros contra el patrimonio;2023;7.750
Barcelona;5.9.-Otros contra el patrimonio;2022;7.527
Barcelona;5.9.-Otros contra el patrimonio;2021;6.988
Barcelona;5.9.-Otros contra el patrimonio;2020;6.420
Barcelona;5.9.-Otros contra el patrimonio;2019;7.698
Barcelona;5.9.-Otros contra el patrimonio;2018;6.317
Barcelona;6. SEGURIDAD COLECTIVA;2024;6.582
Barcelona;6. SEGURIDAD COLECTIVA;2023;5.754
Barcelona;6. SEGURIDAD COLECTIVA;2022;5.714
Barcelona;6. SEGURIDAD COLECTIVA;2021;5.408
Barcelona;6. SEGURIDAD COLECTIVA;2020;4.072
Barcelona;6. SEGURIDAD COLECTIVA;2019;4.767
Barcelona;6. SEGURIDAD COLECTIVA;2018;4.817
Barcelona;6.1.-Tráfico de drogas;2024;3.045
Barcelona;6.1.-Tráfico de drogas;2023;2.710
Barcelona;6.1.-Tráfico de drogas;2022;2.348
Barcelona;6.1.-Tráfico de drogas;2021;2.245
Barcelona;6.1.-Tráfico de drogas;2020;1.608
Barcelona;6.1.-Tráfico de drogas;2019;1.531
Barcelona;6.1.-Tráfico de drogas;2018;1.599
Barcelona;6.2.-Contra la seguridad vial;2024;3.425
Barcelona;6.2.-Contra la seguridad vial;2023;2.960
Barcelona;6.2.-Contra la seguridad vial;2022;3.284
Barcelona;6.2.-Contra la seguridad vial;2021;3.089
Barcelona;6.2.-Contra la seguridad vial;2020;2.392
Barcelona;6.2.-Contra la seguridad vial;2019;3.146
Barcelona;6.2.-Contra la seguridad vial;2018;3.154
Barcelona;6.3.-Otros contra la seguridad colectiva;2024;112
Barcelona;6.3.-Otros contra la seguridad colectiva;2023;84
Barcelona;6.3.-Otros contra la seguridad colectiva;2022;82
Barcelona;6.3.-Otros contra la seguridad colectiva;2021;74
Barcelona;6.3.-Otros contra la seguridad colectiva;2020;72
Barcelona;6.3.-Otros contra la seguridad colectiva;2019;90
Barcelona;6.3.-Otros contra la seguridad colectiva;2018;64
Barcelona;7. FALSEDADES;2024;1.506
Barcelona;7. FALSEDADES;2023;1.472
Barcelona;7. FALSEDADES;2022;1.706
Barcelona;7. FALSEDADES;2021;1.464
Barcelona;7. FALSEDADES;2020;1.186
Barcelona;7. FALSEDADES;2019;2.076
Barcelona;7. FALSEDADES;2018;1.989
Barcelona;8. ADMÓN. PÚBLICA;2024;13
Barcelona;8. ADMÓN. PÚBLICA;2023;21
Barcelona;8. ADMÓN. PÚBLICA;2022;53
Barcelona;8. ADMÓN. PÚBLICA;2021;46
Barcelona;8. ADMÓN. PÚBLICA;2020;7
Barcelona;8. ADMÓN. PÚBLICA;2019;19
Barcelona;8. ADMÓN. PÚBLICA;2018;32
Barcelona;9. ADMÓN. JUSTICIA;2024;3.604
Barcelona;9. ADMÓN. JUSTICIA;2023;3.144
Barcelona;9. ADMÓN. JUSTICIA;2022;2.639
Barcelona;9. ADMÓN. JUSTICIA;2021;2.479
Barcelona;9. ADMÓN. JUSTICIA;2020;2.053
Barcelona;9. ADMÓN. JUSTICIA;2019;2.325
Barcelona;9. ADMÓN. JUSTICIA;2018;2.347
Barcelona;10. ORDEN PÚBLICO;2024;2.978
Barcelona;10. ORDEN PÚBLICO;2023;2.697
Barcelona;10. ORDEN PÚBLICO;2022;2.678
Barcelona;10. ORDEN PÚBLICO;2021;2.552
Barcelona;10. ORDEN PÚBLICO;2020;1.905
Barcelona;10. ORDEN PÚBLICO;2019;1.957
Barcelona;10. ORDEN PÚBLICO;2018;1.826
Barcelona;11. LEGISLACIÓN ESPECIAL;2024;99
Barcelona;11. LEGISLACIÓN ESPECIAL;2023;130
Barcelona;11. LEGISLACIÓN ESPECIAL;2022;5
Barcelona;11. LEGISLACIÓN ESPECIAL;2021;2
Barcelona;11. LEGISLACIÓN ESPECIAL;2020;6
Barcelona;11. LEGISLACIÓN ESPECIAL;2019;8
Barcelona;11. LEGISLACIÓN ESPECIAL;2018;7
Barcelona;12. OTRAS INFRACCIONES PENALES;2024;354
Barcelona;12. OTRAS INFRACCIONES PENALES;2023;357
Barcelona;12. OTRAS INFRACCIONES PENALES;2022;303
Barcelona;12. OTRAS INFRACCIONES PENALES;2021;294
Barcelona;12. OTRAS INFRACCIONES PENALES;2020;210
Barcelona;12. OTRAS INFRACCIONES PENALES;2019;401
Barcelona;12. OTRAS INFRACCIONES PENALES;2018;293
Barcelona;TOTAL INFRACCIONES PENALES;2024;98.137
Barcelona;TOTAL INFRACCIONES PENALES;2023;88.457
Barcelona;TOTAL INFRACCIONES PENALES;2022;79.961
Barcelona;TOTAL INFRACCIONES PENALES;2021;69.696
Barcelona;TOTAL INFRACCIONES PENALES;2020;60.151
Barcelona;TOTAL INFRACCIONES PENALES;2019;85.813
Barcelona;TOTAL INFRACCIONES PENALES;2018;83.428
Burgos;1. CONTRA LAS PERSONAS;2024;1.430
Burgos;1. CONTRA LAS PERSONAS;2023;1.308
Burgos;1. CONTRA LAS PERSONAS;2022;1.233
Burgos;1. CONTRA LAS PERSONAS;2021;1.125
Burgos;1. CONTRA LAS PERSONAS;2020;916
Burgos;1. CONTRA LAS PERSONAS;2019;1.081
Burgos;1. CONTRA LAS PERSONAS;2018;1.052
Burgos;1.1.-Homicidios dolosos/asesinatos;2024;9
Burgos;1.1.-Homicidios dolosos/asesinatos;2023;4
Burgos;1.1.-Homicidios dolosos/asesinatos;2022;14
Burgos;1.1.-Homicidios dolosos/asesinatos;2021;5
Burgos;1.1.-Homicidios dolosos/asesinatos;2020;4
Burgos;1.1.-Homicidios dolosos/asesinatos;2019;14
Burgos;1.1.-Homicidios dolosos/asesinatos;2018;6
Burgos;1.1.1.-Homicidios dolosos/asesinatos consumados;2024;4
Burgos;1.1.1.-Homicidios dolosos/asesinatos consumados;2023;1
Burgos;1.1.1.-Homicidios dolosos/asesinatos consumados;2022;2
Burgos;1.1.1.-Homicidios dolosos/asesinatos consumados;2021;0
Burgos;1.1.1.-Homicidios dolosos/asesinatos consumados;2020;1
Burgos;1.1.1.-Homicidios dolosos/asesinatos consumados;2019;4
Burgos;1.1.1.-Homicidios dolosos/asesinatos consumados;2018;3
Burgos;1.2.-Lesiones;2024;766
Burgos;1.2.-Lesiones;2023;672
Burgos;1.2.-Lesiones;2022;680
Burgos;1.2.-Lesiones;2021;631
Burgos;1.2.-Lesiones;2020;465
Burgos;1.2.-Lesiones;2019;575
Burgos;1.2.-Lesiones;2018;596
Burgos;1.3.-Malos tratos ámbito familiar;2024;591
Burgos;1.3.-Malos tratos ámbito familiar;2023;587
Burgos;1.3.-Malos tratos ámbito familiar;2022;494
Burgos;1.3.-Malos tratos ámbito familiar;2021;446
Burgos;1.3.-Malos tratos ámbito familiar;2020;412
Burgos;1.3.-Malos tratos ámbito familiar;2019;430
Burgos;1.3.-Malos tratos ámbito familiar;2018;407
Burgos;1.4.-Otros contra las personas;2024;64
Burgos;1.4.-Otros contra las personas;2023;45
Burgos;1.4.-Otros contra las personas;2022;45
Burgos;1.4.-Otros contra las personas;2021;43
Burgos;1.4.-Otros contra las personas;2020;35
Burgos;1.4.-Otros contra las personas;2019;62
Burgos;1.4.-Otros contra las personas;2018;43
Burgos;2. CONTRA LA LIBERTAD;2024;914
Burgos;2. CONTRA LA LIBERTAD;2023;889
Burgos;2. CONTRA LA LIBERTAD;2022;793
Burgos;2. CONTRA LA LIBERTAD;2021;816
Burgos;2. CONTRA LA LIBERTAD;2020;688
Burgos;2. CONTRA LA LIBERTAD;2019;757
Burgos;2. CONTRA LA LIBERTAD;2018;687
Burgos;2.1.-Malos tratos habituales en el ámbito familiar;2024;249
Burgos;2.1.-Malos tratos habituales en el ámbito familiar;2023;223
Burgos;2.1.-Malos tratos habituales en el ámbito familiar;2022;192
Burgos;2.1.-Malos tratos habituales en el ámbito familiar;2021;195
Burgos;2.1.-Malos tratos habituales en el ámbito familiar;2020;155
Burgos;2.1.-Malos tratos habituales en el ámbito familiar;2019;163
Burgos;2.1.-Malos tratos habituales en el ámbito familiar;2018;153
Burgos;2.2.-Otros contra la libertad;2024;665
Burgos;2.2.-Otros contra la libertad;2023;666
Burgos;2.2.-Otros contra la libertad;2022;601
Burgos;2.2.-Otros contra la libertad;2021;621
Burgos;2.2.-Otros contra la libertad;2020;533
Burgos;2.2.-Otros contra la libertad;2019;594
Burgos;2.2.-Otros contra la libertad;2018;534
Burgos;3. LIBERTAD SEXUAL;2024;92
Burgos;3. LIBERTAD SEXUAL;2023;92
Burgos;3. LIBERTAD SEXUAL;2022;69
Burgos;3. LIBERTAD SEXUAL;2021;73
Burgos;3. LIBERTAD SEXUAL;2020;56
Burgos;3. LIBERTAD SEXUAL;2019;64
Burgos;3. LIBERTAD SEXUAL;2018;51
Burgos;3.1.-Agresión sexual;2024;56
Burgos;3.1.-Agresión sexual;2023;59
Burgos;3.1.-Agresión sexual;2022;36
Burgos;3.1.-Agresión sexual;2021;43
Burgos;3.1.-Agresión sexual;2020;31
Burgos;3.1.-Agresión sexual;2019;40
Burgos;3.1.-Agresión sexual;2018;22
Burgos;3.2.-Agresión sexual con penetración;2024;19
Burgos;3.2.-Agresión sexual con penetración;2023;21
Burgos;3.2.-Agresión sexual con penetración;2022;25
Burgos;3.2.-Agresión sexual con penetración;2021;19
Burgos;3.2.-Agresión sexual con penetración;2020;16
Burgos;3.2.-Agresión sexual con penetración;2019;11
Burgos;3.2.-Agresión sexual con penetración;2018;12
Burgos;3.3.-Corrupción de menores o incapacitados;2024;1
Burgos;3.3.-Corrupción de menores o incapacitados;2023;2
Burgos;3.3.-Corrupción de menores o incapacitados;2022;3
Burgos;3.3.-Corrupción de menores o incapacitados;2021;1
Burgos;3.3.-Corrupción de menores o incapacitados;2020;1
Burgos;3.3.-Corrupción de menores o incapacitados;2019;3
Burgos;3.3.-Corrupción de menores o incapacitados;2018;3
Burgos;3.4.-Pornografía de menores;2024;5
Burgos;3.4.-Pornografía de menores;2023;1
Burgos;3.4.-Pornografía de menores;2022;1
Burgos;3.4.-Pornografía de menores;2021;4
Burgos;3.4.-Pornografía de menores;2020;0
Burgos;3.4.-Pornografía de menores;2019;0
Burgos;3.4.-Pornografía de menores;2018;5
Burgos;3.5.-Otros contra la libertad sexual;2024;11
Burgos;3.5.-Otros contra la libertad sexual;2023;9
Burgos;3.5.-Otros contra la libertad sexual;2022;4
Burgos;3.5.-Otros contra la libertad sexual;2021;6
Burgos;3.5.-Otros contra la libertad sexual;2020;8
Burgos;3.5.-Otros contra la libertad sexual;2019;10
Burgos;3.5.-Otros contra la libertad sexual;2018;9
Burgos;4. RELACIONES FAMILIARES;2024;13
Burgos;4. RELACIONES FAMILIARES;2023;6
Burgos;4. RELACIONES FAMILIARES;2022;4
Burgos;4. RELACIONES FAMILIARES;2021;5
Burgos;4. RELACIONES FAMILIARES;2020;4
Burgos;4. RELACIONES FAMILIARES;2019;8
Burgos;4. RELACIONES FAMILIARES;2018;7
Burgos;5. PATRIMONIO;2024;2.185
Burgos;5. PATRIMONIO;2023;2.040
Burgos;5. PATRIMONIO;2022;1.933
Burgos;5. PATRIMONIO;2021;1.784
Burgos;5. PATRIMONIO;2020;1.632
Burgos;5. PATRIMONIO;2019;1.982
Burgos;5. PATRIMONIO;2018;1.803
Burgos;5.1.-Hurtos;2024;749
Burgos;5.1.-Hurtos;2023;699
Burgos;5.1.-Hurtos;2022;655
Burgos;5.1.-Hurtos;2021;602
Burgos;5.1.-Hurtos;2020;504
Burgos;5.1.-Hurtos;2019;688
Burgos;5.1.-Hurtos;2018;597
Burgos;5.2.-Robos con fuerza en las cosas;2024;295
Burgos;5.2.-Robos con fuerza en las cosas;2023;238
Burgos;5.2.-Robos con fuerza en las cosas;2022;184
Burgos;5.2.-Robos con fuerza en las cosas;2021;191
Burgos;5.2.-Robos con fuerza en las cosas;2020;293
Burgos;5.2.-Robos con fuerza en las cosas;2019;330
Burgos;5.2.-Robos con fuerza en las cosas;2018;273
Burgos;5.2.1.-Robos con fuerza en las cosas en el interior de vehículos;2024;72
Burgos;5.2.1.-Robos con fuerza en las cosas en el interior de vehículos;2023;41
Burgos;5.2.1.-Robos con fuerza en las cosas en el interior de vehículos;2022;25
Burgos;5.2.1.-Robos con fuerza en las cosas en el interior de vehículos;2021;28
Burgos;5.2.1.-Robos con fuerza en las cosas en el interior de vehículos;2020;75
Burgos;5.2.1.-Robos con fuerza en las cosas en el interior de vehículos;2019;26
Burgos;5.2.1.-Robos con fuerza en las cosas en el interior de vehículos;2018;31
Burgos;5.2.2.-Robos con fuerza en viviendas;2024;92
Burgos;5.2.2.-Robos con fuerza en viviendas;2023;91
Burgos;5.2.2.-Robos con fuerza en viviendas;2022;53
Burgos;5.2.2.-Robos con fuerza en viviendas;2021;57
Burgos;5.2.2.-Robos con fuerza en viviendas;2020;105
Burgos;5.2.2.-Robos con fuerza en viviendas;2019;103
Burgos;5.2.2.-Robos con fuerza en viviendas;2018;102
Burgos;5.2.3.-Robos con fuerza en establecimientos;2024;74
Burgos;5.2.3.-Robos con fuerza en establecimientos;2023;64
Burgos;5.2.3.-Robos con fuerza en establecimientos;2022;52
Burgos;5.2.3.-Robos con fuerza en establecimientos;2021;57
Burgos;5.2.3.-Robos con fuerza en establecimientos;2020;61
Burgos;5.2.3.-Robos con fuerza en establecimientos;2019;84
Burgos;5.2.3.-Robos con fuerza en establecimientos;2018;26
Burgos;5.3.-Robos con violencia o intimidación;2024;93
Burgos;5.3.-Robos con violencia o intimidación;2023;107
Burgos;5.3.-Robos con violencia o intimidación;2022;92
Burgos;5.3.-Robos con violencia o intimidación;2021;75
Burgos;5.3.-Robos con violencia o intimidación;2020;71
Burgos;5.3.-Robos con violencia o intimidación;2019;87
Burgos;5.3.-Robos con violencia o intimidación;2018;79
Burgos;5.3.1.-Robos con violencia en vía pública;2024;42
Burgos;5.3.1.-Robos con violencia en vía pública;2023;60
Burgos;5.3.1.-Robos con violencia en vía pública;2022;43
Burgos;5.3.1.-Robos con violencia en vía pública;2021;37
Burgos;5.3.1.-Robos con violencia en vía pública;2020;43
Burgos;5.3.1.-Robos con violencia en vía pública;2019;48
Burgos;5.3.1.-Robos con violencia en vía pública;2018;42
Burgos;5.3.2.-Robos con violencia en viviendas;2024;14
Burgos;5.3.2.-Robos con violencia en viviendas;2023;4
Burgos;5.3.2.-Robos con violencia en viviendas;2022;9
Burgos;5.3.2.-Robos con violencia en viviendas;2021;5
Burgos;5.3.2.-Robos con violencia en viviendas;2020;4
Burgos;5.3.2.-Robos con violencia en viviendas;2019;7
Burgos;5.3.2.-Robos con violencia en viviendas;2018;13
Burgos;5.3.3.-Robos con violencia en establecimientos;2024;28
Burgos;5.3.3.-Robos con violencia en establecimientos;2023;30
Burgos;5.3.3.-Robos con violencia en establecimientos;2022;28
Burgos;5.3.3.-Robos con violencia en establecimientos;2021;19
Burgos;5.3.3.-Robos con violencia en establecimientos;2020;19
Burgos;5.3.3.-Robos con violencia en establecimientos;2019;26
Burgos;5.3.3.-Robos con violencia en establecimientos;2018;21
Burgos;5.4.-Sustracción de vehículos;2024;31
Burgos;5.4.-Sustracción de vehículos;2023;34
Burgos;5.4.-Sustracción de vehículos;2022;40
Burgos;5.4.-Sustracción de vehículos;2021;36
Burgos;5.4.-Sustracción de vehículos;2020;30
Burgos;5.4.-Sustracción de vehículos;2019;42
Burgos;5.4.-Sustracción de vehículos;2018;37
Burgos;5.5.-Estafas;2024;572
Burgos;5.5.-Estafas;2023;532
Burgos;5.5.-Estafas;2022;536
Burgos;5.5.-Estafas;2021;425
Burgos;5.5.-Estafas;2020;362
Burgos;5.5.-Estafas;2019;412
Burgos;5.5.-Estafas;2018;416
Burgos;5.5.1.-Estafas informáticas;2024;338
Burgos;5.5.1.-Estafas informáticas;2023;344
Burgos;5.5.1.-Estafas informáticas;2022;306
Burgos;5.5.1.-Estafas informáticas;2021;257
Burgos;5.5.1.-Estafas informáticas;2020;210
Burgos;5.5.1.-Estafas informáticas;2019;183
Burgos;5.5.1.-Estafas informáticas;2018;191
Burgos;5.6.-Daños;2024;310
Burgos;5.6.-Daños;2023;280
Burgos;5.6.-Daños;2022;274
Burgos;5.6.-Daños;2021;328
Burgos;5.6.-Daños;2020;247
Burgos;5.6.-Daños;2019;258
Burgos;5.6.-Daños;2018;265
Burgos;5.7.-Contra la propiedad intelectual/industrial;2024;2
Burgos;5.7.-Contra la propiedad intelectual/industrial;2023;6
Burgos;5.7.-Contra la propiedad intelectual/industrial;2022;3
Burgos;5.7.-Contra la propiedad intelectual/industrial;2021;2
Burgos;5.7.-Contra la propiedad intelectual/industrial;2020;3
Burgos;5.7.-Contra la propiedad intelectual/industrial;2019;4
Burgos;5.7.-Contra la propiedad intelectual/industrial;2018;11
Burgos;5.8.-Blanqueo de capitales;2024;3
Burgos;5.8.-Blanqueo de capitales;2023;3
Burgos;5.8.-Blanqueo de capitales;2022;1
Burgos;5.8.-Blanqueo de capitales;2021;0
Burgos;5.8.-Blanqueo de capitales;2020;1
Burgos;5.8.-Blanqueo de capitales;2019;2
Burgos;5.8.-Blanqueo de capitales;2018;3
Burgos;5.9.-Otros contra el patrimonio;2024;130
Burgos;5.9.-Otros contra el patrimonio;2023;141
Burgos;5.9.-Otros contra el patrimonio;2022;148
Burgos;5.9.-Otros contra el patrimonio;2021;125
Burgos;5.9.-Otros contra el patrimonio;2020;121
Burgos;5.9.-Otros contra el patrimonio;2019;159
Burgos;5.9.-Otros contra el patrimonio;2018;122
Burgos;6. SEGURIDAD COLECTIVA;2024;386
Burgos;6. SEGURIDAD COLECTIVA;2023;421
Burgos;6. SEGURIDAD COLECTIVA;2022;420
Burgos;6. SEGURIDAD COLECTIVA;2021;392
Burgos;6. SEGURIDAD COLECTIVA;2020;304
Burgos;6. SEGURIDAD COLECTIVA;2019;365
Burgos;6. SEGURIDAD COLECTIVA;2018;320
Burgos;6.1.-Tráfico de drogas;2024;88
Burgos;6.1.-Tráfico de drogas;2023;82
Burgos;6.1.-Tráfico de drogas;2022;87
Burgos;6.1.-Tráfico de drogas;2021;68
Burgos;6.1.-Tráfico de drogas;2020;73
Burgos;6.1.-Tráfico de drogas;2019;69
Burgos;6.1.-Tráfico de drogas;2018;63
Burgos;6.2.-Contra la seguridad vial;2024;285
Burgos;6.2.-Contra la seguridad vial;2023;333
Burgos;6.2.-Contra la seguridad vial;2022;326
Burgos;6.2.-Contra la seguridad vial;2021;320
Burgos;6.2.-Contra la seguridad vial;2020;226
Burgos;6.2.-Contra la seguridad vial;2019;292
Burgos;6.2.-Contra la seguridad vial;2018;249
Burgos;6.3.-Otros contra la seguridad colectiva;2024;13
Burgos;6.3.-Otros contra la seguridad colectiva;2023;6
Burgos;6.3.-Otros contra la seguridad colectiva;2022;7
Burgos;6.3.-Otros contra la seguridad colectiva;2021;4
Burgos;6.3.-Otros contra la seguridad colectiva;2020;5
Burgos;6.3.-Otros contra la seguridad colectiva;2019;4
Burgos;6.3.-Otros contra la seguridad colectiva;2018;8
Burgos;7. FALSEDADES;2024;90
Burgos;7. FALSEDADES;2023;81
Burgos;7. FALSEDADES;2022;160
Burgos;7. FALSEDADES;2021;83
Burgos;7. FALSEDADES;2020;118
Burgos;7. FALSEDADES;2019;71
Burgos;7. FALSEDADES;2018;77
Burgos;8. ADMÓN. PÚBLICA;2024;0
Burgos;8. ADMÓN. PÚBLICA;2023;1
Burgos;8. ADMÓN. PÚBLICA;2022;2
Burgos;8. ADMÓN. PÚBLICA;2021;0
Burgos;8. ADMÓN. PÚBLICA;2020;0
Burgos;8. ADMÓN. PÚBLICA;2019;0
Burgos;8. ADMÓN. PÚBLICA;2018;3
Burgos;9. ADMÓN. JUSTICIA;2024;253
Burgos;9. ADMÓN. JUSTICIA;2023;255
Burgos;9. ADMÓN. JUSTICIA;2022;254
Burgos;9. ADMÓN. JUSTICIA;2021;211
Burgos;9. ADMÓN. JUSTICIA;2020;204
Burgos;9. ADMÓN. JUSTICIA;2019;227
Burgos;9. ADMÓN. JUSTICIA;2018;170
Burgos;10. ORDEN PÚBLICO;2024;222
Burgos;10. ORDEN PÚBLICO;2023;201
Burgos;10. ORDEN PÚBLICO;2022;169
Burgos;10. ORDEN PÚBLICO;2021;188
Burgos;10. ORDEN PÚBLICO;2020;202
Burgos;10. ORDEN PÚBLICO;2019;162
Burgos;10. ORDEN PÚBLICO;2018;127
Burgos;11. LEGISLACIÓN ESPECIAL;2024;1
Burgos;11. LEGISLACIÓN ESPECIAL;2023;2
Burgos;11. LEGISLACIÓN ESPECIAL;2022;0
Burgos;11. LEGISLACIÓN ESPECIAL;2021;0
Burgos;11. LEGISLACIÓN ESPECIAL;2020;1
Burgos;11. LEGISLACIÓN ESPECIAL;2019;0
Burgos;11. LEGISLACIÓN ESPECIAL;2018;0
Burgos;12. OTRAS INFRACCIONES PENALES;2024;42
Burgos;12. OTRAS INFRACCIONES PENALES;2023;47
Burgos;12. OTRAS INFRACCIONES PENALES;2022;100
Burgos;12. OTRAS INFRACCIONES PENALES;2021;49
Burgos;12. OTRAS INFRACCIONES PENALES;2020;44
Burgos;12. OTRAS INFRACCIONES PENALES;2019;54
Burgos;12. OTRAS INFRACCIONES PENALES;2018;66
Burgos;TOTAL INFRACCIONES PENALES;2024;5.628
Burgos;TOTAL INFRACCIONES PENALES;2023;5.343
Burgos;TOTAL INFRACCIONES PENALES;2022;5.137
Burgos;TOTAL INFRACCIONES PENALES;2021;4.726
Burgos;TOTAL INFRACCIONES PENALES;2020;4.169
Burgos;TOTAL INFRACCIONES PENALES;2019;4.771
Burgos;TOTAL INFRACCIONES PENALES;2018;4.363
Cáceres;1. CONTRA LAS PERSONAS;2024;1.229
Cáceres;1. CONTRA LAS PERSONAS;2023;1.208
Cáceres;1. CONTRA LAS PERSONAS;2022;1.060
Cáceres;1. CONTRA LAS PERSONAS;2021;921
Cáceres;1. CONTRA LAS PERSONAS;2020;807
Cáceres;1. CONTRA LAS PERSONAS;2019;1.011
Cáceres;1. CONTRA LAS PERSONAS;2018;935
Cáceres;1.1.-Homicidios dolosos/asesinatos;2024;7
Cáceres;1.1.-Homicidios dolosos/asesinatos;2023;5
Cáceres;1.1.-Homicidios dolosos/asesinatos;2022;3
Cáceres;1.1.-Homicidios dolosos/asesinatos;2021;3
Cáceres;1.1.-Homicidios dolosos/asesinatos;2020;7
Cáceres;1.1.-Homicidios dolosos/asesinatos;2019;4
Cáceres;1.1.-Homicidios dolosos/asesinatos;2018;4
Cáceres;1.1.1.-Homicidios dolosos/asesinatos consumados;2024;3
Cáceres;1.1.1.-Homicidios dolosos/asesinatos consumados;2023;2
Cáceres;1.1.1.-Homicidios dolosos/asesinatos consumados;2022;2
Cáceres;1.1.1.-Homicidios dolosos/asesinatos consumados;2021;1
Cáceres;1.1.1.-Homicidios dolosos/asesinatos consumados;2020;5
Cáceres;1.1.1.-Homicidios dolosos/asesinatos consumados;2019;3
Cáceres;1.1.1.-Homicidios dolosos/asesinatos consumados;2018;1
Cáceres;1.2.-Lesiones;2024;680
Cáceres;1.2.-Lesiones;2023;671
Cáceres;1.2.-Lesiones;2022;574
Cáceres;1.2.-Lesiones;2021;532
Cáceres;1.2.-Lesiones;2020;445
Cáceres;1.2.-Lesiones;2019;570
Cáceres;1.2.-Lesiones;2018;516
Cáceres;1.3.-Malos tratos ámbito familiar;2024;523
Cáceres;1.3.-Malos tratos ámbito familiar;2023;513
Cáceres;1.3.-Malos tratos ámbito familiar;2022;465
Cáceres;1.3.-Malos tratos ámbito familiar;2021;370
Cáceres;1.3.-Malos tratos ámbito familiar;2020;338
Cáceres;1.3.-Malos tratos ámbito familiar;2019;420
Cáceres;1.3.-Malos tratos ámbito familiar;2018;391
Cáceres;1.4.-Otros contra las personas;2024;19
Cáceres;1.4.-Otros contra las personas;2023;19
Cáceres;1.4.-Otros contra las personas;2022;18
Cáceres;1.4.-Otros contra las personas;2021;16
Cáceres;1.4.-Otros contra las personas;2020;17
Cáceres;1.4.-Otros contra las personas;2019;17
Cáceres;1.4.-Otros contra las personas;2018;24
Cáceres;2. CONTRA LA LIBERTAD;2024;860
Cáceres;2. CONTRA LA LIBERTAD;2023;918
Cáceres;2. CONTRA LA LIBERTAD;2022;814
Cáceres;2. CONTRA LA LIBERTAD;2021;753
Cáceres;2. CONTRA LA LIBERTAD;2020;692
Cáceres;2. CONTRA LA LIBERTAD;2019;719
Cáceres;2. CONTRA LA LIBERTAD;2018;607
Cáceres;2.1.-Malos tratos habituales en el ámbito familiar;2024;146
Cáceres;2.1.-Malos tratos habituales en el ámbito familiar;2023;139
Cáceres;2.1.-Malos tratos habituales en el ámbito familiar;2022;119
Cáceres;2.1.-Malos tratos habituales en el ámbito familiar;2021;134
Cáceres;2.1.-Malos tratos habituales en el ámbito familiar;2020;97
Cáceres;2.1.-Malos tratos habituales en el ámbito familiar;2019;122
Cáceres;2.1.-Malos tratos habituales en el ámbito familiar;2018;99
Cáceres;2.2.-Otros contra la libertad;2024;714
Cáceres;2.2.-Otros contra la libertad;2023;779
Cáceres;2.2.-Otros contra la libertad;2022;695
Cáceres;2.2.-Otros contra la libertad;2021;619
Cáceres;2.2.-Otros contra la libertad;2020;595
Cáceres;2.2.-Otros contra la libertad;2019;597
Cáceres;2.2.-Otros contra la libertad;2018;508
Cáceres;3. LIBERTAD SEXUAL;2024;99
Cáceres;3. LIBERTAD SEXUAL;2023;93
Cáceres;3. LIBERTAD SEXUAL;2022;91
Cáceres;3. LIBERTAD SEXUAL;2021;75
Cáceres;3. LIBERTAD SEXUAL;2020;52
Cáceres;3. LIBERTAD SEXUAL;2019;57
Cáceres;3. LIBERTAD SEXUAL;2018;60
Cáceres;3.1.-Agresión sexual;2024;73
Cáceres;3.1.-Agresión sexual;2023;61
Cáceres;3.1.-Agresión sexual;2022;55
Cáceres;3.1.-Agresión sexual;2021;52
Cáceres;3.1.-Agresión sexual;2020;36
Cáceres;3.1.-Agresión sexual;2019;37
Cáceres;3.1.-Agresión sexual;2018;37
Cáceres;3.2.-Agresión sexual con penetración;2024;10
Cáceres;3.2.-Agresión sexual con penetración;2023;17
Cáceres;3.2.-Agresión sexual con penetración;2022;19
Cáceres;3.2.-Agresión sexual con penetración;2021;9
Cáceres;3.2.-Agresión sexual con penetración;2020;9
Cáceres;3.2.-Agresión sexual con penetración;2019;7
Cáceres;3.2.-Agresión sexual con penetración;2018;13
Cáceres;3.3.-Corrupción de menores o incapacitados;2024;2
Cáceres;3.3.-Corrupción de menores o incapacitados;2023;3
Cáceres;3.3.-Corrupción de menores o incapacitados;2022;2
Cáceres;3.3.-Corrupción de menores o incapacitados;2021;3
Cáceres;3.3.-Corrupción de menores o incapacitados;2020;0
Cáceres;3.3.-Corrupción de menores o incapacitados;2019;4
Cáceres;3.3.-Corrupción de menores o incapacitados;2018;1
Cáceres;3.4.-Pornografía de menores;2024;3
Cáceres;3.4.-Pornografía de menores;2023;5
Cáceres;3.4.-Pornografía de menores;2022;5
Cáceres;3.4.-Pornografía de menores;2021;2
Cáceres;3.4.-Pornografía de menores;2020;1
Cáceres;3.4.-Pornografía de menores;2019;4
Cáceres;3.4.-Pornografía de menores;2018;4
Cáceres;3.5.-Otros contra la libertad sexual;2024;11
Cáceres;3.5.-Otros contra la libertad sexual;2023;7
Cáceres;3.5.-Otros contra la libertad sexual;2022;10
Cáceres;3.5.-Otros contra la libertad sexual;2021;9
Cáceres;3.5.-Otros contra la libertad sexual;2020;6
Cáceres;3.5.-Otros contra la libertad sexual;2019;5
Cáceres;3.5.-Otros contra la libertad sexual;2018;5
Cáceres;4. RELACIONES FAMILIARES;2024;53
Cáceres;4. RELACIONES FAMILIARES;2023;46
Cáceres;4. RELACIONES FAMILIARES;2022;56
Cáceres;4. RELACIONES FAMILIARES;2021;57
Cáceres;4. RELACIONES FAMILIARES;2020;41
Cáceres;4. RELACIONES FAMILIARES;2019;59
Cáceres;4. RELACIONES FAMILIARES;2018;27
Cáceres;5. PATRIMONIO;2024;1.952
Cáceres;5. PATRIMONIO;2023;2.237
Cáceres;5. PATRIMONIO;2022;2.038
Cáceres;5. PATRIMONIO;2021;1.384
Cáceres;5. PATRIMONIO;2020;1.088
Cáceres;5. PATRIMONIO;2019;1.161
Cáceres;5. PATRIMONIO;2018;1.200
Cáceres;5.1.-Hurtos;2024;567
Cáceres;5.1.-Hurtos;2023;552
Cáceres;5.1.-Hurtos;2022;449
Cáceres;5.1.-Hurtos;2021;300
Cáceres;5.1.-Hurtos;2020;250
Cáceres;5.1.-Hurtos;2019;360
Cáceres;5.1.-Hurtos;2018;394
Cáceres;5.2.-Robos con fuerza en las cosas;2024;223
Cáceres;5.2.-Robos con fuerza en las cosas;2023;217
Cáceres;5.2.-Robos con fuerza en las cosas;2022;170
Cáceres;5.2.-Robos con fuerza en las cosas;2021;182
Cáceres;5.2.-Robos con fuerza en las cosas;2020;135
Cáceres;5.2.-Robos con fuerza en las cosas;2019;150
Cáceres;5.2.-Robos con fuerza en las cosas;2018;166
Cáceres;5.2.1.-Robos con fuerza en las cosas en el interior de vehículos;2024;27
Cáceres;5.2.1.-Robos con fuerza en las cosas en el interior de vehículos;2023;21
Cáceres;5.2.1.-Robos con fuerza en las cosas en el interior de vehículos;2022;39
Cáceres;5.2.1.-Robos con fuerza en las cosas en el interior de vehículos;2021;42
Cáceres;5.2.1.-Robos con fuerza en las cosas en el interior de vehículos;2020;12
Cáceres;5.2.1.-Robos con fuerza en las cosas en el interior de vehículos;2019;15
Cáceres;5.2.1.-Robos con fuerza en las cosas en el interior de vehículos;2018;21
Cáceres;5.2.2.-Robos con fuerza en viviendas;2024;86
Cáceres;5.2.2.-Robos con fuerza en viviendas;2023;60
Cáceres;5.2.2.-Robos con fuerza en viviendas;2022;40
Cáceres;5.2.2.-Robos con fuerza en viviendas;2021;53
Cáceres;5.2.2.-Robos con fuerza en viviendas;2020;44
Cáceres;5.2.2.-Robos con fuerza en viviendas;2019;50
Cáceres;5.2.2.-Robos con fuerza en viviendas;2018;42
Cáceres;5.2.3.-Robos con fuerza en establecimientos;2024;36
Cáceres;5.2.3.-Robos con fuerza en establecimientos;2023;55
Cáceres;5.2.3.-Robos con fuerza en establecimientos;2022;28
Cáceres;5.2.3.-Robos con fuerza en establecimientos;2021;27
Cáceres;5.2.3.-Robos con fuerza en establecimientos;2020;32
Cáceres;5.2.3.-Robos con fuerza en establecimientos;2019;40
Cáceres;5.2.3.-Robos con fuerza en establecimientos;2018;54
Cáceres;5.3.-Robos con violencia o intimidación;2024;46
Cáceres;5.3.-Robos con violencia o intimidación;2023;53
Cáceres;5.3.-Robos con violencia o intimidación;2022;50
Cáceres;5.3.-Robos con violencia o intimidación;2021;57
Cáceres;5.3.-Robos con violencia o intimidación;2020;34
Cáceres;5.3.-Robos con violencia o intimidación;2019;40
Cáceres;5.3.-Robos con violencia o intimidación;2018;41
Cáceres;5.3.1.-Robos con violencia en vía pública;2024;22
Cáceres;5.3.1.-Robos con violencia en vía pública;2023;21
Cáceres;5.3.1.-Robos con violencia en vía pública;2022;28
Cáceres;5.3.1.-Robos con violencia en vía pública;2021;36
Cáceres;5.3.1.-Robos con violencia en vía pública;2020;16
Cáceres;5.3.1.-Robos con violencia en vía pública;2019;19
Cáceres;5.3.1.-Robos con violencia en vía pública;2018;19
Cáceres;5.3.2.-Robos con violencia en viviendas;2024;3
Cáceres;5.3.2.-Robos con violencia en viviendas;2023;12
Cáceres;5.3.2.-Robos con violencia en viviendas;2022;9
Cáceres;5.3.2.-Robos con violencia en viviendas;2021;5
Cáceres;5.3.2.-Robos con violencia en viviendas;2020;6
Cáceres;5.3.2.-Robos con violencia en viviendas;2019;6
Cáceres;5.3.2.-Robos con violencia en viviendas;2018;5
Cáceres;5.3.3.-Robos con violencia en establecimientos;2024;17
Cáceres;5.3.3.-Robos con violencia en establecimientos;2023;12
Cáceres;5.3.3.-Robos con violencia en establecimientos;2022;7
Cáceres;5.3.3.-Robos con violencia en establecimientos;2021;9
Cáceres;5.3.3.-Robos con violencia en establecimientos;2020;6
Cáceres;5.3.3.-Robos con violencia en establecimientos;2019;12
Cáceres;5.3.3.-Robos con violencia en establecimientos;2018;10
Cáceres;5.4.-Sustracción de vehículos;2024;20
Cáceres;5.4.-Sustracción de vehículos;2023;16
Cáceres;5.4.-Sustracción de vehículos;2022;21
Cáceres;5.4.-Sustracción de vehículos;2021;14
Cáceres;5.4.-Sustracción de vehículos;2020;12
Cáceres;5.4.-Sustracción de vehículos;2019;18
Cáceres;5.4.-Sustracción de vehículos;2018;16
Cáceres;5.5.-Estafas;2024;728
Cáceres;5.5.-Estafas;2023;964
Cáceres;5.5.-Estafas;2022;980
Cáceres;5.5.-Estafas;2021;457
Cáceres;5.5.-Estafas;2020;343
Cáceres;5.5.-Estafas;2019;234
Cáceres;5.5.-Estafas;2018;211
Cáceres;5.5.1.-Estafas informáticas;2024;574
Cáceres;5.5.1.-Estafas informáticas;2023;778
Cáceres;5.5.1.-Estafas informáticas;2022;786
Cáceres;5.5.1.-Estafas informáticas;2021;299
Cáceres;5.5.1.-Estafas informáticas;2020;219
Cáceres;5.5.1.-Estafas informáticas;2019;115
Cáceres;5.5.1.-Estafas informáticas;2018;83
Cáceres;5.6.-Daños;2024;213
Cáceres;5.6.-Daños;2023;251
Cáceres;5.6.-Daños;2022;200
Cáceres;5.6.-Daños;2021;208
Cáceres;5.6.-Daños;2020;188
Cáceres;5.6.-Daños;2019;212
Cáceres;5.6.-Daños;2018;192
Cáceres;5.7.-Contra la propiedad intelectual/industrial;2024;5
Cáceres;5.7.-Contra la propiedad intelectual/industrial;2023;9
Cáceres;5.7.-Contra la propiedad intelectual/industrial;2022;5
Cáceres;5.7.-Contra la propiedad intelectual/industrial;2021;3
Cáceres;5.7.-Contra la propiedad intelectual/industrial;2020;6
Cáceres;5.7.-Contra la propiedad intelectual/industrial;2019;12
Cáceres;5.7.-Contra la propiedad intelectual/industrial;2018;31
Cáceres;5.8.-Blanqueo de capitales;2024;7
Cáceres;5.8.-Blanqueo de capitales;2023;4
Cáceres;5.8.-Blanqueo de capitales;2022;3
Cáceres;5.8.-Blanqueo de capitales;2021;0
Cáceres;5.8.-Blanqueo de capitales;2020;1
Cáceres;5.8.-Blanqueo de capitales;2019;1
Cáceres;5.8.-Blanqueo de capitales;2018;1
Cáceres;5.9.-Otros contra el patrimonio;2024;143
Cáceres;5.9.-Otros contra el patrimonio;2023;171
Cáceres;5.9.-Otros contra el patrimonio;2022;160
Cáceres;5.9.-Otros contra el patrimonio;2021;163
Cáceres;5.9.-Otros contra el patrimonio;2020;119
Cáceres;5.9.-Otros contra el patrimonio;2019;134
Cáceres;5.9.-Otros contra el patrimonio;2018;148
Cáceres;6. SEGURIDAD COLECTIVA;2024;537
Cáceres;6. SEGURIDAD COLECTIVA;2023;506
Cáceres;6. SEGURIDAD COLECTIVA;2022;553
Cáceres;6. SEGURIDAD COLECTIVA;2021;522
Cáceres;6. SEGURIDAD COLECTIVA;2020;395
Cáceres;6. SEGURIDAD COLECTIVA;2019;475
Cáceres;6. SEGURIDAD COLECTIVA;2018;464
Cáceres;6.1.-Tráfico de drogas;2024;102
Cáceres;6.1.-Tráfico de drogas;2023;85
Cáceres;6.1.-Tráfico de drogas;2022;84
Cáceres;6.1.-Tráfico de drogas;2021;116
Cáceres;6.1.-Tráfico de drogas;2020;98
Cáceres;6.1.-Tráfico de drogas;2019;103
Cáceres;6.1.-Tráfico de drogas;2018;102
Cáceres;6.2.-Contra la seguridad vial;2024;393
Cáceres;6.2.-Contra la seguridad vial;2023;394
Cáceres;6.2.-Contra la seguridad vial;2022;402
Cáceres;6.2.-Contra la seguridad vial;2021;381
Cáceres;6.2.-Contra la seguridad vial;2020;284
Cáceres;6.2.-Contra la seguridad vial;2019;334
Cáceres;6.2.-Contra la seguridad vial;2018;336
Cáceres;6.3.-Otros contra la seguridad colectiva;2024;42
Cáceres;6.3.-Otros contra la seguridad colectiva;2023;27
Cáceres;6.3.-Otros contra la seguridad colectiva;2022;67
Cáceres;6.3.-Otros contra la seguridad colectiva;2021;25
Cáceres;6.3.-Otros contra la seguridad colectiva;2020;13
Cáceres;6.3.-Otros contra la seguridad colectiva;2019;38
Cáceres;6.3.-Otros contra la seguridad colectiva;2018;26
Cáceres;7. FALSEDADES;2024;365
Cáceres;7. FALSEDADES;2023;234
Cáceres;7. FALSEDADES;2022;71
Cáceres;7. FALSEDADES;2021;62
Cáceres;7. FALSEDADES;2020;57
Cáceres;7. FALSEDADES;2019;67
Cáceres;7. FALSEDADES;2018;61
Cáceres;8. ADMÓN. PÚBLICA;2024;2
Cáceres;8. ADMÓN. PÚBLICA;2023;1
Cáceres;8. ADMÓN. PÚBLICA;2022;0
Cáceres;8. ADMÓN. PÚBLICA;2021;4
Cáceres;8. ADMÓN. PÚBLICA;2020;0
Cáceres;8. ADMÓN. PÚBLICA;2019;4
Cáceres;8. ADMÓN. PÚBLICA;2018;0
Cáceres;9. ADMÓN. JUSTICIA;2024;347
Cáceres;9. ADMÓN. JUSTICIA;2023;361
Cáceres;9. ADMÓN. JUSTICIA;2022;312
Cáceres;9. ADMÓN. JUSTICIA;2021;252
Cáceres;9. ADMÓN. JUSTICIA;2020;257
Cáceres;9. ADMÓN. JUSTICIA;2019;246
Cáceres;9. ADMÓN. JUSTICIA;2018;214
Cáceres;10. ORDEN PÚBLICO;2024;148
Cáceres;10. ORDEN PÚBLICO;2023;122
Cáceres;10. ORDEN PÚBLICO;2022;88
Cáceres;10. ORDEN PÚBLICO;2021;96
Cáceres;10. ORDEN PÚBLICO;2020;144
Cáceres;10. ORDEN PÚBLICO;2019;103
Cáceres;10. ORDEN PÚBLICO;2018;67
Cáceres;11. LEGISLACIÓN ESPECIAL;2024;0
Cáceres;11. LEGISLACIÓN ESPECIAL;2023;2
Cáceres;11. LEGISLACIÓN ESPECIAL;2022;0
Cáceres;11. LEGISLACIÓN ESPECIAL;2021;1
Cáceres;11. LEGISLACIÓN ESPECIAL;2020;0
Cáceres;11. LEGISLACIÓN ESPECIAL;2019;1
Cáceres;11. LEGISLACIÓN ESPECIAL;2018;11
Cáceres;12. OTRAS INFRACCIONES PENALES;2024;115
Cáceres;12. OTRAS INFRACCIONES PENALES;2023;88
Cáceres;12. OTRAS INFRACCIONES PENALES;2022;97
Cáceres;12. OTRAS INFRACCIONES PENALES;2021;77
Cáceres;12. OTRAS INFRACCIONES PENALES;2020;101
Cáceres;12. OTRAS INFRACCIONES PENALES;2019;91
Cáceres;12. OTRAS INFRACCIONES PENALES;2018;93
Cáceres;TOTAL INFRACCIONES PENALES;2024;5.707
Cáceres;TOTAL INFRACCIONES PENALES;2023;5.816
Cáceres;TOTAL INFRACCIONES PENALES;2022;5.180
Cáceres;TOTAL INFRACCIONES PENALES;2021;4.204
Cáceres;TOTAL INFRACCIONES PENALES;2020;3.634
Cáceres;TOTAL INFRACCIONES PENALES;2019;3.994
Cáceres;TOTAL INFRACCIONES PENALES;2018;3.739
Cádiz;1. CONTRA LAS PERSONAS;2024;6.646
Cádiz;1. CONTRA LAS PERSONAS;2023;6.614
Cádiz;1. CONTRA LAS PERSONAS;2022;6.049
Cádiz;1. CONTRA LAS PERSONAS;2021;5.362
Cádiz;1. CONTRA LAS PERSONAS;2020;4.914
Cádiz;1. CONTRA LAS PERSONAS;2019;5.547
Cádiz;1. CONTRA LAS PERSONAS;2018;5.426
Cádiz;1.1.-Homicidios dolosos/asesinatos;2024;37
Cádiz;1.1.-Homicidios dolosos/asesinatos;2023;61
Cádiz;1.1.-Homicidios dolosos/asesinatos;2022;40
Cádiz;1.1.-Homicidios dolosos/asesinatos;2021;40
Cádiz;1.1.-Homicidios dolosos/asesinatos;2020;54
Cádiz;1.1.-Homicidios dolosos/asesinatos;2019;38
Cádiz;1.1.-Homicidios dolosos/asesinatos;2018;46
Cádiz;1.1.1.-Homicidios dolosos/asesinatos consumados;2024;12
Cádiz;1.1.1.-Homicidios dolosos/asesinatos consumados;2023;13
Cádiz;1.1.1.-Homicidios dolosos/asesinatos consumados;2022;9
Cádiz;1.1.1.-Homicidios dolosos/asesinatos consumados;2021;6
Cádiz;1.1.1.-Homicidios dolosos/asesinatos consumados;2020;10
Cádiz;1.1.1.-Homicidios dolosos/asesinatos consumados;2019;10
Cádiz;1.1.1.-Homicidios dolosos/asesinatos consumados;2018;5
Cádiz;1.2.-Lesiones;2024;2.988
Cádiz;1.2.-Lesiones;2023;2.941
Cádiz;1.2.-Lesiones;2022;2.779
Cádiz;1.2.-Lesiones;2021;2.462
Cádiz;1.2.-Lesiones;2020;2.266
Cádiz;1.2.-Lesiones;2019;2.831
Cádiz;1.2.-Lesiones;2018;2.841
Cádiz;1.3.-Malos tratos ámbito familiar;2024;3.276
Cádiz;1.3.-Malos tratos ámbito familiar;2023;3.309
Cádiz;1.3.-Malos tratos ámbito familiar;2022;3.032
Cádiz;1.3.-Malos tratos ámbito familiar;2021;2.758
Cádiz;1.3.-Malos tratos ámbito familiar;2020;2.492
Cádiz;1.3.-Malos tratos ámbito familiar;2019;2.539
Cádiz;1.3.-Malos tratos ámbito familiar;2018;2.408
Cádiz;1.4.-Otros contra las personas;2024;345
Cádiz;1.4.-Otros contra las personas;2023;303
Cádiz;1.4.-Otros contra las personas;2022;198
Cádiz;1.4.-Otros contra las personas;2021;102
Cádiz;1.4.-Otros contra las personas;2020;102
Cádiz;1.4.-Otros contra las personas;2019;139
Cádiz;1.4.-Otros contra las personas;2018;131
Cádiz;2. CONTRA LA LIBERTAD;2024;3.891
Cádiz;2. CONTRA LA LIBERTAD;2023;3.839
Cádiz;2. CONTRA LA LIBERTAD;2022;3.382
Cádiz;2. CONTRA LA LIBERTAD;2021;3.326
Cádiz;2. CONTRA LA LIBERTAD;2020;3.312
Cádiz;2. CONTRA LA LIBERTAD;2019;3.508
Cádiz;2. CONTRA LA LIBERTAD;2018;3.407
Cádiz;2.1.-Malos tratos habituales en el ámbito familiar;2024;308
Cádiz;2.1.-Malos tratos habituales en el ámbito familiar;2023;289
Cádiz;2.1.-Malos tratos habituales en el ámbito familiar;2022;278
Cádiz;2.1.-Malos tratos habituales en el ámbito familiar;2021;272
Cádiz;2.1.-Malos tratos habituales en el ámbito familiar;2020;305
Cádiz;2.1.-Malos tratos habituales en el ámbito familiar;2019;287
Cádiz;2.1.-Malos tratos habituales en el ámbito familiar;2018;252
Cádiz;2.2.-Otros contra la libertad;2024;3.583
Cádiz;2.2.-Otros contra la libertad;2023;3.550
Cádiz;2.2.-Otros contra la libertad;2022;3.104
Cádiz;2.2.-Otros contra la libertad;2021;3.054
Cádiz;2.2.-Otros contra la libertad;2020;3.007
Cádiz;2.2.-Otros contra la libertad;2019;3.221
Cádiz;2.2.-Otros contra la libertad;2018;3.155
Cádiz;3. LIBERTAD SEXUAL;2024;391
Cádiz;3. LIBERTAD SEXUAL;2023;391
Cádiz;3. LIBERTAD SEXUAL;2022;368
Cádiz;3. LIBERTAD SEXUAL;2021;334
Cádiz;3. LIBERTAD SEXUAL;2020;243
Cádiz;3. LIBERTAD SEXUAL;2019;290
Cádiz;3. LIBERTAD SEXUAL;2018;283
Cádiz;3.1.-Agresión sexual;2024;243
Cádiz;3.1.-Agresión sexual;2023;234
Cádiz;3.1.-Agresión sexual;2022;231
Cádiz;3.1.-Agresión sexual;2021;209
Cádiz;3.1.-Agresión sexual;2020;136
Cádiz;3.1.-Agresión sexual;2019;173
Cádiz;3.1.-Agresión sexual;2018;188
Cádiz;3.2.-Agresión sexual con penetración;2024;83
Cádiz;3.2.-Agresión sexual con penetración;2023;62
Cádiz;3.2.-Agresión sexual con penetración;2022;62
Cádiz;3.2.-Agresión sexual con penetración;2021;50
Cádiz;3.2.-Agresión sexual con penetración;2020;42
Cádiz;3.2.-Agresión sexual con penetración;2019;47
Cádiz;3.2.-Agresión sexual con penetración;2018;37
Cádiz;3.3.-Corrupción de menores o incapacitados;2024;6
Cádiz;3.3.-Corrupción de menores o incapacitados;2023;9
Cádiz;3.3.-Corrupción de menores o incapacitados;2022;7
Cádiz;3.3.-Corrupción de menores o incapacitados;2021;11
Cádiz;3.3.-Corrupción de menores o incapacitados;2020;10
Cádiz;3.3.-Corrupción de menores o incapacitados;2019;6
Cádiz;3.3.-Corrupción de menores o incapacitados;2018;10
Cádiz;3.4.-Pornografía de menores;2024;17
Cádiz;3.4.-Pornografía de menores;2023;28
Cádiz;3.4.-Pornografía de menores;2022;17
Cádiz;3.4.-Pornografía de menores;2021;19
Cádiz;3.4.-Pornografía de menores;2020;15
Cádiz;3.4.-Pornografía de menores;2019;16
Cádiz;3.4.-Pornografía de menores;2018;15
Cádiz;3.5.-Otros contra la libertad sexual;2024;42
Cádiz;3.5.-Otros contra la libertad sexual;2023;58
Cádiz;3.5.-Otros contra la libertad sexual;2022;51
Cádiz;3.5.-Otros contra la libertad sexual;2021;45
Cádiz;3.5.-Otros contra la libertad sexual;2020;40
Cádiz;3.5.-Otros contra la libertad sexual;2019;48
Cádiz;3.5.-Otros contra la libertad sexual;2018;33
Cádiz;4. RELACIONES FAMILIARES;2024;149
Cádiz;4. RELACIONES FAMILIARES;2023;138
Cádiz;4. RELACIONES FAMILIARES;2022;160
Cádiz;4. RELACIONES FAMILIARES;2021;165
Cádiz;4. RELACIONES FAMILIARES;2020;171
Cádiz;4. RELACIONES FAMILIARES;2019;183
Cádiz;4. RELACIONES FAMILIARES;2018;158
Cádiz;5. PATRIMONIO;2024;9.120
Cádiz;5. PATRIMONIO;2023;9.466
Cádiz;5. PATRIMONIO;2022;8.271
Cádiz;5. PATRIMONIO;2021;7.363
Cádiz;5. PATRIMONIO;2020;6.241
Cádiz;5. PATRIMONIO;2019;7.801
Cádiz;5. PATRIMONIO;2018;8.029
Cádiz;5.1.-Hurtos;2024;3.182
Cádiz;5.1.-Hurtos;2023;3.315
Cádiz;5.1.-Hurtos;2022;2.765
Cádiz;5.1.-Hurtos;2021;2.353
Cádiz;5.1.-Hurtos;2020;1.848
Cádiz;5.1.-Hurtos;2019;2.689
Cádiz;5.1.-Hurtos;2018;2.656
Cádiz;5.2.-Robos con fuerza en las cosas;2024;1.098
Cádiz;5.2.-Robos con fuerza en las cosas;2023;1.386
Cádiz;5.2.-Robos con fuerza en las cosas;2022;1.260
Cádiz;5.2.-Robos con fuerza en las cosas;2021;995
Cádiz;5.2.-Robos con fuerza en las cosas;2020;892
Cádiz;5.2.-Robos con fuerza en las cosas;2019;1.089
Cádiz;5.2.-Robos con fuerza en las cosas;2018;1.395
Cádiz;5.2.1.-Robos con fuerza en las cosas en el interior de vehículos;2024;266
Cádiz;5.2.1.-Robos con fuerza en las cosas en el interior de vehículos;2023;427
Cádiz;5.2.1.-Robos con fuerza en las cosas en el interior de vehículos;2022;354
Cádiz;5.2.1.-Robos con fuerza en las cosas en el interior de vehículos;2021;244
Cádiz;5.2.1.-Robos con fuerza en las cosas en el interior de vehículos;2020;236
Cádiz;5.2.1.-Robos con fuerza en las cosas en el interior de vehículos;2019;362
Cádiz;5.2.1.-Robos con fuerza en las cosas en el interior de vehículos;2018;409
Cádiz;5.2.2.-Robos con fuerza en viviendas;2024;344
Cádiz;5.2.2.-Robos con fuerza en viviendas;2023;407
Cádiz;5.2.2.-Robos con fuerza en viviendas;2022;398
Cádiz;5.2.2.-Robos con fuerza en viviendas;2021;318
Cádiz;5.2.2.-Robos con fuerza en viviendas;2020;275
Cádiz;5.2.2.-Robos con fuerza en viviendas;2019;327
Cádiz;5.2.2.-Robos con fuerza en viviendas;2018;418
Cádiz;5.2.3.-Robos con fuerza en establecimientos;2024;287
Cádiz;5.2.3.-Robos con fuerza en establecimientos;2023;327
Cádiz;5.2.3.-Robos con fuerza en establecimientos;2022;275
Cádiz;5.2.3.-Robos con fuerza en establecimientos;2021;239
Cádiz;5.2.3.-Robos con fuerza en establecimientos;2020;205
Cádiz;5.2.3.-Robos con fuerza en establecimientos;2019;225
Cádiz;5.2.3.-Robos con fuerza en establecimientos;2018;348
Cádiz;5.3.-Robos con violencia o intimidación;2024;428
Cádiz;5.3.-Robos con violencia o intimidación;2023;449
Cádiz;5.3.-Robos con violencia o intimidación;2022;408
Cádiz;5.3.-Robos con violencia o intimidación;2021;382
Cádiz;5.3.-Robos con violencia o intimidación;2020;332
Cádiz;5.3.-Robos con violencia o intimidación;2019;410
Cádiz;5.3.-Robos con violencia o intimidación;2018;393
Cádiz;5.3.1.-Robos con violencia en vía pública;2024;222
Cádiz;5.3.1.-Robos con violencia en vía pública;2023;259
Cádiz;5.3.1.-Robos con violencia en vía pública;2022;223
Cádiz;5.3.1.-Robos con violencia en vía pública;2021;225
Cádiz;5.3.1.-Robos con violencia en vía pública;2020;166
Cádiz;5.3.1.-Robos con violencia en vía pública;2019;225
Cádiz;5.3.1.-Robos con violencia en vía pública;2018;201
Cádiz;5.3.2.-Robos con violencia en viviendas;2024;70
Cádiz;5.3.2.-Robos con violencia en viviendas;2023;51
Cádiz;5.3.2.-Robos con violencia en viviendas;2022;48
Cádiz;5.3.2.-Robos con violencia en viviendas;2021;51
Cádiz;5.3.2.-Robos con violencia en viviendas;2020;40
Cádiz;5.3.2.-Robos con violencia en viviendas;2019;54
Cádiz;5.3.2.-Robos con violencia en viviendas;2018;61
Cádiz;5.3.3.-Robos con violencia en establecimientos;2024;97
Cádiz;5.3.3.-Robos con violencia en establecimientos;2023;110
Cádiz;5.3.3.-Robos con violencia en establecimientos;2022;111
Cádiz;5.3.3.-Robos con violencia en establecimientos;2021;86
Cádiz;5.3.3.-Robos con violencia en establecimientos;2020;102
Cádiz;5.3.3.-Robos con violencia en establecimientos;2019;107
Cádiz;5.3.3.-Robos con violencia en establecimientos;2018;97
Cádiz;5.4.-Sustracción de vehículos;2024;319
Cádiz;5.4.-Sustracción de vehículos;2023;265
Cádiz;5.4.-Sustracción de vehículos;2022;235
Cádiz;5.4.-Sustracción de vehículos;2021;207
Cádiz;5.4.-Sustracción de vehículos;2020;228
Cádiz;5.4.-Sustracción de vehículos;2019;279
Cádiz;5.4.-Sustracción de vehículos;2018;394
Cádiz;5.5.-Estafas;2024;2.077
Cádiz;5.5.-Estafas;2023;2.121
Cádiz;5.5.-Estafas;2022;1.786
Cádiz;5.5.-Estafas;2021;1.625
Cádiz;5.5.-Estafas;2020;1.252
Cádiz;5.5.-Estafas;2019;1.297
Cádiz;5.5.-Estafas;2018;1.328
Cádiz;5.5.1.-Estafas informáticas;2024;1.515
Cádiz;5.5.1.-Estafas informáticas;2023;1.567
Cádiz;5.5.1.-Estafas informáticas;2022;1.162
Cádiz;5.5.1.-Estafas informáticas;2021;1.056
Cádiz;5.5.1.-Estafas informáticas;2020;734
Cádiz;5.5.1.-Estafas informáticas;2019;546
Cádiz;5.5.1.-Estafas informáticas;2018;523
Cádiz;5.6.-Daños;2024;1.037
Cádiz;5.6.-Daños;2023;1.031
Cádiz;5.6.-Daños;2022;928
Cádiz;5.6.-Daños;2021;865
Cádiz;5.6.-Daños;2020;841
Cádiz;5.6.-Daños;2019;917
Cádiz;5.6.-Daños;2018;853
Cádiz;5.7.-Contra la propiedad intelectual/industrial;2024;54
Cádiz;5.7.-Contra la propiedad intelectual/industrial;2023;45
Cádiz;5.7.-Contra la propiedad intelectual/industrial;2022;24
Cádiz;5.7.-Contra la propiedad intelectual/industrial;2021;31
Cádiz;5.7.-Contra la propiedad intelectual/industrial;2020;37
Cádiz;5.7.-Contra la propiedad intelectual/industrial;2019;84
Cádiz;5.7.-Contra la propiedad intelectual/industrial;2018;92
Cádiz;5.8.-Blanqueo de capitales;2024;39
Cádiz;5.8.-Blanqueo de capitales;2023;14
Cádiz;5.8.-Blanqueo de capitales;2022;24
Cádiz;5.8.-Blanqueo de capitales;2021;27
Cádiz;5.8.-Blanqueo de capitales;2020;16
Cádiz;5.8.-Blanqueo de capitales;2019;34
Cádiz;5.8.-Blanqueo de capitales;2018;23
Cádiz;5.9.-Otros contra el patrimonio;2024;886
Cádiz;5.9.-Otros contra el patrimonio;2023;840
Cádiz;5.9.-Otros contra el patrimonio;2022;841
Cádiz;5.9.-Otros contra el patrimonio;2021;878
Cádiz;5.9.-Otros contra el patrimonio;2020;795
Cádiz;5.9.-Otros contra el patrimonio;2019;1.002
Cádiz;5.9.-Otros contra el patrimonio;2018;895
Cádiz;6. SEGURIDAD COLECTIVA;2024;2.133
Cádiz;6. SEGURIDAD COLECTIVA;2023;2.103
Cádiz;6. SEGURIDAD COLECTIVA;2022;2.280
Cádiz;6. SEGURIDAD COLECTIVA;2021;2.197
Cádiz;6. SEGURIDAD COLECTIVA;2020;2.095
Cádiz;6. SEGURIDAD COLECTIVA;2019;2.361
Cádiz;6. SEGURIDAD COLECTIVA;2018;2.053
Cádiz;6.1.-Tráfico de drogas;2024;695
Cádiz;6.1.-Tráfico de drogas;2023;728
Cádiz;6.1.-Tráfico de drogas;2022;803
Cádiz;6.1.-Tráfico de drogas;2021;892
Cádiz;6.1.-Tráfico de drogas;2020;969
Cádiz;6.1.-Tráfico de drogas;2019;1.014
Cádiz;6.1.-Tráfico de drogas;2018;713
Cádiz;6.2.-Contra la seguridad vial;2024;1.342
Cádiz;6.2.-Contra la seguridad vial;2023;1.322
Cádiz;6.2.-Contra la seguridad vial;2022;1.416
Cádiz;6.2.-Contra la seguridad vial;2021;1.234
Cádiz;6.2.-Contra la seguridad vial;2020;1.070
Cádiz;6.2.-Contra la seguridad vial;2019;1.305
Cádiz;6.2.-Contra la seguridad vial;2018;1.239
Cádiz;6.3.-Otros contra la seguridad colectiva;2024;96
Cádiz;6.3.-Otros contra la seguridad colectiva;2023;53
Cádiz;6.3.-Otros contra la seguridad colectiva;2022;61
Cádiz;6.3.-Otros contra la seguridad colectiva;2021;71
Cádiz;6.3.-Otros contra la seguridad colectiva;2020;56
Cádiz;6.3.-Otros contra la seguridad colectiva;2019;42
Cádiz;6.3.-Otros contra la seguridad colectiva;2018;101
Cádiz;7. FALSEDADES;2024;467
Cádiz;7. FALSEDADES;2023;416
Cádiz;7. FALSEDADES;2022;393
Cádiz;7. FALSEDADES;2021;332
Cádiz;7. FALSEDADES;2020;295
Cádiz;7. FALSEDADES;2019;324
Cádiz;7. FALSEDADES;2018;349
Cádiz;8. ADMÓN. PÚBLICA;2024;11
Cádiz;8. ADMÓN. PÚBLICA;2023;7
Cádiz;8. ADMÓN. PÚBLICA;2022;12
Cádiz;8. ADMÓN. PÚBLICA;2021;11
Cádiz;8. ADMÓN. PÚBLICA;2020;12
Cádiz;8. ADMÓN. PÚBLICA;2019;16
Cádiz;8. ADMÓN. PÚBLICA;2018;9
Cádiz;9. ADMÓN. JUSTICIA;2024;1.524
Cádiz;9. ADMÓN. JUSTICIA;2023;1.544
Cádiz;9. ADMÓN. JUSTICIA;2022;1.382
Cádiz;9. ADMÓN. JUSTICIA;2021;1.263
Cádiz;9. ADMÓN. JUSTICIA;2020;1.212
Cádiz;9. ADMÓN. JUSTICIA;2019;1.335
Cádiz;9. ADMÓN. JUSTICIA;2018;1.130
Cádiz;10. ORDEN PÚBLICO;2024;1.075
Cádiz;10. ORDEN PÚBLICO;2023;974
Cádiz;10. ORDEN PÚBLICO;2022;958
Cádiz;10. ORDEN PÚBLICO;2021;1.023
Cádiz;10. ORDEN PÚBLICO;2020;1.245
Cádiz;10. ORDEN PÚBLICO;2019;924
Cádiz;10. ORDEN PÚBLICO;2018;851
Cádiz;11. LEGISLACIÓN ESPECIAL;2024;93
Cádiz;11. LEGISLACIÓN ESPECIAL;2023;54
Cádiz;11. LEGISLACIÓN ESPECIAL;2022;100
Cádiz;11. LEGISLACIÓN ESPECIAL;2021;119
Cádiz;11. LEGISLACIÓN ESPECIAL;2020;99
Cádiz;11. LEGISLACIÓN ESPECIAL;2019;96
Cádiz;11. LEGISLACIÓN ESPECIAL;2018;77
Cádiz;12. OTRAS INFRACCIONES PENALES;2024;441
Cádiz;12. OTRAS INFRACCIONES PENALES;2023;380
Cádiz;12. OTRAS INFRACCIONES PENALES;2022;350
Cádiz;12. OTRAS INFRACCIONES PENALES;2021;347
Cádiz;12. OTRAS INFRACCIONES PENALES;2020;265
Cádiz;12. OTRAS INFRACCIONES PENALES;2019;364
Cádiz;12. OTRAS INFRACCIONES PENALES;2018;347
Cádiz;TOTAL INFRACCIONES PENALES;2024;25.941
Cádiz;TOTAL INFRACCIONES PENALES;2023;25.926
Cádiz;TOTAL INFRACCIONES PENALES;2022;23.705
Cádiz;TOTAL INFRACCIONES PENALES;2021;21.842
Cádiz;TOTAL INFRACCIONES PENALES;2020;20.104
Cádiz;TOTAL INFRACCIONES PENALES;2019;22.749
Cádiz;TOTAL INFRACCIONES PENALES;2018;22.119
Castellón/Castelló;1. CONTRA LAS PERSONAS;2024;2.993
Castellón/Castelló;1. CONTRA LAS PERSONAS;2023;2.870
Castellón/Castelló;1. CONTRA LAS PERSONAS;2022;2.620
Castellón/Castelló;1. CONTRA LAS PERSONAS;2021;2.190
Castellón/Castelló;1. CONTRA LAS PERSONAS;2020;1.888
Castellón/Castelló;1. CONTRA LAS PERSONAS;2019;2.229
Castellón/Castelló;1. CONTRA LAS PERSONAS;2018;1.985
Castellón/Castelló;1.1.-Homicidios dolosos/asesinatos;2024;9
Castellón/Castelló;1.1.-Homicidios dolosos/asesinatos;2023;21
Castellón/Castelló;1.1.-Homicidios dolosos/asesinatos;2022;16
Castellón/Castelló;1.1.-Homicidios dolosos/asesinatos;2021;7
Castellón/Castelló;1.1.-Homicidios dolosos/asesinatos;2020;14
Castellón/Castelló;1.1.-Homicidios dolosos/asesinatos;2019;10
Castellón/Castelló;1.1.-Homicidios dolosos/asesinatos;2018;12
Castellón/Castelló;1.1.1.-Homicidios dolosos/asesinatos consumados;2024;1
Castellón/Castelló;1.1.1.-Homicidios dolosos/asesinatos consumados;2023;4
Castellón/Castelló;1.1.1.-Homicidios dolosos/asesinatos consumados;2022;2
Castellón/Castelló;1.1.1.-Homicidios dolosos/asesinatos consumados;2021;3
Castellón/Castelló;1.1.1.-Homicidios dolosos/asesinatos consumados;2020;5
Castellón/Castelló;1.1.1.-Homicidios dolosos/asesinatos consumados;2019;2
Castellón/Castelló;1.1.1.-Homicidios dolosos/asesinatos consumados;2018;6
Castellón/Castelló;1.2.-Lesiones;2024;1.448
Castellón/Castelló;1.2.-Lesiones;2023;1.414
Castellón/Castelló;1.2.-Lesiones;2022;1.394
Castellón/Castelló;1.2.-Lesiones;2021;1.112
Castellón/Castelló;1.2.-Lesiones;2020;948
Castellón/Castelló;1.2.-Lesiones;2019;1.312
Castellón/Castelló;1.2.-Lesiones;2018;1.112
Castellón/Castelló;1.3.-Malos tratos ámbito familiar;2024;1.449
Castellón/Castelló;1.3.-Malos tratos ámbito familiar;2023;1.381
Castellón/Castelló;1.3.-Malos tratos ámbito familiar;2022;1.146
Castellón/Castelló;1.3.-Malos tratos ámbito familiar;2021;1.008
Castellón/Castelló;1.3.-Malos tratos ámbito familiar;2020;900
Castellón/Castelló;1.3.-Malos tratos ámbito familiar;2019;872
Castellón/Castelló;1.3.-Malos tratos ámbito familiar;2018;829
Castellón/Castelló;1.4.-Otros contra las personas;2024;87
Castellón/Castelló;1.4.-Otros contra las personas;2023;54
Castellón/Castelló;1.4.-Otros contra las personas;2022;64
Castellón/Castelló;1.4.-Otros contra las personas;2021;63
Castellón/Castelló;1.4.-Otros contra las personas;2020;26
Castellón/Castelló;1.4.-Otros contra las personas;2019;35
Castellón/Castelló;1.4.-Otros contra las personas;2018;32
Castellón/Castelló;2. CONTRA LA LIBERTAD;2024;1.791
Castellón/Castelló;2. CONTRA LA LIBERTAD;2023;1.829
Castellón/Castelló;2. CONTRA LA LIBERTAD;2022;1.669
Castellón/Castelló;2. CONTRA LA LIBERTAD;2021;1.484
Castellón/Castelló;2. CONTRA LA LIBERTAD;2020;1.312
Castellón/Castelló;2. CONTRA LA LIBERTAD;2019;1.356
Castellón/Castelló;2. CONTRA LA LIBERTAD;2018;1.231
Castellón/Castelló;2.1.-Malos tratos habituales en el ámbito familiar;2024;355
Castellón/Castelló;2.1.-Malos tratos habituales en el ámbito familiar;2023;335
Castellón/Castelló;2.1.-Malos tratos habituales en el ámbito familiar;2022;257
Castellón/Castelló;2.1.-Malos tratos habituales en el ámbito familiar;2021;239
Castellón/Castelló;2.1.-Malos tratos habituales en el ámbito familiar;2020;174
Castellón/Castelló;2.1.-Malos tratos habituales en el ámbito familiar;2019;171
Castellón/Castelló;2.1.-Malos tratos habituales en el ámbito familiar;2018;173
Castellón/Castelló;2.2.-Otros contra la libertad;2024;1.436
Castellón/Castelló;2.2.-Otros contra la libertad;2023;1.494
Castellón/Castelló;2.2.-Otros contra la libertad;2022;1.412
Castellón/Castelló;2.2.-Otros contra la libertad;2021;1.245
Castellón/Castelló;2.2.-Otros contra la libertad;2020;1.138
Castellón/Castelló;2.2.-Otros contra la libertad;2019;1.185
Castellón/Castelló;2.2.-Otros contra la libertad;2018;1.058
Castellón/Castelló;3. LIBERTAD SEXUAL;2024;228
Castellón/Castelló;3. LIBERTAD SEXUAL;2023;236
Castellón/Castelló;3. LIBERTAD SEXUAL;2022;225
Castellón/Castelló;3. LIBERTAD SEXUAL;2021;212
Castellón/Castelló;3. LIBERTAD SEXUAL;2020;132
Castellón/Castelló;3. LIBERTAD SEXUAL;2019;137
Castellón/Castelló;3. LIBERTAD SEXUAL;2018;155
Castellón/Castelló;3.1.-Agresión sexual;2024;149
Castellón/Castelló;3.1.-Agresión sexual;2023;142
Castellón/Castelló;3.1.-Agresión sexual;2022;132
Castellón/Castelló;3.1.-Agresión sexual;2021;135
Castellón/Castelló;3.1.-Agresión sexual;2020;86
Castellón/Castelló;3.1.-Agresión sexual;2019;99
Castellón/Castelló;3.1.-Agresión sexual;2018;96
Castellón/Castelló;3.2.-Agresión sexual con penetración;2024;43
Castellón/Castelló;3.2.-Agresión sexual con penetración;2023;32
Castellón/Castelló;3.2.-Agresión sexual con penetración;2022;45
Castellón/Castelló;3.2.-Agresión sexual con penetración;2021;31
Castellón/Castelló;3.2.-Agresión sexual con penetración;2020;18
Castellón/Castelló;3.2.-Agresión sexual con penetración;2019;14
Castellón/Castelló;3.2.-Agresión sexual con penetración;2018;15
Castellón/Castelló;3.3.-Corrupción de menores o incapacitados;2024;1
Castellón/Castelló;3.3.-Corrupción de menores o incapacitados;2023;9
Castellón/Castelló;3.3.-Corrupción de menores o incapacitados;2022;4
Castellón/Castelló;3.3.-Corrupción de menores o incapacitados;2021;13
Castellón/Castelló;3.3.-Corrupción de menores o incapacitados;2020;4
Castellón/Castelló;3.3.-Corrupción de menores o incapacitados;2019;1
Castellón/Castelló;3.3.-Corrupción de menores o incapacitados;2018;5
Castellón/Castelló;3.4.-Pornografía de menores;2024;10
Castellón/Castelló;3.4.-Pornografía de menores;2023;15
Castellón/Castelló;3.4.-Pornografía de menores;2022;11
Castellón/Castelló;3.4.-Pornografía de menores;2021;8
Castellón/Castelló;3.4.-Pornografía de menores;2020;6
Castellón/Castelló;3.4.-Pornografía de menores;2019;5
Castellón/Castelló;3.4.-Pornografía de menores;2018;10
Castellón/Castelló;3.5.-Otros contra la libertad sexual;2024;25
Castellón/Castelló;3.5.-Otros contra la libertad sexual;2023;38
Castellón/Castelló;3.5.-Otros contra la libertad sexual;2022;33
Castellón/Castelló;3.5.-Otros contra la libertad sexual;2021;25
Castellón/Castelló;3.5.-Otros contra la libertad sexual;2020;18
Castellón/Castelló;3.5.-Otros contra la libertad sexual;2019;18
Castellón/Castelló;3.5.-Otros contra la libertad sexual;2018;29
Castellón/Castelló;4. RELACIONES FAMILIARES;2024;77
Castellón/Castelló;4. RELACIONES FAMILIARES;2023;79
Castellón/Castelló;4. RELACIONES FAMILIARES;2022;54
Castellón/Castelló;4. RELACIONES FAMILIARES;2021;73
Castellón/Castelló;4. RELACIONES FAMILIARES;2020;73
Castellón/Castelló;4. RELACIONES FAMILIARES;2019;64
Castellón/Castelló;4. RELACIONES FAMILIARES;2018;74
Castellón/Castelló;5. PATRIMONIO;2024;4.673
Castellón/Castelló;5. PATRIMONIO;2023;4.269
Castellón/Castelló;5. PATRIMONIO;2022;4.071
Castellón/Castelló;5. PATRIMONIO;2021;3.618
Castellón/Castelló;5. PATRIMONIO;2020;2.949
Castellón/Castelló;5. PATRIMONIO;2019;3.810
Castellón/Castelló;5. PATRIMONIO;2018;3.804
Castellón/Castelló;5.1.-Hurtos;2024;1.645
Castellón/Castelló;5.1.-Hurtos;2023;1.585
Castellón/Castelló;5.1.-Hurtos;2022;1.436
Castellón/Castelló;5.1.-Hurtos;2021;1.102
Castellón/Castelló;5.1.-Hurtos;2020;858
Castellón/Castelló;5.1.-Hurtos;2019;1.254
Castellón/Castelló;5.1.-Hurtos;2018;1.302
Castellón/Castelló;5.2.-Robos con fuerza en las cosas;2024;811
Castellón/Castelló;5.2.-Robos con fuerza en las cosas;2023;666
Castellón/Castelló;5.2.-Robos con fuerza en las cosas;2022;553
Castellón/Castelló;5.2.-Robos con fuerza en las cosas;2021;624
Castellón/Castelló;5.2.-Robos con fuerza en las cosas;2020;534
Castellón/Castelló;5.2.-Robos con fuerza en las cosas;2019;667
Castellón/Castelló;5.2.-Robos con fuerza en las cosas;2018;759
Castellón/Castelló;5.2.1.-Robos con fuerza en las cosas en el interior de vehículos;2024;261
Castellón/Castelló;5.2.1.-Robos con fuerza en las cosas en el interior de vehículos;2023;111
Castellón/Castelló;5.2.1.-Robos con fuerza en las cosas en el interior de vehículos;2022;78
Castellón/Castelló;5.2.1.-Robos con fuerza en las cosas en el interior de vehículos;2021;120
Castellón/Castelló;5.2.1.-Robos con fuerza en las cosas en el interior de vehículos;2020;127
Castellón/Castelló;5.2.1.-Robos con fuerza en las cosas en el interior de vehículos;2019;151
Castellón/Castelló;5.2.1.-Robos con fuerza en las cosas en el interior de vehículos;2018;134
Castellón/Castelló;5.2.2.-Robos con fuerza en viviendas;2024;234
Castellón/Castelló;5.2.2.-Robos con fuerza en viviendas;2023;231
Castellón/Castelló;5.2.2.-Robos con fuerza en viviendas;2022;213
Castellón/Castelló;5.2.2.-Robos con fuerza en viviendas;2021;277
Castellón/Castelló;5.2.2.-Robos con fuerza en viviendas;2020;218
Castellón/Castelló;5.2.2.-Robos con fuerza en viviendas;2019;244
Castellón/Castelló;5.2.2.-Robos con fuerza en viviendas;2018;301
Castellón/Castelló;5.2.3.-Robos con fuerza en establecimientos;2024;190
Castellón/Castelló;5.2.3.-Robos con fuerza en establecimientos;2023;156
Castellón/Castelló;5.2.3.-Robos con fuerza en establecimientos;2022;131
Castellón/Castelló;5.2.3.-Robos con fuerza en establecimientos;2021;118
Castellón/Castelló;5.2.3.-Robos con fuerza en establecimientos;2020;111
Castellón/Castelló;5.2.3.-Robos con fuerza en establecimientos;2019;146
Castellón/Castelló;5.2.3.-Robos con fuerza en establecimientos;2018;186
Castellón/Castelló;5.3.-Robos con violencia o intimidación;2024;221
Castellón/Castelló;5.3.-Robos con violencia o intimidación;2023;202
Castellón/Castelló;5.3.-Robos con violencia o intimidación;2022;179
Castellón/Castelló;5.3.-Robos con violencia o intimidación;2021;155
Castellón/Castelló;5.3.-Robos con violencia o intimidación;2020;113
Castellón/Castelló;5.3.-Robos con violencia o intimidación;2019;185
Castellón/Castelló;5.3.-Robos con violencia o intimidación;2018;124
Castellón/Castelló;5.3.1.-Robos con violencia en vía pública;2024;107
Castellón/Castelló;5.3.1.-Robos con violencia en vía pública;2023;95
Castellón/Castelló;5.3.1.-Robos con violencia en vía pública;2022;88
Castellón/Castelló;5.3.1.-Robos con violencia en vía pública;2021;55
Castellón/Castelló;5.3.1.-Robos con violencia en vía pública;2020;55
Castellón/Castelló;5.3.1.-Robos con violencia en vía pública;2019;100
Castellón/Castelló;5.3.1.-Robos con violencia en vía pública;2018;56
Castellón/Castelló;5.3.2.-Robos con violencia en viviendas;2024;27
Castellón/Castelló;5.3.2.-Robos con violencia en viviendas;2023;22
Castellón/Castelló;5.3.2.-Robos con violencia en viviendas;2022;20
Castellón/Castelló;5.3.2.-Robos con violencia en viviendas;2021;32
Castellón/Castelló;5.3.2.-Robos con violencia en viviendas;2020;20
Castellón/Castelló;5.3.2.-Robos con violencia en viviendas;2019;26
Castellón/Castelló;5.3.2.-Robos con violencia en viviendas;2018;20
Castellón/Castelló;5.3.3.-Robos con violencia en establecimientos;2024;64
Castellón/Castelló;5.3.3.-Robos con violencia en establecimientos;2023;62
Castellón/Castelló;5.3.3.-Robos con violencia en establecimientos;2022;44
Castellón/Castelló;5.3.3.-Robos con violencia en establecimientos;2021;38
Castellón/Castelló;5.3.3.-Robos con violencia en establecimientos;2020;23
Castellón/Castelló;5.3.3.-Robos con violencia en establecimientos;2019;37
Castellón/Castelló;5.3.3.-Robos con violencia en establecimientos;2018;31
Castellón/Castelló;5.4.-Sustracción de vehículos;2024;108
Castellón/Castelló;5.4.-Sustracción de vehículos;2023;101
Castellón/Castelló;5.4.-Sustracción de vehículos;2022;98
Castellón/Castelló;5.4.-Sustracción de vehículos;2021;78
Castellón/Castelló;5.4.-Sustracción de vehículos;2020;63
Castellón/Castelló;5.4.-Sustracción de vehículos;2019;92
Castellón/Castelló;5.4.-Sustracción de vehículos;2018;72
Castellón/Castelló;5.5.-Estafas;2024;934
Castellón/Castelló;5.5.-Estafas;2023;768
Castellón/Castelló;5.5.-Estafas;2022;752
Castellón/Castelló;5.5.-Estafas;2021;708
Castellón/Castelló;5.5.-Estafas;2020;604
Castellón/Castelló;5.5.-Estafas;2019;650
Castellón/Castelló;5.5.-Estafas;2018;666
Castellón/Castelló;5.5.1.-Estafas informáticas;2024;527
Castellón/Castelló;5.5.1.-Estafas informáticas;2023;358
Castellón/Castelló;5.5.1.-Estafas informáticas;2022;336
Castellón/Castelló;5.5.1.-Estafas informáticas;2021;337
Castellón/Castelló;5.5.1.-Estafas informáticas;2020;269
Castellón/Castelló;5.5.1.-Estafas informáticas;2019;202
Castellón/Castelló;5.5.1.-Estafas informáticas;2018;248
Castellón/Castelló;5.6.-Daños;2024;541
Castellón/Castelló;5.6.-Daños;2023;514
Castellón/Castelló;5.6.-Daños;2022;576
Castellón/Castelló;5.6.-Daños;2021;577
Castellón/Castelló;5.6.-Daños;2020;435
Castellón/Castelló;5.6.-Daños;2019;492
Castellón/Castelló;5.6.-Daños;2018;500
Castellón/Castelló;5.7.-Contra la propiedad intelectual/industrial;2024;9
Castellón/Castelló;5.7.-Contra la propiedad intelectual/industrial;2023;18
Castellón/Castelló;5.7.-Contra la propiedad intelectual/industrial;2022;6
Castellón/Castelló;5.7.-Contra la propiedad intelectual/industrial;2021;7
Castellón/Castelló;5.7.-Contra la propiedad intelectual/industrial;2020;9
Castellón/Castelló;5.7.-Contra la propiedad intelectual/industrial;2019;18
Castellón/Castelló;5.7.-Contra la propiedad intelectual/industrial;2018;29
Castellón/Castelló;5.8.-Blanqueo de capitales;2024;8
Castellón/Castelló;5.8.-Blanqueo de capitales;2023;6
Castellón/Castelló;5.8.-Blanqueo de capitales;2022;1
Castellón/Castelló;5.8.-Blanqueo de capitales;2021;5
Castellón/Castelló;5.8.-Blanqueo de capitales;2020;8
Castellón/Castelló;5.8.-Blanqueo de capitales;2019;7
Castellón/Castelló;5.8.-Blanqueo de capitales;2018;5
Castellón/Castelló;5.9.-Otros contra el patrimonio;2024;396
Castellón/Castelló;5.9.-Otros contra el patrimonio;2023;409
Castellón/Castelló;5.9.-Otros contra el patrimonio;2022;470
Castellón/Castelló;5.9.-Otros contra el patrimonio;2021;362
Castellón/Castelló;5.9.-Otros contra el patrimonio;2020;325
Castellón/Castelló;5.9.-Otros contra el patrimonio;2019;445
Castellón/Castelló;5.9.-Otros contra el patrimonio;2018;347
Castellón/Castelló;6. SEGURIDAD COLECTIVA;2024;882
Castellón/Castelló;6. SEGURIDAD COLECTIVA;2023;905
Castellón/Castelló;6. SEGURIDAD COLECTIVA;2022;782
Castellón/Castelló;6. SEGURIDAD COLECTIVA;2021;849
Castellón/Castelló;6. SEGURIDAD COLECTIVA;2020;662
Castellón/Castelló;6. SEGURIDAD COLECTIVA;2019;828
Castellón/Castelló;6. SEGURIDAD COLECTIVA;2018;839
Castellón/Castelló;6.1.-Tráfico de drogas;2024;167
Castellón/Castelló;6.1.-Tráfico de drogas;2023;159
Castellón/Castelló;6.1.-Tráfico de drogas;2022;111
Castellón/Castelló;6.1.-Tráfico de drogas;2021;129
Castellón/Castelló;6.1.-Tráfico de drogas;2020;130
Castellón/Castelló;6.1.-Tráfico de drogas;2019;157
Castellón/Castelló;6.1.-Tráfico de drogas;2018;134
Castellón/Castelló;6.2.-Contra la seguridad vial;2024;679
Castellón/Castelló;6.2.-Contra la seguridad vial;2023;708
Castellón/Castelló;6.2.-Contra la seguridad vial;2022;639
Castellón/Castelló;6.2.-Contra la seguridad vial;2021;704
Castellón/Castelló;6.2.-Contra la seguridad vial;2020;512
Castellón/Castelló;6.2.-Contra la seguridad vial;2019;646
Castellón/Castelló;6.2.-Contra la seguridad vial;2018;676
Castellón/Castelló;6.3.-Otros contra la seguridad colectiva;2024;36
Castellón/Castelló;6.3.-Otros contra la seguridad colectiva;2023;38
Castellón/Castelló;6.3.-Otros contra la seguridad colectiva;2022;32
Castellón/Castelló;6.3.-Otros contra la seguridad colectiva;2021;16
Castellón/Castelló;6.3.-Otros contra la seguridad colectiva;2020;20
Castellón/Castelló;6.3.-Otros contra la seguridad colectiva;2019;25
Castellón/Castelló;6.3.-Otros contra la seguridad colectiva;2018;29
Castellón/Castelló;7. FALSEDADES;2024;202
Castellón/Castelló;7. FALSEDADES;2023;226
Castellón/Castelló;7. FALSEDADES;2022;224
Castellón/Castelló;7. FALSEDADES;2021;180
Castellón/Castelló;7. FALSEDADES;2020;150
Castellón/Castelló;7. FALSEDADES;2019;248
Castellón/Castelló;7. FALSEDADES;2018;189
Castellón/Castelló;8. ADMÓN. PÚBLICA;2024;2
Castellón/Castelló;8. ADMÓN. PÚBLICA;2023;9
Castellón/Castelló;8. ADMÓN. PÚBLICA;2022;3
Castellón/Castelló;8. ADMÓN. PÚBLICA;2021;5
Castellón/Castelló;8. ADMÓN. PÚBLICA;2020;2
Castellón/Castelló;8. ADMÓN. PÚBLICA;2019;3
Castellón/Castelló;8. ADMÓN. PÚBLICA;2018;4
Castellón/Castelló;9. ADMÓN. JUSTICIA;2024;691
Castellón/Castelló;9. ADMÓN. JUSTICIA;2023;662
Castellón/Castelló;9. ADMÓN. JUSTICIA;2022;534
Castellón/Castelló;9. ADMÓN. JUSTICIA;2021;452
Castellón/Castelló;9. ADMÓN. JUSTICIA;2020;408
Castellón/Castelló;9. ADMÓN. JUSTICIA;2019;404
Castellón/Castelló;9. ADMÓN. JUSTICIA;2018;397
Castellón/Castelló;10. ORDEN PÚBLICO;2024;420
Castellón/Castelló;10. ORDEN PÚBLICO;2023;398
Castellón/Castelló;10. ORDEN PÚBLICO;2022;365
Castellón/Castelló;10. ORDEN PÚBLICO;2021;354
Castellón/Castelló;10. ORDEN PÚBLICO;2020;354
Castellón/Castelló;10. ORDEN PÚBLICO;2019;288
Castellón/Castelló;10. ORDEN PÚBLICO;2018;240
Castellón/Castelló;11. LEGISLACIÓN ESPECIAL;2024;1
Castellón/Castelló;11. LEGISLACIÓN ESPECIAL;2023;3
Castellón/Castelló;11. LEGISLACIÓN ESPECIAL;2022;0
Castellón/Castelló;11. LEGISLACIÓN ESPECIAL;2021;4
Castellón/Castelló;11. LEGISLACIÓN ESPECIAL;2020;0
Castellón/Castelló;11. LEGISLACIÓN ESPECIAL;2019;1
Castellón/Castelló;11. LEGISLACIÓN ESPECIAL;2018;1
Castellón/Castelló;12. OTRAS INFRACCIONES PENALES;2024;157
Castellón/Castelló;12. OTRAS INFRACCIONES PENALES;2023;129
Castellón/Castelló;12. OTRAS INFRACCIONES PENALES;2022;103
Castellón/Castelló;12. OTRAS INFRACCIONES PENALES;2021;125
Castellón/Castelló;12. OTRAS INFRACCIONES PENALES;2020;111
Castellón/Castelló;12. OTRAS INFRACCIONES PENALES;2019;131
Castellón/Castelló;12. OTRAS INFRACCIONES PENALES;2018;117
Castellón/Castelló;TOTAL INFRACCIONES PENALES;2024;12.117
Castellón/Castelló;TOTAL INFRACCIONES PENALES;2023;11.615
Castellón/Castelló;TOTAL INFRACCIONES PENALES;2022;10.650
Castellón/Castelló;TOTAL INFRACCIONES PENALES;2021;9.546
Castellón/Castelló;TOTAL INFRACCIONES PENALES;2020;8.041
Castellón/Castelló;TOTAL INFRACCIONES PENALES;2019;9.499
Castellón/Castelló;TOTAL INFRACCIONES PENALES;2018;9.036
Ciudad Real;1. CONTRA LAS PERSONAS;2024;1.898
Ciudad Real;1. CONTRA LAS PERSONAS;2023;1.803
Ciudad Real;1. CONTRA LAS PERSONAS;2022;1.795
Ciudad Real;1. CONTRA LAS PERSONAS;2021;1.541
Ciudad Real;1. CONTRA LAS PERSONAS;2020;1.237
Ciudad Real;1. CONTRA LAS PERSONAS;2019;1.468
Ciudad Real;1. CONTRA LAS PERSONAS;2018;1.380
Ciudad Real;1.1.-Homicidios dolosos/asesinatos;2024;15
Ciudad Real;1.1.-Homicidios dolosos/asesinatos;2023;14
Ciudad Real;1.1.-Homicidios dolosos/asesinatos;2022;18
Ciudad Real;1.1.-Homicidios dolosos/asesinatos;2021;11
Ciudad Real;1.1.-Homicidios dolosos/asesinatos;2020;8
Ciudad Real;1.1.-Homicidios dolosos/asesinatos;2019;5
Ciudad Real;1.1.-Homicidios dolosos/asesinatos;2018;6
Ciudad Real;1.1.1.-Homicidios dolosos/asesinatos consumados;2024;1
Ciudad Real;1.1.1.-Homicidios dolosos/asesinatos consumados;2023;3
Ciudad Real;1.1.1.-Homicidios dolosos/asesinatos consumados;2022;5
Ciudad Real;1.1.1.-Homicidios dolosos/asesinatos consumados;2021;2
Ciudad Real;1.1.1.-Homicidios dolosos/asesinatos consumados;2020;4
Ciudad Real;1.1.1.-Homicidios dolosos/asesinatos consumados;2019;4
Ciudad Real;1.1.1.-Homicidios dolosos/asesinatos consumados;2018;1
Ciudad Real;1.2.-Lesiones;2024;858
Ciudad Real;1.2.-Lesiones;2023;827
Ciudad Real;1.2.-Lesiones;2022;835
Ciudad Real;1.2.-Lesiones;2021;744
Ciudad Real;1.2.-Lesiones;2020;567
Ciudad Real;1.2.-Lesiones;2019;728
Ciudad Real;1.2.-Lesiones;2018;712
Ciudad Real;1.3.-Malos tratos ámbito familiar;2024;986
Ciudad Real;1.3.-Malos tratos ámbito familiar;2023;927
Ciudad Real;1.3.-Malos tratos ámbito familiar;2022;916
Ciudad Real;1.3.-Malos tratos ámbito familiar;2021;748
Ciudad Real;1.3.-Malos tratos ámbito familiar;2020;639
Ciudad Real;1.3.-Malos tratos ámbito familiar;2019;721
Ciudad Real;1.3.-Malos tratos ámbito familiar;2018;648
Ciudad Real;1.4.-Otros contra las personas;2024;39
Ciudad Real;1.4.-Otros contra las personas;2023;35
Ciudad Real;1.4.-Otros contra las personas;2022;26
Ciudad Real;1.4.-Otros contra las personas;2021;38
Ciudad Real;1.4.-Otros contra las personas;2020;23
Ciudad Real;1.4.-Otros contra las personas;2019;14
Ciudad Real;1.4.-Otros contra las personas;2018;14
Ciudad Real;2. CONTRA LA LIBERTAD;2024;1.081
Ciudad Real;2. CONTRA LA LIBERTAD;2023;988
Ciudad Real;2. CONTRA LA LIBERTAD;2022;1.010
Ciudad Real;2. CONTRA LA LIBERTAD;2021;937
Ciudad Real;2. CONTRA LA LIBERTAD;2020;797
Ciudad Real;2. CONTRA LA LIBERTAD;2019;833
Ciudad Real;2. CONTRA LA LIBERTAD;2018;860
Ciudad Real;2.1.-Malos tratos habituales en el ámbito familiar;2024;182
Ciudad Real;2.1.-Malos tratos habituales en el ámbito familiar;2023;156
Ciudad Real;2.1.-Malos tratos habituales en el ámbito familiar;2022;150
Ciudad Real;2.1.-Malos tratos habituales en el ámbito familiar;2021;165
Ciudad Real;2.1.-Malos tratos habituales en el ámbito familiar;2020;128
Ciudad Real;2.1.-Malos tratos habituales en el ámbito familiar;2019;128
Ciudad Real;2.1.-Malos tratos habituales en el ámbito familiar;2018;154
Ciudad Real;2.2.-Otros contra la libertad;2024;899
Ciudad Real;2.2.-Otros contra la libertad;2023;832
Ciudad Real;2.2.-Otros contra la libertad;2022;860
Ciudad Real;2.2.-Otros contra la libertad;2021;772
Ciudad Real;2.2.-Otros contra la libertad;2020;669
Ciudad Real;2.2.-Otros contra la libertad;2019;705
Ciudad Real;2.2.-Otros contra la libertad;2018;706
Ciudad Real;3. LIBERTAD SEXUAL;2024;137
Ciudad Real;3. LIBERTAD SEXUAL;2023;133
Ciudad Real;3. LIBERTAD SEXUAL;2022;105
Ciudad Real;3. LIBERTAD SEXUAL;2021;94
Ciudad Real;3. LIBERTAD SEXUAL;2020;95
Ciudad Real;3. LIBERTAD SEXUAL;2019;94
Ciudad Real;3. LIBERTAD SEXUAL;2018;86
Ciudad Real;3.1.-Agresión sexual;2024;92
Ciudad Real;3.1.-Agresión sexual;2023;75
Ciudad Real;3.1.-Agresión sexual;2022;66
Ciudad Real;3.1.-Agresión sexual;2021;56
Ciudad Real;3.1.-Agresión sexual;2020;59
Ciudad Real;3.1.-Agresión sexual;2019;58
Ciudad Real;3.1.-Agresión sexual;2018;56
Ciudad Real;3.2.-Agresión sexual con penetración;2024;23
Ciudad Real;3.2.-Agresión sexual con penetración;2023;22
Ciudad Real;3.2.-Agresión sexual con penetración;2022;27
Ciudad Real;3.2.-Agresión sexual con penetración;2021;19
Ciudad Real;3.2.-Agresión sexual con penetración;2020;14
Ciudad Real;3.2.-Agresión sexual con penetración;2019;17
Ciudad Real;3.2.-Agresión sexual con penetración;2018;10
Ciudad Real;3.3.-Corrupción de menores o incapacitados;2024;4
Ciudad Real;3.3.-Corrupción de menores o incapacitados;2023;7
Ciudad Real;3.3.-Corrupción de menores o incapacitados;2022;3
Ciudad Real;3.3.-Corrupción de menores o incapacitados;2021;5
Ciudad Real;3.3.-Corrupción de menores o incapacitados;2020;4
Ciudad Real;3.3.-Corrupción de menores o incapacitados;2019;3
Ciudad Real;3.3.-Corrupción de menores o incapacitados;2018;3
Ciudad Real;3.4.-Pornografía de menores;2024;4
Ciudad Real;3.4.-Pornografía de menores;2023;4
Ciudad Real;3.4.-Pornografía de menores;2022;2
Ciudad Real;3.4.-Pornografía de menores;2021;3
Ciudad Real;3.4.-Pornografía de menores;2020;5
Ciudad Real;3.4.-Pornografía de menores;2019;5
Ciudad Real;3.4.-Pornografía de menores;2018;5
Ciudad Real;3.5.-Otros contra la libertad sexual;2024;14
Ciudad Real;3.5.-Otros contra la libertad sexual;2023;25
Ciudad Real;3.5.-Otros contra la libertad sexual;2022;7
Ciudad Real;3.5.-Otros contra la libertad sexual;2021;11
Ciudad Real;3.5.-Otros contra la libertad sexual;2020;13
Ciudad Real;3.5.-Otros contra la libertad sexual;2019;11
Ciudad Real;3.5.-Otros contra la libertad sexual;2018;12
Ciudad Real;4. RELACIONES FAMILIARES;2024;72
Ciudad Real;4. RELACIONES FAMILIARES;2023;64
Ciudad Real;4. RELACIONES FAMILIARES;2022;80
Ciudad Real;4. RELACIONES FAMILIARES;2021;65
Ciudad Real;4. RELACIONES FAMILIARES;2020;56
Ciudad Real;4. RELACIONES FAMILIARES;2019;75
Ciudad Real;4. RELACIONES FAMILIARES;2018;49
Ciudad Real;5. PATRIMONIO;2024;3.318
Ciudad Real;5. PATRIMONIO;2023;3.577
Ciudad Real;5. PATRIMONIO;2022;3.023
Ciudad Real;5. PATRIMONIO;2021;2.698
Ciudad Real;5. PATRIMONIO;2020;2.069
Ciudad Real;5. PATRIMONIO;2019;2.505
Ciudad Real;5. PATRIMONIO;2018;2.514
Ciudad Real;5.1.-Hurtos;2024;1.044
Ciudad Real;5.1.-Hurtos;2023;1.024
Ciudad Real;5.1.-Hurtos;2022;871
Ciudad Real;5.1.-Hurtos;2021;699
Ciudad Real;5.1.-Hurtos;2020;603
Ciudad Real;5.1.-Hurtos;2019;714
Ciudad Real;5.1.-Hurtos;2018;819
Ciudad Real;5.2.-Robos con fuerza en las cosas;2024;649
Ciudad Real;5.2.-Robos con fuerza en las cosas;2023;776
Ciudad Real;5.2.-Robos con fuerza en las cosas;2022;598
Ciudad Real;5.2.-Robos con fuerza en las cosas;2021;547
Ciudad Real;5.2.-Robos con fuerza en las cosas;2020;380
Ciudad Real;5.2.-Robos con fuerza en las cosas;2019;730
Ciudad Real;5.2.-Robos con fuerza en las cosas;2018;640
Ciudad Real;5.2.1.-Robos con fuerza en las cosas en el interior de vehículos;2024;126
Ciudad Real;5.2.1.-Robos con fuerza en las cosas en el interior de vehículos;2023;105
Ciudad Real;5.2.1.-Robos con fuerza en las cosas en el interior de vehículos;2022;91
Ciudad Real;5.2.1.-Robos con fuerza en las cosas en el interior de vehículos;2021;69
Ciudad Real;5.2.1.-Robos con fuerza en las cosas en el interior de vehículos;2020;62
Ciudad Real;5.2.1.-Robos con fuerza en las cosas en el interior de vehículos;2019;141
Ciudad Real;5.2.1.-Robos con fuerza en las cosas en el interior de vehículos;2018;152
Ciudad Real;5.2.2.-Robos con fuerza en viviendas;2024;241
Ciudad Real;5.2.2.-Robos con fuerza en viviendas;2023;239
Ciudad Real;5.2.2.-Robos con fuerza en viviendas;2022;206
Ciudad Real;5.2.2.-Robos con fuerza en viviendas;2021;162
Ciudad Real;5.2.2.-Robos con fuerza en viviendas;2020;133
Ciudad Real;5.2.2.-Robos con fuerza en viviendas;2019;160
Ciudad Real;5.2.2.-Robos con fuerza en viviendas;2018;214
Ciudad Real;5.2.3.-Robos con fuerza en establecimientos;2024;69
Ciudad Real;5.2.3.-Robos con fuerza en establecimientos;2023;143
Ciudad Real;5.2.3.-Robos con fuerza en establecimientos;2022;127
Ciudad Real;5.2.3.-Robos con fuerza en establecimientos;2021;156
Ciudad Real;5.2.3.-Robos con fuerza en establecimientos;2020;79
Ciudad Real;5.2.3.-Robos con fuerza en establecimientos;2019;190
Ciudad Real;5.2.3.-Robos con fuerza en establecimientos;2018;129
Ciudad Real;5.3.-Robos con violencia o intimidación;2024;132
Ciudad Real;5.3.-Robos con violencia o intimidación;2023;157
Ciudad Real;5.3.-Robos con violencia o intimidación;2022;145
Ciudad Real;5.3.-Robos con violencia o intimidación;2021;116
Ciudad Real;5.3.-Robos con violencia o intimidación;2020;104
Ciudad Real;5.3.-Robos con violencia o intimidación;2019;84
Ciudad Real;5.3.-Robos con violencia o intimidación;2018;88
Ciudad Real;5.3.1.-Robos con violencia en vía pública;2024;57
Ciudad Real;5.3.1.-Robos con violencia en vía pública;2023;83
Ciudad Real;5.3.1.-Robos con violencia en vía pública;2022;87
Ciudad Real;5.3.1.-Robos con violencia en vía pública;2021;65
Ciudad Real;5.3.1.-Robos con violencia en vía pública;2020;38
Ciudad Real;5.3.1.-Robos con violencia en vía pública;2019;44
Ciudad Real;5.3.1.-Robos con violencia en vía pública;2018;50
Ciudad Real;5.3.2.-Robos con violencia en viviendas;2024;16
Ciudad Real;5.3.2.-Robos con violencia en viviendas;2023;26
Ciudad Real;5.3.2.-Robos con violencia en viviendas;2022;14
Ciudad Real;5.3.2.-Robos con violencia en viviendas;2021;11
Ciudad Real;5.3.2.-Robos con violencia en viviendas;2020;13
Ciudad Real;5.3.2.-Robos con violencia en viviendas;2019;9
Ciudad Real;5.3.2.-Robos con violencia en viviendas;2018;14
Ciudad Real;5.3.3.-Robos con violencia en establecimientos;2024;40
Ciudad Real;5.3.3.-Robos con violencia en establecimientos;2023;43
Ciudad Real;5.3.3.-Robos con violencia en establecimientos;2022;35
Ciudad Real;5.3.3.-Robos con violencia en establecimientos;2021;30
Ciudad Real;5.3.3.-Robos con violencia en establecimientos;2020;46
Ciudad Real;5.3.3.-Robos con violencia en establecimientos;2019;23
Ciudad Real;5.3.3.-Robos con violencia en establecimientos;2018;14
Ciudad Real;5.4.-Sustracción de vehículos;2024;38
Ciudad Real;5.4.-Sustracción de vehículos;2023;65
Ciudad Real;5.4.-Sustracción de vehículos;2022;42
Ciudad Real;5.4.-Sustracción de vehículos;2021;39
Ciudad Real;5.4.-Sustracción de vehículos;2020;41
Ciudad Real;5.4.-Sustracción de vehículos;2019;38
Ciudad Real;5.4.-Sustracción de vehículos;2018;34
Ciudad Real;5.5.-Estafas;2024;855
Ciudad Real;5.5.-Estafas;2023;924
Ciudad Real;5.5.-Estafas;2022;764
Ciudad Real;5.5.-Estafas;2021;756
Ciudad Real;5.5.-Estafas;2020;526
Ciudad Real;5.5.-Estafas;2019;401
Ciudad Real;5.5.-Estafas;2018;422
Ciudad Real;5.5.1.-Estafas informáticas;2024;650
Ciudad Real;5.5.1.-Estafas informáticas;2023;669
Ciudad Real;5.5.1.-Estafas informáticas;2022;505
Ciudad Real;5.5.1.-Estafas informáticas;2021;440
Ciudad Real;5.5.1.-Estafas informáticas;2020;297
Ciudad Real;5.5.1.-Estafas informáticas;2019;191
Ciudad Real;5.5.1.-Estafas informáticas;2018;208
Ciudad Real;5.6.-Daños;2024;331
Ciudad Real;5.6.-Daños;2023;325
Ciudad Real;5.6.-Daños;2022;336
Ciudad Real;5.6.-Daños;2021;312
Ciudad Real;5.6.-Daños;2020;228
Ciudad Real;5.6.-Daños;2019;330
Ciudad Real;5.6.-Daños;2018;296
Ciudad Real;5.7.-Contra la propiedad intelectual/industrial;2024;6
Ciudad Real;5.7.-Contra la propiedad intelectual/industrial;2023;3
Ciudad Real;5.7.-Contra la propiedad intelectual/industrial;2022;1
Ciudad Real;5.7.-Contra la propiedad intelectual/industrial;2021;5
Ciudad Real;5.7.-Contra la propiedad intelectual/industrial;2020;2
Ciudad Real;5.7.-Contra la propiedad intelectual/industrial;2019;7
Ciudad Real;5.7.-Contra la propiedad intelectual/industrial;2018;18
Ciudad Real;5.8.-Blanqueo de capitales;2024;31
Ciudad Real;5.8.-Blanqueo de capitales;2023;19
Ciudad Real;5.8.-Blanqueo de capitales;2022;8
Ciudad Real;5.8.-Blanqueo de capitales;2021;7
Ciudad Real;5.8.-Blanqueo de capitales;2020;4
Ciudad Real;5.8.-Blanqueo de capitales;2019;4
Ciudad Real;5.8.-Blanqueo de capitales;2018;2
Ciudad Real;5.9.-Otros contra el patrimonio;2024;232
Ciudad Real;5.9.-Otros contra el patrimonio;2023;284
Ciudad Real;5.9.-Otros contra el patrimonio;2022;258
Ciudad Real;5.9.-Otros contra el patrimonio;2021;217
Ciudad Real;5.9.-Otros contra el patrimonio;2020;181
Ciudad Real;5.9.-Otros contra el patrimonio;2019;197
Ciudad Real;5.9.-Otros contra el patrimonio;2018;195
Ciudad Real;6. SEGURIDAD COLECTIVA;2024;687
Ciudad Real;6. SEGURIDAD COLECTIVA;2023;751
Ciudad Real;6. SEGURIDAD COLECTIVA;2022;695
Ciudad Real;6. SEGURIDAD COLECTIVA;2021;646
Ciudad Real;6. SEGURIDAD COLECTIVA;2020;586
Ciudad Real;6. SEGURIDAD COLECTIVA;2019;726
Ciudad Real;6. SEGURIDAD COLECTIVA;2018;703
Ciudad Real;6.1.-Tráfico de drogas;2024;106
Ciudad Real;6.1.-Tráfico de drogas;2023;124
Ciudad Real;6.1.-Tráfico de drogas;2022;117
Ciudad Real;6.1.-Tráfico de drogas;2021;100
Ciudad Real;6.1.-Tráfico de drogas;2020;96
Ciudad Real;6.1.-Tráfico de drogas;2019;71
Ciudad Real;6.1.-Tráfico de drogas;2018;108
Ciudad Real;6.2.-Contra la seguridad vial;2024;568
Ciudad Real;6.2.-Contra la seguridad vial;2023;613
Ciudad Real;6.2.-Contra la seguridad vial;2022;557
Ciudad Real;6.2.-Contra la seguridad vial;2021;520
Ciudad Real;6.2.-Contra la seguridad vial;2020;473
Ciudad Real;6.2.-Contra la seguridad vial;2019;637
Ciudad Real;6.2.-Contra la seguridad vial;2018;590
Ciudad Real;6.3.-Otros contra la seguridad colectiva;2024;13
Ciudad Real;6.3.-Otros contra la seguridad colectiva;2023;14
Ciudad Real;6.3.-Otros contra la seguridad colectiva;2022;21
Ciudad Real;6.3.-Otros contra la seguridad colectiva;2021;26
Ciudad Real;6.3.-Otros contra la seguridad colectiva;2020;17
Ciudad Real;6.3.-Otros contra la seguridad colectiva;2019;18
Ciudad Real;6.3.-Otros contra la seguridad colectiva;2018;5
Ciudad Real;7. FALSEDADES;2024;141
Ciudad Real;7. FALSEDADES;2023;130
Ciudad Real;7. FALSEDADES;2022;133
Ciudad Real;7. FALSEDADES;2021;167
Ciudad Real;7. FALSEDADES;2020;134
Ciudad Real;7. FALSEDADES;2019;125
Ciudad Real;7. FALSEDADES;2018;89
Ciudad Real;8. ADMÓN. PÚBLICA;2024;3
Ciudad Real;8. ADMÓN. PÚBLICA;2023;6
Ciudad Real;8. ADMÓN. PÚBLICA;2022;1
Ciudad Real;8. ADMÓN. PÚBLICA;2021;15
Ciudad Real;8. ADMÓN. PÚBLICA;2020;2
Ciudad Real;8. ADMÓN. PÚBLICA;2019;1
Ciudad Real;8. ADMÓN. PÚBLICA;2018;1
Ciudad Real;9. ADMÓN. JUSTICIA;2024;423
Ciudad Real;9. ADMÓN. JUSTICIA;2023;411
Ciudad Real;9. ADMÓN. JUSTICIA;2022;387
Ciudad Real;9. ADMÓN. JUSTICIA;2021;290
Ciudad Real;9. ADMÓN. JUSTICIA;2020;285
Ciudad Real;9. ADMÓN. JUSTICIA;2019;301
Ciudad Real;9. ADMÓN. JUSTICIA;2018;310
Ciudad Real;10. ORDEN PÚBLICO;2024;280
Ciudad Real;10. ORDEN PÚBLICO;2023;255
Ciudad Real;10. ORDEN PÚBLICO;2022;232
Ciudad Real;10. ORDEN PÚBLICO;2021;201
Ciudad Real;10. ORDEN PÚBLICO;2020;288
Ciudad Real;10. ORDEN PÚBLICO;2019;177
Ciudad Real;10. ORDEN PÚBLICO;2018;169
Ciudad Real;11. LEGISLACIÓN ESPECIAL;2024;2
Ciudad Real;11. LEGISLACIÓN ESPECIAL;2023;1
Ciudad Real;11. LEGISLACIÓN ESPECIAL;2022;1
Ciudad Real;11. LEGISLACIÓN ESPECIAL;2021;2
Ciudad Real;11. LEGISLACIÓN ESPECIAL;2020;2
Ciudad Real;11. LEGISLACIÓN ESPECIAL;2019;1
Ciudad Real;11. LEGISLACIÓN ESPECIAL;2018;3
Ciudad Real;12. OTRAS INFRACCIONES PENALES;2024;113
Ciudad Real;12. OTRAS INFRACCIONES PENALES;2023;137
Ciudad Real;12. OTRAS INFRACCIONES PENALES;2022;117
Ciudad Real;12. OTRAS INFRACCIONES PENALES;2021;70
Ciudad Real;12. OTRAS INFRACCIONES PENALES;2020;77
Ciudad Real;12. OTRAS INFRACCIONES PENALES;2019;113
Ciudad Real;12. OTRAS INFRACCIONES PENALES;2018;83
Ciudad Real;TOTAL INFRACCIONES PENALES;2024;8.155
Ciudad Real;TOTAL INFRACCIONES PENALES;2023;8.256
Ciudad Real;TOTAL INFRACCIONES PENALES;2022;7.579
Ciudad Real;TOTAL INFRACCIONES PENALES;2021;6.726
Ciudad Real;TOTAL INFRACCIONES PENALES;2020;5.628
Ciudad Real;TOTAL INFRACCIONES PENALES;2019;6.419
Ciudad Real;TOTAL INFRACCIONES PENALES;2018;6.247
Córdoba;1. CONTRA LAS PERSONAS;2024;3.345
Córdoba;1. CONTRA LAS PERSONAS;2023;3.225
Córdoba;1. CONTRA LAS PERSONAS;2022;2.822
Córdoba;1. CONTRA LAS PERSONAS;2021;2.453
Córdoba;1. CONTRA LAS PERSONAS;2020;2.320
Córdoba;1. CONTRA LAS PERSONAS;2019;2.510
Córdoba;1. CONTRA LAS PERSONAS;2018;2.493
Córdoba;1.1.-Homicidios dolosos/asesinatos;2024;23
Córdoba;1.1.-Homicidios dolosos/asesinatos;2023;24
Córdoba;1.1.-Homicidios dolosos/asesinatos;2022;14
Córdoba;1.1.-Homicidios dolosos/asesinatos;2021;16
Córdoba;1.1.-Homicidios dolosos/asesinatos;2020;21
Córdoba;1.1.-Homicidios dolosos/asesinatos;2019;17
Córdoba;1.1.-Homicidios dolosos/asesinatos;2018;13
Córdoba;1.1.1.-Homicidios dolosos/asesinatos consumados;2024;4
Córdoba;1.1.1.-Homicidios dolosos/asesinatos consumados;2023;4
Córdoba;1.1.1.-Homicidios dolosos/asesinatos consumados;2022;1
Córdoba;1.1.1.-Homicidios dolosos/asesinatos consumados;2021;0
Córdoba;1.1.1.-Homicidios dolosos/asesinatos consumados;2020;3
Córdoba;1.1.1.-Homicidios dolosos/asesinatos consumados;2019;7
Córdoba;1.1.1.-Homicidios dolosos/asesinatos consumados;2018;4
Córdoba;1.2.-Lesiones;2024;1.759
Córdoba;1.2.-Lesiones;2023;1.705
Córdoba;1.2.-Lesiones;2022;1.434
Córdoba;1.2.-Lesiones;2021;1.322
Córdoba;1.2.-Lesiones;2020;1.120
Córdoba;1.2.-Lesiones;2019;1.343
Córdoba;1.2.-Lesiones;2018;1.357
Córdoba;1.3.-Malos tratos ámbito familiar;2024;1.460
Córdoba;1.3.-Malos tratos ámbito familiar;2023;1.409
Córdoba;1.3.-Malos tratos ámbito familiar;2022;1.312
Córdoba;1.3.-Malos tratos ámbito familiar;2021;1.046
Córdoba;1.3.-Malos tratos ámbito familiar;2020;1.116
Córdoba;1.3.-Malos tratos ámbito familiar;2019;1.086
Córdoba;1.3.-Malos tratos ámbito familiar;2018;1.036
Córdoba;1.4.-Otros contra las personas;2024;103
Córdoba;1.4.-Otros contra las personas;2023;87
Córdoba;1.4.-Otros contra las personas;2022;62
Córdoba;1.4.-Otros contra las personas;2021;69
Córdoba;1.4.-Otros contra las personas;2020;63
Córdoba;1.4.-Otros contra las personas;2019;64
Córdoba;1.4.-Otros contra las personas;2018;87
Córdoba;2. CONTRA LA LIBERTAD;2024;2.456
Córdoba;2. CONTRA LA LIBERTAD;2023;2.127
Córdoba;2. CONTRA LA LIBERTAD;2022;1.917
Córdoba;2. CONTRA LA LIBERTAD;2021;2.053
Córdoba;2. CONTRA LA LIBERTAD;2020;2.071
Córdoba;2. CONTRA LA LIBERTAD;2019;2.078
Córdoba;2. CONTRA LA LIBERTAD;2018;1.847
Córdoba;2.1.-Malos tratos habituales en el ámbito familiar;2024;252
Córdoba;2.1.-Malos tratos habituales en el ámbito familiar;2023;251
Córdoba;2.1.-Malos tratos habituales en el ámbito familiar;2022;225
Córdoba;2.1.-Malos tratos habituales en el ámbito familiar;2021;261
Córdoba;2.1.-Malos tratos habituales en el ámbito familiar;2020;228
Córdoba;2.1.-Malos tratos habituales en el ámbito familiar;2019;230
Córdoba;2.1.-Malos tratos habituales en el ámbito familiar;2018;231
Córdoba;2.2.-Otros contra la libertad;2024;2.204
Córdoba;2.2.-Otros contra la libertad;2023;1.876
Córdoba;2.2.-Otros contra la libertad;2022;1.692
Córdoba;2.2.-Otros contra la libertad;2021;1.792
Córdoba;2.2.-Otros contra la libertad;2020;1.843
Córdoba;2.2.-Otros contra la libertad;2019;1.848
Córdoba;2.2.-Otros contra la libertad;2018;1.616
Córdoba;3. LIBERTAD SEXUAL;2024;217
Córdoba;3. LIBERTAD SEXUAL;2023;220
Córdoba;3. LIBERTAD SEXUAL;2022;190
Córdoba;3. LIBERTAD SEXUAL;2021;168
Córdoba;3. LIBERTAD SEXUAL;2020;173
Córdoba;3. LIBERTAD SEXUAL;2019;163
Córdoba;3. LIBERTAD SEXUAL;2018;147
Córdoba;3.1.-Agresión sexual;2024;146
Córdoba;3.1.-Agresión sexual;2023;132
Córdoba;3.1.-Agresión sexual;2022;130
Córdoba;3.1.-Agresión sexual;2021;110
Córdoba;3.1.-Agresión sexual;2020;103
Córdoba;3.1.-Agresión sexual;2019;107
Córdoba;3.1.-Agresión sexual;2018;88
Córdoba;3.2.-Agresión sexual con penetración;2024;36
Córdoba;3.2.-Agresión sexual con penetración;2023;46
Córdoba;3.2.-Agresión sexual con penetración;2022;37
Córdoba;3.2.-Agresión sexual con penetración;2021;34
Córdoba;3.2.-Agresión sexual con penetración;2020;31
Córdoba;3.2.-Agresión sexual con penetración;2019;23
Córdoba;3.2.-Agresión sexual con penetración;2018;18
Córdoba;3.3.-Corrupción de menores o incapacitados;2024;8
Córdoba;3.3.-Corrupción de menores o incapacitados;2023;7
Córdoba;3.3.-Corrupción de menores o incapacitados;2022;1
Córdoba;3.3.-Corrupción de menores o incapacitados;2021;0
Córdoba;3.3.-Corrupción de menores o incapacitados;2020;6
Córdoba;3.3.-Corrupción de menores o incapacitados;2019;3
Córdoba;3.3.-Corrupción de menores o incapacitados;2018;4
Córdoba;3.4.-Pornografía de menores;2024;8
Córdoba;3.4.-Pornografía de menores;2023;5
Córdoba;3.4.-Pornografía de menores;2022;2
Córdoba;3.4.-Pornografía de menores;2021;4
Córdoba;3.4.-Pornografía de menores;2020;10
Córdoba;3.4.-Pornografía de menores;2019;11
Córdoba;3.4.-Pornografía de menores;2018;12
Córdoba;3.5.-Otros contra la libertad sexual;2024;19
Córdoba;3.5.-Otros contra la libertad sexual;2023;30
Córdoba;3.5.-Otros contra la libertad sexual;2022;20
Córdoba;3.5.-Otros contra la libertad sexual;2021;20
Córdoba;3.5.-Otros contra la libertad sexual;2020;23
Córdoba;3.5.-Otros contra la libertad sexual;2019;19
Córdoba;3.5.-Otros contra la libertad sexual;2018;25
Córdoba;4. RELACIONES FAMILIARES;2024;140
Córdoba;4. RELACIONES FAMILIARES;2023;146
Córdoba;4. RELACIONES FAMILIARES;2022;115
Córdoba;4. RELACIONES FAMILIARES;2021;133
Córdoba;4. RELACIONES FAMILIARES;2020;153
Córdoba;4. RELACIONES FAMILIARES;2019;146
Córdoba;4. RELACIONES FAMILIARES;2018;172
Córdoba;5. PATRIMONIO;2024;5.113
Córdoba;5. PATRIMONIO;2023;4.956
Córdoba;5. PATRIMONIO;2022;4.565
Córdoba;5. PATRIMONIO;2021;3.734
Córdoba;5. PATRIMONIO;2020;3.408
Córdoba;5. PATRIMONIO;2019;3.886
Córdoba;5. PATRIMONIO;2018;4.039
Córdoba;5.1.-Hurtos;2024;1.598
Córdoba;5.1.-Hurtos;2023;1.570
Córdoba;5.1.-Hurtos;2022;1.383
Córdoba;5.1.-Hurtos;2021;982
Córdoba;5.1.-Hurtos;2020;993
Córdoba;5.1.-Hurtos;2019;1.136
Córdoba;5.1.-Hurtos;2018;1.367
Córdoba;5.2.-Robos con fuerza en las cosas;2024;631
Córdoba;5.2.-Robos con fuerza en las cosas;2023;616
Córdoba;5.2.-Robos con fuerza en las cosas;2022;521
Córdoba;5.2.-Robos con fuerza en las cosas;2021;452
Córdoba;5.2.-Robos con fuerza en las cosas;2020;398
Córdoba;5.2.-Robos con fuerza en las cosas;2019;596
Córdoba;5.2.-Robos con fuerza en las cosas;2018;688
Córdoba;5.2.1.-Robos con fuerza en las cosas en el interior de vehículos;2024;146
Córdoba;5.2.1.-Robos con fuerza en las cosas en el interior de vehículos;2023;158
Córdoba;5.2.1.-Robos con fuerza en las cosas en el interior de vehículos;2022;125
Córdoba;5.2.1.-Robos con fuerza en las cosas en el interior de vehículos;2021;74
Córdoba;5.2.1.-Robos con fuerza en las cosas en el interior de vehículos;2020;58
Córdoba;5.2.1.-Robos con fuerza en las cosas en el interior de vehículos;2019;75
Córdoba;5.2.1.-Robos con fuerza en las cosas en el interior de vehículos;2018;113
Córdoba;5.2.2.-Robos con fuerza en viviendas;2024;229
Córdoba;5.2.2.-Robos con fuerza en viviendas;2023;177
Córdoba;5.2.2.-Robos con fuerza en viviendas;2022;183
Córdoba;5.2.2.-Robos con fuerza en viviendas;2021;181
Córdoba;5.2.2.-Robos con fuerza en viviendas;2020;166
Córdoba;5.2.2.-Robos con fuerza en viviendas;2019;245
Córdoba;5.2.2.-Robos con fuerza en viviendas;2018;256
Córdoba;5.2.3.-Robos con fuerza en establecimientos;2024;111
Córdoba;5.2.3.-Robos con fuerza en establecimientos;2023;143
Córdoba;5.2.3.-Robos con fuerza en establecimientos;2022;94
Córdoba;5.2.3.-Robos con fuerza en establecimientos;2021;96
Córdoba;5.2.3.-Robos con fuerza en establecimientos;2020;99
Córdoba;5.2.3.-Robos con fuerza en establecimientos;2019;130
Córdoba;5.2.3.-Robos con fuerza en establecimientos;2018;165
Córdoba;5.3.-Robos con violencia o intimidación;2024;238
Córdoba;5.3.-Robos con violencia o intimidación;2023;218
Córdoba;5.3.-Robos con violencia o intimidación;2022;186
Córdoba;5.3.-Robos con violencia o intimidación;2021;142
Córdoba;5.3.-Robos con violencia o intimidación;2020;153
Córdoba;5.3.-Robos con violencia o intimidación;2019;184
Córdoba;5.3.-Robos con violencia o intimidación;2018;215
Córdoba;5.3.1.-Robos con violencia en vía pública;2024;138
Córdoba;5.3.1.-Robos con violencia en vía pública;2023;131
Córdoba;5.3.1.-Robos con violencia en vía pública;2022;100
Córdoba;5.3.1.-Robos con violencia en vía pública;2021;75
Córdoba;5.3.1.-Robos con violencia en vía pública;2020;87
Córdoba;5.3.1.-Robos con violencia en vía pública;2019;105
Córdoba;5.3.1.-Robos con violencia en vía pública;2018;116
Córdoba;5.3.2.-Robos con violencia en viviendas;2024;44
Córdoba;5.3.2.-Robos con violencia en viviendas;2023;26
Córdoba;5.3.2.-Robos con violencia en viviendas;2022;25
Córdoba;5.3.2.-Robos con violencia en viviendas;2021;25
Córdoba;5.3.2.-Robos con violencia en viviendas;2020;23
Córdoba;5.3.2.-Robos con violencia en viviendas;2019;19
Córdoba;5.3.2.-Robos con violencia en viviendas;2018;25
Córdoba;5.3.3.-Robos con violencia en establecimientos;2024;38
Córdoba;5.3.3.-Robos con violencia en establecimientos;2023;38
Córdoba;5.3.3.-Robos con violencia en establecimientos;2022;47
Córdoba;5.3.3.-Robos con violencia en establecimientos;2021;26
Córdoba;5.3.3.-Robos con violencia en establecimientos;2020;30
Córdoba;5.3.3.-Robos con violencia en establecimientos;2019;42
Córdoba;5.3.3.-Robos con violencia en establecimientos;2018;56
Córdoba;5.4.-Sustracción de vehículos;2024;117
Córdoba;5.4.-Sustracción de vehículos;2023;87
Córdoba;5.4.-Sustracción de vehículos;2022;79
Córdoba;5.4.-Sustracción de vehículos;2021;74
Córdoba;5.4.-Sustracción de vehículos;2020;69
Córdoba;5.4.-Sustracción de vehículos;2019;82
Córdoba;5.4.-Sustracción de vehículos;2018;68
Córdoba;5.5.-Estafas;2024;1.571
Córdoba;5.5.-Estafas;2023;1.501
Córdoba;5.5.-Estafas;2022;1.392
Córdoba;5.5.-Estafas;2021;1.104
Córdoba;5.5.-Estafas;2020;819
Córdoba;5.5.-Estafas;2019;853
Córdoba;5.5.-Estafas;2018;780
Córdoba;5.5.1.-Estafas informáticas;2024;1.207
Córdoba;5.5.1.-Estafas informáticas;2023;1.214
Córdoba;5.5.1.-Estafas informáticas;2022;985
Córdoba;5.5.1.-Estafas informáticas;2021;726
Córdoba;5.5.1.-Estafas informáticas;2020;473
Córdoba;5.5.1.-Estafas informáticas;2019;387
Córdoba;5.5.1.-Estafas informáticas;2018;317
Córdoba;5.6.-Daños;2024;475
Córdoba;5.6.-Daños;2023;480
Córdoba;5.6.-Daños;2022;528
Córdoba;5.6.-Daños;2021;479
Córdoba;5.6.-Daños;2020;492
Córdoba;5.6.-Daños;2019;478
Córdoba;5.6.-Daños;2018;444
Córdoba;5.7.-Contra la propiedad intelectual/industrial;2024;4
Córdoba;5.7.-Contra la propiedad intelectual/industrial;2023;1
Córdoba;5.7.-Contra la propiedad intelectual/industrial;2022;6
Córdoba;5.7.-Contra la propiedad intelectual/industrial;2021;10
Córdoba;5.7.-Contra la propiedad intelectual/industrial;2020;4
Córdoba;5.7.-Contra la propiedad intelectual/industrial;2019;8
Córdoba;5.7.-Contra la propiedad intelectual/industrial;2018;9
Córdoba;5.8.-Blanqueo de capitales;2024;24
Córdoba;5.8.-Blanqueo de capitales;2023;18
Córdoba;5.8.-Blanqueo de capitales;2022;6
Córdoba;5.8.-Blanqueo de capitales;2021;5
Córdoba;5.8.-Blanqueo de capitales;2020;1
Córdoba;5.8.-Blanqueo de capitales;2019;2
Córdoba;5.8.-Blanqueo de capitales;2018;2
Córdoba;5.9.-Otros contra el patrimonio;2024;455
Córdoba;5.9.-Otros contra el patrimonio;2023;465
Córdoba;5.9.-Otros contra el patrimonio;2022;464
Córdoba;5.9.-Otros contra el patrimonio;2021;486
Córdoba;5.9.-Otros contra el patrimonio;2020;479
Córdoba;5.9.-Otros contra el patrimonio;2019;547
Córdoba;5.9.-Otros contra el patrimonio;2018;466
Córdoba;6. SEGURIDAD COLECTIVA;2024;1.337
Córdoba;6. SEGURIDAD COLECTIVA;2023;1.399
Córdoba;6. SEGURIDAD COLECTIVA;2022;1.350
Córdoba;6. SEGURIDAD COLECTIVA;2021;1.218
Córdoba;6. SEGURIDAD COLECTIVA;2020;1.148
Córdoba;6. SEGURIDAD COLECTIVA;2019;1.350
Córdoba;6. SEGURIDAD COLECTIVA;2018;1.111
Córdoba;6.1.-Tráfico de drogas;2024;147
Córdoba;6.1.-Tráfico de drogas;2023;141
Córdoba;6.1.-Tráfico de drogas;2022;147
Córdoba;6.1.-Tráfico de drogas;2021;184
Córdoba;6.1.-Tráfico de drogas;2020;286
Córdoba;6.1.-Tráfico de drogas;2019;288
Córdoba;6.1.-Tráfico de drogas;2018;173
Córdoba;6.2.-Contra la seguridad vial;2024;1.156
Córdoba;6.2.-Contra la seguridad vial;2023;1.225
Córdoba;6.2.-Contra la seguridad vial;2022;1.179
Córdoba;6.2.-Contra la seguridad vial;2021;1.008
Córdoba;6.2.-Contra la seguridad vial;2020;834
Córdoba;6.2.-Contra la seguridad vial;2019;1.029
Córdoba;6.2.-Contra la seguridad vial;2018;917
Córdoba;6.3.-Otros contra la seguridad colectiva;2024;34
Córdoba;6.3.-Otros contra la seguridad colectiva;2023;33
Córdoba;6.3.-Otros contra la seguridad colectiva;2022;24
Córdoba;6.3.-Otros contra la seguridad colectiva;2021;26
Córdoba;6.3.-Otros contra la seguridad colectiva;2020;28
Córdoba;6.3.-Otros contra la seguridad colectiva;2019;33
Córdoba;6.3.-Otros contra la seguridad colectiva;2018;21
Córdoba;7. FALSEDADES;2024;291
Córdoba;7. FALSEDADES;2023;310
Córdoba;7. FALSEDADES;2022;312
Córdoba;7. FALSEDADES;2021;234
Córdoba;7. FALSEDADES;2020;133
Córdoba;7. FALSEDADES;2019;164
Córdoba;7. FALSEDADES;2018;169
Córdoba;8. ADMÓN. PÚBLICA;2024;5
Córdoba;8. ADMÓN. PÚBLICA;2023;10
Córdoba;8. ADMÓN. PÚBLICA;2022;6
Córdoba;8. ADMÓN. PÚBLICA;2021;4
Córdoba;8. ADMÓN. PÚBLICA;2020;5
Córdoba;8. ADMÓN. PÚBLICA;2019;2
Córdoba;8. ADMÓN. PÚBLICA;2018;5
Córdoba;9. ADMÓN. JUSTICIA;2024;798
Córdoba;9. ADMÓN. JUSTICIA;2023;792
Córdoba;9. ADMÓN. JUSTICIA;2022;742
Córdoba;9. ADMÓN. JUSTICIA;2021;635
Córdoba;9. ADMÓN. JUSTICIA;2020;563
Córdoba;9. ADMÓN. JUSTICIA;2019;579
Córdoba;9. ADMÓN. JUSTICIA;2018;665
Córdoba;10. ORDEN PÚBLICO;2024;354
Córdoba;10. ORDEN PÚBLICO;2023;303
Córdoba;10. ORDEN PÚBLICO;2022;309
Córdoba;10. ORDEN PÚBLICO;2021;283
Córdoba;10. ORDEN PÚBLICO;2020;380
Córdoba;10. ORDEN PÚBLICO;2019;289
Córdoba;10. ORDEN PÚBLICO;2018;251
Córdoba;11. LEGISLACIÓN ESPECIAL;2024;7
Córdoba;11. LEGISLACIÓN ESPECIAL;2023;5
Córdoba;11. LEGISLACIÓN ESPECIAL;2022;6
Córdoba;11. LEGISLACIÓN ESPECIAL;2021;5
Córdoba;11. LEGISLACIÓN ESPECIAL;2020;17
Córdoba;11. LEGISLACIÓN ESPECIAL;2019;8
Córdoba;11. LEGISLACIÓN ESPECIAL;2018;7
Córdoba;12. OTRAS INFRACCIONES PENALES;2024;192
Córdoba;12. OTRAS INFRACCIONES PENALES;2023;158
Córdoba;12. OTRAS INFRACCIONES PENALES;2022;166
Córdoba;12. OTRAS INFRACCIONES PENALES;2021;255
Córdoba;12. OTRAS INFRACCIONES PENALES;2020;266
Córdoba;12. OTRAS INFRACCIONES PENALES;2019;158
Córdoba;12. OTRAS INFRACCIONES PENALES;2018;152
Córdoba;TOTAL INFRACCIONES PENALES;2024;14.255
Córdoba;TOTAL INFRACCIONES PENALES;2023;13.651
Córdoba;TOTAL INFRACCIONES PENALES;2022;12.500
Córdoba;TOTAL INFRACCIONES PENALES;2021;11.175
Córdoba;TOTAL INFRACCIONES PENALES;2020;10.637
Córdoba;TOTAL INFRACCIONES PENALES;2019;11.333
Córdoba;TOTAL INFRACCIONES PENALES;2018;11.058
Coruña (A);1. CONTRA LAS PERSONAS;2024;3.663
Coruña (A);1. CONTRA LAS PERSONAS;2023;3.646
Coruña (A);1. CONTRA LAS PERSONAS;2022;3.505
Coruña (A);1. CONTRA LAS PERSONAS;2021;2.843
Coruña (A);1. CONTRA LAS PERSONAS;2020;2.595
Coruña (A);1. CONTRA LAS PERSONAS;2019;2.861
Coruña (A);1. CONTRA LAS PERSONAS;2018;2.901
Coruña (A);1.1.-Homicidios dolosos/asesinatos;2024;24
Coruña (A);1.1.-Homicidios dolosos/asesinatos;2023;28
Coruña (A);1.1.-Homicidios dolosos/asesinatos;2022;23
Coruña (A);1.1.-Homicidios dolosos/asesinatos;2021;20
Coruña (A);1.1.-Homicidios dolosos/asesinatos;2020;13
Coruña (A);1.1.-Homicidios dolosos/asesinatos;2019;13
Coruña (A);1.1.-Homicidios dolosos/asesinatos;2018;17
Coruña (A);1.1.1.-Homicidios dolosos/asesinatos consumados;2024;4
Coruña (A);1.1.1.-Homicidios dolosos/asesinatos consumados;2023;11
Coruña (A);1.1.1.-Homicidios dolosos/asesinatos consumados;2022;1
Coruña (A);1.1.1.-Homicidios dolosos/asesinatos consumados;2021;6
Coruña (A);1.1.1.-Homicidios dolosos/asesinatos consumados;2020;2
Coruña (A);1.1.1.-Homicidios dolosos/asesinatos consumados;2019;5
Coruña (A);1.1.1.-Homicidios dolosos/asesinatos consumados;2018;3
Coruña (A);1.2.-Lesiones;2024;2.073
Coruña (A);1.2.-Lesiones;2023;2.045
Coruña (A);1.2.-Lesiones;2022;2.004
Coruña (A);1.2.-Lesiones;2021;1.585
Coruña (A);1.2.-Lesiones;2020;1.402
Coruña (A);1.2.-Lesiones;2019;1.637
Coruña (A);1.2.-Lesiones;2018;1.692
Coruña (A);1.3.-Malos tratos ámbito familiar;2024;1.424
Coruña (A);1.3.-Malos tratos ámbito familiar;2023;1.464
Coruña (A);1.3.-Malos tratos ámbito familiar;2022;1.398
Coruña (A);1.3.-Malos tratos ámbito familiar;2021;1.153
Coruña (A);1.3.-Malos tratos ámbito familiar;2020;1.123
Coruña (A);1.3.-Malos tratos ámbito familiar;2019;1.149
Coruña (A);1.3.-Malos tratos ámbito familiar;2018;1.124
Coruña (A);1.4.-Otros contra las personas;2024;142
Coruña (A);1.4.-Otros contra las personas;2023;109
Coruña (A);1.4.-Otros contra las personas;2022;80
Coruña (A);1.4.-Otros contra las personas;2021;85
Coruña (A);1.4.-Otros contra las personas;2020;57
Coruña (A);1.4.-Otros contra las personas;2019;62
Coruña (A);1.4.-Otros contra las personas;2018;68
Coruña (A);2. CONTRA LA LIBERTAD;2024;2.769
Coruña (A);2. CONTRA LA LIBERTAD;2023;2.664
Coruña (A);2. CONTRA LA LIBERTAD;2022;2.392
Coruña (A);2. CONTRA LA LIBERTAD;2021;2.279
Coruña (A);2. CONTRA LA LIBERTAD;2020;2.098
Coruña (A);2. CONTRA LA LIBERTAD;2019;2.043
Coruña (A);2. CONTRA LA LIBERTAD;2018;2.119
Coruña (A);2.1.-Malos tratos habituales en el ámbito familiar;2024;496
Coruña (A);2.1.-Malos tratos habituales en el ámbito familiar;2023;491
Coruña (A);2.1.-Malos tratos habituales en el ámbito familiar;2022;366
Coruña (A);2.1.-Malos tratos habituales en el ámbito familiar;2021;331
Coruña (A);2.1.-Malos tratos habituales en el ámbito familiar;2020;323
Coruña (A);2.1.-Malos tratos habituales en el ámbito familiar;2019;361
Coruña (A);2.1.-Malos tratos habituales en el ámbito familiar;2018;305
Coruña (A);2.2.-Otros contra la libertad;2024;2.273
Coruña (A);2.2.-Otros contra la libertad;2023;2.173
Coruña (A);2.2.-Otros contra la libertad;2022;2.026
Coruña (A);2.2.-Otros contra la libertad;2021;1.948
Coruña (A);2.2.-Otros contra la libertad;2020;1.775
Coruña (A);2.2.-Otros contra la libertad;2019;1.682
Coruña (A);2.2.-Otros contra la libertad;2018;1.814
Coruña (A);3. LIBERTAD SEXUAL;2024;282
Coruña (A);3. LIBERTAD SEXUAL;2023;334
Coruña (A);3. LIBERTAD SEXUAL;2022;243
Coruña (A);3. LIBERTAD SEXUAL;2021;226
Coruña (A);3. LIBERTAD SEXUAL;2020;185
Coruña (A);3. LIBERTAD SEXUAL;2019;228
Coruña (A);3. LIBERTAD SEXUAL;2018;161
Coruña (A);3.1.-Agresión sexual;2024;174
Coruña (A);3.1.-Agresión sexual;2023;149
Coruña (A);3.1.-Agresión sexual;2022;140
Coruña (A);3.1.-Agresión sexual;2021;140
Coruña (A);3.1.-Agresión sexual;2020;108
Coruña (A);3.1.-Agresión sexual;2019;132
Coruña (A);3.1.-Agresión sexual;2018;94
Coruña (A);3.2.-Agresión sexual con penetración;2024;56
Coruña (A);3.2.-Agresión sexual con penetración;2023;75
Coruña (A);3.2.-Agresión sexual con penetración;2022;55
Coruña (A);3.2.-Agresión sexual con penetración;2021;46
Coruña (A);3.2.-Agresión sexual con penetración;2020;38
Coruña (A);3.2.-Agresión sexual con penetración;2019;41
Coruña (A);3.2.-Agresión sexual con penetración;2018;27
Coruña (A);3.3.-Corrupción de menores o incapacitados;2024;4
Coruña (A);3.3.-Corrupción de menores o incapacitados;2023;5
Coruña (A);3.3.-Corrupción de menores o incapacitados;2022;6
Coruña (A);3.3.-Corrupción de menores o incapacitados;2021;4
Coruña (A);3.3.-Corrupción de menores o incapacitados;2020;4
Coruña (A);3.3.-Corrupción de menores o incapacitados;2019;3
Coruña (A);3.3.-Corrupción de menores o incapacitados;2018;2
Coruña (A);3.4.-Pornografía de menores;2024;11
Coruña (A);3.4.-Pornografía de menores;2023;21
Coruña (A);3.4.-Pornografía de menores;2022;13
Coruña (A);3.4.-Pornografía de menores;2021;14
Coruña (A);3.4.-Pornografía de menores;2020;14
Coruña (A);3.4.-Pornografía de menores;2019;17
Coruña (A);3.4.-Pornografía de menores;2018;17
Coruña (A);3.5.-Otros contra la libertad sexual;2024;37
Coruña (A);3.5.-Otros contra la libertad sexual;2023;84
Coruña (A);3.5.-Otros contra la libertad sexual;2022;29
Coruña (A);3.5.-Otros contra la libertad sexual;2021;22
Coruña (A);3.5.-Otros contra la libertad sexual;2020;21
Coruña (A);3.5.-Otros contra la libertad sexual;2019;35
Coruña (A);3.5.-Otros contra la libertad sexual;2018;21
Coruña (A);4. RELACIONES FAMILIARES;2024;110
Coruña (A);4. RELACIONES FAMILIARES;2023;63
Coruña (A);4. RELACIONES FAMILIARES;2022;86
Coruña (A);4. RELACIONES FAMILIARES;2021;68
Coruña (A);4. RELACIONES FAMILIARES;2020;84
Coruña (A);4. RELACIONES FAMILIARES;2019;62
Coruña (A);4. RELACIONES FAMILIARES;2018;86
Coruña (A);5. PATRIMONIO;2024;6.887
Coruña (A);5. PATRIMONIO;2023;6.507
Coruña (A);5. PATRIMONIO;2022;6.024
Coruña (A);5. PATRIMONIO;2021;5.347
Coruña (A);5. PATRIMONIO;2020;4.716
Coruña (A);5. PATRIMONIO;2019;5.441
Coruña (A);5. PATRIMONIO;2018;5.411
Coruña (A);5.1.-Hurtos;2024;2.799
Coruña (A);5.1.-Hurtos;2023;2.694
Coruña (A);5.1.-Hurtos;2022;2.494
Coruña (A);5.1.-Hurtos;2021;2.299
Coruña (A);5.1.-Hurtos;2020;1.785
Coruña (A);5.1.-Hurtos;2019;2.330
Coruña (A);5.1.-Hurtos;2018;2.276
Coruña (A);5.2.-Robos con fuerza en las cosas;2024;825
Coruña (A);5.2.-Robos con fuerza en las cosas;2023;756
Coruña (A);5.2.-Robos con fuerza en las cosas;2022;770
Coruña (A);5.2.-Robos con fuerza en las cosas;2021;602
Coruña (A);5.2.-Robos con fuerza en las cosas;2020;603
Coruña (A);5.2.-Robos con fuerza en las cosas;2019;691
Coruña (A);5.2.-Robos con fuerza en las cosas;2018;827
Coruña (A);5.2.1.-Robos con fuerza en las cosas en el interior de vehículos;2024;232
Coruña (A);5.2.1.-Robos con fuerza en las cosas en el interior de vehículos;2023;196
Coruña (A);5.2.1.-Robos con fuerza en las cosas en el interior de vehículos;2022;234
Coruña (A);5.2.1.-Robos con fuerza en las cosas en el interior de vehículos;2021;203
Coruña (A);5.2.1.-Robos con fuerza en las cosas en el interior de vehículos;2020;147
Coruña (A);5.2.1.-Robos con fuerza en las cosas en el interior de vehículos;2019;205
Coruña (A);5.2.1.-Robos con fuerza en las cosas en el interior de vehículos;2018;161
Coruña (A);5.2.2.-Robos con fuerza en viviendas;2024;200
Coruña (A);5.2.2.-Robos con fuerza en viviendas;2023;158
Coruña (A);5.2.2.-Robos con fuerza en viviendas;2022;191
Coruña (A);5.2.2.-Robos con fuerza en viviendas;2021;117
Coruña (A);5.2.2.-Robos con fuerza en viviendas;2020;140
Coruña (A);5.2.2.-Robos con fuerza en viviendas;2019;211
Coruña (A);5.2.2.-Robos con fuerza en viviendas;2018;252
Coruña (A);5.2.3.-Robos con fuerza en establecimientos;2024;269
Coruña (A);5.2.3.-Robos con fuerza en establecimientos;2023;267
Coruña (A);5.2.3.-Robos con fuerza en establecimientos;2022;209
Coruña (A);5.2.3.-Robos con fuerza en establecimientos;2021;187
Coruña (A);5.2.3.-Robos con fuerza en establecimientos;2020;205
Coruña (A);5.2.3.-Robos con fuerza en establecimientos;2019;158
Coruña (A);5.2.3.-Robos con fuerza en establecimientos;2018;248
Coruña (A);5.3.-Robos con violencia o intimidación;2024;258
Coruña (A);5.3.-Robos con violencia o intimidación;2023;291
Coruña (A);5.3.-Robos con violencia o intimidación;2022;199
Coruña (A);5.3.-Robos con violencia o intimidación;2021;270
Coruña (A);5.3.-Robos con violencia o intimidación;2020;209
Coruña (A);5.3.-Robos con violencia o intimidación;2019;214
Coruña (A);5.3.-Robos con violencia o intimidación;2018;208
Coruña (A);5.3.1.-Robos con violencia en vía pública;2024;125
Coruña (A);5.3.1.-Robos con violencia en vía pública;2023;128
Coruña (A);5.3.1.-Robos con violencia en vía pública;2022;91
Coruña (A);5.3.1.-Robos con violencia en vía pública;2021;130
Coruña (A);5.3.1.-Robos con violencia en vía pública;2020;78
Coruña (A);5.3.1.-Robos con violencia en vía pública;2019;82
Coruña (A);5.3.1.-Robos con violencia en vía pública;2018;93
Coruña (A);5.3.2.-Robos con violencia en viviendas;2024;37
Coruña (A);5.3.2.-Robos con violencia en viviendas;2023;28
Coruña (A);5.3.2.-Robos con violencia en viviendas;2022;24
Coruña (A);5.3.2.-Robos con violencia en viviendas;2021;28
Coruña (A);5.3.2.-Robos con violencia en viviendas;2020;34
Coruña (A);5.3.2.-Robos con violencia en viviendas;2019;18
Coruña (A);5.3.2.-Robos con violencia en viviendas;2018;27
Coruña (A);5.3.3.-Robos con violencia en establecimientos;2024;74
Coruña (A);5.3.3.-Robos con violencia en establecimientos;2023;93
Coruña (A);5.3.3.-Robos con violencia en establecimientos;2022;53
Coruña (A);5.3.3.-Robos con violencia en establecimientos;2021;79
Coruña (A);5.3.3.-Robos con violencia en establecimientos;2020;65
Coruña (A);5.3.3.-Robos con violencia en establecimientos;2019;85
Coruña (A);5.3.3.-Robos con violencia en establecimientos;2018;61
Coruña (A);5.4.-Sustracción de vehículos;2024;137
Coruña (A);5.4.-Sustracción de vehículos;2023;123
Coruña (A);5.4.-Sustracción de vehículos;2022;117
Coruña (A);5.4.-Sustracción de vehículos;2021;63
Coruña (A);5.4.-Sustracción de vehículos;2020;86
Coruña (A);5.4.-Sustracción de vehículos;2019;111
Coruña (A);5.4.-Sustracción de vehículos;2018;104
Coruña (A);5.5.-Estafas;2024;1.606
Coruña (A);5.5.-Estafas;2023;1.414
Coruña (A);5.5.-Estafas;2022;1.238
Coruña (A);5.5.-Estafas;2021;1.035
Coruña (A);5.5.-Estafas;2020;1.028
Coruña (A);5.5.-Estafas;2019;1.022
Coruña (A);5.5.-Estafas;2018;870
Coruña (A);5.5.1.-Estafas informáticas;2024;977
Coruña (A);5.5.1.-Estafas informáticas;2023;771
Coruña (A);5.5.1.-Estafas informáticas;2022;651
Coruña (A);5.5.1.-Estafas informáticas;2021;518
Coruña (A);5.5.1.-Estafas informáticas;2020;541
Coruña (A);5.5.1.-Estafas informáticas;2019;466
Coruña (A);5.5.1.-Estafas informáticas;2018;402
Coruña (A);5.6.-Daños;2024;718
Coruña (A);5.6.-Daños;2023;778
Coruña (A);5.6.-Daños;2022;773
Coruña (A);5.6.-Daños;2021;710
Coruña (A);5.6.-Daños;2020;609
Coruña (A);5.6.-Daños;2019;719
Coruña (A);5.6.-Daños;2018;732
Coruña (A);5.7.-Contra la propiedad intelectual/industrial;2024;6
Coruña (A);5.7.-Contra la propiedad intelectual/industrial;2023;12
Coruña (A);5.7.-Contra la propiedad intelectual/industrial;2022;10
Coruña (A);5.7.-Contra la propiedad intelectual/industrial;2021;6
Coruña (A);5.7.-Contra la propiedad intelectual/industrial;2020;3
Coruña (A);5.7.-Contra la propiedad intelectual/industrial;2019;4
Coruña (A);5.7.-Contra la propiedad intelectual/industrial;2018;49
Coruña (A);5.8.-Blanqueo de capitales;2024;14
Coruña (A);5.8.-Blanqueo de capitales;2023;4
Coruña (A);5.8.-Blanqueo de capitales;2022;2
Coruña (A);5.8.-Blanqueo de capitales;2021;3
Coruña (A);5.8.-Blanqueo de capitales;2020;6
Coruña (A);5.8.-Blanqueo de capitales;2019;3
Coruña (A);5.8.-Blanqueo de capitales;2018;5
Coruña (A);5.9.-Otros contra el patrimonio;2024;524
Coruña (A);5.9.-Otros contra el patrimonio;2023;435
Coruña (A);5.9.-Otros contra el patrimonio;2022;421
Coruña (A);5.9.-Otros contra el patrimonio;2021;359
Coruña (A);5.9.-Otros contra el patrimonio;2020;387
Coruña (A);5.9.-Otros contra el patrimonio;2019;347
Coruña (A);5.9.-Otros contra el patrimonio;2018;340
Coruña (A);6. SEGURIDAD COLECTIVA;2024;1.778
Coruña (A);6. SEGURIDAD COLECTIVA;2023;1.847
Coruña (A);6. SEGURIDAD COLECTIVA;2022;2.039
Coruña (A);6. SEGURIDAD COLECTIVA;2021;1.813
Coruña (A);6. SEGURIDAD COLECTIVA;2020;1.661
Coruña (A);6. SEGURIDAD COLECTIVA;2019;1.821
Coruña (A);6. SEGURIDAD COLECTIVA;2018;1.698
Coruña (A);6.1.-Tráfico de drogas;2024;159
Coruña (A);6.1.-Tráfico de drogas;2023;150
Coruña (A);6.1.-Tráfico de drogas;2022;156
Coruña (A);6.1.-Tráfico de drogas;2021;125
Coruña (A);6.1.-Tráfico de drogas;2020;137
Coruña (A);6.1.-Tráfico de drogas;2019;145
Coruña (A);6.1.-Tráfico de drogas;2018;142
Coruña (A);6.2.-Contra la seguridad vial;2024;1.576
Coruña (A);6.2.-Contra la seguridad vial;2023;1.657
Coruña (A);6.2.-Contra la seguridad vial;2022;1.845
Coruña (A);6.2.-Contra la seguridad vial;2021;1.659
Coruña (A);6.2.-Contra la seguridad vial;2020;1.500
Coruña (A);6.2.-Contra la seguridad vial;2019;1.656
Coruña (A);6.2.-Contra la seguridad vial;2018;1.533
Coruña (A);6.3.-Otros contra la seguridad colectiva;2024;43
Coruña (A);6.3.-Otros contra la seguridad colectiva;2023;40
Coruña (A);6.3.-Otros contra la seguridad colectiva;2022;38
Coruña (A);6.3.-Otros contra la seguridad colectiva;2021;29
Coruña (A);6.3.-Otros contra la seguridad colectiva;2020;24
Coruña (A);6.3.-Otros contra la seguridad colectiva;2019;20
Coruña (A);6.3.-Otros contra la seguridad colectiva;2018;23
Coruña (A);7. FALSEDADES;2024;242
Coruña (A);7. FALSEDADES;2023;205
Coruña (A);7. FALSEDADES;2022;199
Coruña (A);7. FALSEDADES;2021;335
Coruña (A);7. FALSEDADES;2020;161
Coruña (A);7. FALSEDADES;2019;200
Coruña (A);7. FALSEDADES;2018;182
Coruña (A);8. ADMÓN. PÚBLICA;2024;5
Coruña (A);8. ADMÓN. PÚBLICA;2023;8
Coruña (A);8. ADMÓN. PÚBLICA;2022;3
Coruña (A);8. ADMÓN. PÚBLICA;2021;4
Coruña (A);8. ADMÓN. PÚBLICA;2020;2
Coruña (A);8. ADMÓN. PÚBLICA;2019;5
Coruña (A);8. ADMÓN. PÚBLICA;2018;5
Coruña (A);9. ADMÓN. JUSTICIA;2024;857
Coruña (A);9. ADMÓN. JUSTICIA;2023;740
Coruña (A);9. ADMÓN. JUSTICIA;2022;668
Coruña (A);9. ADMÓN. JUSTICIA;2021;596
Coruña (A);9. ADMÓN. JUSTICIA;2020;564
Coruña (A);9. ADMÓN. JUSTICIA;2019;572
Coruña (A);9. ADMÓN. JUSTICIA;2018;493
Coruña (A);10. ORDEN PÚBLICO;2024;439
Coruña (A);10. ORDEN PÚBLICO;2023;404
Coruña (A);10. ORDEN PÚBLICO;2022;381
Coruña (A);10. ORDEN PÚBLICO;2021;366
Coruña (A);10. ORDEN PÚBLICO;2020;432
Coruña (A);10. ORDEN PÚBLICO;2019;293
Coruña (A);10. ORDEN PÚBLICO;2018;331
Coruña (A);11. LEGISLACIÓN ESPECIAL;2024;2
Coruña (A);11. LEGISLACIÓN ESPECIAL;2023;1
Coruña (A);11. LEGISLACIÓN ESPECIAL;2022;0
Coruña (A);11. LEGISLACIÓN ESPECIAL;2021;1
Coruña (A);11. LEGISLACIÓN ESPECIAL;2020;1
Coruña (A);11. LEGISLACIÓN ESPECIAL;2019;1
Coruña (A);11. LEGISLACIÓN ESPECIAL;2018;1
Coruña (A);12. OTRAS INFRACCIONES PENALES;2024;209
Coruña (A);12. OTRAS INFRACCIONES PENALES;2023;221
Coruña (A);12. OTRAS INFRACCIONES PENALES;2022;165
Coruña (A);12. OTRAS INFRACCIONES PENALES;2021;153
Coruña (A);12. OTRAS INFRACCIONES PENALES;2020;151
Coruña (A);12. OTRAS INFRACCIONES PENALES;2019;169
Coruña (A);12. OTRAS INFRACCIONES PENALES;2018;188
Coruña (A);TOTAL INFRACCIONES PENALES;2024;17.243
Coruña (A);TOTAL INFRACCIONES PENALES;2023;16.640
Coruña (A);TOTAL INFRACCIONES PENALES;2022;15.705
Coruña (A);TOTAL INFRACCIONES PENALES;2021;14.031
Coruña (A);TOTAL INFRACCIONES PENALES;2020;12.650
Coruña (A);TOTAL INFRACCIONES PENALES;2019;13.696
Coruña (A);TOTAL INFRACCIONES PENALES;2018;13.576
Cuenca;1. CONTRA LAS PERSONAS;2024;829
Cuenca;1. CONTRA LAS PERSONAS;2023;840
Cuenca;1. CONTRA LAS PERSONAS;2022;728
Cuenca;1. CONTRA LAS PERSONAS;2021;697
Cuenca;1. CONTRA LAS PERSONAS;2020;527
Cuenca;1. CONTRA LAS PERSONAS;2019;635
Cuenca;1. CONTRA LAS PERSONAS;2018;579
Cuenca;1.1.-Homicidios dolosos/asesinatos;2024;5
Cuenca;1.1.-Homicidios dolosos/asesinatos;2023;7
Cuenca;1.1.-Homicidios dolosos/asesinatos;2022;6
Cuenca;1.1.-Homicidios dolosos/asesinatos;2021;8
Cuenca;1.1.-Homicidios dolosos/asesinatos;2020;4
Cuenca;1.1.-Homicidios dolosos/asesinatos;2019;9
Cuenca;1.1.-Homicidios dolosos/asesinatos;2018;6
Cuenca;1.1.1.-Homicidios dolosos/asesinatos consumados;2024;3
Cuenca;1.1.1.-Homicidios dolosos/asesinatos consumados;2023;3
Cuenca;1.1.1.-Homicidios dolosos/asesinatos consumados;2022;1
Cuenca;1.1.1.-Homicidios dolosos/asesinatos consumados;2021;2
Cuenca;1.1.1.-Homicidios dolosos/asesinatos consumados;2020;0
Cuenca;1.1.1.-Homicidios dolosos/asesinatos consumados;2019;5
Cuenca;1.1.1.-Homicidios dolosos/asesinatos consumados;2018;1
Cuenca;1.2.-Lesiones;2024;489
Cuenca;1.2.-Lesiones;2023;499
Cuenca;1.2.-Lesiones;2022;426
Cuenca;1.2.-Lesiones;2021;427
Cuenca;1.2.-Lesiones;2020;290
Cuenca;1.2.-Lesiones;2019;371
Cuenca;1.2.-Lesiones;2018;347
Cuenca;1.3.-Malos tratos ámbito familiar;2024;321
Cuenca;1.3.-Malos tratos ámbito familiar;2023;315
Cuenca;1.3.-Malos tratos ámbito familiar;2022;277
Cuenca;1.3.-Malos tratos ámbito familiar;2021;248
Cuenca;1.3.-Malos tratos ámbito familiar;2020;224
Cuenca;1.3.-Malos tratos ámbito familiar;2019;250
Cuenca;1.3.-Malos tratos ámbito familiar;2018;218
Cuenca;1.4.-Otros contra las personas;2024;14
Cuenca;1.4.-Otros contra las personas;2023;19
Cuenca;1.4.-Otros contra las personas;2022;19
Cuenca;1.4.-Otros contra las personas;2021;14
Cuenca;1.4.-Otros contra las personas;2020;9
Cuenca;1.4.-Otros contra las personas;2019;5
Cuenca;1.4.-Otros contra las personas;2018;8
Cuenca;2. CONTRA LA LIBERTAD;2024;478
Cuenca;2. CONTRA LA LIBERTAD;2023;419
Cuenca;2. CONTRA LA LIBERTAD;2022;443
Cuenca;2. CONTRA LA LIBERTAD;2021;460
Cuenca;2. CONTRA LA LIBERTAD;2020;390
Cuenca;2. CONTRA LA LIBERTAD;2019;373
Cuenca;2. CONTRA LA LIBERTAD;2018;407
Cuenca;2.1.-Malos tratos habituales en el ámbito familiar;2024;65
Cuenca;2.1.-Malos tratos habituales en el ámbito familiar;2023;86
Cuenca;2.1.-Malos tratos habituales en el ámbito familiar;2022;76
Cuenca;2.1.-Malos tratos habituales en el ámbito familiar;2021;67
Cuenca;2.1.-Malos tratos habituales en el ámbito familiar;2020;60
Cuenca;2.1.-Malos tratos habituales en el ámbito familiar;2019;67
Cuenca;2.1.-Malos tratos habituales en el ámbito familiar;2018;87
Cuenca;2.2.-Otros contra la libertad;2024;413
Cuenca;2.2.-Otros contra la libertad;2023;333
Cuenca;2.2.-Otros contra la libertad;2022;367
Cuenca;2.2.-Otros contra la libertad;2021;393
Cuenca;2.2.-Otros contra la libertad;2020;330
Cuenca;2.2.-Otros contra la libertad;2019;306
Cuenca;2.2.-Otros contra la libertad;2018;320
Cuenca;3. LIBERTAD SEXUAL;2024;62
Cuenca;3. LIBERTAD SEXUAL;2023;51
Cuenca;3. LIBERTAD SEXUAL;2022;49
Cuenca;3. LIBERTAD SEXUAL;2021;62
Cuenca;3. LIBERTAD SEXUAL;2020;34
Cuenca;3. LIBERTAD SEXUAL;2019;55
Cuenca;3. LIBERTAD SEXUAL;2018;34
Cuenca;3.1.-Agresión sexual;2024;40
Cuenca;3.1.-Agresión sexual;2023;32
Cuenca;3.1.-Agresión sexual;2022;29
Cuenca;3.1.-Agresión sexual;2021;41
Cuenca;3.1.-Agresión sexual;2020;18
Cuenca;3.1.-Agresión sexual;2019;33
Cuenca;3.1.-Agresión sexual;2018;18
Cuenca;3.2.-Agresión sexual con penetración;2024;10
Cuenca;3.2.-Agresión sexual con penetración;2023;8
Cuenca;3.2.-Agresión sexual con penetración;2022;14
Cuenca;3.2.-Agresión sexual con penetración;2021;10
Cuenca;3.2.-Agresión sexual con penetración;2020;12
Cuenca;3.2.-Agresión sexual con penetración;2019;8
Cuenca;3.2.-Agresión sexual con penetración;2018;13
Cuenca;3.3.-Corrupción de menores o incapacitados;2024;0
Cuenca;3.3.-Corrupción de menores o incapacitados;2023;1
Cuenca;3.3.-Corrupción de menores o incapacitados;2022;1
Cuenca;3.3.-Corrupción de menores o incapacitados;2021;3
Cuenca;3.3.-Corrupción de menores o incapacitados;2020;0
Cuenca;3.3.-Corrupción de menores o incapacitados;2019;2
Cuenca;3.3.-Corrupción de menores o incapacitados;2018;0
Cuenca;3.4.-Pornografía de menores;2024;3
Cuenca;3.4.-Pornografía de menores;2023;3
Cuenca;3.4.-Pornografía de menores;2022;1
Cuenca;3.4.-Pornografía de menores;2021;1
Cuenca;3.4.-Pornografía de menores;2020;2
Cuenca;3.4.-Pornografía de menores;2019;1
Cuenca;3.4.-Pornografía de menores;2018;0
Cuenca;3.5.-Otros contra la libertad sexual;2024;9
Cuenca;3.5.-Otros contra la libertad sexual;2023;7
Cuenca;3.5.-Otros contra la libertad sexual;2022;4
Cuenca;3.5.-Otros contra la libertad sexual;2021;7
Cuenca;3.5.-Otros contra la libertad sexual;2020;2
Cuenca;3.5.-Otros contra la libertad sexual;2019;11
Cuenca;3.5.-Otros contra la libertad sexual;2018;3
Cuenca;4. RELACIONES FAMILIARES;2024;22
Cuenca;4. RELACIONES FAMILIARES;2023;26
Cuenca;4. RELACIONES FAMILIARES;2022;21
Cuenca;4. RELACIONES FAMILIARES;2021;13
Cuenca;4. RELACIONES FAMILIARES;2020;15
Cuenca;4. RELACIONES FAMILIARES;2019;15
Cuenca;4. RELACIONES FAMILIARES;2018;23
Cuenca;5. PATRIMONIO;2024;1.188
Cuenca;5. PATRIMONIO;2023;1.016
Cuenca;5. PATRIMONIO;2022;975
Cuenca;5. PATRIMONIO;2021;858
Cuenca;5. PATRIMONIO;2020;695
Cuenca;5. PATRIMONIO;2019;771
Cuenca;5. PATRIMONIO;2018;692
Cuenca;5.1.-Hurtos;2024;242
Cuenca;5.1.-Hurtos;2023;207
Cuenca;5.1.-Hurtos;2022;165
Cuenca;5.1.-Hurtos;2021;140
Cuenca;5.1.-Hurtos;2020;159
Cuenca;5.1.-Hurtos;2019;163
Cuenca;5.1.-Hurtos;2018;155
Cuenca;5.2.-Robos con fuerza en las cosas;2024;183
Cuenca;5.2.-Robos con fuerza en las cosas;2023;176
Cuenca;5.2.-Robos con fuerza en las cosas;2022;170
Cuenca;5.2.-Robos con fuerza en las cosas;2021;99
Cuenca;5.2.-Robos con fuerza en las cosas;2020;102
Cuenca;5.2.-Robos con fuerza en las cosas;2019;119
Cuenca;5.2.-Robos con fuerza en las cosas;2018;105
Cuenca;5.2.1.-Robos con fuerza en las cosas en el interior de vehículos;2024;45
Cuenca;5.2.1.-Robos con fuerza en las cosas en el interior de vehículos;2023;36
Cuenca;5.2.1.-Robos con fuerza en las cosas en el interior de vehículos;2022;36
Cuenca;5.2.1.-Robos con fuerza en las cosas en el interior de vehículos;2021;20
Cuenca;5.2.1.-Robos con fuerza en las cosas en el interior de vehículos;2020;22
Cuenca;5.2.1.-Robos con fuerza en las cosas en el interior de vehículos;2019;15
Cuenca;5.2.1.-Robos con fuerza en las cosas en el interior de vehículos;2018;16
Cuenca;5.2.2.-Robos con fuerza en viviendas;2024;37
Cuenca;5.2.2.-Robos con fuerza en viviendas;2023;54
Cuenca;5.2.2.-Robos con fuerza en viviendas;2022;36
Cuenca;5.2.2.-Robos con fuerza en viviendas;2021;28
Cuenca;5.2.2.-Robos con fuerza en viviendas;2020;24
Cuenca;5.2.2.-Robos con fuerza en viviendas;2019;39
Cuenca;5.2.2.-Robos con fuerza en viviendas;2018;43
Cuenca;5.2.3.-Robos con fuerza en establecimientos;2024;32
Cuenca;5.2.3.-Robos con fuerza en establecimientos;2023;34
Cuenca;5.2.3.-Robos con fuerza en establecimientos;2022;45
Cuenca;5.2.3.-Robos con fuerza en establecimientos;2021;17
Cuenca;5.2.3.-Robos con fuerza en establecimientos;2020;25
Cuenca;5.2.3.-Robos con fuerza en establecimientos;2019;20
Cuenca;5.2.3.-Robos con fuerza en establecimientos;2018;21
Cuenca;5.3.-Robos con violencia o intimidación;2024;55
Cuenca;5.3.-Robos con violencia o intimidación;2023;24
Cuenca;5.3.-Robos con violencia o intimidación;2022;27
Cuenca;5.3.-Robos con violencia o intimidación;2021;41
Cuenca;5.3.-Robos con violencia o intimidación;2020;40
Cuenca;5.3.-Robos con violencia o intimidación;2019;53
Cuenca;5.3.-Robos con violencia o intimidación;2018;26
Cuenca;5.3.1.-Robos con violencia en vía pública;2024;24
Cuenca;5.3.1.-Robos con violencia en vía pública;2023;8
Cuenca;5.3.1.-Robos con violencia en vía pública;2022;13
Cuenca;5.3.1.-Robos con violencia en vía pública;2021;15
Cuenca;5.3.1.-Robos con violencia en vía pública;2020;13
Cuenca;5.3.1.-Robos con violencia en vía pública;2019;29
Cuenca;5.3.1.-Robos con violencia en vía pública;2018;15
Cuenca;5.3.2.-Robos con violencia en viviendas;2024;13
Cuenca;5.3.2.-Robos con violencia en viviendas;2023;8
Cuenca;5.3.2.-Robos con violencia en viviendas;2022;7
Cuenca;5.3.2.-Robos con violencia en viviendas;2021;7
Cuenca;5.3.2.-Robos con violencia en viviendas;2020;6
Cuenca;5.3.2.-Robos con violencia en viviendas;2019;6
Cuenca;5.3.2.-Robos con violencia en viviendas;2018;7
Cuenca;5.3.3.-Robos con violencia en establecimientos;2024;11
Cuenca;5.3.3.-Robos con violencia en establecimientos;2023;5
Cuenca;5.3.3.-Robos con violencia en establecimientos;2022;4
Cuenca;5.3.3.-Robos con violencia en establecimientos;2021;11
Cuenca;5.3.3.-Robos con violencia en establecimientos;2020;20
Cuenca;5.3.3.-Robos con violencia en establecimientos;2019;10
Cuenca;5.3.3.-Robos con violencia en establecimientos;2018;2
Cuenca;5.4.-Sustracción de vehículos;2024;23
Cuenca;5.4.-Sustracción de vehículos;2023;20
Cuenca;5.4.-Sustracción de vehículos;2022;16
Cuenca;5.4.-Sustracción de vehículos;2021;15
Cuenca;5.4.-Sustracción de vehículos;2020;13
Cuenca;5.4.-Sustracción de vehículos;2019;14
Cuenca;5.4.-Sustracción de vehículos;2018;16
Cuenca;5.5.-Estafas;2024;376
Cuenca;5.5.-Estafas;2023;304
Cuenca;5.5.-Estafas;2022;293
Cuenca;5.5.-Estafas;2021;279
Cuenca;5.5.-Estafas;2020;190
Cuenca;5.5.-Estafas;2019;205
Cuenca;5.5.-Estafas;2018;161
Cuenca;5.5.1.-Estafas informáticas;2024;277
Cuenca;5.5.1.-Estafas informáticas;2023;231
Cuenca;5.5.1.-Estafas informáticas;2022;210
Cuenca;5.5.1.-Estafas informáticas;2021;204
Cuenca;5.5.1.-Estafas informáticas;2020;127
Cuenca;5.5.1.-Estafas informáticas;2019;112
Cuenca;5.5.1.-Estafas informáticas;2018;68
Cuenca;5.6.-Daños;2024;180
Cuenca;5.6.-Daños;2023;185
Cuenca;5.6.-Daños;2022;168
Cuenca;5.6.-Daños;2021;171
Cuenca;5.6.-Daños;2020;120
Cuenca;5.6.-Daños;2019;147
Cuenca;5.6.-Daños;2018;150
Cuenca;5.7.-Contra la propiedad intelectual/industrial;2024;18
Cuenca;5.7.-Contra la propiedad intelectual/industrial;2023;13
Cuenca;5.7.-Contra la propiedad intelectual/industrial;2022;3
Cuenca;5.7.-Contra la propiedad intelectual/industrial;2021;4
Cuenca;5.7.-Contra la propiedad intelectual/industrial;2020;1
Cuenca;5.7.-Contra la propiedad intelectual/industrial;2019;1
Cuenca;5.7.-Contra la propiedad intelectual/industrial;2018;3
Cuenca;5.8.-Blanqueo de capitales;2024;8
Cuenca;5.8.-Blanqueo de capitales;2023;2
Cuenca;5.8.-Blanqueo de capitales;2022;2
Cuenca;5.8.-Blanqueo de capitales;2021;1
Cuenca;5.8.-Blanqueo de capitales;2020;1
Cuenca;5.8.-Blanqueo de capitales;2019;3
Cuenca;5.8.-Blanqueo de capitales;2018;0
Cuenca;5.9.-Otros contra el patrimonio;2024;103
Cuenca;5.9.-Otros contra el patrimonio;2023;85
Cuenca;5.9.-Otros contra el patrimonio;2022;131
Cuenca;5.9.-Otros contra el patrimonio;2021;108
Cuenca;5.9.-Otros contra el patrimonio;2020;69
Cuenca;5.9.-Otros contra el patrimonio;2019;66
Cuenca;5.9.-Otros contra el patrimonio;2018;76
Cuenca;6. SEGURIDAD COLECTIVA;2024;416
Cuenca;6. SEGURIDAD COLECTIVA;2023;382
Cuenca;6. SEGURIDAD COLECTIVA;2022;353
Cuenca;6. SEGURIDAD COLECTIVA;2021;327
Cuenca;6. SEGURIDAD COLECTIVA;2020;270
Cuenca;6. SEGURIDAD COLECTIVA;2019;291
Cuenca;6. SEGURIDAD COLECTIVA;2018;242
Cuenca;6.1.-Tráfico de drogas;2024;45
Cuenca;6.1.-Tráfico de drogas;2023;49
Cuenca;6.1.-Tráfico de drogas;2022;47
Cuenca;6.1.-Tráfico de drogas;2021;50
Cuenca;6.1.-Tráfico de drogas;2020;54
Cuenca;6.1.-Tráfico de drogas;2019;37
Cuenca;6.1.-Tráfico de drogas;2018;26
Cuenca;6.2.-Contra la seguridad vial;2024;361
Cuenca;6.2.-Contra la seguridad vial;2023;325
Cuenca;6.2.-Contra la seguridad vial;2022;296
Cuenca;6.2.-Contra la seguridad vial;2021;269
Cuenca;6.2.-Contra la seguridad vial;2020;213
Cuenca;6.2.-Contra la seguridad vial;2019;244
Cuenca;6.2.-Contra la seguridad vial;2018;214
Cuenca;6.3.-Otros contra la seguridad colectiva;2024;10
Cuenca;6.3.-Otros contra la seguridad colectiva;2023;8
Cuenca;6.3.-Otros contra la seguridad colectiva;2022;10
Cuenca;6.3.-Otros contra la seguridad colectiva;2021;8
Cuenca;6.3.-Otros contra la seguridad colectiva;2020;3
Cuenca;6.3.-Otros contra la seguridad colectiva;2019;10
Cuenca;6.3.-Otros contra la seguridad colectiva;2018;2
Cuenca;7. FALSEDADES;2024;57
Cuenca;7. FALSEDADES;2023;56
Cuenca;7. FALSEDADES;2022;45
Cuenca;7. FALSEDADES;2021;59
Cuenca;7. FALSEDADES;2020;36
Cuenca;7. FALSEDADES;2019;51
Cuenca;7. FALSEDADES;2018;45
Cuenca;8. ADMÓN. PÚBLICA;2024;1
Cuenca;8. ADMÓN. PÚBLICA;2023;3
Cuenca;8. ADMÓN. PÚBLICA;2022;0
Cuenca;8. ADMÓN. PÚBLICA;2021;6
Cuenca;8. ADMÓN. PÚBLICA;2020;2
Cuenca;8. ADMÓN. PÚBLICA;2019;17
Cuenca;8. ADMÓN. PÚBLICA;2018;20
Cuenca;9. ADMÓN. JUSTICIA;2024;189
Cuenca;9. ADMÓN. JUSTICIA;2023;192
Cuenca;9. ADMÓN. JUSTICIA;2022;168
Cuenca;9. ADMÓN. JUSTICIA;2021;144
Cuenca;9. ADMÓN. JUSTICIA;2020;122
Cuenca;9. ADMÓN. JUSTICIA;2019;129
Cuenca;9. ADMÓN. JUSTICIA;2018;111
Cuenca;10. ORDEN PÚBLICO;2024;96
Cuenca;10. ORDEN PÚBLICO;2023;79
Cuenca;10. ORDEN PÚBLICO;2022;52
Cuenca;10. ORDEN PÚBLICO;2021;87
Cuenca;10. ORDEN PÚBLICO;2020;74
Cuenca;10. ORDEN PÚBLICO;2019;51
Cuenca;10. ORDEN PÚBLICO;2018;45
Cuenca;11. LEGISLACIÓN ESPECIAL;2024;3
Cuenca;11. LEGISLACIÓN ESPECIAL;2023;0
Cuenca;11. LEGISLACIÓN ESPECIAL;2022;0
Cuenca;11. LEGISLACIÓN ESPECIAL;2021;0
Cuenca;11. LEGISLACIÓN ESPECIAL;2020;0
Cuenca;11. LEGISLACIÓN ESPECIAL;2019;2
Cuenca;11. LEGISLACIÓN ESPECIAL;2018;1
Cuenca;12. OTRAS INFRACCIONES PENALES;2024;52
Cuenca;12. OTRAS INFRACCIONES PENALES;2023;74
Cuenca;12. OTRAS INFRACCIONES PENALES;2022;58
Cuenca;12. OTRAS INFRACCIONES PENALES;2021;60
Cuenca;12. OTRAS INFRACCIONES PENALES;2020;75
Cuenca;12. OTRAS INFRACCIONES PENALES;2019;48
Cuenca;12. OTRAS INFRACCIONES PENALES;2018;45
Cuenca;TOTAL INFRACCIONES PENALES;2024;3.393
Cuenca;TOTAL INFRACCIONES PENALES;2023;3.138
Cuenca;TOTAL INFRACCIONES PENALES;2022;2.892
Cuenca;TOTAL INFRACCIONES PENALES;2021;2.773
Cuenca;TOTAL INFRACCIONES PENALES;2020;2.240
Cuenca;TOTAL INFRACCIONES PENALES;2019;2.438
Cuenca;TOTAL INFRACCIONES PENALES;2018;2.244
Girona;1. CONTRA LAS PERSONAS;2024;2.655
Girona;1. CONTRA LAS PERSONAS;2023;2.539
Girona;1. CONTRA LAS PERSONAS;2022;2.555
Girona;1. CONTRA LAS PERSONAS;2021;2.117
Girona;1. CONTRA LAS PERSONAS;2020;1.867
Girona;1. CONTRA LAS PERSONAS;2019;2.393
Girona;1. CONTRA LAS PERSONAS;2018;2.252
Girona;1.1.-Homicidios dolosos/asesinatos;2024;20
Girona;1.1.-Homicidios dolosos/asesinatos;2023;22
Girona;1.1.-Homicidios dolosos/asesinatos;2022;24
Girona;1.1.-Homicidios dolosos/asesinatos;2021;24
Girona;1.1.-Homicidios dolosos/asesinatos;2020;20
Girona;1.1.-Homicidios dolosos/asesinatos;2019;22
Girona;1.1.-Homicidios dolosos/asesinatos;2018;15
Girona;1.1.1.-Homicidios dolosos/asesinatos consumados;2024;7
Girona;1.1.1.-Homicidios dolosos/asesinatos consumados;2023;5
Girona;1.1.1.-Homicidios dolosos/asesinatos consumados;2022;12
Girona;1.1.1.-Homicidios dolosos/asesinatos consumados;2021;5
Girona;1.1.1.-Homicidios dolosos/asesinatos consumados;2020;4
Girona;1.1.1.-Homicidios dolosos/asesinatos consumados;2019;0
Girona;1.1.1.-Homicidios dolosos/asesinatos consumados;2018;0
Girona;1.2.-Lesiones;2024;1.569
Girona;1.2.-Lesiones;2023;1.498
Girona;1.2.-Lesiones;2022;1.476
Girona;1.2.-Lesiones;2021;1.174
Girona;1.2.-Lesiones;2020;976
Girona;1.2.-Lesiones;2019;1.379
Girona;1.2.-Lesiones;2018;1.305
Girona;1.3.-Malos tratos ámbito familiar;2024;1.011
Girona;1.3.-Malos tratos ámbito familiar;2023;968
Girona;1.3.-Malos tratos ámbito familiar;2022;1.005
Girona;1.3.-Malos tratos ámbito familiar;2021;880
Girona;1.3.-Malos tratos ámbito familiar;2020;839
Girona;1.3.-Malos tratos ámbito familiar;2019;956
Girona;1.3.-Malos tratos ámbito familiar;2018;895
Girona;1.4.-Otros contra las personas;2024;55
Girona;1.4.-Otros contra las personas;2023;51
Girona;1.4.-Otros contra las personas;2022;50
Girona;1.4.-Otros contra las personas;2021;39
Girona;1.4.-Otros contra las personas;2020;32
Girona;1.4.-Otros contra las personas;2019;36
Girona;1.4.-Otros contra las personas;2018;37
Girona;2. CONTRA LA LIBERTAD;2024;2.144
Girona;2. CONTRA LA LIBERTAD;2023;2.080
Girona;2. CONTRA LA LIBERTAD;2022;1.927
Girona;2. CONTRA LA LIBERTAD;2021;1.899
Girona;2. CONTRA LA LIBERTAD;2020;1.418
Girona;2. CONTRA LA LIBERTAD;2019;1.823
Girona;2. CONTRA LA LIBERTAD;2018;1.877
Girona;2.1.-Malos tratos habituales en el ámbito familiar;2024;173
Girona;2.1.-Malos tratos habituales en el ámbito familiar;2023;222
Girona;2.1.-Malos tratos habituales en el ámbito familiar;2022;163
Girona;2.1.-Malos tratos habituales en el ámbito familiar;2021;188
Girona;2.1.-Malos tratos habituales en el ámbito familiar;2020;123
Girona;2.1.-Malos tratos habituales en el ámbito familiar;2019;174
Girona;2.1.-Malos tratos habituales en el ámbito familiar;2018;161
Girona;2.2.-Otros contra la libertad;2024;1.971
Girona;2.2.-Otros contra la libertad;2023;1.858
Girona;2.2.-Otros contra la libertad;2022;1.764
Girona;2.2.-Otros contra la libertad;2021;1.711
Girona;2.2.-Otros contra la libertad;2020;1.295
Girona;2.2.-Otros contra la libertad;2019;1.649
Girona;2.2.-Otros contra la libertad;2018;1.716
Girona;3. LIBERTAD SEXUAL;2024;426
Girona;3. LIBERTAD SEXUAL;2023;348
Girona;3. LIBERTAD SEXUAL;2022;285
Girona;3. LIBERTAD SEXUAL;2021;271
Girona;3. LIBERTAD SEXUAL;2020;186
Girona;3. LIBERTAD SEXUAL;2019;264
Girona;3. LIBERTAD SEXUAL;2018;226
Girona;3.1.-Agresión sexual;2024;219
Girona;3.1.-Agresión sexual;2023;166
Girona;3.1.-Agresión sexual;2022;174
Girona;3.1.-Agresión sexual;2021;165
Girona;3.1.-Agresión sexual;2020;105
Girona;3.1.-Agresión sexual;2019;150
Girona;3.1.-Agresión sexual;2018;115
Girona;3.2.-Agresión sexual con penetración;2024;158
Girona;3.2.-Agresión sexual con penetración;2023;139
Girona;3.2.-Agresión sexual con penetración;2022;91
Girona;3.2.-Agresión sexual con penetración;2021;86
Girona;3.2.-Agresión sexual con penetración;2020;63
Girona;3.2.-Agresión sexual con penetración;2019;79
Girona;3.2.-Agresión sexual con penetración;2018;75
Girona;3.3.-Corrupción de menores o incapacitados;2024;1
Girona;3.3.-Corrupción de menores o incapacitados;2023;0
Girona;3.3.-Corrupción de menores o incapacitados;2022;1
Girona;3.3.-Corrupción de menores o incapacitados;2021;0
Girona;3.3.-Corrupción de menores o incapacitados;2020;1
Girona;3.3.-Corrupción de menores o incapacitados;2019;0
Girona;3.3.-Corrupción de menores o incapacitados;2018;0
Girona;3.4.-Pornografía de menores;2024;13
Girona;3.4.-Pornografía de menores;2023;11
Girona;3.4.-Pornografía de menores;2022;6
Girona;3.4.-Pornografía de menores;2021;4
Girona;3.4.-Pornografía de menores;2020;7
Girona;3.4.-Pornografía de menores;2019;8
Girona;3.4.-Pornografía de menores;2018;14
Girona;3.5.-Otros contra la libertad sexual;2024;35
Girona;3.5.-Otros contra la libertad sexual;2023;32
Girona;3.5.-Otros contra la libertad sexual;2022;13
Girona;3.5.-Otros contra la libertad sexual;2021;16
Girona;3.5.-Otros contra la libertad sexual;2020;10
Girona;3.5.-Otros contra la libertad sexual;2019;27
Girona;3.5.-Otros contra la libertad sexual;2018;22
Girona;4. RELACIONES FAMILIARES;2024;144
Girona;4. RELACIONES FAMILIARES;2023;162
Girona;4. RELACIONES FAMILIARES;2022;169
Girona;4. RELACIONES FAMILIARES;2021;157
Girona;4. RELACIONES FAMILIARES;2020;172
Girona;4. RELACIONES FAMILIARES;2019;184
Girona;4. RELACIONES FAMILIARES;2018;205
Girona;5. PATRIMONIO;2024;6.365
Girona;5. PATRIMONIO;2023;5.598
Girona;5. PATRIMONIO;2022;5.236
Girona;5. PATRIMONIO;2021;4.521
Girona;5. PATRIMONIO;2020;4.016
Girona;5. PATRIMONIO;2019;5.889
Girona;5. PATRIMONIO;2018;6.081
Girona;5.1.-Hurtos;2024;2.243
Girona;5.1.-Hurtos;2023;1.804
Girona;5.1.-Hurtos;2022;1.677
Girona;5.1.-Hurtos;2021;1.101
Girona;5.1.-Hurtos;2020;907
Girona;5.1.-Hurtos;2019;1.422
Girona;5.1.-Hurtos;2018;1.666
Girona;5.2.-Robos con fuerza en las cosas;2024;765
Girona;5.2.-Robos con fuerza en las cosas;2023;701
Girona;5.2.-Robos con fuerza en las cosas;2022;642
Girona;5.2.-Robos con fuerza en las cosas;2021;642
Girona;5.2.-Robos con fuerza en las cosas;2020;584
Girona;5.2.-Robos con fuerza en las cosas;2019;1.227
Girona;5.2.-Robos con fuerza en las cosas;2018;1.179
Girona;5.2.1.-Robos con fuerza en las cosas en el interior de vehículos;2024;147
Girona;5.2.1.-Robos con fuerza en las cosas en el interior de vehículos;2023;125
Girona;5.2.1.-Robos con fuerza en las cosas en el interior de vehículos;2022;154
Girona;5.2.1.-Robos con fuerza en las cosas en el interior de vehículos;2021;158
Girona;5.2.1.-Robos con fuerza en las cosas en el interior de vehículos;2020;0
Girona;5.2.1.-Robos con fuerza en las cosas en el interior de vehículos;2019;218
Girona;5.2.1.-Robos con fuerza en las cosas en el interior de vehículos;2018;186
Girona;5.2.2.-Robos con fuerza en viviendas;2024;261
Girona;5.2.2.-Robos con fuerza en viviendas;2023;227
Girona;5.2.2.-Robos con fuerza en viviendas;2022;197
Girona;5.2.2.-Robos con fuerza en viviendas;2021;223
Girona;5.2.2.-Robos con fuerza en viviendas;2020;242
Girona;5.2.2.-Robos con fuerza en viviendas;2019;1
Girona;5.2.2.-Robos con fuerza en viviendas;2018;0
Girona;5.2.3.-Robos con fuerza en establecimientos;2024;181
Girona;5.2.3.-Robos con fuerza en establecimientos;2023;174
Girona;5.2.3.-Robos con fuerza en establecimientos;2022;141
Girona;5.2.3.-Robos con fuerza en establecimientos;2021;110
Girona;5.2.3.-Robos con fuerza en establecimientos;2020;114
Girona;5.2.3.-Robos con fuerza en establecimientos;2019;0
Girona;5.2.3.-Robos con fuerza en establecimientos;2018;1
Girona;5.3.-Robos con violencia o intimidación;2024;515
Girona;5.3.-Robos con violencia o intimidación;2023;384
Girona;5.3.-Robos con violencia o intimidación;2022;347
Girona;5.3.-Robos con violencia o intimidación;2021;306
Girona;5.3.-Robos con violencia o intimidación;2020;249
Girona;5.3.-Robos con violencia o intimidación;2019;435
Girona;5.3.-Robos con violencia o intimidación;2018;360
Girona;5.3.1.-Robos con violencia en vía pública;2024;268
Girona;5.3.1.-Robos con violencia en vía pública;2023;213
Girona;5.3.1.-Robos con violencia en vía pública;2022;185
Girona;5.3.1.-Robos con violencia en vía pública;2021;171
Girona;5.3.1.-Robos con violencia en vía pública;2020;139
Girona;5.3.1.-Robos con violencia en vía pública;2019;0
Girona;5.3.1.-Robos con violencia en vía pública;2018;0
Girona;5.3.2.-Robos con violencia en viviendas;2024;51
Girona;5.3.2.-Robos con violencia en viviendas;2023;33
Girona;5.3.2.-Robos con violencia en viviendas;2022;40
Girona;5.3.2.-Robos con violencia en viviendas;2021;32
Girona;5.3.2.-Robos con violencia en viviendas;2020;27
Girona;5.3.2.-Robos con violencia en viviendas;2019;0
Girona;5.3.2.-Robos con violencia en viviendas;2018;0
Girona;5.3.3.-Robos con violencia en establecimientos;2024;123
Girona;5.3.3.-Robos con violencia en establecimientos;2023;80
Girona;5.3.3.-Robos con violencia en establecimientos;2022;77
Girona;5.3.3.-Robos con violencia en establecimientos;2021;60
Girona;5.3.3.-Robos con violencia en establecimientos;2020;47
Girona;5.3.3.-Robos con violencia en establecimientos;2019;0
Girona;5.3.3.-Robos con violencia en establecimientos;2018;0
Girona;5.4.-Sustracción de vehículos;2024;292
Girona;5.4.-Sustracción de vehículos;2023;254
Girona;5.4.-Sustracción de vehículos;2022;249
Girona;5.4.-Sustracción de vehículos;2021;187
Girona;5.4.-Sustracción de vehículos;2020;237
Girona;5.4.-Sustracción de vehículos;2019;319
Girona;5.4.-Sustracción de vehículos;2018;303
Girona;5.5.-Estafas;2024;769
Girona;5.5.-Estafas;2023;904
Girona;5.5.-Estafas;2022;798
Girona;5.5.-Estafas;2021;622
Girona;5.5.-Estafas;2020;652
Girona;5.5.-Estafas;2019;974
Girona;5.5.-Estafas;2018;1.087
Girona;5.5.1.-Estafas informáticas;2024;674
Girona;5.5.1.-Estafas informáticas;2023;790
Girona;5.5.1.-Estafas informáticas;2022;670
Girona;5.5.1.-Estafas informáticas;2021;552
Girona;5.5.1.-Estafas informáticas;2020;416
Girona;5.5.1.-Estafas informáticas;2019;320
Girona;5.5.1.-Estafas informáticas;2018;339
Girona;5.6.-Daños;2024;588
Girona;5.6.-Daños;2023;591
Girona;5.6.-Daños;2022;555
Girona;5.6.-Daños;2021;524
Girona;5.6.-Daños;2020;449
Girona;5.6.-Daños;2019;533
Girona;5.6.-Daños;2018;510
Girona;5.7.-Contra la propiedad intelectual/industrial;2024;75
Girona;5.7.-Contra la propiedad intelectual/industrial;2023;46
Girona;5.7.-Contra la propiedad intelectual/industrial;2022;35
Girona;5.7.-Contra la propiedad intelectual/industrial;2021;33
Girona;5.7.-Contra la propiedad intelectual/industrial;2020;23
Girona;5.7.-Contra la propiedad intelectual/industrial;2019;50
Girona;5.7.-Contra la propiedad intelectual/industrial;2018;37
Girona;5.8.-Blanqueo de capitales;2024;12
Girona;5.8.-Blanqueo de capitales;2023;12
Girona;5.8.-Blanqueo de capitales;2022;3
Girona;5.8.-Blanqueo de capitales;2021;3
Girona;5.8.-Blanqueo de capitales;2020;2
Girona;5.8.-Blanqueo de capitales;2019;2
Girona;5.8.-Blanqueo de capitales;2018;1
Girona;5.9.-Otros contra el patrimonio;2024;1.106
Girona;5.9.-Otros contra el patrimonio;2023;902
Girona;5.9.-Otros contra el patrimonio;2022;930
Girona;5.9.-Otros contra el patrimonio;2021;1.103
Girona;5.9.-Otros contra el patrimonio;2020;913
Girona;5.9.-Otros contra el patrimonio;2019;927
Girona;5.9.-Otros contra el patrimonio;2018;938
Girona;6. SEGURIDAD COLECTIVA;2024;2.386
Girona;6. SEGURIDAD COLECTIVA;2023;2.156
Girona;6. SEGURIDAD COLECTIVA;2022;1.996
Girona;6. SEGURIDAD COLECTIVA;2021;1.561
Girona;6. SEGURIDAD COLECTIVA;2020;1.221
Girona;6. SEGURIDAD COLECTIVA;2019;1.632
Girona;6. SEGURIDAD COLECTIVA;2018;1.602
Girona;6.1.-Tráfico de drogas;2024;462
Girona;6.1.-Tráfico de drogas;2023;468
Girona;6.1.-Tráfico de drogas;2022;353
Girona;6.1.-Tráfico de drogas;2021;313
Girona;6.1.-Tráfico de drogas;2020;338
Girona;6.1.-Tráfico de drogas;2019;394
Girona;6.1.-Tráfico de drogas;2018;379
Girona;6.2.-Contra la seguridad vial;2024;1.895
Girona;6.2.-Contra la seguridad vial;2023;1.669
Girona;6.2.-Contra la seguridad vial;2022;1.625
Girona;6.2.-Contra la seguridad vial;2021;1.232
Girona;6.2.-Contra la seguridad vial;2020;865
Girona;6.2.-Contra la seguridad vial;2019;1.214
Girona;6.2.-Contra la seguridad vial;2018;1.208
Girona;6.3.-Otros contra la seguridad colectiva;2024;29
Girona;6.3.-Otros contra la seguridad colectiva;2023;19
Girona;6.3.-Otros contra la seguridad colectiva;2022;18
Girona;6.3.-Otros contra la seguridad colectiva;2021;16
Girona;6.3.-Otros contra la seguridad colectiva;2020;18
Girona;6.3.-Otros contra la seguridad colectiva;2019;24
Girona;6.3.-Otros contra la seguridad colectiva;2018;15
Girona;7. FALSEDADES;2024;328
Girona;7. FALSEDADES;2023;281
Girona;7. FALSEDADES;2022;313
Girona;7. FALSEDADES;2021;271
Girona;7. FALSEDADES;2020;162
Girona;7. FALSEDADES;2019;286
Girona;7. FALSEDADES;2018;254
Girona;8. ADMÓN. PÚBLICA;2024;20
Girona;8. ADMÓN. PÚBLICA;2023;22
Girona;8. ADMÓN. PÚBLICA;2022;63
Girona;8. ADMÓN. PÚBLICA;2021;33
Girona;8. ADMÓN. PÚBLICA;2020;2
Girona;8. ADMÓN. PÚBLICA;2019;4
Girona;8. ADMÓN. PÚBLICA;2018;1
Girona;9. ADMÓN. JUSTICIA;2024;525
Girona;9. ADMÓN. JUSTICIA;2023;484
Girona;9. ADMÓN. JUSTICIA;2022;484
Girona;9. ADMÓN. JUSTICIA;2021;386
Girona;9. ADMÓN. JUSTICIA;2020;397
Girona;9. ADMÓN. JUSTICIA;2019;403
Girona;9. ADMÓN. JUSTICIA;2018;412
Girona;10. ORDEN PÚBLICO;2024;515
Girona;10. ORDEN PÚBLICO;2023;504
Girona;10. ORDEN PÚBLICO;2022;549
Girona;10. ORDEN PÚBLICO;2021;400
Girona;10. ORDEN PÚBLICO;2020;365
Girona;10. ORDEN PÚBLICO;2019;397
Girona;10. ORDEN PÚBLICO;2018;322
Girona;11. LEGISLACIÓN ESPECIAL;2024;1
Girona;11. LEGISLACIÓN ESPECIAL;2023;2
Girona;11. LEGISLACIÓN ESPECIAL;2022;2
Girona;11. LEGISLACIÓN ESPECIAL;2021;1
Girona;11. LEGISLACIÓN ESPECIAL;2020;1
Girona;11. LEGISLACIÓN ESPECIAL;2019;0
Girona;11. LEGISLACIÓN ESPECIAL;2018;1
Girona;12. OTRAS INFRACCIONES PENALES;2024;106
Girona;12. OTRAS INFRACCIONES PENALES;2023;99
Girona;12. OTRAS INFRACCIONES PENALES;2022;77
Girona;12. OTRAS INFRACCIONES PENALES;2021;89
Girona;12. OTRAS INFRACCIONES PENALES;2020;68
Girona;12. OTRAS INFRACCIONES PENALES;2019;72
Girona;12. OTRAS INFRACCIONES PENALES;2018;68
Girona;TOTAL INFRACCIONES PENALES;2024;15.615
Girona;TOTAL INFRACCIONES PENALES;2023;14.275
Girona;TOTAL INFRACCIONES PENALES;2022;13.656
Girona;TOTAL INFRACCIONES PENALES;2021;11.706
Girona;TOTAL INFRACCIONES PENALES;2020;9.875
Girona;TOTAL INFRACCIONES PENALES;2019;13.347
Girona;TOTAL INFRACCIONES PENALES;2018;13.301
Granada;1. CONTRA LAS PERSONAS;2024;3.901
Granada;1. CONTRA LAS PERSONAS;2023;3.715
Granada;1. CONTRA LAS PERSONAS;2022;3.424
Granada;1. CONTRA LAS PERSONAS;2021;3.279
Granada;1. CONTRA LAS PERSONAS;2020;2.895
Granada;1. CONTRA LAS PERSONAS;2019;3.171
Granada;1. CONTRA LAS PERSONAS;2018;2.898
Granada;1.1.-Homicidios dolosos/asesinatos;2024;46
Granada;1.1.-Homicidios dolosos/asesinatos;2023;33
Granada;1.1.-Homicidios dolosos/asesinatos;2022;43
Granada;1.1.-Homicidios dolosos/asesinatos;2021;28
Granada;1.1.-Homicidios dolosos/asesinatos;2020;35
Granada;1.1.-Homicidios dolosos/asesinatos;2019;34
Granada;1.1.-Homicidios dolosos/asesinatos;2018;28
Granada;1.1.1.-Homicidios dolosos/asesinatos consumados;2024;8
Granada;1.1.1.-Homicidios dolosos/asesinatos consumados;2023;8
Granada;1.1.1.-Homicidios dolosos/asesinatos consumados;2022;14
Granada;1.1.1.-Homicidios dolosos/asesinatos consumados;2021;8
Granada;1.1.1.-Homicidios dolosos/asesinatos consumados;2020;9
Granada;1.1.1.-Homicidios dolosos/asesinatos consumados;2019;15
Granada;1.1.1.-Homicidios dolosos/asesinatos consumados;2018;15
Granada;1.2.-Lesiones;2024;1.977
Granada;1.2.-Lesiones;2023;1.901
Granada;1.2.-Lesiones;2022;1.857
Granada;1.2.-Lesiones;2021;1.726
Granada;1.2.-Lesiones;2020;1.426
Granada;1.2.-Lesiones;2019;1.720
Granada;1.2.-Lesiones;2018;1.637
Granada;1.3.-Malos tratos ámbito familiar;2024;1.771
Granada;1.3.-Malos tratos ámbito familiar;2023;1.683
Granada;1.3.-Malos tratos ámbito familiar;2022;1.439
Granada;1.3.-Malos tratos ámbito familiar;2021;1.437
Granada;1.3.-Malos tratos ámbito familiar;2020;1.343
Granada;1.3.-Malos tratos ámbito familiar;2019;1.337
Granada;1.3.-Malos tratos ámbito familiar;2018;1.176
Granada;1.4.-Otros contra las personas;2024;107
Granada;1.4.-Otros contra las personas;2023;98
Granada;1.4.-Otros contra las personas;2022;85
Granada;1.4.-Otros contra las personas;2021;88
Granada;1.4.-Otros contra las personas;2020;91
Granada;1.4.-Otros contra las personas;2019;80
Granada;1.4.-Otros contra las personas;2018;57
Granada;2. CONTRA LA LIBERTAD;2024;2.838
Granada;2. CONTRA LA LIBERTAD;2023;2.653
Granada;2. CONTRA LA LIBERTAD;2022;2.161
Granada;2. CONTRA LA LIBERTAD;2021;2.230
Granada;2. CONTRA LA LIBERTAD;2020;1.983
Granada;2. CONTRA LA LIBERTAD;2019;2.152
Granada;2. CONTRA LA LIBERTAD;2018;2.103
Granada;2.1.-Malos tratos habituales en el ámbito familiar;2024;460
Granada;2.1.-Malos tratos habituales en el ámbito familiar;2023;461
Granada;2.1.-Malos tratos habituales en el ámbito familiar;2022;394
Granada;2.1.-Malos tratos habituales en el ámbito familiar;2021;360
Granada;2.1.-Malos tratos habituales en el ámbito familiar;2020;333
Granada;2.1.-Malos tratos habituales en el ámbito familiar;2019;369
Granada;2.1.-Malos tratos habituales en el ámbito familiar;2018;407
Granada;2.2.-Otros contra la libertad;2024;2.378
Granada;2.2.-Otros contra la libertad;2023;2.192
Granada;2.2.-Otros contra la libertad;2022;1.767
Granada;2.2.-Otros contra la libertad;2021;1.870
Granada;2.2.-Otros contra la libertad;2020;1.650
Granada;2.2.-Otros contra la libertad;2019;1.783
Granada;2.2.-Otros contra la libertad;2018;1.696
Granada;3. LIBERTAD SEXUAL;2024;290
Granada;3. LIBERTAD SEXUAL;2023;278
Granada;3. LIBERTAD SEXUAL;2022;257
Granada;3. LIBERTAD SEXUAL;2021;218
Granada;3. LIBERTAD SEXUAL;2020;173
Granada;3. LIBERTAD SEXUAL;2019;209
Granada;3. LIBERTAD SEXUAL;2018;218
Granada;3.1.-Agresión sexual;2024;185
Granada;3.1.-Agresión sexual;2023;182
Granada;3.1.-Agresión sexual;2022;164
Granada;3.1.-Agresión sexual;2021;118
Granada;3.1.-Agresión sexual;2020;102
Granada;3.1.-Agresión sexual;2019;126
Granada;3.1.-Agresión sexual;2018;142
Granada;3.2.-Agresión sexual con penetración;2024;54
Granada;3.2.-Agresión sexual con penetración;2023;48
Granada;3.2.-Agresión sexual con penetración;2022;59
Granada;3.2.-Agresión sexual con penetración;2021;65
Granada;3.2.-Agresión sexual con penetración;2020;34
Granada;3.2.-Agresión sexual con penetración;2019;46
Granada;3.2.-Agresión sexual con penetración;2018;31
Granada;3.3.-Corrupción de menores o incapacitados;2024;2
Granada;3.3.-Corrupción de menores o incapacitados;2023;2
Granada;3.3.-Corrupción de menores o incapacitados;2022;2
Granada;3.3.-Corrupción de menores o incapacitados;2021;2
Granada;3.3.-Corrupción de menores o incapacitados;2020;2
Granada;3.3.-Corrupción de menores o incapacitados;2019;5
Granada;3.3.-Corrupción de menores o incapacitados;2018;3
Granada;3.4.-Pornografía de menores;2024;7
Granada;3.4.-Pornografía de menores;2023;6
Granada;3.4.-Pornografía de menores;2022;2
Granada;3.4.-Pornografía de menores;2021;7
Granada;3.4.-Pornografía de menores;2020;11
Granada;3.4.-Pornografía de menores;2019;4
Granada;3.4.-Pornografía de menores;2018;15
Granada;3.5.-Otros contra la libertad sexual;2024;42
Granada;3.5.-Otros contra la libertad sexual;2023;40
Granada;3.5.-Otros contra la libertad sexual;2022;30
Granada;3.5.-Otros contra la libertad sexual;2021;26
Granada;3.5.-Otros contra la libertad sexual;2020;24
Granada;3.5.-Otros contra la libertad sexual;2019;28
Granada;3.5.-Otros contra la libertad sexual;2018;27
Granada;4. RELACIONES FAMILIARES;2024;191
Granada;4. RELACIONES FAMILIARES;2023;152
Granada;4. RELACIONES FAMILIARES;2022;132
Granada;4. RELACIONES FAMILIARES;2021;158
Granada;4. RELACIONES FAMILIARES;2020;153
Granada;4. RELACIONES FAMILIARES;2019;148
Granada;4. RELACIONES FAMILIARES;2018;162
Granada;5. PATRIMONIO;2024;8.150
Granada;5. PATRIMONIO;2023;7.681
Granada;5. PATRIMONIO;2022;6.760
Granada;5. PATRIMONIO;2021;5.936
Granada;5. PATRIMONIO;2020;5.010
Granada;5. PATRIMONIO;2019;5.507
Granada;5. PATRIMONIO;2018;5.807
Granada;5.1.-Hurtos;2024;2.644
Granada;5.1.-Hurtos;2023;2.579
Granada;5.1.-Hurtos;2022;2.146
Granada;5.1.-Hurtos;2021;1.731
Granada;5.1.-Hurtos;2020;1.458
Granada;5.1.-Hurtos;2019;2.041
Granada;5.1.-Hurtos;2018;2.054
Granada;5.2.-Robos con fuerza en las cosas;2024;925
Granada;5.2.-Robos con fuerza en las cosas;2023;887
Granada;5.2.-Robos con fuerza en las cosas;2022;784
Granada;5.2.-Robos con fuerza en las cosas;2021;804
Granada;5.2.-Robos con fuerza en las cosas;2020;743
Granada;5.2.-Robos con fuerza en las cosas;2019;710
Granada;5.2.-Robos con fuerza en las cosas;2018;907
Granada;5.2.1.-Robos con fuerza en las cosas en el interior de vehículos;2024;206
Granada;5.2.1.-Robos con fuerza en las cosas en el interior de vehículos;2023;198
Granada;5.2.1.-Robos con fuerza en las cosas en el interior de vehículos;2022;188
Granada;5.2.1.-Robos con fuerza en las cosas en el interior de vehículos;2021;190
Granada;5.2.1.-Robos con fuerza en las cosas en el interior de vehículos;2020;145
Granada;5.2.1.-Robos con fuerza en las cosas en el interior de vehículos;2019;123
Granada;5.2.1.-Robos con fuerza en las cosas en el interior de vehículos;2018;228
Granada;5.2.2.-Robos con fuerza en viviendas;2024;286
Granada;5.2.2.-Robos con fuerza en viviendas;2023;291
Granada;5.2.2.-Robos con fuerza en viviendas;2022;276
Granada;5.2.2.-Robos con fuerza en viviendas;2021;321
Granada;5.2.2.-Robos con fuerza en viviendas;2020;237
Granada;5.2.2.-Robos con fuerza en viviendas;2019;283
Granada;5.2.2.-Robos con fuerza en viviendas;2018;328
Granada;5.2.3.-Robos con fuerza en establecimientos;2024;197
Granada;5.2.3.-Robos con fuerza en establecimientos;2023;185
Granada;5.2.3.-Robos con fuerza en establecimientos;2022;148
Granada;5.2.3.-Robos con fuerza en establecimientos;2021;166
Granada;5.2.3.-Robos con fuerza en establecimientos;2020;217
Granada;5.2.3.-Robos con fuerza en establecimientos;2019;153
Granada;5.2.3.-Robos con fuerza en establecimientos;2018;205
Granada;5.3.-Robos con violencia o intimidación;2024;348
Granada;5.3.-Robos con violencia o intimidación;2023;311
Granada;5.3.-Robos con violencia o intimidación;2022;337
Granada;5.3.-Robos con violencia o intimidación;2021;284
Granada;5.3.-Robos con violencia o intimidación;2020;299
Granada;5.3.-Robos con violencia o intimidación;2019;376
Granada;5.3.-Robos con violencia o intimidación;2018;363
Granada;5.3.1.-Robos con violencia en vía pública;2024;197
Granada;5.3.1.-Robos con violencia en vía pública;2023;164
Granada;5.3.1.-Robos con violencia en vía pública;2022;199
Granada;5.3.1.-Robos con violencia en vía pública;2021;169
Granada;5.3.1.-Robos con violencia en vía pública;2020;142
Granada;5.3.1.-Robos con violencia en vía pública;2019;193
Granada;5.3.1.-Robos con violencia en vía pública;2018;173
Granada;5.3.2.-Robos con violencia en viviendas;2024;26
Granada;5.3.2.-Robos con violencia en viviendas;2023;29
Granada;5.3.2.-Robos con violencia en viviendas;2022;28
Granada;5.3.2.-Robos con violencia en viviendas;2021;28
Granada;5.3.2.-Robos con violencia en viviendas;2020;30
Granada;5.3.2.-Robos con violencia en viviendas;2019;31
Granada;5.3.2.-Robos con violencia en viviendas;2018;36
Granada;5.3.3.-Robos con violencia en establecimientos;2024;96
Granada;5.3.3.-Robos con violencia en establecimientos;2023;98
Granada;5.3.3.-Robos con violencia en establecimientos;2022;89
Granada;5.3.3.-Robos con violencia en establecimientos;2021;66
Granada;5.3.3.-Robos con violencia en establecimientos;2020;100
Granada;5.3.3.-Robos con violencia en establecimientos;2019;109
Granada;5.3.3.-Robos con violencia en establecimientos;2018;112
Granada;5.4.-Sustracción de vehículos;2024;129
Granada;5.4.-Sustracción de vehículos;2023;149
Granada;5.4.-Sustracción de vehículos;2022;112
Granada;5.4.-Sustracción de vehículos;2021;108
Granada;5.4.-Sustracción de vehículos;2020;110
Granada;5.4.-Sustracción de vehículos;2019;118
Granada;5.4.-Sustracción de vehículos;2018;126
Granada;5.5.-Estafas;2024;1.678
Granada;5.5.-Estafas;2023;1.484
Granada;5.5.-Estafas;2022;1.201
Granada;5.5.-Estafas;2021;1.058
Granada;5.5.-Estafas;2020;866
Granada;5.5.-Estafas;2019;876
Granada;5.5.-Estafas;2018;816
Granada;5.5.1.-Estafas informáticas;2024;1.321
Granada;5.5.1.-Estafas informáticas;2023;1.106
Granada;5.5.1.-Estafas informáticas;2022;671
Granada;5.5.1.-Estafas informáticas;2021;622
Granada;5.5.1.-Estafas informáticas;2020;499
Granada;5.5.1.-Estafas informáticas;2019;406
Granada;5.5.1.-Estafas informáticas;2018;306
Granada;5.6.-Daños;2024;716
Granada;5.6.-Daños;2023;658
Granada;5.6.-Daños;2022;603
Granada;5.6.-Daños;2021;657
Granada;5.6.-Daños;2020;564
Granada;5.6.-Daños;2019;575
Granada;5.6.-Daños;2018;605
Granada;5.7.-Contra la propiedad intelectual/industrial;2024;35
Granada;5.7.-Contra la propiedad intelectual/industrial;2023;22
Granada;5.7.-Contra la propiedad intelectual/industrial;2022;12
Granada;5.7.-Contra la propiedad intelectual/industrial;2021;28
Granada;5.7.-Contra la propiedad intelectual/industrial;2020;11
Granada;5.7.-Contra la propiedad intelectual/industrial;2019;17
Granada;5.7.-Contra la propiedad intelectual/industrial;2018;53
Granada;5.8.-Blanqueo de capitales;2024;12
Granada;5.8.-Blanqueo de capitales;2023;16
Granada;5.8.-Blanqueo de capitales;2022;9
Granada;5.8.-Blanqueo de capitales;2021;7
Granada;5.8.-Blanqueo de capitales;2020;5
Granada;5.8.-Blanqueo de capitales;2019;7
Granada;5.8.-Blanqueo de capitales;2018;6
Granada;5.9.-Otros contra el patrimonio;2024;1.663
Granada;5.9.-Otros contra el patrimonio;2023;1.575
Granada;5.9.-Otros contra el patrimonio;2022;1.556
Granada;5.9.-Otros contra el patrimonio;2021;1.259
Granada;5.9.-Otros contra el patrimonio;2020;954
Granada;5.9.-Otros contra el patrimonio;2019;787
Granada;5.9.-Otros contra el patrimonio;2018;877
Granada;6. SEGURIDAD COLECTIVA;2024;2.062
Granada;6. SEGURIDAD COLECTIVA;2023;2.415
Granada;6. SEGURIDAD COLECTIVA;2022;2.272
Granada;6. SEGURIDAD COLECTIVA;2021;2.278
Granada;6. SEGURIDAD COLECTIVA;2020;2.009
Granada;6. SEGURIDAD COLECTIVA;2019;1.803
Granada;6. SEGURIDAD COLECTIVA;2018;1.765
Granada;6.1.-Tráfico de drogas;2024;888
Granada;6.1.-Tráfico de drogas;2023;1.055
Granada;6.1.-Tráfico de drogas;2022;876
Granada;6.1.-Tráfico de drogas;2021;892
Granada;6.1.-Tráfico de drogas;2020;708
Granada;6.1.-Tráfico de drogas;2019;580
Granada;6.1.-Tráfico de drogas;2018;641
Granada;6.2.-Contra la seguridad vial;2024;1.131
Granada;6.2.-Contra la seguridad vial;2023;1.322
Granada;6.2.-Contra la seguridad vial;2022;1.351
Granada;6.2.-Contra la seguridad vial;2021;1.352
Granada;6.2.-Contra la seguridad vial;2020;1.262
Granada;6.2.-Contra la seguridad vial;2019;1.198
Granada;6.2.-Contra la seguridad vial;2018;1.102
Granada;6.3.-Otros contra la seguridad colectiva;2024;43
Granada;6.3.-Otros contra la seguridad colectiva;2023;38
Granada;6.3.-Otros contra la seguridad colectiva;2022;45
Granada;6.3.-Otros contra la seguridad colectiva;2021;34
Granada;6.3.-Otros contra la seguridad colectiva;2020;39
Granada;6.3.-Otros contra la seguridad colectiva;2019;25
Granada;6.3.-Otros contra la seguridad colectiva;2018;22
Granada;7. FALSEDADES;2024;296
Granada;7. FALSEDADES;2023;295
Granada;7. FALSEDADES;2022;246
Granada;7. FALSEDADES;2021;254
Granada;7. FALSEDADES;2020;194
Granada;7. FALSEDADES;2019;248
Granada;7. FALSEDADES;2018;262
Granada;8. ADMÓN. PÚBLICA;2024;14
Granada;8. ADMÓN. PÚBLICA;2023;11
Granada;8. ADMÓN. PÚBLICA;2022;5
Granada;8. ADMÓN. PÚBLICA;2021;5
Granada;8. ADMÓN. PÚBLICA;2020;2
Granada;8. ADMÓN. PÚBLICA;2019;15
Granada;8. ADMÓN. PÚBLICA;2018;9
Granada;9. ADMÓN. JUSTICIA;2024;967
Granada;9. ADMÓN. JUSTICIA;2023;908
Granada;9. ADMÓN. JUSTICIA;2022;746
Granada;9. ADMÓN. JUSTICIA;2021;673
Granada;9. ADMÓN. JUSTICIA;2020;643
Granada;9. ADMÓN. JUSTICIA;2019;696
Granada;9. ADMÓN. JUSTICIA;2018;633
Granada;10. ORDEN PÚBLICO;2024;535
Granada;10. ORDEN PÚBLICO;2023;492
Granada;10. ORDEN PÚBLICO;2022;465
Granada;10. ORDEN PÚBLICO;2021;512
Granada;10. ORDEN PÚBLICO;2020;522
Granada;10. ORDEN PÚBLICO;2019;355
Granada;10. ORDEN PÚBLICO;2018;371
Granada;11. LEGISLACIÓN ESPECIAL;2024;6
Granada;11. LEGISLACIÓN ESPECIAL;2023;6
Granada;11. LEGISLACIÓN ESPECIAL;2022;16
Granada;11. LEGISLACIÓN ESPECIAL;2021;4
Granada;11. LEGISLACIÓN ESPECIAL;2020;4
Granada;11. LEGISLACIÓN ESPECIAL;2019;8
Granada;11. LEGISLACIÓN ESPECIAL;2018;0
Granada;12. OTRAS INFRACCIONES PENALES;2024;186
Granada;12. OTRAS INFRACCIONES PENALES;2023;200
Granada;12. OTRAS INFRACCIONES PENALES;2022;173
Granada;12. OTRAS INFRACCIONES PENALES;2021;209
Granada;12. OTRAS INFRACCIONES PENALES;2020;183
Granada;12. OTRAS INFRACCIONES PENALES;2019;174
Granada;12. OTRAS INFRACCIONES PENALES;2018;152
Granada;TOTAL INFRACCIONES PENALES;2024;19.436
Granada;TOTAL INFRACCIONES PENALES;2023;18.806
Granada;TOTAL INFRACCIONES PENALES;2022;16.657
Granada;TOTAL INFRACCIONES PENALES;2021;15.756
Granada;TOTAL INFRACCIONES PENALES;2020;13.771
Granada;TOTAL INFRACCIONES PENALES;2019;14.486
Granada;TOTAL INFRACCIONES PENALES;2018;14.380
Guadalajara;1. CONTRA LAS PERSONAS;2024;1.167
Guadalajara;1. CONTRA LAS PERSONAS;2023;1.037
Guadalajara;1. CONTRA LAS PERSONAS;2022;957
Guadalajara;1. CONTRA LAS PERSONAS;2021;875
Guadalajara;1. CONTRA LAS PERSONAS;2020;793
Guadalajara;1. CONTRA LAS PERSONAS;2019;945
Guadalajara;1. CONTRA LAS PERSONAS;2018;865
Guadalajara;1.1.-Homicidios dolosos/asesinatos;2024;9
Guadalajara;1.1.-Homicidios dolosos/asesinatos;2023;8
Guadalajara;1.1.-Homicidios dolosos/asesinatos;2022;7
Guadalajara;1.1.-Homicidios dolosos/asesinatos;2021;8
Guadalajara;1.1.-Homicidios dolosos/asesinatos;2020;4
Guadalajara;1.1.-Homicidios dolosos/asesinatos;2019;1
Guadalajara;1.1.-Homicidios dolosos/asesinatos;2018;2
Guadalajara;1.1.1.-Homicidios dolosos/asesinatos consumados;2024;6
Guadalajara;1.1.1.-Homicidios dolosos/asesinatos consumados;2023;2
Guadalajara;1.1.1.-Homicidios dolosos/asesinatos consumados;2022;2
Guadalajara;1.1.1.-Homicidios dolosos/asesinatos consumados;2021;1
Guadalajara;1.1.1.-Homicidios dolosos/asesinatos consumados;2020;1
Guadalajara;1.1.1.-Homicidios dolosos/asesinatos consumados;2019;0
Guadalajara;1.1.1.-Homicidios dolosos/asesinatos consumados;2018;1
Guadalajara;1.2.-Lesiones;2024;578
Guadalajara;1.2.-Lesiones;2023;498
Guadalajara;1.2.-Lesiones;2022;471
Guadalajara;1.2.-Lesiones;2021;404
Guadalajara;1.2.-Lesiones;2020;312
Guadalajara;1.2.-Lesiones;2019;475
Guadalajara;1.2.-Lesiones;2018;405
Guadalajara;1.3.-Malos tratos ámbito familiar;2024;574
Guadalajara;1.3.-Malos tratos ámbito familiar;2023;523
Guadalajara;1.3.-Malos tratos ámbito familiar;2022;476
Guadalajara;1.3.-Malos tratos ámbito familiar;2021;447
Guadalajara;1.3.-Malos tratos ámbito familiar;2020;466
Guadalajara;1.3.-Malos tratos ámbito familiar;2019;462
Guadalajara;1.3.-Malos tratos ámbito familiar;2018;449
Guadalajara;1.4.-Otros contra las personas;2024;6
Guadalajara;1.4.-Otros contra las personas;2023;8
Guadalajara;1.4.-Otros contra las personas;2022;3
Guadalajara;1.4.-Otros contra las personas;2021;16
Guadalajara;1.4.-Otros contra las personas;2020;11
Guadalajara;1.4.-Otros contra las personas;2019;7
Guadalajara;1.4.-Otros contra las personas;2018;9
Guadalajara;2. CONTRA LA LIBERTAD;2024;639
Guadalajara;2. CONTRA LA LIBERTAD;2023;563
Guadalajara;2. CONTRA LA LIBERTAD;2022;492
Guadalajara;2. CONTRA LA LIBERTAD;2021;542
Guadalajara;2. CONTRA LA LIBERTAD;2020;427
Guadalajara;2. CONTRA LA LIBERTAD;2019;553
Guadalajara;2. CONTRA LA LIBERTAD;2018;421
Guadalajara;2.1.-Malos tratos habituales en el ámbito familiar;2024;99
Guadalajara;2.1.-Malos tratos habituales en el ámbito familiar;2023;74
Guadalajara;2.1.-Malos tratos habituales en el ámbito familiar;2022;80
Guadalajara;2.1.-Malos tratos habituales en el ámbito familiar;2021;68
Guadalajara;2.1.-Malos tratos habituales en el ámbito familiar;2020;47
Guadalajara;2.1.-Malos tratos habituales en el ámbito familiar;2019;90
Guadalajara;2.1.-Malos tratos habituales en el ámbito familiar;2018;62
Guadalajara;2.2.-Otros contra la libertad;2024;540
Guadalajara;2.2.-Otros contra la libertad;2023;489
Guadalajara;2.2.-Otros contra la libertad;2022;412
Guadalajara;2.2.-Otros contra la libertad;2021;474
Guadalajara;2.2.-Otros contra la libertad;2020;380
Guadalajara;2.2.-Otros contra la libertad;2019;463
Guadalajara;2.2.-Otros contra la libertad;2018;359
Guadalajara;3. LIBERTAD SEXUAL;2024;96
Guadalajara;3. LIBERTAD SEXUAL;2023;89
Guadalajara;3. LIBERTAD SEXUAL;2022;74
Guadalajara;3. LIBERTAD SEXUAL;2021;61
Guadalajara;3. LIBERTAD SEXUAL;2020;60
Guadalajara;3. LIBERTAD SEXUAL;2019;64
Guadalajara;3. LIBERTAD SEXUAL;2018;56
Guadalajara;3.1.-Agresión sexual;2024;64
Guadalajara;3.1.-Agresión sexual;2023;60
Guadalajara;3.1.-Agresión sexual;2022;51
Guadalajara;3.1.-Agresión sexual;2021;34
Guadalajara;3.1.-Agresión sexual;2020;42
Guadalajara;3.1.-Agresión sexual;2019;44
Guadalajara;3.1.-Agresión sexual;2018;33
Guadalajara;3.2.-Agresión sexual con penetración;2024;13
Guadalajara;3.2.-Agresión sexual con penetración;2023;17
Guadalajara;3.2.-Agresión sexual con penetración;2022;10
Guadalajara;3.2.-Agresión sexual con penetración;2021;17
Guadalajara;3.2.-Agresión sexual con penetración;2020;11
Guadalajara;3.2.-Agresión sexual con penetración;2019;7
Guadalajara;3.2.-Agresión sexual con penetración;2018;8
Guadalajara;3.3.-Corrupción de menores o incapacitados;2024;3
Guadalajara;3.3.-Corrupción de menores o incapacitados;2023;2
Guadalajara;3.3.-Corrupción de menores o incapacitados;2022;2
Guadalajara;3.3.-Corrupción de menores o incapacitados;2021;2
Guadalajara;3.3.-Corrupción de menores o incapacitados;2020;1
Guadalajara;3.3.-Corrupción de menores o incapacitados;2019;1
Guadalajara;3.3.-Corrupción de menores o incapacitados;2018;1
Guadalajara;3.4.-Pornografía de menores;2024;6
Guadalajara;3.4.-Pornografía de menores;2023;6
Guadalajara;3.4.-Pornografía de menores;2022;3
Guadalajara;3.4.-Pornografía de menores;2021;4
Guadalajara;3.4.-Pornografía de menores;2020;1
Guadalajara;3.4.-Pornografía de menores;2019;5
Guadalajara;3.4.-Pornografía de menores;2018;3
Guadalajara;3.5.-Otros contra la libertad sexual;2024;10
Guadalajara;3.5.-Otros contra la libertad sexual;2023;4
Guadalajara;3.5.-Otros contra la libertad sexual;2022;8
Guadalajara;3.5.-Otros contra la libertad sexual;2021;4
Guadalajara;3.5.-Otros contra la libertad sexual;2020;5
Guadalajara;3.5.-Otros contra la libertad sexual;2019;7
Guadalajara;3.5.-Otros contra la libertad sexual;2018;11
Guadalajara;4. RELACIONES FAMILIARES;2024;33
Guadalajara;4. RELACIONES FAMILIARES;2023;31
Guadalajara;4. RELACIONES FAMILIARES;2022;55
Guadalajara;4. RELACIONES FAMILIARES;2021;33
Guadalajara;4. RELACIONES FAMILIARES;2020;38
Guadalajara;4. RELACIONES FAMILIARES;2019;27
Guadalajara;4. RELACIONES FAMILIARES;2018;36
Guadalajara;5. PATRIMONIO;2024;1.642
Guadalajara;5. PATRIMONIO;2023;1.816
Guadalajara;5. PATRIMONIO;2022;1.481
Guadalajara;5. PATRIMONIO;2021;1.192
Guadalajara;5. PATRIMONIO;2020;1.208
Guadalajara;5. PATRIMONIO;2019;1.293
Guadalajara;5. PATRIMONIO;2018;1.203
Guadalajara;5.1.-Hurtos;2024;423
Guadalajara;5.1.-Hurtos;2023;401
Guadalajara;5.1.-Hurtos;2022;349
Guadalajara;5.1.-Hurtos;2021;270
Guadalajara;5.1.-Hurtos;2020;291
Guadalajara;5.1.-Hurtos;2019;321
Guadalajara;5.1.-Hurtos;2018;326
Guadalajara;5.2.-Robos con fuerza en las cosas;2024;183
Guadalajara;5.2.-Robos con fuerza en las cosas;2023;312
Guadalajara;5.2.-Robos con fuerza en las cosas;2022;194
Guadalajara;5.2.-Robos con fuerza en las cosas;2021;195
Guadalajara;5.2.-Robos con fuerza en las cosas;2020;227
Guadalajara;5.2.-Robos con fuerza en las cosas;2019;226
Guadalajara;5.2.-Robos con fuerza en las cosas;2018;200
Guadalajara;5.2.1.-Robos con fuerza en las cosas en el interior de vehículos;2024;54
Guadalajara;5.2.1.-Robos con fuerza en las cosas en el interior de vehículos;2023;119
Guadalajara;5.2.1.-Robos con fuerza en las cosas en el interior de vehículos;2022;71
Guadalajara;5.2.1.-Robos con fuerza en las cosas en el interior de vehículos;2021;51
Guadalajara;5.2.1.-Robos con fuerza en las cosas en el interior de vehículos;2020;72
Guadalajara;5.2.1.-Robos con fuerza en las cosas en el interior de vehículos;2019;19
Guadalajara;5.2.1.-Robos con fuerza en las cosas en el interior de vehículos;2018;46
Guadalajara;5.2.2.-Robos con fuerza en viviendas;2024;40
Guadalajara;5.2.2.-Robos con fuerza en viviendas;2023;29
Guadalajara;5.2.2.-Robos con fuerza en viviendas;2022;43
Guadalajara;5.2.2.-Robos con fuerza en viviendas;2021;38
Guadalajara;5.2.2.-Robos con fuerza en viviendas;2020;55
Guadalajara;5.2.2.-Robos con fuerza en viviendas;2019;80
Guadalajara;5.2.2.-Robos con fuerza en viviendas;2018;68
Guadalajara;5.2.3.-Robos con fuerza en establecimientos;2024;34
Guadalajara;5.2.3.-Robos con fuerza en establecimientos;2023;46
Guadalajara;5.2.3.-Robos con fuerza en establecimientos;2022;31
Guadalajara;5.2.3.-Robos con fuerza en establecimientos;2021;54
Guadalajara;5.2.3.-Robos con fuerza en establecimientos;2020;48
Guadalajara;5.2.3.-Robos con fuerza en establecimientos;2019;71
Guadalajara;5.2.3.-Robos con fuerza en establecimientos;2018;20
Guadalajara;5.3.-Robos con violencia o intimidación;2024;44
Guadalajara;5.3.-Robos con violencia o intimidación;2023;68
Guadalajara;5.3.-Robos con violencia o intimidación;2022;68
Guadalajara;5.3.-Robos con violencia o intimidación;2021;66
Guadalajara;5.3.-Robos con violencia o intimidación;2020;54
Guadalajara;5.3.-Robos con violencia o intimidación;2019;52
Guadalajara;5.3.-Robos con violencia o intimidación;2018;53
Guadalajara;5.3.1.-Robos con violencia en vía pública;2024;19
Guadalajara;5.3.1.-Robos con violencia en vía pública;2023;40
Guadalajara;5.3.1.-Robos con violencia en vía pública;2022;34
Guadalajara;5.3.1.-Robos con violencia en vía pública;2021;48
Guadalajara;5.3.1.-Robos con violencia en vía pública;2020;32
Guadalajara;5.3.1.-Robos con violencia en vía pública;2019;32
Guadalajara;5.3.1.-Robos con violencia en vía pública;2018;34
Guadalajara;5.3.2.-Robos con violencia en viviendas;2024;5
Guadalajara;5.3.2.-Robos con violencia en viviendas;2023;7
Guadalajara;5.3.2.-Robos con violencia en viviendas;2022;6
Guadalajara;5.3.2.-Robos con violencia en viviendas;2021;2
Guadalajara;5.3.2.-Robos con violencia en viviendas;2020;6
Guadalajara;5.3.2.-Robos con violencia en viviendas;2019;3
Guadalajara;5.3.2.-Robos con violencia en viviendas;2018;0
Guadalajara;5.3.3.-Robos con violencia en establecimientos;2024;11
Guadalajara;5.3.3.-Robos con violencia en establecimientos;2023;11
Guadalajara;5.3.3.-Robos con violencia en establecimientos;2022;20
Guadalajara;5.3.3.-Robos con violencia en establecimientos;2021;9
Guadalajara;5.3.3.-Robos con violencia en establecimientos;2020;12
Guadalajara;5.3.3.-Robos con violencia en establecimientos;2019;7
Guadalajara;5.3.3.-Robos con violencia en establecimientos;2018;8
Guadalajara;5.4.-Sustracción de vehículos;2024;56
Guadalajara;5.4.-Sustracción de vehículos;2023;41
Guadalajara;5.4.-Sustracción de vehículos;2022;63
Guadalajara;5.4.-Sustracción de vehículos;2021;36
Guadalajara;5.4.-Sustracción de vehículos;2020;40
Guadalajara;5.4.-Sustracción de vehículos;2019;51
Guadalajara;5.4.-Sustracción de vehículos;2018;38
Guadalajara;5.5.-Estafas;2024;551
Guadalajara;5.5.-Estafas;2023;630
Guadalajara;5.5.-Estafas;2022;429
Guadalajara;5.5.-Estafas;2021;317
Guadalajara;5.5.-Estafas;2020;252
Guadalajara;5.5.-Estafas;2019;272
Guadalajara;5.5.-Estafas;2018;258
Guadalajara;5.5.1.-Estafas informáticas;2024;383
Guadalajara;5.5.1.-Estafas informáticas;2023;423
Guadalajara;5.5.1.-Estafas informáticas;2022;250
Guadalajara;5.5.1.-Estafas informáticas;2021;167
Guadalajara;5.5.1.-Estafas informáticas;2020;119
Guadalajara;5.5.1.-Estafas informáticas;2019;82
Guadalajara;5.5.1.-Estafas informáticas;2018;71
Guadalajara;5.6.-Daños;2024;220
Guadalajara;5.6.-Daños;2023;200
Guadalajara;5.6.-Daños;2022;207
Guadalajara;5.6.-Daños;2021;167
Guadalajara;5.6.-Daños;2020;182
Guadalajara;5.6.-Daños;2019;169
Guadalajara;5.6.-Daños;2018;148
Guadalajara;5.7.-Contra la propiedad intelectual/industrial;2024;1
Guadalajara;5.7.-Contra la propiedad intelectual/industrial;2023;0
Guadalajara;5.7.-Contra la propiedad intelectual/industrial;2022;1
Guadalajara;5.7.-Contra la propiedad intelectual/industrial;2021;1
Guadalajara;5.7.-Contra la propiedad intelectual/industrial;2020;0
Guadalajara;5.7.-Contra la propiedad intelectual/industrial;2019;1
Guadalajara;5.7.-Contra la propiedad intelectual/industrial;2018;2
Guadalajara;5.8.-Blanqueo de capitales;2024;4
Guadalajara;5.8.-Blanqueo de capitales;2023;4
Guadalajara;5.8.-Blanqueo de capitales;2022;0
Guadalajara;5.8.-Blanqueo de capitales;2021;2
Guadalajara;5.8.-Blanqueo de capitales;2020;1
Guadalajara;5.8.-Blanqueo de capitales;2019;3
Guadalajara;5.8.-Blanqueo de capitales;2018;0
Guadalajara;5.9.-Otros contra el patrimonio;2024;160
Guadalajara;5.9.-Otros contra el patrimonio;2023;160
Guadalajara;5.9.-Otros contra el patrimonio;2022;170
Guadalajara;5.9.-Otros contra el patrimonio;2021;138
Guadalajara;5.9.-Otros contra el patrimonio;2020;161
Guadalajara;5.9.-Otros contra el patrimonio;2019;198
Guadalajara;5.9.-Otros contra el patrimonio;2018;178
Guadalajara;6. SEGURIDAD COLECTIVA;2024;414
Guadalajara;6. SEGURIDAD COLECTIVA;2023;432
Guadalajara;6. SEGURIDAD COLECTIVA;2022;485
Guadalajara;6. SEGURIDAD COLECTIVA;2021;386
Guadalajara;6. SEGURIDAD COLECTIVA;2020;376
Guadalajara;6. SEGURIDAD COLECTIVA;2019;424
Guadalajara;6. SEGURIDAD COLECTIVA;2018;334
Guadalajara;6.1.-Tráfico de drogas;2024;46
Guadalajara;6.1.-Tráfico de drogas;2023;56
Guadalajara;6.1.-Tráfico de drogas;2022;52
Guadalajara;6.1.-Tráfico de drogas;2021;50
Guadalajara;6.1.-Tráfico de drogas;2020;45
Guadalajara;6.1.-Tráfico de drogas;2019;45
Guadalajara;6.1.-Tráfico de drogas;2018;31
Guadalajara;6.2.-Contra la seguridad vial;2024;364
Guadalajara;6.2.-Contra la seguridad vial;2023;369
Guadalajara;6.2.-Contra la seguridad vial;2022;406
Guadalajara;6.2.-Contra la seguridad vial;2021;328
Guadalajara;6.2.-Contra la seguridad vial;2020;325
Guadalajara;6.2.-Contra la seguridad vial;2019;376
Guadalajara;6.2.-Contra la seguridad vial;2018;300
Guadalajara;6.3.-Otros contra la seguridad colectiva;2024;4
Guadalajara;6.3.-Otros contra la seguridad colectiva;2023;7
Guadalajara;6.3.-Otros contra la seguridad colectiva;2022;27
Guadalajara;6.3.-Otros contra la seguridad colectiva;2021;8
Guadalajara;6.3.-Otros contra la seguridad colectiva;2020;6
Guadalajara;6.3.-Otros contra la seguridad colectiva;2019;3
Guadalajara;6.3.-Otros contra la seguridad colectiva;2018;3
Guadalajara;7. FALSEDADES;2024;69
Guadalajara;7. FALSEDADES;2023;133
Guadalajara;7. FALSEDADES;2022;71
Guadalajara;7. FALSEDADES;2021;105
Guadalajara;7. FALSEDADES;2020;57
Guadalajara;7. FALSEDADES;2019;49
Guadalajara;7. FALSEDADES;2018;55
Guadalajara;8. ADMÓN. PÚBLICA;2024;4
Guadalajara;8. ADMÓN. PÚBLICA;2023;2
Guadalajara;8. ADMÓN. PÚBLICA;2022;0
Guadalajara;8. ADMÓN. PÚBLICA;2021;2
Guadalajara;8. ADMÓN. PÚBLICA;2020;3
Guadalajara;8. ADMÓN. PÚBLICA;2019;2
Guadalajara;8. ADMÓN. PÚBLICA;2018;1
Guadalajara;9. ADMÓN. JUSTICIA;2024;230
Guadalajara;9. ADMÓN. JUSTICIA;2023;184
Guadalajara;9. ADMÓN. JUSTICIA;2022;162
Guadalajara;9. ADMÓN. JUSTICIA;2021;201
Guadalajara;9. ADMÓN. JUSTICIA;2020;150
Guadalajara;9. ADMÓN. JUSTICIA;2019;163
Guadalajara;9. ADMÓN. JUSTICIA;2018;138
Guadalajara;10. ORDEN PÚBLICO;2024;113
Guadalajara;10. ORDEN PÚBLICO;2023;108
Guadalajara;10. ORDEN PÚBLICO;2022;106
Guadalajara;10. ORDEN PÚBLICO;2021;120
Guadalajara;10. ORDEN PÚBLICO;2020;136
Guadalajara;10. ORDEN PÚBLICO;2019;81
Guadalajara;10. ORDEN PÚBLICO;2018;64
Guadalajara;11. LEGISLACIÓN ESPECIAL;2024;0
Guadalajara;11. LEGISLACIÓN ESPECIAL;2023;1
Guadalajara;11. LEGISLACIÓN ESPECIAL;2022;1
Guadalajara;11. LEGISLACIÓN ESPECIAL;2021;0
Guadalajara;11. LEGISLACIÓN ESPECIAL;2020;0
Guadalajara;11. LEGISLACIÓN ESPECIAL;2019;1
Guadalajara;11. LEGISLACIÓN ESPECIAL;2018;0
Guadalajara;12. OTRAS INFRACCIONES PENALES;2024;41
Guadalajara;12. OTRAS INFRACCIONES PENALES;2023;32
Guadalajara;12. OTRAS INFRACCIONES PENALES;2022;25
Guadalajara;12. OTRAS INFRACCIONES PENALES;2021;28
Guadalajara;12. OTRAS INFRACCIONES PENALES;2020;37
Guadalajara;12. OTRAS INFRACCIONES PENALES;2019;32
Guadalajara;12. OTRAS INFRACCIONES PENALES;2018;44
Guadalajara;TOTAL INFRACCIONES PENALES;2024;4.448
Guadalajara;TOTAL INFRACCIONES PENALES;2023;4.428
Guadalajara;TOTAL INFRACCIONES PENALES;2022;3.909
Guadalajara;TOTAL INFRACCIONES PENALES;2021;3.545
Guadalajara;TOTAL INFRACCIONES PENALES;2020;3.285
Guadalajara;TOTAL INFRACCIONES PENALES;2019;3.634
Guadalajara;TOTAL INFRACCIONES PENALES;2018;3.217
Gipuzkoa;1. CONTRA LAS PERSONAS;2024;16
Gipuzkoa;1. CONTRA LAS PERSONAS;2023;8
Gipuzkoa;1. CONTRA LAS PERSONAS;2022;7
Gipuzkoa;1. CONTRA LAS PERSONAS;2021;2
Gipuzkoa;1. CONTRA LAS PERSONAS;2020;7
Gipuzkoa;1. CONTRA LAS PERSONAS;2019;6
Gipuzkoa;1. CONTRA LAS PERSONAS;2018;7
Gipuzkoa;1.1.-Homicidios dolosos/asesinatos;2024;0
Gipuzkoa;1.1.-Homicidios dolosos/asesinatos;2023;0
Gipuzkoa;1.1.-Homicidios dolosos/asesinatos;2022;0
Gipuzkoa;1.1.-Homicidios dolosos/asesinatos;2021;0
Gipuzkoa;1.1.-Homicidios dolosos/asesinatos;2020;0
Gipuzkoa;1.1.-Homicidios dolosos/asesinatos;2019;0
Gipuzkoa;1.1.-Homicidios dolosos/asesinatos;2018;0
Gipuzkoa;1.1.1.-Homicidios dolosos/asesinatos consumados;2024;0
Gipuzkoa;1.1.1.-Homicidios dolosos/asesinatos consumados;2023;0
Gipuzkoa;1.1.1.-Homicidios dolosos/asesinatos consumados;2022;0
Gipuzkoa;1.1.1.-Homicidios dolosos/asesinatos consumados;2021;0
Gipuzkoa;1.1.1.-Homicidios dolosos/asesinatos consumados;2020;0
Gipuzkoa;1.1.1.-Homicidios dolosos/asesinatos consumados;2019;0
Gipuzkoa;1.1.1.-Homicidios dolosos/asesinatos consumados;2018;0
Gipuzkoa;1.2.-Lesiones;2024;8
Gipuzkoa;1.2.-Lesiones;2023;4
Gipuzkoa;1.2.-Lesiones;2022;2
Gipuzkoa;1.2.-Lesiones;2021;1
Gipuzkoa;1.2.-Lesiones;2020;2
Gipuzkoa;1.2.-Lesiones;2019;0
Gipuzkoa;1.2.-Lesiones;2018;2
Gipuzkoa;1.3.-Malos tratos ámbito familiar;2024;7
Gipuzkoa;1.3.-Malos tratos ámbito familiar;2023;4
Gipuzkoa;1.3.-Malos tratos ámbito familiar;2022;5
Gipuzkoa;1.3.-Malos tratos ámbito familiar;2021;1
Gipuzkoa;1.3.-Malos tratos ámbito familiar;2020;5
Gipuzkoa;1.3.-Malos tratos ámbito familiar;2019;6
Gipuzkoa;1.3.-Malos tratos ámbito familiar;2018;5
Gipuzkoa;1.4.-Otros contra las personas;2024;1
Gipuzkoa;1.4.-Otros contra las personas;2023;0
Gipuzkoa;1.4.-Otros contra las personas;2022;0
Gipuzkoa;1.4.-Otros contra las personas;2021;0
Gipuzkoa;1.4.-Otros contra las personas;2020;0
Gipuzkoa;1.4.-Otros contra las personas;2019;0
Gipuzkoa;1.4.-Otros contra las personas;2018;0
Gipuzkoa;2. CONTRA LA LIBERTAD;2024;14
Gipuzkoa;2. CONTRA LA LIBERTAD;2023;10
Gipuzkoa;2. CONTRA LA LIBERTAD;2022;13
Gipuzkoa;2. CONTRA LA LIBERTAD;2021;9
Gipuzkoa;2. CONTRA LA LIBERTAD;2020;14
Gipuzkoa;2. CONTRA LA LIBERTAD;2019;19
Gipuzkoa;2. CONTRA LA LIBERTAD;2018;12
Gipuzkoa;2.1.-Malos tratos habituales en el ámbito familiar;2024;1
Gipuzkoa;2.1.-Malos tratos habituales en el ámbito familiar;2023;2
Gipuzkoa;2.1.-Malos tratos habituales en el ámbito familiar;2022;2
Gipuzkoa;2.1.-Malos tratos habituales en el ámbito familiar;2021;3
Gipuzkoa;2.1.-Malos tratos habituales en el ámbito familiar;2020;1
Gipuzkoa;2.1.-Malos tratos habituales en el ámbito familiar;2019;1
Gipuzkoa;2.1.-Malos tratos habituales en el ámbito familiar;2018;0
Gipuzkoa;2.2.-Otros contra la libertad;2024;13
Gipuzkoa;2.2.-Otros contra la libertad;2023;8
Gipuzkoa;2.2.-Otros contra la libertad;2022;11
Gipuzkoa;2.2.-Otros contra la libertad;2021;6
Gipuzkoa;2.2.-Otros contra la libertad;2020;13
Gipuzkoa;2.2.-Otros contra la libertad;2019;18
Gipuzkoa;2.2.-Otros contra la libertad;2018;12
Gipuzkoa;3. LIBERTAD SEXUAL;2024;10
Gipuzkoa;3. LIBERTAD SEXUAL;2023;27
Gipuzkoa;3. LIBERTAD SEXUAL;2022;7
Gipuzkoa;3. LIBERTAD SEXUAL;2021;12
Gipuzkoa;3. LIBERTAD SEXUAL;2020;9
Gipuzkoa;3. LIBERTAD SEXUAL;2019;12
Gipuzkoa;3. LIBERTAD SEXUAL;2018;11
Gipuzkoa;3.1.-Agresión sexual;2024;3
Gipuzkoa;3.1.-Agresión sexual;2023;16
Gipuzkoa;3.1.-Agresión sexual;2022;2
Gipuzkoa;3.1.-Agresión sexual;2021;2
Gipuzkoa;3.1.-Agresión sexual;2020;1
Gipuzkoa;3.1.-Agresión sexual;2019;1
Gipuzkoa;3.1.-Agresión sexual;2018;1
Gipuzkoa;3.2.-Agresión sexual con penetración;2024;0
Gipuzkoa;3.2.-Agresión sexual con penetración;2023;1
Gipuzkoa;3.2.-Agresión sexual con penetración;2022;3
Gipuzkoa;3.2.-Agresión sexual con penetración;2021;0
Gipuzkoa;3.2.-Agresión sexual con penetración;2020;0
Gipuzkoa;3.2.-Agresión sexual con penetración;2019;1
Gipuzkoa;3.2.-Agresión sexual con penetración;2018;1
Gipuzkoa;3.3.-Corrupción de menores o incapacitados;2024;0
Gipuzkoa;3.3.-Corrupción de menores o incapacitados;2023;1
Gipuzkoa;3.3.-Corrupción de menores o incapacitados;2022;0
Gipuzkoa;3.3.-Corrupción de menores o incapacitados;2021;1
Gipuzkoa;3.3.-Corrupción de menores o incapacitados;2020;1
Gipuzkoa;3.3.-Corrupción de menores o incapacitados;2019;1
Gipuzkoa;3.3.-Corrupción de menores o incapacitados;2018;0
Gipuzkoa;3.4.-Pornografía de menores;2024;4
Gipuzkoa;3.4.-Pornografía de menores;2023;8
Gipuzkoa;3.4.-Pornografía de menores;2022;1
Gipuzkoa;3.4.-Pornografía de menores;2021;9
Gipuzkoa;3.4.-Pornografía de menores;2020;6
Gipuzkoa;3.4.-Pornografía de menores;2019;6
Gipuzkoa;3.4.-Pornografía de menores;2018;8
Gipuzkoa;3.5.-Otros contra la libertad sexual;2024;3
Gipuzkoa;3.5.-Otros contra la libertad sexual;2023;1
Gipuzkoa;3.5.-Otros contra la libertad sexual;2022;1
Gipuzkoa;3.5.-Otros contra la libertad sexual;2021;0
Gipuzkoa;3.5.-Otros contra la libertad sexual;2020;1
Gipuzkoa;3.5.-Otros contra la libertad sexual;2019;3
Gipuzkoa;3.5.-Otros contra la libertad sexual;2018;1
Gipuzkoa;4. RELACIONES FAMILIARES;2024;2
Gipuzkoa;4. RELACIONES FAMILIARES;2023;4
Gipuzkoa;4. RELACIONES FAMILIARES;2022;1
Gipuzkoa;4. RELACIONES FAMILIARES;2021;1
Gipuzkoa;4. RELACIONES FAMILIARES;2020;1
Gipuzkoa;4. RELACIONES FAMILIARES;2019;2
Gipuzkoa;4. RELACIONES FAMILIARES;2018;4
Gipuzkoa;5. PATRIMONIO;2024;146
Gipuzkoa;5. PATRIMONIO;2023;102
Gipuzkoa;5. PATRIMONIO;2022;202
Gipuzkoa;5. PATRIMONIO;2021;105
Gipuzkoa;5. PATRIMONIO;2020;105
Gipuzkoa;5. PATRIMONIO;2019;104
Gipuzkoa;5. PATRIMONIO;2018;81
Gipuzkoa;5.1.-Hurtos;2024;11
Gipuzkoa;5.1.-Hurtos;2023;5
Gipuzkoa;5.1.-Hurtos;2022;5
Gipuzkoa;5.1.-Hurtos;2021;0
Gipuzkoa;5.1.-Hurtos;2020;3
Gipuzkoa;5.1.-Hurtos;2019;21
Gipuzkoa;5.1.-Hurtos;2018;3
Gipuzkoa;5.2.-Robos con fuerza en las cosas;2024;1
Gipuzkoa;5.2.-Robos con fuerza en las cosas;2023;7
Gipuzkoa;5.2.-Robos con fuerza en las cosas;2022;0
Gipuzkoa;5.2.-Robos con fuerza en las cosas;2021;3
Gipuzkoa;5.2.-Robos con fuerza en las cosas;2020;15
Gipuzkoa;5.2.-Robos con fuerza en las cosas;2019;3
Gipuzkoa;5.2.-Robos con fuerza en las cosas;2018;1
Gipuzkoa;5.2.1.-Robos con fuerza en las cosas en el interior de vehículos;2024;0
Gipuzkoa;5.2.1.-Robos con fuerza en las cosas en el interior de vehículos;2023;1
Gipuzkoa;5.2.1.-Robos con fuerza en las cosas en el interior de vehículos;2022;0
Gipuzkoa;5.2.1.-Robos con fuerza en las cosas en el interior de vehículos;2021;2
Gipuzkoa;5.2.1.-Robos con fuerza en las cosas en el interior de vehículos;2020;0
Gipuzkoa;5.2.1.-Robos con fuerza en las cosas en el interior de vehículos;2019;0
Gipuzkoa;5.2.1.-Robos con fuerza en las cosas en el interior de vehículos;2018;0
Gipuzkoa;5.2.2.-Robos con fuerza en viviendas;2024;0
Gipuzkoa;5.2.2.-Robos con fuerza en viviendas;2023;1
Gipuzkoa;5.2.2.-Robos con fuerza en viviendas;2022;0
Gipuzkoa;5.2.2.-Robos con fuerza en viviendas;2021;0
Gipuzkoa;5.2.2.-Robos con fuerza en viviendas;2020;13
Gipuzkoa;5.2.2.-Robos con fuerza en viviendas;2019;0
Gipuzkoa;5.2.2.-Robos con fuerza en viviendas;2018;0
Gipuzkoa;5.2.3.-Robos con fuerza en establecimientos;2024;0
Gipuzkoa;5.2.3.-Robos con fuerza en establecimientos;2023;3
Gipuzkoa;5.2.3.-Robos con fuerza en establecimientos;2022;0
Gipuzkoa;5.2.3.-Robos con fuerza en establecimientos;2021;1
Gipuzkoa;5.2.3.-Robos con fuerza en establecimientos;2020;0
Gipuzkoa;5.2.3.-Robos con fuerza en establecimientos;2019;0
Gipuzkoa;5.2.3.-Robos con fuerza en establecimientos;2018;1
Gipuzkoa;5.3.-Robos con violencia o intimidación;2024;0
Gipuzkoa;5.3.-Robos con violencia o intimidación;2023;3
Gipuzkoa;5.3.-Robos con violencia o intimidación;2022;1
Gipuzkoa;5.3.-Robos con violencia o intimidación;2021;0
Gipuzkoa;5.3.-Robos con violencia o intimidación;2020;1
Gipuzkoa;5.3.-Robos con violencia o intimidación;2019;3
Gipuzkoa;5.3.-Robos con violencia o intimidación;2018;0
Gipuzkoa;5.3.1.-Robos con violencia en vía pública;2024;0
Gipuzkoa;5.3.1.-Robos con violencia en vía pública;2023;1
Gipuzkoa;5.3.1.-Robos con violencia en vía pública;2022;1
Gipuzkoa;5.3.1.-Robos con violencia en vía pública;2021;0
Gipuzkoa;5.3.1.-Robos con violencia en vía pública;2020;0
Gipuzkoa;5.3.1.-Robos con violencia en vía pública;2019;1
Gipuzkoa;5.3.1.-Robos con violencia en vía pública;2018;0
Gipuzkoa;5.3.2.-Robos con violencia en viviendas;2024;0
Gipuzkoa;5.3.2.-Robos con violencia en viviendas;2023;0
Gipuzkoa;5.3.2.-Robos con violencia en viviendas;2022;0
Gipuzkoa;5.3.2.-Robos con violencia en viviendas;2021;0
Gipuzkoa;5.3.2.-Robos con violencia en viviendas;2020;0
Gipuzkoa;5.3.2.-Robos con violencia en viviendas;2019;0
Gipuzkoa;5.3.2.-Robos con violencia en viviendas;2018;0
Gipuzkoa;5.3.3.-Robos con violencia en establecimientos;2024;0
Gipuzkoa;5.3.3.-Robos con violencia en establecimientos;2023;1
Gipuzkoa;5.3.3.-Robos con violencia en establecimientos;2022;0
Gipuzkoa;5.3.3.-Robos con violencia en establecimientos;2021;0
Gipuzkoa;5.3.3.-Robos con violencia en establecimientos;2020;0
Gipuzkoa;5.3.3.-Robos con violencia en establecimientos;2019;0
Gipuzkoa;5.3.3.-Robos con violencia en establecimientos;2018;0
Gipuzkoa;5.4.-Sustracción de vehículos;2024;13
Gipuzkoa;5.4.-Sustracción de vehículos;2023;11
Gipuzkoa;5.4.-Sustracción de vehículos;2022;17
Gipuzkoa;5.4.-Sustracción de vehículos;2021;19
Gipuzkoa;5.4.-Sustracción de vehículos;2020;2
Gipuzkoa;5.4.-Sustracción de vehículos;2019;14
Gipuzkoa;5.4.-Sustracción de vehículos;2018;13
Gipuzkoa;5.5.-Estafas;2024;91
Gipuzkoa;5.5.-Estafas;2023;63
Gipuzkoa;5.5.-Estafas;2022;79
Gipuzkoa;5.5.-Estafas;2021;73
Gipuzkoa;5.5.-Estafas;2020;76
Gipuzkoa;5.5.-Estafas;2019;48
Gipuzkoa;5.5.-Estafas;2018;57
Gipuzkoa;5.5.1.-Estafas informáticas;2024;76
Gipuzkoa;5.5.1.-Estafas informáticas;2023;50
Gipuzkoa;5.5.1.-Estafas informáticas;2022;65
Gipuzkoa;5.5.1.-Estafas informáticas;2021;50
Gipuzkoa;5.5.1.-Estafas informáticas;2020;55
Gipuzkoa;5.5.1.-Estafas informáticas;2019;38
Gipuzkoa;5.5.1.-Estafas informáticas;2018;36
Gipuzkoa;5.6.-Daños;2024;24
Gipuzkoa;5.6.-Daños;2023;3
Gipuzkoa;5.6.-Daños;2022;90
Gipuzkoa;5.6.-Daños;2021;2
Gipuzkoa;5.6.-Daños;2020;1
Gipuzkoa;5.6.-Daños;2019;3
Gipuzkoa;5.6.-Daños;2018;0
Gipuzkoa;5.7.-Contra la propiedad intelectual/industrial;2024;0
Gipuzkoa;5.7.-Contra la propiedad intelectual/industrial;2023;1
Gipuzkoa;5.7.-Contra la propiedad intelectual/industrial;2022;4
Gipuzkoa;5.7.-Contra la propiedad intelectual/industrial;2021;3
Gipuzkoa;5.7.-Contra la propiedad intelectual/industrial;2020;1
Gipuzkoa;5.7.-Contra la propiedad intelectual/industrial;2019;1
Gipuzkoa;5.7.-Contra la propiedad intelectual/industrial;2018;1
Gipuzkoa;5.8.-Blanqueo de capitales;2024;2
Gipuzkoa;5.8.-Blanqueo de capitales;2023;3
Gipuzkoa;5.8.-Blanqueo de capitales;2022;1
Gipuzkoa;5.8.-Blanqueo de capitales;2021;1
Gipuzkoa;5.8.-Blanqueo de capitales;2020;2
Gipuzkoa;5.8.-Blanqueo de capitales;2019;1
Gipuzkoa;5.8.-Blanqueo de capitales;2018;2
Gipuzkoa;5.9.-Otros contra el patrimonio;2024;4
Gipuzkoa;5.9.-Otros contra el patrimonio;2023;6
Gipuzkoa;5.9.-Otros contra el patrimonio;2022;5
Gipuzkoa;5.9.-Otros contra el patrimonio;2021;4
Gipuzkoa;5.9.-Otros contra el patrimonio;2020;4
Gipuzkoa;5.9.-Otros contra el patrimonio;2019;10
Gipuzkoa;5.9.-Otros contra el patrimonio;2018;4
Gipuzkoa;6. SEGURIDAD COLECTIVA;2024;24
Gipuzkoa;6. SEGURIDAD COLECTIVA;2023;22
Gipuzkoa;6. SEGURIDAD COLECTIVA;2022;23
Gipuzkoa;6. SEGURIDAD COLECTIVA;2021;18
Gipuzkoa;6. SEGURIDAD COLECTIVA;2020;22
Gipuzkoa;6. SEGURIDAD COLECTIVA;2019;15
Gipuzkoa;6. SEGURIDAD COLECTIVA;2018;26
Gipuzkoa;6.1.-Tráfico de drogas;2024;19
Gipuzkoa;6.1.-Tráfico de drogas;2023;15
Gipuzkoa;6.1.-Tráfico de drogas;2022;20
Gipuzkoa;6.1.-Tráfico de drogas;2021;18
Gipuzkoa;6.1.-Tráfico de drogas;2020;21
Gipuzkoa;6.1.-Tráfico de drogas;2019;15
Gipuzkoa;6.1.-Tráfico de drogas;2018;22
Gipuzkoa;6.2.-Contra la seguridad vial;2024;1
Gipuzkoa;6.2.-Contra la seguridad vial;2023;4
Gipuzkoa;6.2.-Contra la seguridad vial;2022;0
Gipuzkoa;6.2.-Contra la seguridad vial;2021;0
Gipuzkoa;6.2.-Contra la seguridad vial;2020;0
Gipuzkoa;6.2.-Contra la seguridad vial;2019;0
Gipuzkoa;6.2.-Contra la seguridad vial;2018;1
Gipuzkoa;6.3.-Otros contra la seguridad colectiva;2024;4
Gipuzkoa;6.3.-Otros contra la seguridad colectiva;2023;3
Gipuzkoa;6.3.-Otros contra la seguridad colectiva;2022;3
Gipuzkoa;6.3.-Otros contra la seguridad colectiva;2021;0
Gipuzkoa;6.3.-Otros contra la seguridad colectiva;2020;1
Gipuzkoa;6.3.-Otros contra la seguridad colectiva;2019;0
Gipuzkoa;6.3.-Otros contra la seguridad colectiva;2018;3
Gipuzkoa;7. FALSEDADES;2024;28
Gipuzkoa;7. FALSEDADES;2023;37
Gipuzkoa;7. FALSEDADES;2022;62
Gipuzkoa;7. FALSEDADES;2021;91
Gipuzkoa;7. FALSEDADES;2020;54
Gipuzkoa;7. FALSEDADES;2019;51
Gipuzkoa;7. FALSEDADES;2018;22
Gipuzkoa;8. ADMÓN. PÚBLICA;2024;0
Gipuzkoa;8. ADMÓN. PÚBLICA;2023;1
Gipuzkoa;8. ADMÓN. PÚBLICA;2022;0
Gipuzkoa;8. ADMÓN. PÚBLICA;2021;1
Gipuzkoa;8. ADMÓN. PÚBLICA;2020;0
Gipuzkoa;8. ADMÓN. PÚBLICA;2019;0
Gipuzkoa;8. ADMÓN. PÚBLICA;2018;2
Gipuzkoa;9. ADMÓN. JUSTICIA;2024;13
Gipuzkoa;9. ADMÓN. JUSTICIA;2023;17
Gipuzkoa;9. ADMÓN. JUSTICIA;2022;15
Gipuzkoa;9. ADMÓN. JUSTICIA;2021;13
Gipuzkoa;9. ADMÓN. JUSTICIA;2020;9
Gipuzkoa;9. ADMÓN. JUSTICIA;2019;18
Gipuzkoa;9. ADMÓN. JUSTICIA;2018;12
Gipuzkoa;10. ORDEN PÚBLICO;2024;10
Gipuzkoa;10. ORDEN PÚBLICO;2023;10
Gipuzkoa;10. ORDEN PÚBLICO;2022;11
Gipuzkoa;10. ORDEN PÚBLICO;2021;12
Gipuzkoa;10. ORDEN PÚBLICO;2020;15
Gipuzkoa;10. ORDEN PÚBLICO;2019;11
Gipuzkoa;10. ORDEN PÚBLICO;2018;10
Gipuzkoa;11. LEGISLACIÓN ESPECIAL;2024;2
Gipuzkoa;11. LEGISLACIÓN ESPECIAL;2023;3
Gipuzkoa;11. LEGISLACIÓN ESPECIAL;2022;1
Gipuzkoa;11. LEGISLACIÓN ESPECIAL;2021;0
Gipuzkoa;11. LEGISLACIÓN ESPECIAL;2020;0
Gipuzkoa;11. LEGISLACIÓN ESPECIAL;2019;1
Gipuzkoa;11. LEGISLACIÓN ESPECIAL;2018;0
Gipuzkoa;12. OTRAS INFRACCIONES PENALES;2024;15
Gipuzkoa;12. OTRAS INFRACCIONES PENALES;2023;16
Gipuzkoa;12. OTRAS INFRACCIONES PENALES;2022;5
Gipuzkoa;12. OTRAS INFRACCIONES PENALES;2021;14
Gipuzkoa;12. OTRAS INFRACCIONES PENALES;2020;7
Gipuzkoa;12. OTRAS INFRACCIONES PENALES;2019;10
Gipuzkoa;12. OTRAS INFRACCIONES PENALES;2018;3
Gipuzkoa;TOTAL INFRACCIONES PENALES;2024;280
Gipuzkoa;TOTAL INFRACCIONES PENALES;2023;257
Gipuzkoa;TOTAL INFRACCIONES PENALES;2022;347
Gipuzkoa;TOTAL INFRACCIONES PENALES;2021;278
Gipuzkoa;TOTAL INFRACCIONES PENALES;2020;243
Gipuzkoa;TOTAL INFRACCIONES PENALES;2019;249
Gipuzkoa;TOTAL INFRACCIONES PENALES;2018;190
Huelva;1. CONTRA LAS PERSONAS;2024;2.551
Huelva;1. CONTRA LAS PERSONAS;2023;2.575
Huelva;1. CONTRA LAS PERSONAS;2022;2.542
Huelva;1. CONTRA LAS PERSONAS;2021;2.256
Huelva;1. CONTRA LAS PERSONAS;2020;2.076
Huelva;1. CONTRA LAS PERSONAS;2019;2.292
Huelva;1. CONTRA LAS PERSONAS;2018;2.164
Huelva;1.1.-Homicidios dolosos/asesinatos;2024;7
Huelva;1.1.-Homicidios dolosos/asesinatos;2023;10
Huelva;1.1.-Homicidios dolosos/asesinatos;2022;15
Huelva;1.1.-Homicidios dolosos/asesinatos;2021;9
Huelva;1.1.-Homicidios dolosos/asesinatos;2020;13
Huelva;1.1.-Homicidios dolosos/asesinatos;2019;15
Huelva;1.1.-Homicidios dolosos/asesinatos;2018;9
Huelva;1.1.1.-Homicidios dolosos/asesinatos consumados;2024;2
Huelva;1.1.1.-Homicidios dolosos/asesinatos consumados;2023;4
Huelva;1.1.1.-Homicidios dolosos/asesinatos consumados;2022;3
Huelva;1.1.1.-Homicidios dolosos/asesinatos consumados;2021;4
Huelva;1.1.1.-Homicidios dolosos/asesinatos consumados;2020;6
Huelva;1.1.1.-Homicidios dolosos/asesinatos consumados;2019;6
Huelva;1.1.1.-Homicidios dolosos/asesinatos consumados;2018;2
Huelva;1.2.-Lesiones;2024;1.523
Huelva;1.2.-Lesiones;2023;1.440
Huelva;1.2.-Lesiones;2022;1.471
Huelva;1.2.-Lesiones;2021;1.279
Huelva;1.2.-Lesiones;2020;1.121
Huelva;1.2.-Lesiones;2019;1.324
Huelva;1.2.-Lesiones;2018;1.282
Huelva;1.3.-Malos tratos ámbito familiar;2024;984
Huelva;1.3.-Malos tratos ámbito familiar;2023;1.077
Huelva;1.3.-Malos tratos ámbito familiar;2022;1.020
Huelva;1.3.-Malos tratos ámbito familiar;2021;935
Huelva;1.3.-Malos tratos ámbito familiar;2020;921
Huelva;1.3.-Malos tratos ámbito familiar;2019;925
Huelva;1.3.-Malos tratos ámbito familiar;2018;829
Huelva;1.4.-Otros contra las personas;2024;37
Huelva;1.4.-Otros contra las personas;2023;48
Huelva;1.4.-Otros contra las personas;2022;36
Huelva;1.4.-Otros contra las personas;2021;33
Huelva;1.4.-Otros contra las personas;2020;21
Huelva;1.4.-Otros contra las personas;2019;28
Huelva;1.4.-Otros contra las personas;2018;44
Huelva;2. CONTRA LA LIBERTAD;2024;1.770
Huelva;2. CONTRA LA LIBERTAD;2023;1.786
Huelva;2. CONTRA LA LIBERTAD;2022;1.610
Huelva;2. CONTRA LA LIBERTAD;2021;1.417
Huelva;2. CONTRA LA LIBERTAD;2020;1.417
Huelva;2. CONTRA LA LIBERTAD;2019;1.551
Huelva;2. CONTRA LA LIBERTAD;2018;1.477
Huelva;2.1.-Malos tratos habituales en el ámbito familiar;2024;303
Huelva;2.1.-Malos tratos habituales en el ámbito familiar;2023;339
Huelva;2.1.-Malos tratos habituales en el ámbito familiar;2022;309
Huelva;2.1.-Malos tratos habituales en el ámbito familiar;2021;223
Huelva;2.1.-Malos tratos habituales en el ámbito familiar;2020;223
Huelva;2.1.-Malos tratos habituales en el ámbito familiar;2019;253
Huelva;2.1.-Malos tratos habituales en el ámbito familiar;2018;252
Huelva;2.2.-Otros contra la libertad;2024;1.467
Huelva;2.2.-Otros contra la libertad;2023;1.447
Huelva;2.2.-Otros contra la libertad;2022;1.301
Huelva;2.2.-Otros contra la libertad;2021;1.194
Huelva;2.2.-Otros contra la libertad;2020;1.194
Huelva;2.2.-Otros contra la libertad;2019;1.298
Huelva;2.2.-Otros contra la libertad;2018;1.225
Huelva;3. LIBERTAD SEXUAL;2024;158
Huelva;3. LIBERTAD SEXUAL;2023;145
Huelva;3. LIBERTAD SEXUAL;2022;166
Huelva;3. LIBERTAD SEXUAL;2021;175
Huelva;3. LIBERTAD SEXUAL;2020;111
Huelva;3. LIBERTAD SEXUAL;2019;150
Huelva;3. LIBERTAD SEXUAL;2018;118
Huelva;3.1.-Agresión sexual;2024;108
Huelva;3.1.-Agresión sexual;2023;99
Huelva;3.1.-Agresión sexual;2022;121
Huelva;3.1.-Agresión sexual;2021;114
Huelva;3.1.-Agresión sexual;2020;72
Huelva;3.1.-Agresión sexual;2019;93
Huelva;3.1.-Agresión sexual;2018;83
Huelva;3.2.-Agresión sexual con penetración;2024;27
Huelva;3.2.-Agresión sexual con penetración;2023;29
Huelva;3.2.-Agresión sexual con penetración;2022;19
Huelva;3.2.-Agresión sexual con penetración;2021;30
Huelva;3.2.-Agresión sexual con penetración;2020;23
Huelva;3.2.-Agresión sexual con penetración;2019;26
Huelva;3.2.-Agresión sexual con penetración;2018;11
Huelva;3.3.-Corrupción de menores o incapacitados;2024;1
Huelva;3.3.-Corrupción de menores o incapacitados;2023;3
Huelva;3.3.-Corrupción de menores o incapacitados;2022;0
Huelva;3.3.-Corrupción de menores o incapacitados;2021;1
Huelva;3.3.-Corrupción de menores o incapacitados;2020;1
Huelva;3.3.-Corrupción de menores o incapacitados;2019;7
Huelva;3.3.-Corrupción de menores o incapacitados;2018;1
Huelva;3.4.-Pornografía de menores;2024;1
Huelva;3.4.-Pornografía de menores;2023;3
Huelva;3.4.-Pornografía de menores;2022;13
Huelva;3.4.-Pornografía de menores;2021;8
Huelva;3.4.-Pornografía de menores;2020;3
Huelva;3.4.-Pornografía de menores;2019;6
Huelva;3.4.-Pornografía de menores;2018;7
Huelva;3.5.-Otros contra la libertad sexual;2024;21
Huelva;3.5.-Otros contra la libertad sexual;2023;11
Huelva;3.5.-Otros contra la libertad sexual;2022;13
Huelva;3.5.-Otros contra la libertad sexual;2021;22
Huelva;3.5.-Otros contra la libertad sexual;2020;12
Huelva;3.5.-Otros contra la libertad sexual;2019;18
Huelva;3.5.-Otros contra la libertad sexual;2018;16
Huelva;4. RELACIONES FAMILIARES;2024;63
Huelva;4. RELACIONES FAMILIARES;2023;70
Huelva;4. RELACIONES FAMILIARES;2022;54
Huelva;4. RELACIONES FAMILIARES;2021;40
Huelva;4. RELACIONES FAMILIARES;2020;69
Huelva;4. RELACIONES FAMILIARES;2019;79
Huelva;4. RELACIONES FAMILIARES;2018;43
Huelva;5. PATRIMONIO;2024;3.467
Huelva;5. PATRIMONIO;2023;3.543
Huelva;5. PATRIMONIO;2022;3.341
Huelva;5. PATRIMONIO;2021;2.844
Huelva;5. PATRIMONIO;2020;2.487
Huelva;5. PATRIMONIO;2019;3.005
Huelva;5. PATRIMONIO;2018;3.146
Huelva;5.1.-Hurtos;2024;1.402
Huelva;5.1.-Hurtos;2023;1.457
Huelva;5.1.-Hurtos;2022;1.226
Huelva;5.1.-Hurtos;2021;1.016
Huelva;5.1.-Hurtos;2020;794
Huelva;5.1.-Hurtos;2019;1.109
Huelva;5.1.-Hurtos;2018;1.349
Huelva;5.2.-Robos con fuerza en las cosas;2024;438
Huelva;5.2.-Robos con fuerza en las cosas;2023;505
Huelva;5.2.-Robos con fuerza en las cosas;2022;526
Huelva;5.2.-Robos con fuerza en las cosas;2021;475
Huelva;5.2.-Robos con fuerza en las cosas;2020;444
Huelva;5.2.-Robos con fuerza en las cosas;2019;430
Huelva;5.2.-Robos con fuerza en las cosas;2018;489
Huelva;5.2.1.-Robos con fuerza en las cosas en el interior de vehículos;2024;116
Huelva;5.2.1.-Robos con fuerza en las cosas en el interior de vehículos;2023;145
Huelva;5.2.1.-Robos con fuerza en las cosas en el interior de vehículos;2022;183
Huelva;5.2.1.-Robos con fuerza en las cosas en el interior de vehículos;2021;156
Huelva;5.2.1.-Robos con fuerza en las cosas en el interior de vehículos;2020;87
Huelva;5.2.1.-Robos con fuerza en las cosas en el interior de vehículos;2019;85
Huelva;5.2.1.-Robos con fuerza en las cosas en el interior de vehículos;2018;81
Huelva;5.2.2.-Robos con fuerza en viviendas;2024;128
Huelva;5.2.2.-Robos con fuerza en viviendas;2023;155
Huelva;5.2.2.-Robos con fuerza en viviendas;2022;135
Huelva;5.2.2.-Robos con fuerza en viviendas;2021;150
Huelva;5.2.2.-Robos con fuerza en viviendas;2020;178
Huelva;5.2.2.-Robos con fuerza en viviendas;2019;142
Huelva;5.2.2.-Robos con fuerza en viviendas;2018;210
Huelva;5.2.3.-Robos con fuerza en establecimientos;2024;98
Huelva;5.2.3.-Robos con fuerza en establecimientos;2023;105
Huelva;5.2.3.-Robos con fuerza en establecimientos;2022;87
Huelva;5.2.3.-Robos con fuerza en establecimientos;2021;81
Huelva;5.2.3.-Robos con fuerza en establecimientos;2020;97
Huelva;5.2.3.-Robos con fuerza en establecimientos;2019;102
Huelva;5.2.3.-Robos con fuerza en establecimientos;2018;84
Huelva;5.3.-Robos con violencia o intimidación;2024;163
Huelva;5.3.-Robos con violencia o intimidación;2023;155
Huelva;5.3.-Robos con violencia o intimidación;2022;197
Huelva;5.3.-Robos con violencia o intimidación;2021;135
Huelva;5.3.-Robos con violencia o intimidación;2020;147
Huelva;5.3.-Robos con violencia o intimidación;2019;152
Huelva;5.3.-Robos con violencia o intimidación;2018;121
Huelva;5.3.1.-Robos con violencia en vía pública;2024;85
Huelva;5.3.1.-Robos con violencia en vía pública;2023;75
Huelva;5.3.1.-Robos con violencia en vía pública;2022;94
Huelva;5.3.1.-Robos con violencia en vía pública;2021;85
Huelva;5.3.1.-Robos con violencia en vía pública;2020;75
Huelva;5.3.1.-Robos con violencia en vía pública;2019;76
Huelva;5.3.1.-Robos con violencia en vía pública;2018;52
Huelva;5.3.2.-Robos con violencia en viviendas;2024;22
Huelva;5.3.2.-Robos con violencia en viviendas;2023;17
Huelva;5.3.2.-Robos con violencia en viviendas;2022;19
Huelva;5.3.2.-Robos con violencia en viviendas;2021;15
Huelva;5.3.2.-Robos con violencia en viviendas;2020;19
Huelva;5.3.2.-Robos con violencia en viviendas;2019;21
Huelva;5.3.2.-Robos con violencia en viviendas;2018;20
Huelva;5.3.3.-Robos con violencia en establecimientos;2024;32
Huelva;5.3.3.-Robos con violencia en establecimientos;2023;38
Huelva;5.3.3.-Robos con violencia en establecimientos;2022;49
Huelva;5.3.3.-Robos con violencia en establecimientos;2021;21
Huelva;5.3.3.-Robos con violencia en establecimientos;2020;34
Huelva;5.3.3.-Robos con violencia en establecimientos;2019;26
Huelva;5.3.3.-Robos con violencia en establecimientos;2018;22
Huelva;5.4.-Sustracción de vehículos;2024;90
Huelva;5.4.-Sustracción de vehículos;2023;68
Huelva;5.4.-Sustracción de vehículos;2022;94
Huelva;5.4.-Sustracción de vehículos;2021;57
Huelva;5.4.-Sustracción de vehículos;2020;44
Huelva;5.4.-Sustracción de vehículos;2019;85
Huelva;5.4.-Sustracción de vehículos;2018;78
Huelva;5.5.-Estafas;2024;661
Huelva;5.5.-Estafas;2023;614
Huelva;5.5.-Estafas;2022;585
Huelva;5.5.-Estafas;2021;458
Huelva;5.5.-Estafas;2020;424
Huelva;5.5.-Estafas;2019;502
Huelva;5.5.-Estafas;2018;435
Huelva;5.5.1.-Estafas informáticas;2024;356
Huelva;5.5.1.-Estafas informáticas;2023;363
Huelva;5.5.1.-Estafas informáticas;2022;326
Huelva;5.5.1.-Estafas informáticas;2021;280
Huelva;5.5.1.-Estafas informáticas;2020;248
Huelva;5.5.1.-Estafas informáticas;2019;250
Huelva;5.5.1.-Estafas informáticas;2018;194
Huelva;5.6.-Daños;2024;420
Huelva;5.6.-Daños;2023;453
Huelva;5.6.-Daños;2022;388
Huelva;5.6.-Daños;2021;384
Huelva;5.6.-Daños;2020;315
Huelva;5.6.-Daños;2019;317
Huelva;5.6.-Daños;2018;273
Huelva;5.7.-Contra la propiedad intelectual/industrial;2024;24
Huelva;5.7.-Contra la propiedad intelectual/industrial;2023;22
Huelva;5.7.-Contra la propiedad intelectual/industrial;2022;20
Huelva;5.7.-Contra la propiedad intelectual/industrial;2021;12
Huelva;5.7.-Contra la propiedad intelectual/industrial;2020;16
Huelva;5.7.-Contra la propiedad intelectual/industrial;2019;31
Huelva;5.7.-Contra la propiedad intelectual/industrial;2018;37
Huelva;5.8.-Blanqueo de capitales;2024;3
Huelva;5.8.-Blanqueo de capitales;2023;7
Huelva;5.8.-Blanqueo de capitales;2022;3
Huelva;5.8.-Blanqueo de capitales;2021;1
Huelva;5.8.-Blanqueo de capitales;2020;2
Huelva;5.8.-Blanqueo de capitales;2019;2
Huelva;5.8.-Blanqueo de capitales;2018;3
Huelva;5.9.-Otros contra el patrimonio;2024;266
Huelva;5.9.-Otros contra el patrimonio;2023;262
Huelva;5.9.-Otros contra el patrimonio;2022;302
Huelva;5.9.-Otros contra el patrimonio;2021;306
Huelva;5.9.-Otros contra el patrimonio;2020;301
Huelva;5.9.-Otros contra el patrimonio;2019;377
Huelva;5.9.-Otros contra el patrimonio;2018;361
Huelva;6. SEGURIDAD COLECTIVA;2024;1.035
Huelva;6. SEGURIDAD COLECTIVA;2023;1.022
Huelva;6. SEGURIDAD COLECTIVA;2022;1.120
Huelva;6. SEGURIDAD COLECTIVA;2021;941
Huelva;6. SEGURIDAD COLECTIVA;2020;956
Huelva;6. SEGURIDAD COLECTIVA;2019;1.042
Huelva;6. SEGURIDAD COLECTIVA;2018;982
Huelva;6.1.-Tráfico de drogas;2024;128
Huelva;6.1.-Tráfico de drogas;2023;158
Huelva;6.1.-Tráfico de drogas;2022;157
Huelva;6.1.-Tráfico de drogas;2021;176
Huelva;6.1.-Tráfico de drogas;2020;180
Huelva;6.1.-Tráfico de drogas;2019;141
Huelva;6.1.-Tráfico de drogas;2018;163
Huelva;6.2.-Contra la seguridad vial;2024;871
Huelva;6.2.-Contra la seguridad vial;2023;835
Huelva;6.2.-Contra la seguridad vial;2022;925
Huelva;6.2.-Contra la seguridad vial;2021;729
Huelva;6.2.-Contra la seguridad vial;2020;753
Huelva;6.2.-Contra la seguridad vial;2019;853
Huelva;6.2.-Contra la seguridad vial;2018;790
Huelva;6.3.-Otros contra la seguridad colectiva;2024;36
Huelva;6.3.-Otros contra la seguridad colectiva;2023;29
Huelva;6.3.-Otros contra la seguridad colectiva;2022;38
Huelva;6.3.-Otros contra la seguridad colectiva;2021;36
Huelva;6.3.-Otros contra la seguridad colectiva;2020;23
Huelva;6.3.-Otros contra la seguridad colectiva;2019;48
Huelva;6.3.-Otros contra la seguridad colectiva;2018;29
Huelva;7. FALSEDADES;2024;212
Huelva;7. FALSEDADES;2023;185
Huelva;7. FALSEDADES;2022;166
Huelva;7. FALSEDADES;2021;165
Huelva;7. FALSEDADES;2020;143
Huelva;7. FALSEDADES;2019;116
Huelva;7. FALSEDADES;2018;117
Huelva;8. ADMÓN. PÚBLICA;2024;18
Huelva;8. ADMÓN. PÚBLICA;2023;19
Huelva;8. ADMÓN. PÚBLICA;2022;6
Huelva;8. ADMÓN. PÚBLICA;2021;7
Huelva;8. ADMÓN. PÚBLICA;2020;6
Huelva;8. ADMÓN. PÚBLICA;2019;1
Huelva;8. ADMÓN. PÚBLICA;2018;32
Huelva;9. ADMÓN. JUSTICIA;2024;477
Huelva;9. ADMÓN. JUSTICIA;2023;464
Huelva;9. ADMÓN. JUSTICIA;2022;408
Huelva;9. ADMÓN. JUSTICIA;2021;375
Huelva;9. ADMÓN. JUSTICIA;2020;459
Huelva;9. ADMÓN. JUSTICIA;2019;391
Huelva;9. ADMÓN. JUSTICIA;2018;401
Huelva;10. ORDEN PÚBLICO;2024;268
Huelva;10. ORDEN PÚBLICO;2023;275
Huelva;10. ORDEN PÚBLICO;2022;265
Huelva;10. ORDEN PÚBLICO;2021;210
Huelva;10. ORDEN PÚBLICO;2020;308
Huelva;10. ORDEN PÚBLICO;2019;186
Huelva;10. ORDEN PÚBLICO;2018;184
Huelva;11. LEGISLACIÓN ESPECIAL;2024;14
Huelva;11. LEGISLACIÓN ESPECIAL;2023;9
Huelva;11. LEGISLACIÓN ESPECIAL;2022;10
Huelva;11. LEGISLACIÓN ESPECIAL;2021;15
Huelva;11. LEGISLACIÓN ESPECIAL;2020;9
Huelva;11. LEGISLACIÓN ESPECIAL;2019;4
Huelva;11. LEGISLACIÓN ESPECIAL;2018;1
Huelva;12. OTRAS INFRACCIONES PENALES;2024;217
Huelva;12. OTRAS INFRACCIONES PENALES;2023;250
Huelva;12. OTRAS INFRACCIONES PENALES;2022;199
Huelva;12. OTRAS INFRACCIONES PENALES;2021;217
Huelva;12. OTRAS INFRACCIONES PENALES;2020;207
Huelva;12. OTRAS INFRACCIONES PENALES;2019;235
Huelva;12. OTRAS INFRACCIONES PENALES;2018;131
Huelva;TOTAL INFRACCIONES PENALES;2024;10.250
Huelva;TOTAL INFRACCIONES PENALES;2023;10.343
Huelva;TOTAL INFRACCIONES PENALES;2022;9.887
Huelva;TOTAL INFRACCIONES PENALES;2021;8.662
Huelva;TOTAL INFRACCIONES PENALES;2020;8.248
Huelva;TOTAL INFRACCIONES PENALES;2019;9.052
Huelva;TOTAL INFRACCIONES PENALES;2018;8.796
Huesca;1. CONTRA LAS PERSONAS;2024;877
Huesca;1. CONTRA LAS PERSONAS;2023;817
Huesca;1. CONTRA LAS PERSONAS;2022;732
Huesca;1. CONTRA LAS PERSONAS;2021;552
Huesca;1. CONTRA LAS PERSONAS;2020;494
Huesca;1. CONTRA LAS PERSONAS;2019;563
Huesca;1. CONTRA LAS PERSONAS;2018;577
Huesca;1.1.-Homicidios dolosos/asesinatos;2024;9
Huesca;1.1.-Homicidios dolosos/asesinatos;2023;7
Huesca;1.1.-Homicidios dolosos/asesinatos;2022;2
Huesca;1.1.-Homicidios dolosos/asesinatos;2021;1
Huesca;1.1.-Homicidios dolosos/asesinatos;2020;8
Huesca;1.1.-Homicidios dolosos/asesinatos;2019;1
Huesca;1.1.-Homicidios dolosos/asesinatos;2018;3
Huesca;1.1.1.-Homicidios dolosos/asesinatos consumados;2024;1
Huesca;1.1.1.-Homicidios dolosos/asesinatos consumados;2023;1
Huesca;1.1.1.-Homicidios dolosos/asesinatos consumados;2022;0
Huesca;1.1.1.-Homicidios dolosos/asesinatos consumados;2021;1
Huesca;1.1.1.-Homicidios dolosos/asesinatos consumados;2020;1
Huesca;1.1.1.-Homicidios dolosos/asesinatos consumados;2019;0
Huesca;1.1.1.-Homicidios dolosos/asesinatos consumados;2018;2
Huesca;1.2.-Lesiones;2024;463
Huesca;1.2.-Lesiones;2023;394
Huesca;1.2.-Lesiones;2022;414
Huesca;1.2.-Lesiones;2021;312
Huesca;1.2.-Lesiones;2020;229
Huesca;1.2.-Lesiones;2019;309
Huesca;1.2.-Lesiones;2018;337
Huesca;1.3.-Malos tratos ámbito familiar;2024;390
Huesca;1.3.-Malos tratos ámbito familiar;2023;397
Huesca;1.3.-Malos tratos ámbito familiar;2022;300
Huesca;1.3.-Malos tratos ámbito familiar;2021;234
Huesca;1.3.-Malos tratos ámbito familiar;2020;243
Huesca;1.3.-Malos tratos ámbito familiar;2019;239
Huesca;1.3.-Malos tratos ámbito familiar;2018;225
Huesca;1.4.-Otros contra las personas;2024;15
Huesca;1.4.-Otros contra las personas;2023;19
Huesca;1.4.-Otros contra las personas;2022;16
Huesca;1.4.-Otros contra las personas;2021;5
Huesca;1.4.-Otros contra las personas;2020;14
Huesca;1.4.-Otros contra las personas;2019;14
Huesca;1.4.-Otros contra las personas;2018;12
Huesca;2. CONTRA LA LIBERTAD;2024;430
Huesca;2. CONTRA LA LIBERTAD;2023;427
Huesca;2. CONTRA LA LIBERTAD;2022;357
Huesca;2. CONTRA LA LIBERTAD;2021;333
Huesca;2. CONTRA LA LIBERTAD;2020;314
Huesca;2. CONTRA LA LIBERTAD;2019;304
Huesca;2. CONTRA LA LIBERTAD;2018;271
Huesca;2.1.-Malos tratos habituales en el ámbito familiar;2024;66
Huesca;2.1.-Malos tratos habituales en el ámbito familiar;2023;85
Huesca;2.1.-Malos tratos habituales en el ámbito familiar;2022;69
Huesca;2.1.-Malos tratos habituales en el ámbito familiar;2021;74
Huesca;2.1.-Malos tratos habituales en el ámbito familiar;2020;71
Huesca;2.1.-Malos tratos habituales en el ámbito familiar;2019;51
Huesca;2.1.-Malos tratos habituales en el ámbito familiar;2018;53
Huesca;2.2.-Otros contra la libertad;2024;364
Huesca;2.2.-Otros contra la libertad;2023;342
Huesca;2.2.-Otros contra la libertad;2022;288
Huesca;2.2.-Otros contra la libertad;2021;259
Huesca;2.2.-Otros contra la libertad;2020;243
Huesca;2.2.-Otros contra la libertad;2019;253
Huesca;2.2.-Otros contra la libertad;2018;218
Huesca;3. LIBERTAD SEXUAL;2024;62
Huesca;3. LIBERTAD SEXUAL;2023;92
Huesca;3. LIBERTAD SEXUAL;2022;75
Huesca;3. LIBERTAD SEXUAL;2021;78
Huesca;3. LIBERTAD SEXUAL;2020;49
Huesca;3. LIBERTAD SEXUAL;2019;52
Huesca;3. LIBERTAD SEXUAL;2018;36
Huesca;3.1.-Agresión sexual;2024;35
Huesca;3.1.-Agresión sexual;2023;68
Huesca;3.1.-Agresión sexual;2022;43
Huesca;3.1.-Agresión sexual;2021;44
Huesca;3.1.-Agresión sexual;2020;30
Huesca;3.1.-Agresión sexual;2019;41
Huesca;3.1.-Agresión sexual;2018;21
Huesca;3.2.-Agresión sexual con penetración;2024;18
Huesca;3.2.-Agresión sexual con penetración;2023;12
Huesca;3.2.-Agresión sexual con penetración;2022;19
Huesca;3.2.-Agresión sexual con penetración;2021;21
Huesca;3.2.-Agresión sexual con penetración;2020;6
Huesca;3.2.-Agresión sexual con penetración;2019;4
Huesca;3.2.-Agresión sexual con penetración;2018;7
Huesca;3.3.-Corrupción de menores o incapacitados;2024;0
Huesca;3.3.-Corrupción de menores o incapacitados;2023;1
Huesca;3.3.-Corrupción de menores o incapacitados;2022;2
Huesca;3.3.-Corrupción de menores o incapacitados;2021;1
Huesca;3.3.-Corrupción de menores o incapacitados;2020;0
Huesca;3.3.-Corrupción de menores o incapacitados;2019;0
Huesca;3.3.-Corrupción de menores o incapacitados;2018;0
Huesca;3.4.-Pornografía de menores;2024;3
Huesca;3.4.-Pornografía de menores;2023;3
Huesca;3.4.-Pornografía de menores;2022;1
Huesca;3.4.-Pornografía de menores;2021;4
Huesca;3.4.-Pornografía de menores;2020;2
Huesca;3.4.-Pornografía de menores;2019;3
Huesca;3.4.-Pornografía de menores;2018;4
Huesca;3.5.-Otros contra la libertad sexual;2024;6
Huesca;3.5.-Otros contra la libertad sexual;2023;8
Huesca;3.5.-Otros contra la libertad sexual;2022;10
Huesca;3.5.-Otros contra la libertad sexual;2021;8
Huesca;3.5.-Otros contra la libertad sexual;2020;11
Huesca;3.5.-Otros contra la libertad sexual;2019;4
Huesca;3.5.-Otros contra la libertad sexual;2018;4
Huesca;4. RELACIONES FAMILIARES;2024;10
Huesca;4. RELACIONES FAMILIARES;2023;13
Huesca;4. RELACIONES FAMILIARES;2022;4
Huesca;4. RELACIONES FAMILIARES;2021;9
Huesca;4. RELACIONES FAMILIARES;2020;10
Huesca;4. RELACIONES FAMILIARES;2019;6
Huesca;4. RELACIONES FAMILIARES;2018;6
Huesca;5. PATRIMONIO;2024;1.349
Huesca;5. PATRIMONIO;2023;1.059
Huesca;5. PATRIMONIO;2022;905
Huesca;5. PATRIMONIO;2021;734
Huesca;5. PATRIMONIO;2020;643
Huesca;5. PATRIMONIO;2019;781
Huesca;5. PATRIMONIO;2018;691
Huesca;5.1.-Hurtos;2024;358
Huesca;5.1.-Hurtos;2023;252
Huesca;5.1.-Hurtos;2022;251
Huesca;5.1.-Hurtos;2021;167
Huesca;5.1.-Hurtos;2020;135
Huesca;5.1.-Hurtos;2019;199
Huesca;5.1.-Hurtos;2018;185
Huesca;5.2.-Robos con fuerza en las cosas;2024;251
Huesca;5.2.-Robos con fuerza en las cosas;2023;239
Huesca;5.2.-Robos con fuerza en las cosas;2022;166
Huesca;5.2.-Robos con fuerza en las cosas;2021;147
Huesca;5.2.-Robos con fuerza en las cosas;2020;139
Huesca;5.2.-Robos con fuerza en las cosas;2019;197
Huesca;5.2.-Robos con fuerza en las cosas;2018;156
Huesca;5.2.1.-Robos con fuerza en las cosas en el interior de vehículos;2024;28
Huesca;5.2.1.-Robos con fuerza en las cosas en el interior de vehículos;2023;36
Huesca;5.2.1.-Robos con fuerza en las cosas en el interior de vehículos;2022;27
Huesca;5.2.1.-Robos con fuerza en las cosas en el interior de vehículos;2021;10
Huesca;5.2.1.-Robos con fuerza en las cosas en el interior de vehículos;2020;19
Huesca;5.2.1.-Robos con fuerza en las cosas en el interior de vehículos;2019;11
Huesca;5.2.1.-Robos con fuerza en las cosas en el interior de vehículos;2018;11
Huesca;5.2.2.-Robos con fuerza en viviendas;2024;51
Huesca;5.2.2.-Robos con fuerza en viviendas;2023;91
Huesca;5.2.2.-Robos con fuerza en viviendas;2022;50
Huesca;5.2.2.-Robos con fuerza en viviendas;2021;55
Huesca;5.2.2.-Robos con fuerza en viviendas;2020;38
Huesca;5.2.2.-Robos con fuerza en viviendas;2019;40
Huesca;5.2.2.-Robos con fuerza en viviendas;2018;63
Huesca;5.2.3.-Robos con fuerza en establecimientos;2024;52
Huesca;5.2.3.-Robos con fuerza en establecimientos;2023;31
Huesca;5.2.3.-Robos con fuerza en establecimientos;2022;29
Huesca;5.2.3.-Robos con fuerza en establecimientos;2021;22
Huesca;5.2.3.-Robos con fuerza en establecimientos;2020;38
Huesca;5.2.3.-Robos con fuerza en establecimientos;2019;42
Huesca;5.2.3.-Robos con fuerza en establecimientos;2018;16
Huesca;5.3.-Robos con violencia o intimidación;2024;80
Huesca;5.3.-Robos con violencia o intimidación;2023;40
Huesca;5.3.-Robos con violencia o intimidación;2022;35
Huesca;5.3.-Robos con violencia o intimidación;2021;17
Huesca;5.3.-Robos con violencia o intimidación;2020;20
Huesca;5.3.-Robos con violencia o intimidación;2019;24
Huesca;5.3.-Robos con violencia o intimidación;2018;15
Huesca;5.3.1.-Robos con violencia en vía pública;2024;36
Huesca;5.3.1.-Robos con violencia en vía pública;2023;24
Huesca;5.3.1.-Robos con violencia en vía pública;2022;10
Huesca;5.3.1.-Robos con violencia en vía pública;2021;7
Huesca;5.3.1.-Robos con violencia en vía pública;2020;10
Huesca;5.3.1.-Robos con violencia en vía pública;2019;8
Huesca;5.3.1.-Robos con violencia en vía pública;2018;8
Huesca;5.3.2.-Robos con violencia en viviendas;2024;11
Huesca;5.3.2.-Robos con violencia en viviendas;2023;2
Huesca;5.3.2.-Robos con violencia en viviendas;2022;3
Huesca;5.3.2.-Robos con violencia en viviendas;2021;5
Huesca;5.3.2.-Robos con violencia en viviendas;2020;1
Huesca;5.3.2.-Robos con violencia en viviendas;2019;3
Huesca;5.3.2.-Robos con violencia en viviendas;2018;0
Huesca;5.3.3.-Robos con violencia en establecimientos;2024;12
Huesca;5.3.3.-Robos con violencia en establecimientos;2023;9
Huesca;5.3.3.-Robos con violencia en establecimientos;2022;18
Huesca;5.3.3.-Robos con violencia en establecimientos;2021;4
Huesca;5.3.3.-Robos con violencia en establecimientos;2020;7
Huesca;5.3.3.-Robos con violencia en establecimientos;2019;9
Huesca;5.3.3.-Robos con violencia en establecimientos;2018;6
Huesca;5.4.-Sustracción de vehículos;2024;21
Huesca;5.4.-Sustracción de vehículos;2023;22
Huesca;5.4.-Sustracción de vehículos;2022;19
Huesca;5.4.-Sustracción de vehículos;2021;21
Huesca;5.4.-Sustracción de vehículos;2020;10
Huesca;5.4.-Sustracción de vehículos;2019;8
Huesca;5.4.-Sustracción de vehículos;2018;6
Huesca;5.5.-Estafas;2024;342
Huesca;5.5.-Estafas;2023;277
Huesca;5.5.-Estafas;2022;222
Huesca;5.5.-Estafas;2021;171
Huesca;5.5.-Estafas;2020;141
Huesca;5.5.-Estafas;2019;166
Huesca;5.5.-Estafas;2018;142
Huesca;5.5.1.-Estafas informáticas;2024;256
Huesca;5.5.1.-Estafas informáticas;2023;195
Huesca;5.5.1.-Estafas informáticas;2022;136
Huesca;5.5.1.-Estafas informáticas;2021;109
Huesca;5.5.1.-Estafas informáticas;2020;90
Huesca;5.5.1.-Estafas informáticas;2019;93
Huesca;5.5.1.-Estafas informáticas;2018;74
Huesca;5.6.-Daños;2024;191
Huesca;5.6.-Daños;2023;131
Huesca;5.6.-Daños;2022;136
Huesca;5.6.-Daños;2021;129
Huesca;5.6.-Daños;2020;131
Huesca;5.6.-Daños;2019;112
Huesca;5.6.-Daños;2018;111
Huesca;5.7.-Contra la propiedad intelectual/industrial;2024;4
Huesca;5.7.-Contra la propiedad intelectual/industrial;2023;3
Huesca;5.7.-Contra la propiedad intelectual/industrial;2022;0
Huesca;5.7.-Contra la propiedad intelectual/industrial;2021;1
Huesca;5.7.-Contra la propiedad intelectual/industrial;2020;2
Huesca;5.7.-Contra la propiedad intelectual/industrial;2019;2
Huesca;5.7.-Contra la propiedad intelectual/industrial;2018;5
Huesca;5.8.-Blanqueo de capitales;2024;2
Huesca;5.8.-Blanqueo de capitales;2023;1
Huesca;5.8.-Blanqueo de capitales;2022;2
Huesca;5.8.-Blanqueo de capitales;2021;1
Huesca;5.8.-Blanqueo de capitales;2020;2
Huesca;5.8.-Blanqueo de capitales;2019;0
Huesca;5.8.-Blanqueo de capitales;2018;0
Huesca;5.9.-Otros contra el patrimonio;2024;100
Huesca;5.9.-Otros contra el patrimonio;2023;94
Huesca;5.9.-Otros contra el patrimonio;2022;74
Huesca;5.9.-Otros contra el patrimonio;2021;80
Huesca;5.9.-Otros contra el patrimonio;2020;63
Huesca;5.9.-Otros contra el patrimonio;2019;73
Huesca;5.9.-Otros contra el patrimonio;2018;71
Huesca;6. SEGURIDAD COLECTIVA;2024;406
Huesca;6. SEGURIDAD COLECTIVA;2023;408
Huesca;6. SEGURIDAD COLECTIVA;2022;398
Huesca;6. SEGURIDAD COLECTIVA;2021;316
Huesca;6. SEGURIDAD COLECTIVA;2020;288
Huesca;6. SEGURIDAD COLECTIVA;2019;338
Huesca;6. SEGURIDAD COLECTIVA;2018;287
Huesca;6.1.-Tráfico de drogas;2024;74
Huesca;6.1.-Tráfico de drogas;2023;98
Huesca;6.1.-Tráfico de drogas;2022;61
Huesca;6.1.-Tráfico de drogas;2021;44
Huesca;6.1.-Tráfico de drogas;2020;51
Huesca;6.1.-Tráfico de drogas;2019;56
Huesca;6.1.-Tráfico de drogas;2018;48
Huesca;6.2.-Contra la seguridad vial;2024;323
Huesca;6.2.-Contra la seguridad vial;2023;304
Huesca;6.2.-Contra la seguridad vial;2022;333
Huesca;6.2.-Contra la seguridad vial;2021;266
Huesca;6.2.-Contra la seguridad vial;2020;232
Huesca;6.2.-Contra la seguridad vial;2019;280
Huesca;6.2.-Contra la seguridad vial;2018;237
Huesca;6.3.-Otros contra la seguridad colectiva;2024;9
Huesca;6.3.-Otros contra la seguridad colectiva;2023;6
Huesca;6.3.-Otros contra la seguridad colectiva;2022;4
Huesca;6.3.-Otros contra la seguridad colectiva;2021;6
Huesca;6.3.-Otros contra la seguridad colectiva;2020;5
Huesca;6.3.-Otros contra la seguridad colectiva;2019;2
Huesca;6.3.-Otros contra la seguridad colectiva;2018;2
Huesca;7. FALSEDADES;2024;98
Huesca;7. FALSEDADES;2023;89
Huesca;7. FALSEDADES;2022;74
Huesca;7. FALSEDADES;2021;103
Huesca;7. FALSEDADES;2020;93
Huesca;7. FALSEDADES;2019;55
Huesca;7. FALSEDADES;2018;60
Huesca;8. ADMÓN. PÚBLICA;2024;2
Huesca;8. ADMÓN. PÚBLICA;2023;1
Huesca;8. ADMÓN. PÚBLICA;2022;1
Huesca;8. ADMÓN. PÚBLICA;2021;0
Huesca;8. ADMÓN. PÚBLICA;2020;6
Huesca;8. ADMÓN. PÚBLICA;2019;0
Huesca;8. ADMÓN. PÚBLICA;2018;2
Huesca;9. ADMÓN. JUSTICIA;2024;258
Huesca;9. ADMÓN. JUSTICIA;2023;231
Huesca;9. ADMÓN. JUSTICIA;2022;163
Huesca;9. ADMÓN. JUSTICIA;2021;116
Huesca;9. ADMÓN. JUSTICIA;2020;113
Huesca;9. ADMÓN. JUSTICIA;2019;129
Huesca;9. ADMÓN. JUSTICIA;2018;99
Huesca;10. ORDEN PÚBLICO;2024;155
Huesca;10. ORDEN PÚBLICO;2023;103
Huesca;10. ORDEN PÚBLICO;2022;110
Huesca;10. ORDEN PÚBLICO;2021;85
Huesca;10. ORDEN PÚBLICO;2020;101
Huesca;10. ORDEN PÚBLICO;2019;71
Huesca;10. ORDEN PÚBLICO;2018;59
Huesca;11. LEGISLACIÓN ESPECIAL;2024;0
Huesca;11. LEGISLACIÓN ESPECIAL;2023;0
Huesca;11. LEGISLACIÓN ESPECIAL;2022;1
Huesca;11. LEGISLACIÓN ESPECIAL;2021;0
Huesca;11. LEGISLACIÓN ESPECIAL;2020;1
Huesca;11. LEGISLACIÓN ESPECIAL;2019;0
Huesca;11. LEGISLACIÓN ESPECIAL;2018;1
Huesca;12. OTRAS INFRACCIONES PENALES;2024;45
Huesca;12. OTRAS INFRACCIONES PENALES;2023;24
Huesca;12. OTRAS INFRACCIONES PENALES;2022;28
Huesca;12. OTRAS INFRACCIONES PENALES;2021;28
Huesca;12. OTRAS INFRACCIONES PENALES;2020;30
Huesca;12. OTRAS INFRACCIONES PENALES;2019;25
Huesca;12. OTRAS INFRACCIONES PENALES;2018;49
Huesca;TOTAL INFRACCIONES PENALES;2024;3.692
Huesca;TOTAL INFRACCIONES PENALES;2023;3.264
Huesca;TOTAL INFRACCIONES PENALES;2022;2.848
Huesca;TOTAL INFRACCIONES PENALES;2021;2.354
Huesca;TOTAL INFRACCIONES PENALES;2020;2.142
Huesca;TOTAL INFRACCIONES PENALES;2019;2.324
Huesca;TOTAL INFRACCIONES PENALES;2018;2.138
Jaén;1. CONTRA LAS PERSONAS;2024;2.155
Jaén;1. CONTRA LAS PERSONAS;2023;2.017
Jaén;1. CONTRA LAS PERSONAS;2022;2.074
Jaén;1. CONTRA LAS PERSONAS;2021;1.773
Jaén;1. CONTRA LAS PERSONAS;2020;1.555
Jaén;1. CONTRA LAS PERSONAS;2019;1.777
Jaén;1. CONTRA LAS PERSONAS;2018;1.705
Jaén;1.1.-Homicidios dolosos/asesinatos;2024;23
Jaén;1.1.-Homicidios dolosos/asesinatos;2023;17
Jaén;1.1.-Homicidios dolosos/asesinatos;2022;23
Jaén;1.1.-Homicidios dolosos/asesinatos;2021;18
Jaén;1.1.-Homicidios dolosos/asesinatos;2020;19
Jaén;1.1.-Homicidios dolosos/asesinatos;2019;11
Jaén;1.1.-Homicidios dolosos/asesinatos;2018;10
Jaén;1.1.1.-Homicidios dolosos/asesinatos consumados;2024;4
Jaén;1.1.1.-Homicidios dolosos/asesinatos consumados;2023;2
Jaén;1.1.1.-Homicidios dolosos/asesinatos consumados;2022;6
Jaén;1.1.1.-Homicidios dolosos/asesinatos consumados;2021;4
Jaén;1.1.1.-Homicidios dolosos/asesinatos consumados;2020;6
Jaén;1.1.1.-Homicidios dolosos/asesinatos consumados;2019;3
Jaén;1.1.1.-Homicidios dolosos/asesinatos consumados;2018;4
Jaén;1.2.-Lesiones;2024;1.139
Jaén;1.2.-Lesiones;2023;1.066
Jaén;1.2.-Lesiones;2022;1.177
Jaén;1.2.-Lesiones;2021;999
Jaén;1.2.-Lesiones;2020;828
Jaén;1.2.-Lesiones;2019;1.030
Jaén;1.2.-Lesiones;2018;957
Jaén;1.3.-Malos tratos ámbito familiar;2024;958
Jaén;1.3.-Malos tratos ámbito familiar;2023;898
Jaén;1.3.-Malos tratos ámbito familiar;2022;828
Jaén;1.3.-Malos tratos ámbito familiar;2021;736
Jaén;1.3.-Malos tratos ámbito familiar;2020;685
Jaén;1.3.-Malos tratos ámbito familiar;2019;703
Jaén;1.3.-Malos tratos ámbito familiar;2018;706
Jaén;1.4.-Otros contra las personas;2024;35
Jaén;1.4.-Otros contra las personas;2023;36
Jaén;1.4.-Otros contra las personas;2022;46
Jaén;1.4.-Otros contra las personas;2021;20
Jaén;1.4.-Otros contra las personas;2020;23
Jaén;1.4.-Otros contra las personas;2019;33
Jaén;1.4.-Otros contra las personas;2018;32
Jaén;2. CONTRA LA LIBERTAD;2024;1.551
Jaén;2. CONTRA LA LIBERTAD;2023;1.601
Jaén;2. CONTRA LA LIBERTAD;2022;1.486
Jaén;2. CONTRA LA LIBERTAD;2021;1.340
Jaén;2. CONTRA LA LIBERTAD;2020;1.293
Jaén;2. CONTRA LA LIBERTAD;2019;1.245
Jaén;2. CONTRA LA LIBERTAD;2018;1.216
Jaén;2.1.-Malos tratos habituales en el ámbito familiar;2024;257
Jaén;2.1.-Malos tratos habituales en el ámbito familiar;2023;249
Jaén;2.1.-Malos tratos habituales en el ámbito familiar;2022;257
Jaén;2.1.-Malos tratos habituales en el ámbito familiar;2021;236
Jaén;2.1.-Malos tratos habituales en el ámbito familiar;2020;237
Jaén;2.1.-Malos tratos habituales en el ámbito familiar;2019;261
Jaén;2.1.-Malos tratos habituales en el ámbito familiar;2018;205
Jaén;2.2.-Otros contra la libertad;2024;1.294
Jaén;2.2.-Otros contra la libertad;2023;1.352
Jaén;2.2.-Otros contra la libertad;2022;1.229
Jaén;2.2.-Otros contra la libertad;2021;1.104
Jaén;2.2.-Otros contra la libertad;2020;1.056
Jaén;2.2.-Otros contra la libertad;2019;984
Jaén;2.2.-Otros contra la libertad;2018;1.011
Jaén;3. LIBERTAD SEXUAL;2024;157
Jaén;3. LIBERTAD SEXUAL;2023;135
Jaén;3. LIBERTAD SEXUAL;2022;133
Jaén;3. LIBERTAD SEXUAL;2021;125
Jaén;3. LIBERTAD SEXUAL;2020;92
Jaén;3. LIBERTAD SEXUAL;2019;124
Jaén;3. LIBERTAD SEXUAL;2018;101
Jaén;3.1.-Agresión sexual;2024;108
Jaén;3.1.-Agresión sexual;2023;78
Jaén;3.1.-Agresión sexual;2022;88
Jaén;3.1.-Agresión sexual;2021;85
Jaén;3.1.-Agresión sexual;2020;69
Jaén;3.1.-Agresión sexual;2019;76
Jaén;3.1.-Agresión sexual;2018;59
Jaén;3.2.-Agresión sexual con penetración;2024;23
Jaén;3.2.-Agresión sexual con penetración;2023;36
Jaén;3.2.-Agresión sexual con penetración;2022;23
Jaén;3.2.-Agresión sexual con penetración;2021;21
Jaén;3.2.-Agresión sexual con penetración;2020;13
Jaén;3.2.-Agresión sexual con penetración;2019;18
Jaén;3.2.-Agresión sexual con penetración;2018;21
Jaén;3.3.-Corrupción de menores o incapacitados;2024;1
Jaén;3.3.-Corrupción de menores o incapacitados;2023;3
Jaén;3.3.-Corrupción de menores o incapacitados;2022;4
Jaén;3.3.-Corrupción de menores o incapacitados;2021;0
Jaén;3.3.-Corrupción de menores o incapacitados;2020;1
Jaén;3.3.-Corrupción de menores o incapacitados;2019;8
Jaén;3.3.-Corrupción de menores o incapacitados;2018;4
Jaén;3.4.-Pornografía de menores;2024;3
Jaén;3.4.-Pornografía de menores;2023;3
Jaén;3.4.-Pornografía de menores;2022;3
Jaén;3.4.-Pornografía de menores;2021;4
Jaén;3.4.-Pornografía de menores;2020;0
Jaén;3.4.-Pornografía de menores;2019;5
Jaén;3.4.-Pornografía de menores;2018;5
Jaén;3.5.-Otros contra la libertad sexual;2024;22
Jaén;3.5.-Otros contra la libertad sexual;2023;15
Jaén;3.5.-Otros contra la libertad sexual;2022;15
Jaén;3.5.-Otros contra la libertad sexual;2021;15
Jaén;3.5.-Otros contra la libertad sexual;2020;9
Jaén;3.5.-Otros contra la libertad sexual;2019;17
Jaén;3.5.-Otros contra la libertad sexual;2018;12
Jaén;4. RELACIONES FAMILIARES;2024;161
Jaén;4. RELACIONES FAMILIARES;2023;130
Jaén;4. RELACIONES FAMILIARES;2022;126
Jaén;4. RELACIONES FAMILIARES;2021;119
Jaén;4. RELACIONES FAMILIARES;2020;104
Jaén;4. RELACIONES FAMILIARES;2019;122
Jaén;4. RELACIONES FAMILIARES;2018;111
Jaén;5. PATRIMONIO;2024;3.458
Jaén;5. PATRIMONIO;2023;3.452
Jaén;5. PATRIMONIO;2022;3.067
Jaén;5. PATRIMONIO;2021;2.479
Jaén;5. PATRIMONIO;2020;2.467
Jaén;5. PATRIMONIO;2019;2.556
Jaén;5. PATRIMONIO;2018;2.630
Jaén;5.1.-Hurtos;2024;1.096
Jaén;5.1.-Hurtos;2023;1.105
Jaén;5.1.-Hurtos;2022;783
Jaén;5.1.-Hurtos;2021;668
Jaén;5.1.-Hurtos;2020;557
Jaén;5.1.-Hurtos;2019;767
Jaén;5.1.-Hurtos;2018;825
Jaén;5.2.-Robos con fuerza en las cosas;2024;545
Jaén;5.2.-Robos con fuerza en las cosas;2023;571
Jaén;5.2.-Robos con fuerza en las cosas;2022;403
Jaén;5.2.-Robos con fuerza en las cosas;2021;337
Jaén;5.2.-Robos con fuerza en las cosas;2020;379
Jaén;5.2.-Robos con fuerza en las cosas;2019;330
Jaén;5.2.-Robos con fuerza en las cosas;2018;446
Jaén;5.2.1.-Robos con fuerza en las cosas en el interior de vehículos;2024;115
Jaén;5.2.1.-Robos con fuerza en las cosas en el interior de vehículos;2023;99
Jaén;5.2.1.-Robos con fuerza en las cosas en el interior de vehículos;2022;54
Jaén;5.2.1.-Robos con fuerza en las cosas en el interior de vehículos;2021;63
Jaén;5.2.1.-Robos con fuerza en las cosas en el interior de vehículos;2020;97
Jaén;5.2.1.-Robos con fuerza en las cosas en el interior de vehículos;2019;50
Jaén;5.2.1.-Robos con fuerza en las cosas en el interior de vehículos;2018;123
Jaén;5.2.2.-Robos con fuerza en viviendas;2024;186
Jaén;5.2.2.-Robos con fuerza en viviendas;2023;168
Jaén;5.2.2.-Robos con fuerza en viviendas;2022;151
Jaén;5.2.2.-Robos con fuerza en viviendas;2021;116
Jaén;5.2.2.-Robos con fuerza en viviendas;2020;120
Jaén;5.2.2.-Robos con fuerza en viviendas;2019;149
Jaén;5.2.2.-Robos con fuerza en viviendas;2018;140
Jaén;5.2.3.-Robos con fuerza en establecimientos;2024;101
Jaén;5.2.3.-Robos con fuerza en establecimientos;2023;142
Jaén;5.2.3.-Robos con fuerza en establecimientos;2022;73
Jaén;5.2.3.-Robos con fuerza en establecimientos;2021;72
Jaén;5.2.3.-Robos con fuerza en establecimientos;2020;75
Jaén;5.2.3.-Robos con fuerza en establecimientos;2019;53
Jaén;5.2.3.-Robos con fuerza en establecimientos;2018;80
Jaén;5.3.-Robos con violencia o intimidación;2024;120
Jaén;5.3.-Robos con violencia o intimidación;2023;127
Jaén;5.3.-Robos con violencia o intimidación;2022;143
Jaén;5.3.-Robos con violencia o intimidación;2021;106
Jaén;5.3.-Robos con violencia o intimidación;2020;121
Jaén;5.3.-Robos con violencia o intimidación;2019;144
Jaén;5.3.-Robos con violencia o intimidación;2018;110
Jaén;5.3.1.-Robos con violencia en vía pública;2024;60
Jaén;5.3.1.-Robos con violencia en vía pública;2023;56
Jaén;5.3.1.-Robos con violencia en vía pública;2022;78
Jaén;5.3.1.-Robos con violencia en vía pública;2021;57
Jaén;5.3.1.-Robos con violencia en vía pública;2020;65
Jaén;5.3.1.-Robos con violencia en vía pública;2019;69
Jaén;5.3.1.-Robos con violencia en vía pública;2018;55
Jaén;5.3.2.-Robos con violencia en viviendas;2024;21
Jaén;5.3.2.-Robos con violencia en viviendas;2023;20
Jaén;5.3.2.-Robos con violencia en viviendas;2022;12
Jaén;5.3.2.-Robos con violencia en viviendas;2021;20
Jaén;5.3.2.-Robos con violencia en viviendas;2020;7
Jaén;5.3.2.-Robos con violencia en viviendas;2019;18
Jaén;5.3.2.-Robos con violencia en viviendas;2018;9
Jaén;5.3.3.-Robos con violencia en establecimientos;2024;28
Jaén;5.3.3.-Robos con violencia en establecimientos;2023;35
Jaén;5.3.3.-Robos con violencia en establecimientos;2022;26
Jaén;5.3.3.-Robos con violencia en establecimientos;2021;15
Jaén;5.3.3.-Robos con violencia en establecimientos;2020;36
Jaén;5.3.3.-Robos con violencia en establecimientos;2019;36
Jaén;5.3.3.-Robos con violencia en establecimientos;2018;20
Jaén;5.4.-Sustracción de vehículos;2024;70
Jaén;5.4.-Sustracción de vehículos;2023;64
Jaén;5.4.-Sustracción de vehículos;2022;50
Jaén;5.4.-Sustracción de vehículos;2021;36
Jaén;5.4.-Sustracción de vehículos;2020;54
Jaén;5.4.-Sustracción de vehículos;2019;73
Jaén;5.4.-Sustracción de vehículos;2018;73
Jaén;5.5.-Estafas;2024;838
Jaén;5.5.-Estafas;2023;841
Jaén;5.5.-Estafas;2022;818
Jaén;5.5.-Estafas;2021;684
Jaén;5.5.-Estafas;2020;727
Jaén;5.5.-Estafas;2019;619
Jaén;5.5.-Estafas;2018;556
Jaén;5.5.1.-Estafas informáticas;2024;585
Jaén;5.5.1.-Estafas informáticas;2023;636
Jaén;5.5.1.-Estafas informáticas;2022;543
Jaén;5.5.1.-Estafas informáticas;2021;482
Jaén;5.5.1.-Estafas informáticas;2020;456
Jaén;5.5.1.-Estafas informáticas;2019;308
Jaén;5.5.1.-Estafas informáticas;2018;238
Jaén;5.6.-Daños;2024;459
Jaén;5.6.-Daños;2023;432
Jaén;5.6.-Daños;2022;417
Jaén;5.6.-Daños;2021;375
Jaén;5.6.-Daños;2020;325
Jaén;5.6.-Daños;2019;351
Jaén;5.6.-Daños;2018;362
Jaén;5.7.-Contra la propiedad intelectual/industrial;2024;4
Jaén;5.7.-Contra la propiedad intelectual/industrial;2023;4
Jaén;5.7.-Contra la propiedad intelectual/industrial;2022;7
Jaén;5.7.-Contra la propiedad intelectual/industrial;2021;5
Jaén;5.7.-Contra la propiedad intelectual/industrial;2020;3
Jaén;5.7.-Contra la propiedad intelectual/industrial;2019;7
Jaén;5.7.-Contra la propiedad intelectual/industrial;2018;4
Jaén;5.8.-Blanqueo de capitales;2024;3
Jaén;5.8.-Blanqueo de capitales;2023;8
Jaén;5.8.-Blanqueo de capitales;2022;3
Jaén;5.8.-Blanqueo de capitales;2021;1
Jaén;5.8.-Blanqueo de capitales;2020;6
Jaén;5.8.-Blanqueo de capitales;2019;3
Jaén;5.8.-Blanqueo de capitales;2018;0
Jaén;5.9.-Otros contra el patrimonio;2024;323
Jaén;5.9.-Otros contra el patrimonio;2023;300
Jaén;5.9.-Otros contra el patrimonio;2022;443
Jaén;5.9.-Otros contra el patrimonio;2021;267
Jaén;5.9.-Otros contra el patrimonio;2020;295
Jaén;5.9.-Otros contra el patrimonio;2019;262
Jaén;5.9.-Otros contra el patrimonio;2018;254
Jaén;6. SEGURIDAD COLECTIVA;2024;640
Jaén;6. SEGURIDAD COLECTIVA;2023;637
Jaén;6. SEGURIDAD COLECTIVA;2022;665
Jaén;6. SEGURIDAD COLECTIVA;2021;555
Jaén;6. SEGURIDAD COLECTIVA;2020;594
Jaén;6. SEGURIDAD COLECTIVA;2019;647
Jaén;6. SEGURIDAD COLECTIVA;2018;585
Jaén;6.1.-Tráfico de drogas;2024;158
Jaén;6.1.-Tráfico de drogas;2023;158
Jaén;6.1.-Tráfico de drogas;2022;148
Jaén;6.1.-Tráfico de drogas;2021;157
Jaén;6.1.-Tráfico de drogas;2020;162
Jaén;6.1.-Tráfico de drogas;2019;143
Jaén;6.1.-Tráfico de drogas;2018;138
Jaén;6.2.-Contra la seguridad vial;2024;452
Jaén;6.2.-Contra la seguridad vial;2023;454
Jaén;6.2.-Contra la seguridad vial;2022;494
Jaén;6.2.-Contra la seguridad vial;2021;380
Jaén;6.2.-Contra la seguridad vial;2020;408
Jaén;6.2.-Contra la seguridad vial;2019;463
Jaén;6.2.-Contra la seguridad vial;2018;432
Jaén;6.3.-Otros contra la seguridad colectiva;2024;30
Jaén;6.3.-Otros contra la seguridad colectiva;2023;25
Jaén;6.3.-Otros contra la seguridad colectiva;2022;23
Jaén;6.3.-Otros contra la seguridad colectiva;2021;18
Jaén;6.3.-Otros contra la seguridad colectiva;2020;24
Jaén;6.3.-Otros contra la seguridad colectiva;2019;41
Jaén;6.3.-Otros contra la seguridad colectiva;2018;15
Jaén;7. FALSEDADES;2024;200
Jaén;7. FALSEDADES;2023;229
Jaén;7. FALSEDADES;2022;184
Jaén;7. FALSEDADES;2021;162
Jaén;7. FALSEDADES;2020;135
Jaén;7. FALSEDADES;2019;138
Jaén;7. FALSEDADES;2018;160
Jaén;8. ADMÓN. PÚBLICA;2024;2
Jaén;8. ADMÓN. PÚBLICA;2023;1
Jaén;8. ADMÓN. PÚBLICA;2022;6
Jaén;8. ADMÓN. PÚBLICA;2021;8
Jaén;8. ADMÓN. PÚBLICA;2020;3
Jaén;8. ADMÓN. PÚBLICA;2019;6
Jaén;8. ADMÓN. PÚBLICA;2018;3
Jaén;9. ADMÓN. JUSTICIA;2024;634
Jaén;9. ADMÓN. JUSTICIA;2023;649
Jaén;9. ADMÓN. JUSTICIA;2022;492
Jaén;9. ADMÓN. JUSTICIA;2021;461
Jaén;9. ADMÓN. JUSTICIA;2020;427
Jaén;9. ADMÓN. JUSTICIA;2019;452
Jaén;9. ADMÓN. JUSTICIA;2018;401
Jaén;10. ORDEN PÚBLICO;2024;297
Jaén;10. ORDEN PÚBLICO;2023;258
Jaén;10. ORDEN PÚBLICO;2022;243
Jaén;10. ORDEN PÚBLICO;2021;222
Jaén;10. ORDEN PÚBLICO;2020;236
Jaén;10. ORDEN PÚBLICO;2019;225
Jaén;10. ORDEN PÚBLICO;2018;164
Jaén;11. LEGISLACIÓN ESPECIAL;2024;4
Jaén;11. LEGISLACIÓN ESPECIAL;2023;3
Jaén;11. LEGISLACIÓN ESPECIAL;2022;4
Jaén;11. LEGISLACIÓN ESPECIAL;2021;0
Jaén;11. LEGISLACIÓN ESPECIAL;2020;2
Jaén;11. LEGISLACIÓN ESPECIAL;2019;5
Jaén;11. LEGISLACIÓN ESPECIAL;2018;7
Jaén;12. OTRAS INFRACCIONES PENALES;2024;117
Jaén;12. OTRAS INFRACCIONES PENALES;2023;150
Jaén;12. OTRAS INFRACCIONES PENALES;2022;116
Jaén;12. OTRAS INFRACCIONES PENALES;2021;120
Jaén;12. OTRAS INFRACCIONES PENALES;2020;118
Jaén;12. OTRAS INFRACCIONES PENALES;2019;130
Jaén;12. OTRAS INFRACCIONES PENALES;2018;143
Jaén;TOTAL INFRACCIONES PENALES;2024;9.376
Jaén;TOTAL INFRACCIONES PENALES;2023;9.262
Jaén;TOTAL INFRACCIONES PENALES;2022;8.596
Jaén;TOTAL INFRACCIONES PENALES;2021;7.364
Jaén;TOTAL INFRACCIONES PENALES;2020;7.026
Jaén;TOTAL INFRACCIONES PENALES;2019;7.427
Jaén;TOTAL INFRACCIONES PENALES;2018;7.226
León;1. CONTRA LAS PERSONAS;2024;1.509
León;1. CONTRA LAS PERSONAS;2023;1.486
León;1. CONTRA LAS PERSONAS;2022;1.333
León;1. CONTRA LAS PERSONAS;2021;1.164
León;1. CONTRA LAS PERSONAS;2020;1.070
León;1. CONTRA LAS PERSONAS;2019;1.235
León;1. CONTRA LAS PERSONAS;2018;1.211
León;1.1.-Homicidios dolosos/asesinatos;2024;5
León;1.1.-Homicidios dolosos/asesinatos;2023;15
León;1.1.-Homicidios dolosos/asesinatos;2022;10
León;1.1.-Homicidios dolosos/asesinatos;2021;8
León;1.1.-Homicidios dolosos/asesinatos;2020;6
León;1.1.-Homicidios dolosos/asesinatos;2019;4
León;1.1.-Homicidios dolosos/asesinatos;2018;11
León;1.1.1.-Homicidios dolosos/asesinatos consumados;2024;2
León;1.1.1.-Homicidios dolosos/asesinatos consumados;2023;4
León;1.1.1.-Homicidios dolosos/asesinatos consumados;2022;3
León;1.1.1.-Homicidios dolosos/asesinatos consumados;2021;5
León;1.1.1.-Homicidios dolosos/asesinatos consumados;2020;3
León;1.1.1.-Homicidios dolosos/asesinatos consumados;2019;1
León;1.1.1.-Homicidios dolosos/asesinatos consumados;2018;1
León;1.2.-Lesiones;2024;876
León;1.2.-Lesiones;2023;845
León;1.2.-Lesiones;2022;840
León;1.2.-Lesiones;2021;709
León;1.2.-Lesiones;2020;569
León;1.2.-Lesiones;2019;772
León;1.2.-Lesiones;2018;784
León;1.3.-Malos tratos ámbito familiar;2024;608
León;1.3.-Malos tratos ámbito familiar;2023;602
León;1.3.-Malos tratos ámbito familiar;2022;463
León;1.3.-Malos tratos ámbito familiar;2021;437
León;1.3.-Malos tratos ámbito familiar;2020;485
León;1.3.-Malos tratos ámbito familiar;2019;441
León;1.3.-Malos tratos ámbito familiar;2018;404
León;1.4.-Otros contra las personas;2024;20
León;1.4.-Otros contra las personas;2023;24
León;1.4.-Otros contra las personas;2022;20
León;1.4.-Otros contra las personas;2021;10
León;1.4.-Otros contra las personas;2020;10
León;1.4.-Otros contra las personas;2019;18
León;1.4.-Otros contra las personas;2018;12
León;2. CONTRA LA LIBERTAD;2024;1.053
León;2. CONTRA LA LIBERTAD;2023;1.021
León;2. CONTRA LA LIBERTAD;2022;988
León;2. CONTRA LA LIBERTAD;2021;992
León;2. CONTRA LA LIBERTAD;2020;840
León;2. CONTRA LA LIBERTAD;2019;969
León;2. CONTRA LA LIBERTAD;2018;907
León;2.1.-Malos tratos habituales en el ámbito familiar;2024;79
León;2.1.-Malos tratos habituales en el ámbito familiar;2023;104
León;2.1.-Malos tratos habituales en el ámbito familiar;2022;106
León;2.1.-Malos tratos habituales en el ámbito familiar;2021;95
León;2.1.-Malos tratos habituales en el ámbito familiar;2020;86
León;2.1.-Malos tratos habituales en el ámbito familiar;2019;82
León;2.1.-Malos tratos habituales en el ámbito familiar;2018;110
León;2.2.-Otros contra la libertad;2024;974
León;2.2.-Otros contra la libertad;2023;917
León;2.2.-Otros contra la libertad;2022;882
León;2.2.-Otros contra la libertad;2021;897
León;2.2.-Otros contra la libertad;2020;754
León;2.2.-Otros contra la libertad;2019;887
León;2.2.-Otros contra la libertad;2018;797
León;3. LIBERTAD SEXUAL;2024;106
León;3. LIBERTAD SEXUAL;2023;134
León;3. LIBERTAD SEXUAL;2022;118
León;3. LIBERTAD SEXUAL;2021;56
León;3. LIBERTAD SEXUAL;2020;51
León;3. LIBERTAD SEXUAL;2019;62
León;3. LIBERTAD SEXUAL;2018;60
León;3.1.-Agresión sexual;2024;52
León;3.1.-Agresión sexual;2023;78
León;3.1.-Agresión sexual;2022;72
León;3.1.-Agresión sexual;2021;37
León;3.1.-Agresión sexual;2020;33
León;3.1.-Agresión sexual;2019;31
León;3.1.-Agresión sexual;2018;36
León;3.2.-Agresión sexual con penetración;2024;22
León;3.2.-Agresión sexual con penetración;2023;26
León;3.2.-Agresión sexual con penetración;2022;18
León;3.2.-Agresión sexual con penetración;2021;11
León;3.2.-Agresión sexual con penetración;2020;7
León;3.2.-Agresión sexual con penetración;2019;11
León;3.2.-Agresión sexual con penetración;2018;10
León;3.3.-Corrupción de menores o incapacitados;2024;3
León;3.3.-Corrupción de menores o incapacitados;2023;3
León;3.3.-Corrupción de menores o incapacitados;2022;1
León;3.3.-Corrupción de menores o incapacitados;2021;0
León;3.3.-Corrupción de menores o incapacitados;2020;2
León;3.3.-Corrupción de menores o incapacitados;2019;1
León;3.3.-Corrupción de menores o incapacitados;2018;2
León;3.4.-Pornografía de menores;2024;7
León;3.4.-Pornografía de menores;2023;7
León;3.4.-Pornografía de menores;2022;12
León;3.4.-Pornografía de menores;2021;2
León;3.4.-Pornografía de menores;2020;2
León;3.4.-Pornografía de menores;2019;5
León;3.4.-Pornografía de menores;2018;5
León;3.5.-Otros contra la libertad sexual;2024;22
León;3.5.-Otros contra la libertad sexual;2023;20
León;3.5.-Otros contra la libertad sexual;2022;15
León;3.5.-Otros contra la libertad sexual;2021;6
León;3.5.-Otros contra la libertad sexual;2020;7
León;3.5.-Otros contra la libertad sexual;2019;14
León;3.5.-Otros contra la libertad sexual;2018;7
León;4. RELACIONES FAMILIARES;2024;22
León;4. RELACIONES FAMILIARES;2023;25
León;4. RELACIONES FAMILIARES;2022;26
León;4. RELACIONES FAMILIARES;2021;29
León;4. RELACIONES FAMILIARES;2020;16
León;4. RELACIONES FAMILIARES;2019;27
León;4. RELACIONES FAMILIARES;2018;28
León;5. PATRIMONIO;2024;2.990
León;5. PATRIMONIO;2023;2.950
León;5. PATRIMONIO;2022;2.761
León;5. PATRIMONIO;2021;2.073
León;5. PATRIMONIO;2020;1.852
León;5. PATRIMONIO;2019;2.463
León;5. PATRIMONIO;2018;2.308
León;5.1.-Hurtos;2024;1.197
León;5.1.-Hurtos;2023;1.145
León;5.1.-Hurtos;2022;973
León;5.1.-Hurtos;2021;649
León;5.1.-Hurtos;2020;559
León;5.1.-Hurtos;2019;954
León;5.1.-Hurtos;2018;852
León;5.2.-Robos con fuerza en las cosas;2024;304
León;5.2.-Robos con fuerza en las cosas;2023;310
León;5.2.-Robos con fuerza en las cosas;2022;296
León;5.2.-Robos con fuerza en las cosas;2021;260
León;5.2.-Robos con fuerza en las cosas;2020;285
León;5.2.-Robos con fuerza en las cosas;2019;445
León;5.2.-Robos con fuerza en las cosas;2018;340
León;5.2.1.-Robos con fuerza en las cosas en el interior de vehículos;2024;41
León;5.2.1.-Robos con fuerza en las cosas en el interior de vehículos;2023;54
León;5.2.1.-Robos con fuerza en las cosas en el interior de vehículos;2022;30
León;5.2.1.-Robos con fuerza en las cosas en el interior de vehículos;2021;46
León;5.2.1.-Robos con fuerza en las cosas en el interior de vehículos;2020;33
León;5.2.1.-Robos con fuerza en las cosas en el interior de vehículos;2019;65
León;5.2.1.-Robos con fuerza en las cosas en el interior de vehículos;2018;45
León;5.2.2.-Robos con fuerza en viviendas;2024;53
León;5.2.2.-Robos con fuerza en viviendas;2023;60
León;5.2.2.-Robos con fuerza en viviendas;2022;85
León;5.2.2.-Robos con fuerza en viviendas;2021;81
León;5.2.2.-Robos con fuerza en viviendas;2020;74
León;5.2.2.-Robos con fuerza en viviendas;2019;119
León;5.2.2.-Robos con fuerza en viviendas;2018;111
León;5.2.3.-Robos con fuerza en establecimientos;2024;116
León;5.2.3.-Robos con fuerza en establecimientos;2023;140
León;5.2.3.-Robos con fuerza en establecimientos;2022;122
León;5.2.3.-Robos con fuerza en establecimientos;2021;74
León;5.2.3.-Robos con fuerza en establecimientos;2020;110
León;5.2.3.-Robos con fuerza en establecimientos;2019;126
León;5.2.3.-Robos con fuerza en establecimientos;2018;83
León;5.3.-Robos con violencia o intimidación;2024;94
León;5.3.-Robos con violencia o intimidación;2023;87
León;5.3.-Robos con violencia o intimidación;2022;129
León;5.3.-Robos con violencia o intimidación;2021;62
León;5.3.-Robos con violencia o intimidación;2020;81
León;5.3.-Robos con violencia o intimidación;2019;92
León;5.3.-Robos con violencia o intimidación;2018;87
León;5.3.1.-Robos con violencia en vía pública;2024;46
León;5.3.1.-Robos con violencia en vía pública;2023;39
León;5.3.1.-Robos con violencia en vía pública;2022;59
León;5.3.1.-Robos con violencia en vía pública;2021;30
León;5.3.1.-Robos con violencia en vía pública;2020;46
León;5.3.1.-Robos con violencia en vía pública;2019;37
León;5.3.1.-Robos con violencia en vía pública;2018;51
León;5.3.2.-Robos con violencia en viviendas;2024;6
León;5.3.2.-Robos con violencia en viviendas;2023;6
León;5.3.2.-Robos con violencia en viviendas;2022;17
León;5.3.2.-Robos con violencia en viviendas;2021;10
León;5.3.2.-Robos con violencia en viviendas;2020;7
León;5.3.2.-Robos con violencia en viviendas;2019;14
León;5.3.2.-Robos con violencia en viviendas;2018;7
León;5.3.3.-Robos con violencia en establecimientos;2024;34
León;5.3.3.-Robos con violencia en establecimientos;2023;32
León;5.3.3.-Robos con violencia en establecimientos;2022;45
León;5.3.3.-Robos con violencia en establecimientos;2021;15
León;5.3.3.-Robos con violencia en establecimientos;2020;18
León;5.3.3.-Robos con violencia en establecimientos;2019;33
León;5.3.3.-Robos con violencia en establecimientos;2018;21
León;5.4.-Sustracción de vehículos;2024;48
León;5.4.-Sustracción de vehículos;2023;45
León;5.4.-Sustracción de vehículos;2022;50
León;5.4.-Sustracción de vehículos;2021;36
León;5.4.-Sustracción de vehículos;2020;37
León;5.4.-Sustracción de vehículos;2019;54
León;5.4.-Sustracción de vehículos;2018;53
León;5.5.-Estafas;2024;757
León;5.5.-Estafas;2023;870
León;5.5.-Estafas;2022;799
León;5.5.-Estafas;2021;591
León;5.5.-Estafas;2020;475
León;5.5.-Estafas;2019;473
León;5.5.-Estafas;2018;448
León;5.5.1.-Estafas informáticas;2024;548
León;5.5.1.-Estafas informáticas;2023;640
León;5.5.1.-Estafas informáticas;2022;505
León;5.5.1.-Estafas informáticas;2021;364
León;5.5.1.-Estafas informáticas;2020;279
León;5.5.1.-Estafas informáticas;2019;236
León;5.5.1.-Estafas informáticas;2018;177
León;5.6.-Daños;2024;361
León;5.6.-Daños;2023;331
León;5.6.-Daños;2022;362
León;5.6.-Daños;2021;327
León;5.6.-Daños;2020;271
León;5.6.-Daños;2019;311
León;5.6.-Daños;2018;367
León;5.7.-Contra la propiedad intelectual/industrial;2024;10
León;5.7.-Contra la propiedad intelectual/industrial;2023;1
León;5.7.-Contra la propiedad intelectual/industrial;2022;2
León;5.7.-Contra la propiedad intelectual/industrial;2021;3
León;5.7.-Contra la propiedad intelectual/industrial;2020;2
León;5.7.-Contra la propiedad intelectual/industrial;2019;5
León;5.7.-Contra la propiedad intelectual/industrial;2018;9
León;5.8.-Blanqueo de capitales;2024;6
León;5.8.-Blanqueo de capitales;2023;3
León;5.8.-Blanqueo de capitales;2022;0
León;5.8.-Blanqueo de capitales;2021;0
León;5.8.-Blanqueo de capitales;2020;0
León;5.8.-Blanqueo de capitales;2019;3
León;5.8.-Blanqueo de capitales;2018;1
León;5.9.-Otros contra el patrimonio;2024;213
León;5.9.-Otros contra el patrimonio;2023;158
León;5.9.-Otros contra el patrimonio;2022;150
León;5.9.-Otros contra el patrimonio;2021;145
León;5.9.-Otros contra el patrimonio;2020;142
León;5.9.-Otros contra el patrimonio;2019;126
León;5.9.-Otros contra el patrimonio;2018;151
León;6. SEGURIDAD COLECTIVA;2024;524
León;6. SEGURIDAD COLECTIVA;2023;504
León;6. SEGURIDAD COLECTIVA;2022;580
León;6. SEGURIDAD COLECTIVA;2021;576
León;6. SEGURIDAD COLECTIVA;2020;455
León;6. SEGURIDAD COLECTIVA;2019;571
León;6. SEGURIDAD COLECTIVA;2018;504
León;6.1.-Tráfico de drogas;2024;54
León;6.1.-Tráfico de drogas;2023;58
León;6.1.-Tráfico de drogas;2022;58
León;6.1.-Tráfico de drogas;2021;77
León;6.1.-Tráfico de drogas;2020;78
León;6.1.-Tráfico de drogas;2019;62
León;6.1.-Tráfico de drogas;2018;63
León;6.2.-Contra la seguridad vial;2024;454
León;6.2.-Contra la seguridad vial;2023;433
León;6.2.-Contra la seguridad vial;2022;500
León;6.2.-Contra la seguridad vial;2021;476
León;6.2.-Contra la seguridad vial;2020;369
León;6.2.-Contra la seguridad vial;2019;482
León;6.2.-Contra la seguridad vial;2018;427
León;6.3.-Otros contra la seguridad colectiva;2024;16
León;6.3.-Otros contra la seguridad colectiva;2023;13
León;6.3.-Otros contra la seguridad colectiva;2022;22
León;6.3.-Otros contra la seguridad colectiva;2021;23
León;6.3.-Otros contra la seguridad colectiva;2020;8
León;6.3.-Otros contra la seguridad colectiva;2019;27
León;6.3.-Otros contra la seguridad colectiva;2018;14
León;7. FALSEDADES;2024;92
León;7. FALSEDADES;2023;100
León;7. FALSEDADES;2022;80
León;7. FALSEDADES;2021;85
León;7. FALSEDADES;2020;86
León;7. FALSEDADES;2019;85
León;7. FALSEDADES;2018;76
León;8. ADMÓN. PÚBLICA;2024;3
León;8. ADMÓN. PÚBLICA;2023;1
León;8. ADMÓN. PÚBLICA;2022;3
León;8. ADMÓN. PÚBLICA;2021;3
León;8. ADMÓN. PÚBLICA;2020;1
León;8. ADMÓN. PÚBLICA;2019;4
León;8. ADMÓN. PÚBLICA;2018;1
León;9. ADMÓN. JUSTICIA;2024;273
León;9. ADMÓN. JUSTICIA;2023;321
León;9. ADMÓN. JUSTICIA;2022;301
León;9. ADMÓN. JUSTICIA;2021;234
León;9. ADMÓN. JUSTICIA;2020;184
León;9. ADMÓN. JUSTICIA;2019;225
León;9. ADMÓN. JUSTICIA;2018;193
León;10. ORDEN PÚBLICO;2024;192
León;10. ORDEN PÚBLICO;2023;172
León;10. ORDEN PÚBLICO;2022;199
León;10. ORDEN PÚBLICO;2021;161
León;10. ORDEN PÚBLICO;2020;152
León;10. ORDEN PÚBLICO;2019;122
León;10. ORDEN PÚBLICO;2018;106
León;11. LEGISLACIÓN ESPECIAL;2024;0
León;11. LEGISLACIÓN ESPECIAL;2023;0
León;11. LEGISLACIÓN ESPECIAL;2022;0
León;11. LEGISLACIÓN ESPECIAL;2021;0
León;11. LEGISLACIÓN ESPECIAL;2020;1
León;11. LEGISLACIÓN ESPECIAL;2019;0
León;11. LEGISLACIÓN ESPECIAL;2018;0
León;12. OTRAS INFRACCIONES PENALES;2024;93
León;12. OTRAS INFRACCIONES PENALES;2023;100
León;12. OTRAS INFRACCIONES PENALES;2022;68
León;12. OTRAS INFRACCIONES PENALES;2021;64
León;12. OTRAS INFRACCIONES PENALES;2020;72
León;12. OTRAS INFRACCIONES PENALES;2019;70
León;12. OTRAS INFRACCIONES PENALES;2018;75
León;TOTAL INFRACCIONES PENALES;2024;6.857
León;TOTAL INFRACCIONES PENALES;2023;6.814
León;TOTAL INFRACCIONES PENALES;2022;6.457
León;TOTAL INFRACCIONES PENALES;2021;5.437
León;TOTAL INFRACCIONES PENALES;2020;4.780
León;TOTAL INFRACCIONES PENALES;2019;5.833
León;TOTAL INFRACCIONES PENALES;2018;5.469
Lleida;1. CONTRA LAS PERSONAS;2024;1.348
Lleida;1. CONTRA LAS PERSONAS;2023;1.330
Lleida;1. CONTRA LAS PERSONAS;2022;1.313
Lleida;1. CONTRA LAS PERSONAS;2021;1.172
Lleida;1. CONTRA LAS PERSONAS;2020;925
Lleida;1. CONTRA LAS PERSONAS;2019;1.263
Lleida;1. CONTRA LAS PERSONAS;2018;1.304
Lleida;1.1.-Homicidios dolosos/asesinatos;2024;18
Lleida;1.1.-Homicidios dolosos/asesinatos;2023;15
Lleida;1.1.-Homicidios dolosos/asesinatos;2022;15
Lleida;1.1.-Homicidios dolosos/asesinatos;2021;15
Lleida;1.1.-Homicidios dolosos/asesinatos;2020;10
Lleida;1.1.-Homicidios dolosos/asesinatos;2019;13
Lleida;1.1.-Homicidios dolosos/asesinatos;2018;14
Lleida;1.1.1.-Homicidios dolosos/asesinatos consumados;2024;4
Lleida;1.1.1.-Homicidios dolosos/asesinatos consumados;2023;3
Lleida;1.1.1.-Homicidios dolosos/asesinatos consumados;2022;4
Lleida;1.1.1.-Homicidios dolosos/asesinatos consumados;2021;2
Lleida;1.1.1.-Homicidios dolosos/asesinatos consumados;2020;2
Lleida;1.1.1.-Homicidios dolosos/asesinatos consumados;2019;0
Lleida;1.1.1.-Homicidios dolosos/asesinatos consumados;2018;0
Lleida;1.2.-Lesiones;2024;842
Lleida;1.2.-Lesiones;2023;809
Lleida;1.2.-Lesiones;2022;823
Lleida;1.2.-Lesiones;2021;693
Lleida;1.2.-Lesiones;2020;503
Lleida;1.2.-Lesiones;2019;749
Lleida;1.2.-Lesiones;2018;756
Lleida;1.3.-Malos tratos ámbito familiar;2024;455
Lleida;1.3.-Malos tratos ámbito familiar;2023;460
Lleida;1.3.-Malos tratos ámbito familiar;2022;440
Lleida;1.3.-Malos tratos ámbito familiar;2021;419
Lleida;1.3.-Malos tratos ámbito familiar;2020;382
Lleida;1.3.-Malos tratos ámbito familiar;2019;457
Lleida;1.3.-Malos tratos ámbito familiar;2018;483
Lleida;1.4.-Otros contra las personas;2024;33
Lleida;1.4.-Otros contra las personas;2023;46
Lleida;1.4.-Otros contra las personas;2022;35
Lleida;1.4.-Otros contra las personas;2021;45
Lleida;1.4.-Otros contra las personas;2020;30
Lleida;1.4.-Otros contra las personas;2019;44
Lleida;1.4.-Otros contra las personas;2018;51
Lleida;2. CONTRA LA LIBERTAD;2024;1.686
Lleida;2. CONTRA LA LIBERTAD;2023;1.605
Lleida;2. CONTRA LA LIBERTAD;2022;1.488
Lleida;2. CONTRA LA LIBERTAD;2021;1.447
Lleida;2. CONTRA LA LIBERTAD;2020;1.066
Lleida;2. CONTRA LA LIBERTAD;2019;1.350
Lleida;2. CONTRA LA LIBERTAD;2018;1.338
Lleida;2.1.-Malos tratos habituales en el ámbito familiar;2024;91
Lleida;2.1.-Malos tratos habituales en el ámbito familiar;2023;91
Lleida;2.1.-Malos tratos habituales en el ámbito familiar;2022;83
Lleida;2.1.-Malos tratos habituales en el ámbito familiar;2021;56
Lleida;2.1.-Malos tratos habituales en el ámbito familiar;2020;56
Lleida;2.1.-Malos tratos habituales en el ámbito familiar;2019;52
Lleida;2.1.-Malos tratos habituales en el ámbito familiar;2018;64
Lleida;2.2.-Otros contra la libertad;2024;1.595
Lleida;2.2.-Otros contra la libertad;2023;1.514
Lleida;2.2.-Otros contra la libertad;2022;1.405
Lleida;2.2.-Otros contra la libertad;2021;1.391
Lleida;2.2.-Otros contra la libertad;2020;1.010
Lleida;2.2.-Otros contra la libertad;2019;1.298
Lleida;2.2.-Otros contra la libertad;2018;1.274
Lleida;3. LIBERTAD SEXUAL;2024;269
Lleida;3. LIBERTAD SEXUAL;2023;225
Lleida;3. LIBERTAD SEXUAL;2022;167
Lleida;3. LIBERTAD SEXUAL;2021;155
Lleida;3. LIBERTAD SEXUAL;2020;89
Lleida;3. LIBERTAD SEXUAL;2019;158
Lleida;3. LIBERTAD SEXUAL;2018;129
Lleida;3.1.-Agresión sexual;2024;129
Lleida;3.1.-Agresión sexual;2023;100
Lleida;3.1.-Agresión sexual;2022;85
Lleida;3.1.-Agresión sexual;2021;72
Lleida;3.1.-Agresión sexual;2020;41
Lleida;3.1.-Agresión sexual;2019;88
Lleida;3.1.-Agresión sexual;2018;69
Lleida;3.2.-Agresión sexual con penetración;2024;114
Lleida;3.2.-Agresión sexual con penetración;2023;92
Lleida;3.2.-Agresión sexual con penetración;2022;69
Lleida;3.2.-Agresión sexual con penetración;2021;65
Lleida;3.2.-Agresión sexual con penetración;2020;32
Lleida;3.2.-Agresión sexual con penetración;2019;50
Lleida;3.2.-Agresión sexual con penetración;2018;46
Lleida;3.3.-Corrupción de menores o incapacitados;2024;1
Lleida;3.3.-Corrupción de menores o incapacitados;2023;1
Lleida;3.3.-Corrupción de menores o incapacitados;2022;0
Lleida;3.3.-Corrupción de menores o incapacitados;2021;0
Lleida;3.3.-Corrupción de menores o incapacitados;2020;0
Lleida;3.3.-Corrupción de menores o incapacitados;2019;0
Lleida;3.3.-Corrupción de menores o incapacitados;2018;1
Lleida;3.4.-Pornografía de menores;2024;7
Lleida;3.4.-Pornografía de menores;2023;12
Lleida;3.4.-Pornografía de menores;2022;3
Lleida;3.4.-Pornografía de menores;2021;5
Lleida;3.4.-Pornografía de menores;2020;1
Lleida;3.4.-Pornografía de menores;2019;8
Lleida;3.4.-Pornografía de menores;2018;6
Lleida;3.5.-Otros contra la libertad sexual;2024;18
Lleida;3.5.-Otros contra la libertad sexual;2023;20
Lleida;3.5.-Otros contra la libertad sexual;2022;10
Lleida;3.5.-Otros contra la libertad sexual;2021;13
Lleida;3.5.-Otros contra la libertad sexual;2020;15
Lleida;3.5.-Otros contra la libertad sexual;2019;12
Lleida;3.5.-Otros contra la libertad sexual;2018;7
Lleida;4. RELACIONES FAMILIARES;2024;90
Lleida;4. RELACIONES FAMILIARES;2023;109
Lleida;4. RELACIONES FAMILIARES;2022;96
Lleida;4. RELACIONES FAMILIARES;2021;88
Lleida;4. RELACIONES FAMILIARES;2020;64
Lleida;4. RELACIONES FAMILIARES;2019;92
Lleida;4. RELACIONES FAMILIARES;2018;91
Lleida;5. PATRIMONIO;2024;2.778
Lleida;5. PATRIMONIO;2023;2.749
Lleida;5. PATRIMONIO;2022;2.732
Lleida;5. PATRIMONIO;2021;2.195
Lleida;5. PATRIMONIO;2020;2.030
Lleida;5. PATRIMONIO;2019;3.060
Lleida;5. PATRIMONIO;2018;3.055
Lleida;5.1.-Hurtos;2024;938
Lleida;5.1.-Hurtos;2023;1.069
Lleida;5.1.-Hurtos;2022;1.015
Lleida;5.1.-Hurtos;2021;638
Lleida;5.1.-Hurtos;2020;589
Lleida;5.1.-Hurtos;2019;925
Lleida;5.1.-Hurtos;2018;931
Lleida;5.2.-Robos con fuerza en las cosas;2024;282
Lleida;5.2.-Robos con fuerza en las cosas;2023;277
Lleida;5.2.-Robos con fuerza en las cosas;2022;269
Lleida;5.2.-Robos con fuerza en las cosas;2021;229
Lleida;5.2.-Robos con fuerza en las cosas;2020;254
Lleida;5.2.-Robos con fuerza en las cosas;2019;474
Lleida;5.2.-Robos con fuerza en las cosas;2018;552
Lleida;5.2.1.-Robos con fuerza en las cosas en el interior de vehículos;2024;65
Lleida;5.2.1.-Robos con fuerza en las cosas en el interior de vehículos;2023;32
Lleida;5.2.1.-Robos con fuerza en las cosas en el interior de vehículos;2022;58
Lleida;5.2.1.-Robos con fuerza en las cosas en el interior de vehículos;2021;52
Lleida;5.2.1.-Robos con fuerza en las cosas en el interior de vehículos;2020;0
Lleida;5.2.1.-Robos con fuerza en las cosas en el interior de vehículos;2019;89
Lleida;5.2.1.-Robos con fuerza en las cosas en el interior de vehículos;2018;107
Lleida;5.2.2.-Robos con fuerza en viviendas;2024;86
Lleida;5.2.2.-Robos con fuerza en viviendas;2023;100
Lleida;5.2.2.-Robos con fuerza en viviendas;2022;77
Lleida;5.2.2.-Robos con fuerza en viviendas;2021;55
Lleida;5.2.2.-Robos con fuerza en viviendas;2020;97
Lleida;5.2.2.-Robos con fuerza en viviendas;2019;0
Lleida;5.2.2.-Robos con fuerza en viviendas;2018;0
Lleida;5.2.3.-Robos con fuerza en establecimientos;2024;50
Lleida;5.2.3.-Robos con fuerza en establecimientos;2023;55
Lleida;5.2.3.-Robos con fuerza en establecimientos;2022;64
Lleida;5.2.3.-Robos con fuerza en establecimientos;2021;37
Lleida;5.2.3.-Robos con fuerza en establecimientos;2020;62
Lleida;5.2.3.-Robos con fuerza en establecimientos;2019;0
Lleida;5.2.3.-Robos con fuerza en establecimientos;2018;3
Lleida;5.3.-Robos con violencia o intimidación;2024;213
Lleida;5.3.-Robos con violencia o intimidación;2023;156
Lleida;5.3.-Robos con violencia o intimidación;2022;164
Lleida;5.3.-Robos con violencia o intimidación;2021;125
Lleida;5.3.-Robos con violencia o intimidación;2020;101
Lleida;5.3.-Robos con violencia o intimidación;2019;218
Lleida;5.3.-Robos con violencia o intimidación;2018;165
Lleida;5.3.1.-Robos con violencia en vía pública;2024;108
Lleida;5.3.1.-Robos con violencia en vía pública;2023;69
Lleida;5.3.1.-Robos con violencia en vía pública;2022;74
Lleida;5.3.1.-Robos con violencia en vía pública;2021;67
Lleida;5.3.1.-Robos con violencia en vía pública;2020;53
Lleida;5.3.1.-Robos con violencia en vía pública;2019;0
Lleida;5.3.1.-Robos con violencia en vía pública;2018;0
Lleida;5.3.2.-Robos con violencia en viviendas;2024;32
Lleida;5.3.2.-Robos con violencia en viviendas;2023;22
Lleida;5.3.2.-Robos con violencia en viviendas;2022;18
Lleida;5.3.2.-Robos con violencia en viviendas;2021;8
Lleida;5.3.2.-Robos con violencia en viviendas;2020;11
Lleida;5.3.2.-Robos con violencia en viviendas;2019;0
Lleida;5.3.2.-Robos con violencia en viviendas;2018;0
Lleida;5.3.3.-Robos con violencia en establecimientos;2024;57
Lleida;5.3.3.-Robos con violencia en establecimientos;2023;56
Lleida;5.3.3.-Robos con violencia en establecimientos;2022;60
Lleida;5.3.3.-Robos con violencia en establecimientos;2021;44
Lleida;5.3.3.-Robos con violencia en establecimientos;2020;31
Lleida;5.3.3.-Robos con violencia en establecimientos;2019;2
Lleida;5.3.3.-Robos con violencia en establecimientos;2018;0
Lleida;5.4.-Sustracción de vehículos;2024;96
Lleida;5.4.-Sustracción de vehículos;2023;108
Lleida;5.4.-Sustracción de vehículos;2022;83
Lleida;5.4.-Sustracción de vehículos;2021;72
Lleida;5.4.-Sustracción de vehículos;2020;73
Lleida;5.4.-Sustracción de vehículos;2019;110
Lleida;5.4.-Sustracción de vehículos;2018;105
Lleida;5.5.-Estafas;2024;513
Lleida;5.5.-Estafas;2023;477
Lleida;5.5.-Estafas;2022;458
Lleida;5.5.-Estafas;2021;427
Lleida;5.5.-Estafas;2020;417
Lleida;5.5.-Estafas;2019;651
Lleida;5.5.-Estafas;2018;641
Lleida;5.5.1.-Estafas informáticas;2024;601
Lleida;5.5.1.-Estafas informáticas;2023;518
Lleida;5.5.1.-Estafas informáticas;2022;536
Lleida;5.5.1.-Estafas informáticas;2021;559
Lleida;5.5.1.-Estafas informáticas;2020;382
Lleida;5.5.1.-Estafas informáticas;2019;227
Lleida;5.5.1.-Estafas informáticas;2018;245
Lleida;5.6.-Daños;2024;340
Lleida;5.6.-Daños;2023;333
Lleida;5.6.-Daños;2022;327
Lleida;5.6.-Daños;2021;369
Lleida;5.6.-Daños;2020;274
Lleida;5.6.-Daños;2019;362
Lleida;5.6.-Daños;2018;331
Lleida;5.7.-Contra la propiedad intelectual/industrial;2024;23
Lleida;5.7.-Contra la propiedad intelectual/industrial;2023;4
Lleida;5.7.-Contra la propiedad intelectual/industrial;2022;9
Lleida;5.7.-Contra la propiedad intelectual/industrial;2021;9
Lleida;5.7.-Contra la propiedad intelectual/industrial;2020;4
Lleida;5.7.-Contra la propiedad intelectual/industrial;2019;5
Lleida;5.7.-Contra la propiedad intelectual/industrial;2018;6
Lleida;5.8.-Blanqueo de capitales;2024;5
Lleida;5.8.-Blanqueo de capitales;2023;0
Lleida;5.8.-Blanqueo de capitales;2022;2
Lleida;5.8.-Blanqueo de capitales;2021;1
Lleida;5.8.-Blanqueo de capitales;2020;1
Lleida;5.8.-Blanqueo de capitales;2019;0
Lleida;5.8.-Blanqueo de capitales;2018;0
Lleida;5.9.-Otros contra el patrimonio;2024;368
Lleida;5.9.-Otros contra el patrimonio;2023;325
Lleida;5.9.-Otros contra el patrimonio;2022;405
Lleida;5.9.-Otros contra el patrimonio;2021;325
Lleida;5.9.-Otros contra el patrimonio;2020;317
Lleida;5.9.-Otros contra el patrimonio;2019;315
Lleida;5.9.-Otros contra el patrimonio;2018;324
Lleida;6. SEGURIDAD COLECTIVA;2024;1.032
Lleida;6. SEGURIDAD COLECTIVA;2023;1.015
Lleida;6. SEGURIDAD COLECTIVA;2022;860
Lleida;6. SEGURIDAD COLECTIVA;2021;738
Lleida;6. SEGURIDAD COLECTIVA;2020;487
Lleida;6. SEGURIDAD COLECTIVA;2019;705
Lleida;6. SEGURIDAD COLECTIVA;2018;690
Lleida;6.1.-Tráfico de drogas;2024;108
Lleida;6.1.-Tráfico de drogas;2023;102
Lleida;6.1.-Tráfico de drogas;2022;121
Lleida;6.1.-Tráfico de drogas;2021;84
Lleida;6.1.-Tráfico de drogas;2020;79
Lleida;6.1.-Tráfico de drogas;2019;107
Lleida;6.1.-Tráfico de drogas;2018;86
Lleida;6.2.-Contra la seguridad vial;2024;911
Lleida;6.2.-Contra la seguridad vial;2023;899
Lleida;6.2.-Contra la seguridad vial;2022;730
Lleida;6.2.-Contra la seguridad vial;2021;644
Lleida;6.2.-Contra la seguridad vial;2020;403
Lleida;6.2.-Contra la seguridad vial;2019;581
Lleida;6.2.-Contra la seguridad vial;2018;599
Lleida;6.3.-Otros contra la seguridad colectiva;2024;13
Lleida;6.3.-Otros contra la seguridad colectiva;2023;14
Lleida;6.3.-Otros contra la seguridad colectiva;2022;9
Lleida;6.3.-Otros contra la seguridad colectiva;2021;10
Lleida;6.3.-Otros contra la seguridad colectiva;2020;5
Lleida;6.3.-Otros contra la seguridad colectiva;2019;17
Lleida;6.3.-Otros contra la seguridad colectiva;2018;5
Lleida;7. FALSEDADES;2024;109
Lleida;7. FALSEDADES;2023;107
Lleida;7. FALSEDADES;2022;123
Lleida;7. FALSEDADES;2021;117
Lleida;7. FALSEDADES;2020;68
Lleida;7. FALSEDADES;2019;116
Lleida;7. FALSEDADES;2018;80
Lleida;8. ADMÓN. PÚBLICA;2024;1
Lleida;8. ADMÓN. PÚBLICA;2023;0
Lleida;8. ADMÓN. PÚBLICA;2022;3
Lleida;8. ADMÓN. PÚBLICA;2021;4
Lleida;8. ADMÓN. PÚBLICA;2020;3
Lleida;8. ADMÓN. PÚBLICA;2019;6
Lleida;8. ADMÓN. PÚBLICA;2018;6
Lleida;9. ADMÓN. JUSTICIA;2024;368
Lleida;9. ADMÓN. JUSTICIA;2023;331
Lleida;9. ADMÓN. JUSTICIA;2022;281
Lleida;9. ADMÓN. JUSTICIA;2021;266
Lleida;9. ADMÓN. JUSTICIA;2020;217
Lleida;9. ADMÓN. JUSTICIA;2019;308
Lleida;9. ADMÓN. JUSTICIA;2018;331
Lleida;10. ORDEN PÚBLICO;2024;177
Lleida;10. ORDEN PÚBLICO;2023;195
Lleida;10. ORDEN PÚBLICO;2022;176
Lleida;10. ORDEN PÚBLICO;2021;129
Lleida;10. ORDEN PÚBLICO;2020;116
Lleida;10. ORDEN PÚBLICO;2019;128
Lleida;10. ORDEN PÚBLICO;2018;132
Lleida;11. LEGISLACIÓN ESPECIAL;2024;4
Lleida;11. LEGISLACIÓN ESPECIAL;2023;2
Lleida;11. LEGISLACIÓN ESPECIAL;2022;1
Lleida;11. LEGISLACIÓN ESPECIAL;2021;3
Lleida;11. LEGISLACIÓN ESPECIAL;2020;1
Lleida;11. LEGISLACIÓN ESPECIAL;2019;2
Lleida;11. LEGISLACIÓN ESPECIAL;2018;3
Lleida;12. OTRAS INFRACCIONES PENALES;2024;49
Lleida;12. OTRAS INFRACCIONES PENALES;2023;59
Lleida;12. OTRAS INFRACCIONES PENALES;2022;31
Lleida;12. OTRAS INFRACCIONES PENALES;2021;28
Lleida;12. OTRAS INFRACCIONES PENALES;2020;28
Lleida;12. OTRAS INFRACCIONES PENALES;2019;24
Lleida;12. OTRAS INFRACCIONES PENALES;2018;33
Lleida;TOTAL INFRACCIONES PENALES;2024;7.911
Lleida;TOTAL INFRACCIONES PENALES;2023;7.727
Lleida;TOTAL INFRACCIONES PENALES;2022;7.271
Lleida;TOTAL INFRACCIONES PENALES;2021;6.342
Lleida;TOTAL INFRACCIONES PENALES;2020;5.094
Lleida;TOTAL INFRACCIONES PENALES;2019;7.212
Lleida;TOTAL INFRACCIONES PENALES;2018;7.192
Rioja (La);1. CONTRA LAS PERSONAS;2024;1.304
Rioja (La);1. CONTRA LAS PERSONAS;2023;1.381
Rioja (La);1. CONTRA LAS PERSONAS;2022;1.250
Rioja (La);1. CONTRA LAS PERSONAS;2021;1.064
Rioja (La);1. CONTRA LAS PERSONAS;2020;864
Rioja (La);1. CONTRA LAS PERSONAS;2019;949
Rioja (La);1. CONTRA LAS PERSONAS;2018;960
Rioja (La);1.1.-Homicidios dolosos/asesinatos;2024;14
Rioja (La);1.1.-Homicidios dolosos/asesinatos;2023;15
Rioja (La);1.1.-Homicidios dolosos/asesinatos;2022;9
Rioja (La);1.1.-Homicidios dolosos/asesinatos;2021;9
Rioja (La);1.1.-Homicidios dolosos/asesinatos;2020;5
Rioja (La);1.1.-Homicidios dolosos/asesinatos;2019;6
Rioja (La);1.1.-Homicidios dolosos/asesinatos;2018;2
Rioja (La);1.1.1.-Homicidios dolosos/asesinatos consumados;2024;5
Rioja (La);1.1.1.-Homicidios dolosos/asesinatos consumados;2023;3
Rioja (La);1.1.1.-Homicidios dolosos/asesinatos consumados;2022;1
Rioja (La);1.1.1.-Homicidios dolosos/asesinatos consumados;2021;5
Rioja (La);1.1.1.-Homicidios dolosos/asesinatos consumados;2020;3
Rioja (La);1.1.1.-Homicidios dolosos/asesinatos consumados;2019;1
Rioja (La);1.1.1.-Homicidios dolosos/asesinatos consumados;2018;0
Rioja (La);1.2.-Lesiones;2024;645
Rioja (La);1.2.-Lesiones;2023;637
Rioja (La);1.2.-Lesiones;2022;647
Rioja (La);1.2.-Lesiones;2021;556
Rioja (La);1.2.-Lesiones;2020;426
Rioja (La);1.2.-Lesiones;2019;482
Rioja (La);1.2.-Lesiones;2018;468
Rioja (La);1.3.-Malos tratos ámbito familiar;2024;605
Rioja (La);1.3.-Malos tratos ámbito familiar;2023;688
Rioja (La);1.3.-Malos tratos ámbito familiar;2022;559
Rioja (La);1.3.-Malos tratos ámbito familiar;2021;483
Rioja (La);1.3.-Malos tratos ámbito familiar;2020;414
Rioja (La);1.3.-Malos tratos ámbito familiar;2019;449
Rioja (La);1.3.-Malos tratos ámbito familiar;2018;480
Rioja (La);1.4.-Otros contra las personas;2024;40
Rioja (La);1.4.-Otros contra las personas;2023;41
Rioja (La);1.4.-Otros contra las personas;2022;35
Rioja (La);1.4.-Otros contra las personas;2021;16
Rioja (La);1.4.-Otros contra las personas;2020;19
Rioja (La);1.4.-Otros contra las personas;2019;12
Rioja (La);1.4.-Otros contra las personas;2018;10
Rioja (La);2. CONTRA LA LIBERTAD;2024;643
Rioja (La);2. CONTRA LA LIBERTAD;2023;645
Rioja (La);2. CONTRA LA LIBERTAD;2022;604
Rioja (La);2. CONTRA LA LIBERTAD;2021;577
Rioja (La);2. CONTRA LA LIBERTAD;2020;419
Rioja (La);2. CONTRA LA LIBERTAD;2019;421
Rioja (La);2. CONTRA LA LIBERTAD;2018;418
Rioja (La);2.1.-Malos tratos habituales en el ámbito familiar;2024;82
Rioja (La);2.1.-Malos tratos habituales en el ámbito familiar;2023;93
Rioja (La);2.1.-Malos tratos habituales en el ámbito familiar;2022;95
Rioja (La);2.1.-Malos tratos habituales en el ámbito familiar;2021;91
Rioja (La);2.1.-Malos tratos habituales en el ámbito familiar;2020;73
Rioja (La);2.1.-Malos tratos habituales en el ámbito familiar;2019;66
Rioja (La);2.1.-Malos tratos habituales en el ámbito familiar;2018;49
Rioja (La);2.2.-Otros contra la libertad;2024;561
Rioja (La);2.2.-Otros contra la libertad;2023;552
Rioja (La);2.2.-Otros contra la libertad;2022;509
Rioja (La);2.2.-Otros contra la libertad;2021;486
Rioja (La);2.2.-Otros contra la libertad;2020;346
Rioja (La);2.2.-Otros contra la libertad;2019;355
Rioja (La);2.2.-Otros contra la libertad;2018;369
Rioja (La);3. LIBERTAD SEXUAL;2024;105
Rioja (La);3. LIBERTAD SEXUAL;2023;110
Rioja (La);3. LIBERTAD SEXUAL;2022;96
Rioja (La);3. LIBERTAD SEXUAL;2021;91
Rioja (La);3. LIBERTAD SEXUAL;2020;95
Rioja (La);3. LIBERTAD SEXUAL;2019;78
Rioja (La);3. LIBERTAD SEXUAL;2018;50
Rioja (La);3.1.-Agresión sexual;2024;82
Rioja (La);3.1.-Agresión sexual;2023;73
Rioja (La);3.1.-Agresión sexual;2022;68
Rioja (La);3.1.-Agresión sexual;2021;63
Rioja (La);3.1.-Agresión sexual;2020;44
Rioja (La);3.1.-Agresión sexual;2019;56
Rioja (La);3.1.-Agresión sexual;2018;30
Rioja (La);3.2.-Agresión sexual con penetración;2024;11
Rioja (La);3.2.-Agresión sexual con penetración;2023;17
Rioja (La);3.2.-Agresión sexual con penetración;2022;18
Rioja (La);3.2.-Agresión sexual con penetración;2021;12
Rioja (La);3.2.-Agresión sexual con penetración;2020;11
Rioja (La);3.2.-Agresión sexual con penetración;2019;14
Rioja (La);3.2.-Agresión sexual con penetración;2018;7
Rioja (La);3.3.-Corrupción de menores o incapacitados;2024;1
Rioja (La);3.3.-Corrupción de menores o incapacitados;2023;5
Rioja (La);3.3.-Corrupción de menores o incapacitados;2022;5
Rioja (La);3.3.-Corrupción de menores o incapacitados;2021;2
Rioja (La);3.3.-Corrupción de menores o incapacitados;2020;7
Rioja (La);3.3.-Corrupción de menores o incapacitados;2019;4
Rioja (La);3.3.-Corrupción de menores o incapacitados;2018;1
Rioja (La);3.4.-Pornografía de menores;2024;1
Rioja (La);3.4.-Pornografía de menores;2023;7
Rioja (La);3.4.-Pornografía de menores;2022;2
Rioja (La);3.4.-Pornografía de menores;2021;3
Rioja (La);3.4.-Pornografía de menores;2020;3
Rioja (La);3.4.-Pornografía de menores;2019;2
Rioja (La);3.4.-Pornografía de menores;2018;6
Rioja (La);3.5.-Otros contra la libertad sexual;2024;10
Rioja (La);3.5.-Otros contra la libertad sexual;2023;8
Rioja (La);3.5.-Otros contra la libertad sexual;2022;3
Rioja (La);3.5.-Otros contra la libertad sexual;2021;11
Rioja (La);3.5.-Otros contra la libertad sexual;2020;30
Rioja (La);3.5.-Otros contra la libertad sexual;2019;2
Rioja (La);3.5.-Otros contra la libertad sexual;2018;6
Rioja (La);4. RELACIONES FAMILIARES;2024;31
Rioja (La);4. RELACIONES FAMILIARES;2023;28
Rioja (La);4. RELACIONES FAMILIARES;2022;32
Rioja (La);4. RELACIONES FAMILIARES;2021;20
Rioja (La);4. RELACIONES FAMILIARES;2020;26
Rioja (La);4. RELACIONES FAMILIARES;2019;31
Rioja (La);4. RELACIONES FAMILIARES;2018;19
Rioja (La);5. PATRIMONIO;2024;1.930
Rioja (La);5. PATRIMONIO;2023;2.095
Rioja (La);5. PATRIMONIO;2022;1.727
Rioja (La);5. PATRIMONIO;2021;1.321
Rioja (La);5. PATRIMONIO;2020;1.095
Rioja (La);5. PATRIMONIO;2019;1.461
Rioja (La);5. PATRIMONIO;2018;1.314
Rioja (La);5.1.-Hurtos;2024;788
Rioja (La);5.1.-Hurtos;2023;857
Rioja (La);5.1.-Hurtos;2022;773
Rioja (La);5.1.-Hurtos;2021;487
Rioja (La);5.1.-Hurtos;2020;431
Rioja (La);5.1.-Hurtos;2019;642
Rioja (La);5.1.-Hurtos;2018;608
Rioja (La);5.2.-Robos con fuerza en las cosas;2024;233
Rioja (La);5.2.-Robos con fuerza en las cosas;2023;291
Rioja (La);5.2.-Robos con fuerza en las cosas;2022;184
Rioja (La);5.2.-Robos con fuerza en las cosas;2021;150
Rioja (La);5.2.-Robos con fuerza en las cosas;2020;149
Rioja (La);5.2.-Robos con fuerza en las cosas;2019;200
Rioja (La);5.2.-Robos con fuerza en las cosas;2018;177
Rioja (La);5.2.1.-Robos con fuerza en las cosas en el interior de vehículos;2024;29
Rioja (La);5.2.1.-Robos con fuerza en las cosas en el interior de vehículos;2023;43
Rioja (La);5.2.1.-Robos con fuerza en las cosas en el interior de vehículos;2022;33
Rioja (La);5.2.1.-Robos con fuerza en las cosas en el interior de vehículos;2021;31
Rioja (La);5.2.1.-Robos con fuerza en las cosas en el interior de vehículos;2020;16
Rioja (La);5.2.1.-Robos con fuerza en las cosas en el interior de vehículos;2019;37
Rioja (La);5.2.1.-Robos con fuerza en las cosas en el interior de vehículos;2018;38
Rioja (La);5.2.2.-Robos con fuerza en viviendas;2024;82
Rioja (La);5.2.2.-Robos con fuerza en viviendas;2023;93
Rioja (La);5.2.2.-Robos con fuerza en viviendas;2022;59
Rioja (La);5.2.2.-Robos con fuerza en viviendas;2021;57
Rioja (La);5.2.2.-Robos con fuerza en viviendas;2020;72
Rioja (La);5.2.2.-Robos con fuerza en viviendas;2019;51
Rioja (La);5.2.2.-Robos con fuerza en viviendas;2018;58
Rioja (La);5.2.3.-Robos con fuerza en establecimientos;2024;59
Rioja (La);5.2.3.-Robos con fuerza en establecimientos;2023;62
Rioja (La);5.2.3.-Robos con fuerza en establecimientos;2022;40
Rioja (La);5.2.3.-Robos con fuerza en establecimientos;2021;35
Rioja (La);5.2.3.-Robos con fuerza en establecimientos;2020;29
Rioja (La);5.2.3.-Robos con fuerza en establecimientos;2019;38
Rioja (La);5.2.3.-Robos con fuerza en establecimientos;2018;37
Rioja (La);5.3.-Robos con violencia o intimidación;2024;71
Rioja (La);5.3.-Robos con violencia o intimidación;2023;78
Rioja (La);5.3.-Robos con violencia o intimidación;2022;65
Rioja (La);5.3.-Robos con violencia o intimidación;2021;60
Rioja (La);5.3.-Robos con violencia o intimidación;2020;40
Rioja (La);5.3.-Robos con violencia o intimidación;2019;36
Rioja (La);5.3.-Robos con violencia o intimidación;2018;39
Rioja (La);5.3.1.-Robos con violencia en vía pública;2024;36
Rioja (La);5.3.1.-Robos con violencia en vía pública;2023;39
Rioja (La);5.3.1.-Robos con violencia en vía pública;2022;30
Rioja (La);5.3.1.-Robos con violencia en vía pública;2021;26
Rioja (La);5.3.1.-Robos con violencia en vía pública;2020;19
Rioja (La);5.3.1.-Robos con violencia en vía pública;2019;15
Rioja (La);5.3.1.-Robos con violencia en vía pública;2018;19
Rioja (La);5.3.2.-Robos con violencia en viviendas;2024;5
Rioja (La);5.3.2.-Robos con violencia en viviendas;2023;8
Rioja (La);5.3.2.-Robos con violencia en viviendas;2022;5
Rioja (La);5.3.2.-Robos con violencia en viviendas;2021;5
Rioja (La);5.3.2.-Robos con violencia en viviendas;2020;1
Rioja (La);5.3.2.-Robos con violencia en viviendas;2019;3
Rioja (La);5.3.2.-Robos con violencia en viviendas;2018;5
Rioja (La);5.3.3.-Robos con violencia en establecimientos;2024;22
Rioja (La);5.3.3.-Robos con violencia en establecimientos;2023;20
Rioja (La);5.3.3.-Robos con violencia en establecimientos;2022;23
Rioja (La);5.3.3.-Robos con violencia en establecimientos;2021;21
Rioja (La);5.3.3.-Robos con violencia en establecimientos;2020;16
Rioja (La);5.3.3.-Robos con violencia en establecimientos;2019;16
Rioja (La);5.3.3.-Robos con violencia en establecimientos;2018;8
Rioja (La);5.4.-Sustracción de vehículos;2024;30
Rioja (La);5.4.-Sustracción de vehículos;2023;29
Rioja (La);5.4.-Sustracción de vehículos;2022;33
Rioja (La);5.4.-Sustracción de vehículos;2021;26
Rioja (La);5.4.-Sustracción de vehículos;2020;15
Rioja (La);5.4.-Sustracción de vehículos;2019;25
Rioja (La);5.4.-Sustracción de vehículos;2018;40
Rioja (La);5.5.-Estafas;2024;380
Rioja (La);5.5.-Estafas;2023;419
Rioja (La);5.5.-Estafas;2022;310
Rioja (La);5.5.-Estafas;2021;306
Rioja (La);5.5.-Estafas;2020;189
Rioja (La);5.5.-Estafas;2019;179
Rioja (La);5.5.-Estafas;2018;192
Rioja (La);5.5.1.-Estafas informáticas;2024;249
Rioja (La);5.5.1.-Estafas informáticas;2023;255
Rioja (La);5.5.1.-Estafas informáticas;2022;196
Rioja (La);5.5.1.-Estafas informáticas;2021;231
Rioja (La);5.5.1.-Estafas informáticas;2020;112
Rioja (La);5.5.1.-Estafas informáticas;2019;66
Rioja (La);5.5.1.-Estafas informáticas;2018;87
Rioja (La);5.6.-Daños;2024;239
Rioja (La);5.6.-Daños;2023;235
Rioja (La);5.6.-Daños;2022;237
Rioja (La);5.6.-Daños;2021;180
Rioja (La);5.6.-Daños;2020;168
Rioja (La);5.6.-Daños;2019;175
Rioja (La);5.6.-Daños;2018;159
Rioja (La);5.7.-Contra la propiedad intelectual/industrial;2024;2
Rioja (La);5.7.-Contra la propiedad intelectual/industrial;2023;2
Rioja (La);5.7.-Contra la propiedad intelectual/industrial;2022;1
Rioja (La);5.7.-Contra la propiedad intelectual/industrial;2021;0
Rioja (La);5.7.-Contra la propiedad intelectual/industrial;2020;1
Rioja (La);5.7.-Contra la propiedad intelectual/industrial;2019;41
Rioja (La);5.7.-Contra la propiedad intelectual/industrial;2018;16
Rioja (La);5.8.-Blanqueo de capitales;2024;3
Rioja (La);5.8.-Blanqueo de capitales;2023;0
Rioja (La);5.8.-Blanqueo de capitales;2022;1
Rioja (La);5.8.-Blanqueo de capitales;2021;0
Rioja (La);5.8.-Blanqueo de capitales;2020;1
Rioja (La);5.8.-Blanqueo de capitales;2019;2
Rioja (La);5.8.-Blanqueo de capitales;2018;1
Rioja (La);5.9.-Otros contra el patrimonio;2024;184
Rioja (La);5.9.-Otros contra el patrimonio;2023;184
Rioja (La);5.9.-Otros contra el patrimonio;2022;123
Rioja (La);5.9.-Otros contra el patrimonio;2021;112
Rioja (La);5.9.-Otros contra el patrimonio;2020;101
Rioja (La);5.9.-Otros contra el patrimonio;2019;161
Rioja (La);5.9.-Otros contra el patrimonio;2018;82
Rioja (La);6. SEGURIDAD COLECTIVA;2024;430
Rioja (La);6. SEGURIDAD COLECTIVA;2023;429
Rioja (La);6. SEGURIDAD COLECTIVA;2022;460
Rioja (La);6. SEGURIDAD COLECTIVA;2021;397
Rioja (La);6. SEGURIDAD COLECTIVA;2020;278
Rioja (La);6. SEGURIDAD COLECTIVA;2019;405
Rioja (La);6. SEGURIDAD COLECTIVA;2018;338
Rioja (La);6.1.-Tráfico de drogas;2024;79
Rioja (La);6.1.-Tráfico de drogas;2023;90
Rioja (La);6.1.-Tráfico de drogas;2022;91
Rioja (La);6.1.-Tráfico de drogas;2021;74
Rioja (La);6.1.-Tráfico de drogas;2020;71
Rioja (La);6.1.-Tráfico de drogas;2019;100
Rioja (La);6.1.-Tráfico de drogas;2018;72
Rioja (La);6.2.-Contra la seguridad vial;2024;338
Rioja (La);6.2.-Contra la seguridad vial;2023;332
Rioja (La);6.2.-Contra la seguridad vial;2022;357
Rioja (La);6.2.-Contra la seguridad vial;2021;309
Rioja (La);6.2.-Contra la seguridad vial;2020;197
Rioja (La);6.2.-Contra la seguridad vial;2019;297
Rioja (La);6.2.-Contra la seguridad vial;2018;257
Rioja (La);6.3.-Otros contra la seguridad colectiva;2024;13
Rioja (La);6.3.-Otros contra la seguridad colectiva;2023;7
Rioja (La);6.3.-Otros contra la seguridad colectiva;2022;12
Rioja (La);6.3.-Otros contra la seguridad colectiva;2021;14
Rioja (La);6.3.-Otros contra la seguridad colectiva;2020;10
Rioja (La);6.3.-Otros contra la seguridad colectiva;2019;8
Rioja (La);6.3.-Otros contra la seguridad colectiva;2018;9
Rioja (La);7. FALSEDADES;2024;89
Rioja (La);7. FALSEDADES;2023;67
Rioja (La);7. FALSEDADES;2022;118
Rioja (La);7. FALSEDADES;2021;135
Rioja (La);7. FALSEDADES;2020;29
Rioja (La);7. FALSEDADES;2019;49
Rioja (La);7. FALSEDADES;2018;45
Rioja (La);8. ADMÓN. PÚBLICA;2024;2
Rioja (La);8. ADMÓN. PÚBLICA;2023;4
Rioja (La);8. ADMÓN. PÚBLICA;2022;1
Rioja (La);8. ADMÓN. PÚBLICA;2021;4
Rioja (La);8. ADMÓN. PÚBLICA;2020;0
Rioja (La);8. ADMÓN. PÚBLICA;2019;5
Rioja (La);8. ADMÓN. PÚBLICA;2018;3
Rioja (La);9. ADMÓN. JUSTICIA;2024;290
Rioja (La);9. ADMÓN. JUSTICIA;2023;288
Rioja (La);9. ADMÓN. JUSTICIA;2022;262
Rioja (La);9. ADMÓN. JUSTICIA;2021;226
Rioja (La);9. ADMÓN. JUSTICIA;2020;136
Rioja (La);9. ADMÓN. JUSTICIA;2019;227
Rioja (La);9. ADMÓN. JUSTICIA;2018;184
Rioja (La);10. ORDEN PÚBLICO;2024;147
Rioja (La);10. ORDEN PÚBLICO;2023;147
Rioja (La);10. ORDEN PÚBLICO;2022;144
Rioja (La);10. ORDEN PÚBLICO;2021;176
Rioja (La);10. ORDEN PÚBLICO;2020;207
Rioja (La);10. ORDEN PÚBLICO;2019;116
Rioja (La);10. ORDEN PÚBLICO;2018;85
Rioja (La);11. LEGISLACIÓN ESPECIAL;2024;0
Rioja (La);11. LEGISLACIÓN ESPECIAL;2023;3
Rioja (La);11. LEGISLACIÓN ESPECIAL;2022;0
Rioja (La);11. LEGISLACIÓN ESPECIAL;2021;0
Rioja (La);11. LEGISLACIÓN ESPECIAL;2020;0
Rioja (La);11. LEGISLACIÓN ESPECIAL;2019;0
Rioja (La);11. LEGISLACIÓN ESPECIAL;2018;0
Rioja (La);12. OTRAS INFRACCIONES PENALES;2024;61
Rioja (La);12. OTRAS INFRACCIONES PENALES;2023;40
Rioja (La);12. OTRAS INFRACCIONES PENALES;2022;34
Rioja (La);12. OTRAS INFRACCIONES PENALES;2021;43
Rioja (La);12. OTRAS INFRACCIONES PENALES;2020;35
Rioja (La);12. OTRAS INFRACCIONES PENALES;2019;38
Rioja (La);12. OTRAS INFRACCIONES PENALES;2018;34
Rioja (La);TOTAL INFRACCIONES PENALES;2024;5.032
Rioja (La);TOTAL INFRACCIONES PENALES;2023;5.237
Rioja (La);TOTAL INFRACCIONES PENALES;2022;4.728
Rioja (La);TOTAL INFRACCIONES PENALES;2021;4.054
Rioja (La);TOTAL INFRACCIONES PENALES;2020;3.184
Rioja (La);TOTAL INFRACCIONES PENALES;2019;3.780
Rioja (La);TOTAL INFRACCIONES PENALES;2018;3.450
Lugo;1. CONTRA LAS PERSONAS;2024;1.037
Lugo;1. CONTRA LAS PERSONAS;2023;1.087
Lugo;1. CONTRA LAS PERSONAS;2022;890
Lugo;1. CONTRA LAS PERSONAS;2021;746
Lugo;1. CONTRA LAS PERSONAS;2020;757
Lugo;1. CONTRA LAS PERSONAS;2019;877
Lugo;1. CONTRA LAS PERSONAS;2018;860
Lugo;1.1.-Homicidios dolosos/asesinatos;2024;5
Lugo;1.1.-Homicidios dolosos/asesinatos;2023;12
Lugo;1.1.-Homicidios dolosos/asesinatos;2022;4
Lugo;1.1.-Homicidios dolosos/asesinatos;2021;6
Lugo;1.1.-Homicidios dolosos/asesinatos;2020;5
Lugo;1.1.-Homicidios dolosos/asesinatos;2019;5
Lugo;1.1.-Homicidios dolosos/asesinatos;2018;2
Lugo;1.1.1.-Homicidios dolosos/asesinatos consumados;2024;3
Lugo;1.1.1.-Homicidios dolosos/asesinatos consumados;2023;1
Lugo;1.1.1.-Homicidios dolosos/asesinatos consumados;2022;1
Lugo;1.1.1.-Homicidios dolosos/asesinatos consumados;2021;1
Lugo;1.1.1.-Homicidios dolosos/asesinatos consumados;2020;2
Lugo;1.1.1.-Homicidios dolosos/asesinatos consumados;2019;3
Lugo;1.1.1.-Homicidios dolosos/asesinatos consumados;2018;1
Lugo;1.2.-Lesiones;2024;506
Lugo;1.2.-Lesiones;2023;532
Lugo;1.2.-Lesiones;2022;421
Lugo;1.2.-Lesiones;2021;366
Lugo;1.2.-Lesiones;2020;360
Lugo;1.2.-Lesiones;2019;440
Lugo;1.2.-Lesiones;2018;425
Lugo;1.3.-Malos tratos ámbito familiar;2024;508
Lugo;1.3.-Malos tratos ámbito familiar;2023;518
Lugo;1.3.-Malos tratos ámbito familiar;2022;451
Lugo;1.3.-Malos tratos ámbito familiar;2021;358
Lugo;1.3.-Malos tratos ámbito familiar;2020;378
Lugo;1.3.-Malos tratos ámbito familiar;2019;418
Lugo;1.3.-Malos tratos ámbito familiar;2018;414
Lugo;1.4.-Otros contra las personas;2024;18
Lugo;1.4.-Otros contra las personas;2023;25
Lugo;1.4.-Otros contra las personas;2022;14
Lugo;1.4.-Otros contra las personas;2021;16
Lugo;1.4.-Otros contra las personas;2020;14
Lugo;1.4.-Otros contra las personas;2019;14
Lugo;1.4.-Otros contra las personas;2018;19
Lugo;2. CONTRA LA LIBERTAD;2024;642
Lugo;2. CONTRA LA LIBERTAD;2023;562
Lugo;2. CONTRA LA LIBERTAD;2022;521
Lugo;2. CONTRA LA LIBERTAD;2021;479
Lugo;2. CONTRA LA LIBERTAD;2020;433
Lugo;2. CONTRA LA LIBERTAD;2019;404
Lugo;2. CONTRA LA LIBERTAD;2018;398
Lugo;2.1.-Malos tratos habituales en el ámbito familiar;2024;71
Lugo;2.1.-Malos tratos habituales en el ámbito familiar;2023;80
Lugo;2.1.-Malos tratos habituales en el ámbito familiar;2022;93
Lugo;2.1.-Malos tratos habituales en el ámbito familiar;2021;70
Lugo;2.1.-Malos tratos habituales en el ámbito familiar;2020;100
Lugo;2.1.-Malos tratos habituales en el ámbito familiar;2019;73
Lugo;2.1.-Malos tratos habituales en el ámbito familiar;2018;88
Lugo;2.2.-Otros contra la libertad;2024;571
Lugo;2.2.-Otros contra la libertad;2023;482
Lugo;2.2.-Otros contra la libertad;2022;428
Lugo;2.2.-Otros contra la libertad;2021;409
Lugo;2.2.-Otros contra la libertad;2020;333
Lugo;2.2.-Otros contra la libertad;2019;331
Lugo;2.2.-Otros contra la libertad;2018;310
Lugo;3. LIBERTAD SEXUAL;2024;90
Lugo;3. LIBERTAD SEXUAL;2023;83
Lugo;3. LIBERTAD SEXUAL;2022;58
Lugo;3. LIBERTAD SEXUAL;2021;62
Lugo;3. LIBERTAD SEXUAL;2020;53
Lugo;3. LIBERTAD SEXUAL;2019;54
Lugo;3. LIBERTAD SEXUAL;2018;42
Lugo;3.1.-Agresión sexual;2024;59
Lugo;3.1.-Agresión sexual;2023;54
Lugo;3.1.-Agresión sexual;2022;37
Lugo;3.1.-Agresión sexual;2021;34
Lugo;3.1.-Agresión sexual;2020;30
Lugo;3.1.-Agresión sexual;2019;38
Lugo;3.1.-Agresión sexual;2018;26
Lugo;3.2.-Agresión sexual con penetración;2024;14
Lugo;3.2.-Agresión sexual con penetración;2023;24
Lugo;3.2.-Agresión sexual con penetración;2022;11
Lugo;3.2.-Agresión sexual con penetración;2021;13
Lugo;3.2.-Agresión sexual con penetración;2020;12
Lugo;3.2.-Agresión sexual con penetración;2019;6
Lugo;3.2.-Agresión sexual con penetración;2018;10
Lugo;3.3.-Corrupción de menores o incapacitados;2024;1
Lugo;3.3.-Corrupción de menores o incapacitados;2023;0
Lugo;3.3.-Corrupción de menores o incapacitados;2022;0
Lugo;3.3.-Corrupción de menores o incapacitados;2021;1
Lugo;3.3.-Corrupción de menores o incapacitados;2020;1
Lugo;3.3.-Corrupción de menores o incapacitados;2019;1
Lugo;3.3.-Corrupción de menores o incapacitados;2018;1
Lugo;3.4.-Pornografía de menores;2024;4
Lugo;3.4.-Pornografía de menores;2023;2
Lugo;3.4.-Pornografía de menores;2022;3
Lugo;3.4.-Pornografía de menores;2021;5
Lugo;3.4.-Pornografía de menores;2020;2
Lugo;3.4.-Pornografía de menores;2019;4
Lugo;3.4.-Pornografía de menores;2018;2
Lugo;3.5.-Otros contra la libertad sexual;2024;12
Lugo;3.5.-Otros contra la libertad sexual;2023;3
Lugo;3.5.-Otros contra la libertad sexual;2022;7
Lugo;3.5.-Otros contra la libertad sexual;2021;9
Lugo;3.5.-Otros contra la libertad sexual;2020;8
Lugo;3.5.-Otros contra la libertad sexual;2019;5
Lugo;3.5.-Otros contra la libertad sexual;2018;3
Lugo;4. RELACIONES FAMILIARES;2024;31
Lugo;4. RELACIONES FAMILIARES;2023;27
Lugo;4. RELACIONES FAMILIARES;2022;17
Lugo;4. RELACIONES FAMILIARES;2021;18
Lugo;4. RELACIONES FAMILIARES;2020;9
Lugo;4. RELACIONES FAMILIARES;2019;13
Lugo;4. RELACIONES FAMILIARES;2018;10
Lugo;5. PATRIMONIO;2024;1.772
Lugo;5. PATRIMONIO;2023;1.615
Lugo;5. PATRIMONIO;2022;1.357
Lugo;5. PATRIMONIO;2021;1.280
Lugo;5. PATRIMONIO;2020;996
Lugo;5. PATRIMONIO;2019;1.226
Lugo;5. PATRIMONIO;2018;1.237
Lugo;5.1.-Hurtos;2024;537
Lugo;5.1.-Hurtos;2023;541
Lugo;5.1.-Hurtos;2022;464
Lugo;5.1.-Hurtos;2021;339
Lugo;5.1.-Hurtos;2020;276
Lugo;5.1.-Hurtos;2019;460
Lugo;5.1.-Hurtos;2018;383
Lugo;5.2.-Robos con fuerza en las cosas;2024;184
Lugo;5.2.-Robos con fuerza en las cosas;2023;158
Lugo;5.2.-Robos con fuerza en las cosas;2022;99
Lugo;5.2.-Robos con fuerza en las cosas;2021;145
Lugo;5.2.-Robos con fuerza en las cosas;2020;136
Lugo;5.2.-Robos con fuerza en las cosas;2019;179
Lugo;5.2.-Robos con fuerza en las cosas;2018;197
Lugo;5.2.1.-Robos con fuerza en las cosas en el interior de vehículos;2024;41
Lugo;5.2.1.-Robos con fuerza en las cosas en el interior de vehículos;2023;28
Lugo;5.2.1.-Robos con fuerza en las cosas en el interior de vehículos;2022;23
Lugo;5.2.1.-Robos con fuerza en las cosas en el interior de vehículos;2021;17
Lugo;5.2.1.-Robos con fuerza en las cosas en el interior de vehículos;2020;13
Lugo;5.2.1.-Robos con fuerza en las cosas en el interior de vehículos;2019;46
Lugo;5.2.1.-Robos con fuerza en las cosas en el interior de vehículos;2018;32
Lugo;5.2.2.-Robos con fuerza en viviendas;2024;60
Lugo;5.2.2.-Robos con fuerza en viviendas;2023;47
Lugo;5.2.2.-Robos con fuerza en viviendas;2022;33
Lugo;5.2.2.-Robos con fuerza en viviendas;2021;49
Lugo;5.2.2.-Robos con fuerza en viviendas;2020;31
Lugo;5.2.2.-Robos con fuerza en viviendas;2019;60
Lugo;5.2.2.-Robos con fuerza en viviendas;2018;73
Lugo;5.2.3.-Robos con fuerza en establecimientos;2024;43
Lugo;5.2.3.-Robos con fuerza en establecimientos;2023;45
Lugo;5.2.3.-Robos con fuerza en establecimientos;2022;24
Lugo;5.2.3.-Robos con fuerza en establecimientos;2021;35
Lugo;5.2.3.-Robos con fuerza en establecimientos;2020;50
Lugo;5.2.3.-Robos con fuerza en establecimientos;2019;26
Lugo;5.2.3.-Robos con fuerza en establecimientos;2018;45
Lugo;5.3.-Robos con violencia o intimidación;2024;26
Lugo;5.3.-Robos con violencia o intimidación;2023;45
Lugo;5.3.-Robos con violencia o intimidación;2022;47
Lugo;5.3.-Robos con violencia o intimidación;2021;46
Lugo;5.3.-Robos con violencia o intimidación;2020;40
Lugo;5.3.-Robos con violencia o intimidación;2019;47
Lugo;5.3.-Robos con violencia o intimidación;2018;55
Lugo;5.3.1.-Robos con violencia en vía pública;2024;15
Lugo;5.3.1.-Robos con violencia en vía pública;2023;24
Lugo;5.3.1.-Robos con violencia en vía pública;2022;30
Lugo;5.3.1.-Robos con violencia en vía pública;2021;27
Lugo;5.3.1.-Robos con violencia en vía pública;2020;19
Lugo;5.3.1.-Robos con violencia en vía pública;2019;23
Lugo;5.3.1.-Robos con violencia en vía pública;2018;21
Lugo;5.3.2.-Robos con violencia en viviendas;2024;2
Lugo;5.3.2.-Robos con violencia en viviendas;2023;3
Lugo;5.3.2.-Robos con violencia en viviendas;2022;4
Lugo;5.3.2.-Robos con violencia en viviendas;2021;4
Lugo;5.3.2.-Robos con violencia en viviendas;2020;2
Lugo;5.3.2.-Robos con violencia en viviendas;2019;5
Lugo;5.3.2.-Robos con violencia en viviendas;2018;10
Lugo;5.3.3.-Robos con violencia en establecimientos;2024;7
Lugo;5.3.3.-Robos con violencia en establecimientos;2023;15
Lugo;5.3.3.-Robos con violencia en establecimientos;2022;10
Lugo;5.3.3.-Robos con violencia en establecimientos;2021;8
Lugo;5.3.3.-Robos con violencia en establecimientos;2020;11
Lugo;5.3.3.-Robos con violencia en establecimientos;2019;14
Lugo;5.3.3.-Robos con violencia en establecimientos;2018;18
Lugo;5.4.-Sustracción de vehículos;2024;21
Lugo;5.4.-Sustracción de vehículos;2023;19
Lugo;5.4.-Sustracción de vehículos;2022;24
Lugo;5.4.-Sustracción de vehículos;2021;18
Lugo;5.4.-Sustracción de vehículos;2020;29
Lugo;5.4.-Sustracción de vehículos;2019;25
Lugo;5.4.-Sustracción de vehículos;2018;19
Lugo;5.5.-Estafas;2024;576
Lugo;5.5.-Estafas;2023;478
Lugo;5.5.-Estafas;2022;402
Lugo;5.5.-Estafas;2021;418
Lugo;5.5.-Estafas;2020;289
Lugo;5.5.-Estafas;2019;231
Lugo;5.5.-Estafas;2018;248
Lugo;5.5.1.-Estafas informáticas;2024;421
Lugo;5.5.1.-Estafas informáticas;2023;345
Lugo;5.5.1.-Estafas informáticas;2022;253
Lugo;5.5.1.-Estafas informáticas;2021;258
Lugo;5.5.1.-Estafas informáticas;2020;177
Lugo;5.5.1.-Estafas informáticas;2019;110
Lugo;5.5.1.-Estafas informáticas;2018;122
Lugo;5.6.-Daños;2024;279
Lugo;5.6.-Daños;2023;257
Lugo;5.6.-Daños;2022;213
Lugo;5.6.-Daños;2021;217
Lugo;5.6.-Daños;2020;146
Lugo;5.6.-Daños;2019;200
Lugo;5.6.-Daños;2018;232
Lugo;5.7.-Contra la propiedad intelectual/industrial;2024;2
Lugo;5.7.-Contra la propiedad intelectual/industrial;2023;3
Lugo;5.7.-Contra la propiedad intelectual/industrial;2022;2
Lugo;5.7.-Contra la propiedad intelectual/industrial;2021;1
Lugo;5.7.-Contra la propiedad intelectual/industrial;2020;2
Lugo;5.7.-Contra la propiedad intelectual/industrial;2019;12
Lugo;5.7.-Contra la propiedad intelectual/industrial;2018;5
Lugo;5.8.-Blanqueo de capitales;2024;12
Lugo;5.8.-Blanqueo de capitales;2023;0
Lugo;5.8.-Blanqueo de capitales;2022;2
Lugo;5.8.-Blanqueo de capitales;2021;1
Lugo;5.8.-Blanqueo de capitales;2020;3
Lugo;5.8.-Blanqueo de capitales;2019;1
Lugo;5.8.-Blanqueo de capitales;2018;2
Lugo;5.9.-Otros contra el patrimonio;2024;135
Lugo;5.9.-Otros contra el patrimonio;2023;114
Lugo;5.9.-Otros contra el patrimonio;2022;104
Lugo;5.9.-Otros contra el patrimonio;2021;95
Lugo;5.9.-Otros contra el patrimonio;2020;75
Lugo;5.9.-Otros contra el patrimonio;2019;71
Lugo;5.9.-Otros contra el patrimonio;2018;96
Lugo;6. SEGURIDAD COLECTIVA;2024;400
Lugo;6. SEGURIDAD COLECTIVA;2023;513
Lugo;6. SEGURIDAD COLECTIVA;2022;496
Lugo;6. SEGURIDAD COLECTIVA;2021;508
Lugo;6. SEGURIDAD COLECTIVA;2020;427
Lugo;6. SEGURIDAD COLECTIVA;2019;456
Lugo;6. SEGURIDAD COLECTIVA;2018;470
Lugo;6.1.-Tráfico de drogas;2024;46
Lugo;6.1.-Tráfico de drogas;2023;66
Lugo;6.1.-Tráfico de drogas;2022;46
Lugo;6.1.-Tráfico de drogas;2021;56
Lugo;6.1.-Tráfico de drogas;2020;67
Lugo;6.1.-Tráfico de drogas;2019;67
Lugo;6.1.-Tráfico de drogas;2018;57
Lugo;6.2.-Contra la seguridad vial;2024;343
Lugo;6.2.-Contra la seguridad vial;2023;435
Lugo;6.2.-Contra la seguridad vial;2022;431
Lugo;6.2.-Contra la seguridad vial;2021;441
Lugo;6.2.-Contra la seguridad vial;2020;349
Lugo;6.2.-Contra la seguridad vial;2019;377
Lugo;6.2.-Contra la seguridad vial;2018;403
Lugo;6.3.-Otros contra la seguridad colectiva;2024;11
Lugo;6.3.-Otros contra la seguridad colectiva;2023;12
Lugo;6.3.-Otros contra la seguridad colectiva;2022;19
Lugo;6.3.-Otros contra la seguridad colectiva;2021;11
Lugo;6.3.-Otros contra la seguridad colectiva;2020;11
Lugo;6.3.-Otros contra la seguridad colectiva;2019;12
Lugo;6.3.-Otros contra la seguridad colectiva;2018;10
Lugo;7. FALSEDADES;2024;73
Lugo;7. FALSEDADES;2023;41
Lugo;7. FALSEDADES;2022;44
Lugo;7. FALSEDADES;2021;78
Lugo;7. FALSEDADES;2020;39
Lugo;7. FALSEDADES;2019;25
Lugo;7. FALSEDADES;2018;44
Lugo;8. ADMÓN. PÚBLICA;2024;1
Lugo;8. ADMÓN. PÚBLICA;2023;0
Lugo;8. ADMÓN. PÚBLICA;2022;0
Lugo;8. ADMÓN. PÚBLICA;2021;1
Lugo;8. ADMÓN. PÚBLICA;2020;1
Lugo;8. ADMÓN. PÚBLICA;2019;0
Lugo;8. ADMÓN. PÚBLICA;2018;0
Lugo;9. ADMÓN. JUSTICIA;2024;220
Lugo;9. ADMÓN. JUSTICIA;2023;201
Lugo;9. ADMÓN. JUSTICIA;2022;171
Lugo;9. ADMÓN. JUSTICIA;2021;166
Lugo;9. ADMÓN. JUSTICIA;2020;174
Lugo;9. ADMÓN. JUSTICIA;2019;174
Lugo;9. ADMÓN. JUSTICIA;2018;159
Lugo;10. ORDEN PÚBLICO;2024;121
Lugo;10. ORDEN PÚBLICO;2023;93
Lugo;10. ORDEN PÚBLICO;2022;92
Lugo;10. ORDEN PÚBLICO;2021;121
Lugo;10. ORDEN PÚBLICO;2020;163
Lugo;10. ORDEN PÚBLICO;2019;102
Lugo;10. ORDEN PÚBLICO;2018;81
Lugo;11. LEGISLACIÓN ESPECIAL;2024;0
Lugo;11. LEGISLACIÓN ESPECIAL;2023;0
Lugo;11. LEGISLACIÓN ESPECIAL;2022;1
Lugo;11. LEGISLACIÓN ESPECIAL;2021;0
Lugo;11. LEGISLACIÓN ESPECIAL;2020;0
Lugo;11. LEGISLACIÓN ESPECIAL;2019;0
Lugo;11. LEGISLACIÓN ESPECIAL;2018;0
Lugo;12. OTRAS INFRACCIONES PENALES;2024;70
Lugo;12. OTRAS INFRACCIONES PENALES;2023;66
Lugo;12. OTRAS INFRACCIONES PENALES;2022;49
Lugo;12. OTRAS INFRACCIONES PENALES;2021;50
Lugo;12. OTRAS INFRACCIONES PENALES;2020;47
Lugo;12. OTRAS INFRACCIONES PENALES;2019;40
Lugo;12. OTRAS INFRACCIONES PENALES;2018;63
Lugo;TOTAL INFRACCIONES PENALES;2024;4.457
Lugo;TOTAL INFRACCIONES PENALES;2023;4.288
Lugo;TOTAL INFRACCIONES PENALES;2022;3.696
Lugo;TOTAL INFRACCIONES PENALES;2021;3.509
Lugo;TOTAL INFRACCIONES PENALES;2020;3.099
Lugo;TOTAL INFRACCIONES PENALES;2019;3.371
Lugo;TOTAL INFRACCIONES PENALES;2018;3.364
Madrid;1. CONTRA LAS PERSONAS;2024;32.817
Madrid;1. CONTRA LAS PERSONAS;2023;31.088
Madrid;1. CONTRA LAS PERSONAS;2022;29.207
Madrid;1. CONTRA LAS PERSONAS;2021;26.001
Madrid;1. CONTRA LAS PERSONAS;2020;23.204
Madrid;1. CONTRA LAS PERSONAS;2019;25.043
Madrid;1. CONTRA LAS PERSONAS;2018;23.392
Madrid;1.1.-Homicidios dolosos/asesinatos;2024;178
Madrid;1.1.-Homicidios dolosos/asesinatos;2023;199
Madrid;1.1.-Homicidios dolosos/asesinatos;2022;180
Madrid;1.1.-Homicidios dolosos/asesinatos;2021;129
Madrid;1.1.-Homicidios dolosos/asesinatos;2020;136
Madrid;1.1.-Homicidios dolosos/asesinatos;2019;97
Madrid;1.1.-Homicidios dolosos/asesinatos;2018;108
Madrid;1.1.1.-Homicidios dolosos/asesinatos consumados;2024;23
Madrid;1.1.1.-Homicidios dolosos/asesinatos consumados;2023;33
Madrid;1.1.1.-Homicidios dolosos/asesinatos consumados;2022;52
Madrid;1.1.1.-Homicidios dolosos/asesinatos consumados;2021;36
Madrid;1.1.1.-Homicidios dolosos/asesinatos consumados;2020;37
Madrid;1.1.1.-Homicidios dolosos/asesinatos consumados;2019;24
Madrid;1.1.1.-Homicidios dolosos/asesinatos consumados;2018;34
Madrid;1.2.-Lesiones;2024;10.626
Madrid;1.2.-Lesiones;2023;10.028
Madrid;1.2.-Lesiones;2022;9.766
Madrid;1.2.-Lesiones;2021;8.871
Madrid;1.2.-Lesiones;2020;7.986
Madrid;1.2.-Lesiones;2019;9.687
Madrid;1.2.-Lesiones;2018;9.326
Madrid;1.3.-Malos tratos ámbito familiar;2024;21.292
Madrid;1.3.-Malos tratos ámbito familiar;2023;20.277
Madrid;1.3.-Malos tratos ámbito familiar;2022;18.761
Madrid;1.3.-Malos tratos ámbito familiar;2021;16.560
Madrid;1.3.-Malos tratos ámbito familiar;2020;14.735
Madrid;1.3.-Malos tratos ámbito familiar;2019;14.847
Madrid;1.3.-Malos tratos ámbito familiar;2018;13.647
Madrid;1.4.-Otros contra las personas;2024;721
Madrid;1.4.-Otros contra las personas;2023;584
Madrid;1.4.-Otros contra las personas;2022;500
Madrid;1.4.-Otros contra las personas;2021;441
Madrid;1.4.-Otros contra las personas;2020;347
Madrid;1.4.-Otros contra las personas;2019;412
Madrid;1.4.-Otros contra las personas;2018;311
Madrid;2. CONTRA LA LIBERTAD;2024;14.202
Madrid;2. CONTRA LA LIBERTAD;2023;13.599
Madrid;2. CONTRA LA LIBERTAD;2022;12.460
Madrid;2. CONTRA LA LIBERTAD;2021;12.402
Madrid;2. CONTRA LA LIBERTAD;2020;11.238
Madrid;2. CONTRA LA LIBERTAD;2019;10.821
Madrid;2. CONTRA LA LIBERTAD;2018;10.136
Madrid;2.1.-Malos tratos habituales en el ámbito familiar;2024;1.353
Madrid;2.1.-Malos tratos habituales en el ámbito familiar;2023;1.383
Madrid;2.1.-Malos tratos habituales en el ámbito familiar;2022;1.189
Madrid;2.1.-Malos tratos habituales en el ámbito familiar;2021;1.280
Madrid;2.1.-Malos tratos habituales en el ámbito familiar;2020;1.099
Madrid;2.1.-Malos tratos habituales en el ámbito familiar;2019;1.216
Madrid;2.1.-Malos tratos habituales en el ámbito familiar;2018;1.025
Madrid;2.2.-Otros contra la libertad;2024;12.849
Madrid;2.2.-Otros contra la libertad;2023;12.216
Madrid;2.2.-Otros contra la libertad;2022;11.271
Madrid;2.2.-Otros contra la libertad;2021;11.122
Madrid;2.2.-Otros contra la libertad;2020;10.139
Madrid;2.2.-Otros contra la libertad;2019;9.605
Madrid;2.2.-Otros contra la libertad;2018;9.111
Madrid;3. LIBERTAD SEXUAL;2024;2.668
Madrid;3. LIBERTAD SEXUAL;2023;2.495
Madrid;3. LIBERTAD SEXUAL;2022;2.113
Madrid;3. LIBERTAD SEXUAL;2021;1.918
Madrid;3. LIBERTAD SEXUAL;2020;1.641
Madrid;3. LIBERTAD SEXUAL;2019;1.714
Madrid;3. LIBERTAD SEXUAL;2018;1.570
Madrid;3.1.-Agresión sexual;2024;1.599
Madrid;3.1.-Agresión sexual;2023;1.461
Madrid;3.1.-Agresión sexual;2022;1.243
Madrid;3.1.-Agresión sexual;2021;1.109
Madrid;3.1.-Agresión sexual;2020;938
Madrid;3.1.-Agresión sexual;2019;1.007
Madrid;3.1.-Agresión sexual;2018;908
Madrid;3.2.-Agresión sexual con penetración;2024;611
Madrid;3.2.-Agresión sexual con penetración;2023;591
Madrid;3.2.-Agresión sexual con penetración;2022;522
Madrid;3.2.-Agresión sexual con penetración;2021;484
Madrid;3.2.-Agresión sexual con penetración;2020;433
Madrid;3.2.-Agresión sexual con penetración;2019;380
Madrid;3.2.-Agresión sexual con penetración;2018;350
Madrid;3.3.-Corrupción de menores o incapacitados;2024;39
Madrid;3.3.-Corrupción de menores o incapacitados;2023;35
Madrid;3.3.-Corrupción de menores o incapacitados;2022;33
Madrid;3.3.-Corrupción de menores o incapacitados;2021;31
Madrid;3.3.-Corrupción de menores o incapacitados;2020;33
Madrid;3.3.-Corrupción de menores o incapacitados;2019;50
Madrid;3.3.-Corrupción de menores o incapacitados;2018;32
Madrid;3.4.-Pornografía de menores;2024;98
Madrid;3.4.-Pornografía de menores;2023;113
Madrid;3.4.-Pornografía de menores;2022;73
Madrid;3.4.-Pornografía de menores;2021;76
Madrid;3.4.-Pornografía de menores;2020;57
Madrid;3.4.-Pornografía de menores;2019;79
Madrid;3.4.-Pornografía de menores;2018;91
Madrid;3.5.-Otros contra la libertad sexual;2024;321
Madrid;3.5.-Otros contra la libertad sexual;2023;295
Madrid;3.5.-Otros contra la libertad sexual;2022;242
Madrid;3.5.-Otros contra la libertad sexual;2021;218
Madrid;3.5.-Otros contra la libertad sexual;2020;180
Madrid;3.5.-Otros contra la libertad sexual;2019;198
Madrid;3.5.-Otros contra la libertad sexual;2018;189
Madrid;4. RELACIONES FAMILIARES;2024;688
Madrid;4. RELACIONES FAMILIARES;2023;669
Madrid;4. RELACIONES FAMILIARES;2022;759
Madrid;4. RELACIONES FAMILIARES;2021;809
Madrid;4. RELACIONES FAMILIARES;2020;668
Madrid;4. RELACIONES FAMILIARES;2019;718
Madrid;4. RELACIONES FAMILIARES;2018;713
Madrid;5. PATRIMONIO;2024;60.030
Madrid;5. PATRIMONIO;2023;55.654
Madrid;5. PATRIMONIO;2022;49.712
Madrid;5. PATRIMONIO;2021;43.272
Madrid;5. PATRIMONIO;2020;38.932
Madrid;5. PATRIMONIO;2019;47.093
Madrid;5. PATRIMONIO;2018;44.330
Madrid;5.1.-Hurtos;2024;28.434
Madrid;5.1.-Hurtos;2023;26.686
Madrid;5.1.-Hurtos;2022;23.288
Madrid;5.1.-Hurtos;2021;19.862
Madrid;5.1.-Hurtos;2020;17.530
Madrid;5.1.-Hurtos;2019;23.999
Madrid;5.1.-Hurtos;2018;23.169
Madrid;5.2.-Robos con fuerza en las cosas;2024;5.263
Madrid;5.2.-Robos con fuerza en las cosas;2023;4.811
Madrid;5.2.-Robos con fuerza en las cosas;2022;4.379
Madrid;5.2.-Robos con fuerza en las cosas;2021;3.631
Madrid;5.2.-Robos con fuerza en las cosas;2020;3.815
Madrid;5.2.-Robos con fuerza en las cosas;2019;4.016
Madrid;5.2.-Robos con fuerza en las cosas;2018;3.626
Madrid;5.2.1.-Robos con fuerza en las cosas en el interior de vehículos;2024;1.999
Madrid;5.2.1.-Robos con fuerza en las cosas en el interior de vehículos;2023;1.522
Madrid;5.2.1.-Robos con fuerza en las cosas en el interior de vehículos;2022;1.500
Madrid;5.2.1.-Robos con fuerza en las cosas en el interior de vehículos;2021;1.088
Madrid;5.2.1.-Robos con fuerza en las cosas en el interior de vehículos;2020;1.106
Madrid;5.2.1.-Robos con fuerza en las cosas en el interior de vehículos;2019;1.247
Madrid;5.2.1.-Robos con fuerza en las cosas en el interior de vehículos;2018;1.054
Madrid;5.2.2.-Robos con fuerza en viviendas;2024;1.090
Madrid;5.2.2.-Robos con fuerza en viviendas;2023;1.105
Madrid;5.2.2.-Robos con fuerza en viviendas;2022;1.031
Madrid;5.2.2.-Robos con fuerza en viviendas;2021;882
Madrid;5.2.2.-Robos con fuerza en viviendas;2020;1.028
Madrid;5.2.2.-Robos con fuerza en viviendas;2019;1.097
Madrid;5.2.2.-Robos con fuerza en viviendas;2018;1.108
Madrid;5.2.3.-Robos con fuerza en establecimientos;2024;1.342
Madrid;5.2.3.-Robos con fuerza en establecimientos;2023;1.324
Madrid;5.2.3.-Robos con fuerza en establecimientos;2022;1.008
Madrid;5.2.3.-Robos con fuerza en establecimientos;2021;949
Madrid;5.2.3.-Robos con fuerza en establecimientos;2020;1.007
Madrid;5.2.3.-Robos con fuerza en establecimientos;2019;967
Madrid;5.2.3.-Robos con fuerza en establecimientos;2018;791
Madrid;5.3.-Robos con violencia o intimidación;2024;4.181
Madrid;5.3.-Robos con violencia o intimidación;2023;4.269
Madrid;5.3.-Robos con violencia o intimidación;2022;3.918
Madrid;5.3.-Robos con violencia o intimidación;2021;3.554
Madrid;5.3.-Robos con violencia o intimidación;2020;3.305
Madrid;5.3.-Robos con violencia o intimidación;2019;3.360
Madrid;5.3.-Robos con violencia o intimidación;2018;2.802
Madrid;5.3.1.-Robos con violencia en vía pública;2024;2.497
Madrid;5.3.1.-Robos con violencia en vía pública;2023;2.526
Madrid;5.3.1.-Robos con violencia en vía pública;2022;2.253
Madrid;5.3.1.-Robos con violencia en vía pública;2021;2.122
Madrid;5.3.1.-Robos con violencia en vía pública;2020;1.948
Madrid;5.3.1.-Robos con violencia en vía pública;2019;2.071
Madrid;5.3.1.-Robos con violencia en vía pública;2018;1.571
Madrid;5.3.2.-Robos con violencia en viviendas;2024;223
Madrid;5.3.2.-Robos con violencia en viviendas;2023;214
Madrid;5.3.2.-Robos con violencia en viviendas;2022;179
Madrid;5.3.2.-Robos con violencia en viviendas;2021;204
Madrid;5.3.2.-Robos con violencia en viviendas;2020;200
Madrid;5.3.2.-Robos con violencia en viviendas;2019;184
Madrid;5.3.2.-Robos con violencia en viviendas;2018;194
Madrid;5.3.3.-Robos con violencia en establecimientos;2024;1.059
Madrid;5.3.3.-Robos con violencia en establecimientos;2023;1.020
Madrid;5.3.3.-Robos con violencia en establecimientos;2022;980
Madrid;5.3.3.-Robos con violencia en establecimientos;2021;737
Madrid;5.3.3.-Robos con violencia en establecimientos;2020;756
Madrid;5.3.3.-Robos con violencia en establecimientos;2019;702
Madrid;5.3.3.-Robos con violencia en establecimientos;2018;730
Madrid;5.4.-Sustracción de vehículos;2024;1.931
Madrid;5.4.-Sustracción de vehículos;2023;1.929
Madrid;5.4.-Sustracción de vehículos;2022;1.611
Madrid;5.4.-Sustracción de vehículos;2021;1.364
Madrid;5.4.-Sustracción de vehículos;2020;1.426
Madrid;5.4.-Sustracción de vehículos;2019;1.500
Madrid;5.4.-Sustracción de vehículos;2018;1.526
Madrid;5.5.-Estafas;2024;11.886
Madrid;5.5.-Estafas;2023;10.272
Madrid;5.5.-Estafas;2022;9.240
Madrid;5.5.-Estafas;2021;7.786
Madrid;5.5.-Estafas;2020;6.470
Madrid;5.5.-Estafas;2019;7.349
Madrid;5.5.-Estafas;2018;6.764
Madrid;5.5.1.-Estafas informáticas;2024;6.955
Madrid;5.5.1.-Estafas informáticas;2023;5.966
Madrid;5.5.1.-Estafas informáticas;2022;4.987
Madrid;5.5.1.-Estafas informáticas;2021;3.952
Madrid;5.5.1.-Estafas informáticas;2020;2.992
Madrid;5.5.1.-Estafas informáticas;2019;2.432
Madrid;5.5.1.-Estafas informáticas;2018;1.714
Madrid;5.6.-Daños;2024;3.768
Madrid;5.6.-Daños;2023;3.447
Madrid;5.6.-Daños;2022;3.450
Madrid;5.6.-Daños;2021;3.450
Madrid;5.6.-Daños;2020;3.002
Madrid;5.6.-Daños;2019;3.106
Madrid;5.6.-Daños;2018;2.913
Madrid;5.7.-Contra la propiedad intelectual/industrial;2024;234
Madrid;5.7.-Contra la propiedad intelectual/industrial;2023;105
Madrid;5.7.-Contra la propiedad intelectual/industrial;2022;154
Madrid;5.7.-Contra la propiedad intelectual/industrial;2021;70
Madrid;5.7.-Contra la propiedad intelectual/industrial;2020;56
Madrid;5.7.-Contra la propiedad intelectual/industrial;2019;181
Madrid;5.7.-Contra la propiedad intelectual/industrial;2018;220
Madrid;5.8.-Blanqueo de capitales;2024;124
Madrid;5.8.-Blanqueo de capitales;2023;82
Madrid;5.8.-Blanqueo de capitales;2022;63
Madrid;5.8.-Blanqueo de capitales;2021;36
Madrid;5.8.-Blanqueo de capitales;2020;35
Madrid;5.8.-Blanqueo de capitales;2019;32
Madrid;5.8.-Blanqueo de capitales;2018;30
Madrid;5.9.-Otros contra el patrimonio;2024;4.209
Madrid;5.9.-Otros contra el patrimonio;2023;4.053
Madrid;5.9.-Otros contra el patrimonio;2022;3.609
Madrid;5.9.-Otros contra el patrimonio;2021;3.519
Madrid;5.9.-Otros contra el patrimonio;2020;3.293
Madrid;5.9.-Otros contra el patrimonio;2019;3.550
Madrid;5.9.-Otros contra el patrimonio;2018;3.280
Madrid;6. SEGURIDAD COLECTIVA;2024;9.487
Madrid;6. SEGURIDAD COLECTIVA;2023;8.745
Madrid;6. SEGURIDAD COLECTIVA;2022;8.281
Madrid;6. SEGURIDAD COLECTIVA;2021;6.947
Madrid;6. SEGURIDAD COLECTIVA;2020;6.337
Madrid;6. SEGURIDAD COLECTIVA;2019;7.279
Madrid;6. SEGURIDAD COLECTIVA;2018;6.254
Madrid;6.1.-Tráfico de drogas;2024;3.662
Madrid;6.1.-Tráfico de drogas;2023;3.302
Madrid;6.1.-Tráfico de drogas;2022;2.823
Madrid;6.1.-Tráfico de drogas;2021;2.196
Madrid;6.1.-Tráfico de drogas;2020;2.101
Madrid;6.1.-Tráfico de drogas;2019;2.376
Madrid;6.1.-Tráfico de drogas;2018;1.806
Madrid;6.2.-Contra la seguridad vial;2024;5.480
Madrid;6.2.-Contra la seguridad vial;2023;5.283
Madrid;6.2.-Contra la seguridad vial;2022;5.298
Madrid;6.2.-Contra la seguridad vial;2021;4.612
Madrid;6.2.-Contra la seguridad vial;2020;4.087
Madrid;6.2.-Contra la seguridad vial;2019;4.709
Madrid;6.2.-Contra la seguridad vial;2018;4.128
Madrid;6.3.-Otros contra la seguridad colectiva;2024;345
Madrid;6.3.-Otros contra la seguridad colectiva;2023;160
Madrid;6.3.-Otros contra la seguridad colectiva;2022;160
Madrid;6.3.-Otros contra la seguridad colectiva;2021;139
Madrid;6.3.-Otros contra la seguridad colectiva;2020;149
Madrid;6.3.-Otros contra la seguridad colectiva;2019;194
Madrid;6.3.-Otros contra la seguridad colectiva;2018;320
Madrid;7. FALSEDADES;2024;3.275
Madrid;7. FALSEDADES;2023;2.967
Madrid;7. FALSEDADES;2022;2.826
Madrid;7. FALSEDADES;2021;2.193
Madrid;7. FALSEDADES;2020;1.885
Madrid;7. FALSEDADES;2019;2.183
Madrid;7. FALSEDADES;2018;1.969
Madrid;8. ADMÓN. PÚBLICA;2024;35
Madrid;8. ADMÓN. PÚBLICA;2023;35
Madrid;8. ADMÓN. PÚBLICA;2022;35
Madrid;8. ADMÓN. PÚBLICA;2021;39
Madrid;8. ADMÓN. PÚBLICA;2020;20
Madrid;8. ADMÓN. PÚBLICA;2019;38
Madrid;8. ADMÓN. PÚBLICA;2018;60
Madrid;9. ADMÓN. JUSTICIA;2024;5.756
Madrid;9. ADMÓN. JUSTICIA;2023;5.577
Madrid;9. ADMÓN. JUSTICIA;2022;5.284
Madrid;9. ADMÓN. JUSTICIA;2021;4.935
Madrid;9. ADMÓN. JUSTICIA;2020;4.366
Madrid;9. ADMÓN. JUSTICIA;2019;4.534
Madrid;9. ADMÓN. JUSTICIA;2018;4.355
Madrid;10. ORDEN PÚBLICO;2024;5.697
Madrid;10. ORDEN PÚBLICO;2023;5.695
Madrid;10. ORDEN PÚBLICO;2022;5.444
Madrid;10. ORDEN PÚBLICO;2021;5.691
Madrid;10. ORDEN PÚBLICO;2020;5.599
Madrid;10. ORDEN PÚBLICO;2019;4.349
Madrid;10. ORDEN PÚBLICO;2018;3.707
Madrid;11. LEGISLACIÓN ESPECIAL;2024;51
Madrid;11. LEGISLACIÓN ESPECIAL;2023;25
Madrid;11. LEGISLACIÓN ESPECIAL;2022;9
Madrid;11. LEGISLACIÓN ESPECIAL;2021;18
Madrid;11. LEGISLACIÓN ESPECIAL;2020;9
Madrid;11. LEGISLACIÓN ESPECIAL;2019;19
Madrid;11. LEGISLACIÓN ESPECIAL;2018;8
Madrid;12. OTRAS INFRACCIONES PENALES;2024;820
Madrid;12. OTRAS INFRACCIONES PENALES;2023;761
Madrid;12. OTRAS INFRACCIONES PENALES;2022;666
Madrid;12. OTRAS INFRACCIONES PENALES;2021;550
Madrid;12. OTRAS INFRACCIONES PENALES;2020;586
Madrid;12. OTRAS INFRACCIONES PENALES;2019;670
Madrid;12. OTRAS INFRACCIONES PENALES;2018;702
Madrid;TOTAL INFRACCIONES PENALES;2024;135.526
Madrid;TOTAL INFRACCIONES PENALES;2023;127.310
Madrid;TOTAL INFRACCIONES PENALES;2022;116.796
Madrid;TOTAL INFRACCIONES PENALES;2021;104.775
Madrid;TOTAL INFRACCIONES PENALES;2020;94.485
Madrid;TOTAL INFRACCIONES PENALES;2019;104.461
Madrid;TOTAL INFRACCIONES PENALES;2018;97.196
Málaga;1. CONTRA LAS PERSONAS;2024;10.173
Málaga;1. CONTRA LAS PERSONAS;2023;9.912
Málaga;1. CONTRA LAS PERSONAS;2022;8.911
Málaga;1. CONTRA LAS PERSONAS;2021;7.900
Málaga;1. CONTRA LAS PERSONAS;2020;7.118
Málaga;1. CONTRA LAS PERSONAS;2019;7.747
Málaga;1. CONTRA LAS PERSONAS;2018;7.413
Málaga;1.1.-Homicidios dolosos/asesinatos;2024;82
Málaga;1.1.-Homicidios dolosos/asesinatos;2023;69
Málaga;1.1.-Homicidios dolosos/asesinatos;2022;72
Málaga;1.1.-Homicidios dolosos/asesinatos;2021;59
Málaga;1.1.-Homicidios dolosos/asesinatos;2020;54
Málaga;1.1.-Homicidios dolosos/asesinatos;2019;40
Málaga;1.1.-Homicidios dolosos/asesinatos;2018;62
Málaga;1.1.1.-Homicidios dolosos/asesinatos consumados;2024;24
Málaga;1.1.1.-Homicidios dolosos/asesinatos consumados;2023;14
Málaga;1.1.1.-Homicidios dolosos/asesinatos consumados;2022;17
Málaga;1.1.1.-Homicidios dolosos/asesinatos consumados;2021;12
Málaga;1.1.1.-Homicidios dolosos/asesinatos consumados;2020;14
Málaga;1.1.1.-Homicidios dolosos/asesinatos consumados;2019;19
Málaga;1.1.1.-Homicidios dolosos/asesinatos consumados;2018;19
Málaga;1.2.-Lesiones;2024;4.356
Málaga;1.2.-Lesiones;2023;4.181
Málaga;1.2.-Lesiones;2022;3.915
Málaga;1.2.-Lesiones;2021;3.495
Málaga;1.2.-Lesiones;2020;3.047
Málaga;1.2.-Lesiones;2019;3.454
Málaga;1.2.-Lesiones;2018;3.290
Málaga;1.3.-Malos tratos ámbito familiar;2024;5.581
Málaga;1.3.-Malos tratos ámbito familiar;2023;5.536
Málaga;1.3.-Malos tratos ámbito familiar;2022;4.795
Málaga;1.3.-Malos tratos ámbito familiar;2021;4.223
Málaga;1.3.-Malos tratos ámbito familiar;2020;3.937
Málaga;1.3.-Malos tratos ámbito familiar;2019;4.129
Málaga;1.3.-Malos tratos ámbito familiar;2018;3.937
Málaga;1.4.-Otros contra las personas;2024;154
Málaga;1.4.-Otros contra las personas;2023;126
Málaga;1.4.-Otros contra las personas;2022;129
Málaga;1.4.-Otros contra las personas;2021;123
Málaga;1.4.-Otros contra las personas;2020;80
Málaga;1.4.-Otros contra las personas;2019;124
Málaga;1.4.-Otros contra las personas;2018;124
Málaga;2. CONTRA LA LIBERTAD;2024;5.760
Málaga;2. CONTRA LA LIBERTAD;2023;5.544
Málaga;2. CONTRA LA LIBERTAD;2022;4.678
Málaga;2. CONTRA LA LIBERTAD;2021;4.285
Málaga;2. CONTRA LA LIBERTAD;2020;3.985
Málaga;2. CONTRA LA LIBERTAD;2019;3.861
Málaga;2. CONTRA LA LIBERTAD;2018;3.692
Málaga;2.1.-Malos tratos habituales en el ámbito familiar;2024;498
Málaga;2.1.-Malos tratos habituales en el ámbito familiar;2023;510
Málaga;2.1.-Malos tratos habituales en el ámbito familiar;2022;438
Málaga;2.1.-Malos tratos habituales en el ámbito familiar;2021;378
Málaga;2.1.-Malos tratos habituales en el ámbito familiar;2020;425
Málaga;2.1.-Malos tratos habituales en el ámbito familiar;2019;442
Málaga;2.1.-Malos tratos habituales en el ámbito familiar;2018;384
Málaga;2.2.-Otros contra la libertad;2024;5.262
Málaga;2.2.-Otros contra la libertad;2023;5.034
Málaga;2.2.-Otros contra la libertad;2022;4.240
Málaga;2.2.-Otros contra la libertad;2021;3.907
Málaga;2.2.-Otros contra la libertad;2020;3.560
Málaga;2.2.-Otros contra la libertad;2019;3.419
Málaga;2.2.-Otros contra la libertad;2018;3.308
Málaga;3. LIBERTAD SEXUAL;2024;775
Málaga;3. LIBERTAD SEXUAL;2023;729
Málaga;3. LIBERTAD SEXUAL;2022;550
Málaga;3. LIBERTAD SEXUAL;2021;475
Málaga;3. LIBERTAD SEXUAL;2020;366
Málaga;3. LIBERTAD SEXUAL;2019;465
Málaga;3. LIBERTAD SEXUAL;2018;442
Málaga;3.1.-Agresión sexual;2024;486
Málaga;3.1.-Agresión sexual;2023;436
Málaga;3.1.-Agresión sexual;2022;342
Málaga;3.1.-Agresión sexual;2021;292
Málaga;3.1.-Agresión sexual;2020;200
Málaga;3.1.-Agresión sexual;2019;267
Málaga;3.1.-Agresión sexual;2018;262
Málaga;3.2.-Agresión sexual con penetración;2024;154
Málaga;3.2.-Agresión sexual con penetración;2023;139
Málaga;3.2.-Agresión sexual con penetración;2022;107
Málaga;3.2.-Agresión sexual con penetración;2021;82
Málaga;3.2.-Agresión sexual con penetración;2020;80
Málaga;3.2.-Agresión sexual con penetración;2019;80
Málaga;3.2.-Agresión sexual con penetración;2018;65
Málaga;3.3.-Corrupción de menores o incapacitados;2024;10
Málaga;3.3.-Corrupción de menores o incapacitados;2023;8
Málaga;3.3.-Corrupción de menores o incapacitados;2022;9
Málaga;3.3.-Corrupción de menores o incapacitados;2021;13
Málaga;3.3.-Corrupción de menores o incapacitados;2020;15
Málaga;3.3.-Corrupción de menores o incapacitados;2019;16
Málaga;3.3.-Corrupción de menores o incapacitados;2018;10
Málaga;3.4.-Pornografía de menores;2024;23
Málaga;3.4.-Pornografía de menores;2023;29
Málaga;3.4.-Pornografía de menores;2022;15
Málaga;3.4.-Pornografía de menores;2021;24
Málaga;3.4.-Pornografía de menores;2020;22
Málaga;3.4.-Pornografía de menores;2019;21
Málaga;3.4.-Pornografía de menores;2018;33
Málaga;3.5.-Otros contra la libertad sexual;2024;102
Málaga;3.5.-Otros contra la libertad sexual;2023;117
Málaga;3.5.-Otros contra la libertad sexual;2022;77
Málaga;3.5.-Otros contra la libertad sexual;2021;64
Málaga;3.5.-Otros contra la libertad sexual;2020;49
Málaga;3.5.-Otros contra la libertad sexual;2019;81
Málaga;3.5.-Otros contra la libertad sexual;2018;72
Málaga;4. RELACIONES FAMILIARES;2024;349
Málaga;4. RELACIONES FAMILIARES;2023;402
Málaga;4. RELACIONES FAMILIARES;2022;330
Málaga;4. RELACIONES FAMILIARES;2021;343
Málaga;4. RELACIONES FAMILIARES;2020;324
Málaga;4. RELACIONES FAMILIARES;2019;277
Málaga;4. RELACIONES FAMILIARES;2018;261
Málaga;5. PATRIMONIO;2024;17.655
Málaga;5. PATRIMONIO;2023;16.977
Málaga;5. PATRIMONIO;2022;14.670
Málaga;5. PATRIMONIO;2021;12.488
Málaga;5. PATRIMONIO;2020;10.923
Málaga;5. PATRIMONIO;2019;12.922
Málaga;5. PATRIMONIO;2018;12.383
Málaga;5.1.-Hurtos;2024;6.748
Málaga;5.1.-Hurtos;2023;6.410
Málaga;5.1.-Hurtos;2022;5.309
Málaga;5.1.-Hurtos;2021;3.971
Málaga;5.1.-Hurtos;2020;3.432
Málaga;5.1.-Hurtos;2019;4.819
Málaga;5.1.-Hurtos;2018;4.650
Málaga;5.2.-Robos con fuerza en las cosas;2024;1.626
Málaga;5.2.-Robos con fuerza en las cosas;2023;1.831
Málaga;5.2.-Robos con fuerza en las cosas;2022;1.704
Málaga;5.2.-Robos con fuerza en las cosas;2021;1.622
Málaga;5.2.-Robos con fuerza en las cosas;2020;1.389
Málaga;5.2.-Robos con fuerza en las cosas;2019;1.530
Málaga;5.2.-Robos con fuerza en las cosas;2018;1.605
Málaga;5.2.1.-Robos con fuerza en las cosas en el interior de vehículos;2024;384
Málaga;5.2.1.-Robos con fuerza en las cosas en el interior de vehículos;2023;438
Málaga;5.2.1.-Robos con fuerza en las cosas en el interior de vehículos;2022;468
Málaga;5.2.1.-Robos con fuerza en las cosas en el interior de vehículos;2021;463
Málaga;5.2.1.-Robos con fuerza en las cosas en el interior de vehículos;2020;263
Málaga;5.2.1.-Robos con fuerza en las cosas en el interior de vehículos;2019;333
Málaga;5.2.1.-Robos con fuerza en las cosas en el interior de vehículos;2018;398
Málaga;5.2.2.-Robos con fuerza en viviendas;2024;607
Málaga;5.2.2.-Robos con fuerza en viviendas;2023;667
Málaga;5.2.2.-Robos con fuerza en viviendas;2022;612
Málaga;5.2.2.-Robos con fuerza en viviendas;2021;567
Málaga;5.2.2.-Robos con fuerza en viviendas;2020;502
Málaga;5.2.2.-Robos con fuerza en viviendas;2019;589
Málaga;5.2.2.-Robos con fuerza en viviendas;2018;600
Málaga;5.2.3.-Robos con fuerza en establecimientos;2024;407
Málaga;5.2.3.-Robos con fuerza en establecimientos;2023;516
Málaga;5.2.3.-Robos con fuerza en establecimientos;2022;444
Málaga;5.2.3.-Robos con fuerza en establecimientos;2021;372
Málaga;5.2.3.-Robos con fuerza en establecimientos;2020;399
Málaga;5.2.3.-Robos con fuerza en establecimientos;2019;386
Málaga;5.2.3.-Robos con fuerza en establecimientos;2018;398
Málaga;5.3.-Robos con violencia o intimidación;2024;841
Málaga;5.3.-Robos con violencia o intimidación;2023;899
Málaga;5.3.-Robos con violencia o intimidación;2022;767
Málaga;5.3.-Robos con violencia o intimidación;2021;661
Málaga;5.3.-Robos con violencia o intimidación;2020;528
Málaga;5.3.-Robos con violencia o intimidación;2019;747
Málaga;5.3.-Robos con violencia o intimidación;2018;609
Málaga;5.3.1.-Robos con violencia en vía pública;2024;453
Málaga;5.3.1.-Robos con violencia en vía pública;2023;477
Málaga;5.3.1.-Robos con violencia en vía pública;2022;478
Málaga;5.3.1.-Robos con violencia en vía pública;2021;393
Málaga;5.3.1.-Robos con violencia en vía pública;2020;290
Málaga;5.3.1.-Robos con violencia en vía pública;2019;440
Málaga;5.3.1.-Robos con violencia en vía pública;2018;326
Málaga;5.3.2.-Robos con violencia en viviendas;2024;75
Málaga;5.3.2.-Robos con violencia en viviendas;2023;90
Málaga;5.3.2.-Robos con violencia en viviendas;2022;81
Málaga;5.3.2.-Robos con violencia en viviendas;2021;75
Málaga;5.3.2.-Robos con violencia en viviendas;2020;61
Málaga;5.3.2.-Robos con violencia en viviendas;2019;62
Málaga;5.3.2.-Robos con violencia en viviendas;2018;71
Málaga;5.3.3.-Robos con violencia en establecimientos;2024;240
Málaga;5.3.3.-Robos con violencia en establecimientos;2023;233
Málaga;5.3.3.-Robos con violencia en establecimientos;2022;140
Málaga;5.3.3.-Robos con violencia en establecimientos;2021;143
Málaga;5.3.3.-Robos con violencia en establecimientos;2020;131
Málaga;5.3.3.-Robos con violencia en establecimientos;2019;181
Málaga;5.3.3.-Robos con violencia en establecimientos;2018;149
Málaga;5.4.-Sustracción de vehículos;2024;819
Málaga;5.4.-Sustracción de vehículos;2023;691
Málaga;5.4.-Sustracción de vehículos;2022;642
Málaga;5.4.-Sustracción de vehículos;2021;580
Málaga;5.4.-Sustracción de vehículos;2020;485
Málaga;5.4.-Sustracción de vehículos;2019;586
Málaga;5.4.-Sustracción de vehículos;2018;532
Málaga;5.5.-Estafas;2024;4.425
Málaga;5.5.-Estafas;2023;4.199
Málaga;5.5.-Estafas;2022;3.515
Málaga;5.5.-Estafas;2021;3.062
Málaga;5.5.-Estafas;2020;2.819
Málaga;5.5.-Estafas;2019;2.701
Málaga;5.5.-Estafas;2018;2.459
Málaga;5.5.1.-Estafas informáticas;2024;2.705
Málaga;5.5.1.-Estafas informáticas;2023;2.627
Málaga;5.5.1.-Estafas informáticas;2022;1.792
Málaga;5.5.1.-Estafas informáticas;2021;1.516
Málaga;5.5.1.-Estafas informáticas;2020;1.467
Málaga;5.5.1.-Estafas informáticas;2019;958
Málaga;5.5.1.-Estafas informáticas;2018;568
Málaga;5.6.-Daños;2024;1.663
Málaga;5.6.-Daños;2023;1.590
Málaga;5.6.-Daños;2022;1.470
Málaga;5.6.-Daños;2021;1.457
Málaga;5.6.-Daños;2020;1.155
Málaga;5.6.-Daños;2019;1.301
Málaga;5.6.-Daños;2018;1.145
Málaga;5.7.-Contra la propiedad intelectual/industrial;2024;221
Málaga;5.7.-Contra la propiedad intelectual/industrial;2023;190
Málaga;5.7.-Contra la propiedad intelectual/industrial;2022;63
Málaga;5.7.-Contra la propiedad intelectual/industrial;2021;88
Málaga;5.7.-Contra la propiedad intelectual/industrial;2020;134
Málaga;5.7.-Contra la propiedad intelectual/industrial;2019;237
Málaga;5.7.-Contra la propiedad intelectual/industrial;2018;302
Málaga;5.8.-Blanqueo de capitales;2024;32
Málaga;5.8.-Blanqueo de capitales;2023;25
Málaga;5.8.-Blanqueo de capitales;2022;32
Málaga;5.8.-Blanqueo de capitales;2021;27
Málaga;5.8.-Blanqueo de capitales;2020;22
Málaga;5.8.-Blanqueo de capitales;2019;23
Málaga;5.8.-Blanqueo de capitales;2018;27
Málaga;5.9.-Otros contra el patrimonio;2024;1.280
Málaga;5.9.-Otros contra el patrimonio;2023;1.142
Málaga;5.9.-Otros contra el patrimonio;2022;1.168
Málaga;5.9.-Otros contra el patrimonio;2021;1.020
Málaga;5.9.-Otros contra el patrimonio;2020;959
Málaga;5.9.-Otros contra el patrimonio;2019;978
Málaga;5.9.-Otros contra el patrimonio;2018;1.054
Málaga;6. SEGURIDAD COLECTIVA;2024;3.089
Málaga;6. SEGURIDAD COLECTIVA;2023;3.252
Málaga;6. SEGURIDAD COLECTIVA;2022;3.102
Málaga;6. SEGURIDAD COLECTIVA;2021;2.984
Málaga;6. SEGURIDAD COLECTIVA;2020;2.671
Málaga;6. SEGURIDAD COLECTIVA;2019;2.900
Málaga;6. SEGURIDAD COLECTIVA;2018;2.714
Málaga;6.1.-Tráfico de drogas;2024;965
Málaga;6.1.-Tráfico de drogas;2023;1.124
Málaga;6.1.-Tráfico de drogas;2022;1.019
Málaga;6.1.-Tráfico de drogas;2021;964
Málaga;6.1.-Tráfico de drogas;2020;956
Málaga;6.1.-Tráfico de drogas;2019;931
Málaga;6.1.-Tráfico de drogas;2018;886
Málaga;6.2.-Contra la seguridad vial;2024;1.983
Málaga;6.2.-Contra la seguridad vial;2023;2.048
Málaga;6.2.-Contra la seguridad vial;2022;1.998
Málaga;6.2.-Contra la seguridad vial;2021;1.954
Málaga;6.2.-Contra la seguridad vial;2020;1.642
Málaga;6.2.-Contra la seguridad vial;2019;1.918
Málaga;6.2.-Contra la seguridad vial;2018;1.793
Málaga;6.3.-Otros contra la seguridad colectiva;2024;141
Málaga;6.3.-Otros contra la seguridad colectiva;2023;80
Málaga;6.3.-Otros contra la seguridad colectiva;2022;85
Málaga;6.3.-Otros contra la seguridad colectiva;2021;66
Málaga;6.3.-Otros contra la seguridad colectiva;2020;73
Málaga;6.3.-Otros contra la seguridad colectiva;2019;51
Málaga;6.3.-Otros contra la seguridad colectiva;2018;35
Málaga;7. FALSEDADES;2024;925
Málaga;7. FALSEDADES;2023;942
Málaga;7. FALSEDADES;2022;869
Málaga;7. FALSEDADES;2021;871
Málaga;7. FALSEDADES;2020;653
Málaga;7. FALSEDADES;2019;674
Málaga;7. FALSEDADES;2018;695
Málaga;8. ADMÓN. PÚBLICA;2024;7
Málaga;8. ADMÓN. PÚBLICA;2023;10
Málaga;8. ADMÓN. PÚBLICA;2022;20
Málaga;8. ADMÓN. PÚBLICA;2021;10
Málaga;8. ADMÓN. PÚBLICA;2020;6
Málaga;8. ADMÓN. PÚBLICA;2019;11
Málaga;8. ADMÓN. PÚBLICA;2018;15
Málaga;9. ADMÓN. JUSTICIA;2024;1.728
Málaga;9. ADMÓN. JUSTICIA;2023;1.817
Málaga;9. ADMÓN. JUSTICIA;2022;1.612
Málaga;9. ADMÓN. JUSTICIA;2021;1.370
Málaga;9. ADMÓN. JUSTICIA;2020;1.394
Málaga;9. ADMÓN. JUSTICIA;2019;1.362
Málaga;9. ADMÓN. JUSTICIA;2018;1.335
Málaga;10. ORDEN PÚBLICO;2024;1.295
Málaga;10. ORDEN PÚBLICO;2023;1.351
Málaga;10. ORDEN PÚBLICO;2022;1.227
Málaga;10. ORDEN PÚBLICO;2021;1.183
Málaga;10. ORDEN PÚBLICO;2020;1.210
Málaga;10. ORDEN PÚBLICO;2019;953
Málaga;10. ORDEN PÚBLICO;2018;874
Málaga;11. LEGISLACIÓN ESPECIAL;2024;12
Málaga;11. LEGISLACIÓN ESPECIAL;2023;15
Málaga;11. LEGISLACIÓN ESPECIAL;2022;9
Málaga;11. LEGISLACIÓN ESPECIAL;2021;11
Málaga;11. LEGISLACIÓN ESPECIAL;2020;24
Málaga;11. LEGISLACIÓN ESPECIAL;2019;18
Málaga;11. LEGISLACIÓN ESPECIAL;2018;5
Málaga;12. OTRAS INFRACCIONES PENALES;2024;364
Málaga;12. OTRAS INFRACCIONES PENALES;2023;380
Málaga;12. OTRAS INFRACCIONES PENALES;2022;310
Málaga;12. OTRAS INFRACCIONES PENALES;2021;310
Málaga;12. OTRAS INFRACCIONES PENALES;2020;291
Málaga;12. OTRAS INFRACCIONES PENALES;2019;289
Málaga;12. OTRAS INFRACCIONES PENALES;2018;271
Málaga;TOTAL INFRACCIONES PENALES;2024;42.132
Málaga;TOTAL INFRACCIONES PENALES;2023;41.331
Málaga;TOTAL INFRACCIONES PENALES;2022;36.288
Málaga;TOTAL INFRACCIONES PENALES;2021;32.230
Málaga;TOTAL INFRACCIONES PENALES;2020;28.965
Málaga;TOTAL INFRACCIONES PENALES;2019;31.479
Málaga;TOTAL INFRACCIONES PENALES;2018;30.100
Murcia;1. CONTRA LAS PERSONAS;2024;7.869
Murcia;1. CONTRA LAS PERSONAS;2023;7.748
Murcia;1. CONTRA LAS PERSONAS;2022;6.775
Murcia;1. CONTRA LAS PERSONAS;2021;5.995
Murcia;1. CONTRA LAS PERSONAS;2020;5.135
Murcia;1. CONTRA LAS PERSONAS;2019;5.659
Murcia;1. CONTRA LAS PERSONAS;2018;5.459
Murcia;1.1.-Homicidios dolosos/asesinatos;2024;75
Murcia;1.1.-Homicidios dolosos/asesinatos;2023;78
Murcia;1.1.-Homicidios dolosos/asesinatos;2022;58
Murcia;1.1.-Homicidios dolosos/asesinatos;2021;54
Murcia;1.1.-Homicidios dolosos/asesinatos;2020;49
Murcia;1.1.-Homicidios dolosos/asesinatos;2019;38
Murcia;1.1.-Homicidios dolosos/asesinatos;2018;36
Murcia;1.1.1.-Homicidios dolosos/asesinatos consumados;2024;10
Murcia;1.1.1.-Homicidios dolosos/asesinatos consumados;2023;15
Murcia;1.1.1.-Homicidios dolosos/asesinatos consumados;2022;8
Murcia;1.1.1.-Homicidios dolosos/asesinatos consumados;2021;11
Murcia;1.1.1.-Homicidios dolosos/asesinatos consumados;2020;11
Murcia;1.1.1.-Homicidios dolosos/asesinatos consumados;2019;13
Murcia;1.1.1.-Homicidios dolosos/asesinatos consumados;2018;10
Murcia;1.2.-Lesiones;2024;3.811
Murcia;1.2.-Lesiones;2023;3.517
Murcia;1.2.-Lesiones;2022;3.310
Murcia;1.2.-Lesiones;2021;2.813
Murcia;1.2.-Lesiones;2020;2.480
Murcia;1.2.-Lesiones;2019;2.847
Murcia;1.2.-Lesiones;2018;2.762
Murcia;1.3.-Malos tratos ámbito familiar;2024;3.786
Murcia;1.3.-Malos tratos ámbito familiar;2023;4.008
Murcia;1.3.-Malos tratos ámbito familiar;2022;3.309
Murcia;1.3.-Malos tratos ámbito familiar;2021;3.056
Murcia;1.3.-Malos tratos ámbito familiar;2020;2.538
Murcia;1.3.-Malos tratos ámbito familiar;2019;2.709
Murcia;1.3.-Malos tratos ámbito familiar;2018;2.607
Murcia;1.4.-Otros contra las personas;2024;197
Murcia;1.4.-Otros contra las personas;2023;145
Murcia;1.4.-Otros contra las personas;2022;98
Murcia;1.4.-Otros contra las personas;2021;72
Murcia;1.4.-Otros contra las personas;2020;68
Murcia;1.4.-Otros contra las personas;2019;65
Murcia;1.4.-Otros contra las personas;2018;54
Murcia;2. CONTRA LA LIBERTAD;2024;4.726
Murcia;2. CONTRA LA LIBERTAD;2023;4.422
Murcia;2. CONTRA LA LIBERTAD;2022;3.903
Murcia;2. CONTRA LA LIBERTAD;2021;3.568
Murcia;2. CONTRA LA LIBERTAD;2020;3.346
Murcia;2. CONTRA LA LIBERTAD;2019;3.240
Murcia;2. CONTRA LA LIBERTAD;2018;2.931
Murcia;2.1.-Malos tratos habituales en el ámbito familiar;2024;335
Murcia;2.1.-Malos tratos habituales en el ámbito familiar;2023;388
Murcia;2.1.-Malos tratos habituales en el ámbito familiar;2022;345
Murcia;2.1.-Malos tratos habituales en el ámbito familiar;2021;357
Murcia;2.1.-Malos tratos habituales en el ámbito familiar;2020;380
Murcia;2.1.-Malos tratos habituales en el ámbito familiar;2019;370
Murcia;2.1.-Malos tratos habituales en el ámbito familiar;2018;342
Murcia;2.2.-Otros contra la libertad;2024;4.391
Murcia;2.2.-Otros contra la libertad;2023;4.034
Murcia;2.2.-Otros contra la libertad;2022;3.558
Murcia;2.2.-Otros contra la libertad;2021;3.211
Murcia;2.2.-Otros contra la libertad;2020;2.966
Murcia;2.2.-Otros contra la libertad;2019;2.870
Murcia;2.2.-Otros contra la libertad;2018;2.589
Murcia;3. LIBERTAD SEXUAL;2024;777
Murcia;3. LIBERTAD SEXUAL;2023;626
Murcia;3. LIBERTAD SEXUAL;2022;522
Murcia;3. LIBERTAD SEXUAL;2021;545
Murcia;3. LIBERTAD SEXUAL;2020;423
Murcia;3. LIBERTAD SEXUAL;2019;456
Murcia;3. LIBERTAD SEXUAL;2018;406
Murcia;3.1.-Agresión sexual;2024;488
Murcia;3.1.-Agresión sexual;2023;417
Murcia;3.1.-Agresión sexual;2022;358
Murcia;3.1.-Agresión sexual;2021;359
Murcia;3.1.-Agresión sexual;2020;263
Murcia;3.1.-Agresión sexual;2019;293
Murcia;3.1.-Agresión sexual;2018;270
Murcia;3.2.-Agresión sexual con penetración;2024;119
Murcia;3.2.-Agresión sexual con penetración;2023;107
Murcia;3.2.-Agresión sexual con penetración;2022;83
Murcia;3.2.-Agresión sexual con penetración;2021;100
Murcia;3.2.-Agresión sexual con penetración;2020;89
Murcia;3.2.-Agresión sexual con penetración;2019;68
Murcia;3.2.-Agresión sexual con penetración;2018;62
Murcia;3.3.-Corrupción de menores o incapacitados;2024;84
Murcia;3.3.-Corrupción de menores o incapacitados;2023;17
Murcia;3.3.-Corrupción de menores o incapacitados;2022;9
Murcia;3.3.-Corrupción de menores o incapacitados;2021;11
Murcia;3.3.-Corrupción de menores o incapacitados;2020;6
Murcia;3.3.-Corrupción de menores o incapacitados;2019;14
Murcia;3.3.-Corrupción de menores o incapacitados;2018;11
Murcia;3.4.-Pornografía de menores;2024;27
Murcia;3.4.-Pornografía de menores;2023;24
Murcia;3.4.-Pornografía de menores;2022;15
Murcia;3.4.-Pornografía de menores;2021;20
Murcia;3.4.-Pornografía de menores;2020;15
Murcia;3.4.-Pornografía de menores;2019;21
Murcia;3.4.-Pornografía de menores;2018;14
Murcia;3.5.-Otros contra la libertad sexual;2024;59
Murcia;3.5.-Otros contra la libertad sexual;2023;61
Murcia;3.5.-Otros contra la libertad sexual;2022;57
Murcia;3.5.-Otros contra la libertad sexual;2021;55
Murcia;3.5.-Otros contra la libertad sexual;2020;50
Murcia;3.5.-Otros contra la libertad sexual;2019;60
Murcia;3.5.-Otros contra la libertad sexual;2018;49
Murcia;4. RELACIONES FAMILIARES;2024;656
Murcia;4. RELACIONES FAMILIARES;2023;649
Murcia;4. RELACIONES FAMILIARES;2022;598
Murcia;4. RELACIONES FAMILIARES;2021;621
Murcia;4. RELACIONES FAMILIARES;2020;551
Murcia;4. RELACIONES FAMILIARES;2019;558
Murcia;4. RELACIONES FAMILIARES;2018;594
Murcia;5. PATRIMONIO;2024;13.147
Murcia;5. PATRIMONIO;2023;11.473
Murcia;5. PATRIMONIO;2022;10.554
Murcia;5. PATRIMONIO;2021;8.778
Murcia;5. PATRIMONIO;2020;7.572
Murcia;5. PATRIMONIO;2019;8.466
Murcia;5. PATRIMONIO;2018;8.602
Murcia;5.1.-Hurtos;2024;4.030
Murcia;5.1.-Hurtos;2023;3.603
Murcia;5.1.-Hurtos;2022;3.052
Murcia;5.1.-Hurtos;2021;2.431
Murcia;5.1.-Hurtos;2020;2.018
Murcia;5.1.-Hurtos;2019;2.841
Murcia;5.1.-Hurtos;2018;2.878
Murcia;5.2.-Robos con fuerza en las cosas;2024;2.009
Murcia;5.2.-Robos con fuerza en las cosas;2023;1.875
Murcia;5.2.-Robos con fuerza en las cosas;2022;1.823
Murcia;5.2.-Robos con fuerza en las cosas;2021;1.530
Murcia;5.2.-Robos con fuerza en las cosas;2020;1.369
Murcia;5.2.-Robos con fuerza en las cosas;2019;1.559
Murcia;5.2.-Robos con fuerza en las cosas;2018;2.022
Murcia;5.2.1.-Robos con fuerza en las cosas en el interior de vehículos;2024;545
Murcia;5.2.1.-Robos con fuerza en las cosas en el interior de vehículos;2023;506
Murcia;5.2.1.-Robos con fuerza en las cosas en el interior de vehículos;2022;403
Murcia;5.2.1.-Robos con fuerza en las cosas en el interior de vehículos;2021;439
Murcia;5.2.1.-Robos con fuerza en las cosas en el interior de vehículos;2020;318
Murcia;5.2.1.-Robos con fuerza en las cosas en el interior de vehículos;2019;332
Murcia;5.2.1.-Robos con fuerza en las cosas en el interior de vehículos;2018;355
Murcia;5.2.2.-Robos con fuerza en viviendas;2024;724
Murcia;5.2.2.-Robos con fuerza en viviendas;2023;590
Murcia;5.2.2.-Robos con fuerza en viviendas;2022;676
Murcia;5.2.2.-Robos con fuerza en viviendas;2021;564
Murcia;5.2.2.-Robos con fuerza en viviendas;2020;577
Murcia;5.2.2.-Robos con fuerza en viviendas;2019;655
Murcia;5.2.2.-Robos con fuerza en viviendas;2018;1.121
Murcia;5.2.3.-Robos con fuerza en establecimientos;2024;396
Murcia;5.2.3.-Robos con fuerza en establecimientos;2023;429
Murcia;5.2.3.-Robos con fuerza en establecimientos;2022;366
Murcia;5.2.3.-Robos con fuerza en establecimientos;2021;284
Murcia;5.2.3.-Robos con fuerza en establecimientos;2020;230
Murcia;5.2.3.-Robos con fuerza en establecimientos;2019;262
Murcia;5.2.3.-Robos con fuerza en establecimientos;2018;229
Murcia;5.3.-Robos con violencia o intimidación;2024;1.020
Murcia;5.3.-Robos con violencia o intimidación;2023;899
Murcia;5.3.-Robos con violencia o intimidación;2022;849
Murcia;5.3.-Robos con violencia o intimidación;2021;586
Murcia;5.3.-Robos con violencia o intimidación;2020;499
Murcia;5.3.-Robos con violencia o intimidación;2019;640
Murcia;5.3.-Robos con violencia o intimidación;2018;508
Murcia;5.3.1.-Robos con violencia en vía pública;2024;565
Murcia;5.3.1.-Robos con violencia en vía pública;2023;487
Murcia;5.3.1.-Robos con violencia en vía pública;2022;431
Murcia;5.3.1.-Robos con violencia en vía pública;2021;317
Murcia;5.3.1.-Robos con violencia en vía pública;2020;275
Murcia;5.3.1.-Robos con violencia en vía pública;2019;287
Murcia;5.3.1.-Robos con violencia en vía pública;2018;310
Murcia;5.3.2.-Robos con violencia en viviendas;2024;83
Murcia;5.3.2.-Robos con violencia en viviendas;2023;65
Murcia;5.3.2.-Robos con violencia en viviendas;2022;78
Murcia;5.3.2.-Robos con violencia en viviendas;2021;51
Murcia;5.3.2.-Robos con violencia en viviendas;2020;60
Murcia;5.3.2.-Robos con violencia en viviendas;2019;71
Murcia;5.3.2.-Robos con violencia en viviendas;2018;46
Murcia;5.3.3.-Robos con violencia en establecimientos;2024;263
Murcia;5.3.3.-Robos con violencia en establecimientos;2023;245
Murcia;5.3.3.-Robos con violencia en establecimientos;2022;234
Murcia;5.3.3.-Robos con violencia en establecimientos;2021;140
Murcia;5.3.3.-Robos con violencia en establecimientos;2020;112
Murcia;5.3.3.-Robos con violencia en establecimientos;2019;191
Murcia;5.3.3.-Robos con violencia en establecimientos;2018;99
Murcia;5.4.-Sustracción de vehículos;2024;343
Murcia;5.4.-Sustracción de vehículos;2023;332
Murcia;5.4.-Sustracción de vehículos;2022;304
Murcia;5.4.-Sustracción de vehículos;2021;224
Murcia;5.4.-Sustracción de vehículos;2020;240
Murcia;5.4.-Sustracción de vehículos;2019;330
Murcia;5.4.-Sustracción de vehículos;2018;291
Murcia;5.5.-Estafas;2024;3.361
Murcia;5.5.-Estafas;2023;2.679
Murcia;5.5.-Estafas;2022;2.455
Murcia;5.5.-Estafas;2021;1.996
Murcia;5.5.-Estafas;2020;1.620
Murcia;5.5.-Estafas;2019;1.427
Murcia;5.5.-Estafas;2018;1.341
Murcia;5.5.1.-Estafas informáticas;2024;2.338
Murcia;5.5.1.-Estafas informáticas;2023;1.842
Murcia;5.5.1.-Estafas informáticas;2022;1.479
Murcia;5.5.1.-Estafas informáticas;2021;1.094
Murcia;5.5.1.-Estafas informáticas;2020;757
Murcia;5.5.1.-Estafas informáticas;2019;472
Murcia;5.5.1.-Estafas informáticas;2018;400
Murcia;5.6.-Daños;2024;1.177
Murcia;5.6.-Daños;2023;1.029
Murcia;5.6.-Daños;2022;1.031
Murcia;5.6.-Daños;2021;957
Murcia;5.6.-Daños;2020;913
Murcia;5.6.-Daños;2019;809
Murcia;5.6.-Daños;2018;815
Murcia;5.7.-Contra la propiedad intelectual/industrial;2024;33
Murcia;5.7.-Contra la propiedad intelectual/industrial;2023;37
Murcia;5.7.-Contra la propiedad intelectual/industrial;2022;39
Murcia;5.7.-Contra la propiedad intelectual/industrial;2021;42
Murcia;5.7.-Contra la propiedad intelectual/industrial;2020;47
Murcia;5.7.-Contra la propiedad intelectual/industrial;2019;39
Murcia;5.7.-Contra la propiedad intelectual/industrial;2018;49
Murcia;5.8.-Blanqueo de capitales;2024;12
Murcia;5.8.-Blanqueo de capitales;2023;12
Murcia;5.8.-Blanqueo de capitales;2022;9
Murcia;5.8.-Blanqueo de capitales;2021;16
Murcia;5.8.-Blanqueo de capitales;2020;13
Murcia;5.8.-Blanqueo de capitales;2019;8
Murcia;5.8.-Blanqueo de capitales;2018;4
Murcia;5.9.-Otros contra el patrimonio;2024;1.162
Murcia;5.9.-Otros contra el patrimonio;2023;1.007
Murcia;5.9.-Otros contra el patrimonio;2022;992
Murcia;5.9.-Otros contra el patrimonio;2021;996
Murcia;5.9.-Otros contra el patrimonio;2020;853
Murcia;5.9.-Otros contra el patrimonio;2019;813
Murcia;5.9.-Otros contra el patrimonio;2018;694
Murcia;6. SEGURIDAD COLECTIVA;2024;1.770
Murcia;6. SEGURIDAD COLECTIVA;2023;1.659
Murcia;6. SEGURIDAD COLECTIVA;2022;1.690
Murcia;6. SEGURIDAD COLECTIVA;2021;1.437
Murcia;6. SEGURIDAD COLECTIVA;2020;1.262
Murcia;6. SEGURIDAD COLECTIVA;2019;1.612
Murcia;6. SEGURIDAD COLECTIVA;2018;1.469
Murcia;6.1.-Tráfico de drogas;2024;542
Murcia;6.1.-Tráfico de drogas;2023;569
Murcia;6.1.-Tráfico de drogas;2022;478
Murcia;6.1.-Tráfico de drogas;2021;473
Murcia;6.1.-Tráfico de drogas;2020;368
Murcia;6.1.-Tráfico de drogas;2019;341
Murcia;6.1.-Tráfico de drogas;2018;281
Murcia;6.2.-Contra la seguridad vial;2024;1.161
Murcia;6.2.-Contra la seguridad vial;2023;1.034
Murcia;6.2.-Contra la seguridad vial;2022;1.158
Murcia;6.2.-Contra la seguridad vial;2021;923
Murcia;6.2.-Contra la seguridad vial;2020;855
Murcia;6.2.-Contra la seguridad vial;2019;1.223
Murcia;6.2.-Contra la seguridad vial;2018;1.132
Murcia;6.3.-Otros contra la seguridad colectiva;2024;67
Murcia;6.3.-Otros contra la seguridad colectiva;2023;56
Murcia;6.3.-Otros contra la seguridad colectiva;2022;54
Murcia;6.3.-Otros contra la seguridad colectiva;2021;41
Murcia;6.3.-Otros contra la seguridad colectiva;2020;39
Murcia;6.3.-Otros contra la seguridad colectiva;2019;48
Murcia;6.3.-Otros contra la seguridad colectiva;2018;56
Murcia;7. FALSEDADES;2024;741
Murcia;7. FALSEDADES;2023;655
Murcia;7. FALSEDADES;2022;593
Murcia;7. FALSEDADES;2021;651
Murcia;7. FALSEDADES;2020;437
Murcia;7. FALSEDADES;2019;444
Murcia;7. FALSEDADES;2018;468
Murcia;8. ADMÓN. PÚBLICA;2024;19
Murcia;8. ADMÓN. PÚBLICA;2023;15
Murcia;8. ADMÓN. PÚBLICA;2022;8
Murcia;8. ADMÓN. PÚBLICA;2021;26
Murcia;8. ADMÓN. PÚBLICA;2020;23
Murcia;8. ADMÓN. PÚBLICA;2019;14
Murcia;8. ADMÓN. PÚBLICA;2018;10
Murcia;9. ADMÓN. JUSTICIA;2024;1.879
Murcia;9. ADMÓN. JUSTICIA;2023;1.789
Murcia;9. ADMÓN. JUSTICIA;2022;1.634
Murcia;9. ADMÓN. JUSTICIA;2021;1.257
Murcia;9. ADMÓN. JUSTICIA;2020;1.163
Murcia;9. ADMÓN. JUSTICIA;2019;1.057
Murcia;9. ADMÓN. JUSTICIA;2018;1.016
Murcia;10. ORDEN PÚBLICO;2024;1.143
Murcia;10. ORDEN PÚBLICO;2023;1.024
Murcia;10. ORDEN PÚBLICO;2022;869
Murcia;10. ORDEN PÚBLICO;2021;806
Murcia;10. ORDEN PÚBLICO;2020;891
Murcia;10. ORDEN PÚBLICO;2019;553
Murcia;10. ORDEN PÚBLICO;2018;564
Murcia;11. LEGISLACIÓN ESPECIAL;2024;6
Murcia;11. LEGISLACIÓN ESPECIAL;2023;16
Murcia;11. LEGISLACIÓN ESPECIAL;2022;14
Murcia;11. LEGISLACIÓN ESPECIAL;2021;10
Murcia;11. LEGISLACIÓN ESPECIAL;2020;13
Murcia;11. LEGISLACIÓN ESPECIAL;2019;1
Murcia;11. LEGISLACIÓN ESPECIAL;2018;2
Murcia;12. OTRAS INFRACCIONES PENALES;2024;380
Murcia;12. OTRAS INFRACCIONES PENALES;2023;438
Murcia;12. OTRAS INFRACCIONES PENALES;2022;384
Murcia;12. OTRAS INFRACCIONES PENALES;2021;484
Murcia;12. OTRAS INFRACCIONES PENALES;2020;364
Murcia;12. OTRAS INFRACCIONES PENALES;2019;302
Murcia;12. OTRAS INFRACCIONES PENALES;2018;258
Murcia;TOTAL INFRACCIONES PENALES;2024;33.113
Murcia;TOTAL INFRACCIONES PENALES;2023;30.514
Murcia;TOTAL INFRACCIONES PENALES;2022;27.544
Murcia;TOTAL INFRACCIONES PENALES;2021;24.178
Murcia;TOTAL INFRACCIONES PENALES;2020;21.180
Murcia;TOTAL INFRACCIONES PENALES;2019;22.362
Murcia;TOTAL INFRACCIONES PENALES;2018;21.779
Navarra;1. CONTRA LAS PERSONAS;2024;2.519
Navarra;1. CONTRA LAS PERSONAS;2023;2.505
Navarra;1. CONTRA LAS PERSONAS;2022;2.591
Navarra;1. CONTRA LAS PERSONAS;2021;2.085
Navarra;1. CONTRA LAS PERSONAS;2020;1.807
Navarra;1. CONTRA LAS PERSONAS;2019;2.239
Navarra;1. CONTRA LAS PERSONAS;2018;2.140
Navarra;1.1.-Homicidios dolosos/asesinatos;2024;25
Navarra;1.1.-Homicidios dolosos/asesinatos;2023;38
Navarra;1.1.-Homicidios dolosos/asesinatos;2022;29
Navarra;1.1.-Homicidios dolosos/asesinatos;2021;18
Navarra;1.1.-Homicidios dolosos/asesinatos;2020;17
Navarra;1.1.-Homicidios dolosos/asesinatos;2019;17
Navarra;1.1.-Homicidios dolosos/asesinatos;2018;25
Navarra;1.1.1.-Homicidios dolosos/asesinatos consumados;2024;4
Navarra;1.1.1.-Homicidios dolosos/asesinatos consumados;2023;8
Navarra;1.1.1.-Homicidios dolosos/asesinatos consumados;2022;3
Navarra;1.1.1.-Homicidios dolosos/asesinatos consumados;2021;1
Navarra;1.1.1.-Homicidios dolosos/asesinatos consumados;2020;1
Navarra;1.1.1.-Homicidios dolosos/asesinatos consumados;2019;6
Navarra;1.1.1.-Homicidios dolosos/asesinatos consumados;2018;11
Navarra;1.2.-Lesiones;2024;1.300
Navarra;1.2.-Lesiones;2023;1.311
Navarra;1.2.-Lesiones;2022;1.376
Navarra;1.2.-Lesiones;2021;1.101
Navarra;1.2.-Lesiones;2020;858
Navarra;1.2.-Lesiones;2019;1.211
Navarra;1.2.-Lesiones;2018;1.103
Navarra;1.3.-Malos tratos ámbito familiar;2024;1.132
Navarra;1.3.-Malos tratos ámbito familiar;2023;1.075
Navarra;1.3.-Malos tratos ámbito familiar;2022;1.084
Navarra;1.3.-Malos tratos ámbito familiar;2021;917
Navarra;1.3.-Malos tratos ámbito familiar;2020;902
Navarra;1.3.-Malos tratos ámbito familiar;2019;981
Navarra;1.3.-Malos tratos ámbito familiar;2018;980
Navarra;1.4.-Otros contra las personas;2024;62
Navarra;1.4.-Otros contra las personas;2023;81
Navarra;1.4.-Otros contra las personas;2022;102
Navarra;1.4.-Otros contra las personas;2021;49
Navarra;1.4.-Otros contra las personas;2020;30
Navarra;1.4.-Otros contra las personas;2019;30
Navarra;1.4.-Otros contra las personas;2018;32
Navarra;2. CONTRA LA LIBERTAD;2024;1.775
Navarra;2. CONTRA LA LIBERTAD;2023;1.754
Navarra;2. CONTRA LA LIBERTAD;2022;1.667
Navarra;2. CONTRA LA LIBERTAD;2021;1.387
Navarra;2. CONTRA LA LIBERTAD;2020;1.169
Navarra;2. CONTRA LA LIBERTAD;2019;1.254
Navarra;2. CONTRA LA LIBERTAD;2018;1.113
Navarra;2.1.-Malos tratos habituales en el ámbito familiar;2024;302
Navarra;2.1.-Malos tratos habituales en el ámbito familiar;2023;297
Navarra;2.1.-Malos tratos habituales en el ámbito familiar;2022;223
Navarra;2.1.-Malos tratos habituales en el ámbito familiar;2021;132
Navarra;2.1.-Malos tratos habituales en el ámbito familiar;2020;139
Navarra;2.1.-Malos tratos habituales en el ámbito familiar;2019;141
Navarra;2.1.-Malos tratos habituales en el ámbito familiar;2018;105
Navarra;2.2.-Otros contra la libertad;2024;1.473
Navarra;2.2.-Otros contra la libertad;2023;1.457
Navarra;2.2.-Otros contra la libertad;2022;1.444
Navarra;2.2.-Otros contra la libertad;2021;1.255
Navarra;2.2.-Otros contra la libertad;2020;1.030
Navarra;2.2.-Otros contra la libertad;2019;1.113
Navarra;2.2.-Otros contra la libertad;2018;1.008
Navarra;3. LIBERTAD SEXUAL;2024;387
Navarra;3. LIBERTAD SEXUAL;2023;349
Navarra;3. LIBERTAD SEXUAL;2022;283
Navarra;3. LIBERTAD SEXUAL;2021;208
Navarra;3. LIBERTAD SEXUAL;2020;175
Navarra;3. LIBERTAD SEXUAL;2019;166
Navarra;3. LIBERTAD SEXUAL;2018;209
Navarra;3.1.-Agresión sexual;2024;258
Navarra;3.1.-Agresión sexual;2023;213
Navarra;3.1.-Agresión sexual;2022;179
Navarra;3.1.-Agresión sexual;2021;118
Navarra;3.1.-Agresión sexual;2020;103
Navarra;3.1.-Agresión sexual;2019;99
Navarra;3.1.-Agresión sexual;2018;118
Navarra;3.2.-Agresión sexual con penetración;2024;64
Navarra;3.2.-Agresión sexual con penetración;2023;77
Navarra;3.2.-Agresión sexual con penetración;2022;71
Navarra;3.2.-Agresión sexual con penetración;2021;59
Navarra;3.2.-Agresión sexual con penetración;2020;31
Navarra;3.2.-Agresión sexual con penetración;2019;40
Navarra;3.2.-Agresión sexual con penetración;2018;53
Navarra;3.3.-Corrupción de menores o incapacitados;2024;2
Navarra;3.3.-Corrupción de menores o incapacitados;2023;11
Navarra;3.3.-Corrupción de menores o incapacitados;2022;11
Navarra;3.3.-Corrupción de menores o incapacitados;2021;11
Navarra;3.3.-Corrupción de menores o incapacitados;2020;8
Navarra;3.3.-Corrupción de menores o incapacitados;2019;4
Navarra;3.3.-Corrupción de menores o incapacitados;2018;6
Navarra;3.4.-Pornografía de menores;2024;12
Navarra;3.4.-Pornografía de menores;2023;15
Navarra;3.4.-Pornografía de menores;2022;4
Navarra;3.4.-Pornografía de menores;2021;4
Navarra;3.4.-Pornografía de menores;2020;7
Navarra;3.4.-Pornografía de menores;2019;6
Navarra;3.4.-Pornografía de menores;2018;6
Navarra;3.5.-Otros contra la libertad sexual;2024;51
Navarra;3.5.-Otros contra la libertad sexual;2023;33
Navarra;3.5.-Otros contra la libertad sexual;2022;18
Navarra;3.5.-Otros contra la libertad sexual;2021;16
Navarra;3.5.-Otros contra la libertad sexual;2020;26
Navarra;3.5.-Otros contra la libertad sexual;2019;17
Navarra;3.5.-Otros contra la libertad sexual;2018;26
Navarra;4. RELACIONES FAMILIARES;2024;81
Navarra;4. RELACIONES FAMILIARES;2023;76
Navarra;4. RELACIONES FAMILIARES;2022;83
Navarra;4. RELACIONES FAMILIARES;2021;89
Navarra;4. RELACIONES FAMILIARES;2020;75
Navarra;4. RELACIONES FAMILIARES;2019;65
Navarra;4. RELACIONES FAMILIARES;2018;63
Navarra;5. PATRIMONIO;2024;4.072
Navarra;5. PATRIMONIO;2023;3.772
Navarra;5. PATRIMONIO;2022;3.399
Navarra;5. PATRIMONIO;2021;2.968
Navarra;5. PATRIMONIO;2020;2.728
Navarra;5. PATRIMONIO;2019;2.997
Navarra;5. PATRIMONIO;2018;2.741
Navarra;5.1.-Hurtos;2024;1.601
Navarra;5.1.-Hurtos;2023;1.522
Navarra;5.1.-Hurtos;2022;1.199
Navarra;5.1.-Hurtos;2021;942
Navarra;5.1.-Hurtos;2020;768
Navarra;5.1.-Hurtos;2019;1.047
Navarra;5.1.-Hurtos;2018;974
Navarra;5.2.-Robos con fuerza en las cosas;2024;438
Navarra;5.2.-Robos con fuerza en las cosas;2023;353
Navarra;5.2.-Robos con fuerza en las cosas;2022;349
Navarra;5.2.-Robos con fuerza en las cosas;2021;265
Navarra;5.2.-Robos con fuerza en las cosas;2020;324
Navarra;5.2.-Robos con fuerza en las cosas;2019;459
Navarra;5.2.-Robos con fuerza en las cosas;2018;332
Navarra;5.2.1.-Robos con fuerza en las cosas en el interior de vehículos;2024;103
Navarra;5.2.1.-Robos con fuerza en las cosas en el interior de vehículos;2023;48
Navarra;5.2.1.-Robos con fuerza en las cosas en el interior de vehículos;2022;51
Navarra;5.2.1.-Robos con fuerza en las cosas en el interior de vehículos;2021;48
Navarra;5.2.1.-Robos con fuerza en las cosas en el interior de vehículos;2020;56
Navarra;5.2.1.-Robos con fuerza en las cosas en el interior de vehículos;2019;67
Navarra;5.2.1.-Robos con fuerza en las cosas en el interior de vehículos;2018;45
Navarra;5.2.2.-Robos con fuerza en viviendas;2024;136
Navarra;5.2.2.-Robos con fuerza en viviendas;2023;83
Navarra;5.2.2.-Robos con fuerza en viviendas;2022;97
Navarra;5.2.2.-Robos con fuerza en viviendas;2021;67
Navarra;5.2.2.-Robos con fuerza en viviendas;2020;80
Navarra;5.2.2.-Robos con fuerza en viviendas;2019;118
Navarra;5.2.2.-Robos con fuerza en viviendas;2018;109
Navarra;5.2.3.-Robos con fuerza en establecimientos;2024;46
Navarra;5.2.3.-Robos con fuerza en establecimientos;2023;100
Navarra;5.2.3.-Robos con fuerza en establecimientos;2022;85
Navarra;5.2.3.-Robos con fuerza en establecimientos;2021;66
Navarra;5.2.3.-Robos con fuerza en establecimientos;2020;105
Navarra;5.2.3.-Robos con fuerza en establecimientos;2019;131
Navarra;5.2.3.-Robos con fuerza en establecimientos;2018;87
Navarra;5.3.-Robos con violencia o intimidación;2024;158
Navarra;5.3.-Robos con violencia o intimidación;2023;183
Navarra;5.3.-Robos con violencia o intimidación;2022;177
Navarra;5.3.-Robos con violencia o intimidación;2021;136
Navarra;5.3.-Robos con violencia o intimidación;2020;102
Navarra;5.3.-Robos con violencia o intimidación;2019;98
Navarra;5.3.-Robos con violencia o intimidación;2018;69
Navarra;5.3.1.-Robos con violencia en vía pública;2024;79
Navarra;5.3.1.-Robos con violencia en vía pública;2023;124
Navarra;5.3.1.-Robos con violencia en vía pública;2022;119
Navarra;5.3.1.-Robos con violencia en vía pública;2021;86
Navarra;5.3.1.-Robos con violencia en vía pública;2020;62
Navarra;5.3.1.-Robos con violencia en vía pública;2019;51
Navarra;5.3.1.-Robos con violencia en vía pública;2018;38
Navarra;5.3.2.-Robos con violencia en viviendas;2024;18
Navarra;5.3.2.-Robos con violencia en viviendas;2023;12
Navarra;5.3.2.-Robos con violencia en viviendas;2022;14
Navarra;5.3.2.-Robos con violencia en viviendas;2021;9
Navarra;5.3.2.-Robos con violencia en viviendas;2020;9
Navarra;5.3.2.-Robos con violencia en viviendas;2019;13
Navarra;5.3.2.-Robos con violencia en viviendas;2018;5
Navarra;5.3.3.-Robos con violencia en establecimientos;2024;47
Navarra;5.3.3.-Robos con violencia en establecimientos;2023;31
Navarra;5.3.3.-Robos con violencia en establecimientos;2022;30
Navarra;5.3.3.-Robos con violencia en establecimientos;2021;30
Navarra;5.3.3.-Robos con violencia en establecimientos;2020;20
Navarra;5.3.3.-Robos con violencia en establecimientos;2019;24
Navarra;5.3.3.-Robos con violencia en establecimientos;2018;18
Navarra;5.4.-Sustracción de vehículos;2024;75
Navarra;5.4.-Sustracción de vehículos;2023;58
Navarra;5.4.-Sustracción de vehículos;2022;38
Navarra;5.4.-Sustracción de vehículos;2021;43
Navarra;5.4.-Sustracción de vehículos;2020;51
Navarra;5.4.-Sustracción de vehículos;2019;77
Navarra;5.4.-Sustracción de vehículos;2018;71
Navarra;5.5.-Estafas;2024;813
Navarra;5.5.-Estafas;2023;834
Navarra;5.5.-Estafas;2022;742
Navarra;5.5.-Estafas;2021;837
Navarra;5.5.-Estafas;2020;825
Navarra;5.5.-Estafas;2019;625
Navarra;5.5.-Estafas;2018;575
Navarra;5.5.1.-Estafas informáticas;2024;489
Navarra;5.5.1.-Estafas informáticas;2023;573
Navarra;5.5.1.-Estafas informáticas;2022;420
Navarra;5.5.1.-Estafas informáticas;2021;452
Navarra;5.5.1.-Estafas informáticas;2020;442
Navarra;5.5.1.-Estafas informáticas;2019;238
Navarra;5.5.1.-Estafas informáticas;2018;226
Navarra;5.6.-Daños;2024;451
Navarra;5.6.-Daños;2023;445
Navarra;5.6.-Daños;2022;541
Navarra;5.6.-Daños;2021;468
Navarra;5.6.-Daños;2020;398
Navarra;5.6.-Daños;2019;393
Navarra;5.6.-Daños;2018;416
Navarra;5.7.-Contra la propiedad intelectual/industrial;2024;57
Navarra;5.7.-Contra la propiedad intelectual/industrial;2023;40
Navarra;5.7.-Contra la propiedad intelectual/industrial;2022;12
Navarra;5.7.-Contra la propiedad intelectual/industrial;2021;8
Navarra;5.7.-Contra la propiedad intelectual/industrial;2020;6
Navarra;5.7.-Contra la propiedad intelectual/industrial;2019;20
Navarra;5.7.-Contra la propiedad intelectual/industrial;2018;29
Navarra;5.8.-Blanqueo de capitales;2024;49
Navarra;5.8.-Blanqueo de capitales;2023;22
Navarra;5.8.-Blanqueo de capitales;2022;7
Navarra;5.8.-Blanqueo de capitales;2021;8
Navarra;5.8.-Blanqueo de capitales;2020;2
Navarra;5.8.-Blanqueo de capitales;2019;2
Navarra;5.8.-Blanqueo de capitales;2018;2
Navarra;5.9.-Otros contra el patrimonio;2024;430
Navarra;5.9.-Otros contra el patrimonio;2023;315
Navarra;5.9.-Otros contra el patrimonio;2022;334
Navarra;5.9.-Otros contra el patrimonio;2021;261
Navarra;5.9.-Otros contra el patrimonio;2020;252
Navarra;5.9.-Otros contra el patrimonio;2019;276
Navarra;5.9.-Otros contra el patrimonio;2018;273
Navarra;6. SEGURIDAD COLECTIVA;2024;1.661
Navarra;6. SEGURIDAD COLECTIVA;2023;1.512
Navarra;6. SEGURIDAD COLECTIVA;2022;1.671
Navarra;6. SEGURIDAD COLECTIVA;2021;1.304
Navarra;6. SEGURIDAD COLECTIVA;2020;1.122
Navarra;6. SEGURIDAD COLECTIVA;2019;1.513
Navarra;6. SEGURIDAD COLECTIVA;2018;1.438
Navarra;6.1.-Tráfico de drogas;2024;220
Navarra;6.1.-Tráfico de drogas;2023;154
Navarra;6.1.-Tráfico de drogas;2022;142
Navarra;6.1.-Tráfico de drogas;2021;142
Navarra;6.1.-Tráfico de drogas;2020;147
Navarra;6.1.-Tráfico de drogas;2019;147
Navarra;6.1.-Tráfico de drogas;2018;136
Navarra;6.2.-Contra la seguridad vial;2024;1.400
Navarra;6.2.-Contra la seguridad vial;2023;1.324
Navarra;6.2.-Contra la seguridad vial;2022;1.498
Navarra;6.2.-Contra la seguridad vial;2021;1.143
Navarra;6.2.-Contra la seguridad vial;2020;946
Navarra;6.2.-Contra la seguridad vial;2019;1.326
Navarra;6.2.-Contra la seguridad vial;2018;1.261
Navarra;6.3.-Otros contra la seguridad colectiva;2024;41
Navarra;6.3.-Otros contra la seguridad colectiva;2023;34
Navarra;6.3.-Otros contra la seguridad colectiva;2022;31
Navarra;6.3.-Otros contra la seguridad colectiva;2021;19
Navarra;6.3.-Otros contra la seguridad colectiva;2020;29
Navarra;6.3.-Otros contra la seguridad colectiva;2019;40
Navarra;6.3.-Otros contra la seguridad colectiva;2018;41
Navarra;7. FALSEDADES;2024;200
Navarra;7. FALSEDADES;2023;207
Navarra;7. FALSEDADES;2022;168
Navarra;7. FALSEDADES;2021;256
Navarra;7. FALSEDADES;2020;167
Navarra;7. FALSEDADES;2019;161
Navarra;7. FALSEDADES;2018;154
Navarra;8. ADMÓN. PÚBLICA;2024;11
Navarra;8. ADMÓN. PÚBLICA;2023;9
Navarra;8. ADMÓN. PÚBLICA;2022;4
Navarra;8. ADMÓN. PÚBLICA;2021;6
Navarra;8. ADMÓN. PÚBLICA;2020;2
Navarra;8. ADMÓN. PÚBLICA;2019;4
Navarra;8. ADMÓN. PÚBLICA;2018;4
Navarra;9. ADMÓN. JUSTICIA;2024;631
Navarra;9. ADMÓN. JUSTICIA;2023;463
Navarra;9. ADMÓN. JUSTICIA;2022;483
Navarra;9. ADMÓN. JUSTICIA;2021;376
Navarra;9. ADMÓN. JUSTICIA;2020;381
Navarra;9. ADMÓN. JUSTICIA;2019;393
Navarra;9. ADMÓN. JUSTICIA;2018;378
Navarra;10. ORDEN PÚBLICO;2024;600
Navarra;10. ORDEN PÚBLICO;2023;519
Navarra;10. ORDEN PÚBLICO;2022;520
Navarra;10. ORDEN PÚBLICO;2021;432
Navarra;10. ORDEN PÚBLICO;2020;417
Navarra;10. ORDEN PÚBLICO;2019;353
Navarra;10. ORDEN PÚBLICO;2018;299
Navarra;11. LEGISLACIÓN ESPECIAL;2024;1
Navarra;11. LEGISLACIÓN ESPECIAL;2023;0
Navarra;11. LEGISLACIÓN ESPECIAL;2022;5
Navarra;11. LEGISLACIÓN ESPECIAL;2021;0
Navarra;11. LEGISLACIÓN ESPECIAL;2020;0
Navarra;11. LEGISLACIÓN ESPECIAL;2019;0
Navarra;11. LEGISLACIÓN ESPECIAL;2018;1
Navarra;12. OTRAS INFRACCIONES PENALES;2024;124
Navarra;12. OTRAS INFRACCIONES PENALES;2023;98
Navarra;12. OTRAS INFRACCIONES PENALES;2022;102
Navarra;12. OTRAS INFRACCIONES PENALES;2021;107
Navarra;12. OTRAS INFRACCIONES PENALES;2020;86
Navarra;12. OTRAS INFRACCIONES PENALES;2019;87
Navarra;12. OTRAS INFRACCIONES PENALES;2018;102
Navarra;TOTAL INFRACCIONES PENALES;2024;12.062
Navarra;TOTAL INFRACCIONES PENALES;2023;11.264
Navarra;TOTAL INFRACCIONES PENALES;2022;10.976
Navarra;TOTAL INFRACCIONES PENALES;2021;9.218
Navarra;TOTAL INFRACCIONES PENALES;2020;8.129
Navarra;TOTAL INFRACCIONES PENALES;2019;9.232
Navarra;TOTAL INFRACCIONES PENALES;2018;8.642
Ourense;1. CONTRA LAS PERSONAS;2024;1.071
Ourense;1. CONTRA LAS PERSONAS;2023;1.036
Ourense;1. CONTRA LAS PERSONAS;2022;869
Ourense;1. CONTRA LAS PERSONAS;2021;801
Ourense;1. CONTRA LAS PERSONAS;2020;696
Ourense;1. CONTRA LAS PERSONAS;2019;736
Ourense;1. CONTRA LAS PERSONAS;2018;762
Ourense;1.1.-Homicidios dolosos/asesinatos;2024;5
Ourense;1.1.-Homicidios dolosos/asesinatos;2023;4
Ourense;1.1.-Homicidios dolosos/asesinatos;2022;8
Ourense;1.1.-Homicidios dolosos/asesinatos;2021;10
Ourense;1.1.-Homicidios dolosos/asesinatos;2020;7
Ourense;1.1.-Homicidios dolosos/asesinatos;2019;4
Ourense;1.1.-Homicidios dolosos/asesinatos;2018;8
Ourense;1.1.1.-Homicidios dolosos/asesinatos consumados;2024;2
Ourense;1.1.1.-Homicidios dolosos/asesinatos consumados;2023;0
Ourense;1.1.1.-Homicidios dolosos/asesinatos consumados;2022;0
Ourense;1.1.1.-Homicidios dolosos/asesinatos consumados;2021;4
Ourense;1.1.1.-Homicidios dolosos/asesinatos consumados;2020;2
Ourense;1.1.1.-Homicidios dolosos/asesinatos consumados;2019;0
Ourense;1.1.1.-Homicidios dolosos/asesinatos consumados;2018;2
Ourense;1.2.-Lesiones;2024;590
Ourense;1.2.-Lesiones;2023;582
Ourense;1.2.-Lesiones;2022;467
Ourense;1.2.-Lesiones;2021;455
Ourense;1.2.-Lesiones;2020;354
Ourense;1.2.-Lesiones;2019;390
Ourense;1.2.-Lesiones;2018;417
Ourense;1.3.-Malos tratos ámbito familiar;2024;453
Ourense;1.3.-Malos tratos ámbito familiar;2023;423
Ourense;1.3.-Malos tratos ámbito familiar;2022;377
Ourense;1.3.-Malos tratos ámbito familiar;2021;327
Ourense;1.3.-Malos tratos ámbito familiar;2020;329
Ourense;1.3.-Malos tratos ámbito familiar;2019;337
Ourense;1.3.-Malos tratos ámbito familiar;2018;331
Ourense;1.4.-Otros contra las personas;2024;23
Ourense;1.4.-Otros contra las personas;2023;27
Ourense;1.4.-Otros contra las personas;2022;17
Ourense;1.4.-Otros contra las personas;2021;9
Ourense;1.4.-Otros contra las personas;2020;6
Ourense;1.4.-Otros contra las personas;2019;5
Ourense;1.4.-Otros contra las personas;2018;6
Ourense;2. CONTRA LA LIBERTAD;2024;705
Ourense;2. CONTRA LA LIBERTAD;2023;701
Ourense;2. CONTRA LA LIBERTAD;2022;569
Ourense;2. CONTRA LA LIBERTAD;2021;563
Ourense;2. CONTRA LA LIBERTAD;2020;539
Ourense;2. CONTRA LA LIBERTAD;2019;446
Ourense;2. CONTRA LA LIBERTAD;2018;452
Ourense;2.1.-Malos tratos habituales en el ámbito familiar;2024;117
Ourense;2.1.-Malos tratos habituales en el ámbito familiar;2023;121
Ourense;2.1.-Malos tratos habituales en el ámbito familiar;2022;94
Ourense;2.1.-Malos tratos habituales en el ámbito familiar;2021;76
Ourense;2.1.-Malos tratos habituales en el ámbito familiar;2020;68
Ourense;2.1.-Malos tratos habituales en el ámbito familiar;2019;93
Ourense;2.1.-Malos tratos habituales en el ámbito familiar;2018;92
Ourense;2.2.-Otros contra la libertad;2024;588
Ourense;2.2.-Otros contra la libertad;2023;580
Ourense;2.2.-Otros contra la libertad;2022;475
Ourense;2.2.-Otros contra la libertad;2021;487
Ourense;2.2.-Otros contra la libertad;2020;471
Ourense;2.2.-Otros contra la libertad;2019;353
Ourense;2.2.-Otros contra la libertad;2018;360
Ourense;3. LIBERTAD SEXUAL;2024;75
Ourense;3. LIBERTAD SEXUAL;2023;94
Ourense;3. LIBERTAD SEXUAL;2022;93
Ourense;3. LIBERTAD SEXUAL;2021;64
Ourense;3. LIBERTAD SEXUAL;2020;46
Ourense;3. LIBERTAD SEXUAL;2019;49
Ourense;3. LIBERTAD SEXUAL;2018;58
Ourense;3.1.-Agresión sexual;2024;43
Ourense;3.1.-Agresión sexual;2023;62
Ourense;3.1.-Agresión sexual;2022;58
Ourense;3.1.-Agresión sexual;2021;25
Ourense;3.1.-Agresión sexual;2020;25
Ourense;3.1.-Agresión sexual;2019;30
Ourense;3.1.-Agresión sexual;2018;37
Ourense;3.2.-Agresión sexual con penetración;2024;16
Ourense;3.2.-Agresión sexual con penetración;2023;17
Ourense;3.2.-Agresión sexual con penetración;2022;23
Ourense;3.2.-Agresión sexual con penetración;2021;18
Ourense;3.2.-Agresión sexual con penetración;2020;8
Ourense;3.2.-Agresión sexual con penetración;2019;13
Ourense;3.2.-Agresión sexual con penetración;2018;11
Ourense;3.3.-Corrupción de menores o incapacitados;2024;0
Ourense;3.3.-Corrupción de menores o incapacitados;2023;0
Ourense;3.3.-Corrupción de menores o incapacitados;2022;2
Ourense;3.3.-Corrupción de menores o incapacitados;2021;0
Ourense;3.3.-Corrupción de menores o incapacitados;2020;0
Ourense;3.3.-Corrupción de menores o incapacitados;2019;0
Ourense;3.3.-Corrupción de menores o incapacitados;2018;0
Ourense;3.4.-Pornografía de menores;2024;8
Ourense;3.4.-Pornografía de menores;2023;2
Ourense;3.4.-Pornografía de menores;2022;3
Ourense;3.4.-Pornografía de menores;2021;7
Ourense;3.4.-Pornografía de menores;2020;1
Ourense;3.4.-Pornografía de menores;2019;1
Ourense;3.4.-Pornografía de menores;2018;2
Ourense;3.5.-Otros contra la libertad sexual;2024;8
Ourense;3.5.-Otros contra la libertad sexual;2023;13
Ourense;3.5.-Otros contra la libertad sexual;2022;7
Ourense;3.5.-Otros contra la libertad sexual;2021;14
Ourense;3.5.-Otros contra la libertad sexual;2020;12
Ourense;3.5.-Otros contra la libertad sexual;2019;5
Ourense;3.5.-Otros contra la libertad sexual;2018;8
Ourense;4. RELACIONES FAMILIARES;2024;17
Ourense;4. RELACIONES FAMILIARES;2023;17
Ourense;4. RELACIONES FAMILIARES;2022;17
Ourense;4. RELACIONES FAMILIARES;2021;16
Ourense;4. RELACIONES FAMILIARES;2020;15
Ourense;4. RELACIONES FAMILIARES;2019;10
Ourense;4. RELACIONES FAMILIARES;2018;16
Ourense;5. PATRIMONIO;2024;1.543
Ourense;5. PATRIMONIO;2023;1.450
Ourense;5. PATRIMONIO;2022;1.235
Ourense;5. PATRIMONIO;2021;1.034
Ourense;5. PATRIMONIO;2020;1.088
Ourense;5. PATRIMONIO;2019;1.034
Ourense;5. PATRIMONIO;2018;1.019
Ourense;5.1.-Hurtos;2024;532
Ourense;5.1.-Hurtos;2023;480
Ourense;5.1.-Hurtos;2022;394
Ourense;5.1.-Hurtos;2021;288
Ourense;5.1.-Hurtos;2020;277
Ourense;5.1.-Hurtos;2019;399
Ourense;5.1.-Hurtos;2018;345
Ourense;5.2.-Robos con fuerza en las cosas;2024;284
Ourense;5.2.-Robos con fuerza en las cosas;2023;244
Ourense;5.2.-Robos con fuerza en las cosas;2022;200
Ourense;5.2.-Robos con fuerza en las cosas;2021;149
Ourense;5.2.-Robos con fuerza en las cosas;2020;213
Ourense;5.2.-Robos con fuerza en las cosas;2019;182
Ourense;5.2.-Robos con fuerza en las cosas;2018;177
Ourense;5.2.1.-Robos con fuerza en las cosas en el interior de vehículos;2024;70
Ourense;5.2.1.-Robos con fuerza en las cosas en el interior de vehículos;2023;72
Ourense;5.2.1.-Robos con fuerza en las cosas en el interior de vehículos;2022;25
Ourense;5.2.1.-Robos con fuerza en las cosas en el interior de vehículos;2021;19
Ourense;5.2.1.-Robos con fuerza en las cosas en el interior de vehículos;2020;20
Ourense;5.2.1.-Robos con fuerza en las cosas en el interior de vehículos;2019;19
Ourense;5.2.1.-Robos con fuerza en las cosas en el interior de vehículos;2018;29
Ourense;5.2.2.-Robos con fuerza en viviendas;2024;78
Ourense;5.2.2.-Robos con fuerza en viviendas;2023;44
Ourense;5.2.2.-Robos con fuerza en viviendas;2022;50
Ourense;5.2.2.-Robos con fuerza en viviendas;2021;54
Ourense;5.2.2.-Robos con fuerza en viviendas;2020;53
Ourense;5.2.2.-Robos con fuerza en viviendas;2019;68
Ourense;5.2.2.-Robos con fuerza en viviendas;2018;64
Ourense;5.2.3.-Robos con fuerza en establecimientos;2024;97
Ourense;5.2.3.-Robos con fuerza en establecimientos;2023;94
Ourense;5.2.3.-Robos con fuerza en establecimientos;2022;74
Ourense;5.2.3.-Robos con fuerza en establecimientos;2021;46
Ourense;5.2.3.-Robos con fuerza en establecimientos;2020;90
Ourense;5.2.3.-Robos con fuerza en establecimientos;2019;60
Ourense;5.2.3.-Robos con fuerza en establecimientos;2018;43
Ourense;5.3.-Robos con violencia o intimidación;2024;59
Ourense;5.3.-Robos con violencia o intimidación;2023;71
Ourense;5.3.-Robos con violencia o intimidación;2022;58
Ourense;5.3.-Robos con violencia o intimidación;2021;64
Ourense;5.3.-Robos con violencia o intimidación;2020;59
Ourense;5.3.-Robos con violencia o intimidación;2019;59
Ourense;5.3.-Robos con violencia o intimidación;2018;48
Ourense;5.3.1.-Robos con violencia en vía pública;2024;29
Ourense;5.3.1.-Robos con violencia en vía pública;2023;31
Ourense;5.3.1.-Robos con violencia en vía pública;2022;36
Ourense;5.3.1.-Robos con violencia en vía pública;2021;29
Ourense;5.3.1.-Robos con violencia en vía pública;2020;26
Ourense;5.3.1.-Robos con violencia en vía pública;2019;26
Ourense;5.3.1.-Robos con violencia en vía pública;2018;19
Ourense;5.3.2.-Robos con violencia en viviendas;2024;5
Ourense;5.3.2.-Robos con violencia en viviendas;2023;10
Ourense;5.3.2.-Robos con violencia en viviendas;2022;3
Ourense;5.3.2.-Robos con violencia en viviendas;2021;10
Ourense;5.3.2.-Robos con violencia en viviendas;2020;6
Ourense;5.3.2.-Robos con violencia en viviendas;2019;7
Ourense;5.3.2.-Robos con violencia en viviendas;2018;6
Ourense;5.3.3.-Robos con violencia en establecimientos;2024;19
Ourense;5.3.3.-Robos con violencia en establecimientos;2023;25
Ourense;5.3.3.-Robos con violencia en establecimientos;2022;13
Ourense;5.3.3.-Robos con violencia en establecimientos;2021;17
Ourense;5.3.3.-Robos con violencia en establecimientos;2020;22
Ourense;5.3.3.-Robos con violencia en establecimientos;2019;20
Ourense;5.3.3.-Robos con violencia en establecimientos;2018;16
Ourense;5.4.-Sustracción de vehículos;2024;19
Ourense;5.4.-Sustracción de vehículos;2023;37
Ourense;5.4.-Sustracción de vehículos;2022;29
Ourense;5.4.-Sustracción de vehículos;2021;12
Ourense;5.4.-Sustracción de vehículos;2020;22
Ourense;5.4.-Sustracción de vehículos;2019;17
Ourense;5.4.-Sustracción de vehículos;2018;16
Ourense;5.5.-Estafas;2024;357
Ourense;5.5.-Estafas;2023;333
Ourense;5.5.-Estafas;2022;298
Ourense;5.5.-Estafas;2021;307
Ourense;5.5.-Estafas;2020;290
Ourense;5.5.-Estafas;2019;203
Ourense;5.5.-Estafas;2018;206
Ourense;5.5.1.-Estafas informáticas;2024;246
Ourense;5.5.1.-Estafas informáticas;2023;213
Ourense;5.5.1.-Estafas informáticas;2022;189
Ourense;5.5.1.-Estafas informáticas;2021;222
Ourense;5.5.1.-Estafas informáticas;2020;195
Ourense;5.5.1.-Estafas informáticas;2019;71
Ourense;5.5.1.-Estafas informáticas;2018;83
Ourense;5.6.-Daños;2024;168
Ourense;5.6.-Daños;2023;160
Ourense;5.6.-Daños;2022;144
Ourense;5.6.-Daños;2021;125
Ourense;5.6.-Daños;2020;136
Ourense;5.6.-Daños;2019;94
Ourense;5.6.-Daños;2018;135
Ourense;5.7.-Contra la propiedad intelectual/industrial;2024;0
Ourense;5.7.-Contra la propiedad intelectual/industrial;2023;3
Ourense;5.7.-Contra la propiedad intelectual/industrial;2022;3
Ourense;5.7.-Contra la propiedad intelectual/industrial;2021;5
Ourense;5.7.-Contra la propiedad intelectual/industrial;2020;6
Ourense;5.7.-Contra la propiedad intelectual/industrial;2019;1
Ourense;5.7.-Contra la propiedad intelectual/industrial;2018;17
Ourense;5.8.-Blanqueo de capitales;2024;6
Ourense;5.8.-Blanqueo de capitales;2023;3
Ourense;5.8.-Blanqueo de capitales;2022;5
Ourense;5.8.-Blanqueo de capitales;2021;0
Ourense;5.8.-Blanqueo de capitales;2020;1
Ourense;5.8.-Blanqueo de capitales;2019;1
Ourense;5.8.-Blanqueo de capitales;2018;1
Ourense;5.9.-Otros contra el patrimonio;2024;118
Ourense;5.9.-Otros contra el patrimonio;2023;119
Ourense;5.9.-Otros contra el patrimonio;2022;104
Ourense;5.9.-Otros contra el patrimonio;2021;84
Ourense;5.9.-Otros contra el patrimonio;2020;84
Ourense;5.9.-Otros contra el patrimonio;2019;78
Ourense;5.9.-Otros contra el patrimonio;2018;74
Ourense;6. SEGURIDAD COLECTIVA;2024;429
Ourense;6. SEGURIDAD COLECTIVA;2023;526
Ourense;6. SEGURIDAD COLECTIVA;2022;558
Ourense;6. SEGURIDAD COLECTIVA;2021;451
Ourense;6. SEGURIDAD COLECTIVA;2020;571
Ourense;6. SEGURIDAD COLECTIVA;2019;641
Ourense;6. SEGURIDAD COLECTIVA;2018;613
Ourense;6.1.-Tráfico de drogas;2024;39
Ourense;6.1.-Tráfico de drogas;2023;34
Ourense;6.1.-Tráfico de drogas;2022;46
Ourense;6.1.-Tráfico de drogas;2021;39
Ourense;6.1.-Tráfico de drogas;2020;48
Ourense;6.1.-Tráfico de drogas;2019;51
Ourense;6.1.-Tráfico de drogas;2018;42
Ourense;6.2.-Contra la seguridad vial;2024;368
Ourense;6.2.-Contra la seguridad vial;2023;466
Ourense;6.2.-Contra la seguridad vial;2022;473
Ourense;6.2.-Contra la seguridad vial;2021;383
Ourense;6.2.-Contra la seguridad vial;2020;475
Ourense;6.2.-Contra la seguridad vial;2019;543
Ourense;6.2.-Contra la seguridad vial;2018;536
Ourense;6.3.-Otros contra la seguridad colectiva;2024;22
Ourense;6.3.-Otros contra la seguridad colectiva;2023;26
Ourense;6.3.-Otros contra la seguridad colectiva;2022;39
Ourense;6.3.-Otros contra la seguridad colectiva;2021;29
Ourense;6.3.-Otros contra la seguridad colectiva;2020;48
Ourense;6.3.-Otros contra la seguridad colectiva;2019;47
Ourense;6.3.-Otros contra la seguridad colectiva;2018;35
Ourense;7. FALSEDADES;2024;70
Ourense;7. FALSEDADES;2023;64
Ourense;7. FALSEDADES;2022;60
Ourense;7. FALSEDADES;2021;52
Ourense;7. FALSEDADES;2020;46
Ourense;7. FALSEDADES;2019;40
Ourense;7. FALSEDADES;2018;45
Ourense;8. ADMÓN. PÚBLICA;2024;1
Ourense;8. ADMÓN. PÚBLICA;2023;2
Ourense;8. ADMÓN. PÚBLICA;2022;2
Ourense;8. ADMÓN. PÚBLICA;2021;2
Ourense;8. ADMÓN. PÚBLICA;2020;1
Ourense;8. ADMÓN. PÚBLICA;2019;1
Ourense;8. ADMÓN. PÚBLICA;2018;4
Ourense;9. ADMÓN. JUSTICIA;2024;257
Ourense;9. ADMÓN. JUSTICIA;2023;211
Ourense;9. ADMÓN. JUSTICIA;2022;198
Ourense;9. ADMÓN. JUSTICIA;2021;226
Ourense;9. ADMÓN. JUSTICIA;2020;220
Ourense;9. ADMÓN. JUSTICIA;2019;223
Ourense;9. ADMÓN. JUSTICIA;2018;199
Ourense;10. ORDEN PÚBLICO;2024;92
Ourense;10. ORDEN PÚBLICO;2023;113
Ourense;10. ORDEN PÚBLICO;2022;113
Ourense;10. ORDEN PÚBLICO;2021;89
Ourense;10. ORDEN PÚBLICO;2020;132
Ourense;10. ORDEN PÚBLICO;2019;80
Ourense;10. ORDEN PÚBLICO;2018;99
Ourense;11. LEGISLACIÓN ESPECIAL;2024;0
Ourense;11. LEGISLACIÓN ESPECIAL;2023;0
Ourense;11. LEGISLACIÓN ESPECIAL;2022;0
Ourense;11. LEGISLACIÓN ESPECIAL;2021;0
Ourense;11. LEGISLACIÓN ESPECIAL;2020;1
Ourense;11. LEGISLACIÓN ESPECIAL;2019;1
Ourense;11. LEGISLACIÓN ESPECIAL;2018;0
Ourense;12. OTRAS INFRACCIONES PENALES;2024;45
Ourense;12. OTRAS INFRACCIONES PENALES;2023;47
Ourense;12. OTRAS INFRACCIONES PENALES;2022;40
Ourense;12. OTRAS INFRACCIONES PENALES;2021;58
Ourense;12. OTRAS INFRACCIONES PENALES;2020;36
Ourense;12. OTRAS INFRACCIONES PENALES;2019;37
Ourense;12. OTRAS INFRACCIONES PENALES;2018;34
Ourense;TOTAL INFRACCIONES PENALES;2024;4.305
Ourense;TOTAL INFRACCIONES PENALES;2023;4.261
Ourense;TOTAL INFRACCIONES PENALES;2022;3.754
Ourense;TOTAL INFRACCIONES PENALES;2021;3.356
Ourense;TOTAL INFRACCIONES PENALES;2020;3.391
Ourense;TOTAL INFRACCIONES PENALES;2019;3.298
Ourense;TOTAL INFRACCIONES PENALES;2018;3.301
Asturias;1. CONTRA LAS PERSONAS;2024;4.247
Asturias;1. CONTRA LAS PERSONAS;2023;3.933
Asturias;1. CONTRA LAS PERSONAS;2022;3.651
Asturias;1. CONTRA LAS PERSONAS;2021;3.060
Asturias;1. CONTRA LAS PERSONAS;2020;2.908
Asturias;1. CONTRA LAS PERSONAS;2019;3.174
Asturias;1. CONTRA LAS PERSONAS;2018;2.971
Asturias;1.1.-Homicidios dolosos/asesinatos;2024;20
Asturias;1.1.-Homicidios dolosos/asesinatos;2023;21
Asturias;1.1.-Homicidios dolosos/asesinatos;2022;22
Asturias;1.1.-Homicidios dolosos/asesinatos;2021;9
Asturias;1.1.-Homicidios dolosos/asesinatos;2020;15
Asturias;1.1.-Homicidios dolosos/asesinatos;2019;19
Asturias;1.1.-Homicidios dolosos/asesinatos;2018;18
Asturias;1.1.1.-Homicidios dolosos/asesinatos consumados;2024;7
Asturias;1.1.1.-Homicidios dolosos/asesinatos consumados;2023;6
Asturias;1.1.1.-Homicidios dolosos/asesinatos consumados;2022;6
Asturias;1.1.1.-Homicidios dolosos/asesinatos consumados;2021;1
Asturias;1.1.1.-Homicidios dolosos/asesinatos consumados;2020;6
Asturias;1.1.1.-Homicidios dolosos/asesinatos consumados;2019;7
Asturias;1.1.1.-Homicidios dolosos/asesinatos consumados;2018;8
Asturias;1.2.-Lesiones;2024;2.146
Asturias;1.2.-Lesiones;2023;1.973
Asturias;1.2.-Lesiones;2022;1.968
Asturias;1.2.-Lesiones;2021;1.587
Asturias;1.2.-Lesiones;2020;1.453
Asturias;1.2.-Lesiones;2019;1.748
Asturias;1.2.-Lesiones;2018;1.654
Asturias;1.3.-Malos tratos ámbito familiar;2024;2.006
Asturias;1.3.-Malos tratos ámbito familiar;2023;1.875
Asturias;1.3.-Malos tratos ámbito familiar;2022;1.601
Asturias;1.3.-Malos tratos ámbito familiar;2021;1.406
Asturias;1.3.-Malos tratos ámbito familiar;2020;1.390
Asturias;1.3.-Malos tratos ámbito familiar;2019;1.355
Asturias;1.3.-Malos tratos ámbito familiar;2018;1.252
Asturias;1.4.-Otros contra las personas;2024;75
Asturias;1.4.-Otros contra las personas;2023;64
Asturias;1.4.-Otros contra las personas;2022;60
Asturias;1.4.-Otros contra las personas;2021;58
Asturias;1.4.-Otros contra las personas;2020;50
Asturias;1.4.-Otros contra las personas;2019;52
Asturias;1.4.-Otros contra las personas;2018;47
Asturias;2. CONTRA LA LIBERTAD;2024;1.987
Asturias;2. CONTRA LA LIBERTAD;2023;2.075
Asturias;2. CONTRA LA LIBERTAD;2022;1.876
Asturias;2. CONTRA LA LIBERTAD;2021;1.641
Asturias;2. CONTRA LA LIBERTAD;2020;1.622
Asturias;2. CONTRA LA LIBERTAD;2019;1.658
Asturias;2. CONTRA LA LIBERTAD;2018;1.551
Asturias;2.1.-Malos tratos habituales en el ámbito familiar;2024;89
Asturias;2.1.-Malos tratos habituales en el ámbito familiar;2023;94
Asturias;2.1.-Malos tratos habituales en el ámbito familiar;2022;108
Asturias;2.1.-Malos tratos habituales en el ámbito familiar;2021;88
Asturias;2.1.-Malos tratos habituales en el ámbito familiar;2020;72
Asturias;2.1.-Malos tratos habituales en el ámbito familiar;2019;109
Asturias;2.1.-Malos tratos habituales en el ámbito familiar;2018;116
Asturias;2.2.-Otros contra la libertad;2024;1.898
Asturias;2.2.-Otros contra la libertad;2023;1.981
Asturias;2.2.-Otros contra la libertad;2022;1.768
Asturias;2.2.-Otros contra la libertad;2021;1.553
Asturias;2.2.-Otros contra la libertad;2020;1.550
Asturias;2.2.-Otros contra la libertad;2019;1.549
Asturias;2.2.-Otros contra la libertad;2018;1.435
Asturias;3. LIBERTAD SEXUAL;2024;301
Asturias;3. LIBERTAD SEXUAL;2023;291
Asturias;3. LIBERTAD SEXUAL;2022;246
Asturias;3. LIBERTAD SEXUAL;2021;238
Asturias;3. LIBERTAD SEXUAL;2020;177
Asturias;3. LIBERTAD SEXUAL;2019;174
Asturias;3. LIBERTAD SEXUAL;2018;177
Asturias;3.1.-Agresión sexual;2024;178
Asturias;3.1.-Agresión sexual;2023;183
Asturias;3.1.-Agresión sexual;2022;158
Asturias;3.1.-Agresión sexual;2021;123
Asturias;3.1.-Agresión sexual;2020;106
Asturias;3.1.-Agresión sexual;2019;116
Asturias;3.1.-Agresión sexual;2018;101
Asturias;3.2.-Agresión sexual con penetración;2024;62
Asturias;3.2.-Agresión sexual con penetración;2023;61
Asturias;3.2.-Agresión sexual con penetración;2022;46
Asturias;3.2.-Agresión sexual con penetración;2021;63
Asturias;3.2.-Agresión sexual con penetración;2020;45
Asturias;3.2.-Agresión sexual con penetración;2019;25
Asturias;3.2.-Agresión sexual con penetración;2018;26
Asturias;3.3.-Corrupción de menores o incapacitados;2024;8
Asturias;3.3.-Corrupción de menores o incapacitados;2023;6
Asturias;3.3.-Corrupción de menores o incapacitados;2022;8
Asturias;3.3.-Corrupción de menores o incapacitados;2021;7
Asturias;3.3.-Corrupción de menores o incapacitados;2020;0
Asturias;3.3.-Corrupción de menores o incapacitados;2019;2
Asturias;3.3.-Corrupción de menores o incapacitados;2018;9
Asturias;3.4.-Pornografía de menores;2024;10
Asturias;3.4.-Pornografía de menores;2023;14
Asturias;3.4.-Pornografía de menores;2022;8
Asturias;3.4.-Pornografía de menores;2021;17
Asturias;3.4.-Pornografía de menores;2020;8
Asturias;3.4.-Pornografía de menores;2019;9
Asturias;3.4.-Pornografía de menores;2018;11
Asturias;3.5.-Otros contra la libertad sexual;2024;43
Asturias;3.5.-Otros contra la libertad sexual;2023;27
Asturias;3.5.-Otros contra la libertad sexual;2022;26
Asturias;3.5.-Otros contra la libertad sexual;2021;28
Asturias;3.5.-Otros contra la libertad sexual;2020;18
Asturias;3.5.-Otros contra la libertad sexual;2019;22
Asturias;3.5.-Otros contra la libertad sexual;2018;30
Asturias;4. RELACIONES FAMILIARES;2024;95
Asturias;4. RELACIONES FAMILIARES;2023;92
Asturias;4. RELACIONES FAMILIARES;2022;69
Asturias;4. RELACIONES FAMILIARES;2021;88
Asturias;4. RELACIONES FAMILIARES;2020;78
Asturias;4. RELACIONES FAMILIARES;2019;97
Asturias;4. RELACIONES FAMILIARES;2018;101
Asturias;5. PATRIMONIO;2024;7.536
Asturias;5. PATRIMONIO;2023;7.338
Asturias;5. PATRIMONIO;2022;6.150
Asturias;5. PATRIMONIO;2021;4.908
Asturias;5. PATRIMONIO;2020;4.235
Asturias;5. PATRIMONIO;2019;5.016
Asturias;5. PATRIMONIO;2018;4.682
Asturias;5.1.-Hurtos;2024;3.349
Asturias;5.1.-Hurtos;2023;3.132
Asturias;5.1.-Hurtos;2022;2.175
Asturias;5.1.-Hurtos;2021;1.600
Asturias;5.1.-Hurtos;2020;1.372
Asturias;5.1.-Hurtos;2019;2.088
Asturias;5.1.-Hurtos;2018;2.030
Asturias;5.2.-Robos con fuerza en las cosas;2024;715
Asturias;5.2.-Robos con fuerza en las cosas;2023;691
Asturias;5.2.-Robos con fuerza en las cosas;2022;596
Asturias;5.2.-Robos con fuerza en las cosas;2021;565
Asturias;5.2.-Robos con fuerza en las cosas;2020;537
Asturias;5.2.-Robos con fuerza en las cosas;2019;706
Asturias;5.2.-Robos con fuerza en las cosas;2018;648
Asturias;5.2.1.-Robos con fuerza en las cosas en el interior de vehículos;2024;126
Asturias;5.2.1.-Robos con fuerza en las cosas en el interior de vehículos;2023;138
Asturias;5.2.1.-Robos con fuerza en las cosas en el interior de vehículos;2022;116
Asturias;5.2.1.-Robos con fuerza en las cosas en el interior de vehículos;2021;92
Asturias;5.2.1.-Robos con fuerza en las cosas en el interior de vehículos;2020;86
Asturias;5.2.1.-Robos con fuerza en las cosas en el interior de vehículos;2019;109
Asturias;5.2.1.-Robos con fuerza en las cosas en el interior de vehículos;2018;87
Asturias;5.2.2.-Robos con fuerza en viviendas;2024;155
Asturias;5.2.2.-Robos con fuerza en viviendas;2023;233
Asturias;5.2.2.-Robos con fuerza en viviendas;2022;183
Asturias;5.2.2.-Robos con fuerza en viviendas;2021;181
Asturias;5.2.2.-Robos con fuerza en viviendas;2020;127
Asturias;5.2.2.-Robos con fuerza en viviendas;2019;177
Asturias;5.2.2.-Robos con fuerza en viviendas;2018;185
Asturias;5.2.3.-Robos con fuerza en establecimientos;2024;307
Asturias;5.2.3.-Robos con fuerza en establecimientos;2023;200
Asturias;5.2.3.-Robos con fuerza en establecimientos;2022;147
Asturias;5.2.3.-Robos con fuerza en establecimientos;2021;170
Asturias;5.2.3.-Robos con fuerza en establecimientos;2020;197
Asturias;5.2.3.-Robos con fuerza en establecimientos;2019;246
Asturias;5.2.3.-Robos con fuerza en establecimientos;2018;234
Asturias;5.3.-Robos con violencia o intimidación;2024;230
Asturias;5.3.-Robos con violencia o intimidación;2023;273
Asturias;5.3.-Robos con violencia o intimidación;2022;236
Asturias;5.3.-Robos con violencia o intimidación;2021;203
Asturias;5.3.-Robos con violencia o intimidación;2020;217
Asturias;5.3.-Robos con violencia o intimidación;2019;203
Asturias;5.3.-Robos con violencia o intimidación;2018;177
Asturias;5.3.1.-Robos con violencia en vía pública;2024;107
Asturias;5.3.1.-Robos con violencia en vía pública;2023;133
Asturias;5.3.1.-Robos con violencia en vía pública;2022;107
Asturias;5.3.1.-Robos con violencia en vía pública;2021;94
Asturias;5.3.1.-Robos con violencia en vía pública;2020;110
Asturias;5.3.1.-Robos con violencia en vía pública;2019;91
Asturias;5.3.1.-Robos con violencia en vía pública;2018;82
Asturias;5.3.2.-Robos con violencia en viviendas;2024;28
Asturias;5.3.2.-Robos con violencia en viviendas;2023;28
Asturias;5.3.2.-Robos con violencia en viviendas;2022;21
Asturias;5.3.2.-Robos con violencia en viviendas;2021;24
Asturias;5.3.2.-Robos con violencia en viviendas;2020;21
Asturias;5.3.2.-Robos con violencia en viviendas;2019;23
Asturias;5.3.2.-Robos con violencia en viviendas;2018;22
Asturias;5.3.3.-Robos con violencia en establecimientos;2024;81
Asturias;5.3.3.-Robos con violencia en establecimientos;2023;80
Asturias;5.3.3.-Robos con violencia en establecimientos;2022;79
Asturias;5.3.3.-Robos con violencia en establecimientos;2021;58
Asturias;5.3.3.-Robos con violencia en establecimientos;2020;66
Asturias;5.3.3.-Robos con violencia en establecimientos;2019;72
Asturias;5.3.3.-Robos con violencia en establecimientos;2018;57
Asturias;5.4.-Sustracción de vehículos;2024;117
Asturias;5.4.-Sustracción de vehículos;2023;133
Asturias;5.4.-Sustracción de vehículos;2022;133
Asturias;5.4.-Sustracción de vehículos;2021;112
Asturias;5.4.-Sustracción de vehículos;2020;107
Asturias;5.4.-Sustracción de vehículos;2019;88
Asturias;5.4.-Sustracción de vehículos;2018;94
Asturias;5.5.-Estafas;2024;1.844
Asturias;5.5.-Estafas;2023;1.981
Asturias;5.5.-Estafas;2022;1.921
Asturias;5.5.-Estafas;2021;1.378
Asturias;5.5.-Estafas;2020;1.103
Asturias;5.5.-Estafas;2019;931
Asturias;5.5.-Estafas;2018;840
Asturias;5.5.1.-Estafas informáticas;2024;1.276
Asturias;5.5.1.-Estafas informáticas;2023;1.394
Asturias;5.5.1.-Estafas informáticas;2022;1.330
Asturias;5.5.1.-Estafas informáticas;2021;934
Asturias;5.5.1.-Estafas informáticas;2020;710
Asturias;5.5.1.-Estafas informáticas;2019;401
Asturias;5.5.1.-Estafas informáticas;2018;316
Asturias;5.6.-Daños;2024;793
Asturias;5.6.-Daños;2023;720
Asturias;5.6.-Daños;2022;661
Asturias;5.6.-Daños;2021;680
Asturias;5.6.-Daños;2020;532
Asturias;5.6.-Daños;2019;640
Asturias;5.6.-Daños;2018;510
Asturias;5.7.-Contra la propiedad intelectual/industrial;2024;10
Asturias;5.7.-Contra la propiedad intelectual/industrial;2023;8
Asturias;5.7.-Contra la propiedad intelectual/industrial;2022;11
Asturias;5.7.-Contra la propiedad intelectual/industrial;2021;6
Asturias;5.7.-Contra la propiedad intelectual/industrial;2020;4
Asturias;5.7.-Contra la propiedad intelectual/industrial;2019;16
Asturias;5.7.-Contra la propiedad intelectual/industrial;2018;37
Asturias;5.8.-Blanqueo de capitales;2024;6
Asturias;5.8.-Blanqueo de capitales;2023;2
Asturias;5.8.-Blanqueo de capitales;2022;1
Asturias;5.8.-Blanqueo de capitales;2021;1
Asturias;5.8.-Blanqueo de capitales;2020;1
Asturias;5.8.-Blanqueo de capitales;2019;2
Asturias;5.8.-Blanqueo de capitales;2018;3
Asturias;5.9.-Otros contra el patrimonio;2024;472
Asturias;5.9.-Otros contra el patrimonio;2023;398
Asturias;5.9.-Otros contra el patrimonio;2022;416
Asturias;5.9.-Otros contra el patrimonio;2021;363
Asturias;5.9.-Otros contra el patrimonio;2020;362
Asturias;5.9.-Otros contra el patrimonio;2019;342
Asturias;5.9.-Otros contra el patrimonio;2018;343
Asturias;6. SEGURIDAD COLECTIVA;2024;948
Asturias;6. SEGURIDAD COLECTIVA;2023;1.023
Asturias;6. SEGURIDAD COLECTIVA;2022;1.044
Asturias;6. SEGURIDAD COLECTIVA;2021;1.062
Asturias;6. SEGURIDAD COLECTIVA;2020;908
Asturias;6. SEGURIDAD COLECTIVA;2019;1.177
Asturias;6. SEGURIDAD COLECTIVA;2018;1.035
Asturias;6.1.-Tráfico de drogas;2024;170
Asturias;6.1.-Tráfico de drogas;2023;189
Asturias;6.1.-Tráfico de drogas;2022;169
Asturias;6.1.-Tráfico de drogas;2021;164
Asturias;6.1.-Tráfico de drogas;2020;175
Asturias;6.1.-Tráfico de drogas;2019;202
Asturias;6.1.-Tráfico de drogas;2018;137
Asturias;6.2.-Contra la seguridad vial;2024;729
Asturias;6.2.-Contra la seguridad vial;2023;768
Asturias;6.2.-Contra la seguridad vial;2022;836
Asturias;6.2.-Contra la seguridad vial;2021;833
Asturias;6.2.-Contra la seguridad vial;2020;682
Asturias;6.2.-Contra la seguridad vial;2019;933
Asturias;6.2.-Contra la seguridad vial;2018;854
Asturias;6.3.-Otros contra la seguridad colectiva;2024;49
Asturias;6.3.-Otros contra la seguridad colectiva;2023;66
Asturias;6.3.-Otros contra la seguridad colectiva;2022;39
Asturias;6.3.-Otros contra la seguridad colectiva;2021;65
Asturias;6.3.-Otros contra la seguridad colectiva;2020;51
Asturias;6.3.-Otros contra la seguridad colectiva;2019;42
Asturias;6.3.-Otros contra la seguridad colectiva;2018;44
Asturias;7. FALSEDADES;2024;229
Asturias;7. FALSEDADES;2023;191
Asturias;7. FALSEDADES;2022;202
Asturias;7. FALSEDADES;2021;196
Asturias;7. FALSEDADES;2020;158
Asturias;7. FALSEDADES;2019;152
Asturias;7. FALSEDADES;2018;130
Asturias;8. ADMÓN. PÚBLICA;2024;3
Asturias;8. ADMÓN. PÚBLICA;2023;3
Asturias;8. ADMÓN. PÚBLICA;2022;0
Asturias;8. ADMÓN. PÚBLICA;2021;6
Asturias;8. ADMÓN. PÚBLICA;2020;1
Asturias;8. ADMÓN. PÚBLICA;2019;5
Asturias;8. ADMÓN. PÚBLICA;2018;3
Asturias;9. ADMÓN. JUSTICIA;2024;852
Asturias;9. ADMÓN. JUSTICIA;2023;846
Asturias;9. ADMÓN. JUSTICIA;2022;742
Asturias;9. ADMÓN. JUSTICIA;2021;569
Asturias;9. ADMÓN. JUSTICIA;2020;570
Asturias;9. ADMÓN. JUSTICIA;2019;565
Asturias;9. ADMÓN. JUSTICIA;2018;569
Asturias;10. ORDEN PÚBLICO;2024;558
Asturias;10. ORDEN PÚBLICO;2023;507
Asturias;10. ORDEN PÚBLICO;2022;503
Asturias;10. ORDEN PÚBLICO;2021;479
Asturias;10. ORDEN PÚBLICO;2020;538
Asturias;10. ORDEN PÚBLICO;2019;359
Asturias;10. ORDEN PÚBLICO;2018;373
Asturias;11. LEGISLACIÓN ESPECIAL;2024;1
Asturias;11. LEGISLACIÓN ESPECIAL;2023;5
Asturias;11. LEGISLACIÓN ESPECIAL;2022;0
Asturias;11. LEGISLACIÓN ESPECIAL;2021;1
Asturias;11. LEGISLACIÓN ESPECIAL;2020;1
Asturias;11. LEGISLACIÓN ESPECIAL;2019;2
Asturias;11. LEGISLACIÓN ESPECIAL;2018;0
Asturias;12. OTRAS INFRACCIONES PENALES;2024;173
Asturias;12. OTRAS INFRACCIONES PENALES;2023;224
Asturias;12. OTRAS INFRACCIONES PENALES;2022;188
Asturias;12. OTRAS INFRACCIONES PENALES;2021;178
Asturias;12. OTRAS INFRACCIONES PENALES;2020;129
Asturias;12. OTRAS INFRACCIONES PENALES;2019;171
Asturias;12. OTRAS INFRACCIONES PENALES;2018;183
Asturias;TOTAL INFRACCIONES PENALES;2024;16.930
Asturias;TOTAL INFRACCIONES PENALES;2023;16.528
Asturias;TOTAL INFRACCIONES PENALES;2022;14.671
Asturias;TOTAL INFRACCIONES PENALES;2021;12.426
Asturias;TOTAL INFRACCIONES PENALES;2020;11.325
Asturias;TOTAL INFRACCIONES PENALES;2019;12.550
Asturias;TOTAL INFRACCIONES PENALES;2018;11.775
Palencia;1. CONTRA LAS PERSONAS;2024;622
Palencia;1. CONTRA LAS PERSONAS;2023;640
Palencia;1. CONTRA LAS PERSONAS;2022;541
Palencia;1. CONTRA LAS PERSONAS;2021;469
Palencia;1. CONTRA LAS PERSONAS;2020;380
Palencia;1. CONTRA LAS PERSONAS;2019;472
Palencia;1. CONTRA LAS PERSONAS;2018;459
Palencia;1.1.-Homicidios dolosos/asesinatos;2024;14
Palencia;1.1.-Homicidios dolosos/asesinatos;2023;4
Palencia;1.1.-Homicidios dolosos/asesinatos;2022;3
Palencia;1.1.-Homicidios dolosos/asesinatos;2021;4
Palencia;1.1.-Homicidios dolosos/asesinatos;2020;2
Palencia;1.1.-Homicidios dolosos/asesinatos;2019;5
Palencia;1.1.-Homicidios dolosos/asesinatos;2018;2
Palencia;1.1.1.-Homicidios dolosos/asesinatos consumados;2024;2
Palencia;1.1.1.-Homicidios dolosos/asesinatos consumados;2023;0
Palencia;1.1.1.-Homicidios dolosos/asesinatos consumados;2022;1
Palencia;1.1.1.-Homicidios dolosos/asesinatos consumados;2021;2
Palencia;1.1.1.-Homicidios dolosos/asesinatos consumados;2020;1
Palencia;1.1.1.-Homicidios dolosos/asesinatos consumados;2019;0
Palencia;1.1.1.-Homicidios dolosos/asesinatos consumados;2018;0
Palencia;1.2.-Lesiones;2024;345
Palencia;1.2.-Lesiones;2023;367
Palencia;1.2.-Lesiones;2022;326
Palencia;1.2.-Lesiones;2021;266
Palencia;1.2.-Lesiones;2020;229
Palencia;1.2.-Lesiones;2019;295
Palencia;1.2.-Lesiones;2018;294
Palencia;1.3.-Malos tratos ámbito familiar;2024;241
Palencia;1.3.-Malos tratos ámbito familiar;2023;262
Palencia;1.3.-Malos tratos ámbito familiar;2022;202
Palencia;1.3.-Malos tratos ámbito familiar;2021;194
Palencia;1.3.-Malos tratos ámbito familiar;2020;144
Palencia;1.3.-Malos tratos ámbito familiar;2019;159
Palencia;1.3.-Malos tratos ámbito familiar;2018;157
Palencia;1.4.-Otros contra las personas;2024;22
Palencia;1.4.-Otros contra las personas;2023;7
Palencia;1.4.-Otros contra las personas;2022;10
Palencia;1.4.-Otros contra las personas;2021;5
Palencia;1.4.-Otros contra las personas;2020;5
Palencia;1.4.-Otros contra las personas;2019;13
Palencia;1.4.-Otros contra las personas;2018;6
Palencia;2. CONTRA LA LIBERTAD;2024;353
Palencia;2. CONTRA LA LIBERTAD;2023;319
Palencia;2. CONTRA LA LIBERTAD;2022;319
Palencia;2. CONTRA LA LIBERTAD;2021;344
Palencia;2. CONTRA LA LIBERTAD;2020;296
Palencia;2. CONTRA LA LIBERTAD;2019;281
Palencia;2. CONTRA LA LIBERTAD;2018;292
Palencia;2.1.-Malos tratos habituales en el ámbito familiar;2024;26
Palencia;2.1.-Malos tratos habituales en el ámbito familiar;2023;28
Palencia;2.1.-Malos tratos habituales en el ámbito familiar;2022;24
Palencia;2.1.-Malos tratos habituales en el ámbito familiar;2021;20
Palencia;2.1.-Malos tratos habituales en el ámbito familiar;2020;16
Palencia;2.1.-Malos tratos habituales en el ámbito familiar;2019;27
Palencia;2.1.-Malos tratos habituales en el ámbito familiar;2018;21
Palencia;2.2.-Otros contra la libertad;2024;327
Palencia;2.2.-Otros contra la libertad;2023;291
Palencia;2.2.-Otros contra la libertad;2022;295
Palencia;2.2.-Otros contra la libertad;2021;324
Palencia;2.2.-Otros contra la libertad;2020;280
Palencia;2.2.-Otros contra la libertad;2019;254
Palencia;2.2.-Otros contra la libertad;2018;271
Palencia;3. LIBERTAD SEXUAL;2024;43
Palencia;3. LIBERTAD SEXUAL;2023;26
Palencia;3. LIBERTAD SEXUAL;2022;38
Palencia;3. LIBERTAD SEXUAL;2021;26
Palencia;3. LIBERTAD SEXUAL;2020;30
Palencia;3. LIBERTAD SEXUAL;2019;24
Palencia;3. LIBERTAD SEXUAL;2018;32
Palencia;3.1.-Agresión sexual;2024;26
Palencia;3.1.-Agresión sexual;2023;19
Palencia;3.1.-Agresión sexual;2022;24
Palencia;3.1.-Agresión sexual;2021;18
Palencia;3.1.-Agresión sexual;2020;12
Palencia;3.1.-Agresión sexual;2019;10
Palencia;3.1.-Agresión sexual;2018;21
Palencia;3.2.-Agresión sexual con penetración;2024;9
Palencia;3.2.-Agresión sexual con penetración;2023;3
Palencia;3.2.-Agresión sexual con penetración;2022;6
Palencia;3.2.-Agresión sexual con penetración;2021;4
Palencia;3.2.-Agresión sexual con penetración;2020;4
Palencia;3.2.-Agresión sexual con penetración;2019;6
Palencia;3.2.-Agresión sexual con penetración;2018;4
Palencia;3.3.-Corrupción de menores o incapacitados;2024;1
Palencia;3.3.-Corrupción de menores o incapacitados;2023;0
Palencia;3.3.-Corrupción de menores o incapacitados;2022;0
Palencia;3.3.-Corrupción de menores o incapacitados;2021;0
Palencia;3.3.-Corrupción de menores o incapacitados;2020;1
Palencia;3.3.-Corrupción de menores o incapacitados;2019;2
Palencia;3.3.-Corrupción de menores o incapacitados;2018;0
Palencia;3.4.-Pornografía de menores;2024;2
Palencia;3.4.-Pornografía de menores;2023;0
Palencia;3.4.-Pornografía de menores;2022;3
Palencia;3.4.-Pornografía de menores;2021;1
Palencia;3.4.-Pornografía de menores;2020;5
Palencia;3.4.-Pornografía de menores;2019;4
Palencia;3.4.-Pornografía de menores;2018;2
Palencia;3.5.-Otros contra la libertad sexual;2024;5
Palencia;3.5.-Otros contra la libertad sexual;2023;4
Palencia;3.5.-Otros contra la libertad sexual;2022;5
Palencia;3.5.-Otros contra la libertad sexual;2021;3
Palencia;3.5.-Otros contra la libertad sexual;2020;8
Palencia;3.5.-Otros contra la libertad sexual;2019;2
Palencia;3.5.-Otros contra la libertad sexual;2018;5
Palencia;4. RELACIONES FAMILIARES;2024;24
Palencia;4. RELACIONES FAMILIARES;2023;14
Palencia;4. RELACIONES FAMILIARES;2022;14
Palencia;4. RELACIONES FAMILIARES;2021;12
Palencia;4. RELACIONES FAMILIARES;2020;6
Palencia;4. RELACIONES FAMILIARES;2019;16
Palencia;4. RELACIONES FAMILIARES;2018;14
Palencia;5. PATRIMONIO;2024;883
Palencia;5. PATRIMONIO;2023;980
Palencia;5. PATRIMONIO;2022;853
Palencia;5. PATRIMONIO;2021;711
Palencia;5. PATRIMONIO;2020;640
Palencia;5. PATRIMONIO;2019;759
Palencia;5. PATRIMONIO;2018;737
Palencia;5.1.-Hurtos;2024;208
Palencia;5.1.-Hurtos;2023;250
Palencia;5.1.-Hurtos;2022;223
Palencia;5.1.-Hurtos;2021;175
Palencia;5.1.-Hurtos;2020;136
Palencia;5.1.-Hurtos;2019;205
Palencia;5.1.-Hurtos;2018;239
Palencia;5.2.-Robos con fuerza en las cosas;2024;75
Palencia;5.2.-Robos con fuerza en las cosas;2023;75
Palencia;5.2.-Robos con fuerza en las cosas;2022;59
Palencia;5.2.-Robos con fuerza en las cosas;2021;55
Palencia;5.2.-Robos con fuerza en las cosas;2020;58
Palencia;5.2.-Robos con fuerza en las cosas;2019;133
Palencia;5.2.-Robos con fuerza en las cosas;2018;97
Palencia;5.2.1.-Robos con fuerza en las cosas en el interior de vehículos;2024;8
Palencia;5.2.1.-Robos con fuerza en las cosas en el interior de vehículos;2023;6
Palencia;5.2.1.-Robos con fuerza en las cosas en el interior de vehículos;2022;2
Palencia;5.2.1.-Robos con fuerza en las cosas en el interior de vehículos;2021;2
Palencia;5.2.1.-Robos con fuerza en las cosas en el interior de vehículos;2020;5
Palencia;5.2.1.-Robos con fuerza en las cosas en el interior de vehículos;2019;4
Palencia;5.2.1.-Robos con fuerza en las cosas en el interior de vehículos;2018;6
Palencia;5.2.2.-Robos con fuerza en viviendas;2024;19
Palencia;5.2.2.-Robos con fuerza en viviendas;2023;30
Palencia;5.2.2.-Robos con fuerza en viviendas;2022;15
Palencia;5.2.2.-Robos con fuerza en viviendas;2021;16
Palencia;5.2.2.-Robos con fuerza en viviendas;2020;15
Palencia;5.2.2.-Robos con fuerza en viviendas;2019;22
Palencia;5.2.2.-Robos con fuerza en viviendas;2018;30
Palencia;5.2.3.-Robos con fuerza en establecimientos;2024;11
Palencia;5.2.3.-Robos con fuerza en establecimientos;2023;7
Palencia;5.2.3.-Robos con fuerza en establecimientos;2022;14
Palencia;5.2.3.-Robos con fuerza en establecimientos;2021;25
Palencia;5.2.3.-Robos con fuerza en establecimientos;2020;13
Palencia;5.2.3.-Robos con fuerza en establecimientos;2019;33
Palencia;5.2.3.-Robos con fuerza en establecimientos;2018;35
Palencia;5.3.-Robos con violencia o intimidación;2024;19
Palencia;5.3.-Robos con violencia o intimidación;2023;31
Palencia;5.3.-Robos con violencia o intimidación;2022;31
Palencia;5.3.-Robos con violencia o intimidación;2021;29
Palencia;5.3.-Robos con violencia o intimidación;2020;23
Palencia;5.3.-Robos con violencia o intimidación;2019;24
Palencia;5.3.-Robos con violencia o intimidación;2018;13
Palencia;5.3.1.-Robos con violencia en vía pública;2024;10
Palencia;5.3.1.-Robos con violencia en vía pública;2023;19
Palencia;5.3.1.-Robos con violencia en vía pública;2022;17
Palencia;5.3.1.-Robos con violencia en vía pública;2021;13
Palencia;5.3.1.-Robos con violencia en vía pública;2020;8
Palencia;5.3.1.-Robos con violencia en vía pública;2019;9
Palencia;5.3.1.-Robos con violencia en vía pública;2018;5
Palencia;5.3.2.-Robos con violencia en viviendas;2024;3
Palencia;5.3.2.-Robos con violencia en viviendas;2023;4
Palencia;5.3.2.-Robos con violencia en viviendas;2022;2
Palencia;5.3.2.-Robos con violencia en viviendas;2021;1
Palencia;5.3.2.-Robos con violencia en viviendas;2020;4
Palencia;5.3.2.-Robos con violencia en viviendas;2019;0
Palencia;5.3.2.-Robos con violencia en viviendas;2018;2
Palencia;5.3.3.-Robos con violencia en establecimientos;2024;6
Palencia;5.3.3.-Robos con violencia en establecimientos;2023;7
Palencia;5.3.3.-Robos con violencia en establecimientos;2022;9
Palencia;5.3.3.-Robos con violencia en establecimientos;2021;10
Palencia;5.3.3.-Robos con violencia en establecimientos;2020;9
Palencia;5.3.3.-Robos con violencia en establecimientos;2019;12
Palencia;5.3.3.-Robos con violencia en establecimientos;2018;6
Palencia;5.4.-Sustracción de vehículos;2024;19
Palencia;5.4.-Sustracción de vehículos;2023;10
Palencia;5.4.-Sustracción de vehículos;2022;11
Palencia;5.4.-Sustracción de vehículos;2021;10
Palencia;5.4.-Sustracción de vehículos;2020;15
Palencia;5.4.-Sustracción de vehículos;2019;13
Palencia;5.4.-Sustracción de vehículos;2018;9
Palencia;5.5.-Estafas;2024;345
Palencia;5.5.-Estafas;2023;404
Palencia;5.5.-Estafas;2022;354
Palencia;5.5.-Estafas;2021;253
Palencia;5.5.-Estafas;2020;212
Palencia;5.5.-Estafas;2019;191
Palencia;5.5.-Estafas;2018;169
Palencia;5.5.1.-Estafas informáticas;2024;308
Palencia;5.5.1.-Estafas informáticas;2023;349
Palencia;5.5.1.-Estafas informáticas;2022;264
Palencia;5.5.1.-Estafas informáticas;2021;202
Palencia;5.5.1.-Estafas informáticas;2020;143
Palencia;5.5.1.-Estafas informáticas;2019;107
Palencia;5.5.1.-Estafas informáticas;2018;84
Palencia;5.6.-Daños;2024;148
Palencia;5.6.-Daños;2023;141
Palencia;5.6.-Daños;2022;122
Palencia;5.6.-Daños;2021;107
Palencia;5.6.-Daños;2020;127
Palencia;5.6.-Daños;2019;110
Palencia;5.6.-Daños;2018;117
Palencia;5.7.-Contra la propiedad intelectual/industrial;2024;5
Palencia;5.7.-Contra la propiedad intelectual/industrial;2023;10
Palencia;5.7.-Contra la propiedad intelectual/industrial;2022;3
Palencia;5.7.-Contra la propiedad intelectual/industrial;2021;2
Palencia;5.7.-Contra la propiedad intelectual/industrial;2020;1
Palencia;5.7.-Contra la propiedad intelectual/industrial;2019;5
Palencia;5.7.-Contra la propiedad intelectual/industrial;2018;9
Palencia;5.8.-Blanqueo de capitales;2024;3
Palencia;5.8.-Blanqueo de capitales;2023;1
Palencia;5.8.-Blanqueo de capitales;2022;3
Palencia;5.8.-Blanqueo de capitales;2021;1
Palencia;5.8.-Blanqueo de capitales;2020;1
Palencia;5.8.-Blanqueo de capitales;2019;0
Palencia;5.8.-Blanqueo de capitales;2018;0
Palencia;5.9.-Otros contra el patrimonio;2024;61
Palencia;5.9.-Otros contra el patrimonio;2023;58
Palencia;5.9.-Otros contra el patrimonio;2022;47
Palencia;5.9.-Otros contra el patrimonio;2021;79
Palencia;5.9.-Otros contra el patrimonio;2020;67
Palencia;5.9.-Otros contra el patrimonio;2019;78
Palencia;5.9.-Otros contra el patrimonio;2018;84
Palencia;6. SEGURIDAD COLECTIVA;2024;234
Palencia;6. SEGURIDAD COLECTIVA;2023;251
Palencia;6. SEGURIDAD COLECTIVA;2022;244
Palencia;6. SEGURIDAD COLECTIVA;2021;187
Palencia;6. SEGURIDAD COLECTIVA;2020;166
Palencia;6. SEGURIDAD COLECTIVA;2019;216
Palencia;6. SEGURIDAD COLECTIVA;2018;199
Palencia;6.1.-Tráfico de drogas;2024;44
Palencia;6.1.-Tráfico de drogas;2023;53
Palencia;6.1.-Tráfico de drogas;2022;49
Palencia;6.1.-Tráfico de drogas;2021;39
Palencia;6.1.-Tráfico de drogas;2020;46
Palencia;6.1.-Tráfico de drogas;2019;44
Palencia;6.1.-Tráfico de drogas;2018;28
Palencia;6.2.-Contra la seguridad vial;2024;185
Palencia;6.2.-Contra la seguridad vial;2023;192
Palencia;6.2.-Contra la seguridad vial;2022;190
Palencia;6.2.-Contra la seguridad vial;2021;143
Palencia;6.2.-Contra la seguridad vial;2020;118
Palencia;6.2.-Contra la seguridad vial;2019;170
Palencia;6.2.-Contra la seguridad vial;2018;159
Palencia;6.3.-Otros contra la seguridad colectiva;2024;5
Palencia;6.3.-Otros contra la seguridad colectiva;2023;6
Palencia;6.3.-Otros contra la seguridad colectiva;2022;5
Palencia;6.3.-Otros contra la seguridad colectiva;2021;5
Palencia;6.3.-Otros contra la seguridad colectiva;2020;2
Palencia;6.3.-Otros contra la seguridad colectiva;2019;2
Palencia;6.3.-Otros contra la seguridad colectiva;2018;12
Palencia;7. FALSEDADES;2024;47
Palencia;7. FALSEDADES;2023;51
Palencia;7. FALSEDADES;2022;45
Palencia;7. FALSEDADES;2021;61
Palencia;7. FALSEDADES;2020;41
Palencia;7. FALSEDADES;2019;49
Palencia;7. FALSEDADES;2018;37
Palencia;8. ADMÓN. PÚBLICA;2024;3
Palencia;8. ADMÓN. PÚBLICA;2023;5
Palencia;8. ADMÓN. PÚBLICA;2022;2
Palencia;8. ADMÓN. PÚBLICA;2021;0
Palencia;8. ADMÓN. PÚBLICA;2020;2
Palencia;8. ADMÓN. PÚBLICA;2019;1
Palencia;8. ADMÓN. PÚBLICA;2018;2
Palencia;9. ADMÓN. JUSTICIA;2024;140
Palencia;9. ADMÓN. JUSTICIA;2023;141
Palencia;9. ADMÓN. JUSTICIA;2022;110
Palencia;9. ADMÓN. JUSTICIA;2021;68
Palencia;9. ADMÓN. JUSTICIA;2020;69
Palencia;9. ADMÓN. JUSTICIA;2019;73
Palencia;9. ADMÓN. JUSTICIA;2018;70
Palencia;10. ORDEN PÚBLICO;2024;83
Palencia;10. ORDEN PÚBLICO;2023;84
Palencia;10. ORDEN PÚBLICO;2022;96
Palencia;10. ORDEN PÚBLICO;2021;63
Palencia;10. ORDEN PÚBLICO;2020;56
Palencia;10. ORDEN PÚBLICO;2019;60
Palencia;10. ORDEN PÚBLICO;2018;56
Palencia;11. LEGISLACIÓN ESPECIAL;2024;0
Palencia;11. LEGISLACIÓN ESPECIAL;2023;3
Palencia;11. LEGISLACIÓN ESPECIAL;2022;0
Palencia;11. LEGISLACIÓN ESPECIAL;2021;0
Palencia;11. LEGISLACIÓN ESPECIAL;2020;0
Palencia;11. LEGISLACIÓN ESPECIAL;2019;3
Palencia;11. LEGISLACIÓN ESPECIAL;2018;0
Palencia;12. OTRAS INFRACCIONES PENALES;2024;33
Palencia;12. OTRAS INFRACCIONES PENALES;2023;43
Palencia;12. OTRAS INFRACCIONES PENALES;2022;28
Palencia;12. OTRAS INFRACCIONES PENALES;2021;28
Palencia;12. OTRAS INFRACCIONES PENALES;2020;34
Palencia;12. OTRAS INFRACCIONES PENALES;2019;15
Palencia;12. OTRAS INFRACCIONES PENALES;2018;28
Palencia;TOTAL INFRACCIONES PENALES;2024;2.465
Palencia;TOTAL INFRACCIONES PENALES;2023;2.557
Palencia;TOTAL INFRACCIONES PENALES;2022;2.290
Palencia;TOTAL INFRACCIONES PENALES;2021;1.969
Palencia;TOTAL INFRACCIONES PENALES;2020;1.720
Palencia;TOTAL INFRACCIONES PENALES;2019;1.969
Palencia;TOTAL INFRACCIONES PENALES;2018;1.926
Palmas (Las);1. CONTRA LAS PERSONAS;2024;7.625
Palmas (Las);1. CONTRA LAS PERSONAS;2023;7.690
Palmas (Las);1. CONTRA LAS PERSONAS;2022;7.078
Palmas (Las);1. CONTRA LAS PERSONAS;2021;6.479
Palmas (Las);1. CONTRA LAS PERSONAS;2020;6.204
Palmas (Las);1. CONTRA LAS PERSONAS;2019;6.560
Palmas (Las);1. CONTRA LAS PERSONAS;2018;6.256
Palmas (Las);1.1.-Homicidios dolosos/asesinatos;2024;30
Palmas (Las);1.1.-Homicidios dolosos/asesinatos;2023;37
Palmas (Las);1.1.-Homicidios dolosos/asesinatos;2022;34
Palmas (Las);1.1.-Homicidios dolosos/asesinatos;2021;30
Palmas (Las);1.1.-Homicidios dolosos/asesinatos;2020;25
Palmas (Las);1.1.-Homicidios dolosos/asesinatos;2019;35
Palmas (Las);1.1.-Homicidios dolosos/asesinatos;2018;28
Palmas (Las);1.1.1.-Homicidios dolosos/asesinatos consumados;2024;6
Palmas (Las);1.1.1.-Homicidios dolosos/asesinatos consumados;2023;7
Palmas (Las);1.1.1.-Homicidios dolosos/asesinatos consumados;2022;7
Palmas (Las);1.1.1.-Homicidios dolosos/asesinatos consumados;2021;7
Palmas (Las);1.1.1.-Homicidios dolosos/asesinatos consumados;2020;4
Palmas (Las);1.1.1.-Homicidios dolosos/asesinatos consumados;2019;10
Palmas (Las);1.1.1.-Homicidios dolosos/asesinatos consumados;2018;11
Palmas (Las);1.2.-Lesiones;2024;3.720
Palmas (Las);1.2.-Lesiones;2023;3.798
Palmas (Las);1.2.-Lesiones;2022;3.505
Palmas (Las);1.2.-Lesiones;2021;3.286
Palmas (Las);1.2.-Lesiones;2020;3.046
Palmas (Las);1.2.-Lesiones;2019;3.528
Palmas (Las);1.2.-Lesiones;2018;3.385
Palmas (Las);1.3.-Malos tratos ámbito familiar;2024;3.575
Palmas (Las);1.3.-Malos tratos ámbito familiar;2023;3.552
Palmas (Las);1.3.-Malos tratos ámbito familiar;2022;3.268
Palmas (Las);1.3.-Malos tratos ámbito familiar;2021;2.957
Palmas (Las);1.3.-Malos tratos ámbito familiar;2020;2.934
Palmas (Las);1.3.-Malos tratos ámbito familiar;2019;2.785
Palmas (Las);1.3.-Malos tratos ámbito familiar;2018;2.649
Palmas (Las);1.4.-Otros contra las personas;2024;300
Palmas (Las);1.4.-Otros contra las personas;2023;303
Palmas (Las);1.4.-Otros contra las personas;2022;271
Palmas (Las);1.4.-Otros contra las personas;2021;206
Palmas (Las);1.4.-Otros contra las personas;2020;199
Palmas (Las);1.4.-Otros contra las personas;2019;212
Palmas (Las);1.4.-Otros contra las personas;2018;194
Palmas (Las);2. CONTRA LA LIBERTAD;2024;5.355
Palmas (Las);2. CONTRA LA LIBERTAD;2023;5.561
Palmas (Las);2. CONTRA LA LIBERTAD;2022;5.056
Palmas (Las);2. CONTRA LA LIBERTAD;2021;5.121
Palmas (Las);2. CONTRA LA LIBERTAD;2020;5.147
Palmas (Las);2. CONTRA LA LIBERTAD;2019;4.986
Palmas (Las);2. CONTRA LA LIBERTAD;2018;4.828
Palmas (Las);2.1.-Malos tratos habituales en el ámbito familiar;2024;471
Palmas (Las);2.1.-Malos tratos habituales en el ámbito familiar;2023;436
Palmas (Las);2.1.-Malos tratos habituales en el ámbito familiar;2022;382
Palmas (Las);2.1.-Malos tratos habituales en el ámbito familiar;2021;389
Palmas (Las);2.1.-Malos tratos habituales en el ámbito familiar;2020;360
Palmas (Las);2.1.-Malos tratos habituales en el ámbito familiar;2019;389
Palmas (Las);2.1.-Malos tratos habituales en el ámbito familiar;2018;337
Palmas (Las);2.2.-Otros contra la libertad;2024;4.884
Palmas (Las);2.2.-Otros contra la libertad;2023;5.125
Palmas (Las);2.2.-Otros contra la libertad;2022;4.674
Palmas (Las);2.2.-Otros contra la libertad;2021;4.732
Palmas (Las);2.2.-Otros contra la libertad;2020;4.787
Palmas (Las);2.2.-Otros contra la libertad;2019;4.597
Palmas (Las);2.2.-Otros contra la libertad;2018;4.491
Palmas (Las);3. LIBERTAD SEXUAL;2024;657
Palmas (Las);3. LIBERTAD SEXUAL;2023;552
Palmas (Las);3. LIBERTAD SEXUAL;2022;558
Palmas (Las);3. LIBERTAD SEXUAL;2021;485
Palmas (Las);3. LIBERTAD SEXUAL;2020;459
Palmas (Las);3. LIBERTAD SEXUAL;2019;436
Palmas (Las);3. LIBERTAD SEXUAL;2018;396
Palmas (Las);3.1.-Agresión sexual;2024;439
Palmas (Las);3.1.-Agresión sexual;2023;358
Palmas (Las);3.1.-Agresión sexual;2022;376
Palmas (Las);3.1.-Agresión sexual;2021;312
Palmas (Las);3.1.-Agresión sexual;2020;271
Palmas (Las);3.1.-Agresión sexual;2019;277
Palmas (Las);3.1.-Agresión sexual;2018;244
Palmas (Las);3.2.-Agresión sexual con penetración;2024;124
Palmas (Las);3.2.-Agresión sexual con penetración;2023;109
Palmas (Las);3.2.-Agresión sexual con penetración;2022;113
Palmas (Las);3.2.-Agresión sexual con penetración;2021;89
Palmas (Las);3.2.-Agresión sexual con penetración;2020;98
Palmas (Las);3.2.-Agresión sexual con penetración;2019;64
Palmas (Las);3.2.-Agresión sexual con penetración;2018;84
Palmas (Las);3.3.-Corrupción de menores o incapacitados;2024;9
Palmas (Las);3.3.-Corrupción de menores o incapacitados;2023;12
Palmas (Las);3.3.-Corrupción de menores o incapacitados;2022;7
Palmas (Las);3.3.-Corrupción de menores o incapacitados;2021;8
Palmas (Las);3.3.-Corrupción de menores o incapacitados;2020;23
Palmas (Las);3.3.-Corrupción de menores o incapacitados;2019;14
Palmas (Las);3.3.-Corrupción de menores o incapacitados;2018;4
Palmas (Las);3.4.-Pornografía de menores;2024;25
Palmas (Las);3.4.-Pornografía de menores;2023;25
Palmas (Las);3.4.-Pornografía de menores;2022;18
Palmas (Las);3.4.-Pornografía de menores;2021;36
Palmas (Las);3.4.-Pornografía de menores;2020;31
Palmas (Las);3.4.-Pornografía de menores;2019;38
Palmas (Las);3.4.-Pornografía de menores;2018;22
Palmas (Las);3.5.-Otros contra la libertad sexual;2024;60
Palmas (Las);3.5.-Otros contra la libertad sexual;2023;48
Palmas (Las);3.5.-Otros contra la libertad sexual;2022;44
Palmas (Las);3.5.-Otros contra la libertad sexual;2021;40
Palmas (Las);3.5.-Otros contra la libertad sexual;2020;36
Palmas (Las);3.5.-Otros contra la libertad sexual;2019;43
Palmas (Las);3.5.-Otros contra la libertad sexual;2018;42
Palmas (Las);4. RELACIONES FAMILIARES;2024;363
Palmas (Las);4. RELACIONES FAMILIARES;2023;362
Palmas (Las);4. RELACIONES FAMILIARES;2022;450
Palmas (Las);4. RELACIONES FAMILIARES;2021;433
Palmas (Las);4. RELACIONES FAMILIARES;2020;456
Palmas (Las);4. RELACIONES FAMILIARES;2019;492
Palmas (Las);4. RELACIONES FAMILIARES;2018;566
Palmas (Las);5. PATRIMONIO;2024;10.897
Palmas (Las);5. PATRIMONIO;2023;10.396
Palmas (Las);5. PATRIMONIO;2022;9.537
Palmas (Las);5. PATRIMONIO;2021;8.645
Palmas (Las);5. PATRIMONIO;2020;8.445
Palmas (Las);5. PATRIMONIO;2019;9.208
Palmas (Las);5. PATRIMONIO;2018;8.685
Palmas (Las);5.1.-Hurtos;2024;4.389
Palmas (Las);5.1.-Hurtos;2023;3.868
Palmas (Las);5.1.-Hurtos;2022;3.384
Palmas (Las);5.1.-Hurtos;2021;2.959
Palmas (Las);5.1.-Hurtos;2020;2.475
Palmas (Las);5.1.-Hurtos;2019;3.059
Palmas (Las);5.1.-Hurtos;2018;3.065
Palmas (Las);5.2.-Robos con fuerza en las cosas;2024;999
Palmas (Las);5.2.-Robos con fuerza en las cosas;2023;1.068
Palmas (Las);5.2.-Robos con fuerza en las cosas;2022;1.151
Palmas (Las);5.2.-Robos con fuerza en las cosas;2021;1.141
Palmas (Las);5.2.-Robos con fuerza en las cosas;2020;930
Palmas (Las);5.2.-Robos con fuerza en las cosas;2019;1.177
Palmas (Las);5.2.-Robos con fuerza en las cosas;2018;1.255
Palmas (Las);5.2.1.-Robos con fuerza en las cosas en el interior de vehículos;2024;286
Palmas (Las);5.2.1.-Robos con fuerza en las cosas en el interior de vehículos;2023;230
Palmas (Las);5.2.1.-Robos con fuerza en las cosas en el interior de vehículos;2022;295
Palmas (Las);5.2.1.-Robos con fuerza en las cosas en el interior de vehículos;2021;232
Palmas (Las);5.2.1.-Robos con fuerza en las cosas en el interior de vehículos;2020;192
Palmas (Las);5.2.1.-Robos con fuerza en las cosas en el interior de vehículos;2019;277
Palmas (Las);5.2.1.-Robos con fuerza en las cosas en el interior de vehículos;2018;264
Palmas (Las);5.2.2.-Robos con fuerza en viviendas;2024;227
Palmas (Las);5.2.2.-Robos con fuerza en viviendas;2023;320
Palmas (Las);5.2.2.-Robos con fuerza en viviendas;2022;339
Palmas (Las);5.2.2.-Robos con fuerza en viviendas;2021;396
Palmas (Las);5.2.2.-Robos con fuerza en viviendas;2020;330
Palmas (Las);5.2.2.-Robos con fuerza en viviendas;2019;357
Palmas (Las);5.2.2.-Robos con fuerza en viviendas;2018;407
Palmas (Las);5.2.3.-Robos con fuerza en establecimientos;2024;242
Palmas (Las);5.2.3.-Robos con fuerza en establecimientos;2023;241
Palmas (Las);5.2.3.-Robos con fuerza en establecimientos;2022;260
Palmas (Las);5.2.3.-Robos con fuerza en establecimientos;2021;240
Palmas (Las);5.2.3.-Robos con fuerza en establecimientos;2020;209
Palmas (Las);5.2.3.-Robos con fuerza en establecimientos;2019;255
Palmas (Las);5.2.3.-Robos con fuerza en establecimientos;2018;293
Palmas (Las);5.3.-Robos con violencia o intimidación;2024;500
Palmas (Las);5.3.-Robos con violencia o intimidación;2023;537
Palmas (Las);5.3.-Robos con violencia o intimidación;2022;458
Palmas (Las);5.3.-Robos con violencia o intimidación;2021;450
Palmas (Las);5.3.-Robos con violencia o intimidación;2020;429
Palmas (Las);5.3.-Robos con violencia o intimidación;2019;425
Palmas (Las);5.3.-Robos con violencia o intimidación;2018;425
Palmas (Las);5.3.1.-Robos con violencia en vía pública;2024;246
Palmas (Las);5.3.1.-Robos con violencia en vía pública;2023;279
Palmas (Las);5.3.1.-Robos con violencia en vía pública;2022;233
Palmas (Las);5.3.1.-Robos con violencia en vía pública;2021;235
Palmas (Las);5.3.1.-Robos con violencia en vía pública;2020;212
Palmas (Las);5.3.1.-Robos con violencia en vía pública;2019;223
Palmas (Las);5.3.1.-Robos con violencia en vía pública;2018;215
Palmas (Las);5.3.2.-Robos con violencia en viviendas;2024;60
Palmas (Las);5.3.2.-Robos con violencia en viviendas;2023;55
Palmas (Las);5.3.2.-Robos con violencia en viviendas;2022;51
Palmas (Las);5.3.2.-Robos con violencia en viviendas;2021;59
Palmas (Las);5.3.2.-Robos con violencia en viviendas;2020;68
Palmas (Las);5.3.2.-Robos con violencia en viviendas;2019;60
Palmas (Las);5.3.2.-Robos con violencia en viviendas;2018;46
Palmas (Las);5.3.3.-Robos con violencia en establecimientos;2024;116
Palmas (Las);5.3.3.-Robos con violencia en establecimientos;2023;126
Palmas (Las);5.3.3.-Robos con violencia en establecimientos;2022;102
Palmas (Las);5.3.3.-Robos con violencia en establecimientos;2021;92
Palmas (Las);5.3.3.-Robos con violencia en establecimientos;2020;92
Palmas (Las);5.3.3.-Robos con violencia en establecimientos;2019;75
Palmas (Las);5.3.3.-Robos con violencia en establecimientos;2018;94
Palmas (Las);5.4.-Sustracción de vehículos;2024;382
Palmas (Las);5.4.-Sustracción de vehículos;2023;384
Palmas (Las);5.4.-Sustracción de vehículos;2022;255
Palmas (Las);5.4.-Sustracción de vehículos;2021;188
Palmas (Las);5.4.-Sustracción de vehículos;2020;220
Palmas (Las);5.4.-Sustracción de vehículos;2019;285
Palmas (Las);5.4.-Sustracción de vehículos;2018;226
Palmas (Las);5.5.-Estafas;2024;2.341
Palmas (Las);5.5.-Estafas;2023;2.272
Palmas (Las);5.5.-Estafas;2022;2.034
Palmas (Las);5.5.-Estafas;2021;1.886
Palmas (Las);5.5.-Estafas;2020;2.292
Palmas (Las);5.5.-Estafas;2019;2.029
Palmas (Las);5.5.-Estafas;2018;1.581
Palmas (Las);5.5.1.-Estafas informáticas;2024;1.422
Palmas (Las);5.5.1.-Estafas informáticas;2023;1.365
Palmas (Las);5.5.1.-Estafas informáticas;2022;1.091
Palmas (Las);5.5.1.-Estafas informáticas;2021;950
Palmas (Las);5.5.1.-Estafas informáticas;2020;965
Palmas (Las);5.5.1.-Estafas informáticas;2019;671
Palmas (Las);5.5.1.-Estafas informáticas;2018;494
Palmas (Las);5.6.-Daños;2024;1.458
Palmas (Las);5.6.-Daños;2023;1.472
Palmas (Las);5.6.-Daños;2022;1.520
Palmas (Las);5.6.-Daños;2021;1.384
Palmas (Las);5.6.-Daños;2020;1.281
Palmas (Las);5.6.-Daños;2019;1.355
Palmas (Las);5.6.-Daños;2018;1.236
Palmas (Las);5.7.-Contra la propiedad intelectual/industrial;2024;28
Palmas (Las);5.7.-Contra la propiedad intelectual/industrial;2023;34
Palmas (Las);5.7.-Contra la propiedad intelectual/industrial;2022;51
Palmas (Las);5.7.-Contra la propiedad intelectual/industrial;2021;13
Palmas (Las);5.7.-Contra la propiedad intelectual/industrial;2020;22
Palmas (Las);5.7.-Contra la propiedad intelectual/industrial;2019;81
Palmas (Las);5.7.-Contra la propiedad intelectual/industrial;2018;61
Palmas (Las);5.8.-Blanqueo de capitales;2024;11
Palmas (Las);5.8.-Blanqueo de capitales;2023;8
Palmas (Las);5.8.-Blanqueo de capitales;2022;6
Palmas (Las);5.8.-Blanqueo de capitales;2021;9
Palmas (Las);5.8.-Blanqueo de capitales;2020;5
Palmas (Las);5.8.-Blanqueo de capitales;2019;9
Palmas (Las);5.8.-Blanqueo de capitales;2018;7
Palmas (Las);5.9.-Otros contra el patrimonio;2024;789
Palmas (Las);5.9.-Otros contra el patrimonio;2023;753
Palmas (Las);5.9.-Otros contra el patrimonio;2022;678
Palmas (Las);5.9.-Otros contra el patrimonio;2021;615
Palmas (Las);5.9.-Otros contra el patrimonio;2020;791
Palmas (Las);5.9.-Otros contra el patrimonio;2019;788
Palmas (Las);5.9.-Otros contra el patrimonio;2018;829
Palmas (Las);6. SEGURIDAD COLECTIVA;2024;1.683
Palmas (Las);6. SEGURIDAD COLECTIVA;2023;1.631
Palmas (Las);6. SEGURIDAD COLECTIVA;2022;1.634
Palmas (Las);6. SEGURIDAD COLECTIVA;2021;1.481
Palmas (Las);6. SEGURIDAD COLECTIVA;2020;1.397
Palmas (Las);6. SEGURIDAD COLECTIVA;2019;1.741
Palmas (Las);6. SEGURIDAD COLECTIVA;2018;1.609
Palmas (Las);6.1.-Tráfico de drogas;2024;368
Palmas (Las);6.1.-Tráfico de drogas;2023;392
Palmas (Las);6.1.-Tráfico de drogas;2022;422
Palmas (Las);6.1.-Tráfico de drogas;2021;341
Palmas (Las);6.1.-Tráfico de drogas;2020;299
Palmas (Las);6.1.-Tráfico de drogas;2019;384
Palmas (Las);6.1.-Tráfico de drogas;2018;377
Palmas (Las);6.2.-Contra la seguridad vial;2024;1.234
Palmas (Las);6.2.-Contra la seguridad vial;2023;1.159
Palmas (Las);6.2.-Contra la seguridad vial;2022;1.158
Palmas (Las);6.2.-Contra la seguridad vial;2021;1.107
Palmas (Las);6.2.-Contra la seguridad vial;2020;1.070
Palmas (Las);6.2.-Contra la seguridad vial;2019;1.335
Palmas (Las);6.2.-Contra la seguridad vial;2018;1.184
Palmas (Las);6.3.-Otros contra la seguridad colectiva;2024;81
Palmas (Las);6.3.-Otros contra la seguridad colectiva;2023;80
Palmas (Las);6.3.-Otros contra la seguridad colectiva;2022;54
Palmas (Las);6.3.-Otros contra la seguridad colectiva;2021;33
Palmas (Las);6.3.-Otros contra la seguridad colectiva;2020;28
Palmas (Las);6.3.-Otros contra la seguridad colectiva;2019;22
Palmas (Las);6.3.-Otros contra la seguridad colectiva;2018;48
Palmas (Las);7. FALSEDADES;2024;307
Palmas (Las);7. FALSEDADES;2023;285
Palmas (Las);7. FALSEDADES;2022;300
Palmas (Las);7. FALSEDADES;2021;337
Palmas (Las);7. FALSEDADES;2020;318
Palmas (Las);7. FALSEDADES;2019;432
Palmas (Las);7. FALSEDADES;2018;309
Palmas (Las);8. ADMÓN. PÚBLICA;2024;14
Palmas (Las);8. ADMÓN. PÚBLICA;2023;9
Palmas (Las);8. ADMÓN. PÚBLICA;2022;10
Palmas (Las);8. ADMÓN. PÚBLICA;2021;15
Palmas (Las);8. ADMÓN. PÚBLICA;2020;9
Palmas (Las);8. ADMÓN. PÚBLICA;2019;7
Palmas (Las);8. ADMÓN. PÚBLICA;2018;7
Palmas (Las);9. ADMÓN. JUSTICIA;2024;1.356
Palmas (Las);9. ADMÓN. JUSTICIA;2023;1.304
Palmas (Las);9. ADMÓN. JUSTICIA;2022;1.167
Palmas (Las);9. ADMÓN. JUSTICIA;2021;1.009
Palmas (Las);9. ADMÓN. JUSTICIA;2020;987
Palmas (Las);9. ADMÓN. JUSTICIA;2019;1.017
Palmas (Las);9. ADMÓN. JUSTICIA;2018;844
Palmas (Las);10. ORDEN PÚBLICO;2024;641
Palmas (Las);10. ORDEN PÚBLICO;2023;585
Palmas (Las);10. ORDEN PÚBLICO;2022;465
Palmas (Las);10. ORDEN PÚBLICO;2021;623
Palmas (Las);10. ORDEN PÚBLICO;2020;771
Palmas (Las);10. ORDEN PÚBLICO;2019;504
Palmas (Las);10. ORDEN PÚBLICO;2018;438
Palmas (Las);11. LEGISLACIÓN ESPECIAL;2024;2
Palmas (Las);11. LEGISLACIÓN ESPECIAL;2023;2
Palmas (Las);11. LEGISLACIÓN ESPECIAL;2022;0
Palmas (Las);11. LEGISLACIÓN ESPECIAL;2021;2
Palmas (Las);11. LEGISLACIÓN ESPECIAL;2020;1
Palmas (Las);11. LEGISLACIÓN ESPECIAL;2019;9
Palmas (Las);11. LEGISLACIÓN ESPECIAL;2018;0
Palmas (Las);12. OTRAS INFRACCIONES PENALES;2024;321
Palmas (Las);12. OTRAS INFRACCIONES PENALES;2023;340
Palmas (Las);12. OTRAS INFRACCIONES PENALES;2022;390
Palmas (Las);12. OTRAS INFRACCIONES PENALES;2021;307
Palmas (Las);12. OTRAS INFRACCIONES PENALES;2020;251
Palmas (Las);12. OTRAS INFRACCIONES PENALES;2019;238
Palmas (Las);12. OTRAS INFRACCIONES PENALES;2018;194
Palmas (Las);TOTAL INFRACCIONES PENALES;2024;29.221
Palmas (Las);TOTAL INFRACCIONES PENALES;2023;28.717
Palmas (Las);TOTAL INFRACCIONES PENALES;2022;26.645
Palmas (Las);TOTAL INFRACCIONES PENALES;2021;24.937
Palmas (Las);TOTAL INFRACCIONES PENALES;2020;24.445
Palmas (Las);TOTAL INFRACCIONES PENALES;2019;25.630
Palmas (Las);TOTAL INFRACCIONES PENALES;2018;24.132
Pontevedra;1. CONTRA LAS PERSONAS;2024;3.319
Pontevedra;1. CONTRA LAS PERSONAS;2023;3.383
Pontevedra;1. CONTRA LAS PERSONAS;2022;3.185
Pontevedra;1. CONTRA LAS PERSONAS;2021;2.878
Pontevedra;1. CONTRA LAS PERSONAS;2020;2.759
Pontevedra;1. CONTRA LAS PERSONAS;2019;2.902
Pontevedra;1. CONTRA LAS PERSONAS;2018;2.807
Pontevedra;1.1.-Homicidios dolosos/asesinatos;2024;25
Pontevedra;1.1.-Homicidios dolosos/asesinatos;2023;25
Pontevedra;1.1.-Homicidios dolosos/asesinatos;2022;17
Pontevedra;1.1.-Homicidios dolosos/asesinatos;2021;11
Pontevedra;1.1.-Homicidios dolosos/asesinatos;2020;19
Pontevedra;1.1.-Homicidios dolosos/asesinatos;2019;19
Pontevedra;1.1.-Homicidios dolosos/asesinatos;2018;5
Pontevedra;1.1.1.-Homicidios dolosos/asesinatos consumados;2024;8
Pontevedra;1.1.1.-Homicidios dolosos/asesinatos consumados;2023;4
Pontevedra;1.1.1.-Homicidios dolosos/asesinatos consumados;2022;6
Pontevedra;1.1.1.-Homicidios dolosos/asesinatos consumados;2021;3
Pontevedra;1.1.1.-Homicidios dolosos/asesinatos consumados;2020;5
Pontevedra;1.1.1.-Homicidios dolosos/asesinatos consumados;2019;7
Pontevedra;1.1.1.-Homicidios dolosos/asesinatos consumados;2018;1
Pontevedra;1.2.-Lesiones;2024;1.828
Pontevedra;1.2.-Lesiones;2023;1.799
Pontevedra;1.2.-Lesiones;2022;1.832
Pontevedra;1.2.-Lesiones;2021;1.651
Pontevedra;1.2.-Lesiones;2020;1.483
Pontevedra;1.2.-Lesiones;2019;1.689
Pontevedra;1.2.-Lesiones;2018;1.654
Pontevedra;1.3.-Malos tratos ámbito familiar;2024;1.292
Pontevedra;1.3.-Malos tratos ámbito familiar;2023;1.427
Pontevedra;1.3.-Malos tratos ámbito familiar;2022;1.260
Pontevedra;1.3.-Malos tratos ámbito familiar;2021;1.146
Pontevedra;1.3.-Malos tratos ámbito familiar;2020;1.198
Pontevedra;1.3.-Malos tratos ámbito familiar;2019;1.121
Pontevedra;1.3.-Malos tratos ámbito familiar;2018;1.076
Pontevedra;1.4.-Otros contra las personas;2024;174
Pontevedra;1.4.-Otros contra las personas;2023;132
Pontevedra;1.4.-Otros contra las personas;2022;76
Pontevedra;1.4.-Otros contra las personas;2021;70
Pontevedra;1.4.-Otros contra las personas;2020;59
Pontevedra;1.4.-Otros contra las personas;2019;73
Pontevedra;1.4.-Otros contra las personas;2018;72
Pontevedra;2. CONTRA LA LIBERTAD;2024;2.369
Pontevedra;2. CONTRA LA LIBERTAD;2023;2.428
Pontevedra;2. CONTRA LA LIBERTAD;2022;2.146
Pontevedra;2. CONTRA LA LIBERTAD;2021;2.151
Pontevedra;2. CONTRA LA LIBERTAD;2020;1.912
Pontevedra;2. CONTRA LA LIBERTAD;2019;1.853
Pontevedra;2. CONTRA LA LIBERTAD;2018;1.864
Pontevedra;2.1.-Malos tratos habituales en el ámbito familiar;2024;163
Pontevedra;2.1.-Malos tratos habituales en el ámbito familiar;2023;167
Pontevedra;2.1.-Malos tratos habituales en el ámbito familiar;2022;142
Pontevedra;2.1.-Malos tratos habituales en el ámbito familiar;2021;131
Pontevedra;2.1.-Malos tratos habituales en el ámbito familiar;2020;126
Pontevedra;2.1.-Malos tratos habituales en el ámbito familiar;2019;171
Pontevedra;2.1.-Malos tratos habituales en el ámbito familiar;2018;148
Pontevedra;2.2.-Otros contra la libertad;2024;2.206
Pontevedra;2.2.-Otros contra la libertad;2023;2.261
Pontevedra;2.2.-Otros contra la libertad;2022;2.004
Pontevedra;2.2.-Otros contra la libertad;2021;2.020
Pontevedra;2.2.-Otros contra la libertad;2020;1.786
Pontevedra;2.2.-Otros contra la libertad;2019;1.682
Pontevedra;2.2.-Otros contra la libertad;2018;1.716
Pontevedra;3. LIBERTAD SEXUAL;2024;311
Pontevedra;3. LIBERTAD SEXUAL;2023;288
Pontevedra;3. LIBERTAD SEXUAL;2022;217
Pontevedra;3. LIBERTAD SEXUAL;2021;263
Pontevedra;3. LIBERTAD SEXUAL;2020;193
Pontevedra;3. LIBERTAD SEXUAL;2019;207
Pontevedra;3. LIBERTAD SEXUAL;2018;179
Pontevedra;3.1.-Agresión sexual;2024;183
Pontevedra;3.1.-Agresión sexual;2023;176
Pontevedra;3.1.-Agresión sexual;2022;139
Pontevedra;3.1.-Agresión sexual;2021;167
Pontevedra;3.1.-Agresión sexual;2020;114
Pontevedra;3.1.-Agresión sexual;2019;122
Pontevedra;3.1.-Agresión sexual;2018;121
Pontevedra;3.2.-Agresión sexual con penetración;2024;80
Pontevedra;3.2.-Agresión sexual con penetración;2023;70
Pontevedra;3.2.-Agresión sexual con penetración;2022;48
Pontevedra;3.2.-Agresión sexual con penetración;2021;56
Pontevedra;3.2.-Agresión sexual con penetración;2020;45
Pontevedra;3.2.-Agresión sexual con penetración;2019;55
Pontevedra;3.2.-Agresión sexual con penetración;2018;34
Pontevedra;3.3.-Corrupción de menores o incapacitados;2024;2
Pontevedra;3.3.-Corrupción de menores o incapacitados;2023;3
Pontevedra;3.3.-Corrupción de menores o incapacitados;2022;4
Pontevedra;3.3.-Corrupción de menores o incapacitados;2021;1
Pontevedra;3.3.-Corrupción de menores o incapacitados;2020;1
Pontevedra;3.3.-Corrupción de menores o incapacitados;2019;2
Pontevedra;3.3.-Corrupción de menores o incapacitados;2018;1
Pontevedra;3.4.-Pornografía de menores;2024;13
Pontevedra;3.4.-Pornografía de menores;2023;13
Pontevedra;3.4.-Pornografía de menores;2022;5
Pontevedra;3.4.-Pornografía de menores;2021;10
Pontevedra;3.4.-Pornografía de menores;2020;11
Pontevedra;3.4.-Pornografía de menores;2019;10
Pontevedra;3.4.-Pornografía de menores;2018;8
Pontevedra;3.5.-Otros contra la libertad sexual;2024;33
Pontevedra;3.5.-Otros contra la libertad sexual;2023;26
Pontevedra;3.5.-Otros contra la libertad sexual;2022;21
Pontevedra;3.5.-Otros contra la libertad sexual;2021;29
Pontevedra;3.5.-Otros contra la libertad sexual;2020;22
Pontevedra;3.5.-Otros contra la libertad sexual;2019;18
Pontevedra;3.5.-Otros contra la libertad sexual;2018;15
Pontevedra;4. RELACIONES FAMILIARES;2024;86
Pontevedra;4. RELACIONES FAMILIARES;2023;94
Pontevedra;4. RELACIONES FAMILIARES;2022;68
Pontevedra;4. RELACIONES FAMILIARES;2021;57
Pontevedra;4. RELACIONES FAMILIARES;2020;64
Pontevedra;4. RELACIONES FAMILIARES;2019;78
Pontevedra;4. RELACIONES FAMILIARES;2018;72
Pontevedra;5. PATRIMONIO;2024;6.276
Pontevedra;5. PATRIMONIO;2023;5.719
Pontevedra;5. PATRIMONIO;2022;5.375
Pontevedra;5. PATRIMONIO;2021;4.676
Pontevedra;5. PATRIMONIO;2020;4.232
Pontevedra;5. PATRIMONIO;2019;4.942
Pontevedra;5. PATRIMONIO;2018;4.820
Pontevedra;5.1.-Hurtos;2024;2.314
Pontevedra;5.1.-Hurtos;2023;2.025
Pontevedra;5.1.-Hurtos;2022;1.870
Pontevedra;5.1.-Hurtos;2021;1.416
Pontevedra;5.1.-Hurtos;2020;1.189
Pontevedra;5.1.-Hurtos;2019;1.738
Pontevedra;5.1.-Hurtos;2018;1.696
Pontevedra;5.2.-Robos con fuerza en las cosas;2024;852
Pontevedra;5.2.-Robos con fuerza en las cosas;2023;689
Pontevedra;5.2.-Robos con fuerza en las cosas;2022;675
Pontevedra;5.2.-Robos con fuerza en las cosas;2021;590
Pontevedra;5.2.-Robos con fuerza en las cosas;2020;738
Pontevedra;5.2.-Robos con fuerza en las cosas;2019;998
Pontevedra;5.2.-Robos con fuerza en las cosas;2018;976
Pontevedra;5.2.1.-Robos con fuerza en las cosas en el interior de vehículos;2024;335
Pontevedra;5.2.1.-Robos con fuerza en las cosas en el interior de vehículos;2023;161
Pontevedra;5.2.1.-Robos con fuerza en las cosas en el interior de vehículos;2022;184
Pontevedra;5.2.1.-Robos con fuerza en las cosas en el interior de vehículos;2021;139
Pontevedra;5.2.1.-Robos con fuerza en las cosas en el interior de vehículos;2020;150
Pontevedra;5.2.1.-Robos con fuerza en las cosas en el interior de vehículos;2019;182
Pontevedra;5.2.1.-Robos con fuerza en las cosas en el interior de vehículos;2018;175
Pontevedra;5.2.2.-Robos con fuerza en viviendas;2024;154
Pontevedra;5.2.2.-Robos con fuerza en viviendas;2023;182
Pontevedra;5.2.2.-Robos con fuerza en viviendas;2022;226
Pontevedra;5.2.2.-Robos con fuerza en viviendas;2021;169
Pontevedra;5.2.2.-Robos con fuerza en viviendas;2020;249
Pontevedra;5.2.2.-Robos con fuerza en viviendas;2019;316
Pontevedra;5.2.2.-Robos con fuerza en viviendas;2018;327
Pontevedra;5.2.3.-Robos con fuerza en establecimientos;2024;224
Pontevedra;5.2.3.-Robos con fuerza en establecimientos;2023;223
Pontevedra;5.2.3.-Robos con fuerza en establecimientos;2022;149
Pontevedra;5.2.3.-Robos con fuerza en establecimientos;2021;156
Pontevedra;5.2.3.-Robos con fuerza en establecimientos;2020;231
Pontevedra;5.2.3.-Robos con fuerza en establecimientos;2019;310
Pontevedra;5.2.3.-Robos con fuerza en establecimientos;2018;280
Pontevedra;5.3.-Robos con violencia o intimidación;2024;214
Pontevedra;5.3.-Robos con violencia o intimidación;2023;199
Pontevedra;5.3.-Robos con violencia o intimidación;2022;186
Pontevedra;5.3.-Robos con violencia o intimidación;2021;128
Pontevedra;5.3.-Robos con violencia o intimidación;2020;182
Pontevedra;5.3.-Robos con violencia o intimidación;2019;181
Pontevedra;5.3.-Robos con violencia o intimidación;2018;216
Pontevedra;5.3.1.-Robos con violencia en vía pública;2024;93
Pontevedra;5.3.1.-Robos con violencia en vía pública;2023;75
Pontevedra;5.3.1.-Robos con violencia en vía pública;2022;81
Pontevedra;5.3.1.-Robos con violencia en vía pública;2021;56
Pontevedra;5.3.1.-Robos con violencia en vía pública;2020;66
Pontevedra;5.3.1.-Robos con violencia en vía pública;2019;79
Pontevedra;5.3.1.-Robos con violencia en vía pública;2018;76
Pontevedra;5.3.2.-Robos con violencia en viviendas;2024;35
Pontevedra;5.3.2.-Robos con violencia en viviendas;2023;21
Pontevedra;5.3.2.-Robos con violencia en viviendas;2022;18
Pontevedra;5.3.2.-Robos con violencia en viviendas;2021;14
Pontevedra;5.3.2.-Robos con violencia en viviendas;2020;22
Pontevedra;5.3.2.-Robos con violencia en viviendas;2019;27
Pontevedra;5.3.2.-Robos con violencia en viviendas;2018;31
Pontevedra;5.3.3.-Robos con violencia en establecimientos;2024;72
Pontevedra;5.3.3.-Robos con violencia en establecimientos;2023;87
Pontevedra;5.3.3.-Robos con violencia en establecimientos;2022;66
Pontevedra;5.3.3.-Robos con violencia en establecimientos;2021;50
Pontevedra;5.3.3.-Robos con violencia en establecimientos;2020;64
Pontevedra;5.3.3.-Robos con violencia en establecimientos;2019;50
Pontevedra;5.3.3.-Robos con violencia en establecimientos;2018;73
Pontevedra;5.4.-Sustracción de vehículos;2024;129
Pontevedra;5.4.-Sustracción de vehículos;2023;131
Pontevedra;5.4.-Sustracción de vehículos;2022;122
Pontevedra;5.4.-Sustracción de vehículos;2021;115
Pontevedra;5.4.-Sustracción de vehículos;2020;110
Pontevedra;5.4.-Sustracción de vehículos;2019;132
Pontevedra;5.4.-Sustracción de vehículos;2018;141
Pontevedra;5.5.-Estafas;2024;1.556
Pontevedra;5.5.-Estafas;2023;1.409
Pontevedra;5.5.-Estafas;2022;1.378
Pontevedra;5.5.-Estafas;2021;1.302
Pontevedra;5.5.-Estafas;2020;1.092
Pontevedra;5.5.-Estafas;2019;836
Pontevedra;5.5.-Estafas;2018;727
Pontevedra;5.5.1.-Estafas informáticas;2024;1.156
Pontevedra;5.5.1.-Estafas informáticas;2023;1.009
Pontevedra;5.5.1.-Estafas informáticas;2022;837
Pontevedra;5.5.1.-Estafas informáticas;2021;889
Pontevedra;5.5.1.-Estafas informáticas;2020;682
Pontevedra;5.5.1.-Estafas informáticas;2019;406
Pontevedra;5.5.1.-Estafas informáticas;2018;270
Pontevedra;5.6.-Daños;2024;797
Pontevedra;5.6.-Daños;2023;912
Pontevedra;5.6.-Daños;2022;844
Pontevedra;5.6.-Daños;2021;825
Pontevedra;5.6.-Daños;2020;568
Pontevedra;5.6.-Daños;2019;694
Pontevedra;5.6.-Daños;2018;732
Pontevedra;5.7.-Contra la propiedad intelectual/industrial;2024;16
Pontevedra;5.7.-Contra la propiedad intelectual/industrial;2023;17
Pontevedra;5.7.-Contra la propiedad intelectual/industrial;2022;18
Pontevedra;5.7.-Contra la propiedad intelectual/industrial;2021;10
Pontevedra;5.7.-Contra la propiedad intelectual/industrial;2020;11
Pontevedra;5.7.-Contra la propiedad intelectual/industrial;2019;59
Pontevedra;5.7.-Contra la propiedad intelectual/industrial;2018;43
Pontevedra;5.8.-Blanqueo de capitales;2024;7
Pontevedra;5.8.-Blanqueo de capitales;2023;4
Pontevedra;5.8.-Blanqueo de capitales;2022;5
Pontevedra;5.8.-Blanqueo de capitales;2021;0
Pontevedra;5.8.-Blanqueo de capitales;2020;6
Pontevedra;5.8.-Blanqueo de capitales;2019;2
Pontevedra;5.8.-Blanqueo de capitales;2018;3
Pontevedra;5.9.-Otros contra el patrimonio;2024;391
Pontevedra;5.9.-Otros contra el patrimonio;2023;333
Pontevedra;5.9.-Otros contra el patrimonio;2022;277
Pontevedra;5.9.-Otros contra el patrimonio;2021;290
Pontevedra;5.9.-Otros contra el patrimonio;2020;336
Pontevedra;5.9.-Otros contra el patrimonio;2019;302
Pontevedra;5.9.-Otros contra el patrimonio;2018;286
Pontevedra;6. SEGURIDAD COLECTIVA;2024;1.447
Pontevedra;6. SEGURIDAD COLECTIVA;2023;1.712
Pontevedra;6. SEGURIDAD COLECTIVA;2022;1.818
Pontevedra;6. SEGURIDAD COLECTIVA;2021;1.463
Pontevedra;6. SEGURIDAD COLECTIVA;2020;1.466
Pontevedra;6. SEGURIDAD COLECTIVA;2019;1.858
Pontevedra;6. SEGURIDAD COLECTIVA;2018;1.830
Pontevedra;6.1.-Tráfico de drogas;2024;227
Pontevedra;6.1.-Tráfico de drogas;2023;229
Pontevedra;6.1.-Tráfico de drogas;2022;241
Pontevedra;6.1.-Tráfico de drogas;2021;228
Pontevedra;6.1.-Tráfico de drogas;2020;280
Pontevedra;6.1.-Tráfico de drogas;2019;242
Pontevedra;6.1.-Tráfico de drogas;2018;179
Pontevedra;6.2.-Contra la seguridad vial;2024;1.192
Pontevedra;6.2.-Contra la seguridad vial;2023;1.440
Pontevedra;6.2.-Contra la seguridad vial;2022;1.531
Pontevedra;6.2.-Contra la seguridad vial;2021;1.196
Pontevedra;6.2.-Contra la seguridad vial;2020;1.163
Pontevedra;6.2.-Contra la seguridad vial;2019;1.593
Pontevedra;6.2.-Contra la seguridad vial;2018;1.626
Pontevedra;6.3.-Otros contra la seguridad colectiva;2024;28
Pontevedra;6.3.-Otros contra la seguridad colectiva;2023;43
Pontevedra;6.3.-Otros contra la seguridad colectiva;2022;46
Pontevedra;6.3.-Otros contra la seguridad colectiva;2021;39
Pontevedra;6.3.-Otros contra la seguridad colectiva;2020;23
Pontevedra;6.3.-Otros contra la seguridad colectiva;2019;23
Pontevedra;6.3.-Otros contra la seguridad colectiva;2018;25
Pontevedra;7. FALSEDADES;2024;239
Pontevedra;7. FALSEDADES;2023;193
Pontevedra;7. FALSEDADES;2022;172
Pontevedra;7. FALSEDADES;2021;344
Pontevedra;7. FALSEDADES;2020;206
Pontevedra;7. FALSEDADES;2019;157
Pontevedra;7. FALSEDADES;2018;134
Pontevedra;8. ADMÓN. PÚBLICA;2024;15
Pontevedra;8. ADMÓN. PÚBLICA;2023;11
Pontevedra;8. ADMÓN. PÚBLICA;2022;13
Pontevedra;8. ADMÓN. PÚBLICA;2021;3
Pontevedra;8. ADMÓN. PÚBLICA;2020;7
Pontevedra;8. ADMÓN. PÚBLICA;2019;10
Pontevedra;8. ADMÓN. PÚBLICA;2018;5
Pontevedra;9. ADMÓN. JUSTICIA;2024;620
Pontevedra;9. ADMÓN. JUSTICIA;2023;637
Pontevedra;9. ADMÓN. JUSTICIA;2022;552
Pontevedra;9. ADMÓN. JUSTICIA;2021;475
Pontevedra;9. ADMÓN. JUSTICIA;2020;460
Pontevedra;9. ADMÓN. JUSTICIA;2019;463
Pontevedra;9. ADMÓN. JUSTICIA;2018;438
Pontevedra;10. ORDEN PÚBLICO;2024;341
Pontevedra;10. ORDEN PÚBLICO;2023;348
Pontevedra;10. ORDEN PÚBLICO;2022;360
Pontevedra;10. ORDEN PÚBLICO;2021;316
Pontevedra;10. ORDEN PÚBLICO;2020;351
Pontevedra;10. ORDEN PÚBLICO;2019;229
Pontevedra;10. ORDEN PÚBLICO;2018;262
Pontevedra;11. LEGISLACIÓN ESPECIAL;2024;3
Pontevedra;11. LEGISLACIÓN ESPECIAL;2023;3
Pontevedra;11. LEGISLACIÓN ESPECIAL;2022;6
Pontevedra;11. LEGISLACIÓN ESPECIAL;2021;1
Pontevedra;11. LEGISLACIÓN ESPECIAL;2020;3
Pontevedra;11. LEGISLACIÓN ESPECIAL;2019;1
Pontevedra;11. LEGISLACIÓN ESPECIAL;2018;0
Pontevedra;12. OTRAS INFRACCIONES PENALES;2024;204
Pontevedra;12. OTRAS INFRACCIONES PENALES;2023;186
Pontevedra;12. OTRAS INFRACCIONES PENALES;2022;182
Pontevedra;12. OTRAS INFRACCIONES PENALES;2021;148
Pontevedra;12. OTRAS INFRACCIONES PENALES;2020;123
Pontevedra;12. OTRAS INFRACCIONES PENALES;2019;155
Pontevedra;12. OTRAS INFRACCIONES PENALES;2018;145
Pontevedra;TOTAL INFRACCIONES PENALES;2024;15.230
Pontevedra;TOTAL INFRACCIONES PENALES;2023;15.002
Pontevedra;TOTAL INFRACCIONES PENALES;2022;14.094
Pontevedra;TOTAL INFRACCIONES PENALES;2021;12.775
Pontevedra;TOTAL INFRACCIONES PENALES;2020;11.776
Pontevedra;TOTAL INFRACCIONES PENALES;2019;12.855
Pontevedra;TOTAL INFRACCIONES PENALES;2018;12.556
Salamanca;1. CONTRA LAS PERSONAS;2024;999
Salamanca;1. CONTRA LAS PERSONAS;2023;970
Salamanca;1. CONTRA LAS PERSONAS;2022;931
Salamanca;1. CONTRA LAS PERSONAS;2021;742
Salamanca;1. CONTRA LAS PERSONAS;2020;744
Salamanca;1. CONTRA LAS PERSONAS;2019;787
Salamanca;1. CONTRA LAS PERSONAS;2018;870
Salamanca;1.1.-Homicidios dolosos/asesinatos;2024;1
Salamanca;1.1.-Homicidios dolosos/asesinatos;2023;5
Salamanca;1.1.-Homicidios dolosos/asesinatos;2022;7
Salamanca;1.1.-Homicidios dolosos/asesinatos;2021;5
Salamanca;1.1.-Homicidios dolosos/asesinatos;2020;4
Salamanca;1.1.-Homicidios dolosos/asesinatos;2019;2
Salamanca;1.1.-Homicidios dolosos/asesinatos;2018;1
Salamanca;1.1.1.-Homicidios dolosos/asesinatos consumados;2024;0
Salamanca;1.1.1.-Homicidios dolosos/asesinatos consumados;2023;2
Salamanca;1.1.1.-Homicidios dolosos/asesinatos consumados;2022;0
Salamanca;1.1.1.-Homicidios dolosos/asesinatos consumados;2021;1
Salamanca;1.1.1.-Homicidios dolosos/asesinatos consumados;2020;2
Salamanca;1.1.1.-Homicidios dolosos/asesinatos consumados;2019;0
Salamanca;1.1.1.-Homicidios dolosos/asesinatos consumados;2018;0
Salamanca;1.2.-Lesiones;2024;624
Salamanca;1.2.-Lesiones;2023;586
Salamanca;1.2.-Lesiones;2022;588
Salamanca;1.2.-Lesiones;2021;471
Salamanca;1.2.-Lesiones;2020;465
Salamanca;1.2.-Lesiones;2019;527
Salamanca;1.2.-Lesiones;2018;612
Salamanca;1.3.-Malos tratos ámbito familiar;2024;343
Salamanca;1.3.-Malos tratos ámbito familiar;2023;334
Salamanca;1.3.-Malos tratos ámbito familiar;2022;299
Salamanca;1.3.-Malos tratos ámbito familiar;2021;228
Salamanca;1.3.-Malos tratos ámbito familiar;2020;236
Salamanca;1.3.-Malos tratos ámbito familiar;2019;215
Salamanca;1.3.-Malos tratos ámbito familiar;2018;225
Salamanca;1.4.-Otros contra las personas;2024;31
Salamanca;1.4.-Otros contra las personas;2023;45
Salamanca;1.4.-Otros contra las personas;2022;37
Salamanca;1.4.-Otros contra las personas;2021;38
Salamanca;1.4.-Otros contra las personas;2020;39
Salamanca;1.4.-Otros contra las personas;2019;43
Salamanca;1.4.-Otros contra las personas;2018;32
Salamanca;2. CONTRA LA LIBERTAD;2024;642
Salamanca;2. CONTRA LA LIBERTAD;2023;709
Salamanca;2. CONTRA LA LIBERTAD;2022;671
Salamanca;2. CONTRA LA LIBERTAD;2021;571
Salamanca;2. CONTRA LA LIBERTAD;2020;617
Salamanca;2. CONTRA LA LIBERTAD;2019;570
Salamanca;2. CONTRA LA LIBERTAD;2018;572
Salamanca;2.1.-Malos tratos habituales en el ámbito familiar;2024;27
Salamanca;2.1.-Malos tratos habituales en el ámbito familiar;2023;39
Salamanca;2.1.-Malos tratos habituales en el ámbito familiar;2022;21
Salamanca;2.1.-Malos tratos habituales en el ámbito familiar;2021;19
Salamanca;2.1.-Malos tratos habituales en el ámbito familiar;2020;13
Salamanca;2.1.-Malos tratos habituales en el ámbito familiar;2019;18
Salamanca;2.1.-Malos tratos habituales en el ámbito familiar;2018;12
Salamanca;2.2.-Otros contra la libertad;2024;615
Salamanca;2.2.-Otros contra la libertad;2023;670
Salamanca;2.2.-Otros contra la libertad;2022;650
Salamanca;2.2.-Otros contra la libertad;2021;552
Salamanca;2.2.-Otros contra la libertad;2020;604
Salamanca;2.2.-Otros contra la libertad;2019;552
Salamanca;2.2.-Otros contra la libertad;2018;560
Salamanca;3. LIBERTAD SEXUAL;2024;88
Salamanca;3. LIBERTAD SEXUAL;2023;103
Salamanca;3. LIBERTAD SEXUAL;2022;53
Salamanca;3. LIBERTAD SEXUAL;2021;69
Salamanca;3. LIBERTAD SEXUAL;2020;37
Salamanca;3. LIBERTAD SEXUAL;2019;54
Salamanca;3. LIBERTAD SEXUAL;2018;59
Salamanca;3.1.-Agresión sexual;2024;51
Salamanca;3.1.-Agresión sexual;2023;64
Salamanca;3.1.-Agresión sexual;2022;27
Salamanca;3.1.-Agresión sexual;2021;44
Salamanca;3.1.-Agresión sexual;2020;20
Salamanca;3.1.-Agresión sexual;2019;31
Salamanca;3.1.-Agresión sexual;2018;39
Salamanca;3.2.-Agresión sexual con penetración;2024;26
Salamanca;3.2.-Agresión sexual con penetración;2023;22
Salamanca;3.2.-Agresión sexual con penetración;2022;17
Salamanca;3.2.-Agresión sexual con penetración;2021;17
Salamanca;3.2.-Agresión sexual con penetración;2020;8
Salamanca;3.2.-Agresión sexual con penetración;2019;9
Salamanca;3.2.-Agresión sexual con penetración;2018;9
Salamanca;3.3.-Corrupción de menores o incapacitados;2024;3
Salamanca;3.3.-Corrupción de menores o incapacitados;2023;1
Salamanca;3.3.-Corrupción de menores o incapacitados;2022;3
Salamanca;3.3.-Corrupción de menores o incapacitados;2021;4
Salamanca;3.3.-Corrupción de menores o incapacitados;2020;0
Salamanca;3.3.-Corrupción de menores o incapacitados;2019;1
Salamanca;3.3.-Corrupción de menores o incapacitados;2018;1
Salamanca;3.4.-Pornografía de menores;2024;3
Salamanca;3.4.-Pornografía de menores;2023;6
Salamanca;3.4.-Pornografía de menores;2022;0
Salamanca;3.4.-Pornografía de menores;2021;1
Salamanca;3.4.-Pornografía de menores;2020;2
Salamanca;3.4.-Pornografía de menores;2019;4
Salamanca;3.4.-Pornografía de menores;2018;5
Salamanca;3.5.-Otros contra la libertad sexual;2024;5
Salamanca;3.5.-Otros contra la libertad sexual;2023;10
Salamanca;3.5.-Otros contra la libertad sexual;2022;6
Salamanca;3.5.-Otros contra la libertad sexual;2021;3
Salamanca;3.5.-Otros contra la libertad sexual;2020;7
Salamanca;3.5.-Otros contra la libertad sexual;2019;9
Salamanca;3.5.-Otros contra la libertad sexual;2018;5
Salamanca;4. RELACIONES FAMILIARES;2024;18
Salamanca;4. RELACIONES FAMILIARES;2023;29
Salamanca;4. RELACIONES FAMILIARES;2022;33
Salamanca;4. RELACIONES FAMILIARES;2021;26
Salamanca;4. RELACIONES FAMILIARES;2020;19
Salamanca;4. RELACIONES FAMILIARES;2019;28
Salamanca;4. RELACIONES FAMILIARES;2018;34
Salamanca;5. PATRIMONIO;2024;2.335
Salamanca;5. PATRIMONIO;2023;2.533
Salamanca;5. PATRIMONIO;2022;2.281
Salamanca;5. PATRIMONIO;2021;1.806
Salamanca;5. PATRIMONIO;2020;1.447
Salamanca;5. PATRIMONIO;2019;1.845
Salamanca;5. PATRIMONIO;2018;1.703
Salamanca;5.1.-Hurtos;2024;991
Salamanca;5.1.-Hurtos;2023;1.161
Salamanca;5.1.-Hurtos;2022;886
Salamanca;5.1.-Hurtos;2021;758
Salamanca;5.1.-Hurtos;2020;586
Salamanca;5.1.-Hurtos;2019;995
Salamanca;5.1.-Hurtos;2018;814
Salamanca;5.2.-Robos con fuerza en las cosas;2024;220
Salamanca;5.2.-Robos con fuerza en las cosas;2023;239
Salamanca;5.2.-Robos con fuerza en las cosas;2022;287
Salamanca;5.2.-Robos con fuerza en las cosas;2021;161
Salamanca;5.2.-Robos con fuerza en las cosas;2020;125
Salamanca;5.2.-Robos con fuerza en las cosas;2019;147
Salamanca;5.2.-Robos con fuerza en las cosas;2018;131
Salamanca;5.2.1.-Robos con fuerza en las cosas en el interior de vehículos;2024;52
Salamanca;5.2.1.-Robos con fuerza en las cosas en el interior de vehículos;2023;98
Salamanca;5.2.1.-Robos con fuerza en las cosas en el interior de vehículos;2022;63
Salamanca;5.2.1.-Robos con fuerza en las cosas en el interior de vehículos;2021;34
Salamanca;5.2.1.-Robos con fuerza en las cosas en el interior de vehículos;2020;28
Salamanca;5.2.1.-Robos con fuerza en las cosas en el interior de vehículos;2019;13
Salamanca;5.2.1.-Robos con fuerza en las cosas en el interior de vehículos;2018;13
Salamanca;5.2.2.-Robos con fuerza en viviendas;2024;76
Salamanca;5.2.2.-Robos con fuerza en viviendas;2023;49
Salamanca;5.2.2.-Robos con fuerza en viviendas;2022;86
Salamanca;5.2.2.-Robos con fuerza en viviendas;2021;49
Salamanca;5.2.2.-Robos con fuerza en viviendas;2020;49
Salamanca;5.2.2.-Robos con fuerza en viviendas;2019;72
Salamanca;5.2.2.-Robos con fuerza en viviendas;2018;41
Salamanca;5.2.3.-Robos con fuerza en establecimientos;2024;44
Salamanca;5.2.3.-Robos con fuerza en establecimientos;2023;40
Salamanca;5.2.3.-Robos con fuerza en establecimientos;2022;72
Salamanca;5.2.3.-Robos con fuerza en establecimientos;2021;45
Salamanca;5.2.3.-Robos con fuerza en establecimientos;2020;18
Salamanca;5.2.3.-Robos con fuerza en establecimientos;2019;30
Salamanca;5.2.3.-Robos con fuerza en establecimientos;2018;41
Salamanca;5.3.-Robos con violencia o intimidación;2024;86
Salamanca;5.3.-Robos con violencia o intimidación;2023;74
Salamanca;5.3.-Robos con violencia o intimidación;2022;51
Salamanca;5.3.-Robos con violencia o intimidación;2021;57
Salamanca;5.3.-Robos con violencia o intimidación;2020;45
Salamanca;5.3.-Robos con violencia o intimidación;2019;45
Salamanca;5.3.-Robos con violencia o intimidación;2018;65
Salamanca;5.3.1.-Robos con violencia en vía pública;2024;37
Salamanca;5.3.1.-Robos con violencia en vía pública;2023;32
Salamanca;5.3.1.-Robos con violencia en vía pública;2022;19
Salamanca;5.3.1.-Robos con violencia en vía pública;2021;20
Salamanca;5.3.1.-Robos con violencia en vía pública;2020;20
Salamanca;5.3.1.-Robos con violencia en vía pública;2019;21
Salamanca;5.3.1.-Robos con violencia en vía pública;2018;24
Salamanca;5.3.2.-Robos con violencia en viviendas;2024;10
Salamanca;5.3.2.-Robos con violencia en viviendas;2023;8
Salamanca;5.3.2.-Robos con violencia en viviendas;2022;8
Salamanca;5.3.2.-Robos con violencia en viviendas;2021;4
Salamanca;5.3.2.-Robos con violencia en viviendas;2020;7
Salamanca;5.3.2.-Robos con violencia en viviendas;2019;5
Salamanca;5.3.2.-Robos con violencia en viviendas;2018;8
Salamanca;5.3.3.-Robos con violencia en establecimientos;2024;30
Salamanca;5.3.3.-Robos con violencia en establecimientos;2023;26
Salamanca;5.3.3.-Robos con violencia en establecimientos;2022;20
Salamanca;5.3.3.-Robos con violencia en establecimientos;2021;29
Salamanca;5.3.3.-Robos con violencia en establecimientos;2020;14
Salamanca;5.3.3.-Robos con violencia en establecimientos;2019;16
Salamanca;5.3.3.-Robos con violencia en establecimientos;2018;25
Salamanca;5.4.-Sustracción de vehículos;2024;36
Salamanca;5.4.-Sustracción de vehículos;2023;25
Salamanca;5.4.-Sustracción de vehículos;2022;27
Salamanca;5.4.-Sustracción de vehículos;2021;30
Salamanca;5.4.-Sustracción de vehículos;2020;8
Salamanca;5.4.-Sustracción de vehículos;2019;14
Salamanca;5.4.-Sustracción de vehículos;2018;19
Salamanca;5.5.-Estafas;2024;643
Salamanca;5.5.-Estafas;2023;666
Salamanca;5.5.-Estafas;2022;643
Salamanca;5.5.-Estafas;2021;427
Salamanca;5.5.-Estafas;2020;305
Salamanca;5.5.-Estafas;2019;325
Salamanca;5.5.-Estafas;2018;319
Salamanca;5.5.1.-Estafas informáticas;2024;485
Salamanca;5.5.1.-Estafas informáticas;2023;482
Salamanca;5.5.1.-Estafas informáticas;2022;441
Salamanca;5.5.1.-Estafas informáticas;2021;296
Salamanca;5.5.1.-Estafas informáticas;2020;197
Salamanca;5.5.1.-Estafas informáticas;2019;206
Salamanca;5.5.1.-Estafas informáticas;2018;166
Salamanca;5.6.-Daños;2024;207
Salamanca;5.6.-Daños;2023;195
Salamanca;5.6.-Daños;2022;222
Salamanca;5.6.-Daños;2021;210
Salamanca;5.6.-Daños;2020;260
Salamanca;5.6.-Daños;2019;213
Salamanca;5.6.-Daños;2018;236
Salamanca;5.7.-Contra la propiedad intelectual/industrial;2024;6
Salamanca;5.7.-Contra la propiedad intelectual/industrial;2023;22
Salamanca;5.7.-Contra la propiedad intelectual/industrial;2022;22
Salamanca;5.7.-Contra la propiedad intelectual/industrial;2021;36
Salamanca;5.7.-Contra la propiedad intelectual/industrial;2020;16
Salamanca;5.7.-Contra la propiedad intelectual/industrial;2019;5
Salamanca;5.7.-Contra la propiedad intelectual/industrial;2018;14
Salamanca;5.8.-Blanqueo de capitales;2024;2
Salamanca;5.8.-Blanqueo de capitales;2023;1
Salamanca;5.8.-Blanqueo de capitales;2022;2
Salamanca;5.8.-Blanqueo de capitales;2021;0
Salamanca;5.8.-Blanqueo de capitales;2020;0
Salamanca;5.8.-Blanqueo de capitales;2019;0
Salamanca;5.8.-Blanqueo de capitales;2018;2
Salamanca;5.9.-Otros contra el patrimonio;2024;144
Salamanca;5.9.-Otros contra el patrimonio;2023;150
Salamanca;5.9.-Otros contra el patrimonio;2022;141
Salamanca;5.9.-Otros contra el patrimonio;2021;127
Salamanca;5.9.-Otros contra el patrimonio;2020;102
Salamanca;5.9.-Otros contra el patrimonio;2019;101
Salamanca;5.9.-Otros contra el patrimonio;2018;103
Salamanca;6. SEGURIDAD COLECTIVA;2024;326
Salamanca;6. SEGURIDAD COLECTIVA;2023;333
Salamanca;6. SEGURIDAD COLECTIVA;2022;334
Salamanca;6. SEGURIDAD COLECTIVA;2021;338
Salamanca;6. SEGURIDAD COLECTIVA;2020;283
Salamanca;6. SEGURIDAD COLECTIVA;2019;354
Salamanca;6. SEGURIDAD COLECTIVA;2018;398
Salamanca;6.1.-Tráfico de drogas;2024;39
Salamanca;6.1.-Tráfico de drogas;2023;67
Salamanca;6.1.-Tráfico de drogas;2022;74
Salamanca;6.1.-Tráfico de drogas;2021;61
Salamanca;6.1.-Tráfico de drogas;2020;69
Salamanca;6.1.-Tráfico de drogas;2019;59
Salamanca;6.1.-Tráfico de drogas;2018;58
Salamanca;6.2.-Contra la seguridad vial;2024;278
Salamanca;6.2.-Contra la seguridad vial;2023;259
Salamanca;6.2.-Contra la seguridad vial;2022;254
Salamanca;6.2.-Contra la seguridad vial;2021;272
Salamanca;6.2.-Contra la seguridad vial;2020;212
Salamanca;6.2.-Contra la seguridad vial;2019;289
Salamanca;6.2.-Contra la seguridad vial;2018;334
Salamanca;6.3.-Otros contra la seguridad colectiva;2024;9
Salamanca;6.3.-Otros contra la seguridad colectiva;2023;7
Salamanca;6.3.-Otros contra la seguridad colectiva;2022;6
Salamanca;6.3.-Otros contra la seguridad colectiva;2021;5
Salamanca;6.3.-Otros contra la seguridad colectiva;2020;2
Salamanca;6.3.-Otros contra la seguridad colectiva;2019;6
Salamanca;6.3.-Otros contra la seguridad colectiva;2018;6
Salamanca;7. FALSEDADES;2024;111
Salamanca;7. FALSEDADES;2023;105
Salamanca;7. FALSEDADES;2022;88
Salamanca;7. FALSEDADES;2021;87
Salamanca;7. FALSEDADES;2020;67
Salamanca;7. FALSEDADES;2019;83
Salamanca;7. FALSEDADES;2018;72
Salamanca;8. ADMÓN. PÚBLICA;2024;2
Salamanca;8. ADMÓN. PÚBLICA;2023;2
Salamanca;8. ADMÓN. PÚBLICA;2022;0
Salamanca;8. ADMÓN. PÚBLICA;2021;1
Salamanca;8. ADMÓN. PÚBLICA;2020;1
Salamanca;8. ADMÓN. PÚBLICA;2019;0
Salamanca;8. ADMÓN. PÚBLICA;2018;0
Salamanca;9. ADMÓN. JUSTICIA;2024;141
Salamanca;9. ADMÓN. JUSTICIA;2023;149
Salamanca;9. ADMÓN. JUSTICIA;2022;161
Salamanca;9. ADMÓN. JUSTICIA;2021;138
Salamanca;9. ADMÓN. JUSTICIA;2020;129
Salamanca;9. ADMÓN. JUSTICIA;2019;122
Salamanca;9. ADMÓN. JUSTICIA;2018;118
Salamanca;10. ORDEN PÚBLICO;2024;99
Salamanca;10. ORDEN PÚBLICO;2023;108
Salamanca;10. ORDEN PÚBLICO;2022;117
Salamanca;10. ORDEN PÚBLICO;2021;149
Salamanca;10. ORDEN PÚBLICO;2020;189
Salamanca;10. ORDEN PÚBLICO;2019;103
Salamanca;10. ORDEN PÚBLICO;2018;110
Salamanca;11. LEGISLACIÓN ESPECIAL;2024;0
Salamanca;11. LEGISLACIÓN ESPECIAL;2023;1
Salamanca;11. LEGISLACIÓN ESPECIAL;2022;0
Salamanca;11. LEGISLACIÓN ESPECIAL;2021;1
Salamanca;11. LEGISLACIÓN ESPECIAL;2020;0
Salamanca;11. LEGISLACIÓN ESPECIAL;2019;1
Salamanca;11. LEGISLACIÓN ESPECIAL;2018;0
Salamanca;12. OTRAS INFRACCIONES PENALES;2024;47
Salamanca;12. OTRAS INFRACCIONES PENALES;2023;53
Salamanca;12. OTRAS INFRACCIONES PENALES;2022;30
Salamanca;12. OTRAS INFRACCIONES PENALES;2021;27
Salamanca;12. OTRAS INFRACCIONES PENALES;2020;60
Salamanca;12. OTRAS INFRACCIONES PENALES;2019;25
Salamanca;12. OTRAS INFRACCIONES PENALES;2018;36
Salamanca;TOTAL INFRACCIONES PENALES;2024;4.808
Salamanca;TOTAL INFRACCIONES PENALES;2023;5.095
Salamanca;TOTAL INFRACCIONES PENALES;2022;4.699
Salamanca;TOTAL INFRACCIONES PENALES;2021;3.955
Salamanca;TOTAL INFRACCIONES PENALES;2020;3.593
Salamanca;TOTAL INFRACCIONES PENALES;2019;3.972
Salamanca;TOTAL INFRACCIONES PENALES;2018;3.972
Santa Cruz de Tenerife;1. CONTRA LAS PERSONAS;2024;6.164
Santa Cruz de Tenerife;1. CONTRA LAS PERSONAS;2023;6.065
Santa Cruz de Tenerife;1. CONTRA LAS PERSONAS;2022;5.502
Santa Cruz de Tenerife;1. CONTRA LAS PERSONAS;2021;5.041
Santa Cruz de Tenerife;1. CONTRA LAS PERSONAS;2020;4.608
Santa Cruz de Tenerife;1. CONTRA LAS PERSONAS;2019;4.867
Santa Cruz de Tenerife;1. CONTRA LAS PERSONAS;2018;4.695
Santa Cruz de Tenerife;1.1.-Homicidios dolosos/asesinatos;2024;28
Santa Cruz de Tenerife;1.1.-Homicidios dolosos/asesinatos;2023;38
Santa Cruz de Tenerife;1.1.-Homicidios dolosos/asesinatos;2022;21
Santa Cruz de Tenerife;1.1.-Homicidios dolosos/asesinatos;2021;18
Santa Cruz de Tenerife;1.1.-Homicidios dolosos/asesinatos;2020;25
Santa Cruz de Tenerife;1.1.-Homicidios dolosos/asesinatos;2019;32
Santa Cruz de Tenerife;1.1.-Homicidios dolosos/asesinatos;2018;35
Santa Cruz de Tenerife;1.1.1.-Homicidios dolosos/asesinatos consumados;2024;8
Santa Cruz de Tenerife;1.1.1.-Homicidios dolosos/asesinatos consumados;2023;12
Santa Cruz de Tenerife;1.1.1.-Homicidios dolosos/asesinatos consumados;2022;6
Santa Cruz de Tenerife;1.1.1.-Homicidios dolosos/asesinatos consumados;2021;5
Santa Cruz de Tenerife;1.1.1.-Homicidios dolosos/asesinatos consumados;2020;7
Santa Cruz de Tenerife;1.1.1.-Homicidios dolosos/asesinatos consumados;2019;12
Santa Cruz de Tenerife;1.1.1.-Homicidios dolosos/asesinatos consumados;2018;12
Santa Cruz de Tenerife;1.2.-Lesiones;2024;2.721
Santa Cruz de Tenerife;1.2.-Lesiones;2023;2.675
Santa Cruz de Tenerife;1.2.-Lesiones;2022;2.518
Santa Cruz de Tenerife;1.2.-Lesiones;2021;2.311
Santa Cruz de Tenerife;1.2.-Lesiones;2020;2.091
Santa Cruz de Tenerife;1.2.-Lesiones;2019;2.422
Santa Cruz de Tenerife;1.2.-Lesiones;2018;2.414
Santa Cruz de Tenerife;1.3.-Malos tratos ámbito familiar;2024;3.222
Santa Cruz de Tenerife;1.3.-Malos tratos ámbito familiar;2023;3.213
Santa Cruz de Tenerife;1.3.-Malos tratos ámbito familiar;2022;2.835
Santa Cruz de Tenerife;1.3.-Malos tratos ámbito familiar;2021;2.576
Santa Cruz de Tenerife;1.3.-Malos tratos ámbito familiar;2020;2.412
Santa Cruz de Tenerife;1.3.-Malos tratos ámbito familiar;2019;2.293
Santa Cruz de Tenerife;1.3.-Malos tratos ámbito familiar;2018;2.147
Santa Cruz de Tenerife;1.4.-Otros contra las personas;2024;193
Santa Cruz de Tenerife;1.4.-Otros contra las personas;2023;139
Santa Cruz de Tenerife;1.4.-Otros contra las personas;2022;128
Santa Cruz de Tenerife;1.4.-Otros contra las personas;2021;136
Santa Cruz de Tenerife;1.4.-Otros contra las personas;2020;80
Santa Cruz de Tenerife;1.4.-Otros contra las personas;2019;120
Santa Cruz de Tenerife;1.4.-Otros contra las personas;2018;99
Santa Cruz de Tenerife;2. CONTRA LA LIBERTAD;2024;4.103
Santa Cruz de Tenerife;2. CONTRA LA LIBERTAD;2023;3.923
Santa Cruz de Tenerife;2. CONTRA LA LIBERTAD;2022;3.512
Santa Cruz de Tenerife;2. CONTRA LA LIBERTAD;2021;3.566
Santa Cruz de Tenerife;2. CONTRA LA LIBERTAD;2020;3.522
Santa Cruz de Tenerife;2. CONTRA LA LIBERTAD;2019;3.257
Santa Cruz de Tenerife;2. CONTRA LA LIBERTAD;2018;3.081
Santa Cruz de Tenerife;2.1.-Malos tratos habituales en el ámbito familiar;2024;634
Santa Cruz de Tenerife;2.1.-Malos tratos habituales en el ámbito familiar;2023;646
Santa Cruz de Tenerife;2.1.-Malos tratos habituales en el ámbito familiar;2022;464
Santa Cruz de Tenerife;2.1.-Malos tratos habituales en el ámbito familiar;2021;523
Santa Cruz de Tenerife;2.1.-Malos tratos habituales en el ámbito familiar;2020;503
Santa Cruz de Tenerife;2.1.-Malos tratos habituales en el ámbito familiar;2019;469
Santa Cruz de Tenerife;2.1.-Malos tratos habituales en el ámbito familiar;2018;388
Santa Cruz de Tenerife;2.2.-Otros contra la libertad;2024;3.469
Santa Cruz de Tenerife;2.2.-Otros contra la libertad;2023;3.277
Santa Cruz de Tenerife;2.2.-Otros contra la libertad;2022;3.048
Santa Cruz de Tenerife;2.2.-Otros contra la libertad;2021;3.043
Santa Cruz de Tenerife;2.2.-Otros contra la libertad;2020;3.019
Santa Cruz de Tenerife;2.2.-Otros contra la libertad;2019;2.788
Santa Cruz de Tenerife;2.2.-Otros contra la libertad;2018;2.693
Santa Cruz de Tenerife;3. LIBERTAD SEXUAL;2024;453
Santa Cruz de Tenerife;3. LIBERTAD SEXUAL;2023;425
Santa Cruz de Tenerife;3. LIBERTAD SEXUAL;2022;375
Santa Cruz de Tenerife;3. LIBERTAD SEXUAL;2021;330
Santa Cruz de Tenerife;3. LIBERTAD SEXUAL;2020;281
Santa Cruz de Tenerife;3. LIBERTAD SEXUAL;2019;320
Santa Cruz de Tenerife;3. LIBERTAD SEXUAL;2018;272
Santa Cruz de Tenerife;3.1.-Agresión sexual;2024;320
Santa Cruz de Tenerife;3.1.-Agresión sexual;2023;274
Santa Cruz de Tenerife;3.1.-Agresión sexual;2022;252
Santa Cruz de Tenerife;3.1.-Agresión sexual;2021;225
Santa Cruz de Tenerife;3.1.-Agresión sexual;2020;174
Santa Cruz de Tenerife;3.1.-Agresión sexual;2019;222
Santa Cruz de Tenerife;3.1.-Agresión sexual;2018;164
Santa Cruz de Tenerife;3.2.-Agresión sexual con penetración;2024;76
Santa Cruz de Tenerife;3.2.-Agresión sexual con penetración;2023;82
Santa Cruz de Tenerife;3.2.-Agresión sexual con penetración;2022;77
Santa Cruz de Tenerife;3.2.-Agresión sexual con penetración;2021;62
Santa Cruz de Tenerife;3.2.-Agresión sexual con penetración;2020;63
Santa Cruz de Tenerife;3.2.-Agresión sexual con penetración;2019;45
Santa Cruz de Tenerife;3.2.-Agresión sexual con penetración;2018;57
Santa Cruz de Tenerife;3.3.-Corrupción de menores o incapacitados;2024;7
Santa Cruz de Tenerife;3.3.-Corrupción de menores o incapacitados;2023;12
Santa Cruz de Tenerife;3.3.-Corrupción de menores o incapacitados;2022;6
Santa Cruz de Tenerife;3.3.-Corrupción de menores o incapacitados;2021;3
Santa Cruz de Tenerife;3.3.-Corrupción de menores o incapacitados;2020;5
Santa Cruz de Tenerife;3.3.-Corrupción de menores o incapacitados;2019;8
Santa Cruz de Tenerife;3.3.-Corrupción de menores o incapacitados;2018;3
Santa Cruz de Tenerife;3.4.-Pornografía de menores;2024;16
Santa Cruz de Tenerife;3.4.-Pornografía de menores;2023;16
Santa Cruz de Tenerife;3.4.-Pornografía de menores;2022;4
Santa Cruz de Tenerife;3.4.-Pornografía de menores;2021;8
Santa Cruz de Tenerife;3.4.-Pornografía de menores;2020;8
Santa Cruz de Tenerife;3.4.-Pornografía de menores;2019;17
Santa Cruz de Tenerife;3.4.-Pornografía de menores;2018;24
Santa Cruz de Tenerife;3.5.-Otros contra la libertad sexual;2024;34
Santa Cruz de Tenerife;3.5.-Otros contra la libertad sexual;2023;41
Santa Cruz de Tenerife;3.5.-Otros contra la libertad sexual;2022;36
Santa Cruz de Tenerife;3.5.-Otros contra la libertad sexual;2021;32
Santa Cruz de Tenerife;3.5.-Otros contra la libertad sexual;2020;31
Santa Cruz de Tenerife;3.5.-Otros contra la libertad sexual;2019;28
Santa Cruz de Tenerife;3.5.-Otros contra la libertad sexual;2018;24
Santa Cruz de Tenerife;4. RELACIONES FAMILIARES;2024;135
Santa Cruz de Tenerife;4. RELACIONES FAMILIARES;2023;189
Santa Cruz de Tenerife;4. RELACIONES FAMILIARES;2022;147
Santa Cruz de Tenerife;4. RELACIONES FAMILIARES;2021;192
Santa Cruz de Tenerife;4. RELACIONES FAMILIARES;2020;175
Santa Cruz de Tenerife;4. RELACIONES FAMILIARES;2019;135
Santa Cruz de Tenerife;4. RELACIONES FAMILIARES;2018;172
Santa Cruz de Tenerife;5. PATRIMONIO;2024;8.040
Santa Cruz de Tenerife;5. PATRIMONIO;2023;7.475
Santa Cruz de Tenerife;5. PATRIMONIO;2022;6.707
Santa Cruz de Tenerife;5. PATRIMONIO;2021;5.685
Santa Cruz de Tenerife;5. PATRIMONIO;2020;5.274
Santa Cruz de Tenerife;5. PATRIMONIO;2019;6.277
Santa Cruz de Tenerife;5. PATRIMONIO;2018;5.937
Santa Cruz de Tenerife;5.1.-Hurtos;2024;3.029
Santa Cruz de Tenerife;5.1.-Hurtos;2023;2.813
Santa Cruz de Tenerife;5.1.-Hurtos;2022;2.515
Santa Cruz de Tenerife;5.1.-Hurtos;2021;1.954
Santa Cruz de Tenerife;5.1.-Hurtos;2020;1.606
Santa Cruz de Tenerife;5.1.-Hurtos;2019;2.440
Santa Cruz de Tenerife;5.1.-Hurtos;2018;2.421
Santa Cruz de Tenerife;5.2.-Robos con fuerza en las cosas;2024;817
Santa Cruz de Tenerife;5.2.-Robos con fuerza en las cosas;2023;746
Santa Cruz de Tenerife;5.2.-Robos con fuerza en las cosas;2022;732
Santa Cruz de Tenerife;5.2.-Robos con fuerza en las cosas;2021;684
Santa Cruz de Tenerife;5.2.-Robos con fuerza en las cosas;2020;814
Santa Cruz de Tenerife;5.2.-Robos con fuerza en las cosas;2019;945
Santa Cruz de Tenerife;5.2.-Robos con fuerza en las cosas;2018;971
Santa Cruz de Tenerife;5.2.1.-Robos con fuerza en las cosas en el interior de vehículos;2024;228
Santa Cruz de Tenerife;5.2.1.-Robos con fuerza en las cosas en el interior de vehículos;2023;172
Santa Cruz de Tenerife;5.2.1.-Robos con fuerza en las cosas en el interior de vehículos;2022;152
Santa Cruz de Tenerife;5.2.1.-Robos con fuerza en las cosas en el interior de vehículos;2021;181
Santa Cruz de Tenerife;5.2.1.-Robos con fuerza en las cosas en el interior de vehículos;2020;245
Santa Cruz de Tenerife;5.2.1.-Robos con fuerza en las cosas en el interior de vehículos;2019;245
Santa Cruz de Tenerife;5.2.1.-Robos con fuerza en las cosas en el interior de vehículos;2018;192
Santa Cruz de Tenerife;5.2.2.-Robos con fuerza en viviendas;2024;239
Santa Cruz de Tenerife;5.2.2.-Robos con fuerza en viviendas;2023;219
Santa Cruz de Tenerife;5.2.2.-Robos con fuerza en viviendas;2022;269
Santa Cruz de Tenerife;5.2.2.-Robos con fuerza en viviendas;2021;246
Santa Cruz de Tenerife;5.2.2.-Robos con fuerza en viviendas;2020;270
Santa Cruz de Tenerife;5.2.2.-Robos con fuerza en viviendas;2019;317
Santa Cruz de Tenerife;5.2.2.-Robos con fuerza en viviendas;2018;384
Santa Cruz de Tenerife;5.2.3.-Robos con fuerza en establecimientos;2024;189
Santa Cruz de Tenerife;5.2.3.-Robos con fuerza en establecimientos;2023;209
Santa Cruz de Tenerife;5.2.3.-Robos con fuerza en establecimientos;2022;146
Santa Cruz de Tenerife;5.2.3.-Robos con fuerza en establecimientos;2021;136
Santa Cruz de Tenerife;5.2.3.-Robos con fuerza en establecimientos;2020;145
Santa Cruz de Tenerife;5.2.3.-Robos con fuerza en establecimientos;2019;184
Santa Cruz de Tenerife;5.2.3.-Robos con fuerza en establecimientos;2018;205
Santa Cruz de Tenerife;5.3.-Robos con violencia o intimidación;2024;437
Santa Cruz de Tenerife;5.3.-Robos con violencia o intimidación;2023;436
Santa Cruz de Tenerife;5.3.-Robos con violencia o intimidación;2022;366
Santa Cruz de Tenerife;5.3.-Robos con violencia o intimidación;2021;283
Santa Cruz de Tenerife;5.3.-Robos con violencia o intimidación;2020;279
Santa Cruz de Tenerife;5.3.-Robos con violencia o intimidación;2019;358
Santa Cruz de Tenerife;5.3.-Robos con violencia o intimidación;2018;310
Santa Cruz de Tenerife;5.3.1.-Robos con violencia en vía pública;2024;246
Santa Cruz de Tenerife;5.3.1.-Robos con violencia en vía pública;2023;236
Santa Cruz de Tenerife;5.3.1.-Robos con violencia en vía pública;2022;182
Santa Cruz de Tenerife;5.3.1.-Robos con violencia en vía pública;2021;128
Santa Cruz de Tenerife;5.3.1.-Robos con violencia en vía pública;2020;117
Santa Cruz de Tenerife;5.3.1.-Robos con violencia en vía pública;2019;186
Santa Cruz de Tenerife;5.3.1.-Robos con violencia en vía pública;2018;156
Santa Cruz de Tenerife;5.3.2.-Robos con violencia en viviendas;2024;44
Santa Cruz de Tenerife;5.3.2.-Robos con violencia en viviendas;2023;50
Santa Cruz de Tenerife;5.3.2.-Robos con violencia en viviendas;2022;33
Santa Cruz de Tenerife;5.3.2.-Robos con violencia en viviendas;2021;29
Santa Cruz de Tenerife;5.3.2.-Robos con violencia en viviendas;2020;41
Santa Cruz de Tenerife;5.3.2.-Robos con violencia en viviendas;2019;29
Santa Cruz de Tenerife;5.3.2.-Robos con violencia en viviendas;2018;25
Santa Cruz de Tenerife;5.3.3.-Robos con violencia en establecimientos;2024;108
Santa Cruz de Tenerife;5.3.3.-Robos con violencia en establecimientos;2023;99
Santa Cruz de Tenerife;5.3.3.-Robos con violencia en establecimientos;2022;112
Santa Cruz de Tenerife;5.3.3.-Robos con violencia en establecimientos;2021;82
Santa Cruz de Tenerife;5.3.3.-Robos con violencia en establecimientos;2020;86
Santa Cruz de Tenerife;5.3.3.-Robos con violencia en establecimientos;2019;103
Santa Cruz de Tenerife;5.3.3.-Robos con violencia en establecimientos;2018;96
Santa Cruz de Tenerife;5.4.-Sustracción de vehículos;2024;322
Santa Cruz de Tenerife;5.4.-Sustracción de vehículos;2023;304
Santa Cruz de Tenerife;5.4.-Sustracción de vehículos;2022;212
Santa Cruz de Tenerife;5.4.-Sustracción de vehículos;2021;194
Santa Cruz de Tenerife;5.4.-Sustracción de vehículos;2020;246
Santa Cruz de Tenerife;5.4.-Sustracción de vehículos;2019;231
Santa Cruz de Tenerife;5.4.-Sustracción de vehículos;2018;235
Santa Cruz de Tenerife;5.5.-Estafas;2024;1.736
Santa Cruz de Tenerife;5.5.-Estafas;2023;1.734
Santa Cruz de Tenerife;5.5.-Estafas;2022;1.455
Santa Cruz de Tenerife;5.5.-Estafas;2021;1.241
Santa Cruz de Tenerife;5.5.-Estafas;2020;1.014
Santa Cruz de Tenerife;5.5.-Estafas;2019;867
Santa Cruz de Tenerife;5.5.-Estafas;2018;702
Santa Cruz de Tenerife;5.5.1.-Estafas informáticas;2024;1.093
Santa Cruz de Tenerife;5.5.1.-Estafas informáticas;2023;1.067
Santa Cruz de Tenerife;5.5.1.-Estafas informáticas;2022;831
Santa Cruz de Tenerife;5.5.1.-Estafas informáticas;2021;691
Santa Cruz de Tenerife;5.5.1.-Estafas informáticas;2020;509
Santa Cruz de Tenerife;5.5.1.-Estafas informáticas;2019;314
Santa Cruz de Tenerife;5.5.1.-Estafas informáticas;2018;152
Santa Cruz de Tenerife;5.6.-Daños;2024;1.001
Santa Cruz de Tenerife;5.6.-Daños;2023;841
Santa Cruz de Tenerife;5.6.-Daños;2022;870
Santa Cruz de Tenerife;5.6.-Daños;2021;844
Santa Cruz de Tenerife;5.6.-Daños;2020;777
Santa Cruz de Tenerife;5.6.-Daños;2019;798
Santa Cruz de Tenerife;5.6.-Daños;2018;688
Santa Cruz de Tenerife;5.7.-Contra la propiedad intelectual/industrial;2024;100
Santa Cruz de Tenerife;5.7.-Contra la propiedad intelectual/industrial;2023;50
Santa Cruz de Tenerife;5.7.-Contra la propiedad intelectual/industrial;2022;33
Santa Cruz de Tenerife;5.7.-Contra la propiedad intelectual/industrial;2021;32
Santa Cruz de Tenerife;5.7.-Contra la propiedad intelectual/industrial;2020;9
Santa Cruz de Tenerife;5.7.-Contra la propiedad intelectual/industrial;2019;71
Santa Cruz de Tenerife;5.7.-Contra la propiedad intelectual/industrial;2018;48
Santa Cruz de Tenerife;5.8.-Blanqueo de capitales;2024;7
Santa Cruz de Tenerife;5.8.-Blanqueo de capitales;2023;5
Santa Cruz de Tenerife;5.8.-Blanqueo de capitales;2022;3
Santa Cruz de Tenerife;5.8.-Blanqueo de capitales;2021;9
Santa Cruz de Tenerife;5.8.-Blanqueo de capitales;2020;3
Santa Cruz de Tenerife;5.8.-Blanqueo de capitales;2019;3
Santa Cruz de Tenerife;5.8.-Blanqueo de capitales;2018;5
Santa Cruz de Tenerife;5.9.-Otros contra el patrimonio;2024;591
Santa Cruz de Tenerife;5.9.-Otros contra el patrimonio;2023;546
Santa Cruz de Tenerife;5.9.-Otros contra el patrimonio;2022;521
Santa Cruz de Tenerife;5.9.-Otros contra el patrimonio;2021;444
Santa Cruz de Tenerife;5.9.-Otros contra el patrimonio;2020;526
Santa Cruz de Tenerife;5.9.-Otros contra el patrimonio;2019;564
Santa Cruz de Tenerife;5.9.-Otros contra el patrimonio;2018;557
Santa Cruz de Tenerife;6. SEGURIDAD COLECTIVA;2024;1.901
Santa Cruz de Tenerife;6. SEGURIDAD COLECTIVA;2023;1.926
Santa Cruz de Tenerife;6. SEGURIDAD COLECTIVA;2022;1.767
Santa Cruz de Tenerife;6. SEGURIDAD COLECTIVA;2021;1.483
Santa Cruz de Tenerife;6. SEGURIDAD COLECTIVA;2020;1.415
Santa Cruz de Tenerife;6. SEGURIDAD COLECTIVA;2019;1.544
Santa Cruz de Tenerife;6. SEGURIDAD COLECTIVA;2018;1.531
Santa Cruz de Tenerife;6.1.-Tráfico de drogas;2024;406
Santa Cruz de Tenerife;6.1.-Tráfico de drogas;2023;347
Santa Cruz de Tenerife;6.1.-Tráfico de drogas;2022;247
Santa Cruz de Tenerife;6.1.-Tráfico de drogas;2021;186
Santa Cruz de Tenerife;6.1.-Tráfico de drogas;2020;244
Santa Cruz de Tenerife;6.1.-Tráfico de drogas;2019;213
Santa Cruz de Tenerife;6.1.-Tráfico de drogas;2018;238
Santa Cruz de Tenerife;6.2.-Contra la seguridad vial;2024;1.397
Santa Cruz de Tenerife;6.2.-Contra la seguridad vial;2023;1.536
Santa Cruz de Tenerife;6.2.-Contra la seguridad vial;2022;1.487
Santa Cruz de Tenerife;6.2.-Contra la seguridad vial;2021;1.283
Santa Cruz de Tenerife;6.2.-Contra la seguridad vial;2020;1.151
Santa Cruz de Tenerife;6.2.-Contra la seguridad vial;2019;1.314
Santa Cruz de Tenerife;6.2.-Contra la seguridad vial;2018;1.281
Santa Cruz de Tenerife;6.3.-Otros contra la seguridad colectiva;2024;98
Santa Cruz de Tenerife;6.3.-Otros contra la seguridad colectiva;2023;43
Santa Cruz de Tenerife;6.3.-Otros contra la seguridad colectiva;2022;33
Santa Cruz de Tenerife;6.3.-Otros contra la seguridad colectiva;2021;14
Santa Cruz de Tenerife;6.3.-Otros contra la seguridad colectiva;2020;20
Santa Cruz de Tenerife;6.3.-Otros contra la seguridad colectiva;2019;17
Santa Cruz de Tenerife;6.3.-Otros contra la seguridad colectiva;2018;12
Santa Cruz de Tenerife;7. FALSEDADES;2024;295
Santa Cruz de Tenerife;7. FALSEDADES;2023;230
Santa Cruz de Tenerife;7. FALSEDADES;2022;252
Santa Cruz de Tenerife;7. FALSEDADES;2021;281
Santa Cruz de Tenerife;7. FALSEDADES;2020;282
Santa Cruz de Tenerife;7. FALSEDADES;2019;271
Santa Cruz de Tenerife;7. FALSEDADES;2018;218
Santa Cruz de Tenerife;8. ADMÓN. PÚBLICA;2024;8
Santa Cruz de Tenerife;8. ADMÓN. PÚBLICA;2023;7
Santa Cruz de Tenerife;8. ADMÓN. PÚBLICA;2022;9
Santa Cruz de Tenerife;8. ADMÓN. PÚBLICA;2021;4
Santa Cruz de Tenerife;8. ADMÓN. PÚBLICA;2020;7
Santa Cruz de Tenerife;8. ADMÓN. PÚBLICA;2019;7
Santa Cruz de Tenerife;8. ADMÓN. PÚBLICA;2018;2
Santa Cruz de Tenerife;9. ADMÓN. JUSTICIA;2024;1.146
Santa Cruz de Tenerife;9. ADMÓN. JUSTICIA;2023;1.005
Santa Cruz de Tenerife;9. ADMÓN. JUSTICIA;2022;809
Santa Cruz de Tenerife;9. ADMÓN. JUSTICIA;2021;827
Santa Cruz de Tenerife;9. ADMÓN. JUSTICIA;2020;748
Santa Cruz de Tenerife;9. ADMÓN. JUSTICIA;2019;715
Santa Cruz de Tenerife;9. ADMÓN. JUSTICIA;2018;648
Santa Cruz de Tenerife;10. ORDEN PÚBLICO;2024;558
Santa Cruz de Tenerife;10. ORDEN PÚBLICO;2023;494
Santa Cruz de Tenerife;10. ORDEN PÚBLICO;2022;448
Santa Cruz de Tenerife;10. ORDEN PÚBLICO;2021;443
Santa Cruz de Tenerife;10. ORDEN PÚBLICO;2020;614
Santa Cruz de Tenerife;10. ORDEN PÚBLICO;2019;407
Santa Cruz de Tenerife;10. ORDEN PÚBLICO;2018;412
Santa Cruz de Tenerife;11. LEGISLACIÓN ESPECIAL;2024;3
Santa Cruz de Tenerife;11. LEGISLACIÓN ESPECIAL;2023;1
Santa Cruz de Tenerife;11. LEGISLACIÓN ESPECIAL;2022;1
Santa Cruz de Tenerife;11. LEGISLACIÓN ESPECIAL;2021;0
Santa Cruz de Tenerife;11. LEGISLACIÓN ESPECIAL;2020;0
Santa Cruz de Tenerife;11. LEGISLACIÓN ESPECIAL;2019;3
Santa Cruz de Tenerife;11. LEGISLACIÓN ESPECIAL;2018;0
Santa Cruz de Tenerife;12. OTRAS INFRACCIONES PENALES;2024;204
Santa Cruz de Tenerife;12. OTRAS INFRACCIONES PENALES;2023;215
Santa Cruz de Tenerife;12. OTRAS INFRACCIONES PENALES;2022;145
Santa Cruz de Tenerife;12. OTRAS INFRACCIONES PENALES;2021;121
Santa Cruz de Tenerife;12. OTRAS INFRACCIONES PENALES;2020;128
Santa Cruz de Tenerife;12. OTRAS INFRACCIONES PENALES;2019;92
Santa Cruz de Tenerife;12. OTRAS INFRACCIONES PENALES;2018;95
Santa Cruz de Tenerife;TOTAL INFRACCIONES PENALES;2024;23.010
Santa Cruz de Tenerife;TOTAL INFRACCIONES PENALES;2023;21.955
Santa Cruz de Tenerife;TOTAL INFRACCIONES PENALES;2022;19.674
Santa Cruz de Tenerife;TOTAL INFRACCIONES PENALES;2021;17.973
Santa Cruz de Tenerife;TOTAL INFRACCIONES PENALES;2020;17.054
Santa Cruz de Tenerife;TOTAL INFRACCIONES PENALES;2019;17.895
Santa Cruz de Tenerife;TOTAL INFRACCIONES PENALES;2018;17.063
Cantabria;1. CONTRA LAS PERSONAS;2024;2.536
Cantabria;1. CONTRA LAS PERSONAS;2023;2.602
Cantabria;1. CONTRA LAS PERSONAS;2022;2.188
Cantabria;1. CONTRA LAS PERSONAS;2021;1.881
Cantabria;1. CONTRA LAS PERSONAS;2020;1.589
Cantabria;1. CONTRA LAS PERSONAS;2019;1.829
Cantabria;1. CONTRA LAS PERSONAS;2018;1.953
Cantabria;1.1.-Homicidios dolosos/asesinatos;2024;20
Cantabria;1.1.-Homicidios dolosos/asesinatos;2023;10
Cantabria;1.1.-Homicidios dolosos/asesinatos;2022;12
Cantabria;1.1.-Homicidios dolosos/asesinatos;2021;14
Cantabria;1.1.-Homicidios dolosos/asesinatos;2020;4
Cantabria;1.1.-Homicidios dolosos/asesinatos;2019;15
Cantabria;1.1.-Homicidios dolosos/asesinatos;2018;4
Cantabria;1.1.1.-Homicidios dolosos/asesinatos consumados;2024;2
Cantabria;1.1.1.-Homicidios dolosos/asesinatos consumados;2023;0
Cantabria;1.1.1.-Homicidios dolosos/asesinatos consumados;2022;1
Cantabria;1.1.1.-Homicidios dolosos/asesinatos consumados;2021;4
Cantabria;1.1.1.-Homicidios dolosos/asesinatos consumados;2020;1
Cantabria;1.1.1.-Homicidios dolosos/asesinatos consumados;2019;6
Cantabria;1.1.1.-Homicidios dolosos/asesinatos consumados;2018;1
Cantabria;1.2.-Lesiones;2024;1.332
Cantabria;1.2.-Lesiones;2023;1.449
Cantabria;1.2.-Lesiones;2022;1.231
Cantabria;1.2.-Lesiones;2021;1.072
Cantabria;1.2.-Lesiones;2020;899
Cantabria;1.2.-Lesiones;2019;1.107
Cantabria;1.2.-Lesiones;2018;1.279
Cantabria;1.3.-Malos tratos ámbito familiar;2024;1.068
Cantabria;1.3.-Malos tratos ámbito familiar;2023;1.040
Cantabria;1.3.-Malos tratos ámbito familiar;2022;864
Cantabria;1.3.-Malos tratos ámbito familiar;2021;702
Cantabria;1.3.-Malos tratos ámbito familiar;2020;601
Cantabria;1.3.-Malos tratos ámbito familiar;2019;618
Cantabria;1.3.-Malos tratos ámbito familiar;2018;598
Cantabria;1.4.-Otros contra las personas;2024;116
Cantabria;1.4.-Otros contra las personas;2023;103
Cantabria;1.4.-Otros contra las personas;2022;81
Cantabria;1.4.-Otros contra las personas;2021;93
Cantabria;1.4.-Otros contra las personas;2020;85
Cantabria;1.4.-Otros contra las personas;2019;89
Cantabria;1.4.-Otros contra las personas;2018;72
Cantabria;2. CONTRA LA LIBERTAD;2024;1.501
Cantabria;2. CONTRA LA LIBERTAD;2023;1.581
Cantabria;2. CONTRA LA LIBERTAD;2022;1.383
Cantabria;2. CONTRA LA LIBERTAD;2021;1.385
Cantabria;2. CONTRA LA LIBERTAD;2020;1.144
Cantabria;2. CONTRA LA LIBERTAD;2019;1.196
Cantabria;2. CONTRA LA LIBERTAD;2018;1.198
Cantabria;2.1.-Malos tratos habituales en el ámbito familiar;2024;188
Cantabria;2.1.-Malos tratos habituales en el ámbito familiar;2023;188
Cantabria;2.1.-Malos tratos habituales en el ámbito familiar;2022;168
Cantabria;2.1.-Malos tratos habituales en el ámbito familiar;2021;148
Cantabria;2.1.-Malos tratos habituales en el ámbito familiar;2020;126
Cantabria;2.1.-Malos tratos habituales en el ámbito familiar;2019;133
Cantabria;2.1.-Malos tratos habituales en el ámbito familiar;2018;121
Cantabria;2.2.-Otros contra la libertad;2024;1.313
Cantabria;2.2.-Otros contra la libertad;2023;1.393
Cantabria;2.2.-Otros contra la libertad;2022;1.215
Cantabria;2.2.-Otros contra la libertad;2021;1.237
Cantabria;2.2.-Otros contra la libertad;2020;1.018
Cantabria;2.2.-Otros contra la libertad;2019;1.063
Cantabria;2.2.-Otros contra la libertad;2018;1.077
Cantabria;3. LIBERTAD SEXUAL;2024;167
Cantabria;3. LIBERTAD SEXUAL;2023;155
Cantabria;3. LIBERTAD SEXUAL;2022;147
Cantabria;3. LIBERTAD SEXUAL;2021;121
Cantabria;3. LIBERTAD SEXUAL;2020;74
Cantabria;3. LIBERTAD SEXUAL;2019;90
Cantabria;3. LIBERTAD SEXUAL;2018;86
Cantabria;3.1.-Agresión sexual;2024;91
Cantabria;3.1.-Agresión sexual;2023;94
Cantabria;3.1.-Agresión sexual;2022;82
Cantabria;3.1.-Agresión sexual;2021;75
Cantabria;3.1.-Agresión sexual;2020;45
Cantabria;3.1.-Agresión sexual;2019;55
Cantabria;3.1.-Agresión sexual;2018;53
Cantabria;3.2.-Agresión sexual con penetración;2024;42
Cantabria;3.2.-Agresión sexual con penetración;2023;35
Cantabria;3.2.-Agresión sexual con penetración;2022;40
Cantabria;3.2.-Agresión sexual con penetración;2021;28
Cantabria;3.2.-Agresión sexual con penetración;2020;14
Cantabria;3.2.-Agresión sexual con penetración;2019;15
Cantabria;3.2.-Agresión sexual con penetración;2018;13
Cantabria;3.3.-Corrupción de menores o incapacitados;2024;1
Cantabria;3.3.-Corrupción de menores o incapacitados;2023;4
Cantabria;3.3.-Corrupción de menores o incapacitados;2022;3
Cantabria;3.3.-Corrupción de menores o incapacitados;2021;1
Cantabria;3.3.-Corrupción de menores o incapacitados;2020;0
Cantabria;3.3.-Corrupción de menores o incapacitados;2019;0
Cantabria;3.3.-Corrupción de menores o incapacitados;2018;1
Cantabria;3.4.-Pornografía de menores;2024;12
Cantabria;3.4.-Pornografía de menores;2023;7
Cantabria;3.4.-Pornografía de menores;2022;7
Cantabria;3.4.-Pornografía de menores;2021;5
Cantabria;3.4.-Pornografía de menores;2020;4
Cantabria;3.4.-Pornografía de menores;2019;7
Cantabria;3.4.-Pornografía de menores;2018;8
Cantabria;3.5.-Otros contra la libertad sexual;2024;21
Cantabria;3.5.-Otros contra la libertad sexual;2023;15
Cantabria;3.5.-Otros contra la libertad sexual;2022;15
Cantabria;3.5.-Otros contra la libertad sexual;2021;12
Cantabria;3.5.-Otros contra la libertad sexual;2020;11
Cantabria;3.5.-Otros contra la libertad sexual;2019;13
Cantabria;3.5.-Otros contra la libertad sexual;2018;11
Cantabria;4. RELACIONES FAMILIARES;2024;45
Cantabria;4. RELACIONES FAMILIARES;2023;53
Cantabria;4. RELACIONES FAMILIARES;2022;51
Cantabria;4. RELACIONES FAMILIARES;2021;38
Cantabria;4. RELACIONES FAMILIARES;2020;38
Cantabria;4. RELACIONES FAMILIARES;2019;43
Cantabria;4. RELACIONES FAMILIARES;2018;42
Cantabria;5. PATRIMONIO;2024;4.039
Cantabria;5. PATRIMONIO;2023;4.105
Cantabria;5. PATRIMONIO;2022;3.714
Cantabria;5. PATRIMONIO;2021;3.310
Cantabria;5. PATRIMONIO;2020;2.779
Cantabria;5. PATRIMONIO;2019;3.160
Cantabria;5. PATRIMONIO;2018;2.938
Cantabria;5.1.-Hurtos;2024;1.446
Cantabria;5.1.-Hurtos;2023;1.554
Cantabria;5.1.-Hurtos;2022;1.438
Cantabria;5.1.-Hurtos;2021;1.190
Cantabria;5.1.-Hurtos;2020;1.012
Cantabria;5.1.-Hurtos;2019;1.239
Cantabria;5.1.-Hurtos;2018;1.191
Cantabria;5.2.-Robos con fuerza en las cosas;2024;536
Cantabria;5.2.-Robos con fuerza en las cosas;2023;497
Cantabria;5.2.-Robos con fuerza en las cosas;2022;391
Cantabria;5.2.-Robos con fuerza en las cosas;2021;423
Cantabria;5.2.-Robos con fuerza en las cosas;2020;443
Cantabria;5.2.-Robos con fuerza en las cosas;2019;510
Cantabria;5.2.-Robos con fuerza en las cosas;2018;461
Cantabria;5.2.1.-Robos con fuerza en las cosas en el interior de vehículos;2024;61
Cantabria;5.2.1.-Robos con fuerza en las cosas en el interior de vehículos;2023;68
Cantabria;5.2.1.-Robos con fuerza en las cosas en el interior de vehículos;2022;92
Cantabria;5.2.1.-Robos con fuerza en las cosas en el interior de vehículos;2021;83
Cantabria;5.2.1.-Robos con fuerza en las cosas en el interior de vehículos;2020;93
Cantabria;5.2.1.-Robos con fuerza en las cosas en el interior de vehículos;2019;50
Cantabria;5.2.1.-Robos con fuerza en las cosas en el interior de vehículos;2018;54
Cantabria;5.2.2.-Robos con fuerza en viviendas;2024;196
Cantabria;5.2.2.-Robos con fuerza en viviendas;2023;138
Cantabria;5.2.2.-Robos con fuerza en viviendas;2022;105
Cantabria;5.2.2.-Robos con fuerza en viviendas;2021;101
Cantabria;5.2.2.-Robos con fuerza en viviendas;2020;134
Cantabria;5.2.2.-Robos con fuerza en viviendas;2019;161
Cantabria;5.2.2.-Robos con fuerza en viviendas;2018;178
Cantabria;5.2.3.-Robos con fuerza en establecimientos;2024;168
Cantabria;5.2.3.-Robos con fuerza en establecimientos;2023;147
Cantabria;5.2.3.-Robos con fuerza en establecimientos;2022;121
Cantabria;5.2.3.-Robos con fuerza en establecimientos;2021;151
Cantabria;5.2.3.-Robos con fuerza en establecimientos;2020;135
Cantabria;5.2.3.-Robos con fuerza en establecimientos;2019;191
Cantabria;5.2.3.-Robos con fuerza en establecimientos;2018;134
Cantabria;5.3.-Robos con violencia o intimidación;2024;109
Cantabria;5.3.-Robos con violencia o intimidación;2023;124
Cantabria;5.3.-Robos con violencia o intimidación;2022;121
Cantabria;5.3.-Robos con violencia o intimidación;2021;110
Cantabria;5.3.-Robos con violencia o intimidación;2020;119
Cantabria;5.3.-Robos con violencia o intimidación;2019;99
Cantabria;5.3.-Robos con violencia o intimidación;2018;73
Cantabria;5.3.1.-Robos con violencia en vía pública;2024;38
Cantabria;5.3.1.-Robos con violencia en vía pública;2023;49
Cantabria;5.3.1.-Robos con violencia en vía pública;2022;44
Cantabria;5.3.1.-Robos con violencia en vía pública;2021;53
Cantabria;5.3.1.-Robos con violencia en vía pública;2020;47
Cantabria;5.3.1.-Robos con violencia en vía pública;2019;37
Cantabria;5.3.1.-Robos con violencia en vía pública;2018;28
Cantabria;5.3.2.-Robos con violencia en viviendas;2024;15
Cantabria;5.3.2.-Robos con violencia en viviendas;2023;12
Cantabria;5.3.2.-Robos con violencia en viviendas;2022;13
Cantabria;5.3.2.-Robos con violencia en viviendas;2021;22
Cantabria;5.3.2.-Robos con violencia en viviendas;2020;12
Cantabria;5.3.2.-Robos con violencia en viviendas;2019;13
Cantabria;5.3.2.-Robos con violencia en viviendas;2018;6
Cantabria;5.3.3.-Robos con violencia en establecimientos;2024;49
Cantabria;5.3.3.-Robos con violencia en establecimientos;2023;51
Cantabria;5.3.3.-Robos con violencia en establecimientos;2022;51
Cantabria;5.3.3.-Robos con violencia en establecimientos;2021;22
Cantabria;5.3.3.-Robos con violencia en establecimientos;2020;35
Cantabria;5.3.3.-Robos con violencia en establecimientos;2019;35
Cantabria;5.3.3.-Robos con violencia en establecimientos;2018;23
Cantabria;5.4.-Sustracción de vehículos;2024;69
Cantabria;5.4.-Sustracción de vehículos;2023;48
Cantabria;5.4.-Sustracción de vehículos;2022;37
Cantabria;5.4.-Sustracción de vehículos;2021;63
Cantabria;5.4.-Sustracción de vehículos;2020;46
Cantabria;5.4.-Sustracción de vehículos;2019;53
Cantabria;5.4.-Sustracción de vehículos;2018;53
Cantabria;5.5.-Estafas;2024;1.023
Cantabria;5.5.-Estafas;2023;1.057
Cantabria;5.5.-Estafas;2022;959
Cantabria;5.5.-Estafas;2021;758
Cantabria;5.5.-Estafas;2020;536
Cantabria;5.5.-Estafas;2019;536
Cantabria;5.5.-Estafas;2018;425
Cantabria;5.5.1.-Estafas informáticas;2024;688
Cantabria;5.5.1.-Estafas informáticas;2023;686
Cantabria;5.5.1.-Estafas informáticas;2022;540
Cantabria;5.5.1.-Estafas informáticas;2021;475
Cantabria;5.5.1.-Estafas informáticas;2020;312
Cantabria;5.5.1.-Estafas informáticas;2019;230
Cantabria;5.5.1.-Estafas informáticas;2018;178
Cantabria;5.6.-Daños;2024;510
Cantabria;5.6.-Daños;2023;525
Cantabria;5.6.-Daños;2022;504
Cantabria;5.6.-Daños;2021;495
Cantabria;5.6.-Daños;2020;416
Cantabria;5.6.-Daños;2019;438
Cantabria;5.6.-Daños;2018;425
Cantabria;5.7.-Contra la propiedad intelectual/industrial;2024;2
Cantabria;5.7.-Contra la propiedad intelectual/industrial;2023;17
Cantabria;5.7.-Contra la propiedad intelectual/industrial;2022;22
Cantabria;5.7.-Contra la propiedad intelectual/industrial;2021;22
Cantabria;5.7.-Contra la propiedad intelectual/industrial;2020;11
Cantabria;5.7.-Contra la propiedad intelectual/industrial;2019;10
Cantabria;5.7.-Contra la propiedad intelectual/industrial;2018;17
Cantabria;5.8.-Blanqueo de capitales;2024;2
Cantabria;5.8.-Blanqueo de capitales;2023;6
Cantabria;5.8.-Blanqueo de capitales;2022;2
Cantabria;5.8.-Blanqueo de capitales;2021;2
Cantabria;5.8.-Blanqueo de capitales;2020;0
Cantabria;5.8.-Blanqueo de capitales;2019;0
Cantabria;5.8.-Blanqueo de capitales;2018;2
Cantabria;5.9.-Otros contra el patrimonio;2024;342
Cantabria;5.9.-Otros contra el patrimonio;2023;277
Cantabria;5.9.-Otros contra el patrimonio;2022;240
Cantabria;5.9.-Otros contra el patrimonio;2021;247
Cantabria;5.9.-Otros contra el patrimonio;2020;196
Cantabria;5.9.-Otros contra el patrimonio;2019;275
Cantabria;5.9.-Otros contra el patrimonio;2018;291
Cantabria;6. SEGURIDAD COLECTIVA;2024;775
Cantabria;6. SEGURIDAD COLECTIVA;2023;841
Cantabria;6. SEGURIDAD COLECTIVA;2022;870
Cantabria;6. SEGURIDAD COLECTIVA;2021;754
Cantabria;6. SEGURIDAD COLECTIVA;2020;663
Cantabria;6. SEGURIDAD COLECTIVA;2019;707
Cantabria;6. SEGURIDAD COLECTIVA;2018;742
Cantabria;6.1.-Tráfico de drogas;2024;76
Cantabria;6.1.-Tráfico de drogas;2023;114
Cantabria;6.1.-Tráfico de drogas;2022;81
Cantabria;6.1.-Tráfico de drogas;2021;91
Cantabria;6.1.-Tráfico de drogas;2020;93
Cantabria;6.1.-Tráfico de drogas;2019;85
Cantabria;6.1.-Tráfico de drogas;2018;88
Cantabria;6.2.-Contra la seguridad vial;2024;679
Cantabria;6.2.-Contra la seguridad vial;2023;698
Cantabria;6.2.-Contra la seguridad vial;2022;755
Cantabria;6.2.-Contra la seguridad vial;2021;646
Cantabria;6.2.-Contra la seguridad vial;2020;556
Cantabria;6.2.-Contra la seguridad vial;2019;614
Cantabria;6.2.-Contra la seguridad vial;2018;638
Cantabria;6.3.-Otros contra la seguridad colectiva;2024;20
Cantabria;6.3.-Otros contra la seguridad colectiva;2023;29
Cantabria;6.3.-Otros contra la seguridad colectiva;2022;34
Cantabria;6.3.-Otros contra la seguridad colectiva;2021;17
Cantabria;6.3.-Otros contra la seguridad colectiva;2020;14
Cantabria;6.3.-Otros contra la seguridad colectiva;2019;8
Cantabria;6.3.-Otros contra la seguridad colectiva;2018;16
Cantabria;7. FALSEDADES;2024;114
Cantabria;7. FALSEDADES;2023;141
Cantabria;7. FALSEDADES;2022;113
Cantabria;7. FALSEDADES;2021;123
Cantabria;7. FALSEDADES;2020;78
Cantabria;7. FALSEDADES;2019;133
Cantabria;7. FALSEDADES;2018;86
Cantabria;8. ADMÓN. PÚBLICA;2024;10
Cantabria;8. ADMÓN. PÚBLICA;2023;9
Cantabria;8. ADMÓN. PÚBLICA;2022;1
Cantabria;8. ADMÓN. PÚBLICA;2021;1
Cantabria;8. ADMÓN. PÚBLICA;2020;2
Cantabria;8. ADMÓN. PÚBLICA;2019;3
Cantabria;8. ADMÓN. PÚBLICA;2018;0
Cantabria;9. ADMÓN. JUSTICIA;2024;478
Cantabria;9. ADMÓN. JUSTICIA;2023;448
Cantabria;9. ADMÓN. JUSTICIA;2022;380
Cantabria;9. ADMÓN. JUSTICIA;2021;278
Cantabria;9. ADMÓN. JUSTICIA;2020;273
Cantabria;9. ADMÓN. JUSTICIA;2019;286
Cantabria;9. ADMÓN. JUSTICIA;2018;318
Cantabria;10. ORDEN PÚBLICO;2024;323
Cantabria;10. ORDEN PÚBLICO;2023;280
Cantabria;10. ORDEN PÚBLICO;2022;354
Cantabria;10. ORDEN PÚBLICO;2021;272
Cantabria;10. ORDEN PÚBLICO;2020;431
Cantabria;10. ORDEN PÚBLICO;2019;164
Cantabria;10. ORDEN PÚBLICO;2018;162
Cantabria;11. LEGISLACIÓN ESPECIAL;2024;6
Cantabria;11. LEGISLACIÓN ESPECIAL;2023;4
Cantabria;11. LEGISLACIÓN ESPECIAL;2022;1
Cantabria;11. LEGISLACIÓN ESPECIAL;2021;2
Cantabria;11. LEGISLACIÓN ESPECIAL;2020;0
Cantabria;11. LEGISLACIÓN ESPECIAL;2019;0
Cantabria;11. LEGISLACIÓN ESPECIAL;2018;1
Cantabria;12. OTRAS INFRACCIONES PENALES;2024;119
Cantabria;12. OTRAS INFRACCIONES PENALES;2023;112
Cantabria;12. OTRAS INFRACCIONES PENALES;2022;102
Cantabria;12. OTRAS INFRACCIONES PENALES;2021;137
Cantabria;12. OTRAS INFRACCIONES PENALES;2020;108
Cantabria;12. OTRAS INFRACCIONES PENALES;2019;94
Cantabria;12. OTRAS INFRACCIONES PENALES;2018;114
Cantabria;TOTAL INFRACCIONES PENALES;2024;10.113
Cantabria;TOTAL INFRACCIONES PENALES;2023;10.331
Cantabria;TOTAL INFRACCIONES PENALES;2022;9.304
Cantabria;TOTAL INFRACCIONES PENALES;2021;8.302
Cantabria;TOTAL INFRACCIONES PENALES;2020;7.179
Cantabria;TOTAL INFRACCIONES PENALES;2019;7.705
Cantabria;TOTAL INFRACCIONES PENALES;2018;7.640
Segovia;1. CONTRA LAS PERSONAS;2024;614
Segovia;1. CONTRA LAS PERSONAS;2023;559
Segovia;1. CONTRA LAS PERSONAS;2022;567
Segovia;1. CONTRA LAS PERSONAS;2021;429
Segovia;1. CONTRA LAS PERSONAS;2020;427
Segovia;1. CONTRA LAS PERSONAS;2019;402
Segovia;1. CONTRA LAS PERSONAS;2018;372
Segovia;1.1.-Homicidios dolosos/asesinatos;2024;2
Segovia;1.1.-Homicidios dolosos/asesinatos;2023;1
Segovia;1.1.-Homicidios dolosos/asesinatos;2022;1
Segovia;1.1.-Homicidios dolosos/asesinatos;2021;3
Segovia;1.1.-Homicidios dolosos/asesinatos;2020;8
Segovia;1.1.-Homicidios dolosos/asesinatos;2019;3
Segovia;1.1.-Homicidios dolosos/asesinatos;2018;1
Segovia;1.1.1.-Homicidios dolosos/asesinatos consumados;2024;1
Segovia;1.1.1.-Homicidios dolosos/asesinatos consumados;2023;0
Segovia;1.1.1.-Homicidios dolosos/asesinatos consumados;2022;0
Segovia;1.1.1.-Homicidios dolosos/asesinatos consumados;2021;2
Segovia;1.1.1.-Homicidios dolosos/asesinatos consumados;2020;3
Segovia;1.1.1.-Homicidios dolosos/asesinatos consumados;2019;1
Segovia;1.1.1.-Homicidios dolosos/asesinatos consumados;2018;0
Segovia;1.2.-Lesiones;2024;302
Segovia;1.2.-Lesiones;2023;265
Segovia;1.2.-Lesiones;2022;287
Segovia;1.2.-Lesiones;2021;212
Segovia;1.2.-Lesiones;2020;201
Segovia;1.2.-Lesiones;2019;218
Segovia;1.2.-Lesiones;2018;195
Segovia;1.3.-Malos tratos ámbito familiar;2024;284
Segovia;1.3.-Malos tratos ámbito familiar;2023;274
Segovia;1.3.-Malos tratos ámbito familiar;2022;270
Segovia;1.3.-Malos tratos ámbito familiar;2021;207
Segovia;1.3.-Malos tratos ámbito familiar;2020;204
Segovia;1.3.-Malos tratos ámbito familiar;2019;172
Segovia;1.3.-Malos tratos ámbito familiar;2018;164
Segovia;1.4.-Otros contra las personas;2024;26
Segovia;1.4.-Otros contra las personas;2023;19
Segovia;1.4.-Otros contra las personas;2022;9
Segovia;1.4.-Otros contra las personas;2021;7
Segovia;1.4.-Otros contra las personas;2020;14
Segovia;1.4.-Otros contra las personas;2019;9
Segovia;1.4.-Otros contra las personas;2018;12
Segovia;2. CONTRA LA LIBERTAD;2024;383
Segovia;2. CONTRA LA LIBERTAD;2023;405
Segovia;2. CONTRA LA LIBERTAD;2022;311
Segovia;2. CONTRA LA LIBERTAD;2021;320
Segovia;2. CONTRA LA LIBERTAD;2020;260
Segovia;2. CONTRA LA LIBERTAD;2019;290
Segovia;2. CONTRA LA LIBERTAD;2018;210
Segovia;2.1.-Malos tratos habituales en el ámbito familiar;2024;59
Segovia;2.1.-Malos tratos habituales en el ámbito familiar;2023;71
Segovia;2.1.-Malos tratos habituales en el ámbito familiar;2022;65
Segovia;2.1.-Malos tratos habituales en el ámbito familiar;2021;69
Segovia;2.1.-Malos tratos habituales en el ámbito familiar;2020;52
Segovia;2.1.-Malos tratos habituales en el ámbito familiar;2019;40
Segovia;2.1.-Malos tratos habituales en el ámbito familiar;2018;36
Segovia;2.2.-Otros contra la libertad;2024;324
Segovia;2.2.-Otros contra la libertad;2023;334
Segovia;2.2.-Otros contra la libertad;2022;246
Segovia;2.2.-Otros contra la libertad;2021;251
Segovia;2.2.-Otros contra la libertad;2020;208
Segovia;2.2.-Otros contra la libertad;2019;250
Segovia;2.2.-Otros contra la libertad;2018;174
Segovia;3. LIBERTAD SEXUAL;2024;52
Segovia;3. LIBERTAD SEXUAL;2023;44
Segovia;3. LIBERTAD SEXUAL;2022;40
Segovia;3. LIBERTAD SEXUAL;2021;38
Segovia;3. LIBERTAD SEXUAL;2020;19
Segovia;3. LIBERTAD SEXUAL;2019;44
Segovia;3. LIBERTAD SEXUAL;2018;30
Segovia;3.1.-Agresión sexual;2024;36
Segovia;3.1.-Agresión sexual;2023;26
Segovia;3.1.-Agresión sexual;2022;26
Segovia;3.1.-Agresión sexual;2021;25
Segovia;3.1.-Agresión sexual;2020;14
Segovia;3.1.-Agresión sexual;2019;16
Segovia;3.1.-Agresión sexual;2018;20
Segovia;3.2.-Agresión sexual con penetración;2024;12
Segovia;3.2.-Agresión sexual con penetración;2023;11
Segovia;3.2.-Agresión sexual con penetración;2022;7
Segovia;3.2.-Agresión sexual con penetración;2021;5
Segovia;3.2.-Agresión sexual con penetración;2020;2
Segovia;3.2.-Agresión sexual con penetración;2019;3
Segovia;3.2.-Agresión sexual con penetración;2018;3
Segovia;3.3.-Corrupción de menores o incapacitados;2024;2
Segovia;3.3.-Corrupción de menores o incapacitados;2023;1
Segovia;3.3.-Corrupción de menores o incapacitados;2022;2
Segovia;3.3.-Corrupción de menores o incapacitados;2021;1
Segovia;3.3.-Corrupción de menores o incapacitados;2020;1
Segovia;3.3.-Corrupción de menores o incapacitados;2019;2
Segovia;3.3.-Corrupción de menores o incapacitados;2018;2
Segovia;3.4.-Pornografía de menores;2024;1
Segovia;3.4.-Pornografía de menores;2023;1
Segovia;3.4.-Pornografía de menores;2022;0
Segovia;3.4.-Pornografía de menores;2021;0
Segovia;3.4.-Pornografía de menores;2020;0
Segovia;3.4.-Pornografía de menores;2019;1
Segovia;3.4.-Pornografía de menores;2018;2
Segovia;3.5.-Otros contra la libertad sexual;2024;1
Segovia;3.5.-Otros contra la libertad sexual;2023;5
Segovia;3.5.-Otros contra la libertad sexual;2022;5
Segovia;3.5.-Otros contra la libertad sexual;2021;7
Segovia;3.5.-Otros contra la libertad sexual;2020;2
Segovia;3.5.-Otros contra la libertad sexual;2019;22
Segovia;3.5.-Otros contra la libertad sexual;2018;3
Segovia;4. RELACIONES FAMILIARES;2024;9
Segovia;4. RELACIONES FAMILIARES;2023;6
Segovia;4. RELACIONES FAMILIARES;2022;10
Segovia;4. RELACIONES FAMILIARES;2021;3
Segovia;4. RELACIONES FAMILIARES;2020;7
Segovia;4. RELACIONES FAMILIARES;2019;9
Segovia;4. RELACIONES FAMILIARES;2018;6
Segovia;5. PATRIMONIO;2024;1.078
Segovia;5. PATRIMONIO;2023;894
Segovia;5. PATRIMONIO;2022;923
Segovia;5. PATRIMONIO;2021;841
Segovia;5. PATRIMONIO;2020;598
Segovia;5. PATRIMONIO;2019;742
Segovia;5. PATRIMONIO;2018;606
Segovia;5.1.-Hurtos;2024;254
Segovia;5.1.-Hurtos;2023;219
Segovia;5.1.-Hurtos;2022;278
Segovia;5.1.-Hurtos;2021;221
Segovia;5.1.-Hurtos;2020;143
Segovia;5.1.-Hurtos;2019;207
Segovia;5.1.-Hurtos;2018;166
Segovia;5.2.-Robos con fuerza en las cosas;2024;141
Segovia;5.2.-Robos con fuerza en las cosas;2023;110
Segovia;5.2.-Robos con fuerza en las cosas;2022;119
Segovia;5.2.-Robos con fuerza en las cosas;2021;130
Segovia;5.2.-Robos con fuerza en las cosas;2020;63
Segovia;5.2.-Robos con fuerza en las cosas;2019;134
Segovia;5.2.-Robos con fuerza en las cosas;2018;119
Segovia;5.2.1.-Robos con fuerza en las cosas en el interior de vehículos;2024;24
Segovia;5.2.1.-Robos con fuerza en las cosas en el interior de vehículos;2023;24
Segovia;5.2.1.-Robos con fuerza en las cosas en el interior de vehículos;2022;13
Segovia;5.2.1.-Robos con fuerza en las cosas en el interior de vehículos;2021;12
Segovia;5.2.1.-Robos con fuerza en las cosas en el interior de vehículos;2020;4
Segovia;5.2.1.-Robos con fuerza en las cosas en el interior de vehículos;2019;9
Segovia;5.2.1.-Robos con fuerza en las cosas en el interior de vehículos;2018;24
Segovia;5.2.2.-Robos con fuerza en viviendas;2024;35
Segovia;5.2.2.-Robos con fuerza en viviendas;2023;34
Segovia;5.2.2.-Robos con fuerza en viviendas;2022;27
Segovia;5.2.2.-Robos con fuerza en viviendas;2021;66
Segovia;5.2.2.-Robos con fuerza en viviendas;2020;24
Segovia;5.2.2.-Robos con fuerza en viviendas;2019;49
Segovia;5.2.2.-Robos con fuerza en viviendas;2018;36
Segovia;5.2.3.-Robos con fuerza en establecimientos;2024;24
Segovia;5.2.3.-Robos con fuerza en establecimientos;2023;14
Segovia;5.2.3.-Robos con fuerza en establecimientos;2022;14
Segovia;5.2.3.-Robos con fuerza en establecimientos;2021;20
Segovia;5.2.3.-Robos con fuerza en establecimientos;2020;15
Segovia;5.2.3.-Robos con fuerza en establecimientos;2019;33
Segovia;5.2.3.-Robos con fuerza en establecimientos;2018;16
Segovia;5.3.-Robos con violencia o intimidación;2024;13
Segovia;5.3.-Robos con violencia o intimidación;2023;23
Segovia;5.3.-Robos con violencia o intimidación;2022;12
Segovia;5.3.-Robos con violencia o intimidación;2021;21
Segovia;5.3.-Robos con violencia o intimidación;2020;7
Segovia;5.3.-Robos con violencia o intimidación;2019;14
Segovia;5.3.-Robos con violencia o intimidación;2018;12
Segovia;5.3.1.-Robos con violencia en vía pública;2024;7
Segovia;5.3.1.-Robos con violencia en vía pública;2023;10
Segovia;5.3.1.-Robos con violencia en vía pública;2022;5
Segovia;5.3.1.-Robos con violencia en vía pública;2021;11
Segovia;5.3.1.-Robos con violencia en vía pública;2020;3
Segovia;5.3.1.-Robos con violencia en vía pública;2019;8
Segovia;5.3.1.-Robos con violencia en vía pública;2018;8
Segovia;5.3.2.-Robos con violencia en viviendas;2024;1
Segovia;5.3.2.-Robos con violencia en viviendas;2023;7
Segovia;5.3.2.-Robos con violencia en viviendas;2022;0
Segovia;5.3.2.-Robos con violencia en viviendas;2021;5
Segovia;5.3.2.-Robos con violencia en viviendas;2020;2
Segovia;5.3.2.-Robos con violencia en viviendas;2019;1
Segovia;5.3.2.-Robos con violencia en viviendas;2018;2
Segovia;5.3.3.-Robos con violencia en establecimientos;2024;3
Segovia;5.3.3.-Robos con violencia en establecimientos;2023;4
Segovia;5.3.3.-Robos con violencia en establecimientos;2022;6
Segovia;5.3.3.-Robos con violencia en establecimientos;2021;3
Segovia;5.3.3.-Robos con violencia en establecimientos;2020;1
Segovia;5.3.3.-Robos con violencia en establecimientos;2019;4
Segovia;5.3.3.-Robos con violencia en establecimientos;2018;1
Segovia;5.4.-Sustracción de vehículos;2024;21
Segovia;5.4.-Sustracción de vehículos;2023;20
Segovia;5.4.-Sustracción de vehículos;2022;20
Segovia;5.4.-Sustracción de vehículos;2021;12
Segovia;5.4.-Sustracción de vehículos;2020;15
Segovia;5.4.-Sustracción de vehículos;2019;10
Segovia;5.4.-Sustracción de vehículos;2018;4
Segovia;5.5.-Estafas;2024;402
Segovia;5.5.-Estafas;2023;325
Segovia;5.5.-Estafas;2022;291
Segovia;5.5.-Estafas;2021;267
Segovia;5.5.-Estafas;2020;203
Segovia;5.5.-Estafas;2019;194
Segovia;5.5.-Estafas;2018;152
Segovia;5.5.1.-Estafas informáticas;2024;309
Segovia;5.5.1.-Estafas informáticas;2023;247
Segovia;5.5.1.-Estafas informáticas;2022;213
Segovia;5.5.1.-Estafas informáticas;2021;177
Segovia;5.5.1.-Estafas informáticas;2020;128
Segovia;5.5.1.-Estafas informáticas;2019;78
Segovia;5.5.1.-Estafas informáticas;2018;70
Segovia;5.6.-Daños;2024;148
Segovia;5.6.-Daños;2023;135
Segovia;5.6.-Daños;2022;139
Segovia;5.6.-Daños;2021;125
Segovia;5.6.-Daños;2020;107
Segovia;5.6.-Daños;2019;126
Segovia;5.6.-Daños;2018;102
Segovia;5.7.-Contra la propiedad intelectual/industrial;2024;1
Segovia;5.7.-Contra la propiedad intelectual/industrial;2023;0
Segovia;5.7.-Contra la propiedad intelectual/industrial;2022;3
Segovia;5.7.-Contra la propiedad intelectual/industrial;2021;5
Segovia;5.7.-Contra la propiedad intelectual/industrial;2020;3
Segovia;5.7.-Contra la propiedad intelectual/industrial;2019;4
Segovia;5.7.-Contra la propiedad intelectual/industrial;2018;9
Segovia;5.8.-Blanqueo de capitales;2024;4
Segovia;5.8.-Blanqueo de capitales;2023;1
Segovia;5.8.-Blanqueo de capitales;2022;0
Segovia;5.8.-Blanqueo de capitales;2021;0
Segovia;5.8.-Blanqueo de capitales;2020;0
Segovia;5.8.-Blanqueo de capitales;2019;1
Segovia;5.8.-Blanqueo de capitales;2018;0
Segovia;5.9.-Otros contra el patrimonio;2024;94
Segovia;5.9.-Otros contra el patrimonio;2023;61
Segovia;5.9.-Otros contra el patrimonio;2022;61
Segovia;5.9.-Otros contra el patrimonio;2021;60
Segovia;5.9.-Otros contra el patrimonio;2020;57
Segovia;5.9.-Otros contra el patrimonio;2019;52
Segovia;5.9.-Otros contra el patrimonio;2018;42
Segovia;6. SEGURIDAD COLECTIVA;2024;328
Segovia;6. SEGURIDAD COLECTIVA;2023;262
Segovia;6. SEGURIDAD COLECTIVA;2022;224
Segovia;6. SEGURIDAD COLECTIVA;2021;251
Segovia;6. SEGURIDAD COLECTIVA;2020;208
Segovia;6. SEGURIDAD COLECTIVA;2019;285
Segovia;6. SEGURIDAD COLECTIVA;2018;246
Segovia;6.1.-Tráfico de drogas;2024;29
Segovia;6.1.-Tráfico de drogas;2023;43
Segovia;6.1.-Tráfico de drogas;2022;30
Segovia;6.1.-Tráfico de drogas;2021;41
Segovia;6.1.-Tráfico de drogas;2020;45
Segovia;6.1.-Tráfico de drogas;2019;45
Segovia;6.1.-Tráfico de drogas;2018;23
Segovia;6.2.-Contra la seguridad vial;2024;289
Segovia;6.2.-Contra la seguridad vial;2023;212
Segovia;6.2.-Contra la seguridad vial;2022;188
Segovia;6.2.-Contra la seguridad vial;2021;207
Segovia;6.2.-Contra la seguridad vial;2020;158
Segovia;6.2.-Contra la seguridad vial;2019;234
Segovia;6.2.-Contra la seguridad vial;2018;216
Segovia;6.3.-Otros contra la seguridad colectiva;2024;10
Segovia;6.3.-Otros contra la seguridad colectiva;2023;7
Segovia;6.3.-Otros contra la seguridad colectiva;2022;6
Segovia;6.3.-Otros contra la seguridad colectiva;2021;3
Segovia;6.3.-Otros contra la seguridad colectiva;2020;5
Segovia;6.3.-Otros contra la seguridad colectiva;2019;6
Segovia;6.3.-Otros contra la seguridad colectiva;2018;7
Segovia;7. FALSEDADES;2024;75
Segovia;7. FALSEDADES;2023;60
Segovia;7. FALSEDADES;2022;67
Segovia;7. FALSEDADES;2021;50
Segovia;7. FALSEDADES;2020;33
Segovia;7. FALSEDADES;2019;43
Segovia;7. FALSEDADES;2018;35
Segovia;8. ADMÓN. PÚBLICA;2024;0
Segovia;8. ADMÓN. PÚBLICA;2023;1
Segovia;8. ADMÓN. PÚBLICA;2022;0
Segovia;8. ADMÓN. PÚBLICA;2021;0
Segovia;8. ADMÓN. PÚBLICA;2020;0
Segovia;8. ADMÓN. PÚBLICA;2019;3
Segovia;8. ADMÓN. PÚBLICA;2018;2
Segovia;9. ADMÓN. JUSTICIA;2024;120
Segovia;9. ADMÓN. JUSTICIA;2023;115
Segovia;9. ADMÓN. JUSTICIA;2022;122
Segovia;9. ADMÓN. JUSTICIA;2021;80
Segovia;9. ADMÓN. JUSTICIA;2020;87
Segovia;9. ADMÓN. JUSTICIA;2019;87
Segovia;9. ADMÓN. JUSTICIA;2018;70
Segovia;10. ORDEN PÚBLICO;2024;70
Segovia;10. ORDEN PÚBLICO;2023;84
Segovia;10. ORDEN PÚBLICO;2022;75
Segovia;10. ORDEN PÚBLICO;2021;57
Segovia;10. ORDEN PÚBLICO;2020;73
Segovia;10. ORDEN PÚBLICO;2019;47
Segovia;10. ORDEN PÚBLICO;2018;29
Segovia;11. LEGISLACIÓN ESPECIAL;2024;0
Segovia;11. LEGISLACIÓN ESPECIAL;2023;0
Segovia;11. LEGISLACIÓN ESPECIAL;2022;1
Segovia;11. LEGISLACIÓN ESPECIAL;2021;0
Segovia;11. LEGISLACIÓN ESPECIAL;2020;0
Segovia;11. LEGISLACIÓN ESPECIAL;2019;0
Segovia;11. LEGISLACIÓN ESPECIAL;2018;0
Segovia;12. OTRAS INFRACCIONES PENALES;2024;48
Segovia;12. OTRAS INFRACCIONES PENALES;2023;53
Segovia;12. OTRAS INFRACCIONES PENALES;2022;48
Segovia;12. OTRAS INFRACCIONES PENALES;2021;45
Segovia;12. OTRAS INFRACCIONES PENALES;2020;31
Segovia;12. OTRAS INFRACCIONES PENALES;2019;31
Segovia;12. OTRAS INFRACCIONES PENALES;2018;38
Segovia;TOTAL INFRACCIONES PENALES;2024;2.777
Segovia;TOTAL INFRACCIONES PENALES;2023;2.483
Segovia;TOTAL INFRACCIONES PENALES;2022;2.388
Segovia;TOTAL INFRACCIONES PENALES;2021;2.114
Segovia;TOTAL INFRACCIONES PENALES;2020;1.743
Segovia;TOTAL INFRACCIONES PENALES;2019;1.983
Segovia;TOTAL INFRACCIONES PENALES;2018;1.644
Sevilla;1. CONTRA LAS PERSONAS;2024;9.278
Sevilla;1. CONTRA LAS PERSONAS;2023;9.002
Sevilla;1. CONTRA LAS PERSONAS;2022;8.560
Sevilla;1. CONTRA LAS PERSONAS;2021;7.406
Sevilla;1. CONTRA LAS PERSONAS;2020;6.709
Sevilla;1. CONTRA LAS PERSONAS;2019;6.918
Sevilla;1. CONTRA LAS PERSONAS;2018;6.613
Sevilla;1.1.-Homicidios dolosos/asesinatos;2024;78
Sevilla;1.1.-Homicidios dolosos/asesinatos;2023;88
Sevilla;1.1.-Homicidios dolosos/asesinatos;2022;88
Sevilla;1.1.-Homicidios dolosos/asesinatos;2021;65
Sevilla;1.1.-Homicidios dolosos/asesinatos;2020;76
Sevilla;1.1.-Homicidios dolosos/asesinatos;2019;47
Sevilla;1.1.-Homicidios dolosos/asesinatos;2018;56
Sevilla;1.1.1.-Homicidios dolosos/asesinatos consumados;2024;14
Sevilla;1.1.1.-Homicidios dolosos/asesinatos consumados;2023;10
Sevilla;1.1.1.-Homicidios dolosos/asesinatos consumados;2022;14
Sevilla;1.1.1.-Homicidios dolosos/asesinatos consumados;2021;8
Sevilla;1.1.1.-Homicidios dolosos/asesinatos consumados;2020;13
Sevilla;1.1.1.-Homicidios dolosos/asesinatos consumados;2019;8
Sevilla;1.1.1.-Homicidios dolosos/asesinatos consumados;2018;9
Sevilla;1.2.-Lesiones;2024;5.155
Sevilla;1.2.-Lesiones;2023;4.996
Sevilla;1.2.-Lesiones;2022;4.335
Sevilla;1.2.-Lesiones;2021;3.543
Sevilla;1.2.-Lesiones;2020;3.268
Sevilla;1.2.-Lesiones;2019;3.604
Sevilla;1.2.-Lesiones;2018;3.497
Sevilla;1.3.-Malos tratos ámbito familiar;2024;3.799
Sevilla;1.3.-Malos tratos ámbito familiar;2023;3.730
Sevilla;1.3.-Malos tratos ámbito familiar;2022;3.986
Sevilla;1.3.-Malos tratos ámbito familiar;2021;3.688
Sevilla;1.3.-Malos tratos ámbito familiar;2020;3.238
Sevilla;1.3.-Malos tratos ámbito familiar;2019;3.114
Sevilla;1.3.-Malos tratos ámbito familiar;2018;2.907
Sevilla;1.4.-Otros contra las personas;2024;246
Sevilla;1.4.-Otros contra las personas;2023;188
Sevilla;1.4.-Otros contra las personas;2022;151
Sevilla;1.4.-Otros contra las personas;2021;110
Sevilla;1.4.-Otros contra las personas;2020;127
Sevilla;1.4.-Otros contra las personas;2019;153
Sevilla;1.4.-Otros contra las personas;2018;153
Sevilla;2. CONTRA LA LIBERTAD;2024;6.879
Sevilla;2. CONTRA LA LIBERTAD;2023;6.278
Sevilla;2. CONTRA LA LIBERTAD;2022;5.257
Sevilla;2. CONTRA LA LIBERTAD;2021;5.207
Sevilla;2. CONTRA LA LIBERTAD;2020;5.143
Sevilla;2. CONTRA LA LIBERTAD;2019;4.989
Sevilla;2. CONTRA LA LIBERTAD;2018;4.613
Sevilla;2.1.-Malos tratos habituales en el ámbito familiar;2024;355
Sevilla;2.1.-Malos tratos habituales en el ámbito familiar;2023;348
Sevilla;2.1.-Malos tratos habituales en el ámbito familiar;2022;440
Sevilla;2.1.-Malos tratos habituales en el ámbito familiar;2021;622
Sevilla;2.1.-Malos tratos habituales en el ámbito familiar;2020;585
Sevilla;2.1.-Malos tratos habituales en el ámbito familiar;2019;599
Sevilla;2.1.-Malos tratos habituales en el ámbito familiar;2018;629
Sevilla;2.2.-Otros contra la libertad;2024;6.524
Sevilla;2.2.-Otros contra la libertad;2023;5.930
Sevilla;2.2.-Otros contra la libertad;2022;4.817
Sevilla;2.2.-Otros contra la libertad;2021;4.585
Sevilla;2.2.-Otros contra la libertad;2020;4.558
Sevilla;2.2.-Otros contra la libertad;2019;4.390
Sevilla;2.2.-Otros contra la libertad;2018;3.984
Sevilla;3. LIBERTAD SEXUAL;2024;679
Sevilla;3. LIBERTAD SEXUAL;2023;669
Sevilla;3. LIBERTAD SEXUAL;2022;497
Sevilla;3. LIBERTAD SEXUAL;2021;475
Sevilla;3. LIBERTAD SEXUAL;2020;441
Sevilla;3. LIBERTAD SEXUAL;2019;427
Sevilla;3. LIBERTAD SEXUAL;2018;408
Sevilla;3.1.-Agresión sexual;2024;411
Sevilla;3.1.-Agresión sexual;2023;359
Sevilla;3.1.-Agresión sexual;2022;325
Sevilla;3.1.-Agresión sexual;2021;311
Sevilla;3.1.-Agresión sexual;2020;262
Sevilla;3.1.-Agresión sexual;2019;244
Sevilla;3.1.-Agresión sexual;2018;231
Sevilla;3.2.-Agresión sexual con penetración;2024;122
Sevilla;3.2.-Agresión sexual con penetración;2023;110
Sevilla;3.2.-Agresión sexual con penetración;2022;83
Sevilla;3.2.-Agresión sexual con penetración;2021;60
Sevilla;3.2.-Agresión sexual con penetración;2020;64
Sevilla;3.2.-Agresión sexual con penetración;2019;70
Sevilla;3.2.-Agresión sexual con penetración;2018;73
Sevilla;3.3.-Corrupción de menores o incapacitados;2024;11
Sevilla;3.3.-Corrupción de menores o incapacitados;2023;21
Sevilla;3.3.-Corrupción de menores o incapacitados;2022;11
Sevilla;3.3.-Corrupción de menores o incapacitados;2021;13
Sevilla;3.3.-Corrupción de menores o incapacitados;2020;11
Sevilla;3.3.-Corrupción de menores o incapacitados;2019;19
Sevilla;3.3.-Corrupción de menores o incapacitados;2018;15
Sevilla;3.4.-Pornografía de menores;2024;57
Sevilla;3.4.-Pornografía de menores;2023;27
Sevilla;3.4.-Pornografía de menores;2022;23
Sevilla;3.4.-Pornografía de menores;2021;20
Sevilla;3.4.-Pornografía de menores;2020;36
Sevilla;3.4.-Pornografía de menores;2019;30
Sevilla;3.4.-Pornografía de menores;2018;33
Sevilla;3.5.-Otros contra la libertad sexual;2024;78
Sevilla;3.5.-Otros contra la libertad sexual;2023;152
Sevilla;3.5.-Otros contra la libertad sexual;2022;55
Sevilla;3.5.-Otros contra la libertad sexual;2021;71
Sevilla;3.5.-Otros contra la libertad sexual;2020;68
Sevilla;3.5.-Otros contra la libertad sexual;2019;64
Sevilla;3.5.-Otros contra la libertad sexual;2018;56
Sevilla;4. RELACIONES FAMILIARES;2024;320
Sevilla;4. RELACIONES FAMILIARES;2023;343
Sevilla;4. RELACIONES FAMILIARES;2022;338
Sevilla;4. RELACIONES FAMILIARES;2021;367
Sevilla;4. RELACIONES FAMILIARES;2020;270
Sevilla;4. RELACIONES FAMILIARES;2019;285
Sevilla;4. RELACIONES FAMILIARES;2018;303
Sevilla;5. PATRIMONIO;2024;13.381
Sevilla;5. PATRIMONIO;2023;12.997
Sevilla;5. PATRIMONIO;2022;11.646
Sevilla;5. PATRIMONIO;2021;10.466
Sevilla;5. PATRIMONIO;2020;9.738
Sevilla;5. PATRIMONIO;2019;11.882
Sevilla;5. PATRIMONIO;2018;11.199
Sevilla;5.1.-Hurtos;2024;4.231
Sevilla;5.1.-Hurtos;2023;4.403
Sevilla;5.1.-Hurtos;2022;4.003
Sevilla;5.1.-Hurtos;2021;3.389
Sevilla;5.1.-Hurtos;2020;3.013
Sevilla;5.1.-Hurtos;2019;4.303
Sevilla;5.1.-Hurtos;2018;4.054
Sevilla;5.2.-Robos con fuerza en las cosas;2024;2.434
Sevilla;5.2.-Robos con fuerza en las cosas;2023;2.347
Sevilla;5.2.-Robos con fuerza en las cosas;2022;1.945
Sevilla;5.2.-Robos con fuerza en las cosas;2021;1.759
Sevilla;5.2.-Robos con fuerza en las cosas;2020;1.729
Sevilla;5.2.-Robos con fuerza en las cosas;2019;2.134
Sevilla;5.2.-Robos con fuerza en las cosas;2018;2.059
Sevilla;5.2.1.-Robos con fuerza en las cosas en el interior de vehículos;2024;702
Sevilla;5.2.1.-Robos con fuerza en las cosas en el interior de vehículos;2023;718
Sevilla;5.2.1.-Robos con fuerza en las cosas en el interior de vehículos;2022;511
Sevilla;5.2.1.-Robos con fuerza en las cosas en el interior de vehículos;2021;474
Sevilla;5.2.1.-Robos con fuerza en las cosas en el interior de vehículos;2020;538
Sevilla;5.2.1.-Robos con fuerza en las cosas en el interior de vehículos;2019;525
Sevilla;5.2.1.-Robos con fuerza en las cosas en el interior de vehículos;2018;577
Sevilla;5.2.2.-Robos con fuerza en viviendas;2024;635
Sevilla;5.2.2.-Robos con fuerza en viviendas;2023;548
Sevilla;5.2.2.-Robos con fuerza en viviendas;2022;524
Sevilla;5.2.2.-Robos con fuerza en viviendas;2021;440
Sevilla;5.2.2.-Robos con fuerza en viviendas;2020;492
Sevilla;5.2.2.-Robos con fuerza en viviendas;2019;526
Sevilla;5.2.2.-Robos con fuerza en viviendas;2018;543
Sevilla;5.2.3.-Robos con fuerza en establecimientos;2024;627
Sevilla;5.2.3.-Robos con fuerza en establecimientos;2023;550
Sevilla;5.2.3.-Robos con fuerza en establecimientos;2022;497
Sevilla;5.2.3.-Robos con fuerza en establecimientos;2021;452
Sevilla;5.2.3.-Robos con fuerza en establecimientos;2020;384
Sevilla;5.2.3.-Robos con fuerza en establecimientos;2019;631
Sevilla;5.2.3.-Robos con fuerza en establecimientos;2018;570
Sevilla;5.3.-Robos con violencia o intimidación;2024;888
Sevilla;5.3.-Robos con violencia o intimidación;2023;910
Sevilla;5.3.-Robos con violencia o intimidación;2022;803
Sevilla;5.3.-Robos con violencia o intimidación;2021;689
Sevilla;5.3.-Robos con violencia o intimidación;2020;676
Sevilla;5.3.-Robos con violencia o intimidación;2019;792
Sevilla;5.3.-Robos con violencia o intimidación;2018;770
Sevilla;5.3.1.-Robos con violencia en vía pública;2024;504
Sevilla;5.3.1.-Robos con violencia en vía pública;2023;547
Sevilla;5.3.1.-Robos con violencia en vía pública;2022;483
Sevilla;5.3.1.-Robos con violencia en vía pública;2021;396
Sevilla;5.3.1.-Robos con violencia en vía pública;2020;363
Sevilla;5.3.1.-Robos con violencia en vía pública;2019;428
Sevilla;5.3.1.-Robos con violencia en vía pública;2018;402
Sevilla;5.3.2.-Robos con violencia en viviendas;2024;91
Sevilla;5.3.2.-Robos con violencia en viviendas;2023;76
Sevilla;5.3.2.-Robos con violencia en viviendas;2022;67
Sevilla;5.3.2.-Robos con violencia en viviendas;2021;79
Sevilla;5.3.2.-Robos con violencia en viviendas;2020;68
Sevilla;5.3.2.-Robos con violencia en viviendas;2019;82
Sevilla;5.3.2.-Robos con violencia en viviendas;2018;86
Sevilla;5.3.3.-Robos con violencia en establecimientos;2024;206
Sevilla;5.3.3.-Robos con violencia en establecimientos;2023;218
Sevilla;5.3.3.-Robos con violencia en establecimientos;2022;194
Sevilla;5.3.3.-Robos con violencia en establecimientos;2021;154
Sevilla;5.3.3.-Robos con violencia en establecimientos;2020;192
Sevilla;5.3.3.-Robos con violencia en establecimientos;2019;210
Sevilla;5.3.3.-Robos con violencia en establecimientos;2018;211
Sevilla;5.4.-Sustracción de vehículos;2024;541
Sevilla;5.4.-Sustracción de vehículos;2023;411
Sevilla;5.4.-Sustracción de vehículos;2022;363
Sevilla;5.4.-Sustracción de vehículos;2021;364
Sevilla;5.4.-Sustracción de vehículos;2020;354
Sevilla;5.4.-Sustracción de vehículos;2019;405
Sevilla;5.4.-Sustracción de vehículos;2018;332
Sevilla;5.5.-Estafas;2024;2.764
Sevilla;5.5.-Estafas;2023;2.498
Sevilla;5.5.-Estafas;2022;2.137
Sevilla;5.5.-Estafas;2021;1.941
Sevilla;5.5.-Estafas;2020;1.775
Sevilla;5.5.-Estafas;2019;1.879
Sevilla;5.5.-Estafas;2018;1.750
Sevilla;5.5.1.-Estafas informáticas;2024;1.811
Sevilla;5.5.1.-Estafas informáticas;2023;1.513
Sevilla;5.5.1.-Estafas informáticas;2022;1.223
Sevilla;5.5.1.-Estafas informáticas;2021;1.046
Sevilla;5.5.1.-Estafas informáticas;2020;939
Sevilla;5.5.1.-Estafas informáticas;2019;783
Sevilla;5.5.1.-Estafas informáticas;2018;674
Sevilla;5.6.-Daños;2024;1.339
Sevilla;5.6.-Daños;2023;1.169
Sevilla;5.6.-Daños;2022;1.096
Sevilla;5.6.-Daños;2021;1.072
Sevilla;5.6.-Daños;2020;1.027
Sevilla;5.6.-Daños;2019;1.022
Sevilla;5.6.-Daños;2018;972
Sevilla;5.7.-Contra la propiedad intelectual/industrial;2024;39
Sevilla;5.7.-Contra la propiedad intelectual/industrial;2023;19
Sevilla;5.7.-Contra la propiedad intelectual/industrial;2022;14
Sevilla;5.7.-Contra la propiedad intelectual/industrial;2021;11
Sevilla;5.7.-Contra la propiedad intelectual/industrial;2020;13
Sevilla;5.7.-Contra la propiedad intelectual/industrial;2019;26
Sevilla;5.7.-Contra la propiedad intelectual/industrial;2018;27
Sevilla;5.8.-Blanqueo de capitales;2024;30
Sevilla;5.8.-Blanqueo de capitales;2023;7
Sevilla;5.8.-Blanqueo de capitales;2022;11
Sevilla;5.8.-Blanqueo de capitales;2021;10
Sevilla;5.8.-Blanqueo de capitales;2020;8
Sevilla;5.8.-Blanqueo de capitales;2019;7
Sevilla;5.8.-Blanqueo de capitales;2018;17
Sevilla;5.9.-Otros contra el patrimonio;2024;1.115
Sevilla;5.9.-Otros contra el patrimonio;2023;1.233
Sevilla;5.9.-Otros contra el patrimonio;2022;1.274
Sevilla;5.9.-Otros contra el patrimonio;2021;1.231
Sevilla;5.9.-Otros contra el patrimonio;2020;1.143
Sevilla;5.9.-Otros contra el patrimonio;2019;1.314
Sevilla;5.9.-Otros contra el patrimonio;2018;1.218
Sevilla;6. SEGURIDAD COLECTIVA;2024;2.705
Sevilla;6. SEGURIDAD COLECTIVA;2023;2.555
Sevilla;6. SEGURIDAD COLECTIVA;2022;2.366
Sevilla;6. SEGURIDAD COLECTIVA;2021;2.409
Sevilla;6. SEGURIDAD COLECTIVA;2020;2.258
Sevilla;6. SEGURIDAD COLECTIVA;2019;2.482
Sevilla;6. SEGURIDAD COLECTIVA;2018;2.507
Sevilla;6.1.-Tráfico de drogas;2024;551
Sevilla;6.1.-Tráfico de drogas;2023;540
Sevilla;6.1.-Tráfico de drogas;2022;504
Sevilla;6.1.-Tráfico de drogas;2021;545
Sevilla;6.1.-Tráfico de drogas;2020;485
Sevilla;6.1.-Tráfico de drogas;2019;498
Sevilla;6.1.-Tráfico de drogas;2018;405
Sevilla;6.2.-Contra la seguridad vial;2024;2.083
Sevilla;6.2.-Contra la seguridad vial;2023;1.972
Sevilla;6.2.-Contra la seguridad vial;2022;1.812
Sevilla;6.2.-Contra la seguridad vial;2021;1.816
Sevilla;6.2.-Contra la seguridad vial;2020;1.726
Sevilla;6.2.-Contra la seguridad vial;2019;1.931
Sevilla;6.2.-Contra la seguridad vial;2018;2.029
Sevilla;6.3.-Otros contra la seguridad colectiva;2024;71
Sevilla;6.3.-Otros contra la seguridad colectiva;2023;43
Sevilla;6.3.-Otros contra la seguridad colectiva;2022;50
Sevilla;6.3.-Otros contra la seguridad colectiva;2021;48
Sevilla;6.3.-Otros contra la seguridad colectiva;2020;47
Sevilla;6.3.-Otros contra la seguridad colectiva;2019;53
Sevilla;6.3.-Otros contra la seguridad colectiva;2018;73
Sevilla;7. FALSEDADES;2024;349
Sevilla;7. FALSEDADES;2023;367
Sevilla;7. FALSEDADES;2022;373
Sevilla;7. FALSEDADES;2021;359
Sevilla;7. FALSEDADES;2020;358
Sevilla;7. FALSEDADES;2019;371
Sevilla;7. FALSEDADES;2018;337
Sevilla;8. ADMÓN. PÚBLICA;2024;11
Sevilla;8. ADMÓN. PÚBLICA;2023;7
Sevilla;8. ADMÓN. PÚBLICA;2022;7
Sevilla;8. ADMÓN. PÚBLICA;2021;9
Sevilla;8. ADMÓN. PÚBLICA;2020;10
Sevilla;8. ADMÓN. PÚBLICA;2019;13
Sevilla;8. ADMÓN. PÚBLICA;2018;21
Sevilla;9. ADMÓN. JUSTICIA;2024;1.728
Sevilla;9. ADMÓN. JUSTICIA;2023;1.652
Sevilla;9. ADMÓN. JUSTICIA;2022;1.458
Sevilla;9. ADMÓN. JUSTICIA;2021;1.235
Sevilla;9. ADMÓN. JUSTICIA;2020;1.275
Sevilla;9. ADMÓN. JUSTICIA;2019;1.214
Sevilla;9. ADMÓN. JUSTICIA;2018;1.208
Sevilla;10. ORDEN PÚBLICO;2024;1.022
Sevilla;10. ORDEN PÚBLICO;2023;1.025
Sevilla;10. ORDEN PÚBLICO;2022;943
Sevilla;10. ORDEN PÚBLICO;2021;829
Sevilla;10. ORDEN PÚBLICO;2020;1.034
Sevilla;10. ORDEN PÚBLICO;2019;715
Sevilla;10. ORDEN PÚBLICO;2018;653
Sevilla;11. LEGISLACIÓN ESPECIAL;2024;16
Sevilla;11. LEGISLACIÓN ESPECIAL;2023;12
Sevilla;11. LEGISLACIÓN ESPECIAL;2022;30
Sevilla;11. LEGISLACIÓN ESPECIAL;2021;27
Sevilla;11. LEGISLACIÓN ESPECIAL;2020;32
Sevilla;11. LEGISLACIÓN ESPECIAL;2019;26
Sevilla;11. LEGISLACIÓN ESPECIAL;2018;25
Sevilla;12. OTRAS INFRACCIONES PENALES;2024;480
Sevilla;12. OTRAS INFRACCIONES PENALES;2023;459
Sevilla;12. OTRAS INFRACCIONES PENALES;2022;372
Sevilla;12. OTRAS INFRACCIONES PENALES;2021;435
Sevilla;12. OTRAS INFRACCIONES PENALES;2020;421
Sevilla;12. OTRAS INFRACCIONES PENALES;2019;364
Sevilla;12. OTRAS INFRACCIONES PENALES;2018;357
Sevilla;TOTAL INFRACCIONES PENALES;2024;36.848
Sevilla;TOTAL INFRACCIONES PENALES;2023;35.366
Sevilla;TOTAL INFRACCIONES PENALES;2022;31.847
Sevilla;TOTAL INFRACCIONES PENALES;2021;29.224
Sevilla;TOTAL INFRACCIONES PENALES;2020;27.689
Sevilla;TOTAL INFRACCIONES PENALES;2019;29.686
Sevilla;TOTAL INFRACCIONES PENALES;2018;28.244
Soria;1. CONTRA LAS PERSONAS;2024;376
Soria;1. CONTRA LAS PERSONAS;2023;344
Soria;1. CONTRA LAS PERSONAS;2022;386
Soria;1. CONTRA LAS PERSONAS;2021;285
Soria;1. CONTRA LAS PERSONAS;2020;251
Soria;1. CONTRA LAS PERSONAS;2019;250
Soria;1. CONTRA LAS PERSONAS;2018;244
Soria;1.1.-Homicidios dolosos/asesinatos;2024;5
Soria;1.1.-Homicidios dolosos/asesinatos;2023;3
Soria;1.1.-Homicidios dolosos/asesinatos;2022;2
Soria;1.1.-Homicidios dolosos/asesinatos;2021;1
Soria;1.1.-Homicidios dolosos/asesinatos;2020;1
Soria;1.1.-Homicidios dolosos/asesinatos;2019;2
Soria;1.1.-Homicidios dolosos/asesinatos;2018;0
Soria;1.1.1.-Homicidios dolosos/asesinatos consumados;2024;0
Soria;1.1.1.-Homicidios dolosos/asesinatos consumados;2023;0
Soria;1.1.1.-Homicidios dolosos/asesinatos consumados;2022;2
Soria;1.1.1.-Homicidios dolosos/asesinatos consumados;2021;1
Soria;1.1.1.-Homicidios dolosos/asesinatos consumados;2020;0
Soria;1.1.1.-Homicidios dolosos/asesinatos consumados;2019;1
Soria;1.1.1.-Homicidios dolosos/asesinatos consumados;2018;0
Soria;1.2.-Lesiones;2024;191
Soria;1.2.-Lesiones;2023;173
Soria;1.2.-Lesiones;2022;177
Soria;1.2.-Lesiones;2021;133
Soria;1.2.-Lesiones;2020;119
Soria;1.2.-Lesiones;2019;142
Soria;1.2.-Lesiones;2018;139
Soria;1.3.-Malos tratos ámbito familiar;2024;170
Soria;1.3.-Malos tratos ámbito familiar;2023;157
Soria;1.3.-Malos tratos ámbito familiar;2022;198
Soria;1.3.-Malos tratos ámbito familiar;2021;143
Soria;1.3.-Malos tratos ámbito familiar;2020;125
Soria;1.3.-Malos tratos ámbito familiar;2019;102
Soria;1.3.-Malos tratos ámbito familiar;2018;93
Soria;1.4.-Otros contra las personas;2024;10
Soria;1.4.-Otros contra las personas;2023;11
Soria;1.4.-Otros contra las personas;2022;9
Soria;1.4.-Otros contra las personas;2021;8
Soria;1.4.-Otros contra las personas;2020;6
Soria;1.4.-Otros contra las personas;2019;4
Soria;1.4.-Otros contra las personas;2018;12
Soria;2. CONTRA LA LIBERTAD;2024;177
Soria;2. CONTRA LA LIBERTAD;2023;174
Soria;2. CONTRA LA LIBERTAD;2022;155
Soria;2. CONTRA LA LIBERTAD;2021;133
Soria;2. CONTRA LA LIBERTAD;2020;127
Soria;2. CONTRA LA LIBERTAD;2019;124
Soria;2. CONTRA LA LIBERTAD;2018;133
Soria;2.1.-Malos tratos habituales en el ámbito familiar;2024;14
Soria;2.1.-Malos tratos habituales en el ámbito familiar;2023;16
Soria;2.1.-Malos tratos habituales en el ámbito familiar;2022;15
Soria;2.1.-Malos tratos habituales en el ámbito familiar;2021;18
Soria;2.1.-Malos tratos habituales en el ámbito familiar;2020;22
Soria;2.1.-Malos tratos habituales en el ámbito familiar;2019;23
Soria;2.1.-Malos tratos habituales en el ámbito familiar;2018;17
Soria;2.2.-Otros contra la libertad;2024;163
Soria;2.2.-Otros contra la libertad;2023;158
Soria;2.2.-Otros contra la libertad;2022;140
Soria;2.2.-Otros contra la libertad;2021;115
Soria;2.2.-Otros contra la libertad;2020;105
Soria;2.2.-Otros contra la libertad;2019;101
Soria;2.2.-Otros contra la libertad;2018;116
Soria;3. LIBERTAD SEXUAL;2024;37
Soria;3. LIBERTAD SEXUAL;2023;31
Soria;3. LIBERTAD SEXUAL;2022;34
Soria;3. LIBERTAD SEXUAL;2021;22
Soria;3. LIBERTAD SEXUAL;2020;11
Soria;3. LIBERTAD SEXUAL;2019;20
Soria;3. LIBERTAD SEXUAL;2018;10
Soria;3.1.-Agresión sexual;2024;22
Soria;3.1.-Agresión sexual;2023;20
Soria;3.1.-Agresión sexual;2022;24
Soria;3.1.-Agresión sexual;2021;12
Soria;3.1.-Agresión sexual;2020;5
Soria;3.1.-Agresión sexual;2019;12
Soria;3.1.-Agresión sexual;2018;5
Soria;3.2.-Agresión sexual con penetración;2024;2
Soria;3.2.-Agresión sexual con penetración;2023;8
Soria;3.2.-Agresión sexual con penetración;2022;6
Soria;3.2.-Agresión sexual con penetración;2021;5
Soria;3.2.-Agresión sexual con penetración;2020;0
Soria;3.2.-Agresión sexual con penetración;2019;4
Soria;3.2.-Agresión sexual con penetración;2018;1
Soria;3.3.-Corrupción de menores o incapacitados;2024;2
Soria;3.3.-Corrupción de menores o incapacitados;2023;0
Soria;3.3.-Corrupción de menores o incapacitados;2022;1
Soria;3.3.-Corrupción de menores o incapacitados;2021;1
Soria;3.3.-Corrupción de menores o incapacitados;2020;0
Soria;3.3.-Corrupción de menores o incapacitados;2019;0
Soria;3.3.-Corrupción de menores o incapacitados;2018;0
Soria;3.4.-Pornografía de menores;2024;0
Soria;3.4.-Pornografía de menores;2023;0
Soria;3.4.-Pornografía de menores;2022;1
Soria;3.4.-Pornografía de menores;2021;0
Soria;3.4.-Pornografía de menores;2020;1
Soria;3.4.-Pornografía de menores;2019;1
Soria;3.4.-Pornografía de menores;2018;3
Soria;3.5.-Otros contra la libertad sexual;2024;11
Soria;3.5.-Otros contra la libertad sexual;2023;3
Soria;3.5.-Otros contra la libertad sexual;2022;2
Soria;3.5.-Otros contra la libertad sexual;2021;4
Soria;3.5.-Otros contra la libertad sexual;2020;5
Soria;3.5.-Otros contra la libertad sexual;2019;3
Soria;3.5.-Otros contra la libertad sexual;2018;1
Soria;4. RELACIONES FAMILIARES;2024;9
Soria;4. RELACIONES FAMILIARES;2023;9
Soria;4. RELACIONES FAMILIARES;2022;4
Soria;4. RELACIONES FAMILIARES;2021;3
Soria;4. RELACIONES FAMILIARES;2020;4
Soria;4. RELACIONES FAMILIARES;2019;3
Soria;4. RELACIONES FAMILIARES;2018;7
Soria;5. PATRIMONIO;2024;516
Soria;5. PATRIMONIO;2023;585
Soria;5. PATRIMONIO;2022;558
Soria;5. PATRIMONIO;2021;359
Soria;5. PATRIMONIO;2020;321
Soria;5. PATRIMONIO;2019;356
Soria;5. PATRIMONIO;2018;279
Soria;5.1.-Hurtos;2024;98
Soria;5.1.-Hurtos;2023;110
Soria;5.1.-Hurtos;2022;103
Soria;5.1.-Hurtos;2021;63
Soria;5.1.-Hurtos;2020;64
Soria;5.1.-Hurtos;2019;105
Soria;5.1.-Hurtos;2018;71
Soria;5.2.-Robos con fuerza en las cosas;2024;89
Soria;5.2.-Robos con fuerza en las cosas;2023;52
Soria;5.2.-Robos con fuerza en las cosas;2022;75
Soria;5.2.-Robos con fuerza en las cosas;2021;41
Soria;5.2.-Robos con fuerza en las cosas;2020;72
Soria;5.2.-Robos con fuerza en las cosas;2019;69
Soria;5.2.-Robos con fuerza en las cosas;2018;57
Soria;5.2.1.-Robos con fuerza en las cosas en el interior de vehículos;2024;4
Soria;5.2.1.-Robos con fuerza en las cosas en el interior de vehículos;2023;3
Soria;5.2.1.-Robos con fuerza en las cosas en el interior de vehículos;2022;4
Soria;5.2.1.-Robos con fuerza en las cosas en el interior de vehículos;2021;13
Soria;5.2.1.-Robos con fuerza en las cosas en el interior de vehículos;2020;4
Soria;5.2.1.-Robos con fuerza en las cosas en el interior de vehículos;2019;2
Soria;5.2.1.-Robos con fuerza en las cosas en el interior de vehículos;2018;9
Soria;5.2.2.-Robos con fuerza en viviendas;2024;27
Soria;5.2.2.-Robos con fuerza en viviendas;2023;10
Soria;5.2.2.-Robos con fuerza en viviendas;2022;17
Soria;5.2.2.-Robos con fuerza en viviendas;2021;9
Soria;5.2.2.-Robos con fuerza en viviendas;2020;18
Soria;5.2.2.-Robos con fuerza en viviendas;2019;11
Soria;5.2.2.-Robos con fuerza en viviendas;2018;15
Soria;5.2.3.-Robos con fuerza en establecimientos;2024;26
Soria;5.2.3.-Robos con fuerza en establecimientos;2023;9
Soria;5.2.3.-Robos con fuerza en establecimientos;2022;7
Soria;5.2.3.-Robos con fuerza en establecimientos;2021;5
Soria;5.2.3.-Robos con fuerza en establecimientos;2020;29
Soria;5.2.3.-Robos con fuerza en establecimientos;2019;28
Soria;5.2.3.-Robos con fuerza en establecimientos;2018;13
Soria;5.3.-Robos con violencia o intimidación;2024;8
Soria;5.3.-Robos con violencia o intimidación;2023;10
Soria;5.3.-Robos con violencia o intimidación;2022;3
Soria;5.3.-Robos con violencia o intimidación;2021;15
Soria;5.3.-Robos con violencia o intimidación;2020;7
Soria;5.3.-Robos con violencia o intimidación;2019;3
Soria;5.3.-Robos con violencia o intimidación;2018;4
Soria;5.3.1.-Robos con violencia en vía pública;2024;4
Soria;5.3.1.-Robos con violencia en vía pública;2023;5
Soria;5.3.1.-Robos con violencia en vía pública;2022;3
Soria;5.3.1.-Robos con violencia en vía pública;2021;9
Soria;5.3.1.-Robos con violencia en vía pública;2020;5
Soria;5.3.1.-Robos con violencia en vía pública;2019;3
Soria;5.3.1.-Robos con violencia en vía pública;2018;3
Soria;5.3.2.-Robos con violencia en viviendas;2024;1
Soria;5.3.2.-Robos con violencia en viviendas;2023;4
Soria;5.3.2.-Robos con violencia en viviendas;2022;0
Soria;5.3.2.-Robos con violencia en viviendas;2021;1
Soria;5.3.2.-Robos con violencia en viviendas;2020;1
Soria;5.3.2.-Robos con violencia en viviendas;2019;0
Soria;5.3.2.-Robos con violencia en viviendas;2018;0
Soria;5.3.3.-Robos con violencia en establecimientos;2024;2
Soria;5.3.3.-Robos con violencia en establecimientos;2023;1
Soria;5.3.3.-Robos con violencia en establecimientos;2022;0
Soria;5.3.3.-Robos con violencia en establecimientos;2021;1
Soria;5.3.3.-Robos con violencia en establecimientos;2020;0
Soria;5.3.3.-Robos con violencia en establecimientos;2019;0
Soria;5.3.3.-Robos con violencia en establecimientos;2018;0
Soria;5.4.-Sustracción de vehículos;2024;2
Soria;5.4.-Sustracción de vehículos;2023;4
Soria;5.4.-Sustracción de vehículos;2022;12
Soria;5.4.-Sustracción de vehículos;2021;7
Soria;5.4.-Sustracción de vehículos;2020;4
Soria;5.4.-Sustracción de vehículos;2019;7
Soria;5.4.-Sustracción de vehículos;2018;5
Soria;5.5.-Estafas;2024;228
Soria;5.5.-Estafas;2023;288
Soria;5.5.-Estafas;2022;277
Soria;5.5.-Estafas;2021;161
Soria;5.5.-Estafas;2020;108
Soria;5.5.-Estafas;2019;97
Soria;5.5.-Estafas;2018;83
Soria;5.5.1.-Estafas informáticas;2024;179
Soria;5.5.1.-Estafas informáticas;2023;250
Soria;5.5.1.-Estafas informáticas;2022;215
Soria;5.5.1.-Estafas informáticas;2021;117
Soria;5.5.1.-Estafas informáticas;2020;77
Soria;5.5.1.-Estafas informáticas;2019;54
Soria;5.5.1.-Estafas informáticas;2018;41
Soria;5.6.-Daños;2024;61
Soria;5.6.-Daños;2023;77
Soria;5.6.-Daños;2022;53
Soria;5.6.-Daños;2021;46
Soria;5.6.-Daños;2020;45
Soria;5.6.-Daños;2019;48
Soria;5.6.-Daños;2018;42
Soria;5.7.-Contra la propiedad intelectual/industrial;2024;4
Soria;5.7.-Contra la propiedad intelectual/industrial;2023;5
Soria;5.7.-Contra la propiedad intelectual/industrial;2022;1
Soria;5.7.-Contra la propiedad intelectual/industrial;2021;0
Soria;5.7.-Contra la propiedad intelectual/industrial;2020;0
Soria;5.7.-Contra la propiedad intelectual/industrial;2019;1
Soria;5.7.-Contra la propiedad intelectual/industrial;2018;1
Soria;5.8.-Blanqueo de capitales;2024;1
Soria;5.8.-Blanqueo de capitales;2023;1
Soria;5.8.-Blanqueo de capitales;2022;0
Soria;5.8.-Blanqueo de capitales;2021;0
Soria;5.8.-Blanqueo de capitales;2020;0
Soria;5.8.-Blanqueo de capitales;2019;0
Soria;5.8.-Blanqueo de capitales;2018;0
Soria;5.9.-Otros contra el patrimonio;2024;25
Soria;5.9.-Otros contra el patrimonio;2023;38
Soria;5.9.-Otros contra el patrimonio;2022;34
Soria;5.9.-Otros contra el patrimonio;2021;26
Soria;5.9.-Otros contra el patrimonio;2020;21
Soria;5.9.-Otros contra el patrimonio;2019;26
Soria;5.9.-Otros contra el patrimonio;2018;16
Soria;6. SEGURIDAD COLECTIVA;2024;167
Soria;6. SEGURIDAD COLECTIVA;2023;182
Soria;6. SEGURIDAD COLECTIVA;2022;156
Soria;6. SEGURIDAD COLECTIVA;2021;124
Soria;6. SEGURIDAD COLECTIVA;2020;98
Soria;6. SEGURIDAD COLECTIVA;2019;131
Soria;6. SEGURIDAD COLECTIVA;2018;102
Soria;6.1.-Tráfico de drogas;2024;28
Soria;6.1.-Tráfico de drogas;2023;29
Soria;6.1.-Tráfico de drogas;2022;24
Soria;6.1.-Tráfico de drogas;2021;7
Soria;6.1.-Tráfico de drogas;2020;19
Soria;6.1.-Tráfico de drogas;2019;11
Soria;6.1.-Tráfico de drogas;2018;8
Soria;6.2.-Contra la seguridad vial;2024;126
Soria;6.2.-Contra la seguridad vial;2023;149
Soria;6.2.-Contra la seguridad vial;2022;124
Soria;6.2.-Contra la seguridad vial;2021;114
Soria;6.2.-Contra la seguridad vial;2020;75
Soria;6.2.-Contra la seguridad vial;2019;115
Soria;6.2.-Contra la seguridad vial;2018;92
Soria;6.3.-Otros contra la seguridad colectiva;2024;13
Soria;6.3.-Otros contra la seguridad colectiva;2023;4
Soria;6.3.-Otros contra la seguridad colectiva;2022;8
Soria;6.3.-Otros contra la seguridad colectiva;2021;3
Soria;6.3.-Otros contra la seguridad colectiva;2020;4
Soria;6.3.-Otros contra la seguridad colectiva;2019;5
Soria;6.3.-Otros contra la seguridad colectiva;2018;2
Soria;7. FALSEDADES;2024;69
Soria;7. FALSEDADES;2023;51
Soria;7. FALSEDADES;2022;33
Soria;7. FALSEDADES;2021;63
Soria;7. FALSEDADES;2020;16
Soria;7. FALSEDADES;2019;19
Soria;7. FALSEDADES;2018;16
Soria;8. ADMÓN. PÚBLICA;2024;1
Soria;8. ADMÓN. PÚBLICA;2023;0
Soria;8. ADMÓN. PÚBLICA;2022;0
Soria;8. ADMÓN. PÚBLICA;2021;0
Soria;8. ADMÓN. PÚBLICA;2020;0
Soria;8. ADMÓN. PÚBLICA;2019;0
Soria;8. ADMÓN. PÚBLICA;2018;0
Soria;9. ADMÓN. JUSTICIA;2024;59
Soria;9. ADMÓN. JUSTICIA;2023;71
Soria;9. ADMÓN. JUSTICIA;2022;53
Soria;9. ADMÓN. JUSTICIA;2021;45
Soria;9. ADMÓN. JUSTICIA;2020;49
Soria;9. ADMÓN. JUSTICIA;2019;48
Soria;9. ADMÓN. JUSTICIA;2018;51
Soria;10. ORDEN PÚBLICO;2024;61
Soria;10. ORDEN PÚBLICO;2023;65
Soria;10. ORDEN PÚBLICO;2022;52
Soria;10. ORDEN PÚBLICO;2021;41
Soria;10. ORDEN PÚBLICO;2020;65
Soria;10. ORDEN PÚBLICO;2019;22
Soria;10. ORDEN PÚBLICO;2018;29
Soria;11. LEGISLACIÓN ESPECIAL;2024;0
Soria;11. LEGISLACIÓN ESPECIAL;2023;0
Soria;11. LEGISLACIÓN ESPECIAL;2022;1
Soria;11. LEGISLACIÓN ESPECIAL;2021;0
Soria;11. LEGISLACIÓN ESPECIAL;2020;0
Soria;11. LEGISLACIÓN ESPECIAL;2019;1
Soria;11. LEGISLACIÓN ESPECIAL;2018;0
Soria;12. OTRAS INFRACCIONES PENALES;2024;30
Soria;12. OTRAS INFRACCIONES PENALES;2023;36
Soria;12. OTRAS INFRACCIONES PENALES;2022;41
Soria;12. OTRAS INFRACCIONES PENALES;2021;26
Soria;12. OTRAS INFRACCIONES PENALES;2020;17
Soria;12. OTRAS INFRACCIONES PENALES;2019;14
Soria;12. OTRAS INFRACCIONES PENALES;2018;32
Soria;TOTAL INFRACCIONES PENALES;2024;1.502
Soria;TOTAL INFRACCIONES PENALES;2023;1.548
Soria;TOTAL INFRACCIONES PENALES;2022;1.473
Soria;TOTAL INFRACCIONES PENALES;2021;1.101
Soria;TOTAL INFRACCIONES PENALES;2020;959
Soria;TOTAL INFRACCIONES PENALES;2019;988
Soria;TOTAL INFRACCIONES PENALES;2018;903
Tarragona;1. CONTRA LAS PERSONAS;2024;2.694
Tarragona;1. CONTRA LAS PERSONAS;2023;2.763
Tarragona;1. CONTRA LAS PERSONAS;2022;2.482
Tarragona;1. CONTRA LAS PERSONAS;2021;2.268
Tarragona;1. CONTRA LAS PERSONAS;2020;1.781
Tarragona;1. CONTRA LAS PERSONAS;2019;2.229
Tarragona;1. CONTRA LAS PERSONAS;2018;2.235
Tarragona;1.1.-Homicidios dolosos/asesinatos;2024;56
Tarragona;1.1.-Homicidios dolosos/asesinatos;2023;45
Tarragona;1.1.-Homicidios dolosos/asesinatos;2022;44
Tarragona;1.1.-Homicidios dolosos/asesinatos;2021;43
Tarragona;1.1.-Homicidios dolosos/asesinatos;2020;16
Tarragona;1.1.-Homicidios dolosos/asesinatos;2019;24
Tarragona;1.1.-Homicidios dolosos/asesinatos;2018;31
Tarragona;1.1.1.-Homicidios dolosos/asesinatos consumados;2024;16
Tarragona;1.1.1.-Homicidios dolosos/asesinatos consumados;2023;15
Tarragona;1.1.1.-Homicidios dolosos/asesinatos consumados;2022;12
Tarragona;1.1.1.-Homicidios dolosos/asesinatos consumados;2021;10
Tarragona;1.1.1.-Homicidios dolosos/asesinatos consumados;2020;2
Tarragona;1.1.1.-Homicidios dolosos/asesinatos consumados;2019;0
Tarragona;1.1.1.-Homicidios dolosos/asesinatos consumados;2018;0
Tarragona;1.2.-Lesiones;2024;1.441
Tarragona;1.2.-Lesiones;2023;1.420
Tarragona;1.2.-Lesiones;2022;1.343
Tarragona;1.2.-Lesiones;2021;1.243
Tarragona;1.2.-Lesiones;2020;933
Tarragona;1.2.-Lesiones;2019;1.240
Tarragona;1.2.-Lesiones;2018;1.288
Tarragona;1.3.-Malos tratos ámbito familiar;2024;1.120
Tarragona;1.3.-Malos tratos ámbito familiar;2023;1.235
Tarragona;1.3.-Malos tratos ámbito familiar;2022;1.046
Tarragona;1.3.-Malos tratos ámbito familiar;2021;945
Tarragona;1.3.-Malos tratos ámbito familiar;2020;802
Tarragona;1.3.-Malos tratos ámbito familiar;2019;924
Tarragona;1.3.-Malos tratos ámbito familiar;2018;881
Tarragona;1.4.-Otros contra las personas;2024;77
Tarragona;1.4.-Otros contra las personas;2023;63
Tarragona;1.4.-Otros contra las personas;2022;49
Tarragona;1.4.-Otros contra las personas;2021;37
Tarragona;1.4.-Otros contra las personas;2020;30
Tarragona;1.4.-Otros contra las personas;2019;41
Tarragona;1.4.-Otros contra las personas;2018;35
Tarragona;2. CONTRA LA LIBERTAD;2024;2.398
Tarragona;2. CONTRA LA LIBERTAD;2023;2.303
Tarragona;2. CONTRA LA LIBERTAD;2022;2.194
Tarragona;2. CONTRA LA LIBERTAD;2021;2.186
Tarragona;2. CONTRA LA LIBERTAD;2020;1.741
Tarragona;2. CONTRA LA LIBERTAD;2019;2.009
Tarragona;2. CONTRA LA LIBERTAD;2018;2.074
Tarragona;2.1.-Malos tratos habituales en el ámbito familiar;2024;131
Tarragona;2.1.-Malos tratos habituales en el ámbito familiar;2023;166
Tarragona;2.1.-Malos tratos habituales en el ámbito familiar;2022;177
Tarragona;2.1.-Malos tratos habituales en el ámbito familiar;2021;175
Tarragona;2.1.-Malos tratos habituales en el ámbito familiar;2020;143
Tarragona;2.1.-Malos tratos habituales en el ámbito familiar;2019;157
Tarragona;2.1.-Malos tratos habituales en el ámbito familiar;2018;182
Tarragona;2.2.-Otros contra la libertad;2024;2.267
Tarragona;2.2.-Otros contra la libertad;2023;2.137
Tarragona;2.2.-Otros contra la libertad;2022;2.017
Tarragona;2.2.-Otros contra la libertad;2021;2.011
Tarragona;2.2.-Otros contra la libertad;2020;1.598
Tarragona;2.2.-Otros contra la libertad;2019;1.852
Tarragona;2.2.-Otros contra la libertad;2018;1.892
Tarragona;3. LIBERTAD SEXUAL;2024;402
Tarragona;3. LIBERTAD SEXUAL;2023;370
Tarragona;3. LIBERTAD SEXUAL;2022;353
Tarragona;3. LIBERTAD SEXUAL;2021;316
Tarragona;3. LIBERTAD SEXUAL;2020;201
Tarragona;3. LIBERTAD SEXUAL;2019;271
Tarragona;3. LIBERTAD SEXUAL;2018;207
Tarragona;3.1.-Agresión sexual;2024;193
Tarragona;3.1.-Agresión sexual;2023;195
Tarragona;3.1.-Agresión sexual;2022;180
Tarragona;3.1.-Agresión sexual;2021;168
Tarragona;3.1.-Agresión sexual;2020;112
Tarragona;3.1.-Agresión sexual;2019;145
Tarragona;3.1.-Agresión sexual;2018;106
Tarragona;3.2.-Agresión sexual con penetración;2024;162
Tarragona;3.2.-Agresión sexual con penetración;2023;127
Tarragona;3.2.-Agresión sexual con penetración;2022;127
Tarragona;3.2.-Agresión sexual con penetración;2021;103
Tarragona;3.2.-Agresión sexual con penetración;2020;60
Tarragona;3.2.-Agresión sexual con penetración;2019;87
Tarragona;3.2.-Agresión sexual con penetración;2018;66
Tarragona;3.3.-Corrupción de menores o incapacitados;2024;2
Tarragona;3.3.-Corrupción de menores o incapacitados;2023;0
Tarragona;3.3.-Corrupción de menores o incapacitados;2022;3
Tarragona;3.3.-Corrupción de menores o incapacitados;2021;1
Tarragona;3.3.-Corrupción de menores o incapacitados;2020;0
Tarragona;3.3.-Corrupción de menores o incapacitados;2019;0
Tarragona;3.3.-Corrupción de menores o incapacitados;2018;1
Tarragona;3.4.-Pornografía de menores;2024;11
Tarragona;3.4.-Pornografía de menores;2023;8
Tarragona;3.4.-Pornografía de menores;2022;9
Tarragona;3.4.-Pornografía de menores;2021;4
Tarragona;3.4.-Pornografía de menores;2020;8
Tarragona;3.4.-Pornografía de menores;2019;13
Tarragona;3.4.-Pornografía de menores;2018;11
Tarragona;3.5.-Otros contra la libertad sexual;2024;34
Tarragona;3.5.-Otros contra la libertad sexual;2023;40
Tarragona;3.5.-Otros contra la libertad sexual;2022;34
Tarragona;3.5.-Otros contra la libertad sexual;2021;40
Tarragona;3.5.-Otros contra la libertad sexual;2020;21
Tarragona;3.5.-Otros contra la libertad sexual;2019;26
Tarragona;3.5.-Otros contra la libertad sexual;2018;23
Tarragona;4. RELACIONES FAMILIARES;2024;141
Tarragona;4. RELACIONES FAMILIARES;2023;137
Tarragona;4. RELACIONES FAMILIARES;2022;149
Tarragona;4. RELACIONES FAMILIARES;2021;167
Tarragona;4. RELACIONES FAMILIARES;2020;140
Tarragona;4. RELACIONES FAMILIARES;2019;178
Tarragona;4. RELACIONES FAMILIARES;2018;203
Tarragona;5. PATRIMONIO;2024;6.013
Tarragona;5. PATRIMONIO;2023;5.386
Tarragona;5. PATRIMONIO;2022;4.649
Tarragona;5. PATRIMONIO;2021;3.964
Tarragona;5. PATRIMONIO;2020;3.879
Tarragona;5. PATRIMONIO;2019;5.516
Tarragona;5. PATRIMONIO;2018;5.493
Tarragona;5.1.-Hurtos;2024;1.910
Tarragona;5.1.-Hurtos;2023;1.704
Tarragona;5.1.-Hurtos;2022;1.296
Tarragona;5.1.-Hurtos;2021;940
Tarragona;5.1.-Hurtos;2020;858
Tarragona;5.1.-Hurtos;2019;1.371
Tarragona;5.1.-Hurtos;2018;1.429
Tarragona;5.2.-Robos con fuerza en las cosas;2024;710
Tarragona;5.2.-Robos con fuerza en las cosas;2023;725
Tarragona;5.2.-Robos con fuerza en las cosas;2022;630
Tarragona;5.2.-Robos con fuerza en las cosas;2021;632
Tarragona;5.2.-Robos con fuerza en las cosas;2020;681
Tarragona;5.2.-Robos con fuerza en las cosas;2019;1.011
Tarragona;5.2.-Robos con fuerza en las cosas;2018;1.081
Tarragona;5.2.1.-Robos con fuerza en las cosas en el interior de vehículos;2024;176
Tarragona;5.2.1.-Robos con fuerza en las cosas en el interior de vehículos;2023;151
Tarragona;5.2.1.-Robos con fuerza en las cosas en el interior de vehículos;2022;131
Tarragona;5.2.1.-Robos con fuerza en las cosas en el interior de vehículos;2021;128
Tarragona;5.2.1.-Robos con fuerza en las cosas en el interior de vehículos;2020;0
Tarragona;5.2.1.-Robos con fuerza en las cosas en el interior de vehículos;2019;154
Tarragona;5.2.1.-Robos con fuerza en las cosas en el interior de vehículos;2018;132
Tarragona;5.2.2.-Robos con fuerza en viviendas;2024;230
Tarragona;5.2.2.-Robos con fuerza en viviendas;2023;244
Tarragona;5.2.2.-Robos con fuerza en viviendas;2022;227
Tarragona;5.2.2.-Robos con fuerza en viviendas;2021;271
Tarragona;5.2.2.-Robos con fuerza en viviendas;2020;324
Tarragona;5.2.2.-Robos con fuerza en viviendas;2019;3
Tarragona;5.2.2.-Robos con fuerza en viviendas;2018;0
Tarragona;5.2.3.-Robos con fuerza en establecimientos;2024;156
Tarragona;5.2.3.-Robos con fuerza en establecimientos;2023;164
Tarragona;5.2.3.-Robos con fuerza en establecimientos;2022;120
Tarragona;5.2.3.-Robos con fuerza en establecimientos;2021;115
Tarragona;5.2.3.-Robos con fuerza en establecimientos;2020;136
Tarragona;5.2.3.-Robos con fuerza en establecimientos;2019;3
Tarragona;5.2.3.-Robos con fuerza en establecimientos;2018;1
Tarragona;5.3.-Robos con violencia o intimidación;2024;502
Tarragona;5.3.-Robos con violencia o intimidación;2023;409
Tarragona;5.3.-Robos con violencia o intimidación;2022;325
Tarragona;5.3.-Robos con violencia o intimidación;2021;286
Tarragona;5.3.-Robos con violencia o intimidación;2020;250
Tarragona;5.3.-Robos con violencia o intimidación;2019;359
Tarragona;5.3.-Robos con violencia o intimidación;2018;300
Tarragona;5.3.1.-Robos con violencia en vía pública;2024;235
Tarragona;5.3.1.-Robos con violencia en vía pública;2023;207
Tarragona;5.3.1.-Robos con violencia en vía pública;2022;177
Tarragona;5.3.1.-Robos con violencia en vía pública;2021;139
Tarragona;5.3.1.-Robos con violencia en vía pública;2020;129
Tarragona;5.3.1.-Robos con violencia en vía pública;2019;0
Tarragona;5.3.1.-Robos con violencia en vía pública;2018;0
Tarragona;5.3.2.-Robos con violencia en viviendas;2024;56
Tarragona;5.3.2.-Robos con violencia en viviendas;2023;48
Tarragona;5.3.2.-Robos con violencia en viviendas;2022;31
Tarragona;5.3.2.-Robos con violencia en viviendas;2021;31
Tarragona;5.3.2.-Robos con violencia en viviendas;2020;51
Tarragona;5.3.2.-Robos con violencia en viviendas;2019;2
Tarragona;5.3.2.-Robos con violencia en viviendas;2018;0
Tarragona;5.3.3.-Robos con violencia en establecimientos;2024;152
Tarragona;5.3.3.-Robos con violencia en establecimientos;2023;119
Tarragona;5.3.3.-Robos con violencia en establecimientos;2022;78
Tarragona;5.3.3.-Robos con violencia en establecimientos;2021;81
Tarragona;5.3.3.-Robos con violencia en establecimientos;2020;52
Tarragona;5.3.3.-Robos con violencia en establecimientos;2019;0
Tarragona;5.3.3.-Robos con violencia en establecimientos;2018;1
Tarragona;5.4.-Sustracción de vehículos;2024;261
Tarragona;5.4.-Sustracción de vehículos;2023;218
Tarragona;5.4.-Sustracción de vehículos;2022;196
Tarragona;5.4.-Sustracción de vehículos;2021;149
Tarragona;5.4.-Sustracción de vehículos;2020;178
Tarragona;5.4.-Sustracción de vehículos;2019;289
Tarragona;5.4.-Sustracción de vehículos;2018;235
Tarragona;5.5.-Estafas;2024;794
Tarragona;5.5.-Estafas;2023;753
Tarragona;5.5.-Estafas;2022;721
Tarragona;5.5.-Estafas;2021;560
Tarragona;5.5.-Estafas;2020;560
Tarragona;5.5.-Estafas;2019;946
Tarragona;5.5.-Estafas;2018;978
Tarragona;5.5.1.-Estafas informáticas;2024;454
Tarragona;5.5.1.-Estafas informáticas;2023;549
Tarragona;5.5.1.-Estafas informáticas;2022;500
Tarragona;5.5.1.-Estafas informáticas;2021;461
Tarragona;5.5.1.-Estafas informáticas;2020;428
Tarragona;5.5.1.-Estafas informáticas;2019;273
Tarragona;5.5.1.-Estafas informáticas;2018;240
Tarragona;5.6.-Daños;2024;646
Tarragona;5.6.-Daños;2023;525
Tarragona;5.6.-Daños;2022;525
Tarragona;5.6.-Daños;2021;509
Tarragona;5.6.-Daños;2020;390
Tarragona;5.6.-Daños;2019;483
Tarragona;5.6.-Daños;2018;452
Tarragona;5.7.-Contra la propiedad intelectual/industrial;2024;57
Tarragona;5.7.-Contra la propiedad intelectual/industrial;2023;41
Tarragona;5.7.-Contra la propiedad intelectual/industrial;2022;42
Tarragona;5.7.-Contra la propiedad intelectual/industrial;2021;82
Tarragona;5.7.-Contra la propiedad intelectual/industrial;2020;33
Tarragona;5.7.-Contra la propiedad intelectual/industrial;2019;44
Tarragona;5.7.-Contra la propiedad intelectual/industrial;2018;83
Tarragona;5.8.-Blanqueo de capitales;2024;14
Tarragona;5.8.-Blanqueo de capitales;2023;6
Tarragona;5.8.-Blanqueo de capitales;2022;6
Tarragona;5.8.-Blanqueo de capitales;2021;3
Tarragona;5.8.-Blanqueo de capitales;2020;4
Tarragona;5.8.-Blanqueo de capitales;2019;1
Tarragona;5.8.-Blanqueo de capitales;2018;3
Tarragona;5.9.-Otros contra el patrimonio;2024;1.119
Tarragona;5.9.-Otros contra el patrimonio;2023;1.005
Tarragona;5.9.-Otros contra el patrimonio;2022;908
Tarragona;5.9.-Otros contra el patrimonio;2021;803
Tarragona;5.9.-Otros contra el patrimonio;2020;925
Tarragona;5.9.-Otros contra el patrimonio;2019;1.012
Tarragona;5.9.-Otros contra el patrimonio;2018;932
Tarragona;6. SEGURIDAD COLECTIVA;2024;1.802
Tarragona;6. SEGURIDAD COLECTIVA;2023;1.695
Tarragona;6. SEGURIDAD COLECTIVA;2022;1.751
Tarragona;6. SEGURIDAD COLECTIVA;2021;1.600
Tarragona;6. SEGURIDAD COLECTIVA;2020;1.222
Tarragona;6. SEGURIDAD COLECTIVA;2019;1.496
Tarragona;6. SEGURIDAD COLECTIVA;2018;1.356
Tarragona;6.1.-Tráfico de drogas;2024;395
Tarragona;6.1.-Tráfico de drogas;2023;384
Tarragona;6.1.-Tráfico de drogas;2022;359
Tarragona;6.1.-Tráfico de drogas;2021;364
Tarragona;6.1.-Tráfico de drogas;2020;304
Tarragona;6.1.-Tráfico de drogas;2019;334
Tarragona;6.1.-Tráfico de drogas;2018;280
Tarragona;6.2.-Contra la seguridad vial;2024;1.377
Tarragona;6.2.-Contra la seguridad vial;2023;1.292
Tarragona;6.2.-Contra la seguridad vial;2022;1.375
Tarragona;6.2.-Contra la seguridad vial;2021;1.218
Tarragona;6.2.-Contra la seguridad vial;2020;902
Tarragona;6.2.-Contra la seguridad vial;2019;1.140
Tarragona;6.2.-Contra la seguridad vial;2018;1.056
Tarragona;6.3.-Otros contra la seguridad colectiva;2024;30
Tarragona;6.3.-Otros contra la seguridad colectiva;2023;19
Tarragona;6.3.-Otros contra la seguridad colectiva;2022;17
Tarragona;6.3.-Otros contra la seguridad colectiva;2021;18
Tarragona;6.3.-Otros contra la seguridad colectiva;2020;16
Tarragona;6.3.-Otros contra la seguridad colectiva;2019;22
Tarragona;6.3.-Otros contra la seguridad colectiva;2018;20
Tarragona;7. FALSEDADES;2024;259
Tarragona;7. FALSEDADES;2023;253
Tarragona;7. FALSEDADES;2022;261
Tarragona;7. FALSEDADES;2021;267
Tarragona;7. FALSEDADES;2020;156
Tarragona;7. FALSEDADES;2019;232
Tarragona;7. FALSEDADES;2018;215
Tarragona;8. ADMÓN. PÚBLICA;2024;2
Tarragona;8. ADMÓN. PÚBLICA;2023;3
Tarragona;8. ADMÓN. PÚBLICA;2022;7
Tarragona;8. ADMÓN. PÚBLICA;2021;11
Tarragona;8. ADMÓN. PÚBLICA;2020;2
Tarragona;8. ADMÓN. PÚBLICA;2019;11
Tarragona;8. ADMÓN. PÚBLICA;2018;18
Tarragona;9. ADMÓN. JUSTICIA;2024;583
Tarragona;9. ADMÓN. JUSTICIA;2023;622
Tarragona;9. ADMÓN. JUSTICIA;2022;505
Tarragona;9. ADMÓN. JUSTICIA;2021;462
Tarragona;9. ADMÓN. JUSTICIA;2020;438
Tarragona;9. ADMÓN. JUSTICIA;2019;470
Tarragona;9. ADMÓN. JUSTICIA;2018;438
Tarragona;10. ORDEN PÚBLICO;2024;561
Tarragona;10. ORDEN PÚBLICO;2023;482
Tarragona;10. ORDEN PÚBLICO;2022;482
Tarragona;10. ORDEN PÚBLICO;2021;461
Tarragona;10. ORDEN PÚBLICO;2020;402
Tarragona;10. ORDEN PÚBLICO;2019;380
Tarragona;10. ORDEN PÚBLICO;2018;337
Tarragona;11. LEGISLACIÓN ESPECIAL;2024;4
Tarragona;11. LEGISLACIÓN ESPECIAL;2023;3
Tarragona;11. LEGISLACIÓN ESPECIAL;2022;5
Tarragona;11. LEGISLACIÓN ESPECIAL;2021;3
Tarragona;11. LEGISLACIÓN ESPECIAL;2020;1
Tarragona;11. LEGISLACIÓN ESPECIAL;2019;0
Tarragona;11. LEGISLACIÓN ESPECIAL;2018;0
Tarragona;12. OTRAS INFRACCIONES PENALES;2024;160
Tarragona;12. OTRAS INFRACCIONES PENALES;2023;140
Tarragona;12. OTRAS INFRACCIONES PENALES;2022;107
Tarragona;12. OTRAS INFRACCIONES PENALES;2021;88
Tarragona;12. OTRAS INFRACCIONES PENALES;2020;59
Tarragona;12. OTRAS INFRACCIONES PENALES;2019;85
Tarragona;12. OTRAS INFRACCIONES PENALES;2018;53
Tarragona;TOTAL INFRACCIONES PENALES;2024;15.019
Tarragona;TOTAL INFRACCIONES PENALES;2023;14.157
Tarragona;TOTAL INFRACCIONES PENALES;2022;12.945
Tarragona;TOTAL INFRACCIONES PENALES;2021;11.793
Tarragona;TOTAL INFRACCIONES PENALES;2020;10.022
Tarragona;TOTAL INFRACCIONES PENALES;2019;12.877
Tarragona;TOTAL INFRACCIONES PENALES;2018;12.629
Teruel;1. CONTRA LAS PERSONAS;2024;416
Teruel;1. CONTRA LAS PERSONAS;2023;392
Teruel;1. CONTRA LAS PERSONAS;2022;421
Teruel;1. CONTRA LAS PERSONAS;2021;303
Teruel;1. CONTRA LAS PERSONAS;2020;264
Teruel;1. CONTRA LAS PERSONAS;2019;316
Teruel;1. CONTRA LAS PERSONAS;2018;321
Teruel;1.1.-Homicidios dolosos/asesinatos;2024;2
Teruel;1.1.-Homicidios dolosos/asesinatos;2023;1
Teruel;1.1.-Homicidios dolosos/asesinatos;2022;4
Teruel;1.1.-Homicidios dolosos/asesinatos;2021;5
Teruel;1.1.-Homicidios dolosos/asesinatos;2020;5
Teruel;1.1.-Homicidios dolosos/asesinatos;2019;4
Teruel;1.1.-Homicidios dolosos/asesinatos;2018;3
Teruel;1.1.1.-Homicidios dolosos/asesinatos consumados;2024;0
Teruel;1.1.1.-Homicidios dolosos/asesinatos consumados;2023;1
Teruel;1.1.1.-Homicidios dolosos/asesinatos consumados;2022;1
Teruel;1.1.1.-Homicidios dolosos/asesinatos consumados;2021;0
Teruel;1.1.1.-Homicidios dolosos/asesinatos consumados;2020;1
Teruel;1.1.1.-Homicidios dolosos/asesinatos consumados;2019;2
Teruel;1.1.1.-Homicidios dolosos/asesinatos consumados;2018;0
Teruel;1.2.-Lesiones;2024;227
Teruel;1.2.-Lesiones;2023;219
Teruel;1.2.-Lesiones;2022;230
Teruel;1.2.-Lesiones;2021;166
Teruel;1.2.-Lesiones;2020;137
Teruel;1.2.-Lesiones;2019;168
Teruel;1.2.-Lesiones;2018;161
Teruel;1.3.-Malos tratos ámbito familiar;2024;169
Teruel;1.3.-Malos tratos ámbito familiar;2023;163
Teruel;1.3.-Malos tratos ámbito familiar;2022;175
Teruel;1.3.-Malos tratos ámbito familiar;2021;125
Teruel;1.3.-Malos tratos ámbito familiar;2020;117
Teruel;1.3.-Malos tratos ámbito familiar;2019;137
Teruel;1.3.-Malos tratos ámbito familiar;2018;154
Teruel;1.4.-Otros contra las personas;2024;18
Teruel;1.4.-Otros contra las personas;2023;9
Teruel;1.4.-Otros contra las personas;2022;12
Teruel;1.4.-Otros contra las personas;2021;7
Teruel;1.4.-Otros contra las personas;2020;5
Teruel;1.4.-Otros contra las personas;2019;7
Teruel;1.4.-Otros contra las personas;2018;3
Teruel;2. CONTRA LA LIBERTAD;2024;266
Teruel;2. CONTRA LA LIBERTAD;2023;263
Teruel;2. CONTRA LA LIBERTAD;2022;233
Teruel;2. CONTRA LA LIBERTAD;2021;195
Teruel;2. CONTRA LA LIBERTAD;2020;159
Teruel;2. CONTRA LA LIBERTAD;2019;141
Teruel;2. CONTRA LA LIBERTAD;2018;170
Teruel;2.1.-Malos tratos habituales en el ámbito familiar;2024;44
Teruel;2.1.-Malos tratos habituales en el ámbito familiar;2023;41
Teruel;2.1.-Malos tratos habituales en el ámbito familiar;2022;33
Teruel;2.1.-Malos tratos habituales en el ámbito familiar;2021;44
Teruel;2.1.-Malos tratos habituales en el ámbito familiar;2020;34
Teruel;2.1.-Malos tratos habituales en el ámbito familiar;2019;25
Teruel;2.1.-Malos tratos habituales en el ámbito familiar;2018;31
Teruel;2.2.-Otros contra la libertad;2024;222
Teruel;2.2.-Otros contra la libertad;2023;222
Teruel;2.2.-Otros contra la libertad;2022;200
Teruel;2.2.-Otros contra la libertad;2021;151
Teruel;2.2.-Otros contra la libertad;2020;125
Teruel;2.2.-Otros contra la libertad;2019;116
Teruel;2.2.-Otros contra la libertad;2018;139
Teruel;3. LIBERTAD SEXUAL;2024;34
Teruel;3. LIBERTAD SEXUAL;2023;40
Teruel;3. LIBERTAD SEXUAL;2022;28
Teruel;3. LIBERTAD SEXUAL;2021;29
Teruel;3. LIBERTAD SEXUAL;2020;28
Teruel;3. LIBERTAD SEXUAL;2019;32
Teruel;3. LIBERTAD SEXUAL;2018;14
Teruel;3.1.-Agresión sexual;2024;27
Teruel;3.1.-Agresión sexual;2023;25
Teruel;3.1.-Agresión sexual;2022;19
Teruel;3.1.-Agresión sexual;2021;20
Teruel;3.1.-Agresión sexual;2020;16
Teruel;3.1.-Agresión sexual;2019;21
Teruel;3.1.-Agresión sexual;2018;7
Teruel;3.2.-Agresión sexual con penetración;2024;3
Teruel;3.2.-Agresión sexual con penetración;2023;10
Teruel;3.2.-Agresión sexual con penetración;2022;3
Teruel;3.2.-Agresión sexual con penetración;2021;2
Teruel;3.2.-Agresión sexual con penetración;2020;4
Teruel;3.2.-Agresión sexual con penetración;2019;6
Teruel;3.2.-Agresión sexual con penetración;2018;1
Teruel;3.3.-Corrupción de menores o incapacitados;2024;0
Teruel;3.3.-Corrupción de menores o incapacitados;2023;1
Teruel;3.3.-Corrupción de menores o incapacitados;2022;0
Teruel;3.3.-Corrupción de menores o incapacitados;2021;0
Teruel;3.3.-Corrupción de menores o incapacitados;2020;0
Teruel;3.3.-Corrupción de menores o incapacitados;2019;0
Teruel;3.3.-Corrupción de menores o incapacitados;2018;0
Teruel;3.4.-Pornografía de menores;2024;0
Teruel;3.4.-Pornografía de menores;2023;2
Teruel;3.4.-Pornografía de menores;2022;1
Teruel;3.4.-Pornografía de menores;2021;1
Teruel;3.4.-Pornografía de menores;2020;2
Teruel;3.4.-Pornografía de menores;2019;3
Teruel;3.4.-Pornografía de menores;2018;2
Teruel;3.5.-Otros contra la libertad sexual;2024;4
Teruel;3.5.-Otros contra la libertad sexual;2023;2
Teruel;3.5.-Otros contra la libertad sexual;2022;5
Teruel;3.5.-Otros contra la libertad sexual;2021;6
Teruel;3.5.-Otros contra la libertad sexual;2020;6
Teruel;3.5.-Otros contra la libertad sexual;2019;2
Teruel;3.5.-Otros contra la libertad sexual;2018;4
Teruel;4. RELACIONES FAMILIARES;2024;16
Teruel;4. RELACIONES FAMILIARES;2023;20
Teruel;4. RELACIONES FAMILIARES;2022;23
Teruel;4. RELACIONES FAMILIARES;2021;17
Teruel;4. RELACIONES FAMILIARES;2020;8
Teruel;4. RELACIONES FAMILIARES;2019;10
Teruel;4. RELACIONES FAMILIARES;2018;10
Teruel;5. PATRIMONIO;2024;420
Teruel;5. PATRIMONIO;2023;460
Teruel;5. PATRIMONIO;2022;457
Teruel;5. PATRIMONIO;2021;399
Teruel;5. PATRIMONIO;2020;317
Teruel;5. PATRIMONIO;2019;386
Teruel;5. PATRIMONIO;2018;359
Teruel;5.1.-Hurtos;2024;92
Teruel;5.1.-Hurtos;2023;99
Teruel;5.1.-Hurtos;2022;85
Teruel;5.1.-Hurtos;2021;72
Teruel;5.1.-Hurtos;2020;55
Teruel;5.1.-Hurtos;2019;106
Teruel;5.1.-Hurtos;2018;96
Teruel;5.2.-Robos con fuerza en las cosas;2024;63
Teruel;5.2.-Robos con fuerza en las cosas;2023;54
Teruel;5.2.-Robos con fuerza en las cosas;2022;61
Teruel;5.2.-Robos con fuerza en las cosas;2021;36
Teruel;5.2.-Robos con fuerza en las cosas;2020;42
Teruel;5.2.-Robos con fuerza en las cosas;2019;64
Teruel;5.2.-Robos con fuerza en las cosas;2018;66
Teruel;5.2.1.-Robos con fuerza en las cosas en el interior de vehículos;2024;3
Teruel;5.2.1.-Robos con fuerza en las cosas en el interior de vehículos;2023;6
Teruel;5.2.1.-Robos con fuerza en las cosas en el interior de vehículos;2022;5
Teruel;5.2.1.-Robos con fuerza en las cosas en el interior de vehículos;2021;2
Teruel;5.2.1.-Robos con fuerza en las cosas en el interior de vehículos;2020;3
Teruel;5.2.1.-Robos con fuerza en las cosas en el interior de vehículos;2019;4
Teruel;5.2.1.-Robos con fuerza en las cosas en el interior de vehículos;2018;13
Teruel;5.2.2.-Robos con fuerza en viviendas;2024;22
Teruel;5.2.2.-Robos con fuerza en viviendas;2023;14
Teruel;5.2.2.-Robos con fuerza en viviendas;2022;21
Teruel;5.2.2.-Robos con fuerza en viviendas;2021;10
Teruel;5.2.2.-Robos con fuerza en viviendas;2020;20
Teruel;5.2.2.-Robos con fuerza en viviendas;2019;16
Teruel;5.2.2.-Robos con fuerza en viviendas;2018;33
Teruel;5.2.3.-Robos con fuerza en establecimientos;2024;10
Teruel;5.2.3.-Robos con fuerza en establecimientos;2023;8
Teruel;5.2.3.-Robos con fuerza en establecimientos;2022;13
Teruel;5.2.3.-Robos con fuerza en establecimientos;2021;7
Teruel;5.2.3.-Robos con fuerza en establecimientos;2020;6
Teruel;5.2.3.-Robos con fuerza en establecimientos;2019;15
Teruel;5.2.3.-Robos con fuerza en establecimientos;2018;5
Teruel;5.3.-Robos con violencia o intimidación;2024;8
Teruel;5.3.-Robos con violencia o intimidación;2023;8
Teruel;5.3.-Robos con violencia o intimidación;2022;15
Teruel;5.3.-Robos con violencia o intimidación;2021;6
Teruel;5.3.-Robos con violencia o intimidación;2020;8
Teruel;5.3.-Robos con violencia o intimidación;2019;9
Teruel;5.3.-Robos con violencia o intimidación;2018;8
Teruel;5.3.1.-Robos con violencia en vía pública;2024;2
Teruel;5.3.1.-Robos con violencia en vía pública;2023;4
Teruel;5.3.1.-Robos con violencia en vía pública;2022;6
Teruel;5.3.1.-Robos con violencia en vía pública;2021;5
Teruel;5.3.1.-Robos con violencia en vía pública;2020;2
Teruel;5.3.1.-Robos con violencia en vía pública;2019;3
Teruel;5.3.1.-Robos con violencia en vía pública;2018;3
Teruel;5.3.2.-Robos con violencia en viviendas;2024;1
Teruel;5.3.2.-Robos con violencia en viviendas;2023;1
Teruel;5.3.2.-Robos con violencia en viviendas;2022;5
Teruel;5.3.2.-Robos con violencia en viviendas;2021;1
Teruel;5.3.2.-Robos con violencia en viviendas;2020;1
Teruel;5.3.2.-Robos con violencia en viviendas;2019;0
Teruel;5.3.2.-Robos con violencia en viviendas;2018;1
Teruel;5.3.3.-Robos con violencia en establecimientos;2024;4
Teruel;5.3.3.-Robos con violencia en establecimientos;2023;1
Teruel;5.3.3.-Robos con violencia en establecimientos;2022;1
Teruel;5.3.3.-Robos con violencia en establecimientos;2021;0
Teruel;5.3.3.-Robos con violencia en establecimientos;2020;3
Teruel;5.3.3.-Robos con violencia en establecimientos;2019;4
Teruel;5.3.3.-Robos con violencia en establecimientos;2018;1
Teruel;5.4.-Sustracción de vehículos;2024;11
Teruel;5.4.-Sustracción de vehículos;2023;5
Teruel;5.4.-Sustracción de vehículos;2022;16
Teruel;5.4.-Sustracción de vehículos;2021;9
Teruel;5.4.-Sustracción de vehículos;2020;13
Teruel;5.4.-Sustracción de vehículos;2019;3
Teruel;5.4.-Sustracción de vehículos;2018;12
Teruel;5.5.-Estafas;2024;121
Teruel;5.5.-Estafas;2023;149
Teruel;5.5.-Estafas;2022;167
Teruel;5.5.-Estafas;2021;144
Teruel;5.5.-Estafas;2020;85
Teruel;5.5.-Estafas;2019;88
Teruel;5.5.-Estafas;2018;89
Teruel;5.5.1.-Estafas informáticas;2024;91
Teruel;5.5.1.-Estafas informáticas;2023;116
Teruel;5.5.1.-Estafas informáticas;2022;106
Teruel;5.5.1.-Estafas informáticas;2021;102
Teruel;5.5.1.-Estafas informáticas;2020;49
Teruel;5.5.1.-Estafas informáticas;2019;36
Teruel;5.5.1.-Estafas informáticas;2018;32
Teruel;5.6.-Daños;2024;84
Teruel;5.6.-Daños;2023;102
Teruel;5.6.-Daños;2022;82
Teruel;5.6.-Daños;2021;85
Teruel;5.6.-Daños;2020;85
Teruel;5.6.-Daños;2019;71
Teruel;5.6.-Daños;2018;61
Teruel;5.7.-Contra la propiedad intelectual/industrial;2024;2
Teruel;5.7.-Contra la propiedad intelectual/industrial;2023;3
Teruel;5.7.-Contra la propiedad intelectual/industrial;2022;4
Teruel;5.7.-Contra la propiedad intelectual/industrial;2021;9
Teruel;5.7.-Contra la propiedad intelectual/industrial;2020;1
Teruel;5.7.-Contra la propiedad intelectual/industrial;2019;2
Teruel;5.7.-Contra la propiedad intelectual/industrial;2018;0
Teruel;5.8.-Blanqueo de capitales;2024;0
Teruel;5.8.-Blanqueo de capitales;2023;0
Teruel;5.8.-Blanqueo de capitales;2022;0
Teruel;5.8.-Blanqueo de capitales;2021;0
Teruel;5.8.-Blanqueo de capitales;2020;0
Teruel;5.8.-Blanqueo de capitales;2019;0
Teruel;5.8.-Blanqueo de capitales;2018;0
Teruel;5.9.-Otros contra el patrimonio;2024;39
Teruel;5.9.-Otros contra el patrimonio;2023;40
Teruel;5.9.-Otros contra el patrimonio;2022;27
Teruel;5.9.-Otros contra el patrimonio;2021;38
Teruel;5.9.-Otros contra el patrimonio;2020;28
Teruel;5.9.-Otros contra el patrimonio;2019;43
Teruel;5.9.-Otros contra el patrimonio;2018;27
Teruel;6. SEGURIDAD COLECTIVA;2024;242
Teruel;6. SEGURIDAD COLECTIVA;2023;197
Teruel;6. SEGURIDAD COLECTIVA;2022;243
Teruel;6. SEGURIDAD COLECTIVA;2021;219
Teruel;6. SEGURIDAD COLECTIVA;2020;174
Teruel;6. SEGURIDAD COLECTIVA;2019;238
Teruel;6. SEGURIDAD COLECTIVA;2018;209
Teruel;6.1.-Tráfico de drogas;2024;38
Teruel;6.1.-Tráfico de drogas;2023;25
Teruel;6.1.-Tráfico de drogas;2022;25
Teruel;6.1.-Tráfico de drogas;2021;34
Teruel;6.1.-Tráfico de drogas;2020;26
Teruel;6.1.-Tráfico de drogas;2019;28
Teruel;6.1.-Tráfico de drogas;2018;31
Teruel;6.2.-Contra la seguridad vial;2024;198
Teruel;6.2.-Contra la seguridad vial;2023;169
Teruel;6.2.-Contra la seguridad vial;2022;215
Teruel;6.2.-Contra la seguridad vial;2021;185
Teruel;6.2.-Contra la seguridad vial;2020;146
Teruel;6.2.-Contra la seguridad vial;2019;208
Teruel;6.2.-Contra la seguridad vial;2018;178
Teruel;6.3.-Otros contra la seguridad colectiva;2024;6
Teruel;6.3.-Otros contra la seguridad colectiva;2023;3
Teruel;6.3.-Otros contra la seguridad colectiva;2022;3
Teruel;6.3.-Otros contra la seguridad colectiva;2021;0
Teruel;6.3.-Otros contra la seguridad colectiva;2020;2
Teruel;6.3.-Otros contra la seguridad colectiva;2019;2
Teruel;6.3.-Otros contra la seguridad colectiva;2018;0
Teruel;7. FALSEDADES;2024;22
Teruel;7. FALSEDADES;2023;18
Teruel;7. FALSEDADES;2022;24
Teruel;7. FALSEDADES;2021;30
Teruel;7. FALSEDADES;2020;18
Teruel;7. FALSEDADES;2019;21
Teruel;7. FALSEDADES;2018;22
Teruel;8. ADMÓN. PÚBLICA;2024;0
Teruel;8. ADMÓN. PÚBLICA;2023;1
Teruel;8. ADMÓN. PÚBLICA;2022;1
Teruel;8. ADMÓN. PÚBLICA;2021;0
Teruel;8. ADMÓN. PÚBLICA;2020;0
Teruel;8. ADMÓN. PÚBLICA;2019;1
Teruel;8. ADMÓN. PÚBLICA;2018;1
Teruel;9. ADMÓN. JUSTICIA;2024;69
Teruel;9. ADMÓN. JUSTICIA;2023;98
Teruel;9. ADMÓN. JUSTICIA;2022;78
Teruel;9. ADMÓN. JUSTICIA;2021;59
Teruel;9. ADMÓN. JUSTICIA;2020;50
Teruel;9. ADMÓN. JUSTICIA;2019;43
Teruel;9. ADMÓN. JUSTICIA;2018;51
Teruel;10. ORDEN PÚBLICO;2024;52
Teruel;10. ORDEN PÚBLICO;2023;38
Teruel;10. ORDEN PÚBLICO;2022;48
Teruel;10. ORDEN PÚBLICO;2021;58
Teruel;10. ORDEN PÚBLICO;2020;45
Teruel;10. ORDEN PÚBLICO;2019;44
Teruel;10. ORDEN PÚBLICO;2018;30
Teruel;11. LEGISLACIÓN ESPECIAL;2024;1
Teruel;11. LEGISLACIÓN ESPECIAL;2023;1
Teruel;11. LEGISLACIÓN ESPECIAL;2022;0
Teruel;11. LEGISLACIÓN ESPECIAL;2021;0
Teruel;11. LEGISLACIÓN ESPECIAL;2020;0
Teruel;11. LEGISLACIÓN ESPECIAL;2019;0
Teruel;11. LEGISLACIÓN ESPECIAL;2018;0
Teruel;12. OTRAS INFRACCIONES PENALES;2024;36
Teruel;12. OTRAS INFRACCIONES PENALES;2023;37
Teruel;12. OTRAS INFRACCIONES PENALES;2022;11
Teruel;12. OTRAS INFRACCIONES PENALES;2021;25
Teruel;12. OTRAS INFRACCIONES PENALES;2020;16
Teruel;12. OTRAS INFRACCIONES PENALES;2019;26
Teruel;12. OTRAS INFRACCIONES PENALES;2018;21
Teruel;TOTAL INFRACCIONES PENALES;2024;1.574
Teruel;TOTAL INFRACCIONES PENALES;2023;1.565
Teruel;TOTAL INFRACCIONES PENALES;2022;1.567
Teruel;TOTAL INFRACCIONES PENALES;2021;1.334
Teruel;TOTAL INFRACCIONES PENALES;2020;1.079
Teruel;TOTAL INFRACCIONES PENALES;2019;1.258
Teruel;TOTAL INFRACCIONES PENALES;2018;1.208
Toledo;1. CONTRA LAS PERSONAS;2024;3.190
Toledo;1. CONTRA LAS PERSONAS;2023;2.835
Toledo;1. CONTRA LAS PERSONAS;2022;2.611
Toledo;1. CONTRA LAS PERSONAS;2021;2.396
Toledo;1. CONTRA LAS PERSONAS;2020;2.163
Toledo;1. CONTRA LAS PERSONAS;2019;2.275
Toledo;1. CONTRA LAS PERSONAS;2018;2.238
Toledo;1.1.-Homicidios dolosos/asesinatos;2024;32
Toledo;1.1.-Homicidios dolosos/asesinatos;2023;19
Toledo;1.1.-Homicidios dolosos/asesinatos;2022;20
Toledo;1.1.-Homicidios dolosos/asesinatos;2021;34
Toledo;1.1.-Homicidios dolosos/asesinatos;2020;22
Toledo;1.1.-Homicidios dolosos/asesinatos;2019;19
Toledo;1.1.-Homicidios dolosos/asesinatos;2018;11
Toledo;1.1.1.-Homicidios dolosos/asesinatos consumados;2024;3
Toledo;1.1.1.-Homicidios dolosos/asesinatos consumados;2023;3
Toledo;1.1.1.-Homicidios dolosos/asesinatos consumados;2022;7
Toledo;1.1.1.-Homicidios dolosos/asesinatos consumados;2021;5
Toledo;1.1.1.-Homicidios dolosos/asesinatos consumados;2020;8
Toledo;1.1.1.-Homicidios dolosos/asesinatos consumados;2019;3
Toledo;1.1.1.-Homicidios dolosos/asesinatos consumados;2018;3
Toledo;1.2.-Lesiones;2024;1.845
Toledo;1.2.-Lesiones;2023;1.562
Toledo;1.2.-Lesiones;2022;1.438
Toledo;1.2.-Lesiones;2021;1.242
Toledo;1.2.-Lesiones;2020;1.099
Toledo;1.2.-Lesiones;2019;1.194
Toledo;1.2.-Lesiones;2018;1.202
Toledo;1.3.-Malos tratos ámbito familiar;2024;1.229
Toledo;1.3.-Malos tratos ámbito familiar;2023;1.190
Toledo;1.3.-Malos tratos ámbito familiar;2022;1.091
Toledo;1.3.-Malos tratos ámbito familiar;2021;1.083
Toledo;1.3.-Malos tratos ámbito familiar;2020;992
Toledo;1.3.-Malos tratos ámbito familiar;2019;996
Toledo;1.3.-Malos tratos ámbito familiar;2018;993
Toledo;1.4.-Otros contra las personas;2024;84
Toledo;1.4.-Otros contra las personas;2023;64
Toledo;1.4.-Otros contra las personas;2022;62
Toledo;1.4.-Otros contra las personas;2021;37
Toledo;1.4.-Otros contra las personas;2020;50
Toledo;1.4.-Otros contra las personas;2019;66
Toledo;1.4.-Otros contra las personas;2018;32
Toledo;2. CONTRA LA LIBERTAD;2024;2.429
Toledo;2. CONTRA LA LIBERTAD;2023;2.324
Toledo;2. CONTRA LA LIBERTAD;2022;2.031
Toledo;2. CONTRA LA LIBERTAD;2021;1.814
Toledo;2. CONTRA LA LIBERTAD;2020;1.723
Toledo;2. CONTRA LA LIBERTAD;2019;1.521
Toledo;2. CONTRA LA LIBERTAD;2018;1.578
Toledo;2.1.-Malos tratos habituales en el ámbito familiar;2024;541
Toledo;2.1.-Malos tratos habituales en el ámbito familiar;2023;568
Toledo;2.1.-Malos tratos habituales en el ámbito familiar;2022;385
Toledo;2.1.-Malos tratos habituales en el ámbito familiar;2021;272
Toledo;2.1.-Malos tratos habituales en el ámbito familiar;2020;270
Toledo;2.1.-Malos tratos habituales en el ámbito familiar;2019;229
Toledo;2.1.-Malos tratos habituales en el ámbito familiar;2018;212
Toledo;2.2.-Otros contra la libertad;2024;1.888
Toledo;2.2.-Otros contra la libertad;2023;1.756
Toledo;2.2.-Otros contra la libertad;2022;1.646
Toledo;2.2.-Otros contra la libertad;2021;1.542
Toledo;2.2.-Otros contra la libertad;2020;1.453
Toledo;2.2.-Otros contra la libertad;2019;1.292
Toledo;2.2.-Otros contra la libertad;2018;1.366
Toledo;3. LIBERTAD SEXUAL;2024;222
Toledo;3. LIBERTAD SEXUAL;2023;239
Toledo;3. LIBERTAD SEXUAL;2022;190
Toledo;3. LIBERTAD SEXUAL;2021;166
Toledo;3. LIBERTAD SEXUAL;2020;135
Toledo;3. LIBERTAD SEXUAL;2019;145
Toledo;3. LIBERTAD SEXUAL;2018;141
Toledo;3.1.-Agresión sexual;2024;148
Toledo;3.1.-Agresión sexual;2023;164
Toledo;3.1.-Agresión sexual;2022;128
Toledo;3.1.-Agresión sexual;2021;115
Toledo;3.1.-Agresión sexual;2020;87
Toledo;3.1.-Agresión sexual;2019;95
Toledo;3.1.-Agresión sexual;2018;86
Toledo;3.2.-Agresión sexual con penetración;2024;39
Toledo;3.2.-Agresión sexual con penetración;2023;42
Toledo;3.2.-Agresión sexual con penetración;2022;26
Toledo;3.2.-Agresión sexual con penetración;2021;32
Toledo;3.2.-Agresión sexual con penetración;2020;19
Toledo;3.2.-Agresión sexual con penetración;2019;19
Toledo;3.2.-Agresión sexual con penetración;2018;26
Toledo;3.3.-Corrupción de menores o incapacitados;2024;0
Toledo;3.3.-Corrupción de menores o incapacitados;2023;4
Toledo;3.3.-Corrupción de menores o incapacitados;2022;3
Toledo;3.3.-Corrupción de menores o incapacitados;2021;2
Toledo;3.3.-Corrupción de menores o incapacitados;2020;5
Toledo;3.3.-Corrupción de menores o incapacitados;2019;5
Toledo;3.3.-Corrupción de menores o incapacitados;2018;4
Toledo;3.4.-Pornografía de menores;2024;8
Toledo;3.4.-Pornografía de menores;2023;6
Toledo;3.4.-Pornografía de menores;2022;1
Toledo;3.4.-Pornografía de menores;2021;5
Toledo;3.4.-Pornografía de menores;2020;3
Toledo;3.4.-Pornografía de menores;2019;12
Toledo;3.4.-Pornografía de menores;2018;9
Toledo;3.5.-Otros contra la libertad sexual;2024;27
Toledo;3.5.-Otros contra la libertad sexual;2023;23
Toledo;3.5.-Otros contra la libertad sexual;2022;32
Toledo;3.5.-Otros contra la libertad sexual;2021;12
Toledo;3.5.-Otros contra la libertad sexual;2020;21
Toledo;3.5.-Otros contra la libertad sexual;2019;14
Toledo;3.5.-Otros contra la libertad sexual;2018;16
Toledo;4. RELACIONES FAMILIARES;2024;132
Toledo;4. RELACIONES FAMILIARES;2023;133
Toledo;4. RELACIONES FAMILIARES;2022;152
Toledo;4. RELACIONES FAMILIARES;2021;153
Toledo;4. RELACIONES FAMILIARES;2020;144
Toledo;4. RELACIONES FAMILIARES;2019;121
Toledo;4. RELACIONES FAMILIARES;2018;123
Toledo;5. PATRIMONIO;2024;5.379
Toledo;5. PATRIMONIO;2023;4.789
Toledo;5. PATRIMONIO;2022;4.216
Toledo;5. PATRIMONIO;2021;3.788
Toledo;5. PATRIMONIO;2020;3.560
Toledo;5. PATRIMONIO;2019;4.207
Toledo;5. PATRIMONIO;2018;3.625
Toledo;5.1.-Hurtos;2024;1.295
Toledo;5.1.-Hurtos;2023;1.059
Toledo;5.1.-Hurtos;2022;851
Toledo;5.1.-Hurtos;2021;736
Toledo;5.1.-Hurtos;2020;666
Toledo;5.1.-Hurtos;2019;932
Toledo;5.1.-Hurtos;2018;814
Toledo;5.2.-Robos con fuerza en las cosas;2024;920
Toledo;5.2.-Robos con fuerza en las cosas;2023;742
Toledo;5.2.-Robos con fuerza en las cosas;2022;650
Toledo;5.2.-Robos con fuerza en las cosas;2021;527
Toledo;5.2.-Robos con fuerza en las cosas;2020;703
Toledo;5.2.-Robos con fuerza en las cosas;2019;856
Toledo;5.2.-Robos con fuerza en las cosas;2018;684
Toledo;5.2.1.-Robos con fuerza en las cosas en el interior de vehículos;2024;185
Toledo;5.2.1.-Robos con fuerza en las cosas en el interior de vehículos;2023;183
Toledo;5.2.1.-Robos con fuerza en las cosas en el interior de vehículos;2022;125
Toledo;5.2.1.-Robos con fuerza en las cosas en el interior de vehículos;2021;73
Toledo;5.2.1.-Robos con fuerza en las cosas en el interior de vehículos;2020;116
Toledo;5.2.1.-Robos con fuerza en las cosas en el interior de vehículos;2019;91
Toledo;5.2.1.-Robos con fuerza en las cosas en el interior de vehículos;2018;132
Toledo;5.2.2.-Robos con fuerza en viviendas;2024;228
Toledo;5.2.2.-Robos con fuerza en viviendas;2023;215
Toledo;5.2.2.-Robos con fuerza en viviendas;2022;196
Toledo;5.2.2.-Robos con fuerza en viviendas;2021;191
Toledo;5.2.2.-Robos con fuerza en viviendas;2020;278
Toledo;5.2.2.-Robos con fuerza en viviendas;2019;347
Toledo;5.2.2.-Robos con fuerza en viviendas;2018;267
Toledo;5.2.3.-Robos con fuerza en establecimientos;2024;215
Toledo;5.2.3.-Robos con fuerza en establecimientos;2023;148
Toledo;5.2.3.-Robos con fuerza en establecimientos;2022;150
Toledo;5.2.3.-Robos con fuerza en establecimientos;2021;115
Toledo;5.2.3.-Robos con fuerza en establecimientos;2020;157
Toledo;5.2.3.-Robos con fuerza en establecimientos;2019;272
Toledo;5.2.3.-Robos con fuerza en establecimientos;2018;127
Toledo;5.3.-Robos con violencia o intimidación;2024;211
Toledo;5.3.-Robos con violencia o intimidación;2023;178
Toledo;5.3.-Robos con violencia o intimidación;2022;119
Toledo;5.3.-Robos con violencia o intimidación;2021;126
Toledo;5.3.-Robos con violencia o intimidación;2020;133
Toledo;5.3.-Robos con violencia o intimidación;2019;145
Toledo;5.3.-Robos con violencia o intimidación;2018;160
Toledo;5.3.1.-Robos con violencia en vía pública;2024;105
Toledo;5.3.1.-Robos con violencia en vía pública;2023;86
Toledo;5.3.1.-Robos con violencia en vía pública;2022;47
Toledo;5.3.1.-Robos con violencia en vía pública;2021;55
Toledo;5.3.1.-Robos con violencia en vía pública;2020;62
Toledo;5.3.1.-Robos con violencia en vía pública;2019;60
Toledo;5.3.1.-Robos con violencia en vía pública;2018;89
Toledo;5.3.2.-Robos con violencia en viviendas;2024;34
Toledo;5.3.2.-Robos con violencia en viviendas;2023;33
Toledo;5.3.2.-Robos con violencia en viviendas;2022;15
Toledo;5.3.2.-Robos con violencia en viviendas;2021;16
Toledo;5.3.2.-Robos con violencia en viviendas;2020;15
Toledo;5.3.2.-Robos con violencia en viviendas;2019;19
Toledo;5.3.2.-Robos con violencia en viviendas;2018;19
Toledo;5.3.3.-Robos con violencia en establecimientos;2024;51
Toledo;5.3.3.-Robos con violencia en establecimientos;2023;37
Toledo;5.3.3.-Robos con violencia en establecimientos;2022;35
Toledo;5.3.3.-Robos con violencia en establecimientos;2021;33
Toledo;5.3.3.-Robos con violencia en establecimientos;2020;30
Toledo;5.3.3.-Robos con violencia en establecimientos;2019;44
Toledo;5.3.3.-Robos con violencia en establecimientos;2018;39
Toledo;5.4.-Sustracción de vehículos;2024;153
Toledo;5.4.-Sustracción de vehículos;2023;125
Toledo;5.4.-Sustracción de vehículos;2022;100
Toledo;5.4.-Sustracción de vehículos;2021;93
Toledo;5.4.-Sustracción de vehículos;2020;69
Toledo;5.4.-Sustracción de vehículos;2019;89
Toledo;5.4.-Sustracción de vehículos;2018;82
Toledo;5.5.-Estafas;2024;1.386
Toledo;5.5.-Estafas;2023;1.353
Toledo;5.5.-Estafas;2022;1.243
Toledo;5.5.-Estafas;2021;987
Toledo;5.5.-Estafas;2020;859
Toledo;5.5.-Estafas;2019;1.014
Toledo;5.5.-Estafas;2018;845
Toledo;5.5.1.-Estafas informáticas;2024;953
Toledo;5.5.1.-Estafas informáticas;2023;981
Toledo;5.5.1.-Estafas informáticas;2022;748
Toledo;5.5.1.-Estafas informáticas;2021;543
Toledo;5.5.1.-Estafas informáticas;2020;451
Toledo;5.5.1.-Estafas informáticas;2019;457
Toledo;5.5.1.-Estafas informáticas;2018;344
Toledo;5.6.-Daños;2024;680
Toledo;5.6.-Daños;2023;608
Toledo;5.6.-Daños;2022;564
Toledo;5.6.-Daños;2021;557
Toledo;5.6.-Daños;2020;467
Toledo;5.6.-Daños;2019;506
Toledo;5.6.-Daños;2018;480
Toledo;5.7.-Contra la propiedad intelectual/industrial;2024;10
Toledo;5.7.-Contra la propiedad intelectual/industrial;2023;9
Toledo;5.7.-Contra la propiedad intelectual/industrial;2022;8
Toledo;5.7.-Contra la propiedad intelectual/industrial;2021;3
Toledo;5.7.-Contra la propiedad intelectual/industrial;2020;6
Toledo;5.7.-Contra la propiedad intelectual/industrial;2019;16
Toledo;5.7.-Contra la propiedad intelectual/industrial;2018;19
Toledo;5.8.-Blanqueo de capitales;2024;12
Toledo;5.8.-Blanqueo de capitales;2023;17
Toledo;5.8.-Blanqueo de capitales;2022;12
Toledo;5.8.-Blanqueo de capitales;2021;12
Toledo;5.8.-Blanqueo de capitales;2020;7
Toledo;5.8.-Blanqueo de capitales;2019;6
Toledo;5.8.-Blanqueo de capitales;2018;4
Toledo;5.9.-Otros contra el patrimonio;2024;712
Toledo;5.9.-Otros contra el patrimonio;2023;698
Toledo;5.9.-Otros contra el patrimonio;2022;669
Toledo;5.9.-Otros contra el patrimonio;2021;747
Toledo;5.9.-Otros contra el patrimonio;2020;650
Toledo;5.9.-Otros contra el patrimonio;2019;643
Toledo;5.9.-Otros contra el patrimonio;2018;537
Toledo;6. SEGURIDAD COLECTIVA;2024;1.539
Toledo;6. SEGURIDAD COLECTIVA;2023;1.485
Toledo;6. SEGURIDAD COLECTIVA;2022;1.382
Toledo;6. SEGURIDAD COLECTIVA;2021;1.280
Toledo;6. SEGURIDAD COLECTIVA;2020;1.244
Toledo;6. SEGURIDAD COLECTIVA;2019;1.227
Toledo;6. SEGURIDAD COLECTIVA;2018;1.020
Toledo;6.1.-Tráfico de drogas;2024;252
Toledo;6.1.-Tráfico de drogas;2023;252
Toledo;6.1.-Tráfico de drogas;2022;249
Toledo;6.1.-Tráfico de drogas;2021;279
Toledo;6.1.-Tráfico de drogas;2020;275
Toledo;6.1.-Tráfico de drogas;2019;220
Toledo;6.1.-Tráfico de drogas;2018;185
Toledo;6.2.-Contra la seguridad vial;2024;1.257
Toledo;6.2.-Contra la seguridad vial;2023;1.214
Toledo;6.2.-Contra la seguridad vial;2022;1.112
Toledo;6.2.-Contra la seguridad vial;2021;985
Toledo;6.2.-Contra la seguridad vial;2020;949
Toledo;6.2.-Contra la seguridad vial;2019;992
Toledo;6.2.-Contra la seguridad vial;2018;814
Toledo;6.3.-Otros contra la seguridad colectiva;2024;30
Toledo;6.3.-Otros contra la seguridad colectiva;2023;19
Toledo;6.3.-Otros contra la seguridad colectiva;2022;21
Toledo;6.3.-Otros contra la seguridad colectiva;2021;16
Toledo;6.3.-Otros contra la seguridad colectiva;2020;20
Toledo;6.3.-Otros contra la seguridad colectiva;2019;15
Toledo;6.3.-Otros contra la seguridad colectiva;2018;21
Toledo;7. FALSEDADES;2024;254
Toledo;7. FALSEDADES;2023;302
Toledo;7. FALSEDADES;2022;321
Toledo;7. FALSEDADES;2021;359
Toledo;7. FALSEDADES;2020;270
Toledo;7. FALSEDADES;2019;321
Toledo;7. FALSEDADES;2018;281
Toledo;8. ADMÓN. PÚBLICA;2024;6
Toledo;8. ADMÓN. PÚBLICA;2023;5
Toledo;8. ADMÓN. PÚBLICA;2022;5
Toledo;8. ADMÓN. PÚBLICA;2021;5
Toledo;8. ADMÓN. PÚBLICA;2020;3
Toledo;8. ADMÓN. PÚBLICA;2019;0
Toledo;8. ADMÓN. PÚBLICA;2018;7
Toledo;9. ADMÓN. JUSTICIA;2024;665
Toledo;9. ADMÓN. JUSTICIA;2023;633
Toledo;9. ADMÓN. JUSTICIA;2022;653
Toledo;9. ADMÓN. JUSTICIA;2021;501
Toledo;9. ADMÓN. JUSTICIA;2020;455
Toledo;9. ADMÓN. JUSTICIA;2019;424
Toledo;9. ADMÓN. JUSTICIA;2018;441
Toledo;10. ORDEN PÚBLICO;2024;438
Toledo;10. ORDEN PÚBLICO;2023;422
Toledo;10. ORDEN PÚBLICO;2022;350
Toledo;10. ORDEN PÚBLICO;2021;328
Toledo;10. ORDEN PÚBLICO;2020;408
Toledo;10. ORDEN PÚBLICO;2019;256
Toledo;10. ORDEN PÚBLICO;2018;240
Toledo;11. LEGISLACIÓN ESPECIAL;2024;2
Toledo;11. LEGISLACIÓN ESPECIAL;2023;1
Toledo;11. LEGISLACIÓN ESPECIAL;2022;5
Toledo;11. LEGISLACIÓN ESPECIAL;2021;0
Toledo;11. LEGISLACIÓN ESPECIAL;2020;2
Toledo;11. LEGISLACIÓN ESPECIAL;2019;2
Toledo;11. LEGISLACIÓN ESPECIAL;2018;4
Toledo;12. OTRAS INFRACCIONES PENALES;2024;125
Toledo;12. OTRAS INFRACCIONES PENALES;2023;117
Toledo;12. OTRAS INFRACCIONES PENALES;2022;115
Toledo;12. OTRAS INFRACCIONES PENALES;2021;117
Toledo;12. OTRAS INFRACCIONES PENALES;2020;111
Toledo;12. OTRAS INFRACCIONES PENALES;2019;108
Toledo;12. OTRAS INFRACCIONES PENALES;2018;118
Toledo;TOTAL INFRACCIONES PENALES;2024;14.381
Toledo;TOTAL INFRACCIONES PENALES;2023;13.285
Toledo;TOTAL INFRACCIONES PENALES;2022;12.031
Toledo;TOTAL INFRACCIONES PENALES;2021;10.907
Toledo;TOTAL INFRACCIONES PENALES;2020;10.218
Toledo;TOTAL INFRACCIONES PENALES;2019;10.607
Toledo;TOTAL INFRACCIONES PENALES;2018;9.816
Valencia/València;1. CONTRA LAS PERSONAS;2024;14.173
Valencia/València;1. CONTRA LAS PERSONAS;2023;12.942
Valencia/València;1. CONTRA LAS PERSONAS;2022;12.521
Valencia/València;1. CONTRA LAS PERSONAS;2021;10.838
Valencia/València;1. CONTRA LAS PERSONAS;2020;9.537
Valencia/València;1. CONTRA LAS PERSONAS;2019;10.447
Valencia/València;1. CONTRA LAS PERSONAS;2018;10.084
Valencia/València;1.1.-Homicidios dolosos/asesinatos;2024;107
Valencia/València;1.1.-Homicidios dolosos/asesinatos;2023;101
Valencia/València;1.1.-Homicidios dolosos/asesinatos;2022;90
Valencia/València;1.1.-Homicidios dolosos/asesinatos;2021;81
Valencia/València;1.1.-Homicidios dolosos/asesinatos;2020;69
Valencia/València;1.1.-Homicidios dolosos/asesinatos;2019;82
Valencia/València;1.1.-Homicidios dolosos/asesinatos;2018;67
Valencia/València;1.1.1.-Homicidios dolosos/asesinatos consumados;2024;30
Valencia/València;1.1.1.-Homicidios dolosos/asesinatos consumados;2023;19
Valencia/València;1.1.1.-Homicidios dolosos/asesinatos consumados;2022;21
Valencia/València;1.1.1.-Homicidios dolosos/asesinatos consumados;2021;19
Valencia/València;1.1.1.-Homicidios dolosos/asesinatos consumados;2020;16
Valencia/València;1.1.1.-Homicidios dolosos/asesinatos consumados;2019;21
Valencia/València;1.1.1.-Homicidios dolosos/asesinatos consumados;2018;5
Valencia/València;1.2.-Lesiones;2024;6.143
Valencia/València;1.2.-Lesiones;2023;5.613
Valencia/València;1.2.-Lesiones;2022;5.730
Valencia/València;1.2.-Lesiones;2021;4.590
Valencia/València;1.2.-Lesiones;2020;3.790
Valencia/València;1.2.-Lesiones;2019;4.541
Valencia/València;1.2.-Lesiones;2018;4.537
Valencia/València;1.3.-Malos tratos ámbito familiar;2024;7.606
Valencia/València;1.3.-Malos tratos ámbito familiar;2023;6.991
Valencia/València;1.3.-Malos tratos ámbito familiar;2022;6.507
Valencia/València;1.3.-Malos tratos ámbito familiar;2021;6.032
Valencia/València;1.3.-Malos tratos ámbito familiar;2020;5.547
Valencia/València;1.3.-Malos tratos ámbito familiar;2019;5.644
Valencia/València;1.3.-Malos tratos ámbito familiar;2018;5.297
Valencia/València;1.4.-Otros contra las personas;2024;317
Valencia/València;1.4.-Otros contra las personas;2023;237
Valencia/València;1.4.-Otros contra las personas;2022;194
Valencia/València;1.4.-Otros contra las personas;2021;135
Valencia/València;1.4.-Otros contra las personas;2020;131
Valencia/València;1.4.-Otros contra las personas;2019;180
Valencia/València;1.4.-Otros contra las personas;2018;183
Valencia/València;2. CONTRA LA LIBERTAD;2024;6.928
Valencia/València;2. CONTRA LA LIBERTAD;2023;6.848
Valencia/València;2. CONTRA LA LIBERTAD;2022;6.449
Valencia/València;2. CONTRA LA LIBERTAD;2021;6.019
Valencia/València;2. CONTRA LA LIBERTAD;2020;5.345
Valencia/València;2. CONTRA LA LIBERTAD;2019;5.434
Valencia/València;2. CONTRA LA LIBERTAD;2018;5.414
Valencia/València;2.1.-Malos tratos habituales en el ámbito familiar;2024;1.035
Valencia/València;2.1.-Malos tratos habituales en el ámbito familiar;2023;1.315
Valencia/València;2.1.-Malos tratos habituales en el ámbito familiar;2022;1.376
Valencia/València;2.1.-Malos tratos habituales en el ámbito familiar;2021;930
Valencia/València;2.1.-Malos tratos habituales en el ámbito familiar;2020;853
Valencia/València;2.1.-Malos tratos habituales en el ámbito familiar;2019;1.010
Valencia/València;2.1.-Malos tratos habituales en el ámbito familiar;2018;1.017
Valencia/València;2.2.-Otros contra la libertad;2024;5.893
Valencia/València;2.2.-Otros contra la libertad;2023;5.533
Valencia/València;2.2.-Otros contra la libertad;2022;5.073
Valencia/València;2.2.-Otros contra la libertad;2021;5.089
Valencia/València;2.2.-Otros contra la libertad;2020;4.492
Valencia/València;2.2.-Otros contra la libertad;2019;4.424
Valencia/València;2.2.-Otros contra la libertad;2018;4.397
Valencia/València;3. LIBERTAD SEXUAL;2024;1.152
Valencia/València;3. LIBERTAD SEXUAL;2023;1.016
Valencia/València;3. LIBERTAD SEXUAL;2022;927
Valencia/València;3. LIBERTAD SEXUAL;2021;832
Valencia/València;3. LIBERTAD SEXUAL;2020;615
Valencia/València;3. LIBERTAD SEXUAL;2019;717
Valencia/València;3. LIBERTAD SEXUAL;2018;666
Valencia/València;3.1.-Agresión sexual;2024;750
Valencia/València;3.1.-Agresión sexual;2023;687
Valencia/València;3.1.-Agresión sexual;2022;610
Valencia/València;3.1.-Agresión sexual;2021;565
Valencia/València;3.1.-Agresión sexual;2020;376
Valencia/València;3.1.-Agresión sexual;2019;455
Valencia/València;3.1.-Agresión sexual;2018;450
Valencia/València;3.2.-Agresión sexual con penetración;2024;215
Valencia/València;3.2.-Agresión sexual con penetración;2023;187
Valencia/València;3.2.-Agresión sexual con penetración;2022;172
Valencia/València;3.2.-Agresión sexual con penetración;2021;161
Valencia/València;3.2.-Agresión sexual con penetración;2020;122
Valencia/València;3.2.-Agresión sexual con penetración;2019;122
Valencia/València;3.2.-Agresión sexual con penetración;2018;111
Valencia/València;3.3.-Corrupción de menores o incapacitados;2024;22
Valencia/València;3.3.-Corrupción de menores o incapacitados;2023;15
Valencia/València;3.3.-Corrupción de menores o incapacitados;2022;27
Valencia/València;3.3.-Corrupción de menores o incapacitados;2021;17
Valencia/València;3.3.-Corrupción de menores o incapacitados;2020;13
Valencia/València;3.3.-Corrupción de menores o incapacitados;2019;21
Valencia/València;3.3.-Corrupción de menores o incapacitados;2018;9
Valencia/València;3.4.-Pornografía de menores;2024;46
Valencia/València;3.4.-Pornografía de menores;2023;31
Valencia/València;3.4.-Pornografía de menores;2022;20
Valencia/València;3.4.-Pornografía de menores;2021;19
Valencia/València;3.4.-Pornografía de menores;2020;13
Valencia/València;3.4.-Pornografía de menores;2019;47
Valencia/València;3.4.-Pornografía de menores;2018;24
Valencia/València;3.5.-Otros contra la libertad sexual;2024;119
Valencia/València;3.5.-Otros contra la libertad sexual;2023;96
Valencia/València;3.5.-Otros contra la libertad sexual;2022;98
Valencia/València;3.5.-Otros contra la libertad sexual;2021;70
Valencia/València;3.5.-Otros contra la libertad sexual;2020;91
Valencia/València;3.5.-Otros contra la libertad sexual;2019;72
Valencia/València;3.5.-Otros contra la libertad sexual;2018;72
Valencia/València;4. RELACIONES FAMILIARES;2024;433
Valencia/València;4. RELACIONES FAMILIARES;2023;388
Valencia/València;4. RELACIONES FAMILIARES;2022;402
Valencia/València;4. RELACIONES FAMILIARES;2021;354
Valencia/València;4. RELACIONES FAMILIARES;2020;368
Valencia/València;4. RELACIONES FAMILIARES;2019;381
Valencia/València;4. RELACIONES FAMILIARES;2018;417
Valencia/València;5. PATRIMONIO;2024;26.732
Valencia/València;5. PATRIMONIO;2023;24.121
Valencia/València;5. PATRIMONIO;2022;21.615
Valencia/València;5. PATRIMONIO;2021;18.130
Valencia/València;5. PATRIMONIO;2020;15.159
Valencia/València;5. PATRIMONIO;2019;18.207
Valencia/València;5. PATRIMONIO;2018;17.520
Valencia/València;5.1.-Hurtos;2024;11.092
Valencia/València;5.1.-Hurtos;2023;9.548
Valencia/València;5.1.-Hurtos;2022;8.309
Valencia/València;5.1.-Hurtos;2021;6.996
Valencia/València;5.1.-Hurtos;2020;5.148
Valencia/València;5.1.-Hurtos;2019;7.175
Valencia/València;5.1.-Hurtos;2018;7.298
Valencia/València;5.2.-Robos con fuerza en las cosas;2024;3.363
Valencia/València;5.2.-Robos con fuerza en las cosas;2023;3.590
Valencia/València;5.2.-Robos con fuerza en las cosas;2022;2.928
Valencia/València;5.2.-Robos con fuerza en las cosas;2021;2.222
Valencia/València;5.2.-Robos con fuerza en las cosas;2020;2.277
Valencia/València;5.2.-Robos con fuerza en las cosas;2019;2.799
Valencia/València;5.2.-Robos con fuerza en las cosas;2018;2.579
Valencia/València;5.2.1.-Robos con fuerza en las cosas en el interior de vehículos;2024;1.007
Valencia/València;5.2.1.-Robos con fuerza en las cosas en el interior de vehículos;2023;1.154
Valencia/València;5.2.1.-Robos con fuerza en las cosas en el interior de vehículos;2022;847
Valencia/València;5.2.1.-Robos con fuerza en las cosas en el interior de vehículos;2021;613
Valencia/València;5.2.1.-Robos con fuerza en las cosas en el interior de vehículos;2020;437
Valencia/València;5.2.1.-Robos con fuerza en las cosas en el interior de vehículos;2019;600
Valencia/València;5.2.1.-Robos con fuerza en las cosas en el interior de vehículos;2018;518
Valencia/València;5.2.2.-Robos con fuerza en viviendas;2024;1.168
Valencia/València;5.2.2.-Robos con fuerza en viviendas;2023;1.159
Valencia/València;5.2.2.-Robos con fuerza en viviendas;2022;922
Valencia/València;5.2.2.-Robos con fuerza en viviendas;2021;730
Valencia/València;5.2.2.-Robos con fuerza en viviendas;2020;920
Valencia/València;5.2.2.-Robos con fuerza en viviendas;2019;1.131
Valencia/València;5.2.2.-Robos con fuerza en viviendas;2018;1.156
Valencia/València;5.2.3.-Robos con fuerza en establecimientos;2024;565
Valencia/València;5.2.3.-Robos con fuerza en establecimientos;2023;618
Valencia/València;5.2.3.-Robos con fuerza en establecimientos;2022;564
Valencia/València;5.2.3.-Robos con fuerza en establecimientos;2021;438
Valencia/València;5.2.3.-Robos con fuerza en establecimientos;2020;588
Valencia/València;5.2.3.-Robos con fuerza en establecimientos;2019;579
Valencia/València;5.2.3.-Robos con fuerza en establecimientos;2018;495
Valencia/València;5.3.-Robos con violencia o intimidación;2024;1.561
Valencia/València;5.3.-Robos con violencia o intimidación;2023;1.453
Valencia/València;5.3.-Robos con violencia o intimidación;2022;1.324
Valencia/València;5.3.-Robos con violencia o intimidación;2021;1.037
Valencia/València;5.3.-Robos con violencia o intimidación;2020;872
Valencia/València;5.3.-Robos con violencia o intimidación;2019;970
Valencia/València;5.3.-Robos con violencia o intimidación;2018;919
Valencia/València;5.3.1.-Robos con violencia en vía pública;2024;834
Valencia/València;5.3.1.-Robos con violencia en vía pública;2023;808
Valencia/València;5.3.1.-Robos con violencia en vía pública;2022;738
Valencia/València;5.3.1.-Robos con violencia en vía pública;2021;543
Valencia/València;5.3.1.-Robos con violencia en vía pública;2020;454
Valencia/València;5.3.1.-Robos con violencia en vía pública;2019;515
Valencia/València;5.3.1.-Robos con violencia en vía pública;2018;401
Valencia/València;5.3.2.-Robos con violencia en viviendas;2024;142
Valencia/València;5.3.2.-Robos con violencia en viviendas;2023;92
Valencia/València;5.3.2.-Robos con violencia en viviendas;2022;97
Valencia/València;5.3.2.-Robos con violencia en viviendas;2021;95
Valencia/València;5.3.2.-Robos con violencia en viviendas;2020;83
Valencia/València;5.3.2.-Robos con violencia en viviendas;2019;95
Valencia/València;5.3.2.-Robos con violencia en viviendas;2018;95
Valencia/València;5.3.3.-Robos con violencia en establecimientos;2024;397
Valencia/València;5.3.3.-Robos con violencia en establecimientos;2023;368
Valencia/València;5.3.3.-Robos con violencia en establecimientos;2022;333
Valencia/València;5.3.3.-Robos con violencia en establecimientos;2021;286
Valencia/València;5.3.3.-Robos con violencia en establecimientos;2020;249
Valencia/València;5.3.3.-Robos con violencia en establecimientos;2019;256
Valencia/València;5.3.3.-Robos con violencia en establecimientos;2018;305
Valencia/València;5.4.-Sustracción de vehículos;2024;762
Valencia/València;5.4.-Sustracción de vehículos;2023;559
Valencia/València;5.4.-Sustracción de vehículos;2022;499
Valencia/València;5.4.-Sustracción de vehículos;2021;441
Valencia/València;5.4.-Sustracción de vehículos;2020;359
Valencia/València;5.4.-Sustracción de vehículos;2019;431
Valencia/València;5.4.-Sustracción de vehículos;2018;466
Valencia/València;5.5.-Estafas;2024;5.308
Valencia/València;5.5.-Estafas;2023;4.855
Valencia/València;5.5.-Estafas;2022;4.204
Valencia/València;5.5.-Estafas;2021;3.700
Valencia/València;5.5.-Estafas;2020;3.033
Valencia/València;5.5.-Estafas;2019;3.091
Valencia/València;5.5.-Estafas;2018;2.908
Valencia/València;5.5.1.-Estafas informáticas;2024;3.385
Valencia/València;5.5.1.-Estafas informáticas;2023;3.167
Valencia/València;5.5.1.-Estafas informáticas;2022;2.374
Valencia/València;5.5.1.-Estafas informáticas;2021;2.111
Valencia/València;5.5.1.-Estafas informáticas;2020;1.715
Valencia/València;5.5.1.-Estafas informáticas;2019;1.329
Valencia/València;5.5.1.-Estafas informáticas;2018;1.087
Valencia/València;5.6.-Daños;2024;2.335
Valencia/València;5.6.-Daños;2023;2.084
Valencia/València;5.6.-Daños;2022;2.158
Valencia/València;5.6.-Daños;2021;1.925
Valencia/València;5.6.-Daños;2020;1.668
Valencia/València;5.6.-Daños;2019;1.941
Valencia/València;5.6.-Daños;2018;1.654
Valencia/València;5.7.-Contra la propiedad intelectual/industrial;2024;100
Valencia/València;5.7.-Contra la propiedad intelectual/industrial;2023;80
Valencia/València;5.7.-Contra la propiedad intelectual/industrial;2022;71
Valencia/València;5.7.-Contra la propiedad intelectual/industrial;2021;75
Valencia/València;5.7.-Contra la propiedad intelectual/industrial;2020;75
Valencia/València;5.7.-Contra la propiedad intelectual/industrial;2019;48
Valencia/València;5.7.-Contra la propiedad intelectual/industrial;2018;112
Valencia/València;5.8.-Blanqueo de capitales;2024;91
Valencia/València;5.8.-Blanqueo de capitales;2023;38
Valencia/València;5.8.-Blanqueo de capitales;2022;41
Valencia/València;5.8.-Blanqueo de capitales;2021;33
Valencia/València;5.8.-Blanqueo de capitales;2020;48
Valencia/València;5.8.-Blanqueo de capitales;2019;29
Valencia/València;5.8.-Blanqueo de capitales;2018;31
Valencia/València;5.9.-Otros contra el patrimonio;2024;2.120
Valencia/València;5.9.-Otros contra el patrimonio;2023;1.914
Valencia/València;5.9.-Otros contra el patrimonio;2022;2.081
Valencia/València;5.9.-Otros contra el patrimonio;2021;1.701
Valencia/València;5.9.-Otros contra el patrimonio;2020;1.679
Valencia/València;5.9.-Otros contra el patrimonio;2019;1.723
Valencia/València;5.9.-Otros contra el patrimonio;2018;1.553
Valencia/València;6. SEGURIDAD COLECTIVA;2024;5.016
Valencia/València;6. SEGURIDAD COLECTIVA;2023;4.867
Valencia/València;6. SEGURIDAD COLECTIVA;2022;4.641
Valencia/València;6. SEGURIDAD COLECTIVA;2021;3.851
Valencia/València;6. SEGURIDAD COLECTIVA;2020;3.396
Valencia/València;6. SEGURIDAD COLECTIVA;2019;4.054
Valencia/València;6. SEGURIDAD COLECTIVA;2018;3.890
Valencia/València;6.1.-Tráfico de drogas;2024;1.351
Valencia/València;6.1.-Tráfico de drogas;2023;1.206
Valencia/València;6.1.-Tráfico de drogas;2022;898
Valencia/València;6.1.-Tráfico de drogas;2021;818
Valencia/València;6.1.-Tráfico de drogas;2020;870
Valencia/València;6.1.-Tráfico de drogas;2019;993
Valencia/València;6.1.-Tráfico de drogas;2018;915
Valencia/València;6.2.-Contra la seguridad vial;2024;3.498
Valencia/València;6.2.-Contra la seguridad vial;2023;3.539
Valencia/València;6.2.-Contra la seguridad vial;2022;3.619
Valencia/València;6.2.-Contra la seguridad vial;2021;2.922
Valencia/València;6.2.-Contra la seguridad vial;2020;2.431
Valencia/València;6.2.-Contra la seguridad vial;2019;2.957
Valencia/València;6.2.-Contra la seguridad vial;2018;2.867
Valencia/València;6.3.-Otros contra la seguridad colectiva;2024;167
Valencia/València;6.3.-Otros contra la seguridad colectiva;2023;122
Valencia/València;6.3.-Otros contra la seguridad colectiva;2022;124
Valencia/València;6.3.-Otros contra la seguridad colectiva;2021;111
Valencia/València;6.3.-Otros contra la seguridad colectiva;2020;95
Valencia/València;6.3.-Otros contra la seguridad colectiva;2019;104
Valencia/València;6.3.-Otros contra la seguridad colectiva;2018;108
Valencia/València;7. FALSEDADES;2024;1.096
Valencia/València;7. FALSEDADES;2023;1.353
Valencia/València;7. FALSEDADES;2022;1.201
Valencia/València;7. FALSEDADES;2021;930
Valencia/València;7. FALSEDADES;2020;755
Valencia/València;7. FALSEDADES;2019;933
Valencia/València;7. FALSEDADES;2018;1.011
Valencia/València;8. ADMÓN. PÚBLICA;2024;37
Valencia/València;8. ADMÓN. PÚBLICA;2023;19
Valencia/València;8. ADMÓN. PÚBLICA;2022;18
Valencia/València;8. ADMÓN. PÚBLICA;2021;28
Valencia/València;8. ADMÓN. PÚBLICA;2020;13
Valencia/València;8. ADMÓN. PÚBLICA;2019;25
Valencia/València;8. ADMÓN. PÚBLICA;2018;61
Valencia/València;9. ADMÓN. JUSTICIA;2024;3.036
Valencia/València;9. ADMÓN. JUSTICIA;2023;3.107
Valencia/València;9. ADMÓN. JUSTICIA;2022;2.872
Valencia/València;9. ADMÓN. JUSTICIA;2021;2.710
Valencia/València;9. ADMÓN. JUSTICIA;2020;2.590
Valencia/València;9. ADMÓN. JUSTICIA;2019;2.503
Valencia/València;9. ADMÓN. JUSTICIA;2018;2.291
Valencia/València;10. ORDEN PÚBLICO;2024;2.038
Valencia/València;10. ORDEN PÚBLICO;2023;1.979
Valencia/València;10. ORDEN PÚBLICO;2022;1.905
Valencia/València;10. ORDEN PÚBLICO;2021;1.825
Valencia/València;10. ORDEN PÚBLICO;2020;1.937
Valencia/València;10. ORDEN PÚBLICO;2019;1.267
Valencia/València;10. ORDEN PÚBLICO;2018;1.227
Valencia/València;11. LEGISLACIÓN ESPECIAL;2024;3
Valencia/València;11. LEGISLACIÓN ESPECIAL;2023;11
Valencia/València;11. LEGISLACIÓN ESPECIAL;2022;6
Valencia/València;11. LEGISLACIÓN ESPECIAL;2021;3
Valencia/València;11. LEGISLACIÓN ESPECIAL;2020;4
Valencia/València;11. LEGISLACIÓN ESPECIAL;2019;6
Valencia/València;11. LEGISLACIÓN ESPECIAL;2018;9
Valencia/València;12. OTRAS INFRACCIONES PENALES;2024;479
Valencia/València;12. OTRAS INFRACCIONES PENALES;2023;439
Valencia/València;12. OTRAS INFRACCIONES PENALES;2022;466
Valencia/València;12. OTRAS INFRACCIONES PENALES;2021;409
Valencia/València;12. OTRAS INFRACCIONES PENALES;2020;494
Valencia/València;12. OTRAS INFRACCIONES PENALES;2019;461
Valencia/València;12. OTRAS INFRACCIONES PENALES;2018;418
Valencia/València;TOTAL INFRACCIONES PENALES;2024;61.123
Valencia/València;TOTAL INFRACCIONES PENALES;2023;57.090
Valencia/València;TOTAL INFRACCIONES PENALES;2022;53.023
Valencia/València;TOTAL INFRACCIONES PENALES;2021;45.929
Valencia/València;TOTAL INFRACCIONES PENALES;2020;40.213
Valencia/València;TOTAL INFRACCIONES PENALES;2019;44.435
Valencia/València;TOTAL INFRACCIONES PENALES;2018;43.008
Valladolid;1. CONTRA LAS PERSONAS;2024;1.805
Valladolid;1. CONTRA LAS PERSONAS;2023;1.752
Valladolid;1. CONTRA LAS PERSONAS;2022;1.612
Valladolid;1. CONTRA LAS PERSONAS;2021;1.534
Valladolid;1. CONTRA LAS PERSONAS;2020;1.218
Valladolid;1. CONTRA LAS PERSONAS;2019;1.432
Valladolid;1. CONTRA LAS PERSONAS;2018;1.390
Valladolid;1.1.-Homicidios dolosos/asesinatos;2024;10
Valladolid;1.1.-Homicidios dolosos/asesinatos;2023;17
Valladolid;1.1.-Homicidios dolosos/asesinatos;2022;12
Valladolid;1.1.-Homicidios dolosos/asesinatos;2021;8
Valladolid;1.1.-Homicidios dolosos/asesinatos;2020;6
Valladolid;1.1.-Homicidios dolosos/asesinatos;2019;4
Valladolid;1.1.-Homicidios dolosos/asesinatos;2018;8
Valladolid;1.1.1.-Homicidios dolosos/asesinatos consumados;2024;1
Valladolid;1.1.1.-Homicidios dolosos/asesinatos consumados;2023;2
Valladolid;1.1.1.-Homicidios dolosos/asesinatos consumados;2022;8
Valladolid;1.1.1.-Homicidios dolosos/asesinatos consumados;2021;2
Valladolid;1.1.1.-Homicidios dolosos/asesinatos consumados;2020;1
Valladolid;1.1.1.-Homicidios dolosos/asesinatos consumados;2019;2
Valladolid;1.1.1.-Homicidios dolosos/asesinatos consumados;2018;5
Valladolid;1.2.-Lesiones;2024;864
Valladolid;1.2.-Lesiones;2023;878
Valladolid;1.2.-Lesiones;2022;827
Valladolid;1.2.-Lesiones;2021;742
Valladolid;1.2.-Lesiones;2020;603
Valladolid;1.2.-Lesiones;2019;782
Valladolid;1.2.-Lesiones;2018;763
Valladolid;1.3.-Malos tratos ámbito familiar;2024;859
Valladolid;1.3.-Malos tratos ámbito familiar;2023;803
Valladolid;1.3.-Malos tratos ámbito familiar;2022;734
Valladolid;1.3.-Malos tratos ámbito familiar;2021;752
Valladolid;1.3.-Malos tratos ámbito familiar;2020;568
Valladolid;1.3.-Malos tratos ámbito familiar;2019;594
Valladolid;1.3.-Malos tratos ámbito familiar;2018;575
Valladolid;1.4.-Otros contra las personas;2024;72
Valladolid;1.4.-Otros contra las personas;2023;54
Valladolid;1.4.-Otros contra las personas;2022;39
Valladolid;1.4.-Otros contra las personas;2021;32
Valladolid;1.4.-Otros contra las personas;2020;41
Valladolid;1.4.-Otros contra las personas;2019;52
Valladolid;1.4.-Otros contra las personas;2018;44
Valladolid;2. CONTRA LA LIBERTAD;2024;1.029
Valladolid;2. CONTRA LA LIBERTAD;2023;1.002
Valladolid;2. CONTRA LA LIBERTAD;2022;1.005
Valladolid;2. CONTRA LA LIBERTAD;2021;1.048
Valladolid;2. CONTRA LA LIBERTAD;2020;904
Valladolid;2. CONTRA LA LIBERTAD;2019;926
Valladolid;2. CONTRA LA LIBERTAD;2018;968
Valladolid;2.1.-Malos tratos habituales en el ámbito familiar;2024;99
Valladolid;2.1.-Malos tratos habituales en el ámbito familiar;2023;117
Valladolid;2.1.-Malos tratos habituales en el ámbito familiar;2022;107
Valladolid;2.1.-Malos tratos habituales en el ámbito familiar;2021;80
Valladolid;2.1.-Malos tratos habituales en el ámbito familiar;2020;81
Valladolid;2.1.-Malos tratos habituales en el ámbito familiar;2019;94
Valladolid;2.1.-Malos tratos habituales en el ámbito familiar;2018;113
Valladolid;2.2.-Otros contra la libertad;2024;930
Valladolid;2.2.-Otros contra la libertad;2023;885
Valladolid;2.2.-Otros contra la libertad;2022;898
Valladolid;2.2.-Otros contra la libertad;2021;968
Valladolid;2.2.-Otros contra la libertad;2020;823
Valladolid;2.2.-Otros contra la libertad;2019;832
Valladolid;2.2.-Otros contra la libertad;2018;855
Valladolid;3. LIBERTAD SEXUAL;2024;146
Valladolid;3. LIBERTAD SEXUAL;2023;118
Valladolid;3. LIBERTAD SEXUAL;2022;112
Valladolid;3. LIBERTAD SEXUAL;2021;120
Valladolid;3. LIBERTAD SEXUAL;2020;76
Valladolid;3. LIBERTAD SEXUAL;2019;85
Valladolid;3. LIBERTAD SEXUAL;2018;78
Valladolid;3.1.-Agresión sexual;2024;103
Valladolid;3.1.-Agresión sexual;2023;63
Valladolid;3.1.-Agresión sexual;2022;75
Valladolid;3.1.-Agresión sexual;2021;53
Valladolid;3.1.-Agresión sexual;2020;48
Valladolid;3.1.-Agresión sexual;2019;47
Valladolid;3.1.-Agresión sexual;2018;38
Valladolid;3.2.-Agresión sexual con penetración;2024;22
Valladolid;3.2.-Agresión sexual con penetración;2023;30
Valladolid;3.2.-Agresión sexual con penetración;2022;7
Valladolid;3.2.-Agresión sexual con penetración;2021;36
Valladolid;3.2.-Agresión sexual con penetración;2020;13
Valladolid;3.2.-Agresión sexual con penetración;2019;22
Valladolid;3.2.-Agresión sexual con penetración;2018;20
Valladolid;3.3.-Corrupción de menores o incapacitados;2024;5
Valladolid;3.3.-Corrupción de menores o incapacitados;2023;3
Valladolid;3.3.-Corrupción de menores o incapacitados;2022;2
Valladolid;3.3.-Corrupción de menores o incapacitados;2021;7
Valladolid;3.3.-Corrupción de menores o incapacitados;2020;1
Valladolid;3.3.-Corrupción de menores o incapacitados;2019;0
Valladolid;3.3.-Corrupción de menores o incapacitados;2018;0
Valladolid;3.4.-Pornografía de menores;2024;4
Valladolid;3.4.-Pornografía de menores;2023;8
Valladolid;3.4.-Pornografía de menores;2022;14
Valladolid;3.4.-Pornografía de menores;2021;10
Valladolid;3.4.-Pornografía de menores;2020;5
Valladolid;3.4.-Pornografía de menores;2019;7
Valladolid;3.4.-Pornografía de menores;2018;10
Valladolid;3.5.-Otros contra la libertad sexual;2024;12
Valladolid;3.5.-Otros contra la libertad sexual;2023;14
Valladolid;3.5.-Otros contra la libertad sexual;2022;14
Valladolid;3.5.-Otros contra la libertad sexual;2021;14
Valladolid;3.5.-Otros contra la libertad sexual;2020;9
Valladolid;3.5.-Otros contra la libertad sexual;2019;9
Valladolid;3.5.-Otros contra la libertad sexual;2018;10
Valladolid;4. RELACIONES FAMILIARES;2024;55
Valladolid;4. RELACIONES FAMILIARES;2023;66
Valladolid;4. RELACIONES FAMILIARES;2022;47
Valladolid;4. RELACIONES FAMILIARES;2021;48
Valladolid;4. RELACIONES FAMILIARES;2020;40
Valladolid;4. RELACIONES FAMILIARES;2019;69
Valladolid;4. RELACIONES FAMILIARES;2018;48
Valladolid;5. PATRIMONIO;2024;3.563
Valladolid;5. PATRIMONIO;2023;3.493
Valladolid;5. PATRIMONIO;2022;3.148
Valladolid;5. PATRIMONIO;2021;2.594
Valladolid;5. PATRIMONIO;2020;2.109
Valladolid;5. PATRIMONIO;2019;2.554
Valladolid;5. PATRIMONIO;2018;2.695
Valladolid;5.1.-Hurtos;2024;1.639
Valladolid;5.1.-Hurtos;2023;1.523
Valladolid;5.1.-Hurtos;2022;1.222
Valladolid;5.1.-Hurtos;2021;915
Valladolid;5.1.-Hurtos;2020;739
Valladolid;5.1.-Hurtos;2019;1.137
Valladolid;5.1.-Hurtos;2018;1.198
Valladolid;5.2.-Robos con fuerza en las cosas;2024;222
Valladolid;5.2.-Robos con fuerza en las cosas;2023;233
Valladolid;5.2.-Robos con fuerza en las cosas;2022;250
Valladolid;5.2.-Robos con fuerza en las cosas;2021;222
Valladolid;5.2.-Robos con fuerza en las cosas;2020;202
Valladolid;5.2.-Robos con fuerza en las cosas;2019;224
Valladolid;5.2.-Robos con fuerza en las cosas;2018;290
Valladolid;5.2.1.-Robos con fuerza en las cosas en el interior de vehículos;2024;61
Valladolid;5.2.1.-Robos con fuerza en las cosas en el interior de vehículos;2023;48
Valladolid;5.2.1.-Robos con fuerza en las cosas en el interior de vehículos;2022;44
Valladolid;5.2.1.-Robos con fuerza en las cosas en el interior de vehículos;2021;52
Valladolid;5.2.1.-Robos con fuerza en las cosas en el interior de vehículos;2020;54
Valladolid;5.2.1.-Robos con fuerza en las cosas en el interior de vehículos;2019;31
Valladolid;5.2.1.-Robos con fuerza en las cosas en el interior de vehículos;2018;63
Valladolid;5.2.2.-Robos con fuerza en viviendas;2024;58
Valladolid;5.2.2.-Robos con fuerza en viviendas;2023;63
Valladolid;5.2.2.-Robos con fuerza en viviendas;2022;71
Valladolid;5.2.2.-Robos con fuerza en viviendas;2021;53
Valladolid;5.2.2.-Robos con fuerza en viviendas;2020;36
Valladolid;5.2.2.-Robos con fuerza en viviendas;2019;70
Valladolid;5.2.2.-Robos con fuerza en viviendas;2018;76
Valladolid;5.2.3.-Robos con fuerza en establecimientos;2024;38
Valladolid;5.2.3.-Robos con fuerza en establecimientos;2023;57
Valladolid;5.2.3.-Robos con fuerza en establecimientos;2022;84
Valladolid;5.2.3.-Robos con fuerza en establecimientos;2021;68
Valladolid;5.2.3.-Robos con fuerza en establecimientos;2020;48
Valladolid;5.2.3.-Robos con fuerza en establecimientos;2019;63
Valladolid;5.2.3.-Robos con fuerza en establecimientos;2018;94
Valladolid;5.3.-Robos con violencia o intimidación;2024;120
Valladolid;5.3.-Robos con violencia o intimidación;2023;127
Valladolid;5.3.-Robos con violencia o intimidación;2022;90
Valladolid;5.3.-Robos con violencia o intimidación;2021;92
Valladolid;5.3.-Robos con violencia o intimidación;2020;75
Valladolid;5.3.-Robos con violencia o intimidación;2019;102
Valladolid;5.3.-Robos con violencia o intimidación;2018;90
Valladolid;5.3.1.-Robos con violencia en vía pública;2024;60
Valladolid;5.3.1.-Robos con violencia en vía pública;2023;56
Valladolid;5.3.1.-Robos con violencia en vía pública;2022;40
Valladolid;5.3.1.-Robos con violencia en vía pública;2021;40
Valladolid;5.3.1.-Robos con violencia en vía pública;2020;46
Valladolid;5.3.1.-Robos con violencia en vía pública;2019;65
Valladolid;5.3.1.-Robos con violencia en vía pública;2018;47
Valladolid;5.3.2.-Robos con violencia en viviendas;2024;5
Valladolid;5.3.2.-Robos con violencia en viviendas;2023;12
Valladolid;5.3.2.-Robos con violencia en viviendas;2022;9
Valladolid;5.3.2.-Robos con violencia en viviendas;2021;17
Valladolid;5.3.2.-Robos con violencia en viviendas;2020;5
Valladolid;5.3.2.-Robos con violencia en viviendas;2019;7
Valladolid;5.3.2.-Robos con violencia en viviendas;2018;11
Valladolid;5.3.3.-Robos con violencia en establecimientos;2024;44
Valladolid;5.3.3.-Robos con violencia en establecimientos;2023;51
Valladolid;5.3.3.-Robos con violencia en establecimientos;2022;28
Valladolid;5.3.3.-Robos con violencia en establecimientos;2021;28
Valladolid;5.3.3.-Robos con violencia en establecimientos;2020;9
Valladolid;5.3.3.-Robos con violencia en establecimientos;2019;15
Valladolid;5.3.3.-Robos con violencia en establecimientos;2018;20
Valladolid;5.4.-Sustracción de vehículos;2024;51
Valladolid;5.4.-Sustracción de vehículos;2023;55
Valladolid;5.4.-Sustracción de vehículos;2022;53
Valladolid;5.4.-Sustracción de vehículos;2021;40
Valladolid;5.4.-Sustracción de vehículos;2020;25
Valladolid;5.4.-Sustracción de vehículos;2019;44
Valladolid;5.4.-Sustracción de vehículos;2018;41
Valladolid;5.5.-Estafas;2024;944
Valladolid;5.5.-Estafas;2023;1.064
Valladolid;5.5.-Estafas;2022;1.025
Valladolid;5.5.-Estafas;2021;773
Valladolid;5.5.-Estafas;2020;633
Valladolid;5.5.-Estafas;2019;601
Valladolid;5.5.-Estafas;2018;609
Valladolid;5.5.1.-Estafas informáticas;2024;647
Valladolid;5.5.1.-Estafas informáticas;2023;760
Valladolid;5.5.1.-Estafas informáticas;2022;626
Valladolid;5.5.1.-Estafas informáticas;2021;486
Valladolid;5.5.1.-Estafas informáticas;2020;396
Valladolid;5.5.1.-Estafas informáticas;2019;250
Valladolid;5.5.1.-Estafas informáticas;2018;189
Valladolid;5.6.-Daños;2024;307
Valladolid;5.6.-Daños;2023;252
Valladolid;5.6.-Daños;2022;280
Valladolid;5.6.-Daños;2021;324
Valladolid;5.6.-Daños;2020;226
Valladolid;5.6.-Daños;2019;231
Valladolid;5.6.-Daños;2018;249
Valladolid;5.7.-Contra la propiedad intelectual/industrial;2024;3
Valladolid;5.7.-Contra la propiedad intelectual/industrial;2023;6
Valladolid;5.7.-Contra la propiedad intelectual/industrial;2022;2
Valladolid;5.7.-Contra la propiedad intelectual/industrial;2021;6
Valladolid;5.7.-Contra la propiedad intelectual/industrial;2020;2
Valladolid;5.7.-Contra la propiedad intelectual/industrial;2019;3
Valladolid;5.7.-Contra la propiedad intelectual/industrial;2018;11
Valladolid;5.8.-Blanqueo de capitales;2024;3
Valladolid;5.8.-Blanqueo de capitales;2023;3
Valladolid;5.8.-Blanqueo de capitales;2022;1
Valladolid;5.8.-Blanqueo de capitales;2021;1
Valladolid;5.8.-Blanqueo de capitales;2020;2
Valladolid;5.8.-Blanqueo de capitales;2019;1
Valladolid;5.8.-Blanqueo de capitales;2018;1
Valladolid;5.9.-Otros contra el patrimonio;2024;274
Valladolid;5.9.-Otros contra el patrimonio;2023;230
Valladolid;5.9.-Otros contra el patrimonio;2022;225
Valladolid;5.9.-Otros contra el patrimonio;2021;221
Valladolid;5.9.-Otros contra el patrimonio;2020;205
Valladolid;5.9.-Otros contra el patrimonio;2019;211
Valladolid;5.9.-Otros contra el patrimonio;2018;206
Valladolid;6. SEGURIDAD COLECTIVA;2024;464
Valladolid;6. SEGURIDAD COLECTIVA;2023;416
Valladolid;6. SEGURIDAD COLECTIVA;2022;427
Valladolid;6. SEGURIDAD COLECTIVA;2021;423
Valladolid;6. SEGURIDAD COLECTIVA;2020;337
Valladolid;6. SEGURIDAD COLECTIVA;2019;423
Valladolid;6. SEGURIDAD COLECTIVA;2018;381
Valladolid;6.1.-Tráfico de drogas;2024;63
Valladolid;6.1.-Tráfico de drogas;2023;59
Valladolid;6.1.-Tráfico de drogas;2022;55
Valladolid;6.1.-Tráfico de drogas;2021;72
Valladolid;6.1.-Tráfico de drogas;2020;62
Valladolid;6.1.-Tráfico de drogas;2019;54
Valladolid;6.1.-Tráfico de drogas;2018;50
Valladolid;6.2.-Contra la seguridad vial;2024;384
Valladolid;6.2.-Contra la seguridad vial;2023;345
Valladolid;6.2.-Contra la seguridad vial;2022;359
Valladolid;6.2.-Contra la seguridad vial;2021;344
Valladolid;6.2.-Contra la seguridad vial;2020;273
Valladolid;6.2.-Contra la seguridad vial;2019;365
Valladolid;6.2.-Contra la seguridad vial;2018;317
Valladolid;6.3.-Otros contra la seguridad colectiva;2024;17
Valladolid;6.3.-Otros contra la seguridad colectiva;2023;12
Valladolid;6.3.-Otros contra la seguridad colectiva;2022;13
Valladolid;6.3.-Otros contra la seguridad colectiva;2021;7
Valladolid;6.3.-Otros contra la seguridad colectiva;2020;2
Valladolid;6.3.-Otros contra la seguridad colectiva;2019;4
Valladolid;6.3.-Otros contra la seguridad colectiva;2018;14
Valladolid;7. FALSEDADES;2024;124
Valladolid;7. FALSEDADES;2023;163
Valladolid;7. FALSEDADES;2022;134
Valladolid;7. FALSEDADES;2021;109
Valladolid;7. FALSEDADES;2020;77
Valladolid;7. FALSEDADES;2019;69
Valladolid;7. FALSEDADES;2018;65
Valladolid;8. ADMÓN. PÚBLICA;2024;2
Valladolid;8. ADMÓN. PÚBLICA;2023;7
Valladolid;8. ADMÓN. PÚBLICA;2022;2
Valladolid;8. ADMÓN. PÚBLICA;2021;5
Valladolid;8. ADMÓN. PÚBLICA;2020;3
Valladolid;8. ADMÓN. PÚBLICA;2019;1
Valladolid;8. ADMÓN. PÚBLICA;2018;1
Valladolid;9. ADMÓN. JUSTICIA;2024;347
Valladolid;9. ADMÓN. JUSTICIA;2023;274
Valladolid;9. ADMÓN. JUSTICIA;2022;288
Valladolid;9. ADMÓN. JUSTICIA;2021;258
Valladolid;9. ADMÓN. JUSTICIA;2020;168
Valladolid;9. ADMÓN. JUSTICIA;2019;223
Valladolid;9. ADMÓN. JUSTICIA;2018;230
Valladolid;10. ORDEN PÚBLICO;2024;182
Valladolid;10. ORDEN PÚBLICO;2023;177
Valladolid;10. ORDEN PÚBLICO;2022;181
Valladolid;10. ORDEN PÚBLICO;2021;174
Valladolid;10. ORDEN PÚBLICO;2020;159
Valladolid;10. ORDEN PÚBLICO;2019;123
Valladolid;10. ORDEN PÚBLICO;2018;125
Valladolid;11. LEGISLACIÓN ESPECIAL;2024;1
Valladolid;11. LEGISLACIÓN ESPECIAL;2023;0
Valladolid;11. LEGISLACIÓN ESPECIAL;2022;0
Valladolid;11. LEGISLACIÓN ESPECIAL;2021;1
Valladolid;11. LEGISLACIÓN ESPECIAL;2020;0
Valladolid;11. LEGISLACIÓN ESPECIAL;2019;1
Valladolid;11. LEGISLACIÓN ESPECIAL;2018;0
Valladolid;12. OTRAS INFRACCIONES PENALES;2024;94
Valladolid;12. OTRAS INFRACCIONES PENALES;2023;102
Valladolid;12. OTRAS INFRACCIONES PENALES;2022;69
Valladolid;12. OTRAS INFRACCIONES PENALES;2021;88
Valladolid;12. OTRAS INFRACCIONES PENALES;2020;72
Valladolid;12. OTRAS INFRACCIONES PENALES;2019;73
Valladolid;12. OTRAS INFRACCIONES PENALES;2018;69
Valladolid;TOTAL INFRACCIONES PENALES;2024;7.812
Valladolid;TOTAL INFRACCIONES PENALES;2023;7.570
Valladolid;TOTAL INFRACCIONES PENALES;2022;7.025
Valladolid;TOTAL INFRACCIONES PENALES;2021;6.402
Valladolid;TOTAL INFRACCIONES PENALES;2020;5.163
Valladolid;TOTAL INFRACCIONES PENALES;2019;5.979
Valladolid;TOTAL INFRACCIONES PENALES;2018;6.050
Bizkaia;1. CONTRA LAS PERSONAS;2024;22
Bizkaia;1. CONTRA LAS PERSONAS;2023;12
Bizkaia;1. CONTRA LAS PERSONAS;2022;16
Bizkaia;1. CONTRA LAS PERSONAS;2021;14
Bizkaia;1. CONTRA LAS PERSONAS;2020;11
Bizkaia;1. CONTRA LAS PERSONAS;2019;14
Bizkaia;1. CONTRA LAS PERSONAS;2018;11
Bizkaia;1.1.-Homicidios dolosos/asesinatos;2024;0
Bizkaia;1.1.-Homicidios dolosos/asesinatos;2023;0
Bizkaia;1.1.-Homicidios dolosos/asesinatos;2022;0
Bizkaia;1.1.-Homicidios dolosos/asesinatos;2021;0
Bizkaia;1.1.-Homicidios dolosos/asesinatos;2020;0
Bizkaia;1.1.-Homicidios dolosos/asesinatos;2019;0
Bizkaia;1.1.-Homicidios dolosos/asesinatos;2018;0
Bizkaia;1.1.1.-Homicidios dolosos/asesinatos consumados;2024;0
Bizkaia;1.1.1.-Homicidios dolosos/asesinatos consumados;2023;0
Bizkaia;1.1.1.-Homicidios dolosos/asesinatos consumados;2022;0
Bizkaia;1.1.1.-Homicidios dolosos/asesinatos consumados;2021;0
Bizkaia;1.1.1.-Homicidios dolosos/asesinatos consumados;2020;0
Bizkaia;1.1.1.-Homicidios dolosos/asesinatos consumados;2019;0
Bizkaia;1.1.1.-Homicidios dolosos/asesinatos consumados;2018;0
Bizkaia;1.2.-Lesiones;2024;6
Bizkaia;1.2.-Lesiones;2023;2
Bizkaia;1.2.-Lesiones;2022;6
Bizkaia;1.2.-Lesiones;2021;3
Bizkaia;1.2.-Lesiones;2020;3
Bizkaia;1.2.-Lesiones;2019;0
Bizkaia;1.2.-Lesiones;2018;2
Bizkaia;1.3.-Malos tratos ámbito familiar;2024;16
Bizkaia;1.3.-Malos tratos ámbito familiar;2023;9
Bizkaia;1.3.-Malos tratos ámbito familiar;2022;10
Bizkaia;1.3.-Malos tratos ámbito familiar;2021;11
Bizkaia;1.3.-Malos tratos ámbito familiar;2020;8
Bizkaia;1.3.-Malos tratos ámbito familiar;2019;14
Bizkaia;1.3.-Malos tratos ámbito familiar;2018;7
Bizkaia;1.4.-Otros contra las personas;2024;0
Bizkaia;1.4.-Otros contra las personas;2023;1
Bizkaia;1.4.-Otros contra las personas;2022;0
Bizkaia;1.4.-Otros contra las personas;2021;0
Bizkaia;1.4.-Otros contra las personas;2020;0
Bizkaia;1.4.-Otros contra las personas;2019;0
Bizkaia;1.4.-Otros contra las personas;2018;2
Bizkaia;2. CONTRA LA LIBERTAD;2024;25
Bizkaia;2. CONTRA LA LIBERTAD;2023;15
Bizkaia;2. CONTRA LA LIBERTAD;2022;17
Bizkaia;2. CONTRA LA LIBERTAD;2021;23
Bizkaia;2. CONTRA LA LIBERTAD;2020;13
Bizkaia;2. CONTRA LA LIBERTAD;2019;39
Bizkaia;2. CONTRA LA LIBERTAD;2018;23
Bizkaia;2.1.-Malos tratos habituales en el ámbito familiar;2024;5
Bizkaia;2.1.-Malos tratos habituales en el ámbito familiar;2023;0
Bizkaia;2.1.-Malos tratos habituales en el ámbito familiar;2022;2
Bizkaia;2.1.-Malos tratos habituales en el ámbito familiar;2021;5
Bizkaia;2.1.-Malos tratos habituales en el ámbito familiar;2020;3
Bizkaia;2.1.-Malos tratos habituales en el ámbito familiar;2019;2
Bizkaia;2.1.-Malos tratos habituales en el ámbito familiar;2018;0
Bizkaia;2.2.-Otros contra la libertad;2024;20
Bizkaia;2.2.-Otros contra la libertad;2023;15
Bizkaia;2.2.-Otros contra la libertad;2022;15
Bizkaia;2.2.-Otros contra la libertad;2021;18
Bizkaia;2.2.-Otros contra la libertad;2020;10
Bizkaia;2.2.-Otros contra la libertad;2019;37
Bizkaia;2.2.-Otros contra la libertad;2018;23
Bizkaia;3. LIBERTAD SEXUAL;2024;8
Bizkaia;3. LIBERTAD SEXUAL;2023;15
Bizkaia;3. LIBERTAD SEXUAL;2022;14
Bizkaia;3. LIBERTAD SEXUAL;2021;7
Bizkaia;3. LIBERTAD SEXUAL;2020;52
Bizkaia;3. LIBERTAD SEXUAL;2019;31
Bizkaia;3. LIBERTAD SEXUAL;2018;17
Bizkaia;3.1.-Agresión sexual;2024;2
Bizkaia;3.1.-Agresión sexual;2023;3
Bizkaia;3.1.-Agresión sexual;2022;3
Bizkaia;3.1.-Agresión sexual;2021;1
Bizkaia;3.1.-Agresión sexual;2020;19
Bizkaia;3.1.-Agresión sexual;2019;4
Bizkaia;3.1.-Agresión sexual;2018;3
Bizkaia;3.2.-Agresión sexual con penetración;2024;0
Bizkaia;3.2.-Agresión sexual con penetración;2023;1
Bizkaia;3.2.-Agresión sexual con penetración;2022;2
Bizkaia;3.2.-Agresión sexual con penetración;2021;1
Bizkaia;3.2.-Agresión sexual con penetración;2020;0
Bizkaia;3.2.-Agresión sexual con penetración;2019;0
Bizkaia;3.2.-Agresión sexual con penetración;2018;2
Bizkaia;3.3.-Corrupción de menores o incapacitados;2024;0
Bizkaia;3.3.-Corrupción de menores o incapacitados;2023;0
Bizkaia;3.3.-Corrupción de menores o incapacitados;2022;0
Bizkaia;3.3.-Corrupción de menores o incapacitados;2021;0
Bizkaia;3.3.-Corrupción de menores o incapacitados;2020;12
Bizkaia;3.3.-Corrupción de menores o incapacitados;2019;0
Bizkaia;3.3.-Corrupción de menores o incapacitados;2018;0
Bizkaia;3.4.-Pornografía de menores;2024;5
Bizkaia;3.4.-Pornografía de menores;2023;9
Bizkaia;3.4.-Pornografía de menores;2022;7
Bizkaia;3.4.-Pornografía de menores;2021;5
Bizkaia;3.4.-Pornografía de menores;2020;3
Bizkaia;3.4.-Pornografía de menores;2019;14
Bizkaia;3.4.-Pornografía de menores;2018;12
Bizkaia;3.5.-Otros contra la libertad sexual;2024;1
Bizkaia;3.5.-Otros contra la libertad sexual;2023;2
Bizkaia;3.5.-Otros contra la libertad sexual;2022;2
Bizkaia;3.5.-Otros contra la libertad sexual;2021;0
Bizkaia;3.5.-Otros contra la libertad sexual;2020;18
Bizkaia;3.5.-Otros contra la libertad sexual;2019;13
Bizkaia;3.5.-Otros contra la libertad sexual;2018;0
Bizkaia;4. RELACIONES FAMILIARES;2024;8
Bizkaia;4. RELACIONES FAMILIARES;2023;3
Bizkaia;4. RELACIONES FAMILIARES;2022;0
Bizkaia;4. RELACIONES FAMILIARES;2021;2
Bizkaia;4. RELACIONES FAMILIARES;2020;2
Bizkaia;4. RELACIONES FAMILIARES;2019;7
Bizkaia;4. RELACIONES FAMILIARES;2018;7
Bizkaia;5. PATRIMONIO;2024;396
Bizkaia;5. PATRIMONIO;2023;292
Bizkaia;5. PATRIMONIO;2022;417
Bizkaia;5. PATRIMONIO;2021;324
Bizkaia;5. PATRIMONIO;2020;293
Bizkaia;5. PATRIMONIO;2019;159
Bizkaia;5. PATRIMONIO;2018;162
Bizkaia;5.1.-Hurtos;2024;17
Bizkaia;5.1.-Hurtos;2023;16
Bizkaia;5.1.-Hurtos;2022;18
Bizkaia;5.1.-Hurtos;2021;5
Bizkaia;5.1.-Hurtos;2020;8
Bizkaia;5.1.-Hurtos;2019;8
Bizkaia;5.1.-Hurtos;2018;5
Bizkaia;5.2.-Robos con fuerza en las cosas;2024;4
Bizkaia;5.2.-Robos con fuerza en las cosas;2023;7
Bizkaia;5.2.-Robos con fuerza en las cosas;2022;0
Bizkaia;5.2.-Robos con fuerza en las cosas;2021;1
Bizkaia;5.2.-Robos con fuerza en las cosas;2020;6
Bizkaia;5.2.-Robos con fuerza en las cosas;2019;2
Bizkaia;5.2.-Robos con fuerza en las cosas;2018;3
Bizkaia;5.2.1.-Robos con fuerza en las cosas en el interior de vehículos;2024;1
Bizkaia;5.2.1.-Robos con fuerza en las cosas en el interior de vehículos;2023;1
Bizkaia;5.2.1.-Robos con fuerza en las cosas en el interior de vehículos;2022;0
Bizkaia;5.2.1.-Robos con fuerza en las cosas en el interior de vehículos;2021;0
Bizkaia;5.2.1.-Robos con fuerza en las cosas en el interior de vehículos;2020;0
Bizkaia;5.2.1.-Robos con fuerza en las cosas en el interior de vehículos;2019;1
Bizkaia;5.2.1.-Robos con fuerza en las cosas en el interior de vehículos;2018;0
Bizkaia;5.2.2.-Robos con fuerza en viviendas;2024;2
Bizkaia;5.2.2.-Robos con fuerza en viviendas;2023;1
Bizkaia;5.2.2.-Robos con fuerza en viviendas;2022;0
Bizkaia;5.2.2.-Robos con fuerza en viviendas;2021;0
Bizkaia;5.2.2.-Robos con fuerza en viviendas;2020;5
Bizkaia;5.2.2.-Robos con fuerza en viviendas;2019;1
Bizkaia;5.2.2.-Robos con fuerza en viviendas;2018;0
Bizkaia;5.2.3.-Robos con fuerza en establecimientos;2024;0
Bizkaia;5.2.3.-Robos con fuerza en establecimientos;2023;2
Bizkaia;5.2.3.-Robos con fuerza en establecimientos;2022;0
Bizkaia;5.2.3.-Robos con fuerza en establecimientos;2021;0
Bizkaia;5.2.3.-Robos con fuerza en establecimientos;2020;0
Bizkaia;5.2.3.-Robos con fuerza en establecimientos;2019;0
Bizkaia;5.2.3.-Robos con fuerza en establecimientos;2018;2
Bizkaia;5.3.-Robos con violencia o intimidación;2024;4
Bizkaia;5.3.-Robos con violencia o intimidación;2023;1
Bizkaia;5.3.-Robos con violencia o intimidación;2022;0
Bizkaia;5.3.-Robos con violencia o intimidación;2021;0
Bizkaia;5.3.-Robos con violencia o intimidación;2020;1
Bizkaia;5.3.-Robos con violencia o intimidación;2019;0
Bizkaia;5.3.-Robos con violencia o intimidación;2018;1
Bizkaia;5.3.1.-Robos con violencia en vía pública;2024;2
Bizkaia;5.3.1.-Robos con violencia en vía pública;2023;1
Bizkaia;5.3.1.-Robos con violencia en vía pública;2022;0
Bizkaia;5.3.1.-Robos con violencia en vía pública;2021;0
Bizkaia;5.3.1.-Robos con violencia en vía pública;2020;0
Bizkaia;5.3.1.-Robos con violencia en vía pública;2019;0
Bizkaia;5.3.1.-Robos con violencia en vía pública;2018;1
Bizkaia;5.3.2.-Robos con violencia en viviendas;2024;0
Bizkaia;5.3.2.-Robos con violencia en viviendas;2023;0
Bizkaia;5.3.2.-Robos con violencia en viviendas;2022;0
Bizkaia;5.3.2.-Robos con violencia en viviendas;2021;0
Bizkaia;5.3.2.-Robos con violencia en viviendas;2020;0
Bizkaia;5.3.2.-Robos con violencia en viviendas;2019;0
Bizkaia;5.3.2.-Robos con violencia en viviendas;2018;0
Bizkaia;5.3.3.-Robos con violencia en establecimientos;2024;0
Bizkaia;5.3.3.-Robos con violencia en establecimientos;2023;0
Bizkaia;5.3.3.-Robos con violencia en establecimientos;2022;0
Bizkaia;5.3.3.-Robos con violencia en establecimientos;2021;0
Bizkaia;5.3.3.-Robos con violencia en establecimientos;2020;0
Bizkaia;5.3.3.-Robos con violencia en establecimientos;2019;0
Bizkaia;5.3.3.-Robos con violencia en establecimientos;2018;0
Bizkaia;5.4.-Sustracción de vehículos;2024;35
Bizkaia;5.4.-Sustracción de vehículos;2023;40
Bizkaia;5.4.-Sustracción de vehículos;2022;29
Bizkaia;5.4.-Sustracción de vehículos;2021;23
Bizkaia;5.4.-Sustracción de vehículos;2020;26
Bizkaia;5.4.-Sustracción de vehículos;2019;19
Bizkaia;5.4.-Sustracción de vehículos;2018;29
Bizkaia;5.5.-Estafas;2024;253
Bizkaia;5.5.-Estafas;2023;169
Bizkaia;5.5.-Estafas;2022;180
Bizkaia;5.5.-Estafas;2021;267
Bizkaia;5.5.-Estafas;2020;232
Bizkaia;5.5.-Estafas;2019;114
Bizkaia;5.5.-Estafas;2018;102
Bizkaia;5.5.1.-Estafas informáticas;2024;209
Bizkaia;5.5.1.-Estafas informáticas;2023;146
Bizkaia;5.5.1.-Estafas informáticas;2022;144
Bizkaia;5.5.1.-Estafas informáticas;2021;230
Bizkaia;5.5.1.-Estafas informáticas;2020;198
Bizkaia;5.5.1.-Estafas informáticas;2019;71
Bizkaia;5.5.1.-Estafas informáticas;2018;67
Bizkaia;5.6.-Daños;2024;13
Bizkaia;5.6.-Daños;2023;9
Bizkaia;5.6.-Daños;2022;147
Bizkaia;5.6.-Daños;2021;4
Bizkaia;5.6.-Daños;2020;2
Bizkaia;5.6.-Daños;2019;1
Bizkaia;5.6.-Daños;2018;4
Bizkaia;5.7.-Contra la propiedad intelectual/industrial;2024;40
Bizkaia;5.7.-Contra la propiedad intelectual/industrial;2023;25
Bizkaia;5.7.-Contra la propiedad intelectual/industrial;2022;23
Bizkaia;5.7.-Contra la propiedad intelectual/industrial;2021;3
Bizkaia;5.7.-Contra la propiedad intelectual/industrial;2020;0
Bizkaia;5.7.-Contra la propiedad intelectual/industrial;2019;1
Bizkaia;5.7.-Contra la propiedad intelectual/industrial;2018;1
Bizkaia;5.8.-Blanqueo de capitales;2024;12
Bizkaia;5.8.-Blanqueo de capitales;2023;8
Bizkaia;5.8.-Blanqueo de capitales;2022;3
Bizkaia;5.8.-Blanqueo de capitales;2021;2
Bizkaia;5.8.-Blanqueo de capitales;2020;2
Bizkaia;5.8.-Blanqueo de capitales;2019;1
Bizkaia;5.8.-Blanqueo de capitales;2018;0
Bizkaia;5.9.-Otros contra el patrimonio;2024;18
Bizkaia;5.9.-Otros contra el patrimonio;2023;17
Bizkaia;5.9.-Otros contra el patrimonio;2022;17
Bizkaia;5.9.-Otros contra el patrimonio;2021;19
Bizkaia;5.9.-Otros contra el patrimonio;2020;16
Bizkaia;5.9.-Otros contra el patrimonio;2019;13
Bizkaia;5.9.-Otros contra el patrimonio;2018;17
Bizkaia;6. SEGURIDAD COLECTIVA;2024;25
Bizkaia;6. SEGURIDAD COLECTIVA;2023;40
Bizkaia;6. SEGURIDAD COLECTIVA;2022;43
Bizkaia;6. SEGURIDAD COLECTIVA;2021;39
Bizkaia;6. SEGURIDAD COLECTIVA;2020;29
Bizkaia;6. SEGURIDAD COLECTIVA;2019;28
Bizkaia;6. SEGURIDAD COLECTIVA;2018;21
Bizkaia;6.1.-Tráfico de drogas;2024;13
Bizkaia;6.1.-Tráfico de drogas;2023;32
Bizkaia;6.1.-Tráfico de drogas;2022;36
Bizkaia;6.1.-Tráfico de drogas;2021;29
Bizkaia;6.1.-Tráfico de drogas;2020;22
Bizkaia;6.1.-Tráfico de drogas;2019;26
Bizkaia;6.1.-Tráfico de drogas;2018;19
Bizkaia;6.2.-Contra la seguridad vial;2024;2
Bizkaia;6.2.-Contra la seguridad vial;2023;4
Bizkaia;6.2.-Contra la seguridad vial;2022;3
Bizkaia;6.2.-Contra la seguridad vial;2021;5
Bizkaia;6.2.-Contra la seguridad vial;2020;5
Bizkaia;6.2.-Contra la seguridad vial;2019;2
Bizkaia;6.2.-Contra la seguridad vial;2018;1
Bizkaia;6.3.-Otros contra la seguridad colectiva;2024;10
Bizkaia;6.3.-Otros contra la seguridad colectiva;2023;4
Bizkaia;6.3.-Otros contra la seguridad colectiva;2022;4
Bizkaia;6.3.-Otros contra la seguridad colectiva;2021;5
Bizkaia;6.3.-Otros contra la seguridad colectiva;2020;2
Bizkaia;6.3.-Otros contra la seguridad colectiva;2019;0
Bizkaia;6.3.-Otros contra la seguridad colectiva;2018;1
Bizkaia;7. FALSEDADES;2024;64
Bizkaia;7. FALSEDADES;2023;59
Bizkaia;7. FALSEDADES;2022;66
Bizkaia;7. FALSEDADES;2021;42
Bizkaia;7. FALSEDADES;2020;48
Bizkaia;7. FALSEDADES;2019;111
Bizkaia;7. FALSEDADES;2018;102
Bizkaia;8. ADMÓN. PÚBLICA;2024;1
Bizkaia;8. ADMÓN. PÚBLICA;2023;2
Bizkaia;8. ADMÓN. PÚBLICA;2022;1
Bizkaia;8. ADMÓN. PÚBLICA;2021;0
Bizkaia;8. ADMÓN. PÚBLICA;2020;2
Bizkaia;8. ADMÓN. PÚBLICA;2019;1
Bizkaia;8. ADMÓN. PÚBLICA;2018;1
Bizkaia;9. ADMÓN. JUSTICIA;2024;5
Bizkaia;9. ADMÓN. JUSTICIA;2023;10
Bizkaia;9. ADMÓN. JUSTICIA;2022;8
Bizkaia;9. ADMÓN. JUSTICIA;2021;15
Bizkaia;9. ADMÓN. JUSTICIA;2020;6
Bizkaia;9. ADMÓN. JUSTICIA;2019;10
Bizkaia;9. ADMÓN. JUSTICIA;2018;21
Bizkaia;10. ORDEN PÚBLICO;2024;16
Bizkaia;10. ORDEN PÚBLICO;2023;16
Bizkaia;10. ORDEN PÚBLICO;2022;13
Bizkaia;10. ORDEN PÚBLICO;2021;22
Bizkaia;10. ORDEN PÚBLICO;2020;7
Bizkaia;10. ORDEN PÚBLICO;2019;7
Bizkaia;10. ORDEN PÚBLICO;2018;16
Bizkaia;11. LEGISLACIÓN ESPECIAL;2024;1
Bizkaia;11. LEGISLACIÓN ESPECIAL;2023;1
Bizkaia;11. LEGISLACIÓN ESPECIAL;2022;0
Bizkaia;11. LEGISLACIÓN ESPECIAL;2021;1
Bizkaia;11. LEGISLACIÓN ESPECIAL;2020;0
Bizkaia;11. LEGISLACIÓN ESPECIAL;2019;0
Bizkaia;11. LEGISLACIÓN ESPECIAL;2018;0
Bizkaia;12. OTRAS INFRACCIONES PENALES;2024;32
Bizkaia;12. OTRAS INFRACCIONES PENALES;2023;20
Bizkaia;12. OTRAS INFRACCIONES PENALES;2022;23
Bizkaia;12. OTRAS INFRACCIONES PENALES;2021;19
Bizkaia;12. OTRAS INFRACCIONES PENALES;2020;13
Bizkaia;12. OTRAS INFRACCIONES PENALES;2019;26
Bizkaia;12. OTRAS INFRACCIONES PENALES;2018;27
Bizkaia;TOTAL INFRACCIONES PENALES;2024;603
Bizkaia;TOTAL INFRACCIONES PENALES;2023;485
Bizkaia;TOTAL INFRACCIONES PENALES;2022;618
Bizkaia;TOTAL INFRACCIONES PENALES;2021;508
Bizkaia;TOTAL INFRACCIONES PENALES;2020;476
Bizkaia;TOTAL INFRACCIONES PENALES;2019;433
Bizkaia;TOTAL INFRACCIONES PENALES;2018;408
Zamora;1. CONTRA LAS PERSONAS;2024;582
Zamora;1. CONTRA LAS PERSONAS;2023;562
Zamora;1. CONTRA LAS PERSONAS;2022;518
Zamora;1. CONTRA LAS PERSONAS;2021;457
Zamora;1. CONTRA LAS PERSONAS;2020;418
Zamora;1. CONTRA LAS PERSONAS;2019;473
Zamora;1. CONTRA LAS PERSONAS;2018;505
Zamora;1.1.-Homicidios dolosos/asesinatos;2024;4
Zamora;1.1.-Homicidios dolosos/asesinatos;2023;3
Zamora;1.1.-Homicidios dolosos/asesinatos;2022;4
Zamora;1.1.-Homicidios dolosos/asesinatos;2021;1
Zamora;1.1.-Homicidios dolosos/asesinatos;2020;5
Zamora;1.1.-Homicidios dolosos/asesinatos;2019;7
Zamora;1.1.-Homicidios dolosos/asesinatos;2018;4
Zamora;1.1.1.-Homicidios dolosos/asesinatos consumados;2024;0
Zamora;1.1.1.-Homicidios dolosos/asesinatos consumados;2023;1
Zamora;1.1.1.-Homicidios dolosos/asesinatos consumados;2022;0
Zamora;1.1.1.-Homicidios dolosos/asesinatos consumados;2021;0
Zamora;1.1.1.-Homicidios dolosos/asesinatos consumados;2020;0
Zamora;1.1.1.-Homicidios dolosos/asesinatos consumados;2019;1
Zamora;1.1.1.-Homicidios dolosos/asesinatos consumados;2018;1
Zamora;1.2.-Lesiones;2024;293
Zamora;1.2.-Lesiones;2023;261
Zamora;1.2.-Lesiones;2022;266
Zamora;1.2.-Lesiones;2021;203
Zamora;1.2.-Lesiones;2020;179
Zamora;1.2.-Lesiones;2019;239
Zamora;1.2.-Lesiones;2018;279
Zamora;1.3.-Malos tratos ámbito familiar;2024;256
Zamora;1.3.-Malos tratos ámbito familiar;2023;264
Zamora;1.3.-Malos tratos ámbito familiar;2022;217
Zamora;1.3.-Malos tratos ámbito familiar;2021;226
Zamora;1.3.-Malos tratos ámbito familiar;2020;214
Zamora;1.3.-Malos tratos ámbito familiar;2019;186
Zamora;1.3.-Malos tratos ámbito familiar;2018;215
Zamora;1.4.-Otros contra las personas;2024;29
Zamora;1.4.-Otros contra las personas;2023;34
Zamora;1.4.-Otros contra las personas;2022;31
Zamora;1.4.-Otros contra las personas;2021;27
Zamora;1.4.-Otros contra las personas;2020;20
Zamora;1.4.-Otros contra las personas;2019;41
Zamora;1.4.-Otros contra las personas;2018;7
Zamora;2. CONTRA LA LIBERTAD;2024;313
Zamora;2. CONTRA LA LIBERTAD;2023;324
Zamora;2. CONTRA LA LIBERTAD;2022;268
Zamora;2. CONTRA LA LIBERTAD;2021;336
Zamora;2. CONTRA LA LIBERTAD;2020;336
Zamora;2. CONTRA LA LIBERTAD;2019;305
Zamora;2. CONTRA LA LIBERTAD;2018;286
Zamora;2.1.-Malos tratos habituales en el ámbito familiar;2024;30
Zamora;2.1.-Malos tratos habituales en el ámbito familiar;2023;37
Zamora;2.1.-Malos tratos habituales en el ámbito familiar;2022;21
Zamora;2.1.-Malos tratos habituales en el ámbito familiar;2021;20
Zamora;2.1.-Malos tratos habituales en el ámbito familiar;2020;28
Zamora;2.1.-Malos tratos habituales en el ámbito familiar;2019;26
Zamora;2.1.-Malos tratos habituales en el ámbito familiar;2018;19
Zamora;2.2.-Otros contra la libertad;2024;283
Zamora;2.2.-Otros contra la libertad;2023;287
Zamora;2.2.-Otros contra la libertad;2022;247
Zamora;2.2.-Otros contra la libertad;2021;316
Zamora;2.2.-Otros contra la libertad;2020;308
Zamora;2.2.-Otros contra la libertad;2019;279
Zamora;2.2.-Otros contra la libertad;2018;267
Zamora;3. LIBERTAD SEXUAL;2024;40
Zamora;3. LIBERTAD SEXUAL;2023;34
Zamora;3. LIBERTAD SEXUAL;2022;28
Zamora;3. LIBERTAD SEXUAL;2021;33
Zamora;3. LIBERTAD SEXUAL;2020;13
Zamora;3. LIBERTAD SEXUAL;2019;40
Zamora;3. LIBERTAD SEXUAL;2018;33
Zamora;3.1.-Agresión sexual;2024;28
Zamora;3.1.-Agresión sexual;2023;24
Zamora;3.1.-Agresión sexual;2022;13
Zamora;3.1.-Agresión sexual;2021;20
Zamora;3.1.-Agresión sexual;2020;5
Zamora;3.1.-Agresión sexual;2019;25
Zamora;3.1.-Agresión sexual;2018;18
Zamora;3.2.-Agresión sexual con penetración;2024;5
Zamora;3.2.-Agresión sexual con penetración;2023;2
Zamora;3.2.-Agresión sexual con penetración;2022;5
Zamora;3.2.-Agresión sexual con penetración;2021;9
Zamora;3.2.-Agresión sexual con penetración;2020;3
Zamora;3.2.-Agresión sexual con penetración;2019;7
Zamora;3.2.-Agresión sexual con penetración;2018;7
Zamora;3.3.-Corrupción de menores o incapacitados;2024;0
Zamora;3.3.-Corrupción de menores o incapacitados;2023;1
Zamora;3.3.-Corrupción de menores o incapacitados;2022;1
Zamora;3.3.-Corrupción de menores o incapacitados;2021;1
Zamora;3.3.-Corrupción de menores o incapacitados;2020;0
Zamora;3.3.-Corrupción de menores o incapacitados;2019;2
Zamora;3.3.-Corrupción de menores o incapacitados;2018;2
Zamora;3.4.-Pornografía de menores;2024;1
Zamora;3.4.-Pornografía de menores;2023;2
Zamora;3.4.-Pornografía de menores;2022;3
Zamora;3.4.-Pornografía de menores;2021;0
Zamora;3.4.-Pornografía de menores;2020;2
Zamora;3.4.-Pornografía de menores;2019;3
Zamora;3.4.-Pornografía de menores;2018;3
Zamora;3.5.-Otros contra la libertad sexual;2024;6
Zamora;3.5.-Otros contra la libertad sexual;2023;5
Zamora;3.5.-Otros contra la libertad sexual;2022;6
Zamora;3.5.-Otros contra la libertad sexual;2021;3
Zamora;3.5.-Otros contra la libertad sexual;2020;3
Zamora;3.5.-Otros contra la libertad sexual;2019;3
Zamora;3.5.-Otros contra la libertad sexual;2018;3
Zamora;4. RELACIONES FAMILIARES;2024;15
Zamora;4. RELACIONES FAMILIARES;2023;11
Zamora;4. RELACIONES FAMILIARES;2022;8
Zamora;4. RELACIONES FAMILIARES;2021;13
Zamora;4. RELACIONES FAMILIARES;2020;9
Zamora;4. RELACIONES FAMILIARES;2019;7
Zamora;4. RELACIONES FAMILIARES;2018;3
Zamora;5. PATRIMONIO;2024;892
Zamora;5. PATRIMONIO;2023;894
Zamora;5. PATRIMONIO;2022;899
Zamora;5. PATRIMONIO;2021;682
Zamora;5. PATRIMONIO;2020;558
Zamora;5. PATRIMONIO;2019;716
Zamora;5. PATRIMONIO;2018;620
Zamora;5.1.-Hurtos;2024;264
Zamora;5.1.-Hurtos;2023;243
Zamora;5.1.-Hurtos;2022;310
Zamora;5.1.-Hurtos;2021;221
Zamora;5.1.-Hurtos;2020;195
Zamora;5.1.-Hurtos;2019;260
Zamora;5.1.-Hurtos;2018;217
Zamora;5.2.-Robos con fuerza en las cosas;2024;89
Zamora;5.2.-Robos con fuerza en las cosas;2023;107
Zamora;5.2.-Robos con fuerza en las cosas;2022;110
Zamora;5.2.-Robos con fuerza en las cosas;2021;76
Zamora;5.2.-Robos con fuerza en las cosas;2020;77
Zamora;5.2.-Robos con fuerza en las cosas;2019;125
Zamora;5.2.-Robos con fuerza en las cosas;2018;94
Zamora;5.2.1.-Robos con fuerza en las cosas en el interior de vehículos;2024;5
Zamora;5.2.1.-Robos con fuerza en las cosas en el interior de vehículos;2023;12
Zamora;5.2.1.-Robos con fuerza en las cosas en el interior de vehículos;2022;16
Zamora;5.2.1.-Robos con fuerza en las cosas en el interior de vehículos;2021;13
Zamora;5.2.1.-Robos con fuerza en las cosas en el interior de vehículos;2020;12
Zamora;5.2.1.-Robos con fuerza en las cosas en el interior de vehículos;2019;27
Zamora;5.2.1.-Robos con fuerza en las cosas en el interior de vehículos;2018;10
Zamora;5.2.2.-Robos con fuerza en viviendas;2024;38
Zamora;5.2.2.-Robos con fuerza en viviendas;2023;33
Zamora;5.2.2.-Robos con fuerza en viviendas;2022;29
Zamora;5.2.2.-Robos con fuerza en viviendas;2021;18
Zamora;5.2.2.-Robos con fuerza en viviendas;2020;19
Zamora;5.2.2.-Robos con fuerza en viviendas;2019;30
Zamora;5.2.2.-Robos con fuerza en viviendas;2018;30
Zamora;5.2.3.-Robos con fuerza en establecimientos;2024;11
Zamora;5.2.3.-Robos con fuerza en establecimientos;2023;16
Zamora;5.2.3.-Robos con fuerza en establecimientos;2022;35
Zamora;5.2.3.-Robos con fuerza en establecimientos;2021;29
Zamora;5.2.3.-Robos con fuerza en establecimientos;2020;20
Zamora;5.2.3.-Robos con fuerza en establecimientos;2019;41
Zamora;5.2.3.-Robos con fuerza en establecimientos;2018;24
Zamora;5.3.-Robos con violencia o intimidación;2024;14
Zamora;5.3.-Robos con violencia o intimidación;2023;12
Zamora;5.3.-Robos con violencia o intimidación;2022;16
Zamora;5.3.-Robos con violencia o intimidación;2021;20
Zamora;5.3.-Robos con violencia o intimidación;2020;10
Zamora;5.3.-Robos con violencia o intimidación;2019;32
Zamora;5.3.-Robos con violencia o intimidación;2018;20
Zamora;5.3.1.-Robos con violencia en vía pública;2024;3
Zamora;5.3.1.-Robos con violencia en vía pública;2023;5
Zamora;5.3.1.-Robos con violencia en vía pública;2022;5
Zamora;5.3.1.-Robos con violencia en vía pública;2021;10
Zamora;5.3.1.-Robos con violencia en vía pública;2020;1
Zamora;5.3.1.-Robos con violencia en vía pública;2019;14
Zamora;5.3.1.-Robos con violencia en vía pública;2018;5
Zamora;5.3.2.-Robos con violencia en viviendas;2024;4
Zamora;5.3.2.-Robos con violencia en viviendas;2023;3
Zamora;5.3.2.-Robos con violencia en viviendas;2022;3
Zamora;5.3.2.-Robos con violencia en viviendas;2021;3
Zamora;5.3.2.-Robos con violencia en viviendas;2020;3
Zamora;5.3.2.-Robos con violencia en viviendas;2019;6
Zamora;5.3.2.-Robos con violencia en viviendas;2018;4
Zamora;5.3.3.-Robos con violencia en establecimientos;2024;6
Zamora;5.3.3.-Robos con violencia en establecimientos;2023;3
Zamora;5.3.3.-Robos con violencia en establecimientos;2022;5
Zamora;5.3.3.-Robos con violencia en establecimientos;2021;5
Zamora;5.3.3.-Robos con violencia en establecimientos;2020;4
Zamora;5.3.3.-Robos con violencia en establecimientos;2019;8
Zamora;5.3.3.-Robos con violencia en establecimientos;2018;9
Zamora;5.4.-Sustracción de vehículos;2024;17
Zamora;5.4.-Sustracción de vehículos;2023;13
Zamora;5.4.-Sustracción de vehículos;2022;15
Zamora;5.4.-Sustracción de vehículos;2021;17
Zamora;5.4.-Sustracción de vehículos;2020;8
Zamora;5.4.-Sustracción de vehículos;2019;15
Zamora;5.4.-Sustracción de vehículos;2018;14
Zamora;5.5.-Estafas;2024;311
Zamora;5.5.-Estafas;2023;331
Zamora;5.5.-Estafas;2022;285
Zamora;5.5.-Estafas;2021;182
Zamora;5.5.-Estafas;2020;157
Zamora;5.5.-Estafas;2019;131
Zamora;5.5.-Estafas;2018;125
Zamora;5.5.1.-Estafas informáticas;2024;250
Zamora;5.5.1.-Estafas informáticas;2023;262
Zamora;5.5.1.-Estafas informáticas;2022;174
Zamora;5.5.1.-Estafas informáticas;2021;102
Zamora;5.5.1.-Estafas informáticas;2020;91
Zamora;5.5.1.-Estafas informáticas;2019;62
Zamora;5.5.1.-Estafas informáticas;2018;48
Zamora;5.6.-Daños;2024;119
Zamora;5.6.-Daños;2023;121
Zamora;5.6.-Daños;2022;107
Zamora;5.6.-Daños;2021;98
Zamora;5.6.-Daños;2020;66
Zamora;5.6.-Daños;2019;91
Zamora;5.6.-Daños;2018;86
Zamora;5.7.-Contra la propiedad intelectual/industrial;2024;0
Zamora;5.7.-Contra la propiedad intelectual/industrial;2023;1
Zamora;5.7.-Contra la propiedad intelectual/industrial;2022;5
Zamora;5.7.-Contra la propiedad intelectual/industrial;2021;6
Zamora;5.7.-Contra la propiedad intelectual/industrial;2020;3
Zamora;5.7.-Contra la propiedad intelectual/industrial;2019;9
Zamora;5.7.-Contra la propiedad intelectual/industrial;2018;11
Zamora;5.8.-Blanqueo de capitales;2024;2
Zamora;5.8.-Blanqueo de capitales;2023;2
Zamora;5.8.-Blanqueo de capitales;2022;0
Zamora;5.8.-Blanqueo de capitales;2021;0
Zamora;5.8.-Blanqueo de capitales;2020;0
Zamora;5.8.-Blanqueo de capitales;2019;0
Zamora;5.8.-Blanqueo de capitales;2018;1
Zamora;5.9.-Otros contra el patrimonio;2024;76
Zamora;5.9.-Otros contra el patrimonio;2023;64
Zamora;5.9.-Otros contra el patrimonio;2022;51
Zamora;5.9.-Otros contra el patrimonio;2021;62
Zamora;5.9.-Otros contra el patrimonio;2020;42
Zamora;5.9.-Otros contra el patrimonio;2019;53
Zamora;5.9.-Otros contra el patrimonio;2018;52
Zamora;6. SEGURIDAD COLECTIVA;2024;321
Zamora;6. SEGURIDAD COLECTIVA;2023;320
Zamora;6. SEGURIDAD COLECTIVA;2022;329
Zamora;6. SEGURIDAD COLECTIVA;2021;269
Zamora;6. SEGURIDAD COLECTIVA;2020;226
Zamora;6. SEGURIDAD COLECTIVA;2019;230
Zamora;6. SEGURIDAD COLECTIVA;2018;264
Zamora;6.1.-Tráfico de drogas;2024;36
Zamora;6.1.-Tráfico de drogas;2023;53
Zamora;6.1.-Tráfico de drogas;2022;44
Zamora;6.1.-Tráfico de drogas;2021;52
Zamora;6.1.-Tráfico de drogas;2020;40
Zamora;6.1.-Tráfico de drogas;2019;41
Zamora;6.1.-Tráfico de drogas;2018;58
Zamora;6.2.-Contra la seguridad vial;2024;271
Zamora;6.2.-Contra la seguridad vial;2023;251
Zamora;6.2.-Contra la seguridad vial;2022;267
Zamora;6.2.-Contra la seguridad vial;2021;206
Zamora;6.2.-Contra la seguridad vial;2020;176
Zamora;6.2.-Contra la seguridad vial;2019;180
Zamora;6.2.-Contra la seguridad vial;2018;197
Zamora;6.3.-Otros contra la seguridad colectiva;2024;14
Zamora;6.3.-Otros contra la seguridad colectiva;2023;16
Zamora;6.3.-Otros contra la seguridad colectiva;2022;18
Zamora;6.3.-Otros contra la seguridad colectiva;2021;11
Zamora;6.3.-Otros contra la seguridad colectiva;2020;10
Zamora;6.3.-Otros contra la seguridad colectiva;2019;9
Zamora;6.3.-Otros contra la seguridad colectiva;2018;9
Zamora;7. FALSEDADES;2024;45
Zamora;7. FALSEDADES;2023;63
Zamora;7. FALSEDADES;2022;52
Zamora;7. FALSEDADES;2021;37
Zamora;7. FALSEDADES;2020;19
Zamora;7. FALSEDADES;2019;35
Zamora;7. FALSEDADES;2018;32
Zamora;8. ADMÓN. PÚBLICA;2024;4
Zamora;8. ADMÓN. PÚBLICA;2023;1
Zamora;8. ADMÓN. PÚBLICA;2022;0
Zamora;8. ADMÓN. PÚBLICA;2021;3
Zamora;8. ADMÓN. PÚBLICA;2020;2
Zamora;8. ADMÓN. PÚBLICA;2019;0
Zamora;8. ADMÓN. PÚBLICA;2018;1
Zamora;9. ADMÓN. JUSTICIA;2024;176
Zamora;9. ADMÓN. JUSTICIA;2023;122
Zamora;9. ADMÓN. JUSTICIA;2022;121
Zamora;9. ADMÓN. JUSTICIA;2021;123
Zamora;9. ADMÓN. JUSTICIA;2020;124
Zamora;9. ADMÓN. JUSTICIA;2019;92
Zamora;9. ADMÓN. JUSTICIA;2018;98
Zamora;10. ORDEN PÚBLICO;2024;70
Zamora;10. ORDEN PÚBLICO;2023;60
Zamora;10. ORDEN PÚBLICO;2022;56
Zamora;10. ORDEN PÚBLICO;2021;64
Zamora;10. ORDEN PÚBLICO;2020;93
Zamora;10. ORDEN PÚBLICO;2019;52
Zamora;10. ORDEN PÚBLICO;2018;52
Zamora;11. LEGISLACIÓN ESPECIAL;2024;1
Zamora;11. LEGISLACIÓN ESPECIAL;2023;1
Zamora;11. LEGISLACIÓN ESPECIAL;2022;0
Zamora;11. LEGISLACIÓN ESPECIAL;2021;0
Zamora;11. LEGISLACIÓN ESPECIAL;2020;0
Zamora;11. LEGISLACIÓN ESPECIAL;2019;1
Zamora;11. LEGISLACIÓN ESPECIAL;2018;0
Zamora;12. OTRAS INFRACCIONES PENALES;2024;42
Zamora;12. OTRAS INFRACCIONES PENALES;2023;38
Zamora;12. OTRAS INFRACCIONES PENALES;2022;24
Zamora;12. OTRAS INFRACCIONES PENALES;2021;27
Zamora;12. OTRAS INFRACCIONES PENALES;2020;40
Zamora;12. OTRAS INFRACCIONES PENALES;2019;32
Zamora;12. OTRAS INFRACCIONES PENALES;2018;29
Zamora;TOTAL INFRACCIONES PENALES;2024;2.501
Zamora;TOTAL INFRACCIONES PENALES;2023;2.430
Zamora;TOTAL INFRACCIONES PENALES;2022;2.303
Zamora;TOTAL INFRACCIONES PENALES;2021;2.044
Zamora;TOTAL INFRACCIONES PENALES;2020;1.838
Zamora;TOTAL INFRACCIONES PENALES;2019;1.983
Zamora;TOTAL INFRACCIONES PENALES;2018;1.923
Zaragoza;1. CONTRA LAS PERSONAS;2024;4.516
Zaragoza;1. CONTRA LAS PERSONAS;2023;4.291
Zaragoza;1. CONTRA LAS PERSONAS;2022;3.934
Zaragoza;1. CONTRA LAS PERSONAS;2021;3.216
Zaragoza;1. CONTRA LAS PERSONAS;2020;3.022
Zaragoza;1. CONTRA LAS PERSONAS;2019;3.385
Zaragoza;1. CONTRA LAS PERSONAS;2018;3.196
Zaragoza;1.1.-Homicidios dolosos/asesinatos;2024;24
Zaragoza;1.1.-Homicidios dolosos/asesinatos;2023;38
Zaragoza;1.1.-Homicidios dolosos/asesinatos;2022;31
Zaragoza;1.1.-Homicidios dolosos/asesinatos;2021;11
Zaragoza;1.1.-Homicidios dolosos/asesinatos;2020;27
Zaragoza;1.1.-Homicidios dolosos/asesinatos;2019;11
Zaragoza;1.1.-Homicidios dolosos/asesinatos;2018;8
Zaragoza;1.1.1.-Homicidios dolosos/asesinatos consumados;2024;6
Zaragoza;1.1.1.-Homicidios dolosos/asesinatos consumados;2023;6
Zaragoza;1.1.1.-Homicidios dolosos/asesinatos consumados;2022;9
Zaragoza;1.1.1.-Homicidios dolosos/asesinatos consumados;2021;4
Zaragoza;1.1.1.-Homicidios dolosos/asesinatos consumados;2020;2
Zaragoza;1.1.1.-Homicidios dolosos/asesinatos consumados;2019;5
Zaragoza;1.1.1.-Homicidios dolosos/asesinatos consumados;2018;5
Zaragoza;1.2.-Lesiones;2024;1.724
Zaragoza;1.2.-Lesiones;2023;1.784
Zaragoza;1.2.-Lesiones;2022;1.691
Zaragoza;1.2.-Lesiones;2021;1.320
Zaragoza;1.2.-Lesiones;2020;1.158
Zaragoza;1.2.-Lesiones;2019;1.461
Zaragoza;1.2.-Lesiones;2018;1.405
Zaragoza;1.3.-Malos tratos ámbito familiar;2024;2.686
Zaragoza;1.3.-Malos tratos ámbito familiar;2023;2.398
Zaragoza;1.3.-Malos tratos ámbito familiar;2022;2.153
Zaragoza;1.3.-Malos tratos ámbito familiar;2021;1.805
Zaragoza;1.3.-Malos tratos ámbito familiar;2020;1.786
Zaragoza;1.3.-Malos tratos ámbito familiar;2019;1.853
Zaragoza;1.3.-Malos tratos ámbito familiar;2018;1.698
Zaragoza;1.4.-Otros contra las personas;2024;82
Zaragoza;1.4.-Otros contra las personas;2023;71
Zaragoza;1.4.-Otros contra las personas;2022;59
Zaragoza;1.4.-Otros contra las personas;2021;80
Zaragoza;1.4.-Otros contra las personas;2020;51
Zaragoza;1.4.-Otros contra las personas;2019;60
Zaragoza;1.4.-Otros contra las personas;2018;85
Zaragoza;2. CONTRA LA LIBERTAD;2024;1.907
Zaragoza;2. CONTRA LA LIBERTAD;2023;1.829
Zaragoza;2. CONTRA LA LIBERTAD;2022;1.589
Zaragoza;2. CONTRA LA LIBERTAD;2021;1.612
Zaragoza;2. CONTRA LA LIBERTAD;2020;1.493
Zaragoza;2. CONTRA LA LIBERTAD;2019;1.483
Zaragoza;2. CONTRA LA LIBERTAD;2018;1.434
Zaragoza;2.1.-Malos tratos habituales en el ámbito familiar;2024;183
Zaragoza;2.1.-Malos tratos habituales en el ámbito familiar;2023;174
Zaragoza;2.1.-Malos tratos habituales en el ámbito familiar;2022;176
Zaragoza;2.1.-Malos tratos habituales en el ámbito familiar;2021;187
Zaragoza;2.1.-Malos tratos habituales en el ámbito familiar;2020;197
Zaragoza;2.1.-Malos tratos habituales en el ámbito familiar;2019;205
Zaragoza;2.1.-Malos tratos habituales en el ámbito familiar;2018;187
Zaragoza;2.2.-Otros contra la libertad;2024;1.724
Zaragoza;2.2.-Otros contra la libertad;2023;1.655
Zaragoza;2.2.-Otros contra la libertad;2022;1.413
Zaragoza;2.2.-Otros contra la libertad;2021;1.425
Zaragoza;2.2.-Otros contra la libertad;2020;1.296
Zaragoza;2.2.-Otros contra la libertad;2019;1.278
Zaragoza;2.2.-Otros contra la libertad;2018;1.247
Zaragoza;3. LIBERTAD SEXUAL;2024;306
Zaragoza;3. LIBERTAD SEXUAL;2023;277
Zaragoza;3. LIBERTAD SEXUAL;2022;266
Zaragoza;3. LIBERTAD SEXUAL;2021;277
Zaragoza;3. LIBERTAD SEXUAL;2020;195
Zaragoza;3. LIBERTAD SEXUAL;2019;183
Zaragoza;3. LIBERTAD SEXUAL;2018;222
Zaragoza;3.1.-Agresión sexual;2024;201
Zaragoza;3.1.-Agresión sexual;2023;170
Zaragoza;3.1.-Agresión sexual;2022;153
Zaragoza;3.1.-Agresión sexual;2021;157
Zaragoza;3.1.-Agresión sexual;2020;102
Zaragoza;3.1.-Agresión sexual;2019;114
Zaragoza;3.1.-Agresión sexual;2018;129
Zaragoza;3.2.-Agresión sexual con penetración;2024;60
Zaragoza;3.2.-Agresión sexual con penetración;2023;60
Zaragoza;3.2.-Agresión sexual con penetración;2022;60
Zaragoza;3.2.-Agresión sexual con penetración;2021;72
Zaragoza;3.2.-Agresión sexual con penetración;2020;50
Zaragoza;3.2.-Agresión sexual con penetración;2019;29
Zaragoza;3.2.-Agresión sexual con penetración;2018;43
Zaragoza;3.3.-Corrupción de menores o incapacitados;2024;10
Zaragoza;3.3.-Corrupción de menores o incapacitados;2023;4
Zaragoza;3.3.-Corrupción de menores o incapacitados;2022;8
Zaragoza;3.3.-Corrupción de menores o incapacitados;2021;7
Zaragoza;3.3.-Corrupción de menores o incapacitados;2020;7
Zaragoza;3.3.-Corrupción de menores o incapacitados;2019;9
Zaragoza;3.3.-Corrupción de menores o incapacitados;2018;6
Zaragoza;3.4.-Pornografía de menores;2024;9
Zaragoza;3.4.-Pornografía de menores;2023;14
Zaragoza;3.4.-Pornografía de menores;2022;14
Zaragoza;3.4.-Pornografía de menores;2021;16
Zaragoza;3.4.-Pornografía de menores;2020;8
Zaragoza;3.4.-Pornografía de menores;2019;9
Zaragoza;3.4.-Pornografía de menores;2018;18
Zaragoza;3.5.-Otros contra la libertad sexual;2024;26
Zaragoza;3.5.-Otros contra la libertad sexual;2023;29
Zaragoza;3.5.-Otros contra la libertad sexual;2022;31
Zaragoza;3.5.-Otros contra la libertad sexual;2021;25
Zaragoza;3.5.-Otros contra la libertad sexual;2020;28
Zaragoza;3.5.-Otros contra la libertad sexual;2019;22
Zaragoza;3.5.-Otros contra la libertad sexual;2018;26
Zaragoza;4. RELACIONES FAMILIARES;2024;159
Zaragoza;4. RELACIONES FAMILIARES;2023;128
Zaragoza;4. RELACIONES FAMILIARES;2022;155
Zaragoza;4. RELACIONES FAMILIARES;2021;125
Zaragoza;4. RELACIONES FAMILIARES;2020;129
Zaragoza;4. RELACIONES FAMILIARES;2019;136
Zaragoza;4. RELACIONES FAMILIARES;2018;156
Zaragoza;5. PATRIMONIO;2024;6.933
Zaragoza;5. PATRIMONIO;2023;6.167
Zaragoza;5. PATRIMONIO;2022;5.809
Zaragoza;5. PATRIMONIO;2021;5.140
Zaragoza;5. PATRIMONIO;2020;4.305
Zaragoza;5. PATRIMONIO;2019;4.973
Zaragoza;5. PATRIMONIO;2018;5.048
Zaragoza;5.1.-Hurtos;2024;2.928
Zaragoza;5.1.-Hurtos;2023;2.497
Zaragoza;5.1.-Hurtos;2022;2.228
Zaragoza;5.1.-Hurtos;2021;1.911
Zaragoza;5.1.-Hurtos;2020;1.541
Zaragoza;5.1.-Hurtos;2019;2.082
Zaragoza;5.1.-Hurtos;2018;2.223
Zaragoza;5.2.-Robos con fuerza en las cosas;2024;669
Zaragoza;5.2.-Robos con fuerza en las cosas;2023;616
Zaragoza;5.2.-Robos con fuerza en las cosas;2022;673
Zaragoza;5.2.-Robos con fuerza en las cosas;2021;605
Zaragoza;5.2.-Robos con fuerza en las cosas;2020;614
Zaragoza;5.2.-Robos con fuerza en las cosas;2019;564
Zaragoza;5.2.-Robos con fuerza en las cosas;2018;510
Zaragoza;5.2.1.-Robos con fuerza en las cosas en el interior de vehículos;2024;121
Zaragoza;5.2.1.-Robos con fuerza en las cosas en el interior de vehículos;2023;110
Zaragoza;5.2.1.-Robos con fuerza en las cosas en el interior de vehículos;2022;93
Zaragoza;5.2.1.-Robos con fuerza en las cosas en el interior de vehículos;2021;115
Zaragoza;5.2.1.-Robos con fuerza en las cosas en el interior de vehículos;2020;101
Zaragoza;5.2.1.-Robos con fuerza en las cosas en el interior de vehículos;2019;108
Zaragoza;5.2.1.-Robos con fuerza en las cosas en el interior de vehículos;2018;75
Zaragoza;5.2.2.-Robos con fuerza en viviendas;2024;238
Zaragoza;5.2.2.-Robos con fuerza en viviendas;2023;194
Zaragoza;5.2.2.-Robos con fuerza en viviendas;2022;169
Zaragoza;5.2.2.-Robos con fuerza en viviendas;2021;163
Zaragoza;5.2.2.-Robos con fuerza en viviendas;2020;193
Zaragoza;5.2.2.-Robos con fuerza en viviendas;2019;216
Zaragoza;5.2.2.-Robos con fuerza en viviendas;2018;222
Zaragoza;5.2.3.-Robos con fuerza en establecimientos;2024;174
Zaragoza;5.2.3.-Robos con fuerza en establecimientos;2023;167
Zaragoza;5.2.3.-Robos con fuerza en establecimientos;2022;263
Zaragoza;5.2.3.-Robos con fuerza en establecimientos;2021;183
Zaragoza;5.2.3.-Robos con fuerza en establecimientos;2020;230
Zaragoza;5.2.3.-Robos con fuerza en establecimientos;2019;131
Zaragoza;5.2.3.-Robos con fuerza en establecimientos;2018;104
Zaragoza;5.3.-Robos con violencia o intimidación;2024;598
Zaragoza;5.3.-Robos con violencia o intimidación;2023;466
Zaragoza;5.3.-Robos con violencia o intimidación;2022;519
Zaragoza;5.3.-Robos con violencia o intimidación;2021;435
Zaragoza;5.3.-Robos con violencia o intimidación;2020;341
Zaragoza;5.3.-Robos con violencia o intimidación;2019;364
Zaragoza;5.3.-Robos con violencia o intimidación;2018;345
Zaragoza;5.3.1.-Robos con violencia en vía pública;2024;368
Zaragoza;5.3.1.-Robos con violencia en vía pública;2023;273
Zaragoza;5.3.1.-Robos con violencia en vía pública;2022;338
Zaragoza;5.3.1.-Robos con violencia en vía pública;2021;237
Zaragoza;5.3.1.-Robos con violencia en vía pública;2020;200
Zaragoza;5.3.1.-Robos con violencia en vía pública;2019;208
Zaragoza;5.3.1.-Robos con violencia en vía pública;2018;189
Zaragoza;5.3.2.-Robos con violencia en viviendas;2024;35
Zaragoza;5.3.2.-Robos con violencia en viviendas;2023;26
Zaragoza;5.3.2.-Robos con violencia en viviendas;2022;22
Zaragoza;5.3.2.-Robos con violencia en viviendas;2021;25
Zaragoza;5.3.2.-Robos con violencia en viviendas;2020;14
Zaragoza;5.3.2.-Robos con violencia en viviendas;2019;17
Zaragoza;5.3.2.-Robos con violencia en viviendas;2018;22
Zaragoza;5.3.3.-Robos con violencia en establecimientos;2024;177
Zaragoza;5.3.3.-Robos con violencia en establecimientos;2023;139
Zaragoza;5.3.3.-Robos con violencia en establecimientos;2022;137
Zaragoza;5.3.3.-Robos con violencia en establecimientos;2021;125
Zaragoza;5.3.3.-Robos con violencia en establecimientos;2020;102
Zaragoza;5.3.3.-Robos con violencia en establecimientos;2019;114
Zaragoza;5.3.3.-Robos con violencia en establecimientos;2018;98
Zaragoza;5.4.-Sustracción de vehículos;2024;93
Zaragoza;5.4.-Sustracción de vehículos;2023;106
Zaragoza;5.4.-Sustracción de vehículos;2022;62
Zaragoza;5.4.-Sustracción de vehículos;2021;63
Zaragoza;5.4.-Sustracción de vehículos;2020;58
Zaragoza;5.4.-Sustracción de vehículos;2019;56
Zaragoza;5.4.-Sustracción de vehículos;2018;88
Zaragoza;5.5.-Estafas;2024;1.526
Zaragoza;5.5.-Estafas;2023;1.448
Zaragoza;5.5.-Estafas;2022;1.230
Zaragoza;5.5.-Estafas;2021;1.061
Zaragoza;5.5.-Estafas;2020;822
Zaragoza;5.5.-Estafas;2019;928
Zaragoza;5.5.-Estafas;2018;885
Zaragoza;5.5.1.-Estafas informáticas;2024;999
Zaragoza;5.5.1.-Estafas informáticas;2023;963
Zaragoza;5.5.1.-Estafas informáticas;2022;702
Zaragoza;5.5.1.-Estafas informáticas;2021;616
Zaragoza;5.5.1.-Estafas informáticas;2020;506
Zaragoza;5.5.1.-Estafas informáticas;2019;376
Zaragoza;5.5.1.-Estafas informáticas;2018;336
Zaragoza;5.6.-Daños;2024;637
Zaragoza;5.6.-Daños;2023;618
Zaragoza;5.6.-Daños;2022;653
Zaragoza;5.6.-Daños;2021;646
Zaragoza;5.6.-Daños;2020;511
Zaragoza;5.6.-Daños;2019;518
Zaragoza;5.6.-Daños;2018;514
Zaragoza;5.7.-Contra la propiedad intelectual/industrial;2024;19
Zaragoza;5.7.-Contra la propiedad intelectual/industrial;2023;15
Zaragoza;5.7.-Contra la propiedad intelectual/industrial;2022;13
Zaragoza;5.7.-Contra la propiedad intelectual/industrial;2021;14
Zaragoza;5.7.-Contra la propiedad intelectual/industrial;2020;12
Zaragoza;5.7.-Contra la propiedad intelectual/industrial;2019;24
Zaragoza;5.7.-Contra la propiedad intelectual/industrial;2018;13
Zaragoza;5.8.-Blanqueo de capitales;2024;11
Zaragoza;5.8.-Blanqueo de capitales;2023;4
Zaragoza;5.8.-Blanqueo de capitales;2022;9
Zaragoza;5.8.-Blanqueo de capitales;2021;6
Zaragoza;5.8.-Blanqueo de capitales;2020;7
Zaragoza;5.8.-Blanqueo de capitales;2019;2
Zaragoza;5.8.-Blanqueo de capitales;2018;2
Zaragoza;5.9.-Otros contra el patrimonio;2024;452
Zaragoza;5.9.-Otros contra el patrimonio;2023;397
Zaragoza;5.9.-Otros contra el patrimonio;2022;422
Zaragoza;5.9.-Otros contra el patrimonio;2021;399
Zaragoza;5.9.-Otros contra el patrimonio;2020;399
Zaragoza;5.9.-Otros contra el patrimonio;2019;435
Zaragoza;5.9.-Otros contra el patrimonio;2018;468
Zaragoza;6. SEGURIDAD COLECTIVA;2024;940
Zaragoza;6. SEGURIDAD COLECTIVA;2023;994
Zaragoza;6. SEGURIDAD COLECTIVA;2022;988
Zaragoza;6. SEGURIDAD COLECTIVA;2021;833
Zaragoza;6. SEGURIDAD COLECTIVA;2020;645
Zaragoza;6. SEGURIDAD COLECTIVA;2019;750
Zaragoza;6. SEGURIDAD COLECTIVA;2018;722
Zaragoza;6.1.-Tráfico de drogas;2024;368
Zaragoza;6.1.-Tráfico de drogas;2023;425
Zaragoza;6.1.-Tráfico de drogas;2022;325
Zaragoza;6.1.-Tráfico de drogas;2021;325
Zaragoza;6.1.-Tráfico de drogas;2020;239
Zaragoza;6.1.-Tráfico de drogas;2019;259
Zaragoza;6.1.-Tráfico de drogas;2018;249
Zaragoza;6.2.-Contra la seguridad vial;2024;553
Zaragoza;6.2.-Contra la seguridad vial;2023;539
Zaragoza;6.2.-Contra la seguridad vial;2022;635
Zaragoza;6.2.-Contra la seguridad vial;2021;493
Zaragoza;6.2.-Contra la seguridad vial;2020;393
Zaragoza;6.2.-Contra la seguridad vial;2019;472
Zaragoza;6.2.-Contra la seguridad vial;2018;431
Zaragoza;6.3.-Otros contra la seguridad colectiva;2024;19
Zaragoza;6.3.-Otros contra la seguridad colectiva;2023;30
Zaragoza;6.3.-Otros contra la seguridad colectiva;2022;28
Zaragoza;6.3.-Otros contra la seguridad colectiva;2021;15
Zaragoza;6.3.-Otros contra la seguridad colectiva;2020;13
Zaragoza;6.3.-Otros contra la seguridad colectiva;2019;19
Zaragoza;6.3.-Otros contra la seguridad colectiva;2018;42
Zaragoza;7. FALSEDADES;2024;213
Zaragoza;7. FALSEDADES;2023;189
Zaragoza;7. FALSEDADES;2022;226
Zaragoza;7. FALSEDADES;2021;185
Zaragoza;7. FALSEDADES;2020;167
Zaragoza;7. FALSEDADES;2019;182
Zaragoza;7. FALSEDADES;2018;176
Zaragoza;8. ADMÓN. PÚBLICA;2024;13
Zaragoza;8. ADMÓN. PÚBLICA;2023;5
Zaragoza;8. ADMÓN. PÚBLICA;2022;10
Zaragoza;8. ADMÓN. PÚBLICA;2021;1
Zaragoza;8. ADMÓN. PÚBLICA;2020;6
Zaragoza;8. ADMÓN. PÚBLICA;2019;2
Zaragoza;8. ADMÓN. PÚBLICA;2018;4
Zaragoza;9. ADMÓN. JUSTICIA;2024;811
Zaragoza;9. ADMÓN. JUSTICIA;2023;727
Zaragoza;9. ADMÓN. JUSTICIA;2022;620
Zaragoza;9. ADMÓN. JUSTICIA;2021;508
Zaragoza;9. ADMÓN. JUSTICIA;2020;516
Zaragoza;9. ADMÓN. JUSTICIA;2019;613
Zaragoza;9. ADMÓN. JUSTICIA;2018;564
Zaragoza;10. ORDEN PÚBLICO;2024;727
Zaragoza;10. ORDEN PÚBLICO;2023;811
Zaragoza;10. ORDEN PÚBLICO;2022;704
Zaragoza;10. ORDEN PÚBLICO;2021;513
Zaragoza;10. ORDEN PÚBLICO;2020;660
Zaragoza;10. ORDEN PÚBLICO;2019;447
Zaragoza;10. ORDEN PÚBLICO;2018;426
Zaragoza;11. LEGISLACIÓN ESPECIAL;2024;1
Zaragoza;11. LEGISLACIÓN ESPECIAL;2023;3
Zaragoza;11. LEGISLACIÓN ESPECIAL;2022;2
Zaragoza;11. LEGISLACIÓN ESPECIAL;2021;0
Zaragoza;11. LEGISLACIÓN ESPECIAL;2020;0
Zaragoza;11. LEGISLACIÓN ESPECIAL;2019;2
Zaragoza;11. LEGISLACIÓN ESPECIAL;2018;1
Zaragoza;12. OTRAS INFRACCIONES PENALES;2024;157
Zaragoza;12. OTRAS INFRACCIONES PENALES;2023;124
Zaragoza;12. OTRAS INFRACCIONES PENALES;2022;128
Zaragoza;12. OTRAS INFRACCIONES PENALES;2021;121
Zaragoza;12. OTRAS INFRACCIONES PENALES;2020;153
Zaragoza;12. OTRAS INFRACCIONES PENALES;2019;140
Zaragoza;12. OTRAS INFRACCIONES PENALES;2018;140
Zaragoza;TOTAL INFRACCIONES PENALES;2024;16.683
Zaragoza;TOTAL INFRACCIONES PENALES;2023;15.545
Zaragoza;TOTAL INFRACCIONES PENALES;2022;14.431
Zaragoza;TOTAL INFRACCIONES PENALES;2021;12.531
Zaragoza;TOTAL INFRACCIONES PENALES;2020;11.291
Zaragoza;TOTAL INFRACCIONES PENALES;2019;12.296
Zaragoza;TOTAL INFRACCIONES PENALES;2018;12.089
Ceuta;1. CONTRA LAS PERSONAS;2024;606
Ceuta;1. CONTRA LAS PERSONAS;2023;609
Ceuta;1. CONTRA LAS PERSONAS;2022;659
Ceuta;1. CONTRA LAS PERSONAS;2021;748
Ceuta;1. CONTRA LAS PERSONAS;2020;577
Ceuta;1. CONTRA LAS PERSONAS;2019;622
Ceuta;1. CONTRA LAS PERSONAS;2018;620
Ceuta;1.1.-Homicidios dolosos/asesinatos;2024;8
Ceuta;1.1.-Homicidios dolosos/asesinatos;2023;12
Ceuta;1.1.-Homicidios dolosos/asesinatos;2022;31
Ceuta;1.1.-Homicidios dolosos/asesinatos;2021;10
Ceuta;1.1.-Homicidios dolosos/asesinatos;2020;7
Ceuta;1.1.-Homicidios dolosos/asesinatos;2019;16
Ceuta;1.1.-Homicidios dolosos/asesinatos;2018;2
Ceuta;1.1.1.-Homicidios dolosos/asesinatos consumados;2024;0
Ceuta;1.1.1.-Homicidios dolosos/asesinatos consumados;2023;6
Ceuta;1.1.1.-Homicidios dolosos/asesinatos consumados;2022;3
Ceuta;1.1.1.-Homicidios dolosos/asesinatos consumados;2021;2
Ceuta;1.1.1.-Homicidios dolosos/asesinatos consumados;2020;2
Ceuta;1.1.1.-Homicidios dolosos/asesinatos consumados;2019;4
Ceuta;1.1.1.-Homicidios dolosos/asesinatos consumados;2018;1
Ceuta;1.2.-Lesiones;2024;318
Ceuta;1.2.-Lesiones;2023;311
Ceuta;1.2.-Lesiones;2022;361
Ceuta;1.2.-Lesiones;2021;419
Ceuta;1.2.-Lesiones;2020;342
Ceuta;1.2.-Lesiones;2019;354
Ceuta;1.2.-Lesiones;2018;349
Ceuta;1.3.-Malos tratos ámbito familiar;2024;272
Ceuta;1.3.-Malos tratos ámbito familiar;2023;284
Ceuta;1.3.-Malos tratos ámbito familiar;2022;266
Ceuta;1.3.-Malos tratos ámbito familiar;2021;315
Ceuta;1.3.-Malos tratos ámbito familiar;2020;225
Ceuta;1.3.-Malos tratos ámbito familiar;2019;250
Ceuta;1.3.-Malos tratos ámbito familiar;2018;268
Ceuta;1.4.-Otros contra las personas;2024;8
Ceuta;1.4.-Otros contra las personas;2023;2
Ceuta;1.4.-Otros contra las personas;2022;1
Ceuta;1.4.-Otros contra las personas;2021;4
Ceuta;1.4.-Otros contra las personas;2020;3
Ceuta;1.4.-Otros contra las personas;2019;2
Ceuta;1.4.-Otros contra las personas;2018;1
Ceuta;2. CONTRA LA LIBERTAD;2024;327
Ceuta;2. CONTRA LA LIBERTAD;2023;266
Ceuta;2. CONTRA LA LIBERTAD;2022;244
Ceuta;2. CONTRA LA LIBERTAD;2021;296
Ceuta;2. CONTRA LA LIBERTAD;2020;263
Ceuta;2. CONTRA LA LIBERTAD;2019;214
Ceuta;2. CONTRA LA LIBERTAD;2018;212
Ceuta;2.1.-Malos tratos habituales en el ámbito familiar;2024;9
Ceuta;2.1.-Malos tratos habituales en el ámbito familiar;2023;11
Ceuta;2.1.-Malos tratos habituales en el ámbito familiar;2022;12
Ceuta;2.1.-Malos tratos habituales en el ámbito familiar;2021;11
Ceuta;2.1.-Malos tratos habituales en el ámbito familiar;2020;5
Ceuta;2.1.-Malos tratos habituales en el ámbito familiar;2019;4
Ceuta;2.1.-Malos tratos habituales en el ámbito familiar;2018;16
Ceuta;2.2.-Otros contra la libertad;2024;318
Ceuta;2.2.-Otros contra la libertad;2023;255
Ceuta;2.2.-Otros contra la libertad;2022;232
Ceuta;2.2.-Otros contra la libertad;2021;285
Ceuta;2.2.-Otros contra la libertad;2020;258
Ceuta;2.2.-Otros contra la libertad;2019;210
Ceuta;2.2.-Otros contra la libertad;2018;196
Ceuta;3. LIBERTAD SEXUAL;2024;45
Ceuta;3. LIBERTAD SEXUAL;2023;41
Ceuta;3. LIBERTAD SEXUAL;2022;41
Ceuta;3. LIBERTAD SEXUAL;2021;42
Ceuta;3. LIBERTAD SEXUAL;2020;30
Ceuta;3. LIBERTAD SEXUAL;2019;19
Ceuta;3. LIBERTAD SEXUAL;2018;40
Ceuta;3.1.-Agresión sexual;2024;37
Ceuta;3.1.-Agresión sexual;2023;29
Ceuta;3.1.-Agresión sexual;2022;33
Ceuta;3.1.-Agresión sexual;2021;27
Ceuta;3.1.-Agresión sexual;2020;20
Ceuta;3.1.-Agresión sexual;2019;13
Ceuta;3.1.-Agresión sexual;2018;29
Ceuta;3.2.-Agresión sexual con penetración;2024;5
Ceuta;3.2.-Agresión sexual con penetración;2023;8
Ceuta;3.2.-Agresión sexual con penetración;2022;5
Ceuta;3.2.-Agresión sexual con penetración;2021;4
Ceuta;3.2.-Agresión sexual con penetración;2020;3
Ceuta;3.2.-Agresión sexual con penetración;2019;2
Ceuta;3.2.-Agresión sexual con penetración;2018;5
Ceuta;3.3.-Corrupción de menores o incapacitados;2024;0
Ceuta;3.3.-Corrupción de menores o incapacitados;2023;1
Ceuta;3.3.-Corrupción de menores o incapacitados;2022;0
Ceuta;3.3.-Corrupción de menores o incapacitados;2021;0
Ceuta;3.3.-Corrupción de menores o incapacitados;2020;0
Ceuta;3.3.-Corrupción de menores o incapacitados;2019;0
Ceuta;3.3.-Corrupción de menores o incapacitados;2018;0
Ceuta;3.4.-Pornografía de menores;2024;2
Ceuta;3.4.-Pornografía de menores;2023;2
Ceuta;3.4.-Pornografía de menores;2022;2
Ceuta;3.4.-Pornografía de menores;2021;1
Ceuta;3.4.-Pornografía de menores;2020;0
Ceuta;3.4.-Pornografía de menores;2019;0
Ceuta;3.4.-Pornografía de menores;2018;3
Ceuta;3.5.-Otros contra la libertad sexual;2024;1
Ceuta;3.5.-Otros contra la libertad sexual;2023;1
Ceuta;3.5.-Otros contra la libertad sexual;2022;1
Ceuta;3.5.-Otros contra la libertad sexual;2021;10
Ceuta;3.5.-Otros contra la libertad sexual;2020;7
Ceuta;3.5.-Otros contra la libertad sexual;2019;4
Ceuta;3.5.-Otros contra la libertad sexual;2018;3
Ceuta;4. RELACIONES FAMILIARES;2024;16
Ceuta;4. RELACIONES FAMILIARES;2023;19
Ceuta;4. RELACIONES FAMILIARES;2022;28
Ceuta;4. RELACIONES FAMILIARES;2021;16
Ceuta;4. RELACIONES FAMILIARES;2020;16
Ceuta;4. RELACIONES FAMILIARES;2019;29
Ceuta;4. RELACIONES FAMILIARES;2018;29
Ceuta;5. PATRIMONIO;2024;559
Ceuta;5. PATRIMONIO;2023;554
Ceuta;5. PATRIMONIO;2022;439
Ceuta;5. PATRIMONIO;2021;499
Ceuta;5. PATRIMONIO;2020;462
Ceuta;5. PATRIMONIO;2019;596
Ceuta;5. PATRIMONIO;2018;601
Ceuta;5.1.-Hurtos;2024;193
Ceuta;5.1.-Hurtos;2023;221
Ceuta;5.1.-Hurtos;2022;131
Ceuta;5.1.-Hurtos;2021;139
Ceuta;5.1.-Hurtos;2020;139
Ceuta;5.1.-Hurtos;2019;240
Ceuta;5.1.-Hurtos;2018;279
Ceuta;5.2.-Robos con fuerza en las cosas;2024;42
Ceuta;5.2.-Robos con fuerza en las cosas;2023;63
Ceuta;5.2.-Robos con fuerza en las cosas;2022;30
Ceuta;5.2.-Robos con fuerza en las cosas;2021;43
Ceuta;5.2.-Robos con fuerza en las cosas;2020;72
Ceuta;5.2.-Robos con fuerza en las cosas;2019;62
Ceuta;5.2.-Robos con fuerza en las cosas;2018;69
Ceuta;5.2.1.-Robos con fuerza en las cosas en el interior de vehículos;2024;19
Ceuta;5.2.1.-Robos con fuerza en las cosas en el interior de vehículos;2023;23
Ceuta;5.2.1.-Robos con fuerza en las cosas en el interior de vehículos;2022;5
Ceuta;5.2.1.-Robos con fuerza en las cosas en el interior de vehículos;2021;13
Ceuta;5.2.1.-Robos con fuerza en las cosas en el interior de vehículos;2020;17
Ceuta;5.2.1.-Robos con fuerza en las cosas en el interior de vehículos;2019;26
Ceuta;5.2.1.-Robos con fuerza en las cosas en el interior de vehículos;2018;29
Ceuta;5.2.2.-Robos con fuerza en viviendas;2024;11
Ceuta;5.2.2.-Robos con fuerza en viviendas;2023;16
Ceuta;5.2.2.-Robos con fuerza en viviendas;2022;4
Ceuta;5.2.2.-Robos con fuerza en viviendas;2021;11
Ceuta;5.2.2.-Robos con fuerza en viviendas;2020;20
Ceuta;5.2.2.-Robos con fuerza en viviendas;2019;17
Ceuta;5.2.2.-Robos con fuerza en viviendas;2018;14
Ceuta;5.2.3.-Robos con fuerza en establecimientos;2024;4
Ceuta;5.2.3.-Robos con fuerza en establecimientos;2023;12
Ceuta;5.2.3.-Robos con fuerza en establecimientos;2022;7
Ceuta;5.2.3.-Robos con fuerza en establecimientos;2021;10
Ceuta;5.2.3.-Robos con fuerza en establecimientos;2020;15
Ceuta;5.2.3.-Robos con fuerza en establecimientos;2019;10
Ceuta;5.2.3.-Robos con fuerza en establecimientos;2018;10
Ceuta;5.3.-Robos con violencia o intimidación;2024;85
Ceuta;5.3.-Robos con violencia o intimidación;2023;56
Ceuta;5.3.-Robos con violencia o intimidación;2022;70
Ceuta;5.3.-Robos con violencia o intimidación;2021;108
Ceuta;5.3.-Robos con violencia o intimidación;2020;79
Ceuta;5.3.-Robos con violencia o intimidación;2019;88
Ceuta;5.3.-Robos con violencia o intimidación;2018;63
Ceuta;5.3.1.-Robos con violencia en vía pública;2024;53
Ceuta;5.3.1.-Robos con violencia en vía pública;2023;42
Ceuta;5.3.1.-Robos con violencia en vía pública;2022;49
Ceuta;5.3.1.-Robos con violencia en vía pública;2021;75
Ceuta;5.3.1.-Robos con violencia en vía pública;2020;59
Ceuta;5.3.1.-Robos con violencia en vía pública;2019;61
Ceuta;5.3.1.-Robos con violencia en vía pública;2018;45
Ceuta;5.3.2.-Robos con violencia en viviendas;2024;9
Ceuta;5.3.2.-Robos con violencia en viviendas;2023;2
Ceuta;5.3.2.-Robos con violencia en viviendas;2022;2
Ceuta;5.3.2.-Robos con violencia en viviendas;2021;4
Ceuta;5.3.2.-Robos con violencia en viviendas;2020;2
Ceuta;5.3.2.-Robos con violencia en viviendas;2019;5
Ceuta;5.3.2.-Robos con violencia en viviendas;2018;4
Ceuta;5.3.3.-Robos con violencia en establecimientos;2024;12
Ceuta;5.3.3.-Robos con violencia en establecimientos;2023;10
Ceuta;5.3.3.-Robos con violencia en establecimientos;2022;4
Ceuta;5.3.3.-Robos con violencia en establecimientos;2021;8
Ceuta;5.3.3.-Robos con violencia en establecimientos;2020;7
Ceuta;5.3.3.-Robos con violencia en establecimientos;2019;10
Ceuta;5.3.3.-Robos con violencia en establecimientos;2018;6
Ceuta;5.4.-Sustracción de vehículos;2024;27
Ceuta;5.4.-Sustracción de vehículos;2023;16
Ceuta;5.4.-Sustracción de vehículos;2022;13
Ceuta;5.4.-Sustracción de vehículos;2021;17
Ceuta;5.4.-Sustracción de vehículos;2020;11
Ceuta;5.4.-Sustracción de vehículos;2019;27
Ceuta;5.4.-Sustracción de vehículos;2018;27
Ceuta;5.5.-Estafas;2024;104
Ceuta;5.5.-Estafas;2023;92
Ceuta;5.5.-Estafas;2022;66
Ceuta;5.5.-Estafas;2021;62
Ceuta;5.5.-Estafas;2020;50
Ceuta;5.5.-Estafas;2019;69
Ceuta;5.5.-Estafas;2018;60
Ceuta;5.5.1.-Estafas informáticas;2024;63
Ceuta;5.5.1.-Estafas informáticas;2023;57
Ceuta;5.5.1.-Estafas informáticas;2022;45
Ceuta;5.5.1.-Estafas informáticas;2021;48
Ceuta;5.5.1.-Estafas informáticas;2020;34
Ceuta;5.5.1.-Estafas informáticas;2019;26
Ceuta;5.5.1.-Estafas informáticas;2018;25
Ceuta;5.6.-Daños;2024;47
Ceuta;5.6.-Daños;2023;57
Ceuta;5.6.-Daños;2022;93
Ceuta;5.6.-Daños;2021;88
Ceuta;5.6.-Daños;2020;72
Ceuta;5.6.-Daños;2019;62
Ceuta;5.6.-Daños;2018;48
Ceuta;5.7.-Contra la propiedad intelectual/industrial;2024;0
Ceuta;5.7.-Contra la propiedad intelectual/industrial;2023;1
Ceuta;5.7.-Contra la propiedad intelectual/industrial;2022;2
Ceuta;5.7.-Contra la propiedad intelectual/industrial;2021;1
Ceuta;5.7.-Contra la propiedad intelectual/industrial;2020;1
Ceuta;5.7.-Contra la propiedad intelectual/industrial;2019;2
Ceuta;5.7.-Contra la propiedad intelectual/industrial;2018;0
Ceuta;5.8.-Blanqueo de capitales;2024;3
Ceuta;5.8.-Blanqueo de capitales;2023;0
Ceuta;5.8.-Blanqueo de capitales;2022;1
Ceuta;5.8.-Blanqueo de capitales;2021;0
Ceuta;5.8.-Blanqueo de capitales;2020;0
Ceuta;5.8.-Blanqueo de capitales;2019;1
Ceuta;5.8.-Blanqueo de capitales;2018;4
Ceuta;5.9.-Otros contra el patrimonio;2024;58
Ceuta;5.9.-Otros contra el patrimonio;2023;48
Ceuta;5.9.-Otros contra el patrimonio;2022;33
Ceuta;5.9.-Otros contra el patrimonio;2021;41
Ceuta;5.9.-Otros contra el patrimonio;2020;38
Ceuta;5.9.-Otros contra el patrimonio;2019;45
Ceuta;5.9.-Otros contra el patrimonio;2018;51
Ceuta;6. SEGURIDAD COLECTIVA;2024;228
Ceuta;6. SEGURIDAD COLECTIVA;2023;248
Ceuta;6. SEGURIDAD COLECTIVA;2022;237
Ceuta;6. SEGURIDAD COLECTIVA;2021;325
Ceuta;6. SEGURIDAD COLECTIVA;2020;326
Ceuta;6. SEGURIDAD COLECTIVA;2019;486
Ceuta;6. SEGURIDAD COLECTIVA;2018;369
Ceuta;6.1.-Tráfico de drogas;2024;84
Ceuta;6.1.-Tráfico de drogas;2023;86
Ceuta;6.1.-Tráfico de drogas;2022;80
Ceuta;6.1.-Tráfico de drogas;2021;141
Ceuta;6.1.-Tráfico de drogas;2020;192
Ceuta;6.1.-Tráfico de drogas;2019;284
Ceuta;6.1.-Tráfico de drogas;2018;154
Ceuta;6.2.-Contra la seguridad vial;2024;135
Ceuta;6.2.-Contra la seguridad vial;2023;159
Ceuta;6.2.-Contra la seguridad vial;2022;153
Ceuta;6.2.-Contra la seguridad vial;2021;179
Ceuta;6.2.-Contra la seguridad vial;2020;131
Ceuta;6.2.-Contra la seguridad vial;2019;199
Ceuta;6.2.-Contra la seguridad vial;2018;211
Ceuta;6.3.-Otros contra la seguridad colectiva;2024;9
Ceuta;6.3.-Otros contra la seguridad colectiva;2023;3
Ceuta;6.3.-Otros contra la seguridad colectiva;2022;4
Ceuta;6.3.-Otros contra la seguridad colectiva;2021;5
Ceuta;6.3.-Otros contra la seguridad colectiva;2020;3
Ceuta;6.3.-Otros contra la seguridad colectiva;2019;3
Ceuta;6.3.-Otros contra la seguridad colectiva;2018;4
Ceuta;7. FALSEDADES;2024;44
Ceuta;7. FALSEDADES;2023;49
Ceuta;7. FALSEDADES;2022;37
Ceuta;7. FALSEDADES;2021;79
Ceuta;7. FALSEDADES;2020;161
Ceuta;7. FALSEDADES;2019;531
Ceuta;7. FALSEDADES;2018;590
Ceuta;8. ADMÓN. PÚBLICA;2024;1
Ceuta;8. ADMÓN. PÚBLICA;2023;1
Ceuta;8. ADMÓN. PÚBLICA;2022;0
Ceuta;8. ADMÓN. PÚBLICA;2021;0
Ceuta;8. ADMÓN. PÚBLICA;2020;1
Ceuta;8. ADMÓN. PÚBLICA;2019;8
Ceuta;8. ADMÓN. PÚBLICA;2018;9
Ceuta;9. ADMÓN. JUSTICIA;2024;97
Ceuta;9. ADMÓN. JUSTICIA;2023;97
Ceuta;9. ADMÓN. JUSTICIA;2022;101
Ceuta;9. ADMÓN. JUSTICIA;2021;99
Ceuta;9. ADMÓN. JUSTICIA;2020;115
Ceuta;9. ADMÓN. JUSTICIA;2019;148
Ceuta;9. ADMÓN. JUSTICIA;2018;175
Ceuta;10. ORDEN PÚBLICO;2024;103
Ceuta;10. ORDEN PÚBLICO;2023;108
Ceuta;10. ORDEN PÚBLICO;2022;137
Ceuta;10. ORDEN PÚBLICO;2021;152
Ceuta;10. ORDEN PÚBLICO;2020;147
Ceuta;10. ORDEN PÚBLICO;2019;157
Ceuta;10. ORDEN PÚBLICO;2018;128
Ceuta;11. LEGISLACIÓN ESPECIAL;2024;1
Ceuta;11. LEGISLACIÓN ESPECIAL;2023;0
Ceuta;11. LEGISLACIÓN ESPECIAL;2022;2
Ceuta;11. LEGISLACIÓN ESPECIAL;2021;1
Ceuta;11. LEGISLACIÓN ESPECIAL;2020;3
Ceuta;11. LEGISLACIÓN ESPECIAL;2019;5
Ceuta;11. LEGISLACIÓN ESPECIAL;2018;3
Ceuta;12. OTRAS INFRACCIONES PENALES;2024;25
Ceuta;12. OTRAS INFRACCIONES PENALES;2023;29
Ceuta;12. OTRAS INFRACCIONES PENALES;2022;49
Ceuta;12. OTRAS INFRACCIONES PENALES;2021;42
Ceuta;12. OTRAS INFRACCIONES PENALES;2020;56
Ceuta;12. OTRAS INFRACCIONES PENALES;2019;157
Ceuta;12. OTRAS INFRACCIONES PENALES;2018;134
Ceuta;TOTAL INFRACCIONES PENALES;2024;2.052
Ceuta;TOTAL INFRACCIONES PENALES;2023;2.021
Ceuta;TOTAL INFRACCIONES PENALES;2022;1.974
Ceuta;TOTAL INFRACCIONES PENALES;2021;2.299
Ceuta;TOTAL INFRACCIONES PENALES;2020;2.157
Ceuta;TOTAL INFRACCIONES PENALES;2019;2.972
Ceuta;TOTAL INFRACCIONES PENALES;2018;2.910
Melilla;1. CONTRA LAS PERSONAS;2024;865
Melilla;1. CONTRA LAS PERSONAS;2023;839
Melilla;1. CONTRA LAS PERSONAS;2022;843
Melilla;1. CONTRA LAS PERSONAS;2021;799
Melilla;1. CONTRA LAS PERSONAS;2020;806
Melilla;1. CONTRA LAS PERSONAS;2019;855
Melilla;1. CONTRA LAS PERSONAS;2018;813
Melilla;1.1.-Homicidios dolosos/asesinatos;2024;1
Melilla;1.1.-Homicidios dolosos/asesinatos;2023;3
Melilla;1.1.-Homicidios dolosos/asesinatos;2022;6
Melilla;1.1.-Homicidios dolosos/asesinatos;2021;4
Melilla;1.1.-Homicidios dolosos/asesinatos;2020;2
Melilla;1.1.-Homicidios dolosos/asesinatos;2019;9
Melilla;1.1.-Homicidios dolosos/asesinatos;2018;2
Melilla;1.1.1.-Homicidios dolosos/asesinatos consumados;2024;0
Melilla;1.1.1.-Homicidios dolosos/asesinatos consumados;2023;0
Melilla;1.1.1.-Homicidios dolosos/asesinatos consumados;2022;2
Melilla;1.1.1.-Homicidios dolosos/asesinatos consumados;2021;0
Melilla;1.1.1.-Homicidios dolosos/asesinatos consumados;2020;0
Melilla;1.1.1.-Homicidios dolosos/asesinatos consumados;2019;1
Melilla;1.1.1.-Homicidios dolosos/asesinatos consumados;2018;0
Melilla;1.2.-Lesiones;2024;468
Melilla;1.2.-Lesiones;2023;424
Melilla;1.2.-Lesiones;2022;456
Melilla;1.2.-Lesiones;2021;451
Melilla;1.2.-Lesiones;2020;461
Melilla;1.2.-Lesiones;2019;518
Melilla;1.2.-Lesiones;2018;506
Melilla;1.3.-Malos tratos ámbito familiar;2024;378
Melilla;1.3.-Malos tratos ámbito familiar;2023;399
Melilla;1.3.-Malos tratos ámbito familiar;2022;363
Melilla;1.3.-Malos tratos ámbito familiar;2021;323
Melilla;1.3.-Malos tratos ámbito familiar;2020;320
Melilla;1.3.-Malos tratos ámbito familiar;2019;319
Melilla;1.3.-Malos tratos ámbito familiar;2018;282
Melilla;1.4.-Otros contra las personas;2024;18
Melilla;1.4.-Otros contra las personas;2023;13
Melilla;1.4.-Otros contra las personas;2022;18
Melilla;1.4.-Otros contra las personas;2021;21
Melilla;1.4.-Otros contra las personas;2020;23
Melilla;1.4.-Otros contra las personas;2019;9
Melilla;1.4.-Otros contra las personas;2018;23
Melilla;2. CONTRA LA LIBERTAD;2024;438
Melilla;2. CONTRA LA LIBERTAD;2023;384
Melilla;2. CONTRA LA LIBERTAD;2022;341
Melilla;2. CONTRA LA LIBERTAD;2021;346
Melilla;2. CONTRA LA LIBERTAD;2020;302
Melilla;2. CONTRA LA LIBERTAD;2019;253
Melilla;2. CONTRA LA LIBERTAD;2018;298
Melilla;2.1.-Malos tratos habituales en el ámbito familiar;2024;4
Melilla;2.1.-Malos tratos habituales en el ámbito familiar;2023;4
Melilla;2.1.-Malos tratos habituales en el ámbito familiar;2022;14
Melilla;2.1.-Malos tratos habituales en el ámbito familiar;2021;5
Melilla;2.1.-Malos tratos habituales en el ámbito familiar;2020;6
Melilla;2.1.-Malos tratos habituales en el ámbito familiar;2019;11
Melilla;2.1.-Malos tratos habituales en el ámbito familiar;2018;3
Melilla;2.2.-Otros contra la libertad;2024;434
Melilla;2.2.-Otros contra la libertad;2023;380
Melilla;2.2.-Otros contra la libertad;2022;327
Melilla;2.2.-Otros contra la libertad;2021;341
Melilla;2.2.-Otros contra la libertad;2020;296
Melilla;2.2.-Otros contra la libertad;2019;242
Melilla;2.2.-Otros contra la libertad;2018;295
Melilla;3. LIBERTAD SEXUAL;2024;35
Melilla;3. LIBERTAD SEXUAL;2023;37
Melilla;3. LIBERTAD SEXUAL;2022;19
Melilla;3. LIBERTAD SEXUAL;2021;32
Melilla;3. LIBERTAD SEXUAL;2020;24
Melilla;3. LIBERTAD SEXUAL;2019;27
Melilla;3. LIBERTAD SEXUAL;2018;22
Melilla;3.1.-Agresión sexual;2024;22
Melilla;3.1.-Agresión sexual;2023;30
Melilla;3.1.-Agresión sexual;2022;14
Melilla;3.1.-Agresión sexual;2021;23
Melilla;3.1.-Agresión sexual;2020;14
Melilla;3.1.-Agresión sexual;2019;19
Melilla;3.1.-Agresión sexual;2018;14
Melilla;3.2.-Agresión sexual con penetración;2024;8
Melilla;3.2.-Agresión sexual con penetración;2023;3
Melilla;3.2.-Agresión sexual con penetración;2022;3
Melilla;3.2.-Agresión sexual con penetración;2021;5
Melilla;3.2.-Agresión sexual con penetración;2020;6
Melilla;3.2.-Agresión sexual con penetración;2019;3
Melilla;3.2.-Agresión sexual con penetración;2018;2
Melilla;3.3.-Corrupción de menores o incapacitados;2024;0
Melilla;3.3.-Corrupción de menores o incapacitados;2023;0
Melilla;3.3.-Corrupción de menores o incapacitados;2022;0
Melilla;3.3.-Corrupción de menores o incapacitados;2021;1
Melilla;3.3.-Corrupción de menores o incapacitados;2020;2
Melilla;3.3.-Corrupción de menores o incapacitados;2019;0
Melilla;3.3.-Corrupción de menores o incapacitados;2018;1
Melilla;3.4.-Pornografía de menores;2024;0
Melilla;3.4.-Pornografía de menores;2023;2
Melilla;3.4.-Pornografía de menores;2022;0
Melilla;3.4.-Pornografía de menores;2021;1
Melilla;3.4.-Pornografía de menores;2020;0
Melilla;3.4.-Pornografía de menores;2019;0
Melilla;3.4.-Pornografía de menores;2018;1
Melilla;3.5.-Otros contra la libertad sexual;2024;5
Melilla;3.5.-Otros contra la libertad sexual;2023;2
Melilla;3.5.-Otros contra la libertad sexual;2022;2
Melilla;3.5.-Otros contra la libertad sexual;2021;2
Melilla;3.5.-Otros contra la libertad sexual;2020;2
Melilla;3.5.-Otros contra la libertad sexual;2019;5
Melilla;3.5.-Otros contra la libertad sexual;2018;4
Melilla;4. RELACIONES FAMILIARES;2024;17
Melilla;4. RELACIONES FAMILIARES;2023;12
Melilla;4. RELACIONES FAMILIARES;2022;10
Melilla;4. RELACIONES FAMILIARES;2021;22
Melilla;4. RELACIONES FAMILIARES;2020;23
Melilla;4. RELACIONES FAMILIARES;2019;25
Melilla;4. RELACIONES FAMILIARES;2018;19
Melilla;5. PATRIMONIO;2024;928
Melilla;5. PATRIMONIO;2023;827
Melilla;5. PATRIMONIO;2022;776
Melilla;5. PATRIMONIO;2021;698
Melilla;5. PATRIMONIO;2020;935
Melilla;5. PATRIMONIO;2019;1.171
Melilla;5. PATRIMONIO;2018;1.079
Melilla;5.1.-Hurtos;2024;262
Melilla;5.1.-Hurtos;2023;311
Melilla;5.1.-Hurtos;2022;284
Melilla;5.1.-Hurtos;2021;236
Melilla;5.1.-Hurtos;2020;355
Melilla;5.1.-Hurtos;2019;482
Melilla;5.1.-Hurtos;2018;350
Melilla;5.2.-Robos con fuerza en las cosas;2024;100
Melilla;5.2.-Robos con fuerza en las cosas;2023;93
Melilla;5.2.-Robos con fuerza en las cosas;2022;89
Melilla;5.2.-Robos con fuerza en las cosas;2021;65
Melilla;5.2.-Robos con fuerza en las cosas;2020;85
Melilla;5.2.-Robos con fuerza en las cosas;2019;151
Melilla;5.2.-Robos con fuerza en las cosas;2018;192
Melilla;5.2.1.-Robos con fuerza en las cosas en el interior de vehículos;2024;35
Melilla;5.2.1.-Robos con fuerza en las cosas en el interior de vehículos;2023;23
Melilla;5.2.1.-Robos con fuerza en las cosas en el interior de vehículos;2022;41
Melilla;5.2.1.-Robos con fuerza en las cosas en el interior de vehículos;2021;24
Melilla;5.2.1.-Robos con fuerza en las cosas en el interior de vehículos;2020;51
Melilla;5.2.1.-Robos con fuerza en las cosas en el interior de vehículos;2019;86
Melilla;5.2.1.-Robos con fuerza en las cosas en el interior de vehículos;2018;123
Melilla;5.2.2.-Robos con fuerza en viviendas;2024;17
Melilla;5.2.2.-Robos con fuerza en viviendas;2023;28
Melilla;5.2.2.-Robos con fuerza en viviendas;2022;20
Melilla;5.2.2.-Robos con fuerza en viviendas;2021;23
Melilla;5.2.2.-Robos con fuerza en viviendas;2020;17
Melilla;5.2.2.-Robos con fuerza en viviendas;2019;25
Melilla;5.2.2.-Robos con fuerza en viviendas;2018;28
Melilla;5.2.3.-Robos con fuerza en establecimientos;2024;30
Melilla;5.2.3.-Robos con fuerza en establecimientos;2023;30
Melilla;5.2.3.-Robos con fuerza en establecimientos;2022;18
Melilla;5.2.3.-Robos con fuerza en establecimientos;2021;9
Melilla;5.2.3.-Robos con fuerza en establecimientos;2020;8
Melilla;5.2.3.-Robos con fuerza en establecimientos;2019;17
Melilla;5.2.3.-Robos con fuerza en establecimientos;2018;13
Melilla;5.3.-Robos con violencia o intimidación;2024;79
Melilla;5.3.-Robos con violencia o intimidación;2023;92
Melilla;5.3.-Robos con violencia o intimidación;2022;91
Melilla;5.3.-Robos con violencia o intimidación;2021;130
Melilla;5.3.-Robos con violencia o intimidación;2020;222
Melilla;5.3.-Robos con violencia o intimidación;2019;251
Melilla;5.3.-Robos con violencia o intimidación;2018;223
Melilla;5.3.1.-Robos con violencia en vía pública;2024;46
Melilla;5.3.1.-Robos con violencia en vía pública;2023;66
Melilla;5.3.1.-Robos con violencia en vía pública;2022;72
Melilla;5.3.1.-Robos con violencia en vía pública;2021;86
Melilla;5.3.1.-Robos con violencia en vía pública;2020;165
Melilla;5.3.1.-Robos con violencia en vía pública;2019;155
Melilla;5.3.1.-Robos con violencia en vía pública;2018;177
Melilla;5.3.2.-Robos con violencia en viviendas;2024;7
Melilla;5.3.2.-Robos con violencia en viviendas;2023;9
Melilla;5.3.2.-Robos con violencia en viviendas;2022;6
Melilla;5.3.2.-Robos con violencia en viviendas;2021;2
Melilla;5.3.2.-Robos con violencia en viviendas;2020;2
Melilla;5.3.2.-Robos con violencia en viviendas;2019;5
Melilla;5.3.2.-Robos con violencia en viviendas;2018;3
Melilla;5.3.3.-Robos con violencia en establecimientos;2024;18
Melilla;5.3.3.-Robos con violencia en establecimientos;2023;10
Melilla;5.3.3.-Robos con violencia en establecimientos;2022;9
Melilla;5.3.3.-Robos con violencia en establecimientos;2021;13
Melilla;5.3.3.-Robos con violencia en establecimientos;2020;15
Melilla;5.3.3.-Robos con violencia en establecimientos;2019;7
Melilla;5.3.3.-Robos con violencia en establecimientos;2018;5
Melilla;5.4.-Sustracción de vehículos;2024;18
Melilla;5.4.-Sustracción de vehículos;2023;15
Melilla;5.4.-Sustracción de vehículos;2022;19
Melilla;5.4.-Sustracción de vehículos;2021;12
Melilla;5.4.-Sustracción de vehículos;2020;10
Melilla;5.4.-Sustracción de vehículos;2019;11
Melilla;5.4.-Sustracción de vehículos;2018;18
Melilla;5.5.-Estafas;2024;212
Melilla;5.5.-Estafas;2023;143
Melilla;5.5.-Estafas;2022;152
Melilla;5.5.-Estafas;2021;92
Melilla;5.5.-Estafas;2020;128
Melilla;5.5.-Estafas;2019;118
Melilla;5.5.-Estafas;2018;153
Melilla;5.5.1.-Estafas informáticas;2024;136
Melilla;5.5.1.-Estafas informáticas;2023;94
Melilla;5.5.1.-Estafas informáticas;2022;95
Melilla;5.5.1.-Estafas informáticas;2021;54
Melilla;5.5.1.-Estafas informáticas;2020;77
Melilla;5.5.1.-Estafas informáticas;2019;51
Melilla;5.5.1.-Estafas informáticas;2018;58
Melilla;5.6.-Daños;2024;180
Melilla;5.6.-Daños;2023;125
Melilla;5.6.-Daños;2022;92
Melilla;5.6.-Daños;2021;123
Melilla;5.6.-Daños;2020;85
Melilla;5.6.-Daños;2019;93
Melilla;5.6.-Daños;2018;96
Melilla;5.7.-Contra la propiedad intelectual/industrial;2024;0
Melilla;5.7.-Contra la propiedad intelectual/industrial;2023;1
Melilla;5.7.-Contra la propiedad intelectual/industrial;2022;0
Melilla;5.7.-Contra la propiedad intelectual/industrial;2021;1
Melilla;5.7.-Contra la propiedad intelectual/industrial;2020;1
Melilla;5.7.-Contra la propiedad intelectual/industrial;2019;5
Melilla;5.7.-Contra la propiedad intelectual/industrial;2018;10
Melilla;5.8.-Blanqueo de capitales;2024;0
Melilla;5.8.-Blanqueo de capitales;2023;0
Melilla;5.8.-Blanqueo de capitales;2022;1
Melilla;5.8.-Blanqueo de capitales;2021;1
Melilla;5.8.-Blanqueo de capitales;2020;0
Melilla;5.8.-Blanqueo de capitales;2019;5
Melilla;5.8.-Blanqueo de capitales;2018;0
Melilla;5.9.-Otros contra el patrimonio;2024;77
Melilla;5.9.-Otros contra el patrimonio;2023;47
Melilla;5.9.-Otros contra el patrimonio;2022;48
Melilla;5.9.-Otros contra el patrimonio;2021;38
Melilla;5.9.-Otros contra el patrimonio;2020;49
Melilla;5.9.-Otros contra el patrimonio;2019;55
Melilla;5.9.-Otros contra el patrimonio;2018;37
Melilla;6. SEGURIDAD COLECTIVA;2024;215
Melilla;6. SEGURIDAD COLECTIVA;2023;317
Melilla;6. SEGURIDAD COLECTIVA;2022;296
Melilla;6. SEGURIDAD COLECTIVA;2021;312
Melilla;6. SEGURIDAD COLECTIVA;2020;310
Melilla;6. SEGURIDAD COLECTIVA;2019;338
Melilla;6. SEGURIDAD COLECTIVA;2018;306
Melilla;6.1.-Tráfico de drogas;2024;40
Melilla;6.1.-Tráfico de drogas;2023;59
Melilla;6.1.-Tráfico de drogas;2022;64
Melilla;6.1.-Tráfico de drogas;2021;151
Melilla;6.1.-Tráfico de drogas;2020;125
Melilla;6.1.-Tráfico de drogas;2019;70
Melilla;6.1.-Tráfico de drogas;2018;43
Melilla;6.2.-Contra la seguridad vial;2024;167
Melilla;6.2.-Contra la seguridad vial;2023;253
Melilla;6.2.-Contra la seguridad vial;2022;230
Melilla;6.2.-Contra la seguridad vial;2021;155
Melilla;6.2.-Contra la seguridad vial;2020;180
Melilla;6.2.-Contra la seguridad vial;2019;251
Melilla;6.2.-Contra la seguridad vial;2018;230
Melilla;6.3.-Otros contra la seguridad colectiva;2024;8
Melilla;6.3.-Otros contra la seguridad colectiva;2023;5
Melilla;6.3.-Otros contra la seguridad colectiva;2022;2
Melilla;6.3.-Otros contra la seguridad colectiva;2021;6
Melilla;6.3.-Otros contra la seguridad colectiva;2020;5
Melilla;6.3.-Otros contra la seguridad colectiva;2019;17
Melilla;6.3.-Otros contra la seguridad colectiva;2018;33
Melilla;7. FALSEDADES;2024;47
Melilla;7. FALSEDADES;2023;44
Melilla;7. FALSEDADES;2022;38
Melilla;7. FALSEDADES;2021;36
Melilla;7. FALSEDADES;2020;84
Melilla;7. FALSEDADES;2019;284
Melilla;7. FALSEDADES;2018;188
Melilla;8. ADMÓN. PÚBLICA;2024;6
Melilla;8. ADMÓN. PÚBLICA;2023;4
Melilla;8. ADMÓN. PÚBLICA;2022;1
Melilla;8. ADMÓN. PÚBLICA;2021;0
Melilla;8. ADMÓN. PÚBLICA;2020;0
Melilla;8. ADMÓN. PÚBLICA;2019;1
Melilla;8. ADMÓN. PÚBLICA;2018;0
Melilla;9. ADMÓN. JUSTICIA;2024;160
Melilla;9. ADMÓN. JUSTICIA;2023;134
Melilla;9. ADMÓN. JUSTICIA;2022;99
Melilla;9. ADMÓN. JUSTICIA;2021;78
Melilla;9. ADMÓN. JUSTICIA;2020;94
Melilla;9. ADMÓN. JUSTICIA;2019;95
Melilla;9. ADMÓN. JUSTICIA;2018;78
Melilla;10. ORDEN PÚBLICO;2024;110
Melilla;10. ORDEN PÚBLICO;2023;100
Melilla;10. ORDEN PÚBLICO;2022;103
Melilla;10. ORDEN PÚBLICO;2021;129
Melilla;10. ORDEN PÚBLICO;2020;169
Melilla;10. ORDEN PÚBLICO;2019;134
Melilla;10. ORDEN PÚBLICO;2018;154
Melilla;11. LEGISLACIÓN ESPECIAL;2024;1
Melilla;11. LEGISLACIÓN ESPECIAL;2023;4
Melilla;11. LEGISLACIÓN ESPECIAL;2022;0
Melilla;11. LEGISLACIÓN ESPECIAL;2021;2
Melilla;11. LEGISLACIÓN ESPECIAL;2020;0
Melilla;11. LEGISLACIÓN ESPECIAL;2019;8
Melilla;11. LEGISLACIÓN ESPECIAL;2018;1
Melilla;12. OTRAS INFRACCIONES PENALES;2024;26
Melilla;12. OTRAS INFRACCIONES PENALES;2023;41
Melilla;12. OTRAS INFRACCIONES PENALES;2022;52
Melilla;12. OTRAS INFRACCIONES PENALES;2021;38
Melilla;12. OTRAS INFRACCIONES PENALES;2020;37
Melilla;12. OTRAS INFRACCIONES PENALES;2019;127
Melilla;12. OTRAS INFRACCIONES PENALES;2018;123
Melilla;TOTAL INFRACCIONES PENALES;2024;2.848
Melilla;TOTAL INFRACCIONES PENALES;2023;2.743
Melilla;TOTAL INFRACCIONES PENALES;2022;2.578
Melilla;TOTAL INFRACCIONES PENALES;2021;2.492
Melilla;TOTAL INFRACCIONES PENALES;2020;2.784
Melilla;TOTAL INFRACCIONES PENALES;2019;3.318
Melilla;TOTAL INFRACCIONES PENALES;2018;3.081
En el extranjero;1. CONTRA LAS PERSONAS;2024;177
En el extranjero;1. CONTRA LAS PERSONAS;2023;165
En el extranjero;1. CONTRA LAS PERSONAS;2022;152
En el extranjero;1. CONTRA LAS PERSONAS;2021;96
En el extranjero;1. CONTRA LAS PERSONAS;2020;96
En el extranjero;1. CONTRA LAS PERSONAS;2019;156
En el extranjero;1. CONTRA LAS PERSONAS;2018;127
En el extranjero;1.1.-Homicidios dolosos/asesinatos;2024;0
En el extranjero;1.1.-Homicidios dolosos/asesinatos;2023;1
En el extranjero;1.1.-Homicidios dolosos/asesinatos;2022;1
En el extranjero;1.1.-Homicidios dolosos/asesinatos;2021;0
En el extranjero;1.1.-Homicidios dolosos/asesinatos;2020;0
En el extranjero;1.1.-Homicidios dolosos/asesinatos;2019;2
En el extranjero;1.1.-Homicidios dolosos/asesinatos;2018;1
En el extranjero;1.1.1.-Homicidios dolosos/asesinatos consumados;2024;0
En el extranjero;1.1.1.-Homicidios dolosos/asesinatos consumados;2023;1
En el extranjero;1.1.1.-Homicidios dolosos/asesinatos consumados;2022;1
En el extranjero;1.1.1.-Homicidios dolosos/asesinatos consumados;2021;0
En el extranjero;1.1.1.-Homicidios dolosos/asesinatos consumados;2020;0
En el extranjero;1.1.1.-Homicidios dolosos/asesinatos consumados;2019;1
En el extranjero;1.1.1.-Homicidios dolosos/asesinatos consumados;2018;1
En el extranjero;1.2.-Lesiones;2024;24
En el extranjero;1.2.-Lesiones;2023;7
En el extranjero;1.2.-Lesiones;2022;14
En el extranjero;1.2.-Lesiones;2021;7
En el extranjero;1.2.-Lesiones;2020;12
En el extranjero;1.2.-Lesiones;2019;16
En el extranjero;1.2.-Lesiones;2018;8
En el extranjero;1.3.-Malos tratos ámbito familiar;2024;151
En el extranjero;1.3.-Malos tratos ámbito familiar;2023;156
En el extranjero;1.3.-Malos tratos ámbito familiar;2022;136
En el extranjero;1.3.-Malos tratos ámbito familiar;2021;88
En el extranjero;1.3.-Malos tratos ámbito familiar;2020;84
En el extranjero;1.3.-Malos tratos ámbito familiar;2019;138
En el extranjero;1.3.-Malos tratos ámbito familiar;2018;117
En el extranjero;1.4.-Otros contra las personas;2024;2
En el extranjero;1.4.-Otros contra las personas;2023;1
En el extranjero;1.4.-Otros contra las personas;2022;1
En el extranjero;1.4.-Otros contra las personas;2021;1
En el extranjero;1.4.-Otros contra las personas;2020;0
En el extranjero;1.4.-Otros contra las personas;2019;0
En el extranjero;1.4.-Otros contra las personas;2018;1
En el extranjero;2. CONTRA LA LIBERTAD;2024;74
En el extranjero;2. CONTRA LA LIBERTAD;2023;74
En el extranjero;2. CONTRA LA LIBERTAD;2022;75
En el extranjero;2. CONTRA LA LIBERTAD;2021;80
En el extranjero;2. CONTRA LA LIBERTAD;2020;85
En el extranjero;2. CONTRA LA LIBERTAD;2019;94
En el extranjero;2. CONTRA LA LIBERTAD;2018;81
En el extranjero;2.1.-Malos tratos habituales en el ámbito familiar;2024;20
En el extranjero;2.1.-Malos tratos habituales en el ámbito familiar;2023;14
En el extranjero;2.1.-Malos tratos habituales en el ámbito familiar;2022;19
En el extranjero;2.1.-Malos tratos habituales en el ámbito familiar;2021;13
En el extranjero;2.1.-Malos tratos habituales en el ámbito familiar;2020;16
En el extranjero;2.1.-Malos tratos habituales en el ámbito familiar;2019;10
En el extranjero;2.1.-Malos tratos habituales en el ámbito familiar;2018;10
En el extranjero;2.2.-Otros contra la libertad;2024;54
En el extranjero;2.2.-Otros contra la libertad;2023;60
En el extranjero;2.2.-Otros contra la libertad;2022;56
En el extranjero;2.2.-Otros contra la libertad;2021;67
En el extranjero;2.2.-Otros contra la libertad;2020;69
En el extranjero;2.2.-Otros contra la libertad;2019;84
En el extranjero;2.2.-Otros contra la libertad;2018;71
En el extranjero;3. LIBERTAD SEXUAL;2024;61
En el extranjero;3. LIBERTAD SEXUAL;2023;47
En el extranjero;3. LIBERTAD SEXUAL;2022;43
En el extranjero;3. LIBERTAD SEXUAL;2021;31
En el extranjero;3. LIBERTAD SEXUAL;2020;21
En el extranjero;3. LIBERTAD SEXUAL;2019;48
En el extranjero;3. LIBERTAD SEXUAL;2018;25
En el extranjero;3.1.-Agresión sexual;2024;39
En el extranjero;3.1.-Agresión sexual;2023;24
En el extranjero;3.1.-Agresión sexual;2022;30
En el extranjero;3.1.-Agresión sexual;2021;22
En el extranjero;3.1.-Agresión sexual;2020;11
En el extranjero;3.1.-Agresión sexual;2019;19
En el extranjero;3.1.-Agresión sexual;2018;13
En el extranjero;3.2.-Agresión sexual con penetración;2024;15
En el extranjero;3.2.-Agresión sexual con penetración;2023;21
En el extranjero;3.2.-Agresión sexual con penetración;2022;11
En el extranjero;3.2.-Agresión sexual con penetración;2021;8
En el extranjero;3.2.-Agresión sexual con penetración;2020;7
En el extranjero;3.2.-Agresión sexual con penetración;2019;18
En el extranjero;3.2.-Agresión sexual con penetración;2018;7
En el extranjero;3.3.-Corrupción de menores o incapacitados;2024;0
En el extranjero;3.3.-Corrupción de menores o incapacitados;2023;0
En el extranjero;3.3.-Corrupción de menores o incapacitados;2022;0
En el extranjero;3.3.-Corrupción de menores o incapacitados;2021;1
En el extranjero;3.3.-Corrupción de menores o incapacitados;2020;0
En el extranjero;3.3.-Corrupción de menores o incapacitados;2019;0
En el extranjero;3.3.-Corrupción de menores o incapacitados;2018;0
En el extranjero;3.4.-Pornografía de menores;2024;3
En el extranjero;3.4.-Pornografía de menores;2023;1
En el extranjero;3.4.-Pornografía de menores;2022;1
En el extranjero;3.4.-Pornografía de menores;2021;0
En el extranjero;3.4.-Pornografía de menores;2020;1
En el extranjero;3.4.-Pornografía de menores;2019;8
En el extranjero;3.4.-Pornografía de menores;2018;4
En el extranjero;3.5.-Otros contra la libertad sexual;2024;4
En el extranjero;3.5.-Otros contra la libertad sexual;2023;1
En el extranjero;3.5.-Otros contra la libertad sexual;2022;1
En el extranjero;3.5.-Otros contra la libertad sexual;2021;0
En el extranjero;3.5.-Otros contra la libertad sexual;2020;2
En el extranjero;3.5.-Otros contra la libertad sexual;2019;3
En el extranjero;3.5.-Otros contra la libertad sexual;2018;1
En el extranjero;4. RELACIONES FAMILIARES;2024;37
En el extranjero;4. RELACIONES FAMILIARES;2023;49
En el extranjero;4. RELACIONES FAMILIARES;2022;46
En el extranjero;4. RELACIONES FAMILIARES;2021;74
En el extranjero;4. RELACIONES FAMILIARES;2020;39
En el extranjero;4. RELACIONES FAMILIARES;2019;65
En el extranjero;4. RELACIONES FAMILIARES;2018;60
En el extranjero;5. PATRIMONIO;2024;640
En el extranjero;5. PATRIMONIO;2023;645
En el extranjero;5. PATRIMONIO;2022;704
En el extranjero;5. PATRIMONIO;2021;393
En el extranjero;5. PATRIMONIO;2020;450
En el extranjero;5. PATRIMONIO;2019;607
En el extranjero;5. PATRIMONIO;2018;441
En el extranjero;5.1.-Hurtos;2024;26
En el extranjero;5.1.-Hurtos;2023;13
En el extranjero;5.1.-Hurtos;2022;14
En el extranjero;5.1.-Hurtos;2021;8
En el extranjero;5.1.-Hurtos;2020;9
En el extranjero;5.1.-Hurtos;2019;11
En el extranjero;5.1.-Hurtos;2018;11
En el extranjero;5.2.-Robos con fuerza en las cosas;2024;2
En el extranjero;5.2.-Robos con fuerza en las cosas;2023;2
En el extranjero;5.2.-Robos con fuerza en las cosas;2022;6
En el extranjero;5.2.-Robos con fuerza en las cosas;2021;4
En el extranjero;5.2.-Robos con fuerza en las cosas;2020;1
En el extranjero;5.2.-Robos con fuerza en las cosas;2019;2
En el extranjero;5.2.-Robos con fuerza en las cosas;2018;3
En el extranjero;5.2.1.-Robos con fuerza en las cosas en el interior de vehículos;2024;0
En el extranjero;5.2.1.-Robos con fuerza en las cosas en el interior de vehículos;2023;0
En el extranjero;5.2.1.-Robos con fuerza en las cosas en el interior de vehículos;2022;4
En el extranjero;5.2.1.-Robos con fuerza en las cosas en el interior de vehículos;2021;2
En el extranjero;5.2.1.-Robos con fuerza en las cosas en el interior de vehículos;2020;0
En el extranjero;5.2.1.-Robos con fuerza en las cosas en el interior de vehículos;2019;1
En el extranjero;5.2.1.-Robos con fuerza en las cosas en el interior de vehículos;2018;0
En el extranjero;5.2.2.-Robos con fuerza en viviendas;2024;0
En el extranjero;5.2.2.-Robos con fuerza en viviendas;2023;0
En el extranjero;5.2.2.-Robos con fuerza en viviendas;2022;0
En el extranjero;5.2.2.-Robos con fuerza en viviendas;2021;0
En el extranjero;5.2.2.-Robos con fuerza en viviendas;2020;0
En el extranjero;5.2.2.-Robos con fuerza en viviendas;2019;1
En el extranjero;5.2.2.-Robos con fuerza en viviendas;2018;0
En el extranjero;5.2.3.-Robos con fuerza en establecimientos;2024;0
En el extranjero;5.2.3.-Robos con fuerza en establecimientos;2023;0
En el extranjero;5.2.3.-Robos con fuerza en establecimientos;2022;0
En el extranjero;5.2.3.-Robos con fuerza en establecimientos;2021;0
En el extranjero;5.2.3.-Robos con fuerza en establecimientos;2020;1
En el extranjero;5.2.3.-Robos con fuerza en establecimientos;2019;0
En el extranjero;5.2.3.-Robos con fuerza en establecimientos;2018;1
En el extranjero;5.3.-Robos con violencia o intimidación;2024;1
En el extranjero;5.3.-Robos con violencia o intimidación;2023;2
En el extranjero;5.3.-Robos con violencia o intimidación;2022;3
En el extranjero;5.3.-Robos con violencia o intimidación;2021;0
En el extranjero;5.3.-Robos con violencia o intimidación;2020;1
En el extranjero;5.3.-Robos con violencia o intimidación;2019;1
En el extranjero;5.3.-Robos con violencia o intimidación;2018;4
En el extranjero;5.3.1.-Robos con violencia en vía pública;2024;0
En el extranjero;5.3.1.-Robos con violencia en vía pública;2023;1
En el extranjero;5.3.1.-Robos con violencia en vía pública;2022;1
En el extranjero;5.3.1.-Robos con violencia en vía pública;2021;0
En el extranjero;5.3.1.-Robos con violencia en vía pública;2020;1
En el extranjero;5.3.1.-Robos con violencia en vía pública;2019;0
En el extranjero;5.3.1.-Robos con violencia en vía pública;2018;3
En el extranjero;5.3.2.-Robos con violencia en viviendas;2024;0
En el extranjero;5.3.2.-Robos con violencia en viviendas;2023;0
En el extranjero;5.3.2.-Robos con violencia en viviendas;2022;0
En el extranjero;5.3.2.-Robos con violencia en viviendas;2021;0
En el extranjero;5.3.2.-Robos con violencia en viviendas;2020;0
En el extranjero;5.3.2.-Robos con violencia en viviendas;2019;0
En el extranjero;5.3.2.-Robos con violencia en viviendas;2018;1
En el extranjero;5.3.3.-Robos con violencia en establecimientos;2024;1
En el extranjero;5.3.3.-Robos con violencia en establecimientos;2023;1
En el extranjero;5.3.3.-Robos con violencia en establecimientos;2022;0
En el extranjero;5.3.3.-Robos con violencia en establecimientos;2021;0
En el extranjero;5.3.3.-Robos con violencia en establecimientos;2020;0
En el extranjero;5.3.3.-Robos con violencia en establecimientos;2019;0
En el extranjero;5.3.3.-Robos con violencia en establecimientos;2018;0
En el extranjero;5.4.-Sustracción de vehículos;2024;140
En el extranjero;5.4.-Sustracción de vehículos;2023;102
En el extranjero;5.4.-Sustracción de vehículos;2022;48
En el extranjero;5.4.-Sustracción de vehículos;2021;54
En el extranjero;5.4.-Sustracción de vehículos;2020;75
En el extranjero;5.4.-Sustracción de vehículos;2019;85
En el extranjero;5.4.-Sustracción de vehículos;2018;70
En el extranjero;5.5.-Estafas;2024;399
En el extranjero;5.5.-Estafas;2023;472
En el extranjero;5.5.-Estafas;2022;599
En el extranjero;5.5.-Estafas;2021;311
En el extranjero;5.5.-Estafas;2020;340
En el extranjero;5.5.-Estafas;2019;478
En el extranjero;5.5.-Estafas;2018;311
En el extranjero;5.5.1.-Estafas informáticas;2024;335
En el extranjero;5.5.1.-Estafas informáticas;2023;401
En el extranjero;5.5.1.-Estafas informáticas;2022;500
En el extranjero;5.5.1.-Estafas informáticas;2021;235
En el extranjero;5.5.1.-Estafas informáticas;2020;266
En el extranjero;5.5.1.-Estafas informáticas;2019;284
En el extranjero;5.5.1.-Estafas informáticas;2018;165
En el extranjero;5.6.-Daños;2024;3
En el extranjero;5.6.-Daños;2023;0
En el extranjero;5.6.-Daños;2022;3
En el extranjero;5.6.-Daños;2021;2
En el extranjero;5.6.-Daños;2020;1
En el extranjero;5.6.-Daños;2019;1
En el extranjero;5.6.-Daños;2018;0
En el extranjero;5.7.-Contra la propiedad intelectual/industrial;2024;3
En el extranjero;5.7.-Contra la propiedad intelectual/industrial;2023;1
En el extranjero;5.7.-Contra la propiedad intelectual/industrial;2022;1
En el extranjero;5.7.-Contra la propiedad intelectual/industrial;2021;0
En el extranjero;5.7.-Contra la propiedad intelectual/industrial;2020;1
En el extranjero;5.7.-Contra la propiedad intelectual/industrial;2019;0
En el extranjero;5.7.-Contra la propiedad intelectual/industrial;2018;0
En el extranjero;5.8.-Blanqueo de capitales;2024;17
En el extranjero;5.8.-Blanqueo de capitales;2023;18
En el extranjero;5.8.-Blanqueo de capitales;2022;6
En el extranjero;5.8.-Blanqueo de capitales;2021;0
En el extranjero;5.8.-Blanqueo de capitales;2020;3
En el extranjero;5.8.-Blanqueo de capitales;2019;8
En el extranjero;5.8.-Blanqueo de capitales;2018;6
En el extranjero;5.9.-Otros contra el patrimonio;2024;49
En el extranjero;5.9.-Otros contra el patrimonio;2023;35
En el extranjero;5.9.-Otros contra el patrimonio;2022;24
En el extranjero;5.9.-Otros contra el patrimonio;2021;14
En el extranjero;5.9.-Otros contra el patrimonio;2020;19
En el extranjero;5.9.-Otros contra el patrimonio;2019;21
En el extranjero;5.9.-Otros contra el patrimonio;2018;36
En el extranjero;6. SEGURIDAD COLECTIVA;2024;51
En el extranjero;6. SEGURIDAD COLECTIVA;2023;45
En el extranjero;6. SEGURIDAD COLECTIVA;2022;23
En el extranjero;6. SEGURIDAD COLECTIVA;2021;23
En el extranjero;6. SEGURIDAD COLECTIVA;2020;24
En el extranjero;6. SEGURIDAD COLECTIVA;2019;12
En el extranjero;6. SEGURIDAD COLECTIVA;2018;10
En el extranjero;6.1.-Tráfico de drogas;2024;50
En el extranjero;6.1.-Tráfico de drogas;2023;41
En el extranjero;6.1.-Tráfico de drogas;2022;22
En el extranjero;6.1.-Tráfico de drogas;2021;23
En el extranjero;6.1.-Tráfico de drogas;2020;22
En el extranjero;6.1.-Tráfico de drogas;2019;12
En el extranjero;6.1.-Tráfico de drogas;2018;10
En el extranjero;6.2.-Contra la seguridad vial;2024;1
En el extranjero;6.2.-Contra la seguridad vial;2023;1
En el extranjero;6.2.-Contra la seguridad vial;2022;1
En el extranjero;6.2.-Contra la seguridad vial;2021;0
En el extranjero;6.2.-Contra la seguridad vial;2020;0
En el extranjero;6.2.-Contra la seguridad vial;2019;0
En el extranjero;6.2.-Contra la seguridad vial;2018;0
En el extranjero;6.3.-Otros contra la seguridad colectiva;2024;0
En el extranjero;6.3.-Otros contra la seguridad colectiva;2023;3
En el extranjero;6.3.-Otros contra la seguridad colectiva;2022;0
En el extranjero;6.3.-Otros contra la seguridad colectiva;2021;0
En el extranjero;6.3.-Otros contra la seguridad colectiva;2020;2
En el extranjero;6.3.-Otros contra la seguridad colectiva;2019;0
En el extranjero;6.3.-Otros contra la seguridad colectiva;2018;0
En el extranjero;7. FALSEDADES;2024;20
En el extranjero;7. FALSEDADES;2023;25
En el extranjero;7. FALSEDADES;2022;14
En el extranjero;7. FALSEDADES;2021;14
En el extranjero;7. FALSEDADES;2020;51
En el extranjero;7. FALSEDADES;2019;159
En el extranjero;7. FALSEDADES;2018;298
En el extranjero;8. ADMÓN. PÚBLICA;2024;1
En el extranjero;8. ADMÓN. PÚBLICA;2023;0
En el extranjero;8. ADMÓN. PÚBLICA;2022;1
En el extranjero;8. ADMÓN. PÚBLICA;2021;0
En el extranjero;8. ADMÓN. PÚBLICA;2020;3
En el extranjero;8. ADMÓN. PÚBLICA;2019;0
En el extranjero;8. ADMÓN. PÚBLICA;2018;1
En el extranjero;9. ADMÓN. JUSTICIA;2024;21
En el extranjero;9. ADMÓN. JUSTICIA;2023;25
En el extranjero;9. ADMÓN. JUSTICIA;2022;21
En el extranjero;9. ADMÓN. JUSTICIA;2021;17
En el extranjero;9. ADMÓN. JUSTICIA;2020;18
En el extranjero;9. ADMÓN. JUSTICIA;2019;31
En el extranjero;9. ADMÓN. JUSTICIA;2018;27
En el extranjero;10. ORDEN PÚBLICO;2024;20
En el extranjero;10. ORDEN PÚBLICO;2023;27
En el extranjero;10. ORDEN PÚBLICO;2022;10
En el extranjero;10. ORDEN PÚBLICO;2021;7
En el extranjero;10. ORDEN PÚBLICO;2020;5
En el extranjero;10. ORDEN PÚBLICO;2019;4
En el extranjero;10. ORDEN PÚBLICO;2018;2
En el extranjero;11. LEGISLACIÓN ESPECIAL;2024;1
En el extranjero;11. LEGISLACIÓN ESPECIAL;2023;0
En el extranjero;11. LEGISLACIÓN ESPECIAL;2022;1
En el extranjero;11. LEGISLACIÓN ESPECIAL;2021;1
En el extranjero;11. LEGISLACIÓN ESPECIAL;2020;0
En el extranjero;11. LEGISLACIÓN ESPECIAL;2019;2
En el extranjero;11. LEGISLACIÓN ESPECIAL;2018;0
En el extranjero;12. OTRAS INFRACCIONES PENALES;2024;7
En el extranjero;12. OTRAS INFRACCIONES PENALES;2023;11
En el extranjero;12. OTRAS INFRACCIONES PENALES;2022;12
En el extranjero;12. OTRAS INFRACCIONES PENALES;2021;5
En el extranjero;12. OTRAS INFRACCIONES PENALES;2020;9
En el extranjero;12. OTRAS INFRACCIONES PENALES;2019;14
En el extranjero;12. OTRAS INFRACCIONES PENALES;2018;10
En el extranjero;TOTAL INFRACCIONES PENALES;2024;1.110
En el extranjero;TOTAL INFRACCIONES PENALES;2023;1.113
En el extranjero;TOTAL INFRACCIONES PENALES;2022;1.102
En el extranjero;TOTAL INFRACCIONES PENALES;2021;741
En el extranjero;TOTAL INFRACCIONES PENALES;2020;801
En el extranjero;TOTAL INFRACCIONES PENALES;2019;1.192
En el extranjero;TOTAL INFRACCIONES PENALES;2018;1.082
Desconocida;1. CONTRA LAS PERSONAS;2024;0
Desconocida;1. CONTRA LAS PERSONAS;2023;0
Desconocida;1. CONTRA LAS PERSONAS;2022;0
Desconocida;1. CONTRA LAS PERSONAS;2021;0
Desconocida;1. CONTRA LAS PERSONAS;2020;0
Desconocida;1. CONTRA LAS PERSONAS;2019;0
Desconocida;1. CONTRA LAS PERSONAS;2018;0
Desconocida;1.1.-Homicidios dolosos/asesinatos;2024;0
Desconocida;1.1.-Homicidios dolosos/asesinatos;2023;0
Desconocida;1.1.-Homicidios dolosos/asesinatos;2022;0
Desconocida;1.1.-Homicidios dolosos/asesinatos;2021;0
Desconocida;1.1.-Homicidios dolosos/asesinatos;2020;0
Desconocida;1.1.-Homicidios dolosos/asesinatos;2019;0
Desconocida;1.1.-Homicidios dolosos/asesinatos;2018;0
Desconocida;1.1.1.-Homicidios dolosos/asesinatos consumados;2024;0
Desconocida;1.1.1.-Homicidios dolosos/asesinatos consumados;2023;0
Desconocida;1.1.1.-Homicidios dolosos/asesinatos consumados;2022;0
Desconocida;1.1.1.-Homicidios dolosos/asesinatos consumados;2021;0
Desconocida;1.1.1.-Homicidios dolosos/asesinatos consumados;2020;0
Desconocida;1.1.1.-Homicidios dolosos/asesinatos consumados;2019;0
Desconocida;1.1.1.-Homicidios dolosos/asesinatos consumados;2018;0
Desconocida;1.2.-Lesiones;2024;0
Desconocida;1.2.-Lesiones;2023;0
Desconocida;1.2.-Lesiones;2022;0
Desconocida;1.2.-Lesiones;2021;0
Desconocida;1.2.-Lesiones;2020;0
Desconocida;1.2.-Lesiones;2019;0
Desconocida;1.2.-Lesiones;2018;0
Desconocida;1.3.-Malos tratos ámbito familiar;2024;0
Desconocida;1.3.-Malos tratos ámbito familiar;2023;0
Desconocida;1.3.-Malos tratos ámbito familiar;2022;0
Desconocida;1.3.-Malos tratos ámbito familiar;2021;0
Desconocida;1.3.-Malos tratos ámbito familiar;2020;0
Desconocida;1.3.-Malos tratos ámbito familiar;2019;0
Desconocida;1.3.-Malos tratos ámbito familiar;2018;0
Desconocida;1.4.-Otros contra las personas;2024;0
Desconocida;1.4.-Otros contra las personas;2023;0
Desconocida;1.4.-Otros contra las personas;2022;0
Desconocida;1.4.-Otros contra las personas;2021;0
Desconocida;1.4.-Otros contra las personas;2020;0
Desconocida;1.4.-Otros contra las personas;2019;0
Desconocida;1.4.-Otros contra las personas;2018;0
Desconocida;2. CONTRA LA LIBERTAD;2024;0
Desconocida;2. CONTRA LA LIBERTAD;2023;0
Desconocida;2. CONTRA LA LIBERTAD;2022;0
Desconocida;2. CONTRA LA LIBERTAD;2021;0
Desconocida;2. CONTRA LA LIBERTAD;2020;0
Desconocida;2. CONTRA LA LIBERTAD;2019;0
Desconocida;2. CONTRA LA LIBERTAD;2018;0
Desconocida;2.1.-Malos tratos habituales en el ámbito familiar;2024;0
Desconocida;2.1.-Malos tratos habituales en el ámbito familiar;2023;0
Desconocida;2.1.-Malos tratos habituales en el ámbito familiar;2022;0
Desconocida;2.1.-Malos tratos habituales en el ámbito familiar;2021;0
Desconocida;2.1.-Malos tratos habituales en el ámbito familiar;2020;0
Desconocida;2.1.-Malos tratos habituales en el ámbito familiar;2019;0
Desconocida;2.1.-Malos tratos habituales en el ámbito familiar;2018;0
Desconocida;2.2.-Otros contra la libertad;2024;0
Desconocida;2.2.-Otros contra la libertad;2023;0
Desconocida;2.2.-Otros contra la libertad;2022;0
Desconocida;2.2.-Otros contra la libertad;2021;0
Desconocida;2.2.-Otros contra la libertad;2020;0
Desconocida;2.2.-Otros contra la libertad;2019;0
Desconocida;2.2.-Otros contra la libertad;2018;0
Desconocida;3. LIBERTAD SEXUAL;2024;0
Desconocida;3. LIBERTAD SEXUAL;2023;0
Desconocida;3. LIBERTAD SEXUAL;2022;0
Desconocida;3. LIBERTAD SEXUAL;2021;0
Desconocida;3. LIBERTAD SEXUAL;2020;0
Desconocida;3. LIBERTAD SEXUAL;2019;0
Desconocida;3. LIBERTAD SEXUAL;2018;0
Desconocida;3.1.-Agresión sexual;2024;0
Desconocida;3.1.-Agresión sexual;2023;0
Desconocida;3.1.-Agresión sexual;2022;0
Desconocida;3.1.-Agresión sexual;2021;0
Desconocida;3.1.-Agresión sexual;2020;0
Desconocida;3.1.-Agresión sexual;2019;0
Desconocida;3.1.-Agresión sexual;2018;0
Desconocida;3.2.-Agresión sexual con penetración;2024;0
Desconocida;3.2.-Agresión sexual con penetración;2023;0
Desconocida;3.2.-Agresión sexual con penetración;2022;0
Desconocida;3.2.-Agresión sexual con penetración;2021;0
Desconocida;3.2.-Agresión sexual con penetración;2020;0
Desconocida;3.2.-Agresión sexual con penetración;2019;0
Desconocida;3.2.-Agresión sexual con penetración;2018;0
Desconocida;3.3.-Corrupción de menores o incapacitados;2024;0
Desconocida;3.3.-Corrupción de menores o incapacitados;2023;0
Desconocida;3.3.-Corrupción de menores o incapacitados;2022;0
Desconocida;3.3.-Corrupción de menores o incapacitados;2021;0
Desconocida;3.3.-Corrupción de menores o incapacitados;2020;0
Desconocida;3.3.-Corrupción de menores o incapacitados;2019;0
Desconocida;3.3.-Corrupción de menores o incapacitados;2018;0
Desconocida;3.4.-Pornografía de menores;2024;0
Desconocida;3.4.-Pornografía de menores;2023;0
Desconocida;3.4.-Pornografía de menores;2022;0
Desconocida;3.4.-Pornografía de menores;2021;0
Desconocida;3.4.-Pornografía de menores;2020;0
Desconocida;3.4.-Pornografía de menores;2019;0
Desconocida;3.4.-Pornografía de menores;2018;0
Desconocida;3.5.-Otros contra la libertad sexual;2024;0
Desconocida;3.5.-Otros contra la libertad sexual;2023;0
Desconocida;3.5.-Otros contra la libertad sexual;2022;0
Desconocida;3.5.-Otros contra la libertad sexual;2021;0
Desconocida;3.5.-Otros contra la libertad sexual;2020;0
Desconocida;3.5.-Otros contra la libertad sexual;2019;0
Desconocida;3.5.-Otros contra la libertad sexual;2018;0
Desconocida;4. RELACIONES FAMILIARES;2024;0
Desconocida;4. RELACIONES FAMILIARES;2023;0
Desconocida;4. RELACIONES FAMILIARES;2022;0
Desconocida;4. RELACIONES FAMILIARES;2021;0
Desconocida;4. RELACIONES FAMILIARES;2020;0
Desconocida;4. RELACIONES FAMILIARES;2019;0
Desconocida;4. RELACIONES FAMILIARES;2018;0
Desconocida;5. PATRIMONIO;2024;0
Desconocida;5. PATRIMONIO;2023;0
Desconocida;5. PATRIMONIO;2022;0
Desconocida;5. PATRIMONIO;2021;0
Desconocida;5. PATRIMONIO;2020;0
Desconocida;5. PATRIMONIO;2019;0
Desconocida;5. PATRIMONIO;2018;0
Desconocida;5.1.-Hurtos;2024;0
Desconocida;5.1.-Hurtos;2023;0
Desconocida;5.1.-Hurtos;2022;0
Desconocida;5.1.-Hurtos;2021;0
Desconocida;5.1.-Hurtos;2020;0
Desconocida;5.1.-Hurtos;2019;0
Desconocida;5.1.-Hurtos;2018;0
Desconocida;5.2.-Robos con fuerza en las cosas;2024;0
Desconocida;5.2.-Robos con fuerza en las cosas;2023;0
Desconocida;5.2.-Robos con fuerza en las cosas;2022;0
Desconocida;5.2.-Robos con fuerza en las cosas;2021;0
Desconocida;5.2.-Robos con fuerza en las cosas;2020;0
Desconocida;5.2.-Robos con fuerza en las cosas;2019;0
Desconocida;5.2.-Robos con fuerza en las cosas;2018;0
Desconocida;5.2.1.-Robos con fuerza en las cosas en el interior de vehículos;2024;0
Desconocida;5.2.1.-Robos con fuerza en las cosas en el interior de vehículos;2023;0
Desconocida;5.2.1.-Robos con fuerza en las cosas en el interior de vehículos;2022;0
Desconocida;5.2.1.-Robos con fuerza en las cosas en el interior de vehículos;2021;0
Desconocida;5.2.1.-Robos con fuerza en las cosas en el interior de vehículos;2020;0
Desconocida;5.2.1.-Robos con fuerza en las cosas en el interior de vehículos;2019;0
Desconocida;5.2.1.-Robos con fuerza en las cosas en el interior de vehículos;2018;0
Desconocida;5.2.2.-Robos con fuerza en viviendas;2024;0
Desconocida;5.2.2.-Robos con fuerza en viviendas;2023;0
Desconocida;5.2.2.-Robos con fuerza en viviendas;2022;0
Desconocida;5.2.2.-Robos con fuerza en viviendas;2021;0
Desconocida;5.2.2.-Robos con fuerza en viviendas;2020;0
Desconocida;5.2.2.-Robos con fuerza en viviendas;2019;0
Desconocida;5.2.2.-Robos con fuerza en viviendas;2018;0
Desconocida;5.2.3.-Robos con fuerza en establecimientos;2024;0
Desconocida;5.2.3.-Robos con fuerza en establecimientos;2023;0
Desconocida;5.2.3.-Robos con fuerza en establecimientos;2022;0
Desconocida;5.2.3.-Robos con fuerza en establecimientos;2021;0
Desconocida;5.2.3.-Robos con fuerza en establecimientos;2020;0
Desconocida;5.2.3.-Robos con fuerza en establecimientos;2019;0
Desconocida;5.2.3.-Robos con fuerza en establecimientos;2018;0
Desconocida;5.3.-Robos con violencia o intimidación;2024;0
Desconocida;5.3.-Robos con violencia o intimidación;2023;0
Desconocida;5.3.-Robos con violencia o intimidación;2022;0
Desconocida;5.3.-Robos con violencia o intimidación;2021;0
Desconocida;5.3.-Robos con violencia o intimidación;2020;0
Desconocida;5.3.-Robos con violencia o intimidación;2019;0
Desconocida;5.3.-Robos con violencia o intimidación;2018;0
Desconocida;5.3.1.-Robos con violencia en vía pública;2024;0
Desconocida;5.3.1.-Robos con violencia en vía pública;2023;0
Desconocida;5.3.1.-Robos con violencia en vía pública;2022;0
Desconocida;5.3.1.-Robos con violencia en vía pública;2021;0
Desconocida;5.3.1.-Robos con violencia en vía pública;2020;0
Desconocida;5.3.1.-Robos con violencia en vía pública;2019;0
Desconocida;5.3.1.-Robos con violencia en vía pública;2018;0
Desconocida;5.3.2.-Robos con violencia en viviendas;2024;0
Desconocida;5.3.2.-Robos con violencia en viviendas;2023;0
Desconocida;5.3.2.-Robos con violencia en viviendas;2022;0
Desconocida;5.3.2.-Robos con violencia en viviendas;2021;0
Desconocida;5.3.2.-Robos con violencia en viviendas;2020;0
Desconocida;5.3.2.-Robos con violencia en viviendas;2019;0
Desconocida;5.3.2.-Robos con violencia en viviendas;2018;0
Desconocida;5.3.3.-Robos con violencia en establecimientos;2024;0
Desconocida;5.3.3.-Robos con violencia en establecimientos;2023;0
Desconocida;5.3.3.-Robos con violencia en establecimientos;2022;0
Desconocida;5.3.3.-Robos con violencia en establecimientos;2021;0
Desconocida;5.3.3.-Robos con violencia en establecimientos;2020;0
Desconocida;5.3.3.-Robos con violencia en establecimientos;2019;0
Desconocida;5.3.3.-Robos con violencia en establecimientos;2018;0
Desconocida;5.4.-Sustracción de vehículos;2024;0
Desconocida;5.4.-Sustracción de vehículos;2023;0
Desconocida;5.4.-Sustracción de vehículos;2022;0
Desconocida;5.4.-Sustracción de vehículos;2021;0
Desconocida;5.4.-Sustracción de vehículos;2020;0
Desconocida;5.4.-Sustracción de vehículos;2019;0
Desconocida;5.4.-Sustracción de vehículos;2018;0
Desconocida;5.5.-Estafas;2024;0
Desconocida;5.5.-Estafas;2023;0
Desconocida;5.5.-Estafas;2022;0
Desconocida;5.5.-Estafas;2021;0
Desconocida;5.5.-Estafas;2020;0
Desconocida;5.5.-Estafas;2019;0
Desconocida;5.5.-Estafas;2018;0
Desconocida;5.5.1.-Estafas informáticas;2024;0
Desconocida;5.5.1.-Estafas informáticas;2023;0
Desconocida;5.5.1.-Estafas informáticas;2022;0
Desconocida;5.5.1.-Estafas informáticas;2021;0
Desconocida;5.5.1.-Estafas informáticas;2020;0
Desconocida;5.5.1.-Estafas informáticas;2019;0
Desconocida;5.5.1.-Estafas informáticas;2018;0
Desconocida;5.6.-Daños;2024;0
Desconocida;5.6.-Daños;2023;0
Desconocida;5.6.-Daños;2022;0
Desconocida;5.6.-Daños;2021;0
Desconocida;5.6.-Daños;2020;0
Desconocida;5.6.-Daños;2019;0
Desconocida;5.6.-Daños;2018;0
Desconocida;5.7.-Contra la propiedad intelectual/industrial;2024;0
Desconocida;5.7.-Contra la propiedad intelectual/industrial;2023;0
Desconocida;5.7.-Contra la propiedad intelectual/industrial;2022;0
Desconocida;5.7.-Contra la propiedad intelectual/industrial;2021;0
Desconocida;5.7.-Contra la propiedad intelectual/industrial;2020;0
Desconocida;5.7.-Contra la propiedad intelectual/industrial;2019;0
Desconocida;5.7.-Contra la propiedad intelectual/industrial;2018;0
Desconocida;5.8.-Blanqueo de capitales;2024;0
Desconocida;5.8.-Blanqueo de capitales;2023;0
Desconocida;5.8.-Blanqueo de capitales;2022;0
Desconocida;5.8.-Blanqueo de capitales;2021;0
Desconocida;5.8.-Blanqueo de capitales;2020;0
Desconocida;5.8.-Blanqueo de capitales;2019;0
Desconocida;5.8.-Blanqueo de capitales;2018;0
Desconocida;5.9.-Otros contra el patrimonio;2024;0
Desconocida;5.9.-Otros contra el patrimonio;2023;0
Desconocida;5.9.-Otros contra el patrimonio;2022;0
Desconocida;5.9.-Otros contra el patrimonio;2021;0
Desconocida;5.9.-Otros contra el patrimonio;2020;0
Desconocida;5.9.-Otros contra el patrimonio;2019;0
Desconocida;5.9.-Otros contra el patrimonio;2018;0
Desconocida;6. SEGURIDAD COLECTIVA;2024;0
Desconocida;6. SEGURIDAD COLECTIVA;2023;0
Desconocida;6. SEGURIDAD COLECTIVA;2022;0
Desconocida;6. SEGURIDAD COLECTIVA;2021;0
Desconocida;6. SEGURIDAD COLECTIVA;2020;0
Desconocida;6. SEGURIDAD COLECTIVA;2019;0
Desconocida;6. SEGURIDAD COLECTIVA;2018;0
Desconocida;6.1.-Tráfico de drogas;2024;0
Desconocida;6.1.-Tráfico de drogas;2023;0
Desconocida;6.1.-Tráfico de drogas;2022;0
Desconocida;6.1.-Tráfico de drogas;2021;0
Desconocida;6.1.-Tráfico de drogas;2020;0
Desconocida;6.1.-Tráfico de drogas;2019;0
Desconocida;6.1.-Tráfico de drogas;2018;0
Desconocida;6.2.-Contra la seguridad vial;2024;0
Desconocida;6.2.-Contra la seguridad vial;2023;0
Desconocida;6.2.-Contra la seguridad vial;2022;0
Desconocida;6.2.-Contra la seguridad vial;2021;0
Desconocida;6.2.-Contra la seguridad vial;2020;0
Desconocida;6.2.-Contra la seguridad vial;2019;0
Desconocida;6.2.-Contra la seguridad vial;2018;0
Desconocida;6.3.-Otros contra la seguridad colectiva;2024;0
Desconocida;6.3.-Otros contra la seguridad colectiva;2023;0
Desconocida;6.3.-Otros contra la seguridad colectiva;2022;0
Desconocida;6.3.-Otros contra la seguridad colectiva;2021;0
Desconocida;6.3.-Otros contra la seguridad colectiva;2020;0
Desconocida;6.3.-Otros contra la seguridad colectiva;2019;0
Desconocida;6.3.-Otros contra la seguridad colectiva;2018;0
Desconocida;7. FALSEDADES;2024;0
Desconocida;7. FALSEDADES;2023;0
Desconocida;7. FALSEDADES;2022;0
Desconocida;7. FALSEDADES;2021;0
Desconocida;7. FALSEDADES;2020;0
Desconocida;7. FALSEDADES;2019;0
Desconocida;7. FALSEDADES;2018;0
Desconocida;8. ADMÓN. PÚBLICA;2024;0
Desconocida;8. ADMÓN. PÚBLICA;2023;0
Desconocida;8. ADMÓN. PÚBLICA;2022;0
Desconocida;8. ADMÓN. PÚBLICA;2021;0
Desconocida;8. ADMÓN. PÚBLICA;2020;0
Desconocida;8. ADMÓN. PÚBLICA;2019;0
Desconocida;8. ADMÓN. PÚBLICA;2018;0
Desconocida;9. ADMÓN. JUSTICIA;2024;0
Desconocida;9. ADMÓN. JUSTICIA;2023;0
Desconocida;9. ADMÓN. JUSTICIA;2022;0
Desconocida;9. ADMÓN. JUSTICIA;2021;0
Desconocida;9. ADMÓN. JUSTICIA;2020;0
Desconocida;9. ADMÓN. JUSTICIA;2019;0
Desconocida;9. ADMÓN. JUSTICIA;2018;0
Desconocida;10. ORDEN PÚBLICO;2024;0
Desconocida;10. ORDEN PÚBLICO;2023;0
Desconocida;10. ORDEN PÚBLICO;2022;0
Desconocida;10. ORDEN PÚBLICO;2021;0
Desconocida;10. ORDEN PÚBLICO;2020;0
Desconocida;10. ORDEN PÚBLICO;2019;0
Desconocida;10. ORDEN PÚBLICO;2018;0
Desconocida;11. LEGISLACIÓN ESPECIAL;2024;0
Desconocida;11. LEGISLACIÓN ESPECIAL;2023;0
Desconocida;11. LEGISLACIÓN ESPECIAL;2022;0
Desconocida;11. LEGISLACIÓN ESPECIAL;2021;0
Desconocida;11. LEGISLACIÓN ESPECIAL;2020;0
Desconocida;11. LEGISLACIÓN ESPECIAL;2019;0
Desconocida;11. LEGISLACIÓN ESPECIAL;2018;0
Desconocida;12. OTRAS INFRACCIONES PENALES;2024;0
Desconocida;12. OTRAS INFRACCIONES PENALES;2023;0
Desconocida;12. OTRAS INFRACCIONES PENALES;2022;0
Desconocida;12. OTRAS INFRACCIONES PENALES;2021;0
Desconocida;12. OTRAS INFRACCIONES PENALES;2020;0
Desconocida;12. OTRAS INFRACCIONES PENALES;2019;0
Desconocida;12. OTRAS INFRACCIONES PENALES;2018;0
Desconocida;TOTAL INFRACCIONES PENALES;2024;0
Desconocida;TOTAL INFRACCIONES PENALES;2023;0
Desconocida;TOTAL INFRACCIONES PENALES;2022;0
Desconocida;TOTAL INFRACCIONES PENALES;2021;0
Desconocida;TOTAL INFRACCIONES PENALES;2020;0
Desconocida;TOTAL INFRACCIONES PENALES;2019;0
Desconocida;TOTAL INFRACCIONES PENALES;2018;0
