Provincias;Tipología penal;periodo;Total
Total Nacional;1. CONTRA LAS PERSONAS;2024;236.010
Total Nacional;1. CONTRA LAS PERSONAS;2023;226.761
Total Nacional;1. CONTRA LAS PERSONAS;2022;212.804
Total Nacional;1. CONTRA LAS PERSONAS;2021;183.590
Total Nacional;1. CONTRA LAS PERSONAS;2020;161.406
Total Nacional;1. CONTRA LAS PERSONAS;2019;186.110
Total Nacional;1. CONTRA LAS PERSONAS;2018;177.165
Total Nacional;1.1.-Homicidios dolosos/asesinatos;2024;1.695
Total Nacional;1.1.-Homicidios dolosos/asesinatos;2023;1.692
Total Nacional;1.1.-Homicidios dolosos/asesinatos;2022;1.539
Total Nacional;1.1.-Homicidios dolosos/asesinatos;2021;1.322
Total Nacional;1.1.-Homicidios dolosos/asesinatos;2020;1.201
Total Nacional;1.1.-Homicidios dolosos/asesinatos;2019;1.167
Total Nacional;1.1.-Homicidios dolosos/asesinatos;2018;1.088
Total Nacional;1.1.1.-Homicidios dolosos/asesinatos consumados;2024;349
Total Nacional;1.1.1.-Homicidios dolosos/asesinatos consumados;2023;333
Total Nacional;1.1.1.-Homicidios dolosos/asesinatos consumados;2022;326
Total Nacional;1.1.1.-Homicidios dolosos/asesinatos consumados;2021;293
Total Nacional;1.1.1.-Homicidios dolosos/asesinatos consumados;2020;298
Total Nacional;1.1.1.-Homicidios dolosos/asesinatos consumados;2019;331
Total Nacional;1.1.1.-Homicidios dolosos/asesinatos consumados;2018;289
Total Nacional;1.2.-Lesiones;2024;123.028
Total Nacional;1.2.-Lesiones;2023;118.125
Total Nacional;1.2.-Lesiones;2022;113.704
Total Nacional;1.2.-Lesiones;2021;96.159
Total Nacional;1.2.-Lesiones;2020;81.449
Total Nacional;1.2.-Lesiones;2019;103.341
Total Nacional;1.2.-Lesiones;2018;99.928
Total Nacional;1.3.-Malos tratos ámbito familiar;2024;104.625
Total Nacional;1.3.-Malos tratos ámbito familiar;2023;101.179
Total Nacional;1.3.-Malos tratos ámbito familiar;2022;92.695
Total Nacional;1.3.-Malos tratos ámbito familiar;2021;82.003
Total Nacional;1.3.-Malos tratos ámbito familiar;2020;75.203
Total Nacional;1.3.-Malos tratos ámbito familiar;2019;77.424
Total Nacional;1.3.-Malos tratos ámbito familiar;2018;72.309
Total Nacional;1.4.-Otros contra las personas;2024;6.662
Total Nacional;1.4.-Otros contra las personas;2023;5.765
Total Nacional;1.4.-Otros contra las personas;2022;4.866
Total Nacional;1.4.-Otros contra las personas;2021;4.106
Total Nacional;1.4.-Otros contra las personas;2020;3.553
Total Nacional;1.4.-Otros contra las personas;2019;4.178
Total Nacional;1.4.-Otros contra las personas;2018;3.840
Total Nacional;2. CONTRA LA LIBERTAD;2024;166.499
Total Nacional;2. CONTRA LA LIBERTAD;2023;159.113
Total Nacional;2. CONTRA LA LIBERTAD;2022;143.861
Total Nacional;2. CONTRA LA LIBERTAD;2021;139.867
Total Nacional;2. CONTRA LA LIBERTAD;2020;125.010
Total Nacional;2. CONTRA LA LIBERTAD;2019;125.685
Total Nacional;2. CONTRA LA LIBERTAD;2018;120.919
Total Nacional;2.1.-Malos tratos habituales en el ámbito familiar;2024;16.517
Total Nacional;2.1.-Malos tratos habituales en el ámbito familiar;2023;17.120
Total Nacional;2.1.-Malos tratos habituales en el ámbito familiar;2022;15.647
Total Nacional;2.1.-Malos tratos habituales en el ámbito familiar;2021;15.008
Total Nacional;2.1.-Malos tratos habituales en el ámbito familiar;2020;13.993
Total Nacional;2.1.-Malos tratos habituales en el ámbito familiar;2019;14.575
Total Nacional;2.1.-Malos tratos habituales en el ámbito familiar;2018;14.196
Total Nacional;2.2.-Otros contra la libertad;2024;149.982
Total Nacional;2.2.-Otros contra la libertad;2023;141.993
Total Nacional;2.2.-Otros contra la libertad;2022;128.214
Total Nacional;2.2.-Otros contra la libertad;2021;124.859
Total Nacional;2.2.-Otros contra la libertad;2020;111.017
Total Nacional;2.2.-Otros contra la libertad;2019;111.110
Total Nacional;2.2.-Otros contra la libertad;2018;106.723
Total Nacional;3. LIBERTAD SEXUAL;2024;22.846
Total Nacional;3. LIBERTAD SEXUAL;2023;21.825
Total Nacional;3. LIBERTAD SEXUAL;2022;19.013
Total Nacional;3. LIBERTAD SEXUAL;2021;17.016
Total Nacional;3. LIBERTAD SEXUAL;2020;13.174
Total Nacional;3. LIBERTAD SEXUAL;2019;15.319
Total Nacional;3. LIBERTAD SEXUAL;2018;13.782
Total Nacional;3.1.-Agresión sexual;2024;13.674
Total Nacional;3.1.-Agresión sexual;2023;12.727
Total Nacional;3.1.-Agresión sexual;2022;11.426
Total Nacional;3.1.-Agresión sexual;2021;10.061
Total Nacional;3.1.-Agresión sexual;2020;7.276
Total Nacional;3.1.-Agresión sexual;2019;8.885
Total Nacional;3.1.-Agresión sexual;2018;7.983
Total Nacional;3.2.-Agresión sexual con penetración;2024;5.222
Total Nacional;3.2.-Agresión sexual con penetración;2023;4.890
Total Nacional;3.2.-Agresión sexual con penetración;2022;4.270
Total Nacional;3.2.-Agresión sexual con penetración;2021;3.795
Total Nacional;3.2.-Agresión sexual con penetración;2020;2.785
Total Nacional;3.2.-Agresión sexual con penetración;2019;3.079
Total Nacional;3.2.-Agresión sexual con penetración;2018;2.744
Total Nacional;3.3.-Corrupción de menores o incapacitados;2024;431
Total Nacional;3.3.-Corrupción de menores o incapacitados;2023;389
Total Nacional;3.3.-Corrupción de menores o incapacitados;2022;384
Total Nacional;3.3.-Corrupción de menores o incapacitados;2021;347
Total Nacional;3.3.-Corrupción de menores o incapacitados;2020;350
Total Nacional;3.3.-Corrupción de menores o incapacitados;2019;369
Total Nacional;3.3.-Corrupción de menores o incapacitados;2018;268
Total Nacional;3.4.-Pornografía de menores;2024;913
Total Nacional;3.4.-Pornografía de menores;2023;909
Total Nacional;3.4.-Pornografía de menores;2022;707
Total Nacional;3.4.-Pornografía de menores;2021;739
Total Nacional;3.4.-Pornografía de menores;2020;762
Total Nacional;3.4.-Pornografía de menores;2019;866
Total Nacional;3.4.-Pornografía de menores;2018;892
Total Nacional;3.5.-Otros contra la libertad sexual;2024;2.606
Total Nacional;3.5.-Otros contra la libertad sexual;2023;2.910
Total Nacional;3.5.-Otros contra la libertad sexual;2022;2.226
Total Nacional;3.5.-Otros contra la libertad sexual;2021;2.074
Total Nacional;3.5.-Otros contra la libertad sexual;2020;2.001
Total Nacional;3.5.-Otros contra la libertad sexual;2019;2.120
Total Nacional;3.5.-Otros contra la libertad sexual;2018;1.895
Total Nacional;4. RELACIONES FAMILIARES;2024;7.586
Total Nacional;4. RELACIONES FAMILIARES;2023;7.611
Total Nacional;4. RELACIONES FAMILIARES;2022;7.567
Total Nacional;4. RELACIONES FAMILIARES;2021;7.410
Total Nacional;4. RELACIONES FAMILIARES;2020;6.831
Total Nacional;4. RELACIONES FAMILIARES;2019;7.288
Total Nacional;4. RELACIONES FAMILIARES;2018;7.630
Total Nacional;5. PATRIMONIO;2024;1.809.484
Total Nacional;5. PATRIMONIO;2023;1.846.821
Total Nacional;5. PATRIMONIO;2022;1.747.464
Total Nacional;5. PATRIMONIO;2021;1.434.698
Total Nacional;5. PATRIMONIO;2020;1.304.424
Total Nacional;5. PATRIMONIO;2019;1.707.144
Total Nacional;5. PATRIMONIO;2018;1.664.242
Total Nacional;5.1.-Hurtos;2024;648.963
Total Nacional;5.1.-Hurtos;2023;665.622
Total Nacional;5.1.-Hurtos;2022;642.276
Total Nacional;5.1.-Hurtos;2021;493.479
Total Nacional;5.1.-Hurtos;2020;420.950
Total Nacional;5.1.-Hurtos;2019;700.453
Total Nacional;5.1.-Hurtos;2018;706.072
Total Nacional;5.2.-Robos con fuerza en las cosas;2024;262.222
Total Nacional;5.2.-Robos con fuerza en las cosas;2023;272.638
Total Nacional;5.2.-Robos con fuerza en las cosas;2022;265.901
Total Nacional;5.2.-Robos con fuerza en las cosas;2021;229.137
Total Nacional;5.2.-Robos con fuerza en las cosas;2020;219.091
Total Nacional;5.2.-Robos con fuerza en las cosas;2019;298.098
Total Nacional;5.2.-Robos con fuerza en las cosas;2018;302.043
Total Nacional;5.2.1.-Robos con fuerza en las cosas en el interior de vehículos;2024;103.175
Total Nacional;5.2.1.-Robos con fuerza en las cosas en el interior de vehículos;2023;104.988
Total Nacional;5.2.1.-Robos con fuerza en las cosas en el interior de vehículos;2022;101.084
Total Nacional;5.2.1.-Robos con fuerza en las cosas en el interior de vehículos;2021;87.774
Total Nacional;5.2.1.-Robos con fuerza en las cosas en el interior de vehículos;2020;54.633
Total Nacional;5.2.1.-Robos con fuerza en las cosas en el interior de vehículos;2019;108.637
Total Nacional;5.2.1.-Robos con fuerza en las cosas en el interior de vehículos;2018;102.474
Total Nacional;5.2.2.-Robos con fuerza en viviendas;2024;81.094
Total Nacional;5.2.2.-Robos con fuerza en viviendas;2023;84.721
Total Nacional;5.2.2.-Robos con fuerza en viviendas;2022;86.515
Total Nacional;5.2.2.-Robos con fuerza en viviendas;2021;75.501
Total Nacional;5.2.2.-Robos con fuerza en viviendas;2020;72.380
Total Nacional;5.2.2.-Robos con fuerza en viviendas;2019;98.326
Total Nacional;5.2.2.-Robos con fuerza en viviendas;2018;107.166
Total Nacional;5.2.3.-Robos con fuerza en establecimientos;2024;31.439
Total Nacional;5.2.3.-Robos con fuerza en establecimientos;2023;35.072
Total Nacional;5.2.3.-Robos con fuerza en establecimientos;2022;31.552
Total Nacional;5.2.3.-Robos con fuerza en establecimientos;2021;27.198
Total Nacional;5.2.3.-Robos con fuerza en establecimientos;2020;31.237
Total Nacional;5.2.3.-Robos con fuerza en establecimientos;2019;32.363
Total Nacional;5.2.3.-Robos con fuerza en establecimientos;2018;33.129
Total Nacional;5.3.-Robos con violencia o intimidación;2024;62.976
Total Nacional;5.3.-Robos con violencia o intimidación;2023;64.711
Total Nacional;5.3.-Robos con violencia o intimidación;2022;63.392
Total Nacional;5.3.-Robos con violencia o intimidación;2021;53.073
Total Nacional;5.3.-Robos con violencia o intimidación;2020;45.263
Total Nacional;5.3.-Robos con violencia o intimidación;2019;65.874
Total Nacional;5.3.-Robos con violencia o intimidación;2018;60.295
Total Nacional;5.3.1.-Robos con violencia en vía pública;2024;42.764
Total Nacional;5.3.1.-Robos con violencia en vía pública;2023;44.406
Total Nacional;5.3.1.-Robos con violencia en vía pública;2022;43.100
Total Nacional;5.3.1.-Robos con violencia en vía pública;2021;35.726
Total Nacional;5.3.1.-Robos con violencia en vía pública;2020;30.162
Total Nacional;5.3.1.-Robos con violencia en vía pública;2019;25.916
Total Nacional;5.3.1.-Robos con violencia en vía pública;2018;24.681
Total Nacional;5.3.2.-Robos con violencia en viviendas;2024;3.934
Total Nacional;5.3.2.-Robos con violencia en viviendas;2023;3.844
Total Nacional;5.3.2.-Robos con violencia en viviendas;2022;3.669
Total Nacional;5.3.2.-Robos con violencia en viviendas;2021;3.477
Total Nacional;5.3.2.-Robos con violencia en viviendas;2020;3.208
Total Nacional;5.3.2.-Robos con violencia en viviendas;2019;3.223
Total Nacional;5.3.2.-Robos con violencia en viviendas;2018;3.233
Total Nacional;5.3.3.-Robos con violencia en establecimientos;2024;8.553
Total Nacional;5.3.3.-Robos con violencia en establecimientos;2023;8.238
Total Nacional;5.3.3.-Robos con violencia en establecimientos;2022;8.210
Total Nacional;5.3.3.-Robos con violencia en establecimientos;2021;6.663
Total Nacional;5.3.3.-Robos con violencia en establecimientos;2020;6.138
Total Nacional;5.3.3.-Robos con violencia en establecimientos;2019;5.609
Total Nacional;5.3.3.-Robos con violencia en establecimientos;2018;5.355
Total Nacional;5.4.-Sustracción de vehículos;2024;32.965
Total Nacional;5.4.-Sustracción de vehículos;2023;32.839
Total Nacional;5.4.-Sustracción de vehículos;2022;30.767
Total Nacional;5.4.-Sustracción de vehículos;2021;26.417
Total Nacional;5.4.-Sustracción de vehículos;2020;25.387
Total Nacional;5.4.-Sustracción de vehículos;2019;35.105
Total Nacional;5.4.-Sustracción de vehículos;2018;35.897
Total Nacional;5.5.-Estafas;2024;517.271
Total Nacional;5.5.-Estafas;2023;533.379
Total Nacional;5.5.-Estafas;2022;466.566
Total Nacional;5.5.-Estafas;2021;373.113
Total Nacional;5.5.-Estafas;2020;360.844
Total Nacional;5.5.-Estafas;2019;327.723
Total Nacional;5.5.-Estafas;2018;289.259
Total Nacional;5.5.1.-Estafas informáticas;2024;412.850
Total Nacional;5.5.1.-Estafas informáticas;2023;427.448
Total Nacional;5.5.1.-Estafas informáticas;2022;335.995
Total Nacional;5.5.1.-Estafas informáticas;2021;267.011
Total Nacional;5.5.1.-Estafas informáticas;2020;257.907
Total Nacional;5.5.1.-Estafas informáticas;2019;192.375
Total Nacional;5.5.1.-Estafas informáticas;2018;136.656
Total Nacional;5.6.-Daños;2024;210.805
Total Nacional;5.6.-Daños;2023;209.299
Total Nacional;5.6.-Daños;2022;213.694
Total Nacional;5.6.-Daños;2021;201.828
Total Nacional;5.6.-Daños;2020;180.429
Total Nacional;5.6.-Daños;2019;219.424
Total Nacional;5.6.-Daños;2018;213.815
Total Nacional;5.7.-Contra la propiedad intelectual/industrial;2024;1.801
Total Nacional;5.7.-Contra la propiedad intelectual/industrial;2023;1.451
Total Nacional;5.7.-Contra la propiedad intelectual/industrial;2022;1.217
Total Nacional;5.7.-Contra la propiedad intelectual/industrial;2021;1.176
Total Nacional;5.7.-Contra la propiedad intelectual/industrial;2020;930
Total Nacional;5.7.-Contra la propiedad intelectual/industrial;2019;1.807
Total Nacional;5.7.-Contra la propiedad intelectual/industrial;2018;2.205
Total Nacional;5.8.-Blanqueo de capitales;2024;808
Total Nacional;5.8.-Blanqueo de capitales;2023;516
Total Nacional;5.8.-Blanqueo de capitales;2022;411
Total Nacional;5.8.-Blanqueo de capitales;2021;343
Total Nacional;5.8.-Blanqueo de capitales;2020;310
Total Nacional;5.8.-Blanqueo de capitales;2019;295
Total Nacional;5.8.-Blanqueo de capitales;2018;272
Total Nacional;5.9.-Otros contra el patrimonio;2024;71.673
Total Nacional;5.9.-Otros contra el patrimonio;2023;66.366
Total Nacional;5.9.-Otros contra el patrimonio;2022;63.240
Total Nacional;5.9.-Otros contra el patrimonio;2021;56.132
Total Nacional;5.9.-Otros contra el patrimonio;2020;51.220
Total Nacional;5.9.-Otros contra el patrimonio;2019;58.365
Total Nacional;5.9.-Otros contra el patrimonio;2018;54.384
Total Nacional;6. SEGURIDAD COLECTIVA;2024;78.256
Total Nacional;6. SEGURIDAD COLECTIVA;2023;77.130
Total Nacional;6. SEGURIDAD COLECTIVA;2022;76.692
Total Nacional;6. SEGURIDAD COLECTIVA;2021;68.891
Total Nacional;6. SEGURIDAD COLECTIVA;2020;60.162
Total Nacional;6. SEGURIDAD COLECTIVA;2019;68.749
Total Nacional;6. SEGURIDAD COLECTIVA;2018;64.126
Total Nacional;6.1.-Tráfico de drogas;2024;21.540
Total Nacional;6.1.-Tráfico de drogas;2023;21.033
Total Nacional;6.1.-Tráfico de drogas;2022;19.057
Total Nacional;6.1.-Tráfico de drogas;2021;18.313
Total Nacional;6.1.-Tráfico de drogas;2020;17.112
Total Nacional;6.1.-Tráfico de drogas;2019;16.624
Total Nacional;6.1.-Tráfico de drogas;2018;14.133
Total Nacional;6.2.-Contra la seguridad vial;2024;53.480
Total Nacional;6.2.-Contra la seguridad vial;2023;53.517
Total Nacional;6.2.-Contra la seguridad vial;2022;54.976
Total Nacional;6.2.-Contra la seguridad vial;2021;48.394
Total Nacional;6.2.-Contra la seguridad vial;2020;41.120
Total Nacional;6.2.-Contra la seguridad vial;2019;49.869
Total Nacional;6.2.-Contra la seguridad vial;2018;47.648
Total Nacional;6.3.-Otros contra la seguridad colectiva;2024;3.236
Total Nacional;6.3.-Otros contra la seguridad colectiva;2023;2.580
Total Nacional;6.3.-Otros contra la seguridad colectiva;2022;2.659
Total Nacional;6.3.-Otros contra la seguridad colectiva;2021;2.184
Total Nacional;6.3.-Otros contra la seguridad colectiva;2020;1.930
Total Nacional;6.3.-Otros contra la seguridad colectiva;2019;2.256
Total Nacional;6.3.-Otros contra la seguridad colectiva;2018;2.345
Total Nacional;7. FALSEDADES;2024;45.715
Total Nacional;7. FALSEDADES;2023;40.889
Total Nacional;7. FALSEDADES;2022;37.717
Total Nacional;7. FALSEDADES;2021;34.058
Total Nacional;7. FALSEDADES;2020;24.020
Total Nacional;7. FALSEDADES;2019;24.529
Total Nacional;7. FALSEDADES;2018;22.399
Total Nacional;8. ADMÓN. PÚBLICA;2024;701
Total Nacional;8. ADMÓN. PÚBLICA;2023;506
Total Nacional;8. ADMÓN. PÚBLICA;2022;509
Total Nacional;8. ADMÓN. PÚBLICA;2021;541
Total Nacional;8. ADMÓN. PÚBLICA;2020;350
Total Nacional;8. ADMÓN. PÚBLICA;2019;416
Total Nacional;8. ADMÓN. PÚBLICA;2018;510
Total Nacional;9. ADMÓN. JUSTICIA;2024;43.933
Total Nacional;9. ADMÓN. JUSTICIA;2023;41.910
Total Nacional;9. ADMÓN. JUSTICIA;2022;37.910
Total Nacional;9. ADMÓN. JUSTICIA;2021;33.370
Total Nacional;9. ADMÓN. JUSTICIA;2020;31.140
Total Nacional;9. ADMÓN. JUSTICIA;2019;32.082
Total Nacional;9. ADMÓN. JUSTICIA;2018;30.290
Total Nacional;10. ORDEN PÚBLICO;2024;31.062
Total Nacional;10. ORDEN PÚBLICO;2023;30.011
Total Nacional;10. ORDEN PÚBLICO;2022;28.562
Total Nacional;10. ORDEN PÚBLICO;2021;27.594
Total Nacional;10. ORDEN PÚBLICO;2020;30.272
Total Nacional;10. ORDEN PÚBLICO;2019;21.877
Total Nacional;10. ORDEN PÚBLICO;2018;20.121
Total Nacional;11. LEGISLACIÓN ESPECIAL;2024;436
Total Nacional;11. LEGISLACIÓN ESPECIAL;2023;464
Total Nacional;11. LEGISLACIÓN ESPECIAL;2022;330
Total Nacional;11. LEGISLACIÓN ESPECIAL;2021;343
Total Nacional;11. LEGISLACIÓN ESPECIAL;2020;325
Total Nacional;11. LEGISLACIÓN ESPECIAL;2019;306
Total Nacional;11. LEGISLACIÓN ESPECIAL;2018;209
Total Nacional;12. OTRAS INFRACCIONES PENALES;2024;11.678
Total Nacional;12. OTRAS INFRACCIONES PENALES;2023;11.718
Total Nacional;12. OTRAS INFRACCIONES PENALES;2022;10.646
Total Nacional;12. OTRAS INFRACCIONES PENALES;2021;10.341
Total Nacional;12. OTRAS INFRACCIONES PENALES;2020;9.665
Total Nacional;12. OTRAS INFRACCIONES PENALES;2019;9.970
Total Nacional;12. OTRAS INFRACCIONES PENALES;2018;9.725
Total Nacional;TOTAL INFRACCIONES PENALES;2024;2.454.206
Total Nacional;TOTAL INFRACCIONES PENALES;2023;2.464.759
Total Nacional;TOTAL INFRACCIONES PENALES;2022;2.323.075
Total Nacional;TOTAL INFRACCIONES PENALES;2021;1.957.719
Total Nacional;TOTAL INFRACCIONES PENALES;2020;1.766.779
Total Nacional;TOTAL INFRACCIONES PENALES;2019;2.199.475
Total Nacional;TOTAL INFRACCIONES PENALES;2018;2.131.118
Araba/Álava;1. CONTRA LAS PERSONAS;2024;1.523
Araba/Álava;1. CONTRA LAS PERSONAS;2023;1.386
Araba/Álava;1. CONTRA LAS PERSONAS;2022;1.269
Araba/Álava;1. CONTRA LAS PERSONAS;2021;1.027
Araba/Álava;1. CONTRA LAS PERSONAS;2020;904
Araba/Álava;1. CONTRA LAS PERSONAS;2019;927
Araba/Álava;1. CONTRA LAS PERSONAS;2018;876
Araba/Álava;1.1.-Homicidios dolosos/asesinatos;2024;7
Araba/Álava;1.1.-Homicidios dolosos/asesinatos;2023;7
Araba/Álava;1.1.-Homicidios dolosos/asesinatos;2022;3
Araba/Álava;1.1.-Homicidios dolosos/asesinatos;2021;3
Araba/Álava;1.1.-Homicidios dolosos/asesinatos;2020;3
Araba/Álava;1.1.-Homicidios dolosos/asesinatos;2019;3
Araba/Álava;1.1.-Homicidios dolosos/asesinatos;2018;8
Araba/Álava;1.1.1.-Homicidios dolosos/asesinatos consumados;2024;1
Araba/Álava;1.1.1.-Homicidios dolosos/asesinatos consumados;2023;1
Araba/Álava;1.1.1.-Homicidios dolosos/asesinatos consumados;2022;0
Araba/Álava;1.1.1.-Homicidios dolosos/asesinatos consumados;2021;2
Araba/Álava;1.1.1.-Homicidios dolosos/asesinatos consumados;2020;1
Araba/Álava;1.1.1.-Homicidios dolosos/asesinatos consumados;2019;1
Araba/Álava;1.1.1.-Homicidios dolosos/asesinatos consumados;2018;2
Araba/Álava;1.2.-Lesiones;2024;800
Araba/Álava;1.2.-Lesiones;2023;745
Araba/Álava;1.2.-Lesiones;2022;711
Araba/Álava;1.2.-Lesiones;2021;587
Araba/Álava;1.2.-Lesiones;2020;491
Araba/Álava;1.2.-Lesiones;2019;600
Araba/Álava;1.2.-Lesiones;2018;589
Araba/Álava;1.3.-Malos tratos ámbito familiar;2024;635
Araba/Álava;1.3.-Malos tratos ámbito familiar;2023;570
Araba/Álava;1.3.-Malos tratos ámbito familiar;2022;469
Araba/Álava;1.3.-Malos tratos ámbito familiar;2021;384
Araba/Álava;1.3.-Malos tratos ámbito familiar;2020;376
Araba/Álava;1.3.-Malos tratos ámbito familiar;2019;286
Araba/Álava;1.3.-Malos tratos ámbito familiar;2018;239
Araba/Álava;1.4.-Otros contra las personas;2024;81
Araba/Álava;1.4.-Otros contra las personas;2023;64
Araba/Álava;1.4.-Otros contra las personas;2022;86
Araba/Álava;1.4.-Otros contra las personas;2021;53
Araba/Álava;1.4.-Otros contra las personas;2020;34
Araba/Álava;1.4.-Otros contra las personas;2019;38
Araba/Álava;1.4.-Otros contra las personas;2018;40
Araba/Álava;2. CONTRA LA LIBERTAD;2024;1.416
Araba/Álava;2. CONTRA LA LIBERTAD;2023;1.343
Araba/Álava;2. CONTRA LA LIBERTAD;2022;1.121
Araba/Álava;2. CONTRA LA LIBERTAD;2021;1.115
Araba/Álava;2. CONTRA LA LIBERTAD;2020;1.071
Araba/Álava;2. CONTRA LA LIBERTAD;2019;1.101
Araba/Álava;2. CONTRA LA LIBERTAD;2018;1.173
Araba/Álava;2.1.-Malos tratos habituales en el ámbito familiar;2024;154
Araba/Álava;2.1.-Malos tratos habituales en el ámbito familiar;2023;190
Araba/Álava;2.1.-Malos tratos habituales en el ámbito familiar;2022;203
Araba/Álava;2.1.-Malos tratos habituales en el ámbito familiar;2021;208
Araba/Álava;2.1.-Malos tratos habituales en el ámbito familiar;2020;286
Araba/Álava;2.1.-Malos tratos habituales en el ámbito familiar;2019;356
Araba/Álava;2.1.-Malos tratos habituales en el ámbito familiar;2018;391
Araba/Álava;2.2.-Otros contra la libertad;2024;1.262
Araba/Álava;2.2.-Otros contra la libertad;2023;1.153
Araba/Álava;2.2.-Otros contra la libertad;2022;918
Araba/Álava;2.2.-Otros contra la libertad;2021;907
Araba/Álava;2.2.-Otros contra la libertad;2020;785
Araba/Álava;2.2.-Otros contra la libertad;2019;745
Araba/Álava;2.2.-Otros contra la libertad;2018;782
Araba/Álava;3. LIBERTAD SEXUAL;2024;196
Araba/Álava;3. LIBERTAD SEXUAL;2023;146
Araba/Álava;3. LIBERTAD SEXUAL;2022;125
Araba/Álava;3. LIBERTAD SEXUAL;2021;93
Araba/Álava;3. LIBERTAD SEXUAL;2020;95
Araba/Álava;3. LIBERTAD SEXUAL;2019;82
Araba/Álava;3. LIBERTAD SEXUAL;2018;118
Araba/Álava;3.1.-Agresión sexual;2024;109
Araba/Álava;3.1.-Agresión sexual;2023;77
Araba/Álava;3.1.-Agresión sexual;2022;70
Araba/Álava;3.1.-Agresión sexual;2021;43
Araba/Álava;3.1.-Agresión sexual;2020;53
Araba/Álava;3.1.-Agresión sexual;2019;51
Araba/Álava;3.1.-Agresión sexual;2018;68
Araba/Álava;3.2.-Agresión sexual con penetración;2024;52
Araba/Álava;3.2.-Agresión sexual con penetración;2023;30
Araba/Álava;3.2.-Agresión sexual con penetración;2022;30
Araba/Álava;3.2.-Agresión sexual con penetración;2021;40
Araba/Álava;3.2.-Agresión sexual con penetración;2020;26
Araba/Álava;3.2.-Agresión sexual con penetración;2019;11
Araba/Álava;3.2.-Agresión sexual con penetración;2018;14
Araba/Álava;3.3.-Corrupción de menores o incapacitados;2024;4
Araba/Álava;3.3.-Corrupción de menores o incapacitados;2023;5
Araba/Álava;3.3.-Corrupción de menores o incapacitados;2022;5
Araba/Álava;3.3.-Corrupción de menores o incapacitados;2021;0
Araba/Álava;3.3.-Corrupción de menores o incapacitados;2020;0
Araba/Álava;3.3.-Corrupción de menores o incapacitados;2019;1
Araba/Álava;3.3.-Corrupción de menores o incapacitados;2018;5
Araba/Álava;3.4.-Pornografía de menores;2024;13
Araba/Álava;3.4.-Pornografía de menores;2023;19
Araba/Álava;3.4.-Pornografía de menores;2022;3
Araba/Álava;3.4.-Pornografía de menores;2021;4
Araba/Álava;3.4.-Pornografía de menores;2020;4
Araba/Álava;3.4.-Pornografía de menores;2019;3
Araba/Álava;3.4.-Pornografía de menores;2018;6
Araba/Álava;3.5.-Otros contra la libertad sexual;2024;18
Araba/Álava;3.5.-Otros contra la libertad sexual;2023;15
Araba/Álava;3.5.-Otros contra la libertad sexual;2022;17
Araba/Álava;3.5.-Otros contra la libertad sexual;2021;6
Araba/Álava;3.5.-Otros contra la libertad sexual;2020;12
Araba/Álava;3.5.-Otros contra la libertad sexual;2019;16
Araba/Álava;3.5.-Otros contra la libertad sexual;2018;25
Araba/Álava;4. RELACIONES FAMILIARES;2024;27
Araba/Álava;4. RELACIONES FAMILIARES;2023;33
Araba/Álava;4. RELACIONES FAMILIARES;2022;24
Araba/Álava;4. RELACIONES FAMILIARES;2021;23
Araba/Álava;4. RELACIONES FAMILIARES;2020;16
Araba/Álava;4. RELACIONES FAMILIARES;2019;25
Araba/Álava;4. RELACIONES FAMILIARES;2018;28
Araba/Álava;5. PATRIMONIO;2024;11.506
Araba/Álava;5. PATRIMONIO;2023;11.387
Araba/Álava;5. PATRIMONIO;2022;10.282
Araba/Álava;5. PATRIMONIO;2021;8.032
Araba/Álava;5. PATRIMONIO;2020;7.544
Araba/Álava;5. PATRIMONIO;2019;9.980
Araba/Álava;5. PATRIMONIO;2018;9.693
Araba/Álava;5.1.-Hurtos;2024;4.299
Araba/Álava;5.1.-Hurtos;2023;4.184
Araba/Álava;5.1.-Hurtos;2022;3.850
Araba/Álava;5.1.-Hurtos;2021;2.918
Araba/Álava;5.1.-Hurtos;2020;2.410
Araba/Álava;5.1.-Hurtos;2019;4.036
Araba/Álava;5.1.-Hurtos;2018;4.314
Araba/Álava;5.2.-Robos con fuerza en las cosas;2024;1.178
Araba/Álava;5.2.-Robos con fuerza en las cosas;2023;1.099
Araba/Álava;5.2.-Robos con fuerza en las cosas;2022;1.260
Araba/Álava;5.2.-Robos con fuerza en las cosas;2021;892
Araba/Álava;5.2.-Robos con fuerza en las cosas;2020;755
Araba/Álava;5.2.-Robos con fuerza en las cosas;2019;1.367
Araba/Álava;5.2.-Robos con fuerza en las cosas;2018;1.198
Araba/Álava;5.2.1.-Robos con fuerza en las cosas en el interior de vehículos;2024;17
Araba/Álava;5.2.1.-Robos con fuerza en las cosas en el interior de vehículos;2023;8
Araba/Álava;5.2.1.-Robos con fuerza en las cosas en el interior de vehículos;2022;5
Araba/Álava;5.2.1.-Robos con fuerza en las cosas en el interior de vehículos;2021;4
Araba/Álava;5.2.1.-Robos con fuerza en las cosas en el interior de vehículos;2020;6
Araba/Álava;5.2.1.-Robos con fuerza en las cosas en el interior de vehículos;2019;9
Araba/Álava;5.2.1.-Robos con fuerza en las cosas en el interior de vehículos;2018;4
Araba/Álava;5.2.2.-Robos con fuerza en viviendas;2024;378
Araba/Álava;5.2.2.-Robos con fuerza en viviendas;2023;434
Araba/Álava;5.2.2.-Robos con fuerza en viviendas;2022;568
Araba/Álava;5.2.2.-Robos con fuerza en viviendas;2021;354
Araba/Álava;5.2.2.-Robos con fuerza en viviendas;2020;264
Araba/Álava;5.2.2.-Robos con fuerza en viviendas;2019;558
Araba/Álava;5.2.2.-Robos con fuerza en viviendas;2018;492
Araba/Álava;5.2.3.-Robos con fuerza en establecimientos;2024;104
Araba/Álava;5.2.3.-Robos con fuerza en establecimientos;2023;178
Araba/Álava;5.2.3.-Robos con fuerza en establecimientos;2022;185
Araba/Álava;5.2.3.-Robos con fuerza en establecimientos;2021;189
Araba/Álava;5.2.3.-Robos con fuerza en establecimientos;2020;180
Araba/Álava;5.2.3.-Robos con fuerza en establecimientos;2019;262
Araba/Álava;5.2.3.-Robos con fuerza en establecimientos;2018;197
Araba/Álava;5.3.-Robos con violencia o intimidación;2024;201
Araba/Álava;5.3.-Robos con violencia o intimidación;2023;114
Araba/Álava;5.3.-Robos con violencia o intimidación;2022;114
Araba/Álava;5.3.-Robos con violencia o intimidación;2021;120
Araba/Álava;5.3.-Robos con violencia o intimidación;2020;103
Araba/Álava;5.3.-Robos con violencia o intimidación;2019;141
Araba/Álava;5.3.-Robos con violencia o intimidación;2018;180
Araba/Álava;5.3.1.-Robos con violencia en vía pública;2024;157
Araba/Álava;5.3.1.-Robos con violencia en vía pública;2023;82
Araba/Álava;5.3.1.-Robos con violencia en vía pública;2022;74
Araba/Álava;5.3.1.-Robos con violencia en vía pública;2021;81
Araba/Álava;5.3.1.-Robos con violencia en vía pública;2020;64
Araba/Álava;5.3.1.-Robos con violencia en vía pública;2019;97
Araba/Álava;5.3.1.-Robos con violencia en vía pública;2018;118
Araba/Álava;5.3.2.-Robos con violencia en viviendas;2024;13
Araba/Álava;5.3.2.-Robos con violencia en viviendas;2023;6
Araba/Álava;5.3.2.-Robos con violencia en viviendas;2022;5
Araba/Álava;5.3.2.-Robos con violencia en viviendas;2021;10
Araba/Álava;5.3.2.-Robos con violencia en viviendas;2020;6
Araba/Álava;5.3.2.-Robos con violencia en viviendas;2019;8
Araba/Álava;5.3.2.-Robos con violencia en viviendas;2018;15
Araba/Álava;5.3.3.-Robos con violencia en establecimientos;2024;15
Araba/Álava;5.3.3.-Robos con violencia en establecimientos;2023;14
Araba/Álava;5.3.3.-Robos con violencia en establecimientos;2022;18
Araba/Álava;5.3.3.-Robos con violencia en establecimientos;2021;20
Araba/Álava;5.3.3.-Robos con violencia en establecimientos;2020;26
Araba/Álava;5.3.3.-Robos con violencia en establecimientos;2019;22
Araba/Álava;5.3.3.-Robos con violencia en establecimientos;2018;30
Araba/Álava;5.4.-Sustracción de vehículos;2024;67
Araba/Álava;5.4.-Sustracción de vehículos;2023;74
Araba/Álava;5.4.-Sustracción de vehículos;2022;56
Araba/Álava;5.4.-Sustracción de vehículos;2021;65
Araba/Álava;5.4.-Sustracción de vehículos;2020;47
Araba/Álava;5.4.-Sustracción de vehículos;2019;70
Araba/Álava;5.4.-Sustracción de vehículos;2018;85
Araba/Álava;5.5.-Estafas;2024;4.099
Araba/Álava;5.5.-Estafas;2023;4.293
Araba/Álava;5.5.-Estafas;2022;3.497
Araba/Álava;5.5.-Estafas;2021;2.635
Araba/Álava;5.5.-Estafas;2020;3.019
Araba/Álava;5.5.-Estafas;2019;2.802
Araba/Álava;5.5.-Estafas;2018;2.465
Araba/Álava;5.5.1.-Estafas informáticas;2024;3.953
Araba/Álava;5.5.1.-Estafas informáticas;2023;4.139
Araba/Álava;5.5.1.-Estafas informáticas;2022;3.186
Araba/Álava;5.5.1.-Estafas informáticas;2021;2.333
Araba/Álava;5.5.1.-Estafas informáticas;2020;2.721
Araba/Álava;5.5.1.-Estafas informáticas;2019;2.443
Araba/Álava;5.5.1.-Estafas informáticas;2018;2.128
Araba/Álava;5.6.-Daños;2024;1.214
Araba/Álava;5.6.-Daños;2023;1.251
Araba/Álava;5.6.-Daños;2022;1.204
Araba/Álava;5.6.-Daños;2021;1.127
Araba/Álava;5.6.-Daños;2020;967
Araba/Álava;5.6.-Daños;2019;1.347
Araba/Álava;5.6.-Daños;2018;1.231
Araba/Álava;5.7.-Contra la propiedad intelectual/industrial;2024;10
Araba/Álava;5.7.-Contra la propiedad intelectual/industrial;2023;17
Araba/Álava;5.7.-Contra la propiedad intelectual/industrial;2022;0
Araba/Álava;5.7.-Contra la propiedad intelectual/industrial;2021;1
Araba/Álava;5.7.-Contra la propiedad intelectual/industrial;2020;1
Araba/Álava;5.7.-Contra la propiedad intelectual/industrial;2019;2
Araba/Álava;5.7.-Contra la propiedad intelectual/industrial;2018;3
Araba/Álava;5.8.-Blanqueo de capitales;2024;5
Araba/Álava;5.8.-Blanqueo de capitales;2023;0
Araba/Álava;5.8.-Blanqueo de capitales;2022;1
Araba/Álava;5.8.-Blanqueo de capitales;2021;1
Araba/Álava;5.8.-Blanqueo de capitales;2020;3
Araba/Álava;5.8.-Blanqueo de capitales;2019;0
Araba/Álava;5.8.-Blanqueo de capitales;2018;0
Araba/Álava;5.9.-Otros contra el patrimonio;2024;433
Araba/Álava;5.9.-Otros contra el patrimonio;2023;355
Araba/Álava;5.9.-Otros contra el patrimonio;2022;300
Araba/Álava;5.9.-Otros contra el patrimonio;2021;273
Araba/Álava;5.9.-Otros contra el patrimonio;2020;239
Araba/Álava;5.9.-Otros contra el patrimonio;2019;215
Araba/Álava;5.9.-Otros contra el patrimonio;2018;217
Araba/Álava;6. SEGURIDAD COLECTIVA;2024;572
Araba/Álava;6. SEGURIDAD COLECTIVA;2023;434
Araba/Álava;6. SEGURIDAD COLECTIVA;2022;368
Araba/Álava;6. SEGURIDAD COLECTIVA;2021;303
Araba/Álava;6. SEGURIDAD COLECTIVA;2020;261
Araba/Álava;6. SEGURIDAD COLECTIVA;2019;302
Araba/Álava;6. SEGURIDAD COLECTIVA;2018;309
Araba/Álava;6.1.-Tráfico de drogas;2024;286
Araba/Álava;6.1.-Tráfico de drogas;2023;128
Araba/Álava;6.1.-Tráfico de drogas;2022;105
Araba/Álava;6.1.-Tráfico de drogas;2021;89
Araba/Álava;6.1.-Tráfico de drogas;2020;111
Araba/Álava;6.1.-Tráfico de drogas;2019;105
Araba/Álava;6.1.-Tráfico de drogas;2018;73
Araba/Álava;6.2.-Contra la seguridad vial;2024;269
Araba/Álava;6.2.-Contra la seguridad vial;2023;293
Araba/Álava;6.2.-Contra la seguridad vial;2022;239
Araba/Álava;6.2.-Contra la seguridad vial;2021;203
Araba/Álava;6.2.-Contra la seguridad vial;2020;139
Araba/Álava;6.2.-Contra la seguridad vial;2019;175
Araba/Álava;6.2.-Contra la seguridad vial;2018;225
Araba/Álava;6.3.-Otros contra la seguridad colectiva;2024;17
Araba/Álava;6.3.-Otros contra la seguridad colectiva;2023;13
Araba/Álava;6.3.-Otros contra la seguridad colectiva;2022;24
Araba/Álava;6.3.-Otros contra la seguridad colectiva;2021;11
Araba/Álava;6.3.-Otros contra la seguridad colectiva;2020;11
Araba/Álava;6.3.-Otros contra la seguridad colectiva;2019;22
Araba/Álava;6.3.-Otros contra la seguridad colectiva;2018;11
Araba/Álava;7. FALSEDADES;2024;344
Araba/Álava;7. FALSEDADES;2023;331
Araba/Álava;7. FALSEDADES;2022;341
Araba/Álava;7. FALSEDADES;2021;278
Araba/Álava;7. FALSEDADES;2020;210
Araba/Álava;7. FALSEDADES;2019;188
Araba/Álava;7. FALSEDADES;2018;168
Araba/Álava;8. ADMÓN. PÚBLICA;2024;1
Araba/Álava;8. ADMÓN. PÚBLICA;2023;2
Araba/Álava;8. ADMÓN. PÚBLICA;2022;4
Araba/Álava;8. ADMÓN. PÚBLICA;2021;1
Araba/Álava;8. ADMÓN. PÚBLICA;2020;5
Araba/Álava;8. ADMÓN. PÚBLICA;2019;3
Araba/Álava;8. ADMÓN. PÚBLICA;2018;3
Araba/Álava;9. ADMÓN. JUSTICIA;2024;321
Araba/Álava;9. ADMÓN. JUSTICIA;2023;271
Araba/Álava;9. ADMÓN. JUSTICIA;2022;230
Araba/Álava;9. ADMÓN. JUSTICIA;2021;217
Araba/Álava;9. ADMÓN. JUSTICIA;2020;164
Araba/Álava;9. ADMÓN. JUSTICIA;2019;210
Araba/Álava;9. ADMÓN. JUSTICIA;2018;192
Araba/Álava;10. ORDEN PÚBLICO;2024;226
Araba/Álava;10. ORDEN PÚBLICO;2023;231
Araba/Álava;10. ORDEN PÚBLICO;2022;189
Araba/Álava;10. ORDEN PÚBLICO;2021;221
Araba/Álava;10. ORDEN PÚBLICO;2020;280
Araba/Álava;10. ORDEN PÚBLICO;2019;130
Araba/Álava;10. ORDEN PÚBLICO;2018;144
Araba/Álava;11. LEGISLACIÓN ESPECIAL;2024;2
Araba/Álava;11. LEGISLACIÓN ESPECIAL;2023;4
Araba/Álava;11. LEGISLACIÓN ESPECIAL;2022;0
Araba/Álava;11. LEGISLACIÓN ESPECIAL;2021;1
Araba/Álava;11. LEGISLACIÓN ESPECIAL;2020;0
Araba/Álava;11. LEGISLACIÓN ESPECIAL;2019;1
Araba/Álava;11. LEGISLACIÓN ESPECIAL;2018;0
Araba/Álava;12. OTRAS INFRACCIONES PENALES;2024;84
Araba/Álava;12. OTRAS INFRACCIONES PENALES;2023;108
Araba/Álava;12. OTRAS INFRACCIONES PENALES;2022;87
Araba/Álava;12. OTRAS INFRACCIONES PENALES;2021;72
Araba/Álava;12. OTRAS INFRACCIONES PENALES;2020;91
Araba/Álava;12. OTRAS INFRACCIONES PENALES;2019;62
Araba/Álava;12. OTRAS INFRACCIONES PENALES;2018;77
Araba/Álava;TOTAL INFRACCIONES PENALES;2024;16.218
Araba/Álava;TOTAL INFRACCIONES PENALES;2023;15.676
Araba/Álava;TOTAL INFRACCIONES PENALES;2022;14.040
Araba/Álava;TOTAL INFRACCIONES PENALES;2021;11.383
Araba/Álava;TOTAL INFRACCIONES PENALES;2020;10.641
Araba/Álava;TOTAL INFRACCIONES PENALES;2019;13.011
Araba/Álava;TOTAL INFRACCIONES PENALES;2018;12.781
Albacete;1. CONTRA LAS PERSONAS;2024;1.711
Albacete;1. CONTRA LAS PERSONAS;2023;1.638
Albacete;1. CONTRA LAS PERSONAS;2022;1.638
Albacete;1. CONTRA LAS PERSONAS;2021;1.316
Albacete;1. CONTRA LAS PERSONAS;2020;1.217
Albacete;1. CONTRA LAS PERSONAS;2019;1.458
Albacete;1. CONTRA LAS PERSONAS;2018;1.316
Albacete;1.1.-Homicidios dolosos/asesinatos;2024;3
Albacete;1.1.-Homicidios dolosos/asesinatos;2023;12
Albacete;1.1.-Homicidios dolosos/asesinatos;2022;14
Albacete;1.1.-Homicidios dolosos/asesinatos;2021;14
Albacete;1.1.-Homicidios dolosos/asesinatos;2020;4
Albacete;1.1.-Homicidios dolosos/asesinatos;2019;3
Albacete;1.1.-Homicidios dolosos/asesinatos;2018;10
Albacete;1.1.1.-Homicidios dolosos/asesinatos consumados;2024;0
Albacete;1.1.1.-Homicidios dolosos/asesinatos consumados;2023;5
Albacete;1.1.1.-Homicidios dolosos/asesinatos consumados;2022;2
Albacete;1.1.1.-Homicidios dolosos/asesinatos consumados;2021;1
Albacete;1.1.1.-Homicidios dolosos/asesinatos consumados;2020;2
Albacete;1.1.1.-Homicidios dolosos/asesinatos consumados;2019;0
Albacete;1.1.1.-Homicidios dolosos/asesinatos consumados;2018;3
Albacete;1.2.-Lesiones;2024;902
Albacete;1.2.-Lesiones;2023;851
Albacete;1.2.-Lesiones;2022;878
Albacete;1.2.-Lesiones;2021;655
Albacete;1.2.-Lesiones;2020;565
Albacete;1.2.-Lesiones;2019;748
Albacete;1.2.-Lesiones;2018;686
Albacete;1.3.-Malos tratos ámbito familiar;2024;768
Albacete;1.3.-Malos tratos ámbito familiar;2023;728
Albacete;1.3.-Malos tratos ámbito familiar;2022;698
Albacete;1.3.-Malos tratos ámbito familiar;2021;611
Albacete;1.3.-Malos tratos ámbito familiar;2020;603
Albacete;1.3.-Malos tratos ámbito familiar;2019;641
Albacete;1.3.-Malos tratos ámbito familiar;2018;581
Albacete;1.4.-Otros contra las personas;2024;38
Albacete;1.4.-Otros contra las personas;2023;47
Albacete;1.4.-Otros contra las personas;2022;48
Albacete;1.4.-Otros contra las personas;2021;36
Albacete;1.4.-Otros contra las personas;2020;45
Albacete;1.4.-Otros contra las personas;2019;66
Albacete;1.4.-Otros contra las personas;2018;39
Albacete;2. CONTRA LA LIBERTAD;2024;1.057
Albacete;2. CONTRA LA LIBERTAD;2023;990
Albacete;2. CONTRA LA LIBERTAD;2022;946
Albacete;2. CONTRA LA LIBERTAD;2021;901
Albacete;2. CONTRA LA LIBERTAD;2020;682
Albacete;2. CONTRA LA LIBERTAD;2019;728
Albacete;2. CONTRA LA LIBERTAD;2018;703
Albacete;2.1.-Malos tratos habituales en el ámbito familiar;2024;98
Albacete;2.1.-Malos tratos habituales en el ámbito familiar;2023;97
Albacete;2.1.-Malos tratos habituales en el ámbito familiar;2022;114
Albacete;2.1.-Malos tratos habituales en el ámbito familiar;2021;101
Albacete;2.1.-Malos tratos habituales en el ámbito familiar;2020;67
Albacete;2.1.-Malos tratos habituales en el ámbito familiar;2019;78
Albacete;2.1.-Malos tratos habituales en el ámbito familiar;2018;73
Albacete;2.2.-Otros contra la libertad;2024;959
Albacete;2.2.-Otros contra la libertad;2023;893
Albacete;2.2.-Otros contra la libertad;2022;832
Albacete;2.2.-Otros contra la libertad;2021;800
Albacete;2.2.-Otros contra la libertad;2020;615
Albacete;2.2.-Otros contra la libertad;2019;650
Albacete;2.2.-Otros contra la libertad;2018;630
Albacete;3. LIBERTAD SEXUAL;2024;153
Albacete;3. LIBERTAD SEXUAL;2023;140
Albacete;3. LIBERTAD SEXUAL;2022;131
Albacete;3. LIBERTAD SEXUAL;2021;124
Albacete;3. LIBERTAD SEXUAL;2020;82
Albacete;3. LIBERTAD SEXUAL;2019;115
Albacete;3. LIBERTAD SEXUAL;2018;104
Albacete;3.1.-Agresión sexual;2024;106
Albacete;3.1.-Agresión sexual;2023;90
Albacete;3.1.-Agresión sexual;2022;81
Albacete;3.1.-Agresión sexual;2021;83
Albacete;3.1.-Agresión sexual;2020;57
Albacete;3.1.-Agresión sexual;2019;66
Albacete;3.1.-Agresión sexual;2018;62
Albacete;3.2.-Agresión sexual con penetración;2024;25
Albacete;3.2.-Agresión sexual con penetración;2023;31
Albacete;3.2.-Agresión sexual con penetración;2022;30
Albacete;3.2.-Agresión sexual con penetración;2021;18
Albacete;3.2.-Agresión sexual con penetración;2020;11
Albacete;3.2.-Agresión sexual con penetración;2019;19
Albacete;3.2.-Agresión sexual con penetración;2018;16
Albacete;3.3.-Corrupción de menores o incapacitados;2024;4
Albacete;3.3.-Corrupción de menores o incapacitados;2023;4
Albacete;3.3.-Corrupción de menores o incapacitados;2022;2
Albacete;3.3.-Corrupción de menores o incapacitados;2021;4
Albacete;3.3.-Corrupción de menores o incapacitados;2020;5
Albacete;3.3.-Corrupción de menores o incapacitados;2019;4
Albacete;3.3.-Corrupción de menores o incapacitados;2018;7
Albacete;3.4.-Pornografía de menores;2024;6
Albacete;3.4.-Pornografía de menores;2023;3
Albacete;3.4.-Pornografía de menores;2022;5
Albacete;3.4.-Pornografía de menores;2021;3
Albacete;3.4.-Pornografía de menores;2020;4
Albacete;3.4.-Pornografía de menores;2019;11
Albacete;3.4.-Pornografía de menores;2018;9
Albacete;3.5.-Otros contra la libertad sexual;2024;12
Albacete;3.5.-Otros contra la libertad sexual;2023;12
Albacete;3.5.-Otros contra la libertad sexual;2022;13
Albacete;3.5.-Otros contra la libertad sexual;2021;16
Albacete;3.5.-Otros contra la libertad sexual;2020;5
Albacete;3.5.-Otros contra la libertad sexual;2019;15
Albacete;3.5.-Otros contra la libertad sexual;2018;10
Albacete;4. RELACIONES FAMILIARES;2024;59
Albacete;4. RELACIONES FAMILIARES;2023;69
Albacete;4. RELACIONES FAMILIARES;2022;76
Albacete;4. RELACIONES FAMILIARES;2021;60
Albacete;4. RELACIONES FAMILIARES;2020;63
Albacete;4. RELACIONES FAMILIARES;2019;74
Albacete;4. RELACIONES FAMILIARES;2018;63
Albacete;5. PATRIMONIO;2024;10.922
Albacete;5. PATRIMONIO;2023;11.371
Albacete;5. PATRIMONIO;2022;11.105
Albacete;5. PATRIMONIO;2021;8.090
Albacete;5. PATRIMONIO;2020;7.534
Albacete;5. PATRIMONIO;2019;9.529
Albacete;5. PATRIMONIO;2018;9.435
Albacete;5.1.-Hurtos;2024;3.511
Albacete;5.1.-Hurtos;2023;3.771
Albacete;5.1.-Hurtos;2022;3.703
Albacete;5.1.-Hurtos;2021;2.482
Albacete;5.1.-Hurtos;2020;2.176
Albacete;5.1.-Hurtos;2019;3.493
Albacete;5.1.-Hurtos;2018;3.842
Albacete;5.2.-Robos con fuerza en las cosas;2024;1.831
Albacete;5.2.-Robos con fuerza en las cosas;2023;1.784
Albacete;5.2.-Robos con fuerza en las cosas;2022;1.534
Albacete;5.2.-Robos con fuerza en las cosas;2021;1.116
Albacete;5.2.-Robos con fuerza en las cosas;2020;1.199
Albacete;5.2.-Robos con fuerza en las cosas;2019;1.769
Albacete;5.2.-Robos con fuerza en las cosas;2018;1.744
Albacete;5.2.1.-Robos con fuerza en las cosas en el interior de vehículos;2024;534
Albacete;5.2.1.-Robos con fuerza en las cosas en el interior de vehículos;2023;421
Albacete;5.2.1.-Robos con fuerza en las cosas en el interior de vehículos;2022;459
Albacete;5.2.1.-Robos con fuerza en las cosas en el interior de vehículos;2021;335
Albacete;5.2.1.-Robos con fuerza en las cosas en el interior de vehículos;2020;387
Albacete;5.2.1.-Robos con fuerza en las cosas en el interior de vehículos;2019;544
Albacete;5.2.1.-Robos con fuerza en las cosas en el interior de vehículos;2018;497
Albacete;5.2.2.-Robos con fuerza en viviendas;2024;681
Albacete;5.2.2.-Robos con fuerza en viviendas;2023;636
Albacete;5.2.2.-Robos con fuerza en viviendas;2022;563
Albacete;5.2.2.-Robos con fuerza en viviendas;2021;398
Albacete;5.2.2.-Robos con fuerza en viviendas;2020;468
Albacete;5.2.2.-Robos con fuerza en viviendas;2019;736
Albacete;5.2.2.-Robos con fuerza en viviendas;2018;726
Albacete;5.2.3.-Robos con fuerza en establecimientos;2024;197
Albacete;5.2.3.-Robos con fuerza en establecimientos;2023;204
Albacete;5.2.3.-Robos con fuerza en establecimientos;2022;153
Albacete;5.2.3.-Robos con fuerza en establecimientos;2021;145
Albacete;5.2.3.-Robos con fuerza en establecimientos;2020;117
Albacete;5.2.3.-Robos con fuerza en establecimientos;2019;191
Albacete;5.2.3.-Robos con fuerza en establecimientos;2018;222
Albacete;5.3.-Robos con violencia o intimidación;2024;207
Albacete;5.3.-Robos con violencia o intimidación;2023;211
Albacete;5.3.-Robos con violencia o intimidación;2022;204
Albacete;5.3.-Robos con violencia o intimidación;2021;176
Albacete;5.3.-Robos con violencia o intimidación;2020;145
Albacete;5.3.-Robos con violencia o intimidación;2019;252
Albacete;5.3.-Robos con violencia o intimidación;2018;240
Albacete;5.3.1.-Robos con violencia en vía pública;2024;104
Albacete;5.3.1.-Robos con violencia en vía pública;2023;120
Albacete;5.3.1.-Robos con violencia en vía pública;2022;123
Albacete;5.3.1.-Robos con violencia en vía pública;2021;92
Albacete;5.3.1.-Robos con violencia en vía pública;2020;80
Albacete;5.3.1.-Robos con violencia en vía pública;2019;168
Albacete;5.3.1.-Robos con violencia en vía pública;2018;145
Albacete;5.3.2.-Robos con violencia en viviendas;2024;34
Albacete;5.3.2.-Robos con violencia en viviendas;2023;23
Albacete;5.3.2.-Robos con violencia en viviendas;2022;16
Albacete;5.3.2.-Robos con violencia en viviendas;2021;17
Albacete;5.3.2.-Robos con violencia en viviendas;2020;23
Albacete;5.3.2.-Robos con violencia en viviendas;2019;23
Albacete;5.3.2.-Robos con violencia en viviendas;2018;19
Albacete;5.3.3.-Robos con violencia en establecimientos;2024;41
Albacete;5.3.3.-Robos con violencia en establecimientos;2023;46
Albacete;5.3.3.-Robos con violencia en establecimientos;2022;36
Albacete;5.3.3.-Robos con violencia en establecimientos;2021;41
Albacete;5.3.3.-Robos con violencia en establecimientos;2020;30
Albacete;5.3.3.-Robos con violencia en establecimientos;2019;26
Albacete;5.3.3.-Robos con violencia en establecimientos;2018;30
Albacete;5.4.-Sustracción de vehículos;2024;99
Albacete;5.4.-Sustracción de vehículos;2023;122
Albacete;5.4.-Sustracción de vehículos;2022;135
Albacete;5.4.-Sustracción de vehículos;2021;97
Albacete;5.4.-Sustracción de vehículos;2020;74
Albacete;5.4.-Sustracción de vehículos;2019;94
Albacete;5.4.-Sustracción de vehículos;2018;99
Albacete;5.5.-Estafas;2024;3.344
Albacete;5.5.-Estafas;2023;3.633
Albacete;5.5.-Estafas;2022;3.449
Albacete;5.5.-Estafas;2021;2.500
Albacete;5.5.-Estafas;2020;2.475
Albacete;5.5.-Estafas;2019;2.154
Albacete;5.5.-Estafas;2018;1.730
Albacete;5.5.1.-Estafas informáticas;2024;3.012
Albacete;5.5.1.-Estafas informáticas;2023;3.229
Albacete;5.5.1.-Estafas informáticas;2022;2.966
Albacete;5.5.1.-Estafas informáticas;2021;2.164
Albacete;5.5.1.-Estafas informáticas;2020;2.117
Albacete;5.5.1.-Estafas informáticas;2019;1.727
Albacete;5.5.1.-Estafas informáticas;2018;1.210
Albacete;5.6.-Daños;2024;1.396
Albacete;5.6.-Daños;2023;1.381
Albacete;5.6.-Daños;2022;1.507
Albacete;5.6.-Daños;2021;1.318
Albacete;5.6.-Daños;2020;1.112
Albacete;5.6.-Daños;2019;1.350
Albacete;5.6.-Daños;2018;1.392
Albacete;5.7.-Contra la propiedad intelectual/industrial;2024;28
Albacete;5.7.-Contra la propiedad intelectual/industrial;2023;5
Albacete;5.7.-Contra la propiedad intelectual/industrial;2022;6
Albacete;5.7.-Contra la propiedad intelectual/industrial;2021;7
Albacete;5.7.-Contra la propiedad intelectual/industrial;2020;3
Albacete;5.7.-Contra la propiedad intelectual/industrial;2019;12
Albacete;5.7.-Contra la propiedad intelectual/industrial;2018;41
Albacete;5.8.-Blanqueo de capitales;2024;2
Albacete;5.8.-Blanqueo de capitales;2023;4
Albacete;5.8.-Blanqueo de capitales;2022;5
Albacete;5.8.-Blanqueo de capitales;2021;0
Albacete;5.8.-Blanqueo de capitales;2020;0
Albacete;5.8.-Blanqueo de capitales;2019;2
Albacete;5.8.-Blanqueo de capitales;2018;2
Albacete;5.9.-Otros contra el patrimonio;2024;504
Albacete;5.9.-Otros contra el patrimonio;2023;460
Albacete;5.9.-Otros contra el patrimonio;2022;562
Albacete;5.9.-Otros contra el patrimonio;2021;394
Albacete;5.9.-Otros contra el patrimonio;2020;350
Albacete;5.9.-Otros contra el patrimonio;2019;403
Albacete;5.9.-Otros contra el patrimonio;2018;345
Albacete;6. SEGURIDAD COLECTIVA;2024;438
Albacete;6. SEGURIDAD COLECTIVA;2023;437
Albacete;6. SEGURIDAD COLECTIVA;2022;453
Albacete;6. SEGURIDAD COLECTIVA;2021;441
Albacete;6. SEGURIDAD COLECTIVA;2020;344
Albacete;6. SEGURIDAD COLECTIVA;2019;469
Albacete;6. SEGURIDAD COLECTIVA;2018;448
Albacete;6.1.-Tráfico de drogas;2024;89
Albacete;6.1.-Tráfico de drogas;2023;96
Albacete;6.1.-Tráfico de drogas;2022;85
Albacete;6.1.-Tráfico de drogas;2021;77
Albacete;6.1.-Tráfico de drogas;2020;62
Albacete;6.1.-Tráfico de drogas;2019;72
Albacete;6.1.-Tráfico de drogas;2018;77
Albacete;6.2.-Contra la seguridad vial;2024;320
Albacete;6.2.-Contra la seguridad vial;2023;303
Albacete;6.2.-Contra la seguridad vial;2022;328
Albacete;6.2.-Contra la seguridad vial;2021;333
Albacete;6.2.-Contra la seguridad vial;2020;255
Albacete;6.2.-Contra la seguridad vial;2019;361
Albacete;6.2.-Contra la seguridad vial;2018;339
Albacete;6.3.-Otros contra la seguridad colectiva;2024;29
Albacete;6.3.-Otros contra la seguridad colectiva;2023;38
Albacete;6.3.-Otros contra la seguridad colectiva;2022;40
Albacete;6.3.-Otros contra la seguridad colectiva;2021;31
Albacete;6.3.-Otros contra la seguridad colectiva;2020;27
Albacete;6.3.-Otros contra la seguridad colectiva;2019;36
Albacete;6.3.-Otros contra la seguridad colectiva;2018;32
Albacete;7. FALSEDADES;2024;345
Albacete;7. FALSEDADES;2023;285
Albacete;7. FALSEDADES;2022;288
Albacete;7. FALSEDADES;2021;284
Albacete;7. FALSEDADES;2020;205
Albacete;7. FALSEDADES;2019;187
Albacete;7. FALSEDADES;2018;182
Albacete;8. ADMÓN. PÚBLICA;2024;6
Albacete;8. ADMÓN. PÚBLICA;2023;2
Albacete;8. ADMÓN. PÚBLICA;2022;1
Albacete;8. ADMÓN. PÚBLICA;2021;0
Albacete;8. ADMÓN. PÚBLICA;2020;3
Albacete;8. ADMÓN. PÚBLICA;2019;3
Albacete;8. ADMÓN. PÚBLICA;2018;7
Albacete;9. ADMÓN. JUSTICIA;2024;327
Albacete;9. ADMÓN. JUSTICIA;2023;371
Albacete;9. ADMÓN. JUSTICIA;2022;298
Albacete;9. ADMÓN. JUSTICIA;2021;247
Albacete;9. ADMÓN. JUSTICIA;2020;211
Albacete;9. ADMÓN. JUSTICIA;2019;253
Albacete;9. ADMÓN. JUSTICIA;2018;187
Albacete;10. ORDEN PÚBLICO;2024;205
Albacete;10. ORDEN PÚBLICO;2023;202
Albacete;10. ORDEN PÚBLICO;2022;234
Albacete;10. ORDEN PÚBLICO;2021;186
Albacete;10. ORDEN PÚBLICO;2020;291
Albacete;10. ORDEN PÚBLICO;2019;172
Albacete;10. ORDEN PÚBLICO;2018;162
Albacete;11. LEGISLACIÓN ESPECIAL;2024;1
Albacete;11. LEGISLACIÓN ESPECIAL;2023;2
Albacete;11. LEGISLACIÓN ESPECIAL;2022;4
Albacete;11. LEGISLACIÓN ESPECIAL;2021;1
Albacete;11. LEGISLACIÓN ESPECIAL;2020;0
Albacete;11. LEGISLACIÓN ESPECIAL;2019;0
Albacete;11. LEGISLACIÓN ESPECIAL;2018;0
Albacete;12. OTRAS INFRACCIONES PENALES;2024;125
Albacete;12. OTRAS INFRACCIONES PENALES;2023;111
Albacete;12. OTRAS INFRACCIONES PENALES;2022;127
Albacete;12. OTRAS INFRACCIONES PENALES;2021;127
Albacete;12. OTRAS INFRACCIONES PENALES;2020;96
Albacete;12. OTRAS INFRACCIONES PENALES;2019;117
Albacete;12. OTRAS INFRACCIONES PENALES;2018;84
Albacete;TOTAL INFRACCIONES PENALES;2024;15.349
Albacete;TOTAL INFRACCIONES PENALES;2023;15.618
Albacete;TOTAL INFRACCIONES PENALES;2022;15.301
Albacete;TOTAL INFRACCIONES PENALES;2021;11.777
Albacete;TOTAL INFRACCIONES PENALES;2020;10.728
Albacete;TOTAL INFRACCIONES PENALES;2019;13.105
Albacete;TOTAL INFRACCIONES PENALES;2018;12.691
Alicante/Alacant;1. CONTRA LAS PERSONAS;2024;12.090
Alicante/Alacant;1. CONTRA LAS PERSONAS;2023;11.416
Alicante/Alacant;1. CONTRA LAS PERSONAS;2022;10.426
Alicante/Alacant;1. CONTRA LAS PERSONAS;2021;8.891
Alicante/Alacant;1. CONTRA LAS PERSONAS;2020;7.878
Alicante/Alacant;1. CONTRA LAS PERSONAS;2019;9.276
Alicante/Alacant;1. CONTRA LAS PERSONAS;2018;8.763
Alicante/Alacant;1.1.-Homicidios dolosos/asesinatos;2024;74
Alicante/Alacant;1.1.-Homicidios dolosos/asesinatos;2023;77
Alicante/Alacant;1.1.-Homicidios dolosos/asesinatos;2022;64
Alicante/Alacant;1.1.-Homicidios dolosos/asesinatos;2021;58
Alicante/Alacant;1.1.-Homicidios dolosos/asesinatos;2020;45
Alicante/Alacant;1.1.-Homicidios dolosos/asesinatos;2019;49
Alicante/Alacant;1.1.-Homicidios dolosos/asesinatos;2018;40
Alicante/Alacant;1.1.1.-Homicidios dolosos/asesinatos consumados;2024;21
Alicante/Alacant;1.1.1.-Homicidios dolosos/asesinatos consumados;2023;11
Alicante/Alacant;1.1.1.-Homicidios dolosos/asesinatos consumados;2022;12
Alicante/Alacant;1.1.1.-Homicidios dolosos/asesinatos consumados;2021;10
Alicante/Alacant;1.1.1.-Homicidios dolosos/asesinatos consumados;2020;18
Alicante/Alacant;1.1.1.-Homicidios dolosos/asesinatos consumados;2019;14
Alicante/Alacant;1.1.1.-Homicidios dolosos/asesinatos consumados;2018;14
Alicante/Alacant;1.2.-Lesiones;2024;5.652
Alicante/Alacant;1.2.-Lesiones;2023;5.326
Alicante/Alacant;1.2.-Lesiones;2022;5.049
Alicante/Alacant;1.2.-Lesiones;2021;4.211
Alicante/Alacant;1.2.-Lesiones;2020;3.491
Alicante/Alacant;1.2.-Lesiones;2019;4.574
Alicante/Alacant;1.2.-Lesiones;2018;4.459
Alicante/Alacant;1.3.-Malos tratos ámbito familiar;2024;6.127
Alicante/Alacant;1.3.-Malos tratos ámbito familiar;2023;5.810
Alicante/Alacant;1.3.-Malos tratos ámbito familiar;2022;5.139
Alicante/Alacant;1.3.-Malos tratos ámbito familiar;2021;4.441
Alicante/Alacant;1.3.-Malos tratos ámbito familiar;2020;4.232
Alicante/Alacant;1.3.-Malos tratos ámbito familiar;2019;4.538
Alicante/Alacant;1.3.-Malos tratos ámbito familiar;2018;4.151
Alicante/Alacant;1.4.-Otros contra las personas;2024;237
Alicante/Alacant;1.4.-Otros contra las personas;2023;203
Alicante/Alacant;1.4.-Otros contra las personas;2022;174
Alicante/Alacant;1.4.-Otros contra las personas;2021;181
Alicante/Alacant;1.4.-Otros contra las personas;2020;110
Alicante/Alacant;1.4.-Otros contra las personas;2019;115
Alicante/Alacant;1.4.-Otros contra las personas;2018;113
Alicante/Alacant;2. CONTRA LA LIBERTAD;2024;7.393
Alicante/Alacant;2. CONTRA LA LIBERTAD;2023;6.862
Alicante/Alacant;2. CONTRA LA LIBERTAD;2022;6.106
Alicante/Alacant;2. CONTRA LA LIBERTAD;2021;5.879
Alicante/Alacant;2. CONTRA LA LIBERTAD;2020;5.307
Alicante/Alacant;2. CONTRA LA LIBERTAD;2019;5.019
Alicante/Alacant;2. CONTRA LA LIBERTAD;2018;4.850
Alicante/Alacant;2.1.-Malos tratos habituales en el ámbito familiar;2024;850
Alicante/Alacant;2.1.-Malos tratos habituales en el ámbito familiar;2023;865
Alicante/Alacant;2.1.-Malos tratos habituales en el ámbito familiar;2022;811
Alicante/Alacant;2.1.-Malos tratos habituales en el ámbito familiar;2021;701
Alicante/Alacant;2.1.-Malos tratos habituales en el ámbito familiar;2020;615
Alicante/Alacant;2.1.-Malos tratos habituales en el ámbito familiar;2019;597
Alicante/Alacant;2.1.-Malos tratos habituales en el ámbito familiar;2018;490
Alicante/Alacant;2.2.-Otros contra la libertad;2024;6.543
Alicante/Alacant;2.2.-Otros contra la libertad;2023;5.997
Alicante/Alacant;2.2.-Otros contra la libertad;2022;5.295
Alicante/Alacant;2.2.-Otros contra la libertad;2021;5.178
Alicante/Alacant;2.2.-Otros contra la libertad;2020;4.692
Alicante/Alacant;2.2.-Otros contra la libertad;2019;4.422
Alicante/Alacant;2.2.-Otros contra la libertad;2018;4.360
Alicante/Alacant;3. LIBERTAD SEXUAL;2024;1.092
Alicante/Alacant;3. LIBERTAD SEXUAL;2023;1.043
Alicante/Alacant;3. LIBERTAD SEXUAL;2022;991
Alicante/Alacant;3. LIBERTAD SEXUAL;2021;838
Alicante/Alacant;3. LIBERTAD SEXUAL;2020;573
Alicante/Alacant;3. LIBERTAD SEXUAL;2019;676
Alicante/Alacant;3. LIBERTAD SEXUAL;2018;599
Alicante/Alacant;3.1.-Agresión sexual;2024;683
Alicante/Alacant;3.1.-Agresión sexual;2023;645
Alicante/Alacant;3.1.-Agresión sexual;2022;594
Alicante/Alacant;3.1.-Agresión sexual;2021;521
Alicante/Alacant;3.1.-Agresión sexual;2020;329
Alicante/Alacant;3.1.-Agresión sexual;2019;367
Alicante/Alacant;3.1.-Agresión sexual;2018;345
Alicante/Alacant;3.2.-Agresión sexual con penetración;2024;221
Alicante/Alacant;3.2.-Agresión sexual con penetración;2023;221
Alicante/Alacant;3.2.-Agresión sexual con penetración;2022;244
Alicante/Alacant;3.2.-Agresión sexual con penetración;2021;166
Alicante/Alacant;3.2.-Agresión sexual con penetración;2020;123
Alicante/Alacant;3.2.-Agresión sexual con penetración;2019;133
Alicante/Alacant;3.2.-Agresión sexual con penetración;2018;107
Alicante/Alacant;3.3.-Corrupción de menores o incapacitados;2024;27
Alicante/Alacant;3.3.-Corrupción de menores o incapacitados;2023;23
Alicante/Alacant;3.3.-Corrupción de menores o incapacitados;2022;28
Alicante/Alacant;3.3.-Corrupción de menores o incapacitados;2021;27
Alicante/Alacant;3.3.-Corrupción de menores o incapacitados;2020;19
Alicante/Alacant;3.3.-Corrupción de menores o incapacitados;2019;30
Alicante/Alacant;3.3.-Corrupción de menores o incapacitados;2018;18
Alicante/Alacant;3.4.-Pornografía de menores;2024;50
Alicante/Alacant;3.4.-Pornografía de menores;2023;37
Alicante/Alacant;3.4.-Pornografía de menores;2022;38
Alicante/Alacant;3.4.-Pornografía de menores;2021;28
Alicante/Alacant;3.4.-Pornografía de menores;2020;25
Alicante/Alacant;3.4.-Pornografía de menores;2019;38
Alicante/Alacant;3.4.-Pornografía de menores;2018;43
Alicante/Alacant;3.5.-Otros contra la libertad sexual;2024;111
Alicante/Alacant;3.5.-Otros contra la libertad sexual;2023;117
Alicante/Alacant;3.5.-Otros contra la libertad sexual;2022;87
Alicante/Alacant;3.5.-Otros contra la libertad sexual;2021;96
Alicante/Alacant;3.5.-Otros contra la libertad sexual;2020;77
Alicante/Alacant;3.5.-Otros contra la libertad sexual;2019;108
Alicante/Alacant;3.5.-Otros contra la libertad sexual;2018;86
Alicante/Alacant;4. RELACIONES FAMILIARES;2024;417
Alicante/Alacant;4. RELACIONES FAMILIARES;2023;426
Alicante/Alacant;4. RELACIONES FAMILIARES;2022;434
Alicante/Alacant;4. RELACIONES FAMILIARES;2021;407
Alicante/Alacant;4. RELACIONES FAMILIARES;2020;343
Alicante/Alacant;4. RELACIONES FAMILIARES;2019;410
Alicante/Alacant;4. RELACIONES FAMILIARES;2018;389
Alicante/Alacant;5. PATRIMONIO;2024;73.603
Alicante/Alacant;5. PATRIMONIO;2023;75.647
Alicante/Alacant;5. PATRIMONIO;2022;66.953
Alicante/Alacant;5. PATRIMONIO;2021;54.499
Alicante/Alacant;5. PATRIMONIO;2020;50.860
Alicante/Alacant;5. PATRIMONIO;2019;65.372
Alicante/Alacant;5. PATRIMONIO;2018;66.684
Alicante/Alacant;5.1.-Hurtos;2024;26.373
Alicante/Alacant;5.1.-Hurtos;2023;27.014
Alicante/Alacant;5.1.-Hurtos;2022;24.274
Alicante/Alacant;5.1.-Hurtos;2021;18.481
Alicante/Alacant;5.1.-Hurtos;2020;16.192
Alicante/Alacant;5.1.-Hurtos;2019;26.115
Alicante/Alacant;5.1.-Hurtos;2018;26.527
Alicante/Alacant;5.2.-Robos con fuerza en las cosas;2024;11.708
Alicante/Alacant;5.2.-Robos con fuerza en las cosas;2023;12.716
Alicante/Alacant;5.2.-Robos con fuerza en las cosas;2022;11.054
Alicante/Alacant;5.2.-Robos con fuerza en las cosas;2021;9.853
Alicante/Alacant;5.2.-Robos con fuerza en las cosas;2020;10.550
Alicante/Alacant;5.2.-Robos con fuerza en las cosas;2019;13.943
Alicante/Alacant;5.2.-Robos con fuerza en las cosas;2018;15.046
Alicante/Alacant;5.2.1.-Robos con fuerza en las cosas en el interior de vehículos;2024;3.441
Alicante/Alacant;5.2.1.-Robos con fuerza en las cosas en el interior de vehículos;2023;3.723
Alicante/Alacant;5.2.1.-Robos con fuerza en las cosas en el interior de vehículos;2022;2.764
Alicante/Alacant;5.2.1.-Robos con fuerza en las cosas en el interior de vehículos;2021;2.503
Alicante/Alacant;5.2.1.-Robos con fuerza en las cosas en el interior de vehículos;2020;2.801
Alicante/Alacant;5.2.1.-Robos con fuerza en las cosas en el interior de vehículos;2019;4.034
Alicante/Alacant;5.2.1.-Robos con fuerza en las cosas en el interior de vehículos;2018;4.159
Alicante/Alacant;5.2.2.-Robos con fuerza en viviendas;2024;5.701
Alicante/Alacant;5.2.2.-Robos con fuerza en viviendas;2023;6.275
Alicante/Alacant;5.2.2.-Robos con fuerza en viviendas;2022;5.975
Alicante/Alacant;5.2.2.-Robos con fuerza en viviendas;2021;5.282
Alicante/Alacant;5.2.2.-Robos con fuerza en viviendas;2020;5.479
Alicante/Alacant;5.2.2.-Robos con fuerza en viviendas;2019;6.888
Alicante/Alacant;5.2.2.-Robos con fuerza en viviendas;2018;7.793
Alicante/Alacant;5.2.3.-Robos con fuerza en establecimientos;2024;1.217
Alicante/Alacant;5.2.3.-Robos con fuerza en establecimientos;2023;1.241
Alicante/Alacant;5.2.3.-Robos con fuerza en establecimientos;2022;1.028
Alicante/Alacant;5.2.3.-Robos con fuerza en establecimientos;2021;973
Alicante/Alacant;5.2.3.-Robos con fuerza en establecimientos;2020;1.110
Alicante/Alacant;5.2.3.-Robos con fuerza en establecimientos;2019;1.448
Alicante/Alacant;5.2.3.-Robos con fuerza en establecimientos;2018;1.462
Alicante/Alacant;5.3.-Robos con violencia o intimidación;2024;2.187
Alicante/Alacant;5.3.-Robos con violencia o intimidación;2023;1.997
Alicante/Alacant;5.3.-Robos con violencia o intimidación;2022;1.582
Alicante/Alacant;5.3.-Robos con violencia o intimidación;2021;1.212
Alicante/Alacant;5.3.-Robos con violencia o intimidación;2020;1.187
Alicante/Alacant;5.3.-Robos con violencia o intimidación;2019;1.655
Alicante/Alacant;5.3.-Robos con violencia o intimidación;2018;1.687
Alicante/Alacant;5.3.1.-Robos con violencia en vía pública;2024;1.276
Alicante/Alacant;5.3.1.-Robos con violencia en vía pública;2023;1.161
Alicante/Alacant;5.3.1.-Robos con violencia en vía pública;2022;861
Alicante/Alacant;5.3.1.-Robos con violencia en vía pública;2021;625
Alicante/Alacant;5.3.1.-Robos con violencia en vía pública;2020;650
Alicante/Alacant;5.3.1.-Robos con violencia en vía pública;2019;945
Alicante/Alacant;5.3.1.-Robos con violencia en vía pública;2018;1.039
Alicante/Alacant;5.3.2.-Robos con violencia en viviendas;2024;228
Alicante/Alacant;5.3.2.-Robos con violencia en viviendas;2023;245
Alicante/Alacant;5.3.2.-Robos con violencia en viviendas;2022;192
Alicante/Alacant;5.3.2.-Robos con violencia en viviendas;2021;172
Alicante/Alacant;5.3.2.-Robos con violencia en viviendas;2020;176
Alicante/Alacant;5.3.2.-Robos con violencia en viviendas;2019;202
Alicante/Alacant;5.3.2.-Robos con violencia en viviendas;2018;159
Alicante/Alacant;5.3.3.-Robos con violencia en establecimientos;2024;402
Alicante/Alacant;5.3.3.-Robos con violencia en establecimientos;2023;343
Alicante/Alacant;5.3.3.-Robos con violencia en establecimientos;2022;278
Alicante/Alacant;5.3.3.-Robos con violencia en establecimientos;2021;234
Alicante/Alacant;5.3.3.-Robos con violencia en establecimientos;2020;196
Alicante/Alacant;5.3.3.-Robos con violencia en establecimientos;2019;281
Alicante/Alacant;5.3.3.-Robos con violencia en establecimientos;2018;245
Alicante/Alacant;5.4.-Sustracción de vehículos;2024;1.356
Alicante/Alacant;5.4.-Sustracción de vehículos;2023;1.430
Alicante/Alacant;5.4.-Sustracción de vehículos;2022;1.181
Alicante/Alacant;5.4.-Sustracción de vehículos;2021;969
Alicante/Alacant;5.4.-Sustracción de vehículos;2020;996
Alicante/Alacant;5.4.-Sustracción de vehículos;2019;1.350
Alicante/Alacant;5.4.-Sustracción de vehículos;2018;1.281
Alicante/Alacant;5.5.-Estafas;2024;19.706
Alicante/Alacant;5.5.-Estafas;2023;19.978
Alicante/Alacant;5.5.-Estafas;2022;16.780
Alicante/Alacant;5.5.-Estafas;2021;13.037
Alicante/Alacant;5.5.-Estafas;2020;11.936
Alicante/Alacant;5.5.-Estafas;2019;10.809
Alicante/Alacant;5.5.-Estafas;2018;10.206
Alicante/Alacant;5.5.1.-Estafas informáticas;2024;15.484
Alicante/Alacant;5.5.1.-Estafas informáticas;2023;15.789
Alicante/Alacant;5.5.1.-Estafas informáticas;2022;11.280
Alicante/Alacant;5.5.1.-Estafas informáticas;2021;8.371
Alicante/Alacant;5.5.1.-Estafas informáticas;2020;7.562
Alicante/Alacant;5.5.1.-Estafas informáticas;2019;5.137
Alicante/Alacant;5.5.1.-Estafas informáticas;2018;3.632
Alicante/Alacant;5.6.-Daños;2024;8.704
Alicante/Alacant;5.6.-Daños;2023;9.027
Alicante/Alacant;5.6.-Daños;2022;8.730
Alicante/Alacant;5.6.-Daños;2021;8.137
Alicante/Alacant;5.6.-Daños;2020;7.499
Alicante/Alacant;5.6.-Daños;2019;8.815
Alicante/Alacant;5.6.-Daños;2018;9.432
Alicante/Alacant;5.7.-Contra la propiedad intelectual/industrial;2024;102
Alicante/Alacant;5.7.-Contra la propiedad intelectual/industrial;2023;114
Alicante/Alacant;5.7.-Contra la propiedad intelectual/industrial;2022;112
Alicante/Alacant;5.7.-Contra la propiedad intelectual/industrial;2021;102
Alicante/Alacant;5.7.-Contra la propiedad intelectual/industrial;2020;53
Alicante/Alacant;5.7.-Contra la propiedad intelectual/industrial;2019;100
Alicante/Alacant;5.7.-Contra la propiedad intelectual/industrial;2018;134
Alicante/Alacant;5.8.-Blanqueo de capitales;2024;35
Alicante/Alacant;5.8.-Blanqueo de capitales;2023;33
Alicante/Alacant;5.8.-Blanqueo de capitales;2022;17
Alicante/Alacant;5.8.-Blanqueo de capitales;2021;34
Alicante/Alacant;5.8.-Blanqueo de capitales;2020;17
Alicante/Alacant;5.8.-Blanqueo de capitales;2019;14
Alicante/Alacant;5.8.-Blanqueo de capitales;2018;16
Alicante/Alacant;5.9.-Otros contra el patrimonio;2024;3.432
Alicante/Alacant;5.9.-Otros contra el patrimonio;2023;3.338
Alicante/Alacant;5.9.-Otros contra el patrimonio;2022;3.223
Alicante/Alacant;5.9.-Otros contra el patrimonio;2021;2.674
Alicante/Alacant;5.9.-Otros contra el patrimonio;2020;2.430
Alicante/Alacant;5.9.-Otros contra el patrimonio;2019;2.571
Alicante/Alacant;5.9.-Otros contra el patrimonio;2018;2.355
Alicante/Alacant;6. SEGURIDAD COLECTIVA;2024;3.235
Alicante/Alacant;6. SEGURIDAD COLECTIVA;2023;3.526
Alicante/Alacant;6. SEGURIDAD COLECTIVA;2022;3.554
Alicante/Alacant;6. SEGURIDAD COLECTIVA;2021;3.115
Alicante/Alacant;6. SEGURIDAD COLECTIVA;2020;2.468
Alicante/Alacant;6. SEGURIDAD COLECTIVA;2019;2.707
Alicante/Alacant;6. SEGURIDAD COLECTIVA;2018;2.875
Alicante/Alacant;6.1.-Tráfico de drogas;2024;1.145
Alicante/Alacant;6.1.-Tráfico de drogas;2023;1.105
Alicante/Alacant;6.1.-Tráfico de drogas;2022;963
Alicante/Alacant;6.1.-Tráfico de drogas;2021;935
Alicante/Alacant;6.1.-Tráfico de drogas;2020;816
Alicante/Alacant;6.1.-Tráfico de drogas;2019;788
Alicante/Alacant;6.1.-Tráfico de drogas;2018;669
Alicante/Alacant;6.2.-Contra la seguridad vial;2024;1.979
Alicante/Alacant;6.2.-Contra la seguridad vial;2023;2.315
Alicante/Alacant;6.2.-Contra la seguridad vial;2022;2.524
Alicante/Alacant;6.2.-Contra la seguridad vial;2021;2.115
Alicante/Alacant;6.2.-Contra la seguridad vial;2020;1.603
Alicante/Alacant;6.2.-Contra la seguridad vial;2019;1.871
Alicante/Alacant;6.2.-Contra la seguridad vial;2018;2.120
Alicante/Alacant;6.3.-Otros contra la seguridad colectiva;2024;111
Alicante/Alacant;6.3.-Otros contra la seguridad colectiva;2023;106
Alicante/Alacant;6.3.-Otros contra la seguridad colectiva;2022;67
Alicante/Alacant;6.3.-Otros contra la seguridad colectiva;2021;65
Alicante/Alacant;6.3.-Otros contra la seguridad colectiva;2020;49
Alicante/Alacant;6.3.-Otros contra la seguridad colectiva;2019;48
Alicante/Alacant;6.3.-Otros contra la seguridad colectiva;2018;86
Alicante/Alacant;7. FALSEDADES;2024;2.348
Alicante/Alacant;7. FALSEDADES;2023;2.157
Alicante/Alacant;7. FALSEDADES;2022;1.905
Alicante/Alacant;7. FALSEDADES;2021;1.808
Alicante/Alacant;7. FALSEDADES;2020;1.316
Alicante/Alacant;7. FALSEDADES;2019;1.336
Alicante/Alacant;7. FALSEDADES;2018;1.324
Alicante/Alacant;8. ADMÓN. PÚBLICA;2024;31
Alicante/Alacant;8. ADMÓN. PÚBLICA;2023;25
Alicante/Alacant;8. ADMÓN. PÚBLICA;2022;19
Alicante/Alacant;8. ADMÓN. PÚBLICA;2021;48
Alicante/Alacant;8. ADMÓN. PÚBLICA;2020;21
Alicante/Alacant;8. ADMÓN. PÚBLICA;2019;18
Alicante/Alacant;8. ADMÓN. PÚBLICA;2018;40
Alicante/Alacant;9. ADMÓN. JUSTICIA;2024;2.312
Alicante/Alacant;9. ADMÓN. JUSTICIA;2023;2.226
Alicante/Alacant;9. ADMÓN. JUSTICIA;2022;2.156
Alicante/Alacant;9. ADMÓN. JUSTICIA;2021;1.776
Alicante/Alacant;9. ADMÓN. JUSTICIA;2020;1.766
Alicante/Alacant;9. ADMÓN. JUSTICIA;2019;1.747
Alicante/Alacant;9. ADMÓN. JUSTICIA;2018;1.682
Alicante/Alacant;10. ORDEN PÚBLICO;2024;1.668
Alicante/Alacant;10. ORDEN PÚBLICO;2023;1.624
Alicante/Alacant;10. ORDEN PÚBLICO;2022;1.427
Alicante/Alacant;10. ORDEN PÚBLICO;2021;1.321
Alicante/Alacant;10. ORDEN PÚBLICO;2020;1.840
Alicante/Alacant;10. ORDEN PÚBLICO;2019;1.105
Alicante/Alacant;10. ORDEN PÚBLICO;2018;1.088
Alicante/Alacant;11. LEGISLACIÓN ESPECIAL;2024;21
Alicante/Alacant;11. LEGISLACIÓN ESPECIAL;2023;26
Alicante/Alacant;11. LEGISLACIÓN ESPECIAL;2022;19
Alicante/Alacant;11. LEGISLACIÓN ESPECIAL;2021;20
Alicante/Alacant;11. LEGISLACIÓN ESPECIAL;2020;18
Alicante/Alacant;11. LEGISLACIÓN ESPECIAL;2019;1
Alicante/Alacant;11. LEGISLACIÓN ESPECIAL;2018;3
Alicante/Alacant;12. OTRAS INFRACCIONES PENALES;2024;425
Alicante/Alacant;12. OTRAS INFRACCIONES PENALES;2023;395
Alicante/Alacant;12. OTRAS INFRACCIONES PENALES;2022;350
Alicante/Alacant;12. OTRAS INFRACCIONES PENALES;2021;314
Alicante/Alacant;12. OTRAS INFRACCIONES PENALES;2020;342
Alicante/Alacant;12. OTRAS INFRACCIONES PENALES;2019;312
Alicante/Alacant;12. OTRAS INFRACCIONES PENALES;2018;339
Alicante/Alacant;TOTAL INFRACCIONES PENALES;2024;104.635
Alicante/Alacant;TOTAL INFRACCIONES PENALES;2023;105.373
Alicante/Alacant;TOTAL INFRACCIONES PENALES;2022;94.340
Alicante/Alacant;TOTAL INFRACCIONES PENALES;2021;78.916
Alicante/Alacant;TOTAL INFRACCIONES PENALES;2020;72.732
Alicante/Alacant;TOTAL INFRACCIONES PENALES;2019;87.979
Alicante/Alacant;TOTAL INFRACCIONES PENALES;2018;88.636
Almería;1. CONTRA LAS PERSONAS;2024;4.660
Almería;1. CONTRA LAS PERSONAS;2023;4.343
Almería;1. CONTRA LAS PERSONAS;2022;4.067
Almería;1. CONTRA LAS PERSONAS;2021;3.640
Almería;1. CONTRA LAS PERSONAS;2020;3.421
Almería;1. CONTRA LAS PERSONAS;2019;3.861
Almería;1. CONTRA LAS PERSONAS;2018;3.470
Almería;1.1.-Homicidios dolosos/asesinatos;2024;35
Almería;1.1.-Homicidios dolosos/asesinatos;2023;37
Almería;1.1.-Homicidios dolosos/asesinatos;2022;38
Almería;1.1.-Homicidios dolosos/asesinatos;2021;29
Almería;1.1.-Homicidios dolosos/asesinatos;2020;26
Almería;1.1.-Homicidios dolosos/asesinatos;2019;25
Almería;1.1.-Homicidios dolosos/asesinatos;2018;20
Almería;1.1.1.-Homicidios dolosos/asesinatos consumados;2024;16
Almería;1.1.1.-Homicidios dolosos/asesinatos consumados;2023;8
Almería;1.1.1.-Homicidios dolosos/asesinatos consumados;2022;9
Almería;1.1.1.-Homicidios dolosos/asesinatos consumados;2021;8
Almería;1.1.1.-Homicidios dolosos/asesinatos consumados;2020;6
Almería;1.1.1.-Homicidios dolosos/asesinatos consumados;2019;9
Almería;1.1.1.-Homicidios dolosos/asesinatos consumados;2018;9
Almería;1.2.-Lesiones;2024;2.707
Almería;1.2.-Lesiones;2023;2.517
Almería;1.2.-Lesiones;2022;2.272
Almería;1.2.-Lesiones;2021;2.052
Almería;1.2.-Lesiones;2020;1.833
Almería;1.2.-Lesiones;2019;2.131
Almería;1.2.-Lesiones;2018;1.893
Almería;1.3.-Malos tratos ámbito familiar;2024;1.832
Almería;1.3.-Malos tratos ámbito familiar;2023;1.716
Almería;1.3.-Malos tratos ámbito familiar;2022;1.709
Almería;1.3.-Malos tratos ámbito familiar;2021;1.507
Almería;1.3.-Malos tratos ámbito familiar;2020;1.513
Almería;1.3.-Malos tratos ámbito familiar;2019;1.672
Almería;1.3.-Malos tratos ámbito familiar;2018;1.521
Almería;1.4.-Otros contra las personas;2024;86
Almería;1.4.-Otros contra las personas;2023;73
Almería;1.4.-Otros contra las personas;2022;48
Almería;1.4.-Otros contra las personas;2021;52
Almería;1.4.-Otros contra las personas;2020;49
Almería;1.4.-Otros contra las personas;2019;33
Almería;1.4.-Otros contra las personas;2018;36
Almería;2. CONTRA LA LIBERTAD;2024;3.058
Almería;2. CONTRA LA LIBERTAD;2023;2.920
Almería;2. CONTRA LA LIBERTAD;2022;2.526
Almería;2. CONTRA LA LIBERTAD;2021;2.394
Almería;2. CONTRA LA LIBERTAD;2020;2.200
Almería;2. CONTRA LA LIBERTAD;2019;2.064
Almería;2. CONTRA LA LIBERTAD;2018;2.105
Almería;2.1.-Malos tratos habituales en el ámbito familiar;2024;491
Almería;2.1.-Malos tratos habituales en el ámbito familiar;2023;554
Almería;2.1.-Malos tratos habituales en el ámbito familiar;2022;501
Almería;2.1.-Malos tratos habituales en el ámbito familiar;2021;458
Almería;2.1.-Malos tratos habituales en el ámbito familiar;2020;392
Almería;2.1.-Malos tratos habituales en el ámbito familiar;2019;314
Almería;2.1.-Malos tratos habituales en el ámbito familiar;2018;318
Almería;2.2.-Otros contra la libertad;2024;2.567
Almería;2.2.-Otros contra la libertad;2023;2.366
Almería;2.2.-Otros contra la libertad;2022;2.025
Almería;2.2.-Otros contra la libertad;2021;1.936
Almería;2.2.-Otros contra la libertad;2020;1.808
Almería;2.2.-Otros contra la libertad;2019;1.750
Almería;2.2.-Otros contra la libertad;2018;1.787
Almería;3. LIBERTAD SEXUAL;2024;340
Almería;3. LIBERTAD SEXUAL;2023;411
Almería;3. LIBERTAD SEXUAL;2022;335
Almería;3. LIBERTAD SEXUAL;2021;273
Almería;3. LIBERTAD SEXUAL;2020;266
Almería;3. LIBERTAD SEXUAL;2019;278
Almería;3. LIBERTAD SEXUAL;2018;220
Almería;3.1.-Agresión sexual;2024;218
Almería;3.1.-Agresión sexual;2023;250
Almería;3.1.-Agresión sexual;2022;200
Almería;3.1.-Agresión sexual;2021;169
Almería;3.1.-Agresión sexual;2020;163
Almería;3.1.-Agresión sexual;2019;182
Almería;3.1.-Agresión sexual;2018;148
Almería;3.2.-Agresión sexual con penetración;2024;67
Almería;3.2.-Agresión sexual con penetración;2023;78
Almería;3.2.-Agresión sexual con penetración;2022;58
Almería;3.2.-Agresión sexual con penetración;2021;63
Almería;3.2.-Agresión sexual con penetración;2020;49
Almería;3.2.-Agresión sexual con penetración;2019;51
Almería;3.2.-Agresión sexual con penetración;2018;29
Almería;3.3.-Corrupción de menores o incapacitados;2024;6
Almería;3.3.-Corrupción de menores o incapacitados;2023;13
Almería;3.3.-Corrupción de menores o incapacitados;2022;26
Almería;3.3.-Corrupción de menores o incapacitados;2021;8
Almería;3.3.-Corrupción de menores o incapacitados;2020;14
Almería;3.3.-Corrupción de menores o incapacitados;2019;3
Almería;3.3.-Corrupción de menores o incapacitados;2018;5
Almería;3.4.-Pornografía de menores;2024;9
Almería;3.4.-Pornografía de menores;2023;15
Almería;3.4.-Pornografía de menores;2022;11
Almería;3.4.-Pornografía de menores;2021;9
Almería;3.4.-Pornografía de menores;2020;9
Almería;3.4.-Pornografía de menores;2019;7
Almería;3.4.-Pornografía de menores;2018;3
Almería;3.5.-Otros contra la libertad sexual;2024;40
Almería;3.5.-Otros contra la libertad sexual;2023;55
Almería;3.5.-Otros contra la libertad sexual;2022;40
Almería;3.5.-Otros contra la libertad sexual;2021;24
Almería;3.5.-Otros contra la libertad sexual;2020;31
Almería;3.5.-Otros contra la libertad sexual;2019;35
Almería;3.5.-Otros contra la libertad sexual;2018;35
Almería;4. RELACIONES FAMILIARES;2024;241
Almería;4. RELACIONES FAMILIARES;2023;222
Almería;4. RELACIONES FAMILIARES;2022;241
Almería;4. RELACIONES FAMILIARES;2021;204
Almería;4. RELACIONES FAMILIARES;2020;183
Almería;4. RELACIONES FAMILIARES;2019;216
Almería;4. RELACIONES FAMILIARES;2018;252
Almería;5. PATRIMONIO;2024;21.344
Almería;5. PATRIMONIO;2023;21.008
Almería;5. PATRIMONIO;2022;18.704
Almería;5. PATRIMONIO;2021;15.745
Almería;5. PATRIMONIO;2020;13.848
Almería;5. PATRIMONIO;2019;17.648
Almería;5. PATRIMONIO;2018;19.031
Almería;5.1.-Hurtos;2024;6.623
Almería;5.1.-Hurtos;2023;6.437
Almería;5.1.-Hurtos;2022;5.525
Almería;5.1.-Hurtos;2021;4.548
Almería;5.1.-Hurtos;2020;3.723
Almería;5.1.-Hurtos;2019;6.113
Almería;5.1.-Hurtos;2018;6.670
Almería;5.2.-Robos con fuerza en las cosas;2024;3.595
Almería;5.2.-Robos con fuerza en las cosas;2023;4.193
Almería;5.2.-Robos con fuerza en las cosas;2022;3.904
Almería;5.2.-Robos con fuerza en las cosas;2021;3.494
Almería;5.2.-Robos con fuerza en las cosas;2020;3.188
Almería;5.2.-Robos con fuerza en las cosas;2019;4.177
Almería;5.2.-Robos con fuerza en las cosas;2018;4.742
Almería;5.2.1.-Robos con fuerza en las cosas en el interior de vehículos;2024;1.021
Almería;5.2.1.-Robos con fuerza en las cosas en el interior de vehículos;2023;1.106
Almería;5.2.1.-Robos con fuerza en las cosas en el interior de vehículos;2022;1.204
Almería;5.2.1.-Robos con fuerza en las cosas en el interior de vehículos;2021;1.028
Almería;5.2.1.-Robos con fuerza en las cosas en el interior de vehículos;2020;884
Almería;5.2.1.-Robos con fuerza en las cosas en el interior de vehículos;2019;1.124
Almería;5.2.1.-Robos con fuerza en las cosas en el interior de vehículos;2018;1.304
Almería;5.2.2.-Robos con fuerza en viviendas;2024;1.152
Almería;5.2.2.-Robos con fuerza en viviendas;2023;1.602
Almería;5.2.2.-Robos con fuerza en viviendas;2022;1.530
Almería;5.2.2.-Robos con fuerza en viviendas;2021;1.322
Almería;5.2.2.-Robos con fuerza en viviendas;2020;1.323
Almería;5.2.2.-Robos con fuerza en viviendas;2019;1.707
Almería;5.2.2.-Robos con fuerza en viviendas;2018;1.790
Almería;5.2.3.-Robos con fuerza en establecimientos;2024;330
Almería;5.2.3.-Robos con fuerza en establecimientos;2023;399
Almería;5.2.3.-Robos con fuerza en establecimientos;2022;374
Almería;5.2.3.-Robos con fuerza en establecimientos;2021;351
Almería;5.2.3.-Robos con fuerza en establecimientos;2020;284
Almería;5.2.3.-Robos con fuerza en establecimientos;2019;485
Almería;5.2.3.-Robos con fuerza en establecimientos;2018;467
Almería;5.3.-Robos con violencia o intimidación;2024;736
Almería;5.3.-Robos con violencia o intimidación;2023;657
Almería;5.3.-Robos con violencia o intimidación;2022;677
Almería;5.3.-Robos con violencia o intimidación;2021;534
Almería;5.3.-Robos con violencia o intimidación;2020;386
Almería;5.3.-Robos con violencia o intimidación;2019;537
Almería;5.3.-Robos con violencia o intimidación;2018;550
Almería;5.3.1.-Robos con violencia en vía pública;2024;430
Almería;5.3.1.-Robos con violencia en vía pública;2023;397
Almería;5.3.1.-Robos con violencia en vía pública;2022;423
Almería;5.3.1.-Robos con violencia en vía pública;2021;346
Almería;5.3.1.-Robos con violencia en vía pública;2020;232
Almería;5.3.1.-Robos con violencia en vía pública;2019;329
Almería;5.3.1.-Robos con violencia en vía pública;2018;335
Almería;5.3.2.-Robos con violencia en viviendas;2024;86
Almería;5.3.2.-Robos con violencia en viviendas;2023;67
Almería;5.3.2.-Robos con violencia en viviendas;2022;73
Almería;5.3.2.-Robos con violencia en viviendas;2021;61
Almería;5.3.2.-Robos con violencia en viviendas;2020;46
Almería;5.3.2.-Robos con violencia en viviendas;2019;50
Almería;5.3.2.-Robos con violencia en viviendas;2018;53
Almería;5.3.3.-Robos con violencia en establecimientos;2024;124
Almería;5.3.3.-Robos con violencia en establecimientos;2023;81
Almería;5.3.3.-Robos con violencia en establecimientos;2022;80
Almería;5.3.3.-Robos con violencia en establecimientos;2021;59
Almería;5.3.3.-Robos con violencia en establecimientos;2020;50
Almería;5.3.3.-Robos con violencia en establecimientos;2019;64
Almería;5.3.3.-Robos con violencia en establecimientos;2018;75
Almería;5.4.-Sustracción de vehículos;2024;342
Almería;5.4.-Sustracción de vehículos;2023;349
Almería;5.4.-Sustracción de vehículos;2022;312
Almería;5.4.-Sustracción de vehículos;2021;294
Almería;5.4.-Sustracción de vehículos;2020;241
Almería;5.4.-Sustracción de vehículos;2019;368
Almería;5.4.-Sustracción de vehículos;2018;362
Almería;5.5.-Estafas;2024;5.892
Almería;5.5.-Estafas;2023;5.148
Almería;5.5.-Estafas;2022;4.430
Almería;5.5.-Estafas;2021;3.260
Almería;5.5.-Estafas;2020;2.806
Almería;5.5.-Estafas;2019;2.361
Almería;5.5.-Estafas;2018;2.335
Almería;5.5.1.-Estafas informáticas;2024;5.226
Almería;5.5.1.-Estafas informáticas;2023;4.414
Almería;5.5.1.-Estafas informáticas;2022;3.041
Almería;5.5.1.-Estafas informáticas;2021;2.281
Almería;5.5.1.-Estafas informáticas;2020;1.864
Almería;5.5.1.-Estafas informáticas;2019;1.418
Almería;5.5.1.-Estafas informáticas;2018;1.314
Almería;5.6.-Daños;2024;3.006
Almería;5.6.-Daños;2023;2.958
Almería;5.6.-Daños;2022;2.748
Almería;5.6.-Daños;2021;2.684
Almería;5.6.-Daños;2020;2.424
Almería;5.6.-Daños;2019;2.951
Almería;5.6.-Daños;2018;3.234
Almería;5.7.-Contra la propiedad intelectual/industrial;2024;18
Almería;5.7.-Contra la propiedad intelectual/industrial;2023;13
Almería;5.7.-Contra la propiedad intelectual/industrial;2022;16
Almería;5.7.-Contra la propiedad intelectual/industrial;2021;14
Almería;5.7.-Contra la propiedad intelectual/industrial;2020;7
Almería;5.7.-Contra la propiedad intelectual/industrial;2019;9
Almería;5.7.-Contra la propiedad intelectual/industrial;2018;19
Almería;5.8.-Blanqueo de capitales;2024;16
Almería;5.8.-Blanqueo de capitales;2023;12
Almería;5.8.-Blanqueo de capitales;2022;8
Almería;5.8.-Blanqueo de capitales;2021;2
Almería;5.8.-Blanqueo de capitales;2020;5
Almería;5.8.-Blanqueo de capitales;2019;3
Almería;5.8.-Blanqueo de capitales;2018;2
Almería;5.9.-Otros contra el patrimonio;2024;1.116
Almería;5.9.-Otros contra el patrimonio;2023;1.241
Almería;5.9.-Otros contra el patrimonio;2022;1.084
Almería;5.9.-Otros contra el patrimonio;2021;915
Almería;5.9.-Otros contra el patrimonio;2020;1.068
Almería;5.9.-Otros contra el patrimonio;2019;1.129
Almería;5.9.-Otros contra el patrimonio;2018;1.117
Almería;6. SEGURIDAD COLECTIVA;2024;1.999
Almería;6. SEGURIDAD COLECTIVA;2023;2.035
Almería;6. SEGURIDAD COLECTIVA;2022;2.069
Almería;6. SEGURIDAD COLECTIVA;2021;1.965
Almería;6. SEGURIDAD COLECTIVA;2020;1.747
Almería;6. SEGURIDAD COLECTIVA;2019;1.823
Almería;6. SEGURIDAD COLECTIVA;2018;1.559
Almería;6.1.-Tráfico de drogas;2024;467
Almería;6.1.-Tráfico de drogas;2023;467
Almería;6.1.-Tráfico de drogas;2022;510
Almería;6.1.-Tráfico de drogas;2021;515
Almería;6.1.-Tráfico de drogas;2020;538
Almería;6.1.-Tráfico de drogas;2019;451
Almería;6.1.-Tráfico de drogas;2018;345
Almería;6.2.-Contra la seguridad vial;2024;1.494
Almería;6.2.-Contra la seguridad vial;2023;1.537
Almería;6.2.-Contra la seguridad vial;2022;1.518
Almería;6.2.-Contra la seguridad vial;2021;1.419
Almería;6.2.-Contra la seguridad vial;2020;1.176
Almería;6.2.-Contra la seguridad vial;2019;1.351
Almería;6.2.-Contra la seguridad vial;2018;1.188
Almería;6.3.-Otros contra la seguridad colectiva;2024;38
Almería;6.3.-Otros contra la seguridad colectiva;2023;31
Almería;6.3.-Otros contra la seguridad colectiva;2022;41
Almería;6.3.-Otros contra la seguridad colectiva;2021;31
Almería;6.3.-Otros contra la seguridad colectiva;2020;33
Almería;6.3.-Otros contra la seguridad colectiva;2019;21
Almería;6.3.-Otros contra la seguridad colectiva;2018;26
Almería;7. FALSEDADES;2024;728
Almería;7. FALSEDADES;2023;608
Almería;7. FALSEDADES;2022;519
Almería;7. FALSEDADES;2021;446
Almería;7. FALSEDADES;2020;353
Almería;7. FALSEDADES;2019;399
Almería;7. FALSEDADES;2018;407
Almería;8. ADMÓN. PÚBLICA;2024;9
Almería;8. ADMÓN. PÚBLICA;2023;14
Almería;8. ADMÓN. PÚBLICA;2022;11
Almería;8. ADMÓN. PÚBLICA;2021;9
Almería;8. ADMÓN. PÚBLICA;2020;11
Almería;8. ADMÓN. PÚBLICA;2019;20
Almería;8. ADMÓN. PÚBLICA;2018;14
Almería;9. ADMÓN. JUSTICIA;2024;887
Almería;9. ADMÓN. JUSTICIA;2023;866
Almería;9. ADMÓN. JUSTICIA;2022;700
Almería;9. ADMÓN. JUSTICIA;2021;681
Almería;9. ADMÓN. JUSTICIA;2020;648
Almería;9. ADMÓN. JUSTICIA;2019;674
Almería;9. ADMÓN. JUSTICIA;2018;626
Almería;10. ORDEN PÚBLICO;2024;629
Almería;10. ORDEN PÚBLICO;2023;649
Almería;10. ORDEN PÚBLICO;2022;560
Almería;10. ORDEN PÚBLICO;2021;528
Almería;10. ORDEN PÚBLICO;2020;756
Almería;10. ORDEN PÚBLICO;2019;418
Almería;10. ORDEN PÚBLICO;2018;426
Almería;11. LEGISLACIÓN ESPECIAL;2024;19
Almería;11. LEGISLACIÓN ESPECIAL;2023;22
Almería;11. LEGISLACIÓN ESPECIAL;2022;14
Almería;11. LEGISLACIÓN ESPECIAL;2021;22
Almería;11. LEGISLACIÓN ESPECIAL;2020;12
Almería;11. LEGISLACIÓN ESPECIAL;2019;4
Almería;11. LEGISLACIÓN ESPECIAL;2018;1
Almería;12. OTRAS INFRACCIONES PENALES;2024;203
Almería;12. OTRAS INFRACCIONES PENALES;2023;193
Almería;12. OTRAS INFRACCIONES PENALES;2022;165
Almería;12. OTRAS INFRACCIONES PENALES;2021;203
Almería;12. OTRAS INFRACCIONES PENALES;2020;182
Almería;12. OTRAS INFRACCIONES PENALES;2019;174
Almería;12. OTRAS INFRACCIONES PENALES;2018;193
Almería;TOTAL INFRACCIONES PENALES;2024;34.117
Almería;TOTAL INFRACCIONES PENALES;2023;33.291
Almería;TOTAL INFRACCIONES PENALES;2022;29.911
Almería;TOTAL INFRACCIONES PENALES;2021;26.110
Almería;TOTAL INFRACCIONES PENALES;2020;23.627
Almería;TOTAL INFRACCIONES PENALES;2019;27.579
Almería;TOTAL INFRACCIONES PENALES;2018;28.304
Ávila;1. CONTRA LAS PERSONAS;2024;754
Ávila;1. CONTRA LAS PERSONAS;2023;722
Ávila;1. CONTRA LAS PERSONAS;2022;632
Ávila;1. CONTRA LAS PERSONAS;2021;545
Ávila;1. CONTRA LAS PERSONAS;2020;413
Ávila;1. CONTRA LAS PERSONAS;2019;556
Ávila;1. CONTRA LAS PERSONAS;2018;506
Ávila;1.1.-Homicidios dolosos/asesinatos;2024;3
Ávila;1.1.-Homicidios dolosos/asesinatos;2023;5
Ávila;1.1.-Homicidios dolosos/asesinatos;2022;2
Ávila;1.1.-Homicidios dolosos/asesinatos;2021;2
Ávila;1.1.-Homicidios dolosos/asesinatos;2020;6
Ávila;1.1.-Homicidios dolosos/asesinatos;2019;1
Ávila;1.1.-Homicidios dolosos/asesinatos;2018;2
Ávila;1.1.1.-Homicidios dolosos/asesinatos consumados;2024;0
Ávila;1.1.1.-Homicidios dolosos/asesinatos consumados;2023;1
Ávila;1.1.1.-Homicidios dolosos/asesinatos consumados;2022;1
Ávila;1.1.1.-Homicidios dolosos/asesinatos consumados;2021;0
Ávila;1.1.1.-Homicidios dolosos/asesinatos consumados;2020;3
Ávila;1.1.1.-Homicidios dolosos/asesinatos consumados;2019;0
Ávila;1.1.1.-Homicidios dolosos/asesinatos consumados;2018;1
Ávila;1.2.-Lesiones;2024;482
Ávila;1.2.-Lesiones;2023;453
Ávila;1.2.-Lesiones;2022;416
Ávila;1.2.-Lesiones;2021;341
Ávila;1.2.-Lesiones;2020;241
Ávila;1.2.-Lesiones;2019;364
Ávila;1.2.-Lesiones;2018;337
Ávila;1.3.-Malos tratos ámbito familiar;2024;252
Ávila;1.3.-Malos tratos ámbito familiar;2023;239
Ávila;1.3.-Malos tratos ámbito familiar;2022;197
Ávila;1.3.-Malos tratos ámbito familiar;2021;185
Ávila;1.3.-Malos tratos ámbito familiar;2020;150
Ávila;1.3.-Malos tratos ámbito familiar;2019;174
Ávila;1.3.-Malos tratos ámbito familiar;2018;151
Ávila;1.4.-Otros contra las personas;2024;17
Ávila;1.4.-Otros contra las personas;2023;25
Ávila;1.4.-Otros contra las personas;2022;17
Ávila;1.4.-Otros contra las personas;2021;17
Ávila;1.4.-Otros contra las personas;2020;16
Ávila;1.4.-Otros contra las personas;2019;17
Ávila;1.4.-Otros contra las personas;2018;16
Ávila;2. CONTRA LA LIBERTAD;2024;546
Ávila;2. CONTRA LA LIBERTAD;2023;521
Ávila;2. CONTRA LA LIBERTAD;2022;436
Ávila;2. CONTRA LA LIBERTAD;2021;528
Ávila;2. CONTRA LA LIBERTAD;2020;386
Ávila;2. CONTRA LA LIBERTAD;2019;427
Ávila;2. CONTRA LA LIBERTAD;2018;431
Ávila;2.1.-Malos tratos habituales en el ámbito familiar;2024;65
Ávila;2.1.-Malos tratos habituales en el ámbito familiar;2023;75
Ávila;2.1.-Malos tratos habituales en el ámbito familiar;2022;42
Ávila;2.1.-Malos tratos habituales en el ámbito familiar;2021;89
Ávila;2.1.-Malos tratos habituales en el ámbito familiar;2020;64
Ávila;2.1.-Malos tratos habituales en el ámbito familiar;2019;60
Ávila;2.1.-Malos tratos habituales en el ámbito familiar;2018;58
Ávila;2.2.-Otros contra la libertad;2024;481
Ávila;2.2.-Otros contra la libertad;2023;446
Ávila;2.2.-Otros contra la libertad;2022;394
Ávila;2.2.-Otros contra la libertad;2021;439
Ávila;2.2.-Otros contra la libertad;2020;322
Ávila;2.2.-Otros contra la libertad;2019;367
Ávila;2.2.-Otros contra la libertad;2018;373
Ávila;3. LIBERTAD SEXUAL;2024;52
Ávila;3. LIBERTAD SEXUAL;2023;45
Ávila;3. LIBERTAD SEXUAL;2022;47
Ávila;3. LIBERTAD SEXUAL;2021;47
Ávila;3. LIBERTAD SEXUAL;2020;30
Ávila;3. LIBERTAD SEXUAL;2019;45
Ávila;3. LIBERTAD SEXUAL;2018;27
Ávila;3.1.-Agresión sexual;2024;33
Ávila;3.1.-Agresión sexual;2023;24
Ávila;3.1.-Agresión sexual;2022;23
Ávila;3.1.-Agresión sexual;2021;31
Ávila;3.1.-Agresión sexual;2020;15
Ávila;3.1.-Agresión sexual;2019;31
Ávila;3.1.-Agresión sexual;2018;14
Ávila;3.2.-Agresión sexual con penetración;2024;8
Ávila;3.2.-Agresión sexual con penetración;2023;14
Ávila;3.2.-Agresión sexual con penetración;2022;9
Ávila;3.2.-Agresión sexual con penetración;2021;6
Ávila;3.2.-Agresión sexual con penetración;2020;8
Ávila;3.2.-Agresión sexual con penetración;2019;4
Ávila;3.2.-Agresión sexual con penetración;2018;8
Ávila;3.3.-Corrupción de menores o incapacitados;2024;0
Ávila;3.3.-Corrupción de menores o incapacitados;2023;0
Ávila;3.3.-Corrupción de menores o incapacitados;2022;5
Ávila;3.3.-Corrupción de menores o incapacitados;2021;1
Ávila;3.3.-Corrupción de menores o incapacitados;2020;0
Ávila;3.3.-Corrupción de menores o incapacitados;2019;0
Ávila;3.3.-Corrupción de menores o incapacitados;2018;0
Ávila;3.4.-Pornografía de menores;2024;3
Ávila;3.4.-Pornografía de menores;2023;3
Ávila;3.4.-Pornografía de menores;2022;3
Ávila;3.4.-Pornografía de menores;2021;1
Ávila;3.4.-Pornografía de menores;2020;2
Ávila;3.4.-Pornografía de menores;2019;3
Ávila;3.4.-Pornografía de menores;2018;3
Ávila;3.5.-Otros contra la libertad sexual;2024;8
Ávila;3.5.-Otros contra la libertad sexual;2023;4
Ávila;3.5.-Otros contra la libertad sexual;2022;7
Ávila;3.5.-Otros contra la libertad sexual;2021;8
Ávila;3.5.-Otros contra la libertad sexual;2020;5
Ávila;3.5.-Otros contra la libertad sexual;2019;7
Ávila;3.5.-Otros contra la libertad sexual;2018;2
Ávila;4. RELACIONES FAMILIARES;2024;35
Ávila;4. RELACIONES FAMILIARES;2023;21
Ávila;4. RELACIONES FAMILIARES;2022;15
Ávila;4. RELACIONES FAMILIARES;2021;23
Ávila;4. RELACIONES FAMILIARES;2020;31
Ávila;4. RELACIONES FAMILIARES;2019;23
Ávila;4. RELACIONES FAMILIARES;2018;29
Ávila;5. PATRIMONIO;2024;4.614
Ávila;5. PATRIMONIO;2023;4.216
Ávila;5. PATRIMONIO;2022;3.555
Ávila;5. PATRIMONIO;2021;3.392
Ávila;5. PATRIMONIO;2020;3.074
Ávila;5. PATRIMONIO;2019;3.406
Ávila;5. PATRIMONIO;2018;3.333
Ávila;5.1.-Hurtos;2024;823
Ávila;5.1.-Hurtos;2023;784
Ávila;5.1.-Hurtos;2022;690
Ávila;5.1.-Hurtos;2021;581
Ávila;5.1.-Hurtos;2020;523
Ávila;5.1.-Hurtos;2019;758
Ávila;5.1.-Hurtos;2018;820
Ávila;5.2.-Robos con fuerza en las cosas;2024;770
Ávila;5.2.-Robos con fuerza en las cosas;2023;646
Ávila;5.2.-Robos con fuerza en las cosas;2022;501
Ávila;5.2.-Robos con fuerza en las cosas;2021;507
Ávila;5.2.-Robos con fuerza en las cosas;2020;510
Ávila;5.2.-Robos con fuerza en las cosas;2019;708
Ávila;5.2.-Robos con fuerza en las cosas;2018;768
Ávila;5.2.1.-Robos con fuerza en las cosas en el interior de vehículos;2024;102
Ávila;5.2.1.-Robos con fuerza en las cosas en el interior de vehículos;2023;79
Ávila;5.2.1.-Robos con fuerza en las cosas en el interior de vehículos;2022;41
Ávila;5.2.1.-Robos con fuerza en las cosas en el interior de vehículos;2021;46
Ávila;5.2.1.-Robos con fuerza en las cosas en el interior de vehículos;2020;42
Ávila;5.2.1.-Robos con fuerza en las cosas en el interior de vehículos;2019;76
Ávila;5.2.1.-Robos con fuerza en las cosas en el interior de vehículos;2018;84
Ávila;5.2.2.-Robos con fuerza en viviendas;2024;317
Ávila;5.2.2.-Robos con fuerza en viviendas;2023;269
Ávila;5.2.2.-Robos con fuerza en viviendas;2022;229
Ávila;5.2.2.-Robos con fuerza en viviendas;2021;255
Ávila;5.2.2.-Robos con fuerza en viviendas;2020;235
Ávila;5.2.2.-Robos con fuerza en viviendas;2019;290
Ávila;5.2.2.-Robos con fuerza en viviendas;2018;349
Ávila;5.2.3.-Robos con fuerza en establecimientos;2024;110
Ávila;5.2.3.-Robos con fuerza en establecimientos;2023;75
Ávila;5.2.3.-Robos con fuerza en establecimientos;2022;64
Ávila;5.2.3.-Robos con fuerza en establecimientos;2021;64
Ávila;5.2.3.-Robos con fuerza en establecimientos;2020;78
Ávila;5.2.3.-Robos con fuerza en establecimientos;2019;100
Ávila;5.2.3.-Robos con fuerza en establecimientos;2018;77
Ávila;5.3.-Robos con violencia o intimidación;2024;47
Ávila;5.3.-Robos con violencia o intimidación;2023;26
Ávila;5.3.-Robos con violencia o intimidación;2022;25
Ávila;5.3.-Robos con violencia o intimidación;2021;23
Ávila;5.3.-Robos con violencia o intimidación;2020;13
Ávila;5.3.-Robos con violencia o intimidación;2019;23
Ávila;5.3.-Robos con violencia o intimidación;2018;39
Ávila;5.3.1.-Robos con violencia en vía pública;2024;25
Ávila;5.3.1.-Robos con violencia en vía pública;2023;10
Ávila;5.3.1.-Robos con violencia en vía pública;2022;10
Ávila;5.3.1.-Robos con violencia en vía pública;2021;10
Ávila;5.3.1.-Robos con violencia en vía pública;2020;6
Ávila;5.3.1.-Robos con violencia en vía pública;2019;12
Ávila;5.3.1.-Robos con violencia en vía pública;2018;12
Ávila;5.3.2.-Robos con violencia en viviendas;2024;12
Ávila;5.3.2.-Robos con violencia en viviendas;2023;7
Ávila;5.3.2.-Robos con violencia en viviendas;2022;3
Ávila;5.3.2.-Robos con violencia en viviendas;2021;5
Ávila;5.3.2.-Robos con violencia en viviendas;2020;2
Ávila;5.3.2.-Robos con violencia en viviendas;2019;4
Ávila;5.3.2.-Robos con violencia en viviendas;2018;12
Ávila;5.3.3.-Robos con violencia en establecimientos;2024;5
Ávila;5.3.3.-Robos con violencia en establecimientos;2023;5
Ávila;5.3.3.-Robos con violencia en establecimientos;2022;7
Ávila;5.3.3.-Robos con violencia en establecimientos;2021;2
Ávila;5.3.3.-Robos con violencia en establecimientos;2020;4
Ávila;5.3.3.-Robos con violencia en establecimientos;2019;3
Ávila;5.3.3.-Robos con violencia en establecimientos;2018;9
Ávila;5.4.-Sustracción de vehículos;2024;33
Ávila;5.4.-Sustracción de vehículos;2023;28
Ávila;5.4.-Sustracción de vehículos;2022;13
Ávila;5.4.-Sustracción de vehículos;2021;17
Ávila;5.4.-Sustracción de vehículos;2020;21
Ávila;5.4.-Sustracción de vehículos;2019;32
Ávila;5.4.-Sustracción de vehículos;2018;44
Ávila;5.5.-Estafas;2024;1.790
Ávila;5.5.-Estafas;2023;1.834
Ávila;5.5.-Estafas;2022;1.381
Ávila;5.5.-Estafas;2021;1.277
Ávila;5.5.-Estafas;2020;1.173
Ávila;5.5.-Estafas;2019;863
Ávila;5.5.-Estafas;2018;724
Ávila;5.5.1.-Estafas informáticas;2024;1.626
Ávila;5.5.1.-Estafas informáticas;2023;1.684
Ávila;5.5.1.-Estafas informáticas;2022;1.094
Ávila;5.5.1.-Estafas informáticas;2021;922
Ávila;5.5.1.-Estafas informáticas;2020;831
Ávila;5.5.1.-Estafas informáticas;2019;578
Ávila;5.5.1.-Estafas informáticas;2018;416
Ávila;5.6.-Daños;2024;1.010
Ávila;5.6.-Daños;2023;790
Ávila;5.6.-Daños;2022;830
Ávila;5.6.-Daños;2021;863
Ávila;5.6.-Daños;2020;705
Ávila;5.6.-Daños;2019;893
Ávila;5.6.-Daños;2018;819
Ávila;5.7.-Contra la propiedad intelectual/industrial;2024;0
Ávila;5.7.-Contra la propiedad intelectual/industrial;2023;0
Ávila;5.7.-Contra la propiedad intelectual/industrial;2022;1
Ávila;5.7.-Contra la propiedad intelectual/industrial;2021;3
Ávila;5.7.-Contra la propiedad intelectual/industrial;2020;3
Ávila;5.7.-Contra la propiedad intelectual/industrial;2019;8
Ávila;5.7.-Contra la propiedad intelectual/industrial;2018;4
Ávila;5.8.-Blanqueo de capitales;2024;6
Ávila;5.8.-Blanqueo de capitales;2023;1
Ávila;5.8.-Blanqueo de capitales;2022;2
Ávila;5.8.-Blanqueo de capitales;2021;3
Ávila;5.8.-Blanqueo de capitales;2020;1
Ávila;5.8.-Blanqueo de capitales;2019;1
Ávila;5.8.-Blanqueo de capitales;2018;1
Ávila;5.9.-Otros contra el patrimonio;2024;135
Ávila;5.9.-Otros contra el patrimonio;2023;107
Ávila;5.9.-Otros contra el patrimonio;2022;112
Ávila;5.9.-Otros contra el patrimonio;2021;118
Ávila;5.9.-Otros contra el patrimonio;2020;125
Ávila;5.9.-Otros contra el patrimonio;2019;120
Ávila;5.9.-Otros contra el patrimonio;2018;114
Ávila;6. SEGURIDAD COLECTIVA;2024;272
Ávila;6. SEGURIDAD COLECTIVA;2023;275
Ávila;6. SEGURIDAD COLECTIVA;2022;239
Ávila;6. SEGURIDAD COLECTIVA;2021;265
Ávila;6. SEGURIDAD COLECTIVA;2020;226
Ávila;6. SEGURIDAD COLECTIVA;2019;258
Ávila;6. SEGURIDAD COLECTIVA;2018;243
Ávila;6.1.-Tráfico de drogas;2024;21
Ávila;6.1.-Tráfico de drogas;2023;39
Ávila;6.1.-Tráfico de drogas;2022;27
Ávila;6.1.-Tráfico de drogas;2021;48
Ávila;6.1.-Tráfico de drogas;2020;41
Ávila;6.1.-Tráfico de drogas;2019;42
Ávila;6.1.-Tráfico de drogas;2018;39
Ávila;6.2.-Contra la seguridad vial;2024;231
Ávila;6.2.-Contra la seguridad vial;2023;202
Ávila;6.2.-Contra la seguridad vial;2022;198
Ávila;6.2.-Contra la seguridad vial;2021;196
Ávila;6.2.-Contra la seguridad vial;2020;163
Ávila;6.2.-Contra la seguridad vial;2019;186
Ávila;6.2.-Contra la seguridad vial;2018;176
Ávila;6.3.-Otros contra la seguridad colectiva;2024;20
Ávila;6.3.-Otros contra la seguridad colectiva;2023;34
Ávila;6.3.-Otros contra la seguridad colectiva;2022;14
Ávila;6.3.-Otros contra la seguridad colectiva;2021;21
Ávila;6.3.-Otros contra la seguridad colectiva;2020;22
Ávila;6.3.-Otros contra la seguridad colectiva;2019;30
Ávila;6.3.-Otros contra la seguridad colectiva;2018;28
Ávila;7. FALSEDADES;2024;143
Ávila;7. FALSEDADES;2023;143
Ávila;7. FALSEDADES;2022;103
Ávila;7. FALSEDADES;2021;155
Ávila;7. FALSEDADES;2020;74
Ávila;7. FALSEDADES;2019;75
Ávila;7. FALSEDADES;2018;78
Ávila;8. ADMÓN. PÚBLICA;2024;2
Ávila;8. ADMÓN. PÚBLICA;2023;5
Ávila;8. ADMÓN. PÚBLICA;2022;1
Ávila;8. ADMÓN. PÚBLICA;2021;2
Ávila;8. ADMÓN. PÚBLICA;2020;5
Ávila;8. ADMÓN. PÚBLICA;2019;4
Ávila;8. ADMÓN. PÚBLICA;2018;1
Ávila;9. ADMÓN. JUSTICIA;2024;138
Ávila;9. ADMÓN. JUSTICIA;2023;127
Ávila;9. ADMÓN. JUSTICIA;2022;116
Ávila;9. ADMÓN. JUSTICIA;2021;92
Ávila;9. ADMÓN. JUSTICIA;2020;71
Ávila;9. ADMÓN. JUSTICIA;2019;105
Ávila;9. ADMÓN. JUSTICIA;2018;106
Ávila;10. ORDEN PÚBLICO;2024;61
Ávila;10. ORDEN PÚBLICO;2023;53
Ávila;10. ORDEN PÚBLICO;2022;46
Ávila;10. ORDEN PÚBLICO;2021;56
Ávila;10. ORDEN PÚBLICO;2020;65
Ávila;10. ORDEN PÚBLICO;2019;46
Ávila;10. ORDEN PÚBLICO;2018;55
Ávila;11. LEGISLACIÓN ESPECIAL;2024;0
Ávila;11. LEGISLACIÓN ESPECIAL;2023;2
Ávila;11. LEGISLACIÓN ESPECIAL;2022;0
Ávila;11. LEGISLACIÓN ESPECIAL;2021;1
Ávila;11. LEGISLACIÓN ESPECIAL;2020;0
Ávila;11. LEGISLACIÓN ESPECIAL;2019;0
Ávila;11. LEGISLACIÓN ESPECIAL;2018;0
Ávila;12. OTRAS INFRACCIONES PENALES;2024;88
Ávila;12. OTRAS INFRACCIONES PENALES;2023;105
Ávila;12. OTRAS INFRACCIONES PENALES;2022;86
Ávila;12. OTRAS INFRACCIONES PENALES;2021;79
Ávila;12. OTRAS INFRACCIONES PENALES;2020;72
Ávila;12. OTRAS INFRACCIONES PENALES;2019;109
Ávila;12. OTRAS INFRACCIONES PENALES;2018;84
Ávila;TOTAL INFRACCIONES PENALES;2024;6.705
Ávila;TOTAL INFRACCIONES PENALES;2023;6.235
Ávila;TOTAL INFRACCIONES PENALES;2022;5.276
Ávila;TOTAL INFRACCIONES PENALES;2021;5.185
Ávila;TOTAL INFRACCIONES PENALES;2020;4.447
Ávila;TOTAL INFRACCIONES PENALES;2019;5.054
Ávila;TOTAL INFRACCIONES PENALES;2018;4.893
Badajoz;1. CONTRA LAS PERSONAS;2024;2.594
Badajoz;1. CONTRA LAS PERSONAS;2023;2.516
Badajoz;1. CONTRA LAS PERSONAS;2022;2.180
Badajoz;1. CONTRA LAS PERSONAS;2021;2.103
Badajoz;1. CONTRA LAS PERSONAS;2020;1.884
Badajoz;1. CONTRA LAS PERSONAS;2019;2.130
Badajoz;1. CONTRA LAS PERSONAS;2018;2.108
Badajoz;1.1.-Homicidios dolosos/asesinatos;2024;28
Badajoz;1.1.-Homicidios dolosos/asesinatos;2023;15
Badajoz;1.1.-Homicidios dolosos/asesinatos;2022;7
Badajoz;1.1.-Homicidios dolosos/asesinatos;2021;22
Badajoz;1.1.-Homicidios dolosos/asesinatos;2020;14
Badajoz;1.1.-Homicidios dolosos/asesinatos;2019;9
Badajoz;1.1.-Homicidios dolosos/asesinatos;2018;13
Badajoz;1.1.1.-Homicidios dolosos/asesinatos consumados;2024;4
Badajoz;1.1.1.-Homicidios dolosos/asesinatos consumados;2023;2
Badajoz;1.1.1.-Homicidios dolosos/asesinatos consumados;2022;1
Badajoz;1.1.1.-Homicidios dolosos/asesinatos consumados;2021;3
Badajoz;1.1.1.-Homicidios dolosos/asesinatos consumados;2020;4
Badajoz;1.1.1.-Homicidios dolosos/asesinatos consumados;2019;2
Badajoz;1.1.1.-Homicidios dolosos/asesinatos consumados;2018;3
Badajoz;1.2.-Lesiones;2024;1.603
Badajoz;1.2.-Lesiones;2023;1.621
Badajoz;1.2.-Lesiones;2022;1.331
Badajoz;1.2.-Lesiones;2021;1.256
Badajoz;1.2.-Lesiones;2020;1.085
Badajoz;1.2.-Lesiones;2019;1.319
Badajoz;1.2.-Lesiones;2018;1.378
Badajoz;1.3.-Malos tratos ámbito familiar;2024;920
Badajoz;1.3.-Malos tratos ámbito familiar;2023;839
Badajoz;1.3.-Malos tratos ámbito familiar;2022;804
Badajoz;1.3.-Malos tratos ámbito familiar;2021;776
Badajoz;1.3.-Malos tratos ámbito familiar;2020;747
Badajoz;1.3.-Malos tratos ámbito familiar;2019;752
Badajoz;1.3.-Malos tratos ámbito familiar;2018;667
Badajoz;1.4.-Otros contra las personas;2024;43
Badajoz;1.4.-Otros contra las personas;2023;41
Badajoz;1.4.-Otros contra las personas;2022;38
Badajoz;1.4.-Otros contra las personas;2021;49
Badajoz;1.4.-Otros contra las personas;2020;38
Badajoz;1.4.-Otros contra las personas;2019;50
Badajoz;1.4.-Otros contra las personas;2018;50
Badajoz;2. CONTRA LA LIBERTAD;2024;2.155
Badajoz;2. CONTRA LA LIBERTAD;2023;2.054
Badajoz;2. CONTRA LA LIBERTAD;2022;1.720
Badajoz;2. CONTRA LA LIBERTAD;2021;1.726
Badajoz;2. CONTRA LA LIBERTAD;2020;1.592
Badajoz;2. CONTRA LA LIBERTAD;2019;1.624
Badajoz;2. CONTRA LA LIBERTAD;2018;1.537
Badajoz;2.1.-Malos tratos habituales en el ámbito familiar;2024;164
Badajoz;2.1.-Malos tratos habituales en el ámbito familiar;2023;173
Badajoz;2.1.-Malos tratos habituales en el ámbito familiar;2022;153
Badajoz;2.1.-Malos tratos habituales en el ámbito familiar;2021;177
Badajoz;2.1.-Malos tratos habituales en el ámbito familiar;2020;164
Badajoz;2.1.-Malos tratos habituales en el ámbito familiar;2019;144
Badajoz;2.1.-Malos tratos habituales en el ámbito familiar;2018;109
Badajoz;2.2.-Otros contra la libertad;2024;1.991
Badajoz;2.2.-Otros contra la libertad;2023;1.881
Badajoz;2.2.-Otros contra la libertad;2022;1.567
Badajoz;2.2.-Otros contra la libertad;2021;1.549
Badajoz;2.2.-Otros contra la libertad;2020;1.428
Badajoz;2.2.-Otros contra la libertad;2019;1.480
Badajoz;2.2.-Otros contra la libertad;2018;1.428
Badajoz;3. LIBERTAD SEXUAL;2024;286
Badajoz;3. LIBERTAD SEXUAL;2023;200
Badajoz;3. LIBERTAD SEXUAL;2022;187
Badajoz;3. LIBERTAD SEXUAL;2021;137
Badajoz;3. LIBERTAD SEXUAL;2020;122
Badajoz;3. LIBERTAD SEXUAL;2019;146
Badajoz;3. LIBERTAD SEXUAL;2018;141
Badajoz;3.1.-Agresión sexual;2024;153
Badajoz;3.1.-Agresión sexual;2023;120
Badajoz;3.1.-Agresión sexual;2022;132
Badajoz;3.1.-Agresión sexual;2021;78
Badajoz;3.1.-Agresión sexual;2020;72
Badajoz;3.1.-Agresión sexual;2019;93
Badajoz;3.1.-Agresión sexual;2018;88
Badajoz;3.2.-Agresión sexual con penetración;2024;52
Badajoz;3.2.-Agresión sexual con penetración;2023;26
Badajoz;3.2.-Agresión sexual con penetración;2022;31
Badajoz;3.2.-Agresión sexual con penetración;2021;27
Badajoz;3.2.-Agresión sexual con penetración;2020;15
Badajoz;3.2.-Agresión sexual con penetración;2019;18
Badajoz;3.2.-Agresión sexual con penetración;2018;20
Badajoz;3.3.-Corrupción de menores o incapacitados;2024;36
Badajoz;3.3.-Corrupción de menores o incapacitados;2023;7
Badajoz;3.3.-Corrupción de menores o incapacitados;2022;4
Badajoz;3.3.-Corrupción de menores o incapacitados;2021;5
Badajoz;3.3.-Corrupción de menores o incapacitados;2020;6
Badajoz;3.3.-Corrupción de menores o incapacitados;2019;8
Badajoz;3.3.-Corrupción de menores o incapacitados;2018;4
Badajoz;3.4.-Pornografía de menores;2024;4
Badajoz;3.4.-Pornografía de menores;2023;6
Badajoz;3.4.-Pornografía de menores;2022;4
Badajoz;3.4.-Pornografía de menores;2021;10
Badajoz;3.4.-Pornografía de menores;2020;4
Badajoz;3.4.-Pornografía de menores;2019;5
Badajoz;3.4.-Pornografía de menores;2018;7
Badajoz;3.5.-Otros contra la libertad sexual;2024;41
Badajoz;3.5.-Otros contra la libertad sexual;2023;41
Badajoz;3.5.-Otros contra la libertad sexual;2022;16
Badajoz;3.5.-Otros contra la libertad sexual;2021;17
Badajoz;3.5.-Otros contra la libertad sexual;2020;25
Badajoz;3.5.-Otros contra la libertad sexual;2019;22
Badajoz;3.5.-Otros contra la libertad sexual;2018;22
Badajoz;4. RELACIONES FAMILIARES;2024;191
Badajoz;4. RELACIONES FAMILIARES;2023;184
Badajoz;4. RELACIONES FAMILIARES;2022;182
Badajoz;4. RELACIONES FAMILIARES;2021;157
Badajoz;4. RELACIONES FAMILIARES;2020;166
Badajoz;4. RELACIONES FAMILIARES;2019;165
Badajoz;4. RELACIONES FAMILIARES;2018;182
Badajoz;5. PATRIMONIO;2024;15.639
Badajoz;5. PATRIMONIO;2023;16.331
Badajoz;5. PATRIMONIO;2022;14.957
Badajoz;5. PATRIMONIO;2021;11.892
Badajoz;5. PATRIMONIO;2020;11.322
Badajoz;5. PATRIMONIO;2019;13.007
Badajoz;5. PATRIMONIO;2018;12.681
Badajoz;5.1.-Hurtos;2024;4.479
Badajoz;5.1.-Hurtos;2023;4.844
Badajoz;5.1.-Hurtos;2022;4.506
Badajoz;5.1.-Hurtos;2021;3.377
Badajoz;5.1.-Hurtos;2020;3.063
Badajoz;5.1.-Hurtos;2019;4.811
Badajoz;5.1.-Hurtos;2018;4.675
Badajoz;5.2.-Robos con fuerza en las cosas;2024;2.466
Badajoz;5.2.-Robos con fuerza en las cosas;2023;2.682
Badajoz;5.2.-Robos con fuerza en las cosas;2022;2.430
Badajoz;5.2.-Robos con fuerza en las cosas;2021;1.924
Badajoz;5.2.-Robos con fuerza en las cosas;2020;2.098
Badajoz;5.2.-Robos con fuerza en las cosas;2019;2.497
Badajoz;5.2.-Robos con fuerza en las cosas;2018;2.677
Badajoz;5.2.1.-Robos con fuerza en las cosas en el interior de vehículos;2024;475
Badajoz;5.2.1.-Robos con fuerza en las cosas en el interior de vehículos;2023;622
Badajoz;5.2.1.-Robos con fuerza en las cosas en el interior de vehículos;2022;361
Badajoz;5.2.1.-Robos con fuerza en las cosas en el interior de vehículos;2021;369
Badajoz;5.2.1.-Robos con fuerza en las cosas en el interior de vehículos;2020;363
Badajoz;5.2.1.-Robos con fuerza en las cosas en el interior de vehículos;2019;522
Badajoz;5.2.1.-Robos con fuerza en las cosas en el interior de vehículos;2018;489
Badajoz;5.2.2.-Robos con fuerza en viviendas;2024;848
Badajoz;5.2.2.-Robos con fuerza en viviendas;2023;967
Badajoz;5.2.2.-Robos con fuerza en viviendas;2022;864
Badajoz;5.2.2.-Robos con fuerza en viviendas;2021;715
Badajoz;5.2.2.-Robos con fuerza en viviendas;2020;751
Badajoz;5.2.2.-Robos con fuerza en viviendas;2019;776
Badajoz;5.2.2.-Robos con fuerza en viviendas;2018;897
Badajoz;5.2.3.-Robos con fuerza en establecimientos;2024;435
Badajoz;5.2.3.-Robos con fuerza en establecimientos;2023;383
Badajoz;5.2.3.-Robos con fuerza en establecimientos;2022;446
Badajoz;5.2.3.-Robos con fuerza en establecimientos;2021;318
Badajoz;5.2.3.-Robos con fuerza en establecimientos;2020;397
Badajoz;5.2.3.-Robos con fuerza en establecimientos;2019;465
Badajoz;5.2.3.-Robos con fuerza en establecimientos;2018;561
Badajoz;5.3.-Robos con violencia o intimidación;2024;213
Badajoz;5.3.-Robos con violencia o intimidación;2023;231
Badajoz;5.3.-Robos con violencia o intimidación;2022;205
Badajoz;5.3.-Robos con violencia o intimidación;2021;132
Badajoz;5.3.-Robos con violencia o intimidación;2020;155
Badajoz;5.3.-Robos con violencia o intimidación;2019;252
Badajoz;5.3.-Robos con violencia o intimidación;2018;179
Badajoz;5.3.1.-Robos con violencia en vía pública;2024;95
Badajoz;5.3.1.-Robos con violencia en vía pública;2023;107
Badajoz;5.3.1.-Robos con violencia en vía pública;2022;98
Badajoz;5.3.1.-Robos con violencia en vía pública;2021;62
Badajoz;5.3.1.-Robos con violencia en vía pública;2020;77
Badajoz;5.3.1.-Robos con violencia en vía pública;2019;136
Badajoz;5.3.1.-Robos con violencia en vía pública;2018;98
Badajoz;5.3.2.-Robos con violencia en viviendas;2024;28
Badajoz;5.3.2.-Robos con violencia en viviendas;2023;29
Badajoz;5.3.2.-Robos con violencia en viviendas;2022;38
Badajoz;5.3.2.-Robos con violencia en viviendas;2021;25
Badajoz;5.3.2.-Robos con violencia en viviendas;2020;19
Badajoz;5.3.2.-Robos con violencia en viviendas;2019;27
Badajoz;5.3.2.-Robos con violencia en viviendas;2018;18
Badajoz;5.3.3.-Robos con violencia en establecimientos;2024;64
Badajoz;5.3.3.-Robos con violencia en establecimientos;2023;70
Badajoz;5.3.3.-Robos con violencia en establecimientos;2022;49
Badajoz;5.3.3.-Robos con violencia en establecimientos;2021;36
Badajoz;5.3.3.-Robos con violencia en establecimientos;2020;45
Badajoz;5.3.3.-Robos con violencia en establecimientos;2019;56
Badajoz;5.3.3.-Robos con violencia en establecimientos;2018;46
Badajoz;5.4.-Sustracción de vehículos;2024;135
Badajoz;5.4.-Sustracción de vehículos;2023;159
Badajoz;5.4.-Sustracción de vehículos;2022;112
Badajoz;5.4.-Sustracción de vehículos;2021;116
Badajoz;5.4.-Sustracción de vehículos;2020;113
Badajoz;5.4.-Sustracción de vehículos;2019;114
Badajoz;5.4.-Sustracción de vehículos;2018;123
Badajoz;5.5.-Estafas;2024;5.132
Badajoz;5.5.-Estafas;2023;5.334
Badajoz;5.5.-Estafas;2022;4.919
Badajoz;5.5.-Estafas;2021;3.759
Badajoz;5.5.-Estafas;2020;3.468
Badajoz;5.5.-Estafas;2019;2.540
Badajoz;5.5.-Estafas;2018;2.405
Badajoz;5.5.1.-Estafas informáticas;2024;4.669
Badajoz;5.5.1.-Estafas informáticas;2023;4.809
Badajoz;5.5.1.-Estafas informáticas;2022;4.423
Badajoz;5.5.1.-Estafas informáticas;2021;3.328
Badajoz;5.5.1.-Estafas informáticas;2020;2.685
Badajoz;5.5.1.-Estafas informáticas;2019;1.509
Badajoz;5.5.1.-Estafas informáticas;2018;1.214
Badajoz;5.6.-Daños;2024;2.506
Badajoz;5.6.-Daños;2023;2.477
Badajoz;5.6.-Daños;2022;2.318
Badajoz;5.6.-Daños;2021;2.105
Badajoz;5.6.-Daños;2020;1.947
Badajoz;5.6.-Daños;2019;2.229
Badajoz;5.6.-Daños;2018;2.016
Badajoz;5.7.-Contra la propiedad intelectual/industrial;2024;10
Badajoz;5.7.-Contra la propiedad intelectual/industrial;2023;16
Badajoz;5.7.-Contra la propiedad intelectual/industrial;2022;6
Badajoz;5.7.-Contra la propiedad intelectual/industrial;2021;10
Badajoz;5.7.-Contra la propiedad intelectual/industrial;2020;19
Badajoz;5.7.-Contra la propiedad intelectual/industrial;2019;30
Badajoz;5.7.-Contra la propiedad intelectual/industrial;2018;32
Badajoz;5.8.-Blanqueo de capitales;2024;5
Badajoz;5.8.-Blanqueo de capitales;2023;3
Badajoz;5.8.-Blanqueo de capitales;2022;1
Badajoz;5.8.-Blanqueo de capitales;2021;7
Badajoz;5.8.-Blanqueo de capitales;2020;4
Badajoz;5.8.-Blanqueo de capitales;2019;1
Badajoz;5.8.-Blanqueo de capitales;2018;0
Badajoz;5.9.-Otros contra el patrimonio;2024;693
Badajoz;5.9.-Otros contra el patrimonio;2023;585
Badajoz;5.9.-Otros contra el patrimonio;2022;460
Badajoz;5.9.-Otros contra el patrimonio;2021;462
Badajoz;5.9.-Otros contra el patrimonio;2020;455
Badajoz;5.9.-Otros contra el patrimonio;2019;533
Badajoz;5.9.-Otros contra el patrimonio;2018;574
Badajoz;6. SEGURIDAD COLECTIVA;2024;677
Badajoz;6. SEGURIDAD COLECTIVA;2023;754
Badajoz;6. SEGURIDAD COLECTIVA;2022;686
Badajoz;6. SEGURIDAD COLECTIVA;2021;704
Badajoz;6. SEGURIDAD COLECTIVA;2020;630
Badajoz;6. SEGURIDAD COLECTIVA;2019;758
Badajoz;6. SEGURIDAD COLECTIVA;2018;653
Badajoz;6.1.-Tráfico de drogas;2024;169
Badajoz;6.1.-Tráfico de drogas;2023;228
Badajoz;6.1.-Tráfico de drogas;2022;181
Badajoz;6.1.-Tráfico de drogas;2021;206
Badajoz;6.1.-Tráfico de drogas;2020;200
Badajoz;6.1.-Tráfico de drogas;2019;218
Badajoz;6.1.-Tráfico de drogas;2018;131
Badajoz;6.2.-Contra la seguridad vial;2024;475
Badajoz;6.2.-Contra la seguridad vial;2023;496
Badajoz;6.2.-Contra la seguridad vial;2022;468
Badajoz;6.2.-Contra la seguridad vial;2021;470
Badajoz;6.2.-Contra la seguridad vial;2020;401
Badajoz;6.2.-Contra la seguridad vial;2019;502
Badajoz;6.2.-Contra la seguridad vial;2018;480
Badajoz;6.3.-Otros contra la seguridad colectiva;2024;33
Badajoz;6.3.-Otros contra la seguridad colectiva;2023;30
Badajoz;6.3.-Otros contra la seguridad colectiva;2022;37
Badajoz;6.3.-Otros contra la seguridad colectiva;2021;28
Badajoz;6.3.-Otros contra la seguridad colectiva;2020;29
Badajoz;6.3.-Otros contra la seguridad colectiva;2019;38
Badajoz;6.3.-Otros contra la seguridad colectiva;2018;42
Badajoz;7. FALSEDADES;2024;763
Badajoz;7. FALSEDADES;2023;604
Badajoz;7. FALSEDADES;2022;516
Badajoz;7. FALSEDADES;2021;513
Badajoz;7. FALSEDADES;2020;386
Badajoz;7. FALSEDADES;2019;346
Badajoz;7. FALSEDADES;2018;347
Badajoz;8. ADMÓN. PÚBLICA;2024;8
Badajoz;8. ADMÓN. PÚBLICA;2023;8
Badajoz;8. ADMÓN. PÚBLICA;2022;2
Badajoz;8. ADMÓN. PÚBLICA;2021;10
Badajoz;8. ADMÓN. PÚBLICA;2020;1
Badajoz;8. ADMÓN. PÚBLICA;2019;4
Badajoz;8. ADMÓN. PÚBLICA;2018;10
Badajoz;9. ADMÓN. JUSTICIA;2024;627
Badajoz;9. ADMÓN. JUSTICIA;2023;499
Badajoz;9. ADMÓN. JUSTICIA;2022;472
Badajoz;9. ADMÓN. JUSTICIA;2021;452
Badajoz;9. ADMÓN. JUSTICIA;2020;413
Badajoz;9. ADMÓN. JUSTICIA;2019;440
Badajoz;9. ADMÓN. JUSTICIA;2018;391
Badajoz;10. ORDEN PÚBLICO;2024;276
Badajoz;10. ORDEN PÚBLICO;2023;295
Badajoz;10. ORDEN PÚBLICO;2022;248
Badajoz;10. ORDEN PÚBLICO;2021;237
Badajoz;10. ORDEN PÚBLICO;2020;335
Badajoz;10. ORDEN PÚBLICO;2019;185
Badajoz;10. ORDEN PÚBLICO;2018;177
Badajoz;11. LEGISLACIÓN ESPECIAL;2024;1
Badajoz;11. LEGISLACIÓN ESPECIAL;2023;8
Badajoz;11. LEGISLACIÓN ESPECIAL;2022;9
Badajoz;11. LEGISLACIÓN ESPECIAL;2021;7
Badajoz;11. LEGISLACIÓN ESPECIAL;2020;7
Badajoz;11. LEGISLACIÓN ESPECIAL;2019;3
Badajoz;11. LEGISLACIÓN ESPECIAL;2018;6
Badajoz;12. OTRAS INFRACCIONES PENALES;2024;199
Badajoz;12. OTRAS INFRACCIONES PENALES;2023;201
Badajoz;12. OTRAS INFRACCIONES PENALES;2022;182
Badajoz;12. OTRAS INFRACCIONES PENALES;2021;144
Badajoz;12. OTRAS INFRACCIONES PENALES;2020;169
Badajoz;12. OTRAS INFRACCIONES PENALES;2019;154
Badajoz;12. OTRAS INFRACCIONES PENALES;2018;176
Badajoz;TOTAL INFRACCIONES PENALES;2024;23.416
Badajoz;TOTAL INFRACCIONES PENALES;2023;23.654
Badajoz;TOTAL INFRACCIONES PENALES;2022;21.341
Badajoz;TOTAL INFRACCIONES PENALES;2021;18.082
Badajoz;TOTAL INFRACCIONES PENALES;2020;17.027
Badajoz;TOTAL INFRACCIONES PENALES;2019;18.962
Badajoz;TOTAL INFRACCIONES PENALES;2018;18.409
Balears (Illes);1. CONTRA LAS PERSONAS;2024;10.012
Balears (Illes);1. CONTRA LAS PERSONAS;2023;10.159
Balears (Illes);1. CONTRA LAS PERSONAS;2022;9.288
Balears (Illes);1. CONTRA LAS PERSONAS;2021;7.431
Balears (Illes);1. CONTRA LAS PERSONAS;2020;6.407
Balears (Illes);1. CONTRA LAS PERSONAS;2019;8.110
Balears (Illes);1. CONTRA LAS PERSONAS;2018;7.545
Balears (Illes);1.1.-Homicidios dolosos/asesinatos;2024;45
Balears (Illes);1.1.-Homicidios dolosos/asesinatos;2023;50
Balears (Illes);1.1.-Homicidios dolosos/asesinatos;2022;39
Balears (Illes);1.1.-Homicidios dolosos/asesinatos;2021;38
Balears (Illes);1.1.-Homicidios dolosos/asesinatos;2020;37
Balears (Illes);1.1.-Homicidios dolosos/asesinatos;2019;48
Balears (Illes);1.1.-Homicidios dolosos/asesinatos;2018;44
Balears (Illes);1.1.1.-Homicidios dolosos/asesinatos consumados;2024;7
Balears (Illes);1.1.1.-Homicidios dolosos/asesinatos consumados;2023;8
Balears (Illes);1.1.1.-Homicidios dolosos/asesinatos consumados;2022;3
Balears (Illes);1.1.1.-Homicidios dolosos/asesinatos consumados;2021;6
Balears (Illes);1.1.1.-Homicidios dolosos/asesinatos consumados;2020;7
Balears (Illes);1.1.1.-Homicidios dolosos/asesinatos consumados;2019;6
Balears (Illes);1.1.1.-Homicidios dolosos/asesinatos consumados;2018;8
Balears (Illes);1.2.-Lesiones;2024;4.452
Balears (Illes);1.2.-Lesiones;2023;4.495
Balears (Illes);1.2.-Lesiones;2022;4.169
Balears (Illes);1.2.-Lesiones;2021;3.101
Balears (Illes);1.2.-Lesiones;2020;2.765
Balears (Illes);1.2.-Lesiones;2019;3.774
Balears (Illes);1.2.-Lesiones;2018;3.806
Balears (Illes);1.3.-Malos tratos ámbito familiar;2024;5.223
Balears (Illes);1.3.-Malos tratos ámbito familiar;2023;5.341
Balears (Illes);1.3.-Malos tratos ámbito familiar;2022;4.868
Balears (Illes);1.3.-Malos tratos ámbito familiar;2021;4.114
Balears (Illes);1.3.-Malos tratos ámbito familiar;2020;3.474
Balears (Illes);1.3.-Malos tratos ámbito familiar;2019;4.123
Balears (Illes);1.3.-Malos tratos ámbito familiar;2018;3.558
Balears (Illes);1.4.-Otros contra las personas;2024;292
Balears (Illes);1.4.-Otros contra las personas;2023;273
Balears (Illes);1.4.-Otros contra las personas;2022;212
Balears (Illes);1.4.-Otros contra las personas;2021;178
Balears (Illes);1.4.-Otros contra las personas;2020;131
Balears (Illes);1.4.-Otros contra las personas;2019;165
Balears (Illes);1.4.-Otros contra las personas;2018;137
Balears (Illes);2. CONTRA LA LIBERTAD;2024;6.198
Balears (Illes);2. CONTRA LA LIBERTAD;2023;6.339
Balears (Illes);2. CONTRA LA LIBERTAD;2022;5.863
Balears (Illes);2. CONTRA LA LIBERTAD;2021;5.619
Balears (Illes);2. CONTRA LA LIBERTAD;2020;5.083
Balears (Illes);2. CONTRA LA LIBERTAD;2019;4.718
Balears (Illes);2. CONTRA LA LIBERTAD;2018;4.373
Balears (Illes);2.1.-Malos tratos habituales en el ámbito familiar;2024;665
Balears (Illes);2.1.-Malos tratos habituales en el ámbito familiar;2023;678
Balears (Illes);2.1.-Malos tratos habituales en el ámbito familiar;2022;642
Balears (Illes);2.1.-Malos tratos habituales en el ámbito familiar;2021;682
Balears (Illes);2.1.-Malos tratos habituales en el ámbito familiar;2020;569
Balears (Illes);2.1.-Malos tratos habituales en el ámbito familiar;2019;526
Balears (Illes);2.1.-Malos tratos habituales en el ámbito familiar;2018;509
Balears (Illes);2.2.-Otros contra la libertad;2024;5.533
Balears (Illes);2.2.-Otros contra la libertad;2023;5.661
Balears (Illes);2.2.-Otros contra la libertad;2022;5.221
Balears (Illes);2.2.-Otros contra la libertad;2021;4.937
Balears (Illes);2.2.-Otros contra la libertad;2020;4.514
Balears (Illes);2.2.-Otros contra la libertad;2019;4.192
Balears (Illes);2.2.-Otros contra la libertad;2018;3.864
Balears (Illes);3. LIBERTAD SEXUAL;2024;997
Balears (Illes);3. LIBERTAD SEXUAL;2023;1.050
Balears (Illes);3. LIBERTAD SEXUAL;2022;915
Balears (Illes);3. LIBERTAD SEXUAL;2021;777
Balears (Illes);3. LIBERTAD SEXUAL;2020;520
Balears (Illes);3. LIBERTAD SEXUAL;2019;743
Balears (Illes);3. LIBERTAD SEXUAL;2018;584
Balears (Illes);3.1.-Agresión sexual;2024;690
Balears (Illes);3.1.-Agresión sexual;2023;709
Balears (Illes);3.1.-Agresión sexual;2022;597
Balears (Illes);3.1.-Agresión sexual;2021;513
Balears (Illes);3.1.-Agresión sexual;2020;305
Balears (Illes);3.1.-Agresión sexual;2019;492
Balears (Illes);3.1.-Agresión sexual;2018;371
Balears (Illes);3.2.-Agresión sexual con penetración;2024;165
Balears (Illes);3.2.-Agresión sexual con penetración;2023;156
Balears (Illes);3.2.-Agresión sexual con penetración;2022;157
Balears (Illes);3.2.-Agresión sexual con penetración;2021;122
Balears (Illes);3.2.-Agresión sexual con penetración;2020;84
Balears (Illes);3.2.-Agresión sexual con penetración;2019;126
Balears (Illes);3.2.-Agresión sexual con penetración;2018;108
Balears (Illes);3.3.-Corrupción de menores o incapacitados;2024;6
Balears (Illes);3.3.-Corrupción de menores o incapacitados;2023;21
Balears (Illes);3.3.-Corrupción de menores o incapacitados;2022;23
Balears (Illes);3.3.-Corrupción de menores o incapacitados;2021;19
Balears (Illes);3.3.-Corrupción de menores o incapacitados;2020;28
Balears (Illes);3.3.-Corrupción de menores o incapacitados;2019;14
Balears (Illes);3.3.-Corrupción de menores o incapacitados;2018;16
Balears (Illes);3.4.-Pornografía de menores;2024;45
Balears (Illes);3.4.-Pornografía de menores;2023;32
Balears (Illes);3.4.-Pornografía de menores;2022;14
Balears (Illes);3.4.-Pornografía de menores;2021;22
Balears (Illes);3.4.-Pornografía de menores;2020;17
Balears (Illes);3.4.-Pornografía de menores;2019;16
Balears (Illes);3.4.-Pornografía de menores;2018;17
Balears (Illes);3.5.-Otros contra la libertad sexual;2024;91
Balears (Illes);3.5.-Otros contra la libertad sexual;2023;132
Balears (Illes);3.5.-Otros contra la libertad sexual;2022;124
Balears (Illes);3.5.-Otros contra la libertad sexual;2021;101
Balears (Illes);3.5.-Otros contra la libertad sexual;2020;86
Balears (Illes);3.5.-Otros contra la libertad sexual;2019;95
Balears (Illes);3.5.-Otros contra la libertad sexual;2018;72
Balears (Illes);4. RELACIONES FAMILIARES;2024;223
Balears (Illes);4. RELACIONES FAMILIARES;2023;237
Balears (Illes);4. RELACIONES FAMILIARES;2022;280
Balears (Illes);4. RELACIONES FAMILIARES;2021;270
Balears (Illes);4. RELACIONES FAMILIARES;2020;194
Balears (Illes);4. RELACIONES FAMILIARES;2019;188
Balears (Illes);4. RELACIONES FAMILIARES;2018;168
Balears (Illes);5. PATRIMONIO;2024;56.264
Balears (Illes);5. PATRIMONIO;2023;53.976
Balears (Illes);5. PATRIMONIO;2022;53.397
Balears (Illes);5. PATRIMONIO;2021;41.567
Balears (Illes);5. PATRIMONIO;2020;42.187
Balears (Illes);5. PATRIMONIO;2019;58.274
Balears (Illes);5. PATRIMONIO;2018;55.800
Balears (Illes);5.1.-Hurtos;2024;24.316
Balears (Illes);5.1.-Hurtos;2023;23.009
Balears (Illes);5.1.-Hurtos;2022;24.460
Balears (Illes);5.1.-Hurtos;2021;16.433
Balears (Illes);5.1.-Hurtos;2020;12.478
Balears (Illes);5.1.-Hurtos;2019;26.584
Balears (Illes);5.1.-Hurtos;2018;27.629
Balears (Illes);5.2.-Robos con fuerza en las cosas;2024;7.389
Balears (Illes);5.2.-Robos con fuerza en las cosas;2023;6.806
Balears (Illes);5.2.-Robos con fuerza en las cosas;2022;7.048
Balears (Illes);5.2.-Robos con fuerza en las cosas;2021;6.119
Balears (Illes);5.2.-Robos con fuerza en las cosas;2020;5.724
Balears (Illes);5.2.-Robos con fuerza en las cosas;2019;7.883
Balears (Illes);5.2.-Robos con fuerza en las cosas;2018;7.967
Balears (Illes);5.2.1.-Robos con fuerza en las cosas en el interior de vehículos;2024;3.545
Balears (Illes);5.2.1.-Robos con fuerza en las cosas en el interior de vehículos;2023;3.195
Balears (Illes);5.2.1.-Robos con fuerza en las cosas en el interior de vehículos;2022;3.192
Balears (Illes);5.2.1.-Robos con fuerza en las cosas en el interior de vehículos;2021;2.582
Balears (Illes);5.2.1.-Robos con fuerza en las cosas en el interior de vehículos;2020;2.257
Balears (Illes);5.2.1.-Robos con fuerza en las cosas en el interior de vehículos;2019;2.893
Balears (Illes);5.2.1.-Robos con fuerza en las cosas en el interior de vehículos;2018;2.455
Balears (Illes);5.2.2.-Robos con fuerza en viviendas;2024;2.044
Balears (Illes);5.2.2.-Robos con fuerza en viviendas;2023;1.937
Balears (Illes);5.2.2.-Robos con fuerza en viviendas;2022;2.174
Balears (Illes);5.2.2.-Robos con fuerza en viviendas;2021;1.921
Balears (Illes);5.2.2.-Robos con fuerza en viviendas;2020;1.857
Balears (Illes);5.2.2.-Robos con fuerza en viviendas;2019;2.598
Balears (Illes);5.2.2.-Robos con fuerza en viviendas;2018;3.067
Balears (Illes);5.2.3.-Robos con fuerza en establecimientos;2024;775
Balears (Illes);5.2.3.-Robos con fuerza en establecimientos;2023;738
Balears (Illes);5.2.3.-Robos con fuerza en establecimientos;2022;748
Balears (Illes);5.2.3.-Robos con fuerza en establecimientos;2021;725
Balears (Illes);5.2.3.-Robos con fuerza en establecimientos;2020;748
Balears (Illes);5.2.3.-Robos con fuerza en establecimientos;2019;965
Balears (Illes);5.2.3.-Robos con fuerza en establecimientos;2018;1.030
Balears (Illes);5.3.-Robos con violencia o intimidación;2024;1.423
Balears (Illes);5.3.-Robos con violencia o intimidación;2023;1.519
Balears (Illes);5.3.-Robos con violencia o intimidación;2022;1.272
Balears (Illes);5.3.-Robos con violencia o intimidación;2021;896
Balears (Illes);5.3.-Robos con violencia o intimidación;2020;749
Balears (Illes);5.3.-Robos con violencia o intimidación;2019;1.314
Balears (Illes);5.3.-Robos con violencia o intimidación;2018;1.230
Balears (Illes);5.3.1.-Robos con violencia en vía pública;2024;938
Balears (Illes);5.3.1.-Robos con violencia en vía pública;2023;994
Balears (Illes);5.3.1.-Robos con violencia en vía pública;2022;811
Balears (Illes);5.3.1.-Robos con violencia en vía pública;2021;571
Balears (Illes);5.3.1.-Robos con violencia en vía pública;2020;465
Balears (Illes);5.3.1.-Robos con violencia en vía pública;2019;843
Balears (Illes);5.3.1.-Robos con violencia en vía pública;2018;771
Balears (Illes);5.3.2.-Robos con violencia en viviendas;2024;89
Balears (Illes);5.3.2.-Robos con violencia en viviendas;2023;82
Balears (Illes);5.3.2.-Robos con violencia en viviendas;2022;88
Balears (Illes);5.3.2.-Robos con violencia en viviendas;2021;79
Balears (Illes);5.3.2.-Robos con violencia en viviendas;2020;72
Balears (Illes);5.3.2.-Robos con violencia en viviendas;2019;85
Balears (Illes);5.3.2.-Robos con violencia en viviendas;2018;89
Balears (Illes);5.3.3.-Robos con violencia en establecimientos;2024;217
Balears (Illes);5.3.3.-Robos con violencia en establecimientos;2023;228
Balears (Illes);5.3.3.-Robos con violencia en establecimientos;2022;167
Balears (Illes);5.3.3.-Robos con violencia en establecimientos;2021;118
Balears (Illes);5.3.3.-Robos con violencia en establecimientos;2020;113
Balears (Illes);5.3.3.-Robos con violencia en establecimientos;2019;164
Balears (Illes);5.3.3.-Robos con violencia en establecimientos;2018;157
Balears (Illes);5.4.-Sustracción de vehículos;2024;1.724
Balears (Illes);5.4.-Sustracción de vehículos;2023;1.832
Balears (Illes);5.4.-Sustracción de vehículos;2022;1.564
Balears (Illes);5.4.-Sustracción de vehículos;2021;1.073
Balears (Illes);5.4.-Sustracción de vehículos;2020;1.021
Balears (Illes);5.4.-Sustracción de vehículos;2019;1.429
Balears (Illes);5.4.-Sustracción de vehículos;2018;1.432
Balears (Illes);5.5.-Estafas;2024;13.834
Balears (Illes);5.5.-Estafas;2023;13.522
Balears (Illes);5.5.-Estafas;2022;11.589
Balears (Illes);5.5.-Estafas;2021;10.035
Balears (Illes);5.5.-Estafas;2020;15.850
Balears (Illes);5.5.-Estafas;2019;13.091
Balears (Illes);5.5.-Estafas;2018;9.821
Balears (Illes);5.5.1.-Estafas informáticas;2024;11.491
Balears (Illes);5.5.1.-Estafas informáticas;2023;10.299
Balears (Illes);5.5.1.-Estafas informáticas;2022;7.452
Balears (Illes);5.5.1.-Estafas informáticas;2021;7.005
Balears (Illes);5.5.1.-Estafas informáticas;2020;10.879
Balears (Illes);5.5.1.-Estafas informáticas;2019;7.702
Balears (Illes);5.5.1.-Estafas informáticas;2018;5.491
Balears (Illes);5.6.-Daños;2024;5.164
Balears (Illes);5.6.-Daños;2023;4.912
Balears (Illes);5.6.-Daños;2022;5.284
Balears (Illes);5.6.-Daños;2021;5.010
Balears (Illes);5.6.-Daños;2020;4.596
Balears (Illes);5.6.-Daños;2019;5.625
Balears (Illes);5.6.-Daños;2018;5.479
Balears (Illes);5.7.-Contra la propiedad intelectual/industrial;2024;102
Balears (Illes);5.7.-Contra la propiedad intelectual/industrial;2023;89
Balears (Illes);5.7.-Contra la propiedad intelectual/industrial;2022;72
Balears (Illes);5.7.-Contra la propiedad intelectual/industrial;2021;74
Balears (Illes);5.7.-Contra la propiedad intelectual/industrial;2020;31
Balears (Illes);5.7.-Contra la propiedad intelectual/industrial;2019;133
Balears (Illes);5.7.-Contra la propiedad intelectual/industrial;2018;109
Balears (Illes);5.8.-Blanqueo de capitales;2024;12
Balears (Illes);5.8.-Blanqueo de capitales;2023;7
Balears (Illes);5.8.-Blanqueo de capitales;2022;9
Balears (Illes);5.8.-Blanqueo de capitales;2021;4
Balears (Illes);5.8.-Blanqueo de capitales;2020;8
Balears (Illes);5.8.-Blanqueo de capitales;2019;8
Balears (Illes);5.8.-Blanqueo de capitales;2018;5
Balears (Illes);5.9.-Otros contra el patrimonio;2024;2.300
Balears (Illes);5.9.-Otros contra el patrimonio;2023;2.280
Balears (Illes);5.9.-Otros contra el patrimonio;2022;2.099
Balears (Illes);5.9.-Otros contra el patrimonio;2021;1.923
Balears (Illes);5.9.-Otros contra el patrimonio;2020;1.730
Balears (Illes);5.9.-Otros contra el patrimonio;2019;2.207
Balears (Illes);5.9.-Otros contra el patrimonio;2018;2.128
Balears (Illes);6. SEGURIDAD COLECTIVA;2024;2.648
Balears (Illes);6. SEGURIDAD COLECTIVA;2023;2.871
Balears (Illes);6. SEGURIDAD COLECTIVA;2022;2.458
Balears (Illes);6. SEGURIDAD COLECTIVA;2021;1.988
Balears (Illes);6. SEGURIDAD COLECTIVA;2020;2.132
Balears (Illes);6. SEGURIDAD COLECTIVA;2019;2.880
Balears (Illes);6. SEGURIDAD COLECTIVA;2018;2.676
Balears (Illes);6.1.-Tráfico de drogas;2024;758
Balears (Illes);6.1.-Tráfico de drogas;2023;776
Balears (Illes);6.1.-Tráfico de drogas;2022;627
Balears (Illes);6.1.-Tráfico de drogas;2021;389
Balears (Illes);6.1.-Tráfico de drogas;2020;431
Balears (Illes);6.1.-Tráfico de drogas;2019;656
Balears (Illes);6.1.-Tráfico de drogas;2018;514
Balears (Illes);6.2.-Contra la seguridad vial;2024;1.647
Balears (Illes);6.2.-Contra la seguridad vial;2023;1.892
Balears (Illes);6.2.-Contra la seguridad vial;2022;1.692
Balears (Illes);6.2.-Contra la seguridad vial;2021;1.532
Balears (Illes);6.2.-Contra la seguridad vial;2020;1.637
Balears (Illes);6.2.-Contra la seguridad vial;2019;2.051
Balears (Illes);6.2.-Contra la seguridad vial;2018;1.997
Balears (Illes);6.3.-Otros contra la seguridad colectiva;2024;243
Balears (Illes);6.3.-Otros contra la seguridad colectiva;2023;203
Balears (Illes);6.3.-Otros contra la seguridad colectiva;2022;139
Balears (Illes);6.3.-Otros contra la seguridad colectiva;2021;67
Balears (Illes);6.3.-Otros contra la seguridad colectiva;2020;64
Balears (Illes);6.3.-Otros contra la seguridad colectiva;2019;173
Balears (Illes);6.3.-Otros contra la seguridad colectiva;2018;165
Balears (Illes);7. FALSEDADES;2024;1.098
Balears (Illes);7. FALSEDADES;2023;912
Balears (Illes);7. FALSEDADES;2022;1.045
Balears (Illes);7. FALSEDADES;2021;1.008
Balears (Illes);7. FALSEDADES;2020;671
Balears (Illes);7. FALSEDADES;2019;716
Balears (Illes);7. FALSEDADES;2018;639
Balears (Illes);8. ADMÓN. PÚBLICA;2024;33
Balears (Illes);8. ADMÓN. PÚBLICA;2023;18
Balears (Illes);8. ADMÓN. PÚBLICA;2022;22
Balears (Illes);8. ADMÓN. PÚBLICA;2021;7
Balears (Illes);8. ADMÓN. PÚBLICA;2020;16
Balears (Illes);8. ADMÓN. PÚBLICA;2019;11
Balears (Illes);8. ADMÓN. PÚBLICA;2018;6
Balears (Illes);9. ADMÓN. JUSTICIA;2024;1.692
Balears (Illes);9. ADMÓN. JUSTICIA;2023;1.667
Balears (Illes);9. ADMÓN. JUSTICIA;2022;1.499
Balears (Illes);9. ADMÓN. JUSTICIA;2021;1.357
Balears (Illes);9. ADMÓN. JUSTICIA;2020;1.215
Balears (Illes);9. ADMÓN. JUSTICIA;2019;1.095
Balears (Illes);9. ADMÓN. JUSTICIA;2018;963
Balears (Illes);10. ORDEN PÚBLICO;2024;883
Balears (Illes);10. ORDEN PÚBLICO;2023;914
Balears (Illes);10. ORDEN PÚBLICO;2022;884
Balears (Illes);10. ORDEN PÚBLICO;2021;718
Balears (Illes);10. ORDEN PÚBLICO;2020;1.047
Balears (Illes);10. ORDEN PÚBLICO;2019;652
Balears (Illes);10. ORDEN PÚBLICO;2018;599
Balears (Illes);11. LEGISLACIÓN ESPECIAL;2024;3
Balears (Illes);11. LEGISLACIÓN ESPECIAL;2023;3
Balears (Illes);11. LEGISLACIÓN ESPECIAL;2022;1
Balears (Illes);11. LEGISLACIÓN ESPECIAL;2021;0
Balears (Illes);11. LEGISLACIÓN ESPECIAL;2020;1
Balears (Illes);11. LEGISLACIÓN ESPECIAL;2019;0
Balears (Illes);11. LEGISLACIÓN ESPECIAL;2018;2
Balears (Illes);12. OTRAS INFRACCIONES PENALES;2024;318
Balears (Illes);12. OTRAS INFRACCIONES PENALES;2023;363
Balears (Illes);12. OTRAS INFRACCIONES PENALES;2022;330
Balears (Illes);12. OTRAS INFRACCIONES PENALES;2021;273
Balears (Illes);12. OTRAS INFRACCIONES PENALES;2020;277
Balears (Illes);12. OTRAS INFRACCIONES PENALES;2019;275
Balears (Illes);12. OTRAS INFRACCIONES PENALES;2018;306
Balears (Illes);TOTAL INFRACCIONES PENALES;2024;80.369
Balears (Illes);TOTAL INFRACCIONES PENALES;2023;78.509
Balears (Illes);TOTAL INFRACCIONES PENALES;2022;75.982
Balears (Illes);TOTAL INFRACCIONES PENALES;2021;61.015
Balears (Illes);TOTAL INFRACCIONES PENALES;2020;59.750
Balears (Illes);TOTAL INFRACCIONES PENALES;2019;77.662
Balears (Illes);TOTAL INFRACCIONES PENALES;2018;73.661
Barcelona;1. CONTRA LAS PERSONAS;2024;18.162
Barcelona;1. CONTRA LAS PERSONAS;2023;16.470
Barcelona;1. CONTRA LAS PERSONAS;2022;16.001
Barcelona;1. CONTRA LAS PERSONAS;2021;13.607
Barcelona;1. CONTRA LAS PERSONAS;2020;11.104
Barcelona;1. CONTRA LAS PERSONAS;2019;14.672
Barcelona;1. CONTRA LAS PERSONAS;2018;14.439
Barcelona;1.1.-Homicidios dolosos/asesinatos;2024;242
Barcelona;1.1.-Homicidios dolosos/asesinatos;2023;215
Barcelona;1.1.-Homicidios dolosos/asesinatos;2022;173
Barcelona;1.1.-Homicidios dolosos/asesinatos;2021;173
Barcelona;1.1.-Homicidios dolosos/asesinatos;2020;144
Barcelona;1.1.-Homicidios dolosos/asesinatos;2019;187
Barcelona;1.1.-Homicidios dolosos/asesinatos;2018;151
Barcelona;1.1.1.-Homicidios dolosos/asesinatos consumados;2024;42
Barcelona;1.1.1.-Homicidios dolosos/asesinatos consumados;2023;46
Barcelona;1.1.1.-Homicidios dolosos/asesinatos consumados;2022;36
Barcelona;1.1.1.-Homicidios dolosos/asesinatos consumados;2021;38
Barcelona;1.1.1.-Homicidios dolosos/asesinatos consumados;2020;36
Barcelona;1.1.1.-Homicidios dolosos/asesinatos consumados;2019;44
Barcelona;1.1.1.-Homicidios dolosos/asesinatos consumados;2018;28
Barcelona;1.2.-Lesiones;2024;11.449
Barcelona;1.2.-Lesiones;2023;10.527
Barcelona;1.2.-Lesiones;2022;10.426
Barcelona;1.2.-Lesiones;2021;8.722
Barcelona;1.2.-Lesiones;2020;6.827
Barcelona;1.2.-Lesiones;2019;10.069
Barcelona;1.2.-Lesiones;2018;9.907
Barcelona;1.3.-Malos tratos ámbito familiar;2024;6.009
Barcelona;1.3.-Malos tratos ámbito familiar;2023;5.366
Barcelona;1.3.-Malos tratos ámbito familiar;2022;5.117
Barcelona;1.3.-Malos tratos ámbito familiar;2021;4.475
Barcelona;1.3.-Malos tratos ámbito familiar;2020;3.886
Barcelona;1.3.-Malos tratos ámbito familiar;2019;4.172
Barcelona;1.3.-Malos tratos ámbito familiar;2018;4.127
Barcelona;1.4.-Otros contra las personas;2024;462
Barcelona;1.4.-Otros contra las personas;2023;362
Barcelona;1.4.-Otros contra las personas;2022;285
Barcelona;1.4.-Otros contra las personas;2021;237
Barcelona;1.4.-Otros contra las personas;2020;247
Barcelona;1.4.-Otros contra las personas;2019;244
Barcelona;1.4.-Otros contra las personas;2018;254
Barcelona;2. CONTRA LA LIBERTAD;2024;16.698
Barcelona;2. CONTRA LA LIBERTAD;2023;15.933
Barcelona;2. CONTRA LA LIBERTAD;2022;14.425
Barcelona;2. CONTRA LA LIBERTAD;2021;13.805
Barcelona;2. CONTRA LA LIBERTAD;2020;10.728
Barcelona;2. CONTRA LA LIBERTAD;2019;12.735
Barcelona;2. CONTRA LA LIBERTAD;2018;12.571
Barcelona;2.1.-Malos tratos habituales en el ámbito familiar;2024;1.340
Barcelona;2.1.-Malos tratos habituales en el ámbito familiar;2023;1.313
Barcelona;2.1.-Malos tratos habituales en el ámbito familiar;2022;1.283
Barcelona;2.1.-Malos tratos habituales en el ámbito familiar;2021;1.276
Barcelona;2.1.-Malos tratos habituales en el ámbito familiar;2020;992
Barcelona;2.1.-Malos tratos habituales en el ámbito familiar;2019;1.124
Barcelona;2.1.-Malos tratos habituales en el ámbito familiar;2018;1.322
Barcelona;2.2.-Otros contra la libertad;2024;15.358
Barcelona;2.2.-Otros contra la libertad;2023;14.620
Barcelona;2.2.-Otros contra la libertad;2022;13.142
Barcelona;2.2.-Otros contra la libertad;2021;12.529
Barcelona;2.2.-Otros contra la libertad;2020;9.736
Barcelona;2.2.-Otros contra la libertad;2019;11.611
Barcelona;2.2.-Otros contra la libertad;2018;11.249
Barcelona;3. LIBERTAD SEXUAL;2024;3.276
Barcelona;3. LIBERTAD SEXUAL;2023;3.210
Barcelona;3. LIBERTAD SEXUAL;2022;2.654
Barcelona;3. LIBERTAD SEXUAL;2021;2.406
Barcelona;3. LIBERTAD SEXUAL;2020;1.703
Barcelona;3. LIBERTAD SEXUAL;2019;2.222
Barcelona;3. LIBERTAD SEXUAL;2018;1.936
Barcelona;3.1.-Agresión sexual;2024;1.622
Barcelona;3.1.-Agresión sexual;2023;1.538
Barcelona;3.1.-Agresión sexual;2022;1.435
Barcelona;3.1.-Agresión sexual;2021;1.284
Barcelona;3.1.-Agresión sexual;2020;841
Barcelona;3.1.-Agresión sexual;2019;1.098
Barcelona;3.1.-Agresión sexual;2018;944
Barcelona;3.2.-Agresión sexual con penetración;2024;1.239
Barcelona;3.2.-Agresión sexual con penetración;2023;1.179
Barcelona;3.2.-Agresión sexual con penetración;2022;846
Barcelona;3.2.-Agresión sexual con penetración;2021;800
Barcelona;3.2.-Agresión sexual con penetración;2020;514
Barcelona;3.2.-Agresión sexual con penetración;2019;716
Barcelona;3.2.-Agresión sexual con penetración;2018;616
Barcelona;3.3.-Corrupción de menores o incapacitados;2024;5
Barcelona;3.3.-Corrupción de menores o incapacitados;2023;6
Barcelona;3.3.-Corrupción de menores o incapacitados;2022;11
Barcelona;3.3.-Corrupción de menores o incapacitados;2021;3
Barcelona;3.3.-Corrupción de menores o incapacitados;2020;3
Barcelona;3.3.-Corrupción de menores o incapacitados;2019;6
Barcelona;3.3.-Corrupción de menores o incapacitados;2018;4
Barcelona;3.4.-Pornografía de menores;2024;131
Barcelona;3.4.-Pornografía de menores;2023;148
Barcelona;3.4.-Pornografía de menores;2022;155
Barcelona;3.4.-Pornografía de menores;2021;118
Barcelona;3.4.-Pornografía de menores;2020;137
Barcelona;3.4.-Pornografía de menores;2019;170
Barcelona;3.4.-Pornografía de menores;2018;181
Barcelona;3.5.-Otros contra la libertad sexual;2024;279
Barcelona;3.5.-Otros contra la libertad sexual;2023;339
Barcelona;3.5.-Otros contra la libertad sexual;2022;207
Barcelona;3.5.-Otros contra la libertad sexual;2021;201
Barcelona;3.5.-Otros contra la libertad sexual;2020;208
Barcelona;3.5.-Otros contra la libertad sexual;2019;232
Barcelona;3.5.-Otros contra la libertad sexual;2018;191
Barcelona;4. RELACIONES FAMILIARES;2024;691
Barcelona;4. RELACIONES FAMILIARES;2023;687
Barcelona;4. RELACIONES FAMILIARES;2022;643
Barcelona;4. RELACIONES FAMILIARES;2021;588
Barcelona;4. RELACIONES FAMILIARES;2020;564
Barcelona;4. RELACIONES FAMILIARES;2019;655
Barcelona;4. RELACIONES FAMILIARES;2018;708
Barcelona;5. PATRIMONIO;2024;331.365
Barcelona;5. PATRIMONIO;2023;339.841
Barcelona;5. PATRIMONIO;2022;313.430
Barcelona;5. PATRIMONIO;2021;250.404
Barcelona;5. PATRIMONIO;2020;234.855
Barcelona;5. PATRIMONIO;2019;342.591
Barcelona;5. PATRIMONIO;2018;327.322
Barcelona;5.1.-Hurtos;2024;139.513
Barcelona;5.1.-Hurtos;2023;141.789
Barcelona;5.1.-Hurtos;2022;133.635
Barcelona;5.1.-Hurtos;2021;97.043
Barcelona;5.1.-Hurtos;2020;92.393
Barcelona;5.1.-Hurtos;2019;165.900
Barcelona;5.1.-Hurtos;2018;164.695
Barcelona;5.2.-Robos con fuerza en las cosas;2024;41.865
Barcelona;5.2.-Robos con fuerza en las cosas;2023;44.688
Barcelona;5.2.-Robos con fuerza en las cosas;2022;45.625
Barcelona;5.2.-Robos con fuerza en las cosas;2021;41.419
Barcelona;5.2.-Robos con fuerza en las cosas;2020;38.798
Barcelona;5.2.-Robos con fuerza en las cosas;2019;54.110
Barcelona;5.2.-Robos con fuerza en las cosas;2018;49.423
Barcelona;5.2.1.-Robos con fuerza en las cosas en el interior de vehículos;2024;20.661
Barcelona;5.2.1.-Robos con fuerza en las cosas en el interior de vehículos;2023;22.066
Barcelona;5.2.1.-Robos con fuerza en las cosas en el interior de vehículos;2022;22.665
Barcelona;5.2.1.-Robos con fuerza en las cosas en el interior de vehículos;2021;23.247
Barcelona;5.2.1.-Robos con fuerza en las cosas en el interior de vehículos;2020;111
Barcelona;5.2.1.-Robos con fuerza en las cosas en el interior de vehículos;2019;25.085
Barcelona;5.2.1.-Robos con fuerza en las cosas en el interior de vehículos;2018;19.974
Barcelona;5.2.2.-Robos con fuerza en viviendas;2024;11.409
Barcelona;5.2.2.-Robos con fuerza en viviendas;2023;12.042
Barcelona;5.2.2.-Robos con fuerza en viviendas;2022;13.395
Barcelona;5.2.2.-Robos con fuerza en viviendas;2021;10.697
Barcelona;5.2.2.-Robos con fuerza en viviendas;2020;10.979
Barcelona;5.2.2.-Robos con fuerza en viviendas;2019;16.036
Barcelona;5.2.2.-Robos con fuerza en viviendas;2018;17.807
Barcelona;5.2.3.-Robos con fuerza en establecimientos;2024;4.868
Barcelona;5.2.3.-Robos con fuerza en establecimientos;2023;5.442
Barcelona;5.2.3.-Robos con fuerza en establecimientos;2022;4.722
Barcelona;5.2.3.-Robos con fuerza en establecimientos;2021;3.577
Barcelona;5.2.3.-Robos con fuerza en establecimientos;2020;5.010
Barcelona;5.2.3.-Robos con fuerza en establecimientos;2019;9
Barcelona;5.2.3.-Robos con fuerza en establecimientos;2018;4
Barcelona;5.3.-Robos con violencia o intimidación;2024;21.832
Barcelona;5.3.-Robos con violencia o intimidación;2023;22.792
Barcelona;5.3.-Robos con violencia o intimidación;2022;22.457
Barcelona;5.3.-Robos con violencia o intimidación;2021;18.360
Barcelona;5.3.-Robos con violencia o intimidación;2020;15.249
Barcelona;5.3.-Robos con violencia o intimidación;2019;23.836
Barcelona;5.3.-Robos con violencia o intimidación;2018;20.151
Barcelona;5.3.1.-Robos con violencia en vía pública;2024;16.410
Barcelona;5.3.1.-Robos con violencia en vía pública;2023;17.358
Barcelona;5.3.1.-Robos con violencia en vía pública;2022;16.509
Barcelona;5.3.1.-Robos con violencia en vía pública;2021;13.491
Barcelona;5.3.1.-Robos con violencia en vía pública;2020;11.124
Barcelona;5.3.1.-Robos con violencia en vía pública;2019;78
Barcelona;5.3.1.-Robos con violencia en vía pública;2018;68
Barcelona;5.3.2.-Robos con violencia en viviendas;2024;754
Barcelona;5.3.2.-Robos con violencia en viviendas;2023;808
Barcelona;5.3.2.-Robos con violencia en viviendas;2022;913
Barcelona;5.3.2.-Robos con violencia en viviendas;2021;782
Barcelona;5.3.2.-Robos con violencia en viviendas;2020;689
Barcelona;5.3.2.-Robos con violencia en viviendas;2019;277
Barcelona;5.3.2.-Robos con violencia en viviendas;2018;287
Barcelona;5.3.3.-Robos con violencia en establecimientos;2024;2.000
Barcelona;5.3.3.-Robos con violencia en establecimientos;2023;1.787
Barcelona;5.3.3.-Robos con violencia en establecimientos;2022;2.071
Barcelona;5.3.3.-Robos con violencia en establecimientos;2021;1.664
Barcelona;5.3.3.-Robos con violencia en establecimientos;2020;1.454
Barcelona;5.3.3.-Robos con violencia en establecimientos;2019;9
Barcelona;5.3.3.-Robos con violencia en establecimientos;2018;8
Barcelona;5.4.-Sustracción de vehículos;2024;6.826
Barcelona;5.4.-Sustracción de vehículos;2023;6.986
Barcelona;5.4.-Sustracción de vehículos;2022;6.171
Barcelona;5.4.-Sustracción de vehículos;2021;5.074
Barcelona;5.4.-Sustracción de vehículos;2020;5.075
Barcelona;5.4.-Sustracción de vehículos;2019;8.393
Barcelona;5.4.-Sustracción de vehículos;2018;8.001
Barcelona;5.5.-Estafas;2024;81.495
Barcelona;5.5.-Estafas;2023;84.804
Barcelona;5.5.-Estafas;2022;66.838
Barcelona;5.5.-Estafas;2021;50.794
Barcelona;5.5.-Estafas;2020;48.402
Barcelona;5.5.-Estafas;2019;47.950
Barcelona;5.5.-Estafas;2018;47.112
Barcelona;5.5.1.-Estafas informáticas;2024;53.332
Barcelona;5.5.1.-Estafas informáticas;2023;53.494
Barcelona;5.5.1.-Estafas informáticas;2022;45.021
Barcelona;5.5.1.-Estafas informáticas;2021;34.349
Barcelona;5.5.1.-Estafas informáticas;2020;34.413
Barcelona;5.5.1.-Estafas informáticas;2019;29.508
Barcelona;5.5.1.-Estafas informáticas;2018;26.670
Barcelona;5.6.-Daños;2024;27.903
Barcelona;5.6.-Daños;2023;28.201
Barcelona;5.6.-Daños;2022;28.464
Barcelona;5.6.-Daños;2021;27.981
Barcelona;5.6.-Daños;2020;26.328
Barcelona;5.6.-Daños;2019;32.216
Barcelona;5.6.-Daños;2018;29.398
Barcelona;5.7.-Contra la propiedad intelectual/industrial;2024;144
Barcelona;5.7.-Contra la propiedad intelectual/industrial;2023;128
Barcelona;5.7.-Contra la propiedad intelectual/industrial;2022;150
Barcelona;5.7.-Contra la propiedad intelectual/industrial;2021;158
Barcelona;5.7.-Contra la propiedad intelectual/industrial;2020;115
Barcelona;5.7.-Contra la propiedad intelectual/industrial;2019;160
Barcelona;5.7.-Contra la propiedad intelectual/industrial;2018;211
Barcelona;5.8.-Blanqueo de capitales;2024;58
Barcelona;5.8.-Blanqueo de capitales;2023;47
Barcelona;5.8.-Blanqueo de capitales;2022;28
Barcelona;5.8.-Blanqueo de capitales;2021;27
Barcelona;5.8.-Blanqueo de capitales;2020;22
Barcelona;5.8.-Blanqueo de capitales;2019;17
Barcelona;5.8.-Blanqueo de capitales;2018;18
Barcelona;5.9.-Otros contra el patrimonio;2024;11.729
Barcelona;5.9.-Otros contra el patrimonio;2023;10.406
Barcelona;5.9.-Otros contra el patrimonio;2022;10.062
Barcelona;5.9.-Otros contra el patrimonio;2021;9.548
Barcelona;5.9.-Otros contra el patrimonio;2020;8.473
Barcelona;5.9.-Otros contra el patrimonio;2019;10.009
Barcelona;5.9.-Otros contra el patrimonio;2018;8.313
Barcelona;6. SEGURIDAD COLECTIVA;2024;7.260
Barcelona;6. SEGURIDAD COLECTIVA;2023;6.534
Barcelona;6. SEGURIDAD COLECTIVA;2022;6.518
Barcelona;6. SEGURIDAD COLECTIVA;2021;6.180
Barcelona;6. SEGURIDAD COLECTIVA;2020;4.673
Barcelona;6. SEGURIDAD COLECTIVA;2019;5.023
Barcelona;6. SEGURIDAD COLECTIVA;2018;5.005
Barcelona;6.1.-Tráfico de drogas;2024;3.451
Barcelona;6.1.-Tráfico de drogas;2023;3.216
Barcelona;6.1.-Tráfico de drogas;2022;2.892
Barcelona;6.1.-Tráfico de drogas;2021;2.833
Barcelona;6.1.-Tráfico de drogas;2020;2.090
Barcelona;6.1.-Tráfico de drogas;2019;1.721
Barcelona;6.1.-Tráfico de drogas;2018;1.699
Barcelona;6.2.-Contra la seguridad vial;2024;3.628
Barcelona;6.2.-Contra la seguridad vial;2023;3.170
Barcelona;6.2.-Contra la seguridad vial;2022;3.483
Barcelona;6.2.-Contra la seguridad vial;2021;3.236
Barcelona;6.2.-Contra la seguridad vial;2020;2.480
Barcelona;6.2.-Contra la seguridad vial;2019;3.183
Barcelona;6.2.-Contra la seguridad vial;2018;3.222
Barcelona;6.3.-Otros contra la seguridad colectiva;2024;181
Barcelona;6.3.-Otros contra la seguridad colectiva;2023;148
Barcelona;6.3.-Otros contra la seguridad colectiva;2022;143
Barcelona;6.3.-Otros contra la seguridad colectiva;2021;111
Barcelona;6.3.-Otros contra la seguridad colectiva;2020;103
Barcelona;6.3.-Otros contra la seguridad colectiva;2019;119
Barcelona;6.3.-Otros contra la seguridad colectiva;2018;84
Barcelona;7. FALSEDADES;2024;4.103
Barcelona;7. FALSEDADES;2023;3.117
Barcelona;7. FALSEDADES;2022;3.360
Barcelona;7. FALSEDADES;2021;2.869
Barcelona;7. FALSEDADES;2020;2.082
Barcelona;7. FALSEDADES;2019;2.886
Barcelona;7. FALSEDADES;2018;2.627
Barcelona;8. ADMÓN. PÚBLICA;2024;19
Barcelona;8. ADMÓN. PÚBLICA;2023;29
Barcelona;8. ADMÓN. PÚBLICA;2022;69
Barcelona;8. ADMÓN. PÚBLICA;2021;51
Barcelona;8. ADMÓN. PÚBLICA;2020;19
Barcelona;8. ADMÓN. PÚBLICA;2019;25
Barcelona;8. ADMÓN. PÚBLICA;2018;31
Barcelona;9. ADMÓN. JUSTICIA;2024;3.721
Barcelona;9. ADMÓN. JUSTICIA;2023;3.285
Barcelona;9. ADMÓN. JUSTICIA;2022;2.739
Barcelona;9. ADMÓN. JUSTICIA;2021;2.546
Barcelona;9. ADMÓN. JUSTICIA;2020;2.100
Barcelona;9. ADMÓN. JUSTICIA;2019;2.355
Barcelona;9. ADMÓN. JUSTICIA;2018;2.306
Barcelona;10. ORDEN PÚBLICO;2024;3.162
Barcelona;10. ORDEN PÚBLICO;2023;2.907
Barcelona;10. ORDEN PÚBLICO;2022;2.875
Barcelona;10. ORDEN PÚBLICO;2021;2.747
Barcelona;10. ORDEN PÚBLICO;2020;2.024
Barcelona;10. ORDEN PÚBLICO;2019;2.128
Barcelona;10. ORDEN PÚBLICO;2018;1.999
Barcelona;11. LEGISLACIÓN ESPECIAL;2024;105
Barcelona;11. LEGISLACIÓN ESPECIAL;2023;130
Barcelona;11. LEGISLACIÓN ESPECIAL;2022;5
Barcelona;11. LEGISLACIÓN ESPECIAL;2021;2
Barcelona;11. LEGISLACIÓN ESPECIAL;2020;7
Barcelona;11. LEGISLACIÓN ESPECIAL;2019;10
Barcelona;11. LEGISLACIÓN ESPECIAL;2018;13
Barcelona;12. OTRAS INFRACCIONES PENALES;2024;523
Barcelona;12. OTRAS INFRACCIONES PENALES;2023;555
Barcelona;12. OTRAS INFRACCIONES PENALES;2022;466
Barcelona;12. OTRAS INFRACCIONES PENALES;2021;461
Barcelona;12. OTRAS INFRACCIONES PENALES;2020;355
Barcelona;12. OTRAS INFRACCIONES PENALES;2019;536
Barcelona;12. OTRAS INFRACCIONES PENALES;2018;418
Barcelona;TOTAL INFRACCIONES PENALES;2024;389.085
Barcelona;TOTAL INFRACCIONES PENALES;2023;392.698
Barcelona;TOTAL INFRACCIONES PENALES;2022;363.185
Barcelona;TOTAL INFRACCIONES PENALES;2021;295.666
Barcelona;TOTAL INFRACCIONES PENALES;2020;270.214
Barcelona;TOTAL INFRACCIONES PENALES;2019;385.838
Barcelona;TOTAL INFRACCIONES PENALES;2018;369.375
Burgos;1. CONTRA LAS PERSONAS;2024;1.550
Burgos;1. CONTRA LAS PERSONAS;2023;1.393
Burgos;1. CONTRA LAS PERSONAS;2022;1.347
Burgos;1. CONTRA LAS PERSONAS;2021;1.198
Burgos;1. CONTRA LAS PERSONAS;2020;975
Burgos;1. CONTRA LAS PERSONAS;2019;1.160
Burgos;1. CONTRA LAS PERSONAS;2018;1.134
Burgos;1.1.-Homicidios dolosos/asesinatos;2024;11
Burgos;1.1.-Homicidios dolosos/asesinatos;2023;4
Burgos;1.1.-Homicidios dolosos/asesinatos;2022;14
Burgos;1.1.-Homicidios dolosos/asesinatos;2021;5
Burgos;1.1.-Homicidios dolosos/asesinatos;2020;4
Burgos;1.1.-Homicidios dolosos/asesinatos;2019;12
Burgos;1.1.-Homicidios dolosos/asesinatos;2018;6
Burgos;1.1.1.-Homicidios dolosos/asesinatos consumados;2024;5
Burgos;1.1.1.-Homicidios dolosos/asesinatos consumados;2023;1
Burgos;1.1.1.-Homicidios dolosos/asesinatos consumados;2022;2
Burgos;1.1.1.-Homicidios dolosos/asesinatos consumados;2021;0
Burgos;1.1.1.-Homicidios dolosos/asesinatos consumados;2020;1
Burgos;1.1.1.-Homicidios dolosos/asesinatos consumados;2019;4
Burgos;1.1.1.-Homicidios dolosos/asesinatos consumados;2018;3
Burgos;1.2.-Lesiones;2024;883
Burgos;1.2.-Lesiones;2023;755
Burgos;1.2.-Lesiones;2022;793
Burgos;1.2.-Lesiones;2021;706
Burgos;1.2.-Lesiones;2020;524
Burgos;1.2.-Lesiones;2019;655
Burgos;1.2.-Lesiones;2018;676
Burgos;1.3.-Malos tratos ámbito familiar;2024;588
Burgos;1.3.-Malos tratos ámbito familiar;2023;586
Burgos;1.3.-Malos tratos ámbito familiar;2022;490
Burgos;1.3.-Malos tratos ámbito familiar;2021;438
Burgos;1.3.-Malos tratos ámbito familiar;2020;407
Burgos;1.3.-Malos tratos ámbito familiar;2019;429
Burgos;1.3.-Malos tratos ámbito familiar;2018;404
Burgos;1.4.-Otros contra las personas;2024;68
Burgos;1.4.-Otros contra las personas;2023;48
Burgos;1.4.-Otros contra las personas;2022;50
Burgos;1.4.-Otros contra las personas;2021;49
Burgos;1.4.-Otros contra las personas;2020;40
Burgos;1.4.-Otros contra las personas;2019;64
Burgos;1.4.-Otros contra las personas;2018;48
Burgos;2. CONTRA LA LIBERTAD;2024;1.022
Burgos;2. CONTRA LA LIBERTAD;2023;999
Burgos;2. CONTRA LA LIBERTAD;2022;920
Burgos;2. CONTRA LA LIBERTAD;2021;940
Burgos;2. CONTRA LA LIBERTAD;2020;810
Burgos;2. CONTRA LA LIBERTAD;2019;837
Burgos;2. CONTRA LA LIBERTAD;2018;773
Burgos;2.1.-Malos tratos habituales en el ámbito familiar;2024;244
Burgos;2.1.-Malos tratos habituales en el ámbito familiar;2023;222
Burgos;2.1.-Malos tratos habituales en el ámbito familiar;2022;190
Burgos;2.1.-Malos tratos habituales en el ámbito familiar;2021;191
Burgos;2.1.-Malos tratos habituales en el ámbito familiar;2020;155
Burgos;2.1.-Malos tratos habituales en el ámbito familiar;2019;161
Burgos;2.1.-Malos tratos habituales en el ámbito familiar;2018;153
Burgos;2.2.-Otros contra la libertad;2024;778
Burgos;2.2.-Otros contra la libertad;2023;777
Burgos;2.2.-Otros contra la libertad;2022;730
Burgos;2.2.-Otros contra la libertad;2021;749
Burgos;2.2.-Otros contra la libertad;2020;655
Burgos;2.2.-Otros contra la libertad;2019;676
Burgos;2.2.-Otros contra la libertad;2018;620
Burgos;3. LIBERTAD SEXUAL;2024;103
Burgos;3. LIBERTAD SEXUAL;2023;104
Burgos;3. LIBERTAD SEXUAL;2022;81
Burgos;3. LIBERTAD SEXUAL;2021;82
Burgos;3. LIBERTAD SEXUAL;2020;65
Burgos;3. LIBERTAD SEXUAL;2019;71
Burgos;3. LIBERTAD SEXUAL;2018;64
Burgos;3.1.-Agresión sexual;2024;62
Burgos;3.1.-Agresión sexual;2023;64
Burgos;3.1.-Agresión sexual;2022;42
Burgos;3.1.-Agresión sexual;2021;49
Burgos;3.1.-Agresión sexual;2020;33
Burgos;3.1.-Agresión sexual;2019;43
Burgos;3.1.-Agresión sexual;2018;29
Burgos;3.2.-Agresión sexual con penetración;2024;21
Burgos;3.2.-Agresión sexual con penetración;2023;22
Burgos;3.2.-Agresión sexual con penetración;2022;26
Burgos;3.2.-Agresión sexual con penetración;2021;21
Burgos;3.2.-Agresión sexual con penetración;2020;17
Burgos;3.2.-Agresión sexual con penetración;2019;11
Burgos;3.2.-Agresión sexual con penetración;2018;13
Burgos;3.3.-Corrupción de menores o incapacitados;2024;1
Burgos;3.3.-Corrupción de menores o incapacitados;2023;4
Burgos;3.3.-Corrupción de menores o incapacitados;2022;6
Burgos;3.3.-Corrupción de menores o incapacitados;2021;3
Burgos;3.3.-Corrupción de menores o incapacitados;2020;2
Burgos;3.3.-Corrupción de menores o incapacitados;2019;3
Burgos;3.3.-Corrupción de menores o incapacitados;2018;4
Burgos;3.4.-Pornografía de menores;2024;6
Burgos;3.4.-Pornografía de menores;2023;3
Burgos;3.4.-Pornografía de menores;2022;1
Burgos;3.4.-Pornografía de menores;2021;3
Burgos;3.4.-Pornografía de menores;2020;1
Burgos;3.4.-Pornografía de menores;2019;0
Burgos;3.4.-Pornografía de menores;2018;7
Burgos;3.5.-Otros contra la libertad sexual;2024;13
Burgos;3.5.-Otros contra la libertad sexual;2023;11
Burgos;3.5.-Otros contra la libertad sexual;2022;6
Burgos;3.5.-Otros contra la libertad sexual;2021;6
Burgos;3.5.-Otros contra la libertad sexual;2020;12
Burgos;3.5.-Otros contra la libertad sexual;2019;14
Burgos;3.5.-Otros contra la libertad sexual;2018;11
Burgos;4. RELACIONES FAMILIARES;2024;12
Burgos;4. RELACIONES FAMILIARES;2023;5
Burgos;4. RELACIONES FAMILIARES;2022;4
Burgos;4. RELACIONES FAMILIARES;2021;6
Burgos;4. RELACIONES FAMILIARES;2020;4
Burgos;4. RELACIONES FAMILIARES;2019;8
Burgos;4. RELACIONES FAMILIARES;2018;7
Burgos;5. PATRIMONIO;2024;10.106
Burgos;5. PATRIMONIO;2023;10.275
Burgos;5. PATRIMONIO;2022;9.698
Burgos;5. PATRIMONIO;2021;8.627
Burgos;5. PATRIMONIO;2020;7.387
Burgos;5. PATRIMONIO;2019;9.315
Burgos;5. PATRIMONIO;2018;8.858
Burgos;5.1.-Hurtos;2024;2.869
Burgos;5.1.-Hurtos;2023;2.828
Burgos;5.1.-Hurtos;2022;2.851
Burgos;5.1.-Hurtos;2021;2.463
Burgos;5.1.-Hurtos;2020;1.876
Burgos;5.1.-Hurtos;2019;3.012
Burgos;5.1.-Hurtos;2018;2.976
Burgos;5.2.-Robos con fuerza en las cosas;2024;1.557
Burgos;5.2.-Robos con fuerza en las cosas;2023;1.532
Burgos;5.2.-Robos con fuerza en las cosas;2022;1.332
Burgos;5.2.-Robos con fuerza en las cosas;2021;1.259
Burgos;5.2.-Robos con fuerza en las cosas;2020;1.098
Burgos;5.2.-Robos con fuerza en las cosas;2019;1.511
Burgos;5.2.-Robos con fuerza en las cosas;2018;1.518
Burgos;5.2.1.-Robos con fuerza en las cosas en el interior de vehículos;2024;489
Burgos;5.2.1.-Robos con fuerza en las cosas en el interior de vehículos;2023;319
Burgos;5.2.1.-Robos con fuerza en las cosas en el interior de vehículos;2022;245
Burgos;5.2.1.-Robos con fuerza en las cosas en el interior de vehículos;2021;212
Burgos;5.2.1.-Robos con fuerza en las cosas en el interior de vehículos;2020;219
Burgos;5.2.1.-Robos con fuerza en las cosas en el interior de vehículos;2019;277
Burgos;5.2.1.-Robos con fuerza en las cosas en el interior de vehículos;2018;260
Burgos;5.2.2.-Robos con fuerza en viviendas;2024;478
Burgos;5.2.2.-Robos con fuerza en viviendas;2023;588
Burgos;5.2.2.-Robos con fuerza en viviendas;2022;557
Burgos;5.2.2.-Robos con fuerza en viviendas;2021;542
Burgos;5.2.2.-Robos con fuerza en viviendas;2020;440
Burgos;5.2.2.-Robos con fuerza en viviendas;2019;587
Burgos;5.2.2.-Robos con fuerza en viviendas;2018;665
Burgos;5.2.3.-Robos con fuerza en establecimientos;2024;227
Burgos;5.2.3.-Robos con fuerza en establecimientos;2023;271
Burgos;5.2.3.-Robos con fuerza en establecimientos;2022;201
Burgos;5.2.3.-Robos con fuerza en establecimientos;2021;200
Burgos;5.2.3.-Robos con fuerza en establecimientos;2020;189
Burgos;5.2.3.-Robos con fuerza en establecimientos;2019;293
Burgos;5.2.3.-Robos con fuerza en establecimientos;2018;201
Burgos;5.3.-Robos con violencia o intimidación;2024;153
Burgos;5.3.-Robos con violencia o intimidación;2023;183
Burgos;5.3.-Robos con violencia o intimidación;2022;162
Burgos;5.3.-Robos con violencia o intimidación;2021;142
Burgos;5.3.-Robos con violencia o intimidación;2020;106
Burgos;5.3.-Robos con violencia o intimidación;2019;146
Burgos;5.3.-Robos con violencia o intimidación;2018;147
Burgos;5.3.1.-Robos con violencia en vía pública;2024;86
Burgos;5.3.1.-Robos con violencia en vía pública;2023;113
Burgos;5.3.1.-Robos con violencia en vía pública;2022;94
Burgos;5.3.1.-Robos con violencia en vía pública;2021;85
Burgos;5.3.1.-Robos con violencia en vía pública;2020;62
Burgos;5.3.1.-Robos con violencia en vía pública;2019;75
Burgos;5.3.1.-Robos con violencia en vía pública;2018;89
Burgos;5.3.2.-Robos con violencia en viviendas;2024;17
Burgos;5.3.2.-Robos con violencia en viviendas;2023;10
Burgos;5.3.2.-Robos con violencia en viviendas;2022;16
Burgos;5.3.2.-Robos con violencia en viviendas;2021;10
Burgos;5.3.2.-Robos con violencia en viviendas;2020;5
Burgos;5.3.2.-Robos con violencia en viviendas;2019;11
Burgos;5.3.2.-Robos con violencia en viviendas;2018;21
Burgos;5.3.3.-Robos con violencia en establecimientos;2024;35
Burgos;5.3.3.-Robos con violencia en establecimientos;2023;36
Burgos;5.3.3.-Robos con violencia en establecimientos;2022;34
Burgos;5.3.3.-Robos con violencia en establecimientos;2021;30
Burgos;5.3.3.-Robos con violencia en establecimientos;2020;24
Burgos;5.3.3.-Robos con violencia en establecimientos;2019;41
Burgos;5.3.3.-Robos con violencia en establecimientos;2018;24
Burgos;5.4.-Sustracción de vehículos;2024;98
Burgos;5.4.-Sustracción de vehículos;2023;92
Burgos;5.4.-Sustracción de vehículos;2022;83
Burgos;5.4.-Sustracción de vehículos;2021;79
Burgos;5.4.-Sustracción de vehículos;2020;66
Burgos;5.4.-Sustracción de vehículos;2019;115
Burgos;5.4.-Sustracción de vehículos;2018;101
Burgos;5.5.-Estafas;2024;3.457
Burgos;5.5.-Estafas;2023;3.583
Burgos;5.5.-Estafas;2022;3.201
Burgos;5.5.-Estafas;2021;2.604
Burgos;5.5.-Estafas;2020;2.578
Burgos;5.5.-Estafas;2019;2.418
Burgos;5.5.-Estafas;2018;2.183
Burgos;5.5.1.-Estafas informáticas;2024;3.000
Burgos;5.5.1.-Estafas informáticas;2023;3.205
Burgos;5.5.1.-Estafas informáticas;2022;2.505
Burgos;5.5.1.-Estafas informáticas;2021;2.082
Burgos;5.5.1.-Estafas informáticas;2020;2.117
Burgos;5.5.1.-Estafas informáticas;2019;1.380
Burgos;5.5.1.-Estafas informáticas;2018;727
Burgos;5.6.-Daños;2024;1.604
Burgos;5.6.-Daños;2023;1.695
Burgos;5.6.-Daños;2022;1.735
Burgos;5.6.-Daños;2021;1.737
Burgos;5.6.-Daños;2020;1.400
Burgos;5.6.-Daños;2019;1.783
Burgos;5.6.-Daños;2018;1.674
Burgos;5.7.-Contra la propiedad intelectual/industrial;2024;2
Burgos;5.7.-Contra la propiedad intelectual/industrial;2023;8
Burgos;5.7.-Contra la propiedad intelectual/industrial;2022;2
Burgos;5.7.-Contra la propiedad intelectual/industrial;2021;3
Burgos;5.7.-Contra la propiedad intelectual/industrial;2020;4
Burgos;5.7.-Contra la propiedad intelectual/industrial;2019;5
Burgos;5.7.-Contra la propiedad intelectual/industrial;2018;12
Burgos;5.8.-Blanqueo de capitales;2024;3
Burgos;5.8.-Blanqueo de capitales;2023;3
Burgos;5.8.-Blanqueo de capitales;2022;1
Burgos;5.8.-Blanqueo de capitales;2021;1
Burgos;5.8.-Blanqueo de capitales;2020;1
Burgos;5.8.-Blanqueo de capitales;2019;2
Burgos;5.8.-Blanqueo de capitales;2018;3
Burgos;5.9.-Otros contra el patrimonio;2024;363
Burgos;5.9.-Otros contra el patrimonio;2023;351
Burgos;5.9.-Otros contra el patrimonio;2022;331
Burgos;5.9.-Otros contra el patrimonio;2021;339
Burgos;5.9.-Otros contra el patrimonio;2020;258
Burgos;5.9.-Otros contra el patrimonio;2019;323
Burgos;5.9.-Otros contra el patrimonio;2018;244
Burgos;6. SEGURIDAD COLECTIVA;2024;393
Burgos;6. SEGURIDAD COLECTIVA;2023;436
Burgos;6. SEGURIDAD COLECTIVA;2022;435
Burgos;6. SEGURIDAD COLECTIVA;2021;412
Burgos;6. SEGURIDAD COLECTIVA;2020;313
Burgos;6. SEGURIDAD COLECTIVA;2019;376
Burgos;6. SEGURIDAD COLECTIVA;2018;329
Burgos;6.1.-Tráfico de drogas;2024;87
Burgos;6.1.-Tráfico de drogas;2023;82
Burgos;6.1.-Tráfico de drogas;2022;93
Burgos;6.1.-Tráfico de drogas;2021;75
Burgos;6.1.-Tráfico de drogas;2020;78
Burgos;6.1.-Tráfico de drogas;2019;73
Burgos;6.1.-Tráfico de drogas;2018;69
Burgos;6.2.-Contra la seguridad vial;2024;291
Burgos;6.2.-Contra la seguridad vial;2023;338
Burgos;6.2.-Contra la seguridad vial;2022;333
Burgos;6.2.-Contra la seguridad vial;2021;325
Burgos;6.2.-Contra la seguridad vial;2020;228
Burgos;6.2.-Contra la seguridad vial;2019;299
Burgos;6.2.-Contra la seguridad vial;2018;253
Burgos;6.3.-Otros contra la seguridad colectiva;2024;15
Burgos;6.3.-Otros contra la seguridad colectiva;2023;16
Burgos;6.3.-Otros contra la seguridad colectiva;2022;9
Burgos;6.3.-Otros contra la seguridad colectiva;2021;12
Burgos;6.3.-Otros contra la seguridad colectiva;2020;7
Burgos;6.3.-Otros contra la seguridad colectiva;2019;4
Burgos;6.3.-Otros contra la seguridad colectiva;2018;7
Burgos;7. FALSEDADES;2024;218
Burgos;7. FALSEDADES;2023;234
Burgos;7. FALSEDADES;2022;284
Burgos;7. FALSEDADES;2021;192
Burgos;7. FALSEDADES;2020;207
Burgos;7. FALSEDADES;2019;114
Burgos;7. FALSEDADES;2018;116
Burgos;8. ADMÓN. PÚBLICA;2024;1
Burgos;8. ADMÓN. PÚBLICA;2023;2
Burgos;8. ADMÓN. PÚBLICA;2022;3
Burgos;8. ADMÓN. PÚBLICA;2021;0
Burgos;8. ADMÓN. PÚBLICA;2020;0
Burgos;8. ADMÓN. PÚBLICA;2019;0
Burgos;8. ADMÓN. PÚBLICA;2018;3
Burgos;9. ADMÓN. JUSTICIA;2024;252
Burgos;9. ADMÓN. JUSTICIA;2023;252
Burgos;9. ADMÓN. JUSTICIA;2022;257
Burgos;9. ADMÓN. JUSTICIA;2021;209
Burgos;9. ADMÓN. JUSTICIA;2020;202
Burgos;9. ADMÓN. JUSTICIA;2019;228
Burgos;9. ADMÓN. JUSTICIA;2018;170
Burgos;10. ORDEN PÚBLICO;2024;227
Burgos;10. ORDEN PÚBLICO;2023;205
Burgos;10. ORDEN PÚBLICO;2022;171
Burgos;10. ORDEN PÚBLICO;2021;188
Burgos;10. ORDEN PÚBLICO;2020;207
Burgos;10. ORDEN PÚBLICO;2019;162
Burgos;10. ORDEN PÚBLICO;2018;128
Burgos;11. LEGISLACIÓN ESPECIAL;2024;1
Burgos;11. LEGISLACIÓN ESPECIAL;2023;2
Burgos;11. LEGISLACIÓN ESPECIAL;2022;0
Burgos;11. LEGISLACIÓN ESPECIAL;2021;0
Burgos;11. LEGISLACIÓN ESPECIAL;2020;1
Burgos;11. LEGISLACIÓN ESPECIAL;2019;0
Burgos;11. LEGISLACIÓN ESPECIAL;2018;0
Burgos;12. OTRAS INFRACCIONES PENALES;2024;60
Burgos;12. OTRAS INFRACCIONES PENALES;2023;63
Burgos;12. OTRAS INFRACCIONES PENALES;2022;128
Burgos;12. OTRAS INFRACCIONES PENALES;2021;66
Burgos;12. OTRAS INFRACCIONES PENALES;2020;65
Burgos;12. OTRAS INFRACCIONES PENALES;2019;80
Burgos;12. OTRAS INFRACCIONES PENALES;2018;91
Burgos;TOTAL INFRACCIONES PENALES;2024;13.945
Burgos;TOTAL INFRACCIONES PENALES;2023;13.970
Burgos;TOTAL INFRACCIONES PENALES;2022;13.328
Burgos;TOTAL INFRACCIONES PENALES;2021;11.920
Burgos;TOTAL INFRACCIONES PENALES;2020;10.236
Burgos;TOTAL INFRACCIONES PENALES;2019;12.351
Burgos;TOTAL INFRACCIONES PENALES;2018;11.673
Cáceres;1. CONTRA LAS PERSONAS;2024;1.289
Cáceres;1. CONTRA LAS PERSONAS;2023;1.271
Cáceres;1. CONTRA LAS PERSONAS;2022;1.124
Cáceres;1. CONTRA LAS PERSONAS;2021;983
Cáceres;1. CONTRA LAS PERSONAS;2020;856
Cáceres;1. CONTRA LAS PERSONAS;2019;1.055
Cáceres;1. CONTRA LAS PERSONAS;2018;989
Cáceres;1.1.-Homicidios dolosos/asesinatos;2024;7
Cáceres;1.1.-Homicidios dolosos/asesinatos;2023;6
Cáceres;1.1.-Homicidios dolosos/asesinatos;2022;3
Cáceres;1.1.-Homicidios dolosos/asesinatos;2021;3
Cáceres;1.1.-Homicidios dolosos/asesinatos;2020;7
Cáceres;1.1.-Homicidios dolosos/asesinatos;2019;4
Cáceres;1.1.-Homicidios dolosos/asesinatos;2018;4
Cáceres;1.1.1.-Homicidios dolosos/asesinatos consumados;2024;3
Cáceres;1.1.1.-Homicidios dolosos/asesinatos consumados;2023;2
Cáceres;1.1.1.-Homicidios dolosos/asesinatos consumados;2022;2
Cáceres;1.1.1.-Homicidios dolosos/asesinatos consumados;2021;1
Cáceres;1.1.1.-Homicidios dolosos/asesinatos consumados;2020;5
Cáceres;1.1.1.-Homicidios dolosos/asesinatos consumados;2019;3
Cáceres;1.1.1.-Homicidios dolosos/asesinatos consumados;2018;1
Cáceres;1.2.-Lesiones;2024;746
Cáceres;1.2.-Lesiones;2023;736
Cáceres;1.2.-Lesiones;2022;641
Cáceres;1.2.-Lesiones;2021;593
Cáceres;1.2.-Lesiones;2020;494
Cáceres;1.2.-Lesiones;2019;613
Cáceres;1.2.-Lesiones;2018;577
Cáceres;1.3.-Malos tratos ámbito familiar;2024;513
Cáceres;1.3.-Malos tratos ámbito familiar;2023;508
Cáceres;1.3.-Malos tratos ámbito familiar;2022;463
Cáceres;1.3.-Malos tratos ámbito familiar;2021;370
Cáceres;1.3.-Malos tratos ámbito familiar;2020;337
Cáceres;1.3.-Malos tratos ámbito familiar;2019;421
Cáceres;1.3.-Malos tratos ámbito familiar;2018;383
Cáceres;1.4.-Otros contra las personas;2024;23
Cáceres;1.4.-Otros contra las personas;2023;21
Cáceres;1.4.-Otros contra las personas;2022;17
Cáceres;1.4.-Otros contra las personas;2021;17
Cáceres;1.4.-Otros contra las personas;2020;18
Cáceres;1.4.-Otros contra las personas;2019;17
Cáceres;1.4.-Otros contra las personas;2018;25
Cáceres;2. CONTRA LA LIBERTAD;2024;1.008
Cáceres;2. CONTRA LA LIBERTAD;2023;1.015
Cáceres;2. CONTRA LA LIBERTAD;2022;917
Cáceres;2. CONTRA LA LIBERTAD;2021;876
Cáceres;2. CONTRA LA LIBERTAD;2020;790
Cáceres;2. CONTRA LA LIBERTAD;2019;799
Cáceres;2. CONTRA LA LIBERTAD;2018;661
Cáceres;2.1.-Malos tratos habituales en el ámbito familiar;2024;145
Cáceres;2.1.-Malos tratos habituales en el ámbito familiar;2023;138
Cáceres;2.1.-Malos tratos habituales en el ámbito familiar;2022;119
Cáceres;2.1.-Malos tratos habituales en el ámbito familiar;2021;134
Cáceres;2.1.-Malos tratos habituales en el ámbito familiar;2020;97
Cáceres;2.1.-Malos tratos habituales en el ámbito familiar;2019;121
Cáceres;2.1.-Malos tratos habituales en el ámbito familiar;2018;99
Cáceres;2.2.-Otros contra la libertad;2024;863
Cáceres;2.2.-Otros contra la libertad;2023;877
Cáceres;2.2.-Otros contra la libertad;2022;798
Cáceres;2.2.-Otros contra la libertad;2021;742
Cáceres;2.2.-Otros contra la libertad;2020;693
Cáceres;2.2.-Otros contra la libertad;2019;678
Cáceres;2.2.-Otros contra la libertad;2018;562
Cáceres;3. LIBERTAD SEXUAL;2024;107
Cáceres;3. LIBERTAD SEXUAL;2023;110
Cáceres;3. LIBERTAD SEXUAL;2022;108
Cáceres;3. LIBERTAD SEXUAL;2021;86
Cáceres;3. LIBERTAD SEXUAL;2020;62
Cáceres;3. LIBERTAD SEXUAL;2019;68
Cáceres;3. LIBERTAD SEXUAL;2018;68
Cáceres;3.1.-Agresión sexual;2024;79
Cáceres;3.1.-Agresión sexual;2023;68
Cáceres;3.1.-Agresión sexual;2022;66
Cáceres;3.1.-Agresión sexual;2021;58
Cáceres;3.1.-Agresión sexual;2020;40
Cáceres;3.1.-Agresión sexual;2019;42
Cáceres;3.1.-Agresión sexual;2018;43
Cáceres;3.2.-Agresión sexual con penetración;2024;12
Cáceres;3.2.-Agresión sexual con penetración;2023;18
Cáceres;3.2.-Agresión sexual con penetración;2022;20
Cáceres;3.2.-Agresión sexual con penetración;2021;9
Cáceres;3.2.-Agresión sexual con penetración;2020;9
Cáceres;3.2.-Agresión sexual con penetración;2019;7
Cáceres;3.2.-Agresión sexual con penetración;2018;13
Cáceres;3.3.-Corrupción de menores o incapacitados;2024;2
Cáceres;3.3.-Corrupción de menores o incapacitados;2023;5
Cáceres;3.3.-Corrupción de menores o incapacitados;2022;4
Cáceres;3.3.-Corrupción de menores o incapacitados;2021;5
Cáceres;3.3.-Corrupción de menores o incapacitados;2020;2
Cáceres;3.3.-Corrupción de menores o incapacitados;2019;4
Cáceres;3.3.-Corrupción de menores o incapacitados;2018;1
Cáceres;3.4.-Pornografía de menores;2024;3
Cáceres;3.4.-Pornografía de menores;2023;5
Cáceres;3.4.-Pornografía de menores;2022;6
Cáceres;3.4.-Pornografía de menores;2021;2
Cáceres;3.4.-Pornografía de menores;2020;1
Cáceres;3.4.-Pornografía de menores;2019;4
Cáceres;3.4.-Pornografía de menores;2018;4
Cáceres;3.5.-Otros contra la libertad sexual;2024;11
Cáceres;3.5.-Otros contra la libertad sexual;2023;14
Cáceres;3.5.-Otros contra la libertad sexual;2022;12
Cáceres;3.5.-Otros contra la libertad sexual;2021;12
Cáceres;3.5.-Otros contra la libertad sexual;2020;10
Cáceres;3.5.-Otros contra la libertad sexual;2019;11
Cáceres;3.5.-Otros contra la libertad sexual;2018;7
Cáceres;4. RELACIONES FAMILIARES;2024;55
Cáceres;4. RELACIONES FAMILIARES;2023;47
Cáceres;4. RELACIONES FAMILIARES;2022;56
Cáceres;4. RELACIONES FAMILIARES;2021;57
Cáceres;4. RELACIONES FAMILIARES;2020;38
Cáceres;4. RELACIONES FAMILIARES;2019;59
Cáceres;4. RELACIONES FAMILIARES;2018;27
Cáceres;5. PATRIMONIO;2024;7.011
Cáceres;5. PATRIMONIO;2023;7.637
Cáceres;5. PATRIMONIO;2022;7.230
Cáceres;5. PATRIMONIO;2021;5.978
Cáceres;5. PATRIMONIO;2020;5.177
Cáceres;5. PATRIMONIO;2019;5.576
Cáceres;5. PATRIMONIO;2018;5.652
Cáceres;5.1.-Hurtos;2024;1.813
Cáceres;5.1.-Hurtos;2023;1.949
Cáceres;5.1.-Hurtos;2022;1.882
Cáceres;5.1.-Hurtos;2021;1.443
Cáceres;5.1.-Hurtos;2020;1.165
Cáceres;5.1.-Hurtos;2019;1.755
Cáceres;5.1.-Hurtos;2018;1.941
Cáceres;5.2.-Robos con fuerza en las cosas;2024;967
Cáceres;5.2.-Robos con fuerza en las cosas;2023;1.058
Cáceres;5.2.-Robos con fuerza en las cosas;2022;1.060
Cáceres;5.2.-Robos con fuerza en las cosas;2021;849
Cáceres;5.2.-Robos con fuerza en las cosas;2020;778
Cáceres;5.2.-Robos con fuerza en las cosas;2019;882
Cáceres;5.2.-Robos con fuerza en las cosas;2018;1.070
Cáceres;5.2.1.-Robos con fuerza en las cosas en el interior de vehículos;2024;166
Cáceres;5.2.1.-Robos con fuerza en las cosas en el interior de vehículos;2023;170
Cáceres;5.2.1.-Robos con fuerza en las cosas en el interior de vehículos;2022;204
Cáceres;5.2.1.-Robos con fuerza en las cosas en el interior de vehículos;2021;142
Cáceres;5.2.1.-Robos con fuerza en las cosas en el interior de vehículos;2020;118
Cáceres;5.2.1.-Robos con fuerza en las cosas en el interior de vehículos;2019;184
Cáceres;5.2.1.-Robos con fuerza en las cosas en el interior de vehículos;2018;196
Cáceres;5.2.2.-Robos con fuerza en viviendas;2024;332
Cáceres;5.2.2.-Robos con fuerza en viviendas;2023;299
Cáceres;5.2.2.-Robos con fuerza en viviendas;2022;334
Cáceres;5.2.2.-Robos con fuerza en viviendas;2021;247
Cáceres;5.2.2.-Robos con fuerza en viviendas;2020;239
Cáceres;5.2.2.-Robos con fuerza en viviendas;2019;218
Cáceres;5.2.2.-Robos con fuerza en viviendas;2018;281
Cáceres;5.2.3.-Robos con fuerza en establecimientos;2024;127
Cáceres;5.2.3.-Robos con fuerza en establecimientos;2023;196
Cáceres;5.2.3.-Robos con fuerza en establecimientos;2022;168
Cáceres;5.2.3.-Robos con fuerza en establecimientos;2021;143
Cáceres;5.2.3.-Robos con fuerza en establecimientos;2020;162
Cáceres;5.2.3.-Robos con fuerza en establecimientos;2019;181
Cáceres;5.2.3.-Robos con fuerza en establecimientos;2018;257
Cáceres;5.3.-Robos con violencia o intimidación;2024;75
Cáceres;5.3.-Robos con violencia o intimidación;2023;81
Cáceres;5.3.-Robos con violencia o intimidación;2022;91
Cáceres;5.3.-Robos con violencia o intimidación;2021;92
Cáceres;5.3.-Robos con violencia o intimidación;2020;56
Cáceres;5.3.-Robos con violencia o intimidación;2019;68
Cáceres;5.3.-Robos con violencia o intimidación;2018;73
Cáceres;5.3.1.-Robos con violencia en vía pública;2024;41
Cáceres;5.3.1.-Robos con violencia en vía pública;2023;40
Cáceres;5.3.1.-Robos con violencia en vía pública;2022;56
Cáceres;5.3.1.-Robos con violencia en vía pública;2021;59
Cáceres;5.3.1.-Robos con violencia en vía pública;2020;25
Cáceres;5.3.1.-Robos con violencia en vía pública;2019;41
Cáceres;5.3.1.-Robos con violencia en vía pública;2018;40
Cáceres;5.3.2.-Robos con violencia en viviendas;2024;5
Cáceres;5.3.2.-Robos con violencia en viviendas;2023;18
Cáceres;5.3.2.-Robos con violencia en viviendas;2022;14
Cáceres;5.3.2.-Robos con violencia en viviendas;2021;8
Cáceres;5.3.2.-Robos con violencia en viviendas;2020;10
Cáceres;5.3.2.-Robos con violencia en viviendas;2019;8
Cáceres;5.3.2.-Robos con violencia en viviendas;2018;9
Cáceres;5.3.3.-Robos con violencia en establecimientos;2024;20
Cáceres;5.3.3.-Robos con violencia en establecimientos;2023;11
Cáceres;5.3.3.-Robos con violencia en establecimientos;2022;12
Cáceres;5.3.3.-Robos con violencia en establecimientos;2021;13
Cáceres;5.3.3.-Robos con violencia en establecimientos;2020;13
Cáceres;5.3.3.-Robos con violencia en establecimientos;2019;15
Cáceres;5.3.3.-Robos con violencia en establecimientos;2018;11
Cáceres;5.4.-Sustracción de vehículos;2024;32
Cáceres;5.4.-Sustracción de vehículos;2023;36
Cáceres;5.4.-Sustracción de vehículos;2022;51
Cáceres;5.4.-Sustracción de vehículos;2021;36
Cáceres;5.4.-Sustracción de vehículos;2020;38
Cáceres;5.4.-Sustracción de vehículos;2019;30
Cáceres;5.4.-Sustracción de vehículos;2018;37
Cáceres;5.5.-Estafas;2024;2.684
Cáceres;5.5.-Estafas;2023;3.001
Cáceres;5.5.-Estafas;2022;2.676
Cáceres;5.5.-Estafas;2021;2.006
Cáceres;5.5.-Estafas;2020;1.913
Cáceres;5.5.-Estafas;2019;1.333
Cáceres;5.5.-Estafas;2018;1.049
Cáceres;5.5.1.-Estafas informáticas;2024;2.381
Cáceres;5.5.1.-Estafas informáticas;2023;2.640
Cáceres;5.5.1.-Estafas informáticas;2022;2.154
Cáceres;5.5.1.-Estafas informáticas;2021;1.266
Cáceres;5.5.1.-Estafas informáticas;2020;1.232
Cáceres;5.5.1.-Estafas informáticas;2019;901
Cáceres;5.5.1.-Estafas informáticas;2018;665
Cáceres;5.6.-Daños;2024;1.147
Cáceres;5.6.-Daños;2023;1.177
Cáceres;5.6.-Daños;2022;1.203
Cáceres;5.6.-Daños;2021;1.275
Cáceres;5.6.-Daños;2020;1.020
Cáceres;5.6.-Daños;2019;1.275
Cáceres;5.6.-Daños;2018;1.209
Cáceres;5.7.-Contra la propiedad intelectual/industrial;2024;6
Cáceres;5.7.-Contra la propiedad intelectual/industrial;2023;9
Cáceres;5.7.-Contra la propiedad intelectual/industrial;2022;6
Cáceres;5.7.-Contra la propiedad intelectual/industrial;2021;5
Cáceres;5.7.-Contra la propiedad intelectual/industrial;2020;6
Cáceres;5.7.-Contra la propiedad intelectual/industrial;2019;12
Cáceres;5.7.-Contra la propiedad intelectual/industrial;2018;31
Cáceres;5.8.-Blanqueo de capitales;2024;7
Cáceres;5.8.-Blanqueo de capitales;2023;4
Cáceres;5.8.-Blanqueo de capitales;2022;3
Cáceres;5.8.-Blanqueo de capitales;2021;0
Cáceres;5.8.-Blanqueo de capitales;2020;1
Cáceres;5.8.-Blanqueo de capitales;2019;1
Cáceres;5.8.-Blanqueo de capitales;2018;1
Cáceres;5.9.-Otros contra el patrimonio;2024;280
Cáceres;5.9.-Otros contra el patrimonio;2023;322
Cáceres;5.9.-Otros contra el patrimonio;2022;258
Cáceres;5.9.-Otros contra el patrimonio;2021;272
Cáceres;5.9.-Otros contra el patrimonio;2020;200
Cáceres;5.9.-Otros contra el patrimonio;2019;220
Cáceres;5.9.-Otros contra el patrimonio;2018;241
Cáceres;6. SEGURIDAD COLECTIVA;2024;550
Cáceres;6. SEGURIDAD COLECTIVA;2023;523
Cáceres;6. SEGURIDAD COLECTIVA;2022;576
Cáceres;6. SEGURIDAD COLECTIVA;2021;536
Cáceres;6. SEGURIDAD COLECTIVA;2020;406
Cáceres;6. SEGURIDAD COLECTIVA;2019;490
Cáceres;6. SEGURIDAD COLECTIVA;2018;485
Cáceres;6.1.-Tráfico de drogas;2024;104
Cáceres;6.1.-Tráfico de drogas;2023;87
Cáceres;6.1.-Tráfico de drogas;2022;84
Cáceres;6.1.-Tráfico de drogas;2021;118
Cáceres;6.1.-Tráfico de drogas;2020;101
Cáceres;6.1.-Tráfico de drogas;2019;105
Cáceres;6.1.-Tráfico de drogas;2018;102
Cáceres;6.2.-Contra la seguridad vial;2024;401
Cáceres;6.2.-Contra la seguridad vial;2023;406
Cáceres;6.2.-Contra la seguridad vial;2022;422
Cáceres;6.2.-Contra la seguridad vial;2021;391
Cáceres;6.2.-Contra la seguridad vial;2020;289
Cáceres;6.2.-Contra la seguridad vial;2019;341
Cáceres;6.2.-Contra la seguridad vial;2018;354
Cáceres;6.3.-Otros contra la seguridad colectiva;2024;45
Cáceres;6.3.-Otros contra la seguridad colectiva;2023;30
Cáceres;6.3.-Otros contra la seguridad colectiva;2022;70
Cáceres;6.3.-Otros contra la seguridad colectiva;2021;27
Cáceres;6.3.-Otros contra la seguridad colectiva;2020;16
Cáceres;6.3.-Otros contra la seguridad colectiva;2019;44
Cáceres;6.3.-Otros contra la seguridad colectiva;2018;29
Cáceres;7. FALSEDADES;2024;557
Cáceres;7. FALSEDADES;2023;394
Cáceres;7. FALSEDADES;2022;189
Cáceres;7. FALSEDADES;2021;201
Cáceres;7. FALSEDADES;2020;138
Cáceres;7. FALSEDADES;2019;99
Cáceres;7. FALSEDADES;2018;98
Cáceres;8. ADMÓN. PÚBLICA;2024;2
Cáceres;8. ADMÓN. PÚBLICA;2023;1
Cáceres;8. ADMÓN. PÚBLICA;2022;0
Cáceres;8. ADMÓN. PÚBLICA;2021;4
Cáceres;8. ADMÓN. PÚBLICA;2020;1
Cáceres;8. ADMÓN. PÚBLICA;2019;4
Cáceres;8. ADMÓN. PÚBLICA;2018;0
Cáceres;9. ADMÓN. JUSTICIA;2024;339
Cáceres;9. ADMÓN. JUSTICIA;2023;353
Cáceres;9. ADMÓN. JUSTICIA;2022;313
Cáceres;9. ADMÓN. JUSTICIA;2021;244
Cáceres;9. ADMÓN. JUSTICIA;2020;249
Cáceres;9. ADMÓN. JUSTICIA;2019;240
Cáceres;9. ADMÓN. JUSTICIA;2018;211
Cáceres;10. ORDEN PÚBLICO;2024;148
Cáceres;10. ORDEN PÚBLICO;2023;128
Cáceres;10. ORDEN PÚBLICO;2022;88
Cáceres;10. ORDEN PÚBLICO;2021;98
Cáceres;10. ORDEN PÚBLICO;2020;153
Cáceres;10. ORDEN PÚBLICO;2019;105
Cáceres;10. ORDEN PÚBLICO;2018;69
Cáceres;11. LEGISLACIÓN ESPECIAL;2024;0
Cáceres;11. LEGISLACIÓN ESPECIAL;2023;3
Cáceres;11. LEGISLACIÓN ESPECIAL;2022;0
Cáceres;11. LEGISLACIÓN ESPECIAL;2021;2
Cáceres;11. LEGISLACIÓN ESPECIAL;2020;0
Cáceres;11. LEGISLACIÓN ESPECIAL;2019;2
Cáceres;11. LEGISLACIÓN ESPECIAL;2018;11
Cáceres;12. OTRAS INFRACCIONES PENALES;2024;167
Cáceres;12. OTRAS INFRACCIONES PENALES;2023;133
Cáceres;12. OTRAS INFRACCIONES PENALES;2022;151
Cáceres;12. OTRAS INFRACCIONES PENALES;2021;119
Cáceres;12. OTRAS INFRACCIONES PENALES;2020;144
Cáceres;12. OTRAS INFRACCIONES PENALES;2019;132
Cáceres;12. OTRAS INFRACCIONES PENALES;2018;133
Cáceres;TOTAL INFRACCIONES PENALES;2024;11.233
Cáceres;TOTAL INFRACCIONES PENALES;2023;11.615
Cáceres;TOTAL INFRACCIONES PENALES;2022;10.752
Cáceres;TOTAL INFRACCIONES PENALES;2021;9.184
Cáceres;TOTAL INFRACCIONES PENALES;2020;8.014
Cáceres;TOTAL INFRACCIONES PENALES;2019;8.629
Cáceres;TOTAL INFRACCIONES PENALES;2018;8.404
Cádiz;1. CONTRA LAS PERSONAS;2024;7.291
Cádiz;1. CONTRA LAS PERSONAS;2023;7.356
Cádiz;1. CONTRA LAS PERSONAS;2022;6.745
Cádiz;1. CONTRA LAS PERSONAS;2021;5.909
Cádiz;1. CONTRA LAS PERSONAS;2020;5.350
Cádiz;1. CONTRA LAS PERSONAS;2019;6.057
Cádiz;1. CONTRA LAS PERSONAS;2018;5.880
Cádiz;1.1.-Homicidios dolosos/asesinatos;2024;39
Cádiz;1.1.-Homicidios dolosos/asesinatos;2023;63
Cádiz;1.1.-Homicidios dolosos/asesinatos;2022;44
Cádiz;1.1.-Homicidios dolosos/asesinatos;2021;41
Cádiz;1.1.-Homicidios dolosos/asesinatos;2020;53
Cádiz;1.1.-Homicidios dolosos/asesinatos;2019;41
Cádiz;1.1.-Homicidios dolosos/asesinatos;2018;51
Cádiz;1.1.1.-Homicidios dolosos/asesinatos consumados;2024;12
Cádiz;1.1.1.-Homicidios dolosos/asesinatos consumados;2023;12
Cádiz;1.1.1.-Homicidios dolosos/asesinatos consumados;2022;10
Cádiz;1.1.1.-Homicidios dolosos/asesinatos consumados;2021;7
Cádiz;1.1.1.-Homicidios dolosos/asesinatos consumados;2020;9
Cádiz;1.1.1.-Homicidios dolosos/asesinatos consumados;2019;11
Cádiz;1.1.1.-Homicidios dolosos/asesinatos consumados;2018;6
Cádiz;1.2.-Lesiones;2024;3.588
Cádiz;1.2.-Lesiones;2023;3.617
Cádiz;1.2.-Lesiones;2022;3.420
Cádiz;1.2.-Lesiones;2021;2.981
Cádiz;1.2.-Lesiones;2020;2.691
Cádiz;1.2.-Lesiones;2019;3.313
Cádiz;1.2.-Lesiones;2018;3.275
Cádiz;1.3.-Malos tratos ámbito familiar;2024;3.259
Cádiz;1.3.-Malos tratos ámbito familiar;2023;3.304
Cádiz;1.3.-Malos tratos ámbito familiar;2022;3.046
Cádiz;1.3.-Malos tratos ámbito familiar;2021;2.761
Cádiz;1.3.-Malos tratos ámbito familiar;2020;2.490
Cádiz;1.3.-Malos tratos ámbito familiar;2019;2.537
Cádiz;1.3.-Malos tratos ámbito familiar;2018;2.406
Cádiz;1.4.-Otros contra las personas;2024;405
Cádiz;1.4.-Otros contra las personas;2023;372
Cádiz;1.4.-Otros contra las personas;2022;235
Cádiz;1.4.-Otros contra las personas;2021;126
Cádiz;1.4.-Otros contra las personas;2020;116
Cádiz;1.4.-Otros contra las personas;2019;166
Cádiz;1.4.-Otros contra las personas;2018;148
Cádiz;2. CONTRA LA LIBERTAD;2024;4.977
Cádiz;2. CONTRA LA LIBERTAD;2023;4.830
Cádiz;2. CONTRA LA LIBERTAD;2022;4.391
Cádiz;2. CONTRA LA LIBERTAD;2021;4.151
Cádiz;2. CONTRA LA LIBERTAD;2020;4.121
Cádiz;2. CONTRA LA LIBERTAD;2019;4.243
Cádiz;2. CONTRA LA LIBERTAD;2018;4.084
Cádiz;2.1.-Malos tratos habituales en el ámbito familiar;2024;309
Cádiz;2.1.-Malos tratos habituales en el ámbito familiar;2023;293
Cádiz;2.1.-Malos tratos habituales en el ámbito familiar;2022;281
Cádiz;2.1.-Malos tratos habituales en el ámbito familiar;2021;269
Cádiz;2.1.-Malos tratos habituales en el ámbito familiar;2020;298
Cádiz;2.1.-Malos tratos habituales en el ámbito familiar;2019;290
Cádiz;2.1.-Malos tratos habituales en el ámbito familiar;2018;249
Cádiz;2.2.-Otros contra la libertad;2024;4.668
Cádiz;2.2.-Otros contra la libertad;2023;4.537
Cádiz;2.2.-Otros contra la libertad;2022;4.110
Cádiz;2.2.-Otros contra la libertad;2021;3.882
Cádiz;2.2.-Otros contra la libertad;2020;3.823
Cádiz;2.2.-Otros contra la libertad;2019;3.953
Cádiz;2.2.-Otros contra la libertad;2018;3.835
Cádiz;3. LIBERTAD SEXUAL;2024;465
Cádiz;3. LIBERTAD SEXUAL;2023;483
Cádiz;3. LIBERTAD SEXUAL;2022;451
Cádiz;3. LIBERTAD SEXUAL;2021;418
Cádiz;3. LIBERTAD SEXUAL;2020;299
Cádiz;3. LIBERTAD SEXUAL;2019;360
Cádiz;3. LIBERTAD SEXUAL;2018;336
Cádiz;3.1.-Agresión sexual;2024;281
Cádiz;3.1.-Agresión sexual;2023;281
Cádiz;3.1.-Agresión sexual;2022;263
Cádiz;3.1.-Agresión sexual;2021;250
Cádiz;3.1.-Agresión sexual;2020;158
Cádiz;3.1.-Agresión sexual;2019;205
Cádiz;3.1.-Agresión sexual;2018;210
Cádiz;3.2.-Agresión sexual con penetración;2024;91
Cádiz;3.2.-Agresión sexual con penetración;2023;69
Cádiz;3.2.-Agresión sexual con penetración;2022;71
Cádiz;3.2.-Agresión sexual con penetración;2021;60
Cádiz;3.2.-Agresión sexual con penetración;2020;46
Cádiz;3.2.-Agresión sexual con penetración;2019;55
Cádiz;3.2.-Agresión sexual con penetración;2018;44
Cádiz;3.3.-Corrupción de menores o incapacitados;2024;9
Cádiz;3.3.-Corrupción de menores o incapacitados;2023;9
Cádiz;3.3.-Corrupción de menores o incapacitados;2022;13
Cádiz;3.3.-Corrupción de menores o incapacitados;2021;16
Cádiz;3.3.-Corrupción de menores o incapacitados;2020;14
Cádiz;3.3.-Corrupción de menores o incapacitados;2019;8
Cádiz;3.3.-Corrupción de menores o incapacitados;2018;14
Cádiz;3.4.-Pornografía de menores;2024;22
Cádiz;3.4.-Pornografía de menores;2023;33
Cádiz;3.4.-Pornografía de menores;2022;28
Cádiz;3.4.-Pornografía de menores;2021;24
Cádiz;3.4.-Pornografía de menores;2020;21
Cádiz;3.4.-Pornografía de menores;2019;23
Cádiz;3.4.-Pornografía de menores;2018;18
Cádiz;3.5.-Otros contra la libertad sexual;2024;62
Cádiz;3.5.-Otros contra la libertad sexual;2023;91
Cádiz;3.5.-Otros contra la libertad sexual;2022;76
Cádiz;3.5.-Otros contra la libertad sexual;2021;68
Cádiz;3.5.-Otros contra la libertad sexual;2020;60
Cádiz;3.5.-Otros contra la libertad sexual;2019;69
Cádiz;3.5.-Otros contra la libertad sexual;2018;50
Cádiz;4. RELACIONES FAMILIARES;2024;169
Cádiz;4. RELACIONES FAMILIARES;2023;161
Cádiz;4. RELACIONES FAMILIARES;2022;172
Cádiz;4. RELACIONES FAMILIARES;2021;175
Cádiz;4. RELACIONES FAMILIARES;2020;185
Cádiz;4. RELACIONES FAMILIARES;2019;198
Cádiz;4. RELACIONES FAMILIARES;2018;177
Cádiz;5. PATRIMONIO;2024;37.250
Cádiz;5. PATRIMONIO;2023;40.543
Cádiz;5. PATRIMONIO;2022;37.804
Cádiz;5. PATRIMONIO;2021;29.888
Cádiz;5. PATRIMONIO;2020;26.769
Cádiz;5. PATRIMONIO;2019;33.707
Cádiz;5. PATRIMONIO;2018;34.915
Cádiz;5.1.-Hurtos;2024;11.608
Cádiz;5.1.-Hurtos;2023;12.826
Cádiz;5.1.-Hurtos;2022;12.227
Cádiz;5.1.-Hurtos;2021;9.614
Cádiz;5.1.-Hurtos;2020;8.276
Cádiz;5.1.-Hurtos;2019;12.579
Cádiz;5.1.-Hurtos;2018;13.282
Cádiz;5.2.-Robos con fuerza en las cosas;2024;4.702
Cádiz;5.2.-Robos con fuerza en las cosas;2023;5.867
Cádiz;5.2.-Robos con fuerza en las cosas;2022;5.405
Cádiz;5.2.-Robos con fuerza en las cosas;2021;4.327
Cádiz;5.2.-Robos con fuerza en las cosas;2020;4.129
Cádiz;5.2.-Robos con fuerza en las cosas;2019;5.225
Cádiz;5.2.-Robos con fuerza en las cosas;2018;6.350
Cádiz;5.2.1.-Robos con fuerza en las cosas en el interior de vehículos;2024;1.779
Cádiz;5.2.1.-Robos con fuerza en las cosas en el interior de vehículos;2023;2.412
Cádiz;5.2.1.-Robos con fuerza en las cosas en el interior de vehículos;2022;1.955
Cádiz;5.2.1.-Robos con fuerza en las cosas en el interior de vehículos;2021;1.604
Cádiz;5.2.1.-Robos con fuerza en las cosas en el interior de vehículos;2020;1.587
Cádiz;5.2.1.-Robos con fuerza en las cosas en el interior de vehículos;2019;2.235
Cádiz;5.2.1.-Robos con fuerza en las cosas en el interior de vehículos;2018;2.515
Cádiz;5.2.2.-Robos con fuerza en viviendas;2024;1.430
Cádiz;5.2.2.-Robos con fuerza en viviendas;2023;1.601
Cádiz;5.2.2.-Robos con fuerza en viviendas;2022;1.575
Cádiz;5.2.2.-Robos con fuerza en viviendas;2021;1.306
Cádiz;5.2.2.-Robos con fuerza en viviendas;2020;1.269
Cádiz;5.2.2.-Robos con fuerza en viviendas;2019;1.466
Cádiz;5.2.2.-Robos con fuerza en viviendas;2018;1.824
Cádiz;5.2.3.-Robos con fuerza en establecimientos;2024;708
Cádiz;5.2.3.-Robos con fuerza en establecimientos;2023;970
Cádiz;5.2.3.-Robos con fuerza en establecimientos;2022;949
Cádiz;5.2.3.-Robos con fuerza en establecimientos;2021;712
Cádiz;5.2.3.-Robos con fuerza en establecimientos;2020;631
Cádiz;5.2.3.-Robos con fuerza en establecimientos;2019;747
Cádiz;5.2.3.-Robos con fuerza en establecimientos;2018;1.049
Cádiz;5.3.-Robos con violencia o intimidación;2024;737
Cádiz;5.3.-Robos con violencia o intimidación;2023;876
Cádiz;5.3.-Robos con violencia o intimidación;2022;824
Cádiz;5.3.-Robos con violencia o intimidación;2021;728
Cádiz;5.3.-Robos con violencia o intimidación;2020;602
Cádiz;5.3.-Robos con violencia o intimidación;2019;831
Cádiz;5.3.-Robos con violencia o intimidación;2018;795
Cádiz;5.3.1.-Robos con violencia en vía pública;2024;427
Cádiz;5.3.1.-Robos con violencia en vía pública;2023;559
Cádiz;5.3.1.-Robos con violencia en vía pública;2022;527
Cádiz;5.3.1.-Robos con violencia en vía pública;2021;470
Cádiz;5.3.1.-Robos con violencia en vía pública;2020;369
Cádiz;5.3.1.-Robos con violencia en vía pública;2019;525
Cádiz;5.3.1.-Robos con violencia en vía pública;2018;472
Cádiz;5.3.2.-Robos con violencia en viviendas;2024;99
Cádiz;5.3.2.-Robos con violencia en viviendas;2023;80
Cádiz;5.3.2.-Robos con violencia en viviendas;2022;65
Cádiz;5.3.2.-Robos con violencia en viviendas;2021;73
Cádiz;5.3.2.-Robos con violencia en viviendas;2020;62
Cádiz;5.3.2.-Robos con violencia en viviendas;2019;81
Cádiz;5.3.2.-Robos con violencia en viviendas;2018;80
Cádiz;5.3.3.-Robos con violencia en establecimientos;2024;135
Cádiz;5.3.3.-Robos con violencia en establecimientos;2023;153
Cádiz;5.3.3.-Robos con violencia en establecimientos;2022;155
Cádiz;5.3.3.-Robos con violencia en establecimientos;2021;129
Cádiz;5.3.3.-Robos con violencia en establecimientos;2020;124
Cádiz;5.3.3.-Robos con violencia en establecimientos;2019;136
Cádiz;5.3.3.-Robos con violencia en establecimientos;2018;151
Cádiz;5.4.-Sustracción de vehículos;2024;934
Cádiz;5.4.-Sustracción de vehículos;2023;994
Cádiz;5.4.-Sustracción de vehículos;2022;1.103
Cádiz;5.4.-Sustracción de vehículos;2021;956
Cádiz;5.4.-Sustracción de vehículos;2020;963
Cádiz;5.4.-Sustracción de vehículos;2019;1.309
Cádiz;5.4.-Sustracción de vehículos;2018;1.542
Cádiz;5.5.-Estafas;2024;12.214
Cádiz;5.5.-Estafas;2023;12.717
Cádiz;5.5.-Estafas;2022;10.918
Cádiz;5.5.-Estafas;2021;7.602
Cádiz;5.5.-Estafas;2020;6.706
Cádiz;5.5.-Estafas;2019;6.224
Cádiz;5.5.-Estafas;2018;5.712
Cádiz;5.5.1.-Estafas informáticas;2024;10.821
Cádiz;5.5.1.-Estafas informáticas;2023;11.370
Cádiz;5.5.1.-Estafas informáticas;2022;8.982
Cádiz;5.5.1.-Estafas informáticas;2021;6.074
Cádiz;5.5.1.-Estafas informáticas;2020;5.158
Cádiz;5.5.1.-Estafas informáticas;2019;3.426
Cádiz;5.5.1.-Estafas informáticas;2018;2.471
Cádiz;5.6.-Daños;2024;5.166
Cádiz;5.6.-Daños;2023;5.464
Cádiz;5.6.-Daños;2022;5.604
Cádiz;5.6.-Daños;2021;5.032
Cádiz;5.6.-Daños;2020;4.612
Cádiz;5.6.-Daños;2019;5.657
Cádiz;5.6.-Daños;2018;5.559
Cádiz;5.7.-Contra la propiedad intelectual/industrial;2024;61
Cádiz;5.7.-Contra la propiedad intelectual/industrial;2023;47
Cádiz;5.7.-Contra la propiedad intelectual/industrial;2022;31
Cádiz;5.7.-Contra la propiedad intelectual/industrial;2021;42
Cádiz;5.7.-Contra la propiedad intelectual/industrial;2020;41
Cádiz;5.7.-Contra la propiedad intelectual/industrial;2019;90
Cádiz;5.7.-Contra la propiedad intelectual/industrial;2018;100
Cádiz;5.8.-Blanqueo de capitales;2024;40
Cádiz;5.8.-Blanqueo de capitales;2023;13
Cádiz;5.8.-Blanqueo de capitales;2022;23
Cádiz;5.8.-Blanqueo de capitales;2021;27
Cádiz;5.8.-Blanqueo de capitales;2020;17
Cádiz;5.8.-Blanqueo de capitales;2019;34
Cádiz;5.8.-Blanqueo de capitales;2018;23
Cádiz;5.9.-Otros contra el patrimonio;2024;1.788
Cádiz;5.9.-Otros contra el patrimonio;2023;1.739
Cádiz;5.9.-Otros contra el patrimonio;2022;1.669
Cádiz;5.9.-Otros contra el patrimonio;2021;1.560
Cádiz;5.9.-Otros contra el patrimonio;2020;1.423
Cádiz;5.9.-Otros contra el patrimonio;2019;1.758
Cádiz;5.9.-Otros contra el patrimonio;2018;1.552
Cádiz;6. SEGURIDAD COLECTIVA;2024;2.239
Cádiz;6. SEGURIDAD COLECTIVA;2023;2.296
Cádiz;6. SEGURIDAD COLECTIVA;2022;2.635
Cádiz;6. SEGURIDAD COLECTIVA;2021;2.428
Cádiz;6. SEGURIDAD COLECTIVA;2020;2.266
Cádiz;6. SEGURIDAD COLECTIVA;2019;2.554
Cádiz;6. SEGURIDAD COLECTIVA;2018;2.195
Cádiz;6.1.-Tráfico de drogas;2024;728
Cádiz;6.1.-Tráfico de drogas;2023;789
Cádiz;6.1.-Tráfico de drogas;2022;883
Cádiz;6.1.-Tráfico de drogas;2021;1.012
Cádiz;6.1.-Tráfico de drogas;2020;1.086
Cádiz;6.1.-Tráfico de drogas;2019;1.130
Cádiz;6.1.-Tráfico de drogas;2018;788
Cádiz;6.2.-Contra la seguridad vial;2024;1.359
Cádiz;6.2.-Contra la seguridad vial;2023;1.349
Cádiz;6.2.-Contra la seguridad vial;2022;1.455
Cádiz;6.2.-Contra la seguridad vial;2021;1.272
Cádiz;6.2.-Contra la seguridad vial;2020;1.076
Cádiz;6.2.-Contra la seguridad vial;2019;1.338
Cádiz;6.2.-Contra la seguridad vial;2018;1.275
Cádiz;6.3.-Otros contra la seguridad colectiva;2024;152
Cádiz;6.3.-Otros contra la seguridad colectiva;2023;158
Cádiz;6.3.-Otros contra la seguridad colectiva;2022;297
Cádiz;6.3.-Otros contra la seguridad colectiva;2021;144
Cádiz;6.3.-Otros contra la seguridad colectiva;2020;104
Cádiz;6.3.-Otros contra la seguridad colectiva;2019;86
Cádiz;6.3.-Otros contra la seguridad colectiva;2018;132
Cádiz;7. FALSEDADES;2024;1.238
Cádiz;7. FALSEDADES;2023;1.079
Cádiz;7. FALSEDADES;2022;1.084
Cádiz;7. FALSEDADES;2021;910
Cádiz;7. FALSEDADES;2020;772
Cádiz;7. FALSEDADES;2019;663
Cádiz;7. FALSEDADES;2018;632
Cádiz;8. ADMÓN. PÚBLICA;2024;14
Cádiz;8. ADMÓN. PÚBLICA;2023;7
Cádiz;8. ADMÓN. PÚBLICA;2022;13
Cádiz;8. ADMÓN. PÚBLICA;2021;12
Cádiz;8. ADMÓN. PÚBLICA;2020;15
Cádiz;8. ADMÓN. PÚBLICA;2019;17
Cádiz;8. ADMÓN. PÚBLICA;2018;10
Cádiz;9. ADMÓN. JUSTICIA;2024;1.521
Cádiz;9. ADMÓN. JUSTICIA;2023;1.556
Cádiz;9. ADMÓN. JUSTICIA;2022;1.404
Cádiz;9. ADMÓN. JUSTICIA;2021;1.271
Cádiz;9. ADMÓN. JUSTICIA;2020;1.236
Cádiz;9. ADMÓN. JUSTICIA;2019;1.340
Cádiz;9. ADMÓN. JUSTICIA;2018;1.142
Cádiz;10. ORDEN PÚBLICO;2024;1.097
Cádiz;10. ORDEN PÚBLICO;2023;1.011
Cádiz;10. ORDEN PÚBLICO;2022;988
Cádiz;10. ORDEN PÚBLICO;2021;1.044
Cádiz;10. ORDEN PÚBLICO;2020;1.273
Cádiz;10. ORDEN PÚBLICO;2019;950
Cádiz;10. ORDEN PÚBLICO;2018;900
Cádiz;11. LEGISLACIÓN ESPECIAL;2024;105
Cádiz;11. LEGISLACIÓN ESPECIAL;2023;60
Cádiz;11. LEGISLACIÓN ESPECIAL;2022;113
Cádiz;11. LEGISLACIÓN ESPECIAL;2021;137
Cádiz;11. LEGISLACIÓN ESPECIAL;2020;114
Cádiz;11. LEGISLACIÓN ESPECIAL;2019;104
Cádiz;11. LEGISLACIÓN ESPECIAL;2018;84
Cádiz;12. OTRAS INFRACCIONES PENALES;2024;552
Cádiz;12. OTRAS INFRACCIONES PENALES;2023;525
Cádiz;12. OTRAS INFRACCIONES PENALES;2022;474
Cádiz;12. OTRAS INFRACCIONES PENALES;2021;455
Cádiz;12. OTRAS INFRACCIONES PENALES;2020;334
Cádiz;12. OTRAS INFRACCIONES PENALES;2019;470
Cádiz;12. OTRAS INFRACCIONES PENALES;2018;458
Cádiz;TOTAL INFRACCIONES PENALES;2024;56.918
Cádiz;TOTAL INFRACCIONES PENALES;2023;59.907
Cádiz;TOTAL INFRACCIONES PENALES;2022;56.274
Cádiz;TOTAL INFRACCIONES PENALES;2021;46.798
Cádiz;TOTAL INFRACCIONES PENALES;2020;42.734
Cádiz;TOTAL INFRACCIONES PENALES;2019;50.663
Cádiz;TOTAL INFRACCIONES PENALES;2018;50.813
Castellón/Castelló;1. CONTRA LAS PERSONAS;2024;3.283
Castellón/Castelló;1. CONTRA LAS PERSONAS;2023;3.231
Castellón/Castelló;1. CONTRA LAS PERSONAS;2022;2.879
Castellón/Castelló;1. CONTRA LAS PERSONAS;2021;2.409
Castellón/Castelló;1. CONTRA LAS PERSONAS;2020;2.017
Castellón/Castelló;1. CONTRA LAS PERSONAS;2019;2.428
Castellón/Castelló;1. CONTRA LAS PERSONAS;2018;2.206
Castellón/Castelló;1.1.-Homicidios dolosos/asesinatos;2024;10
Castellón/Castelló;1.1.-Homicidios dolosos/asesinatos;2023;23
Castellón/Castelló;1.1.-Homicidios dolosos/asesinatos;2022;18
Castellón/Castelló;1.1.-Homicidios dolosos/asesinatos;2021;7
Castellón/Castelló;1.1.-Homicidios dolosos/asesinatos;2020;14
Castellón/Castelló;1.1.-Homicidios dolosos/asesinatos;2019;10
Castellón/Castelló;1.1.-Homicidios dolosos/asesinatos;2018;12
Castellón/Castelló;1.1.1.-Homicidios dolosos/asesinatos consumados;2024;2
Castellón/Castelló;1.1.1.-Homicidios dolosos/asesinatos consumados;2023;5
Castellón/Castelló;1.1.1.-Homicidios dolosos/asesinatos consumados;2022;3
Castellón/Castelló;1.1.1.-Homicidios dolosos/asesinatos consumados;2021;3
Castellón/Castelló;1.1.1.-Homicidios dolosos/asesinatos consumados;2020;5
Castellón/Castelló;1.1.1.-Homicidios dolosos/asesinatos consumados;2019;2
Castellón/Castelló;1.1.1.-Homicidios dolosos/asesinatos consumados;2018;6
Castellón/Castelló;1.2.-Lesiones;2024;1.718
Castellón/Castelló;1.2.-Lesiones;2023;1.758
Castellón/Castelló;1.2.-Lesiones;2022;1.639
Castellón/Castelló;1.2.-Lesiones;2021;1.327
Castellón/Castelló;1.2.-Lesiones;2020;1.068
Castellón/Castelló;1.2.-Lesiones;2019;1.502
Castellón/Castelló;1.2.-Lesiones;2018;1.327
Castellón/Castelló;1.3.-Malos tratos ámbito familiar;2024;1.448
Castellón/Castelló;1.3.-Malos tratos ámbito familiar;2023;1.383
Castellón/Castelló;1.3.-Malos tratos ámbito familiar;2022;1.144
Castellón/Castelló;1.3.-Malos tratos ámbito familiar;2021;1.007
Castellón/Castelló;1.3.-Malos tratos ámbito familiar;2020;907
Castellón/Castelló;1.3.-Malos tratos ámbito familiar;2019;881
Castellón/Castelló;1.3.-Malos tratos ámbito familiar;2018;831
Castellón/Castelló;1.4.-Otros contra las personas;2024;107
Castellón/Castelló;1.4.-Otros contra las personas;2023;67
Castellón/Castelló;1.4.-Otros contra las personas;2022;78
Castellón/Castelló;1.4.-Otros contra las personas;2021;68
Castellón/Castelló;1.4.-Otros contra las personas;2020;28
Castellón/Castelló;1.4.-Otros contra las personas;2019;35
Castellón/Castelló;1.4.-Otros contra las personas;2018;36
Castellón/Castelló;2. CONTRA LA LIBERTAD;2024;2.157
Castellón/Castelló;2. CONTRA LA LIBERTAD;2023;2.131
Castellón/Castelló;2. CONTRA LA LIBERTAD;2022;1.927
Castellón/Castelló;2. CONTRA LA LIBERTAD;2021;1.750
Castellón/Castelló;2. CONTRA LA LIBERTAD;2020;1.497
Castellón/Castelló;2. CONTRA LA LIBERTAD;2019;1.541
Castellón/Castelló;2. CONTRA LA LIBERTAD;2018;1.454
Castellón/Castelló;2.1.-Malos tratos habituales en el ámbito familiar;2024;355
Castellón/Castelló;2.1.-Malos tratos habituales en el ámbito familiar;2023;333
Castellón/Castelló;2.1.-Malos tratos habituales en el ámbito familiar;2022;259
Castellón/Castelló;2.1.-Malos tratos habituales en el ámbito familiar;2021;237
Castellón/Castelló;2.1.-Malos tratos habituales en el ámbito familiar;2020;174
Castellón/Castelló;2.1.-Malos tratos habituales en el ámbito familiar;2019;172
Castellón/Castelló;2.1.-Malos tratos habituales en el ámbito familiar;2018;176
Castellón/Castelló;2.2.-Otros contra la libertad;2024;1.802
Castellón/Castelló;2.2.-Otros contra la libertad;2023;1.798
Castellón/Castelló;2.2.-Otros contra la libertad;2022;1.668
Castellón/Castelló;2.2.-Otros contra la libertad;2021;1.513
Castellón/Castelló;2.2.-Otros contra la libertad;2020;1.323
Castellón/Castelló;2.2.-Otros contra la libertad;2019;1.369
Castellón/Castelló;2.2.-Otros contra la libertad;2018;1.278
Castellón/Castelló;3. LIBERTAD SEXUAL;2024;260
Castellón/Castelló;3. LIBERTAD SEXUAL;2023;287
Castellón/Castelló;3. LIBERTAD SEXUAL;2022;267
Castellón/Castelló;3. LIBERTAD SEXUAL;2021;254
Castellón/Castelló;3. LIBERTAD SEXUAL;2020;166
Castellón/Castelló;3. LIBERTAD SEXUAL;2019;163
Castellón/Castelló;3. LIBERTAD SEXUAL;2018;181
Castellón/Castelló;3.1.-Agresión sexual;2024;168
Castellón/Castelló;3.1.-Agresión sexual;2023;178
Castellón/Castelló;3.1.-Agresión sexual;2022;164
Castellón/Castelló;3.1.-Agresión sexual;2021;158
Castellón/Castelló;3.1.-Agresión sexual;2020;104
Castellón/Castelló;3.1.-Agresión sexual;2019;117
Castellón/Castelló;3.1.-Agresión sexual;2018;115
Castellón/Castelló;3.2.-Agresión sexual con penetración;2024;50
Castellón/Castelló;3.2.-Agresión sexual con penetración;2023;37
Castellón/Castelló;3.2.-Agresión sexual con penetración;2022;49
Castellón/Castelló;3.2.-Agresión sexual con penetración;2021;31
Castellón/Castelló;3.2.-Agresión sexual con penetración;2020;20
Castellón/Castelló;3.2.-Agresión sexual con penetración;2019;13
Castellón/Castelló;3.2.-Agresión sexual con penetración;2018;15
Castellón/Castelló;3.3.-Corrupción de menores o incapacitados;2024;1
Castellón/Castelló;3.3.-Corrupción de menores o incapacitados;2023;10
Castellón/Castelló;3.3.-Corrupción de menores o incapacitados;2022;5
Castellón/Castelló;3.3.-Corrupción de menores o incapacitados;2021;16
Castellón/Castelló;3.3.-Corrupción de menores o incapacitados;2020;5
Castellón/Castelló;3.3.-Corrupción de menores o incapacitados;2019;2
Castellón/Castelló;3.3.-Corrupción de menores o incapacitados;2018;6
Castellón/Castelló;3.4.-Pornografía de menores;2024;11
Castellón/Castelló;3.4.-Pornografía de menores;2023;14
Castellón/Castelló;3.4.-Pornografía de menores;2022;12
Castellón/Castelló;3.4.-Pornografía de menores;2021;13
Castellón/Castelló;3.4.-Pornografía de menores;2020;11
Castellón/Castelló;3.4.-Pornografía de menores;2019;7
Castellón/Castelló;3.4.-Pornografía de menores;2018;11
Castellón/Castelló;3.5.-Otros contra la libertad sexual;2024;30
Castellón/Castelló;3.5.-Otros contra la libertad sexual;2023;48
Castellón/Castelló;3.5.-Otros contra la libertad sexual;2022;37
Castellón/Castelló;3.5.-Otros contra la libertad sexual;2021;36
Castellón/Castelló;3.5.-Otros contra la libertad sexual;2020;26
Castellón/Castelló;3.5.-Otros contra la libertad sexual;2019;24
Castellón/Castelló;3.5.-Otros contra la libertad sexual;2018;34
Castellón/Castelló;4. RELACIONES FAMILIARES;2024;78
Castellón/Castelló;4. RELACIONES FAMILIARES;2023;82
Castellón/Castelló;4. RELACIONES FAMILIARES;2022;57
Castellón/Castelló;4. RELACIONES FAMILIARES;2021;75
Castellón/Castelló;4. RELACIONES FAMILIARES;2020;73
Castellón/Castelló;4. RELACIONES FAMILIARES;2019;66
Castellón/Castelló;4. RELACIONES FAMILIARES;2018;77
Castellón/Castelló;5. PATRIMONIO;2024;20.209
Castellón/Castelló;5. PATRIMONIO;2023;20.770
Castellón/Castelló;5. PATRIMONIO;2022;18.265
Castellón/Castelló;5. PATRIMONIO;2021;15.427
Castellón/Castelló;5. PATRIMONIO;2020;12.710
Castellón/Castelló;5. PATRIMONIO;2019;16.934
Castellón/Castelló;5. PATRIMONIO;2018;18.119
Castellón/Castelló;5.1.-Hurtos;2024;6.098
Castellón/Castelló;5.1.-Hurtos;2023;6.986
Castellón/Castelló;5.1.-Hurtos;2022;6.361
Castellón/Castelló;5.1.-Hurtos;2021;4.814
Castellón/Castelló;5.1.-Hurtos;2020;3.597
Castellón/Castelló;5.1.-Hurtos;2019;6.066
Castellón/Castelló;5.1.-Hurtos;2018;6.513
Castellón/Castelló;5.2.-Robos con fuerza en las cosas;2024;4.376
Castellón/Castelló;5.2.-Robos con fuerza en las cosas;2023;4.196
Castellón/Castelló;5.2.-Robos con fuerza en las cosas;2022;3.736
Castellón/Castelló;5.2.-Robos con fuerza en las cosas;2021;3.203
Castellón/Castelló;5.2.-Robos con fuerza en las cosas;2020;2.535
Castellón/Castelló;5.2.-Robos con fuerza en las cosas;2019;3.813
Castellón/Castelló;5.2.-Robos con fuerza en las cosas;2018;4.615
Castellón/Castelló;5.2.1.-Robos con fuerza en las cosas en el interior de vehículos;2024;1.334
Castellón/Castelló;5.2.1.-Robos con fuerza en las cosas en el interior de vehículos;2023;1.088
Castellón/Castelló;5.2.1.-Robos con fuerza en las cosas en el interior de vehículos;2022;892
Castellón/Castelló;5.2.1.-Robos con fuerza en las cosas en el interior de vehículos;2021;727
Castellón/Castelló;5.2.1.-Robos con fuerza en las cosas en el interior de vehículos;2020;642
Castellón/Castelló;5.2.1.-Robos con fuerza en las cosas en el interior de vehículos;2019;805
Castellón/Castelló;5.2.1.-Robos con fuerza en las cosas en el interior de vehículos;2018;963
Castellón/Castelló;5.2.2.-Robos con fuerza en viviendas;2024;1.730
Castellón/Castelló;5.2.2.-Robos con fuerza en viviendas;2023;1.741
Castellón/Castelló;5.2.2.-Robos con fuerza en viviendas;2022;1.701
Castellón/Castelló;5.2.2.-Robos con fuerza en viviendas;2021;1.517
Castellón/Castelló;5.2.2.-Robos con fuerza en viviendas;2020;1.125
Castellón/Castelló;5.2.2.-Robos con fuerza en viviendas;2019;1.718
Castellón/Castelló;5.2.2.-Robos con fuerza en viviendas;2018;2.185
Castellón/Castelló;5.2.3.-Robos con fuerza en establecimientos;2024;472
Castellón/Castelló;5.2.3.-Robos con fuerza en establecimientos;2023;556
Castellón/Castelló;5.2.3.-Robos con fuerza en establecimientos;2022;422
Castellón/Castelló;5.2.3.-Robos con fuerza en establecimientos;2021;352
Castellón/Castelló;5.2.3.-Robos con fuerza en establecimientos;2020;348
Castellón/Castelló;5.2.3.-Robos con fuerza en establecimientos;2019;549
Castellón/Castelló;5.2.3.-Robos con fuerza en establecimientos;2018;653
Castellón/Castelló;5.3.-Robos con violencia o intimidación;2024;477
Castellón/Castelló;5.3.-Robos con violencia o intimidación;2023;456
Castellón/Castelló;5.3.-Robos con violencia o intimidación;2022;409
Castellón/Castelló;5.3.-Robos con violencia o intimidación;2021;303
Castellón/Castelló;5.3.-Robos con violencia o intimidación;2020;230
Castellón/Castelló;5.3.-Robos con violencia o intimidación;2019;355
Castellón/Castelló;5.3.-Robos con violencia o intimidación;2018;353
Castellón/Castelló;5.3.1.-Robos con violencia en vía pública;2024;241
Castellón/Castelló;5.3.1.-Robos con violencia en vía pública;2023;233
Castellón/Castelló;5.3.1.-Robos con violencia en vía pública;2022;190
Castellón/Castelló;5.3.1.-Robos con violencia en vía pública;2021;131
Castellón/Castelló;5.3.1.-Robos con violencia en vía pública;2020;108
Castellón/Castelló;5.3.1.-Robos con violencia en vía pública;2019;197
Castellón/Castelló;5.3.1.-Robos con violencia en vía pública;2018;173
Castellón/Castelló;5.3.2.-Robos con violencia en viviendas;2024;48
Castellón/Castelló;5.3.2.-Robos con violencia en viviendas;2023;38
Castellón/Castelló;5.3.2.-Robos con violencia en viviendas;2022;39
Castellón/Castelló;5.3.2.-Robos con violencia en viviendas;2021;49
Castellón/Castelló;5.3.2.-Robos con violencia en viviendas;2020;34
Castellón/Castelló;5.3.2.-Robos con violencia en viviendas;2019;36
Castellón/Castelló;5.3.2.-Robos con violencia en viviendas;2018;38
Castellón/Castelló;5.3.3.-Robos con violencia en establecimientos;2024;93
Castellón/Castelló;5.3.3.-Robos con violencia en establecimientos;2023;101
Castellón/Castelló;5.3.3.-Robos con violencia en establecimientos;2022;75
Castellón/Castelló;5.3.3.-Robos con violencia en establecimientos;2021;56
Castellón/Castelló;5.3.3.-Robos con violencia en establecimientos;2020;41
Castellón/Castelló;5.3.3.-Robos con violencia en establecimientos;2019;44
Castellón/Castelló;5.3.3.-Robos con violencia en establecimientos;2018;54
Castellón/Castelló;5.4.-Sustracción de vehículos;2024;213
Castellón/Castelló;5.4.-Sustracción de vehículos;2023;217
Castellón/Castelló;5.4.-Sustracción de vehículos;2022;235
Castellón/Castelló;5.4.-Sustracción de vehículos;2021;184
Castellón/Castelló;5.4.-Sustracción de vehículos;2020;124
Castellón/Castelló;5.4.-Sustracción de vehículos;2019;186
Castellón/Castelló;5.4.-Sustracción de vehículos;2018;187
Castellón/Castelló;5.5.-Estafas;2024;5.189
Castellón/Castelló;5.5.-Estafas;2023;5.146
Castellón/Castelló;5.5.-Estafas;2022;3.927
Castellón/Castelló;5.5.-Estafas;2021;3.606
Castellón/Castelló;5.5.-Estafas;2020;3.340
Castellón/Castelló;5.5.-Estafas;2019;2.963
Castellón/Castelló;5.5.-Estafas;2018;2.850
Castellón/Castelló;5.5.1.-Estafas informáticas;2024;3.782
Castellón/Castelló;5.5.1.-Estafas informáticas;2023;3.557
Castellón/Castelló;5.5.1.-Estafas informáticas;2022;2.137
Castellón/Castelló;5.5.1.-Estafas informáticas;2021;2.211
Castellón/Castelló;5.5.1.-Estafas informáticas;2020;1.869
Castellón/Castelló;5.5.1.-Estafas informáticas;2019;1.333
Castellón/Castelló;5.5.1.-Estafas informáticas;2018;1.166
Castellón/Castelló;5.6.-Daños;2024;3.153
Castellón/Castelló;5.6.-Daños;2023;3.037
Castellón/Castelló;5.6.-Daños;2022;2.796
Castellón/Castelló;5.6.-Daños;2021;2.677
Castellón/Castelló;5.6.-Daños;2020;2.313
Castellón/Castelló;5.6.-Daños;2019;2.850
Castellón/Castelló;5.6.-Daños;2018;2.986
Castellón/Castelló;5.7.-Contra la propiedad intelectual/industrial;2024;13
Castellón/Castelló;5.7.-Contra la propiedad intelectual/industrial;2023;23
Castellón/Castelló;5.7.-Contra la propiedad intelectual/industrial;2022;8
Castellón/Castelló;5.7.-Contra la propiedad intelectual/industrial;2021;9
Castellón/Castelló;5.7.-Contra la propiedad intelectual/industrial;2020;11
Castellón/Castelló;5.7.-Contra la propiedad intelectual/industrial;2019;20
Castellón/Castelló;5.7.-Contra la propiedad intelectual/industrial;2018;34
Castellón/Castelló;5.8.-Blanqueo de capitales;2024;7
Castellón/Castelló;5.8.-Blanqueo de capitales;2023;6
Castellón/Castelló;5.8.-Blanqueo de capitales;2022;1
Castellón/Castelló;5.8.-Blanqueo de capitales;2021;7
Castellón/Castelló;5.8.-Blanqueo de capitales;2020;8
Castellón/Castelló;5.8.-Blanqueo de capitales;2019;9
Castellón/Castelló;5.8.-Blanqueo de capitales;2018;6
Castellón/Castelló;5.9.-Otros contra el patrimonio;2024;683
Castellón/Castelló;5.9.-Otros contra el patrimonio;2023;703
Castellón/Castelló;5.9.-Otros contra el patrimonio;2022;792
Castellón/Castelló;5.9.-Otros contra el patrimonio;2021;624
Castellón/Castelló;5.9.-Otros contra el patrimonio;2020;552
Castellón/Castelló;5.9.-Otros contra el patrimonio;2019;672
Castellón/Castelló;5.9.-Otros contra el patrimonio;2018;575
Castellón/Castelló;6. SEGURIDAD COLECTIVA;2024;932
Castellón/Castelló;6. SEGURIDAD COLECTIVA;2023;951
Castellón/Castelló;6. SEGURIDAD COLECTIVA;2022;834
Castellón/Castelló;6. SEGURIDAD COLECTIVA;2021;912
Castellón/Castelló;6. SEGURIDAD COLECTIVA;2020;715
Castellón/Castelló;6. SEGURIDAD COLECTIVA;2019;867
Castellón/Castelló;6. SEGURIDAD COLECTIVA;2018;891
Castellón/Castelló;6.1.-Tráfico de drogas;2024;173
Castellón/Castelló;6.1.-Tráfico de drogas;2023;171
Castellón/Castelló;6.1.-Tráfico de drogas;2022;121
Castellón/Castelló;6.1.-Tráfico de drogas;2021;144
Castellón/Castelló;6.1.-Tráfico de drogas;2020;140
Castellón/Castelló;6.1.-Tráfico de drogas;2019;160
Castellón/Castelló;6.1.-Tráfico de drogas;2018;141
Castellón/Castelló;6.2.-Contra la seguridad vial;2024;709
Castellón/Castelló;6.2.-Contra la seguridad vial;2023;735
Castellón/Castelló;6.2.-Contra la seguridad vial;2022;675
Castellón/Castelló;6.2.-Contra la seguridad vial;2021;747
Castellón/Castelló;6.2.-Contra la seguridad vial;2020;548
Castellón/Castelló;6.2.-Contra la seguridad vial;2019;667
Castellón/Castelló;6.2.-Contra la seguridad vial;2018;711
Castellón/Castelló;6.3.-Otros contra la seguridad colectiva;2024;50
Castellón/Castelló;6.3.-Otros contra la seguridad colectiva;2023;45
Castellón/Castelló;6.3.-Otros contra la seguridad colectiva;2022;38
Castellón/Castelló;6.3.-Otros contra la seguridad colectiva;2021;21
Castellón/Castelló;6.3.-Otros contra la seguridad colectiva;2020;27
Castellón/Castelló;6.3.-Otros contra la seguridad colectiva;2019;40
Castellón/Castelló;6.3.-Otros contra la seguridad colectiva;2018;39
Castellón/Castelló;7. FALSEDADES;2024;546
Castellón/Castelló;7. FALSEDADES;2023;443
Castellón/Castelló;7. FALSEDADES;2022;429
Castellón/Castelló;7. FALSEDADES;2021;389
Castellón/Castelló;7. FALSEDADES;2020;287
Castellón/Castelló;7. FALSEDADES;2019;321
Castellón/Castelló;7. FALSEDADES;2018;291
Castellón/Castelló;8. ADMÓN. PÚBLICA;2024;5
Castellón/Castelló;8. ADMÓN. PÚBLICA;2023;14
Castellón/Castelló;8. ADMÓN. PÚBLICA;2022;8
Castellón/Castelló;8. ADMÓN. PÚBLICA;2021;7
Castellón/Castelló;8. ADMÓN. PÚBLICA;2020;6
Castellón/Castelló;8. ADMÓN. PÚBLICA;2019;3
Castellón/Castelló;8. ADMÓN. PÚBLICA;2018;5
Castellón/Castelló;9. ADMÓN. JUSTICIA;2024;682
Castellón/Castelló;9. ADMÓN. JUSTICIA;2023;668
Castellón/Castelló;9. ADMÓN. JUSTICIA;2022;533
Castellón/Castelló;9. ADMÓN. JUSTICIA;2021;450
Castellón/Castelló;9. ADMÓN. JUSTICIA;2020;410
Castellón/Castelló;9. ADMÓN. JUSTICIA;2019;401
Castellón/Castelló;9. ADMÓN. JUSTICIA;2018;410
Castellón/Castelló;10. ORDEN PÚBLICO;2024;436
Castellón/Castelló;10. ORDEN PÚBLICO;2023;409
Castellón/Castelló;10. ORDEN PÚBLICO;2022;369
Castellón/Castelló;10. ORDEN PÚBLICO;2021;361
Castellón/Castelló;10. ORDEN PÚBLICO;2020;357
Castellón/Castelló;10. ORDEN PÚBLICO;2019;293
Castellón/Castelló;10. ORDEN PÚBLICO;2018;245
Castellón/Castelló;11. LEGISLACIÓN ESPECIAL;2024;1
Castellón/Castelló;11. LEGISLACIÓN ESPECIAL;2023;4
Castellón/Castelló;11. LEGISLACIÓN ESPECIAL;2022;0
Castellón/Castelló;11. LEGISLACIÓN ESPECIAL;2021;3
Castellón/Castelló;11. LEGISLACIÓN ESPECIAL;2020;0
Castellón/Castelló;11. LEGISLACIÓN ESPECIAL;2019;1
Castellón/Castelló;11. LEGISLACIÓN ESPECIAL;2018;1
Castellón/Castelló;12. OTRAS INFRACCIONES PENALES;2024;205
Castellón/Castelló;12. OTRAS INFRACCIONES PENALES;2023;160
Castellón/Castelló;12. OTRAS INFRACCIONES PENALES;2022;129
Castellón/Castelló;12. OTRAS INFRACCIONES PENALES;2021;146
Castellón/Castelló;12. OTRAS INFRACCIONES PENALES;2020;135
Castellón/Castelló;12. OTRAS INFRACCIONES PENALES;2019;166
Castellón/Castelló;12. OTRAS INFRACCIONES PENALES;2018;150
Castellón/Castelló;TOTAL INFRACCIONES PENALES;2024;28.794
Castellón/Castelló;TOTAL INFRACCIONES PENALES;2023;29.150
Castellón/Castelló;TOTAL INFRACCIONES PENALES;2022;25.697
Castellón/Castelló;TOTAL INFRACCIONES PENALES;2021;22.183
Castellón/Castelló;TOTAL INFRACCIONES PENALES;2020;18.373
Castellón/Castelló;TOTAL INFRACCIONES PENALES;2019;23.184
Castellón/Castelló;TOTAL INFRACCIONES PENALES;2018;24.030
Ciudad Real;1. CONTRA LAS PERSONAS;2024;1.984
Ciudad Real;1. CONTRA LAS PERSONAS;2023;1.903
Ciudad Real;1. CONTRA LAS PERSONAS;2022;1.892
Ciudad Real;1. CONTRA LAS PERSONAS;2021;1.585
Ciudad Real;1. CONTRA LAS PERSONAS;2020;1.282
Ciudad Real;1. CONTRA LAS PERSONAS;2019;1.551
Ciudad Real;1. CONTRA LAS PERSONAS;2018;1.428
Ciudad Real;1.1.-Homicidios dolosos/asesinatos;2024;15
Ciudad Real;1.1.-Homicidios dolosos/asesinatos;2023;14
Ciudad Real;1.1.-Homicidios dolosos/asesinatos;2022;19
Ciudad Real;1.1.-Homicidios dolosos/asesinatos;2021;11
Ciudad Real;1.1.-Homicidios dolosos/asesinatos;2020;8
Ciudad Real;1.1.-Homicidios dolosos/asesinatos;2019;5
Ciudad Real;1.1.-Homicidios dolosos/asesinatos;2018;8
Ciudad Real;1.1.1.-Homicidios dolosos/asesinatos consumados;2024;1
Ciudad Real;1.1.1.-Homicidios dolosos/asesinatos consumados;2023;3
Ciudad Real;1.1.1.-Homicidios dolosos/asesinatos consumados;2022;5
Ciudad Real;1.1.1.-Homicidios dolosos/asesinatos consumados;2021;2
Ciudad Real;1.1.1.-Homicidios dolosos/asesinatos consumados;2020;4
Ciudad Real;1.1.1.-Homicidios dolosos/asesinatos consumados;2019;4
Ciudad Real;1.1.1.-Homicidios dolosos/asesinatos consumados;2018;0
Ciudad Real;1.2.-Lesiones;2024;957
Ciudad Real;1.2.-Lesiones;2023;933
Ciudad Real;1.2.-Lesiones;2022;940
Ciudad Real;1.2.-Lesiones;2021;802
Ciudad Real;1.2.-Lesiones;2020;626
Ciudad Real;1.2.-Lesiones;2019;815
Ciudad Real;1.2.-Lesiones;2018;766
Ciudad Real;1.3.-Malos tratos ámbito familiar;2024;967
Ciudad Real;1.3.-Malos tratos ámbito familiar;2023;917
Ciudad Real;1.3.-Malos tratos ámbito familiar;2022;902
Ciudad Real;1.3.-Malos tratos ámbito familiar;2021;734
Ciudad Real;1.3.-Malos tratos ámbito familiar;2020;622
Ciudad Real;1.3.-Malos tratos ámbito familiar;2019;716
Ciudad Real;1.3.-Malos tratos ámbito familiar;2018;636
Ciudad Real;1.4.-Otros contra las personas;2024;45
Ciudad Real;1.4.-Otros contra las personas;2023;39
Ciudad Real;1.4.-Otros contra las personas;2022;31
Ciudad Real;1.4.-Otros contra las personas;2021;38
Ciudad Real;1.4.-Otros contra las personas;2020;26
Ciudad Real;1.4.-Otros contra las personas;2019;15
Ciudad Real;1.4.-Otros contra las personas;2018;18
Ciudad Real;2. CONTRA LA LIBERTAD;2024;1.201
Ciudad Real;2. CONTRA LA LIBERTAD;2023;1.131
Ciudad Real;2. CONTRA LA LIBERTAD;2022;1.171
Ciudad Real;2. CONTRA LA LIBERTAD;2021;1.046
Ciudad Real;2. CONTRA LA LIBERTAD;2020;873
Ciudad Real;2. CONTRA LA LIBERTAD;2019;926
Ciudad Real;2. CONTRA LA LIBERTAD;2018;927
Ciudad Real;2.1.-Malos tratos habituales en el ámbito familiar;2024;180
Ciudad Real;2.1.-Malos tratos habituales en el ámbito familiar;2023;153
Ciudad Real;2.1.-Malos tratos habituales en el ámbito familiar;2022;150
Ciudad Real;2.1.-Malos tratos habituales en el ámbito familiar;2021;164
Ciudad Real;2.1.-Malos tratos habituales en el ámbito familiar;2020;121
Ciudad Real;2.1.-Malos tratos habituales en el ámbito familiar;2019;128
Ciudad Real;2.1.-Malos tratos habituales en el ámbito familiar;2018;152
Ciudad Real;2.2.-Otros contra la libertad;2024;1.021
Ciudad Real;2.2.-Otros contra la libertad;2023;978
Ciudad Real;2.2.-Otros contra la libertad;2022;1.021
Ciudad Real;2.2.-Otros contra la libertad;2021;882
Ciudad Real;2.2.-Otros contra la libertad;2020;752
Ciudad Real;2.2.-Otros contra la libertad;2019;798
Ciudad Real;2.2.-Otros contra la libertad;2018;775
Ciudad Real;3. LIBERTAD SEXUAL;2024;139
Ciudad Real;3. LIBERTAD SEXUAL;2023;148
Ciudad Real;3. LIBERTAD SEXUAL;2022;121
Ciudad Real;3. LIBERTAD SEXUAL;2021;108
Ciudad Real;3. LIBERTAD SEXUAL;2020;104
Ciudad Real;3. LIBERTAD SEXUAL;2019;106
Ciudad Real;3. LIBERTAD SEXUAL;2018;96
Ciudad Real;3.1.-Agresión sexual;2024;93
Ciudad Real;3.1.-Agresión sexual;2023;79
Ciudad Real;3.1.-Agresión sexual;2022;74
Ciudad Real;3.1.-Agresión sexual;2021;63
Ciudad Real;3.1.-Agresión sexual;2020;67
Ciudad Real;3.1.-Agresión sexual;2019;67
Ciudad Real;3.1.-Agresión sexual;2018;60
Ciudad Real;3.2.-Agresión sexual con penetración;2024;23
Ciudad Real;3.2.-Agresión sexual con penetración;2023;27
Ciudad Real;3.2.-Agresión sexual con penetración;2022;28
Ciudad Real;3.2.-Agresión sexual con penetración;2021;19
Ciudad Real;3.2.-Agresión sexual con penetración;2020;14
Ciudad Real;3.2.-Agresión sexual con penetración;2019;18
Ciudad Real;3.2.-Agresión sexual con penetración;2018;11
Ciudad Real;3.3.-Corrupción de menores o incapacitados;2024;4
Ciudad Real;3.3.-Corrupción de menores o incapacitados;2023;9
Ciudad Real;3.3.-Corrupción de menores o incapacitados;2022;4
Ciudad Real;3.3.-Corrupción de menores o incapacitados;2021;8
Ciudad Real;3.3.-Corrupción de menores o incapacitados;2020;4
Ciudad Real;3.3.-Corrupción de menores o incapacitados;2019;4
Ciudad Real;3.3.-Corrupción de menores o incapacitados;2018;3
Ciudad Real;3.4.-Pornografía de menores;2024;4
Ciudad Real;3.4.-Pornografía de menores;2023;5
Ciudad Real;3.4.-Pornografía de menores;2022;2
Ciudad Real;3.4.-Pornografía de menores;2021;4
Ciudad Real;3.4.-Pornografía de menores;2020;5
Ciudad Real;3.4.-Pornografía de menores;2019;5
Ciudad Real;3.4.-Pornografía de menores;2018;5
Ciudad Real;3.5.-Otros contra la libertad sexual;2024;15
Ciudad Real;3.5.-Otros contra la libertad sexual;2023;28
Ciudad Real;3.5.-Otros contra la libertad sexual;2022;13
Ciudad Real;3.5.-Otros contra la libertad sexual;2021;14
Ciudad Real;3.5.-Otros contra la libertad sexual;2020;14
Ciudad Real;3.5.-Otros contra la libertad sexual;2019;12
Ciudad Real;3.5.-Otros contra la libertad sexual;2018;17
Ciudad Real;4. RELACIONES FAMILIARES;2024;72
Ciudad Real;4. RELACIONES FAMILIARES;2023;66
Ciudad Real;4. RELACIONES FAMILIARES;2022;79
Ciudad Real;4. RELACIONES FAMILIARES;2021;65
Ciudad Real;4. RELACIONES FAMILIARES;2020;54
Ciudad Real;4. RELACIONES FAMILIARES;2019;77
Ciudad Real;4. RELACIONES FAMILIARES;2018;51
Ciudad Real;5. PATRIMONIO;2024;10.185
Ciudad Real;5. PATRIMONIO;2023;10.524
Ciudad Real;5. PATRIMONIO;2022;10.818
Ciudad Real;5. PATRIMONIO;2021;8.962
Ciudad Real;5. PATRIMONIO;2020;7.859
Ciudad Real;5. PATRIMONIO;2019;8.787
Ciudad Real;5. PATRIMONIO;2018;8.384
Ciudad Real;5.1.-Hurtos;2024;2.863
Ciudad Real;5.1.-Hurtos;2023;2.931
Ciudad Real;5.1.-Hurtos;2022;2.897
Ciudad Real;5.1.-Hurtos;2021;2.317
Ciudad Real;5.1.-Hurtos;2020;1.959
Ciudad Real;5.1.-Hurtos;2019;2.635
Ciudad Real;5.1.-Hurtos;2018;2.809
Ciudad Real;5.2.-Robos con fuerza en las cosas;2024;1.766
Ciudad Real;5.2.-Robos con fuerza en las cosas;2023;1.828
Ciudad Real;5.2.-Robos con fuerza en las cosas;2022;1.926
Ciudad Real;5.2.-Robos con fuerza en las cosas;2021;1.648
Ciudad Real;5.2.-Robos con fuerza en las cosas;2020;1.442
Ciudad Real;5.2.-Robos con fuerza en las cosas;2019;1.831
Ciudad Real;5.2.-Robos con fuerza en las cosas;2018;1.962
Ciudad Real;5.2.1.-Robos con fuerza en las cosas en el interior de vehículos;2024;388
Ciudad Real;5.2.1.-Robos con fuerza en las cosas en el interior de vehículos;2023;327
Ciudad Real;5.2.1.-Robos con fuerza en las cosas en el interior de vehículos;2022;327
Ciudad Real;5.2.1.-Robos con fuerza en las cosas en el interior de vehículos;2021;285
Ciudad Real;5.2.1.-Robos con fuerza en las cosas en el interior de vehículos;2020;249
Ciudad Real;5.2.1.-Robos con fuerza en las cosas en el interior de vehículos;2019;388
Ciudad Real;5.2.1.-Robos con fuerza en las cosas en el interior de vehículos;2018;427
Ciudad Real;5.2.2.-Robos con fuerza en viviendas;2024;607
Ciudad Real;5.2.2.-Robos con fuerza en viviendas;2023;585
Ciudad Real;5.2.2.-Robos con fuerza en viviendas;2022;573
Ciudad Real;5.2.2.-Robos con fuerza en viviendas;2021;571
Ciudad Real;5.2.2.-Robos con fuerza en viviendas;2020;466
Ciudad Real;5.2.2.-Robos con fuerza en viviendas;2019;550
Ciudad Real;5.2.2.-Robos con fuerza en viviendas;2018;572
Ciudad Real;5.2.3.-Robos con fuerza en establecimientos;2024;159
Ciudad Real;5.2.3.-Robos con fuerza en establecimientos;2023;233
Ciudad Real;5.2.3.-Robos con fuerza en establecimientos;2022;282
Ciudad Real;5.2.3.-Robos con fuerza en establecimientos;2021;247
Ciudad Real;5.2.3.-Robos con fuerza en establecimientos;2020;232
Ciudad Real;5.2.3.-Robos con fuerza en establecimientos;2019;315
Ciudad Real;5.2.3.-Robos con fuerza en establecimientos;2018;341
Ciudad Real;5.3.-Robos con violencia o intimidación;2024;172
Ciudad Real;5.3.-Robos con violencia o intimidación;2023;191
Ciudad Real;5.3.-Robos con violencia o intimidación;2022;200
Ciudad Real;5.3.-Robos con violencia o intimidación;2021;144
Ciudad Real;5.3.-Robos con violencia o intimidación;2020;157
Ciudad Real;5.3.-Robos con violencia o intimidación;2019;123
Ciudad Real;5.3.-Robos con violencia o intimidación;2018;128
Ciudad Real;5.3.1.-Robos con violencia en vía pública;2024;80
Ciudad Real;5.3.1.-Robos con violencia en vía pública;2023;107
Ciudad Real;5.3.1.-Robos con violencia en vía pública;2022;128
Ciudad Real;5.3.1.-Robos con violencia en vía pública;2021;90
Ciudad Real;5.3.1.-Robos con violencia en vía pública;2020;70
Ciudad Real;5.3.1.-Robos con violencia en vía pública;2019;67
Ciudad Real;5.3.1.-Robos con violencia en vía pública;2018;66
Ciudad Real;5.3.2.-Robos con violencia en viviendas;2024;20
Ciudad Real;5.3.2.-Robos con violencia en viviendas;2023;28
Ciudad Real;5.3.2.-Robos con violencia en viviendas;2022;21
Ciudad Real;5.3.2.-Robos con violencia en viviendas;2021;14
Ciudad Real;5.3.2.-Robos con violencia en viviendas;2020;18
Ciudad Real;5.3.2.-Robos con violencia en viviendas;2019;11
Ciudad Real;5.3.2.-Robos con violencia en viviendas;2018;18
Ciudad Real;5.3.3.-Robos con violencia en establecimientos;2024;46
Ciudad Real;5.3.3.-Robos con violencia en establecimientos;2023;45
Ciudad Real;5.3.3.-Robos con violencia en establecimientos;2022;37
Ciudad Real;5.3.3.-Robos con violencia en establecimientos;2021;30
Ciudad Real;5.3.3.-Robos con violencia en establecimientos;2020;57
Ciudad Real;5.3.3.-Robos con violencia en establecimientos;2019;29
Ciudad Real;5.3.3.-Robos con violencia en establecimientos;2018;27
Ciudad Real;5.4.-Sustracción de vehículos;2024;73
Ciudad Real;5.4.-Sustracción de vehículos;2023;88
Ciudad Real;5.4.-Sustracción de vehículos;2022;107
Ciudad Real;5.4.-Sustracción de vehículos;2021;67
Ciudad Real;5.4.-Sustracción de vehículos;2020;65
Ciudad Real;5.4.-Sustracción de vehículos;2019;73
Ciudad Real;5.4.-Sustracción de vehículos;2018;62
Ciudad Real;5.5.-Estafas;2024;3.367
Ciudad Real;5.5.-Estafas;2023;3.614
Ciudad Real;5.5.-Estafas;2022;3.663
Ciudad Real;5.5.-Estafas;2021;3.019
Ciudad Real;5.5.-Estafas;2020;2.781
Ciudad Real;5.5.-Estafas;2019;2.277
Ciudad Real;5.5.-Estafas;2018;1.737
Ciudad Real;5.5.1.-Estafas informáticas;2024;3.047
Ciudad Real;5.5.1.-Estafas informáticas;2023;3.190
Ciudad Real;5.5.1.-Estafas informáticas;2022;2.880
Ciudad Real;5.5.1.-Estafas informáticas;2021;1.874
Ciudad Real;5.5.1.-Estafas informáticas;2020;1.494
Ciudad Real;5.5.1.-Estafas informáticas;2019;1.069
Ciudad Real;5.5.1.-Estafas informáticas;2018;804
Ciudad Real;5.6.-Daños;2024;1.526
Ciudad Real;5.6.-Daños;2023;1.446
Ciudad Real;5.6.-Daños;2022;1.578
Ciudad Real;5.6.-Daños;2021;1.413
Ciudad Real;5.6.-Daños;2020;1.135
Ciudad Real;5.6.-Daños;2019;1.486
Ciudad Real;5.6.-Daños;2018;1.345
Ciudad Real;5.7.-Contra la propiedad intelectual/industrial;2024;4
Ciudad Real;5.7.-Contra la propiedad intelectual/industrial;2023;3
Ciudad Real;5.7.-Contra la propiedad intelectual/industrial;2022;1
Ciudad Real;5.7.-Contra la propiedad intelectual/industrial;2021;3
Ciudad Real;5.7.-Contra la propiedad intelectual/industrial;2020;2
Ciudad Real;5.7.-Contra la propiedad intelectual/industrial;2019;7
Ciudad Real;5.7.-Contra la propiedad intelectual/industrial;2018;18
Ciudad Real;5.8.-Blanqueo de capitales;2024;12
Ciudad Real;5.8.-Blanqueo de capitales;2023;20
Ciudad Real;5.8.-Blanqueo de capitales;2022;7
Ciudad Real;5.8.-Blanqueo de capitales;2021;7
Ciudad Real;5.8.-Blanqueo de capitales;2020;4
Ciudad Real;5.8.-Blanqueo de capitales;2019;4
Ciudad Real;5.8.-Blanqueo de capitales;2018;1
Ciudad Real;5.9.-Otros contra el patrimonio;2024;402
Ciudad Real;5.9.-Otros contra el patrimonio;2023;403
Ciudad Real;5.9.-Otros contra el patrimonio;2022;439
Ciudad Real;5.9.-Otros contra el patrimonio;2021;344
Ciudad Real;5.9.-Otros contra el patrimonio;2020;314
Ciudad Real;5.9.-Otros contra el patrimonio;2019;351
Ciudad Real;5.9.-Otros contra el patrimonio;2018;322
Ciudad Real;6. SEGURIDAD COLECTIVA;2024;712
Ciudad Real;6. SEGURIDAD COLECTIVA;2023;766
Ciudad Real;6. SEGURIDAD COLECTIVA;2022;731
Ciudad Real;6. SEGURIDAD COLECTIVA;2021;680
Ciudad Real;6. SEGURIDAD COLECTIVA;2020;617
Ciudad Real;6. SEGURIDAD COLECTIVA;2019;741
Ciudad Real;6. SEGURIDAD COLECTIVA;2018;719
Ciudad Real;6.1.-Tráfico de drogas;2024;102
Ciudad Real;6.1.-Tráfico de drogas;2023;122
Ciudad Real;6.1.-Tráfico de drogas;2022;105
Ciudad Real;6.1.-Tráfico de drogas;2021;101
Ciudad Real;6.1.-Tráfico de drogas;2020;106
Ciudad Real;6.1.-Tráfico de drogas;2019;72
Ciudad Real;6.1.-Tráfico de drogas;2018;110
Ciudad Real;6.2.-Contra la seguridad vial;2024;597
Ciudad Real;6.2.-Contra la seguridad vial;2023;627
Ciudad Real;6.2.-Contra la seguridad vial;2022;595
Ciudad Real;6.2.-Contra la seguridad vial;2021;547
Ciudad Real;6.2.-Contra la seguridad vial;2020;486
Ciudad Real;6.2.-Contra la seguridad vial;2019;647
Ciudad Real;6.2.-Contra la seguridad vial;2018;602
Ciudad Real;6.3.-Otros contra la seguridad colectiva;2024;13
Ciudad Real;6.3.-Otros contra la seguridad colectiva;2023;17
Ciudad Real;6.3.-Otros contra la seguridad colectiva;2022;31
Ciudad Real;6.3.-Otros contra la seguridad colectiva;2021;32
Ciudad Real;6.3.-Otros contra la seguridad colectiva;2020;25
Ciudad Real;6.3.-Otros contra la seguridad colectiva;2019;22
Ciudad Real;6.3.-Otros contra la seguridad colectiva;2018;7
Ciudad Real;7. FALSEDADES;2024;330
Ciudad Real;7. FALSEDADES;2023;290
Ciudad Real;7. FALSEDADES;2022;285
Ciudad Real;7. FALSEDADES;2021;274
Ciudad Real;7. FALSEDADES;2020;245
Ciudad Real;7. FALSEDADES;2019;209
Ciudad Real;7. FALSEDADES;2018;164
Ciudad Real;8. ADMÓN. PÚBLICA;2024;4
Ciudad Real;8. ADMÓN. PÚBLICA;2023;7
Ciudad Real;8. ADMÓN. PÚBLICA;2022;1
Ciudad Real;8. ADMÓN. PÚBLICA;2021;16
Ciudad Real;8. ADMÓN. PÚBLICA;2020;2
Ciudad Real;8. ADMÓN. PÚBLICA;2019;1
Ciudad Real;8. ADMÓN. PÚBLICA;2018;1
Ciudad Real;9. ADMÓN. JUSTICIA;2024;413
Ciudad Real;9. ADMÓN. JUSTICIA;2023;394
Ciudad Real;9. ADMÓN. JUSTICIA;2022;393
Ciudad Real;9. ADMÓN. JUSTICIA;2021;284
Ciudad Real;9. ADMÓN. JUSTICIA;2020;280
Ciudad Real;9. ADMÓN. JUSTICIA;2019;298
Ciudad Real;9. ADMÓN. JUSTICIA;2018;294
Ciudad Real;10. ORDEN PÚBLICO;2024;282
Ciudad Real;10. ORDEN PÚBLICO;2023;259
Ciudad Real;10. ORDEN PÚBLICO;2022;227
Ciudad Real;10. ORDEN PÚBLICO;2021;203
Ciudad Real;10. ORDEN PÚBLICO;2020;293
Ciudad Real;10. ORDEN PÚBLICO;2019;182
Ciudad Real;10. ORDEN PÚBLICO;2018;171
Ciudad Real;11. LEGISLACIÓN ESPECIAL;2024;2
Ciudad Real;11. LEGISLACIÓN ESPECIAL;2023;2
Ciudad Real;11. LEGISLACIÓN ESPECIAL;2022;1
Ciudad Real;11. LEGISLACIÓN ESPECIAL;2021;2
Ciudad Real;11. LEGISLACIÓN ESPECIAL;2020;2
Ciudad Real;11. LEGISLACIÓN ESPECIAL;2019;1
Ciudad Real;11. LEGISLACIÓN ESPECIAL;2018;3
Ciudad Real;12. OTRAS INFRACCIONES PENALES;2024;173
Ciudad Real;12. OTRAS INFRACCIONES PENALES;2023;208
Ciudad Real;12. OTRAS INFRACCIONES PENALES;2022;181
Ciudad Real;12. OTRAS INFRACCIONES PENALES;2021;103
Ciudad Real;12. OTRAS INFRACCIONES PENALES;2020;104
Ciudad Real;12. OTRAS INFRACCIONES PENALES;2019;150
Ciudad Real;12. OTRAS INFRACCIONES PENALES;2018;111
Ciudad Real;TOTAL INFRACCIONES PENALES;2024;15.497
Ciudad Real;TOTAL INFRACCIONES PENALES;2023;15.698
Ciudad Real;TOTAL INFRACCIONES PENALES;2022;15.900
Ciudad Real;TOTAL INFRACCIONES PENALES;2021;13.328
Ciudad Real;TOTAL INFRACCIONES PENALES;2020;11.715
Ciudad Real;TOTAL INFRACCIONES PENALES;2019;13.029
Ciudad Real;TOTAL INFRACCIONES PENALES;2018;12.349
Córdoba;1. CONTRA LAS PERSONAS;2024;3.658
Córdoba;1. CONTRA LAS PERSONAS;2023;3.511
Córdoba;1. CONTRA LAS PERSONAS;2022;3.119
Córdoba;1. CONTRA LAS PERSONAS;2021;2.642
Córdoba;1. CONTRA LAS PERSONAS;2020;2.527
Córdoba;1. CONTRA LAS PERSONAS;2019;2.746
Córdoba;1. CONTRA LAS PERSONAS;2018;2.676
Córdoba;1.1.-Homicidios dolosos/asesinatos;2024;24
Córdoba;1.1.-Homicidios dolosos/asesinatos;2023;24
Córdoba;1.1.-Homicidios dolosos/asesinatos;2022;18
Córdoba;1.1.-Homicidios dolosos/asesinatos;2021;17
Córdoba;1.1.-Homicidios dolosos/asesinatos;2020;24
Córdoba;1.1.-Homicidios dolosos/asesinatos;2019;18
Córdoba;1.1.-Homicidios dolosos/asesinatos;2018;13
Córdoba;1.1.1.-Homicidios dolosos/asesinatos consumados;2024;4
Córdoba;1.1.1.-Homicidios dolosos/asesinatos consumados;2023;3
Córdoba;1.1.1.-Homicidios dolosos/asesinatos consumados;2022;3
Córdoba;1.1.1.-Homicidios dolosos/asesinatos consumados;2021;1
Córdoba;1.1.1.-Homicidios dolosos/asesinatos consumados;2020;3
Córdoba;1.1.1.-Homicidios dolosos/asesinatos consumados;2019;7
Córdoba;1.1.1.-Homicidios dolosos/asesinatos consumados;2018;4
Córdoba;1.2.-Lesiones;2024;2.050
Córdoba;1.2.-Lesiones;2023;1.964
Córdoba;1.2.-Lesiones;2022;1.701
Córdoba;1.2.-Lesiones;2021;1.495
Córdoba;1.2.-Lesiones;2020;1.310
Córdoba;1.2.-Lesiones;2019;1.570
Córdoba;1.2.-Lesiones;2018;1.535
Córdoba;1.3.-Malos tratos ámbito familiar;2024;1.477
Córdoba;1.3.-Malos tratos ámbito familiar;2023;1.427
Córdoba;1.3.-Malos tratos ámbito familiar;2022;1.329
Córdoba;1.3.-Malos tratos ámbito familiar;2021;1.049
Córdoba;1.3.-Malos tratos ámbito familiar;2020;1.116
Córdoba;1.3.-Malos tratos ámbito familiar;2019;1.083
Córdoba;1.3.-Malos tratos ámbito familiar;2018;1.027
Córdoba;1.4.-Otros contra las personas;2024;107
Córdoba;1.4.-Otros contra las personas;2023;96
Córdoba;1.4.-Otros contra las personas;2022;71
Córdoba;1.4.-Otros contra las personas;2021;81
Córdoba;1.4.-Otros contra las personas;2020;77
Córdoba;1.4.-Otros contra las personas;2019;75
Córdoba;1.4.-Otros contra las personas;2018;101
Córdoba;2. CONTRA LA LIBERTAD;2024;3.041
Córdoba;2. CONTRA LA LIBERTAD;2023;2.542
Córdoba;2. CONTRA LA LIBERTAD;2022;2.307
Córdoba;2. CONTRA LA LIBERTAD;2021;2.494
Córdoba;2. CONTRA LA LIBERTAD;2020;2.496
Córdoba;2. CONTRA LA LIBERTAD;2019;2.497
Córdoba;2. CONTRA LA LIBERTAD;2018;2.156
Córdoba;2.1.-Malos tratos habituales en el ámbito familiar;2024;256
Córdoba;2.1.-Malos tratos habituales en el ámbito familiar;2023;254
Córdoba;2.1.-Malos tratos habituales en el ámbito familiar;2022;227
Córdoba;2.1.-Malos tratos habituales en el ámbito familiar;2021;260
Córdoba;2.1.-Malos tratos habituales en el ámbito familiar;2020;229
Córdoba;2.1.-Malos tratos habituales en el ámbito familiar;2019;232
Córdoba;2.1.-Malos tratos habituales en el ámbito familiar;2018;230
Córdoba;2.2.-Otros contra la libertad;2024;2.785
Córdoba;2.2.-Otros contra la libertad;2023;2.288
Córdoba;2.2.-Otros contra la libertad;2022;2.080
Córdoba;2.2.-Otros contra la libertad;2021;2.234
Córdoba;2.2.-Otros contra la libertad;2020;2.267
Córdoba;2.2.-Otros contra la libertad;2019;2.265
Córdoba;2.2.-Otros contra la libertad;2018;1.926
Córdoba;3. LIBERTAD SEXUAL;2024;258
Córdoba;3. LIBERTAD SEXUAL;2023;269
Córdoba;3. LIBERTAD SEXUAL;2022;241
Córdoba;3. LIBERTAD SEXUAL;2021;213
Córdoba;3. LIBERTAD SEXUAL;2020;228
Córdoba;3. LIBERTAD SEXUAL;2019;205
Córdoba;3. LIBERTAD SEXUAL;2018;181
Córdoba;3.1.-Agresión sexual;2024;169
Córdoba;3.1.-Agresión sexual;2023;166
Córdoba;3.1.-Agresión sexual;2022;152
Córdoba;3.1.-Agresión sexual;2021;138
Córdoba;3.1.-Agresión sexual;2020;123
Córdoba;3.1.-Agresión sexual;2019;128
Córdoba;3.1.-Agresión sexual;2018;112
Córdoba;3.2.-Agresión sexual con penetración;2024;43
Córdoba;3.2.-Agresión sexual con penetración;2023;52
Córdoba;3.2.-Agresión sexual con penetración;2022;39
Córdoba;3.2.-Agresión sexual con penetración;2021;36
Córdoba;3.2.-Agresión sexual con penetración;2020;37
Córdoba;3.2.-Agresión sexual con penetración;2019;27
Córdoba;3.2.-Agresión sexual con penetración;2018;18
Córdoba;3.3.-Corrupción de menores o incapacitados;2024;9
Córdoba;3.3.-Corrupción de menores o incapacitados;2023;9
Córdoba;3.3.-Corrupción de menores o incapacitados;2022;6
Córdoba;3.3.-Corrupción de menores o incapacitados;2021;3
Córdoba;3.3.-Corrupción de menores o incapacitados;2020;8
Córdoba;3.3.-Corrupción de menores o incapacitados;2019;3
Córdoba;3.3.-Corrupción de menores o incapacitados;2018;3
Córdoba;3.4.-Pornografía de menores;2024;11
Córdoba;3.4.-Pornografía de menores;2023;5
Córdoba;3.4.-Pornografía de menores;2022;4
Córdoba;3.4.-Pornografía de menores;2021;7
Córdoba;3.4.-Pornografía de menores;2020;12
Córdoba;3.4.-Pornografía de menores;2019;12
Córdoba;3.4.-Pornografía de menores;2018;17
Córdoba;3.5.-Otros contra la libertad sexual;2024;26
Córdoba;3.5.-Otros contra la libertad sexual;2023;37
Córdoba;3.5.-Otros contra la libertad sexual;2022;40
Córdoba;3.5.-Otros contra la libertad sexual;2021;29
Córdoba;3.5.-Otros contra la libertad sexual;2020;48
Córdoba;3.5.-Otros contra la libertad sexual;2019;35
Córdoba;3.5.-Otros contra la libertad sexual;2018;31
Córdoba;4. RELACIONES FAMILIARES;2024;151
Córdoba;4. RELACIONES FAMILIARES;2023;153
Córdoba;4. RELACIONES FAMILIARES;2022;121
Córdoba;4. RELACIONES FAMILIARES;2021;138
Córdoba;4. RELACIONES FAMILIARES;2020;164
Córdoba;4. RELACIONES FAMILIARES;2019;146
Córdoba;4. RELACIONES FAMILIARES;2018;178
Córdoba;5. PATRIMONIO;2024;20.344
Córdoba;5. PATRIMONIO;2023;21.719
Córdoba;5. PATRIMONIO;2022;19.261
Córdoba;5. PATRIMONIO;2021;14.719
Córdoba;5. PATRIMONIO;2020;13.718
Córdoba;5. PATRIMONIO;2019;16.776
Córdoba;5. PATRIMONIO;2018;17.775
Córdoba;5.1.-Hurtos;2024;5.864
Córdoba;5.1.-Hurtos;2023;6.743
Córdoba;5.1.-Hurtos;2022;6.072
Córdoba;5.1.-Hurtos;2021;4.505
Córdoba;5.1.-Hurtos;2020;4.051
Córdoba;5.1.-Hurtos;2019;6.284
Córdoba;5.1.-Hurtos;2018;6.773
Córdoba;5.2.-Robos con fuerza en las cosas;2024;2.941
Córdoba;5.2.-Robos con fuerza en las cosas;2023;3.532
Córdoba;5.2.-Robos con fuerza en las cosas;2022;3.046
Córdoba;5.2.-Robos con fuerza en las cosas;2021;2.276
Córdoba;5.2.-Robos con fuerza en las cosas;2020;2.086
Córdoba;5.2.-Robos con fuerza en las cosas;2019;3.073
Córdoba;5.2.-Robos con fuerza en las cosas;2018;3.516
Córdoba;5.2.1.-Robos con fuerza en las cosas en el interior de vehículos;2024;895
Córdoba;5.2.1.-Robos con fuerza en las cosas en el interior de vehículos;2023;1.312
Córdoba;5.2.1.-Robos con fuerza en las cosas en el interior de vehículos;2022;984
Córdoba;5.2.1.-Robos con fuerza en las cosas en el interior de vehículos;2021;677
Córdoba;5.2.1.-Robos con fuerza en las cosas en el interior de vehículos;2020;546
Córdoba;5.2.1.-Robos con fuerza en las cosas en el interior de vehículos;2019;960
Córdoba;5.2.1.-Robos con fuerza en las cosas en el interior de vehículos;2018;952
Córdoba;5.2.2.-Robos con fuerza en viviendas;2024;1.097
Córdoba;5.2.2.-Robos con fuerza en viviendas;2023;1.026
Córdoba;5.2.2.-Robos con fuerza en viviendas;2022;961
Córdoba;5.2.2.-Robos con fuerza en viviendas;2021;736
Córdoba;5.2.2.-Robos con fuerza en viviendas;2020;648
Córdoba;5.2.2.-Robos con fuerza en viviendas;2019;897
Córdoba;5.2.2.-Robos con fuerza en viviendas;2018;1.122
Córdoba;5.2.3.-Robos con fuerza en establecimientos;2024;264
Córdoba;5.2.3.-Robos con fuerza en establecimientos;2023;423
Córdoba;5.2.3.-Robos con fuerza en establecimientos;2022;327
Córdoba;5.2.3.-Robos con fuerza en establecimientos;2021;260
Córdoba;5.2.3.-Robos con fuerza en establecimientos;2020;380
Córdoba;5.2.3.-Robos con fuerza en establecimientos;2019;526
Córdoba;5.2.3.-Robos con fuerza en establecimientos;2018;580
Córdoba;5.3.-Robos con violencia o intimidación;2024;372
Córdoba;5.3.-Robos con violencia o intimidación;2023;414
Córdoba;5.3.-Robos con violencia o intimidación;2022;364
Córdoba;5.3.-Robos con violencia o intimidación;2021;273
Córdoba;5.3.-Robos con violencia o intimidación;2020;286
Córdoba;5.3.-Robos con violencia o intimidación;2019;487
Córdoba;5.3.-Robos con violencia o intimidación;2018;541
Córdoba;5.3.1.-Robos con violencia en vía pública;2024;243
Córdoba;5.3.1.-Robos con violencia en vía pública;2023;260
Córdoba;5.3.1.-Robos con violencia en vía pública;2022;227
Córdoba;5.3.1.-Robos con violencia en vía pública;2021;177
Córdoba;5.3.1.-Robos con violencia en vía pública;2020;187
Córdoba;5.3.1.-Robos con violencia en vía pública;2019;351
Córdoba;5.3.1.-Robos con violencia en vía pública;2018;363
Córdoba;5.3.2.-Robos con violencia en viviendas;2024;59
Córdoba;5.3.2.-Robos con violencia en viviendas;2023;42
Córdoba;5.3.2.-Robos con violencia en viviendas;2022;36
Córdoba;5.3.2.-Robos con violencia en viviendas;2021;32
Córdoba;5.3.2.-Robos con violencia en viviendas;2020;37
Córdoba;5.3.2.-Robos con violencia en viviendas;2019;32
Córdoba;5.3.2.-Robos con violencia en viviendas;2018;52
Córdoba;5.3.3.-Robos con violencia en establecimientos;2024;39
Córdoba;5.3.3.-Robos con violencia en establecimientos;2023;62
Córdoba;5.3.3.-Robos con violencia en establecimientos;2022;63
Córdoba;5.3.3.-Robos con violencia en establecimientos;2021;41
Córdoba;5.3.3.-Robos con violencia en establecimientos;2020;38
Córdoba;5.3.3.-Robos con violencia en establecimientos;2019;57
Córdoba;5.3.3.-Robos con violencia en establecimientos;2018;77
Córdoba;5.4.-Sustracción de vehículos;2024;304
Córdoba;5.4.-Sustracción de vehículos;2023;269
Córdoba;5.4.-Sustracción de vehículos;2022;235
Córdoba;5.4.-Sustracción de vehículos;2021;183
Córdoba;5.4.-Sustracción de vehículos;2020;208
Córdoba;5.4.-Sustracción de vehículos;2019;288
Córdoba;5.4.-Sustracción de vehículos;2018;387
Córdoba;5.5.-Estafas;2024;7.378
Córdoba;5.5.-Estafas;2023;7.211
Córdoba;5.5.-Estafas;2022;5.928
Córdoba;5.5.-Estafas;2021;4.304
Córdoba;5.5.-Estafas;2020;4.117
Córdoba;5.5.-Estafas;2019;3.208
Córdoba;5.5.-Estafas;2018;2.978
Córdoba;5.5.1.-Estafas informáticas;2024;6.462
Córdoba;5.5.1.-Estafas informáticas;2023;6.732
Córdoba;5.5.1.-Estafas informáticas;2022;4.632
Córdoba;5.5.1.-Estafas informáticas;2021;3.172
Córdoba;5.5.1.-Estafas informáticas;2020;2.886
Córdoba;5.5.1.-Estafas informáticas;2019;1.656
Córdoba;5.5.1.-Estafas informáticas;2018;1.566
Córdoba;5.6.-Daños;2024;2.635
Córdoba;5.6.-Daños;2023;2.719
Córdoba;5.6.-Daños;2022;2.808
Córdoba;5.6.-Daños;2021;2.423
Córdoba;5.6.-Daños;2020;2.140
Córdoba;5.6.-Daños;2019;2.553
Córdoba;5.6.-Daños;2018;2.729
Córdoba;5.7.-Contra la propiedad intelectual/industrial;2024;8
Córdoba;5.7.-Contra la propiedad intelectual/industrial;2023;3
Córdoba;5.7.-Contra la propiedad intelectual/industrial;2022;9
Córdoba;5.7.-Contra la propiedad intelectual/industrial;2021;10
Córdoba;5.7.-Contra la propiedad intelectual/industrial;2020;7
Córdoba;5.7.-Contra la propiedad intelectual/industrial;2019;6
Córdoba;5.7.-Contra la propiedad intelectual/industrial;2018;10
Córdoba;5.8.-Blanqueo de capitales;2024;30
Córdoba;5.8.-Blanqueo de capitales;2023;16
Córdoba;5.8.-Blanqueo de capitales;2022;8
Córdoba;5.8.-Blanqueo de capitales;2021;4
Córdoba;5.8.-Blanqueo de capitales;2020;2
Córdoba;5.8.-Blanqueo de capitales;2019;2
Córdoba;5.8.-Blanqueo de capitales;2018;3
Córdoba;5.9.-Otros contra el patrimonio;2024;812
Córdoba;5.9.-Otros contra el patrimonio;2023;812
Córdoba;5.9.-Otros contra el patrimonio;2022;791
Córdoba;5.9.-Otros contra el patrimonio;2021;741
Córdoba;5.9.-Otros contra el patrimonio;2020;821
Córdoba;5.9.-Otros contra el patrimonio;2019;875
Córdoba;5.9.-Otros contra el patrimonio;2018;838
Córdoba;6. SEGURIDAD COLECTIVA;2024;1.398
Córdoba;6. SEGURIDAD COLECTIVA;2023;1.475
Córdoba;6. SEGURIDAD COLECTIVA;2022;1.404
Córdoba;6. SEGURIDAD COLECTIVA;2021;1.258
Córdoba;6. SEGURIDAD COLECTIVA;2020;1.188
Córdoba;6. SEGURIDAD COLECTIVA;2019;1.394
Córdoba;6. SEGURIDAD COLECTIVA;2018;1.140
Córdoba;6.1.-Tráfico de drogas;2024;153
Córdoba;6.1.-Tráfico de drogas;2023;152
Córdoba;6.1.-Tráfico de drogas;2022;149
Córdoba;6.1.-Tráfico de drogas;2021;184
Córdoba;6.1.-Tráfico de drogas;2020;291
Córdoba;6.1.-Tráfico de drogas;2019;301
Córdoba;6.1.-Tráfico de drogas;2018;175
Córdoba;6.2.-Contra la seguridad vial;2024;1.198
Córdoba;6.2.-Contra la seguridad vial;2023;1.281
Córdoba;6.2.-Contra la seguridad vial;2022;1.219
Córdoba;6.2.-Contra la seguridad vial;2021;1.036
Córdoba;6.2.-Contra la seguridad vial;2020;853
Córdoba;6.2.-Contra la seguridad vial;2019;1.050
Córdoba;6.2.-Contra la seguridad vial;2018;939
Córdoba;6.3.-Otros contra la seguridad colectiva;2024;47
Córdoba;6.3.-Otros contra la seguridad colectiva;2023;42
Córdoba;6.3.-Otros contra la seguridad colectiva;2022;36
Córdoba;6.3.-Otros contra la seguridad colectiva;2021;38
Córdoba;6.3.-Otros contra la seguridad colectiva;2020;44
Córdoba;6.3.-Otros contra la seguridad colectiva;2019;43
Córdoba;6.3.-Otros contra la seguridad colectiva;2018;26
Córdoba;7. FALSEDADES;2024;886
Córdoba;7. FALSEDADES;2023;760
Córdoba;7. FALSEDADES;2022;689
Córdoba;7. FALSEDADES;2021;560
Córdoba;7. FALSEDADES;2020;331
Córdoba;7. FALSEDADES;2019;340
Córdoba;7. FALSEDADES;2018;311
Córdoba;8. ADMÓN. PÚBLICA;2024;7
Córdoba;8. ADMÓN. PÚBLICA;2023;14
Córdoba;8. ADMÓN. PÚBLICA;2022;7
Córdoba;8. ADMÓN. PÚBLICA;2021;10
Córdoba;8. ADMÓN. PÚBLICA;2020;5
Córdoba;8. ADMÓN. PÚBLICA;2019;3
Córdoba;8. ADMÓN. PÚBLICA;2018;6
Córdoba;9. ADMÓN. JUSTICIA;2024;805
Córdoba;9. ADMÓN. JUSTICIA;2023;809
Córdoba;9. ADMÓN. JUSTICIA;2022;759
Córdoba;9. ADMÓN. JUSTICIA;2021;644
Córdoba;9. ADMÓN. JUSTICIA;2020;564
Córdoba;9. ADMÓN. JUSTICIA;2019;594
Córdoba;9. ADMÓN. JUSTICIA;2018;673
Córdoba;10. ORDEN PÚBLICO;2024;368
Córdoba;10. ORDEN PÚBLICO;2023;312
Córdoba;10. ORDEN PÚBLICO;2022;314
Córdoba;10. ORDEN PÚBLICO;2021;293
Córdoba;10. ORDEN PÚBLICO;2020;388
Córdoba;10. ORDEN PÚBLICO;2019;298
Córdoba;10. ORDEN PÚBLICO;2018;258
Córdoba;11. LEGISLACIÓN ESPECIAL;2024;7
Córdoba;11. LEGISLACIÓN ESPECIAL;2023;5
Córdoba;11. LEGISLACIÓN ESPECIAL;2022;6
Córdoba;11. LEGISLACIÓN ESPECIAL;2021;5
Córdoba;11. LEGISLACIÓN ESPECIAL;2020;16
Córdoba;11. LEGISLACIÓN ESPECIAL;2019;8
Córdoba;11. LEGISLACIÓN ESPECIAL;2018;7
Córdoba;12. OTRAS INFRACCIONES PENALES;2024;264
Córdoba;12. OTRAS INFRACCIONES PENALES;2023;241
Córdoba;12. OTRAS INFRACCIONES PENALES;2022;223
Córdoba;12. OTRAS INFRACCIONES PENALES;2021;331
Córdoba;12. OTRAS INFRACCIONES PENALES;2020;313
Córdoba;12. OTRAS INFRACCIONES PENALES;2019;204
Córdoba;12. OTRAS INFRACCIONES PENALES;2018;200
Córdoba;TOTAL INFRACCIONES PENALES;2024;31.187
Córdoba;TOTAL INFRACCIONES PENALES;2023;31.810
Córdoba;TOTAL INFRACCIONES PENALES;2022;28.451
Córdoba;TOTAL INFRACCIONES PENALES;2021;23.307
Córdoba;TOTAL INFRACCIONES PENALES;2020;21.938
Córdoba;TOTAL INFRACCIONES PENALES;2019;25.211
Córdoba;TOTAL INFRACCIONES PENALES;2018;25.561
Coruña (A);1. CONTRA LAS PERSONAS;2024;4.094
Coruña (A);1. CONTRA LAS PERSONAS;2023;4.021
Coruña (A);1. CONTRA LAS PERSONAS;2022;3.833
Coruña (A);1. CONTRA LAS PERSONAS;2021;3.149
Coruña (A);1. CONTRA LAS PERSONAS;2020;2.803
Coruña (A);1. CONTRA LAS PERSONAS;2019;3.175
Coruña (A);1. CONTRA LAS PERSONAS;2018;3.211
Coruña (A);1.1.-Homicidios dolosos/asesinatos;2024;26
Coruña (A);1.1.-Homicidios dolosos/asesinatos;2023;28
Coruña (A);1.1.-Homicidios dolosos/asesinatos;2022;23
Coruña (A);1.1.-Homicidios dolosos/asesinatos;2021;21
Coruña (A);1.1.-Homicidios dolosos/asesinatos;2020;14
Coruña (A);1.1.-Homicidios dolosos/asesinatos;2019;13
Coruña (A);1.1.-Homicidios dolosos/asesinatos;2018;18
Coruña (A);1.1.1.-Homicidios dolosos/asesinatos consumados;2024;5
Coruña (A);1.1.1.-Homicidios dolosos/asesinatos consumados;2023;12
Coruña (A);1.1.1.-Homicidios dolosos/asesinatos consumados;2022;1
Coruña (A);1.1.1.-Homicidios dolosos/asesinatos consumados;2021;7
Coruña (A);1.1.1.-Homicidios dolosos/asesinatos consumados;2020;2
Coruña (A);1.1.1.-Homicidios dolosos/asesinatos consumados;2019;5
Coruña (A);1.1.1.-Homicidios dolosos/asesinatos consumados;2018;4
Coruña (A);1.2.-Lesiones;2024;2.487
Coruña (A);1.2.-Lesiones;2023;2.408
Coruña (A);1.2.-Lesiones;2022;2.316
Coruña (A);1.2.-Lesiones;2021;1.874
Coruña (A);1.2.-Lesiones;2020;1.595
Coruña (A);1.2.-Lesiones;2019;1.938
Coruña (A);1.2.-Lesiones;2018;1.983
Coruña (A);1.3.-Malos tratos ámbito familiar;2024;1.418
Coruña (A);1.3.-Malos tratos ámbito familiar;2023;1.444
Coruña (A);1.3.-Malos tratos ámbito familiar;2022;1.396
Coruña (A);1.3.-Malos tratos ámbito familiar;2021;1.154
Coruña (A);1.3.-Malos tratos ámbito familiar;2020;1.126
Coruña (A);1.3.-Malos tratos ámbito familiar;2019;1.149
Coruña (A);1.3.-Malos tratos ámbito familiar;2018;1.127
Coruña (A);1.4.-Otros contra las personas;2024;163
Coruña (A);1.4.-Otros contra las personas;2023;141
Coruña (A);1.4.-Otros contra las personas;2022;98
Coruña (A);1.4.-Otros contra las personas;2021;100
Coruña (A);1.4.-Otros contra las personas;2020;68
Coruña (A);1.4.-Otros contra las personas;2019;75
Coruña (A);1.4.-Otros contra las personas;2018;83
Coruña (A);2. CONTRA LA LIBERTAD;2024;3.546
Coruña (A);2. CONTRA LA LIBERTAD;2023;3.424
Coruña (A);2. CONTRA LA LIBERTAD;2022;3.040
Coruña (A);2. CONTRA LA LIBERTAD;2021;3.002
Coruña (A);2. CONTRA LA LIBERTAD;2020;2.599
Coruña (A);2. CONTRA LA LIBERTAD;2019;2.481
Coruña (A);2. CONTRA LA LIBERTAD;2018;2.615
Coruña (A);2.1.-Malos tratos habituales en el ámbito familiar;2024;491
Coruña (A);2.1.-Malos tratos habituales en el ámbito familiar;2023;489
Coruña (A);2.1.-Malos tratos habituales en el ámbito familiar;2022;362
Coruña (A);2.1.-Malos tratos habituales en el ámbito familiar;2021;334
Coruña (A);2.1.-Malos tratos habituales en el ámbito familiar;2020;327
Coruña (A);2.1.-Malos tratos habituales en el ámbito familiar;2019;365
Coruña (A);2.1.-Malos tratos habituales en el ámbito familiar;2018;310
Coruña (A);2.2.-Otros contra la libertad;2024;3.055
Coruña (A);2.2.-Otros contra la libertad;2023;2.935
Coruña (A);2.2.-Otros contra la libertad;2022;2.678
Coruña (A);2.2.-Otros contra la libertad;2021;2.668
Coruña (A);2.2.-Otros contra la libertad;2020;2.272
Coruña (A);2.2.-Otros contra la libertad;2019;2.116
Coruña (A);2.2.-Otros contra la libertad;2018;2.305
Coruña (A);3. LIBERTAD SEXUAL;2024;332
Coruña (A);3. LIBERTAD SEXUAL;2023;383
Coruña (A);3. LIBERTAD SEXUAL;2022;293
Coruña (A);3. LIBERTAD SEXUAL;2021;270
Coruña (A);3. LIBERTAD SEXUAL;2020;210
Coruña (A);3. LIBERTAD SEXUAL;2019;271
Coruña (A);3. LIBERTAD SEXUAL;2018;214
Coruña (A);3.1.-Agresión sexual;2024;204
Coruña (A);3.1.-Agresión sexual;2023;175
Coruña (A);3.1.-Agresión sexual;2022;162
Coruña (A);3.1.-Agresión sexual;2021;154
Coruña (A);3.1.-Agresión sexual;2020;119
Coruña (A);3.1.-Agresión sexual;2019;156
Coruña (A);3.1.-Agresión sexual;2018;124
Coruña (A);3.2.-Agresión sexual con penetración;2024;58
Coruña (A);3.2.-Agresión sexual con penetración;2023;78
Coruña (A);3.2.-Agresión sexual con penetración;2022;73
Coruña (A);3.2.-Agresión sexual con penetración;2021;49
Coruña (A);3.2.-Agresión sexual con penetración;2020;41
Coruña (A);3.2.-Agresión sexual con penetración;2019;44
Coruña (A);3.2.-Agresión sexual con penetración;2018;29
Coruña (A);3.3.-Corrupción de menores o incapacitados;2024;4
Coruña (A);3.3.-Corrupción de menores o incapacitados;2023;6
Coruña (A);3.3.-Corrupción de menores o incapacitados;2022;6
Coruña (A);3.3.-Corrupción de menores o incapacitados;2021;5
Coruña (A);3.3.-Corrupción de menores o incapacitados;2020;4
Coruña (A);3.3.-Corrupción de menores o incapacitados;2019;7
Coruña (A);3.3.-Corrupción de menores o incapacitados;2018;3
Coruña (A);3.4.-Pornografía de menores;2024;13
Coruña (A);3.4.-Pornografía de menores;2023;22
Coruña (A);3.4.-Pornografía de menores;2022;14
Coruña (A);3.4.-Pornografía de menores;2021;17
Coruña (A);3.4.-Pornografía de menores;2020;17
Coruña (A);3.4.-Pornografía de menores;2019;19
Coruña (A);3.4.-Pornografía de menores;2018;23
Coruña (A);3.5.-Otros contra la libertad sexual;2024;53
Coruña (A);3.5.-Otros contra la libertad sexual;2023;102
Coruña (A);3.5.-Otros contra la libertad sexual;2022;38
Coruña (A);3.5.-Otros contra la libertad sexual;2021;45
Coruña (A);3.5.-Otros contra la libertad sexual;2020;29
Coruña (A);3.5.-Otros contra la libertad sexual;2019;45
Coruña (A);3.5.-Otros contra la libertad sexual;2018;35
Coruña (A);4. RELACIONES FAMILIARES;2024;111
Coruña (A);4. RELACIONES FAMILIARES;2023;62
Coruña (A);4. RELACIONES FAMILIARES;2022;85
Coruña (A);4. RELACIONES FAMILIARES;2021;71
Coruña (A);4. RELACIONES FAMILIARES;2020;85
Coruña (A);4. RELACIONES FAMILIARES;2019;67
Coruña (A);4. RELACIONES FAMILIARES;2018;92
Coruña (A);5. PATRIMONIO;2024;30.226
Coruña (A);5. PATRIMONIO;2023;30.057
Coruña (A);5. PATRIMONIO;2022;31.352
Coruña (A);5. PATRIMONIO;2021;30.101
Coruña (A);5. PATRIMONIO;2020;22.800
Coruña (A);5. PATRIMONIO;2019;26.027
Coruña (A);5. PATRIMONIO;2018;25.926
Coruña (A);5.1.-Hurtos;2024;9.434
Coruña (A);5.1.-Hurtos;2023;9.811
Coruña (A);5.1.-Hurtos;2022;9.631
Coruña (A);5.1.-Hurtos;2021;8.171
Coruña (A);5.1.-Hurtos;2020;6.092
Coruña (A);5.1.-Hurtos;2019;8.918
Coruña (A);5.1.-Hurtos;2018;9.385
Coruña (A);5.2.-Robos con fuerza en las cosas;2024;4.338
Coruña (A);5.2.-Robos con fuerza en las cosas;2023;4.502
Coruña (A);5.2.-Robos con fuerza en las cosas;2022;4.249
Coruña (A);5.2.-Robos con fuerza en las cosas;2021;4.338
Coruña (A);5.2.-Robos con fuerza en las cosas;2020;3.399
Coruña (A);5.2.-Robos con fuerza en las cosas;2019;4.021
Coruña (A);5.2.-Robos con fuerza en las cosas;2018;4.681
Coruña (A);5.2.1.-Robos con fuerza en las cosas en el interior de vehículos;2024;1.649
Coruña (A);5.2.1.-Robos con fuerza en las cosas en el interior de vehículos;2023;1.722
Coruña (A);5.2.1.-Robos con fuerza en las cosas en el interior de vehículos;2022;1.774
Coruña (A);5.2.1.-Robos con fuerza en las cosas en el interior de vehículos;2021;1.921
Coruña (A);5.2.1.-Robos con fuerza en las cosas en el interior de vehículos;2020;1.201
Coruña (A);5.2.1.-Robos con fuerza en las cosas en el interior de vehículos;2019;1.317
Coruña (A);5.2.1.-Robos con fuerza en las cosas en el interior de vehículos;2018;1.680
Coruña (A);5.2.2.-Robos con fuerza en viviendas;2024;1.188
Coruña (A);5.2.2.-Robos con fuerza en viviendas;2023;1.197
Coruña (A);5.2.2.-Robos con fuerza en viviendas;2022;1.232
Coruña (A);5.2.2.-Robos con fuerza en viviendas;2021;1.270
Coruña (A);5.2.2.-Robos con fuerza en viviendas;2020;1.082
Coruña (A);5.2.2.-Robos con fuerza en viviendas;2019;1.397
Coruña (A);5.2.2.-Robos con fuerza en viviendas;2018;1.474
Coruña (A);5.2.3.-Robos con fuerza en establecimientos;2024;799
Coruña (A);5.2.3.-Robos con fuerza en establecimientos;2023;886
Coruña (A);5.2.3.-Robos con fuerza en establecimientos;2022;615
Coruña (A);5.2.3.-Robos con fuerza en establecimientos;2021;579
Coruña (A);5.2.3.-Robos con fuerza en establecimientos;2020;634
Coruña (A);5.2.3.-Robos con fuerza en establecimientos;2019;686
Coruña (A);5.2.3.-Robos con fuerza en establecimientos;2018;831
Coruña (A);5.3.-Robos con violencia o intimidación;2024;503
Coruña (A);5.3.-Robos con violencia o intimidación;2023;552
Coruña (A);5.3.-Robos con violencia o intimidación;2022;458
Coruña (A);5.3.-Robos con violencia o intimidación;2021;463
Coruña (A);5.3.-Robos con violencia o intimidación;2020;349
Coruña (A);5.3.-Robos con violencia o intimidación;2019;440
Coruña (A);5.3.-Robos con violencia o intimidación;2018;381
Coruña (A);5.3.1.-Robos con violencia en vía pública;2024;292
Coruña (A);5.3.1.-Robos con violencia en vía pública;2023;310
Coruña (A);5.3.1.-Robos con violencia en vía pública;2022;241
Coruña (A);5.3.1.-Robos con violencia en vía pública;2021;262
Coruña (A);5.3.1.-Robos con violencia en vía pública;2020;155
Coruña (A);5.3.1.-Robos con violencia en vía pública;2019;207
Coruña (A);5.3.1.-Robos con violencia en vía pública;2018;194
Coruña (A);5.3.2.-Robos con violencia en viviendas;2024;61
Coruña (A);5.3.2.-Robos con violencia en viviendas;2023;52
Coruña (A);5.3.2.-Robos con violencia en viviendas;2022;52
Coruña (A);5.3.2.-Robos con violencia en viviendas;2021;51
Coruña (A);5.3.2.-Robos con violencia en viviendas;2020;55
Coruña (A);5.3.2.-Robos con violencia en viviendas;2019;52
Coruña (A);5.3.2.-Robos con violencia en viviendas;2018;43
Coruña (A);5.3.3.-Robos con violencia en establecimientos;2024;95
Coruña (A);5.3.3.-Robos con violencia en establecimientos;2023;119
Coruña (A);5.3.3.-Robos con violencia en establecimientos;2022;88
Coruña (A);5.3.3.-Robos con violencia en establecimientos;2021;97
Coruña (A);5.3.3.-Robos con violencia en establecimientos;2020;89
Coruña (A);5.3.3.-Robos con violencia en establecimientos;2019;108
Coruña (A);5.3.3.-Robos con violencia en establecimientos;2018;83
Coruña (A);5.4.-Sustracción de vehículos;2024;220
Coruña (A);5.4.-Sustracción de vehículos;2023;187
Coruña (A);5.4.-Sustracción de vehículos;2022;167
Coruña (A);5.4.-Sustracción de vehículos;2021;129
Coruña (A);5.4.-Sustracción de vehículos;2020;131
Coruña (A);5.4.-Sustracción de vehículos;2019;178
Coruña (A);5.4.-Sustracción de vehículos;2018;169
Coruña (A);5.5.-Estafas;2024;10.065
Coruña (A);5.5.-Estafas;2023;9.561
Coruña (A);5.5.-Estafas;2022;11.232
Coruña (A);5.5.-Estafas;2021;12.072
Coruña (A);5.5.-Estafas;2020;8.465
Coruña (A);5.5.-Estafas;2019;7.449
Coruña (A);5.5.-Estafas;2018;6.407
Coruña (A);5.5.1.-Estafas informáticas;2024;8.452
Coruña (A);5.5.1.-Estafas informáticas;2023;7.639
Coruña (A);5.5.1.-Estafas informáticas;2022;7.434
Coruña (A);5.5.1.-Estafas informáticas;2021;7.768
Coruña (A);5.5.1.-Estafas informáticas;2020;5.443
Coruña (A);5.5.1.-Estafas informáticas;2019;4.931
Coruña (A);5.5.1.-Estafas informáticas;2018;4.055
Coruña (A);5.6.-Daños;2024;4.347
Coruña (A);5.6.-Daños;2023;4.183
Coruña (A);5.6.-Daños;2022;4.547
Coruña (A);5.6.-Daños;2021;3.955
Coruña (A);5.6.-Daños;2020;3.481
Coruña (A);5.6.-Daños;2019;4.105
Coruña (A);5.6.-Daños;2018;4.048
Coruña (A);5.7.-Contra la propiedad intelectual/industrial;2024;8
Coruña (A);5.7.-Contra la propiedad intelectual/industrial;2023;12
Coruña (A);5.7.-Contra la propiedad intelectual/industrial;2022;15
Coruña (A);5.7.-Contra la propiedad intelectual/industrial;2021;14
Coruña (A);5.7.-Contra la propiedad intelectual/industrial;2020;8
Coruña (A);5.7.-Contra la propiedad intelectual/industrial;2019;8
Coruña (A);5.7.-Contra la propiedad intelectual/industrial;2018;51
Coruña (A);5.8.-Blanqueo de capitales;2024;11
Coruña (A);5.8.-Blanqueo de capitales;2023;5
Coruña (A);5.8.-Blanqueo de capitales;2022;2
Coruña (A);5.8.-Blanqueo de capitales;2021;3
Coruña (A);5.8.-Blanqueo de capitales;2020;7
Coruña (A);5.8.-Blanqueo de capitales;2019;3
Coruña (A);5.8.-Blanqueo de capitales;2018;7
Coruña (A);5.9.-Otros contra el patrimonio;2024;1.300
Coruña (A);5.9.-Otros contra el patrimonio;2023;1.244
Coruña (A);5.9.-Otros contra el patrimonio;2022;1.051
Coruña (A);5.9.-Otros contra el patrimonio;2021;956
Coruña (A);5.9.-Otros contra el patrimonio;2020;868
Coruña (A);5.9.-Otros contra el patrimonio;2019;905
Coruña (A);5.9.-Otros contra el patrimonio;2018;797
Coruña (A);6. SEGURIDAD COLECTIVA;2024;1.861
Coruña (A);6. SEGURIDAD COLECTIVA;2023;1.945
Coruña (A);6. SEGURIDAD COLECTIVA;2022;2.177
Coruña (A);6. SEGURIDAD COLECTIVA;2021;1.924
Coruña (A);6. SEGURIDAD COLECTIVA;2020;1.783
Coruña (A);6. SEGURIDAD COLECTIVA;2019;1.935
Coruña (A);6. SEGURIDAD COLECTIVA;2018;1.811
Coruña (A);6.1.-Tráfico de drogas;2024;161
Coruña (A);6.1.-Tráfico de drogas;2023;157
Coruña (A);6.1.-Tráfico de drogas;2022;162
Coruña (A);6.1.-Tráfico de drogas;2021;128
Coruña (A);6.1.-Tráfico de drogas;2020;145
Coruña (A);6.1.-Tráfico de drogas;2019;147
Coruña (A);6.1.-Tráfico de drogas;2018;146
Coruña (A);6.2.-Contra la seguridad vial;2024;1.638
Coruña (A);6.2.-Contra la seguridad vial;2023;1.725
Coruña (A);6.2.-Contra la seguridad vial;2022;1.943
Coruña (A);6.2.-Contra la seguridad vial;2021;1.730
Coruña (A);6.2.-Contra la seguridad vial;2020;1.560
Coruña (A);6.2.-Contra la seguridad vial;2019;1.737
Coruña (A);6.2.-Contra la seguridad vial;2018;1.613
Coruña (A);6.3.-Otros contra la seguridad colectiva;2024;62
Coruña (A);6.3.-Otros contra la seguridad colectiva;2023;63
Coruña (A);6.3.-Otros contra la seguridad colectiva;2022;72
Coruña (A);6.3.-Otros contra la seguridad colectiva;2021;66
Coruña (A);6.3.-Otros contra la seguridad colectiva;2020;78
Coruña (A);6.3.-Otros contra la seguridad colectiva;2019;51
Coruña (A);6.3.-Otros contra la seguridad colectiva;2018;52
Coruña (A);7. FALSEDADES;2024;872
Coruña (A);7. FALSEDADES;2023;707
Coruña (A);7. FALSEDADES;2022;615
Coruña (A);7. FALSEDADES;2021;729
Coruña (A);7. FALSEDADES;2020;453
Coruña (A);7. FALSEDADES;2019;407
Coruña (A);7. FALSEDADES;2018;374
Coruña (A);8. ADMÓN. PÚBLICA;2024;12
Coruña (A);8. ADMÓN. PÚBLICA;2023;15
Coruña (A);8. ADMÓN. PÚBLICA;2022;7
Coruña (A);8. ADMÓN. PÚBLICA;2021;4
Coruña (A);8. ADMÓN. PÚBLICA;2020;8
Coruña (A);8. ADMÓN. PÚBLICA;2019;8
Coruña (A);8. ADMÓN. PÚBLICA;2018;6
Coruña (A);9. ADMÓN. JUSTICIA;2024;834
Coruña (A);9. ADMÓN. JUSTICIA;2023;733
Coruña (A);9. ADMÓN. JUSTICIA;2022;647
Coruña (A);9. ADMÓN. JUSTICIA;2021;586
Coruña (A);9. ADMÓN. JUSTICIA;2020;559
Coruña (A);9. ADMÓN. JUSTICIA;2019;554
Coruña (A);9. ADMÓN. JUSTICIA;2018;486
Coruña (A);10. ORDEN PÚBLICO;2024;453
Coruña (A);10. ORDEN PÚBLICO;2023;414
Coruña (A);10. ORDEN PÚBLICO;2022;395
Coruña (A);10. ORDEN PÚBLICO;2021;376
Coruña (A);10. ORDEN PÚBLICO;2020;449
Coruña (A);10. ORDEN PÚBLICO;2019;303
Coruña (A);10. ORDEN PÚBLICO;2018;341
Coruña (A);11. LEGISLACIÓN ESPECIAL;2024;2
Coruña (A);11. LEGISLACIÓN ESPECIAL;2023;2
Coruña (A);11. LEGISLACIÓN ESPECIAL;2022;0
Coruña (A);11. LEGISLACIÓN ESPECIAL;2021;0
Coruña (A);11. LEGISLACIÓN ESPECIAL;2020;1
Coruña (A);11. LEGISLACIÓN ESPECIAL;2019;4
Coruña (A);11. LEGISLACIÓN ESPECIAL;2018;1
Coruña (A);12. OTRAS INFRACCIONES PENALES;2024;327
Coruña (A);12. OTRAS INFRACCIONES PENALES;2023;348
Coruña (A);12. OTRAS INFRACCIONES PENALES;2022;239
Coruña (A);12. OTRAS INFRACCIONES PENALES;2021;244
Coruña (A);12. OTRAS INFRACCIONES PENALES;2020;242
Coruña (A);12. OTRAS INFRACCIONES PENALES;2019;240
Coruña (A);12. OTRAS INFRACCIONES PENALES;2018;256
Coruña (A);TOTAL INFRACCIONES PENALES;2024;42.670
Coruña (A);TOTAL INFRACCIONES PENALES;2023;42.111
Coruña (A);TOTAL INFRACCIONES PENALES;2022;42.683
Coruña (A);TOTAL INFRACCIONES PENALES;2021;40.456
Coruña (A);TOTAL INFRACCIONES PENALES;2020;31.992
Coruña (A);TOTAL INFRACCIONES PENALES;2019;35.472
Coruña (A);TOTAL INFRACCIONES PENALES;2018;35.333
Cuenca;1. CONTRA LAS PERSONAS;2024;844
Cuenca;1. CONTRA LAS PERSONAS;2023;886
Cuenca;1. CONTRA LAS PERSONAS;2022;785
Cuenca;1. CONTRA LAS PERSONAS;2021;740
Cuenca;1. CONTRA LAS PERSONAS;2020;573
Cuenca;1. CONTRA LAS PERSONAS;2019;687
Cuenca;1. CONTRA LAS PERSONAS;2018;638
Cuenca;1.1.-Homicidios dolosos/asesinatos;2024;5
Cuenca;1.1.-Homicidios dolosos/asesinatos;2023;6
Cuenca;1.1.-Homicidios dolosos/asesinatos;2022;7
Cuenca;1.1.-Homicidios dolosos/asesinatos;2021;7
Cuenca;1.1.-Homicidios dolosos/asesinatos;2020;4
Cuenca;1.1.-Homicidios dolosos/asesinatos;2019;8
Cuenca;1.1.-Homicidios dolosos/asesinatos;2018;6
Cuenca;1.1.1.-Homicidios dolosos/asesinatos consumados;2024;3
Cuenca;1.1.1.-Homicidios dolosos/asesinatos consumados;2023;3
Cuenca;1.1.1.-Homicidios dolosos/asesinatos consumados;2022;2
Cuenca;1.1.1.-Homicidios dolosos/asesinatos consumados;2021;1
Cuenca;1.1.1.-Homicidios dolosos/asesinatos consumados;2020;0
Cuenca;1.1.1.-Homicidios dolosos/asesinatos consumados;2019;4
Cuenca;1.1.1.-Homicidios dolosos/asesinatos consumados;2018;1
Cuenca;1.2.-Lesiones;2024;509
Cuenca;1.2.-Lesiones;2023;546
Cuenca;1.2.-Lesiones;2022;480
Cuenca;1.2.-Lesiones;2021;472
Cuenca;1.2.-Lesiones;2020;334
Cuenca;1.2.-Lesiones;2019;423
Cuenca;1.2.-Lesiones;2018;406
Cuenca;1.3.-Malos tratos ámbito familiar;2024;315
Cuenca;1.3.-Malos tratos ámbito familiar;2023;313
Cuenca;1.3.-Malos tratos ámbito familiar;2022;278
Cuenca;1.3.-Malos tratos ámbito familiar;2021;246
Cuenca;1.3.-Malos tratos ámbito familiar;2020;225
Cuenca;1.3.-Malos tratos ámbito familiar;2019;251
Cuenca;1.3.-Malos tratos ámbito familiar;2018;218
Cuenca;1.4.-Otros contra las personas;2024;15
Cuenca;1.4.-Otros contra las personas;2023;21
Cuenca;1.4.-Otros contra las personas;2022;20
Cuenca;1.4.-Otros contra las personas;2021;15
Cuenca;1.4.-Otros contra las personas;2020;10
Cuenca;1.4.-Otros contra las personas;2019;5
Cuenca;1.4.-Otros contra las personas;2018;8
Cuenca;2. CONTRA LA LIBERTAD;2024;506
Cuenca;2. CONTRA LA LIBERTAD;2023;494
Cuenca;2. CONTRA LA LIBERTAD;2022;525
Cuenca;2. CONTRA LA LIBERTAD;2021;541
Cuenca;2. CONTRA LA LIBERTAD;2020;467
Cuenca;2. CONTRA LA LIBERTAD;2019;423
Cuenca;2. CONTRA LA LIBERTAD;2018;482
Cuenca;2.1.-Malos tratos habituales en el ámbito familiar;2024;66
Cuenca;2.1.-Malos tratos habituales en el ámbito familiar;2023;85
Cuenca;2.1.-Malos tratos habituales en el ámbito familiar;2022;75
Cuenca;2.1.-Malos tratos habituales en el ámbito familiar;2021;66
Cuenca;2.1.-Malos tratos habituales en el ámbito familiar;2020;59
Cuenca;2.1.-Malos tratos habituales en el ámbito familiar;2019;66
Cuenca;2.1.-Malos tratos habituales en el ámbito familiar;2018;87
Cuenca;2.2.-Otros contra la libertad;2024;440
Cuenca;2.2.-Otros contra la libertad;2023;409
Cuenca;2.2.-Otros contra la libertad;2022;450
Cuenca;2.2.-Otros contra la libertad;2021;475
Cuenca;2.2.-Otros contra la libertad;2020;408
Cuenca;2.2.-Otros contra la libertad;2019;357
Cuenca;2.2.-Otros contra la libertad;2018;395
Cuenca;3. LIBERTAD SEXUAL;2024;71
Cuenca;3. LIBERTAD SEXUAL;2023;50
Cuenca;3. LIBERTAD SEXUAL;2022;59
Cuenca;3. LIBERTAD SEXUAL;2021;65
Cuenca;3. LIBERTAD SEXUAL;2020;37
Cuenca;3. LIBERTAD SEXUAL;2019;63
Cuenca;3. LIBERTAD SEXUAL;2018;46
Cuenca;3.1.-Agresión sexual;2024;45
Cuenca;3.1.-Agresión sexual;2023;32
Cuenca;3.1.-Agresión sexual;2022;34
Cuenca;3.1.-Agresión sexual;2021;40
Cuenca;3.1.-Agresión sexual;2020;18
Cuenca;3.1.-Agresión sexual;2019;36
Cuenca;3.1.-Agresión sexual;2018;28
Cuenca;3.2.-Agresión sexual con penetración;2024;13
Cuenca;3.2.-Agresión sexual con penetración;2023;7
Cuenca;3.2.-Agresión sexual con penetración;2022;17
Cuenca;3.2.-Agresión sexual con penetración;2021;11
Cuenca;3.2.-Agresión sexual con penetración;2020;12
Cuenca;3.2.-Agresión sexual con penetración;2019;8
Cuenca;3.2.-Agresión sexual con penetración;2018;14
Cuenca;3.3.-Corrupción de menores o incapacitados;2024;0
Cuenca;3.3.-Corrupción de menores o incapacitados;2023;1
Cuenca;3.3.-Corrupción de menores o incapacitados;2022;1
Cuenca;3.3.-Corrupción de menores o incapacitados;2021;3
Cuenca;3.3.-Corrupción de menores o incapacitados;2020;1
Cuenca;3.3.-Corrupción de menores o incapacitados;2019;3
Cuenca;3.3.-Corrupción de menores o incapacitados;2018;0
Cuenca;3.4.-Pornografía de menores;2024;4
Cuenca;3.4.-Pornografía de menores;2023;3
Cuenca;3.4.-Pornografía de menores;2022;1
Cuenca;3.4.-Pornografía de menores;2021;3
Cuenca;3.4.-Pornografía de menores;2020;2
Cuenca;3.4.-Pornografía de menores;2019;1
Cuenca;3.4.-Pornografía de menores;2018;0
Cuenca;3.5.-Otros contra la libertad sexual;2024;9
Cuenca;3.5.-Otros contra la libertad sexual;2023;7
Cuenca;3.5.-Otros contra la libertad sexual;2022;6
Cuenca;3.5.-Otros contra la libertad sexual;2021;8
Cuenca;3.5.-Otros contra la libertad sexual;2020;4
Cuenca;3.5.-Otros contra la libertad sexual;2019;15
Cuenca;3.5.-Otros contra la libertad sexual;2018;4
Cuenca;4. RELACIONES FAMILIARES;2024;22
Cuenca;4. RELACIONES FAMILIARES;2023;26
Cuenca;4. RELACIONES FAMILIARES;2022;21
Cuenca;4. RELACIONES FAMILIARES;2021;13
Cuenca;4. RELACIONES FAMILIARES;2020;16
Cuenca;4. RELACIONES FAMILIARES;2019;15
Cuenca;4. RELACIONES FAMILIARES;2018;22
Cuenca;5. PATRIMONIO;2024;4.472
Cuenca;5. PATRIMONIO;2023;5.022
Cuenca;5. PATRIMONIO;2022;4.862
Cuenca;5. PATRIMONIO;2021;4.028
Cuenca;5. PATRIMONIO;2020;3.639
Cuenca;5. PATRIMONIO;2019;4.372
Cuenca;5. PATRIMONIO;2018;4.221
Cuenca;5.1.-Hurtos;2024;939
Cuenca;5.1.-Hurtos;2023;1.159
Cuenca;5.1.-Hurtos;2022;1.096
Cuenca;5.1.-Hurtos;2021;863
Cuenca;5.1.-Hurtos;2020;736
Cuenca;5.1.-Hurtos;2019;1.142
Cuenca;5.1.-Hurtos;2018;1.169
Cuenca;5.2.-Robos con fuerza en las cosas;2024;942
Cuenca;5.2.-Robos con fuerza en las cosas;2023;1.066
Cuenca;5.2.-Robos con fuerza en las cosas;2022;1.000
Cuenca;5.2.-Robos con fuerza en las cosas;2021;714
Cuenca;5.2.-Robos con fuerza en las cosas;2020;661
Cuenca;5.2.-Robos con fuerza en las cosas;2019;929
Cuenca;5.2.-Robos con fuerza en las cosas;2018;1.039
Cuenca;5.2.1.-Robos con fuerza en las cosas en el interior de vehículos;2024;191
Cuenca;5.2.1.-Robos con fuerza en las cosas en el interior de vehículos;2023;252
Cuenca;5.2.1.-Robos con fuerza en las cosas en el interior de vehículos;2022;217
Cuenca;5.2.1.-Robos con fuerza en las cosas en el interior de vehículos;2021;155
Cuenca;5.2.1.-Robos con fuerza en las cosas en el interior de vehículos;2020;144
Cuenca;5.2.1.-Robos con fuerza en las cosas en el interior de vehículos;2019;144
Cuenca;5.2.1.-Robos con fuerza en las cosas en el interior de vehículos;2018;228
Cuenca;5.2.2.-Robos con fuerza en viviendas;2024;306
Cuenca;5.2.2.-Robos con fuerza en viviendas;2023;325
Cuenca;5.2.2.-Robos con fuerza en viviendas;2022;263
Cuenca;5.2.2.-Robos con fuerza en viviendas;2021;231
Cuenca;5.2.2.-Robos con fuerza en viviendas;2020;237
Cuenca;5.2.2.-Robos con fuerza en viviendas;2019;363
Cuenca;5.2.2.-Robos con fuerza en viviendas;2018;374
Cuenca;5.2.3.-Robos con fuerza en establecimientos;2024;133
Cuenca;5.2.3.-Robos con fuerza en establecimientos;2023;131
Cuenca;5.2.3.-Robos con fuerza en establecimientos;2022;166
Cuenca;5.2.3.-Robos con fuerza en establecimientos;2021;118
Cuenca;5.2.3.-Robos con fuerza en establecimientos;2020;83
Cuenca;5.2.3.-Robos con fuerza en establecimientos;2019;154
Cuenca;5.2.3.-Robos con fuerza en establecimientos;2018;178
Cuenca;5.3.-Robos con violencia o intimidación;2024;61
Cuenca;5.3.-Robos con violencia o intimidación;2023;49
Cuenca;5.3.-Robos con violencia o intimidación;2022;47
Cuenca;5.3.-Robos con violencia o intimidación;2021;79
Cuenca;5.3.-Robos con violencia o intimidación;2020;66
Cuenca;5.3.-Robos con violencia o intimidación;2019;95
Cuenca;5.3.-Robos con violencia o intimidación;2018;76
Cuenca;5.3.1.-Robos con violencia en vía pública;2024;29
Cuenca;5.3.1.-Robos con violencia en vía pública;2023;17
Cuenca;5.3.1.-Robos con violencia en vía pública;2022;26
Cuenca;5.3.1.-Robos con violencia en vía pública;2021;32
Cuenca;5.3.1.-Robos con violencia en vía pública;2020;28
Cuenca;5.3.1.-Robos con violencia en vía pública;2019;49
Cuenca;5.3.1.-Robos con violencia en vía pública;2018;39
Cuenca;5.3.2.-Robos con violencia en viviendas;2024;14
Cuenca;5.3.2.-Robos con violencia en viviendas;2023;16
Cuenca;5.3.2.-Robos con violencia en viviendas;2022;8
Cuenca;5.3.2.-Robos con violencia en viviendas;2021;16
Cuenca;5.3.2.-Robos con violencia en viviendas;2020;9
Cuenca;5.3.2.-Robos con violencia en viviendas;2019;11
Cuenca;5.3.2.-Robos con violencia en viviendas;2018;20
Cuenca;5.3.3.-Robos con violencia en establecimientos;2024;11
Cuenca;5.3.3.-Robos con violencia en establecimientos;2023;8
Cuenca;5.3.3.-Robos con violencia en establecimientos;2022;4
Cuenca;5.3.3.-Robos con violencia en establecimientos;2021;17
Cuenca;5.3.3.-Robos con violencia en establecimientos;2020;23
Cuenca;5.3.3.-Robos con violencia en establecimientos;2019;20
Cuenca;5.3.3.-Robos con violencia en establecimientos;2018;9
Cuenca;5.4.-Sustracción de vehículos;2024;25
Cuenca;5.4.-Sustracción de vehículos;2023;24
Cuenca;5.4.-Sustracción de vehículos;2022;31
Cuenca;5.4.-Sustracción de vehículos;2021;30
Cuenca;5.4.-Sustracción de vehículos;2020;28
Cuenca;5.4.-Sustracción de vehículos;2019;27
Cuenca;5.4.-Sustracción de vehículos;2018;38
Cuenca;5.5.-Estafas;2024;1.494
Cuenca;5.5.-Estafas;2023;1.691
Cuenca;5.5.-Estafas;2022;1.607
Cuenca;5.5.-Estafas;2021;1.369
Cuenca;5.5.-Estafas;2020;1.285
Cuenca;5.5.-Estafas;2019;1.151
Cuenca;5.5.-Estafas;2018;853
Cuenca;5.5.1.-Estafas informáticas;2024;1.308
Cuenca;5.5.1.-Estafas informáticas;2023;1.536
Cuenca;5.5.1.-Estafas informáticas;2022;1.411
Cuenca;5.5.1.-Estafas informáticas;2021;1.157
Cuenca;5.5.1.-Estafas informáticas;2020;1.074
Cuenca;5.5.1.-Estafas informáticas;2019;919
Cuenca;5.5.1.-Estafas informáticas;2018;491
Cuenca;5.6.-Daños;2024;793
Cuenca;5.6.-Daños;2023;819
Cuenca;5.6.-Daños;2022;813
Cuenca;5.6.-Daños;2021;755
Cuenca;5.6.-Daños;2020;710
Cuenca;5.6.-Daños;2019;853
Cuenca;5.6.-Daños;2018;861
Cuenca;5.7.-Contra la propiedad intelectual/industrial;2024;8
Cuenca;5.7.-Contra la propiedad intelectual/industrial;2023;12
Cuenca;5.7.-Contra la propiedad intelectual/industrial;2022;3
Cuenca;5.7.-Contra la propiedad intelectual/industrial;2021;4
Cuenca;5.7.-Contra la propiedad intelectual/industrial;2020;2
Cuenca;5.7.-Contra la propiedad intelectual/industrial;2019;2
Cuenca;5.7.-Contra la propiedad intelectual/industrial;2018;4
Cuenca;5.8.-Blanqueo de capitales;2024;8
Cuenca;5.8.-Blanqueo de capitales;2023;2
Cuenca;5.8.-Blanqueo de capitales;2022;2
Cuenca;5.8.-Blanqueo de capitales;2021;1
Cuenca;5.8.-Blanqueo de capitales;2020;1
Cuenca;5.8.-Blanqueo de capitales;2019;3
Cuenca;5.8.-Blanqueo de capitales;2018;1
Cuenca;5.9.-Otros contra el patrimonio;2024;202
Cuenca;5.9.-Otros contra el patrimonio;2023;200
Cuenca;5.9.-Otros contra el patrimonio;2022;263
Cuenca;5.9.-Otros contra el patrimonio;2021;213
Cuenca;5.9.-Otros contra el patrimonio;2020;150
Cuenca;5.9.-Otros contra el patrimonio;2019;170
Cuenca;5.9.-Otros contra el patrimonio;2018;180
Cuenca;6. SEGURIDAD COLECTIVA;2024;429
Cuenca;6. SEGURIDAD COLECTIVA;2023;397
Cuenca;6. SEGURIDAD COLECTIVA;2022;366
Cuenca;6. SEGURIDAD COLECTIVA;2021;344
Cuenca;6. SEGURIDAD COLECTIVA;2020;280
Cuenca;6. SEGURIDAD COLECTIVA;2019;298
Cuenca;6. SEGURIDAD COLECTIVA;2018;248
Cuenca;6.1.-Tráfico de drogas;2024;45
Cuenca;6.1.-Tráfico de drogas;2023;49
Cuenca;6.1.-Tráfico de drogas;2022;47
Cuenca;6.1.-Tráfico de drogas;2021;49
Cuenca;6.1.-Tráfico de drogas;2020;55
Cuenca;6.1.-Tráfico de drogas;2019;38
Cuenca;6.1.-Tráfico de drogas;2018;26
Cuenca;6.2.-Contra la seguridad vial;2024;371
Cuenca;6.2.-Contra la seguridad vial;2023;337
Cuenca;6.2.-Contra la seguridad vial;2022;309
Cuenca;6.2.-Contra la seguridad vial;2021;286
Cuenca;6.2.-Contra la seguridad vial;2020;220
Cuenca;6.2.-Contra la seguridad vial;2019;248
Cuenca;6.2.-Contra la seguridad vial;2018;219
Cuenca;6.3.-Otros contra la seguridad colectiva;2024;13
Cuenca;6.3.-Otros contra la seguridad colectiva;2023;11
Cuenca;6.3.-Otros contra la seguridad colectiva;2022;10
Cuenca;6.3.-Otros contra la seguridad colectiva;2021;9
Cuenca;6.3.-Otros contra la seguridad colectiva;2020;5
Cuenca;6.3.-Otros contra la seguridad colectiva;2019;12
Cuenca;6.3.-Otros contra la seguridad colectiva;2018;3
Cuenca;7. FALSEDADES;2024;150
Cuenca;7. FALSEDADES;2023;151
Cuenca;7. FALSEDADES;2022;129
Cuenca;7. FALSEDADES;2021;122
Cuenca;7. FALSEDADES;2020;99
Cuenca;7. FALSEDADES;2019;100
Cuenca;7. FALSEDADES;2018;82
Cuenca;8. ADMÓN. PÚBLICA;2024;1
Cuenca;8. ADMÓN. PÚBLICA;2023;3
Cuenca;8. ADMÓN. PÚBLICA;2022;0
Cuenca;8. ADMÓN. PÚBLICA;2021;6
Cuenca;8. ADMÓN. PÚBLICA;2020;1
Cuenca;8. ADMÓN. PÚBLICA;2019;22
Cuenca;8. ADMÓN. PÚBLICA;2018;21
Cuenca;9. ADMÓN. JUSTICIA;2024;184
Cuenca;9. ADMÓN. JUSTICIA;2023;185
Cuenca;9. ADMÓN. JUSTICIA;2022;171
Cuenca;9. ADMÓN. JUSTICIA;2021;143
Cuenca;9. ADMÓN. JUSTICIA;2020;121
Cuenca;9. ADMÓN. JUSTICIA;2019;121
Cuenca;9. ADMÓN. JUSTICIA;2018;107
Cuenca;10. ORDEN PÚBLICO;2024;96
Cuenca;10. ORDEN PÚBLICO;2023;81
Cuenca;10. ORDEN PÚBLICO;2022;53
Cuenca;10. ORDEN PÚBLICO;2021;88
Cuenca;10. ORDEN PÚBLICO;2020;75
Cuenca;10. ORDEN PÚBLICO;2019;52
Cuenca;10. ORDEN PÚBLICO;2018;45
Cuenca;11. LEGISLACIÓN ESPECIAL;2024;3
Cuenca;11. LEGISLACIÓN ESPECIAL;2023;0
Cuenca;11. LEGISLACIÓN ESPECIAL;2022;0
Cuenca;11. LEGISLACIÓN ESPECIAL;2021;0
Cuenca;11. LEGISLACIÓN ESPECIAL;2020;0
Cuenca;11. LEGISLACIÓN ESPECIAL;2019;2
Cuenca;11. LEGISLACIÓN ESPECIAL;2018;2
Cuenca;12. OTRAS INFRACCIONES PENALES;2024;59
Cuenca;12. OTRAS INFRACCIONES PENALES;2023;99
Cuenca;12. OTRAS INFRACCIONES PENALES;2022;67
Cuenca;12. OTRAS INFRACCIONES PENALES;2021;77
Cuenca;12. OTRAS INFRACCIONES PENALES;2020;93
Cuenca;12. OTRAS INFRACCIONES PENALES;2019;67
Cuenca;12. OTRAS INFRACCIONES PENALES;2018;65
Cuenca;TOTAL INFRACCIONES PENALES;2024;6.837
Cuenca;TOTAL INFRACCIONES PENALES;2023;7.394
Cuenca;TOTAL INFRACCIONES PENALES;2022;7.038
Cuenca;TOTAL INFRACCIONES PENALES;2021;6.167
Cuenca;TOTAL INFRACCIONES PENALES;2020;5.401
Cuenca;TOTAL INFRACCIONES PENALES;2019;6.222
Cuenca;TOTAL INFRACCIONES PENALES;2018;5.979
Girona;1. CONTRA LAS PERSONAS;2024;3.053
Girona;1. CONTRA LAS PERSONAS;2023;2.915
Girona;1. CONTRA LAS PERSONAS;2022;2.941
Girona;1. CONTRA LAS PERSONAS;2021;2.414
Girona;1. CONTRA LAS PERSONAS;2020;2.058
Girona;1. CONTRA LAS PERSONAS;2019;2.666
Girona;1. CONTRA LAS PERSONAS;2018;2.487
Girona;1.1.-Homicidios dolosos/asesinatos;2024;30
Girona;1.1.-Homicidios dolosos/asesinatos;2023;27
Girona;1.1.-Homicidios dolosos/asesinatos;2022;25
Girona;1.1.-Homicidios dolosos/asesinatos;2021;27
Girona;1.1.-Homicidios dolosos/asesinatos;2020;23
Girona;1.1.-Homicidios dolosos/asesinatos;2019;23
Girona;1.1.-Homicidios dolosos/asesinatos;2018;16
Girona;1.1.1.-Homicidios dolosos/asesinatos consumados;2024;9
Girona;1.1.1.-Homicidios dolosos/asesinatos consumados;2023;8
Girona;1.1.1.-Homicidios dolosos/asesinatos consumados;2022;10
Girona;1.1.1.-Homicidios dolosos/asesinatos consumados;2021;6
Girona;1.1.1.-Homicidios dolosos/asesinatos consumados;2020;7
Girona;1.1.1.-Homicidios dolosos/asesinatos consumados;2019;8
Girona;1.1.1.-Homicidios dolosos/asesinatos consumados;2018;7
Girona;1.2.-Lesiones;2024;1.918
Girona;1.2.-Lesiones;2023;1.840
Girona;1.2.-Lesiones;2022;1.833
Girona;1.2.-Lesiones;2021;1.437
Girona;1.2.-Lesiones;2020;1.146
Girona;1.2.-Lesiones;2019;1.632
Girona;1.2.-Lesiones;2018;1.541
Girona;1.3.-Malos tratos ámbito familiar;2024;1.039
Girona;1.3.-Malos tratos ámbito familiar;2023;985
Girona;1.3.-Malos tratos ámbito familiar;2022;1.022
Girona;1.3.-Malos tratos ámbito familiar;2021;899
Girona;1.3.-Malos tratos ámbito familiar;2020;851
Girona;1.3.-Malos tratos ámbito familiar;2019;972
Girona;1.3.-Malos tratos ámbito familiar;2018;890
Girona;1.4.-Otros contra las personas;2024;66
Girona;1.4.-Otros contra las personas;2023;63
Girona;1.4.-Otros contra las personas;2022;61
Girona;1.4.-Otros contra las personas;2021;51
Girona;1.4.-Otros contra las personas;2020;38
Girona;1.4.-Otros contra las personas;2019;39
Girona;1.4.-Otros contra las personas;2018;40
Girona;2. CONTRA LA LIBERTAD;2024;2.605
Girona;2. CONTRA LA LIBERTAD;2023;2.571
Girona;2. CONTRA LA LIBERTAD;2022;2.406
Girona;2. CONTRA LA LIBERTAD;2021;2.304
Girona;2. CONTRA LA LIBERTAD;2020;1.658
Girona;2. CONTRA LA LIBERTAD;2019;2.103
Girona;2. CONTRA LA LIBERTAD;2018;2.142
Girona;2.1.-Malos tratos habituales en el ámbito familiar;2024;173
Girona;2.1.-Malos tratos habituales en el ámbito familiar;2023;227
Girona;2.1.-Malos tratos habituales en el ámbito familiar;2022;165
Girona;2.1.-Malos tratos habituales en el ámbito familiar;2021;186
Girona;2.1.-Malos tratos habituales en el ámbito familiar;2020;125
Girona;2.1.-Malos tratos habituales en el ámbito familiar;2019;174
Girona;2.1.-Malos tratos habituales en el ámbito familiar;2018;163
Girona;2.2.-Otros contra la libertad;2024;2.432
Girona;2.2.-Otros contra la libertad;2023;2.344
Girona;2.2.-Otros contra la libertad;2022;2.241
Girona;2.2.-Otros contra la libertad;2021;2.118
Girona;2.2.-Otros contra la libertad;2020;1.533
Girona;2.2.-Otros contra la libertad;2019;1.929
Girona;2.2.-Otros contra la libertad;2018;1.979
Girona;3. LIBERTAD SEXUAL;2024;505
Girona;3. LIBERTAD SEXUAL;2023;426
Girona;3. LIBERTAD SEXUAL;2022;374
Girona;3. LIBERTAD SEXUAL;2021;329
Girona;3. LIBERTAD SEXUAL;2020;230
Girona;3. LIBERTAD SEXUAL;2019;310
Girona;3. LIBERTAD SEXUAL;2018;263
Girona;3.1.-Agresión sexual;2024;254
Girona;3.1.-Agresión sexual;2023;202
Girona;3.1.-Agresión sexual;2022;226
Girona;3.1.-Agresión sexual;2021;195
Girona;3.1.-Agresión sexual;2020;120
Girona;3.1.-Agresión sexual;2019;174
Girona;3.1.-Agresión sexual;2018;130
Girona;3.2.-Agresión sexual con penetración;2024;185
Girona;3.2.-Agresión sexual con penetración;2023;156
Girona;3.2.-Agresión sexual con penetración;2022;108
Girona;3.2.-Agresión sexual con penetración;2021;94
Girona;3.2.-Agresión sexual con penetración;2020;71
Girona;3.2.-Agresión sexual con penetración;2019;88
Girona;3.2.-Agresión sexual con penetración;2018;80
Girona;3.3.-Corrupción de menores o incapacitados;2024;1
Girona;3.3.-Corrupción de menores o incapacitados;2023;1
Girona;3.3.-Corrupción de menores o incapacitados;2022;2
Girona;3.3.-Corrupción de menores o incapacitados;2021;1
Girona;3.3.-Corrupción de menores o incapacitados;2020;1
Girona;3.3.-Corrupción de menores o incapacitados;2019;0
Girona;3.3.-Corrupción de menores o incapacitados;2018;0
Girona;3.4.-Pornografía de menores;2024;18
Girona;3.4.-Pornografía de menores;2023;17
Girona;3.4.-Pornografía de menores;2022;15
Girona;3.4.-Pornografía de menores;2021;8
Girona;3.4.-Pornografía de menores;2020;16
Girona;3.4.-Pornografía de menores;2019;12
Girona;3.4.-Pornografía de menores;2018;18
Girona;3.5.-Otros contra la libertad sexual;2024;47
Girona;3.5.-Otros contra la libertad sexual;2023;50
Girona;3.5.-Otros contra la libertad sexual;2022;23
Girona;3.5.-Otros contra la libertad sexual;2021;31
Girona;3.5.-Otros contra la libertad sexual;2020;22
Girona;3.5.-Otros contra la libertad sexual;2019;36
Girona;3.5.-Otros contra la libertad sexual;2018;35
Girona;4. RELACIONES FAMILIARES;2024;153
Girona;4. RELACIONES FAMILIARES;2023;167
Girona;4. RELACIONES FAMILIARES;2022;179
Girona;4. RELACIONES FAMILIARES;2021;173
Girona;4. RELACIONES FAMILIARES;2020;178
Girona;4. RELACIONES FAMILIARES;2019;198
Girona;4. RELACIONES FAMILIARES;2018;210
Girona;5. PATRIMONIO;2024;39.489
Girona;5. PATRIMONIO;2023;38.044
Girona;5. PATRIMONIO;2022;37.386
Girona;5. PATRIMONIO;2021;30.929
Girona;5. PATRIMONIO;2020;28.125
Girona;5. PATRIMONIO;2019;36.983
Girona;5. PATRIMONIO;2018;35.357
Girona;5.1.-Hurtos;2024;13.887
Girona;5.1.-Hurtos;2023;12.993
Girona;5.1.-Hurtos;2022;13.317
Girona;5.1.-Hurtos;2021;9.858
Girona;5.1.-Hurtos;2020;8.366
Girona;5.1.-Hurtos;2019;12.408
Girona;5.1.-Hurtos;2018;12.941
Girona;5.2.-Robos con fuerza en las cosas;2024;7.309
Girona;5.2.-Robos con fuerza en las cosas;2023;6.971
Girona;5.2.-Robos con fuerza en las cosas;2022;8.007
Girona;5.2.-Robos con fuerza en las cosas;2021;7.091
Girona;5.2.-Robos con fuerza en las cosas;2020;6.880
Girona;5.2.-Robos con fuerza en las cosas;2019;10.344
Girona;5.2.-Robos con fuerza en las cosas;2018;8.907
Girona;5.2.1.-Robos con fuerza en las cosas en el interior de vehículos;2024;2.726
Girona;5.2.1.-Robos con fuerza en las cosas en el interior de vehículos;2023;2.352
Girona;5.2.1.-Robos con fuerza en las cosas en el interior de vehículos;2022;3.063
Girona;5.2.1.-Robos con fuerza en las cosas en el interior de vehículos;2021;2.476
Girona;5.2.1.-Robos con fuerza en las cosas en el interior de vehículos;2020;14
Girona;5.2.1.-Robos con fuerza en las cosas en el interior de vehículos;2019;4.088
Girona;5.2.1.-Robos con fuerza en las cosas en el interior de vehículos;2018;2.955
Girona;5.2.2.-Robos con fuerza en viviendas;2024;2.520
Girona;5.2.2.-Robos con fuerza en viviendas;2023;2.561
Girona;5.2.2.-Robos con fuerza en viviendas;2022;2.728
Girona;5.2.2.-Robos con fuerza en viviendas;2021;2.710
Girona;5.2.2.-Robos con fuerza en viviendas;2020;2.554
Girona;5.2.2.-Robos con fuerza en viviendas;2019;3.630
Girona;5.2.2.-Robos con fuerza en viviendas;2018;3.629
Girona;5.2.3.-Robos con fuerza en establecimientos;2024;895
Girona;5.2.3.-Robos con fuerza en establecimientos;2023;850
Girona;5.2.3.-Robos con fuerza en establecimientos;2022;910
Girona;5.2.3.-Robos con fuerza en establecimientos;2021;755
Girona;5.2.3.-Robos con fuerza en establecimientos;2020;742
Girona;5.2.3.-Robos con fuerza en establecimientos;2019;0
Girona;5.2.3.-Robos con fuerza en establecimientos;2018;0
Girona;5.3.-Robos con violencia o intimidación;2024;1.195
Girona;5.3.-Robos con violencia o intimidación;2023;1.054
Girona;5.3.-Robos con violencia o intimidación;2022;1.012
Girona;5.3.-Robos con violencia o intimidación;2021;877
Girona;5.3.-Robos con violencia o intimidación;2020;754
Girona;5.3.-Robos con violencia o intimidación;2019;1.109
Girona;5.3.-Robos con violencia o intimidación;2018;956
Girona;5.3.1.-Robos con violencia en vía pública;2024;705
Girona;5.3.1.-Robos con violencia en vía pública;2023;636
Girona;5.3.1.-Robos con violencia en vía pública;2022;589
Girona;5.3.1.-Robos con violencia en vía pública;2021;537
Girona;5.3.1.-Robos con violencia en vía pública;2020;497
Girona;5.3.1.-Robos con violencia en vía pública;2019;0
Girona;5.3.1.-Robos con violencia en vía pública;2018;0
Girona;5.3.2.-Robos con violencia en viviendas;2024;90
Girona;5.3.2.-Robos con violencia en viviendas;2023;77
Girona;5.3.2.-Robos con violencia en viviendas;2022;76
Girona;5.3.2.-Robos con violencia en viviendas;2021;71
Girona;5.3.2.-Robos con violencia en viviendas;2020;60
Girona;5.3.2.-Robos con violencia en viviendas;2019;40
Girona;5.3.2.-Robos con violencia en viviendas;2018;29
Girona;5.3.3.-Robos con violencia en establecimientos;2024;194
Girona;5.3.3.-Robos con violencia en establecimientos;2023;132
Girona;5.3.3.-Robos con violencia en establecimientos;2022;156
Girona;5.3.3.-Robos con violencia en establecimientos;2021;110
Girona;5.3.3.-Robos con violencia en establecimientos;2020;84
Girona;5.3.3.-Robos con violencia en establecimientos;2019;0
Girona;5.3.3.-Robos con violencia en establecimientos;2018;0
Girona;5.4.-Sustracción de vehículos;2024;812
Girona;5.4.-Sustracción de vehículos;2023;686
Girona;5.4.-Sustracción de vehículos;2022;585
Girona;5.4.-Sustracción de vehículos;2021;497
Girona;5.4.-Sustracción de vehículos;2020;511
Girona;5.4.-Sustracción de vehículos;2019;686
Girona;5.4.-Sustracción de vehículos;2018;590
Girona;5.5.-Estafas;2024;10.344
Girona;5.5.-Estafas;2023;10.771
Girona;5.5.-Estafas;2022;8.719
Girona;5.5.-Estafas;2021;6.805
Girona;5.5.-Estafas;2020;6.456
Girona;5.5.-Estafas;2019;6.341
Girona;5.5.-Estafas;2018;6.229
Girona;5.5.1.-Estafas informáticas;2024;7.652
Girona;5.5.1.-Estafas informáticas;2023;8.397
Girona;5.5.1.-Estafas informáticas;2022;6.833
Girona;5.5.1.-Estafas informáticas;2021;5.371
Girona;5.5.1.-Estafas informáticas;2020;5.239
Girona;5.5.1.-Estafas informáticas;2019;4.285
Girona;5.5.1.-Estafas informáticas;2018;3.928
Girona;5.6.-Daños;2024;4.290
Girona;5.6.-Daños;2023;4.148
Girona;5.6.-Daños;2022;4.299
Girona;5.6.-Daños;2021;3.982
Girona;5.6.-Daños;2020;3.753
Girona;5.6.-Daños;2019;4.664
Girona;5.6.-Daños;2018;4.318
Girona;5.7.-Contra la propiedad intelectual/industrial;2024;75
Girona;5.7.-Contra la propiedad intelectual/industrial;2023;51
Girona;5.7.-Contra la propiedad intelectual/industrial;2022;39
Girona;5.7.-Contra la propiedad intelectual/industrial;2021;35
Girona;5.7.-Contra la propiedad intelectual/industrial;2020;25
Girona;5.7.-Contra la propiedad intelectual/industrial;2019;50
Girona;5.7.-Contra la propiedad intelectual/industrial;2018;43
Girona;5.8.-Blanqueo de capitales;2024;9
Girona;5.8.-Blanqueo de capitales;2023;9
Girona;5.8.-Blanqueo de capitales;2022;6
Girona;5.8.-Blanqueo de capitales;2021;4
Girona;5.8.-Blanqueo de capitales;2020;2
Girona;5.8.-Blanqueo de capitales;2019;4
Girona;5.8.-Blanqueo de capitales;2018;2
Girona;5.9.-Otros contra el patrimonio;2024;1.568
Girona;5.9.-Otros contra el patrimonio;2023;1.361
Girona;5.9.-Otros contra el patrimonio;2022;1.402
Girona;5.9.-Otros contra el patrimonio;2021;1.780
Girona;5.9.-Otros contra el patrimonio;2020;1.378
Girona;5.9.-Otros contra el patrimonio;2019;1.377
Girona;5.9.-Otros contra el patrimonio;2018;1.371
Girona;6. SEGURIDAD COLECTIVA;2024;2.554
Girona;6. SEGURIDAD COLECTIVA;2023;2.317
Girona;6. SEGURIDAD COLECTIVA;2022;2.146
Girona;6. SEGURIDAD COLECTIVA;2021;1.739
Girona;6. SEGURIDAD COLECTIVA;2020;1.295
Girona;6. SEGURIDAD COLECTIVA;2019;1.648
Girona;6. SEGURIDAD COLECTIVA;2018;1.620
Girona;6.1.-Tráfico de drogas;2024;541
Girona;6.1.-Tráfico de drogas;2023;553
Girona;6.1.-Tráfico de drogas;2022;450
Girona;6.1.-Tráfico de drogas;2021;435
Girona;6.1.-Tráfico de drogas;2020;390
Girona;6.1.-Tráfico de drogas;2019;434
Girona;6.1.-Tráfico de drogas;2018;400
Girona;6.2.-Contra la seguridad vial;2024;1.969
Girona;6.2.-Contra la seguridad vial;2023;1.724
Girona;6.2.-Contra la seguridad vial;2022;1.664
Girona;6.2.-Contra la seguridad vial;2021;1.270
Girona;6.2.-Contra la seguridad vial;2020;877
Girona;6.2.-Contra la seguridad vial;2019;1.168
Girona;6.2.-Contra la seguridad vial;2018;1.192
Girona;6.3.-Otros contra la seguridad colectiva;2024;44
Girona;6.3.-Otros contra la seguridad colectiva;2023;40
Girona;6.3.-Otros contra la seguridad colectiva;2022;32
Girona;6.3.-Otros contra la seguridad colectiva;2021;34
Girona;6.3.-Otros contra la seguridad colectiva;2020;28
Girona;6.3.-Otros contra la seguridad colectiva;2019;46
Girona;6.3.-Otros contra la seguridad colectiva;2018;28
Girona;7. FALSEDADES;2024;657
Girona;7. FALSEDADES;2023;577
Girona;7. FALSEDADES;2022;579
Girona;7. FALSEDADES;2021;482
Girona;7. FALSEDADES;2020;305
Girona;7. FALSEDADES;2019;397
Girona;7. FALSEDADES;2018;371
Girona;8. ADMÓN. PÚBLICA;2024;23
Girona;8. ADMÓN. PÚBLICA;2023;22
Girona;8. ADMÓN. PÚBLICA;2022;67
Girona;8. ADMÓN. PÚBLICA;2021;32
Girona;8. ADMÓN. PÚBLICA;2020;3
Girona;8. ADMÓN. PÚBLICA;2019;6
Girona;8. ADMÓN. PÚBLICA;2018;10
Girona;9. ADMÓN. JUSTICIA;2024;548
Girona;9. ADMÓN. JUSTICIA;2023;501
Girona;9. ADMÓN. JUSTICIA;2022;498
Girona;9. ADMÓN. JUSTICIA;2021;391
Girona;9. ADMÓN. JUSTICIA;2020;403
Girona;9. ADMÓN. JUSTICIA;2019;406
Girona;9. ADMÓN. JUSTICIA;2018;401
Girona;10. ORDEN PÚBLICO;2024;550
Girona;10. ORDEN PÚBLICO;2023;528
Girona;10. ORDEN PÚBLICO;2022;573
Girona;10. ORDEN PÚBLICO;2021;420
Girona;10. ORDEN PÚBLICO;2020;390
Girona;10. ORDEN PÚBLICO;2019;417
Girona;10. ORDEN PÚBLICO;2018;325
Girona;11. LEGISLACIÓN ESPECIAL;2024;2
Girona;11. LEGISLACIÓN ESPECIAL;2023;2
Girona;11. LEGISLACIÓN ESPECIAL;2022;3
Girona;11. LEGISLACIÓN ESPECIAL;2021;1
Girona;11. LEGISLACIÓN ESPECIAL;2020;1
Girona;11. LEGISLACIÓN ESPECIAL;2019;0
Girona;11. LEGISLACIÓN ESPECIAL;2018;1
Girona;12. OTRAS INFRACCIONES PENALES;2024;143
Girona;12. OTRAS INFRACCIONES PENALES;2023;153
Girona;12. OTRAS INFRACCIONES PENALES;2022;121
Girona;12. OTRAS INFRACCIONES PENALES;2021;131
Girona;12. OTRAS INFRACCIONES PENALES;2020;114
Girona;12. OTRAS INFRACCIONES PENALES;2019;115
Girona;12. OTRAS INFRACCIONES PENALES;2018;110
Girona;TOTAL INFRACCIONES PENALES;2024;50.282
Girona;TOTAL INFRACCIONES PENALES;2023;48.223
Girona;TOTAL INFRACCIONES PENALES;2022;47.273
Girona;TOTAL INFRACCIONES PENALES;2021;39.345
Girona;TOTAL INFRACCIONES PENALES;2020;34.760
Girona;TOTAL INFRACCIONES PENALES;2019;45.249
Girona;TOTAL INFRACCIONES PENALES;2018;43.297
Granada;1. CONTRA LAS PERSONAS;2024;4.151
Granada;1. CONTRA LAS PERSONAS;2023;4.046
Granada;1. CONTRA LAS PERSONAS;2022;3.739
Granada;1. CONTRA LAS PERSONAS;2021;3.472
Granada;1. CONTRA LAS PERSONAS;2020;3.041
Granada;1. CONTRA LAS PERSONAS;2019;3.469
Granada;1. CONTRA LAS PERSONAS;2018;3.131
Granada;1.1.-Homicidios dolosos/asesinatos;2024;51
Granada;1.1.-Homicidios dolosos/asesinatos;2023;39
Granada;1.1.-Homicidios dolosos/asesinatos;2022;45
Granada;1.1.-Homicidios dolosos/asesinatos;2021;28
Granada;1.1.-Homicidios dolosos/asesinatos;2020;37
Granada;1.1.-Homicidios dolosos/asesinatos;2019;32
Granada;1.1.-Homicidios dolosos/asesinatos;2018;29
Granada;1.1.1.-Homicidios dolosos/asesinatos consumados;2024;9
Granada;1.1.1.-Homicidios dolosos/asesinatos consumados;2023;11
Granada;1.1.1.-Homicidios dolosos/asesinatos consumados;2022;14
Granada;1.1.1.-Homicidios dolosos/asesinatos consumados;2021;8
Granada;1.1.1.-Homicidios dolosos/asesinatos consumados;2020;10
Granada;1.1.1.-Homicidios dolosos/asesinatos consumados;2019;12
Granada;1.1.1.-Homicidios dolosos/asesinatos consumados;2018;15
Granada;1.2.-Lesiones;2024;2.258
Granada;1.2.-Lesiones;2023;2.260
Granada;1.2.-Lesiones;2022;2.206
Granada;1.2.-Lesiones;2021;1.962
Granada;1.2.-Lesiones;2020;1.605
Granada;1.2.-Lesiones;2019;2.040
Granada;1.2.-Lesiones;2018;1.899
Granada;1.3.-Malos tratos ámbito familiar;2024;1.730
Granada;1.3.-Malos tratos ámbito familiar;2023;1.634
Granada;1.3.-Malos tratos ámbito familiar;2022;1.395
Granada;1.3.-Malos tratos ámbito familiar;2021;1.389
Granada;1.3.-Malos tratos ámbito familiar;2020;1.305
Granada;1.3.-Malos tratos ámbito familiar;2019;1.307
Granada;1.3.-Malos tratos ámbito familiar;2018;1.136
Granada;1.4.-Otros contra las personas;2024;112
Granada;1.4.-Otros contra las personas;2023;113
Granada;1.4.-Otros contra las personas;2022;93
Granada;1.4.-Otros contra las personas;2021;93
Granada;1.4.-Otros contra las personas;2020;94
Granada;1.4.-Otros contra las personas;2019;90
Granada;1.4.-Otros contra las personas;2018;67
Granada;2. CONTRA LA LIBERTAD;2024;3.355
Granada;2. CONTRA LA LIBERTAD;2023;3.090
Granada;2. CONTRA LA LIBERTAD;2022;2.532
Granada;2. CONTRA LA LIBERTAD;2021;2.541
Granada;2. CONTRA LA LIBERTAD;2020;2.330
Granada;2. CONTRA LA LIBERTAD;2019;2.490
Granada;2. CONTRA LA LIBERTAD;2018;2.468
Granada;2.1.-Malos tratos habituales en el ámbito familiar;2024;446
Granada;2.1.-Malos tratos habituales en el ámbito familiar;2023;456
Granada;2.1.-Malos tratos habituales en el ámbito familiar;2022;387
Granada;2.1.-Malos tratos habituales en el ámbito familiar;2021;356
Granada;2.1.-Malos tratos habituales en el ámbito familiar;2020;328
Granada;2.1.-Malos tratos habituales en el ámbito familiar;2019;360
Granada;2.1.-Malos tratos habituales en el ámbito familiar;2018;401
Granada;2.2.-Otros contra la libertad;2024;2.909
Granada;2.2.-Otros contra la libertad;2023;2.634
Granada;2.2.-Otros contra la libertad;2022;2.145
Granada;2.2.-Otros contra la libertad;2021;2.185
Granada;2.2.-Otros contra la libertad;2020;2.002
Granada;2.2.-Otros contra la libertad;2019;2.130
Granada;2.2.-Otros contra la libertad;2018;2.067
Granada;3. LIBERTAD SEXUAL;2024;318
Granada;3. LIBERTAD SEXUAL;2023;332
Granada;3. LIBERTAD SEXUAL;2022;296
Granada;3. LIBERTAD SEXUAL;2021;268
Granada;3. LIBERTAD SEXUAL;2020;208
Granada;3. LIBERTAD SEXUAL;2019;239
Granada;3. LIBERTAD SEXUAL;2018;272
Granada;3.1.-Agresión sexual;2024;199
Granada;3.1.-Agresión sexual;2023;217
Granada;3.1.-Agresión sexual;2022;186
Granada;3.1.-Agresión sexual;2021;134
Granada;3.1.-Agresión sexual;2020;110
Granada;3.1.-Agresión sexual;2019;143
Granada;3.1.-Agresión sexual;2018;176
Granada;3.2.-Agresión sexual con penetración;2024;57
Granada;3.2.-Agresión sexual con penetración;2023;47
Granada;3.2.-Agresión sexual con penetración;2022;59
Granada;3.2.-Agresión sexual con penetración;2021;77
Granada;3.2.-Agresión sexual con penetración;2020;38
Granada;3.2.-Agresión sexual con penetración;2019;47
Granada;3.2.-Agresión sexual con penetración;2018;37
Granada;3.3.-Corrupción de menores o incapacitados;2024;5
Granada;3.3.-Corrupción de menores o incapacitados;2023;3
Granada;3.3.-Corrupción de menores o incapacitados;2022;4
Granada;3.3.-Corrupción de menores o incapacitados;2021;2
Granada;3.3.-Corrupción de menores o incapacitados;2020;4
Granada;3.3.-Corrupción de menores o incapacitados;2019;7
Granada;3.3.-Corrupción de menores o incapacitados;2018;5
Granada;3.4.-Pornografía de menores;2024;9
Granada;3.4.-Pornografía de menores;2023;8
Granada;3.4.-Pornografía de menores;2022;7
Granada;3.4.-Pornografía de menores;2021;10
Granada;3.4.-Pornografía de menores;2020;21
Granada;3.4.-Pornografía de menores;2019;5
Granada;3.4.-Pornografía de menores;2018;20
Granada;3.5.-Otros contra la libertad sexual;2024;48
Granada;3.5.-Otros contra la libertad sexual;2023;57
Granada;3.5.-Otros contra la libertad sexual;2022;40
Granada;3.5.-Otros contra la libertad sexual;2021;45
Granada;3.5.-Otros contra la libertad sexual;2020;35
Granada;3.5.-Otros contra la libertad sexual;2019;37
Granada;3.5.-Otros contra la libertad sexual;2018;34
Granada;4. RELACIONES FAMILIARES;2024;193
Granada;4. RELACIONES FAMILIARES;2023;158
Granada;4. RELACIONES FAMILIARES;2022;138
Granada;4. RELACIONES FAMILIARES;2021;157
Granada;4. RELACIONES FAMILIARES;2020;157
Granada;4. RELACIONES FAMILIARES;2019;143
Granada;4. RELACIONES FAMILIARES;2018;168
Granada;5. PATRIMONIO;2024;28.179
Granada;5. PATRIMONIO;2023;29.239
Granada;5. PATRIMONIO;2022;26.157
Granada;5. PATRIMONIO;2021;20.808
Granada;5. PATRIMONIO;2020;19.149
Granada;5. PATRIMONIO;2019;23.375
Granada;5. PATRIMONIO;2018;24.168
Granada;5.1.-Hurtos;2024;7.986
Granada;5.1.-Hurtos;2023;8.277
Granada;5.1.-Hurtos;2022;7.626
Granada;5.1.-Hurtos;2021;5.998
Granada;5.1.-Hurtos;2020;4.867
Granada;5.1.-Hurtos;2019;8.014
Granada;5.1.-Hurtos;2018;8.476
Granada;5.2.-Robos con fuerza en las cosas;2024;4.098
Granada;5.2.-Robos con fuerza en las cosas;2023;4.335
Granada;5.2.-Robos con fuerza en las cosas;2022;3.762
Granada;5.2.-Robos con fuerza en las cosas;2021;3.045
Granada;5.2.-Robos con fuerza en las cosas;2020;3.125
Granada;5.2.-Robos con fuerza en las cosas;2019;4.134
Granada;5.2.-Robos con fuerza en las cosas;2018;4.878
Granada;5.2.1.-Robos con fuerza en las cosas en el interior de vehículos;2024;1.201
Granada;5.2.1.-Robos con fuerza en las cosas en el interior de vehículos;2023;1.326
Granada;5.2.1.-Robos con fuerza en las cosas en el interior de vehículos;2022;1.078
Granada;5.2.1.-Robos con fuerza en las cosas en el interior de vehículos;2021;846
Granada;5.2.1.-Robos con fuerza en las cosas en el interior de vehículos;2020;829
Granada;5.2.1.-Robos con fuerza en las cosas en el interior de vehículos;2019;1.094
Granada;5.2.1.-Robos con fuerza en las cosas en el interior de vehículos;2018;1.662
Granada;5.2.2.-Robos con fuerza en viviendas;2024;1.561
Granada;5.2.2.-Robos con fuerza en viviendas;2023;1.653
Granada;5.2.2.-Robos con fuerza en viviendas;2022;1.439
Granada;5.2.2.-Robos con fuerza en viviendas;2021;1.178
Granada;5.2.2.-Robos con fuerza en viviendas;2020;1.123
Granada;5.2.2.-Robos con fuerza en viviendas;2019;1.604
Granada;5.2.2.-Robos con fuerza en viviendas;2018;1.615
Granada;5.2.3.-Robos con fuerza en establecimientos;2024;442
Granada;5.2.3.-Robos con fuerza en establecimientos;2023;433
Granada;5.2.3.-Robos con fuerza en establecimientos;2022;445
Granada;5.2.3.-Robos con fuerza en establecimientos;2021;431
Granada;5.2.3.-Robos con fuerza en establecimientos;2020;600
Granada;5.2.3.-Robos con fuerza en establecimientos;2019;620
Granada;5.2.3.-Robos con fuerza en establecimientos;2018;745
Granada;5.3.-Robos con violencia o intimidación;2024;668
Granada;5.3.-Robos con violencia o intimidación;2023;632
Granada;5.3.-Robos con violencia o intimidación;2022;682
Granada;5.3.-Robos con violencia o intimidación;2021;611
Granada;5.3.-Robos con violencia o intimidación;2020;566
Granada;5.3.-Robos con violencia o intimidación;2019;844
Granada;5.3.-Robos con violencia o intimidación;2018;852
Granada;5.3.1.-Robos con violencia en vía pública;2024;423
Granada;5.3.1.-Robos con violencia en vía pública;2023;381
Granada;5.3.1.-Robos con violencia en vía pública;2022;439
Granada;5.3.1.-Robos con violencia en vía pública;2021;375
Granada;5.3.1.-Robos con violencia en vía pública;2020;316
Granada;5.3.1.-Robos con violencia en vía pública;2019;511
Granada;5.3.1.-Robos con violencia en vía pública;2018;515
Granada;5.3.2.-Robos con violencia en viviendas;2024;46
Granada;5.3.2.-Robos con violencia en viviendas;2023;51
Granada;5.3.2.-Robos con violencia en viviendas;2022;54
Granada;5.3.2.-Robos con violencia en viviendas;2021;54
Granada;5.3.2.-Robos con violencia en viviendas;2020;50
Granada;5.3.2.-Robos con violencia en viviendas;2019;57
Granada;5.3.2.-Robos con violencia en viviendas;2018;62
Granada;5.3.3.-Robos con violencia en establecimientos;2024;135
Granada;5.3.3.-Robos con violencia en establecimientos;2023;143
Granada;5.3.3.-Robos con violencia en establecimientos;2022;132
Granada;5.3.3.-Robos con violencia en establecimientos;2021;123
Granada;5.3.3.-Robos con violencia en establecimientos;2020;152
Granada;5.3.3.-Robos con violencia en establecimientos;2019;173
Granada;5.3.3.-Robos con violencia en establecimientos;2018;192
Granada;5.4.-Sustracción de vehículos;2024;322
Granada;5.4.-Sustracción de vehículos;2023;331
Granada;5.4.-Sustracción de vehículos;2022;368
Granada;5.4.-Sustracción de vehículos;2021;270
Granada;5.4.-Sustracción de vehículos;2020;321
Granada;5.4.-Sustracción de vehículos;2019;430
Granada;5.4.-Sustracción de vehículos;2018;600
Granada;5.5.-Estafas;2024;9.100
Granada;5.5.-Estafas;2023;9.668
Granada;5.5.-Estafas;2022;7.873
Granada;5.5.-Estafas;2021;5.933
Granada;5.5.-Estafas;2020;6.080
Granada;5.5.-Estafas;2019;5.303
Granada;5.5.-Estafas;2018;4.478
Granada;5.5.1.-Estafas informáticas;2024;8.275
Granada;5.5.1.-Estafas informáticas;2023;8.978
Granada;5.5.1.-Estafas informáticas;2022;4.700
Granada;5.5.1.-Estafas informáticas;2021;3.870
Granada;5.5.1.-Estafas informáticas;2020;3.708
Granada;5.5.1.-Estafas informáticas;2019;2.816
Granada;5.5.1.-Estafas informáticas;2018;1.782
Granada;5.6.-Daños;2024;3.438
Granada;5.6.-Daños;2023;3.553
Granada;5.6.-Daños;2022;3.408
Granada;5.6.-Daños;2021;3.126
Granada;5.6.-Daños;2020;2.663
Granada;5.6.-Daños;2019;3.131
Granada;5.6.-Daños;2018;3.392
Granada;5.7.-Contra la propiedad intelectual/industrial;2024;37
Granada;5.7.-Contra la propiedad intelectual/industrial;2023;22
Granada;5.7.-Contra la propiedad intelectual/industrial;2022;17
Granada;5.7.-Contra la propiedad intelectual/industrial;2021;28
Granada;5.7.-Contra la propiedad intelectual/industrial;2020;13
Granada;5.7.-Contra la propiedad intelectual/industrial;2019;21
Granada;5.7.-Contra la propiedad intelectual/industrial;2018;55
Granada;5.8.-Blanqueo de capitales;2024;15
Granada;5.8.-Blanqueo de capitales;2023;17
Granada;5.8.-Blanqueo de capitales;2022;8
Granada;5.8.-Blanqueo de capitales;2021;7
Granada;5.8.-Blanqueo de capitales;2020;5
Granada;5.8.-Blanqueo de capitales;2019;7
Granada;5.8.-Blanqueo de capitales;2018;8
Granada;5.9.-Otros contra el patrimonio;2024;2.515
Granada;5.9.-Otros contra el patrimonio;2023;2.404
Granada;5.9.-Otros contra el patrimonio;2022;2.413
Granada;5.9.-Otros contra el patrimonio;2021;1.790
Granada;5.9.-Otros contra el patrimonio;2020;1.509
Granada;5.9.-Otros contra el patrimonio;2019;1.491
Granada;5.9.-Otros contra el patrimonio;2018;1.429
Granada;6. SEGURIDAD COLECTIVA;2024;2.227
Granada;6. SEGURIDAD COLECTIVA;2023;2.568
Granada;6. SEGURIDAD COLECTIVA;2022;2.486
Granada;6. SEGURIDAD COLECTIVA;2021;2.428
Granada;6. SEGURIDAD COLECTIVA;2020;2.135
Granada;6. SEGURIDAD COLECTIVA;2019;1.900
Granada;6. SEGURIDAD COLECTIVA;2018;1.848
Granada;6.1.-Tráfico de drogas;2024;1.004
Granada;6.1.-Tráfico de drogas;2023;1.178
Granada;6.1.-Tráfico de drogas;2022;1.035
Granada;6.1.-Tráfico de drogas;2021;1.007
Granada;6.1.-Tráfico de drogas;2020;792
Granada;6.1.-Tráfico de drogas;2019;646
Granada;6.1.-Tráfico de drogas;2018;680
Granada;6.2.-Contra la seguridad vial;2024;1.159
Granada;6.2.-Contra la seguridad vial;2023;1.346
Granada;6.2.-Contra la seguridad vial;2022;1.392
Granada;6.2.-Contra la seguridad vial;2021;1.377
Granada;6.2.-Contra la seguridad vial;2020;1.285
Granada;6.2.-Contra la seguridad vial;2019;1.220
Granada;6.2.-Contra la seguridad vial;2018;1.131
Granada;6.3.-Otros contra la seguridad colectiva;2024;64
Granada;6.3.-Otros contra la seguridad colectiva;2023;44
Granada;6.3.-Otros contra la seguridad colectiva;2022;59
Granada;6.3.-Otros contra la seguridad colectiva;2021;44
Granada;6.3.-Otros contra la seguridad colectiva;2020;58
Granada;6.3.-Otros contra la seguridad colectiva;2019;34
Granada;6.3.-Otros contra la seguridad colectiva;2018;37
Granada;7. FALSEDADES;2024;733
Granada;7. FALSEDADES;2023;647
Granada;7. FALSEDADES;2022;599
Granada;7. FALSEDADES;2021;610
Granada;7. FALSEDADES;2020;457
Granada;7. FALSEDADES;2019;447
Granada;7. FALSEDADES;2018;452
Granada;8. ADMÓN. PÚBLICA;2024;25
Granada;8. ADMÓN. PÚBLICA;2023;17
Granada;8. ADMÓN. PÚBLICA;2022;9
Granada;8. ADMÓN. PÚBLICA;2021;7
Granada;8. ADMÓN. PÚBLICA;2020;2
Granada;8. ADMÓN. PÚBLICA;2019;17
Granada;8. ADMÓN. PÚBLICA;2018;9
Granada;9. ADMÓN. JUSTICIA;2024;945
Granada;9. ADMÓN. JUSTICIA;2023;884
Granada;9. ADMÓN. JUSTICIA;2022;718
Granada;9. ADMÓN. JUSTICIA;2021;648
Granada;9. ADMÓN. JUSTICIA;2020;617
Granada;9. ADMÓN. JUSTICIA;2019;685
Granada;9. ADMÓN. JUSTICIA;2018;623
Granada;10. ORDEN PÚBLICO;2024;557
Granada;10. ORDEN PÚBLICO;2023;505
Granada;10. ORDEN PÚBLICO;2022;474
Granada;10. ORDEN PÚBLICO;2021;526
Granada;10. ORDEN PÚBLICO;2020;529
Granada;10. ORDEN PÚBLICO;2019;360
Granada;10. ORDEN PÚBLICO;2018;385
Granada;11. LEGISLACIÓN ESPECIAL;2024;10
Granada;11. LEGISLACIÓN ESPECIAL;2023;7
Granada;11. LEGISLACIÓN ESPECIAL;2022;17
Granada;11. LEGISLACIÓN ESPECIAL;2021;6
Granada;11. LEGISLACIÓN ESPECIAL;2020;4
Granada;11. LEGISLACIÓN ESPECIAL;2019;8
Granada;11. LEGISLACIÓN ESPECIAL;2018;0
Granada;12. OTRAS INFRACCIONES PENALES;2024;231
Granada;12. OTRAS INFRACCIONES PENALES;2023;259
Granada;12. OTRAS INFRACCIONES PENALES;2022;232
Granada;12. OTRAS INFRACCIONES PENALES;2021;241
Granada;12. OTRAS INFRACCIONES PENALES;2020;211
Granada;12. OTRAS INFRACCIONES PENALES;2019;214
Granada;12. OTRAS INFRACCIONES PENALES;2018;185
Granada;TOTAL INFRACCIONES PENALES;2024;40.924
Granada;TOTAL INFRACCIONES PENALES;2023;41.752
Granada;TOTAL INFRACCIONES PENALES;2022;37.397
Granada;TOTAL INFRACCIONES PENALES;2021;31.712
Granada;TOTAL INFRACCIONES PENALES;2020;28.840
Granada;TOTAL INFRACCIONES PENALES;2019;33.347
Granada;TOTAL INFRACCIONES PENALES;2018;33.709
Guadalajara;1. CONTRA LAS PERSONAS;2024;1.281
Guadalajara;1. CONTRA LAS PERSONAS;2023;1.190
Guadalajara;1. CONTRA LAS PERSONAS;2022;1.115
Guadalajara;1. CONTRA LAS PERSONAS;2021;1.003
Guadalajara;1. CONTRA LAS PERSONAS;2020;891
Guadalajara;1. CONTRA LAS PERSONAS;2019;1.074
Guadalajara;1. CONTRA LAS PERSONAS;2018;957
Guadalajara;1.1.-Homicidios dolosos/asesinatos;2024;10
Guadalajara;1.1.-Homicidios dolosos/asesinatos;2023;7
Guadalajara;1.1.-Homicidios dolosos/asesinatos;2022;7
Guadalajara;1.1.-Homicidios dolosos/asesinatos;2021;8
Guadalajara;1.1.-Homicidios dolosos/asesinatos;2020;4
Guadalajara;1.1.-Homicidios dolosos/asesinatos;2019;1
Guadalajara;1.1.-Homicidios dolosos/asesinatos;2018;2
Guadalajara;1.1.1.-Homicidios dolosos/asesinatos consumados;2024;6
Guadalajara;1.1.1.-Homicidios dolosos/asesinatos consumados;2023;1
Guadalajara;1.1.1.-Homicidios dolosos/asesinatos consumados;2022;3
Guadalajara;1.1.1.-Homicidios dolosos/asesinatos consumados;2021;1
Guadalajara;1.1.1.-Homicidios dolosos/asesinatos consumados;2020;1
Guadalajara;1.1.1.-Homicidios dolosos/asesinatos consumados;2019;0
Guadalajara;1.1.1.-Homicidios dolosos/asesinatos consumados;2018;1
Guadalajara;1.2.-Lesiones;2024;700
Guadalajara;1.2.-Lesiones;2023;654
Guadalajara;1.2.-Lesiones;2022;636
Guadalajara;1.2.-Lesiones;2021;537
Guadalajara;1.2.-Lesiones;2020;410
Guadalajara;1.2.-Lesiones;2019;609
Guadalajara;1.2.-Lesiones;2018;501
Guadalajara;1.3.-Malos tratos ámbito familiar;2024;565
Guadalajara;1.3.-Malos tratos ámbito familiar;2023;520
Guadalajara;1.3.-Malos tratos ámbito familiar;2022;469
Guadalajara;1.3.-Malos tratos ámbito familiar;2021;442
Guadalajara;1.3.-Malos tratos ámbito familiar;2020;465
Guadalajara;1.3.-Malos tratos ámbito familiar;2019;456
Guadalajara;1.3.-Malos tratos ámbito familiar;2018;444
Guadalajara;1.4.-Otros contra las personas;2024;6
Guadalajara;1.4.-Otros contra las personas;2023;9
Guadalajara;1.4.-Otros contra las personas;2022;3
Guadalajara;1.4.-Otros contra las personas;2021;16
Guadalajara;1.4.-Otros contra las personas;2020;12
Guadalajara;1.4.-Otros contra las personas;2019;8
Guadalajara;1.4.-Otros contra las personas;2018;10
Guadalajara;2. CONTRA LA LIBERTAD;2024;779
Guadalajara;2. CONTRA LA LIBERTAD;2023;735
Guadalajara;2. CONTRA LA LIBERTAD;2022;698
Guadalajara;2. CONTRA LA LIBERTAD;2021;701
Guadalajara;2. CONTRA LA LIBERTAD;2020;540
Guadalajara;2. CONTRA LA LIBERTAD;2019;702
Guadalajara;2. CONTRA LA LIBERTAD;2018;562
Guadalajara;2.1.-Malos tratos habituales en el ámbito familiar;2024;99
Guadalajara;2.1.-Malos tratos habituales en el ámbito familiar;2023;77
Guadalajara;2.1.-Malos tratos habituales en el ámbito familiar;2022;80
Guadalajara;2.1.-Malos tratos habituales en el ámbito familiar;2021;66
Guadalajara;2.1.-Malos tratos habituales en el ámbito familiar;2020;47
Guadalajara;2.1.-Malos tratos habituales en el ámbito familiar;2019;93
Guadalajara;2.1.-Malos tratos habituales en el ámbito familiar;2018;66
Guadalajara;2.2.-Otros contra la libertad;2024;680
Guadalajara;2.2.-Otros contra la libertad;2023;658
Guadalajara;2.2.-Otros contra la libertad;2022;618
Guadalajara;2.2.-Otros contra la libertad;2021;635
Guadalajara;2.2.-Otros contra la libertad;2020;493
Guadalajara;2.2.-Otros contra la libertad;2019;609
Guadalajara;2.2.-Otros contra la libertad;2018;496
Guadalajara;3. LIBERTAD SEXUAL;2024;112
Guadalajara;3. LIBERTAD SEXUAL;2023;104
Guadalajara;3. LIBERTAD SEXUAL;2022;89
Guadalajara;3. LIBERTAD SEXUAL;2021;68
Guadalajara;3. LIBERTAD SEXUAL;2020;69
Guadalajara;3. LIBERTAD SEXUAL;2019;70
Guadalajara;3. LIBERTAD SEXUAL;2018;68
Guadalajara;3.1.-Agresión sexual;2024;70
Guadalajara;3.1.-Agresión sexual;2023;69
Guadalajara;3.1.-Agresión sexual;2022;65
Guadalajara;3.1.-Agresión sexual;2021;39
Guadalajara;3.1.-Agresión sexual;2020;48
Guadalajara;3.1.-Agresión sexual;2019;50
Guadalajara;3.1.-Agresión sexual;2018;39
Guadalajara;3.2.-Agresión sexual con penetración;2024;17
Guadalajara;3.2.-Agresión sexual con penetración;2023;18
Guadalajara;3.2.-Agresión sexual con penetración;2022;12
Guadalajara;3.2.-Agresión sexual con penetración;2021;17
Guadalajara;3.2.-Agresión sexual con penetración;2020;11
Guadalajara;3.2.-Agresión sexual con penetración;2019;7
Guadalajara;3.2.-Agresión sexual con penetración;2018;7
Guadalajara;3.3.-Corrupción de menores o incapacitados;2024;3
Guadalajara;3.3.-Corrupción de menores o incapacitados;2023;2
Guadalajara;3.3.-Corrupción de menores o incapacitados;2022;1
Guadalajara;3.3.-Corrupción de menores o incapacitados;2021;3
Guadalajara;3.3.-Corrupción de menores o incapacitados;2020;3
Guadalajara;3.3.-Corrupción de menores o incapacitados;2019;1
Guadalajara;3.3.-Corrupción de menores o incapacitados;2018;2
Guadalajara;3.4.-Pornografía de menores;2024;7
Guadalajara;3.4.-Pornografía de menores;2023;9
Guadalajara;3.4.-Pornografía de menores;2022;3
Guadalajara;3.4.-Pornografía de menores;2021;4
Guadalajara;3.4.-Pornografía de menores;2020;1
Guadalajara;3.4.-Pornografía de menores;2019;5
Guadalajara;3.4.-Pornografía de menores;2018;4
Guadalajara;3.5.-Otros contra la libertad sexual;2024;15
Guadalajara;3.5.-Otros contra la libertad sexual;2023;6
Guadalajara;3.5.-Otros contra la libertad sexual;2022;8
Guadalajara;3.5.-Otros contra la libertad sexual;2021;5
Guadalajara;3.5.-Otros contra la libertad sexual;2020;6
Guadalajara;3.5.-Otros contra la libertad sexual;2019;7
Guadalajara;3.5.-Otros contra la libertad sexual;2018;16
Guadalajara;4. RELACIONES FAMILIARES;2024;33
Guadalajara;4. RELACIONES FAMILIARES;2023;40
Guadalajara;4. RELACIONES FAMILIARES;2022;62
Guadalajara;4. RELACIONES FAMILIARES;2021;34
Guadalajara;4. RELACIONES FAMILIARES;2020;45
Guadalajara;4. RELACIONES FAMILIARES;2019;34
Guadalajara;4. RELACIONES FAMILIARES;2018;35
Guadalajara;5. PATRIMONIO;2024;8.873
Guadalajara;5. PATRIMONIO;2023;9.487
Guadalajara;5. PATRIMONIO;2022;8.667
Guadalajara;5. PATRIMONIO;2021;6.609
Guadalajara;5. PATRIMONIO;2020;6.147
Guadalajara;5. PATRIMONIO;2019;7.043
Guadalajara;5. PATRIMONIO;2018;7.413
Guadalajara;5.1.-Hurtos;2024;1.852
Guadalajara;5.1.-Hurtos;2023;1.905
Guadalajara;5.1.-Hurtos;2022;1.864
Guadalajara;5.1.-Hurtos;2021;1.552
Guadalajara;5.1.-Hurtos;2020;1.315
Guadalajara;5.1.-Hurtos;2019;1.843
Guadalajara;5.1.-Hurtos;2018;1.900
Guadalajara;5.2.-Robos con fuerza en las cosas;2024;1.439
Guadalajara;5.2.-Robos con fuerza en las cosas;2023;1.719
Guadalajara;5.2.-Robos con fuerza en las cosas;2022;1.692
Guadalajara;5.2.-Robos con fuerza en las cosas;2021;1.373
Guadalajara;5.2.-Robos con fuerza en las cosas;2020;1.408
Guadalajara;5.2.-Robos con fuerza en las cosas;2019;1.578
Guadalajara;5.2.-Robos con fuerza en las cosas;2018;1.928
Guadalajara;5.2.1.-Robos con fuerza en las cosas en el interior de vehículos;2024;442
Guadalajara;5.2.1.-Robos con fuerza en las cosas en el interior de vehículos;2023;575
Guadalajara;5.2.1.-Robos con fuerza en las cosas en el interior de vehículos;2022;432
Guadalajara;5.2.1.-Robos con fuerza en las cosas en el interior de vehículos;2021;342
Guadalajara;5.2.1.-Robos con fuerza en las cosas en el interior de vehículos;2020;382
Guadalajara;5.2.1.-Robos con fuerza en las cosas en el interior de vehículos;2019;401
Guadalajara;5.2.1.-Robos con fuerza en las cosas en el interior de vehículos;2018;497
Guadalajara;5.2.2.-Robos con fuerza en viviendas;2024;464
Guadalajara;5.2.2.-Robos con fuerza en viviendas;2023;462
Guadalajara;5.2.2.-Robos con fuerza en viviendas;2022;446
Guadalajara;5.2.2.-Robos con fuerza en viviendas;2021;450
Guadalajara;5.2.2.-Robos con fuerza en viviendas;2020;460
Guadalajara;5.2.2.-Robos con fuerza en viviendas;2019;596
Guadalajara;5.2.2.-Robos con fuerza en viviendas;2018;836
Guadalajara;5.2.3.-Robos con fuerza en establecimientos;2024;134
Guadalajara;5.2.3.-Robos con fuerza en establecimientos;2023;207
Guadalajara;5.2.3.-Robos con fuerza en establecimientos;2022;234
Guadalajara;5.2.3.-Robos con fuerza en establecimientos;2021;224
Guadalajara;5.2.3.-Robos con fuerza en establecimientos;2020;227
Guadalajara;5.2.3.-Robos con fuerza en establecimientos;2019;249
Guadalajara;5.2.3.-Robos con fuerza en establecimientos;2018;215
Guadalajara;5.3.-Robos con violencia o intimidación;2024;113
Guadalajara;5.3.-Robos con violencia o intimidación;2023;131
Guadalajara;5.3.-Robos con violencia o intimidación;2022;161
Guadalajara;5.3.-Robos con violencia o intimidación;2021;178
Guadalajara;5.3.-Robos con violencia o intimidación;2020;118
Guadalajara;5.3.-Robos con violencia o intimidación;2019;161
Guadalajara;5.3.-Robos con violencia o intimidación;2018;161
Guadalajara;5.3.1.-Robos con violencia en vía pública;2024;60
Guadalajara;5.3.1.-Robos con violencia en vía pública;2023;86
Guadalajara;5.3.1.-Robos con violencia en vía pública;2022;105
Guadalajara;5.3.1.-Robos con violencia en vía pública;2021;131
Guadalajara;5.3.1.-Robos con violencia en vía pública;2020;72
Guadalajara;5.3.1.-Robos con violencia en vía pública;2019;106
Guadalajara;5.3.1.-Robos con violencia en vía pública;2018;99
Guadalajara;5.3.2.-Robos con violencia en viviendas;2024;11
Guadalajara;5.3.2.-Robos con violencia en viviendas;2023;8
Guadalajara;5.3.2.-Robos con violencia en viviendas;2022;16
Guadalajara;5.3.2.-Robos con violencia en viviendas;2021;4
Guadalajara;5.3.2.-Robos con violencia en viviendas;2020;10
Guadalajara;5.3.2.-Robos con violencia en viviendas;2019;7
Guadalajara;5.3.2.-Robos con violencia en viviendas;2018;9
Guadalajara;5.3.3.-Robos con violencia en establecimientos;2024;17
Guadalajara;5.3.3.-Robos con violencia en establecimientos;2023;12
Guadalajara;5.3.3.-Robos con violencia en establecimientos;2022;22
Guadalajara;5.3.3.-Robos con violencia en establecimientos;2021;24
Guadalajara;5.3.3.-Robos con violencia en establecimientos;2020;17
Guadalajara;5.3.3.-Robos con violencia en establecimientos;2019;21
Guadalajara;5.3.3.-Robos con violencia en establecimientos;2018;26
Guadalajara;5.4.-Sustracción de vehículos;2024;131
Guadalajara;5.4.-Sustracción de vehículos;2023;128
Guadalajara;5.4.-Sustracción de vehículos;2022;136
Guadalajara;5.4.-Sustracción de vehículos;2021;121
Guadalajara;5.4.-Sustracción de vehículos;2020;122
Guadalajara;5.4.-Sustracción de vehículos;2019;139
Guadalajara;5.4.-Sustracción de vehículos;2018;164
Guadalajara;5.5.-Estafas;2024;3.246
Guadalajara;5.5.-Estafas;2023;3.648
Guadalajara;5.5.-Estafas;2022;2.866
Guadalajara;5.5.-Estafas;2021;1.689
Guadalajara;5.5.-Estafas;2020;1.597
Guadalajara;5.5.-Estafas;2019;1.526
Guadalajara;5.5.-Estafas;2018;1.342
Guadalajara;5.5.1.-Estafas informáticas;2024;2.823
Guadalajara;5.5.1.-Estafas informáticas;2023;3.096
Guadalajara;5.5.1.-Estafas informáticas;2022;1.551
Guadalajara;5.5.1.-Estafas informáticas;2021;836
Guadalajara;5.5.1.-Estafas informáticas;2020;744
Guadalajara;5.5.1.-Estafas informáticas;2019;538
Guadalajara;5.5.1.-Estafas informáticas;2018;490
Guadalajara;5.6.-Daños;2024;1.744
Guadalajara;5.6.-Daños;2023;1.614
Guadalajara;5.6.-Daños;2022;1.578
Guadalajara;5.6.-Daños;2021;1.393
Guadalajara;5.6.-Daños;2020;1.286
Guadalajara;5.6.-Daños;2019;1.425
Guadalajara;5.6.-Daños;2018;1.578
Guadalajara;5.7.-Contra la propiedad intelectual/industrial;2024;1
Guadalajara;5.7.-Contra la propiedad intelectual/industrial;2023;0
Guadalajara;5.7.-Contra la propiedad intelectual/industrial;2022;2
Guadalajara;5.7.-Contra la propiedad intelectual/industrial;2021;1
Guadalajara;5.7.-Contra la propiedad intelectual/industrial;2020;0
Guadalajara;5.7.-Contra la propiedad intelectual/industrial;2019;1
Guadalajara;5.7.-Contra la propiedad intelectual/industrial;2018;2
Guadalajara;5.8.-Blanqueo de capitales;2024;4
Guadalajara;5.8.-Blanqueo de capitales;2023;4
Guadalajara;5.8.-Blanqueo de capitales;2022;1
Guadalajara;5.8.-Blanqueo de capitales;2021;2
Guadalajara;5.8.-Blanqueo de capitales;2020;1
Guadalajara;5.8.-Blanqueo de capitales;2019;3
Guadalajara;5.8.-Blanqueo de capitales;2018;0
Guadalajara;5.9.-Otros contra el patrimonio;2024;343
Guadalajara;5.9.-Otros contra el patrimonio;2023;338
Guadalajara;5.9.-Otros contra el patrimonio;2022;367
Guadalajara;5.9.-Otros contra el patrimonio;2021;300
Guadalajara;5.9.-Otros contra el patrimonio;2020;300
Guadalajara;5.9.-Otros contra el patrimonio;2019;367
Guadalajara;5.9.-Otros contra el patrimonio;2018;338
Guadalajara;6. SEGURIDAD COLECTIVA;2024;429
Guadalajara;6. SEGURIDAD COLECTIVA;2023;452
Guadalajara;6. SEGURIDAD COLECTIVA;2022;501
Guadalajara;6. SEGURIDAD COLECTIVA;2021;396
Guadalajara;6. SEGURIDAD COLECTIVA;2020;378
Guadalajara;6. SEGURIDAD COLECTIVA;2019;438
Guadalajara;6. SEGURIDAD COLECTIVA;2018;341
Guadalajara;6.1.-Tráfico de drogas;2024;50
Guadalajara;6.1.-Tráfico de drogas;2023;62
Guadalajara;6.1.-Tráfico de drogas;2022;52
Guadalajara;6.1.-Tráfico de drogas;2021;49
Guadalajara;6.1.-Tráfico de drogas;2020;44
Guadalajara;6.1.-Tráfico de drogas;2019;51
Guadalajara;6.1.-Tráfico de drogas;2018;35
Guadalajara;6.2.-Contra la seguridad vial;2024;369
Guadalajara;6.2.-Contra la seguridad vial;2023;375
Guadalajara;6.2.-Contra la seguridad vial;2022;415
Guadalajara;6.2.-Contra la seguridad vial;2021;335
Guadalajara;6.2.-Contra la seguridad vial;2020;327
Guadalajara;6.2.-Contra la seguridad vial;2019;382
Guadalajara;6.2.-Contra la seguridad vial;2018;302
Guadalajara;6.3.-Otros contra la seguridad colectiva;2024;10
Guadalajara;6.3.-Otros contra la seguridad colectiva;2023;15
Guadalajara;6.3.-Otros contra la seguridad colectiva;2022;34
Guadalajara;6.3.-Otros contra la seguridad colectiva;2021;12
Guadalajara;6.3.-Otros contra la seguridad colectiva;2020;7
Guadalajara;6.3.-Otros contra la seguridad colectiva;2019;5
Guadalajara;6.3.-Otros contra la seguridad colectiva;2018;4
Guadalajara;7. FALSEDADES;2024;319
Guadalajara;7. FALSEDADES;2023;316
Guadalajara;7. FALSEDADES;2022;284
Guadalajara;7. FALSEDADES;2021;270
Guadalajara;7. FALSEDADES;2020;141
Guadalajara;7. FALSEDADES;2019;133
Guadalajara;7. FALSEDADES;2018;114
Guadalajara;8. ADMÓN. PÚBLICA;2024;7
Guadalajara;8. ADMÓN. PÚBLICA;2023;5
Guadalajara;8. ADMÓN. PÚBLICA;2022;1
Guadalajara;8. ADMÓN. PÚBLICA;2021;1
Guadalajara;8. ADMÓN. PÚBLICA;2020;4
Guadalajara;8. ADMÓN. PÚBLICA;2019;1
Guadalajara;8. ADMÓN. PÚBLICA;2018;1
Guadalajara;9. ADMÓN. JUSTICIA;2024;226
Guadalajara;9. ADMÓN. JUSTICIA;2023;176
Guadalajara;9. ADMÓN. JUSTICIA;2022;158
Guadalajara;9. ADMÓN. JUSTICIA;2021;187
Guadalajara;9. ADMÓN. JUSTICIA;2020;131
Guadalajara;9. ADMÓN. JUSTICIA;2019;156
Guadalajara;9. ADMÓN. JUSTICIA;2018;142
Guadalajara;10. ORDEN PÚBLICO;2024;118
Guadalajara;10. ORDEN PÚBLICO;2023;109
Guadalajara;10. ORDEN PÚBLICO;2022;111
Guadalajara;10. ORDEN PÚBLICO;2021;124
Guadalajara;10. ORDEN PÚBLICO;2020;138
Guadalajara;10. ORDEN PÚBLICO;2019;90
Guadalajara;10. ORDEN PÚBLICO;2018;69
Guadalajara;11. LEGISLACIÓN ESPECIAL;2024;0
Guadalajara;11. LEGISLACIÓN ESPECIAL;2023;1
Guadalajara;11. LEGISLACIÓN ESPECIAL;2022;1
Guadalajara;11. LEGISLACIÓN ESPECIAL;2021;0
Guadalajara;11. LEGISLACIÓN ESPECIAL;2020;0
Guadalajara;11. LEGISLACIÓN ESPECIAL;2019;1
Guadalajara;11. LEGISLACIÓN ESPECIAL;2018;0
Guadalajara;12. OTRAS INFRACCIONES PENALES;2024;56
Guadalajara;12. OTRAS INFRACCIONES PENALES;2023;58
Guadalajara;12. OTRAS INFRACCIONES PENALES;2022;44
Guadalajara;12. OTRAS INFRACCIONES PENALES;2021;49
Guadalajara;12. OTRAS INFRACCIONES PENALES;2020;51
Guadalajara;12. OTRAS INFRACCIONES PENALES;2019;53
Guadalajara;12. OTRAS INFRACCIONES PENALES;2018;63
Guadalajara;TOTAL INFRACCIONES PENALES;2024;12.233
Guadalajara;TOTAL INFRACCIONES PENALES;2023;12.673
Guadalajara;TOTAL INFRACCIONES PENALES;2022;11.731
Guadalajara;TOTAL INFRACCIONES PENALES;2021;9.442
Guadalajara;TOTAL INFRACCIONES PENALES;2020;8.535
Guadalajara;TOTAL INFRACCIONES PENALES;2019;9.795
Guadalajara;TOTAL INFRACCIONES PENALES;2018;9.765
Gipuzkoa;1. CONTRA LAS PERSONAS;2024;3.143
Gipuzkoa;1. CONTRA LAS PERSONAS;2023;2.918
Gipuzkoa;1. CONTRA LAS PERSONAS;2022;2.723
Gipuzkoa;1. CONTRA LAS PERSONAS;2021;2.044
Gipuzkoa;1. CONTRA LAS PERSONAS;2020;1.762
Gipuzkoa;1. CONTRA LAS PERSONAS;2019;2.049
Gipuzkoa;1. CONTRA LAS PERSONAS;2018;1.918
Gipuzkoa;1.1.-Homicidios dolosos/asesinatos;2024;38
Gipuzkoa;1.1.-Homicidios dolosos/asesinatos;2023;26
Gipuzkoa;1.1.-Homicidios dolosos/asesinatos;2022;33
Gipuzkoa;1.1.-Homicidios dolosos/asesinatos;2021;33
Gipuzkoa;1.1.-Homicidios dolosos/asesinatos;2020;9
Gipuzkoa;1.1.-Homicidios dolosos/asesinatos;2019;12
Gipuzkoa;1.1.-Homicidios dolosos/asesinatos;2018;10
Gipuzkoa;1.1.1.-Homicidios dolosos/asesinatos consumados;2024;3
Gipuzkoa;1.1.1.-Homicidios dolosos/asesinatos consumados;2023;2
Gipuzkoa;1.1.1.-Homicidios dolosos/asesinatos consumados;2022;3
Gipuzkoa;1.1.1.-Homicidios dolosos/asesinatos consumados;2021;3
Gipuzkoa;1.1.1.-Homicidios dolosos/asesinatos consumados;2020;4
Gipuzkoa;1.1.1.-Homicidios dolosos/asesinatos consumados;2019;5
Gipuzkoa;1.1.1.-Homicidios dolosos/asesinatos consumados;2018;0
Gipuzkoa;1.2.-Lesiones;2024;1.904
Gipuzkoa;1.2.-Lesiones;2023;1.847
Gipuzkoa;1.2.-Lesiones;2022;1.617
Gipuzkoa;1.2.-Lesiones;2021;1.218
Gipuzkoa;1.2.-Lesiones;2020;1.084
Gipuzkoa;1.2.-Lesiones;2019;1.429
Gipuzkoa;1.2.-Lesiones;2018;1.320
Gipuzkoa;1.3.-Malos tratos ámbito familiar;2024;975
Gipuzkoa;1.3.-Malos tratos ámbito familiar;2023;844
Gipuzkoa;1.3.-Malos tratos ámbito familiar;2022;903
Gipuzkoa;1.3.-Malos tratos ámbito familiar;2021;629
Gipuzkoa;1.3.-Malos tratos ámbito familiar;2020;513
Gipuzkoa;1.3.-Malos tratos ámbito familiar;2019;461
Gipuzkoa;1.3.-Malos tratos ámbito familiar;2018;427
Gipuzkoa;1.4.-Otros contra las personas;2024;226
Gipuzkoa;1.4.-Otros contra las personas;2023;201
Gipuzkoa;1.4.-Otros contra las personas;2022;170
Gipuzkoa;1.4.-Otros contra las personas;2021;164
Gipuzkoa;1.4.-Otros contra las personas;2020;156
Gipuzkoa;1.4.-Otros contra las personas;2019;147
Gipuzkoa;1.4.-Otros contra las personas;2018;161
Gipuzkoa;2. CONTRA LA LIBERTAD;2024;2.940
Gipuzkoa;2. CONTRA LA LIBERTAD;2023;2.758
Gipuzkoa;2. CONTRA LA LIBERTAD;2022;2.146
Gipuzkoa;2. CONTRA LA LIBERTAD;2021;2.204
Gipuzkoa;2. CONTRA LA LIBERTAD;2020;2.152
Gipuzkoa;2. CONTRA LA LIBERTAD;2019;2.228
Gipuzkoa;2. CONTRA LA LIBERTAD;2018;2.134
Gipuzkoa;2.1.-Malos tratos habituales en el ámbito familiar;2024;622
Gipuzkoa;2.1.-Malos tratos habituales en el ámbito familiar;2023;604
Gipuzkoa;2.1.-Malos tratos habituales en el ámbito familiar;2022;584
Gipuzkoa;2.1.-Malos tratos habituales en el ámbito familiar;2021;655
Gipuzkoa;2.1.-Malos tratos habituales en el ámbito familiar;2020;762
Gipuzkoa;2.1.-Malos tratos habituales en el ámbito familiar;2019;810
Gipuzkoa;2.1.-Malos tratos habituales en el ámbito familiar;2018;792
Gipuzkoa;2.2.-Otros contra la libertad;2024;2.318
Gipuzkoa;2.2.-Otros contra la libertad;2023;2.154
Gipuzkoa;2.2.-Otros contra la libertad;2022;1.562
Gipuzkoa;2.2.-Otros contra la libertad;2021;1.549
Gipuzkoa;2.2.-Otros contra la libertad;2020;1.390
Gipuzkoa;2.2.-Otros contra la libertad;2019;1.418
Gipuzkoa;2.2.-Otros contra la libertad;2018;1.342
Gipuzkoa;3. LIBERTAD SEXUAL;2024;400
Gipuzkoa;3. LIBERTAD SEXUAL;2023;370
Gipuzkoa;3. LIBERTAD SEXUAL;2022;273
Gipuzkoa;3. LIBERTAD SEXUAL;2021;262
Gipuzkoa;3. LIBERTAD SEXUAL;2020;180
Gipuzkoa;3. LIBERTAD SEXUAL;2019;225
Gipuzkoa;3. LIBERTAD SEXUAL;2018;225
Gipuzkoa;3.1.-Agresión sexual;2024;248
Gipuzkoa;3.1.-Agresión sexual;2023;208
Gipuzkoa;3.1.-Agresión sexual;2022;147
Gipuzkoa;3.1.-Agresión sexual;2021;134
Gipuzkoa;3.1.-Agresión sexual;2020;89
Gipuzkoa;3.1.-Agresión sexual;2019;114
Gipuzkoa;3.1.-Agresión sexual;2018;108
Gipuzkoa;3.2.-Agresión sexual con penetración;2024;90
Gipuzkoa;3.2.-Agresión sexual con penetración;2023;75
Gipuzkoa;3.2.-Agresión sexual con penetración;2022;82
Gipuzkoa;3.2.-Agresión sexual con penetración;2021;63
Gipuzkoa;3.2.-Agresión sexual con penetración;2020;45
Gipuzkoa;3.2.-Agresión sexual con penetración;2019;60
Gipuzkoa;3.2.-Agresión sexual con penetración;2018;60
Gipuzkoa;3.3.-Corrupción de menores o incapacitados;2024;5
Gipuzkoa;3.3.-Corrupción de menores o incapacitados;2023;7
Gipuzkoa;3.3.-Corrupción de menores o incapacitados;2022;5
Gipuzkoa;3.3.-Corrupción de menores o incapacitados;2021;4
Gipuzkoa;3.3.-Corrupción de menores o incapacitados;2020;2
Gipuzkoa;3.3.-Corrupción de menores o incapacitados;2019;3
Gipuzkoa;3.3.-Corrupción de menores o incapacitados;2018;3
Gipuzkoa;3.4.-Pornografía de menores;2024;12
Gipuzkoa;3.4.-Pornografía de menores;2023;9
Gipuzkoa;3.4.-Pornografía de menores;2022;2
Gipuzkoa;3.4.-Pornografía de menores;2021;15
Gipuzkoa;3.4.-Pornografía de menores;2020;18
Gipuzkoa;3.4.-Pornografía de menores;2019;10
Gipuzkoa;3.4.-Pornografía de menores;2018;14
Gipuzkoa;3.5.-Otros contra la libertad sexual;2024;45
Gipuzkoa;3.5.-Otros contra la libertad sexual;2023;71
Gipuzkoa;3.5.-Otros contra la libertad sexual;2022;37
Gipuzkoa;3.5.-Otros contra la libertad sexual;2021;46
Gipuzkoa;3.5.-Otros contra la libertad sexual;2020;26
Gipuzkoa;3.5.-Otros contra la libertad sexual;2019;38
Gipuzkoa;3.5.-Otros contra la libertad sexual;2018;40
Gipuzkoa;4. RELACIONES FAMILIARES;2024;58
Gipuzkoa;4. RELACIONES FAMILIARES;2023;66
Gipuzkoa;4. RELACIONES FAMILIARES;2022;36
Gipuzkoa;4. RELACIONES FAMILIARES;2021;27
Gipuzkoa;4. RELACIONES FAMILIARES;2020;32
Gipuzkoa;4. RELACIONES FAMILIARES;2019;24
Gipuzkoa;4. RELACIONES FAMILIARES;2018;40
Gipuzkoa;5. PATRIMONIO;2024;23.369
Gipuzkoa;5. PATRIMONIO;2023;23.480
Gipuzkoa;5. PATRIMONIO;2022;20.414
Gipuzkoa;5. PATRIMONIO;2021;16.774
Gipuzkoa;5. PATRIMONIO;2020;15.166
Gipuzkoa;5. PATRIMONIO;2019;17.948
Gipuzkoa;5. PATRIMONIO;2018;17.271
Gipuzkoa;5.1.-Hurtos;2024;8.023
Gipuzkoa;5.1.-Hurtos;2023;7.403
Gipuzkoa;5.1.-Hurtos;2022;6.378
Gipuzkoa;5.1.-Hurtos;2021;4.874
Gipuzkoa;5.1.-Hurtos;2020;3.828
Gipuzkoa;5.1.-Hurtos;2019;6.094
Gipuzkoa;5.1.-Hurtos;2018;5.821
Gipuzkoa;5.2.-Robos con fuerza en las cosas;2024;3.951
Gipuzkoa;5.2.-Robos con fuerza en las cosas;2023;3.940
Gipuzkoa;5.2.-Robos con fuerza en las cosas;2022;4.277
Gipuzkoa;5.2.-Robos con fuerza en las cosas;2021;3.700
Gipuzkoa;5.2.-Robos con fuerza en las cosas;2020;3.508
Gipuzkoa;5.2.-Robos con fuerza en las cosas;2019;4.047
Gipuzkoa;5.2.-Robos con fuerza en las cosas;2018;4.077
Gipuzkoa;5.2.1.-Robos con fuerza en las cosas en el interior de vehículos;2024;18
Gipuzkoa;5.2.1.-Robos con fuerza en las cosas en el interior de vehículos;2023;10
Gipuzkoa;5.2.1.-Robos con fuerza en las cosas en el interior de vehículos;2022;12
Gipuzkoa;5.2.1.-Robos con fuerza en las cosas en el interior de vehículos;2021;8
Gipuzkoa;5.2.1.-Robos con fuerza en las cosas en el interior de vehículos;2020;9
Gipuzkoa;5.2.1.-Robos con fuerza en las cosas en el interior de vehículos;2019;10
Gipuzkoa;5.2.1.-Robos con fuerza en las cosas en el interior de vehículos;2018;12
Gipuzkoa;5.2.2.-Robos con fuerza en viviendas;2024;1.551
Gipuzkoa;5.2.2.-Robos con fuerza en viviendas;2023;1.572
Gipuzkoa;5.2.2.-Robos con fuerza en viviendas;2022;1.675
Gipuzkoa;5.2.2.-Robos con fuerza en viviendas;2021;1.249
Gipuzkoa;5.2.2.-Robos con fuerza en viviendas;2020;1.200
Gipuzkoa;5.2.2.-Robos con fuerza en viviendas;2019;1.184
Gipuzkoa;5.2.2.-Robos con fuerza en viviendas;2018;1.296
Gipuzkoa;5.2.3.-Robos con fuerza en establecimientos;2024;747
Gipuzkoa;5.2.3.-Robos con fuerza en establecimientos;2023;807
Gipuzkoa;5.2.3.-Robos con fuerza en establecimientos;2022;924
Gipuzkoa;5.2.3.-Robos con fuerza en establecimientos;2021;736
Gipuzkoa;5.2.3.-Robos con fuerza en establecimientos;2020;727
Gipuzkoa;5.2.3.-Robos con fuerza en establecimientos;2019;1.053
Gipuzkoa;5.2.3.-Robos con fuerza en establecimientos;2018;872
Gipuzkoa;5.3.-Robos con violencia o intimidación;2024;530
Gipuzkoa;5.3.-Robos con violencia o intimidación;2023;489
Gipuzkoa;5.3.-Robos con violencia o intimidación;2022;399
Gipuzkoa;5.3.-Robos con violencia o intimidación;2021;297
Gipuzkoa;5.3.-Robos con violencia o intimidación;2020;228
Gipuzkoa;5.3.-Robos con violencia o intimidación;2019;296
Gipuzkoa;5.3.-Robos con violencia o intimidación;2018;349
Gipuzkoa;5.3.1.-Robos con violencia en vía pública;2024;348
Gipuzkoa;5.3.1.-Robos con violencia en vía pública;2023;322
Gipuzkoa;5.3.1.-Robos con violencia en vía pública;2022;268
Gipuzkoa;5.3.1.-Robos con violencia en vía pública;2021;201
Gipuzkoa;5.3.1.-Robos con violencia en vía pública;2020;150
Gipuzkoa;5.3.1.-Robos con violencia en vía pública;2019;177
Gipuzkoa;5.3.1.-Robos con violencia en vía pública;2018;218
Gipuzkoa;5.3.2.-Robos con violencia en viviendas;2024;24
Gipuzkoa;5.3.2.-Robos con violencia en viviendas;2023;32
Gipuzkoa;5.3.2.-Robos con violencia en viviendas;2022;28
Gipuzkoa;5.3.2.-Robos con violencia en viviendas;2021;21
Gipuzkoa;5.3.2.-Robos con violencia en viviendas;2020;24
Gipuzkoa;5.3.2.-Robos con violencia en viviendas;2019;28
Gipuzkoa;5.3.2.-Robos con violencia en viviendas;2018;18
Gipuzkoa;5.3.3.-Robos con violencia en establecimientos;2024;110
Gipuzkoa;5.3.3.-Robos con violencia en establecimientos;2023;85
Gipuzkoa;5.3.3.-Robos con violencia en establecimientos;2022;68
Gipuzkoa;5.3.3.-Robos con violencia en establecimientos;2021;49
Gipuzkoa;5.3.3.-Robos con violencia en establecimientos;2020;30
Gipuzkoa;5.3.3.-Robos con violencia en establecimientos;2019;70
Gipuzkoa;5.3.3.-Robos con violencia en establecimientos;2018;80
Gipuzkoa;5.4.-Sustracción de vehículos;2024;203
Gipuzkoa;5.4.-Sustracción de vehículos;2023;256
Gipuzkoa;5.4.-Sustracción de vehículos;2022;228
Gipuzkoa;5.4.-Sustracción de vehículos;2021;211
Gipuzkoa;5.4.-Sustracción de vehículos;2020;182
Gipuzkoa;5.4.-Sustracción de vehículos;2019;292
Gipuzkoa;5.4.-Sustracción de vehículos;2018;260
Gipuzkoa;5.5.-Estafas;2024;7.410
Gipuzkoa;5.5.-Estafas;2023;8.422
Gipuzkoa;5.5.-Estafas;2022;6.275
Gipuzkoa;5.5.-Estafas;2021;5.037
Gipuzkoa;5.5.-Estafas;2020;5.274
Gipuzkoa;5.5.-Estafas;2019;4.603
Gipuzkoa;5.5.-Estafas;2018;4.212
Gipuzkoa;5.5.1.-Estafas informáticas;2024;6.882
Gipuzkoa;5.5.1.-Estafas informáticas;2023;7.895
Gipuzkoa;5.5.1.-Estafas informáticas;2022;5.572
Gipuzkoa;5.5.1.-Estafas informáticas;2021;4.338
Gipuzkoa;5.5.1.-Estafas informáticas;2020;4.619
Gipuzkoa;5.5.1.-Estafas informáticas;2019;3.770
Gipuzkoa;5.5.1.-Estafas informáticas;2018;3.503
Gipuzkoa;5.6.-Daños;2024;2.338
Gipuzkoa;5.6.-Daños;2023;2.225
Gipuzkoa;5.6.-Daños;2022;2.253
Gipuzkoa;5.6.-Daños;2021;2.041
Gipuzkoa;5.6.-Daños;2020;1.667
Gipuzkoa;5.6.-Daños;2019;2.032
Gipuzkoa;5.6.-Daños;2018;2.043
Gipuzkoa;5.7.-Contra la propiedad intelectual/industrial;2024;8
Gipuzkoa;5.7.-Contra la propiedad intelectual/industrial;2023;4
Gipuzkoa;5.7.-Contra la propiedad intelectual/industrial;2022;6
Gipuzkoa;5.7.-Contra la propiedad intelectual/industrial;2021;5
Gipuzkoa;5.7.-Contra la propiedad intelectual/industrial;2020;3
Gipuzkoa;5.7.-Contra la propiedad intelectual/industrial;2019;7
Gipuzkoa;5.7.-Contra la propiedad intelectual/industrial;2018;4
Gipuzkoa;5.8.-Blanqueo de capitales;2024;1
Gipuzkoa;5.8.-Blanqueo de capitales;2023;4
Gipuzkoa;5.8.-Blanqueo de capitales;2022;3
Gipuzkoa;5.8.-Blanqueo de capitales;2021;1
Gipuzkoa;5.8.-Blanqueo de capitales;2020;3
Gipuzkoa;5.8.-Blanqueo de capitales;2019;3
Gipuzkoa;5.8.-Blanqueo de capitales;2018;4
Gipuzkoa;5.9.-Otros contra el patrimonio;2024;905
Gipuzkoa;5.9.-Otros contra el patrimonio;2023;737
Gipuzkoa;5.9.-Otros contra el patrimonio;2022;595
Gipuzkoa;5.9.-Otros contra el patrimonio;2021;608
Gipuzkoa;5.9.-Otros contra el patrimonio;2020;473
Gipuzkoa;5.9.-Otros contra el patrimonio;2019;574
Gipuzkoa;5.9.-Otros contra el patrimonio;2018;501
Gipuzkoa;6. SEGURIDAD COLECTIVA;2024;1.382
Gipuzkoa;6. SEGURIDAD COLECTIVA;2023;1.352
Gipuzkoa;6. SEGURIDAD COLECTIVA;2022;1.520
Gipuzkoa;6. SEGURIDAD COLECTIVA;2021;1.246
Gipuzkoa;6. SEGURIDAD COLECTIVA;2020;1.072
Gipuzkoa;6. SEGURIDAD COLECTIVA;2019;1.142
Gipuzkoa;6. SEGURIDAD COLECTIVA;2018;1.034
Gipuzkoa;6.1.-Tráfico de drogas;2024;300
Gipuzkoa;6.1.-Tráfico de drogas;2023;254
Gipuzkoa;6.1.-Tráfico de drogas;2022;284
Gipuzkoa;6.1.-Tráfico de drogas;2021;235
Gipuzkoa;6.1.-Tráfico de drogas;2020;245
Gipuzkoa;6.1.-Tráfico de drogas;2019;145
Gipuzkoa;6.1.-Tráfico de drogas;2018;151
Gipuzkoa;6.2.-Contra la seguridad vial;2024;1.042
Gipuzkoa;6.2.-Contra la seguridad vial;2023;1.076
Gipuzkoa;6.2.-Contra la seguridad vial;2022;1.209
Gipuzkoa;6.2.-Contra la seguridad vial;2021;981
Gipuzkoa;6.2.-Contra la seguridad vial;2020;814
Gipuzkoa;6.2.-Contra la seguridad vial;2019;973
Gipuzkoa;6.2.-Contra la seguridad vial;2018;876
Gipuzkoa;6.3.-Otros contra la seguridad colectiva;2024;40
Gipuzkoa;6.3.-Otros contra la seguridad colectiva;2023;22
Gipuzkoa;6.3.-Otros contra la seguridad colectiva;2022;27
Gipuzkoa;6.3.-Otros contra la seguridad colectiva;2021;30
Gipuzkoa;6.3.-Otros contra la seguridad colectiva;2020;13
Gipuzkoa;6.3.-Otros contra la seguridad colectiva;2019;24
Gipuzkoa;6.3.-Otros contra la seguridad colectiva;2018;7
Gipuzkoa;7. FALSEDADES;2024;538
Gipuzkoa;7. FALSEDADES;2023;568
Gipuzkoa;7. FALSEDADES;2022;455
Gipuzkoa;7. FALSEDADES;2021;428
Gipuzkoa;7. FALSEDADES;2020;312
Gipuzkoa;7. FALSEDADES;2019;337
Gipuzkoa;7. FALSEDADES;2018;264
Gipuzkoa;8. ADMÓN. PÚBLICA;2024;13
Gipuzkoa;8. ADMÓN. PÚBLICA;2023;8
Gipuzkoa;8. ADMÓN. PÚBLICA;2022;7
Gipuzkoa;8. ADMÓN. PÚBLICA;2021;10
Gipuzkoa;8. ADMÓN. PÚBLICA;2020;5
Gipuzkoa;8. ADMÓN. PÚBLICA;2019;1
Gipuzkoa;8. ADMÓN. PÚBLICA;2018;5
Gipuzkoa;9. ADMÓN. JUSTICIA;2024;777
Gipuzkoa;9. ADMÓN. JUSTICIA;2023;676
Gipuzkoa;9. ADMÓN. JUSTICIA;2022;675
Gipuzkoa;9. ADMÓN. JUSTICIA;2021;578
Gipuzkoa;9. ADMÓN. JUSTICIA;2020;447
Gipuzkoa;9. ADMÓN. JUSTICIA;2019;543
Gipuzkoa;9. ADMÓN. JUSTICIA;2018;461
Gipuzkoa;10. ORDEN PÚBLICO;2024;596
Gipuzkoa;10. ORDEN PÚBLICO;2023;522
Gipuzkoa;10. ORDEN PÚBLICO;2022;558
Gipuzkoa;10. ORDEN PÚBLICO;2021;578
Gipuzkoa;10. ORDEN PÚBLICO;2020;556
Gipuzkoa;10. ORDEN PÚBLICO;2019;336
Gipuzkoa;10. ORDEN PÚBLICO;2018;338
Gipuzkoa;11. LEGISLACIÓN ESPECIAL;2024;2
Gipuzkoa;11. LEGISLACIÓN ESPECIAL;2023;3
Gipuzkoa;11. LEGISLACIÓN ESPECIAL;2022;1
Gipuzkoa;11. LEGISLACIÓN ESPECIAL;2021;0
Gipuzkoa;11. LEGISLACIÓN ESPECIAL;2020;0
Gipuzkoa;11. LEGISLACIÓN ESPECIAL;2019;3
Gipuzkoa;11. LEGISLACIÓN ESPECIAL;2018;0
Gipuzkoa;12. OTRAS INFRACCIONES PENALES;2024;207
Gipuzkoa;12. OTRAS INFRACCIONES PENALES;2023;199
Gipuzkoa;12. OTRAS INFRACCIONES PENALES;2022;209
Gipuzkoa;12. OTRAS INFRACCIONES PENALES;2021;180
Gipuzkoa;12. OTRAS INFRACCIONES PENALES;2020;162
Gipuzkoa;12. OTRAS INFRACCIONES PENALES;2019;180
Gipuzkoa;12. OTRAS INFRACCIONES PENALES;2018;127
Gipuzkoa;TOTAL INFRACCIONES PENALES;2024;33.425
Gipuzkoa;TOTAL INFRACCIONES PENALES;2023;32.920
Gipuzkoa;TOTAL INFRACCIONES PENALES;2022;29.017
Gipuzkoa;TOTAL INFRACCIONES PENALES;2021;24.331
Gipuzkoa;TOTAL INFRACCIONES PENALES;2020;21.846
Gipuzkoa;TOTAL INFRACCIONES PENALES;2019;25.016
Gipuzkoa;TOTAL INFRACCIONES PENALES;2018;23.817
Huelva;1. CONTRA LAS PERSONAS;2024;2.972
Huelva;1. CONTRA LAS PERSONAS;2023;2.954
Huelva;1. CONTRA LAS PERSONAS;2022;2.932
Huelva;1. CONTRA LAS PERSONAS;2021;2.556
Huelva;1. CONTRA LAS PERSONAS;2020;2.296
Huelva;1. CONTRA LAS PERSONAS;2019;2.602
Huelva;1. CONTRA LAS PERSONAS;2018;2.402
Huelva;1.1.-Homicidios dolosos/asesinatos;2024;9
Huelva;1.1.-Homicidios dolosos/asesinatos;2023;11
Huelva;1.1.-Homicidios dolosos/asesinatos;2022;15
Huelva;1.1.-Homicidios dolosos/asesinatos;2021;13
Huelva;1.1.-Homicidios dolosos/asesinatos;2020;14
Huelva;1.1.-Homicidios dolosos/asesinatos;2019;15
Huelva;1.1.-Homicidios dolosos/asesinatos;2018;10
Huelva;1.1.1.-Homicidios dolosos/asesinatos consumados;2024;2
Huelva;1.1.1.-Homicidios dolosos/asesinatos consumados;2023;5
Huelva;1.1.1.-Homicidios dolosos/asesinatos consumados;2022;3
Huelva;1.1.1.-Homicidios dolosos/asesinatos consumados;2021;4
Huelva;1.1.1.-Homicidios dolosos/asesinatos consumados;2020;7
Huelva;1.1.1.-Homicidios dolosos/asesinatos consumados;2019;6
Huelva;1.1.1.-Homicidios dolosos/asesinatos consumados;2018;2
Huelva;1.2.-Lesiones;2024;1.918
Huelva;1.2.-Lesiones;2023;1.812
Huelva;1.2.-Lesiones;2022;1.836
Huelva;1.2.-Lesiones;2021;1.558
Huelva;1.2.-Lesiones;2020;1.325
Huelva;1.2.-Lesiones;2019;1.628
Huelva;1.2.-Lesiones;2018;1.512
Huelva;1.3.-Malos tratos ámbito familiar;2024;998
Huelva;1.3.-Malos tratos ámbito familiar;2023;1.082
Huelva;1.3.-Malos tratos ámbito familiar;2022;1.040
Huelva;1.3.-Malos tratos ámbito familiar;2021;941
Huelva;1.3.-Malos tratos ámbito familiar;2020;930
Huelva;1.3.-Malos tratos ámbito familiar;2019;925
Huelva;1.3.-Malos tratos ámbito familiar;2018;833
Huelva;1.4.-Otros contra las personas;2024;47
Huelva;1.4.-Otros contra las personas;2023;49
Huelva;1.4.-Otros contra las personas;2022;41
Huelva;1.4.-Otros contra las personas;2021;44
Huelva;1.4.-Otros contra las personas;2020;27
Huelva;1.4.-Otros contra las personas;2019;34
Huelva;1.4.-Otros contra las personas;2018;47
Huelva;2. CONTRA LA LIBERTAD;2024;2.231
Huelva;2. CONTRA LA LIBERTAD;2023;2.173
Huelva;2. CONTRA LA LIBERTAD;2022;1.954
Huelva;2. CONTRA LA LIBERTAD;2021;1.737
Huelva;2. CONTRA LA LIBERTAD;2020;1.714
Huelva;2. CONTRA LA LIBERTAD;2019;1.864
Huelva;2. CONTRA LA LIBERTAD;2018;1.739
Huelva;2.1.-Malos tratos habituales en el ámbito familiar;2024;303
Huelva;2.1.-Malos tratos habituales en el ámbito familiar;2023;340
Huelva;2.1.-Malos tratos habituales en el ámbito familiar;2022;320
Huelva;2.1.-Malos tratos habituales en el ámbito familiar;2021;222
Huelva;2.1.-Malos tratos habituales en el ámbito familiar;2020;224
Huelva;2.1.-Malos tratos habituales en el ámbito familiar;2019;252
Huelva;2.1.-Malos tratos habituales en el ámbito familiar;2018;255
Huelva;2.2.-Otros contra la libertad;2024;1.928
Huelva;2.2.-Otros contra la libertad;2023;1.833
Huelva;2.2.-Otros contra la libertad;2022;1.634
Huelva;2.2.-Otros contra la libertad;2021;1.515
Huelva;2.2.-Otros contra la libertad;2020;1.490
Huelva;2.2.-Otros contra la libertad;2019;1.612
Huelva;2.2.-Otros contra la libertad;2018;1.484
Huelva;3. LIBERTAD SEXUAL;2024;190
Huelva;3. LIBERTAD SEXUAL;2023;182
Huelva;3. LIBERTAD SEXUAL;2022;206
Huelva;3. LIBERTAD SEXUAL;2021;203
Huelva;3. LIBERTAD SEXUAL;2020;125
Huelva;3. LIBERTAD SEXUAL;2019;178
Huelva;3. LIBERTAD SEXUAL;2018;146
Huelva;3.1.-Agresión sexual;2024;132
Huelva;3.1.-Agresión sexual;2023;123
Huelva;3.1.-Agresión sexual;2022;144
Huelva;3.1.-Agresión sexual;2021;130
Huelva;3.1.-Agresión sexual;2020;77
Huelva;3.1.-Agresión sexual;2019;111
Huelva;3.1.-Agresión sexual;2018;95
Huelva;3.2.-Agresión sexual con penetración;2024;28
Huelva;3.2.-Agresión sexual con penetración;2023;30
Huelva;3.2.-Agresión sexual con penetración;2022;27
Huelva;3.2.-Agresión sexual con penetración;2021;33
Huelva;3.2.-Agresión sexual con penetración;2020;25
Huelva;3.2.-Agresión sexual con penetración;2019;29
Huelva;3.2.-Agresión sexual con penetración;2018;14
Huelva;3.3.-Corrupción de menores o incapacitados;2024;1
Huelva;3.3.-Corrupción de menores o incapacitados;2023;5
Huelva;3.3.-Corrupción de menores o incapacitados;2022;0
Huelva;3.3.-Corrupción de menores o incapacitados;2021;1
Huelva;3.3.-Corrupción de menores o incapacitados;2020;0
Huelva;3.3.-Corrupción de menores o incapacitados;2019;8
Huelva;3.3.-Corrupción de menores o incapacitados;2018;3
Huelva;3.4.-Pornografía de menores;2024;2
Huelva;3.4.-Pornografía de menores;2023;4
Huelva;3.4.-Pornografía de menores;2022;16
Huelva;3.4.-Pornografía de menores;2021;10
Huelva;3.4.-Pornografía de menores;2020;3
Huelva;3.4.-Pornografía de menores;2019;8
Huelva;3.4.-Pornografía de menores;2018;10
Huelva;3.5.-Otros contra la libertad sexual;2024;27
Huelva;3.5.-Otros contra la libertad sexual;2023;20
Huelva;3.5.-Otros contra la libertad sexual;2022;19
Huelva;3.5.-Otros contra la libertad sexual;2021;29
Huelva;3.5.-Otros contra la libertad sexual;2020;20
Huelva;3.5.-Otros contra la libertad sexual;2019;22
Huelva;3.5.-Otros contra la libertad sexual;2018;24
Huelva;4. RELACIONES FAMILIARES;2024;66
Huelva;4. RELACIONES FAMILIARES;2023;73
Huelva;4. RELACIONES FAMILIARES;2022;60
Huelva;4. RELACIONES FAMILIARES;2021;41
Huelva;4. RELACIONES FAMILIARES;2020;72
Huelva;4. RELACIONES FAMILIARES;2019;82
Huelva;4. RELACIONES FAMILIARES;2018;44
Huelva;5. PATRIMONIO;2024;15.051
Huelva;5. PATRIMONIO;2023;15.583
Huelva;5. PATRIMONIO;2022;13.683
Huelva;5. PATRIMONIO;2021;10.961
Huelva;5. PATRIMONIO;2020;9.916
Huelva;5. PATRIMONIO;2019;12.098
Huelva;5. PATRIMONIO;2018;12.564
Huelva;5.1.-Hurtos;2024;4.811
Huelva;5.1.-Hurtos;2023;4.884
Huelva;5.1.-Hurtos;2022;4.664
Huelva;5.1.-Hurtos;2021;3.795
Huelva;5.1.-Hurtos;2020;2.995
Huelva;5.1.-Hurtos;2019;4.094
Huelva;5.1.-Hurtos;2018;4.650
Huelva;5.2.-Robos con fuerza en las cosas;2024;2.760
Huelva;5.2.-Robos con fuerza en las cosas;2023;3.362
Huelva;5.2.-Robos con fuerza en las cosas;2022;3.039
Huelva;5.2.-Robos con fuerza en las cosas;2021;2.570
Huelva;5.2.-Robos con fuerza en las cosas;2020;2.813
Huelva;5.2.-Robos con fuerza en las cosas;2019;3.101
Huelva;5.2.-Robos con fuerza en las cosas;2018;3.261
Huelva;5.2.1.-Robos con fuerza en las cosas en el interior de vehículos;2024;1.033
Huelva;5.2.1.-Robos con fuerza en las cosas en el interior de vehículos;2023;1.295
Huelva;5.2.1.-Robos con fuerza en las cosas en el interior de vehículos;2022;1.212
Huelva;5.2.1.-Robos con fuerza en las cosas en el interior de vehículos;2021;909
Huelva;5.2.1.-Robos con fuerza en las cosas en el interior de vehículos;2020;704
Huelva;5.2.1.-Robos con fuerza en las cosas en el interior de vehículos;2019;800
Huelva;5.2.1.-Robos con fuerza en las cosas en el interior de vehículos;2018;788
Huelva;5.2.2.-Robos con fuerza en viviendas;2024;880
Huelva;5.2.2.-Robos con fuerza en viviendas;2023;968
Huelva;5.2.2.-Robos con fuerza en viviendas;2022;880
Huelva;5.2.2.-Robos con fuerza en viviendas;2021;845
Huelva;5.2.2.-Robos con fuerza en viviendas;2020;1.164
Huelva;5.2.2.-Robos con fuerza en viviendas;2019;1.255
Huelva;5.2.2.-Robos con fuerza en viviendas;2018;1.440
Huelva;5.2.3.-Robos con fuerza en establecimientos;2024;275
Huelva;5.2.3.-Robos con fuerza en establecimientos;2023;334
Huelva;5.2.3.-Robos con fuerza en establecimientos;2022;275
Huelva;5.2.3.-Robos con fuerza en establecimientos;2021;276
Huelva;5.2.3.-Robos con fuerza en establecimientos;2020;389
Huelva;5.2.3.-Robos con fuerza en establecimientos;2019;358
Huelva;5.2.3.-Robos con fuerza en establecimientos;2018;342
Huelva;5.3.-Robos con violencia o intimidación;2024;329
Huelva;5.3.-Robos con violencia o intimidación;2023;337
Huelva;5.3.-Robos con violencia o intimidación;2022;359
Huelva;5.3.-Robos con violencia o intimidación;2021;266
Huelva;5.3.-Robos con violencia o intimidación;2020;249
Huelva;5.3.-Robos con violencia o intimidación;2019;287
Huelva;5.3.-Robos con violencia o intimidación;2018;264
Huelva;5.3.1.-Robos con violencia en vía pública;2024;197
Huelva;5.3.1.-Robos con violencia en vía pública;2023;181
Huelva;5.3.1.-Robos con violencia en vía pública;2022;195
Huelva;5.3.1.-Robos con violencia en vía pública;2021;186
Huelva;5.3.1.-Robos con violencia en vía pública;2020;141
Huelva;5.3.1.-Robos con violencia en vía pública;2019;146
Huelva;5.3.1.-Robos con violencia en vía pública;2018;140
Huelva;5.3.2.-Robos con violencia en viviendas;2024;35
Huelva;5.3.2.-Robos con violencia en viviendas;2023;34
Huelva;5.3.2.-Robos con violencia en viviendas;2022;40
Huelva;5.3.2.-Robos con violencia en viviendas;2021;28
Huelva;5.3.2.-Robos con violencia en viviendas;2020;30
Huelva;5.3.2.-Robos con violencia en viviendas;2019;36
Huelva;5.3.2.-Robos con violencia en viviendas;2018;33
Huelva;5.3.3.-Robos con violencia en establecimientos;2024;44
Huelva;5.3.3.-Robos con violencia en establecimientos;2023;60
Huelva;5.3.3.-Robos con violencia en establecimientos;2022;68
Huelva;5.3.3.-Robos con violencia en establecimientos;2021;26
Huelva;5.3.3.-Robos con violencia en establecimientos;2020;37
Huelva;5.3.3.-Robos con violencia en establecimientos;2019;38
Huelva;5.3.3.-Robos con violencia en establecimientos;2018;50
Huelva;5.4.-Sustracción de vehículos;2024;313
Huelva;5.4.-Sustracción de vehículos;2023;269
Huelva;5.4.-Sustracción de vehículos;2022;276
Huelva;5.4.-Sustracción de vehículos;2021;215
Huelva;5.4.-Sustracción de vehículos;2020;161
Huelva;5.4.-Sustracción de vehículos;2019;224
Huelva;5.4.-Sustracción de vehículos;2018;228
Huelva;5.5.-Estafas;2024;4.070
Huelva;5.5.-Estafas;2023;4.030
Huelva;5.5.-Estafas;2022;2.665
Huelva;5.5.-Estafas;2021;1.868
Huelva;5.5.-Estafas;2020;1.693
Huelva;5.5.-Estafas;2019;2.110
Huelva;5.5.-Estafas;2018;1.942
Huelva;5.5.1.-Estafas informáticas;2024;3.118
Huelva;5.5.1.-Estafas informáticas;2023;3.004
Huelva;5.5.1.-Estafas informáticas;2022;1.681
Huelva;5.5.1.-Estafas informáticas;2021;1.284
Huelva;5.5.1.-Estafas informáticas;2020;1.128
Huelva;5.5.1.-Estafas informáticas;2019;1.327
Huelva;5.5.1.-Estafas informáticas;2018;1.165
Huelva;5.6.-Daños;2024;2.225
Huelva;5.6.-Daños;2023;2.182
Huelva;5.6.-Daños;2022;2.114
Huelva;5.6.-Daños;2021;1.752
Huelva;5.6.-Daños;2020;1.445
Huelva;5.6.-Daños;2019;1.603
Huelva;5.6.-Daños;2018;1.503
Huelva;5.7.-Contra la propiedad intelectual/industrial;2024;24
Huelva;5.7.-Contra la propiedad intelectual/industrial;2023;26
Huelva;5.7.-Contra la propiedad intelectual/industrial;2022;25
Huelva;5.7.-Contra la propiedad intelectual/industrial;2021;14
Huelva;5.7.-Contra la propiedad intelectual/industrial;2020;20
Huelva;5.7.-Contra la propiedad intelectual/industrial;2019;34
Huelva;5.7.-Contra la propiedad intelectual/industrial;2018;40
Huelva;5.8.-Blanqueo de capitales;2024;5
Huelva;5.8.-Blanqueo de capitales;2023;8
Huelva;5.8.-Blanqueo de capitales;2022;4
Huelva;5.8.-Blanqueo de capitales;2021;1
Huelva;5.8.-Blanqueo de capitales;2020;2
Huelva;5.8.-Blanqueo de capitales;2019;2
Huelva;5.8.-Blanqueo de capitales;2018;3
Huelva;5.9.-Otros contra el patrimonio;2024;514
Huelva;5.9.-Otros contra el patrimonio;2023;485
Huelva;5.9.-Otros contra el patrimonio;2022;537
Huelva;5.9.-Otros contra el patrimonio;2021;480
Huelva;5.9.-Otros contra el patrimonio;2020;538
Huelva;5.9.-Otros contra el patrimonio;2019;643
Huelva;5.9.-Otros contra el patrimonio;2018;673
Huelva;6. SEGURIDAD COLECTIVA;2024;1.100
Huelva;6. SEGURIDAD COLECTIVA;2023;1.086
Huelva;6. SEGURIDAD COLECTIVA;2022;1.195
Huelva;6. SEGURIDAD COLECTIVA;2021;1.016
Huelva;6. SEGURIDAD COLECTIVA;2020;1.021
Huelva;6. SEGURIDAD COLECTIVA;2019;1.071
Huelva;6. SEGURIDAD COLECTIVA;2018;1.038
Huelva;6.1.-Tráfico de drogas;2024;141
Huelva;6.1.-Tráfico de drogas;2023;176
Huelva;6.1.-Tráfico de drogas;2022;183
Huelva;6.1.-Tráfico de drogas;2021;213
Huelva;6.1.-Tráfico de drogas;2020;215
Huelva;6.1.-Tráfico de drogas;2019;154
Huelva;6.1.-Tráfico de drogas;2018;195
Huelva;6.2.-Contra la seguridad vial;2024;898
Huelva;6.2.-Contra la seguridad vial;2023;874
Huelva;6.2.-Contra la seguridad vial;2022;967
Huelva;6.2.-Contra la seguridad vial;2021;758
Huelva;6.2.-Contra la seguridad vial;2020;775
Huelva;6.2.-Contra la seguridad vial;2019;864
Huelva;6.2.-Contra la seguridad vial;2018;806
Huelva;6.3.-Otros contra la seguridad colectiva;2024;61
Huelva;6.3.-Otros contra la seguridad colectiva;2023;36
Huelva;6.3.-Otros contra la seguridad colectiva;2022;45
Huelva;6.3.-Otros contra la seguridad colectiva;2021;45
Huelva;6.3.-Otros contra la seguridad colectiva;2020;31
Huelva;6.3.-Otros contra la seguridad colectiva;2019;53
Huelva;6.3.-Otros contra la seguridad colectiva;2018;37
Huelva;7. FALSEDADES;2024;472
Huelva;7. FALSEDADES;2023;321
Huelva;7. FALSEDADES;2022;316
Huelva;7. FALSEDADES;2021;300
Huelva;7. FALSEDADES;2020;217
Huelva;7. FALSEDADES;2019;196
Huelva;7. FALSEDADES;2018;196
Huelva;8. ADMÓN. PÚBLICA;2024;19
Huelva;8. ADMÓN. PÚBLICA;2023;20
Huelva;8. ADMÓN. PÚBLICA;2022;8
Huelva;8. ADMÓN. PÚBLICA;2021;7
Huelva;8. ADMÓN. PÚBLICA;2020;9
Huelva;8. ADMÓN. PÚBLICA;2019;2
Huelva;8. ADMÓN. PÚBLICA;2018;34
Huelva;9. ADMÓN. JUSTICIA;2024;487
Huelva;9. ADMÓN. JUSTICIA;2023;465
Huelva;9. ADMÓN. JUSTICIA;2022;421
Huelva;9. ADMÓN. JUSTICIA;2021;390
Huelva;9. ADMÓN. JUSTICIA;2020;465
Huelva;9. ADMÓN. JUSTICIA;2019;384
Huelva;9. ADMÓN. JUSTICIA;2018;406
Huelva;10. ORDEN PÚBLICO;2024;275
Huelva;10. ORDEN PÚBLICO;2023;285
Huelva;10. ORDEN PÚBLICO;2022;276
Huelva;10. ORDEN PÚBLICO;2021;220
Huelva;10. ORDEN PÚBLICO;2020;320
Huelva;10. ORDEN PÚBLICO;2019;198
Huelva;10. ORDEN PÚBLICO;2018;193
Huelva;11. LEGISLACIÓN ESPECIAL;2024;18
Huelva;11. LEGISLACIÓN ESPECIAL;2023;12
Huelva;11. LEGISLACIÓN ESPECIAL;2022;14
Huelva;11. LEGISLACIÓN ESPECIAL;2021;20
Huelva;11. LEGISLACIÓN ESPECIAL;2020;10
Huelva;11. LEGISLACIÓN ESPECIAL;2019;4
Huelva;11. LEGISLACIÓN ESPECIAL;2018;1
Huelva;12. OTRAS INFRACCIONES PENALES;2024;279
Huelva;12. OTRAS INFRACCIONES PENALES;2023;309
Huelva;12. OTRAS INFRACCIONES PENALES;2022;280
Huelva;12. OTRAS INFRACCIONES PENALES;2021;276
Huelva;12. OTRAS INFRACCIONES PENALES;2020;261
Huelva;12. OTRAS INFRACCIONES PENALES;2019;280
Huelva;12. OTRAS INFRACCIONES PENALES;2018;174
Huelva;TOTAL INFRACCIONES PENALES;2024;23.160
Huelva;TOTAL INFRACCIONES PENALES;2023;23.463
Huelva;TOTAL INFRACCIONES PENALES;2022;21.345
Huelva;TOTAL INFRACCIONES PENALES;2021;17.727
Huelva;TOTAL INFRACCIONES PENALES;2020;16.426
Huelva;TOTAL INFRACCIONES PENALES;2019;18.959
Huelva;TOTAL INFRACCIONES PENALES;2018;18.937
Huesca;1. CONTRA LAS PERSONAS;2024;957
Huesca;1. CONTRA LAS PERSONAS;2023;899
Huesca;1. CONTRA LAS PERSONAS;2022;802
Huesca;1. CONTRA LAS PERSONAS;2021;629
Huesca;1. CONTRA LAS PERSONAS;2020;525
Huesca;1. CONTRA LAS PERSONAS;2019;619
Huesca;1. CONTRA LAS PERSONAS;2018;635
Huesca;1.1.-Homicidios dolosos/asesinatos;2024;9
Huesca;1.1.-Homicidios dolosos/asesinatos;2023;7
Huesca;1.1.-Homicidios dolosos/asesinatos;2022;2
Huesca;1.1.-Homicidios dolosos/asesinatos;2021;1
Huesca;1.1.-Homicidios dolosos/asesinatos;2020;6
Huesca;1.1.-Homicidios dolosos/asesinatos;2019;1
Huesca;1.1.-Homicidios dolosos/asesinatos;2018;3
Huesca;1.1.1.-Homicidios dolosos/asesinatos consumados;2024;1
Huesca;1.1.1.-Homicidios dolosos/asesinatos consumados;2023;1
Huesca;1.1.1.-Homicidios dolosos/asesinatos consumados;2022;0
Huesca;1.1.1.-Homicidios dolosos/asesinatos consumados;2021;1
Huesca;1.1.1.-Homicidios dolosos/asesinatos consumados;2020;1
Huesca;1.1.1.-Homicidios dolosos/asesinatos consumados;2019;0
Huesca;1.1.1.-Homicidios dolosos/asesinatos consumados;2018;2
Huesca;1.2.-Lesiones;2024;541
Huesca;1.2.-Lesiones;2023;480
Huesca;1.2.-Lesiones;2022;483
Huesca;1.2.-Lesiones;2021;381
Huesca;1.2.-Lesiones;2020;262
Huesca;1.2.-Lesiones;2019;362
Huesca;1.2.-Lesiones;2018;392
Huesca;1.3.-Malos tratos ámbito familiar;2024;387
Huesca;1.3.-Malos tratos ámbito familiar;2023;393
Huesca;1.3.-Malos tratos ámbito familiar;2022;298
Huesca;1.3.-Malos tratos ámbito familiar;2021;240
Huesca;1.3.-Malos tratos ámbito familiar;2020;242
Huesca;1.3.-Malos tratos ámbito familiar;2019;243
Huesca;1.3.-Malos tratos ámbito familiar;2018;227
Huesca;1.4.-Otros contra las personas;2024;20
Huesca;1.4.-Otros contra las personas;2023;19
Huesca;1.4.-Otros contra las personas;2022;19
Huesca;1.4.-Otros contra las personas;2021;7
Huesca;1.4.-Otros contra las personas;2020;15
Huesca;1.4.-Otros contra las personas;2019;13
Huesca;1.4.-Otros contra las personas;2018;13
Huesca;2. CONTRA LA LIBERTAD;2024;516
Huesca;2. CONTRA LA LIBERTAD;2023;491
Huesca;2. CONTRA LA LIBERTAD;2022;433
Huesca;2. CONTRA LA LIBERTAD;2021;444
Huesca;2. CONTRA LA LIBERTAD;2020;396
Huesca;2. CONTRA LA LIBERTAD;2019;346
Huesca;2. CONTRA LA LIBERTAD;2018;326
Huesca;2.1.-Malos tratos habituales en el ámbito familiar;2024;66
Huesca;2.1.-Malos tratos habituales en el ámbito familiar;2023;83
Huesca;2.1.-Malos tratos habituales en el ámbito familiar;2022;71
Huesca;2.1.-Malos tratos habituales en el ámbito familiar;2021;74
Huesca;2.1.-Malos tratos habituales en el ámbito familiar;2020;71
Huesca;2.1.-Malos tratos habituales en el ámbito familiar;2019;50
Huesca;2.1.-Malos tratos habituales en el ámbito familiar;2018;52
Huesca;2.2.-Otros contra la libertad;2024;450
Huesca;2.2.-Otros contra la libertad;2023;408
Huesca;2.2.-Otros contra la libertad;2022;362
Huesca;2.2.-Otros contra la libertad;2021;370
Huesca;2.2.-Otros contra la libertad;2020;325
Huesca;2.2.-Otros contra la libertad;2019;296
Huesca;2.2.-Otros contra la libertad;2018;274
Huesca;3. LIBERTAD SEXUAL;2024;67
Huesca;3. LIBERTAD SEXUAL;2023;105
Huesca;3. LIBERTAD SEXUAL;2022;77
Huesca;3. LIBERTAD SEXUAL;2021;82
Huesca;3. LIBERTAD SEXUAL;2020;51
Huesca;3. LIBERTAD SEXUAL;2019;56
Huesca;3. LIBERTAD SEXUAL;2018;40
Huesca;3.1.-Agresión sexual;2024;39
Huesca;3.1.-Agresión sexual;2023;76
Huesca;3.1.-Agresión sexual;2022;47
Huesca;3.1.-Agresión sexual;2021;43
Huesca;3.1.-Agresión sexual;2020;29
Huesca;3.1.-Agresión sexual;2019;42
Huesca;3.1.-Agresión sexual;2018;24
Huesca;3.2.-Agresión sexual con penetración;2024;17
Huesca;3.2.-Agresión sexual con penetración;2023;14
Huesca;3.2.-Agresión sexual con penetración;2022;18
Huesca;3.2.-Agresión sexual con penetración;2021;22
Huesca;3.2.-Agresión sexual con penetración;2020;7
Huesca;3.2.-Agresión sexual con penetración;2019;4
Huesca;3.2.-Agresión sexual con penetración;2018;7
Huesca;3.3.-Corrupción de menores o incapacitados;2024;0
Huesca;3.3.-Corrupción de menores o incapacitados;2023;1
Huesca;3.3.-Corrupción de menores o incapacitados;2022;2
Huesca;3.3.-Corrupción de menores o incapacitados;2021;2
Huesca;3.3.-Corrupción de menores o incapacitados;2020;0
Huesca;3.3.-Corrupción de menores o incapacitados;2019;0
Huesca;3.3.-Corrupción de menores o incapacitados;2018;1
Huesca;3.4.-Pornografía de menores;2024;5
Huesca;3.4.-Pornografía de menores;2023;3
Huesca;3.4.-Pornografía de menores;2022;1
Huesca;3.4.-Pornografía de menores;2021;5
Huesca;3.4.-Pornografía de menores;2020;3
Huesca;3.4.-Pornografía de menores;2019;4
Huesca;3.4.-Pornografía de menores;2018;4
Huesca;3.5.-Otros contra la libertad sexual;2024;6
Huesca;3.5.-Otros contra la libertad sexual;2023;11
Huesca;3.5.-Otros contra la libertad sexual;2022;9
Huesca;3.5.-Otros contra la libertad sexual;2021;10
Huesca;3.5.-Otros contra la libertad sexual;2020;12
Huesca;3.5.-Otros contra la libertad sexual;2019;6
Huesca;3.5.-Otros contra la libertad sexual;2018;4
Huesca;4. RELACIONES FAMILIARES;2024;14
Huesca;4. RELACIONES FAMILIARES;2023;12
Huesca;4. RELACIONES FAMILIARES;2022;4
Huesca;4. RELACIONES FAMILIARES;2021;9
Huesca;4. RELACIONES FAMILIARES;2020;9
Huesca;4. RELACIONES FAMILIARES;2019;6
Huesca;4. RELACIONES FAMILIARES;2018;6
Huesca;5. PATRIMONIO;2024;6.058
Huesca;5. PATRIMONIO;2023;5.532
Huesca;5. PATRIMONIO;2022;5.146
Huesca;5. PATRIMONIO;2021;4.181
Huesca;5. PATRIMONIO;2020;3.598
Huesca;5. PATRIMONIO;2019;3.861
Huesca;5. PATRIMONIO;2018;3.453
Huesca;5.1.-Hurtos;2024;1.558
Huesca;5.1.-Hurtos;2023;1.464
Huesca;5.1.-Hurtos;2022;1.287
Huesca;5.1.-Hurtos;2021;900
Huesca;5.1.-Hurtos;2020;719
Huesca;5.1.-Hurtos;2019;1.053
Huesca;5.1.-Hurtos;2018;1.106
Huesca;5.2.-Robos con fuerza en las cosas;2024;999
Huesca;5.2.-Robos con fuerza en las cosas;2023;1.025
Huesca;5.2.-Robos con fuerza en las cosas;2022;925
Huesca;5.2.-Robos con fuerza en las cosas;2021;679
Huesca;5.2.-Robos con fuerza en las cosas;2020;486
Huesca;5.2.-Robos con fuerza en las cosas;2019;763
Huesca;5.2.-Robos con fuerza en las cosas;2018;673
Huesca;5.2.1.-Robos con fuerza en las cosas en el interior de vehículos;2024;107
Huesca;5.2.1.-Robos con fuerza en las cosas en el interior de vehículos;2023;137
Huesca;5.2.1.-Robos con fuerza en las cosas en el interior de vehículos;2022;107
Huesca;5.2.1.-Robos con fuerza en las cosas en el interior de vehículos;2021;59
Huesca;5.2.1.-Robos con fuerza en las cosas en el interior de vehículos;2020;66
Huesca;5.2.1.-Robos con fuerza en las cosas en el interior de vehículos;2019;116
Huesca;5.2.1.-Robos con fuerza en las cosas en el interior de vehículos;2018;90
Huesca;5.2.2.-Robos con fuerza en viviendas;2024;311
Huesca;5.2.2.-Robos con fuerza en viviendas;2023;332
Huesca;5.2.2.-Robos con fuerza en viviendas;2022;241
Huesca;5.2.2.-Robos con fuerza en viviendas;2021;226
Huesca;5.2.2.-Robos con fuerza en viviendas;2020;165
Huesca;5.2.2.-Robos con fuerza en viviendas;2019;202
Huesca;5.2.2.-Robos con fuerza en viviendas;2018;203
Huesca;5.2.3.-Robos con fuerza en establecimientos;2024;113
Huesca;5.2.3.-Robos con fuerza en establecimientos;2023;119
Huesca;5.2.3.-Robos con fuerza en establecimientos;2022;96
Huesca;5.2.3.-Robos con fuerza en establecimientos;2021;64
Huesca;5.2.3.-Robos con fuerza en establecimientos;2020;64
Huesca;5.2.3.-Robos con fuerza en establecimientos;2019;96
Huesca;5.2.3.-Robos con fuerza en establecimientos;2018;73
Huesca;5.3.-Robos con violencia o intimidación;2024;128
Huesca;5.3.-Robos con violencia o intimidación;2023;84
Huesca;5.3.-Robos con violencia o intimidación;2022;80
Huesca;5.3.-Robos con violencia o intimidación;2021;32
Huesca;5.3.-Robos con violencia o intimidación;2020;32
Huesca;5.3.-Robos con violencia o intimidación;2019;40
Huesca;5.3.-Robos con violencia o intimidación;2018;37
Huesca;5.3.1.-Robos con violencia en vía pública;2024;49
Huesca;5.3.1.-Robos con violencia en vía pública;2023;38
Huesca;5.3.1.-Robos con violencia en vía pública;2022;21
Huesca;5.3.1.-Robos con violencia en vía pública;2021;15
Huesca;5.3.1.-Robos con violencia en vía pública;2020;16
Huesca;5.3.1.-Robos con violencia en vía pública;2019;17
Huesca;5.3.1.-Robos con violencia en vía pública;2018;16
Huesca;5.3.2.-Robos con violencia en viviendas;2024;13
Huesca;5.3.2.-Robos con violencia en viviendas;2023;3
Huesca;5.3.2.-Robos con violencia en viviendas;2022;6
Huesca;5.3.2.-Robos con violencia en viviendas;2021;6
Huesca;5.3.2.-Robos con violencia en viviendas;2020;1
Huesca;5.3.2.-Robos con violencia en viviendas;2019;4
Huesca;5.3.2.-Robos con violencia en viviendas;2018;2
Huesca;5.3.3.-Robos con violencia en establecimientos;2024;16
Huesca;5.3.3.-Robos con violencia en establecimientos;2023;17
Huesca;5.3.3.-Robos con violencia en establecimientos;2022;19
Huesca;5.3.3.-Robos con violencia en establecimientos;2021;6
Huesca;5.3.3.-Robos con violencia en establecimientos;2020;7
Huesca;5.3.3.-Robos con violencia en establecimientos;2019;12
Huesca;5.3.3.-Robos con violencia en establecimientos;2018;11
Huesca;5.4.-Sustracción de vehículos;2024;33
Huesca;5.4.-Sustracción de vehículos;2023;39
Huesca;5.4.-Sustracción de vehículos;2022;36
Huesca;5.4.-Sustracción de vehículos;2021;39
Huesca;5.4.-Sustracción de vehículos;2020;15
Huesca;5.4.-Sustracción de vehículos;2019;15
Huesca;5.4.-Sustracción de vehículos;2018;22
Huesca;5.5.-Estafas;2024;2.175
Huesca;5.5.-Estafas;2023;2.049
Huesca;5.5.-Estafas;2022;1.847
Huesca;5.5.-Estafas;2021;1.509
Huesca;5.5.-Estafas;2020;1.562
Huesca;5.5.-Estafas;2019;1.196
Huesca;5.5.-Estafas;2018;864
Huesca;5.5.1.-Estafas informáticas;2024;2.006
Huesca;5.5.1.-Estafas informáticas;2023;1.876
Huesca;5.5.1.-Estafas informáticas;2022;1.389
Huesca;5.5.1.-Estafas informáticas;2021;1.050
Huesca;5.5.1.-Estafas informáticas;2020;1.094
Huesca;5.5.1.-Estafas informáticas;2019;657
Huesca;5.5.1.-Estafas informáticas;2018;404
Huesca;5.6.-Daños;2024;929
Huesca;5.6.-Daños;2023;693
Huesca;5.6.-Daños;2022;811
Huesca;5.6.-Daños;2021;845
Huesca;5.6.-Daños;2020;649
Huesca;5.6.-Daños;2019;649
Huesca;5.6.-Daños;2018;600
Huesca;5.7.-Contra la propiedad intelectual/industrial;2024;5
Huesca;5.7.-Contra la propiedad intelectual/industrial;2023;3
Huesca;5.7.-Contra la propiedad intelectual/industrial;2022;0
Huesca;5.7.-Contra la propiedad intelectual/industrial;2021;2
Huesca;5.7.-Contra la propiedad intelectual/industrial;2020;1
Huesca;5.7.-Contra la propiedad intelectual/industrial;2019;2
Huesca;5.7.-Contra la propiedad intelectual/industrial;2018;5
Huesca;5.8.-Blanqueo de capitales;2024;2
Huesca;5.8.-Blanqueo de capitales;2023;1
Huesca;5.8.-Blanqueo de capitales;2022;2
Huesca;5.8.-Blanqueo de capitales;2021;2
Huesca;5.8.-Blanqueo de capitales;2020;2
Huesca;5.8.-Blanqueo de capitales;2019;1
Huesca;5.8.-Blanqueo de capitales;2018;0
Huesca;5.9.-Otros contra el patrimonio;2024;229
Huesca;5.9.-Otros contra el patrimonio;2023;174
Huesca;5.9.-Otros contra el patrimonio;2022;158
Huesca;5.9.-Otros contra el patrimonio;2021;173
Huesca;5.9.-Otros contra el patrimonio;2020;132
Huesca;5.9.-Otros contra el patrimonio;2019;142
Huesca;5.9.-Otros contra el patrimonio;2018;146
Huesca;6. SEGURIDAD COLECTIVA;2024;423
Huesca;6. SEGURIDAD COLECTIVA;2023;422
Huesca;6. SEGURIDAD COLECTIVA;2022;411
Huesca;6. SEGURIDAD COLECTIVA;2021;324
Huesca;6. SEGURIDAD COLECTIVA;2020;300
Huesca;6. SEGURIDAD COLECTIVA;2019;342
Huesca;6. SEGURIDAD COLECTIVA;2018;289
Huesca;6.1.-Tráfico de drogas;2024;81
Huesca;6.1.-Tráfico de drogas;2023;100
Huesca;6.1.-Tráfico de drogas;2022;65
Huesca;6.1.-Tráfico de drogas;2021;45
Huesca;6.1.-Tráfico de drogas;2020;52
Huesca;6.1.-Tráfico de drogas;2019;58
Huesca;6.1.-Tráfico de drogas;2018;48
Huesca;6.2.-Contra la seguridad vial;2024;331
Huesca;6.2.-Contra la seguridad vial;2023;315
Huesca;6.2.-Contra la seguridad vial;2022;340
Huesca;6.2.-Contra la seguridad vial;2021;273
Huesca;6.2.-Contra la seguridad vial;2020;243
Huesca;6.2.-Contra la seguridad vial;2019;282
Huesca;6.2.-Contra la seguridad vial;2018;239
Huesca;6.3.-Otros contra la seguridad colectiva;2024;11
Huesca;6.3.-Otros contra la seguridad colectiva;2023;7
Huesca;6.3.-Otros contra la seguridad colectiva;2022;6
Huesca;6.3.-Otros contra la seguridad colectiva;2021;6
Huesca;6.3.-Otros contra la seguridad colectiva;2020;5
Huesca;6.3.-Otros contra la seguridad colectiva;2019;2
Huesca;6.3.-Otros contra la seguridad colectiva;2018;2
Huesca;7. FALSEDADES;2024;194
Huesca;7. FALSEDADES;2023;152
Huesca;7. FALSEDADES;2022;149
Huesca;7. FALSEDADES;2021;167
Huesca;7. FALSEDADES;2020;157
Huesca;7. FALSEDADES;2019;94
Huesca;7. FALSEDADES;2018;85
Huesca;8. ADMÓN. PÚBLICA;2024;3
Huesca;8. ADMÓN. PÚBLICA;2023;1
Huesca;8. ADMÓN. PÚBLICA;2022;1
Huesca;8. ADMÓN. PÚBLICA;2021;1
Huesca;8. ADMÓN. PÚBLICA;2020;6
Huesca;8. ADMÓN. PÚBLICA;2019;0
Huesca;8. ADMÓN. PÚBLICA;2018;2
Huesca;9. ADMÓN. JUSTICIA;2024;259
Huesca;9. ADMÓN. JUSTICIA;2023;229
Huesca;9. ADMÓN. JUSTICIA;2022;165
Huesca;9. ADMÓN. JUSTICIA;2021;115
Huesca;9. ADMÓN. JUSTICIA;2020;113
Huesca;9. ADMÓN. JUSTICIA;2019;127
Huesca;9. ADMÓN. JUSTICIA;2018;100
Huesca;10. ORDEN PÚBLICO;2024;159
Huesca;10. ORDEN PÚBLICO;2023;106
Huesca;10. ORDEN PÚBLICO;2022;111
Huesca;10. ORDEN PÚBLICO;2021;89
Huesca;10. ORDEN PÚBLICO;2020;99
Huesca;10. ORDEN PÚBLICO;2019;72
Huesca;10. ORDEN PÚBLICO;2018;63
Huesca;11. LEGISLACIÓN ESPECIAL;2024;0
Huesca;11. LEGISLACIÓN ESPECIAL;2023;0
Huesca;11. LEGISLACIÓN ESPECIAL;2022;1
Huesca;11. LEGISLACIÓN ESPECIAL;2021;0
Huesca;11. LEGISLACIÓN ESPECIAL;2020;1
Huesca;11. LEGISLACIÓN ESPECIAL;2019;0
Huesca;11. LEGISLACIÓN ESPECIAL;2018;1
Huesca;12. OTRAS INFRACCIONES PENALES;2024;61
Huesca;12. OTRAS INFRACCIONES PENALES;2023;38
Huesca;12. OTRAS INFRACCIONES PENALES;2022;32
Huesca;12. OTRAS INFRACCIONES PENALES;2021;47
Huesca;12. OTRAS INFRACCIONES PENALES;2020;34
Huesca;12. OTRAS INFRACCIONES PENALES;2019;28
Huesca;12. OTRAS INFRACCIONES PENALES;2018;60
Huesca;TOTAL INFRACCIONES PENALES;2024;8.711
Huesca;TOTAL INFRACCIONES PENALES;2023;7.987
Huesca;TOTAL INFRACCIONES PENALES;2022;7.332
Huesca;TOTAL INFRACCIONES PENALES;2021;6.088
Huesca;TOTAL INFRACCIONES PENALES;2020;5.289
Huesca;TOTAL INFRACCIONES PENALES;2019;5.551
Huesca;TOTAL INFRACCIONES PENALES;2018;5.060
Jaén;1. CONTRA LAS PERSONAS;2024;2.297
Jaén;1. CONTRA LAS PERSONAS;2023;2.152
Jaén;1. CONTRA LAS PERSONAS;2022;2.214
Jaén;1. CONTRA LAS PERSONAS;2021;1.911
Jaén;1. CONTRA LAS PERSONAS;2020;1.643
Jaén;1. CONTRA LAS PERSONAS;2019;1.884
Jaén;1. CONTRA LAS PERSONAS;2018;1.818
Jaén;1.1.-Homicidios dolosos/asesinatos;2024;26
Jaén;1.1.-Homicidios dolosos/asesinatos;2023;19
Jaén;1.1.-Homicidios dolosos/asesinatos;2022;23
Jaén;1.1.-Homicidios dolosos/asesinatos;2021;18
Jaén;1.1.-Homicidios dolosos/asesinatos;2020;19
Jaén;1.1.-Homicidios dolosos/asesinatos;2019;11
Jaén;1.1.-Homicidios dolosos/asesinatos;2018;10
Jaén;1.1.1.-Homicidios dolosos/asesinatos consumados;2024;4
Jaén;1.1.1.-Homicidios dolosos/asesinatos consumados;2023;2
Jaén;1.1.1.-Homicidios dolosos/asesinatos consumados;2022;6
Jaén;1.1.1.-Homicidios dolosos/asesinatos consumados;2021;4
Jaén;1.1.1.-Homicidios dolosos/asesinatos consumados;2020;6
Jaén;1.1.1.-Homicidios dolosos/asesinatos consumados;2019;3
Jaén;1.1.1.-Homicidios dolosos/asesinatos consumados;2018;4
Jaén;1.2.-Lesiones;2024;1.283
Jaén;1.2.-Lesiones;2023;1.209
Jaén;1.2.-Lesiones;2022;1.312
Jaén;1.2.-Lesiones;2021;1.134
Jaén;1.2.-Lesiones;2020;926
Jaén;1.2.-Lesiones;2019;1.148
Jaén;1.2.-Lesiones;2018;1.077
Jaén;1.3.-Malos tratos ámbito familiar;2024;948
Jaén;1.3.-Malos tratos ámbito familiar;2023;880
Jaén;1.3.-Malos tratos ámbito familiar;2022;829
Jaén;1.3.-Malos tratos ámbito familiar;2021;735
Jaén;1.3.-Malos tratos ámbito familiar;2020;675
Jaén;1.3.-Malos tratos ámbito familiar;2019;693
Jaén;1.3.-Malos tratos ámbito familiar;2018;694
Jaén;1.4.-Otros contra las personas;2024;40
Jaén;1.4.-Otros contra las personas;2023;44
Jaén;1.4.-Otros contra las personas;2022;50
Jaén;1.4.-Otros contra las personas;2021;24
Jaén;1.4.-Otros contra las personas;2020;23
Jaén;1.4.-Otros contra las personas;2019;32
Jaén;1.4.-Otros contra las personas;2018;37
Jaén;2. CONTRA LA LIBERTAD;2024;1.830
Jaén;2. CONTRA LA LIBERTAD;2023;1.865
Jaén;2. CONTRA LA LIBERTAD;2022;1.757
Jaén;2. CONTRA LA LIBERTAD;2021;1.572
Jaén;2. CONTRA LA LIBERTAD;2020;1.514
Jaén;2. CONTRA LA LIBERTAD;2019;1.441
Jaén;2. CONTRA LA LIBERTAD;2018;1.428
Jaén;2.1.-Malos tratos habituales en el ámbito familiar;2024;258
Jaén;2.1.-Malos tratos habituales en el ámbito familiar;2023;250
Jaén;2.1.-Malos tratos habituales en el ámbito familiar;2022;255
Jaén;2.1.-Malos tratos habituales en el ámbito familiar;2021;237
Jaén;2.1.-Malos tratos habituales en el ámbito familiar;2020;235
Jaén;2.1.-Malos tratos habituales en el ámbito familiar;2019;262
Jaén;2.1.-Malos tratos habituales en el ámbito familiar;2018;204
Jaén;2.2.-Otros contra la libertad;2024;1.572
Jaén;2.2.-Otros contra la libertad;2023;1.615
Jaén;2.2.-Otros contra la libertad;2022;1.502
Jaén;2.2.-Otros contra la libertad;2021;1.335
Jaén;2.2.-Otros contra la libertad;2020;1.279
Jaén;2.2.-Otros contra la libertad;2019;1.179
Jaén;2.2.-Otros contra la libertad;2018;1.224
Jaén;3. LIBERTAD SEXUAL;2024;176
Jaén;3. LIBERTAD SEXUAL;2023;152
Jaén;3. LIBERTAD SEXUAL;2022;150
Jaén;3. LIBERTAD SEXUAL;2021;138
Jaén;3. LIBERTAD SEXUAL;2020;112
Jaén;3. LIBERTAD SEXUAL;2019;142
Jaén;3. LIBERTAD SEXUAL;2018;127
Jaén;3.1.-Agresión sexual;2024;115
Jaén;3.1.-Agresión sexual;2023;89
Jaén;3.1.-Agresión sexual;2022;93
Jaén;3.1.-Agresión sexual;2021;94
Jaén;3.1.-Agresión sexual;2020;75
Jaén;3.1.-Agresión sexual;2019;83
Jaén;3.1.-Agresión sexual;2018;81
Jaén;3.2.-Agresión sexual con penetración;2024;28
Jaén;3.2.-Agresión sexual con penetración;2023;37
Jaén;3.2.-Agresión sexual con penetración;2022;26
Jaén;3.2.-Agresión sexual con penetración;2021;21
Jaén;3.2.-Agresión sexual con penetración;2020;14
Jaén;3.2.-Agresión sexual con penetración;2019;19
Jaén;3.2.-Agresión sexual con penetración;2018;22
Jaén;3.3.-Corrupción de menores o incapacitados;2024;2
Jaén;3.3.-Corrupción de menores o incapacitados;2023;4
Jaén;3.3.-Corrupción de menores o incapacitados;2022;4
Jaén;3.3.-Corrupción de menores o incapacitados;2021;2
Jaén;3.3.-Corrupción de menores o incapacitados;2020;2
Jaén;3.3.-Corrupción de menores o incapacitados;2019;11
Jaén;3.3.-Corrupción de menores o incapacitados;2018;3
Jaén;3.4.-Pornografía de menores;2024;4
Jaén;3.4.-Pornografía de menores;2023;6
Jaén;3.4.-Pornografía de menores;2022;3
Jaén;3.4.-Pornografía de menores;2021;6
Jaén;3.4.-Pornografía de menores;2020;0
Jaén;3.4.-Pornografía de menores;2019;5
Jaén;3.4.-Pornografía de menores;2018;6
Jaén;3.5.-Otros contra la libertad sexual;2024;27
Jaén;3.5.-Otros contra la libertad sexual;2023;16
Jaén;3.5.-Otros contra la libertad sexual;2022;24
Jaén;3.5.-Otros contra la libertad sexual;2021;15
Jaén;3.5.-Otros contra la libertad sexual;2020;21
Jaén;3.5.-Otros contra la libertad sexual;2019;24
Jaén;3.5.-Otros contra la libertad sexual;2018;15
Jaén;4. RELACIONES FAMILIARES;2024;165
Jaén;4. RELACIONES FAMILIARES;2023;139
Jaén;4. RELACIONES FAMILIARES;2022;135
Jaén;4. RELACIONES FAMILIARES;2021;123
Jaén;4. RELACIONES FAMILIARES;2020;110
Jaén;4. RELACIONES FAMILIARES;2019;125
Jaén;4. RELACIONES FAMILIARES;2018;113
Jaén;5. PATRIMONIO;2024;13.539
Jaén;5. PATRIMONIO;2023;14.405
Jaén;5. PATRIMONIO;2022;13.448
Jaén;5. PATRIMONIO;2021;10.710
Jaén;5. PATRIMONIO;2020;9.940
Jaén;5. PATRIMONIO;2019;10.868
Jaén;5. PATRIMONIO;2018;10.835
Jaén;5.1.-Hurtos;2024;3.497
Jaén;5.1.-Hurtos;2023;3.692
Jaén;5.1.-Hurtos;2022;3.357
Jaén;5.1.-Hurtos;2021;2.856
Jaén;5.1.-Hurtos;2020;2.177
Jaén;5.1.-Hurtos;2019;3.349
Jaén;5.1.-Hurtos;2018;3.598
Jaén;5.2.-Robos con fuerza en las cosas;2024;2.037
Jaén;5.2.-Robos con fuerza en las cosas;2023;2.235
Jaén;5.2.-Robos con fuerza en las cosas;2022;2.078
Jaén;5.2.-Robos con fuerza en las cosas;2021;1.589
Jaén;5.2.-Robos con fuerza en las cosas;2020;1.748
Jaén;5.2.-Robos con fuerza en las cosas;2019;1.886
Jaén;5.2.-Robos con fuerza en las cosas;2018;2.134
Jaén;5.2.1.-Robos con fuerza en las cosas en el interior de vehículos;2024;474
Jaén;5.2.1.-Robos con fuerza en las cosas en el interior de vehículos;2023;446
Jaén;5.2.1.-Robos con fuerza en las cosas en el interior de vehículos;2022;285
Jaén;5.2.1.-Robos con fuerza en las cosas en el interior de vehículos;2021;315
Jaén;5.2.1.-Robos con fuerza en las cosas en el interior de vehículos;2020;368
Jaén;5.2.1.-Robos con fuerza en las cosas en el interior de vehículos;2019;410
Jaén;5.2.1.-Robos con fuerza en las cosas en el interior de vehículos;2018;568
Jaén;5.2.2.-Robos con fuerza en viviendas;2024;758
Jaén;5.2.2.-Robos con fuerza en viviendas;2023;752
Jaén;5.2.2.-Robos con fuerza en viviendas;2022;769
Jaén;5.2.2.-Robos con fuerza en viviendas;2021;572
Jaén;5.2.2.-Robos con fuerza en viviendas;2020;627
Jaén;5.2.2.-Robos con fuerza en viviendas;2019;715
Jaén;5.2.2.-Robos con fuerza en viviendas;2018;667
Jaén;5.2.3.-Robos con fuerza en establecimientos;2024;218
Jaén;5.2.3.-Robos con fuerza en establecimientos;2023;278
Jaén;5.2.3.-Robos con fuerza en establecimientos;2022;262
Jaén;5.2.3.-Robos con fuerza en establecimientos;2021;156
Jaén;5.2.3.-Robos con fuerza en establecimientos;2020;238
Jaén;5.2.3.-Robos con fuerza en establecimientos;2019;251
Jaén;5.2.3.-Robos con fuerza en establecimientos;2018;294
Jaén;5.3.-Robos con violencia o intimidación;2024;171
Jaén;5.3.-Robos con violencia o intimidación;2023;207
Jaén;5.3.-Robos con violencia o intimidación;2022;232
Jaén;5.3.-Robos con violencia o intimidación;2021;174
Jaén;5.3.-Robos con violencia o intimidación;2020;177
Jaén;5.3.-Robos con violencia o intimidación;2019;280
Jaén;5.3.-Robos con violencia o intimidación;2018;201
Jaén;5.3.1.-Robos con violencia en vía pública;2024;84
Jaén;5.3.1.-Robos con violencia en vía pública;2023;109
Jaén;5.3.1.-Robos con violencia en vía pública;2022;130
Jaén;5.3.1.-Robos con violencia en vía pública;2021;96
Jaén;5.3.1.-Robos con violencia en vía pública;2020;89
Jaén;5.3.1.-Robos con violencia en vía pública;2019;164
Jaén;5.3.1.-Robos con violencia en vía pública;2018;116
Jaén;5.3.2.-Robos con violencia en viviendas;2024;30
Jaén;5.3.2.-Robos con violencia en viviendas;2023;26
Jaén;5.3.2.-Robos con violencia en viviendas;2022;24
Jaén;5.3.2.-Robos con violencia en viviendas;2021;26
Jaén;5.3.2.-Robos con violencia en viviendas;2020;16
Jaén;5.3.2.-Robos con violencia en viviendas;2019;34
Jaén;5.3.2.-Robos con violencia en viviendas;2018;18
Jaén;5.3.3.-Robos con violencia en establecimientos;2024;34
Jaén;5.3.3.-Robos con violencia en establecimientos;2023;40
Jaén;5.3.3.-Robos con violencia en establecimientos;2022;40
Jaén;5.3.3.-Robos con violencia en establecimientos;2021;19
Jaén;5.3.3.-Robos con violencia en establecimientos;2020;50
Jaén;5.3.3.-Robos con violencia en establecimientos;2019;49
Jaén;5.3.3.-Robos con violencia en establecimientos;2018;22
Jaén;5.4.-Sustracción de vehículos;2024;158
Jaén;5.4.-Sustracción de vehículos;2023;155
Jaén;5.4.-Sustracción de vehículos;2022;153
Jaén;5.4.-Sustracción de vehículos;2021;128
Jaén;5.4.-Sustracción de vehículos;2020;176
Jaén;5.4.-Sustracción de vehículos;2019;218
Jaén;5.4.-Sustracción de vehículos;2018;203
Jaén;5.5.-Estafas;2024;4.940
Jaén;5.5.-Estafas;2023;5.442
Jaén;5.5.-Estafas;2022;4.680
Jaén;5.5.-Estafas;2021;3.597
Jaén;5.5.-Estafas;2020;3.432
Jaén;5.5.-Estafas;2019;2.630
Jaén;5.5.-Estafas;2018;2.250
Jaén;5.5.1.-Estafas informáticas;2024;4.397
Jaén;5.5.1.-Estafas informáticas;2023;5.034
Jaén;5.5.1.-Estafas informáticas;2022;3.207
Jaén;5.5.1.-Estafas informáticas;2021;2.510
Jaén;5.5.1.-Estafas informáticas;2020;2.188
Jaén;5.5.1.-Estafas informáticas;2019;1.335
Jaén;5.5.1.-Estafas informáticas;2018;851
Jaén;5.6.-Daños;2024;2.164
Jaén;5.6.-Daños;2023;2.126
Jaén;5.6.-Daños;2022;2.226
Jaén;5.6.-Daños;2021;1.856
Jaén;5.6.-Daños;2020;1.687
Jaén;5.6.-Daños;2019;1.937
Jaén;5.6.-Daños;2018;1.913
Jaén;5.7.-Contra la propiedad intelectual/industrial;2024;8
Jaén;5.7.-Contra la propiedad intelectual/industrial;2023;5
Jaén;5.7.-Contra la propiedad intelectual/industrial;2022;7
Jaén;5.7.-Contra la propiedad intelectual/industrial;2021;5
Jaén;5.7.-Contra la propiedad intelectual/industrial;2020;2
Jaén;5.7.-Contra la propiedad intelectual/industrial;2019;8
Jaén;5.7.-Contra la propiedad intelectual/industrial;2018;5
Jaén;5.8.-Blanqueo de capitales;2024;3
Jaén;5.8.-Blanqueo de capitales;2023;9
Jaén;5.8.-Blanqueo de capitales;2022;3
Jaén;5.8.-Blanqueo de capitales;2021;2
Jaén;5.8.-Blanqueo de capitales;2020;6
Jaén;5.8.-Blanqueo de capitales;2019;4
Jaén;5.8.-Blanqueo de capitales;2018;0
Jaén;5.9.-Otros contra el patrimonio;2024;561
Jaén;5.9.-Otros contra el patrimonio;2023;534
Jaén;5.9.-Otros contra el patrimonio;2022;712
Jaén;5.9.-Otros contra el patrimonio;2021;503
Jaén;5.9.-Otros contra el patrimonio;2020;535
Jaén;5.9.-Otros contra el patrimonio;2019;556
Jaén;5.9.-Otros contra el patrimonio;2018;531
Jaén;6. SEGURIDAD COLECTIVA;2024;671
Jaén;6. SEGURIDAD COLECTIVA;2023;665
Jaén;6. SEGURIDAD COLECTIVA;2022;696
Jaén;6. SEGURIDAD COLECTIVA;2021;594
Jaén;6. SEGURIDAD COLECTIVA;2020;611
Jaén;6. SEGURIDAD COLECTIVA;2019;679
Jaén;6. SEGURIDAD COLECTIVA;2018;608
Jaén;6.1.-Tráfico de drogas;2024;165
Jaén;6.1.-Tráfico de drogas;2023;161
Jaén;6.1.-Tráfico de drogas;2022;157
Jaén;6.1.-Tráfico de drogas;2021;165
Jaén;6.1.-Tráfico de drogas;2020;165
Jaén;6.1.-Tráfico de drogas;2019;148
Jaén;6.1.-Tráfico de drogas;2018;144
Jaén;6.2.-Contra la seguridad vial;2024;468
Jaén;6.2.-Contra la seguridad vial;2023;472
Jaén;6.2.-Contra la seguridad vial;2022;507
Jaén;6.2.-Contra la seguridad vial;2021;392
Jaén;6.2.-Contra la seguridad vial;2020;417
Jaén;6.2.-Contra la seguridad vial;2019;476
Jaén;6.2.-Contra la seguridad vial;2018;440
Jaén;6.3.-Otros contra la seguridad colectiva;2024;38
Jaén;6.3.-Otros contra la seguridad colectiva;2023;32
Jaén;6.3.-Otros contra la seguridad colectiva;2022;32
Jaén;6.3.-Otros contra la seguridad colectiva;2021;37
Jaén;6.3.-Otros contra la seguridad colectiva;2020;29
Jaén;6.3.-Otros contra la seguridad colectiva;2019;55
Jaén;6.3.-Otros contra la seguridad colectiva;2018;24
Jaén;7. FALSEDADES;2024;565
Jaén;7. FALSEDADES;2023;570
Jaén;7. FALSEDADES;2022;528
Jaén;7. FALSEDADES;2021;497
Jaén;7. FALSEDADES;2020;302
Jaén;7. FALSEDADES;2019;264
Jaén;7. FALSEDADES;2018;282
Jaén;8. ADMÓN. PÚBLICA;2024;2
Jaén;8. ADMÓN. PÚBLICA;2023;4
Jaén;8. ADMÓN. PÚBLICA;2022;11
Jaén;8. ADMÓN. PÚBLICA;2021;8
Jaén;8. ADMÓN. PÚBLICA;2020;5
Jaén;8. ADMÓN. PÚBLICA;2019;8
Jaén;8. ADMÓN. PÚBLICA;2018;4
Jaén;9. ADMÓN. JUSTICIA;2024;632
Jaén;9. ADMÓN. JUSTICIA;2023;650
Jaén;9. ADMÓN. JUSTICIA;2022;502
Jaén;9. ADMÓN. JUSTICIA;2021;461
Jaén;9. ADMÓN. JUSTICIA;2020;425
Jaén;9. ADMÓN. JUSTICIA;2019;449
Jaén;9. ADMÓN. JUSTICIA;2018;407
Jaén;10. ORDEN PÚBLICO;2024;319
Jaén;10. ORDEN PÚBLICO;2023;273
Jaén;10. ORDEN PÚBLICO;2022;246
Jaén;10. ORDEN PÚBLICO;2021;228
Jaén;10. ORDEN PÚBLICO;2020;242
Jaén;10. ORDEN PÚBLICO;2019;225
Jaén;10. ORDEN PÚBLICO;2018;168
Jaén;11. LEGISLACIÓN ESPECIAL;2024;4
Jaén;11. LEGISLACIÓN ESPECIAL;2023;4
Jaén;11. LEGISLACIÓN ESPECIAL;2022;4
Jaén;11. LEGISLACIÓN ESPECIAL;2021;0
Jaén;11. LEGISLACIÓN ESPECIAL;2020;4
Jaén;11. LEGISLACIÓN ESPECIAL;2019;6
Jaén;11. LEGISLACIÓN ESPECIAL;2018;7
Jaén;12. OTRAS INFRACCIONES PENALES;2024;169
Jaén;12. OTRAS INFRACCIONES PENALES;2023;194
Jaén;12. OTRAS INFRACCIONES PENALES;2022;166
Jaén;12. OTRAS INFRACCIONES PENALES;2021;180
Jaén;12. OTRAS INFRACCIONES PENALES;2020;180
Jaén;12. OTRAS INFRACCIONES PENALES;2019;192
Jaén;12. OTRAS INFRACCIONES PENALES;2018;192
Jaén;TOTAL INFRACCIONES PENALES;2024;20.369
Jaén;TOTAL INFRACCIONES PENALES;2023;21.073
Jaén;TOTAL INFRACCIONES PENALES;2022;19.857
Jaén;TOTAL INFRACCIONES PENALES;2021;16.422
Jaén;TOTAL INFRACCIONES PENALES;2020;15.088
Jaén;TOTAL INFRACCIONES PENALES;2019;16.283
Jaén;TOTAL INFRACCIONES PENALES;2018;15.989
León;1. CONTRA LAS PERSONAS;2024;1.634
León;1. CONTRA LAS PERSONAS;2023;1.632
León;1. CONTRA LAS PERSONAS;2022;1.489
León;1. CONTRA LAS PERSONAS;2021;1.282
León;1. CONTRA LAS PERSONAS;2020;1.169
León;1. CONTRA LAS PERSONAS;2019;1.406
León;1. CONTRA LAS PERSONAS;2018;1.381
León;1.1.-Homicidios dolosos/asesinatos;2024;5
León;1.1.-Homicidios dolosos/asesinatos;2023;14
León;1.1.-Homicidios dolosos/asesinatos;2022;9
León;1.1.-Homicidios dolosos/asesinatos;2021;8
León;1.1.-Homicidios dolosos/asesinatos;2020;7
León;1.1.-Homicidios dolosos/asesinatos;2019;3
León;1.1.-Homicidios dolosos/asesinatos;2018;11
León;1.1.1.-Homicidios dolosos/asesinatos consumados;2024;2
León;1.1.1.-Homicidios dolosos/asesinatos consumados;2023;3
León;1.1.1.-Homicidios dolosos/asesinatos consumados;2022;2
León;1.1.1.-Homicidios dolosos/asesinatos consumados;2021;5
León;1.1.1.-Homicidios dolosos/asesinatos consumados;2020;4
León;1.1.1.-Homicidios dolosos/asesinatos consumados;2019;0
León;1.1.1.-Homicidios dolosos/asesinatos consumados;2018;1
León;1.2.-Lesiones;2024;1.024
León;1.2.-Lesiones;2023;1.000
León;1.2.-Lesiones;2022;993
León;1.2.-Lesiones;2021;827
León;1.2.-Lesiones;2020;671
León;1.2.-Lesiones;2019;947
León;1.2.-Lesiones;2018;950
León;1.3.-Malos tratos ámbito familiar;2024;585
León;1.3.-Malos tratos ámbito familiar;2023;590
León;1.3.-Malos tratos ámbito familiar;2022;462
León;1.3.-Malos tratos ámbito familiar;2021;434
León;1.3.-Malos tratos ámbito familiar;2020;478
León;1.3.-Malos tratos ámbito familiar;2019;436
León;1.3.-Malos tratos ámbito familiar;2018;403
León;1.4.-Otros contra las personas;2024;20
León;1.4.-Otros contra las personas;2023;28
León;1.4.-Otros contra las personas;2022;25
León;1.4.-Otros contra las personas;2021;13
León;1.4.-Otros contra las personas;2020;13
León;1.4.-Otros contra las personas;2019;20
León;1.4.-Otros contra las personas;2018;17
León;2. CONTRA LA LIBERTAD;2024;1.271
León;2. CONTRA LA LIBERTAD;2023;1.263
León;2. CONTRA LA LIBERTAD;2022;1.212
León;2. CONTRA LA LIBERTAD;2021;1.209
León;2. CONTRA LA LIBERTAD;2020;1.017
León;2. CONTRA LA LIBERTAD;2019;1.177
León;2. CONTRA LA LIBERTAD;2018;1.082
León;2.1.-Malos tratos habituales en el ámbito familiar;2024;82
León;2.1.-Malos tratos habituales en el ámbito familiar;2023;101
León;2.1.-Malos tratos habituales en el ámbito familiar;2022;104
León;2.1.-Malos tratos habituales en el ámbito familiar;2021;94
León;2.1.-Malos tratos habituales en el ámbito familiar;2020;89
León;2.1.-Malos tratos habituales en el ámbito familiar;2019;83
León;2.1.-Malos tratos habituales en el ámbito familiar;2018;109
León;2.2.-Otros contra la libertad;2024;1.189
León;2.2.-Otros contra la libertad;2023;1.162
León;2.2.-Otros contra la libertad;2022;1.108
León;2.2.-Otros contra la libertad;2021;1.115
León;2.2.-Otros contra la libertad;2020;928
León;2.2.-Otros contra la libertad;2019;1.094
León;2.2.-Otros contra la libertad;2018;973
León;3. LIBERTAD SEXUAL;2024;138
León;3. LIBERTAD SEXUAL;2023;147
León;3. LIBERTAD SEXUAL;2022;132
León;3. LIBERTAD SEXUAL;2021;60
León;3. LIBERTAD SEXUAL;2020;69
León;3. LIBERTAD SEXUAL;2019;77
León;3. LIBERTAD SEXUAL;2018;65
León;3.1.-Agresión sexual;2024;69
León;3.1.-Agresión sexual;2023;82
León;3.1.-Agresión sexual;2022;81
León;3.1.-Agresión sexual;2021;37
León;3.1.-Agresión sexual;2020;42
León;3.1.-Agresión sexual;2019;35
León;3.1.-Agresión sexual;2018;37
León;3.2.-Agresión sexual con penetración;2024;27
León;3.2.-Agresión sexual con penetración;2023;25
León;3.2.-Agresión sexual con penetración;2022;17
León;3.2.-Agresión sexual con penetración;2021;11
León;3.2.-Agresión sexual con penetración;2020;9
León;3.2.-Agresión sexual con penetración;2019;12
León;3.2.-Agresión sexual con penetración;2018;11
León;3.3.-Corrupción de menores o incapacitados;2024;4
León;3.3.-Corrupción de menores o incapacitados;2023;8
León;3.3.-Corrupción de menores o incapacitados;2022;2
León;3.3.-Corrupción de menores o incapacitados;2021;1
León;3.3.-Corrupción de menores o incapacitados;2020;3
León;3.3.-Corrupción de menores o incapacitados;2019;4
León;3.3.-Corrupción de menores o incapacitados;2018;1
León;3.4.-Pornografía de menores;2024;9
León;3.4.-Pornografía de menores;2023;7
León;3.4.-Pornografía de menores;2022;15
León;3.4.-Pornografía de menores;2021;2
León;3.4.-Pornografía de menores;2020;5
León;3.4.-Pornografía de menores;2019;7
León;3.4.-Pornografía de menores;2018;6
León;3.5.-Otros contra la libertad sexual;2024;29
León;3.5.-Otros contra la libertad sexual;2023;25
León;3.5.-Otros contra la libertad sexual;2022;17
León;3.5.-Otros contra la libertad sexual;2021;9
León;3.5.-Otros contra la libertad sexual;2020;10
León;3.5.-Otros contra la libertad sexual;2019;19
León;3.5.-Otros contra la libertad sexual;2018;10
León;4. RELACIONES FAMILIARES;2024;26
León;4. RELACIONES FAMILIARES;2023;26
León;4. RELACIONES FAMILIARES;2022;32
León;4. RELACIONES FAMILIARES;2021;30
León;4. RELACIONES FAMILIARES;2020;16
León;4. RELACIONES FAMILIARES;2019;28
León;4. RELACIONES FAMILIARES;2018;31
León;5. PATRIMONIO;2024;12.384
León;5. PATRIMONIO;2023;12.247
León;5. PATRIMONIO;2022;12.132
León;5. PATRIMONIO;2021;9.332
León;5. PATRIMONIO;2020;9.111
León;5. PATRIMONIO;2019;11.676
León;5. PATRIMONIO;2018;12.039
León;5.1.-Hurtos;2024;3.641
León;5.1.-Hurtos;2023;3.496
León;5.1.-Hurtos;2022;3.529
León;5.1.-Hurtos;2021;2.459
León;5.1.-Hurtos;2020;2.318
León;5.1.-Hurtos;2019;4.161
León;5.1.-Hurtos;2018;4.307
León;5.2.-Robos con fuerza en las cosas;2024;1.484
León;5.2.-Robos con fuerza en las cosas;2023;1.662
León;5.2.-Robos con fuerza en las cosas;2022;1.401
León;5.2.-Robos con fuerza en las cosas;2021;1.141
León;5.2.-Robos con fuerza en las cosas;2020;1.271
León;5.2.-Robos con fuerza en las cosas;2019;1.749
León;5.2.-Robos con fuerza en las cosas;2018;2.125
León;5.2.1.-Robos con fuerza en las cosas en el interior de vehículos;2024;373
León;5.2.1.-Robos con fuerza en las cosas en el interior de vehículos;2023;465
León;5.2.1.-Robos con fuerza en las cosas en el interior de vehículos;2022;258
León;5.2.1.-Robos con fuerza en las cosas en el interior de vehículos;2021;221
León;5.2.1.-Robos con fuerza en las cosas en el interior de vehículos;2020;235
León;5.2.1.-Robos con fuerza en las cosas en el interior de vehículos;2019;327
León;5.2.1.-Robos con fuerza en las cosas en el interior de vehículos;2018;386
León;5.2.2.-Robos con fuerza en viviendas;2024;500
León;5.2.2.-Robos con fuerza en viviendas;2023;485
León;5.2.2.-Robos con fuerza en viviendas;2022;468
León;5.2.2.-Robos con fuerza en viviendas;2021;397
León;5.2.2.-Robos con fuerza en viviendas;2020;406
León;5.2.2.-Robos con fuerza en viviendas;2019;582
León;5.2.2.-Robos con fuerza en viviendas;2018;758
León;5.2.3.-Robos con fuerza en establecimientos;2024;227
León;5.2.3.-Robos con fuerza en establecimientos;2023;357
León;5.2.3.-Robos con fuerza en establecimientos;2022;293
León;5.2.3.-Robos con fuerza en establecimientos;2021;202
León;5.2.3.-Robos con fuerza en establecimientos;2020;272
León;5.2.3.-Robos con fuerza en establecimientos;2019;347
León;5.2.3.-Robos con fuerza en establecimientos;2018;471
León;5.3.-Robos con violencia o intimidación;2024;163
León;5.3.-Robos con violencia o intimidación;2023;187
León;5.3.-Robos con violencia o intimidación;2022;183
León;5.3.-Robos con violencia o intimidación;2021;123
León;5.3.-Robos con violencia o intimidación;2020;165
León;5.3.-Robos con violencia o intimidación;2019;183
León;5.3.-Robos con violencia o intimidación;2018;164
León;5.3.1.-Robos con violencia en vía pública;2024;100
León;5.3.1.-Robos con violencia en vía pública;2023;113
León;5.3.1.-Robos con violencia en vía pública;2022;102
León;5.3.1.-Robos con violencia en vía pública;2021;69
León;5.3.1.-Robos con violencia en vía pública;2020;96
León;5.3.1.-Robos con violencia en vía pública;2019;102
León;5.3.1.-Robos con violencia en vía pública;2018;106
León;5.3.2.-Robos con violencia en viviendas;2024;11
León;5.3.2.-Robos con violencia en viviendas;2023;15
León;5.3.2.-Robos con violencia en viviendas;2022;24
León;5.3.2.-Robos con violencia en viviendas;2021;18
León;5.3.2.-Robos con violencia en viviendas;2020;17
León;5.3.2.-Robos con violencia en viviendas;2019;18
León;5.3.2.-Robos con violencia en viviendas;2018;12
León;5.3.3.-Robos con violencia en establecimientos;2024;37
León;5.3.3.-Robos con violencia en establecimientos;2023;40
León;5.3.3.-Robos con violencia en establecimientos;2022;39
León;5.3.3.-Robos con violencia en establecimientos;2021;25
León;5.3.3.-Robos con violencia en establecimientos;2020;35
León;5.3.3.-Robos con violencia en establecimientos;2019;47
León;5.3.3.-Robos con violencia en establecimientos;2018;27
León;5.4.-Sustracción de vehículos;2024;117
León;5.4.-Sustracción de vehículos;2023;86
León;5.4.-Sustracción de vehículos;2022;112
León;5.4.-Sustracción de vehículos;2021;83
León;5.4.-Sustracción de vehículos;2020;88
León;5.4.-Sustracción de vehículos;2019;140
León;5.4.-Sustracción de vehículos;2018;168
León;5.5.-Estafas;2024;4.513
León;5.5.-Estafas;2023;4.458
León;5.5.-Estafas;2022;4.468
León;5.5.-Estafas;2021;3.333
León;5.5.-Estafas;2020;3.245
León;5.5.-Estafas;2019;2.898
León;5.5.-Estafas;2018;2.681
León;5.5.1.-Estafas informáticas;2024;3.966
León;5.5.1.-Estafas informáticas;2023;3.858
León;5.5.1.-Estafas informáticas;2022;3.373
León;5.5.1.-Estafas informáticas;2021;2.527
León;5.5.1.-Estafas informáticas;2020;2.485
León;5.5.1.-Estafas informáticas;2019;2.039
León;5.5.1.-Estafas informáticas;2018;1.688
León;5.6.-Daños;2024;1.971
León;5.6.-Daños;2023;1.974
León;5.6.-Daños;2022;2.125
León;5.6.-Daños;2021;1.870
León;5.6.-Daños;2020;1.737
León;5.6.-Daños;2019;2.209
León;5.6.-Daños;2018;2.238
León;5.7.-Contra la propiedad intelectual/industrial;2024;11
León;5.7.-Contra la propiedad intelectual/industrial;2023;2
León;5.7.-Contra la propiedad intelectual/industrial;2022;3
León;5.7.-Contra la propiedad intelectual/industrial;2021;3
León;5.7.-Contra la propiedad intelectual/industrial;2020;2
León;5.7.-Contra la propiedad intelectual/industrial;2019;7
León;5.7.-Contra la propiedad intelectual/industrial;2018;10
León;5.8.-Blanqueo de capitales;2024;6
León;5.8.-Blanqueo de capitales;2023;3
León;5.8.-Blanqueo de capitales;2022;0
León;5.8.-Blanqueo de capitales;2021;0
León;5.8.-Blanqueo de capitales;2020;0
León;5.8.-Blanqueo de capitales;2019;3
León;5.8.-Blanqueo de capitales;2018;1
León;5.9.-Otros contra el patrimonio;2024;478
León;5.9.-Otros contra el patrimonio;2023;379
León;5.9.-Otros contra el patrimonio;2022;311
León;5.9.-Otros contra el patrimonio;2021;320
León;5.9.-Otros contra el patrimonio;2020;285
León;5.9.-Otros contra el patrimonio;2019;326
León;5.9.-Otros contra el patrimonio;2018;345
León;6. SEGURIDAD COLECTIVA;2024;567
León;6. SEGURIDAD COLECTIVA;2023;539
León;6. SEGURIDAD COLECTIVA;2022;620
León;6. SEGURIDAD COLECTIVA;2021;600
León;6. SEGURIDAD COLECTIVA;2020;515
León;6. SEGURIDAD COLECTIVA;2019;595
León;6. SEGURIDAD COLECTIVA;2018;519
León;6.1.-Tráfico de drogas;2024;55
León;6.1.-Tráfico de drogas;2023;60
León;6.1.-Tráfico de drogas;2022;72
León;6.1.-Tráfico de drogas;2021;81
León;6.1.-Tráfico de drogas;2020;85
León;6.1.-Tráfico de drogas;2019;69
León;6.1.-Tráfico de drogas;2018;65
León;6.2.-Contra la seguridad vial;2024;478
León;6.2.-Contra la seguridad vial;2023;457
León;6.2.-Contra la seguridad vial;2022;522
León;6.2.-Contra la seguridad vial;2021;492
León;6.2.-Contra la seguridad vial;2020;391
León;6.2.-Contra la seguridad vial;2019;495
León;6.2.-Contra la seguridad vial;2018;438
León;6.3.-Otros contra la seguridad colectiva;2024;34
León;6.3.-Otros contra la seguridad colectiva;2023;22
León;6.3.-Otros contra la seguridad colectiva;2022;26
León;6.3.-Otros contra la seguridad colectiva;2021;27
León;6.3.-Otros contra la seguridad colectiva;2020;39
León;6.3.-Otros contra la seguridad colectiva;2019;31
León;6.3.-Otros contra la seguridad colectiva;2018;16
León;7. FALSEDADES;2024;400
León;7. FALSEDADES;2023;332
León;7. FALSEDADES;2022;236
León;7. FALSEDADES;2021;219
León;7. FALSEDADES;2020;178
León;7. FALSEDADES;2019;122
León;7. FALSEDADES;2018;156
León;8. ADMÓN. PÚBLICA;2024;5
León;8. ADMÓN. PÚBLICA;2023;3
León;8. ADMÓN. PÚBLICA;2022;3
León;8. ADMÓN. PÚBLICA;2021;3
León;8. ADMÓN. PÚBLICA;2020;1
León;8. ADMÓN. PÚBLICA;2019;4
León;8. ADMÓN. PÚBLICA;2018;3
León;9. ADMÓN. JUSTICIA;2024;264
León;9. ADMÓN. JUSTICIA;2023;308
León;9. ADMÓN. JUSTICIA;2022;296
León;9. ADMÓN. JUSTICIA;2021;231
León;9. ADMÓN. JUSTICIA;2020;186
León;9. ADMÓN. JUSTICIA;2019;221
León;9. ADMÓN. JUSTICIA;2018;185
León;10. ORDEN PÚBLICO;2024;195
León;10. ORDEN PÚBLICO;2023;174
León;10. ORDEN PÚBLICO;2022;209
León;10. ORDEN PÚBLICO;2021;159
León;10. ORDEN PÚBLICO;2020;159
León;10. ORDEN PÚBLICO;2019;125
León;10. ORDEN PÚBLICO;2018;110
León;11. LEGISLACIÓN ESPECIAL;2024;0
León;11. LEGISLACIÓN ESPECIAL;2023;0
León;11. LEGISLACIÓN ESPECIAL;2022;0
León;11. LEGISLACIÓN ESPECIAL;2021;0
León;11. LEGISLACIÓN ESPECIAL;2020;1
León;11. LEGISLACIÓN ESPECIAL;2019;1
León;11. LEGISLACIÓN ESPECIAL;2018;0
León;12. OTRAS INFRACCIONES PENALES;2024;137
León;12. OTRAS INFRACCIONES PENALES;2023;156
León;12. OTRAS INFRACCIONES PENALES;2022;112
León;12. OTRAS INFRACCIONES PENALES;2021;94
León;12. OTRAS INFRACCIONES PENALES;2020;108
León;12. OTRAS INFRACCIONES PENALES;2019;104
León;12. OTRAS INFRACCIONES PENALES;2018;113
León;TOTAL INFRACCIONES PENALES;2024;17.021
León;TOTAL INFRACCIONES PENALES;2023;16.827
León;TOTAL INFRACCIONES PENALES;2022;16.473
León;TOTAL INFRACCIONES PENALES;2021;13.219
León;TOTAL INFRACCIONES PENALES;2020;12.530
León;TOTAL INFRACCIONES PENALES;2019;15.536
León;TOTAL INFRACCIONES PENALES;2018;15.684
Lleida;1. CONTRA LAS PERSONAS;2024;1.510
Lleida;1. CONTRA LAS PERSONAS;2023;1.480
Lleida;1. CONTRA LAS PERSONAS;2022;1.477
Lleida;1. CONTRA LAS PERSONAS;2021;1.281
Lleida;1. CONTRA LAS PERSONAS;2020;1.008
Lleida;1. CONTRA LAS PERSONAS;2019;1.328
Lleida;1. CONTRA LAS PERSONAS;2018;1.380
Lleida;1.1.-Homicidios dolosos/asesinatos;2024;20
Lleida;1.1.-Homicidios dolosos/asesinatos;2023;16
Lleida;1.1.-Homicidios dolosos/asesinatos;2022;19
Lleida;1.1.-Homicidios dolosos/asesinatos;2021;17
Lleida;1.1.-Homicidios dolosos/asesinatos;2020;10
Lleida;1.1.-Homicidios dolosos/asesinatos;2019;10
Lleida;1.1.-Homicidios dolosos/asesinatos;2018;14
Lleida;1.1.1.-Homicidios dolosos/asesinatos consumados;2024;3
Lleida;1.1.1.-Homicidios dolosos/asesinatos consumados;2023;3
Lleida;1.1.1.-Homicidios dolosos/asesinatos consumados;2022;7
Lleida;1.1.1.-Homicidios dolosos/asesinatos consumados;2021;3
Lleida;1.1.1.-Homicidios dolosos/asesinatos consumados;2020;2
Lleida;1.1.1.-Homicidios dolosos/asesinatos consumados;2019;0
Lleida;1.1.1.-Homicidios dolosos/asesinatos consumados;2018;2
Lleida;1.2.-Lesiones;2024;990
Lleida;1.2.-Lesiones;2023;950
Lleida;1.2.-Lesiones;2022;978
Lleida;1.2.-Lesiones;2021;791
Lleida;1.2.-Lesiones;2020;579
Lleida;1.2.-Lesiones;2019;828
Lleida;1.2.-Lesiones;2018;830
Lleida;1.3.-Malos tratos ámbito familiar;2024;458
Lleida;1.3.-Malos tratos ámbito familiar;2023;465
Lleida;1.3.-Malos tratos ámbito familiar;2022;440
Lleida;1.3.-Malos tratos ámbito familiar;2021;420
Lleida;1.3.-Malos tratos ámbito familiar;2020;385
Lleida;1.3.-Malos tratos ámbito familiar;2019;443
Lleida;1.3.-Malos tratos ámbito familiar;2018;480
Lleida;1.4.-Otros contra las personas;2024;42
Lleida;1.4.-Otros contra las personas;2023;49
Lleida;1.4.-Otros contra las personas;2022;40
Lleida;1.4.-Otros contra las personas;2021;53
Lleida;1.4.-Otros contra las personas;2020;34
Lleida;1.4.-Otros contra las personas;2019;47
Lleida;1.4.-Otros contra las personas;2018;56
Lleida;2. CONTRA LA LIBERTAD;2024;2.071
Lleida;2. CONTRA LA LIBERTAD;2023;2.001
Lleida;2. CONTRA LA LIBERTAD;2022;1.858
Lleida;2. CONTRA LA LIBERTAD;2021;1.818
Lleida;2. CONTRA LA LIBERTAD;2020;1.302
Lleida;2. CONTRA LA LIBERTAD;2019;1.550
Lleida;2. CONTRA LA LIBERTAD;2018;1.516
Lleida;2.1.-Malos tratos habituales en el ámbito familiar;2024;94
Lleida;2.1.-Malos tratos habituales en el ámbito familiar;2023;91
Lleida;2.1.-Malos tratos habituales en el ámbito familiar;2022;85
Lleida;2.1.-Malos tratos habituales en el ámbito familiar;2021;55
Lleida;2.1.-Malos tratos habituales en el ámbito familiar;2020;54
Lleida;2.1.-Malos tratos habituales en el ámbito familiar;2019;52
Lleida;2.1.-Malos tratos habituales en el ámbito familiar;2018;64
Lleida;2.2.-Otros contra la libertad;2024;1.977
Lleida;2.2.-Otros contra la libertad;2023;1.910
Lleida;2.2.-Otros contra la libertad;2022;1.773
Lleida;2.2.-Otros contra la libertad;2021;1.763
Lleida;2.2.-Otros contra la libertad;2020;1.248
Lleida;2.2.-Otros contra la libertad;2019;1.498
Lleida;2.2.-Otros contra la libertad;2018;1.452
Lleida;3. LIBERTAD SEXUAL;2024;318
Lleida;3. LIBERTAD SEXUAL;2023;276
Lleida;3. LIBERTAD SEXUAL;2022;202
Lleida;3. LIBERTAD SEXUAL;2021;191
Lleida;3. LIBERTAD SEXUAL;2020;110
Lleida;3. LIBERTAD SEXUAL;2019;181
Lleida;3. LIBERTAD SEXUAL;2018;160
Lleida;3.1.-Agresión sexual;2024;147
Lleida;3.1.-Agresión sexual;2023;126
Lleida;3.1.-Agresión sexual;2022;103
Lleida;3.1.-Agresión sexual;2021;89
Lleida;3.1.-Agresión sexual;2020;47
Lleida;3.1.-Agresión sexual;2019;105
Lleida;3.1.-Agresión sexual;2018;81
Lleida;3.2.-Agresión sexual con penetración;2024;133
Lleida;3.2.-Agresión sexual con penetración;2023;105
Lleida;3.2.-Agresión sexual con penetración;2022;77
Lleida;3.2.-Agresión sexual con penetración;2021;72
Lleida;3.2.-Agresión sexual con penetración;2020;36
Lleida;3.2.-Agresión sexual con penetración;2019;51
Lleida;3.2.-Agresión sexual con penetración;2018;52
Lleida;3.3.-Corrupción de menores o incapacitados;2024;1
Lleida;3.3.-Corrupción de menores o incapacitados;2023;1
Lleida;3.3.-Corrupción de menores o incapacitados;2022;1
Lleida;3.3.-Corrupción de menores o incapacitados;2021;0
Lleida;3.3.-Corrupción de menores o incapacitados;2020;0
Lleida;3.3.-Corrupción de menores o incapacitados;2019;1
Lleida;3.3.-Corrupción de menores o incapacitados;2018;1
Lleida;3.4.-Pornografía de menores;2024;8
Lleida;3.4.-Pornografía de menores;2023;18
Lleida;3.4.-Pornografía de menores;2022;5
Lleida;3.4.-Pornografía de menores;2021;8
Lleida;3.4.-Pornografía de menores;2020;3
Lleida;3.4.-Pornografía de menores;2019;9
Lleida;3.4.-Pornografía de menores;2018;7
Lleida;3.5.-Otros contra la libertad sexual;2024;29
Lleida;3.5.-Otros contra la libertad sexual;2023;26
Lleida;3.5.-Otros contra la libertad sexual;2022;16
Lleida;3.5.-Otros contra la libertad sexual;2021;22
Lleida;3.5.-Otros contra la libertad sexual;2020;24
Lleida;3.5.-Otros contra la libertad sexual;2019;15
Lleida;3.5.-Otros contra la libertad sexual;2018;19
Lleida;4. RELACIONES FAMILIARES;2024;92
Lleida;4. RELACIONES FAMILIARES;2023;115
Lleida;4. RELACIONES FAMILIARES;2022;101
Lleida;4. RELACIONES FAMILIARES;2021;90
Lleida;4. RELACIONES FAMILIARES;2020;67
Lleida;4. RELACIONES FAMILIARES;2019;94
Lleida;4. RELACIONES FAMILIARES;2018;91
Lleida;5. PATRIMONIO;2024;16.895
Lleida;5. PATRIMONIO;2023;16.515
Lleida;5. PATRIMONIO;2022;16.307
Lleida;5. PATRIMONIO;2021;13.710
Lleida;5. PATRIMONIO;2020;12.072
Lleida;5. PATRIMONIO;2019;14.141
Lleida;5. PATRIMONIO;2018;14.584
Lleida;5.1.-Hurtos;2024;4.451
Lleida;5.1.-Hurtos;2023;4.676
Lleida;5.1.-Hurtos;2022;5.022
Lleida;5.1.-Hurtos;2021;4.197
Lleida;5.1.-Hurtos;2020;3.209
Lleida;5.1.-Hurtos;2019;4.363
Lleida;5.1.-Hurtos;2018;4.657
Lleida;5.2.-Robos con fuerza en las cosas;2024;3.438
Lleida;5.2.-Robos con fuerza en las cosas;2023;2.828
Lleida;5.2.-Robos con fuerza en las cosas;2022;3.024
Lleida;5.2.-Robos con fuerza en las cosas;2021;2.605
Lleida;5.2.-Robos con fuerza en las cosas;2020;2.698
Lleida;5.2.-Robos con fuerza en las cosas;2019;3.241
Lleida;5.2.-Robos con fuerza en las cosas;2018;3.479
Lleida;5.2.1.-Robos con fuerza en las cosas en el interior de vehículos;2024;1.218
Lleida;5.2.1.-Robos con fuerza en las cosas en el interior de vehículos;2023;620
Lleida;5.2.1.-Robos con fuerza en las cosas en el interior de vehículos;2022;923
Lleida;5.2.1.-Robos con fuerza en las cosas en el interior de vehículos;2021;1.007
Lleida;5.2.1.-Robos con fuerza en las cosas en el interior de vehículos;2020;5
Lleida;5.2.1.-Robos con fuerza en las cosas en el interior de vehículos;2019;1.116
Lleida;5.2.1.-Robos con fuerza en las cosas en el interior de vehículos;2018;1.216
Lleida;5.2.2.-Robos con fuerza en viviendas;2024;1.058
Lleida;5.2.2.-Robos con fuerza en viviendas;2023;1.068
Lleida;5.2.2.-Robos con fuerza en viviendas;2022;936
Lleida;5.2.2.-Robos con fuerza en viviendas;2021;642
Lleida;5.2.2.-Robos con fuerza en viviendas;2020;666
Lleida;5.2.2.-Robos con fuerza en viviendas;2019;807
Lleida;5.2.2.-Robos con fuerza en viviendas;2018;812
Lleida;5.2.3.-Robos con fuerza en establecimientos;2024;333
Lleida;5.2.3.-Robos con fuerza en establecimientos;2023;299
Lleida;5.2.3.-Robos con fuerza en establecimientos;2022;316
Lleida;5.2.3.-Robos con fuerza en establecimientos;2021;237
Lleida;5.2.3.-Robos con fuerza en establecimientos;2020;328
Lleida;5.2.3.-Robos con fuerza en establecimientos;2019;1
Lleida;5.2.3.-Robos con fuerza en establecimientos;2018;3
Lleida;5.3.-Robos con violencia o intimidación;2024;469
Lleida;5.3.-Robos con violencia o intimidación;2023;395
Lleida;5.3.-Robos con violencia o intimidación;2022;479
Lleida;5.3.-Robos con violencia o intimidación;2021;377
Lleida;5.3.-Robos con violencia o intimidación;2020;285
Lleida;5.3.-Robos con violencia o intimidación;2019;455
Lleida;5.3.-Robos con violencia o intimidación;2018;409
Lleida;5.3.1.-Robos con violencia en vía pública;2024;307
Lleida;5.3.1.-Robos con violencia en vía pública;2023;226
Lleida;5.3.1.-Robos con violencia en vía pública;2022;307
Lleida;5.3.1.-Robos con violencia en vía pública;2021;248
Lleida;5.3.1.-Robos con violencia en vía pública;2020;181
Lleida;5.3.1.-Robos con violencia en vía pública;2019;2
Lleida;5.3.1.-Robos con violencia en vía pública;2018;1
Lleida;5.3.2.-Robos con violencia en viviendas;2024;43
Lleida;5.3.2.-Robos con violencia en viviendas;2023;40
Lleida;5.3.2.-Robos con violencia en viviendas;2022;31
Lleida;5.3.2.-Robos con violencia en viviendas;2021;22
Lleida;5.3.2.-Robos con violencia en viviendas;2020;28
Lleida;5.3.2.-Robos con violencia en viviendas;2019;6
Lleida;5.3.2.-Robos con violencia en viviendas;2018;14
Lleida;5.3.3.-Robos con violencia en establecimientos;2024;79
Lleida;5.3.3.-Robos con violencia en establecimientos;2023;85
Lleida;5.3.3.-Robos con violencia en establecimientos;2022;95
Lleida;5.3.3.-Robos con violencia en establecimientos;2021;77
Lleida;5.3.3.-Robos con violencia en establecimientos;2020;45
Lleida;5.3.3.-Robos con violencia en establecimientos;2019;1
Lleida;5.3.3.-Robos con violencia en establecimientos;2018;0
Lleida;5.4.-Sustracción de vehículos;2024;217
Lleida;5.4.-Sustracción de vehículos;2023;236
Lleida;5.4.-Sustracción de vehículos;2022;165
Lleida;5.4.-Sustracción de vehículos;2021;151
Lleida;5.4.-Sustracción de vehículos;2020;138
Lleida;5.4.-Sustracción de vehículos;2019;166
Lleida;5.4.-Sustracción de vehículos;2018;161
Lleida;5.5.-Estafas;2024;5.356
Lleida;5.5.-Estafas;2023;5.751
Lleida;5.5.-Estafas;2022;4.818
Lleida;5.5.-Estafas;2021;3.704
Lleida;5.5.-Estafas;2020;3.376
Lleida;5.5.-Estafas;2019;3.155
Lleida;5.5.-Estafas;2018;3.125
Lleida;5.5.1.-Estafas informáticas;2024;4.003
Lleida;5.5.1.-Estafas informáticas;2023;4.517
Lleida;5.5.1.-Estafas informáticas;2022;3.847
Lleida;5.5.1.-Estafas informáticas;2021;2.968
Lleida;5.5.1.-Estafas informáticas;2020;2.844
Lleida;5.5.1.-Estafas informáticas;2019;2.491
Lleida;5.5.1.-Estafas informáticas;2018;2.407
Lleida;5.6.-Daños;2024;2.349
Lleida;5.6.-Daños;2023;2.085
Lleida;5.6.-Daños;2022;2.195
Lleida;5.6.-Daños;2021;2.162
Lleida;5.6.-Daños;2020;1.888
Lleida;5.6.-Daños;2019;2.280
Lleida;5.6.-Daños;2018;2.265
Lleida;5.7.-Contra la propiedad intelectual/industrial;2024;23
Lleida;5.7.-Contra la propiedad intelectual/industrial;2023;6
Lleida;5.7.-Contra la propiedad intelectual/industrial;2022;10
Lleida;5.7.-Contra la propiedad intelectual/industrial;2021;11
Lleida;5.7.-Contra la propiedad intelectual/industrial;2020;4
Lleida;5.7.-Contra la propiedad intelectual/industrial;2019;6
Lleida;5.7.-Contra la propiedad intelectual/industrial;2018;5
Lleida;5.8.-Blanqueo de capitales;2024;9
Lleida;5.8.-Blanqueo de capitales;2023;5
Lleida;5.8.-Blanqueo de capitales;2022;6
Lleida;5.8.-Blanqueo de capitales;2021;3
Lleida;5.8.-Blanqueo de capitales;2020;1
Lleida;5.8.-Blanqueo de capitales;2019;0
Lleida;5.8.-Blanqueo de capitales;2018;0
Lleida;5.9.-Otros contra el patrimonio;2024;583
Lleida;5.9.-Otros contra el patrimonio;2023;533
Lleida;5.9.-Otros contra el patrimonio;2022;588
Lleida;5.9.-Otros contra el patrimonio;2021;500
Lleida;5.9.-Otros contra el patrimonio;2020;473
Lleida;5.9.-Otros contra el patrimonio;2019;475
Lleida;5.9.-Otros contra el patrimonio;2018;483
Lleida;6. SEGURIDAD COLECTIVA;2024;1.110
Lleida;6. SEGURIDAD COLECTIVA;2023;1.095
Lleida;6. SEGURIDAD COLECTIVA;2022;923
Lleida;6. SEGURIDAD COLECTIVA;2021;789
Lleida;6. SEGURIDAD COLECTIVA;2020;521
Lleida;6. SEGURIDAD COLECTIVA;2019;705
Lleida;6. SEGURIDAD COLECTIVA;2018;705
Lleida;6.1.-Tráfico de drogas;2024;145
Lleida;6.1.-Tráfico de drogas;2023;135
Lleida;6.1.-Tráfico de drogas;2022;154
Lleida;6.1.-Tráfico de drogas;2021;108
Lleida;6.1.-Tráfico de drogas;2020;107
Lleida;6.1.-Tráfico de drogas;2019;96
Lleida;6.1.-Tráfico de drogas;2018;78
Lleida;6.2.-Contra la seguridad vial;2024;946
Lleida;6.2.-Contra la seguridad vial;2023;941
Lleida;6.2.-Contra la seguridad vial;2022;758
Lleida;6.2.-Contra la seguridad vial;2021;670
Lleida;6.2.-Contra la seguridad vial;2020;407
Lleida;6.2.-Contra la seguridad vial;2019;589
Lleida;6.2.-Contra la seguridad vial;2018;621
Lleida;6.3.-Otros contra la seguridad colectiva;2024;19
Lleida;6.3.-Otros contra la seguridad colectiva;2023;19
Lleida;6.3.-Otros contra la seguridad colectiva;2022;11
Lleida;6.3.-Otros contra la seguridad colectiva;2021;11
Lleida;6.3.-Otros contra la seguridad colectiva;2020;7
Lleida;6.3.-Otros contra la seguridad colectiva;2019;20
Lleida;6.3.-Otros contra la seguridad colectiva;2018;6
Lleida;7. FALSEDADES;2024;288
Lleida;7. FALSEDADES;2023;226
Lleida;7. FALSEDADES;2022;221
Lleida;7. FALSEDADES;2021;215
Lleida;7. FALSEDADES;2020;111
Lleida;7. FALSEDADES;2019;150
Lleida;7. FALSEDADES;2018;136
Lleida;8. ADMÓN. PÚBLICA;2024;1
Lleida;8. ADMÓN. PÚBLICA;2023;4
Lleida;8. ADMÓN. PÚBLICA;2022;5
Lleida;8. ADMÓN. PÚBLICA;2021;6
Lleida;8. ADMÓN. PÚBLICA;2020;7
Lleida;8. ADMÓN. PÚBLICA;2019;14
Lleida;8. ADMÓN. PÚBLICA;2018;1
Lleida;9. ADMÓN. JUSTICIA;2024;377
Lleida;9. ADMÓN. JUSTICIA;2023;342
Lleida;9. ADMÓN. JUSTICIA;2022;290
Lleida;9. ADMÓN. JUSTICIA;2021;274
Lleida;9. ADMÓN. JUSTICIA;2020;223
Lleida;9. ADMÓN. JUSTICIA;2019;289
Lleida;9. ADMÓN. JUSTICIA;2018;314
Lleida;10. ORDEN PÚBLICO;2024;187
Lleida;10. ORDEN PÚBLICO;2023;206
Lleida;10. ORDEN PÚBLICO;2022;180
Lleida;10. ORDEN PÚBLICO;2021;136
Lleida;10. ORDEN PÚBLICO;2020;121
Lleida;10. ORDEN PÚBLICO;2019;128
Lleida;10. ORDEN PÚBLICO;2018;113
Lleida;11. LEGISLACIÓN ESPECIAL;2024;4
Lleida;11. LEGISLACIÓN ESPECIAL;2023;5
Lleida;11. LEGISLACIÓN ESPECIAL;2022;1
Lleida;11. LEGISLACIÓN ESPECIAL;2021;6
Lleida;11. LEGISLACIÓN ESPECIAL;2020;1
Lleida;11. LEGISLACIÓN ESPECIAL;2019;2
Lleida;11. LEGISLACIÓN ESPECIAL;2018;3
Lleida;12. OTRAS INFRACCIONES PENALES;2024;79
Lleida;12. OTRAS INFRACCIONES PENALES;2023;89
Lleida;12. OTRAS INFRACCIONES PENALES;2022;55
Lleida;12. OTRAS INFRACCIONES PENALES;2021;47
Lleida;12. OTRAS INFRACCIONES PENALES;2020;50
Lleida;12. OTRAS INFRACCIONES PENALES;2019;39
Lleida;12. OTRAS INFRACCIONES PENALES;2018;44
Lleida;TOTAL INFRACCIONES PENALES;2024;22.932
Lleida;TOTAL INFRACCIONES PENALES;2023;22.354
Lleida;TOTAL INFRACCIONES PENALES;2022;21.620
Lleida;TOTAL INFRACCIONES PENALES;2021;18.563
Lleida;TOTAL INFRACCIONES PENALES;2020;15.593
Lleida;TOTAL INFRACCIONES PENALES;2019;18.621
Lleida;TOTAL INFRACCIONES PENALES;2018;19.047
Rioja (La);1. CONTRA LAS PERSONAS;2024;1.435
Rioja (La);1. CONTRA LAS PERSONAS;2023;1.490
Rioja (La);1. CONTRA LAS PERSONAS;2022;1.391
Rioja (La);1. CONTRA LAS PERSONAS;2021;1.166
Rioja (La);1. CONTRA LAS PERSONAS;2020;942
Rioja (La);1. CONTRA LAS PERSONAS;2019;1.042
Rioja (La);1. CONTRA LAS PERSONAS;2018;1.057
Rioja (La);1.1.-Homicidios dolosos/asesinatos;2024;16
Rioja (La);1.1.-Homicidios dolosos/asesinatos;2023;15
Rioja (La);1.1.-Homicidios dolosos/asesinatos;2022;9
Rioja (La);1.1.-Homicidios dolosos/asesinatos;2021;8
Rioja (La);1.1.-Homicidios dolosos/asesinatos;2020;8
Rioja (La);1.1.-Homicidios dolosos/asesinatos;2019;5
Rioja (La);1.1.-Homicidios dolosos/asesinatos;2018;3
Rioja (La);1.1.1.-Homicidios dolosos/asesinatos consumados;2024;6
Rioja (La);1.1.1.-Homicidios dolosos/asesinatos consumados;2023;3
Rioja (La);1.1.1.-Homicidios dolosos/asesinatos consumados;2022;1
Rioja (La);1.1.1.-Homicidios dolosos/asesinatos consumados;2021;3
Rioja (La);1.1.1.-Homicidios dolosos/asesinatos consumados;2020;5
Rioja (La);1.1.1.-Homicidios dolosos/asesinatos consumados;2019;0
Rioja (La);1.1.1.-Homicidios dolosos/asesinatos consumados;2018;1
Rioja (La);1.2.-Lesiones;2024;770
Rioja (La);1.2.-Lesiones;2023;753
Rioja (La);1.2.-Lesiones;2022;792
Rioja (La);1.2.-Lesiones;2021;658
Rioja (La);1.2.-Lesiones;2020;500
Rioja (La);1.2.-Lesiones;2019;577
Rioja (La);1.2.-Lesiones;2018;562
Rioja (La);1.3.-Malos tratos ámbito familiar;2024;601
Rioja (La);1.3.-Malos tratos ámbito familiar;2023;676
Rioja (La);1.3.-Malos tratos ámbito familiar;2022;550
Rioja (La);1.3.-Malos tratos ámbito familiar;2021;482
Rioja (La);1.3.-Malos tratos ámbito familiar;2020;413
Rioja (La);1.3.-Malos tratos ámbito familiar;2019;447
Rioja (La);1.3.-Malos tratos ámbito familiar;2018;479
Rioja (La);1.4.-Otros contra las personas;2024;48
Rioja (La);1.4.-Otros contra las personas;2023;46
Rioja (La);1.4.-Otros contra las personas;2022;40
Rioja (La);1.4.-Otros contra las personas;2021;18
Rioja (La);1.4.-Otros contra las personas;2020;21
Rioja (La);1.4.-Otros contra las personas;2019;13
Rioja (La);1.4.-Otros contra las personas;2018;13
Rioja (La);2. CONTRA LA LIBERTAD;2024;924
Rioja (La);2. CONTRA LA LIBERTAD;2023;858
Rioja (La);2. CONTRA LA LIBERTAD;2022;816
Rioja (La);2. CONTRA LA LIBERTAD;2021;775
Rioja (La);2. CONTRA LA LIBERTAD;2020;555
Rioja (La);2. CONTRA LA LIBERTAD;2019;518
Rioja (La);2. CONTRA LA LIBERTAD;2018;502
Rioja (La);2.1.-Malos tratos habituales en el ámbito familiar;2024;81
Rioja (La);2.1.-Malos tratos habituales en el ámbito familiar;2023;94
Rioja (La);2.1.-Malos tratos habituales en el ámbito familiar;2022;97
Rioja (La);2.1.-Malos tratos habituales en el ámbito familiar;2021;91
Rioja (La);2.1.-Malos tratos habituales en el ámbito familiar;2020;73
Rioja (La);2.1.-Malos tratos habituales en el ámbito familiar;2019;68
Rioja (La);2.1.-Malos tratos habituales en el ámbito familiar;2018;48
Rioja (La);2.2.-Otros contra la libertad;2024;843
Rioja (La);2.2.-Otros contra la libertad;2023;764
Rioja (La);2.2.-Otros contra la libertad;2022;719
Rioja (La);2.2.-Otros contra la libertad;2021;684
Rioja (La);2.2.-Otros contra la libertad;2020;482
Rioja (La);2.2.-Otros contra la libertad;2019;450
Rioja (La);2.2.-Otros contra la libertad;2018;454
Rioja (La);3. LIBERTAD SEXUAL;2024;119
Rioja (La);3. LIBERTAD SEXUAL;2023;124
Rioja (La);3. LIBERTAD SEXUAL;2022;109
Rioja (La);3. LIBERTAD SEXUAL;2021;102
Rioja (La);3. LIBERTAD SEXUAL;2020;104
Rioja (La);3. LIBERTAD SEXUAL;2019;92
Rioja (La);3. LIBERTAD SEXUAL;2018;61
Rioja (La);3.1.-Agresión sexual;2024;86
Rioja (La);3.1.-Agresión sexual;2023;82
Rioja (La);3.1.-Agresión sexual;2022;77
Rioja (La);3.1.-Agresión sexual;2021;69
Rioja (La);3.1.-Agresión sexual;2020;47
Rioja (La);3.1.-Agresión sexual;2019;65
Rioja (La);3.1.-Agresión sexual;2018;39
Rioja (La);3.2.-Agresión sexual con penetración;2024;15
Rioja (La);3.2.-Agresión sexual con penetración;2023;18
Rioja (La);3.2.-Agresión sexual con penetración;2022;19
Rioja (La);3.2.-Agresión sexual con penetración;2021;14
Rioja (La);3.2.-Agresión sexual con penetración;2020;13
Rioja (La);3.2.-Agresión sexual con penetración;2019;15
Rioja (La);3.2.-Agresión sexual con penetración;2018;8
Rioja (La);3.3.-Corrupción de menores o incapacitados;2024;1
Rioja (La);3.3.-Corrupción de menores o incapacitados;2023;5
Rioja (La);3.3.-Corrupción de menores o incapacitados;2022;5
Rioja (La);3.3.-Corrupción de menores o incapacitados;2021;3
Rioja (La);3.3.-Corrupción de menores o incapacitados;2020;8
Rioja (La);3.3.-Corrupción de menores o incapacitados;2019;4
Rioja (La);3.3.-Corrupción de menores o incapacitados;2018;1
Rioja (La);3.4.-Pornografía de menores;2024;1
Rioja (La);3.4.-Pornografía de menores;2023;7
Rioja (La);3.4.-Pornografía de menores;2022;2
Rioja (La);3.4.-Pornografía de menores;2021;3
Rioja (La);3.4.-Pornografía de menores;2020;4
Rioja (La);3.4.-Pornografía de menores;2019;2
Rioja (La);3.4.-Pornografía de menores;2018;7
Rioja (La);3.5.-Otros contra la libertad sexual;2024;16
Rioja (La);3.5.-Otros contra la libertad sexual;2023;12
Rioja (La);3.5.-Otros contra la libertad sexual;2022;6
Rioja (La);3.5.-Otros contra la libertad sexual;2021;13
Rioja (La);3.5.-Otros contra la libertad sexual;2020;32
Rioja (La);3.5.-Otros contra la libertad sexual;2019;6
Rioja (La);3.5.-Otros contra la libertad sexual;2018;6
Rioja (La);4. RELACIONES FAMILIARES;2024;34
Rioja (La);4. RELACIONES FAMILIARES;2023;30
Rioja (La);4. RELACIONES FAMILIARES;2022;32
Rioja (La);4. RELACIONES FAMILIARES;2021;20
Rioja (La);4. RELACIONES FAMILIARES;2020;25
Rioja (La);4. RELACIONES FAMILIARES;2019;31
Rioja (La);4. RELACIONES FAMILIARES;2018;20
Rioja (La);5. PATRIMONIO;2024;8.256
Rioja (La);5. PATRIMONIO;2023;8.570
Rioja (La);5. PATRIMONIO;2022;8.254
Rioja (La);5. PATRIMONIO;2021;5.983
Rioja (La);5. PATRIMONIO;2020;5.460
Rioja (La);5. PATRIMONIO;2019;6.179
Rioja (La);5. PATRIMONIO;2018;5.894
Rioja (La);5.1.-Hurtos;2024;2.720
Rioja (La);5.1.-Hurtos;2023;2.974
Rioja (La);5.1.-Hurtos;2022;2.743
Rioja (La);5.1.-Hurtos;2021;1.789
Rioja (La);5.1.-Hurtos;2020;1.475
Rioja (La);5.1.-Hurtos;2019;2.415
Rioja (La);5.1.-Hurtos;2018;2.366
Rioja (La);5.2.-Robos con fuerza en las cosas;2024;1.399
Rioja (La);5.2.-Robos con fuerza en las cosas;2023;1.356
Rioja (La);5.2.-Robos con fuerza en las cosas;2022;1.251
Rioja (La);5.2.-Robos con fuerza en las cosas;2021;844
Rioja (La);5.2.-Robos con fuerza en las cosas;2020;806
Rioja (La);5.2.-Robos con fuerza en las cosas;2019;942
Rioja (La);5.2.-Robos con fuerza en las cosas;2018;1.001
Rioja (La);5.2.1.-Robos con fuerza en las cosas en el interior de vehículos;2024;301
Rioja (La);5.2.1.-Robos con fuerza en las cosas en el interior de vehículos;2023;260
Rioja (La);5.2.1.-Robos con fuerza en las cosas en el interior de vehículos;2022;208
Rioja (La);5.2.1.-Robos con fuerza en las cosas en el interior de vehículos;2021;178
Rioja (La);5.2.1.-Robos con fuerza en las cosas en el interior de vehículos;2020;155
Rioja (La);5.2.1.-Robos con fuerza en las cosas en el interior de vehículos;2019;185
Rioja (La);5.2.1.-Robos con fuerza en las cosas en el interior de vehículos;2018;177
Rioja (La);5.2.2.-Robos con fuerza en viviendas;2024;588
Rioja (La);5.2.2.-Robos con fuerza en viviendas;2023;559
Rioja (La);5.2.2.-Robos con fuerza en viviendas;2022;527
Rioja (La);5.2.2.-Robos con fuerza en viviendas;2021;397
Rioja (La);5.2.2.-Robos con fuerza en viviendas;2020;352
Rioja (La);5.2.2.-Robos con fuerza en viviendas;2019;437
Rioja (La);5.2.2.-Robos con fuerza en viviendas;2018;466
Rioja (La);5.2.3.-Robos con fuerza en establecimientos;2024;149
Rioja (La);5.2.3.-Robos con fuerza en establecimientos;2023;145
Rioja (La);5.2.3.-Robos con fuerza en establecimientos;2022;167
Rioja (La);5.2.3.-Robos con fuerza en establecimientos;2021;92
Rioja (La);5.2.3.-Robos con fuerza en establecimientos;2020;99
Rioja (La);5.2.3.-Robos con fuerza en establecimientos;2019;109
Rioja (La);5.2.3.-Robos con fuerza en establecimientos;2018;133
Rioja (La);5.3.-Robos con violencia o intimidación;2024;123
Rioja (La);5.3.-Robos con violencia o intimidación;2023;150
Rioja (La);5.3.-Robos con violencia o intimidación;2022;121
Rioja (La);5.3.-Robos con violencia o intimidación;2021;116
Rioja (La);5.3.-Robos con violencia o intimidación;2020;78
Rioja (La);5.3.-Robos con violencia o intimidación;2019;91
Rioja (La);5.3.-Robos con violencia o intimidación;2018;77
Rioja (La);5.3.1.-Robos con violencia en vía pública;2024;65
Rioja (La);5.3.1.-Robos con violencia en vía pública;2023;88
Rioja (La);5.3.1.-Robos con violencia en vía pública;2022;69
Rioja (La);5.3.1.-Robos con violencia en vía pública;2021;68
Rioja (La);5.3.1.-Robos con violencia en vía pública;2020;44
Rioja (La);5.3.1.-Robos con violencia en vía pública;2019;41
Rioja (La);5.3.1.-Robos con violencia en vía pública;2018;46
Rioja (La);5.3.2.-Robos con violencia en viviendas;2024;12
Rioja (La);5.3.2.-Robos con violencia en viviendas;2023;12
Rioja (La);5.3.2.-Robos con violencia en viviendas;2022;8
Rioja (La);5.3.2.-Robos con violencia en viviendas;2021;7
Rioja (La);5.3.2.-Robos con violencia en viviendas;2020;5
Rioja (La);5.3.2.-Robos con violencia en viviendas;2019;7
Rioja (La);5.3.2.-Robos con violencia en viviendas;2018;8
Rioja (La);5.3.3.-Robos con violencia en establecimientos;2024;35
Rioja (La);5.3.3.-Robos con violencia en establecimientos;2023;36
Rioja (La);5.3.3.-Robos con violencia en establecimientos;2022;29
Rioja (La);5.3.3.-Robos con violencia en establecimientos;2021;25
Rioja (La);5.3.3.-Robos con violencia en establecimientos;2020;19
Rioja (La);5.3.3.-Robos con violencia en establecimientos;2019;32
Rioja (La);5.3.3.-Robos con violencia en establecimientos;2018;12
Rioja (La);5.4.-Sustracción de vehículos;2024;71
Rioja (La);5.4.-Sustracción de vehículos;2023;68
Rioja (La);5.4.-Sustracción de vehículos;2022;77
Rioja (La);5.4.-Sustracción de vehículos;2021;59
Rioja (La);5.4.-Sustracción de vehículos;2020;31
Rioja (La);5.4.-Sustracción de vehículos;2019;69
Rioja (La);5.4.-Sustracción de vehículos;2018;78
Rioja (La);5.5.-Estafas;2024;2.180
Rioja (La);5.5.-Estafas;2023;2.324
Rioja (La);5.5.-Estafas;2022;2.494
Rioja (La);5.5.-Estafas;2021;1.981
Rioja (La);5.5.-Estafas;2020;2.015
Rioja (La);5.5.-Estafas;2019;1.326
Rioja (La);5.5.-Estafas;2018;1.052
Rioja (La);5.5.1.-Estafas informáticas;2024;1.868
Rioja (La);5.5.1.-Estafas informáticas;2023;2.021
Rioja (La);5.5.1.-Estafas informáticas;2022;2.152
Rioja (La);5.5.1.-Estafas informáticas;2021;1.794
Rioja (La);5.5.1.-Estafas informáticas;2020;1.787
Rioja (La);5.5.1.-Estafas informáticas;2019;996
Rioja (La);5.5.1.-Estafas informáticas;2018;675
Rioja (La);5.6.-Daños;2024;1.345
Rioja (La);5.6.-Daños;2023;1.252
Rioja (La);5.6.-Daños;2022;1.270
Rioja (La);5.6.-Daños;2021;931
Rioja (La);5.6.-Daños;2020;852
Rioja (La);5.6.-Daños;2019;979
Rioja (La);5.6.-Daños;2018;1.097
Rioja (La);5.7.-Contra la propiedad intelectual/industrial;2024;3
Rioja (La);5.7.-Contra la propiedad intelectual/industrial;2023;3
Rioja (La);5.7.-Contra la propiedad intelectual/industrial;2022;2
Rioja (La);5.7.-Contra la propiedad intelectual/industrial;2021;1
Rioja (La);5.7.-Contra la propiedad intelectual/industrial;2020;2
Rioja (La);5.7.-Contra la propiedad intelectual/industrial;2019;42
Rioja (La);5.7.-Contra la propiedad intelectual/industrial;2018;17
Rioja (La);5.8.-Blanqueo de capitales;2024;3
Rioja (La);5.8.-Blanqueo de capitales;2023;0
Rioja (La);5.8.-Blanqueo de capitales;2022;2
Rioja (La);5.8.-Blanqueo de capitales;2021;0
Rioja (La);5.8.-Blanqueo de capitales;2020;1
Rioja (La);5.8.-Blanqueo de capitales;2019;2
Rioja (La);5.8.-Blanqueo de capitales;2018;1
Rioja (La);5.9.-Otros contra el patrimonio;2024;412
Rioja (La);5.9.-Otros contra el patrimonio;2023;443
Rioja (La);5.9.-Otros contra el patrimonio;2022;294
Rioja (La);5.9.-Otros contra el patrimonio;2021;262
Rioja (La);5.9.-Otros contra el patrimonio;2020;200
Rioja (La);5.9.-Otros contra el patrimonio;2019;313
Rioja (La);5.9.-Otros contra el patrimonio;2018;205
Rioja (La);6. SEGURIDAD COLECTIVA;2024;440
Rioja (La);6. SEGURIDAD COLECTIVA;2023;454
Rioja (La);6. SEGURIDAD COLECTIVA;2022;507
Rioja (La);6. SEGURIDAD COLECTIVA;2021;440
Rioja (La);6. SEGURIDAD COLECTIVA;2020;295
Rioja (La);6. SEGURIDAD COLECTIVA;2019;413
Rioja (La);6. SEGURIDAD COLECTIVA;2018;349
Rioja (La);6.1.-Tráfico de drogas;2024;81
Rioja (La);6.1.-Tráfico de drogas;2023;93
Rioja (La);6.1.-Tráfico de drogas;2022;98
Rioja (La);6.1.-Tráfico de drogas;2021;75
Rioja (La);6.1.-Tráfico de drogas;2020;72
Rioja (La);6.1.-Tráfico de drogas;2019;105
Rioja (La);6.1.-Tráfico de drogas;2018;73
Rioja (La);6.2.-Contra la seguridad vial;2024;346
Rioja (La);6.2.-Contra la seguridad vial;2023;334
Rioja (La);6.2.-Contra la seguridad vial;2022;373
Rioja (La);6.2.-Contra la seguridad vial;2021;320
Rioja (La);6.2.-Contra la seguridad vial;2020;199
Rioja (La);6.2.-Contra la seguridad vial;2019;292
Rioja (La);6.2.-Contra la seguridad vial;2018;262
Rioja (La);6.3.-Otros contra la seguridad colectiva;2024;13
Rioja (La);6.3.-Otros contra la seguridad colectiva;2023;27
Rioja (La);6.3.-Otros contra la seguridad colectiva;2022;36
Rioja (La);6.3.-Otros contra la seguridad colectiva;2021;45
Rioja (La);6.3.-Otros contra la seguridad colectiva;2020;24
Rioja (La);6.3.-Otros contra la seguridad colectiva;2019;16
Rioja (La);6.3.-Otros contra la seguridad colectiva;2018;14
Rioja (La);7. FALSEDADES;2024;203
Rioja (La);7. FALSEDADES;2023;128
Rioja (La);7. FALSEDADES;2022;180
Rioja (La);7. FALSEDADES;2021;174
Rioja (La);7. FALSEDADES;2020;55
Rioja (La);7. FALSEDADES;2019;73
Rioja (La);7. FALSEDADES;2018;64
Rioja (La);8. ADMÓN. PÚBLICA;2024;6
Rioja (La);8. ADMÓN. PÚBLICA;2023;5
Rioja (La);8. ADMÓN. PÚBLICA;2022;1
Rioja (La);8. ADMÓN. PÚBLICA;2021;4
Rioja (La);8. ADMÓN. PÚBLICA;2020;0
Rioja (La);8. ADMÓN. PÚBLICA;2019;5
Rioja (La);8. ADMÓN. PÚBLICA;2018;2
Rioja (La);9. ADMÓN. JUSTICIA;2024;295
Rioja (La);9. ADMÓN. JUSTICIA;2023;284
Rioja (La);9. ADMÓN. JUSTICIA;2022;267
Rioja (La);9. ADMÓN. JUSTICIA;2021;223
Rioja (La);9. ADMÓN. JUSTICIA;2020;139
Rioja (La);9. ADMÓN. JUSTICIA;2019;229
Rioja (La);9. ADMÓN. JUSTICIA;2018;185
Rioja (La);10. ORDEN PÚBLICO;2024;150
Rioja (La);10. ORDEN PÚBLICO;2023;149
Rioja (La);10. ORDEN PÚBLICO;2022;147
Rioja (La);10. ORDEN PÚBLICO;2021;177
Rioja (La);10. ORDEN PÚBLICO;2020;208
Rioja (La);10. ORDEN PÚBLICO;2019;117
Rioja (La);10. ORDEN PÚBLICO;2018;87
Rioja (La);11. LEGISLACIÓN ESPECIAL;2024;0
Rioja (La);11. LEGISLACIÓN ESPECIAL;2023;3
Rioja (La);11. LEGISLACIÓN ESPECIAL;2022;1
Rioja (La);11. LEGISLACIÓN ESPECIAL;2021;0
Rioja (La);11. LEGISLACIÓN ESPECIAL;2020;0
Rioja (La);11. LEGISLACIÓN ESPECIAL;2019;0
Rioja (La);11. LEGISLACIÓN ESPECIAL;2018;0
Rioja (La);12. OTRAS INFRACCIONES PENALES;2024;77
Rioja (La);12. OTRAS INFRACCIONES PENALES;2023;57
Rioja (La);12. OTRAS INFRACCIONES PENALES;2022;49
Rioja (La);12. OTRAS INFRACCIONES PENALES;2021;51
Rioja (La);12. OTRAS INFRACCIONES PENALES;2020;44
Rioja (La);12. OTRAS INFRACCIONES PENALES;2019;51
Rioja (La);12. OTRAS INFRACCIONES PENALES;2018;53
Rioja (La);TOTAL INFRACCIONES PENALES;2024;11.939
Rioja (La);TOTAL INFRACCIONES PENALES;2023;12.152
Rioja (La);TOTAL INFRACCIONES PENALES;2022;11.754
Rioja (La);TOTAL INFRACCIONES PENALES;2021;9.115
Rioja (La);TOTAL INFRACCIONES PENALES;2020;7.827
Rioja (La);TOTAL INFRACCIONES PENALES;2019;8.750
Rioja (La);TOTAL INFRACCIONES PENALES;2018;8.274
Lugo;1. CONTRA LAS PERSONAS;2024;1.081
Lugo;1. CONTRA LAS PERSONAS;2023;1.140
Lugo;1. CONTRA LAS PERSONAS;2022;948
Lugo;1. CONTRA LAS PERSONAS;2021;778
Lugo;1. CONTRA LAS PERSONAS;2020;793
Lugo;1. CONTRA LAS PERSONAS;2019;928
Lugo;1. CONTRA LAS PERSONAS;2018;923
Lugo;1.1.-Homicidios dolosos/asesinatos;2024;5
Lugo;1.1.-Homicidios dolosos/asesinatos;2023;12
Lugo;1.1.-Homicidios dolosos/asesinatos;2022;4
Lugo;1.1.-Homicidios dolosos/asesinatos;2021;6
Lugo;1.1.-Homicidios dolosos/asesinatos;2020;5
Lugo;1.1.-Homicidios dolosos/asesinatos;2019;6
Lugo;1.1.-Homicidios dolosos/asesinatos;2018;2
Lugo;1.1.1.-Homicidios dolosos/asesinatos consumados;2024;3
Lugo;1.1.1.-Homicidios dolosos/asesinatos consumados;2023;1
Lugo;1.1.1.-Homicidios dolosos/asesinatos consumados;2022;1
Lugo;1.1.1.-Homicidios dolosos/asesinatos consumados;2021;1
Lugo;1.1.1.-Homicidios dolosos/asesinatos consumados;2020;2
Lugo;1.1.1.-Homicidios dolosos/asesinatos consumados;2019;4
Lugo;1.1.1.-Homicidios dolosos/asesinatos consumados;2018;1
Lugo;1.2.-Lesiones;2024;550
Lugo;1.2.-Lesiones;2023;581
Lugo;1.2.-Lesiones;2022;482
Lugo;1.2.-Lesiones;2021;397
Lugo;1.2.-Lesiones;2020;396
Lugo;1.2.-Lesiones;2019;492
Lugo;1.2.-Lesiones;2018;491
Lugo;1.3.-Malos tratos ámbito familiar;2024;506
Lugo;1.3.-Malos tratos ámbito familiar;2023;518
Lugo;1.3.-Malos tratos ámbito familiar;2022;446
Lugo;1.3.-Malos tratos ámbito familiar;2021;359
Lugo;1.3.-Malos tratos ámbito familiar;2020;376
Lugo;1.3.-Malos tratos ámbito familiar;2019;415
Lugo;1.3.-Malos tratos ámbito familiar;2018;411
Lugo;1.4.-Otros contra las personas;2024;20
Lugo;1.4.-Otros contra las personas;2023;29
Lugo;1.4.-Otros contra las personas;2022;16
Lugo;1.4.-Otros contra las personas;2021;16
Lugo;1.4.-Otros contra las personas;2020;16
Lugo;1.4.-Otros contra las personas;2019;15
Lugo;1.4.-Otros contra las personas;2018;19
Lugo;2. CONTRA LA LIBERTAD;2024;735
Lugo;2. CONTRA LA LIBERTAD;2023;663
Lugo;2. CONTRA LA LIBERTAD;2022;619
Lugo;2. CONTRA LA LIBERTAD;2021;574
Lugo;2. CONTRA LA LIBERTAD;2020;500
Lugo;2. CONTRA LA LIBERTAD;2019;462
Lugo;2. CONTRA LA LIBERTAD;2018;468
Lugo;2.1.-Malos tratos habituales en el ámbito familiar;2024;72
Lugo;2.1.-Malos tratos habituales en el ámbito familiar;2023;81
Lugo;2.1.-Malos tratos habituales en el ámbito familiar;2022;90
Lugo;2.1.-Malos tratos habituales en el ámbito familiar;2021;70
Lugo;2.1.-Malos tratos habituales en el ámbito familiar;2020;100
Lugo;2.1.-Malos tratos habituales en el ámbito familiar;2019;72
Lugo;2.1.-Malos tratos habituales en el ámbito familiar;2018;83
Lugo;2.2.-Otros contra la libertad;2024;663
Lugo;2.2.-Otros contra la libertad;2023;582
Lugo;2.2.-Otros contra la libertad;2022;529
Lugo;2.2.-Otros contra la libertad;2021;504
Lugo;2.2.-Otros contra la libertad;2020;400
Lugo;2.2.-Otros contra la libertad;2019;390
Lugo;2.2.-Otros contra la libertad;2018;385
Lugo;3. LIBERTAD SEXUAL;2024;96
Lugo;3. LIBERTAD SEXUAL;2023;96
Lugo;3. LIBERTAD SEXUAL;2022;65
Lugo;3. LIBERTAD SEXUAL;2021;66
Lugo;3. LIBERTAD SEXUAL;2020;58
Lugo;3. LIBERTAD SEXUAL;2019;60
Lugo;3. LIBERTAD SEXUAL;2018;48
Lugo;3.1.-Agresión sexual;2024;63
Lugo;3.1.-Agresión sexual;2023;60
Lugo;3.1.-Agresión sexual;2022;41
Lugo;3.1.-Agresión sexual;2021;36
Lugo;3.1.-Agresión sexual;2020;34
Lugo;3.1.-Agresión sexual;2019;39
Lugo;3.1.-Agresión sexual;2018;31
Lugo;3.2.-Agresión sexual con penetración;2024;14
Lugo;3.2.-Agresión sexual con penetración;2023;24
Lugo;3.2.-Agresión sexual con penetración;2022;12
Lugo;3.2.-Agresión sexual con penetración;2021;13
Lugo;3.2.-Agresión sexual con penetración;2020;12
Lugo;3.2.-Agresión sexual con penetración;2019;8
Lugo;3.2.-Agresión sexual con penetración;2018;10
Lugo;3.3.-Corrupción de menores o incapacitados;2024;2
Lugo;3.3.-Corrupción de menores o incapacitados;2023;1
Lugo;3.3.-Corrupción de menores o incapacitados;2022;0
Lugo;3.3.-Corrupción de menores o incapacitados;2021;1
Lugo;3.3.-Corrupción de menores o incapacitados;2020;1
Lugo;3.3.-Corrupción de menores o incapacitados;2019;1
Lugo;3.3.-Corrupción de menores o incapacitados;2018;0
Lugo;3.4.-Pornografía de menores;2024;4
Lugo;3.4.-Pornografía de menores;2023;3
Lugo;3.4.-Pornografía de menores;2022;3
Lugo;3.4.-Pornografía de menores;2021;5
Lugo;3.4.-Pornografía de menores;2020;2
Lugo;3.4.-Pornografía de menores;2019;4
Lugo;3.4.-Pornografía de menores;2018;3
Lugo;3.5.-Otros contra la libertad sexual;2024;13
Lugo;3.5.-Otros contra la libertad sexual;2023;8
Lugo;3.5.-Otros contra la libertad sexual;2022;9
Lugo;3.5.-Otros contra la libertad sexual;2021;11
Lugo;3.5.-Otros contra la libertad sexual;2020;9
Lugo;3.5.-Otros contra la libertad sexual;2019;8
Lugo;3.5.-Otros contra la libertad sexual;2018;4
Lugo;4. RELACIONES FAMILIARES;2024;34
Lugo;4. RELACIONES FAMILIARES;2023;29
Lugo;4. RELACIONES FAMILIARES;2022;16
Lugo;4. RELACIONES FAMILIARES;2021;19
Lugo;4. RELACIONES FAMILIARES;2020;10
Lugo;4. RELACIONES FAMILIARES;2019;13
Lugo;4. RELACIONES FAMILIARES;2018;10
Lugo;5. PATRIMONIO;2024;6.427
Lugo;5. PATRIMONIO;2023;6.213
Lugo;5. PATRIMONIO;2022;5.681
Lugo;5. PATRIMONIO;2021;5.577
Lugo;5. PATRIMONIO;2020;4.589
Lugo;5. PATRIMONIO;2019;5.169
Lugo;5. PATRIMONIO;2018;5.219
Lugo;5.1.-Hurtos;2024;1.735
Lugo;5.1.-Hurtos;2023;1.894
Lugo;5.1.-Hurtos;2022;1.460
Lugo;5.1.-Hurtos;2021;1.203
Lugo;5.1.-Hurtos;2020;922
Lugo;5.1.-Hurtos;2019;1.669
Lugo;5.1.-Hurtos;2018;1.686
Lugo;5.2.-Robos con fuerza en las cosas;2024;894
Lugo;5.2.-Robos con fuerza en las cosas;2023;885
Lugo;5.2.-Robos con fuerza en las cosas;2022;561
Lugo;5.2.-Robos con fuerza en las cosas;2021;589
Lugo;5.2.-Robos con fuerza en las cosas;2020;693
Lugo;5.2.-Robos con fuerza en las cosas;2019;873
Lugo;5.2.-Robos con fuerza en las cosas;2018;922
Lugo;5.2.1.-Robos con fuerza en las cosas en el interior de vehículos;2024;229
Lugo;5.2.1.-Robos con fuerza en las cosas en el interior de vehículos;2023;231
Lugo;5.2.1.-Robos con fuerza en las cosas en el interior de vehículos;2022;162
Lugo;5.2.1.-Robos con fuerza en las cosas en el interior de vehículos;2021;133
Lugo;5.2.1.-Robos con fuerza en las cosas en el interior de vehículos;2020;106
Lugo;5.2.1.-Robos con fuerza en las cosas en el interior de vehículos;2019;199
Lugo;5.2.1.-Robos con fuerza en las cosas en el interior de vehículos;2018;202
Lugo;5.2.2.-Robos con fuerza en viviendas;2024;304
Lugo;5.2.2.-Robos con fuerza en viviendas;2023;279
Lugo;5.2.2.-Robos con fuerza en viviendas;2022;175
Lugo;5.2.2.-Robos con fuerza en viviendas;2021;218
Lugo;5.2.2.-Robos con fuerza en viviendas;2020;187
Lugo;5.2.2.-Robos con fuerza en viviendas;2019;280
Lugo;5.2.2.-Robos con fuerza en viviendas;2018;347
Lugo;5.2.3.-Robos con fuerza en establecimientos;2024;141
Lugo;5.2.3.-Robos con fuerza en establecimientos;2023;167
Lugo;5.2.3.-Robos con fuerza en establecimientos;2022;89
Lugo;5.2.3.-Robos con fuerza en establecimientos;2021;111
Lugo;5.2.3.-Robos con fuerza en establecimientos;2020;195
Lugo;5.2.3.-Robos con fuerza en establecimientos;2019;185
Lugo;5.2.3.-Robos con fuerza en establecimientos;2018;182
Lugo;5.3.-Robos con violencia o intimidación;2024;43
Lugo;5.3.-Robos con violencia o intimidación;2023;67
Lugo;5.3.-Robos con violencia o intimidación;2022;86
Lugo;5.3.-Robos con violencia o intimidación;2021;79
Lugo;5.3.-Robos con violencia o intimidación;2020;60
Lugo;5.3.-Robos con violencia o intimidación;2019;86
Lugo;5.3.-Robos con violencia o intimidación;2018;102
Lugo;5.3.1.-Robos con violencia en vía pública;2024;27
Lugo;5.3.1.-Robos con violencia en vía pública;2023;39
Lugo;5.3.1.-Robos con violencia en vía pública;2022;59
Lugo;5.3.1.-Robos con violencia en vía pública;2021;47
Lugo;5.3.1.-Robos con violencia en vía pública;2020;30
Lugo;5.3.1.-Robos con violencia en vía pública;2019;46
Lugo;5.3.1.-Robos con violencia en vía pública;2018;54
Lugo;5.3.2.-Robos con violencia en viviendas;2024;4
Lugo;5.3.2.-Robos con violencia en viviendas;2023;3
Lugo;5.3.2.-Robos con violencia en viviendas;2022;9
Lugo;5.3.2.-Robos con violencia en viviendas;2021;7
Lugo;5.3.2.-Robos con violencia en viviendas;2020;8
Lugo;5.3.2.-Robos con violencia en viviendas;2019;10
Lugo;5.3.2.-Robos con violencia en viviendas;2018;14
Lugo;5.3.3.-Robos con violencia en establecimientos;2024;7
Lugo;5.3.3.-Robos con violencia en establecimientos;2023;20
Lugo;5.3.3.-Robos con violencia en establecimientos;2022;13
Lugo;5.3.3.-Robos con violencia en establecimientos;2021;11
Lugo;5.3.3.-Robos con violencia en establecimientos;2020;15
Lugo;5.3.3.-Robos con violencia en establecimientos;2019;17
Lugo;5.3.3.-Robos con violencia en establecimientos;2018;25
Lugo;5.4.-Sustracción de vehículos;2024;30
Lugo;5.4.-Sustracción de vehículos;2023;33
Lugo;5.4.-Sustracción de vehículos;2022;23
Lugo;5.4.-Sustracción de vehículos;2021;23
Lugo;5.4.-Sustracción de vehículos;2020;36
Lugo;5.4.-Sustracción de vehículos;2019;54
Lugo;5.4.-Sustracción de vehículos;2018;39
Lugo;5.5.-Estafas;2024;2.302
Lugo;5.5.-Estafas;2023;2.052
Lugo;5.5.-Estafas;2022;2.336
Lugo;5.5.-Estafas;2021;2.581
Lugo;5.5.-Estafas;2020;1.854
Lugo;5.5.-Estafas;2019;1.388
Lugo;5.5.-Estafas;2018;1.261
Lugo;5.5.1.-Estafas informáticas;2024;2.037
Lugo;5.5.1.-Estafas informáticas;2023;1.798
Lugo;5.5.1.-Estafas informáticas;2022;1.771
Lugo;5.5.1.-Estafas informáticas;2021;1.953
Lugo;5.5.1.-Estafas informáticas;2020;1.357
Lugo;5.5.1.-Estafas informáticas;2019;889
Lugo;5.5.1.-Estafas informáticas;2018;667
Lugo;5.6.-Daños;2024;1.120
Lugo;5.6.-Daños;2023;1.035
Lugo;5.6.-Daños;2022;996
Lugo;5.6.-Daños;2021;922
Lugo;5.6.-Daños;2020;853
Lugo;5.6.-Daños;2019;931
Lugo;5.6.-Daños;2018;1.042
Lugo;5.7.-Contra la propiedad intelectual/industrial;2024;4
Lugo;5.7.-Contra la propiedad intelectual/industrial;2023;3
Lugo;5.7.-Contra la propiedad intelectual/industrial;2022;2
Lugo;5.7.-Contra la propiedad intelectual/industrial;2021;1
Lugo;5.7.-Contra la propiedad intelectual/industrial;2020;2
Lugo;5.7.-Contra la propiedad intelectual/industrial;2019;12
Lugo;5.7.-Contra la propiedad intelectual/industrial;2018;5
Lugo;5.8.-Blanqueo de capitales;2024;12
Lugo;5.8.-Blanqueo de capitales;2023;1
Lugo;5.8.-Blanqueo de capitales;2022;2
Lugo;5.8.-Blanqueo de capitales;2021;1
Lugo;5.8.-Blanqueo de capitales;2020;3
Lugo;5.8.-Blanqueo de capitales;2019;2
Lugo;5.8.-Blanqueo de capitales;2018;2
Lugo;5.9.-Otros contra el patrimonio;2024;287
Lugo;5.9.-Otros contra el patrimonio;2023;243
Lugo;5.9.-Otros contra el patrimonio;2022;215
Lugo;5.9.-Otros contra el patrimonio;2021;178
Lugo;5.9.-Otros contra el patrimonio;2020;166
Lugo;5.9.-Otros contra el patrimonio;2019;154
Lugo;5.9.-Otros contra el patrimonio;2018;160
Lugo;6. SEGURIDAD COLECTIVA;2024;415
Lugo;6. SEGURIDAD COLECTIVA;2023;524
Lugo;6. SEGURIDAD COLECTIVA;2022;522
Lugo;6. SEGURIDAD COLECTIVA;2021;531
Lugo;6. SEGURIDAD COLECTIVA;2020;443
Lugo;6. SEGURIDAD COLECTIVA;2019;476
Lugo;6. SEGURIDAD COLECTIVA;2018;488
Lugo;6.1.-Tráfico de drogas;2024;44
Lugo;6.1.-Tráfico de drogas;2023;62
Lugo;6.1.-Tráfico de drogas;2022;46
Lugo;6.1.-Tráfico de drogas;2021;56
Lugo;6.1.-Tráfico de drogas;2020;68
Lugo;6.1.-Tráfico de drogas;2019;69
Lugo;6.1.-Tráfico de drogas;2018;61
Lugo;6.2.-Contra la seguridad vial;2024;356
Lugo;6.2.-Contra la seguridad vial;2023;448
Lugo;6.2.-Contra la seguridad vial;2022;456
Lugo;6.2.-Contra la seguridad vial;2021;461
Lugo;6.2.-Contra la seguridad vial;2020;363
Lugo;6.2.-Contra la seguridad vial;2019;391
Lugo;6.2.-Contra la seguridad vial;2018;417
Lugo;6.3.-Otros contra la seguridad colectiva;2024;15
Lugo;6.3.-Otros contra la seguridad colectiva;2023;14
Lugo;6.3.-Otros contra la seguridad colectiva;2022;20
Lugo;6.3.-Otros contra la seguridad colectiva;2021;14
Lugo;6.3.-Otros contra la seguridad colectiva;2020;12
Lugo;6.3.-Otros contra la seguridad colectiva;2019;16
Lugo;6.3.-Otros contra la seguridad colectiva;2018;10
Lugo;7. FALSEDADES;2024;159
Lugo;7. FALSEDADES;2023;110
Lugo;7. FALSEDADES;2022;95
Lugo;7. FALSEDADES;2021;132
Lugo;7. FALSEDADES;2020;84
Lugo;7. FALSEDADES;2019;55
Lugo;7. FALSEDADES;2018;87
Lugo;8. ADMÓN. PÚBLICA;2024;0
Lugo;8. ADMÓN. PÚBLICA;2023;3
Lugo;8. ADMÓN. PÚBLICA;2022;2
Lugo;8. ADMÓN. PÚBLICA;2021;1
Lugo;8. ADMÓN. PÚBLICA;2020;1
Lugo;8. ADMÓN. PÚBLICA;2019;0
Lugo;8. ADMÓN. PÚBLICA;2018;0
Lugo;9. ADMÓN. JUSTICIA;2024;212
Lugo;9. ADMÓN. JUSTICIA;2023;196
Lugo;9. ADMÓN. JUSTICIA;2022;165
Lugo;9. ADMÓN. JUSTICIA;2021;164
Lugo;9. ADMÓN. JUSTICIA;2020;167
Lugo;9. ADMÓN. JUSTICIA;2019;175
Lugo;9. ADMÓN. JUSTICIA;2018;154
Lugo;10. ORDEN PÚBLICO;2024;125
Lugo;10. ORDEN PÚBLICO;2023;94
Lugo;10. ORDEN PÚBLICO;2022;95
Lugo;10. ORDEN PÚBLICO;2021;126
Lugo;10. ORDEN PÚBLICO;2020;168
Lugo;10. ORDEN PÚBLICO;2019;101
Lugo;10. ORDEN PÚBLICO;2018;79
Lugo;11. LEGISLACIÓN ESPECIAL;2024;0
Lugo;11. LEGISLACIÓN ESPECIAL;2023;1
Lugo;11. LEGISLACIÓN ESPECIAL;2022;1
Lugo;11. LEGISLACIÓN ESPECIAL;2021;0
Lugo;11. LEGISLACIÓN ESPECIAL;2020;0
Lugo;11. LEGISLACIÓN ESPECIAL;2019;0
Lugo;11. LEGISLACIÓN ESPECIAL;2018;0
Lugo;12. OTRAS INFRACCIONES PENALES;2024;81
Lugo;12. OTRAS INFRACCIONES PENALES;2023;86
Lugo;12. OTRAS INFRACCIONES PENALES;2022;58
Lugo;12. OTRAS INFRACCIONES PENALES;2021;64
Lugo;12. OTRAS INFRACCIONES PENALES;2020;64
Lugo;12. OTRAS INFRACCIONES PENALES;2019;51
Lugo;12. OTRAS INFRACCIONES PENALES;2018;79
Lugo;TOTAL INFRACCIONES PENALES;2024;9.365
Lugo;TOTAL INFRACCIONES PENALES;2023;9.155
Lugo;TOTAL INFRACCIONES PENALES;2022;8.267
Lugo;TOTAL INFRACCIONES PENALES;2021;8.032
Lugo;TOTAL INFRACCIONES PENALES;2020;6.877
Lugo;TOTAL INFRACCIONES PENALES;2019;7.490
Lugo;TOTAL INFRACCIONES PENALES;2018;7.555
Madrid;1. CONTRA LAS PERSONAS;2024;36.458
Madrid;1. CONTRA LAS PERSONAS;2023;34.880
Madrid;1. CONTRA LAS PERSONAS;2022;33.243
Madrid;1. CONTRA LAS PERSONAS;2021;29.383
Madrid;1. CONTRA LAS PERSONAS;2020;25.967
Madrid;1. CONTRA LAS PERSONAS;2019;29.288
Madrid;1. CONTRA LAS PERSONAS;2018;27.360
Madrid;1.1.-Homicidios dolosos/asesinatos;2024;176
Madrid;1.1.-Homicidios dolosos/asesinatos;2023;206
Madrid;1.1.-Homicidios dolosos/asesinatos;2022;183
Madrid;1.1.-Homicidios dolosos/asesinatos;2021;131
Madrid;1.1.-Homicidios dolosos/asesinatos;2020;136
Madrid;1.1.-Homicidios dolosos/asesinatos;2019;110
Madrid;1.1.-Homicidios dolosos/asesinatos;2018;114
Madrid;1.1.1.-Homicidios dolosos/asesinatos consumados;2024;21
Madrid;1.1.1.-Homicidios dolosos/asesinatos consumados;2023;33
Madrid;1.1.1.-Homicidios dolosos/asesinatos consumados;2022;46
Madrid;1.1.1.-Homicidios dolosos/asesinatos consumados;2021;37
Madrid;1.1.1.-Homicidios dolosos/asesinatos consumados;2020;38
Madrid;1.1.1.-Homicidios dolosos/asesinatos consumados;2019;32
Madrid;1.1.1.-Homicidios dolosos/asesinatos consumados;2018;36
Madrid;1.2.-Lesiones;2024;14.141
Madrid;1.2.-Lesiones;2023;13.662
Madrid;1.2.-Lesiones;2022;13.585
Madrid;1.2.-Lesiones;2021;12.094
Madrid;1.2.-Lesiones;2020;10.596
Madrid;1.2.-Lesiones;2019;13.704
Madrid;1.2.-Lesiones;2018;13.078
Madrid;1.3.-Malos tratos ámbito familiar;2024;21.237
Madrid;1.3.-Malos tratos ámbito familiar;2023;20.263
Madrid;1.3.-Malos tratos ámbito familiar;2022;18.839
Madrid;1.3.-Malos tratos ámbito familiar;2021;16.618
Madrid;1.3.-Malos tratos ámbito familiar;2020;14.809
Madrid;1.3.-Malos tratos ámbito familiar;2019;14.907
Madrid;1.3.-Malos tratos ámbito familiar;2018;13.753
Madrid;1.4.-Otros contra las personas;2024;904
Madrid;1.4.-Otros contra las personas;2023;749
Madrid;1.4.-Otros contra las personas;2022;636
Madrid;1.4.-Otros contra las personas;2021;540
Madrid;1.4.-Otros contra las personas;2020;426
Madrid;1.4.-Otros contra las personas;2019;567
Madrid;1.4.-Otros contra las personas;2018;415
Madrid;2. CONTRA LA LIBERTAD;2024;19.476
Madrid;2. CONTRA LA LIBERTAD;2023;18.647
Madrid;2. CONTRA LA LIBERTAD;2022;17.369
Madrid;2. CONTRA LA LIBERTAD;2021;17.576
Madrid;2. CONTRA LA LIBERTAD;2020;15.636
Madrid;2. CONTRA LA LIBERTAD;2019;15.655
Madrid;2. CONTRA LA LIBERTAD;2018;14.497
Madrid;2.1.-Malos tratos habituales en el ámbito familiar;2024;1.326
Madrid;2.1.-Malos tratos habituales en el ámbito familiar;2023;1.347
Madrid;2.1.-Malos tratos habituales en el ámbito familiar;2022;1.183
Madrid;2.1.-Malos tratos habituales en el ámbito familiar;2021;1.284
Madrid;2.1.-Malos tratos habituales en el ámbito familiar;2020;1.104
Madrid;2.1.-Malos tratos habituales en el ámbito familiar;2019;1.223
Madrid;2.1.-Malos tratos habituales en el ámbito familiar;2018;1.038
Madrid;2.2.-Otros contra la libertad;2024;18.150
Madrid;2.2.-Otros contra la libertad;2023;17.300
Madrid;2.2.-Otros contra la libertad;2022;16.186
Madrid;2.2.-Otros contra la libertad;2021;16.292
Madrid;2.2.-Otros contra la libertad;2020;14.532
Madrid;2.2.-Otros contra la libertad;2019;14.432
Madrid;2.2.-Otros contra la libertad;2018;13.459
Madrid;3. LIBERTAD SEXUAL;2024;3.212
Madrid;3. LIBERTAD SEXUAL;2023;3.066
Madrid;3. LIBERTAD SEXUAL;2022;2.663
Madrid;3. LIBERTAD SEXUAL;2021;2.420
Madrid;3. LIBERTAD SEXUAL;2020;1.976
Madrid;3. LIBERTAD SEXUAL;2019;2.215
Madrid;3. LIBERTAD SEXUAL;2018;2.014
Madrid;3.1.-Agresión sexual;2024;1.940
Madrid;3.1.-Agresión sexual;2023;1.804
Madrid;3.1.-Agresión sexual;2022;1.578
Madrid;3.1.-Agresión sexual;2021;1.390
Madrid;3.1.-Agresión sexual;2020;1.084
Madrid;3.1.-Agresión sexual;2019;1.292
Madrid;3.1.-Agresión sexual;2018;1.172
Madrid;3.2.-Agresión sexual con penetración;2024;665
Madrid;3.2.-Agresión sexual con penetración;2023;649
Madrid;3.2.-Agresión sexual con penetración;2022;613
Madrid;3.2.-Agresión sexual con penetración;2021;538
Madrid;3.2.-Agresión sexual con penetración;2020;473
Madrid;3.2.-Agresión sexual con penetración;2019;455
Madrid;3.2.-Agresión sexual con penetración;2018;408
Madrid;3.3.-Corrupción de menores o incapacitados;2024;56
Madrid;3.3.-Corrupción de menores o incapacitados;2023;50
Madrid;3.3.-Corrupción de menores o incapacitados;2022;43
Madrid;3.3.-Corrupción de menores o incapacitados;2021;46
Madrid;3.3.-Corrupción de menores o incapacitados;2020;46
Madrid;3.3.-Corrupción de menores o incapacitados;2019;55
Madrid;3.3.-Corrupción de menores o incapacitados;2018;45
Madrid;3.4.-Pornografía de menores;2024;124
Madrid;3.4.-Pornografía de menores;2023;135
Madrid;3.4.-Pornografía de menores;2022;88
Madrid;3.4.-Pornografía de menores;2021;104
Madrid;3.4.-Pornografía de menores;2020;95
Madrid;3.4.-Pornografía de menores;2019;108
Madrid;3.4.-Pornografía de menores;2018;99
Madrid;3.5.-Otros contra la libertad sexual;2024;427
Madrid;3.5.-Otros contra la libertad sexual;2023;428
Madrid;3.5.-Otros contra la libertad sexual;2022;341
Madrid;3.5.-Otros contra la libertad sexual;2021;342
Madrid;3.5.-Otros contra la libertad sexual;2020;278
Madrid;3.5.-Otros contra la libertad sexual;2019;305
Madrid;3.5.-Otros contra la libertad sexual;2018;290
Madrid;4. RELACIONES FAMILIARES;2024;747
Madrid;4. RELACIONES FAMILIARES;2023;723
Madrid;4. RELACIONES FAMILIARES;2022;862
Madrid;4. RELACIONES FAMILIARES;2021;930
Madrid;4. RELACIONES FAMILIARES;2020;754
Madrid;4. RELACIONES FAMILIARES;2019;822
Madrid;4. RELACIONES FAMILIARES;2018;862
Madrid;5. PATRIMONIO;2024;306.730
Madrid;5. PATRIMONIO;2023;323.394
Madrid;5. PATRIMONIO;2022;319.089
Madrid;5. PATRIMONIO;2021;269.675
Madrid;5. PATRIMONIO;2020;243.275
Madrid;5. PATRIMONIO;2019;337.836
Madrid;5. PATRIMONIO;2018;325.802
Madrid;5.1.-Hurtos;2024;117.488
Madrid;5.1.-Hurtos;2023;128.366
Madrid;5.1.-Hurtos;2022;132.920
Madrid;5.1.-Hurtos;2021;108.778
Madrid;5.1.-Hurtos;2020;92.213
Madrid;5.1.-Hurtos;2019;154.169
Madrid;5.1.-Hurtos;2018;152.704
Madrid;5.2.-Robos con fuerza en las cosas;2024;40.866
Madrid;5.2.-Robos con fuerza en las cosas;2023;41.106
Madrid;5.2.-Robos con fuerza en las cosas;2022;39.960
Madrid;5.2.-Robos con fuerza en las cosas;2021;33.408
Madrid;5.2.-Robos con fuerza en las cosas;2020;31.715
Madrid;5.2.-Robos con fuerza en las cosas;2019;47.391
Madrid;5.2.-Robos con fuerza en las cosas;2018;49.133
Madrid;5.2.1.-Robos con fuerza en las cosas en el interior de vehículos;2024;23.193
Madrid;5.2.1.-Robos con fuerza en las cosas en el interior de vehículos;2023;21.961
Madrid;5.2.1.-Robos con fuerza en las cosas en el interior de vehículos;2022;21.974
Madrid;5.2.1.-Robos con fuerza en las cosas en el interior de vehículos;2021;17.229
Madrid;5.2.1.-Robos con fuerza en las cosas en el interior de vehículos;2020;15.947
Madrid;5.2.1.-Robos con fuerza en las cosas en el interior de vehículos;2019;24.125
Madrid;5.2.1.-Robos con fuerza en las cosas en el interior de vehículos;2018;24.583
Madrid;5.2.2.-Robos con fuerza en viviendas;2024;8.805
Madrid;5.2.2.-Robos con fuerza en viviendas;2023;9.336
Madrid;5.2.2.-Robos con fuerza en viviendas;2022;9.518
Madrid;5.2.2.-Robos con fuerza en viviendas;2021;8.243
Madrid;5.2.2.-Robos con fuerza en viviendas;2020;7.052
Madrid;5.2.2.-Robos con fuerza en viviendas;2019;11.469
Madrid;5.2.2.-Robos con fuerza en viviendas;2018;12.781
Madrid;5.2.3.-Robos con fuerza en establecimientos;2024;4.518
Madrid;5.2.3.-Robos con fuerza en establecimientos;2023;4.998
Madrid;5.2.3.-Robos con fuerza en establecimientos;2022;4.034
Madrid;5.2.3.-Robos con fuerza en establecimientos;2021;3.940
Madrid;5.2.3.-Robos con fuerza en establecimientos;2020;4.972
Madrid;5.2.3.-Robos con fuerza en establecimientos;2019;6.462
Madrid;5.2.3.-Robos con fuerza en establecimientos;2018;6.282
Madrid;5.3.-Robos con violencia o intimidación;2024;11.074
Madrid;5.3.-Robos con violencia o intimidación;2023;12.015
Madrid;5.3.-Robos con violencia o intimidación;2022;12.626
Madrid;5.3.-Robos con violencia o intimidación;2021;12.153
Madrid;5.3.-Robos con violencia o intimidación;2020;10.688
Madrid;5.3.-Robos con violencia o intimidación;2019;15.372
Madrid;5.3.-Robos con violencia o intimidación;2018;14.268
Madrid;5.3.1.-Robos con violencia en vía pública;2024;7.613
Madrid;5.3.1.-Robos con violencia en vía pública;2023;8.252
Madrid;5.3.1.-Robos con violencia en vía pública;2022;8.560
Madrid;5.3.1.-Robos con violencia en vía pública;2021;8.283
Madrid;5.3.1.-Robos con violencia en vía pública;2020;7.362
Madrid;5.3.1.-Robos con violencia en vía pública;2019;10.896
Madrid;5.3.1.-Robos con violencia en vía pública;2018;9.938
Madrid;5.3.2.-Robos con violencia en viviendas;2024;580
Madrid;5.3.2.-Robos con violencia en viviendas;2023;646
Madrid;5.3.2.-Robos con violencia en viviendas;2022;582
Madrid;5.3.2.-Robos con violencia en viviendas;2021;721
Madrid;5.3.2.-Robos con violencia en viviendas;2020;633
Madrid;5.3.2.-Robos con violencia en viviendas;2019;871
Madrid;5.3.2.-Robos con violencia en viviendas;2018;881
Madrid;5.3.3.-Robos con violencia en establecimientos;2024;1.474
Madrid;5.3.3.-Robos con violencia en establecimientos;2023;1.495
Madrid;5.3.3.-Robos con violencia en establecimientos;2022;1.661
Madrid;5.3.3.-Robos con violencia en establecimientos;2021;1.277
Madrid;5.3.3.-Robos con violencia en establecimientos;2020;1.304
Madrid;5.3.3.-Robos con violencia en establecimientos;2019;1.595
Madrid;5.3.3.-Robos con violencia en establecimientos;2018;1.572
Madrid;5.4.-Sustracción de vehículos;2024;6.946
Madrid;5.4.-Sustracción de vehículos;2023;7.061
Madrid;5.4.-Sustracción de vehículos;2022;7.397
Madrid;5.4.-Sustracción de vehículos;2021;6.922
Madrid;5.4.-Sustracción de vehículos;2020;6.235
Madrid;5.4.-Sustracción de vehículos;2019;8.030
Madrid;5.4.-Sustracción de vehículos;2018;8.620
Madrid;5.5.-Estafas;2024;85.927
Madrid;5.5.-Estafas;2023;90.148
Madrid;5.5.-Estafas;2022;80.979
Madrid;5.5.-Estafas;2021;66.395
Madrid;5.5.-Estafas;2020;64.133
Madrid;5.5.-Estafas;2019;62.020
Madrid;5.5.-Estafas;2018;51.869
Madrid;5.5.1.-Estafas informáticas;2024;65.361
Madrid;5.5.1.-Estafas informáticas;2023;71.534
Madrid;5.5.1.-Estafas informáticas;2022;57.794
Madrid;5.5.1.-Estafas informáticas;2021;46.978
Madrid;5.5.1.-Estafas informáticas;2020;44.139
Madrid;5.5.1.-Estafas informáticas;2019;32.841
Madrid;5.5.1.-Estafas informáticas;2018;16.509
Madrid;5.6.-Daños;2024;33.695
Madrid;5.6.-Daños;2023;34.276
Madrid;5.6.-Daños;2022;35.696
Madrid;5.6.-Daños;2021;34.336
Madrid;5.6.-Daños;2020;31.429
Madrid;5.6.-Daños;2019;42.315
Madrid;5.6.-Daños;2018;40.852
Madrid;5.7.-Contra la propiedad intelectual/industrial;2024;225
Madrid;5.7.-Contra la propiedad intelectual/industrial;2023;119
Madrid;5.7.-Contra la propiedad intelectual/industrial;2022;183
Madrid;5.7.-Contra la propiedad intelectual/industrial;2021;93
Madrid;5.7.-Contra la propiedad intelectual/industrial;2020;76
Madrid;5.7.-Contra la propiedad intelectual/industrial;2019;202
Madrid;5.7.-Contra la propiedad intelectual/industrial;2018;234
Madrid;5.8.-Blanqueo de capitales;2024;111
Madrid;5.8.-Blanqueo de capitales;2023;81
Madrid;5.8.-Blanqueo de capitales;2022;73
Madrid;5.8.-Blanqueo de capitales;2021;47
Madrid;5.8.-Blanqueo de capitales;2020;42
Madrid;5.8.-Blanqueo de capitales;2019;35
Madrid;5.8.-Blanqueo de capitales;2018;32
Madrid;5.9.-Otros contra el patrimonio;2024;10.398
Madrid;5.9.-Otros contra el patrimonio;2023;10.222
Madrid;5.9.-Otros contra el patrimonio;2022;9.255
Madrid;5.9.-Otros contra el patrimonio;2021;7.543
Madrid;5.9.-Otros contra el patrimonio;2020;6.744
Madrid;5.9.-Otros contra el patrimonio;2019;8.302
Madrid;5.9.-Otros contra el patrimonio;2018;8.090
Madrid;6. SEGURIDAD COLECTIVA;2024;9.846
Madrid;6. SEGURIDAD COLECTIVA;2023;8.997
Madrid;6. SEGURIDAD COLECTIVA;2022;8.640
Madrid;6. SEGURIDAD COLECTIVA;2021;7.463
Madrid;6. SEGURIDAD COLECTIVA;2020;6.933
Madrid;6. SEGURIDAD COLECTIVA;2019;7.696
Madrid;6. SEGURIDAD COLECTIVA;2018;6.607
Madrid;6.1.-Tráfico de drogas;2024;3.845
Madrid;6.1.-Tráfico de drogas;2023;3.389
Madrid;6.1.-Tráfico de drogas;2022;2.984
Madrid;6.1.-Tráfico de drogas;2021;2.502
Madrid;6.1.-Tráfico de drogas;2020;2.470
Madrid;6.1.-Tráfico de drogas;2019;2.577
Madrid;6.1.-Tráfico de drogas;2018;1.955
Madrid;6.2.-Contra la seguridad vial;2024;5.575
Madrid;6.2.-Contra la seguridad vial;2023;5.381
Madrid;6.2.-Contra la seguridad vial;2022;5.425
Madrid;6.2.-Contra la seguridad vial;2021;4.759
Madrid;6.2.-Contra la seguridad vial;2020;4.270
Madrid;6.2.-Contra la seguridad vial;2019;4.873
Madrid;6.2.-Contra la seguridad vial;2018;4.278
Madrid;6.3.-Otros contra la seguridad colectiva;2024;426
Madrid;6.3.-Otros contra la seguridad colectiva;2023;227
Madrid;6.3.-Otros contra la seguridad colectiva;2022;231
Madrid;6.3.-Otros contra la seguridad colectiva;2021;202
Madrid;6.3.-Otros contra la seguridad colectiva;2020;193
Madrid;6.3.-Otros contra la seguridad colectiva;2019;246
Madrid;6.3.-Otros contra la seguridad colectiva;2018;374
Madrid;7. FALSEDADES;2024;9.903
Madrid;7. FALSEDADES;2023;9.589
Madrid;7. FALSEDADES;2022;8.149
Madrid;7. FALSEDADES;2021;6.857
Madrid;7. FALSEDADES;2020;4.584
Madrid;7. FALSEDADES;2019;4.042
Madrid;7. FALSEDADES;2018;3.445
Madrid;8. ADMÓN. PÚBLICA;2024;51
Madrid;8. ADMÓN. PÚBLICA;2023;42
Madrid;8. ADMÓN. PÚBLICA;2022;59
Madrid;8. ADMÓN. PÚBLICA;2021;60
Madrid;8. ADMÓN. PÚBLICA;2020;35
Madrid;8. ADMÓN. PÚBLICA;2019;55
Madrid;8. ADMÓN. PÚBLICA;2018;87
Madrid;9. ADMÓN. JUSTICIA;2024;5.819
Madrid;9. ADMÓN. JUSTICIA;2023;5.631
Madrid;9. ADMÓN. JUSTICIA;2022;5.377
Madrid;9. ADMÓN. JUSTICIA;2021;5.006
Madrid;9. ADMÓN. JUSTICIA;2020;4.481
Madrid;9. ADMÓN. JUSTICIA;2019;4.671
Madrid;9. ADMÓN. JUSTICIA;2018;4.464
Madrid;10. ORDEN PÚBLICO;2024;5.702
Madrid;10. ORDEN PÚBLICO;2023;5.706
Madrid;10. ORDEN PÚBLICO;2022;5.479
Madrid;10. ORDEN PÚBLICO;2021;5.747
Madrid;10. ORDEN PÚBLICO;2020;5.673
Madrid;10. ORDEN PÚBLICO;2019;4.428
Madrid;10. ORDEN PÚBLICO;2018;3.754
Madrid;11. LEGISLACIÓN ESPECIAL;2024;45
Madrid;11. LEGISLACIÓN ESPECIAL;2023;35
Madrid;11. LEGISLACIÓN ESPECIAL;2022;11
Madrid;11. LEGISLACIÓN ESPECIAL;2021;22
Madrid;11. LEGISLACIÓN ESPECIAL;2020;9
Madrid;11. LEGISLACIÓN ESPECIAL;2019;24
Madrid;11. LEGISLACIÓN ESPECIAL;2018;10
Madrid;12. OTRAS INFRACCIONES PENALES;2024;1.099
Madrid;12. OTRAS INFRACCIONES PENALES;2023;1.072
Madrid;12. OTRAS INFRACCIONES PENALES;2022;983
Madrid;12. OTRAS INFRACCIONES PENALES;2021;848
Madrid;12. OTRAS INFRACCIONES PENALES;2020;871
Madrid;12. OTRAS INFRACCIONES PENALES;2019;1.004
Madrid;12. OTRAS INFRACCIONES PENALES;2018;1.012
Madrid;TOTAL INFRACCIONES PENALES;2024;399.088
Madrid;TOTAL INFRACCIONES PENALES;2023;411.782
Madrid;TOTAL INFRACCIONES PENALES;2022;401.924
Madrid;TOTAL INFRACCIONES PENALES;2021;345.987
Madrid;TOTAL INFRACCIONES PENALES;2020;310.194
Madrid;TOTAL INFRACCIONES PENALES;2019;407.736
Madrid;TOTAL INFRACCIONES PENALES;2018;389.914
Málaga;1. CONTRA LAS PERSONAS;2024;11.370
Málaga;1. CONTRA LAS PERSONAS;2023;10.996
Málaga;1. CONTRA LAS PERSONAS;2022;9.908
Málaga;1. CONTRA LAS PERSONAS;2021;8.739
Málaga;1. CONTRA LAS PERSONAS;2020;7.695
Málaga;1. CONTRA LAS PERSONAS;2019;8.608
Málaga;1. CONTRA LAS PERSONAS;2018;8.225
Málaga;1.1.-Homicidios dolosos/asesinatos;2024;87
Málaga;1.1.-Homicidios dolosos/asesinatos;2023;71
Málaga;1.1.-Homicidios dolosos/asesinatos;2022;80
Málaga;1.1.-Homicidios dolosos/asesinatos;2021;63
Málaga;1.1.-Homicidios dolosos/asesinatos;2020;49
Málaga;1.1.-Homicidios dolosos/asesinatos;2019;47
Málaga;1.1.-Homicidios dolosos/asesinatos;2018;71
Málaga;1.1.1.-Homicidios dolosos/asesinatos consumados;2024;23
Málaga;1.1.1.-Homicidios dolosos/asesinatos consumados;2023;15
Málaga;1.1.1.-Homicidios dolosos/asesinatos consumados;2022;17
Málaga;1.1.1.-Homicidios dolosos/asesinatos consumados;2021;15
Málaga;1.1.1.-Homicidios dolosos/asesinatos consumados;2020;8
Málaga;1.1.1.-Homicidios dolosos/asesinatos consumados;2019;25
Málaga;1.1.1.-Homicidios dolosos/asesinatos consumados;2018;21
Málaga;1.2.-Lesiones;2024;5.519
Málaga;1.2.-Lesiones;2023;5.243
Málaga;1.2.-Lesiones;2022;4.894
Málaga;1.2.-Lesiones;2021;4.319
Málaga;1.2.-Lesiones;2020;3.606
Málaga;1.2.-Lesiones;2019;4.292
Málaga;1.2.-Lesiones;2018;4.084
Málaga;1.3.-Malos tratos ámbito familiar;2024;5.567
Málaga;1.3.-Malos tratos ámbito familiar;2023;5.539
Málaga;1.3.-Malos tratos ámbito familiar;2022;4.770
Málaga;1.3.-Malos tratos ámbito familiar;2021;4.211
Málaga;1.3.-Malos tratos ámbito familiar;2020;3.932
Málaga;1.3.-Malos tratos ámbito familiar;2019;4.113
Málaga;1.3.-Malos tratos ámbito familiar;2018;3.914
Málaga;1.4.-Otros contra las personas;2024;197
Málaga;1.4.-Otros contra las personas;2023;143
Málaga;1.4.-Otros contra las personas;2022;164
Málaga;1.4.-Otros contra las personas;2021;146
Málaga;1.4.-Otros contra las personas;2020;108
Málaga;1.4.-Otros contra las personas;2019;156
Málaga;1.4.-Otros contra las personas;2018;156
Málaga;2. CONTRA LA LIBERTAD;2024;7.743
Málaga;2. CONTRA LA LIBERTAD;2023;7.086
Málaga;2. CONTRA LA LIBERTAD;2022;6.212
Málaga;2. CONTRA LA LIBERTAD;2021;5.646
Málaga;2. CONTRA LA LIBERTAD;2020;5.159
Málaga;2. CONTRA LA LIBERTAD;2019;4.883
Málaga;2. CONTRA LA LIBERTAD;2018;4.805
Málaga;2.1.-Malos tratos habituales en el ámbito familiar;2024;498
Málaga;2.1.-Malos tratos habituales en el ámbito familiar;2023;512
Málaga;2.1.-Malos tratos habituales en el ámbito familiar;2022;441
Málaga;2.1.-Malos tratos habituales en el ámbito familiar;2021;386
Málaga;2.1.-Malos tratos habituales en el ámbito familiar;2020;422
Málaga;2.1.-Malos tratos habituales en el ámbito familiar;2019;440
Málaga;2.1.-Malos tratos habituales en el ámbito familiar;2018;381
Málaga;2.2.-Otros contra la libertad;2024;7.245
Málaga;2.2.-Otros contra la libertad;2023;6.574
Málaga;2.2.-Otros contra la libertad;2022;5.771
Málaga;2.2.-Otros contra la libertad;2021;5.260
Málaga;2.2.-Otros contra la libertad;2020;4.737
Málaga;2.2.-Otros contra la libertad;2019;4.443
Málaga;2.2.-Otros contra la libertad;2018;4.424
Málaga;3. LIBERTAD SEXUAL;2024;908
Málaga;3. LIBERTAD SEXUAL;2023;822
Málaga;3. LIBERTAD SEXUAL;2022;698
Málaga;3. LIBERTAD SEXUAL;2021;577
Málaga;3. LIBERTAD SEXUAL;2020;458
Málaga;3. LIBERTAD SEXUAL;2019;560
Málaga;3. LIBERTAD SEXUAL;2018;549
Málaga;3.1.-Agresión sexual;2024;561
Málaga;3.1.-Agresión sexual;2023;478
Málaga;3.1.-Agresión sexual;2022;422
Málaga;3.1.-Agresión sexual;2021;355
Málaga;3.1.-Agresión sexual;2020;248
Málaga;3.1.-Agresión sexual;2019;307
Málaga;3.1.-Agresión sexual;2018;331
Málaga;3.2.-Agresión sexual con penetración;2024;176
Málaga;3.2.-Agresión sexual con penetración;2023;153
Málaga;3.2.-Agresión sexual con penetración;2022;122
Málaga;3.2.-Agresión sexual con penetración;2021;91
Málaga;3.2.-Agresión sexual con penetración;2020;92
Málaga;3.2.-Agresión sexual con penetración;2019;90
Málaga;3.2.-Agresión sexual con penetración;2018;65
Málaga;3.3.-Corrupción de menores o incapacitados;2024;19
Málaga;3.3.-Corrupción de menores o incapacitados;2023;11
Málaga;3.3.-Corrupción de menores o incapacitados;2022;18
Málaga;3.3.-Corrupción de menores o incapacitados;2021;20
Málaga;3.3.-Corrupción de menores o incapacitados;2020;14
Málaga;3.3.-Corrupción de menores o incapacitados;2019;23
Málaga;3.3.-Corrupción de menores o incapacitados;2018;13
Málaga;3.4.-Pornografía de menores;2024;33
Málaga;3.4.-Pornografía de menores;2023;27
Málaga;3.4.-Pornografía de menores;2022;22
Málaga;3.4.-Pornografía de menores;2021;28
Málaga;3.4.-Pornografía de menores;2020;28
Málaga;3.4.-Pornografía de menores;2019;36
Málaga;3.4.-Pornografía de menores;2018;37
Málaga;3.5.-Otros contra la libertad sexual;2024;119
Málaga;3.5.-Otros contra la libertad sexual;2023;153
Málaga;3.5.-Otros contra la libertad sexual;2022;114
Málaga;3.5.-Otros contra la libertad sexual;2021;83
Málaga;3.5.-Otros contra la libertad sexual;2020;76
Málaga;3.5.-Otros contra la libertad sexual;2019;104
Málaga;3.5.-Otros contra la libertad sexual;2018;103
Málaga;4. RELACIONES FAMILIARES;2024;377
Málaga;4. RELACIONES FAMILIARES;2023;436
Málaga;4. RELACIONES FAMILIARES;2022;355
Málaga;4. RELACIONES FAMILIARES;2021;363
Málaga;4. RELACIONES FAMILIARES;2020;343
Málaga;4. RELACIONES FAMILIARES;2019;298
Málaga;4. RELACIONES FAMILIARES;2018;288
Málaga;5. PATRIMONIO;2024;72.611
Málaga;5. PATRIMONIO;2023;70.720
Málaga;5. PATRIMONIO;2022;66.149
Málaga;5. PATRIMONIO;2021;52.840
Málaga;5. PATRIMONIO;2020;45.821
Málaga;5. PATRIMONIO;2019;58.835
Málaga;5. PATRIMONIO;2018;58.876
Málaga;5.1.-Hurtos;2024;28.131
Málaga;5.1.-Hurtos;2023;26.834
Málaga;5.1.-Hurtos;2022;25.167
Málaga;5.1.-Hurtos;2021;18.720
Málaga;5.1.-Hurtos;2020;15.265
Málaga;5.1.-Hurtos;2019;24.513
Málaga;5.1.-Hurtos;2018;25.261
Málaga;5.2.-Robos con fuerza en las cosas;2024;9.172
Málaga;5.2.-Robos con fuerza en las cosas;2023;9.356
Málaga;5.2.-Robos con fuerza en las cosas;2022;9.426
Málaga;5.2.-Robos con fuerza en las cosas;2021;8.461
Málaga;5.2.-Robos con fuerza en las cosas;2020;7.688
Málaga;5.2.-Robos con fuerza en las cosas;2019;9.662
Málaga;5.2.-Robos con fuerza en las cosas;2018;9.748
Málaga;5.2.1.-Robos con fuerza en las cosas en el interior de vehículos;2024;3.553
Málaga;5.2.1.-Robos con fuerza en las cosas en el interior de vehículos;2023;3.659
Málaga;5.2.1.-Robos con fuerza en las cosas en el interior de vehículos;2022;3.896
Málaga;5.2.1.-Robos con fuerza en las cosas en el interior de vehículos;2021;3.552
Málaga;5.2.1.-Robos con fuerza en las cosas en el interior de vehículos;2020;2.584
Málaga;5.2.1.-Robos con fuerza en las cosas en el interior de vehículos;2019;3.325
Málaga;5.2.1.-Robos con fuerza en las cosas en el interior de vehículos;2018;3.597
Málaga;5.2.2.-Robos con fuerza en viviendas;2024;3.163
Málaga;5.2.2.-Robos con fuerza en viviendas;2023;3.407
Málaga;5.2.2.-Robos con fuerza en viviendas;2022;3.348
Málaga;5.2.2.-Robos con fuerza en viviendas;2021;2.933
Málaga;5.2.2.-Robos con fuerza en viviendas;2020;3.007
Málaga;5.2.2.-Robos con fuerza en viviendas;2019;4.047
Málaga;5.2.2.-Robos con fuerza en viviendas;2018;3.863
Málaga;5.2.3.-Robos con fuerza en establecimientos;2024;1.239
Málaga;5.2.3.-Robos con fuerza en establecimientos;2023;1.207
Málaga;5.2.3.-Robos con fuerza en establecimientos;2022;1.143
Málaga;5.2.3.-Robos con fuerza en establecimientos;2021;1.042
Málaga;5.2.3.-Robos con fuerza en establecimientos;2020;1.114
Málaga;5.2.3.-Robos con fuerza en establecimientos;2019;1.232
Málaga;5.2.3.-Robos con fuerza en establecimientos;2018;1.229
Málaga;5.3.-Robos con violencia o intimidación;2024;1.861
Málaga;5.3.-Robos con violencia o intimidación;2023;1.914
Málaga;5.3.-Robos con violencia o intimidación;2022;1.742
Málaga;5.3.-Robos con violencia o intimidación;2021;1.388
Málaga;5.3.-Robos con violencia o intimidación;2020;1.119
Málaga;5.3.-Robos con violencia o intimidación;2019;1.599
Málaga;5.3.-Robos con violencia o intimidación;2018;1.477
Málaga;5.3.1.-Robos con violencia en vía pública;2024;1.176
Málaga;5.3.1.-Robos con violencia en vía pública;2023;1.208
Málaga;5.3.1.-Robos con violencia en vía pública;2022;1.139
Málaga;5.3.1.-Robos con violencia en vía pública;2021;893
Málaga;5.3.1.-Robos con violencia en vía pública;2020;711
Málaga;5.3.1.-Robos con violencia en vía pública;2019;1.028
Málaga;5.3.1.-Robos con violencia en vía pública;2018;958
Málaga;5.3.2.-Robos con violencia en viviendas;2024;156
Málaga;5.3.2.-Robos con violencia en viviendas;2023;163
Málaga;5.3.2.-Robos con violencia en viviendas;2022;149
Málaga;5.3.2.-Robos con violencia en viviendas;2021;146
Málaga;5.3.2.-Robos con violencia en viviendas;2020;101
Málaga;5.3.2.-Robos con violencia en viviendas;2019;146
Málaga;5.3.2.-Robos con violencia en viviendas;2018;119
Málaga;5.3.3.-Robos con violencia en establecimientos;2024;332
Málaga;5.3.3.-Robos con violencia en establecimientos;2023;322
Málaga;5.3.3.-Robos con violencia en establecimientos;2022;246
Málaga;5.3.3.-Robos con violencia en establecimientos;2021;213
Málaga;5.3.3.-Robos con violencia en establecimientos;2020;212
Málaga;5.3.3.-Robos con violencia en establecimientos;2019;264
Málaga;5.3.3.-Robos con violencia en establecimientos;2018;223
Málaga;5.4.-Sustracción de vehículos;2024;1.968
Málaga;5.4.-Sustracción de vehículos;2023;1.904
Málaga;5.4.-Sustracción de vehículos;2022;1.742
Málaga;5.4.-Sustracción de vehículos;2021;1.493
Málaga;5.4.-Sustracción de vehículos;2020;1.293
Málaga;5.4.-Sustracción de vehículos;2019;1.757
Málaga;5.4.-Sustracción de vehículos;2018;1.945
Málaga;5.5.-Estafas;2024;19.934
Málaga;5.5.-Estafas;2023;19.825
Málaga;5.5.-Estafas;2022;17.440
Málaga;5.5.-Estafas;2021;12.620
Málaga;5.5.-Estafas;2020;11.568
Málaga;5.5.-Estafas;2019;10.815
Málaga;5.5.-Estafas;2018;9.736
Málaga;5.5.1.-Estafas informáticas;2024;15.955
Málaga;5.5.1.-Estafas informáticas;2023;16.241
Málaga;5.5.1.-Estafas informáticas;2022;10.230
Málaga;5.5.1.-Estafas informáticas;2021;7.471
Málaga;5.5.1.-Estafas informáticas;2020;8.064
Málaga;5.5.1.-Estafas informáticas;2019;5.565
Málaga;5.5.1.-Estafas informáticas;2018;2.738
Málaga;5.6.-Daños;2024;8.352
Málaga;5.6.-Daños;2023;8.160
Málaga;5.6.-Daños;2022;8.034
Málaga;5.6.-Daños;2021;7.862
Málaga;5.6.-Daños;2020;6.823
Málaga;5.6.-Daños;2019;8.244
Málaga;5.6.-Daños;2018;8.187
Málaga;5.7.-Contra la propiedad intelectual/industrial;2024;225
Málaga;5.7.-Contra la propiedad intelectual/industrial;2023;191
Málaga;5.7.-Contra la propiedad intelectual/industrial;2022;54
Málaga;5.7.-Contra la propiedad intelectual/industrial;2021;87
Málaga;5.7.-Contra la propiedad intelectual/industrial;2020;133
Málaga;5.7.-Contra la propiedad intelectual/industrial;2019;240
Málaga;5.7.-Contra la propiedad intelectual/industrial;2018;303
Málaga;5.8.-Blanqueo de capitales;2024;34
Málaga;5.8.-Blanqueo de capitales;2023;25
Málaga;5.8.-Blanqueo de capitales;2022;40
Málaga;5.8.-Blanqueo de capitales;2021;33
Málaga;5.8.-Blanqueo de capitales;2020;24
Málaga;5.8.-Blanqueo de capitales;2019;23
Málaga;5.8.-Blanqueo de capitales;2018;25
Málaga;5.9.-Otros contra el patrimonio;2024;2.934
Málaga;5.9.-Otros contra el patrimonio;2023;2.511
Málaga;5.9.-Otros contra el patrimonio;2022;2.504
Málaga;5.9.-Otros contra el patrimonio;2021;2.176
Málaga;5.9.-Otros contra el patrimonio;2020;1.908
Málaga;5.9.-Otros contra el patrimonio;2019;1.982
Málaga;5.9.-Otros contra el patrimonio;2018;2.194
Málaga;6. SEGURIDAD COLECTIVA;2024;3.436
Málaga;6. SEGURIDAD COLECTIVA;2023;3.467
Málaga;6. SEGURIDAD COLECTIVA;2022;3.289
Málaga;6. SEGURIDAD COLECTIVA;2021;3.201
Málaga;6. SEGURIDAD COLECTIVA;2020;2.821
Málaga;6. SEGURIDAD COLECTIVA;2019;3.052
Málaga;6. SEGURIDAD COLECTIVA;2018;2.846
Málaga;6.1.-Tráfico de drogas;2024;1.071
Málaga;6.1.-Tráfico de drogas;2023;1.249
Málaga;6.1.-Tráfico de drogas;2022;1.102
Málaga;6.1.-Tráfico de drogas;2021;1.078
Málaga;6.1.-Tráfico de drogas;2020;1.045
Málaga;6.1.-Tráfico de drogas;2019;1.006
Málaga;6.1.-Tráfico de drogas;2018;924
Málaga;6.2.-Contra la seguridad vial;2024;2.166
Málaga;6.2.-Contra la seguridad vial;2023;2.105
Málaga;6.2.-Contra la seguridad vial;2022;2.062
Málaga;6.2.-Contra la seguridad vial;2021;2.024
Málaga;6.2.-Contra la seguridad vial;2020;1.683
Málaga;6.2.-Contra la seguridad vial;2019;1.964
Málaga;6.2.-Contra la seguridad vial;2018;1.868
Málaga;6.3.-Otros contra la seguridad colectiva;2024;199
Málaga;6.3.-Otros contra la seguridad colectiva;2023;113
Málaga;6.3.-Otros contra la seguridad colectiva;2022;125
Málaga;6.3.-Otros contra la seguridad colectiva;2021;99
Málaga;6.3.-Otros contra la seguridad colectiva;2020;93
Málaga;6.3.-Otros contra la seguridad colectiva;2019;82
Málaga;6.3.-Otros contra la seguridad colectiva;2018;54
Málaga;7. FALSEDADES;2024;2.136
Málaga;7. FALSEDADES;2023;1.782
Málaga;7. FALSEDADES;2022;1.794
Málaga;7. FALSEDADES;2021;1.612
Málaga;7. FALSEDADES;2020;1.085
Málaga;7. FALSEDADES;2019;1.057
Málaga;7. FALSEDADES;2018;979
Málaga;8. ADMÓN. PÚBLICA;2024;15
Málaga;8. ADMÓN. PÚBLICA;2023;11
Málaga;8. ADMÓN. PÚBLICA;2022;20
Málaga;8. ADMÓN. PÚBLICA;2021;13
Málaga;8. ADMÓN. PÚBLICA;2020;8
Málaga;8. ADMÓN. PÚBLICA;2019;13
Málaga;8. ADMÓN. PÚBLICA;2018;16
Málaga;9. ADMÓN. JUSTICIA;2024;1.769
Málaga;9. ADMÓN. JUSTICIA;2023;1.813
Málaga;9. ADMÓN. JUSTICIA;2022;1.640
Málaga;9. ADMÓN. JUSTICIA;2021;1.379
Málaga;9. ADMÓN. JUSTICIA;2020;1.395
Málaga;9. ADMÓN. JUSTICIA;2019;1.363
Málaga;9. ADMÓN. JUSTICIA;2018;1.359
Málaga;10. ORDEN PÚBLICO;2024;1.316
Málaga;10. ORDEN PÚBLICO;2023;1.376
Málaga;10. ORDEN PÚBLICO;2022;1.257
Málaga;10. ORDEN PÚBLICO;2021;1.203
Málaga;10. ORDEN PÚBLICO;2020;1.235
Málaga;10. ORDEN PÚBLICO;2019;969
Málaga;10. ORDEN PÚBLICO;2018;890
Málaga;11. LEGISLACIÓN ESPECIAL;2024;13
Málaga;11. LEGISLACIÓN ESPECIAL;2023;16
Málaga;11. LEGISLACIÓN ESPECIAL;2022;15
Málaga;11. LEGISLACIÓN ESPECIAL;2021;20
Málaga;11. LEGISLACIÓN ESPECIAL;2020;32
Málaga;11. LEGISLACIÓN ESPECIAL;2019;23
Málaga;11. LEGISLACIÓN ESPECIAL;2018;5
Málaga;12. OTRAS INFRACCIONES PENALES;2024;538
Málaga;12. OTRAS INFRACCIONES PENALES;2023;500
Málaga;12. OTRAS INFRACCIONES PENALES;2022;453
Málaga;12. OTRAS INFRACCIONES PENALES;2021;456
Málaga;12. OTRAS INFRACCIONES PENALES;2020;399
Málaga;12. OTRAS INFRACCIONES PENALES;2019;396
Málaga;12. OTRAS INFRACCIONES PENALES;2018;387
Málaga;TOTAL INFRACCIONES PENALES;2024;102.232
Málaga;TOTAL INFRACCIONES PENALES;2023;99.025
Málaga;TOTAL INFRACCIONES PENALES;2022;91.790
Málaga;TOTAL INFRACCIONES PENALES;2021;76.049
Málaga;TOTAL INFRACCIONES PENALES;2020;66.451
Málaga;TOTAL INFRACCIONES PENALES;2019;80.057
Málaga;TOTAL INFRACCIONES PENALES;2018;79.225
Murcia;1. CONTRA LAS PERSONAS;2024;8.773
Murcia;1. CONTRA LAS PERSONAS;2023;8.520
Murcia;1. CONTRA LAS PERSONAS;2022;7.590
Murcia;1. CONTRA LAS PERSONAS;2021;6.658
Murcia;1. CONTRA LAS PERSONAS;2020;5.597
Murcia;1. CONTRA LAS PERSONAS;2019;6.237
Murcia;1. CONTRA LAS PERSONAS;2018;6.010
Murcia;1.1.-Homicidios dolosos/asesinatos;2024;83
Murcia;1.1.-Homicidios dolosos/asesinatos;2023;80
Murcia;1.1.-Homicidios dolosos/asesinatos;2022;59
Murcia;1.1.-Homicidios dolosos/asesinatos;2021;60
Murcia;1.1.-Homicidios dolosos/asesinatos;2020;51
Murcia;1.1.-Homicidios dolosos/asesinatos;2019;39
Murcia;1.1.-Homicidios dolosos/asesinatos;2018;36
Murcia;1.1.1.-Homicidios dolosos/asesinatos consumados;2024;14
Murcia;1.1.1.-Homicidios dolosos/asesinatos consumados;2023;15
Murcia;1.1.1.-Homicidios dolosos/asesinatos consumados;2022;8
Murcia;1.1.1.-Homicidios dolosos/asesinatos consumados;2021;14
Murcia;1.1.1.-Homicidios dolosos/asesinatos consumados;2020;10
Murcia;1.1.1.-Homicidios dolosos/asesinatos consumados;2019;13
Murcia;1.1.1.-Homicidios dolosos/asesinatos consumados;2018;11
Murcia;1.2.-Lesiones;2024;4.729
Murcia;1.2.-Lesiones;2023;4.325
Murcia;1.2.-Lesiones;2022;4.129
Murcia;1.2.-Lesiones;2021;3.484
Murcia;1.2.-Lesiones;2020;2.966
Murcia;1.2.-Lesiones;2019;3.449
Murcia;1.2.-Lesiones;2018;3.333
Murcia;1.3.-Malos tratos ámbito familiar;2024;3.756
Murcia;1.3.-Malos tratos ámbito familiar;2023;3.957
Murcia;1.3.-Malos tratos ámbito familiar;2022;3.290
Murcia;1.3.-Malos tratos ámbito familiar;2021;3.030
Murcia;1.3.-Malos tratos ámbito familiar;2020;2.504
Murcia;1.3.-Malos tratos ámbito familiar;2019;2.678
Murcia;1.3.-Malos tratos ámbito familiar;2018;2.580
Murcia;1.4.-Otros contra las personas;2024;205
Murcia;1.4.-Otros contra las personas;2023;158
Murcia;1.4.-Otros contra las personas;2022;112
Murcia;1.4.-Otros contra las personas;2021;84
Murcia;1.4.-Otros contra las personas;2020;76
Murcia;1.4.-Otros contra las personas;2019;71
Murcia;1.4.-Otros contra las personas;2018;61
Murcia;2. CONTRA LA LIBERTAD;2024;5.811
Murcia;2. CONTRA LA LIBERTAD;2023;5.396
Murcia;2. CONTRA LA LIBERTAD;2022;4.748
Murcia;2. CONTRA LA LIBERTAD;2021;4.415
Murcia;2. CONTRA LA LIBERTAD;2020;4.019
Murcia;2. CONTRA LA LIBERTAD;2019;3.741
Murcia;2. CONTRA LA LIBERTAD;2018;3.414
Murcia;2.1.-Malos tratos habituales en el ámbito familiar;2024;330
Murcia;2.1.-Malos tratos habituales en el ámbito familiar;2023;388
Murcia;2.1.-Malos tratos habituales en el ámbito familiar;2022;352
Murcia;2.1.-Malos tratos habituales en el ámbito familiar;2021;354
Murcia;2.1.-Malos tratos habituales en el ámbito familiar;2020;378
Murcia;2.1.-Malos tratos habituales en el ámbito familiar;2019;364
Murcia;2.1.-Malos tratos habituales en el ámbito familiar;2018;337
Murcia;2.2.-Otros contra la libertad;2024;5.481
Murcia;2.2.-Otros contra la libertad;2023;5.008
Murcia;2.2.-Otros contra la libertad;2022;4.396
Murcia;2.2.-Otros contra la libertad;2021;4.061
Murcia;2.2.-Otros contra la libertad;2020;3.641
Murcia;2.2.-Otros contra la libertad;2019;3.377
Murcia;2.2.-Otros contra la libertad;2018;3.077
Murcia;3. LIBERTAD SEXUAL;2024;890
Murcia;3. LIBERTAD SEXUAL;2023;721
Murcia;3. LIBERTAD SEXUAL;2022;620
Murcia;3. LIBERTAD SEXUAL;2021;613
Murcia;3. LIBERTAD SEXUAL;2020;505
Murcia;3. LIBERTAD SEXUAL;2019;535
Murcia;3. LIBERTAD SEXUAL;2018;478
Murcia;3.1.-Agresión sexual;2024;553
Murcia;3.1.-Agresión sexual;2023;472
Murcia;3.1.-Agresión sexual;2022;436
Murcia;3.1.-Agresión sexual;2021;395
Murcia;3.1.-Agresión sexual;2020;296
Murcia;3.1.-Agresión sexual;2019;341
Murcia;3.1.-Agresión sexual;2018;312
Murcia;3.2.-Agresión sexual con penetración;2024;139
Murcia;3.2.-Agresión sexual con penetración;2023;110
Murcia;3.2.-Agresión sexual con penetración;2022;93
Murcia;3.2.-Agresión sexual con penetración;2021;110
Murcia;3.2.-Agresión sexual con penetración;2020;94
Murcia;3.2.-Agresión sexual con penetración;2019;73
Murcia;3.2.-Agresión sexual con penetración;2018;68
Murcia;3.3.-Corrupción de menores o incapacitados;2024;90
Murcia;3.3.-Corrupción de menores o incapacitados;2023;22
Murcia;3.3.-Corrupción de menores o incapacitados;2022;7
Murcia;3.3.-Corrupción de menores o incapacitados;2021;16
Murcia;3.3.-Corrupción de menores o incapacitados;2020;14
Murcia;3.3.-Corrupción de menores o incapacitados;2019;18
Murcia;3.3.-Corrupción de menores o incapacitados;2018;15
Murcia;3.4.-Pornografía de menores;2024;28
Murcia;3.4.-Pornografía de menores;2023;33
Murcia;3.4.-Pornografía de menores;2022;20
Murcia;3.4.-Pornografía de menores;2021;27
Murcia;3.4.-Pornografía de menores;2020;32
Murcia;3.4.-Pornografía de menores;2019;27
Murcia;3.4.-Pornografía de menores;2018;14
Murcia;3.5.-Otros contra la libertad sexual;2024;80
Murcia;3.5.-Otros contra la libertad sexual;2023;84
Murcia;3.5.-Otros contra la libertad sexual;2022;64
Murcia;3.5.-Otros contra la libertad sexual;2021;65
Murcia;3.5.-Otros contra la libertad sexual;2020;69
Murcia;3.5.-Otros contra la libertad sexual;2019;76
Murcia;3.5.-Otros contra la libertad sexual;2018;69
Murcia;4. RELACIONES FAMILIARES;2024;654
Murcia;4. RELACIONES FAMILIARES;2023;660
Murcia;4. RELACIONES FAMILIARES;2022;592
Murcia;4. RELACIONES FAMILIARES;2021;615
Murcia;4. RELACIONES FAMILIARES;2020;534
Murcia;4. RELACIONES FAMILIARES;2019;552
Murcia;4. RELACIONES FAMILIARES;2018;588
Murcia;5. PATRIMONIO;2024;51.417
Murcia;5. PATRIMONIO;2023;52.383
Murcia;5. PATRIMONIO;2022;49.030
Murcia;5. PATRIMONIO;2021;40.153
Murcia;5. PATRIMONIO;2020;35.539
Murcia;5. PATRIMONIO;2019;41.700
Murcia;5. PATRIMONIO;2018;40.812
Murcia;5.1.-Hurtos;2024;16.201
Murcia;5.1.-Hurtos;2023;16.564
Murcia;5.1.-Hurtos;2022;15.475
Murcia;5.1.-Hurtos;2021;11.925
Murcia;5.1.-Hurtos;2020;9.925
Murcia;5.1.-Hurtos;2019;15.138
Murcia;5.1.-Hurtos;2018;14.888
Murcia;5.2.-Robos con fuerza en las cosas;2024;9.862
Murcia;5.2.-Robos con fuerza en las cosas;2023;10.318
Murcia;5.2.-Robos con fuerza en las cosas;2022;10.214
Murcia;5.2.-Robos con fuerza en las cosas;2021;9.127
Murcia;5.2.-Robos con fuerza en las cosas;2020;8.287
Murcia;5.2.-Robos con fuerza en las cosas;2019;10.780
Murcia;5.2.-Robos con fuerza en las cosas;2018;11.206
Murcia;5.2.1.-Robos con fuerza en las cosas en el interior de vehículos;2024;3.150
Murcia;5.2.1.-Robos con fuerza en las cosas en el interior de vehículos;2023;3.248
Murcia;5.2.1.-Robos con fuerza en las cosas en el interior de vehículos;2022;2.922
Murcia;5.2.1.-Robos con fuerza en las cosas en el interior de vehículos;2021;2.940
Murcia;5.2.1.-Robos con fuerza en las cosas en el interior de vehículos;2020;2.352
Murcia;5.2.1.-Robos con fuerza en las cosas en el interior de vehículos;2019;2.902
Murcia;5.2.1.-Robos con fuerza en las cosas en el interior de vehículos;2018;2.805
Murcia;5.2.2.-Robos con fuerza en viviendas;2024;3.949
Murcia;5.2.2.-Robos con fuerza en viviendas;2023;3.909
Murcia;5.2.2.-Robos con fuerza en viviendas;2022;4.001
Murcia;5.2.2.-Robos con fuerza en viviendas;2021;3.793
Murcia;5.2.2.-Robos con fuerza en viviendas;2020;3.796
Murcia;5.2.2.-Robos con fuerza en viviendas;2019;5.017
Murcia;5.2.2.-Robos con fuerza en viviendas;2018;5.662
Murcia;5.2.3.-Robos con fuerza en establecimientos;2024;1.146
Murcia;5.2.3.-Robos con fuerza en establecimientos;2023;1.356
Murcia;5.2.3.-Robos con fuerza en establecimientos;2022;1.306
Murcia;5.2.3.-Robos con fuerza en establecimientos;2021;1.028
Murcia;5.2.3.-Robos con fuerza en establecimientos;2020;859
Murcia;5.2.3.-Robos con fuerza en establecimientos;2019;1.096
Murcia;5.2.3.-Robos con fuerza en establecimientos;2018;1.073
Murcia;5.3.-Robos con violencia o intimidación;2024;2.153
Murcia;5.3.-Robos con violencia o intimidación;2023;2.071
Murcia;5.3.-Robos con violencia o intimidación;2022;1.999
Murcia;5.3.-Robos con violencia o intimidación;2021;1.375
Murcia;5.3.-Robos con violencia o intimidación;2020;1.207
Murcia;5.3.-Robos con violencia o intimidación;2019;1.536
Murcia;5.3.-Robos con violencia o intimidación;2018;1.444
Murcia;5.3.1.-Robos con violencia en vía pública;2024;1.332
Murcia;5.3.1.-Robos con violencia en vía pública;2023;1.307
Murcia;5.3.1.-Robos con violencia en vía pública;2022;1.293
Murcia;5.3.1.-Robos con violencia en vía pública;2021;809
Murcia;5.3.1.-Robos con violencia en vía pública;2020;742
Murcia;5.3.1.-Robos con violencia en vía pública;2019;917
Murcia;5.3.1.-Robos con violencia en vía pública;2018;968
Murcia;5.3.2.-Robos con violencia en viviendas;2024;179
Murcia;5.3.2.-Robos con violencia en viviendas;2023;143
Murcia;5.3.2.-Robos con violencia en viviendas;2022;130
Murcia;5.3.2.-Robos con violencia en viviendas;2021;112
Murcia;5.3.2.-Robos con violencia en viviendas;2020;123
Murcia;5.3.2.-Robos con violencia en viviendas;2019;124
Murcia;5.3.2.-Robos con violencia en viviendas;2018;109
Murcia;5.3.3.-Robos con violencia en establecimientos;2024;376
Murcia;5.3.3.-Robos con violencia en establecimientos;2023;345
Murcia;5.3.3.-Robos con violencia en establecimientos;2022;317
Murcia;5.3.3.-Robos con violencia en establecimientos;2021;236
Murcia;5.3.3.-Robos con violencia en establecimientos;2020;176
Murcia;5.3.3.-Robos con violencia en establecimientos;2019;258
Murcia;5.3.3.-Robos con violencia en establecimientos;2018;191
Murcia;5.4.-Sustracción de vehículos;2024;935
Murcia;5.4.-Sustracción de vehículos;2023;970
Murcia;5.4.-Sustracción de vehículos;2022;774
Murcia;5.4.-Sustracción de vehículos;2021;666
Murcia;5.4.-Sustracción de vehículos;2020;726
Murcia;5.4.-Sustracción de vehículos;2019;909
Murcia;5.4.-Sustracción de vehículos;2018;951
Murcia;5.5.-Estafas;2024;13.902
Murcia;5.5.-Estafas;2023;14.416
Murcia;5.5.-Estafas;2022;12.221
Murcia;5.5.-Estafas;2021;9.632
Murcia;5.5.-Estafas;2020;8.822
Murcia;5.5.-Estafas;2019;6.657
Murcia;5.5.-Estafas;2018;5.948
Murcia;5.5.1.-Estafas informáticas;2024;11.558
Murcia;5.5.1.-Estafas informáticas;2023;12.310
Murcia;5.5.1.-Estafas informáticas;2022;8.651
Murcia;5.5.1.-Estafas informáticas;2021;6.754
Murcia;5.5.1.-Estafas informáticas;2020;5.887
Murcia;5.5.1.-Estafas informáticas;2019;3.358
Murcia;5.5.1.-Estafas informáticas;2018;2.034
Murcia;5.6.-Daños;2024;5.890
Murcia;5.6.-Daños;2023;5.752
Murcia;5.6.-Daños;2022;6.140
Murcia;5.6.-Daños;2021;5.447
Murcia;5.6.-Daños;2020;4.733
Murcia;5.6.-Daños;2019;4.813
Murcia;5.6.-Daños;2018;4.848
Murcia;5.7.-Contra la propiedad intelectual/industrial;2024;34
Murcia;5.7.-Contra la propiedad intelectual/industrial;2023;37
Murcia;5.7.-Contra la propiedad intelectual/industrial;2022;37
Murcia;5.7.-Contra la propiedad intelectual/industrial;2021;45
Murcia;5.7.-Contra la propiedad intelectual/industrial;2020;50
Murcia;5.7.-Contra la propiedad intelectual/industrial;2019;43
Murcia;5.7.-Contra la propiedad intelectual/industrial;2018;52
Murcia;5.8.-Blanqueo de capitales;2024;14
Murcia;5.8.-Blanqueo de capitales;2023;11
Murcia;5.8.-Blanqueo de capitales;2022;10
Murcia;5.8.-Blanqueo de capitales;2021;15
Murcia;5.8.-Blanqueo de capitales;2020;13
Murcia;5.8.-Blanqueo de capitales;2019;8
Murcia;5.8.-Blanqueo de capitales;2018;4
Murcia;5.9.-Otros contra el patrimonio;2024;2.426
Murcia;5.9.-Otros contra el patrimonio;2023;2.244
Murcia;5.9.-Otros contra el patrimonio;2022;2.160
Murcia;5.9.-Otros contra el patrimonio;2021;1.921
Murcia;5.9.-Otros contra el patrimonio;2020;1.776
Murcia;5.9.-Otros contra el patrimonio;2019;1.816
Murcia;5.9.-Otros contra el patrimonio;2018;1.471
Murcia;6. SEGURIDAD COLECTIVA;2024;1.848
Murcia;6. SEGURIDAD COLECTIVA;2023;1.737
Murcia;6. SEGURIDAD COLECTIVA;2022;1.786
Murcia;6. SEGURIDAD COLECTIVA;2021;1.497
Murcia;6. SEGURIDAD COLECTIVA;2020;1.308
Murcia;6. SEGURIDAD COLECTIVA;2019;1.664
Murcia;6. SEGURIDAD COLECTIVA;2018;1.502
Murcia;6.1.-Tráfico de drogas;2024;566
Murcia;6.1.-Tráfico de drogas;2023;580
Murcia;6.1.-Tráfico de drogas;2022;527
Murcia;6.1.-Tráfico de drogas;2021;506
Murcia;6.1.-Tráfico de drogas;2020;389
Murcia;6.1.-Tráfico de drogas;2019;360
Murcia;6.1.-Tráfico de drogas;2018;287
Murcia;6.2.-Contra la seguridad vial;2024;1.184
Murcia;6.2.-Contra la seguridad vial;2023;1.062
Murcia;6.2.-Contra la seguridad vial;2022;1.186
Murcia;6.2.-Contra la seguridad vial;2021;935
Murcia;6.2.-Contra la seguridad vial;2020;865
Murcia;6.2.-Contra la seguridad vial;2019;1.244
Murcia;6.2.-Contra la seguridad vial;2018;1.143
Murcia;6.3.-Otros contra la seguridad colectiva;2024;98
Murcia;6.3.-Otros contra la seguridad colectiva;2023;95
Murcia;6.3.-Otros contra la seguridad colectiva;2022;73
Murcia;6.3.-Otros contra la seguridad colectiva;2021;56
Murcia;6.3.-Otros contra la seguridad colectiva;2020;54
Murcia;6.3.-Otros contra la seguridad colectiva;2019;60
Murcia;6.3.-Otros contra la seguridad colectiva;2018;72
Murcia;7. FALSEDADES;2024;1.688
Murcia;7. FALSEDADES;2023;1.447
Murcia;7. FALSEDADES;2022;1.378
Murcia;7. FALSEDADES;2021;1.336
Murcia;7. FALSEDADES;2020;929
Murcia;7. FALSEDADES;2019;708
Murcia;7. FALSEDADES;2018;679
Murcia;8. ADMÓN. PÚBLICA;2024;22
Murcia;8. ADMÓN. PÚBLICA;2023;20
Murcia;8. ADMÓN. PÚBLICA;2022;9
Murcia;8. ADMÓN. PÚBLICA;2021;28
Murcia;8. ADMÓN. PÚBLICA;2020;25
Murcia;8. ADMÓN. PÚBLICA;2019;14
Murcia;8. ADMÓN. PÚBLICA;2018;16
Murcia;9. ADMÓN. JUSTICIA;2024;1.869
Murcia;9. ADMÓN. JUSTICIA;2023;1.766
Murcia;9. ADMÓN. JUSTICIA;2022;1.618
Murcia;9. ADMÓN. JUSTICIA;2021;1.250
Murcia;9. ADMÓN. JUSTICIA;2020;1.159
Murcia;9. ADMÓN. JUSTICIA;2019;1.040
Murcia;9. ADMÓN. JUSTICIA;2018;1.009
Murcia;10. ORDEN PÚBLICO;2024;1.154
Murcia;10. ORDEN PÚBLICO;2023;1.025
Murcia;10. ORDEN PÚBLICO;2022;884
Murcia;10. ORDEN PÚBLICO;2021;816
Murcia;10. ORDEN PÚBLICO;2020;900
Murcia;10. ORDEN PÚBLICO;2019;564
Murcia;10. ORDEN PÚBLICO;2018;570
Murcia;11. LEGISLACIÓN ESPECIAL;2024;8
Murcia;11. LEGISLACIÓN ESPECIAL;2023;16
Murcia;11. LEGISLACIÓN ESPECIAL;2022;14
Murcia;11. LEGISLACIÓN ESPECIAL;2021;10
Murcia;11. LEGISLACIÓN ESPECIAL;2020;14
Murcia;11. LEGISLACIÓN ESPECIAL;2019;1
Murcia;11. LEGISLACIÓN ESPECIAL;2018;2
Murcia;12. OTRAS INFRACCIONES PENALES;2024;445
Murcia;12. OTRAS INFRACCIONES PENALES;2023;503
Murcia;12. OTRAS INFRACCIONES PENALES;2022;448
Murcia;12. OTRAS INFRACCIONES PENALES;2021;583
Murcia;12. OTRAS INFRACCIONES PENALES;2020;440
Murcia;12. OTRAS INFRACCIONES PENALES;2019;343
Murcia;12. OTRAS INFRACCIONES PENALES;2018;318
Murcia;TOTAL INFRACCIONES PENALES;2024;74.579
Murcia;TOTAL INFRACCIONES PENALES;2023;74.194
Murcia;TOTAL INFRACCIONES PENALES;2022;68.717
Murcia;TOTAL INFRACCIONES PENALES;2021;57.974
Murcia;TOTAL INFRACCIONES PENALES;2020;50.969
Murcia;TOTAL INFRACCIONES PENALES;2019;57.099
Murcia;TOTAL INFRACCIONES PENALES;2018;55.398
Navarra;1. CONTRA LAS PERSONAS;2024;3.231
Navarra;1. CONTRA LAS PERSONAS;2023;3.028
Navarra;1. CONTRA LAS PERSONAS;2022;3.098
Navarra;1. CONTRA LAS PERSONAS;2021;2.470
Navarra;1. CONTRA LAS PERSONAS;2020;2.109
Navarra;1. CONTRA LAS PERSONAS;2019;2.693
Navarra;1. CONTRA LAS PERSONAS;2018;2.589
Navarra;1.1.-Homicidios dolosos/asesinatos;2024;26
Navarra;1.1.-Homicidios dolosos/asesinatos;2023;38
Navarra;1.1.-Homicidios dolosos/asesinatos;2022;24
Navarra;1.1.-Homicidios dolosos/asesinatos;2021;23
Navarra;1.1.-Homicidios dolosos/asesinatos;2020;23
Navarra;1.1.-Homicidios dolosos/asesinatos;2019;18
Navarra;1.1.-Homicidios dolosos/asesinatos;2018;25
Navarra;1.1.1.-Homicidios dolosos/asesinatos consumados;2024;4
Navarra;1.1.1.-Homicidios dolosos/asesinatos consumados;2023;6
Navarra;1.1.1.-Homicidios dolosos/asesinatos consumados;2022;3
Navarra;1.1.1.-Homicidios dolosos/asesinatos consumados;2021;2
Navarra;1.1.1.-Homicidios dolosos/asesinatos consumados;2020;1
Navarra;1.1.1.-Homicidios dolosos/asesinatos consumados;2019;5
Navarra;1.1.1.-Homicidios dolosos/asesinatos consumados;2018;10
Navarra;1.2.-Lesiones;2024;1.945
Navarra;1.2.-Lesiones;2023;1.784
Navarra;1.2.-Lesiones;2022;1.838
Navarra;1.2.-Lesiones;2021;1.448
Navarra;1.2.-Lesiones;2020;1.108
Navarra;1.2.-Lesiones;2019;1.638
Navarra;1.2.-Lesiones;2018;1.506
Navarra;1.3.-Malos tratos ámbito familiar;2024;1.171
Navarra;1.3.-Malos tratos ámbito familiar;2023;1.102
Navarra;1.3.-Malos tratos ámbito familiar;2022;1.109
Navarra;1.3.-Malos tratos ámbito familiar;2021;936
Navarra;1.3.-Malos tratos ámbito familiar;2020;933
Navarra;1.3.-Malos tratos ámbito familiar;2019;1.001
Navarra;1.3.-Malos tratos ámbito familiar;2018;1.016
Navarra;1.4.-Otros contra las personas;2024;89
Navarra;1.4.-Otros contra las personas;2023;104
Navarra;1.4.-Otros contra las personas;2022;127
Navarra;1.4.-Otros contra las personas;2021;63
Navarra;1.4.-Otros contra las personas;2020;45
Navarra;1.4.-Otros contra las personas;2019;36
Navarra;1.4.-Otros contra las personas;2018;42
Navarra;2. CONTRA LA LIBERTAD;2024;2.678
Navarra;2. CONTRA LA LIBERTAD;2023;2.522
Navarra;2. CONTRA LA LIBERTAD;2022;2.343
Navarra;2. CONTRA LA LIBERTAD;2021;2.060
Navarra;2. CONTRA LA LIBERTAD;2020;1.712
Navarra;2. CONTRA LA LIBERTAD;2019;1.799
Navarra;2. CONTRA LA LIBERTAD;2018;1.681
Navarra;2.1.-Malos tratos habituales en el ámbito familiar;2024;319
Navarra;2.1.-Malos tratos habituales en el ámbito familiar;2023;310
Navarra;2.1.-Malos tratos habituales en el ámbito familiar;2022;246
Navarra;2.1.-Malos tratos habituales en el ámbito familiar;2021;150
Navarra;2.1.-Malos tratos habituales en el ámbito familiar;2020;143
Navarra;2.1.-Malos tratos habituales en el ámbito familiar;2019;151
Navarra;2.1.-Malos tratos habituales en el ámbito familiar;2018;111
Navarra;2.2.-Otros contra la libertad;2024;2.359
Navarra;2.2.-Otros contra la libertad;2023;2.212
Navarra;2.2.-Otros contra la libertad;2022;2.097
Navarra;2.2.-Otros contra la libertad;2021;1.910
Navarra;2.2.-Otros contra la libertad;2020;1.569
Navarra;2.2.-Otros contra la libertad;2019;1.648
Navarra;2.2.-Otros contra la libertad;2018;1.570
Navarra;3. LIBERTAD SEXUAL;2024;532
Navarra;3. LIBERTAD SEXUAL;2023;462
Navarra;3. LIBERTAD SEXUAL;2022;347
Navarra;3. LIBERTAD SEXUAL;2021;264
Navarra;3. LIBERTAD SEXUAL;2020;241
Navarra;3. LIBERTAD SEXUAL;2019;232
Navarra;3. LIBERTAD SEXUAL;2018;271
Navarra;3.1.-Agresión sexual;2024;335
Navarra;3.1.-Agresión sexual;2023;274
Navarra;3.1.-Agresión sexual;2022;218
Navarra;3.1.-Agresión sexual;2021;144
Navarra;3.1.-Agresión sexual;2020;129
Navarra;3.1.-Agresión sexual;2019;126
Navarra;3.1.-Agresión sexual;2018;144
Navarra;3.2.-Agresión sexual con penetración;2024;72
Navarra;3.2.-Agresión sexual con penetración;2023;82
Navarra;3.2.-Agresión sexual con penetración;2022;76
Navarra;3.2.-Agresión sexual con penetración;2021;66
Navarra;3.2.-Agresión sexual con penetración;2020;36
Navarra;3.2.-Agresión sexual con penetración;2019;52
Navarra;3.2.-Agresión sexual con penetración;2018;64
Navarra;3.3.-Corrupción de menores o incapacitados;2024;8
Navarra;3.3.-Corrupción de menores o incapacitados;2023;18
Navarra;3.3.-Corrupción de menores o incapacitados;2022;11
Navarra;3.3.-Corrupción de menores o incapacitados;2021;17
Navarra;3.3.-Corrupción de menores o incapacitados;2020;15
Navarra;3.3.-Corrupción de menores o incapacitados;2019;8
Navarra;3.3.-Corrupción de menores o incapacitados;2018;7
Navarra;3.4.-Pornografía de menores;2024;36
Navarra;3.4.-Pornografía de menores;2023;25
Navarra;3.4.-Pornografía de menores;2022;6
Navarra;3.4.-Pornografía de menores;2021;8
Navarra;3.4.-Pornografía de menores;2020;13
Navarra;3.4.-Pornografía de menores;2019;7
Navarra;3.4.-Pornografía de menores;2018;12
Navarra;3.5.-Otros contra la libertad sexual;2024;81
Navarra;3.5.-Otros contra la libertad sexual;2023;63
Navarra;3.5.-Otros contra la libertad sexual;2022;36
Navarra;3.5.-Otros contra la libertad sexual;2021;29
Navarra;3.5.-Otros contra la libertad sexual;2020;48
Navarra;3.5.-Otros contra la libertad sexual;2019;39
Navarra;3.5.-Otros contra la libertad sexual;2018;44
Navarra;4. RELACIONES FAMILIARES;2024;96
Navarra;4. RELACIONES FAMILIARES;2023;94
Navarra;4. RELACIONES FAMILIARES;2022;96
Navarra;4. RELACIONES FAMILIARES;2021;100
Navarra;4. RELACIONES FAMILIARES;2020;96
Navarra;4. RELACIONES FAMILIARES;2019;74
Navarra;4. RELACIONES FAMILIARES;2018;73
Navarra;5. PATRIMONIO;2024;25.425
Navarra;5. PATRIMONIO;2023;25.568
Navarra;5. PATRIMONIO;2022;23.928
Navarra;5. PATRIMONIO;2021;18.724
Navarra;5. PATRIMONIO;2020;16.861
Navarra;5. PATRIMONIO;2019;21.485
Navarra;5. PATRIMONIO;2018;19.908
Navarra;5.1.-Hurtos;2024;8.280
Navarra;5.1.-Hurtos;2023;8.661
Navarra;5.1.-Hurtos;2022;8.108
Navarra;5.1.-Hurtos;2021;5.523
Navarra;5.1.-Hurtos;2020;4.469
Navarra;5.1.-Hurtos;2019;8.538
Navarra;5.1.-Hurtos;2018;7.741
Navarra;5.2.-Robos con fuerza en las cosas;2024;3.223
Navarra;5.2.-Robos con fuerza en las cosas;2023;2.939
Navarra;5.2.-Robos con fuerza en las cosas;2022;2.850
Navarra;5.2.-Robos con fuerza en las cosas;2021;2.358
Navarra;5.2.-Robos con fuerza en las cosas;2020;2.202
Navarra;5.2.-Robos con fuerza en las cosas;2019;2.912
Navarra;5.2.-Robos con fuerza en las cosas;2018;3.093
Navarra;5.2.1.-Robos con fuerza en las cosas en el interior de vehículos;2024;904
Navarra;5.2.1.-Robos con fuerza en las cosas en el interior de vehículos;2023;628
Navarra;5.2.1.-Robos con fuerza en las cosas en el interior de vehículos;2022;649
Navarra;5.2.1.-Robos con fuerza en las cosas en el interior de vehículos;2021;510
Navarra;5.2.1.-Robos con fuerza en las cosas en el interior de vehículos;2020;635
Navarra;5.2.1.-Robos con fuerza en las cosas en el interior de vehículos;2019;744
Navarra;5.2.1.-Robos con fuerza en las cosas en el interior de vehículos;2018;819
Navarra;5.2.2.-Robos con fuerza en viviendas;2024;1.073
Navarra;5.2.2.-Robos con fuerza en viviendas;2023;1.034
Navarra;5.2.2.-Robos con fuerza en viviendas;2022;985
Navarra;5.2.2.-Robos con fuerza en viviendas;2021;824
Navarra;5.2.2.-Robos con fuerza en viviendas;2020;666
Navarra;5.2.2.-Robos con fuerza en viviendas;2019;1.006
Navarra;5.2.2.-Robos con fuerza en viviendas;2018;987
Navarra;5.2.3.-Robos con fuerza en establecimientos;2024;347
Navarra;5.2.3.-Robos con fuerza en establecimientos;2023;419
Navarra;5.2.3.-Robos con fuerza en establecimientos;2022;419
Navarra;5.2.3.-Robos con fuerza en establecimientos;2021;399
Navarra;5.2.3.-Robos con fuerza en establecimientos;2020;388
Navarra;5.2.3.-Robos con fuerza en establecimientos;2019;458
Navarra;5.2.3.-Robos con fuerza en establecimientos;2018;476
Navarra;5.3.-Robos con violencia o intimidación;2024;472
Navarra;5.3.-Robos con violencia o intimidación;2023;467
Navarra;5.3.-Robos con violencia o intimidación;2022;422
Navarra;5.3.-Robos con violencia o intimidación;2021;298
Navarra;5.3.-Robos con violencia o intimidación;2020;226
Navarra;5.3.-Robos con violencia o intimidación;2019;331
Navarra;5.3.-Robos con violencia o intimidación;2018;255
Navarra;5.3.1.-Robos con violencia en vía pública;2024;331
Navarra;5.3.1.-Robos con violencia en vía pública;2023;346
Navarra;5.3.1.-Robos con violencia en vía pública;2022;303
Navarra;5.3.1.-Robos con violencia en vía pública;2021;200
Navarra;5.3.1.-Robos con violencia en vía pública;2020;151
Navarra;5.3.1.-Robos con violencia en vía pública;2019;232
Navarra;5.3.1.-Robos con violencia en vía pública;2018;173
Navarra;5.3.2.-Robos con violencia en viviendas;2024;25
Navarra;5.3.2.-Robos con violencia en viviendas;2023;22
Navarra;5.3.2.-Robos con violencia en viviendas;2022;27
Navarra;5.3.2.-Robos con violencia en viviendas;2021;16
Navarra;5.3.2.-Robos con violencia en viviendas;2020;17
Navarra;5.3.2.-Robos con violencia en viviendas;2019;17
Navarra;5.3.2.-Robos con violencia en viviendas;2018;20
Navarra;5.3.3.-Robos con violencia en establecimientos;2024;76
Navarra;5.3.3.-Robos con violencia en establecimientos;2023;57
Navarra;5.3.3.-Robos con violencia en establecimientos;2022;55
Navarra;5.3.3.-Robos con violencia en establecimientos;2021;43
Navarra;5.3.3.-Robos con violencia en establecimientos;2020;32
Navarra;5.3.3.-Robos con violencia en establecimientos;2019;54
Navarra;5.3.3.-Robos con violencia en establecimientos;2018;44
Navarra;5.4.-Sustracción de vehículos;2024;169
Navarra;5.4.-Sustracción de vehículos;2023;154
Navarra;5.4.-Sustracción de vehículos;2022;132
Navarra;5.4.-Sustracción de vehículos;2021;122
Navarra;5.4.-Sustracción de vehículos;2020;131
Navarra;5.4.-Sustracción de vehículos;2019;183
Navarra;5.4.-Sustracción de vehículos;2018;173
Navarra;5.5.-Estafas;2024;8.576
Navarra;5.5.-Estafas;2023;9.253
Navarra;5.5.-Estafas;2022;7.834
Navarra;5.5.-Estafas;2021;6.023
Navarra;5.5.-Estafas;2020;6.393
Navarra;5.5.-Estafas;2019;5.440
Navarra;5.5.-Estafas;2018;4.651
Navarra;5.5.1.-Estafas informáticas;2024;6.090
Navarra;5.5.1.-Estafas informáticas;2023;6.576
Navarra;5.5.1.-Estafas informáticas;2022;4.816
Navarra;5.5.1.-Estafas informáticas;2021;3.673
Navarra;5.5.1.-Estafas informáticas;2020;3.903
Navarra;5.5.1.-Estafas informáticas;2019;2.734
Navarra;5.5.1.-Estafas informáticas;2018;2.126
Navarra;5.6.-Daños;2024;3.673
Navarra;5.6.-Daños;2023;3.264
Navarra;5.6.-Daños;2022;3.759
Navarra;5.6.-Daños;2021;3.667
Navarra;5.6.-Daños;2020;2.841
Navarra;5.6.-Daños;2019;3.401
Navarra;5.6.-Daños;2018;3.303
Navarra;5.7.-Contra la propiedad intelectual/industrial;2024;61
Navarra;5.7.-Contra la propiedad intelectual/industrial;2023;43
Navarra;5.7.-Contra la propiedad intelectual/industrial;2022;12
Navarra;5.7.-Contra la propiedad intelectual/industrial;2021;8
Navarra;5.7.-Contra la propiedad intelectual/industrial;2020;9
Navarra;5.7.-Contra la propiedad intelectual/industrial;2019;27
Navarra;5.7.-Contra la propiedad intelectual/industrial;2018;38
Navarra;5.8.-Blanqueo de capitales;2024;49
Navarra;5.8.-Blanqueo de capitales;2023;22
Navarra;5.8.-Blanqueo de capitales;2022;7
Navarra;5.8.-Blanqueo de capitales;2021;10
Navarra;5.8.-Blanqueo de capitales;2020;6
Navarra;5.8.-Blanqueo de capitales;2019;4
Navarra;5.8.-Blanqueo de capitales;2018;2
Navarra;5.9.-Otros contra el patrimonio;2024;922
Navarra;5.9.-Otros contra el patrimonio;2023;765
Navarra;5.9.-Otros contra el patrimonio;2022;804
Navarra;5.9.-Otros contra el patrimonio;2021;715
Navarra;5.9.-Otros contra el patrimonio;2020;584
Navarra;5.9.-Otros contra el patrimonio;2019;649
Navarra;5.9.-Otros contra el patrimonio;2018;652
Navarra;6. SEGURIDAD COLECTIVA;2024;1.690
Navarra;6. SEGURIDAD COLECTIVA;2023;1.541
Navarra;6. SEGURIDAD COLECTIVA;2022;1.745
Navarra;6. SEGURIDAD COLECTIVA;2021;1.370
Navarra;6. SEGURIDAD COLECTIVA;2020;1.162
Navarra;6. SEGURIDAD COLECTIVA;2019;1.583
Navarra;6. SEGURIDAD COLECTIVA;2018;1.495
Navarra;6.1.-Tráfico de drogas;2024;226
Navarra;6.1.-Tráfico de drogas;2023;158
Navarra;6.1.-Tráfico de drogas;2022;147
Navarra;6.1.-Tráfico de drogas;2021;147
Navarra;6.1.-Tráfico de drogas;2020;146
Navarra;6.1.-Tráfico de drogas;2019;159
Navarra;6.1.-Tráfico de drogas;2018;140
Navarra;6.2.-Contra la seguridad vial;2024;1.418
Navarra;6.2.-Contra la seguridad vial;2023;1.338
Navarra;6.2.-Contra la seguridad vial;2022;1.535
Navarra;6.2.-Contra la seguridad vial;2021;1.187
Navarra;6.2.-Contra la seguridad vial;2020;976
Navarra;6.2.-Contra la seguridad vial;2019;1.369
Navarra;6.2.-Contra la seguridad vial;2018;1.277
Navarra;6.3.-Otros contra la seguridad colectiva;2024;46
Navarra;6.3.-Otros contra la seguridad colectiva;2023;45
Navarra;6.3.-Otros contra la seguridad colectiva;2022;63
Navarra;6.3.-Otros contra la seguridad colectiva;2021;36
Navarra;6.3.-Otros contra la seguridad colectiva;2020;40
Navarra;6.3.-Otros contra la seguridad colectiva;2019;55
Navarra;6.3.-Otros contra la seguridad colectiva;2018;78
Navarra;7. FALSEDADES;2024;696
Navarra;7. FALSEDADES;2023;676
Navarra;7. FALSEDADES;2022;617
Navarra;7. FALSEDADES;2021;693
Navarra;7. FALSEDADES;2020;435
Navarra;7. FALSEDADES;2019;374
Navarra;7. FALSEDADES;2018;340
Navarra;8. ADMÓN. PÚBLICA;2024;23
Navarra;8. ADMÓN. PÚBLICA;2023;15
Navarra;8. ADMÓN. PÚBLICA;2022;13
Navarra;8. ADMÓN. PÚBLICA;2021;16
Navarra;8. ADMÓN. PÚBLICA;2020;18
Navarra;8. ADMÓN. PÚBLICA;2019;10
Navarra;8. ADMÓN. PÚBLICA;2018;17
Navarra;9. ADMÓN. JUSTICIA;2024;673
Navarra;9. ADMÓN. JUSTICIA;2023;489
Navarra;9. ADMÓN. JUSTICIA;2022;500
Navarra;9. ADMÓN. JUSTICIA;2021;390
Navarra;9. ADMÓN. JUSTICIA;2020;387
Navarra;9. ADMÓN. JUSTICIA;2019;415
Navarra;9. ADMÓN. JUSTICIA;2018;407
Navarra;10. ORDEN PÚBLICO;2024;613
Navarra;10. ORDEN PÚBLICO;2023;539
Navarra;10. ORDEN PÚBLICO;2022;535
Navarra;10. ORDEN PÚBLICO;2021;452
Navarra;10. ORDEN PÚBLICO;2020;428
Navarra;10. ORDEN PÚBLICO;2019;365
Navarra;10. ORDEN PÚBLICO;2018;306
Navarra;11. LEGISLACIÓN ESPECIAL;2024;2
Navarra;11. LEGISLACIÓN ESPECIAL;2023;0
Navarra;11. LEGISLACIÓN ESPECIAL;2022;5
Navarra;11. LEGISLACIÓN ESPECIAL;2021;0
Navarra;11. LEGISLACIÓN ESPECIAL;2020;0
Navarra;11. LEGISLACIÓN ESPECIAL;2019;0
Navarra;11. LEGISLACIÓN ESPECIAL;2018;1
Navarra;12. OTRAS INFRACCIONES PENALES;2024;213
Navarra;12. OTRAS INFRACCIONES PENALES;2023;160
Navarra;12. OTRAS INFRACCIONES PENALES;2022;182
Navarra;12. OTRAS INFRACCIONES PENALES;2021;180
Navarra;12. OTRAS INFRACCIONES PENALES;2020;147
Navarra;12. OTRAS INFRACCIONES PENALES;2019;140
Navarra;12. OTRAS INFRACCIONES PENALES;2018;181
Navarra;TOTAL INFRACCIONES PENALES;2024;35.872
Navarra;TOTAL INFRACCIONES PENALES;2023;35.094
Navarra;TOTAL INFRACCIONES PENALES;2022;33.409
Navarra;TOTAL INFRACCIONES PENALES;2021;26.719
Navarra;TOTAL INFRACCIONES PENALES;2020;23.596
Navarra;TOTAL INFRACCIONES PENALES;2019;29.170
Navarra;TOTAL INFRACCIONES PENALES;2018;27.269
Ourense;1. CONTRA LAS PERSONAS;2024;1.131
Ourense;1. CONTRA LAS PERSONAS;2023;1.123
Ourense;1. CONTRA LAS PERSONAS;2022;948
Ourense;1. CONTRA LAS PERSONAS;2021;845
Ourense;1. CONTRA LAS PERSONAS;2020;736
Ourense;1. CONTRA LAS PERSONAS;2019;791
Ourense;1. CONTRA LAS PERSONAS;2018;830
Ourense;1.1.-Homicidios dolosos/asesinatos;2024;7
Ourense;1.1.-Homicidios dolosos/asesinatos;2023;3
Ourense;1.1.-Homicidios dolosos/asesinatos;2022;9
Ourense;1.1.-Homicidios dolosos/asesinatos;2021;10
Ourense;1.1.-Homicidios dolosos/asesinatos;2020;6
Ourense;1.1.-Homicidios dolosos/asesinatos;2019;4
Ourense;1.1.-Homicidios dolosos/asesinatos;2018;8
Ourense;1.1.1.-Homicidios dolosos/asesinatos consumados;2024;2
Ourense;1.1.1.-Homicidios dolosos/asesinatos consumados;2023;0
Ourense;1.1.1.-Homicidios dolosos/asesinatos consumados;2022;0
Ourense;1.1.1.-Homicidios dolosos/asesinatos consumados;2021;4
Ourense;1.1.1.-Homicidios dolosos/asesinatos consumados;2020;2
Ourense;1.1.1.-Homicidios dolosos/asesinatos consumados;2019;0
Ourense;1.1.1.-Homicidios dolosos/asesinatos consumados;2018;2
Ourense;1.2.-Lesiones;2024;648
Ourense;1.2.-Lesiones;2023;668
Ourense;1.2.-Lesiones;2022;540
Ourense;1.2.-Lesiones;2021;496
Ourense;1.2.-Lesiones;2020;394
Ourense;1.2.-Lesiones;2019;449
Ourense;1.2.-Lesiones;2018;486
Ourense;1.3.-Malos tratos ámbito familiar;2024;450
Ourense;1.3.-Malos tratos ámbito familiar;2023;423
Ourense;1.3.-Malos tratos ámbito familiar;2022;381
Ourense;1.3.-Malos tratos ámbito familiar;2021;330
Ourense;1.3.-Malos tratos ámbito familiar;2020;328
Ourense;1.3.-Malos tratos ámbito familiar;2019;333
Ourense;1.3.-Malos tratos ámbito familiar;2018;330
Ourense;1.4.-Otros contra las personas;2024;26
Ourense;1.4.-Otros contra las personas;2023;29
Ourense;1.4.-Otros contra las personas;2022;18
Ourense;1.4.-Otros contra las personas;2021;9
Ourense;1.4.-Otros contra las personas;2020;8
Ourense;1.4.-Otros contra las personas;2019;5
Ourense;1.4.-Otros contra las personas;2018;6
Ourense;2. CONTRA LA LIBERTAD;2024;918
Ourense;2. CONTRA LA LIBERTAD;2023;843
Ourense;2. CONTRA LA LIBERTAD;2022;674
Ourense;2. CONTRA LA LIBERTAD;2021;688
Ourense;2. CONTRA LA LIBERTAD;2020;637
Ourense;2. CONTRA LA LIBERTAD;2019;552
Ourense;2. CONTRA LA LIBERTAD;2018;532
Ourense;2.1.-Malos tratos habituales en el ámbito familiar;2024;118
Ourense;2.1.-Malos tratos habituales en el ámbito familiar;2023;121
Ourense;2.1.-Malos tratos habituales en el ámbito familiar;2022;94
Ourense;2.1.-Malos tratos habituales en el ámbito familiar;2021;75
Ourense;2.1.-Malos tratos habituales en el ámbito familiar;2020;67
Ourense;2.1.-Malos tratos habituales en el ámbito familiar;2019;92
Ourense;2.1.-Malos tratos habituales en el ámbito familiar;2018;93
Ourense;2.2.-Otros contra la libertad;2024;800
Ourense;2.2.-Otros contra la libertad;2023;722
Ourense;2.2.-Otros contra la libertad;2022;580
Ourense;2.2.-Otros contra la libertad;2021;613
Ourense;2.2.-Otros contra la libertad;2020;570
Ourense;2.2.-Otros contra la libertad;2019;460
Ourense;2.2.-Otros contra la libertad;2018;439
Ourense;3. LIBERTAD SEXUAL;2024;88
Ourense;3. LIBERTAD SEXUAL;2023;113
Ourense;3. LIBERTAD SEXUAL;2022;110
Ourense;3. LIBERTAD SEXUAL;2021;73
Ourense;3. LIBERTAD SEXUAL;2020;53
Ourense;3. LIBERTAD SEXUAL;2019;52
Ourense;3. LIBERTAD SEXUAL;2018;72
Ourense;3.1.-Agresión sexual;2024;47
Ourense;3.1.-Agresión sexual;2023;72
Ourense;3.1.-Agresión sexual;2022;67
Ourense;3.1.-Agresión sexual;2021;28
Ourense;3.1.-Agresión sexual;2020;27
Ourense;3.1.-Agresión sexual;2019;31
Ourense;3.1.-Agresión sexual;2018;50
Ourense;3.2.-Agresión sexual con penetración;2024;21
Ourense;3.2.-Agresión sexual con penetración;2023;23
Ourense;3.2.-Agresión sexual con penetración;2022;24
Ourense;3.2.-Agresión sexual con penetración;2021;20
Ourense;3.2.-Agresión sexual con penetración;2020;8
Ourense;3.2.-Agresión sexual con penetración;2019;13
Ourense;3.2.-Agresión sexual con penetración;2018;11
Ourense;3.3.-Corrupción de menores o incapacitados;2024;0
Ourense;3.3.-Corrupción de menores o incapacitados;2023;0
Ourense;3.3.-Corrupción de menores o incapacitados;2022;6
Ourense;3.3.-Corrupción de menores o incapacitados;2021;0
Ourense;3.3.-Corrupción de menores o incapacitados;2020;0
Ourense;3.3.-Corrupción de menores o incapacitados;2019;0
Ourense;3.3.-Corrupción de menores o incapacitados;2018;0
Ourense;3.4.-Pornografía de menores;2024;9
Ourense;3.4.-Pornografía de menores;2023;1
Ourense;3.4.-Pornografía de menores;2022;5
Ourense;3.4.-Pornografía de menores;2021;7
Ourense;3.4.-Pornografía de menores;2020;4
Ourense;3.4.-Pornografía de menores;2019;1
Ourense;3.4.-Pornografía de menores;2018;2
Ourense;3.5.-Otros contra la libertad sexual;2024;11
Ourense;3.5.-Otros contra la libertad sexual;2023;17
Ourense;3.5.-Otros contra la libertad sexual;2022;8
Ourense;3.5.-Otros contra la libertad sexual;2021;18
Ourense;3.5.-Otros contra la libertad sexual;2020;14
Ourense;3.5.-Otros contra la libertad sexual;2019;7
Ourense;3.5.-Otros contra la libertad sexual;2018;9
Ourense;4. RELACIONES FAMILIARES;2024;17
Ourense;4. RELACIONES FAMILIARES;2023;17
Ourense;4. RELACIONES FAMILIARES;2022;17
Ourense;4. RELACIONES FAMILIARES;2021;16
Ourense;4. RELACIONES FAMILIARES;2020;15
Ourense;4. RELACIONES FAMILIARES;2019;10
Ourense;4. RELACIONES FAMILIARES;2018;17
Ourense;5. PATRIMONIO;2024;6.208
Ourense;5. PATRIMONIO;2023;6.381
Ourense;5. PATRIMONIO;2022;6.444
Ourense;5. PATRIMONIO;2021;5.965
Ourense;5. PATRIMONIO;2020;4.871
Ourense;5. PATRIMONIO;2019;5.662
Ourense;5. PATRIMONIO;2018;5.240
Ourense;5.1.-Hurtos;2024;1.739
Ourense;5.1.-Hurtos;2023;1.740
Ourense;5.1.-Hurtos;2022;1.742
Ourense;5.1.-Hurtos;2021;1.244
Ourense;5.1.-Hurtos;2020;1.146
Ourense;5.1.-Hurtos;2019;1.735
Ourense;5.1.-Hurtos;2018;1.650
Ourense;5.2.-Robos con fuerza en las cosas;2024;993
Ourense;5.2.-Robos con fuerza en las cosas;2023;1.110
Ourense;5.2.-Robos con fuerza en las cosas;2022;942
Ourense;5.2.-Robos con fuerza en las cosas;2021;787
Ourense;5.2.-Robos con fuerza en las cosas;2020;816
Ourense;5.2.-Robos con fuerza en las cosas;2019;857
Ourense;5.2.-Robos con fuerza en las cosas;2018;922
Ourense;5.2.1.-Robos con fuerza en las cosas en el interior de vehículos;2024;227
Ourense;5.2.1.-Robos con fuerza en las cosas en el interior de vehículos;2023;344
Ourense;5.2.1.-Robos con fuerza en las cosas en el interior de vehículos;2022;249
Ourense;5.2.1.-Robos con fuerza en las cosas en el interior de vehículos;2021;150
Ourense;5.2.1.-Robos con fuerza en las cosas en el interior de vehículos;2020;164
Ourense;5.2.1.-Robos con fuerza en las cosas en el interior de vehículos;2019;156
Ourense;5.2.1.-Robos con fuerza en las cosas en el interior de vehículos;2018;200
Ourense;5.2.2.-Robos con fuerza en viviendas;2024;349
Ourense;5.2.2.-Robos con fuerza en viviendas;2023;363
Ourense;5.2.2.-Robos con fuerza en viviendas;2022;305
Ourense;5.2.2.-Robos con fuerza en viviendas;2021;319
Ourense;5.2.2.-Robos con fuerza en viviendas;2020;257
Ourense;5.2.2.-Robos con fuerza en viviendas;2019;336
Ourense;5.2.2.-Robos con fuerza en viviendas;2018;349
Ourense;5.2.3.-Robos con fuerza en establecimientos;2024;245
Ourense;5.2.3.-Robos con fuerza en establecimientos;2023;225
Ourense;5.2.3.-Robos con fuerza en establecimientos;2022;201
Ourense;5.2.3.-Robos con fuerza en establecimientos;2021;117
Ourense;5.2.3.-Robos con fuerza en establecimientos;2020;219
Ourense;5.2.3.-Robos con fuerza en establecimientos;2019;175
Ourense;5.2.3.-Robos con fuerza en establecimientos;2018;157
Ourense;5.3.-Robos con violencia o intimidación;2024;111
Ourense;5.3.-Robos con violencia o intimidación;2023;101
Ourense;5.3.-Robos con violencia o intimidación;2022;114
Ourense;5.3.-Robos con violencia o intimidación;2021;98
Ourense;5.3.-Robos con violencia o intimidación;2020;100
Ourense;5.3.-Robos con violencia o intimidación;2019;87
Ourense;5.3.-Robos con violencia o intimidación;2018;93
Ourense;5.3.1.-Robos con violencia en vía pública;2024;56
Ourense;5.3.1.-Robos con violencia en vía pública;2023;53
Ourense;5.3.1.-Robos con violencia en vía pública;2022;71
Ourense;5.3.1.-Robos con violencia en vía pública;2021;50
Ourense;5.3.1.-Robos con violencia en vía pública;2020;49
Ourense;5.3.1.-Robos con violencia en vía pública;2019;42
Ourense;5.3.1.-Robos con violencia en vía pública;2018;48
Ourense;5.3.2.-Robos con violencia en viviendas;2024;15
Ourense;5.3.2.-Robos con violencia en viviendas;2023;12
Ourense;5.3.2.-Robos con violencia en viviendas;2022;7
Ourense;5.3.2.-Robos con violencia en viviendas;2021;11
Ourense;5.3.2.-Robos con violencia en viviendas;2020;14
Ourense;5.3.2.-Robos con violencia en viviendas;2019;11
Ourense;5.3.2.-Robos con violencia en viviendas;2018;13
Ourense;5.3.3.-Robos con violencia en establecimientos;2024;26
Ourense;5.3.3.-Robos con violencia en establecimientos;2023;26
Ourense;5.3.3.-Robos con violencia en establecimientos;2022;22
Ourense;5.3.3.-Robos con violencia en establecimientos;2021;23
Ourense;5.3.3.-Robos con violencia en establecimientos;2020;32
Ourense;5.3.3.-Robos con violencia en establecimientos;2019;24
Ourense;5.3.3.-Robos con violencia en establecimientos;2018;19
Ourense;5.4.-Sustracción de vehículos;2024;27
Ourense;5.4.-Sustracción de vehículos;2023;46
Ourense;5.4.-Sustracción de vehículos;2022;51
Ourense;5.4.-Sustracción de vehículos;2021;39
Ourense;5.4.-Sustracción de vehículos;2020;42
Ourense;5.4.-Sustracción de vehículos;2019;41
Ourense;5.4.-Sustracción de vehículos;2018;58
Ourense;5.5.-Estafas;2024;2.060
Ourense;5.5.-Estafas;2023;2.134
Ourense;5.5.-Estafas;2022;2.432
Ourense;5.5.-Estafas;2021;2.833
Ourense;5.5.-Estafas;2020;1.877
Ourense;5.5.-Estafas;2019;1.909
Ourense;5.5.-Estafas;2018;1.484
Ourense;5.5.1.-Estafas informáticas;2024;1.842
Ourense;5.5.1.-Estafas informáticas;2023;1.905
Ourense;5.5.1.-Estafas informáticas;2022;2.217
Ourense;5.5.1.-Estafas informáticas;2021;2.000
Ourense;5.5.1.-Estafas informáticas;2020;1.308
Ourense;5.5.1.-Estafas informáticas;2019;975
Ourense;5.5.1.-Estafas informáticas;2018;496
Ourense;5.6.-Daños;2024;884
Ourense;5.6.-Daños;2023;948
Ourense;5.6.-Daños;2022;889
Ourense;5.6.-Daños;2021;761
Ourense;5.6.-Daños;2020;718
Ourense;5.6.-Daños;2019;852
Ourense;5.6.-Daños;2018;841
Ourense;5.7.-Contra la propiedad intelectual/industrial;2024;4
Ourense;5.7.-Contra la propiedad intelectual/industrial;2023;3
Ourense;5.7.-Contra la propiedad intelectual/industrial;2022;3
Ourense;5.7.-Contra la propiedad intelectual/industrial;2021;1
Ourense;5.7.-Contra la propiedad intelectual/industrial;2020;7
Ourense;5.7.-Contra la propiedad intelectual/industrial;2019;15
Ourense;5.7.-Contra la propiedad intelectual/industrial;2018;19
Ourense;5.8.-Blanqueo de capitales;2024;8
Ourense;5.8.-Blanqueo de capitales;2023;3
Ourense;5.8.-Blanqueo de capitales;2022;4
Ourense;5.8.-Blanqueo de capitales;2021;0
Ourense;5.8.-Blanqueo de capitales;2020;1
Ourense;5.8.-Blanqueo de capitales;2019;1
Ourense;5.8.-Blanqueo de capitales;2018;1
Ourense;5.9.-Otros contra el patrimonio;2024;382
Ourense;5.9.-Otros contra el patrimonio;2023;296
Ourense;5.9.-Otros contra el patrimonio;2022;267
Ourense;5.9.-Otros contra el patrimonio;2021;202
Ourense;5.9.-Otros contra el patrimonio;2020;164
Ourense;5.9.-Otros contra el patrimonio;2019;165
Ourense;5.9.-Otros contra el patrimonio;2018;172
Ourense;6. SEGURIDAD COLECTIVA;2024;445
Ourense;6. SEGURIDAD COLECTIVA;2023;545
Ourense;6. SEGURIDAD COLECTIVA;2022;581
Ourense;6. SEGURIDAD COLECTIVA;2021;468
Ourense;6. SEGURIDAD COLECTIVA;2020;584
Ourense;6. SEGURIDAD COLECTIVA;2019;661
Ourense;6. SEGURIDAD COLECTIVA;2018;632
Ourense;6.1.-Tráfico de drogas;2024;39
Ourense;6.1.-Tráfico de drogas;2023;34
Ourense;6.1.-Tráfico de drogas;2022;46
Ourense;6.1.-Tráfico de drogas;2021;40
Ourense;6.1.-Tráfico de drogas;2020;49
Ourense;6.1.-Tráfico de drogas;2019;53
Ourense;6.1.-Tráfico de drogas;2018;44
Ourense;6.2.-Contra la seguridad vial;2024;379
Ourense;6.2.-Contra la seguridad vial;2023;483
Ourense;6.2.-Contra la seguridad vial;2022;494
Ourense;6.2.-Contra la seguridad vial;2021;400
Ourense;6.2.-Contra la seguridad vial;2020;488
Ourense;6.2.-Contra la seguridad vial;2019;558
Ourense;6.2.-Contra la seguridad vial;2018;552
Ourense;6.3.-Otros contra la seguridad colectiva;2024;27
Ourense;6.3.-Otros contra la seguridad colectiva;2023;28
Ourense;6.3.-Otros contra la seguridad colectiva;2022;41
Ourense;6.3.-Otros contra la seguridad colectiva;2021;28
Ourense;6.3.-Otros contra la seguridad colectiva;2020;47
Ourense;6.3.-Otros contra la seguridad colectiva;2019;50
Ourense;6.3.-Otros contra la seguridad colectiva;2018;36
Ourense;7. FALSEDADES;2024;196
Ourense;7. FALSEDADES;2023;205
Ourense;7. FALSEDADES;2022;205
Ourense;7. FALSEDADES;2021;171
Ourense;7. FALSEDADES;2020;125
Ourense;7. FALSEDADES;2019;98
Ourense;7. FALSEDADES;2018;107
Ourense;8. ADMÓN. PÚBLICA;2024;3
Ourense;8. ADMÓN. PÚBLICA;2023;3
Ourense;8. ADMÓN. PÚBLICA;2022;3
Ourense;8. ADMÓN. PÚBLICA;2021;2
Ourense;8. ADMÓN. PÚBLICA;2020;1
Ourense;8. ADMÓN. PÚBLICA;2019;2
Ourense;8. ADMÓN. PÚBLICA;2018;4
Ourense;9. ADMÓN. JUSTICIA;2024;260
Ourense;9. ADMÓN. JUSTICIA;2023;207
Ourense;9. ADMÓN. JUSTICIA;2022;200
Ourense;9. ADMÓN. JUSTICIA;2021;228
Ourense;9. ADMÓN. JUSTICIA;2020;223
Ourense;9. ADMÓN. JUSTICIA;2019;220
Ourense;9. ADMÓN. JUSTICIA;2018;200
Ourense;10. ORDEN PÚBLICO;2024;97
Ourense;10. ORDEN PÚBLICO;2023;120
Ourense;10. ORDEN PÚBLICO;2022;116
Ourense;10. ORDEN PÚBLICO;2021;94
Ourense;10. ORDEN PÚBLICO;2020;132
Ourense;10. ORDEN PÚBLICO;2019;80
Ourense;10. ORDEN PÚBLICO;2018;102
Ourense;11. LEGISLACIÓN ESPECIAL;2024;0
Ourense;11. LEGISLACIÓN ESPECIAL;2023;0
Ourense;11. LEGISLACIÓN ESPECIAL;2022;0
Ourense;11. LEGISLACIÓN ESPECIAL;2021;0
Ourense;11. LEGISLACIÓN ESPECIAL;2020;2
Ourense;11. LEGISLACIÓN ESPECIAL;2019;1
Ourense;11. LEGISLACIÓN ESPECIAL;2018;0
Ourense;12. OTRAS INFRACCIONES PENALES;2024;63
Ourense;12. OTRAS INFRACCIONES PENALES;2023;67
Ourense;12. OTRAS INFRACCIONES PENALES;2022;67
Ourense;12. OTRAS INFRACCIONES PENALES;2021;85
Ourense;12. OTRAS INFRACCIONES PENALES;2020;56
Ourense;12. OTRAS INFRACCIONES PENALES;2019;50
Ourense;12. OTRAS INFRACCIONES PENALES;2018;56
Ourense;TOTAL INFRACCIONES PENALES;2024;9.426
Ourense;TOTAL INFRACCIONES PENALES;2023;9.624
Ourense;TOTAL INFRACCIONES PENALES;2022;9.365
Ourense;TOTAL INFRACCIONES PENALES;2021;8.635
Ourense;TOTAL INFRACCIONES PENALES;2020;7.435
Ourense;TOTAL INFRACCIONES PENALES;2019;8.179
Ourense;TOTAL INFRACCIONES PENALES;2018;7.792
Asturias;1. CONTRA LAS PERSONAS;2024;4.447
Asturias;1. CONTRA LAS PERSONAS;2023;4.185
Asturias;1. CONTRA LAS PERSONAS;2022;3.895
Asturias;1. CONTRA LAS PERSONAS;2021;3.208
Asturias;1. CONTRA LAS PERSONAS;2020;3.038
Asturias;1. CONTRA LAS PERSONAS;2019;3.368
Asturias;1. CONTRA LAS PERSONAS;2018;3.159
Asturias;1.1.-Homicidios dolosos/asesinatos;2024;20
Asturias;1.1.-Homicidios dolosos/asesinatos;2023;21
Asturias;1.1.-Homicidios dolosos/asesinatos;2022;22
Asturias;1.1.-Homicidios dolosos/asesinatos;2021;9
Asturias;1.1.-Homicidios dolosos/asesinatos;2020;14
Asturias;1.1.-Homicidios dolosos/asesinatos;2019;18
Asturias;1.1.-Homicidios dolosos/asesinatos;2018;18
Asturias;1.1.1.-Homicidios dolosos/asesinatos consumados;2024;7
Asturias;1.1.1.-Homicidios dolosos/asesinatos consumados;2023;6
Asturias;1.1.1.-Homicidios dolosos/asesinatos consumados;2022;6
Asturias;1.1.1.-Homicidios dolosos/asesinatos consumados;2021;1
Asturias;1.1.1.-Homicidios dolosos/asesinatos consumados;2020;5
Asturias;1.1.1.-Homicidios dolosos/asesinatos consumados;2019;7
Asturias;1.1.1.-Homicidios dolosos/asesinatos consumados;2018;7
Asturias;1.2.-Lesiones;2024;2.376
Asturias;1.2.-Lesiones;2023;2.235
Asturias;1.2.-Lesiones;2022;2.213
Asturias;1.2.-Lesiones;2021;1.743
Asturias;1.2.-Lesiones;2020;1.589
Asturias;1.2.-Lesiones;2019;1.947
Asturias;1.2.-Lesiones;2018;1.844
Asturias;1.3.-Malos tratos ámbito familiar;2024;1.972
Asturias;1.3.-Malos tratos ámbito familiar;2023;1.861
Asturias;1.3.-Malos tratos ámbito familiar;2022;1.593
Asturias;1.3.-Malos tratos ámbito familiar;2021;1.393
Asturias;1.3.-Malos tratos ámbito familiar;2020;1.381
Asturias;1.3.-Malos tratos ámbito familiar;2019;1.344
Asturias;1.3.-Malos tratos ámbito familiar;2018;1.246
Asturias;1.4.-Otros contra las personas;2024;79
Asturias;1.4.-Otros contra las personas;2023;68
Asturias;1.4.-Otros contra las personas;2022;67
Asturias;1.4.-Otros contra las personas;2021;63
Asturias;1.4.-Otros contra las personas;2020;54
Asturias;1.4.-Otros contra las personas;2019;59
Asturias;1.4.-Otros contra las personas;2018;51
Asturias;2. CONTRA LA LIBERTAD;2024;2.461
Asturias;2. CONTRA LA LIBERTAD;2023;2.421
Asturias;2. CONTRA LA LIBERTAD;2022;2.228
Asturias;2. CONTRA LA LIBERTAD;2021;1.946
Asturias;2. CONTRA LA LIBERTAD;2020;1.892
Asturias;2. CONTRA LA LIBERTAD;2019;1.872
Asturias;2. CONTRA LA LIBERTAD;2018;1.751
Asturias;2.1.-Malos tratos habituales en el ámbito familiar;2024;87
Asturias;2.1.-Malos tratos habituales en el ámbito familiar;2023;92
Asturias;2.1.-Malos tratos habituales en el ámbito familiar;2022;105
Asturias;2.1.-Malos tratos habituales en el ámbito familiar;2021;91
Asturias;2.1.-Malos tratos habituales en el ámbito familiar;2020;68
Asturias;2.1.-Malos tratos habituales en el ámbito familiar;2019;107
Asturias;2.1.-Malos tratos habituales en el ámbito familiar;2018;112
Asturias;2.2.-Otros contra la libertad;2024;2.374
Asturias;2.2.-Otros contra la libertad;2023;2.329
Asturias;2.2.-Otros contra la libertad;2022;2.123
Asturias;2.2.-Otros contra la libertad;2021;1.855
Asturias;2.2.-Otros contra la libertad;2020;1.824
Asturias;2.2.-Otros contra la libertad;2019;1.765
Asturias;2.2.-Otros contra la libertad;2018;1.639
Asturias;3. LIBERTAD SEXUAL;2024;314
Asturias;3. LIBERTAD SEXUAL;2023;325
Asturias;3. LIBERTAD SEXUAL;2022;277
Asturias;3. LIBERTAD SEXUAL;2021;266
Asturias;3. LIBERTAD SEXUAL;2020;215
Asturias;3. LIBERTAD SEXUAL;2019;193
Asturias;3. LIBERTAD SEXUAL;2018;207
Asturias;3.1.-Agresión sexual;2024;184
Asturias;3.1.-Agresión sexual;2023;199
Asturias;3.1.-Agresión sexual;2022;174
Asturias;3.1.-Agresión sexual;2021;135
Asturias;3.1.-Agresión sexual;2020;116
Asturias;3.1.-Agresión sexual;2019;121
Asturias;3.1.-Agresión sexual;2018;122
Asturias;3.2.-Agresión sexual con penetración;2024;67
Asturias;3.2.-Agresión sexual con penetración;2023;67
Asturias;3.2.-Agresión sexual con penetración;2022;46
Asturias;3.2.-Agresión sexual con penetración;2021;67
Asturias;3.2.-Agresión sexual con penetración;2020;46
Asturias;3.2.-Agresión sexual con penetración;2019;28
Asturias;3.2.-Agresión sexual con penetración;2018;27
Asturias;3.3.-Corrupción de menores o incapacitados;2024;8
Asturias;3.3.-Corrupción de menores o incapacitados;2023;8
Asturias;3.3.-Corrupción de menores o incapacitados;2022;9
Asturias;3.3.-Corrupción de menores o incapacitados;2021;8
Asturias;3.3.-Corrupción de menores o incapacitados;2020;2
Asturias;3.3.-Corrupción de menores o incapacitados;2019;3
Asturias;3.3.-Corrupción de menores o incapacitados;2018;11
Asturias;3.4.-Pornografía de menores;2024;13
Asturias;3.4.-Pornografía de menores;2023;14
Asturias;3.4.-Pornografía de menores;2022;11
Asturias;3.4.-Pornografía de menores;2021;19
Asturias;3.4.-Pornografía de menores;2020;12
Asturias;3.4.-Pornografía de menores;2019;11
Asturias;3.4.-Pornografía de menores;2018;11
Asturias;3.5.-Otros contra la libertad sexual;2024;42
Asturias;3.5.-Otros contra la libertad sexual;2023;37
Asturias;3.5.-Otros contra la libertad sexual;2022;37
Asturias;3.5.-Otros contra la libertad sexual;2021;37
Asturias;3.5.-Otros contra la libertad sexual;2020;39
Asturias;3.5.-Otros contra la libertad sexual;2019;30
Asturias;3.5.-Otros contra la libertad sexual;2018;36
Asturias;4. RELACIONES FAMILIARES;2024;95
Asturias;4. RELACIONES FAMILIARES;2023;95
Asturias;4. RELACIONES FAMILIARES;2022;69
Asturias;4. RELACIONES FAMILIARES;2021;91
Asturias;4. RELACIONES FAMILIARES;2020;78
Asturias;4. RELACIONES FAMILIARES;2019;99
Asturias;4. RELACIONES FAMILIARES;2018;104
Asturias;5. PATRIMONIO;2024;23.834
Asturias;5. PATRIMONIO;2023;23.761
Asturias;5. PATRIMONIO;2022;22.476
Asturias;5. PATRIMONIO;2021;18.028
Asturias;5. PATRIMONIO;2020;16.593
Asturias;5. PATRIMONIO;2019;19.066
Asturias;5. PATRIMONIO;2018;18.807
Asturias;5.1.-Hurtos;2024;7.715
Asturias;5.1.-Hurtos;2023;7.681
Asturias;5.1.-Hurtos;2022;6.810
Asturias;5.1.-Hurtos;2021;4.705
Asturias;5.1.-Hurtos;2020;4.148
Asturias;5.1.-Hurtos;2019;6.780
Asturias;5.1.-Hurtos;2018;7.223
Asturias;5.2.-Robos con fuerza en las cosas;2024;2.245
Asturias;5.2.-Robos con fuerza en las cosas;2023;2.581
Asturias;5.2.-Robos con fuerza en las cosas;2022;2.083
Asturias;5.2.-Robos con fuerza en las cosas;2021;1.976
Asturias;5.2.-Robos con fuerza en las cosas;2020;1.891
Asturias;5.2.-Robos con fuerza en las cosas;2019;2.440
Asturias;5.2.-Robos con fuerza en las cosas;2018;2.359
Asturias;5.2.1.-Robos con fuerza en las cosas en el interior de vehículos;2024;466
Asturias;5.2.1.-Robos con fuerza en las cosas en el interior de vehículos;2023;586
Asturias;5.2.1.-Robos con fuerza en las cosas en el interior de vehículos;2022;458
Asturias;5.2.1.-Robos con fuerza en las cosas en el interior de vehículos;2021;394
Asturias;5.2.1.-Robos con fuerza en las cosas en el interior de vehículos;2020;389
Asturias;5.2.1.-Robos con fuerza en las cosas en el interior de vehículos;2019;421
Asturias;5.2.1.-Robos con fuerza en las cosas en el interior de vehículos;2018;466
Asturias;5.2.2.-Robos con fuerza en viviendas;2024;773
Asturias;5.2.2.-Robos con fuerza en viviendas;2023;990
Asturias;5.2.2.-Robos con fuerza en viviendas;2022;830
Asturias;5.2.2.-Robos con fuerza en viviendas;2021;832
Asturias;5.2.2.-Robos con fuerza en viviendas;2020;650
Asturias;5.2.2.-Robos con fuerza en viviendas;2019;908
Asturias;5.2.2.-Robos con fuerza en viviendas;2018;871
Asturias;5.2.3.-Robos con fuerza en establecimientos;2024;523
Asturias;5.2.3.-Robos con fuerza en establecimientos;2023;561
Asturias;5.2.3.-Robos con fuerza en establecimientos;2022;353
Asturias;5.2.3.-Robos con fuerza en establecimientos;2021;365
Asturias;5.2.3.-Robos con fuerza en establecimientos;2020;459
Asturias;5.2.3.-Robos con fuerza en establecimientos;2019;618
Asturias;5.2.3.-Robos con fuerza en establecimientos;2018;594
Asturias;5.3.-Robos con violencia o intimidación;2024;344
Asturias;5.3.-Robos con violencia o intimidación;2023;424
Asturias;5.3.-Robos con violencia o intimidación;2022;392
Asturias;5.3.-Robos con violencia o intimidación;2021;295
Asturias;5.3.-Robos con violencia o intimidación;2020;317
Asturias;5.3.-Robos con violencia o intimidación;2019;362
Asturias;5.3.-Robos con violencia o intimidación;2018;355
Asturias;5.3.1.-Robos con violencia en vía pública;2024;188
Asturias;5.3.1.-Robos con violencia en vía pública;2023;216
Asturias;5.3.1.-Robos con violencia en vía pública;2022;212
Asturias;5.3.1.-Robos con violencia en vía pública;2021;155
Asturias;5.3.1.-Robos con violencia en vía pública;2020;164
Asturias;5.3.1.-Robos con violencia en vía pública;2019;196
Asturias;5.3.1.-Robos con violencia en vía pública;2018;207
Asturias;5.3.2.-Robos con violencia en viviendas;2024;36
Asturias;5.3.2.-Robos con violencia en viviendas;2023;44
Asturias;5.3.2.-Robos con violencia en viviendas;2022;35
Asturias;5.3.2.-Robos con violencia en viviendas;2021;25
Asturias;5.3.2.-Robos con violencia en viviendas;2020;41
Asturias;5.3.2.-Robos con violencia en viviendas;2019;41
Asturias;5.3.2.-Robos con violencia en viviendas;2018;35
Asturias;5.3.3.-Robos con violencia en establecimientos;2024;86
Asturias;5.3.3.-Robos con violencia en establecimientos;2023;109
Asturias;5.3.3.-Robos con violencia en establecimientos;2022;95
Asturias;5.3.3.-Robos con violencia en establecimientos;2021;67
Asturias;5.3.3.-Robos con violencia en establecimientos;2020;78
Asturias;5.3.3.-Robos con violencia en establecimientos;2019;97
Asturias;5.3.3.-Robos con violencia en establecimientos;2018;76
Asturias;5.4.-Sustracción de vehículos;2024;201
Asturias;5.4.-Sustracción de vehículos;2023;259
Asturias;5.4.-Sustracción de vehículos;2022;239
Asturias;5.4.-Sustracción de vehículos;2021;259
Asturias;5.4.-Sustracción de vehículos;2020;289
Asturias;5.4.-Sustracción de vehículos;2019;224
Asturias;5.4.-Sustracción de vehículos;2018;211
Asturias;5.5.-Estafas;2024;9.040
Asturias;5.5.-Estafas;2023;8.907
Asturias;5.5.-Estafas;2022;8.809
Asturias;5.5.-Estafas;2021;7.061
Asturias;5.5.-Estafas;2020;6.533
Asturias;5.5.-Estafas;2019;5.577
Asturias;5.5.-Estafas;2018;4.817
Asturias;5.5.1.-Estafas informáticas;2024;8.117
Asturias;5.5.1.-Estafas informáticas;2023;7.897
Asturias;5.5.1.-Estafas informáticas;2022;7.661
Asturias;5.5.1.-Estafas informáticas;2021;6.187
Asturias;5.5.1.-Estafas informáticas;2020;5.623
Asturias;5.5.1.-Estafas informáticas;2019;3.657
Asturias;5.5.1.-Estafas informáticas;2018;2.371
Asturias;5.6.-Daños;2024;3.127
Asturias;5.6.-Daños;2023;2.931
Asturias;5.6.-Daños;2022;3.151
Asturias;5.6.-Daños;2021;2.931
Asturias;5.6.-Daños;2020;2.625
Asturias;5.6.-Daños;2019;2.824
Asturias;5.6.-Daños;2018;2.994
Asturias;5.7.-Contra la propiedad intelectual/industrial;2024;15
Asturias;5.7.-Contra la propiedad intelectual/industrial;2023;9
Asturias;5.7.-Contra la propiedad intelectual/industrial;2022;13
Asturias;5.7.-Contra la propiedad intelectual/industrial;2021;11
Asturias;5.7.-Contra la propiedad intelectual/industrial;2020;6
Asturias;5.7.-Contra la propiedad intelectual/industrial;2019;18
Asturias;5.7.-Contra la propiedad intelectual/industrial;2018;37
Asturias;5.8.-Blanqueo de capitales;2024;7
Asturias;5.8.-Blanqueo de capitales;2023;2
Asturias;5.8.-Blanqueo de capitales;2022;1
Asturias;5.8.-Blanqueo de capitales;2021;1
Asturias;5.8.-Blanqueo de capitales;2020;1
Asturias;5.8.-Blanqueo de capitales;2019;1
Asturias;5.8.-Blanqueo de capitales;2018;4
Asturias;5.9.-Otros contra el patrimonio;2024;1.140
Asturias;5.9.-Otros contra el patrimonio;2023;967
Asturias;5.9.-Otros contra el patrimonio;2022;978
Asturias;5.9.-Otros contra el patrimonio;2021;789
Asturias;5.9.-Otros contra el patrimonio;2020;783
Asturias;5.9.-Otros contra el patrimonio;2019;840
Asturias;5.9.-Otros contra el patrimonio;2018;807
Asturias;6. SEGURIDAD COLECTIVA;2024;997
Asturias;6. SEGURIDAD COLECTIVA;2023;1.047
Asturias;6. SEGURIDAD COLECTIVA;2022;1.080
Asturias;6. SEGURIDAD COLECTIVA;2021;1.098
Asturias;6. SEGURIDAD COLECTIVA;2020;924
Asturias;6. SEGURIDAD COLECTIVA;2019;1.205
Asturias;6. SEGURIDAD COLECTIVA;2018;1.051
Asturias;6.1.-Tráfico de drogas;2024;175
Asturias;6.1.-Tráfico de drogas;2023;190
Asturias;6.1.-Tráfico de drogas;2022;170
Asturias;6.1.-Tráfico de drogas;2021;166
Asturias;6.1.-Tráfico de drogas;2020;180
Asturias;6.1.-Tráfico de drogas;2019;206
Asturias;6.1.-Tráfico de drogas;2018;140
Asturias;6.2.-Contra la seguridad vial;2024;758
Asturias;6.2.-Contra la seguridad vial;2023;779
Asturias;6.2.-Contra la seguridad vial;2022;859
Asturias;6.2.-Contra la seguridad vial;2021;855
Asturias;6.2.-Contra la seguridad vial;2020;688
Asturias;6.2.-Contra la seguridad vial;2019;948
Asturias;6.2.-Contra la seguridad vial;2018;865
Asturias;6.3.-Otros contra la seguridad colectiva;2024;64
Asturias;6.3.-Otros contra la seguridad colectiva;2023;78
Asturias;6.3.-Otros contra la seguridad colectiva;2022;51
Asturias;6.3.-Otros contra la seguridad colectiva;2021;77
Asturias;6.3.-Otros contra la seguridad colectiva;2020;56
Asturias;6.3.-Otros contra la seguridad colectiva;2019;51
Asturias;6.3.-Otros contra la seguridad colectiva;2018;46
Asturias;7. FALSEDADES;2024;544
Asturias;7. FALSEDADES;2023;439
Asturias;7. FALSEDADES;2022;592
Asturias;7. FALSEDADES;2021;411
Asturias;7. FALSEDADES;2020;305
Asturias;7. FALSEDADES;2019;220
Asturias;7. FALSEDADES;2018;185
Asturias;8. ADMÓN. PÚBLICA;2024;5
Asturias;8. ADMÓN. PÚBLICA;2023;4
Asturias;8. ADMÓN. PÚBLICA;2022;2
Asturias;8. ADMÓN. PÚBLICA;2021;8
Asturias;8. ADMÓN. PÚBLICA;2020;2
Asturias;8. ADMÓN. PÚBLICA;2019;6
Asturias;8. ADMÓN. PÚBLICA;2018;3
Asturias;9. ADMÓN. JUSTICIA;2024;839
Asturias;9. ADMÓN. JUSTICIA;2023;838
Asturias;9. ADMÓN. JUSTICIA;2022;729
Asturias;9. ADMÓN. JUSTICIA;2021;568
Asturias;9. ADMÓN. JUSTICIA;2020;560
Asturias;9. ADMÓN. JUSTICIA;2019;567
Asturias;9. ADMÓN. JUSTICIA;2018;557
Asturias;10. ORDEN PÚBLICO;2024;563
Asturias;10. ORDEN PÚBLICO;2023;511
Asturias;10. ORDEN PÚBLICO;2022;506
Asturias;10. ORDEN PÚBLICO;2021;489
Asturias;10. ORDEN PÚBLICO;2020;540
Asturias;10. ORDEN PÚBLICO;2019;360
Asturias;10. ORDEN PÚBLICO;2018;376
Asturias;11. LEGISLACIÓN ESPECIAL;2024;1
Asturias;11. LEGISLACIÓN ESPECIAL;2023;5
Asturias;11. LEGISLACIÓN ESPECIAL;2022;1
Asturias;11. LEGISLACIÓN ESPECIAL;2021;1
Asturias;11. LEGISLACIÓN ESPECIAL;2020;1
Asturias;11. LEGISLACIÓN ESPECIAL;2019;2
Asturias;11. LEGISLACIÓN ESPECIAL;2018;0
Asturias;12. OTRAS INFRACCIONES PENALES;2024;212
Asturias;12. OTRAS INFRACCIONES PENALES;2023;257
Asturias;12. OTRAS INFRACCIONES PENALES;2022;238
Asturias;12. OTRAS INFRACCIONES PENALES;2021;226
Asturias;12. OTRAS INFRACCIONES PENALES;2020;176
Asturias;12. OTRAS INFRACCIONES PENALES;2019;205
Asturias;12. OTRAS INFRACCIONES PENALES;2018;233
Asturias;TOTAL INFRACCIONES PENALES;2024;34.312
Asturias;TOTAL INFRACCIONES PENALES;2023;33.888
Asturias;TOTAL INFRACCIONES PENALES;2022;32.093
Asturias;TOTAL INFRACCIONES PENALES;2021;26.340
Asturias;TOTAL INFRACCIONES PENALES;2020;24.324
Asturias;TOTAL INFRACCIONES PENALES;2019;27.163
Asturias;TOTAL INFRACCIONES PENALES;2018;26.433
Palencia;1. CONTRA LAS PERSONAS;2024;654
Palencia;1. CONTRA LAS PERSONAS;2023;671
Palencia;1. CONTRA LAS PERSONAS;2022;574
Palencia;1. CONTRA LAS PERSONAS;2021;490
Palencia;1. CONTRA LAS PERSONAS;2020;397
Palencia;1. CONTRA LAS PERSONAS;2019;490
Palencia;1. CONTRA LAS PERSONAS;2018;476
Palencia;1.1.-Homicidios dolosos/asesinatos;2024;14
Palencia;1.1.-Homicidios dolosos/asesinatos;2023;4
Palencia;1.1.-Homicidios dolosos/asesinatos;2022;3
Palencia;1.1.-Homicidios dolosos/asesinatos;2021;4
Palencia;1.1.-Homicidios dolosos/asesinatos;2020;2
Palencia;1.1.-Homicidios dolosos/asesinatos;2019;5
Palencia;1.1.-Homicidios dolosos/asesinatos;2018;2
Palencia;1.1.1.-Homicidios dolosos/asesinatos consumados;2024;2
Palencia;1.1.1.-Homicidios dolosos/asesinatos consumados;2023;0
Palencia;1.1.1.-Homicidios dolosos/asesinatos consumados;2022;1
Palencia;1.1.1.-Homicidios dolosos/asesinatos consumados;2021;2
Palencia;1.1.1.-Homicidios dolosos/asesinatos consumados;2020;1
Palencia;1.1.1.-Homicidios dolosos/asesinatos consumados;2019;0
Palencia;1.1.1.-Homicidios dolosos/asesinatos consumados;2018;0
Palencia;1.2.-Lesiones;2024;376
Palencia;1.2.-Lesiones;2023;402
Palencia;1.2.-Lesiones;2022;361
Palencia;1.2.-Lesiones;2021;288
Palencia;1.2.-Lesiones;2020;245
Palencia;1.2.-Lesiones;2019;311
Palencia;1.2.-Lesiones;2018;313
Palencia;1.3.-Malos tratos ámbito familiar;2024;241
Palencia;1.3.-Malos tratos ámbito familiar;2023;258
Palencia;1.3.-Malos tratos ámbito familiar;2022;200
Palencia;1.3.-Malos tratos ámbito familiar;2021;193
Palencia;1.3.-Malos tratos ámbito familiar;2020;145
Palencia;1.3.-Malos tratos ámbito familiar;2019;160
Palencia;1.3.-Malos tratos ámbito familiar;2018;155
Palencia;1.4.-Otros contra las personas;2024;23
Palencia;1.4.-Otros contra las personas;2023;7
Palencia;1.4.-Otros contra las personas;2022;10
Palencia;1.4.-Otros contra las personas;2021;5
Palencia;1.4.-Otros contra las personas;2020;5
Palencia;1.4.-Otros contra las personas;2019;14
Palencia;1.4.-Otros contra las personas;2018;6
Palencia;2. CONTRA LA LIBERTAD;2024;447
Palencia;2. CONTRA LA LIBERTAD;2023;360
Palencia;2. CONTRA LA LIBERTAD;2022;377
Palencia;2. CONTRA LA LIBERTAD;2021;403
Palencia;2. CONTRA LA LIBERTAD;2020;350
Palencia;2. CONTRA LA LIBERTAD;2019;336
Palencia;2. CONTRA LA LIBERTAD;2018;364
Palencia;2.1.-Malos tratos habituales en el ámbito familiar;2024;26
Palencia;2.1.-Malos tratos habituales en el ámbito familiar;2023;27
Palencia;2.1.-Malos tratos habituales en el ámbito familiar;2022;23
Palencia;2.1.-Malos tratos habituales en el ámbito familiar;2021;21
Palencia;2.1.-Malos tratos habituales en el ámbito familiar;2020;17
Palencia;2.1.-Malos tratos habituales en el ámbito familiar;2019;26
Palencia;2.1.-Malos tratos habituales en el ámbito familiar;2018;22
Palencia;2.2.-Otros contra la libertad;2024;421
Palencia;2.2.-Otros contra la libertad;2023;333
Palencia;2.2.-Otros contra la libertad;2022;354
Palencia;2.2.-Otros contra la libertad;2021;382
Palencia;2.2.-Otros contra la libertad;2020;333
Palencia;2.2.-Otros contra la libertad;2019;310
Palencia;2.2.-Otros contra la libertad;2018;342
Palencia;3. LIBERTAD SEXUAL;2024;48
Palencia;3. LIBERTAD SEXUAL;2023;31
Palencia;3. LIBERTAD SEXUAL;2022;41
Palencia;3. LIBERTAD SEXUAL;2021;32
Palencia;3. LIBERTAD SEXUAL;2020;32
Palencia;3. LIBERTAD SEXUAL;2019;29
Palencia;3. LIBERTAD SEXUAL;2018;33
Palencia;3.1.-Agresión sexual;2024;28
Palencia;3.1.-Agresión sexual;2023;21
Palencia;3.1.-Agresión sexual;2022;26
Palencia;3.1.-Agresión sexual;2021;21
Palencia;3.1.-Agresión sexual;2020;13
Palencia;3.1.-Agresión sexual;2019;12
Palencia;3.1.-Agresión sexual;2018;20
Palencia;3.2.-Agresión sexual con penetración;2024;11
Palencia;3.2.-Agresión sexual con penetración;2023;3
Palencia;3.2.-Agresión sexual con penetración;2022;6
Palencia;3.2.-Agresión sexual con penetración;2021;4
Palencia;3.2.-Agresión sexual con penetración;2020;4
Palencia;3.2.-Agresión sexual con penetración;2019;6
Palencia;3.2.-Agresión sexual con penetración;2018;5
Palencia;3.3.-Corrupción de menores o incapacitados;2024;2
Palencia;3.3.-Corrupción de menores o incapacitados;2023;1
Palencia;3.3.-Corrupción de menores o incapacitados;2022;0
Palencia;3.3.-Corrupción de menores o incapacitados;2021;0
Palencia;3.3.-Corrupción de menores o incapacitados;2020;1
Palencia;3.3.-Corrupción de menores o incapacitados;2019;2
Palencia;3.3.-Corrupción de menores o incapacitados;2018;0
Palencia;3.4.-Pornografía de menores;2024;2
Palencia;3.4.-Pornografía de menores;2023;1
Palencia;3.4.-Pornografía de menores;2022;3
Palencia;3.4.-Pornografía de menores;2021;1
Palencia;3.4.-Pornografía de menores;2020;5
Palencia;3.4.-Pornografía de menores;2019;4
Palencia;3.4.-Pornografía de menores;2018;2
Palencia;3.5.-Otros contra la libertad sexual;2024;5
Palencia;3.5.-Otros contra la libertad sexual;2023;5
Palencia;3.5.-Otros contra la libertad sexual;2022;6
Palencia;3.5.-Otros contra la libertad sexual;2021;6
Palencia;3.5.-Otros contra la libertad sexual;2020;9
Palencia;3.5.-Otros contra la libertad sexual;2019;5
Palencia;3.5.-Otros contra la libertad sexual;2018;6
Palencia;4. RELACIONES FAMILIARES;2024;26
Palencia;4. RELACIONES FAMILIARES;2023;14
Palencia;4. RELACIONES FAMILIARES;2022;15
Palencia;4. RELACIONES FAMILIARES;2021;12
Palencia;4. RELACIONES FAMILIARES;2020;6
Palencia;4. RELACIONES FAMILIARES;2019;16
Palencia;4. RELACIONES FAMILIARES;2018;13
Palencia;5. PATRIMONIO;2024;3.359
Palencia;5. PATRIMONIO;2023;3.177
Palencia;5. PATRIMONIO;2022;3.382
Palencia;5. PATRIMONIO;2021;2.919
Palencia;5. PATRIMONIO;2020;2.551
Palencia;5. PATRIMONIO;2019;2.930
Palencia;5. PATRIMONIO;2018;2.957
Palencia;5.1.-Hurtos;2024;734
Palencia;5.1.-Hurtos;2023;780
Palencia;5.1.-Hurtos;2022;761
Palencia;5.1.-Hurtos;2021;667
Palencia;5.1.-Hurtos;2020;532
Palencia;5.1.-Hurtos;2019;875
Palencia;5.1.-Hurtos;2018;851
Palencia;5.2.-Robos con fuerza en las cosas;2024;351
Palencia;5.2.-Robos con fuerza en las cosas;2023;291
Palencia;5.2.-Robos con fuerza en las cosas;2022;363
Palencia;5.2.-Robos con fuerza en las cosas;2021;290
Palencia;5.2.-Robos con fuerza en las cosas;2020;260
Palencia;5.2.-Robos con fuerza en las cosas;2019;392
Palencia;5.2.-Robos con fuerza en las cosas;2018;428
Palencia;5.2.1.-Robos con fuerza en las cosas en el interior de vehículos;2024;39
Palencia;5.2.1.-Robos con fuerza en las cosas en el interior de vehículos;2023;43
Palencia;5.2.1.-Robos con fuerza en las cosas en el interior de vehículos;2022;34
Palencia;5.2.1.-Robos con fuerza en las cosas en el interior de vehículos;2021;34
Palencia;5.2.1.-Robos con fuerza en las cosas en el interior de vehículos;2020;35
Palencia;5.2.1.-Robos con fuerza en las cosas en el interior de vehículos;2019;33
Palencia;5.2.1.-Robos con fuerza en las cosas en el interior de vehículos;2018;45
Palencia;5.2.2.-Robos con fuerza en viviendas;2024;136
Palencia;5.2.2.-Robos con fuerza en viviendas;2023;109
Palencia;5.2.2.-Robos con fuerza en viviendas;2022;139
Palencia;5.2.2.-Robos con fuerza en viviendas;2021;99
Palencia;5.2.2.-Robos con fuerza en viviendas;2020;85
Palencia;5.2.2.-Robos con fuerza en viviendas;2019;108
Palencia;5.2.2.-Robos con fuerza en viviendas;2018;161
Palencia;5.2.3.-Robos con fuerza en establecimientos;2024;47
Palencia;5.2.3.-Robos con fuerza en establecimientos;2023;35
Palencia;5.2.3.-Robos con fuerza en establecimientos;2022;55
Palencia;5.2.3.-Robos con fuerza en establecimientos;2021;78
Palencia;5.2.3.-Robos con fuerza en establecimientos;2020;50
Palencia;5.2.3.-Robos con fuerza en establecimientos;2019;91
Palencia;5.2.3.-Robos con fuerza en establecimientos;2018;82
Palencia;5.3.-Robos con violencia o intimidación;2024;32
Palencia;5.3.-Robos con violencia o intimidación;2023;43
Palencia;5.3.-Robos con violencia o intimidación;2022;44
Palencia;5.3.-Robos con violencia o intimidación;2021;44
Palencia;5.3.-Robos con violencia o intimidación;2020;31
Palencia;5.3.-Robos con violencia o intimidación;2019;37
Palencia;5.3.-Robos con violencia o intimidación;2018;23
Palencia;5.3.1.-Robos con violencia en vía pública;2024;16
Palencia;5.3.1.-Robos con violencia en vía pública;2023;26
Palencia;5.3.1.-Robos con violencia en vía pública;2022;26
Palencia;5.3.1.-Robos con violencia en vía pública;2021;19
Palencia;5.3.1.-Robos con violencia en vía pública;2020;13
Palencia;5.3.1.-Robos con violencia en vía pública;2019;15
Palencia;5.3.1.-Robos con violencia en vía pública;2018;8
Palencia;5.3.2.-Robos con violencia en viviendas;2024;6
Palencia;5.3.2.-Robos con violencia en viviendas;2023;4
Palencia;5.3.2.-Robos con violencia en viviendas;2022;4
Palencia;5.3.2.-Robos con violencia en viviendas;2021;2
Palencia;5.3.2.-Robos con violencia en viviendas;2020;6
Palencia;5.3.2.-Robos con violencia en viviendas;2019;2
Palencia;5.3.2.-Robos con violencia en viviendas;2018;3
Palencia;5.3.3.-Robos con violencia en establecimientos;2024;8
Palencia;5.3.3.-Robos con violencia en establecimientos;2023;9
Palencia;5.3.3.-Robos con violencia en establecimientos;2022;8
Palencia;5.3.3.-Robos con violencia en establecimientos;2021;12
Palencia;5.3.3.-Robos con violencia en establecimientos;2020;9
Palencia;5.3.3.-Robos con violencia en establecimientos;2019;13
Palencia;5.3.3.-Robos con violencia en establecimientos;2018;8
Palencia;5.4.-Sustracción de vehículos;2024;36
Palencia;5.4.-Sustracción de vehículos;2023;23
Palencia;5.4.-Sustracción de vehículos;2022;29
Palencia;5.4.-Sustracción de vehículos;2021;28
Palencia;5.4.-Sustracción de vehículos;2020;33
Palencia;5.4.-Sustracción de vehículos;2019;33
Palencia;5.4.-Sustracción de vehículos;2018;20
Palencia;5.5.-Estafas;2024;1.519
Palencia;5.5.-Estafas;2023;1.410
Palencia;5.5.-Estafas;2022;1.449
Palencia;5.5.-Estafas;2021;1.132
Palencia;5.5.-Estafas;2020;994
Palencia;5.5.-Estafas;2019;776
Palencia;5.5.-Estafas;2018;806
Palencia;5.5.1.-Estafas informáticas;2024;1.432
Palencia;5.5.1.-Estafas informáticas;2023;1.324
Palencia;5.5.1.-Estafas informáticas;2022;1.274
Palencia;5.5.1.-Estafas informáticas;2021;991
Palencia;5.5.1.-Estafas informáticas;2020;803
Palencia;5.5.1.-Estafas informáticas;2019;570
Palencia;5.5.1.-Estafas informáticas;2018;556
Palencia;5.6.-Daños;2024;548
Palencia;5.6.-Daños;2023;498
Palencia;5.6.-Daños;2022;580
Palencia;5.6.-Daños;2021;582
Palencia;5.6.-Daños;2020;563
Palencia;5.6.-Daños;2019;660
Palencia;5.6.-Daños;2018;689
Palencia;5.7.-Contra la propiedad intelectual/industrial;2024;10
Palencia;5.7.-Contra la propiedad intelectual/industrial;2023;11
Palencia;5.7.-Contra la propiedad intelectual/industrial;2022;3
Palencia;5.7.-Contra la propiedad intelectual/industrial;2021;2
Palencia;5.7.-Contra la propiedad intelectual/industrial;2020;2
Palencia;5.7.-Contra la propiedad intelectual/industrial;2019;7
Palencia;5.7.-Contra la propiedad intelectual/industrial;2018;9
Palencia;5.8.-Blanqueo de capitales;2024;3
Palencia;5.8.-Blanqueo de capitales;2023;2
Palencia;5.8.-Blanqueo de capitales;2022;3
Palencia;5.8.-Blanqueo de capitales;2021;0
Palencia;5.8.-Blanqueo de capitales;2020;1
Palencia;5.8.-Blanqueo de capitales;2019;0
Palencia;5.8.-Blanqueo de capitales;2018;0
Palencia;5.9.-Otros contra el patrimonio;2024;126
Palencia;5.9.-Otros contra el patrimonio;2023;119
Palencia;5.9.-Otros contra el patrimonio;2022;150
Palencia;5.9.-Otros contra el patrimonio;2021;174
Palencia;5.9.-Otros contra el patrimonio;2020;135
Palencia;5.9.-Otros contra el patrimonio;2019;150
Palencia;5.9.-Otros contra el patrimonio;2018;131
Palencia;6. SEGURIDAD COLECTIVA;2024;240
Palencia;6. SEGURIDAD COLECTIVA;2023;267
Palencia;6. SEGURIDAD COLECTIVA;2022;259
Palencia;6. SEGURIDAD COLECTIVA;2021;190
Palencia;6. SEGURIDAD COLECTIVA;2020;173
Palencia;6. SEGURIDAD COLECTIVA;2019;217
Palencia;6. SEGURIDAD COLECTIVA;2018;201
Palencia;6.1.-Tráfico de drogas;2024;44
Palencia;6.1.-Tráfico de drogas;2023;55
Palencia;6.1.-Tráfico de drogas;2022;51
Palencia;6.1.-Tráfico de drogas;2021;40
Palencia;6.1.-Tráfico de drogas;2020;48
Palencia;6.1.-Tráfico de drogas;2019;44
Palencia;6.1.-Tráfico de drogas;2018;29
Palencia;6.2.-Contra la seguridad vial;2024;189
Palencia;6.2.-Contra la seguridad vial;2023;200
Palencia;6.2.-Contra la seguridad vial;2022;195
Palencia;6.2.-Contra la seguridad vial;2021;144
Palencia;6.2.-Contra la seguridad vial;2020;123
Palencia;6.2.-Contra la seguridad vial;2019;170
Palencia;6.2.-Contra la seguridad vial;2018;160
Palencia;6.3.-Otros contra la seguridad colectiva;2024;7
Palencia;6.3.-Otros contra la seguridad colectiva;2023;12
Palencia;6.3.-Otros contra la seguridad colectiva;2022;13
Palencia;6.3.-Otros contra la seguridad colectiva;2021;6
Palencia;6.3.-Otros contra la seguridad colectiva;2020;2
Palencia;6.3.-Otros contra la seguridad colectiva;2019;3
Palencia;6.3.-Otros contra la seguridad colectiva;2018;12
Palencia;7. FALSEDADES;2024;138
Palencia;7. FALSEDADES;2023;93
Palencia;7. FALSEDADES;2022;77
Palencia;7. FALSEDADES;2021;91
Palencia;7. FALSEDADES;2020;74
Palencia;7. FALSEDADES;2019;60
Palencia;7. FALSEDADES;2018;53
Palencia;8. ADMÓN. PÚBLICA;2024;4
Palencia;8. ADMÓN. PÚBLICA;2023;5
Palencia;8. ADMÓN. PÚBLICA;2022;1
Palencia;8. ADMÓN. PÚBLICA;2021;1
Palencia;8. ADMÓN. PÚBLICA;2020;1
Palencia;8. ADMÓN. PÚBLICA;2019;1
Palencia;8. ADMÓN. PÚBLICA;2018;4
Palencia;9. ADMÓN. JUSTICIA;2024;139
Palencia;9. ADMÓN. JUSTICIA;2023;140
Palencia;9. ADMÓN. JUSTICIA;2022;113
Palencia;9. ADMÓN. JUSTICIA;2021;68
Palencia;9. ADMÓN. JUSTICIA;2020;67
Palencia;9. ADMÓN. JUSTICIA;2019;73
Palencia;9. ADMÓN. JUSTICIA;2018;70
Palencia;10. ORDEN PÚBLICO;2024;83
Palencia;10. ORDEN PÚBLICO;2023;88
Palencia;10. ORDEN PÚBLICO;2022;99
Palencia;10. ORDEN PÚBLICO;2021;63
Palencia;10. ORDEN PÚBLICO;2020;59
Palencia;10. ORDEN PÚBLICO;2019;61
Palencia;10. ORDEN PÚBLICO;2018;56
Palencia;11. LEGISLACIÓN ESPECIAL;2024;0
Palencia;11. LEGISLACIÓN ESPECIAL;2023;8
Palencia;11. LEGISLACIÓN ESPECIAL;2022;0
Palencia;11. LEGISLACIÓN ESPECIAL;2021;0
Palencia;11. LEGISLACIÓN ESPECIAL;2020;0
Palencia;11. LEGISLACIÓN ESPECIAL;2019;3
Palencia;11. LEGISLACIÓN ESPECIAL;2018;0
Palencia;12. OTRAS INFRACCIONES PENALES;2024;48
Palencia;12. OTRAS INFRACCIONES PENALES;2023;61
Palencia;12. OTRAS INFRACCIONES PENALES;2022;43
Palencia;12. OTRAS INFRACCIONES PENALES;2021;37
Palencia;12. OTRAS INFRACCIONES PENALES;2020;45
Palencia;12. OTRAS INFRACCIONES PENALES;2019;32
Palencia;12. OTRAS INFRACCIONES PENALES;2018;35
Palencia;TOTAL INFRACCIONES PENALES;2024;5.186
Palencia;TOTAL INFRACCIONES PENALES;2023;4.915
Palencia;TOTAL INFRACCIONES PENALES;2022;4.981
Palencia;TOTAL INFRACCIONES PENALES;2021;4.306
Palencia;TOTAL INFRACCIONES PENALES;2020;3.755
Palencia;TOTAL INFRACCIONES PENALES;2019;4.248
Palencia;TOTAL INFRACCIONES PENALES;2018;4.262
Palmas (Las);1. CONTRA LAS PERSONAS;2024;8.379
Palmas (Las);1. CONTRA LAS PERSONAS;2023;8.449
Palmas (Las);1. CONTRA LAS PERSONAS;2022;7.697
Palmas (Las);1. CONTRA LAS PERSONAS;2021;7.055
Palmas (Las);1. CONTRA LAS PERSONAS;2020;6.737
Palmas (Las);1. CONTRA LAS PERSONAS;2019;7.159
Palmas (Las);1. CONTRA LAS PERSONAS;2018;6.740
Palmas (Las);1.1.-Homicidios dolosos/asesinatos;2024;31
Palmas (Las);1.1.-Homicidios dolosos/asesinatos;2023;38
Palmas (Las);1.1.-Homicidios dolosos/asesinatos;2022;38
Palmas (Las);1.1.-Homicidios dolosos/asesinatos;2021;34
Palmas (Las);1.1.-Homicidios dolosos/asesinatos;2020;28
Palmas (Las);1.1.-Homicidios dolosos/asesinatos;2019;34
Palmas (Las);1.1.-Homicidios dolosos/asesinatos;2018;29
Palmas (Las);1.1.1.-Homicidios dolosos/asesinatos consumados;2024;6
Palmas (Las);1.1.1.-Homicidios dolosos/asesinatos consumados;2023;6
Palmas (Las);1.1.1.-Homicidios dolosos/asesinatos consumados;2022;7
Palmas (Las);1.1.1.-Homicidios dolosos/asesinatos consumados;2021;10
Palmas (Las);1.1.1.-Homicidios dolosos/asesinatos consumados;2020;4
Palmas (Las);1.1.1.-Homicidios dolosos/asesinatos consumados;2019;10
Palmas (Las);1.1.1.-Homicidios dolosos/asesinatos consumados;2018;11
Palmas (Las);1.2.-Lesiones;2024;4.436
Palmas (Las);1.2.-Lesiones;2023;4.517
Palmas (Las);1.2.-Lesiones;2022;4.100
Palmas (Las);1.2.-Lesiones;2021;3.829
Palmas (Las);1.2.-Lesiones;2020;3.534
Palmas (Las);1.2.-Lesiones;2019;4.105
Palmas (Las);1.2.-Lesiones;2018;3.832
Palmas (Las);1.3.-Malos tratos ámbito familiar;2024;3.579
Palmas (Las);1.3.-Malos tratos ámbito familiar;2023;3.549
Palmas (Las);1.3.-Malos tratos ámbito familiar;2022;3.264
Palmas (Las);1.3.-Malos tratos ámbito familiar;2021;2.961
Palmas (Las);1.3.-Malos tratos ámbito familiar;2020;2.950
Palmas (Las);1.3.-Malos tratos ámbito familiar;2019;2.784
Palmas (Las);1.3.-Malos tratos ámbito familiar;2018;2.658
Palmas (Las);1.4.-Otros contra las personas;2024;333
Palmas (Las);1.4.-Otros contra las personas;2023;345
Palmas (Las);1.4.-Otros contra las personas;2022;295
Palmas (Las);1.4.-Otros contra las personas;2021;231
Palmas (Las);1.4.-Otros contra las personas;2020;225
Palmas (Las);1.4.-Otros contra las personas;2019;236
Palmas (Las);1.4.-Otros contra las personas;2018;221
Palmas (Las);2. CONTRA LA LIBERTAD;2024;6.378
Palmas (Las);2. CONTRA LA LIBERTAD;2023;6.573
Palmas (Las);2. CONTRA LA LIBERTAD;2022;5.904
Palmas (Las);2. CONTRA LA LIBERTAD;2021;6.038
Palmas (Las);2. CONTRA LA LIBERTAD;2020;5.893
Palmas (Las);2. CONTRA LA LIBERTAD;2019;5.667
Palmas (Las);2. CONTRA LA LIBERTAD;2018;5.501
Palmas (Las);2.1.-Malos tratos habituales en el ámbito familiar;2024;476
Palmas (Las);2.1.-Malos tratos habituales en el ámbito familiar;2023;439
Palmas (Las);2.1.-Malos tratos habituales en el ámbito familiar;2022;383
Palmas (Las);2.1.-Malos tratos habituales en el ámbito familiar;2021;394
Palmas (Las);2.1.-Malos tratos habituales en el ámbito familiar;2020;366
Palmas (Las);2.1.-Malos tratos habituales en el ámbito familiar;2019;392
Palmas (Las);2.1.-Malos tratos habituales en el ámbito familiar;2018;337
Palmas (Las);2.2.-Otros contra la libertad;2024;5.902
Palmas (Las);2.2.-Otros contra la libertad;2023;6.134
Palmas (Las);2.2.-Otros contra la libertad;2022;5.521
Palmas (Las);2.2.-Otros contra la libertad;2021;5.644
Palmas (Las);2.2.-Otros contra la libertad;2020;5.527
Palmas (Las);2.2.-Otros contra la libertad;2019;5.275
Palmas (Las);2.2.-Otros contra la libertad;2018;5.164
Palmas (Las);3. LIBERTAD SEXUAL;2024;772
Palmas (Las);3. LIBERTAD SEXUAL;2023;678
Palmas (Las);3. LIBERTAD SEXUAL;2022;655
Palmas (Las);3. LIBERTAD SEXUAL;2021;556
Palmas (Las);3. LIBERTAD SEXUAL;2020;560
Palmas (Las);3. LIBERTAD SEXUAL;2019;526
Palmas (Las);3. LIBERTAD SEXUAL;2018;453
Palmas (Las);3.1.-Agresión sexual;2024;506
Palmas (Las);3.1.-Agresión sexual;2023;428
Palmas (Las);3.1.-Agresión sexual;2022;430
Palmas (Las);3.1.-Agresión sexual;2021;344
Palmas (Las);3.1.-Agresión sexual;2020;323
Palmas (Las);3.1.-Agresión sexual;2019;330
Palmas (Las);3.1.-Agresión sexual;2018;284
Palmas (Las);3.2.-Agresión sexual con penetración;2024;146
Palmas (Las);3.2.-Agresión sexual con penetración;2023;123
Palmas (Las);3.2.-Agresión sexual con penetración;2022;126
Palmas (Las);3.2.-Agresión sexual con penetración;2021;108
Palmas (Las);3.2.-Agresión sexual con penetración;2020;101
Palmas (Las);3.2.-Agresión sexual con penetración;2019;66
Palmas (Las);3.2.-Agresión sexual con penetración;2018;87
Palmas (Las);3.3.-Corrupción de menores o incapacitados;2024;15
Palmas (Las);3.3.-Corrupción de menores o incapacitados;2023;17
Palmas (Las);3.3.-Corrupción de menores o incapacitados;2022;10
Palmas (Las);3.3.-Corrupción de menores o incapacitados;2021;9
Palmas (Las);3.3.-Corrupción de menores o incapacitados;2020;37
Palmas (Las);3.3.-Corrupción de menores o incapacitados;2019;20
Palmas (Las);3.3.-Corrupción de menores o incapacitados;2018;5
Palmas (Las);3.4.-Pornografía de menores;2024;27
Palmas (Las);3.4.-Pornografía de menores;2023;37
Palmas (Las);3.4.-Pornografía de menores;2022;22
Palmas (Las);3.4.-Pornografía de menores;2021;45
Palmas (Las);3.4.-Pornografía de menores;2020;41
Palmas (Las);3.4.-Pornografía de menores;2019;45
Palmas (Las);3.4.-Pornografía de menores;2018;26
Palmas (Las);3.5.-Otros contra la libertad sexual;2024;78
Palmas (Las);3.5.-Otros contra la libertad sexual;2023;73
Palmas (Las);3.5.-Otros contra la libertad sexual;2022;67
Palmas (Las);3.5.-Otros contra la libertad sexual;2021;50
Palmas (Las);3.5.-Otros contra la libertad sexual;2020;58
Palmas (Las);3.5.-Otros contra la libertad sexual;2019;65
Palmas (Las);3.5.-Otros contra la libertad sexual;2018;51
Palmas (Las);4. RELACIONES FAMILIARES;2024;375
Palmas (Las);4. RELACIONES FAMILIARES;2023;371
Palmas (Las);4. RELACIONES FAMILIARES;2022;456
Palmas (Las);4. RELACIONES FAMILIARES;2021;436
Palmas (Las);4. RELACIONES FAMILIARES;2020;476
Palmas (Las);4. RELACIONES FAMILIARES;2019;505
Palmas (Las);4. RELACIONES FAMILIARES;2018;577
Palmas (Las);5. PATRIMONIO;2024;34.983
Palmas (Las);5. PATRIMONIO;2023;35.817
Palmas (Las);5. PATRIMONIO;2022;33.483
Palmas (Las);5. PATRIMONIO;2021;28.131
Palmas (Las);5. PATRIMONIO;2020;30.320
Palmas (Las);5. PATRIMONIO;2019;34.492
Palmas (Las);5. PATRIMONIO;2018;31.923
Palmas (Las);5.1.-Hurtos;2024;13.522
Palmas (Las);5.1.-Hurtos;2023;13.243
Palmas (Las);5.1.-Hurtos;2022;11.697
Palmas (Las);5.1.-Hurtos;2021;9.417
Palmas (Las);5.1.-Hurtos;2020;8.912
Palmas (Las);5.1.-Hurtos;2019;12.971
Palmas (Las);5.1.-Hurtos;2018;13.345
Palmas (Las);5.2.-Robos con fuerza en las cosas;2024;3.325
Palmas (Las);5.2.-Robos con fuerza en las cosas;2023;3.827
Palmas (Las);5.2.-Robos con fuerza en las cosas;2022;4.561
Palmas (Las);5.2.-Robos con fuerza en las cosas;2021;3.886
Palmas (Las);5.2.-Robos con fuerza en las cosas;2020;3.519
Palmas (Las);5.2.-Robos con fuerza en las cosas;2019;4.881
Palmas (Las);5.2.-Robos con fuerza en las cosas;2018;4.947
Palmas (Las);5.2.1.-Robos con fuerza en las cosas en el interior de vehículos;2024;1.252
Palmas (Las);5.2.1.-Robos con fuerza en las cosas en el interior de vehículos;2023;1.394
Palmas (Las);5.2.1.-Robos con fuerza en las cosas en el interior de vehículos;2022;1.867
Palmas (Las);5.2.1.-Robos con fuerza en las cosas en el interior de vehículos;2021;1.300
Palmas (Las);5.2.1.-Robos con fuerza en las cosas en el interior de vehículos;2020;1.021
Palmas (Las);5.2.1.-Robos con fuerza en las cosas en el interior de vehículos;2019;1.652
Palmas (Las);5.2.1.-Robos con fuerza en las cosas en el interior de vehículos;2018;1.601
Palmas (Las);5.2.2.-Robos con fuerza en viviendas;2024;812
Palmas (Las);5.2.2.-Robos con fuerza en viviendas;2023;998
Palmas (Las);5.2.2.-Robos con fuerza en viviendas;2022;1.042
Palmas (Las);5.2.2.-Robos con fuerza en viviendas;2021;1.167
Palmas (Las);5.2.2.-Robos con fuerza en viviendas;2020;1.148
Palmas (Las);5.2.2.-Robos con fuerza en viviendas;2019;1.418
Palmas (Las);5.2.2.-Robos con fuerza en viviendas;2018;1.348
Palmas (Las);5.2.3.-Robos con fuerza en establecimientos;2024;504
Palmas (Las);5.2.3.-Robos con fuerza en establecimientos;2023;588
Palmas (Las);5.2.3.-Robos con fuerza en establecimientos;2022;757
Palmas (Las);5.2.3.-Robos con fuerza en establecimientos;2021;597
Palmas (Las);5.2.3.-Robos con fuerza en establecimientos;2020;618
Palmas (Las);5.2.3.-Robos con fuerza en establecimientos;2019;703
Palmas (Las);5.2.3.-Robos con fuerza en establecimientos;2018;845
Palmas (Las);5.3.-Robos con violencia o intimidación;2024;897
Palmas (Las);5.3.-Robos con violencia o intimidación;2023;996
Palmas (Las);5.3.-Robos con violencia o intimidación;2022;881
Palmas (Las);5.3.-Robos con violencia o intimidación;2021;796
Palmas (Las);5.3.-Robos con violencia o intimidación;2020;685
Palmas (Las);5.3.-Robos con violencia o intimidación;2019;825
Palmas (Las);5.3.-Robos con violencia o intimidación;2018;796
Palmas (Las);5.3.1.-Robos con violencia en vía pública;2024;507
Palmas (Las);5.3.1.-Robos con violencia en vía pública;2023;585
Palmas (Las);5.3.1.-Robos con violencia en vía pública;2022;510
Palmas (Las);5.3.1.-Robos con violencia en vía pública;2021;471
Palmas (Las);5.3.1.-Robos con violencia en vía pública;2020;385
Palmas (Las);5.3.1.-Robos con violencia en vía pública;2019;481
Palmas (Las);5.3.1.-Robos con violencia en vía pública;2018;469
Palmas (Las);5.3.2.-Robos con violencia en viviendas;2024;78
Palmas (Las);5.3.2.-Robos con violencia en viviendas;2023;83
Palmas (Las);5.3.2.-Robos con violencia en viviendas;2022;82
Palmas (Las);5.3.2.-Robos con violencia en viviendas;2021;76
Palmas (Las);5.3.2.-Robos con violencia en viviendas;2020;89
Palmas (Las);5.3.2.-Robos con violencia en viviendas;2019;94
Palmas (Las);5.3.2.-Robos con violencia en viviendas;2018;67
Palmas (Las);5.3.3.-Robos con violencia en establecimientos;2024;148
Palmas (Las);5.3.3.-Robos con violencia en establecimientos;2023;177
Palmas (Las);5.3.3.-Robos con violencia en establecimientos;2022;143
Palmas (Las);5.3.3.-Robos con violencia en establecimientos;2021;134
Palmas (Las);5.3.3.-Robos con violencia en establecimientos;2020;123
Palmas (Las);5.3.3.-Robos con violencia en establecimientos;2019;115
Palmas (Las);5.3.3.-Robos con violencia en establecimientos;2018;139
Palmas (Las);5.4.-Sustracción de vehículos;2024;709
Palmas (Las);5.4.-Sustracción de vehículos;2023;744
Palmas (Las);5.4.-Sustracción de vehículos;2022;713
Palmas (Las);5.4.-Sustracción de vehículos;2021;569
Palmas (Las);5.4.-Sustracción de vehículos;2020;537
Palmas (Las);5.4.-Sustracción de vehículos;2019;656
Palmas (Las);5.4.-Sustracción de vehículos;2018;593
Palmas (Las);5.5.-Estafas;2024;10.580
Palmas (Las);5.5.-Estafas;2023;11.143
Palmas (Las);5.5.-Estafas;2022;9.643
Palmas (Las);5.5.-Estafas;2021;7.840
Palmas (Las);5.5.-Estafas;2020;11.238
Palmas (Las);5.5.-Estafas;2019;8.880
Palmas (Las);5.5.-Estafas;2018;6.374
Palmas (Las);5.5.1.-Estafas informáticas;2024;8.401
Palmas (Las);5.5.1.-Estafas informáticas;2023;9.152
Palmas (Las);5.5.1.-Estafas informáticas;2022;6.853
Palmas (Las);5.5.1.-Estafas informáticas;2021;5.538
Palmas (Las);5.5.1.-Estafas informáticas;2020;7.896
Palmas (Las);5.5.1.-Estafas informáticas;2019;4.182
Palmas (Las);5.5.1.-Estafas informáticas;2018;2.287
Palmas (Las);5.6.-Daños;2024;4.259
Palmas (Las);5.6.-Daños;2023;4.205
Palmas (Las);5.6.-Daños;2022;4.503
Palmas (Las);5.6.-Daños;2021;4.433
Palmas (Las);5.6.-Daños;2020;4.001
Palmas (Las);5.6.-Daños;2019;4.560
Palmas (Las);5.6.-Daños;2018;4.238
Palmas (Las);5.7.-Contra la propiedad intelectual/industrial;2024;35
Palmas (Las);5.7.-Contra la propiedad intelectual/industrial;2023;37
Palmas (Las);5.7.-Contra la propiedad intelectual/industrial;2022;55
Palmas (Las);5.7.-Contra la propiedad intelectual/industrial;2021;15
Palmas (Las);5.7.-Contra la propiedad intelectual/industrial;2020;27
Palmas (Las);5.7.-Contra la propiedad intelectual/industrial;2019;82
Palmas (Las);5.7.-Contra la propiedad intelectual/industrial;2018;64
Palmas (Las);5.8.-Blanqueo de capitales;2024;13
Palmas (Las);5.8.-Blanqueo de capitales;2023;9
Palmas (Las);5.8.-Blanqueo de capitales;2022;7
Palmas (Las);5.8.-Blanqueo de capitales;2021;10
Palmas (Las);5.8.-Blanqueo de capitales;2020;5
Palmas (Las);5.8.-Blanqueo de capitales;2019;9
Palmas (Las);5.8.-Blanqueo de capitales;2018;10
Palmas (Las);5.9.-Otros contra el patrimonio;2024;1.643
Palmas (Las);5.9.-Otros contra el patrimonio;2023;1.613
Palmas (Las);5.9.-Otros contra el patrimonio;2022;1.423
Palmas (Las);5.9.-Otros contra el patrimonio;2021;1.165
Palmas (Las);5.9.-Otros contra el patrimonio;2020;1.396
Palmas (Las);5.9.-Otros contra el patrimonio;2019;1.628
Palmas (Las);5.9.-Otros contra el patrimonio;2018;1.556
Palmas (Las);6. SEGURIDAD COLECTIVA;2024;1.770
Palmas (Las);6. SEGURIDAD COLECTIVA;2023;1.701
Palmas (Las);6. SEGURIDAD COLECTIVA;2022;1.779
Palmas (Las);6. SEGURIDAD COLECTIVA;2021;1.552
Palmas (Las);6. SEGURIDAD COLECTIVA;2020;1.494
Palmas (Las);6. SEGURIDAD COLECTIVA;2019;1.807
Palmas (Las);6. SEGURIDAD COLECTIVA;2018;1.684
Palmas (Las);6.1.-Tráfico de drogas;2024;379
Palmas (Las);6.1.-Tráfico de drogas;2023;404
Palmas (Las);6.1.-Tráfico de drogas;2022;483
Palmas (Las);6.1.-Tráfico de drogas;2021;333
Palmas (Las);6.1.-Tráfico de drogas;2020;317
Palmas (Las);6.1.-Tráfico de drogas;2019;379
Palmas (Las);6.1.-Tráfico de drogas;2018;379
Palmas (Las);6.2.-Contra la seguridad vial;2024;1.284
Palmas (Las);6.2.-Contra la seguridad vial;2023;1.201
Palmas (Las);6.2.-Contra la seguridad vial;2022;1.228
Palmas (Las);6.2.-Contra la seguridad vial;2021;1.178
Palmas (Las);6.2.-Contra la seguridad vial;2020;1.131
Palmas (Las);6.2.-Contra la seguridad vial;2019;1.394
Palmas (Las);6.2.-Contra la seguridad vial;2018;1.243
Palmas (Las);6.3.-Otros contra la seguridad colectiva;2024;107
Palmas (Las);6.3.-Otros contra la seguridad colectiva;2023;96
Palmas (Las);6.3.-Otros contra la seguridad colectiva;2022;68
Palmas (Las);6.3.-Otros contra la seguridad colectiva;2021;41
Palmas (Las);6.3.-Otros contra la seguridad colectiva;2020;46
Palmas (Las);6.3.-Otros contra la seguridad colectiva;2019;34
Palmas (Las);6.3.-Otros contra la seguridad colectiva;2018;62
Palmas (Las);7. FALSEDADES;2024;810
Palmas (Las);7. FALSEDADES;2023;706
Palmas (Las);7. FALSEDADES;2022;703
Palmas (Las);7. FALSEDADES;2021;628
Palmas (Las);7. FALSEDADES;2020;558
Palmas (Las);7. FALSEDADES;2019;739
Palmas (Las);7. FALSEDADES;2018;434
Palmas (Las);8. ADMÓN. PÚBLICA;2024;19
Palmas (Las);8. ADMÓN. PÚBLICA;2023;18
Palmas (Las);8. ADMÓN. PÚBLICA;2022;12
Palmas (Las);8. ADMÓN. PÚBLICA;2021;25
Palmas (Las);8. ADMÓN. PÚBLICA;2020;9
Palmas (Las);8. ADMÓN. PÚBLICA;2019;9
Palmas (Las);8. ADMÓN. PÚBLICA;2018;10
Palmas (Las);9. ADMÓN. JUSTICIA;2024;1.354
Palmas (Las);9. ADMÓN. JUSTICIA;2023;1.290
Palmas (Las);9. ADMÓN. JUSTICIA;2022;1.178
Palmas (Las);9. ADMÓN. JUSTICIA;2021;1.006
Palmas (Las);9. ADMÓN. JUSTICIA;2020;988
Palmas (Las);9. ADMÓN. JUSTICIA;2019;1.023
Palmas (Las);9. ADMÓN. JUSTICIA;2018;841
Palmas (Las);10. ORDEN PÚBLICO;2024;654
Palmas (Las);10. ORDEN PÚBLICO;2023;592
Palmas (Las);10. ORDEN PÚBLICO;2022;478
Palmas (Las);10. ORDEN PÚBLICO;2021;630
Palmas (Las);10. ORDEN PÚBLICO;2020;776
Palmas (Las);10. ORDEN PÚBLICO;2019;511
Palmas (Las);10. ORDEN PÚBLICO;2018;447
Palmas (Las);11. LEGISLACIÓN ESPECIAL;2024;3
Palmas (Las);11. LEGISLACIÓN ESPECIAL;2023;3
Palmas (Las);11. LEGISLACIÓN ESPECIAL;2022;0
Palmas (Las);11. LEGISLACIÓN ESPECIAL;2021;1
Palmas (Las);11. LEGISLACIÓN ESPECIAL;2020;0
Palmas (Las);11. LEGISLACIÓN ESPECIAL;2019;10
Palmas (Las);11. LEGISLACIÓN ESPECIAL;2018;0
Palmas (Las);12. OTRAS INFRACCIONES PENALES;2024;415
Palmas (Las);12. OTRAS INFRACCIONES PENALES;2023;428
Palmas (Las);12. OTRAS INFRACCIONES PENALES;2022;471
Palmas (Las);12. OTRAS INFRACCIONES PENALES;2021;388
Palmas (Las);12. OTRAS INFRACCIONES PENALES;2020;335
Palmas (Las);12. OTRAS INFRACCIONES PENALES;2019;307
Palmas (Las);12. OTRAS INFRACCIONES PENALES;2018;258
Palmas (Las);TOTAL INFRACCIONES PENALES;2024;55.912
Palmas (Las);TOTAL INFRACCIONES PENALES;2023;56.626
Palmas (Las);TOTAL INFRACCIONES PENALES;2022;52.816
Palmas (Las);TOTAL INFRACCIONES PENALES;2021;46.446
Palmas (Las);TOTAL INFRACCIONES PENALES;2020;48.146
Palmas (Las);TOTAL INFRACCIONES PENALES;2019;52.755
Palmas (Las);TOTAL INFRACCIONES PENALES;2018;48.868
Pontevedra;1. CONTRA LAS PERSONAS;2024;3.670
Pontevedra;1. CONTRA LAS PERSONAS;2023;3.697
Pontevedra;1. CONTRA LAS PERSONAS;2022;3.488
Pontevedra;1. CONTRA LAS PERSONAS;2021;3.069
Pontevedra;1. CONTRA LAS PERSONAS;2020;2.936
Pontevedra;1. CONTRA LAS PERSONAS;2019;3.133
Pontevedra;1. CONTRA LAS PERSONAS;2018;3.075
Pontevedra;1.1.-Homicidios dolosos/asesinatos;2024;25
Pontevedra;1.1.-Homicidios dolosos/asesinatos;2023;27
Pontevedra;1.1.-Homicidios dolosos/asesinatos;2022;16
Pontevedra;1.1.-Homicidios dolosos/asesinatos;2021;15
Pontevedra;1.1.-Homicidios dolosos/asesinatos;2020;19
Pontevedra;1.1.-Homicidios dolosos/asesinatos;2019;18
Pontevedra;1.1.-Homicidios dolosos/asesinatos;2018;5
Pontevedra;1.1.1.-Homicidios dolosos/asesinatos consumados;2024;8
Pontevedra;1.1.1.-Homicidios dolosos/asesinatos consumados;2023;5
Pontevedra;1.1.1.-Homicidios dolosos/asesinatos consumados;2022;5
Pontevedra;1.1.1.-Homicidios dolosos/asesinatos consumados;2021;6
Pontevedra;1.1.1.-Homicidios dolosos/asesinatos consumados;2020;5
Pontevedra;1.1.1.-Homicidios dolosos/asesinatos consumados;2019;7
Pontevedra;1.1.1.-Homicidios dolosos/asesinatos consumados;2018;1
Pontevedra;1.2.-Lesiones;2024;2.149
Pontevedra;1.2.-Lesiones;2023;2.091
Pontevedra;1.2.-Lesiones;2022;2.116
Pontevedra;1.2.-Lesiones;2021;1.839
Pontevedra;1.2.-Lesiones;2020;1.659
Pontevedra;1.2.-Lesiones;2019;1.925
Pontevedra;1.2.-Lesiones;2018;1.916
Pontevedra;1.3.-Malos tratos ámbito familiar;2024;1.286
Pontevedra;1.3.-Malos tratos ámbito familiar;2023;1.425
Pontevedra;1.3.-Malos tratos ámbito familiar;2022;1.257
Pontevedra;1.3.-Malos tratos ámbito familiar;2021;1.136
Pontevedra;1.3.-Malos tratos ámbito familiar;2020;1.192
Pontevedra;1.3.-Malos tratos ámbito familiar;2019;1.107
Pontevedra;1.3.-Malos tratos ámbito familiar;2018;1.071
Pontevedra;1.4.-Otros contra las personas;2024;210
Pontevedra;1.4.-Otros contra las personas;2023;154
Pontevedra;1.4.-Otros contra las personas;2022;99
Pontevedra;1.4.-Otros contra las personas;2021;79
Pontevedra;1.4.-Otros contra las personas;2020;66
Pontevedra;1.4.-Otros contra las personas;2019;83
Pontevedra;1.4.-Otros contra las personas;2018;83
Pontevedra;2. CONTRA LA LIBERTAD;2024;2.990
Pontevedra;2. CONTRA LA LIBERTAD;2023;3.056
Pontevedra;2. CONTRA LA LIBERTAD;2022;2.626
Pontevedra;2. CONTRA LA LIBERTAD;2021;2.576
Pontevedra;2. CONTRA LA LIBERTAD;2020;2.299
Pontevedra;2. CONTRA LA LIBERTAD;2019;2.197
Pontevedra;2. CONTRA LA LIBERTAD;2018;2.204
Pontevedra;2.1.-Malos tratos habituales en el ámbito familiar;2024;162
Pontevedra;2.1.-Malos tratos habituales en el ámbito familiar;2023;168
Pontevedra;2.1.-Malos tratos habituales en el ámbito familiar;2022;145
Pontevedra;2.1.-Malos tratos habituales en el ámbito familiar;2021;127
Pontevedra;2.1.-Malos tratos habituales en el ámbito familiar;2020;126
Pontevedra;2.1.-Malos tratos habituales en el ámbito familiar;2019;171
Pontevedra;2.1.-Malos tratos habituales en el ámbito familiar;2018;145
Pontevedra;2.2.-Otros contra la libertad;2024;2.828
Pontevedra;2.2.-Otros contra la libertad;2023;2.888
Pontevedra;2.2.-Otros contra la libertad;2022;2.481
Pontevedra;2.2.-Otros contra la libertad;2021;2.449
Pontevedra;2.2.-Otros contra la libertad;2020;2.173
Pontevedra;2.2.-Otros contra la libertad;2019;2.026
Pontevedra;2.2.-Otros contra la libertad;2018;2.059
Pontevedra;3. LIBERTAD SEXUAL;2024;364
Pontevedra;3. LIBERTAD SEXUAL;2023;332
Pontevedra;3. LIBERTAD SEXUAL;2022;251
Pontevedra;3. LIBERTAD SEXUAL;2021;298
Pontevedra;3. LIBERTAD SEXUAL;2020;226
Pontevedra;3. LIBERTAD SEXUAL;2019;251
Pontevedra;3. LIBERTAD SEXUAL;2018;202
Pontevedra;3.1.-Agresión sexual;2024;211
Pontevedra;3.1.-Agresión sexual;2023;195
Pontevedra;3.1.-Agresión sexual;2022;163
Pontevedra;3.1.-Agresión sexual;2021;178
Pontevedra;3.1.-Agresión sexual;2020;129
Pontevedra;3.1.-Agresión sexual;2019;142
Pontevedra;3.1.-Agresión sexual;2018;136
Pontevedra;3.2.-Agresión sexual con penetración;2024;86
Pontevedra;3.2.-Agresión sexual con penetración;2023;76
Pontevedra;3.2.-Agresión sexual con penetración;2022;46
Pontevedra;3.2.-Agresión sexual con penetración;2021;62
Pontevedra;3.2.-Agresión sexual con penetración;2020;47
Pontevedra;3.2.-Agresión sexual con penetración;2019;59
Pontevedra;3.2.-Agresión sexual con penetración;2018;38
Pontevedra;3.3.-Corrupción de menores o incapacitados;2024;4
Pontevedra;3.3.-Corrupción de menores o incapacitados;2023;5
Pontevedra;3.3.-Corrupción de menores o incapacitados;2022;7
Pontevedra;3.3.-Corrupción de menores o incapacitados;2021;2
Pontevedra;3.3.-Corrupción de menores o incapacitados;2020;2
Pontevedra;3.3.-Corrupción de menores o incapacitados;2019;6
Pontevedra;3.3.-Corrupción de menores o incapacitados;2018;1
Pontevedra;3.4.-Pornografía de menores;2024;14
Pontevedra;3.4.-Pornografía de menores;2023;17
Pontevedra;3.4.-Pornografía de menores;2022;7
Pontevedra;3.4.-Pornografía de menores;2021;11
Pontevedra;3.4.-Pornografía de menores;2020;13
Pontevedra;3.4.-Pornografía de menores;2019;15
Pontevedra;3.4.-Pornografía de menores;2018;8
Pontevedra;3.5.-Otros contra la libertad sexual;2024;49
Pontevedra;3.5.-Otros contra la libertad sexual;2023;39
Pontevedra;3.5.-Otros contra la libertad sexual;2022;28
Pontevedra;3.5.-Otros contra la libertad sexual;2021;45
Pontevedra;3.5.-Otros contra la libertad sexual;2020;35
Pontevedra;3.5.-Otros contra la libertad sexual;2019;29
Pontevedra;3.5.-Otros contra la libertad sexual;2018;19
Pontevedra;4. RELACIONES FAMILIARES;2024;87
Pontevedra;4. RELACIONES FAMILIARES;2023;96
Pontevedra;4. RELACIONES FAMILIARES;2022;72
Pontevedra;4. RELACIONES FAMILIARES;2021;61
Pontevedra;4. RELACIONES FAMILIARES;2020;67
Pontevedra;4. RELACIONES FAMILIARES;2019;81
Pontevedra;4. RELACIONES FAMILIARES;2018;71
Pontevedra;5. PATRIMONIO;2024;23.162
Pontevedra;5. PATRIMONIO;2023;23.062
Pontevedra;5. PATRIMONIO;2022;24.577
Pontevedra;5. PATRIMONIO;2021;22.126
Pontevedra;5. PATRIMONIO;2020;18.664
Pontevedra;5. PATRIMONIO;2019;20.066
Pontevedra;5. PATRIMONIO;2018;19.279
Pontevedra;5.1.-Hurtos;2024;6.712
Pontevedra;5.1.-Hurtos;2023;6.855
Pontevedra;5.1.-Hurtos;2022;6.694
Pontevedra;5.1.-Hurtos;2021;4.749
Pontevedra;5.1.-Hurtos;2020;4.188
Pontevedra;5.1.-Hurtos;2019;6.524
Pontevedra;5.1.-Hurtos;2018;7.182
Pontevedra;5.2.-Robos con fuerza en las cosas;2024;2.729
Pontevedra;5.2.-Robos con fuerza en las cosas;2023;2.994
Pontevedra;5.2.-Robos con fuerza en las cosas;2022;2.909
Pontevedra;5.2.-Robos con fuerza en las cosas;2021;2.159
Pontevedra;5.2.-Robos con fuerza en las cosas;2020;2.630
Pontevedra;5.2.-Robos con fuerza en las cosas;2019;3.867
Pontevedra;5.2.-Robos con fuerza en las cosas;2018;3.465
Pontevedra;5.2.1.-Robos con fuerza en las cosas en el interior de vehículos;2024;971
Pontevedra;5.2.1.-Robos con fuerza en las cosas en el interior de vehículos;2023;954
Pontevedra;5.2.1.-Robos con fuerza en las cosas en el interior de vehículos;2022;1.008
Pontevedra;5.2.1.-Robos con fuerza en las cosas en el interior de vehículos;2021;713
Pontevedra;5.2.1.-Robos con fuerza en las cosas en el interior de vehículos;2020;817
Pontevedra;5.2.1.-Robos con fuerza en las cosas en el interior de vehículos;2019;1.087
Pontevedra;5.2.1.-Robos con fuerza en las cosas en el interior de vehículos;2018;863
Pontevedra;5.2.2.-Robos con fuerza en viviendas;2024;734
Pontevedra;5.2.2.-Robos con fuerza en viviendas;2023;845
Pontevedra;5.2.2.-Robos con fuerza en viviendas;2022;978
Pontevedra;5.2.2.-Robos con fuerza en viviendas;2021;786
Pontevedra;5.2.2.-Robos con fuerza en viviendas;2020;877
Pontevedra;5.2.2.-Robos con fuerza en viviendas;2019;1.122
Pontevedra;5.2.2.-Robos con fuerza en viviendas;2018;1.225
Pontevedra;5.2.3.-Robos con fuerza en establecimientos;2024;543
Pontevedra;5.2.3.-Robos con fuerza en establecimientos;2023;656
Pontevedra;5.2.3.-Robos con fuerza en establecimientos;2022;456
Pontevedra;5.2.3.-Robos con fuerza en establecimientos;2021;303
Pontevedra;5.2.3.-Robos con fuerza en establecimientos;2020;520
Pontevedra;5.2.3.-Robos con fuerza en establecimientos;2019;1.026
Pontevedra;5.2.3.-Robos con fuerza en establecimientos;2018;763
Pontevedra;5.3.-Robos con violencia o intimidación;2024;340
Pontevedra;5.3.-Robos con violencia o intimidación;2023;329
Pontevedra;5.3.-Robos con violencia o intimidación;2022;305
Pontevedra;5.3.-Robos con violencia o intimidación;2021;213
Pontevedra;5.3.-Robos con violencia o intimidación;2020;258
Pontevedra;5.3.-Robos con violencia o intimidación;2019;332
Pontevedra;5.3.-Robos con violencia o intimidación;2018;375
Pontevedra;5.3.1.-Robos con violencia en vía pública;2024;163
Pontevedra;5.3.1.-Robos con violencia en vía pública;2023;150
Pontevedra;5.3.1.-Robos con violencia en vía pública;2022;158
Pontevedra;5.3.1.-Robos con violencia en vía pública;2021;115
Pontevedra;5.3.1.-Robos con violencia en vía pública;2020;109
Pontevedra;5.3.1.-Robos con violencia en vía pública;2019;155
Pontevedra;5.3.1.-Robos con violencia en vía pública;2018;201
Pontevedra;5.3.2.-Robos con violencia en viviendas;2024;46
Pontevedra;5.3.2.-Robos con violencia en viviendas;2023;33
Pontevedra;5.3.2.-Robos con violencia en viviendas;2022;27
Pontevedra;5.3.2.-Robos con violencia en viviendas;2021;15
Pontevedra;5.3.2.-Robos con violencia en viviendas;2020;28
Pontevedra;5.3.2.-Robos con violencia en viviendas;2019;41
Pontevedra;5.3.2.-Robos con violencia en viviendas;2018;49
Pontevedra;5.3.3.-Robos con violencia en establecimientos;2024;96
Pontevedra;5.3.3.-Robos con violencia en establecimientos;2023;109
Pontevedra;5.3.3.-Robos con violencia en establecimientos;2022;92
Pontevedra;5.3.3.-Robos con violencia en establecimientos;2021;66
Pontevedra;5.3.3.-Robos con violencia en establecimientos;2020;88
Pontevedra;5.3.3.-Robos con violencia en establecimientos;2019;85
Pontevedra;5.3.3.-Robos con violencia en establecimientos;2018;85
Pontevedra;5.4.-Sustracción de vehículos;2024;270
Pontevedra;5.4.-Sustracción de vehículos;2023;314
Pontevedra;5.4.-Sustracción de vehículos;2022;287
Pontevedra;5.4.-Sustracción de vehículos;2021;214
Pontevedra;5.4.-Sustracción de vehículos;2020;228
Pontevedra;5.4.-Sustracción de vehículos;2019;331
Pontevedra;5.4.-Sustracción de vehículos;2018;318
Pontevedra;5.5.-Estafas;2024;8.390
Pontevedra;5.5.-Estafas;2023;8.053
Pontevedra;5.5.-Estafas;2022;9.902
Pontevedra;5.5.-Estafas;2021;10.750
Pontevedra;5.5.-Estafas;2020;7.611
Pontevedra;5.5.-Estafas;2019;4.944
Pontevedra;5.5.-Estafas;2018;3.809
Pontevedra;5.5.1.-Estafas informáticas;2024;7.701
Pontevedra;5.5.1.-Estafas informáticas;2023;7.379
Pontevedra;5.5.1.-Estafas informáticas;2022;7.034
Pontevedra;5.5.1.-Estafas informáticas;2021;7.775
Pontevedra;5.5.1.-Estafas informáticas;2020;4.588
Pontevedra;5.5.1.-Estafas informáticas;2019;3.204
Pontevedra;5.5.1.-Estafas informáticas;2018;1.618
Pontevedra;5.6.-Daños;2024;3.733
Pontevedra;5.6.-Daños;2023;3.761
Pontevedra;5.6.-Daños;2022;3.848
Pontevedra;5.6.-Daños;2021;3.451
Pontevedra;5.6.-Daños;2020;3.136
Pontevedra;5.6.-Daños;2019;3.423
Pontevedra;5.6.-Daños;2018;3.482
Pontevedra;5.7.-Contra la propiedad intelectual/industrial;2024;20
Pontevedra;5.7.-Contra la propiedad intelectual/industrial;2023;19
Pontevedra;5.7.-Contra la propiedad intelectual/industrial;2022;20
Pontevedra;5.7.-Contra la propiedad intelectual/industrial;2021;13
Pontevedra;5.7.-Contra la propiedad intelectual/industrial;2020;14
Pontevedra;5.7.-Contra la propiedad intelectual/industrial;2019;66
Pontevedra;5.7.-Contra la propiedad intelectual/industrial;2018;42
Pontevedra;5.8.-Blanqueo de capitales;2024;9
Pontevedra;5.8.-Blanqueo de capitales;2023;4
Pontevedra;5.8.-Blanqueo de capitales;2022;5
Pontevedra;5.8.-Blanqueo de capitales;2021;0
Pontevedra;5.8.-Blanqueo de capitales;2020;6
Pontevedra;5.8.-Blanqueo de capitales;2019;2
Pontevedra;5.8.-Blanqueo de capitales;2018;3
Pontevedra;5.9.-Otros contra el patrimonio;2024;959
Pontevedra;5.9.-Otros contra el patrimonio;2023;733
Pontevedra;5.9.-Otros contra el patrimonio;2022;607
Pontevedra;5.9.-Otros contra el patrimonio;2021;577
Pontevedra;5.9.-Otros contra el patrimonio;2020;593
Pontevedra;5.9.-Otros contra el patrimonio;2019;577
Pontevedra;5.9.-Otros contra el patrimonio;2018;603
Pontevedra;6. SEGURIDAD COLECTIVA;2024;1.523
Pontevedra;6. SEGURIDAD COLECTIVA;2023;1.775
Pontevedra;6. SEGURIDAD COLECTIVA;2022;1.889
Pontevedra;6. SEGURIDAD COLECTIVA;2021;1.536
Pontevedra;6. SEGURIDAD COLECTIVA;2020;1.514
Pontevedra;6. SEGURIDAD COLECTIVA;2019;1.920
Pontevedra;6. SEGURIDAD COLECTIVA;2018;1.875
Pontevedra;6.1.-Tráfico de drogas;2024;239
Pontevedra;6.1.-Tráfico de drogas;2023;235
Pontevedra;6.1.-Tráfico de drogas;2022;251
Pontevedra;6.1.-Tráfico de drogas;2021;234
Pontevedra;6.1.-Tráfico de drogas;2020;290
Pontevedra;6.1.-Tráfico de drogas;2019;248
Pontevedra;6.1.-Tráfico de drogas;2018;182
Pontevedra;6.2.-Contra la seguridad vial;2024;1.246
Pontevedra;6.2.-Contra la seguridad vial;2023;1.491
Pontevedra;6.2.-Contra la seguridad vial;2022;1.588
Pontevedra;6.2.-Contra la seguridad vial;2021;1.253
Pontevedra;6.2.-Contra la seguridad vial;2020;1.198
Pontevedra;6.2.-Contra la seguridad vial;2019;1.645
Pontevedra;6.2.-Contra la seguridad vial;2018;1.664
Pontevedra;6.3.-Otros contra la seguridad colectiva;2024;38
Pontevedra;6.3.-Otros contra la seguridad colectiva;2023;49
Pontevedra;6.3.-Otros contra la seguridad colectiva;2022;50
Pontevedra;6.3.-Otros contra la seguridad colectiva;2021;49
Pontevedra;6.3.-Otros contra la seguridad colectiva;2020;26
Pontevedra;6.3.-Otros contra la seguridad colectiva;2019;27
Pontevedra;6.3.-Otros contra la seguridad colectiva;2018;29
Pontevedra;7. FALSEDADES;2024;733
Pontevedra;7. FALSEDADES;2023;612
Pontevedra;7. FALSEDADES;2022;489
Pontevedra;7. FALSEDADES;2021;459
Pontevedra;7. FALSEDADES;2020;342
Pontevedra;7. FALSEDADES;2019;326
Pontevedra;7. FALSEDADES;2018;235
Pontevedra;8. ADMÓN. PÚBLICA;2024;20
Pontevedra;8. ADMÓN. PÚBLICA;2023;12
Pontevedra;8. ADMÓN. PÚBLICA;2022;13
Pontevedra;8. ADMÓN. PÚBLICA;2021;4
Pontevedra;8. ADMÓN. PÚBLICA;2020;9
Pontevedra;8. ADMÓN. PÚBLICA;2019;11
Pontevedra;8. ADMÓN. PÚBLICA;2018;6
Pontevedra;9. ADMÓN. JUSTICIA;2024;622
Pontevedra;9. ADMÓN. JUSTICIA;2023;643
Pontevedra;9. ADMÓN. JUSTICIA;2022;556
Pontevedra;9. ADMÓN. JUSTICIA;2021;481
Pontevedra;9. ADMÓN. JUSTICIA;2020;454
Pontevedra;9. ADMÓN. JUSTICIA;2019;460
Pontevedra;9. ADMÓN. JUSTICIA;2018;426
Pontevedra;10. ORDEN PÚBLICO;2024;350
Pontevedra;10. ORDEN PÚBLICO;2023;360
Pontevedra;10. ORDEN PÚBLICO;2022;367
Pontevedra;10. ORDEN PÚBLICO;2021;320
Pontevedra;10. ORDEN PÚBLICO;2020;359
Pontevedra;10. ORDEN PÚBLICO;2019;234
Pontevedra;10. ORDEN PÚBLICO;2018;273
Pontevedra;11. LEGISLACIÓN ESPECIAL;2024;3
Pontevedra;11. LEGISLACIÓN ESPECIAL;2023;4
Pontevedra;11. LEGISLACIÓN ESPECIAL;2022;6
Pontevedra;11. LEGISLACIÓN ESPECIAL;2021;1
Pontevedra;11. LEGISLACIÓN ESPECIAL;2020;4
Pontevedra;11. LEGISLACIÓN ESPECIAL;2019;1
Pontevedra;11. LEGISLACIÓN ESPECIAL;2018;0
Pontevedra;12. OTRAS INFRACCIONES PENALES;2024;270
Pontevedra;12. OTRAS INFRACCIONES PENALES;2023;261
Pontevedra;12. OTRAS INFRACCIONES PENALES;2022;255
Pontevedra;12. OTRAS INFRACCIONES PENALES;2021;201
Pontevedra;12. OTRAS INFRACCIONES PENALES;2020;166
Pontevedra;12. OTRAS INFRACCIONES PENALES;2019;203
Pontevedra;12. OTRAS INFRACCIONES PENALES;2018;200
Pontevedra;TOTAL INFRACCIONES PENALES;2024;33.794
Pontevedra;TOTAL INFRACCIONES PENALES;2023;33.910
Pontevedra;TOTAL INFRACCIONES PENALES;2022;34.589
Pontevedra;TOTAL INFRACCIONES PENALES;2021;31.132
Pontevedra;TOTAL INFRACCIONES PENALES;2020;27.040
Pontevedra;TOTAL INFRACCIONES PENALES;2019;28.883
Pontevedra;TOTAL INFRACCIONES PENALES;2018;27.846
Salamanca;1. CONTRA LAS PERSONAS;2024;1.069
Salamanca;1. CONTRA LAS PERSONAS;2023;1.073
Salamanca;1. CONTRA LAS PERSONAS;2022;1.042
Salamanca;1. CONTRA LAS PERSONAS;2021;789
Salamanca;1. CONTRA LAS PERSONAS;2020;771
Salamanca;1. CONTRA LAS PERSONAS;2019;893
Salamanca;1. CONTRA LAS PERSONAS;2018;949
Salamanca;1.1.-Homicidios dolosos/asesinatos;2024;1
Salamanca;1.1.-Homicidios dolosos/asesinatos;2023;5
Salamanca;1.1.-Homicidios dolosos/asesinatos;2022;7
Salamanca;1.1.-Homicidios dolosos/asesinatos;2021;5
Salamanca;1.1.-Homicidios dolosos/asesinatos;2020;4
Salamanca;1.1.-Homicidios dolosos/asesinatos;2019;2
Salamanca;1.1.-Homicidios dolosos/asesinatos;2018;1
Salamanca;1.1.1.-Homicidios dolosos/asesinatos consumados;2024;0
Salamanca;1.1.1.-Homicidios dolosos/asesinatos consumados;2023;2
Salamanca;1.1.1.-Homicidios dolosos/asesinatos consumados;2022;0
Salamanca;1.1.1.-Homicidios dolosos/asesinatos consumados;2021;1
Salamanca;1.1.1.-Homicidios dolosos/asesinatos consumados;2020;2
Salamanca;1.1.1.-Homicidios dolosos/asesinatos consumados;2019;0
Salamanca;1.1.1.-Homicidios dolosos/asesinatos consumados;2018;0
Salamanca;1.2.-Lesiones;2024;692
Salamanca;1.2.-Lesiones;2023;680
Salamanca;1.2.-Lesiones;2022;694
Salamanca;1.2.-Lesiones;2021;519
Salamanca;1.2.-Lesiones;2020;494
Salamanca;1.2.-Lesiones;2019;626
Salamanca;1.2.-Lesiones;2018;687
Salamanca;1.3.-Malos tratos ámbito familiar;2024;342
Salamanca;1.3.-Malos tratos ámbito familiar;2023;336
Salamanca;1.3.-Malos tratos ámbito familiar;2022;296
Salamanca;1.3.-Malos tratos ámbito familiar;2021;226
Salamanca;1.3.-Malos tratos ámbito familiar;2020;231
Salamanca;1.3.-Malos tratos ámbito familiar;2019;213
Salamanca;1.3.-Malos tratos ámbito familiar;2018;225
Salamanca;1.4.-Otros contra las personas;2024;34
Salamanca;1.4.-Otros contra las personas;2023;52
Salamanca;1.4.-Otros contra las personas;2022;45
Salamanca;1.4.-Otros contra las personas;2021;39
Salamanca;1.4.-Otros contra las personas;2020;42
Salamanca;1.4.-Otros contra las personas;2019;52
Salamanca;1.4.-Otros contra las personas;2018;36
Salamanca;2. CONTRA LA LIBERTAD;2024;873
Salamanca;2. CONTRA LA LIBERTAD;2023;915
Salamanca;2. CONTRA LA LIBERTAD;2022;845
Salamanca;2. CONTRA LA LIBERTAD;2021;705
Salamanca;2. CONTRA LA LIBERTAD;2020;742
Salamanca;2. CONTRA LA LIBERTAD;2019;660
Salamanca;2. CONTRA LA LIBERTAD;2018;673
Salamanca;2.1.-Malos tratos habituales en el ámbito familiar;2024;29
Salamanca;2.1.-Malos tratos habituales en el ámbito familiar;2023;37
Salamanca;2.1.-Malos tratos habituales en el ámbito familiar;2022;21
Salamanca;2.1.-Malos tratos habituales en el ámbito familiar;2021;21
Salamanca;2.1.-Malos tratos habituales en el ámbito familiar;2020;12
Salamanca;2.1.-Malos tratos habituales en el ámbito familiar;2019;18
Salamanca;2.1.-Malos tratos habituales en el ámbito familiar;2018;14
Salamanca;2.2.-Otros contra la libertad;2024;844
Salamanca;2.2.-Otros contra la libertad;2023;878
Salamanca;2.2.-Otros contra la libertad;2022;824
Salamanca;2.2.-Otros contra la libertad;2021;684
Salamanca;2.2.-Otros contra la libertad;2020;730
Salamanca;2.2.-Otros contra la libertad;2019;642
Salamanca;2.2.-Otros contra la libertad;2018;659
Salamanca;3. LIBERTAD SEXUAL;2024;105
Salamanca;3. LIBERTAD SEXUAL;2023;118
Salamanca;3. LIBERTAD SEXUAL;2022;62
Salamanca;3. LIBERTAD SEXUAL;2021;78
Salamanca;3. LIBERTAD SEXUAL;2020;53
Salamanca;3. LIBERTAD SEXUAL;2019;65
Salamanca;3. LIBERTAD SEXUAL;2018;69
Salamanca;3.1.-Agresión sexual;2024;59
Salamanca;3.1.-Agresión sexual;2023;67
Salamanca;3.1.-Agresión sexual;2022;30
Salamanca;3.1.-Agresión sexual;2021;45
Salamanca;3.1.-Agresión sexual;2020;29
Salamanca;3.1.-Agresión sexual;2019;36
Salamanca;3.1.-Agresión sexual;2018;43
Salamanca;3.2.-Agresión sexual con penetración;2024;29
Salamanca;3.2.-Agresión sexual con penetración;2023;27
Salamanca;3.2.-Agresión sexual con penetración;2022;18
Salamanca;3.2.-Agresión sexual con penetración;2021;20
Salamanca;3.2.-Agresión sexual con penetración;2020;9
Salamanca;3.2.-Agresión sexual con penetración;2019;11
Salamanca;3.2.-Agresión sexual con penetración;2018;11
Salamanca;3.3.-Corrupción de menores o incapacitados;2024;4
Salamanca;3.3.-Corrupción de menores o incapacitados;2023;1
Salamanca;3.3.-Corrupción de menores o incapacitados;2022;3
Salamanca;3.3.-Corrupción de menores o incapacitados;2021;5
Salamanca;3.3.-Corrupción de menores o incapacitados;2020;1
Salamanca;3.3.-Corrupción de menores o incapacitados;2019;1
Salamanca;3.3.-Corrupción de menores o incapacitados;2018;1
Salamanca;3.4.-Pornografía de menores;2024;3
Salamanca;3.4.-Pornografía de menores;2023;8
Salamanca;3.4.-Pornografía de menores;2022;3
Salamanca;3.4.-Pornografía de menores;2021;1
Salamanca;3.4.-Pornografía de menores;2020;2
Salamanca;3.4.-Pornografía de menores;2019;5
Salamanca;3.4.-Pornografía de menores;2018;6
Salamanca;3.5.-Otros contra la libertad sexual;2024;10
Salamanca;3.5.-Otros contra la libertad sexual;2023;15
Salamanca;3.5.-Otros contra la libertad sexual;2022;8
Salamanca;3.5.-Otros contra la libertad sexual;2021;7
Salamanca;3.5.-Otros contra la libertad sexual;2020;12
Salamanca;3.5.-Otros contra la libertad sexual;2019;12
Salamanca;3.5.-Otros contra la libertad sexual;2018;8
Salamanca;4. RELACIONES FAMILIARES;2024;21
Salamanca;4. RELACIONES FAMILIARES;2023;30
Salamanca;4. RELACIONES FAMILIARES;2022;35
Salamanca;4. RELACIONES FAMILIARES;2021;28
Salamanca;4. RELACIONES FAMILIARES;2020;18
Salamanca;4. RELACIONES FAMILIARES;2019;29
Salamanca;4. RELACIONES FAMILIARES;2018;33
Salamanca;5. PATRIMONIO;2024;9.055
Salamanca;5. PATRIMONIO;2023;9.537
Salamanca;5. PATRIMONIO;2022;9.338
Salamanca;5. PATRIMONIO;2021;7.126
Salamanca;5. PATRIMONIO;2020;6.082
Salamanca;5. PATRIMONIO;2019;7.326
Salamanca;5. PATRIMONIO;2018;7.602
Salamanca;5.1.-Hurtos;2024;2.773
Salamanca;5.1.-Hurtos;2023;3.038
Salamanca;5.1.-Hurtos;2022;2.840
Salamanca;5.1.-Hurtos;2021;2.303
Salamanca;5.1.-Hurtos;2020;1.826
Salamanca;5.1.-Hurtos;2019;3.263
Salamanca;5.1.-Hurtos;2018;3.418
Salamanca;5.2.-Robos con fuerza en las cosas;2024;1.072
Salamanca;5.2.-Robos con fuerza en las cosas;2023;1.143
Salamanca;5.2.-Robos con fuerza en las cosas;2022;1.138
Salamanca;5.2.-Robos con fuerza en las cosas;2021;879
Salamanca;5.2.-Robos con fuerza en las cosas;2020;776
Salamanca;5.2.-Robos con fuerza en las cosas;2019;923
Salamanca;5.2.-Robos con fuerza en las cosas;2018;940
Salamanca;5.2.1.-Robos con fuerza en las cosas en el interior de vehículos;2024;370
Salamanca;5.2.1.-Robos con fuerza en las cosas en el interior de vehículos;2023;505
Salamanca;5.2.1.-Robos con fuerza en las cosas en el interior de vehículos;2022;281
Salamanca;5.2.1.-Robos con fuerza en las cosas en el interior de vehículos;2021;283
Salamanca;5.2.1.-Robos con fuerza en las cosas en el interior de vehículos;2020;307
Salamanca;5.2.1.-Robos con fuerza en las cosas en el interior de vehículos;2019;261
Salamanca;5.2.1.-Robos con fuerza en las cosas en el interior de vehículos;2018;217
Salamanca;5.2.2.-Robos con fuerza en viviendas;2024;354
Salamanca;5.2.2.-Robos con fuerza en viviendas;2023;295
Salamanca;5.2.2.-Robos con fuerza en viviendas;2022;430
Salamanca;5.2.2.-Robos con fuerza en viviendas;2021;265
Salamanca;5.2.2.-Robos con fuerza en viviendas;2020;221
Salamanca;5.2.2.-Robos con fuerza en viviendas;2019;361
Salamanca;5.2.2.-Robos con fuerza en viviendas;2018;359
Salamanca;5.2.3.-Robos con fuerza en establecimientos;2024;102
Salamanca;5.2.3.-Robos con fuerza en establecimientos;2023;133
Salamanca;5.2.3.-Robos con fuerza en establecimientos;2022;180
Salamanca;5.2.3.-Robos con fuerza en establecimientos;2021;130
Salamanca;5.2.3.-Robos con fuerza en establecimientos;2020;98
Salamanca;5.2.3.-Robos con fuerza en establecimientos;2019;112
Salamanca;5.2.3.-Robos con fuerza en establecimientos;2018;162
Salamanca;5.3.-Robos con violencia o intimidación;2024;130
Salamanca;5.3.-Robos con violencia o intimidación;2023;124
Salamanca;5.3.-Robos con violencia o intimidación;2022;95
Salamanca;5.3.-Robos con violencia o intimidación;2021;83
Salamanca;5.3.-Robos con violencia o intimidación;2020;87
Salamanca;5.3.-Robos con violencia o intimidación;2019;97
Salamanca;5.3.-Robos con violencia o intimidación;2018;145
Salamanca;5.3.1.-Robos con violencia en vía pública;2024;65
Salamanca;5.3.1.-Robos con violencia en vía pública;2023;71
Salamanca;5.3.1.-Robos con violencia en vía pública;2022;43
Salamanca;5.3.1.-Robos con violencia en vía pública;2021;41
Salamanca;5.3.1.-Robos con violencia en vía pública;2020;53
Salamanca;5.3.1.-Robos con violencia en vía pública;2019;58
Salamanca;5.3.1.-Robos con violencia en vía pública;2018;72
Salamanca;5.3.2.-Robos con violencia en viviendas;2024;19
Salamanca;5.3.2.-Robos con violencia en viviendas;2023;11
Salamanca;5.3.2.-Robos con violencia en viviendas;2022;14
Salamanca;5.3.2.-Robos con violencia en viviendas;2021;6
Salamanca;5.3.2.-Robos con violencia en viviendas;2020;10
Salamanca;5.3.2.-Robos con violencia en viviendas;2019;9
Salamanca;5.3.2.-Robos con violencia en viviendas;2018;27
Salamanca;5.3.3.-Robos con violencia en establecimientos;2024;35
Salamanca;5.3.3.-Robos con violencia en establecimientos;2023;34
Salamanca;5.3.3.-Robos con violencia en establecimientos;2022;25
Salamanca;5.3.3.-Robos con violencia en establecimientos;2021;30
Salamanca;5.3.3.-Robos con violencia en establecimientos;2020;18
Salamanca;5.3.3.-Robos con violencia en establecimientos;2019;21
Salamanca;5.3.3.-Robos con violencia en establecimientos;2018;28
Salamanca;5.4.-Sustracción de vehículos;2024;68
Salamanca;5.4.-Sustracción de vehículos;2023;64
Salamanca;5.4.-Sustracción de vehículos;2022;53
Salamanca;5.4.-Sustracción de vehículos;2021;60
Salamanca;5.4.-Sustracción de vehículos;2020;49
Salamanca;5.4.-Sustracción de vehículos;2019;46
Salamanca;5.4.-Sustracción de vehículos;2018;61
Salamanca;5.5.-Estafas;2024;3.494
Salamanca;5.5.-Estafas;2023;3.583
Salamanca;5.5.-Estafas;2022;3.617
Salamanca;5.5.-Estafas;2021;2.362
Salamanca;5.5.-Estafas;2020;2.106
Salamanca;5.5.-Estafas;2019;1.651
Salamanca;5.5.-Estafas;2018;1.607
Salamanca;5.5.1.-Estafas informáticas;2024;3.167
Salamanca;5.5.1.-Estafas informáticas;2023;3.221
Salamanca;5.5.1.-Estafas informáticas;2022;3.002
Salamanca;5.5.1.-Estafas informáticas;2021;1.947
Salamanca;5.5.1.-Estafas informáticas;2020;1.797
Salamanca;5.5.1.-Estafas informáticas;2019;1.347
Salamanca;5.5.1.-Estafas informáticas;2018;1.263
Salamanca;5.6.-Daños;2024;1.085
Salamanca;5.6.-Daños;2023;1.167
Salamanca;5.6.-Daños;2022;1.181
Salamanca;5.6.-Daños;2021;1.149
Salamanca;5.6.-Daños;2020;1.031
Salamanca;5.6.-Daños;2019;1.187
Salamanca;5.6.-Daños;2018;1.224
Salamanca;5.7.-Contra la propiedad intelectual/industrial;2024;10
Salamanca;5.7.-Contra la propiedad intelectual/industrial;2023;22
Salamanca;5.7.-Contra la propiedad intelectual/industrial;2022;24
Salamanca;5.7.-Contra la propiedad intelectual/industrial;2021;38
Salamanca;5.7.-Contra la propiedad intelectual/industrial;2020;18
Salamanca;5.7.-Contra la propiedad intelectual/industrial;2019;6
Salamanca;5.7.-Contra la propiedad intelectual/industrial;2018;12
Salamanca;5.8.-Blanqueo de capitales;2024;2
Salamanca;5.8.-Blanqueo de capitales;2023;2
Salamanca;5.8.-Blanqueo de capitales;2022;2
Salamanca;5.8.-Blanqueo de capitales;2021;0
Salamanca;5.8.-Blanqueo de capitales;2020;0
Salamanca;5.8.-Blanqueo de capitales;2019;0
Salamanca;5.8.-Blanqueo de capitales;2018;3
Salamanca;5.9.-Otros contra el patrimonio;2024;421
Salamanca;5.9.-Otros contra el patrimonio;2023;394
Salamanca;5.9.-Otros contra el patrimonio;2022;388
Salamanca;5.9.-Otros contra el patrimonio;2021;252
Salamanca;5.9.-Otros contra el patrimonio;2020;189
Salamanca;5.9.-Otros contra el patrimonio;2019;153
Salamanca;5.9.-Otros contra el patrimonio;2018;192
Salamanca;6. SEGURIDAD COLECTIVA;2024;332
Salamanca;6. SEGURIDAD COLECTIVA;2023;342
Salamanca;6. SEGURIDAD COLECTIVA;2022;354
Salamanca;6. SEGURIDAD COLECTIVA;2021;346
Salamanca;6. SEGURIDAD COLECTIVA;2020;298
Salamanca;6. SEGURIDAD COLECTIVA;2019;367
Salamanca;6. SEGURIDAD COLECTIVA;2018;408
Salamanca;6.1.-Tráfico de drogas;2024;39
Salamanca;6.1.-Tráfico de drogas;2023;67
Salamanca;6.1.-Tráfico de drogas;2022;77
Salamanca;6.1.-Tráfico de drogas;2021;61
Salamanca;6.1.-Tráfico de drogas;2020;78
Salamanca;6.1.-Tráfico de drogas;2019;62
Salamanca;6.1.-Tráfico de drogas;2018;60
Salamanca;6.2.-Contra la seguridad vial;2024;283
Salamanca;6.2.-Contra la seguridad vial;2023;264
Salamanca;6.2.-Contra la seguridad vial;2022;270
Salamanca;6.2.-Contra la seguridad vial;2021;279
Salamanca;6.2.-Contra la seguridad vial;2020;217
Salamanca;6.2.-Contra la seguridad vial;2019;294
Salamanca;6.2.-Contra la seguridad vial;2018;339
Salamanca;6.3.-Otros contra la seguridad colectiva;2024;10
Salamanca;6.3.-Otros contra la seguridad colectiva;2023;11
Salamanca;6.3.-Otros contra la seguridad colectiva;2022;7
Salamanca;6.3.-Otros contra la seguridad colectiva;2021;6
Salamanca;6.3.-Otros contra la seguridad colectiva;2020;3
Salamanca;6.3.-Otros contra la seguridad colectiva;2019;11
Salamanca;6.3.-Otros contra la seguridad colectiva;2018;9
Salamanca;7. FALSEDADES;2024;371
Salamanca;7. FALSEDADES;2023;356
Salamanca;7. FALSEDADES;2022;328
Salamanca;7. FALSEDADES;2021;272
Salamanca;7. FALSEDADES;2020;168
Salamanca;7. FALSEDADES;2019;188
Salamanca;7. FALSEDADES;2018;154
Salamanca;8. ADMÓN. PÚBLICA;2024;2
Salamanca;8. ADMÓN. PÚBLICA;2023;1
Salamanca;8. ADMÓN. PÚBLICA;2022;1
Salamanca;8. ADMÓN. PÚBLICA;2021;0
Salamanca;8. ADMÓN. PÚBLICA;2020;2
Salamanca;8. ADMÓN. PÚBLICA;2019;0
Salamanca;8. ADMÓN. PÚBLICA;2018;0
Salamanca;9. ADMÓN. JUSTICIA;2024;141
Salamanca;9. ADMÓN. JUSTICIA;2023;148
Salamanca;9. ADMÓN. JUSTICIA;2022;159
Salamanca;9. ADMÓN. JUSTICIA;2021;137
Salamanca;9. ADMÓN. JUSTICIA;2020;125
Salamanca;9. ADMÓN. JUSTICIA;2019;121
Salamanca;9. ADMÓN. JUSTICIA;2018;116
Salamanca;10. ORDEN PÚBLICO;2024;102
Salamanca;10. ORDEN PÚBLICO;2023;110
Salamanca;10. ORDEN PÚBLICO;2022;120
Salamanca;10. ORDEN PÚBLICO;2021;149
Salamanca;10. ORDEN PÚBLICO;2020;193
Salamanca;10. ORDEN PÚBLICO;2019;106
Salamanca;10. ORDEN PÚBLICO;2018;113
Salamanca;11. LEGISLACIÓN ESPECIAL;2024;0
Salamanca;11. LEGISLACIÓN ESPECIAL;2023;1
Salamanca;11. LEGISLACIÓN ESPECIAL;2022;0
Salamanca;11. LEGISLACIÓN ESPECIAL;2021;1
Salamanca;11. LEGISLACIÓN ESPECIAL;2020;0
Salamanca;11. LEGISLACIÓN ESPECIAL;2019;1
Salamanca;11. LEGISLACIÓN ESPECIAL;2018;0
Salamanca;12. OTRAS INFRACCIONES PENALES;2024;57
Salamanca;12. OTRAS INFRACCIONES PENALES;2023;64
Salamanca;12. OTRAS INFRACCIONES PENALES;2022;53
Salamanca;12. OTRAS INFRACCIONES PENALES;2021;46
Salamanca;12. OTRAS INFRACCIONES PENALES;2020;68
Salamanca;12. OTRAS INFRACCIONES PENALES;2019;32
Salamanca;12. OTRAS INFRACCIONES PENALES;2018;46
Salamanca;TOTAL INFRACCIONES PENALES;2024;12.128
Salamanca;TOTAL INFRACCIONES PENALES;2023;12.695
Salamanca;TOTAL INFRACCIONES PENALES;2022;12.337
Salamanca;TOTAL INFRACCIONES PENALES;2021;9.677
Salamanca;TOTAL INFRACCIONES PENALES;2020;8.520
Salamanca;TOTAL INFRACCIONES PENALES;2019;9.788
Salamanca;TOTAL INFRACCIONES PENALES;2018;10.163
Santa Cruz de Tenerife;1. CONTRA LAS PERSONAS;2024;6.906
Santa Cruz de Tenerife;1. CONTRA LAS PERSONAS;2023;6.761
Santa Cruz de Tenerife;1. CONTRA LAS PERSONAS;2022;5.904
Santa Cruz de Tenerife;1. CONTRA LAS PERSONAS;2021;5.410
Santa Cruz de Tenerife;1. CONTRA LAS PERSONAS;2020;4.906
Santa Cruz de Tenerife;1. CONTRA LAS PERSONAS;2019;5.237
Santa Cruz de Tenerife;1. CONTRA LAS PERSONAS;2018;5.065
Santa Cruz de Tenerife;1.1.-Homicidios dolosos/asesinatos;2024;31
Santa Cruz de Tenerife;1.1.-Homicidios dolosos/asesinatos;2023;39
Santa Cruz de Tenerife;1.1.-Homicidios dolosos/asesinatos;2022;22
Santa Cruz de Tenerife;1.1.-Homicidios dolosos/asesinatos;2021;19
Santa Cruz de Tenerife;1.1.-Homicidios dolosos/asesinatos;2020;26
Santa Cruz de Tenerife;1.1.-Homicidios dolosos/asesinatos;2019;30
Santa Cruz de Tenerife;1.1.-Homicidios dolosos/asesinatos;2018;37
Santa Cruz de Tenerife;1.1.1.-Homicidios dolosos/asesinatos consumados;2024;8
Santa Cruz de Tenerife;1.1.1.-Homicidios dolosos/asesinatos consumados;2023;11
Santa Cruz de Tenerife;1.1.1.-Homicidios dolosos/asesinatos consumados;2022;6
Santa Cruz de Tenerife;1.1.1.-Homicidios dolosos/asesinatos consumados;2021;6
Santa Cruz de Tenerife;1.1.1.-Homicidios dolosos/asesinatos consumados;2020;8
Santa Cruz de Tenerife;1.1.1.-Homicidios dolosos/asesinatos consumados;2019;10
Santa Cruz de Tenerife;1.1.1.-Homicidios dolosos/asesinatos consumados;2018;14
Santa Cruz de Tenerife;1.2.-Lesiones;2024;3.418
Santa Cruz de Tenerife;1.2.-Lesiones;2023;3.330
Santa Cruz de Tenerife;1.2.-Lesiones;2022;2.938
Santa Cruz de Tenerife;1.2.-Lesiones;2021;2.705
Santa Cruz de Tenerife;1.2.-Lesiones;2020;2.404
Santa Cruz de Tenerife;1.2.-Lesiones;2019;2.817
Santa Cruz de Tenerife;1.2.-Lesiones;2018;2.797
Santa Cruz de Tenerife;1.3.-Malos tratos ámbito familiar;2024;3.210
Santa Cruz de Tenerife;1.3.-Malos tratos ámbito familiar;2023;3.216
Santa Cruz de Tenerife;1.3.-Malos tratos ámbito familiar;2022;2.796
Santa Cruz de Tenerife;1.3.-Malos tratos ámbito familiar;2021;2.537
Santa Cruz de Tenerife;1.3.-Malos tratos ámbito familiar;2020;2.383
Santa Cruz de Tenerife;1.3.-Malos tratos ámbito familiar;2019;2.258
Santa Cruz de Tenerife;1.3.-Malos tratos ámbito familiar;2018;2.117
Santa Cruz de Tenerife;1.4.-Otros contra las personas;2024;247
Santa Cruz de Tenerife;1.4.-Otros contra las personas;2023;176
Santa Cruz de Tenerife;1.4.-Otros contra las personas;2022;148
Santa Cruz de Tenerife;1.4.-Otros contra las personas;2021;149
Santa Cruz de Tenerife;1.4.-Otros contra las personas;2020;93
Santa Cruz de Tenerife;1.4.-Otros contra las personas;2019;132
Santa Cruz de Tenerife;1.4.-Otros contra las personas;2018;114
Santa Cruz de Tenerife;2. CONTRA LA LIBERTAD;2024;4.867
Santa Cruz de Tenerife;2. CONTRA LA LIBERTAD;2023;4.608
Santa Cruz de Tenerife;2. CONTRA LA LIBERTAD;2022;4.056
Santa Cruz de Tenerife;2. CONTRA LA LIBERTAD;2021;4.064
Santa Cruz de Tenerife;2. CONTRA LA LIBERTAD;2020;3.962
Santa Cruz de Tenerife;2. CONTRA LA LIBERTAD;2019;3.661
Santa Cruz de Tenerife;2. CONTRA LA LIBERTAD;2018;3.454
Santa Cruz de Tenerife;2.1.-Malos tratos habituales en el ámbito familiar;2024;622
Santa Cruz de Tenerife;2.1.-Malos tratos habituales en el ámbito familiar;2023;639
Santa Cruz de Tenerife;2.1.-Malos tratos habituales en el ámbito familiar;2022;458
Santa Cruz de Tenerife;2.1.-Malos tratos habituales en el ámbito familiar;2021;516
Santa Cruz de Tenerife;2.1.-Malos tratos habituales en el ámbito familiar;2020;486
Santa Cruz de Tenerife;2.1.-Malos tratos habituales en el ámbito familiar;2019;458
Santa Cruz de Tenerife;2.1.-Malos tratos habituales en el ámbito familiar;2018;376
Santa Cruz de Tenerife;2.2.-Otros contra la libertad;2024;4.245
Santa Cruz de Tenerife;2.2.-Otros contra la libertad;2023;3.969
Santa Cruz de Tenerife;2.2.-Otros contra la libertad;2022;3.598
Santa Cruz de Tenerife;2.2.-Otros contra la libertad;2021;3.548
Santa Cruz de Tenerife;2.2.-Otros contra la libertad;2020;3.476
Santa Cruz de Tenerife;2.2.-Otros contra la libertad;2019;3.203
Santa Cruz de Tenerife;2.2.-Otros contra la libertad;2018;3.078
Santa Cruz de Tenerife;3. LIBERTAD SEXUAL;2024;564
Santa Cruz de Tenerife;3. LIBERTAD SEXUAL;2023;511
Santa Cruz de Tenerife;3. LIBERTAD SEXUAL;2022;493
Santa Cruz de Tenerife;3. LIBERTAD SEXUAL;2021;390
Santa Cruz de Tenerife;3. LIBERTAD SEXUAL;2020;315
Santa Cruz de Tenerife;3. LIBERTAD SEXUAL;2019;381
Santa Cruz de Tenerife;3. LIBERTAD SEXUAL;2018;297
Santa Cruz de Tenerife;3.1.-Agresión sexual;2024;388
Santa Cruz de Tenerife;3.1.-Agresión sexual;2023;322
Santa Cruz de Tenerife;3.1.-Agresión sexual;2022;318
Santa Cruz de Tenerife;3.1.-Agresión sexual;2021;268
Santa Cruz de Tenerife;3.1.-Agresión sexual;2020;186
Santa Cruz de Tenerife;3.1.-Agresión sexual;2019;261
Santa Cruz de Tenerife;3.1.-Agresión sexual;2018;178
Santa Cruz de Tenerife;3.2.-Agresión sexual con penetración;2024;95
Santa Cruz de Tenerife;3.2.-Agresión sexual con penetración;2023;98
Santa Cruz de Tenerife;3.2.-Agresión sexual con penetración;2022;108
Santa Cruz de Tenerife;3.2.-Agresión sexual con penetración;2021;69
Santa Cruz de Tenerife;3.2.-Agresión sexual con penetración;2020;68
Santa Cruz de Tenerife;3.2.-Agresión sexual con penetración;2019;51
Santa Cruz de Tenerife;3.2.-Agresión sexual con penetración;2018;62
Santa Cruz de Tenerife;3.3.-Corrupción de menores o incapacitados;2024;9
Santa Cruz de Tenerife;3.3.-Corrupción de menores o incapacitados;2023;14
Santa Cruz de Tenerife;3.3.-Corrupción de menores o incapacitados;2022;9
Santa Cruz de Tenerife;3.3.-Corrupción de menores o incapacitados;2021;2
Santa Cruz de Tenerife;3.3.-Corrupción de menores o incapacitados;2020;5
Santa Cruz de Tenerife;3.3.-Corrupción de menores o incapacitados;2019;14
Santa Cruz de Tenerife;3.3.-Corrupción de menores o incapacitados;2018;3
Santa Cruz de Tenerife;3.4.-Pornografía de menores;2024;19
Santa Cruz de Tenerife;3.4.-Pornografía de menores;2023;16
Santa Cruz de Tenerife;3.4.-Pornografía de menores;2022;11
Santa Cruz de Tenerife;3.4.-Pornografía de menores;2021;9
Santa Cruz de Tenerife;3.4.-Pornografía de menores;2020;13
Santa Cruz de Tenerife;3.4.-Pornografía de menores;2019;23
Santa Cruz de Tenerife;3.4.-Pornografía de menores;2018;26
Santa Cruz de Tenerife;3.5.-Otros contra la libertad sexual;2024;53
Santa Cruz de Tenerife;3.5.-Otros contra la libertad sexual;2023;61
Santa Cruz de Tenerife;3.5.-Otros contra la libertad sexual;2022;47
Santa Cruz de Tenerife;3.5.-Otros contra la libertad sexual;2021;42
Santa Cruz de Tenerife;3.5.-Otros contra la libertad sexual;2020;43
Santa Cruz de Tenerife;3.5.-Otros contra la libertad sexual;2019;32
Santa Cruz de Tenerife;3.5.-Otros contra la libertad sexual;2018;28
Santa Cruz de Tenerife;4. RELACIONES FAMILIARES;2024;143
Santa Cruz de Tenerife;4. RELACIONES FAMILIARES;2023;193
Santa Cruz de Tenerife;4. RELACIONES FAMILIARES;2022;143
Santa Cruz de Tenerife;4. RELACIONES FAMILIARES;2021;195
Santa Cruz de Tenerife;4. RELACIONES FAMILIARES;2020;178
Santa Cruz de Tenerife;4. RELACIONES FAMILIARES;2019;134
Santa Cruz de Tenerife;4. RELACIONES FAMILIARES;2018;177
Santa Cruz de Tenerife;5. PATRIMONIO;2024;33.933
Santa Cruz de Tenerife;5. PATRIMONIO;2023;31.145
Santa Cruz de Tenerife;5. PATRIMONIO;2022;28.119
Santa Cruz de Tenerife;5. PATRIMONIO;2021;21.154
Santa Cruz de Tenerife;5. PATRIMONIO;2020;22.697
Santa Cruz de Tenerife;5. PATRIMONIO;2019;30.224
Santa Cruz de Tenerife;5. PATRIMONIO;2018;29.676
Santa Cruz de Tenerife;5.1.-Hurtos;2024;14.901
Santa Cruz de Tenerife;5.1.-Hurtos;2023;13.002
Santa Cruz de Tenerife;5.1.-Hurtos;2022;11.899
Santa Cruz de Tenerife;5.1.-Hurtos;2021;7.727
Santa Cruz de Tenerife;5.1.-Hurtos;2020;7.771
Santa Cruz de Tenerife;5.1.-Hurtos;2019;13.151
Santa Cruz de Tenerife;5.1.-Hurtos;2018;13.884
Santa Cruz de Tenerife;5.2.-Robos con fuerza en las cosas;2024;4.395
Santa Cruz de Tenerife;5.2.-Robos con fuerza en las cosas;2023;4.026
Santa Cruz de Tenerife;5.2.-Robos con fuerza en las cosas;2022;4.035
Santa Cruz de Tenerife;5.2.-Robos con fuerza en las cosas;2021;3.753
Santa Cruz de Tenerife;5.2.-Robos con fuerza en las cosas;2020;3.982
Santa Cruz de Tenerife;5.2.-Robos con fuerza en las cosas;2019;6.007
Santa Cruz de Tenerife;5.2.-Robos con fuerza en las cosas;2018;6.651
Santa Cruz de Tenerife;5.2.1.-Robos con fuerza en las cosas en el interior de vehículos;2024;2.014
Santa Cruz de Tenerife;5.2.1.-Robos con fuerza en las cosas en el interior de vehículos;2023;1.575
Santa Cruz de Tenerife;5.2.1.-Robos con fuerza en las cosas en el interior de vehículos;2022;1.506
Santa Cruz de Tenerife;5.2.1.-Robos con fuerza en las cosas en el interior de vehículos;2021;1.615
Santa Cruz de Tenerife;5.2.1.-Robos con fuerza en las cosas en el interior de vehículos;2020;1.661
Santa Cruz de Tenerife;5.2.1.-Robos con fuerza en las cosas en el interior de vehículos;2019;2.892
Santa Cruz de Tenerife;5.2.1.-Robos con fuerza en las cosas en el interior de vehículos;2018;2.649
Santa Cruz de Tenerife;5.2.2.-Robos con fuerza en viviendas;2024;1.060
Santa Cruz de Tenerife;5.2.2.-Robos con fuerza en viviendas;2023;1.122
Santa Cruz de Tenerife;5.2.2.-Robos con fuerza en viviendas;2022;1.328
Santa Cruz de Tenerife;5.2.2.-Robos con fuerza en viviendas;2021;1.261
Santa Cruz de Tenerife;5.2.2.-Robos con fuerza en viviendas;2020;1.208
Santa Cruz de Tenerife;5.2.2.-Robos con fuerza en viviendas;2019;1.468
Santa Cruz de Tenerife;5.2.2.-Robos con fuerza en viviendas;2018;1.881
Santa Cruz de Tenerife;5.2.3.-Robos con fuerza en establecimientos;2024;564
Santa Cruz de Tenerife;5.2.3.-Robos con fuerza en establecimientos;2023;661
Santa Cruz de Tenerife;5.2.3.-Robos con fuerza en establecimientos;2022;484
Santa Cruz de Tenerife;5.2.3.-Robos con fuerza en establecimientos;2021;359
Santa Cruz de Tenerife;5.2.3.-Robos con fuerza en establecimientos;2020;482
Santa Cruz de Tenerife;5.2.3.-Robos con fuerza en establecimientos;2019;655
Santa Cruz de Tenerife;5.2.3.-Robos con fuerza en establecimientos;2018;894
Santa Cruz de Tenerife;5.3.-Robos con violencia o intimidación;2024;855
Santa Cruz de Tenerife;5.3.-Robos con violencia o intimidación;2023;862
Santa Cruz de Tenerife;5.3.-Robos con violencia o intimidación;2022;734
Santa Cruz de Tenerife;5.3.-Robos con violencia o intimidación;2021;520
Santa Cruz de Tenerife;5.3.-Robos con violencia o intimidación;2020;495
Santa Cruz de Tenerife;5.3.-Robos con violencia o intimidación;2019;710
Santa Cruz de Tenerife;5.3.-Robos con violencia o intimidación;2018;694
Santa Cruz de Tenerife;5.3.1.-Robos con violencia en vía pública;2024;547
Santa Cruz de Tenerife;5.3.1.-Robos con violencia en vía pública;2023;521
Santa Cruz de Tenerife;5.3.1.-Robos con violencia en vía pública;2022;438
Santa Cruz de Tenerife;5.3.1.-Robos con violencia en vía pública;2021;274
Santa Cruz de Tenerife;5.3.1.-Robos con violencia en vía pública;2020;237
Santa Cruz de Tenerife;5.3.1.-Robos con violencia en vía pública;2019;424
Santa Cruz de Tenerife;5.3.1.-Robos con violencia en vía pública;2018;401
Santa Cruz de Tenerife;5.3.2.-Robos con violencia en viviendas;2024;64
Santa Cruz de Tenerife;5.3.2.-Robos con violencia en viviendas;2023;65
Santa Cruz de Tenerife;5.3.2.-Robos con violencia en viviendas;2022;56
Santa Cruz de Tenerife;5.3.2.-Robos con violencia en viviendas;2021;45
Santa Cruz de Tenerife;5.3.2.-Robos con violencia en viviendas;2020;59
Santa Cruz de Tenerife;5.3.2.-Robos con violencia en viviendas;2019;60
Santa Cruz de Tenerife;5.3.2.-Robos con violencia en viviendas;2018;57
Santa Cruz de Tenerife;5.3.3.-Robos con violencia en establecimientos;2024;157
Santa Cruz de Tenerife;5.3.3.-Robos con violencia en establecimientos;2023;156
Santa Cruz de Tenerife;5.3.3.-Robos con violencia en establecimientos;2022;157
Santa Cruz de Tenerife;5.3.3.-Robos con violencia en establecimientos;2021;121
Santa Cruz de Tenerife;5.3.3.-Robos con violencia en establecimientos;2020;123
Santa Cruz de Tenerife;5.3.3.-Robos con violencia en establecimientos;2019;141
Santa Cruz de Tenerife;5.3.3.-Robos con violencia en establecimientos;2018;149
Santa Cruz de Tenerife;5.4.-Sustracción de vehículos;2024;896
Santa Cruz de Tenerife;5.4.-Sustracción de vehículos;2023;707
Santa Cruz de Tenerife;5.4.-Sustracción de vehículos;2022;531
Santa Cruz de Tenerife;5.4.-Sustracción de vehículos;2021;414
Santa Cruz de Tenerife;5.4.-Sustracción de vehículos;2020;475
Santa Cruz de Tenerife;5.4.-Sustracción de vehículos;2019;639
Santa Cruz de Tenerife;5.4.-Sustracción de vehículos;2018;761
Santa Cruz de Tenerife;5.5.-Estafas;2024;7.916
Santa Cruz de Tenerife;5.5.-Estafas;2023;8.154
Santa Cruz de Tenerife;5.5.-Estafas;2022;6.681
Santa Cruz de Tenerife;5.5.-Estafas;2021;4.862
Santa Cruz de Tenerife;5.5.-Estafas;2020;6.302
Santa Cruz de Tenerife;5.5.-Estafas;2019;5.506
Santa Cruz de Tenerife;5.5.-Estafas;2018;3.609
Santa Cruz de Tenerife;5.5.1.-Estafas informáticas;2024;6.363
Santa Cruz de Tenerife;5.5.1.-Estafas informáticas;2023;6.600
Santa Cruz de Tenerife;5.5.1.-Estafas informáticas;2022;4.846
Santa Cruz de Tenerife;5.5.1.-Estafas informáticas;2021;3.378
Santa Cruz de Tenerife;5.5.1.-Estafas informáticas;2020;4.746
Santa Cruz de Tenerife;5.5.1.-Estafas informáticas;2019;3.104
Santa Cruz de Tenerife;5.5.1.-Estafas informáticas;2018;810
Santa Cruz de Tenerife;5.6.-Daños;2024;3.656
Santa Cruz de Tenerife;5.6.-Daños;2023;3.236
Santa Cruz de Tenerife;5.6.-Daños;2022;3.185
Santa Cruz de Tenerife;5.6.-Daños;2021;2.980
Santa Cruz de Tenerife;5.6.-Daños;2020;2.728
Santa Cruz de Tenerife;5.6.-Daños;2019;2.920
Santa Cruz de Tenerife;5.6.-Daños;2018;2.979
Santa Cruz de Tenerife;5.7.-Contra la propiedad intelectual/industrial;2024;117
Santa Cruz de Tenerife;5.7.-Contra la propiedad intelectual/industrial;2023;70
Santa Cruz de Tenerife;5.7.-Contra la propiedad intelectual/industrial;2022;36
Santa Cruz de Tenerife;5.7.-Contra la propiedad intelectual/industrial;2021;33
Santa Cruz de Tenerife;5.7.-Contra la propiedad intelectual/industrial;2020;9
Santa Cruz de Tenerife;5.7.-Contra la propiedad intelectual/industrial;2019;72
Santa Cruz de Tenerife;5.7.-Contra la propiedad intelectual/industrial;2018;48
Santa Cruz de Tenerife;5.8.-Blanqueo de capitales;2024;8
Santa Cruz de Tenerife;5.8.-Blanqueo de capitales;2023;10
Santa Cruz de Tenerife;5.8.-Blanqueo de capitales;2022;3
Santa Cruz de Tenerife;5.8.-Blanqueo de capitales;2021;5
Santa Cruz de Tenerife;5.8.-Blanqueo de capitales;2020;3
Santa Cruz de Tenerife;5.8.-Blanqueo de capitales;2019;5
Santa Cruz de Tenerife;5.8.-Blanqueo de capitales;2018;4
Santa Cruz de Tenerife;5.9.-Otros contra el patrimonio;2024;1.189
Santa Cruz de Tenerife;5.9.-Otros contra el patrimonio;2023;1.078
Santa Cruz de Tenerife;5.9.-Otros contra el patrimonio;2022;1.015
Santa Cruz de Tenerife;5.9.-Otros contra el patrimonio;2021;860
Santa Cruz de Tenerife;5.9.-Otros contra el patrimonio;2020;932
Santa Cruz de Tenerife;5.9.-Otros contra el patrimonio;2019;1.214
Santa Cruz de Tenerife;5.9.-Otros contra el patrimonio;2018;1.046
Santa Cruz de Tenerife;6. SEGURIDAD COLECTIVA;2024;1.986
Santa Cruz de Tenerife;6. SEGURIDAD COLECTIVA;2023;2.024
Santa Cruz de Tenerife;6. SEGURIDAD COLECTIVA;2022;1.870
Santa Cruz de Tenerife;6. SEGURIDAD COLECTIVA;2021;1.544
Santa Cruz de Tenerife;6. SEGURIDAD COLECTIVA;2020;1.471
Santa Cruz de Tenerife;6. SEGURIDAD COLECTIVA;2019;1.632
Santa Cruz de Tenerife;6. SEGURIDAD COLECTIVA;2018;1.612
Santa Cruz de Tenerife;6.1.-Tráfico de drogas;2024;407
Santa Cruz de Tenerife;6.1.-Tráfico de drogas;2023;360
Santa Cruz de Tenerife;6.1.-Tráfico de drogas;2022;261
Santa Cruz de Tenerife;6.1.-Tráfico de drogas;2021;198
Santa Cruz de Tenerife;6.1.-Tráfico de drogas;2020;256
Santa Cruz de Tenerife;6.1.-Tráfico de drogas;2019;224
Santa Cruz de Tenerife;6.1.-Tráfico de drogas;2018;241
Santa Cruz de Tenerife;6.2.-Contra la seguridad vial;2024;1.452
Santa Cruz de Tenerife;6.2.-Contra la seguridad vial;2023;1.601
Santa Cruz de Tenerife;6.2.-Contra la seguridad vial;2022;1.571
Santa Cruz de Tenerife;6.2.-Contra la seguridad vial;2021;1.316
Santa Cruz de Tenerife;6.2.-Contra la seguridad vial;2020;1.185
Santa Cruz de Tenerife;6.2.-Contra la seguridad vial;2019;1.385
Santa Cruz de Tenerife;6.2.-Contra la seguridad vial;2018;1.347
Santa Cruz de Tenerife;6.3.-Otros contra la seguridad colectiva;2024;127
Santa Cruz de Tenerife;6.3.-Otros contra la seguridad colectiva;2023;63
Santa Cruz de Tenerife;6.3.-Otros contra la seguridad colectiva;2022;38
Santa Cruz de Tenerife;6.3.-Otros contra la seguridad colectiva;2021;30
Santa Cruz de Tenerife;6.3.-Otros contra la seguridad colectiva;2020;30
Santa Cruz de Tenerife;6.3.-Otros contra la seguridad colectiva;2019;23
Santa Cruz de Tenerife;6.3.-Otros contra la seguridad colectiva;2018;24
Santa Cruz de Tenerife;7. FALSEDADES;2024;712
Santa Cruz de Tenerife;7. FALSEDADES;2023;563
Santa Cruz de Tenerife;7. FALSEDADES;2022;587
Santa Cruz de Tenerife;7. FALSEDADES;2021;580
Santa Cruz de Tenerife;7. FALSEDADES;2020;442
Santa Cruz de Tenerife;7. FALSEDADES;2019;375
Santa Cruz de Tenerife;7. FALSEDADES;2018;320
Santa Cruz de Tenerife;8. ADMÓN. PÚBLICA;2024;10
Santa Cruz de Tenerife;8. ADMÓN. PÚBLICA;2023;7
Santa Cruz de Tenerife;8. ADMÓN. PÚBLICA;2022;11
Santa Cruz de Tenerife;8. ADMÓN. PÚBLICA;2021;8
Santa Cruz de Tenerife;8. ADMÓN. PÚBLICA;2020;8
Santa Cruz de Tenerife;8. ADMÓN. PÚBLICA;2019;8
Santa Cruz de Tenerife;8. ADMÓN. PÚBLICA;2018;3
Santa Cruz de Tenerife;9. ADMÓN. JUSTICIA;2024;1.122
Santa Cruz de Tenerife;9. ADMÓN. JUSTICIA;2023;1.005
Santa Cruz de Tenerife;9. ADMÓN. JUSTICIA;2022;797
Santa Cruz de Tenerife;9. ADMÓN. JUSTICIA;2021;815
Santa Cruz de Tenerife;9. ADMÓN. JUSTICIA;2020;732
Santa Cruz de Tenerife;9. ADMÓN. JUSTICIA;2019;698
Santa Cruz de Tenerife;9. ADMÓN. JUSTICIA;2018;644
Santa Cruz de Tenerife;10. ORDEN PÚBLICO;2024;563
Santa Cruz de Tenerife;10. ORDEN PÚBLICO;2023;507
Santa Cruz de Tenerife;10. ORDEN PÚBLICO;2022;457
Santa Cruz de Tenerife;10. ORDEN PÚBLICO;2021;452
Santa Cruz de Tenerife;10. ORDEN PÚBLICO;2020;619
Santa Cruz de Tenerife;10. ORDEN PÚBLICO;2019;411
Santa Cruz de Tenerife;10. ORDEN PÚBLICO;2018;408
Santa Cruz de Tenerife;11. LEGISLACIÓN ESPECIAL;2024;4
Santa Cruz de Tenerife;11. LEGISLACIÓN ESPECIAL;2023;7
Santa Cruz de Tenerife;11. LEGISLACIÓN ESPECIAL;2022;1
Santa Cruz de Tenerife;11. LEGISLACIÓN ESPECIAL;2021;0
Santa Cruz de Tenerife;11. LEGISLACIÓN ESPECIAL;2020;1
Santa Cruz de Tenerife;11. LEGISLACIÓN ESPECIAL;2019;3
Santa Cruz de Tenerife;11. LEGISLACIÓN ESPECIAL;2018;0
Santa Cruz de Tenerife;12. OTRAS INFRACCIONES PENALES;2024;263
Santa Cruz de Tenerife;12. OTRAS INFRACCIONES PENALES;2023;265
Santa Cruz de Tenerife;12. OTRAS INFRACCIONES PENALES;2022;197
Santa Cruz de Tenerife;12. OTRAS INFRACCIONES PENALES;2021;174
Santa Cruz de Tenerife;12. OTRAS INFRACCIONES PENALES;2020;158
Santa Cruz de Tenerife;12. OTRAS INFRACCIONES PENALES;2019;120
Santa Cruz de Tenerife;12. OTRAS INFRACCIONES PENALES;2018;125
Santa Cruz de Tenerife;TOTAL INFRACCIONES PENALES;2024;51.073
Santa Cruz de Tenerife;TOTAL INFRACCIONES PENALES;2023;47.596
Santa Cruz de Tenerife;TOTAL INFRACCIONES PENALES;2022;42.635
Santa Cruz de Tenerife;TOTAL INFRACCIONES PENALES;2021;34.786
Santa Cruz de Tenerife;TOTAL INFRACCIONES PENALES;2020;35.489
Santa Cruz de Tenerife;TOTAL INFRACCIONES PENALES;2019;42.884
Santa Cruz de Tenerife;TOTAL INFRACCIONES PENALES;2018;41.781
Cantabria;1. CONTRA LAS PERSONAS;2024;2.782
Cantabria;1. CONTRA LAS PERSONAS;2023;2.738
Cantabria;1. CONTRA LAS PERSONAS;2022;2.463
Cantabria;1. CONTRA LAS PERSONAS;2021;2.069
Cantabria;1. CONTRA LAS PERSONAS;2020;1.748
Cantabria;1. CONTRA LAS PERSONAS;2019;2.053
Cantabria;1. CONTRA LAS PERSONAS;2018;2.110
Cantabria;1.1.-Homicidios dolosos/asesinatos;2024;21
Cantabria;1.1.-Homicidios dolosos/asesinatos;2023;10
Cantabria;1.1.-Homicidios dolosos/asesinatos;2022;12
Cantabria;1.1.-Homicidios dolosos/asesinatos;2021;15
Cantabria;1.1.-Homicidios dolosos/asesinatos;2020;4
Cantabria;1.1.-Homicidios dolosos/asesinatos;2019;15
Cantabria;1.1.-Homicidios dolosos/asesinatos;2018;5
Cantabria;1.1.1.-Homicidios dolosos/asesinatos consumados;2024;3
Cantabria;1.1.1.-Homicidios dolosos/asesinatos consumados;2023;0
Cantabria;1.1.1.-Homicidios dolosos/asesinatos consumados;2022;1
Cantabria;1.1.1.-Homicidios dolosos/asesinatos consumados;2021;4
Cantabria;1.1.1.-Homicidios dolosos/asesinatos consumados;2020;1
Cantabria;1.1.1.-Homicidios dolosos/asesinatos consumados;2019;6
Cantabria;1.1.1.-Homicidios dolosos/asesinatos consumados;2018;2
Cantabria;1.2.-Lesiones;2024;1.566
Cantabria;1.2.-Lesiones;2023;1.587
Cantabria;1.2.-Lesiones;2022;1.504
Cantabria;1.2.-Lesiones;2021;1.244
Cantabria;1.2.-Lesiones;2020;1.042
Cantabria;1.2.-Lesiones;2019;1.300
Cantabria;1.2.-Lesiones;2018;1.424
Cantabria;1.3.-Malos tratos ámbito familiar;2024;1.066
Cantabria;1.3.-Malos tratos ámbito familiar;2023;1.032
Cantabria;1.3.-Malos tratos ámbito familiar;2022;865
Cantabria;1.3.-Malos tratos ámbito familiar;2021;708
Cantabria;1.3.-Malos tratos ámbito familiar;2020;609
Cantabria;1.3.-Malos tratos ámbito familiar;2019;633
Cantabria;1.3.-Malos tratos ámbito familiar;2018;599
Cantabria;1.4.-Otros contra las personas;2024;129
Cantabria;1.4.-Otros contra las personas;2023;109
Cantabria;1.4.-Otros contra las personas;2022;82
Cantabria;1.4.-Otros contra las personas;2021;102
Cantabria;1.4.-Otros contra las personas;2020;93
Cantabria;1.4.-Otros contra las personas;2019;105
Cantabria;1.4.-Otros contra las personas;2018;82
Cantabria;2. CONTRA LA LIBERTAD;2024;1.903
Cantabria;2. CONTRA LA LIBERTAD;2023;1.775
Cantabria;2. CONTRA LA LIBERTAD;2022;1.655
Cantabria;2. CONTRA LA LIBERTAD;2021;1.695
Cantabria;2. CONTRA LA LIBERTAD;2020;1.450
Cantabria;2. CONTRA LA LIBERTAD;2019;1.455
Cantabria;2. CONTRA LA LIBERTAD;2018;1.366
Cantabria;2.1.-Malos tratos habituales en el ámbito familiar;2024;190
Cantabria;2.1.-Malos tratos habituales en el ámbito familiar;2023;190
Cantabria;2.1.-Malos tratos habituales en el ámbito familiar;2022;163
Cantabria;2.1.-Malos tratos habituales en el ámbito familiar;2021;149
Cantabria;2.1.-Malos tratos habituales en el ámbito familiar;2020;129
Cantabria;2.1.-Malos tratos habituales en el ámbito familiar;2019;135
Cantabria;2.1.-Malos tratos habituales en el ámbito familiar;2018;121
Cantabria;2.2.-Otros contra la libertad;2024;1.713
Cantabria;2.2.-Otros contra la libertad;2023;1.585
Cantabria;2.2.-Otros contra la libertad;2022;1.492
Cantabria;2.2.-Otros contra la libertad;2021;1.546
Cantabria;2.2.-Otros contra la libertad;2020;1.321
Cantabria;2.2.-Otros contra la libertad;2019;1.320
Cantabria;2.2.-Otros contra la libertad;2018;1.245
Cantabria;3. LIBERTAD SEXUAL;2024;188
Cantabria;3. LIBERTAD SEXUAL;2023;169
Cantabria;3. LIBERTAD SEXUAL;2022;162
Cantabria;3. LIBERTAD SEXUAL;2021;130
Cantabria;3. LIBERTAD SEXUAL;2020;89
Cantabria;3. LIBERTAD SEXUAL;2019;107
Cantabria;3. LIBERTAD SEXUAL;2018;102
Cantabria;3.1.-Agresión sexual;2024;102
Cantabria;3.1.-Agresión sexual;2023;103
Cantabria;3.1.-Agresión sexual;2022;90
Cantabria;3.1.-Agresión sexual;2021;78
Cantabria;3.1.-Agresión sexual;2020;48
Cantabria;3.1.-Agresión sexual;2019;66
Cantabria;3.1.-Agresión sexual;2018;60
Cantabria;3.2.-Agresión sexual con penetración;2024;43
Cantabria;3.2.-Agresión sexual con penetración;2023;34
Cantabria;3.2.-Agresión sexual con penetración;2022;39
Cantabria;3.2.-Agresión sexual con penetración;2021;30
Cantabria;3.2.-Agresión sexual con penetración;2020;16
Cantabria;3.2.-Agresión sexual con penetración;2019;15
Cantabria;3.2.-Agresión sexual con penetración;2018;15
Cantabria;3.3.-Corrupción de menores o incapacitados;2024;1
Cantabria;3.3.-Corrupción de menores o incapacitados;2023;3
Cantabria;3.3.-Corrupción de menores o incapacitados;2022;4
Cantabria;3.3.-Corrupción de menores o incapacitados;2021;1
Cantabria;3.3.-Corrupción de menores o incapacitados;2020;2
Cantabria;3.3.-Corrupción de menores o incapacitados;2019;2
Cantabria;3.3.-Corrupción de menores o incapacitados;2018;1
Cantabria;3.4.-Pornografía de menores;2024;12
Cantabria;3.4.-Pornografía de menores;2023;7
Cantabria;3.4.-Pornografía de menores;2022;11
Cantabria;3.4.-Pornografía de menores;2021;5
Cantabria;3.4.-Pornografía de menores;2020;5
Cantabria;3.4.-Pornografía de menores;2019;8
Cantabria;3.4.-Pornografía de menores;2018;8
Cantabria;3.5.-Otros contra la libertad sexual;2024;30
Cantabria;3.5.-Otros contra la libertad sexual;2023;22
Cantabria;3.5.-Otros contra la libertad sexual;2022;18
Cantabria;3.5.-Otros contra la libertad sexual;2021;16
Cantabria;3.5.-Otros contra la libertad sexual;2020;18
Cantabria;3.5.-Otros contra la libertad sexual;2019;16
Cantabria;3.5.-Otros contra la libertad sexual;2018;18
Cantabria;4. RELACIONES FAMILIARES;2024;47
Cantabria;4. RELACIONES FAMILIARES;2023;53
Cantabria;4. RELACIONES FAMILIARES;2022;55
Cantabria;4. RELACIONES FAMILIARES;2021;38
Cantabria;4. RELACIONES FAMILIARES;2020;40
Cantabria;4. RELACIONES FAMILIARES;2019;41
Cantabria;4. RELACIONES FAMILIARES;2018;43
Cantabria;5. PATRIMONIO;2024;17.730
Cantabria;5. PATRIMONIO;2023;17.503
Cantabria;5. PATRIMONIO;2022;17.321
Cantabria;5. PATRIMONIO;2021;14.239
Cantabria;5. PATRIMONIO;2020;11.558
Cantabria;5. PATRIMONIO;2019;12.953
Cantabria;5. PATRIMONIO;2018;12.552
Cantabria;5.1.-Hurtos;2024;4.706
Cantabria;5.1.-Hurtos;2023;4.831
Cantabria;5.1.-Hurtos;2022;4.878
Cantabria;5.1.-Hurtos;2021;3.820
Cantabria;5.1.-Hurtos;2020;3.236
Cantabria;5.1.-Hurtos;2019;4.868
Cantabria;5.1.-Hurtos;2018;4.669
Cantabria;5.2.-Robos con fuerza en las cosas;2024;2.674
Cantabria;5.2.-Robos con fuerza en las cosas;2023;2.797
Cantabria;5.2.-Robos con fuerza en las cosas;2022;2.841
Cantabria;5.2.-Robos con fuerza en las cosas;2021;2.528
Cantabria;5.2.-Robos con fuerza en las cosas;2020;2.225
Cantabria;5.2.-Robos con fuerza en las cosas;2019;2.471
Cantabria;5.2.-Robos con fuerza en las cosas;2018;2.559
Cantabria;5.2.1.-Robos con fuerza en las cosas en el interior de vehículos;2024;584
Cantabria;5.2.1.-Robos con fuerza en las cosas en el interior de vehículos;2023;511
Cantabria;5.2.1.-Robos con fuerza en las cosas en el interior de vehículos;2022;578
Cantabria;5.2.1.-Robos con fuerza en las cosas en el interior de vehículos;2021;501
Cantabria;5.2.1.-Robos con fuerza en las cosas en el interior de vehículos;2020;464
Cantabria;5.2.1.-Robos con fuerza en las cosas en el interior de vehículos;2019;439
Cantabria;5.2.1.-Robos con fuerza en las cosas en el interior de vehículos;2018;519
Cantabria;5.2.2.-Robos con fuerza en viviendas;2024;1.102
Cantabria;5.2.2.-Robos con fuerza en viviendas;2023;1.291
Cantabria;5.2.2.-Robos con fuerza en viviendas;2022;1.348
Cantabria;5.2.2.-Robos con fuerza en viviendas;2021;1.167
Cantabria;5.2.2.-Robos con fuerza en viviendas;2020;858
Cantabria;5.2.2.-Robos con fuerza en viviendas;2019;1.068
Cantabria;5.2.2.-Robos con fuerza en viviendas;2018;979
Cantabria;5.2.3.-Robos con fuerza en establecimientos;2024;454
Cantabria;5.2.3.-Robos con fuerza en establecimientos;2023;465
Cantabria;5.2.3.-Robos con fuerza en establecimientos;2022;445
Cantabria;5.2.3.-Robos con fuerza en establecimientos;2021;437
Cantabria;5.2.3.-Robos con fuerza en establecimientos;2020;499
Cantabria;5.2.3.-Robos con fuerza en establecimientos;2019;540
Cantabria;5.2.3.-Robos con fuerza en establecimientos;2018;581
Cantabria;5.3.-Robos con violencia o intimidación;2024;245
Cantabria;5.3.-Robos con violencia o intimidación;2023;255
Cantabria;5.3.-Robos con violencia o intimidación;2022;242
Cantabria;5.3.-Robos con violencia o intimidación;2021;194
Cantabria;5.3.-Robos con violencia o intimidación;2020;178
Cantabria;5.3.-Robos con violencia o intimidación;2019;223
Cantabria;5.3.-Robos con violencia o intimidación;2018;177
Cantabria;5.3.1.-Robos con violencia en vía pública;2024;131
Cantabria;5.3.1.-Robos con violencia en vía pública;2023;129
Cantabria;5.3.1.-Robos con violencia en vía pública;2022;109
Cantabria;5.3.1.-Robos con violencia en vía pública;2021;99
Cantabria;5.3.1.-Robos con violencia en vía pública;2020;82
Cantabria;5.3.1.-Robos con violencia en vía pública;2019;110
Cantabria;5.3.1.-Robos con violencia en vía pública;2018;88
Cantabria;5.3.2.-Robos con violencia en viviendas;2024;21
Cantabria;5.3.2.-Robos con violencia en viviendas;2023;32
Cantabria;5.3.2.-Robos con violencia en viviendas;2022;31
Cantabria;5.3.2.-Robos con violencia en viviendas;2021;25
Cantabria;5.3.2.-Robos con violencia en viviendas;2020;20
Cantabria;5.3.2.-Robos con violencia en viviendas;2019;25
Cantabria;5.3.2.-Robos con violencia en viviendas;2018;16
Cantabria;5.3.3.-Robos con violencia en establecimientos;2024;62
Cantabria;5.3.3.-Robos con violencia en establecimientos;2023;63
Cantabria;5.3.3.-Robos con violencia en establecimientos;2022;71
Cantabria;5.3.3.-Robos con violencia en establecimientos;2021;38
Cantabria;5.3.3.-Robos con violencia en establecimientos;2020;37
Cantabria;5.3.3.-Robos con violencia en establecimientos;2019;54
Cantabria;5.3.3.-Robos con violencia en establecimientos;2018;40
Cantabria;5.4.-Sustracción de vehículos;2024;165
Cantabria;5.4.-Sustracción de vehículos;2023;116
Cantabria;5.4.-Sustracción de vehículos;2022;86
Cantabria;5.4.-Sustracción de vehículos;2021;140
Cantabria;5.4.-Sustracción de vehículos;2020;100
Cantabria;5.4.-Sustracción de vehículos;2019;132
Cantabria;5.4.-Sustracción de vehículos;2018;123
Cantabria;5.5.-Estafas;2024;6.527
Cantabria;5.5.-Estafas;2023;6.161
Cantabria;5.5.-Estafas;2022;5.888
Cantabria;5.5.-Estafas;2021;4.483
Cantabria;5.5.-Estafas;2020;3.271
Cantabria;5.5.-Estafas;2019;2.261
Cantabria;5.5.-Estafas;2018;2.241
Cantabria;5.5.1.-Estafas informáticas;2024;5.774
Cantabria;5.5.1.-Estafas informáticas;2023;5.428
Cantabria;5.5.1.-Estafas informáticas;2022;4.349
Cantabria;5.5.1.-Estafas informáticas;2021;3.243
Cantabria;5.5.1.-Estafas informáticas;2020;2.513
Cantabria;5.5.1.-Estafas informáticas;2019;1.766
Cantabria;5.5.1.-Estafas informáticas;2018;1.704
Cantabria;5.6.-Daños;2024;2.525
Cantabria;5.6.-Daños;2023;2.620
Cantabria;5.6.-Daños;2022;2.760
Cantabria;5.6.-Daños;2021;2.426
Cantabria;5.6.-Daños;2020;2.039
Cantabria;5.6.-Daños;2019;2.245
Cantabria;5.6.-Daños;2018;2.052
Cantabria;5.7.-Contra la propiedad intelectual/industrial;2024;8
Cantabria;5.7.-Contra la propiedad intelectual/industrial;2023;18
Cantabria;5.7.-Contra la propiedad intelectual/industrial;2022;22
Cantabria;5.7.-Contra la propiedad intelectual/industrial;2021;24
Cantabria;5.7.-Contra la propiedad intelectual/industrial;2020;12
Cantabria;5.7.-Contra la propiedad intelectual/industrial;2019;17
Cantabria;5.7.-Contra la propiedad intelectual/industrial;2018;19
Cantabria;5.8.-Blanqueo de capitales;2024;2
Cantabria;5.8.-Blanqueo de capitales;2023;6
Cantabria;5.8.-Blanqueo de capitales;2022;2
Cantabria;5.8.-Blanqueo de capitales;2021;2
Cantabria;5.8.-Blanqueo de capitales;2020;0
Cantabria;5.8.-Blanqueo de capitales;2019;0
Cantabria;5.8.-Blanqueo de capitales;2018;2
Cantabria;5.9.-Otros contra el patrimonio;2024;878
Cantabria;5.9.-Otros contra el patrimonio;2023;699
Cantabria;5.9.-Otros contra el patrimonio;2022;602
Cantabria;5.9.-Otros contra el patrimonio;2021;622
Cantabria;5.9.-Otros contra el patrimonio;2020;497
Cantabria;5.9.-Otros contra el patrimonio;2019;736
Cantabria;5.9.-Otros contra el patrimonio;2018;710
Cantabria;6. SEGURIDAD COLECTIVA;2024;791
Cantabria;6. SEGURIDAD COLECTIVA;2023;854
Cantabria;6. SEGURIDAD COLECTIVA;2022;895
Cantabria;6. SEGURIDAD COLECTIVA;2021;777
Cantabria;6. SEGURIDAD COLECTIVA;2020;676
Cantabria;6. SEGURIDAD COLECTIVA;2019;716
Cantabria;6. SEGURIDAD COLECTIVA;2018;748
Cantabria;6.1.-Tráfico de drogas;2024;76
Cantabria;6.1.-Tráfico de drogas;2023;114
Cantabria;6.1.-Tráfico de drogas;2022;83
Cantabria;6.1.-Tráfico de drogas;2021;96
Cantabria;6.1.-Tráfico de drogas;2020;96
Cantabria;6.1.-Tráfico de drogas;2019;86
Cantabria;6.1.-Tráfico de drogas;2018;87
Cantabria;6.2.-Contra la seguridad vial;2024;689
Cantabria;6.2.-Contra la seguridad vial;2023;706
Cantabria;6.2.-Contra la seguridad vial;2022;772
Cantabria;6.2.-Contra la seguridad vial;2021;660
Cantabria;6.2.-Contra la seguridad vial;2020;563
Cantabria;6.2.-Contra la seguridad vial;2019;622
Cantabria;6.2.-Contra la seguridad vial;2018;644
Cantabria;6.3.-Otros contra la seguridad colectiva;2024;26
Cantabria;6.3.-Otros contra la seguridad colectiva;2023;34
Cantabria;6.3.-Otros contra la seguridad colectiva;2022;40
Cantabria;6.3.-Otros contra la seguridad colectiva;2021;21
Cantabria;6.3.-Otros contra la seguridad colectiva;2020;17
Cantabria;6.3.-Otros contra la seguridad colectiva;2019;8
Cantabria;6.3.-Otros contra la seguridad colectiva;2018;17
Cantabria;7. FALSEDADES;2024;361
Cantabria;7. FALSEDADES;2023;251
Cantabria;7. FALSEDADES;2022;259
Cantabria;7. FALSEDADES;2021;222
Cantabria;7. FALSEDADES;2020;150
Cantabria;7. FALSEDADES;2019;162
Cantabria;7. FALSEDADES;2018;124
Cantabria;8. ADMÓN. PÚBLICA;2024;12
Cantabria;8. ADMÓN. PÚBLICA;2023;8
Cantabria;8. ADMÓN. PÚBLICA;2022;2
Cantabria;8. ADMÓN. PÚBLICA;2021;2
Cantabria;8. ADMÓN. PÚBLICA;2020;4
Cantabria;8. ADMÓN. PÚBLICA;2019;3
Cantabria;8. ADMÓN. PÚBLICA;2018;0
Cantabria;9. ADMÓN. JUSTICIA;2024;482
Cantabria;9. ADMÓN. JUSTICIA;2023;447
Cantabria;9. ADMÓN. JUSTICIA;2022;390
Cantabria;9. ADMÓN. JUSTICIA;2021;276
Cantabria;9. ADMÓN. JUSTICIA;2020;278
Cantabria;9. ADMÓN. JUSTICIA;2019;282
Cantabria;9. ADMÓN. JUSTICIA;2018;318
Cantabria;10. ORDEN PÚBLICO;2024;329
Cantabria;10. ORDEN PÚBLICO;2023;281
Cantabria;10. ORDEN PÚBLICO;2022;362
Cantabria;10. ORDEN PÚBLICO;2021;279
Cantabria;10. ORDEN PÚBLICO;2020;440
Cantabria;10. ORDEN PÚBLICO;2019;168
Cantabria;10. ORDEN PÚBLICO;2018;166
Cantabria;11. LEGISLACIÓN ESPECIAL;2024;6
Cantabria;11. LEGISLACIÓN ESPECIAL;2023;5
Cantabria;11. LEGISLACIÓN ESPECIAL;2022;1
Cantabria;11. LEGISLACIÓN ESPECIAL;2021;2
Cantabria;11. LEGISLACIÓN ESPECIAL;2020;0
Cantabria;11. LEGISLACIÓN ESPECIAL;2019;0
Cantabria;11. LEGISLACIÓN ESPECIAL;2018;2
Cantabria;12. OTRAS INFRACCIONES PENALES;2024;161
Cantabria;12. OTRAS INFRACCIONES PENALES;2023;128
Cantabria;12. OTRAS INFRACCIONES PENALES;2022;144
Cantabria;12. OTRAS INFRACCIONES PENALES;2021;165
Cantabria;12. OTRAS INFRACCIONES PENALES;2020;152
Cantabria;12. OTRAS INFRACCIONES PENALES;2019;133
Cantabria;12. OTRAS INFRACCIONES PENALES;2018;143
Cantabria;TOTAL INFRACCIONES PENALES;2024;24.792
Cantabria;TOTAL INFRACCIONES PENALES;2023;24.212
Cantabria;TOTAL INFRACCIONES PENALES;2022;23.709
Cantabria;TOTAL INFRACCIONES PENALES;2021;19.894
Cantabria;TOTAL INFRACCIONES PENALES;2020;16.585
Cantabria;TOTAL INFRACCIONES PENALES;2019;18.073
Cantabria;TOTAL INFRACCIONES PENALES;2018;17.674
Segovia;1. CONTRA LAS PERSONAS;2024;650
Segovia;1. CONTRA LAS PERSONAS;2023;596
Segovia;1. CONTRA LAS PERSONAS;2022;607
Segovia;1. CONTRA LAS PERSONAS;2021;451
Segovia;1. CONTRA LAS PERSONAS;2020;464
Segovia;1. CONTRA LAS PERSONAS;2019;436
Segovia;1. CONTRA LAS PERSONAS;2018;393
Segovia;1.1.-Homicidios dolosos/asesinatos;2024;3
Segovia;1.1.-Homicidios dolosos/asesinatos;2023;1
Segovia;1.1.-Homicidios dolosos/asesinatos;2022;2
Segovia;1.1.-Homicidios dolosos/asesinatos;2021;3
Segovia;1.1.-Homicidios dolosos/asesinatos;2020;8
Segovia;1.1.-Homicidios dolosos/asesinatos;2019;3
Segovia;1.1.-Homicidios dolosos/asesinatos;2018;1
Segovia;1.1.1.-Homicidios dolosos/asesinatos consumados;2024;1
Segovia;1.1.1.-Homicidios dolosos/asesinatos consumados;2023;0
Segovia;1.1.1.-Homicidios dolosos/asesinatos consumados;2022;0
Segovia;1.1.1.-Homicidios dolosos/asesinatos consumados;2021;2
Segovia;1.1.1.-Homicidios dolosos/asesinatos consumados;2020;3
Segovia;1.1.1.-Homicidios dolosos/asesinatos consumados;2019;1
Segovia;1.1.1.-Homicidios dolosos/asesinatos consumados;2018;0
Segovia;1.2.-Lesiones;2024;339
Segovia;1.2.-Lesiones;2023;306
Segovia;1.2.-Lesiones;2022;327
Segovia;1.2.-Lesiones;2021;238
Segovia;1.2.-Lesiones;2020;239
Segovia;1.2.-Lesiones;2019;255
Segovia;1.2.-Lesiones;2018;216
Segovia;1.3.-Malos tratos ámbito familiar;2024;280
Segovia;1.3.-Malos tratos ámbito familiar;2023;267
Segovia;1.3.-Malos tratos ámbito familiar;2022;268
Segovia;1.3.-Malos tratos ámbito familiar;2021;203
Segovia;1.3.-Malos tratos ámbito familiar;2020;202
Segovia;1.3.-Malos tratos ámbito familiar;2019;169
Segovia;1.3.-Malos tratos ámbito familiar;2018;163
Segovia;1.4.-Otros contra las personas;2024;28
Segovia;1.4.-Otros contra las personas;2023;22
Segovia;1.4.-Otros contra las personas;2022;10
Segovia;1.4.-Otros contra las personas;2021;7
Segovia;1.4.-Otros contra las personas;2020;15
Segovia;1.4.-Otros contra las personas;2019;9
Segovia;1.4.-Otros contra las personas;2018;13
Segovia;2. CONTRA LA LIBERTAD;2024;444
Segovia;2. CONTRA LA LIBERTAD;2023;477
Segovia;2. CONTRA LA LIBERTAD;2022;375
Segovia;2. CONTRA LA LIBERTAD;2021;389
Segovia;2. CONTRA LA LIBERTAD;2020;324
Segovia;2. CONTRA LA LIBERTAD;2019;335
Segovia;2. CONTRA LA LIBERTAD;2018;266
Segovia;2.1.-Malos tratos habituales en el ámbito familiar;2024;61
Segovia;2.1.-Malos tratos habituales en el ámbito familiar;2023;69
Segovia;2.1.-Malos tratos habituales en el ámbito familiar;2022;65
Segovia;2.1.-Malos tratos habituales en el ámbito familiar;2021;70
Segovia;2.1.-Malos tratos habituales en el ámbito familiar;2020;52
Segovia;2.1.-Malos tratos habituales en el ámbito familiar;2019;40
Segovia;2.1.-Malos tratos habituales en el ámbito familiar;2018;36
Segovia;2.2.-Otros contra la libertad;2024;383
Segovia;2.2.-Otros contra la libertad;2023;408
Segovia;2.2.-Otros contra la libertad;2022;310
Segovia;2.2.-Otros contra la libertad;2021;319
Segovia;2.2.-Otros contra la libertad;2020;272
Segovia;2.2.-Otros contra la libertad;2019;295
Segovia;2.2.-Otros contra la libertad;2018;230
Segovia;3. LIBERTAD SEXUAL;2024;56
Segovia;3. LIBERTAD SEXUAL;2023;52
Segovia;3. LIBERTAD SEXUAL;2022;48
Segovia;3. LIBERTAD SEXUAL;2021;41
Segovia;3. LIBERTAD SEXUAL;2020;26
Segovia;3. LIBERTAD SEXUAL;2019;49
Segovia;3. LIBERTAD SEXUAL;2018;39
Segovia;3.1.-Agresión sexual;2024;36
Segovia;3.1.-Agresión sexual;2023;32
Segovia;3.1.-Agresión sexual;2022;28
Segovia;3.1.-Agresión sexual;2021;26
Segovia;3.1.-Agresión sexual;2020;17
Segovia;3.1.-Agresión sexual;2019;21
Segovia;3.1.-Agresión sexual;2018;27
Segovia;3.2.-Agresión sexual con penetración;2024;13
Segovia;3.2.-Agresión sexual con penetración;2023;10
Segovia;3.2.-Agresión sexual con penetración;2022;12
Segovia;3.2.-Agresión sexual con penetración;2021;5
Segovia;3.2.-Agresión sexual con penetración;2020;2
Segovia;3.2.-Agresión sexual con penetración;2019;3
Segovia;3.2.-Agresión sexual con penetración;2018;3
Segovia;3.3.-Corrupción de menores o incapacitados;2024;2
Segovia;3.3.-Corrupción de menores o incapacitados;2023;3
Segovia;3.3.-Corrupción de menores o incapacitados;2022;2
Segovia;3.3.-Corrupción de menores o incapacitados;2021;2
Segovia;3.3.-Corrupción de menores o incapacitados;2020;1
Segovia;3.3.-Corrupción de menores o incapacitados;2019;2
Segovia;3.3.-Corrupción de menores o incapacitados;2018;1
Segovia;3.4.-Pornografía de menores;2024;1
Segovia;3.4.-Pornografía de menores;2023;2
Segovia;3.4.-Pornografía de menores;2022;0
Segovia;3.4.-Pornografía de menores;2021;1
Segovia;3.4.-Pornografía de menores;2020;1
Segovia;3.4.-Pornografía de menores;2019;1
Segovia;3.4.-Pornografía de menores;2018;3
Segovia;3.5.-Otros contra la libertad sexual;2024;4
Segovia;3.5.-Otros contra la libertad sexual;2023;5
Segovia;3.5.-Otros contra la libertad sexual;2022;6
Segovia;3.5.-Otros contra la libertad sexual;2021;7
Segovia;3.5.-Otros contra la libertad sexual;2020;5
Segovia;3.5.-Otros contra la libertad sexual;2019;22
Segovia;3.5.-Otros contra la libertad sexual;2018;5
Segovia;4. RELACIONES FAMILIARES;2024;9
Segovia;4. RELACIONES FAMILIARES;2023;7
Segovia;4. RELACIONES FAMILIARES;2022;10
Segovia;4. RELACIONES FAMILIARES;2021;3
Segovia;4. RELACIONES FAMILIARES;2020;7
Segovia;4. RELACIONES FAMILIARES;2019;9
Segovia;4. RELACIONES FAMILIARES;2018;5
Segovia;5. PATRIMONIO;2024;4.415
Segovia;5. PATRIMONIO;2023;4.131
Segovia;5. PATRIMONIO;2022;3.664
Segovia;5. PATRIMONIO;2021;3.006
Segovia;5. PATRIMONIO;2020;2.824
Segovia;5. PATRIMONIO;2019;2.996
Segovia;5. PATRIMONIO;2018;2.946
Segovia;5.1.-Hurtos;2024;890
Segovia;5.1.-Hurtos;2023;909
Segovia;5.1.-Hurtos;2022;949
Segovia;5.1.-Hurtos;2021;736
Segovia;5.1.-Hurtos;2020;583
Segovia;5.1.-Hurtos;2019;874
Segovia;5.1.-Hurtos;2018;881
Segovia;5.2.-Robos con fuerza en las cosas;2024;628
Segovia;5.2.-Robos con fuerza en las cosas;2023;586
Segovia;5.2.-Robos con fuerza en las cosas;2022;577
Segovia;5.2.-Robos con fuerza en las cosas;2021;451
Segovia;5.2.-Robos con fuerza en las cosas;2020;399
Segovia;5.2.-Robos con fuerza en las cosas;2019;542
Segovia;5.2.-Robos con fuerza en las cosas;2018;642
Segovia;5.2.1.-Robos con fuerza en las cosas en el interior de vehículos;2024;119
Segovia;5.2.1.-Robos con fuerza en las cosas en el interior de vehículos;2023;96
Segovia;5.2.1.-Robos con fuerza en las cosas en el interior de vehículos;2022;87
Segovia;5.2.1.-Robos con fuerza en las cosas en el interior de vehículos;2021;52
Segovia;5.2.1.-Robos con fuerza en las cosas en el interior de vehículos;2020;63
Segovia;5.2.1.-Robos con fuerza en las cosas en el interior de vehículos;2019;83
Segovia;5.2.1.-Robos con fuerza en las cosas en el interior de vehículos;2018;95
Segovia;5.2.2.-Robos con fuerza en viviendas;2024;245
Segovia;5.2.2.-Robos con fuerza en viviendas;2023;224
Segovia;5.2.2.-Robos con fuerza en viviendas;2022;233
Segovia;5.2.2.-Robos con fuerza en viviendas;2021;194
Segovia;5.2.2.-Robos con fuerza en viviendas;2020;152
Segovia;5.2.2.-Robos con fuerza en viviendas;2019;195
Segovia;5.2.2.-Robos con fuerza en viviendas;2018;290
Segovia;5.2.3.-Robos con fuerza en establecimientos;2024;65
Segovia;5.2.3.-Robos con fuerza en establecimientos;2023;66
Segovia;5.2.3.-Robos con fuerza en establecimientos;2022;44
Segovia;5.2.3.-Robos con fuerza en establecimientos;2021;77
Segovia;5.2.3.-Robos con fuerza en establecimientos;2020;66
Segovia;5.2.3.-Robos con fuerza en establecimientos;2019;107
Segovia;5.2.3.-Robos con fuerza en establecimientos;2018;88
Segovia;5.3.-Robos con violencia o intimidación;2024;22
Segovia;5.3.-Robos con violencia o intimidación;2023;31
Segovia;5.3.-Robos con violencia o intimidación;2022;25
Segovia;5.3.-Robos con violencia o intimidación;2021;29
Segovia;5.3.-Robos con violencia o intimidación;2020;16
Segovia;5.3.-Robos con violencia o intimidación;2019;24
Segovia;5.3.-Robos con violencia o intimidación;2018;14
Segovia;5.3.1.-Robos con violencia en vía pública;2024;14
Segovia;5.3.1.-Robos con violencia en vía pública;2023;17
Segovia;5.3.1.-Robos con violencia en vía pública;2022;13
Segovia;5.3.1.-Robos con violencia en vía pública;2021;18
Segovia;5.3.1.-Robos con violencia en vía pública;2020;9
Segovia;5.3.1.-Robos con violencia en vía pública;2019;13
Segovia;5.3.1.-Robos con violencia en vía pública;2018;8
Segovia;5.3.2.-Robos con violencia en viviendas;2024;1
Segovia;5.3.2.-Robos con violencia en viviendas;2023;9
Segovia;5.3.2.-Robos con violencia en viviendas;2022;1
Segovia;5.3.2.-Robos con violencia en viviendas;2021;5
Segovia;5.3.2.-Robos con violencia en viviendas;2020;3
Segovia;5.3.2.-Robos con violencia en viviendas;2019;2
Segovia;5.3.2.-Robos con violencia en viviendas;2018;2
Segovia;5.3.3.-Robos con violencia en establecimientos;2024;4
Segovia;5.3.3.-Robos con violencia en establecimientos;2023;3
Segovia;5.3.3.-Robos con violencia en establecimientos;2022;7
Segovia;5.3.3.-Robos con violencia en establecimientos;2021;4
Segovia;5.3.3.-Robos con violencia en establecimientos;2020;1
Segovia;5.3.3.-Robos con violencia en establecimientos;2019;7
Segovia;5.3.3.-Robos con violencia en establecimientos;2018;2
Segovia;5.4.-Sustracción de vehículos;2024;32
Segovia;5.4.-Sustracción de vehículos;2023;37
Segovia;5.4.-Sustracción de vehículos;2022;37
Segovia;5.4.-Sustracción de vehículos;2021;22
Segovia;5.4.-Sustracción de vehículos;2020;26
Segovia;5.4.-Sustracción de vehículos;2019;22
Segovia;5.4.-Sustracción de vehículos;2018;9
Segovia;5.5.-Estafas;2024;1.893
Segovia;5.5.-Estafas;2023;1.790
Segovia;5.5.-Estafas;2022;1.269
Segovia;5.5.-Estafas;2021;1.062
Segovia;5.5.-Estafas;2020;1.190
Segovia;5.5.-Estafas;2019;811
Segovia;5.5.-Estafas;2018;744
Segovia;5.5.1.-Estafas informáticas;2024;1.731
Segovia;5.5.1.-Estafas informáticas;2023;1.655
Segovia;5.5.1.-Estafas informáticas;2022;1.110
Segovia;5.5.1.-Estafas informáticas;2021;824
Segovia;5.5.1.-Estafas informáticas;2020;812
Segovia;5.5.1.-Estafas informáticas;2019;501
Segovia;5.5.1.-Estafas informáticas;2018;366
Segovia;5.6.-Daños;2024;765
Segovia;5.6.-Daños;2023;674
Segovia;5.6.-Daños;2022;711
Segovia;5.6.-Daños;2021;606
Segovia;5.6.-Daños;2020;520
Segovia;5.6.-Daños;2019;626
Segovia;5.6.-Daños;2018;563
Segovia;5.7.-Contra la propiedad intelectual/industrial;2024;1
Segovia;5.7.-Contra la propiedad intelectual/industrial;2023;0
Segovia;5.7.-Contra la propiedad intelectual/industrial;2022;3
Segovia;5.7.-Contra la propiedad intelectual/industrial;2021;5
Segovia;5.7.-Contra la propiedad intelectual/industrial;2020;3
Segovia;5.7.-Contra la propiedad intelectual/industrial;2019;4
Segovia;5.7.-Contra la propiedad intelectual/industrial;2018;9
Segovia;5.8.-Blanqueo de capitales;2024;4
Segovia;5.8.-Blanqueo de capitales;2023;1
Segovia;5.8.-Blanqueo de capitales;2022;0
Segovia;5.8.-Blanqueo de capitales;2021;0
Segovia;5.8.-Blanqueo de capitales;2020;0
Segovia;5.8.-Blanqueo de capitales;2019;1
Segovia;5.8.-Blanqueo de capitales;2018;0
Segovia;5.9.-Otros contra el patrimonio;2024;180
Segovia;5.9.-Otros contra el patrimonio;2023;103
Segovia;5.9.-Otros contra el patrimonio;2022;93
Segovia;5.9.-Otros contra el patrimonio;2021;95
Segovia;5.9.-Otros contra el patrimonio;2020;87
Segovia;5.9.-Otros contra el patrimonio;2019;92
Segovia;5.9.-Otros contra el patrimonio;2018;84
Segovia;6. SEGURIDAD COLECTIVA;2024;334
Segovia;6. SEGURIDAD COLECTIVA;2023;270
Segovia;6. SEGURIDAD COLECTIVA;2022;234
Segovia;6. SEGURIDAD COLECTIVA;2021;259
Segovia;6. SEGURIDAD COLECTIVA;2020;211
Segovia;6. SEGURIDAD COLECTIVA;2019;289
Segovia;6. SEGURIDAD COLECTIVA;2018;251
Segovia;6.1.-Tráfico de drogas;2024;28
Segovia;6.1.-Tráfico de drogas;2023;45
Segovia;6.1.-Tráfico de drogas;2022;31
Segovia;6.1.-Tráfico de drogas;2021;45
Segovia;6.1.-Tráfico de drogas;2020;45
Segovia;6.1.-Tráfico de drogas;2019;46
Segovia;6.1.-Tráfico de drogas;2018;24
Segovia;6.2.-Contra la seguridad vial;2024;292
Segovia;6.2.-Contra la seguridad vial;2023;217
Segovia;6.2.-Contra la seguridad vial;2022;197
Segovia;6.2.-Contra la seguridad vial;2021;208
Segovia;6.2.-Contra la seguridad vial;2020;160
Segovia;6.2.-Contra la seguridad vial;2019;237
Segovia;6.2.-Contra la seguridad vial;2018;218
Segovia;6.3.-Otros contra la seguridad colectiva;2024;14
Segovia;6.3.-Otros contra la seguridad colectiva;2023;8
Segovia;6.3.-Otros contra la seguridad colectiva;2022;6
Segovia;6.3.-Otros contra la seguridad colectiva;2021;6
Segovia;6.3.-Otros contra la seguridad colectiva;2020;6
Segovia;6.3.-Otros contra la seguridad colectiva;2019;6
Segovia;6.3.-Otros contra la seguridad colectiva;2018;9
Segovia;7. FALSEDADES;2024;148
Segovia;7. FALSEDADES;2023;135
Segovia;7. FALSEDADES;2022;171
Segovia;7. FALSEDADES;2021;107
Segovia;7. FALSEDADES;2020;64
Segovia;7. FALSEDADES;2019;63
Segovia;7. FALSEDADES;2018;59
Segovia;8. ADMÓN. PÚBLICA;2024;0
Segovia;8. ADMÓN. PÚBLICA;2023;1
Segovia;8. ADMÓN. PÚBLICA;2022;0
Segovia;8. ADMÓN. PÚBLICA;2021;0
Segovia;8. ADMÓN. PÚBLICA;2020;0
Segovia;8. ADMÓN. PÚBLICA;2019;3
Segovia;8. ADMÓN. PÚBLICA;2018;2
Segovia;9. ADMÓN. JUSTICIA;2024;116
Segovia;9. ADMÓN. JUSTICIA;2023;115
Segovia;9. ADMÓN. JUSTICIA;2022;120
Segovia;9. ADMÓN. JUSTICIA;2021;80
Segovia;9. ADMÓN. JUSTICIA;2020;86
Segovia;9. ADMÓN. JUSTICIA;2019;84
Segovia;9. ADMÓN. JUSTICIA;2018;70
Segovia;10. ORDEN PÚBLICO;2024;68
Segovia;10. ORDEN PÚBLICO;2023;89
Segovia;10. ORDEN PÚBLICO;2022;82
Segovia;10. ORDEN PÚBLICO;2021;61
Segovia;10. ORDEN PÚBLICO;2020;74
Segovia;10. ORDEN PÚBLICO;2019;47
Segovia;10. ORDEN PÚBLICO;2018;29
Segovia;11. LEGISLACIÓN ESPECIAL;2024;0
Segovia;11. LEGISLACIÓN ESPECIAL;2023;1
Segovia;11. LEGISLACIÓN ESPECIAL;2022;1
Segovia;11. LEGISLACIÓN ESPECIAL;2021;0
Segovia;11. LEGISLACIÓN ESPECIAL;2020;0
Segovia;11. LEGISLACIÓN ESPECIAL;2019;0
Segovia;11. LEGISLACIÓN ESPECIAL;2018;0
Segovia;12. OTRAS INFRACCIONES PENALES;2024;61
Segovia;12. OTRAS INFRACCIONES PENALES;2023;76
Segovia;12. OTRAS INFRACCIONES PENALES;2022;62
Segovia;12. OTRAS INFRACCIONES PENALES;2021;52
Segovia;12. OTRAS INFRACCIONES PENALES;2020;39
Segovia;12. OTRAS INFRACCIONES PENALES;2019;42
Segovia;12. OTRAS INFRACCIONES PENALES;2018;46
Segovia;TOTAL INFRACCIONES PENALES;2024;6.301
Segovia;TOTAL INFRACCIONES PENALES;2023;5.950
Segovia;TOTAL INFRACCIONES PENALES;2022;5.374
Segovia;TOTAL INFRACCIONES PENALES;2021;4.449
Segovia;TOTAL INFRACCIONES PENALES;2020;4.119
Segovia;TOTAL INFRACCIONES PENALES;2019;4.353
Segovia;TOTAL INFRACCIONES PENALES;2018;4.106
Sevilla;1. CONTRA LAS PERSONAS;2024;10.612
Sevilla;1. CONTRA LAS PERSONAS;2023;10.278
Sevilla;1. CONTRA LAS PERSONAS;2022;9.870
Sevilla;1. CONTRA LAS PERSONAS;2021;8.427
Sevilla;1. CONTRA LAS PERSONAS;2020;7.605
Sevilla;1. CONTRA LAS PERSONAS;2019;7.903
Sevilla;1. CONTRA LAS PERSONAS;2018;7.441
Sevilla;1.1.-Homicidios dolosos/asesinatos;2024;79
Sevilla;1.1.-Homicidios dolosos/asesinatos;2023;99
Sevilla;1.1.-Homicidios dolosos/asesinatos;2022;95
Sevilla;1.1.-Homicidios dolosos/asesinatos;2021;65
Sevilla;1.1.-Homicidios dolosos/asesinatos;2020;76
Sevilla;1.1.-Homicidios dolosos/asesinatos;2019;49
Sevilla;1.1.-Homicidios dolosos/asesinatos;2018;58
Sevilla;1.1.1.-Homicidios dolosos/asesinatos consumados;2024;12
Sevilla;1.1.1.-Homicidios dolosos/asesinatos consumados;2023;15
Sevilla;1.1.1.-Homicidios dolosos/asesinatos consumados;2022;12
Sevilla;1.1.1.-Homicidios dolosos/asesinatos consumados;2021;8
Sevilla;1.1.1.-Homicidios dolosos/asesinatos consumados;2020;12
Sevilla;1.1.1.-Homicidios dolosos/asesinatos consumados;2019;9
Sevilla;1.1.1.-Homicidios dolosos/asesinatos consumados;2018;11
Sevilla;1.2.-Lesiones;2024;6.458
Sevilla;1.2.-Lesiones;2023;6.226
Sevilla;1.2.-Lesiones;2022;5.577
Sevilla;1.2.-Lesiones;2021;4.495
Sevilla;1.2.-Lesiones;2020;4.116
Sevilla;1.2.-Lesiones;2019;4.502
Sevilla;1.2.-Lesiones;2018;4.272
Sevilla;1.3.-Malos tratos ámbito familiar;2024;3.775
Sevilla;1.3.-Malos tratos ámbito familiar;2023;3.712
Sevilla;1.3.-Malos tratos ámbito familiar;2022;4.001
Sevilla;1.3.-Malos tratos ámbito familiar;2021;3.721
Sevilla;1.3.-Malos tratos ámbito familiar;2020;3.260
Sevilla;1.3.-Malos tratos ámbito familiar;2019;3.125
Sevilla;1.3.-Malos tratos ámbito familiar;2018;2.910
Sevilla;1.4.-Otros contra las personas;2024;300
Sevilla;1.4.-Otros contra las personas;2023;241
Sevilla;1.4.-Otros contra las personas;2022;197
Sevilla;1.4.-Otros contra las personas;2021;146
Sevilla;1.4.-Otros contra las personas;2020;153
Sevilla;1.4.-Otros contra las personas;2019;227
Sevilla;1.4.-Otros contra las personas;2018;201
Sevilla;2. CONTRA LA LIBERTAD;2024;9.064
Sevilla;2. CONTRA LA LIBERTAD;2023;8.259
Sevilla;2. CONTRA LA LIBERTAD;2022;6.939
Sevilla;2. CONTRA LA LIBERTAD;2021;6.756
Sevilla;2. CONTRA LA LIBERTAD;2020;6.574
Sevilla;2. CONTRA LA LIBERTAD;2019;6.269
Sevilla;2. CONTRA LA LIBERTAD;2018;5.728
Sevilla;2.1.-Malos tratos habituales en el ámbito familiar;2024;357
Sevilla;2.1.-Malos tratos habituales en el ámbito familiar;2023;348
Sevilla;2.1.-Malos tratos habituales en el ámbito familiar;2022;446
Sevilla;2.1.-Malos tratos habituales en el ámbito familiar;2021;618
Sevilla;2.1.-Malos tratos habituales en el ámbito familiar;2020;589
Sevilla;2.1.-Malos tratos habituales en el ámbito familiar;2019;602
Sevilla;2.1.-Malos tratos habituales en el ámbito familiar;2018;633
Sevilla;2.2.-Otros contra la libertad;2024;8.707
Sevilla;2.2.-Otros contra la libertad;2023;7.911
Sevilla;2.2.-Otros contra la libertad;2022;6.493
Sevilla;2.2.-Otros contra la libertad;2021;6.138
Sevilla;2.2.-Otros contra la libertad;2020;5.985
Sevilla;2.2.-Otros contra la libertad;2019;5.667
Sevilla;2.2.-Otros contra la libertad;2018;5.095
Sevilla;3. LIBERTAD SEXUAL;2024;798
Sevilla;3. LIBERTAD SEXUAL;2023;822
Sevilla;3. LIBERTAD SEXUAL;2022;690
Sevilla;3. LIBERTAD SEXUAL;2021;600
Sevilla;3. LIBERTAD SEXUAL;2020;508
Sevilla;3. LIBERTAD SEXUAL;2019;548
Sevilla;3. LIBERTAD SEXUAL;2018;508
Sevilla;3.1.-Agresión sexual;2024;475
Sevilla;3.1.-Agresión sexual;2023;440
Sevilla;3.1.-Agresión sexual;2022;388
Sevilla;3.1.-Agresión sexual;2021;381
Sevilla;3.1.-Agresión sexual;2020;274
Sevilla;3.1.-Agresión sexual;2019;303
Sevilla;3.1.-Agresión sexual;2018;275
Sevilla;3.2.-Agresión sexual con penetración;2024;136
Sevilla;3.2.-Agresión sexual con penetración;2023;138
Sevilla;3.2.-Agresión sexual con penetración;2022;110
Sevilla;3.2.-Agresión sexual con penetración;2021;70
Sevilla;3.2.-Agresión sexual con penetración;2020;69
Sevilla;3.2.-Agresión sexual con penetración;2019;83
Sevilla;3.2.-Agresión sexual con penetración;2018;85
Sevilla;3.3.-Corrupción de menores o incapacitados;2024;17
Sevilla;3.3.-Corrupción de menores o incapacitados;2023;20
Sevilla;3.3.-Corrupción de menores o incapacitados;2022;13
Sevilla;3.3.-Corrupción de menores o incapacitados;2021;16
Sevilla;3.3.-Corrupción de menores o incapacitados;2020;18
Sevilla;3.3.-Corrupción de menores o incapacitados;2019;29
Sevilla;3.3.-Corrupción de menores o incapacitados;2018;17
Sevilla;3.4.-Pornografía de menores;2024;56
Sevilla;3.4.-Pornografía de menores;2023;32
Sevilla;3.4.-Pornografía de menores;2022;27
Sevilla;3.4.-Pornografía de menores;2021;31
Sevilla;3.4.-Pornografía de menores;2020;55
Sevilla;3.4.-Pornografía de menores;2019;36
Sevilla;3.4.-Pornografía de menores;2018;43
Sevilla;3.5.-Otros contra la libertad sexual;2024;114
Sevilla;3.5.-Otros contra la libertad sexual;2023;192
Sevilla;3.5.-Otros contra la libertad sexual;2022;152
Sevilla;3.5.-Otros contra la libertad sexual;2021;102
Sevilla;3.5.-Otros contra la libertad sexual;2020;92
Sevilla;3.5.-Otros contra la libertad sexual;2019;97
Sevilla;3.5.-Otros contra la libertad sexual;2018;88
Sevilla;4. RELACIONES FAMILIARES;2024;328
Sevilla;4. RELACIONES FAMILIARES;2023;360
Sevilla;4. RELACIONES FAMILIARES;2022;353
Sevilla;4. RELACIONES FAMILIARES;2021;374
Sevilla;4. RELACIONES FAMILIARES;2020;278
Sevilla;4. RELACIONES FAMILIARES;2019;295
Sevilla;4. RELACIONES FAMILIARES;2018;309
Sevilla;5. PATRIMONIO;2024;72.193
Sevilla;5. PATRIMONIO;2023;76.195
Sevilla;5. PATRIMONIO;2022;69.759
Sevilla;5. PATRIMONIO;2021;54.479
Sevilla;5. PATRIMONIO;2020;51.583
Sevilla;5. PATRIMONIO;2019;66.404
Sevilla;5. PATRIMONIO;2018;62.775
Sevilla;5.1.-Hurtos;2024;23.948
Sevilla;5.1.-Hurtos;2023;25.799
Sevilla;5.1.-Hurtos;2022;24.400
Sevilla;5.1.-Hurtos;2021;18.880
Sevilla;5.1.-Hurtos;2020;16.081
Sevilla;5.1.-Hurtos;2019;26.352
Sevilla;5.1.-Hurtos;2018;24.749
Sevilla;5.2.-Robos con fuerza en las cosas;2024;13.677
Sevilla;5.2.-Robos con fuerza en las cosas;2023;15.097
Sevilla;5.2.-Robos con fuerza en las cosas;2022;13.508
Sevilla;5.2.-Robos con fuerza en las cosas;2021;11.077
Sevilla;5.2.-Robos con fuerza en las cosas;2020;12.480
Sevilla;5.2.-Robos con fuerza en las cosas;2019;16.284
Sevilla;5.2.-Robos con fuerza en las cosas;2018;15.455
Sevilla;5.2.1.-Robos con fuerza en las cosas en el interior de vehículos;2024;6.980
Sevilla;5.2.1.-Robos con fuerza en las cosas en el interior de vehículos;2023;7.659
Sevilla;5.2.1.-Robos con fuerza en las cosas en el interior de vehículos;2022;6.969
Sevilla;5.2.1.-Robos con fuerza en las cosas en el interior de vehículos;2021;4.971
Sevilla;5.2.1.-Robos con fuerza en las cosas en el interior de vehículos;2020;6.054
Sevilla;5.2.1.-Robos con fuerza en las cosas en el interior de vehículos;2019;7.743
Sevilla;5.2.1.-Robos con fuerza en las cosas en el interior de vehículos;2018;7.310
Sevilla;5.2.2.-Robos con fuerza en viviendas;2024;2.769
Sevilla;5.2.2.-Robos con fuerza en viviendas;2023;3.092
Sevilla;5.2.2.-Robos con fuerza en viviendas;2022;2.779
Sevilla;5.2.2.-Robos con fuerza en viviendas;2021;2.565
Sevilla;5.2.2.-Robos con fuerza en viviendas;2020;2.966
Sevilla;5.2.2.-Robos con fuerza en viviendas;2019;3.658
Sevilla;5.2.2.-Robos con fuerza en viviendas;2018;3.458
Sevilla;5.2.3.-Robos con fuerza en establecimientos;2024;1.791
Sevilla;5.2.3.-Robos con fuerza en establecimientos;2023;1.909
Sevilla;5.2.3.-Robos con fuerza en establecimientos;2022;1.587
Sevilla;5.2.3.-Robos con fuerza en establecimientos;2021;1.558
Sevilla;5.2.3.-Robos con fuerza en establecimientos;2020;1.681
Sevilla;5.2.3.-Robos con fuerza en establecimientos;2019;2.716
Sevilla;5.2.3.-Robos con fuerza en establecimientos;2018;2.486
Sevilla;5.3.-Robos con violencia o intimidación;2024;2.543
Sevilla;5.3.-Robos con violencia o intimidación;2023;2.639
Sevilla;5.3.-Robos con violencia o intimidación;2022;2.455
Sevilla;5.3.-Robos con violencia o intimidación;2021;1.937
Sevilla;5.3.-Robos con violencia o intimidación;2020;1.802
Sevilla;5.3.-Robos con violencia o intimidación;2019;2.437
Sevilla;5.3.-Robos con violencia o intimidación;2018;2.413
Sevilla;5.3.1.-Robos con violencia en vía pública;2024;1.799
Sevilla;5.3.1.-Robos con violencia en vía pública;2023;1.933
Sevilla;5.3.1.-Robos con violencia en vía pública;2022;1.763
Sevilla;5.3.1.-Robos con violencia en vía pública;2021;1.328
Sevilla;5.3.1.-Robos con violencia en vía pública;2020;1.208
Sevilla;5.3.1.-Robos con violencia en vía pública;2019;1.660
Sevilla;5.3.1.-Robos con violencia en vía pública;2018;1.693
Sevilla;5.3.2.-Robos con violencia en viviendas;2024;175
Sevilla;5.3.2.-Robos con violencia en viviendas;2023;167
Sevilla;5.3.2.-Robos con violencia en viviendas;2022;145
Sevilla;5.3.2.-Robos con violencia en viviendas;2021;139
Sevilla;5.3.2.-Robos con violencia en viviendas;2020;127
Sevilla;5.3.2.-Robos con violencia en viviendas;2019;169
Sevilla;5.3.2.-Robos con violencia en viviendas;2018;154
Sevilla;5.3.3.-Robos con violencia en establecimientos;2024;318
Sevilla;5.3.3.-Robos con violencia en establecimientos;2023;334
Sevilla;5.3.3.-Robos con violencia en establecimientos;2022;323
Sevilla;5.3.3.-Robos con violencia en establecimientos;2021;261
Sevilla;5.3.3.-Robos con violencia en establecimientos;2020;308
Sevilla;5.3.3.-Robos con violencia en establecimientos;2019;382
Sevilla;5.3.3.-Robos con violencia en establecimientos;2018;338
Sevilla;5.4.-Sustracción de vehículos;2024;1.724
Sevilla;5.4.-Sustracción de vehículos;2023;1.686
Sevilla;5.4.-Sustracción de vehículos;2022;1.389
Sevilla;5.4.-Sustracción de vehículos;2021;1.309
Sevilla;5.4.-Sustracción de vehículos;2020;1.458
Sevilla;5.4.-Sustracción de vehículos;2019;1.917
Sevilla;5.4.-Sustracción de vehículos;2018;1.605
Sevilla;5.5.-Estafas;2024;19.738
Sevilla;5.5.-Estafas;2023;20.414
Sevilla;5.5.-Estafas;2022;17.531
Sevilla;5.5.-Estafas;2021;11.901
Sevilla;5.5.-Estafas;2020;11.072
Sevilla;5.5.-Estafas;2019;9.707
Sevilla;5.5.-Estafas;2018;8.412
Sevilla;5.5.1.-Estafas informáticas;2024;16.998
Sevilla;5.5.1.-Estafas informáticas;2023;17.022
Sevilla;5.5.1.-Estafas informáticas;2022;12.850
Sevilla;5.5.1.-Estafas informáticas;2021;8.626
Sevilla;5.5.1.-Estafas informáticas;2020;8.040
Sevilla;5.5.1.-Estafas informáticas;2019;5.694
Sevilla;5.5.1.-Estafas informáticas;2018;3.194
Sevilla;5.6.-Daños;2024;7.859
Sevilla;5.6.-Daños;2023;7.875
Sevilla;5.6.-Daños;2022;7.908
Sevilla;5.6.-Daños;2021;7.092
Sevilla;5.6.-Daños;2020;6.448
Sevilla;5.6.-Daños;2019;7.256
Sevilla;5.6.-Daños;2018;7.719
Sevilla;5.7.-Contra la propiedad intelectual/industrial;2024;42
Sevilla;5.7.-Contra la propiedad intelectual/industrial;2023;25
Sevilla;5.7.-Contra la propiedad intelectual/industrial;2022;18
Sevilla;5.7.-Contra la propiedad intelectual/industrial;2021;17
Sevilla;5.7.-Contra la propiedad intelectual/industrial;2020;17
Sevilla;5.7.-Contra la propiedad intelectual/industrial;2019;31
Sevilla;5.7.-Contra la propiedad intelectual/industrial;2018;32
Sevilla;5.8.-Blanqueo de capitales;2024;32
Sevilla;5.8.-Blanqueo de capitales;2023;6
Sevilla;5.8.-Blanqueo de capitales;2022;13
Sevilla;5.8.-Blanqueo de capitales;2021;10
Sevilla;5.8.-Blanqueo de capitales;2020;11
Sevilla;5.8.-Blanqueo de capitales;2019;7
Sevilla;5.8.-Blanqueo de capitales;2018;18
Sevilla;5.9.-Otros contra el patrimonio;2024;2.630
Sevilla;5.9.-Otros contra el patrimonio;2023;2.654
Sevilla;5.9.-Otros contra el patrimonio;2022;2.537
Sevilla;5.9.-Otros contra el patrimonio;2021;2.256
Sevilla;5.9.-Otros contra el patrimonio;2020;2.214
Sevilla;5.9.-Otros contra el patrimonio;2019;2.413
Sevilla;5.9.-Otros contra el patrimonio;2018;2.372
Sevilla;6. SEGURIDAD COLECTIVA;2024;2.950
Sevilla;6. SEGURIDAD COLECTIVA;2023;2.765
Sevilla;6. SEGURIDAD COLECTIVA;2022;2.606
Sevilla;6. SEGURIDAD COLECTIVA;2021;2.642
Sevilla;6. SEGURIDAD COLECTIVA;2020;2.393
Sevilla;6. SEGURIDAD COLECTIVA;2019;2.621
Sevilla;6. SEGURIDAD COLECTIVA;2018;2.628
Sevilla;6.1.-Tráfico de drogas;2024;624
Sevilla;6.1.-Tráfico de drogas;2023;618
Sevilla;6.1.-Tráfico de drogas;2022;597
Sevilla;6.1.-Tráfico de drogas;2021;642
Sevilla;6.1.-Tráfico de drogas;2020;547
Sevilla;6.1.-Tráfico de drogas;2019;530
Sevilla;6.1.-Tráfico de drogas;2018;412
Sevilla;6.2.-Contra la seguridad vial;2024;2.186
Sevilla;6.2.-Contra la seguridad vial;2023;2.079
Sevilla;6.2.-Contra la seguridad vial;2022;1.932
Sevilla;6.2.-Contra la seguridad vial;2021;1.903
Sevilla;6.2.-Contra la seguridad vial;2020;1.774
Sevilla;6.2.-Contra la seguridad vial;2019;2.007
Sevilla;6.2.-Contra la seguridad vial;2018;2.120
Sevilla;6.3.-Otros contra la seguridad colectiva;2024;140
Sevilla;6.3.-Otros contra la seguridad colectiva;2023;68
Sevilla;6.3.-Otros contra la seguridad colectiva;2022;77
Sevilla;6.3.-Otros contra la seguridad colectiva;2021;97
Sevilla;6.3.-Otros contra la seguridad colectiva;2020;72
Sevilla;6.3.-Otros contra la seguridad colectiva;2019;84
Sevilla;6.3.-Otros contra la seguridad colectiva;2018;96
Sevilla;7. FALSEDADES;2024;945
Sevilla;7. FALSEDADES;2023;829
Sevilla;7. FALSEDADES;2022;856
Sevilla;7. FALSEDADES;2021;708
Sevilla;7. FALSEDADES;2020;554
Sevilla;7. FALSEDADES;2019;622
Sevilla;7. FALSEDADES;2018;481
Sevilla;8. ADMÓN. PÚBLICA;2024;18
Sevilla;8. ADMÓN. PÚBLICA;2023;12
Sevilla;8. ADMÓN. PÚBLICA;2022;12
Sevilla;8. ADMÓN. PÚBLICA;2021;11
Sevilla;8. ADMÓN. PÚBLICA;2020;13
Sevilla;8. ADMÓN. PÚBLICA;2019;13
Sevilla;8. ADMÓN. PÚBLICA;2018;30
Sevilla;9. ADMÓN. JUSTICIA;2024;1.755
Sevilla;9. ADMÓN. JUSTICIA;2023;1.645
Sevilla;9. ADMÓN. JUSTICIA;2022;1.481
Sevilla;9. ADMÓN. JUSTICIA;2021;1.258
Sevilla;9. ADMÓN. JUSTICIA;2020;1.312
Sevilla;9. ADMÓN. JUSTICIA;2019;1.239
Sevilla;9. ADMÓN. JUSTICIA;2018;1.228
Sevilla;10. ORDEN PÚBLICO;2024;1.031
Sevilla;10. ORDEN PÚBLICO;2023;1.044
Sevilla;10. ORDEN PÚBLICO;2022;962
Sevilla;10. ORDEN PÚBLICO;2021;858
Sevilla;10. ORDEN PÚBLICO;2020;1.064
Sevilla;10. ORDEN PÚBLICO;2019;754
Sevilla;10. ORDEN PÚBLICO;2018;669
Sevilla;11. LEGISLACIÓN ESPECIAL;2024;18
Sevilla;11. LEGISLACIÓN ESPECIAL;2023;15
Sevilla;11. LEGISLACIÓN ESPECIAL;2022;32
Sevilla;11. LEGISLACIÓN ESPECIAL;2021;31
Sevilla;11. LEGISLACIÓN ESPECIAL;2020;38
Sevilla;11. LEGISLACIÓN ESPECIAL;2019;34
Sevilla;11. LEGISLACIÓN ESPECIAL;2018;24
Sevilla;12. OTRAS INFRACCIONES PENALES;2024;689
Sevilla;12. OTRAS INFRACCIONES PENALES;2023;636
Sevilla;12. OTRAS INFRACCIONES PENALES;2022;548
Sevilla;12. OTRAS INFRACCIONES PENALES;2021;625
Sevilla;12. OTRAS INFRACCIONES PENALES;2020;568
Sevilla;12. OTRAS INFRACCIONES PENALES;2019;520
Sevilla;12. OTRAS INFRACCIONES PENALES;2018;482
Sevilla;TOTAL INFRACCIONES PENALES;2024;100.401
Sevilla;TOTAL INFRACCIONES PENALES;2023;102.860
Sevilla;TOTAL INFRACCIONES PENALES;2022;94.108
Sevilla;TOTAL INFRACCIONES PENALES;2021;76.769
Sevilla;TOTAL INFRACCIONES PENALES;2020;72.490
Sevilla;TOTAL INFRACCIONES PENALES;2019;87.222
Sevilla;TOTAL INFRACCIONES PENALES;2018;82.303
Soria;1. CONTRA LAS PERSONAS;2024;404
Soria;1. CONTRA LAS PERSONAS;2023;369
Soria;1. CONTRA LAS PERSONAS;2022;406
Soria;1. CONTRA LAS PERSONAS;2021;299
Soria;1. CONTRA LAS PERSONAS;2020;255
Soria;1. CONTRA LAS PERSONAS;2019;267
Soria;1. CONTRA LAS PERSONAS;2018;266
Soria;1.1.-Homicidios dolosos/asesinatos;2024;4
Soria;1.1.-Homicidios dolosos/asesinatos;2023;4
Soria;1.1.-Homicidios dolosos/asesinatos;2022;2
Soria;1.1.-Homicidios dolosos/asesinatos;2021;1
Soria;1.1.-Homicidios dolosos/asesinatos;2020;1
Soria;1.1.-Homicidios dolosos/asesinatos;2019;2
Soria;1.1.-Homicidios dolosos/asesinatos;2018;0
Soria;1.1.1.-Homicidios dolosos/asesinatos consumados;2024;0
Soria;1.1.1.-Homicidios dolosos/asesinatos consumados;2023;0
Soria;1.1.1.-Homicidios dolosos/asesinatos consumados;2022;2
Soria;1.1.1.-Homicidios dolosos/asesinatos consumados;2021;1
Soria;1.1.1.-Homicidios dolosos/asesinatos consumados;2020;0
Soria;1.1.1.-Homicidios dolosos/asesinatos consumados;2019;1
Soria;1.1.1.-Homicidios dolosos/asesinatos consumados;2018;0
Soria;1.2.-Lesiones;2024;222
Soria;1.2.-Lesiones;2023;201
Soria;1.2.-Lesiones;2022;199
Soria;1.2.-Lesiones;2021;145
Soria;1.2.-Lesiones;2020;122
Soria;1.2.-Lesiones;2019;162
Soria;1.2.-Lesiones;2018;164
Soria;1.3.-Malos tratos ámbito familiar;2024;168
Soria;1.3.-Malos tratos ámbito familiar;2023;152
Soria;1.3.-Malos tratos ámbito familiar;2022;196
Soria;1.3.-Malos tratos ámbito familiar;2021;143
Soria;1.3.-Malos tratos ámbito familiar;2020;126
Soria;1.3.-Malos tratos ámbito familiar;2019;96
Soria;1.3.-Malos tratos ámbito familiar;2018;90
Soria;1.4.-Otros contra las personas;2024;10
Soria;1.4.-Otros contra las personas;2023;12
Soria;1.4.-Otros contra las personas;2022;9
Soria;1.4.-Otros contra las personas;2021;10
Soria;1.4.-Otros contra las personas;2020;6
Soria;1.4.-Otros contra las personas;2019;7
Soria;1.4.-Otros contra las personas;2018;12
Soria;2. CONTRA LA LIBERTAD;2024;214
Soria;2. CONTRA LA LIBERTAD;2023;202
Soria;2. CONTRA LA LIBERTAD;2022;205
Soria;2. CONTRA LA LIBERTAD;2021;167
Soria;2. CONTRA LA LIBERTAD;2020;156
Soria;2. CONTRA LA LIBERTAD;2019;154
Soria;2. CONTRA LA LIBERTAD;2018;145
Soria;2.1.-Malos tratos habituales en el ámbito familiar;2024;14
Soria;2.1.-Malos tratos habituales en el ámbito familiar;2023;15
Soria;2.1.-Malos tratos habituales en el ámbito familiar;2022;15
Soria;2.1.-Malos tratos habituales en el ámbito familiar;2021;17
Soria;2.1.-Malos tratos habituales en el ámbito familiar;2020;23
Soria;2.1.-Malos tratos habituales en el ámbito familiar;2019;22
Soria;2.1.-Malos tratos habituales en el ámbito familiar;2018;17
Soria;2.2.-Otros contra la libertad;2024;200
Soria;2.2.-Otros contra la libertad;2023;187
Soria;2.2.-Otros contra la libertad;2022;190
Soria;2.2.-Otros contra la libertad;2021;150
Soria;2.2.-Otros contra la libertad;2020;133
Soria;2.2.-Otros contra la libertad;2019;132
Soria;2.2.-Otros contra la libertad;2018;128
Soria;3. LIBERTAD SEXUAL;2024;36
Soria;3. LIBERTAD SEXUAL;2023;32
Soria;3. LIBERTAD SEXUAL;2022;37
Soria;3. LIBERTAD SEXUAL;2021;25
Soria;3. LIBERTAD SEXUAL;2020;14
Soria;3. LIBERTAD SEXUAL;2019;20
Soria;3. LIBERTAD SEXUAL;2018;13
Soria;3.1.-Agresión sexual;2024;22
Soria;3.1.-Agresión sexual;2023;20
Soria;3.1.-Agresión sexual;2022;27
Soria;3.1.-Agresión sexual;2021;13
Soria;3.1.-Agresión sexual;2020;5
Soria;3.1.-Agresión sexual;2019;12
Soria;3.1.-Agresión sexual;2018;7
Soria;3.2.-Agresión sexual con penetración;2024;2
Soria;3.2.-Agresión sexual con penetración;2023;8
Soria;3.2.-Agresión sexual con penetración;2022;6
Soria;3.2.-Agresión sexual con penetración;2021;5
Soria;3.2.-Agresión sexual con penetración;2020;0
Soria;3.2.-Agresión sexual con penetración;2019;4
Soria;3.2.-Agresión sexual con penetración;2018;1
Soria;3.3.-Corrupción de menores o incapacitados;2024;2
Soria;3.3.-Corrupción de menores o incapacitados;2023;0
Soria;3.3.-Corrupción de menores o incapacitados;2022;1
Soria;3.3.-Corrupción de menores o incapacitados;2021;1
Soria;3.3.-Corrupción de menores o incapacitados;2020;0
Soria;3.3.-Corrupción de menores o incapacitados;2019;0
Soria;3.3.-Corrupción de menores o incapacitados;2018;0
Soria;3.4.-Pornografía de menores;2024;0
Soria;3.4.-Pornografía de menores;2023;0
Soria;3.4.-Pornografía de menores;2022;1
Soria;3.4.-Pornografía de menores;2021;1
Soria;3.4.-Pornografía de menores;2020;2
Soria;3.4.-Pornografía de menores;2019;1
Soria;3.4.-Pornografía de menores;2018;3
Soria;3.5.-Otros contra la libertad sexual;2024;10
Soria;3.5.-Otros contra la libertad sexual;2023;4
Soria;3.5.-Otros contra la libertad sexual;2022;2
Soria;3.5.-Otros contra la libertad sexual;2021;5
Soria;3.5.-Otros contra la libertad sexual;2020;7
Soria;3.5.-Otros contra la libertad sexual;2019;3
Soria;3.5.-Otros contra la libertad sexual;2018;2
Soria;4. RELACIONES FAMILIARES;2024;9
Soria;4. RELACIONES FAMILIARES;2023;10
Soria;4. RELACIONES FAMILIARES;2022;4
Soria;4. RELACIONES FAMILIARES;2021;3
Soria;4. RELACIONES FAMILIARES;2020;5
Soria;4. RELACIONES FAMILIARES;2019;4
Soria;4. RELACIONES FAMILIARES;2018;7
Soria;5. PATRIMONIO;2024;2.419
Soria;5. PATRIMONIO;2023;2.636
Soria;5. PATRIMONIO;2022;2.376
Soria;5. PATRIMONIO;2021;1.716
Soria;5. PATRIMONIO;2020;1.542
Soria;5. PATRIMONIO;2019;1.862
Soria;5. PATRIMONIO;2018;1.644
Soria;5.1.-Hurtos;2024;470
Soria;5.1.-Hurtos;2023;516
Soria;5.1.-Hurtos;2022;515
Soria;5.1.-Hurtos;2021;341
Soria;5.1.-Hurtos;2020;269
Soria;5.1.-Hurtos;2019;515
Soria;5.1.-Hurtos;2018;460
Soria;5.2.-Robos con fuerza en las cosas;2024;410
Soria;5.2.-Robos con fuerza en las cosas;2023;345
Soria;5.2.-Robos con fuerza en las cosas;2022;297
Soria;5.2.-Robos con fuerza en las cosas;2021;205
Soria;5.2.-Robos con fuerza en las cosas;2020;204
Soria;5.2.-Robos con fuerza en las cosas;2019;294
Soria;5.2.-Robos con fuerza en las cosas;2018;331
Soria;5.2.1.-Robos con fuerza en las cosas en el interior de vehículos;2024;33
Soria;5.2.1.-Robos con fuerza en las cosas en el interior de vehículos;2023;24
Soria;5.2.1.-Robos con fuerza en las cosas en el interior de vehículos;2022;29
Soria;5.2.1.-Robos con fuerza en las cosas en el interior de vehículos;2021;16
Soria;5.2.1.-Robos con fuerza en las cosas en el interior de vehículos;2020;22
Soria;5.2.1.-Robos con fuerza en las cosas en el interior de vehículos;2019;38
Soria;5.2.1.-Robos con fuerza en las cosas en el interior de vehículos;2018;44
Soria;5.2.2.-Robos con fuerza en viviendas;2024;148
Soria;5.2.2.-Robos con fuerza en viviendas;2023;132
Soria;5.2.2.-Robos con fuerza en viviendas;2022;97
Soria;5.2.2.-Robos con fuerza en viviendas;2021;71
Soria;5.2.2.-Robos con fuerza en viviendas;2020;55
Soria;5.2.2.-Robos con fuerza en viviendas;2019;93
Soria;5.2.2.-Robos con fuerza en viviendas;2018;86
Soria;5.2.3.-Robos con fuerza en establecimientos;2024;78
Soria;5.2.3.-Robos con fuerza en establecimientos;2023;55
Soria;5.2.3.-Robos con fuerza en establecimientos;2022;37
Soria;5.2.3.-Robos con fuerza en establecimientos;2021;34
Soria;5.2.3.-Robos con fuerza en establecimientos;2020;44
Soria;5.2.3.-Robos con fuerza en establecimientos;2019;54
Soria;5.2.3.-Robos con fuerza en establecimientos;2018;73
Soria;5.3.-Robos con violencia o intimidación;2024;18
Soria;5.3.-Robos con violencia o intimidación;2023;21
Soria;5.3.-Robos con violencia o intimidación;2022;7
Soria;5.3.-Robos con violencia o intimidación;2021;21
Soria;5.3.-Robos con violencia o intimidación;2020;12
Soria;5.3.-Robos con violencia o intimidación;2019;12
Soria;5.3.-Robos con violencia o intimidación;2018;10
Soria;5.3.1.-Robos con violencia en vía pública;2024;7
Soria;5.3.1.-Robos con violencia en vía pública;2023;12
Soria;5.3.1.-Robos con violencia en vía pública;2022;5
Soria;5.3.1.-Robos con violencia en vía pública;2021;14
Soria;5.3.1.-Robos con violencia en vía pública;2020;8
Soria;5.3.1.-Robos con violencia en vía pública;2019;11
Soria;5.3.1.-Robos con violencia en vía pública;2018;7
Soria;5.3.2.-Robos con violencia en viviendas;2024;3
Soria;5.3.2.-Robos con violencia en viviendas;2023;6
Soria;5.3.2.-Robos con violencia en viviendas;2022;0
Soria;5.3.2.-Robos con violencia en viviendas;2021;1
Soria;5.3.2.-Robos con violencia en viviendas;2020;1
Soria;5.3.2.-Robos con violencia en viviendas;2019;0
Soria;5.3.2.-Robos con violencia en viviendas;2018;0
Soria;5.3.3.-Robos con violencia en establecimientos;2024;3
Soria;5.3.3.-Robos con violencia en establecimientos;2023;2
Soria;5.3.3.-Robos con violencia en establecimientos;2022;2
Soria;5.3.3.-Robos con violencia en establecimientos;2021;1
Soria;5.3.3.-Robos con violencia en establecimientos;2020;0
Soria;5.3.3.-Robos con violencia en establecimientos;2019;0
Soria;5.3.3.-Robos con violencia en establecimientos;2018;0
Soria;5.4.-Sustracción de vehículos;2024;6
Soria;5.4.-Sustracción de vehículos;2023;16
Soria;5.4.-Sustracción de vehículos;2022;19
Soria;5.4.-Sustracción de vehículos;2021;12
Soria;5.4.-Sustracción de vehículos;2020;3
Soria;5.4.-Sustracción de vehículos;2019;9
Soria;5.4.-Sustracción de vehículos;2018;16
Soria;5.5.-Estafas;2024;1.012
Soria;5.5.-Estafas;2023;1.213
Soria;5.5.-Estafas;2022;1.122
Soria;5.5.-Estafas;2021;794
Soria;5.5.-Estafas;2020;796
Soria;5.5.-Estafas;2019;665
Soria;5.5.-Estafas;2018;482
Soria;5.5.1.-Estafas informáticas;2024;893
Soria;5.5.1.-Estafas informáticas;2023;1.120
Soria;5.5.1.-Estafas informáticas;2022;961
Soria;5.5.1.-Estafas informáticas;2021;614
Soria;5.5.1.-Estafas informáticas;2020;653
Soria;5.5.1.-Estafas informáticas;2019;499
Soria;5.5.1.-Estafas informáticas;2018;299
Soria;5.6.-Daños;2024;437
Soria;5.6.-Daños;2023;434
Soria;5.6.-Daños;2022;343
Soria;5.6.-Daños;2021;285
Soria;5.6.-Daños;2020;223
Soria;5.6.-Daños;2019;327
Soria;5.6.-Daños;2018;314
Soria;5.7.-Contra la propiedad intelectual/industrial;2024;4
Soria;5.7.-Contra la propiedad intelectual/industrial;2023;6
Soria;5.7.-Contra la propiedad intelectual/industrial;2022;1
Soria;5.7.-Contra la propiedad intelectual/industrial;2021;1
Soria;5.7.-Contra la propiedad intelectual/industrial;2020;0
Soria;5.7.-Contra la propiedad intelectual/industrial;2019;1
Soria;5.7.-Contra la propiedad intelectual/industrial;2018;1
Soria;5.8.-Blanqueo de capitales;2024;1
Soria;5.8.-Blanqueo de capitales;2023;1
Soria;5.8.-Blanqueo de capitales;2022;0
Soria;5.8.-Blanqueo de capitales;2021;0
Soria;5.8.-Blanqueo de capitales;2020;1
Soria;5.8.-Blanqueo de capitales;2019;0
Soria;5.8.-Blanqueo de capitales;2018;0
Soria;5.9.-Otros contra el patrimonio;2024;61
Soria;5.9.-Otros contra el patrimonio;2023;84
Soria;5.9.-Otros contra el patrimonio;2022;72
Soria;5.9.-Otros contra el patrimonio;2021;57
Soria;5.9.-Otros contra el patrimonio;2020;34
Soria;5.9.-Otros contra el patrimonio;2019;39
Soria;5.9.-Otros contra el patrimonio;2018;30
Soria;6. SEGURIDAD COLECTIVA;2024;171
Soria;6. SEGURIDAD COLECTIVA;2023;181
Soria;6. SEGURIDAD COLECTIVA;2022;160
Soria;6. SEGURIDAD COLECTIVA;2021;128
Soria;6. SEGURIDAD COLECTIVA;2020;99
Soria;6. SEGURIDAD COLECTIVA;2019;136
Soria;6. SEGURIDAD COLECTIVA;2018;102
Soria;6.1.-Tráfico de drogas;2024;30
Soria;6.1.-Tráfico de drogas;2023;29
Soria;6.1.-Tráfico de drogas;2022;25
Soria;6.1.-Tráfico de drogas;2021;8
Soria;6.1.-Tráfico de drogas;2020;20
Soria;6.1.-Tráfico de drogas;2019;13
Soria;6.1.-Tráfico de drogas;2018;8
Soria;6.2.-Contra la seguridad vial;2024;129
Soria;6.2.-Contra la seguridad vial;2023;148
Soria;6.2.-Contra la seguridad vial;2022;127
Soria;6.2.-Contra la seguridad vial;2021;116
Soria;6.2.-Contra la seguridad vial;2020;75
Soria;6.2.-Contra la seguridad vial;2019;117
Soria;6.2.-Contra la seguridad vial;2018;91
Soria;6.3.-Otros contra la seguridad colectiva;2024;12
Soria;6.3.-Otros contra la seguridad colectiva;2023;4
Soria;6.3.-Otros contra la seguridad colectiva;2022;8
Soria;6.3.-Otros contra la seguridad colectiva;2021;4
Soria;6.3.-Otros contra la seguridad colectiva;2020;4
Soria;6.3.-Otros contra la seguridad colectiva;2019;6
Soria;6.3.-Otros contra la seguridad colectiva;2018;3
Soria;7. FALSEDADES;2024;141
Soria;7. FALSEDADES;2023;104
Soria;7. FALSEDADES;2022;60
Soria;7. FALSEDADES;2021;88
Soria;7. FALSEDADES;2020;33
Soria;7. FALSEDADES;2019;31
Soria;7. FALSEDADES;2018;21
Soria;8. ADMÓN. PÚBLICA;2024;1
Soria;8. ADMÓN. PÚBLICA;2023;2
Soria;8. ADMÓN. PÚBLICA;2022;0
Soria;8. ADMÓN. PÚBLICA;2021;0
Soria;8. ADMÓN. PÚBLICA;2020;0
Soria;8. ADMÓN. PÚBLICA;2019;0
Soria;8. ADMÓN. PÚBLICA;2018;2
Soria;9. ADMÓN. JUSTICIA;2024;60
Soria;9. ADMÓN. JUSTICIA;2023;69
Soria;9. ADMÓN. JUSTICIA;2022;54
Soria;9. ADMÓN. JUSTICIA;2021;45
Soria;9. ADMÓN. JUSTICIA;2020;47
Soria;9. ADMÓN. JUSTICIA;2019;47
Soria;9. ADMÓN. JUSTICIA;2018;51
Soria;10. ORDEN PÚBLICO;2024;64
Soria;10. ORDEN PÚBLICO;2023;68
Soria;10. ORDEN PÚBLICO;2022;51
Soria;10. ORDEN PÚBLICO;2021;42
Soria;10. ORDEN PÚBLICO;2020;69
Soria;10. ORDEN PÚBLICO;2019;22
Soria;10. ORDEN PÚBLICO;2018;29
Soria;11. LEGISLACIÓN ESPECIAL;2024;0
Soria;11. LEGISLACIÓN ESPECIAL;2023;0
Soria;11. LEGISLACIÓN ESPECIAL;2022;1
Soria;11. LEGISLACIÓN ESPECIAL;2021;0
Soria;11. LEGISLACIÓN ESPECIAL;2020;0
Soria;11. LEGISLACIÓN ESPECIAL;2019;1
Soria;11. LEGISLACIÓN ESPECIAL;2018;0
Soria;12. OTRAS INFRACCIONES PENALES;2024;40
Soria;12. OTRAS INFRACCIONES PENALES;2023;42
Soria;12. OTRAS INFRACCIONES PENALES;2022;48
Soria;12. OTRAS INFRACCIONES PENALES;2021;37
Soria;12. OTRAS INFRACCIONES PENALES;2020;22
Soria;12. OTRAS INFRACCIONES PENALES;2019;21
Soria;12. OTRAS INFRACCIONES PENALES;2018;45
Soria;TOTAL INFRACCIONES PENALES;2024;3.559
Soria;TOTAL INFRACCIONES PENALES;2023;3.715
Soria;TOTAL INFRACCIONES PENALES;2022;3.402
Soria;TOTAL INFRACCIONES PENALES;2021;2.550
Soria;TOTAL INFRACCIONES PENALES;2020;2.242
Soria;TOTAL INFRACCIONES PENALES;2019;2.565
Soria;TOTAL INFRACCIONES PENALES;2018;2.325
Tarragona;1. CONTRA LAS PERSONAS;2024;3.044
Tarragona;1. CONTRA LAS PERSONAS;2023;3.076
Tarragona;1. CONTRA LAS PERSONAS;2022;2.761
Tarragona;1. CONTRA LAS PERSONAS;2021;2.552
Tarragona;1. CONTRA LAS PERSONAS;2020;1.935
Tarragona;1. CONTRA LAS PERSONAS;2019;2.443
Tarragona;1. CONTRA LAS PERSONAS;2018;2.378
Tarragona;1.1.-Homicidios dolosos/asesinatos;2024;61
Tarragona;1.1.-Homicidios dolosos/asesinatos;2023;52
Tarragona;1.1.-Homicidios dolosos/asesinatos;2022;47
Tarragona;1.1.-Homicidios dolosos/asesinatos;2021;53
Tarragona;1.1.-Homicidios dolosos/asesinatos;2020;21
Tarragona;1.1.-Homicidios dolosos/asesinatos;2019;28
Tarragona;1.1.-Homicidios dolosos/asesinatos;2018;32
Tarragona;1.1.1.-Homicidios dolosos/asesinatos consumados;2024;15
Tarragona;1.1.1.-Homicidios dolosos/asesinatos consumados;2023;14
Tarragona;1.1.1.-Homicidios dolosos/asesinatos consumados;2022;10
Tarragona;1.1.1.-Homicidios dolosos/asesinatos consumados;2021;10
Tarragona;1.1.1.-Homicidios dolosos/asesinatos consumados;2020;3
Tarragona;1.1.1.-Homicidios dolosos/asesinatos consumados;2019;6
Tarragona;1.1.1.-Homicidios dolosos/asesinatos consumados;2018;8
Tarragona;1.2.-Lesiones;2024;1.754
Tarragona;1.2.-Lesiones;2023;1.702
Tarragona;1.2.-Lesiones;2022;1.591
Tarragona;1.2.-Lesiones;2021;1.506
Tarragona;1.2.-Lesiones;2020;1.065
Tarragona;1.2.-Lesiones;2019;1.473
Tarragona;1.2.-Lesiones;2018;1.448
Tarragona;1.3.-Malos tratos ámbito familiar;2024;1.140
Tarragona;1.3.-Malos tratos ámbito familiar;2023;1.248
Tarragona;1.3.-Malos tratos ámbito familiar;2022;1.065
Tarragona;1.3.-Malos tratos ámbito familiar;2021;954
Tarragona;1.3.-Malos tratos ámbito familiar;2020;816
Tarragona;1.3.-Malos tratos ámbito familiar;2019;901
Tarragona;1.3.-Malos tratos ámbito familiar;2018;861
Tarragona;1.4.-Otros contra las personas;2024;89
Tarragona;1.4.-Otros contra las personas;2023;74
Tarragona;1.4.-Otros contra las personas;2022;58
Tarragona;1.4.-Otros contra las personas;2021;39
Tarragona;1.4.-Otros contra las personas;2020;33
Tarragona;1.4.-Otros contra las personas;2019;41
Tarragona;1.4.-Otros contra las personas;2018;37
Tarragona;2. CONTRA LA LIBERTAD;2024;2.958
Tarragona;2. CONTRA LA LIBERTAD;2023;2.817
Tarragona;2. CONTRA LA LIBERTAD;2022;2.711
Tarragona;2. CONTRA LA LIBERTAD;2021;2.613
Tarragona;2. CONTRA LA LIBERTAD;2020;2.048
Tarragona;2. CONTRA LA LIBERTAD;2019;2.287
Tarragona;2. CONTRA LA LIBERTAD;2018;2.333
Tarragona;2.1.-Malos tratos habituales en el ámbito familiar;2024;131
Tarragona;2.1.-Malos tratos habituales en el ámbito familiar;2023;163
Tarragona;2.1.-Malos tratos habituales en el ámbito familiar;2022;183
Tarragona;2.1.-Malos tratos habituales en el ámbito familiar;2021;176
Tarragona;2.1.-Malos tratos habituales en el ámbito familiar;2020;144
Tarragona;2.1.-Malos tratos habituales en el ámbito familiar;2019;157
Tarragona;2.1.-Malos tratos habituales en el ámbito familiar;2018;181
Tarragona;2.2.-Otros contra la libertad;2024;2.827
Tarragona;2.2.-Otros contra la libertad;2023;2.654
Tarragona;2.2.-Otros contra la libertad;2022;2.528
Tarragona;2.2.-Otros contra la libertad;2021;2.437
Tarragona;2.2.-Otros contra la libertad;2020;1.904
Tarragona;2.2.-Otros contra la libertad;2019;2.130
Tarragona;2.2.-Otros contra la libertad;2018;2.152
Tarragona;3. LIBERTAD SEXUAL;2024;490
Tarragona;3. LIBERTAD SEXUAL;2023;449
Tarragona;3. LIBERTAD SEXUAL;2022;441
Tarragona;3. LIBERTAD SEXUAL;2021;390
Tarragona;3. LIBERTAD SEXUAL;2020;263
Tarragona;3. LIBERTAD SEXUAL;2019;321
Tarragona;3. LIBERTAD SEXUAL;2018;239
Tarragona;3.1.-Agresión sexual;2024;226
Tarragona;3.1.-Agresión sexual;2023;229
Tarragona;3.1.-Agresión sexual;2022;222
Tarragona;3.1.-Agresión sexual;2021;198
Tarragona;3.1.-Agresión sexual;2020;141
Tarragona;3.1.-Agresión sexual;2019;168
Tarragona;3.1.-Agresión sexual;2018;122
Tarragona;3.2.-Agresión sexual con penetración;2024;187
Tarragona;3.2.-Agresión sexual con penetración;2023;149
Tarragona;3.2.-Agresión sexual con penetración;2022;153
Tarragona;3.2.-Agresión sexual con penetración;2021;125
Tarragona;3.2.-Agresión sexual con penetración;2020;74
Tarragona;3.2.-Agresión sexual con penetración;2019;98
Tarragona;3.2.-Agresión sexual con penetración;2018;73
Tarragona;3.3.-Corrupción de menores o incapacitados;2024;3
Tarragona;3.3.-Corrupción de menores o incapacitados;2023;0
Tarragona;3.3.-Corrupción de menores o incapacitados;2022;3
Tarragona;3.3.-Corrupción de menores o incapacitados;2021;1
Tarragona;3.3.-Corrupción de menores o incapacitados;2020;0
Tarragona;3.3.-Corrupción de menores o incapacitados;2019;0
Tarragona;3.3.-Corrupción de menores o incapacitados;2018;1
Tarragona;3.4.-Pornografía de menores;2024;17
Tarragona;3.4.-Pornografía de menores;2023;15
Tarragona;3.4.-Pornografía de menores;2022;14
Tarragona;3.4.-Pornografía de menores;2021;6
Tarragona;3.4.-Pornografía de menores;2020;16
Tarragona;3.4.-Pornografía de menores;2019;20
Tarragona;3.4.-Pornografía de menores;2018;19
Tarragona;3.5.-Otros contra la libertad sexual;2024;57
Tarragona;3.5.-Otros contra la libertad sexual;2023;56
Tarragona;3.5.-Otros contra la libertad sexual;2022;49
Tarragona;3.5.-Otros contra la libertad sexual;2021;60
Tarragona;3.5.-Otros contra la libertad sexual;2020;32
Tarragona;3.5.-Otros contra la libertad sexual;2019;35
Tarragona;3.5.-Otros contra la libertad sexual;2018;24
Tarragona;4. RELACIONES FAMILIARES;2024;149
Tarragona;4. RELACIONES FAMILIARES;2023;141
Tarragona;4. RELACIONES FAMILIARES;2022;159
Tarragona;4. RELACIONES FAMILIARES;2021;171
Tarragona;4. RELACIONES FAMILIARES;2020;144
Tarragona;4. RELACIONES FAMILIARES;2019;187
Tarragona;4. RELACIONES FAMILIARES;2018;207
Tarragona;5. PATRIMONIO;2024;36.975
Tarragona;5. PATRIMONIO;2023;36.628
Tarragona;5. PATRIMONIO;2022;33.198
Tarragona;5. PATRIMONIO;2021;27.640
Tarragona;5. PATRIMONIO;2020;25.522
Tarragona;5. PATRIMONIO;2019;31.398
Tarragona;5. PATRIMONIO;2018;32.032
Tarragona;5.1.-Hurtos;2024;10.650
Tarragona;5.1.-Hurtos;2023;10.706
Tarragona;5.1.-Hurtos;2022;10.196
Tarragona;5.1.-Hurtos;2021;7.648
Tarragona;5.1.-Hurtos;2020;6.717
Tarragona;5.1.-Hurtos;2019;9.382
Tarragona;5.1.-Hurtos;2018;9.761
Tarragona;5.2.-Robos con fuerza en las cosas;2024;7.666
Tarragona;5.2.-Robos con fuerza en las cosas;2023;7.745
Tarragona;5.2.-Robos con fuerza en las cosas;2022;7.650
Tarragona;5.2.-Robos con fuerza en las cosas;2021;6.633
Tarragona;5.2.-Robos con fuerza en las cosas;2020;6.814
Tarragona;5.2.-Robos con fuerza en las cosas;2019;8.917
Tarragona;5.2.-Robos con fuerza en las cosas;2018;9.260
Tarragona;5.2.1.-Robos con fuerza en las cosas en el interior de vehículos;2024;3.280
Tarragona;5.2.1.-Robos con fuerza en las cosas en el interior de vehículos;2023;2.741
Tarragona;5.2.1.-Robos con fuerza en las cosas en el interior de vehículos;2022;2.801
Tarragona;5.2.1.-Robos con fuerza en las cosas en el interior de vehículos;2021;2.420
Tarragona;5.2.1.-Robos con fuerza en las cosas en el interior de vehículos;2020;18
Tarragona;5.2.1.-Robos con fuerza en las cosas en el interior de vehículos;2019;3.004
Tarragona;5.2.1.-Robos con fuerza en las cosas en el interior de vehículos;2018;3.195
Tarragona;5.2.2.-Robos con fuerza en viviendas;2024;2.478
Tarragona;5.2.2.-Robos con fuerza en viviendas;2023;2.814
Tarragona;5.2.2.-Robos con fuerza en viviendas;2022;2.960
Tarragona;5.2.2.-Robos con fuerza en viviendas;2021;2.582
Tarragona;5.2.2.-Robos con fuerza en viviendas;2020;2.917
Tarragona;5.2.2.-Robos con fuerza en viviendas;2019;3.280
Tarragona;5.2.2.-Robos con fuerza en viviendas;2018;3.544
Tarragona;5.2.3.-Robos con fuerza en establecimientos;2024;732
Tarragona;5.2.3.-Robos con fuerza en establecimientos;2023;911
Tarragona;5.2.3.-Robos con fuerza en establecimientos;2022;723
Tarragona;5.2.3.-Robos con fuerza en establecimientos;2021;605
Tarragona;5.2.3.-Robos con fuerza en establecimientos;2020;664
Tarragona;5.2.3.-Robos con fuerza en establecimientos;2019;1
Tarragona;5.2.3.-Robos con fuerza en establecimientos;2018;2
Tarragona;5.3.-Robos con violencia o intimidación;2024;1.238
Tarragona;5.3.-Robos con violencia o intimidación;2023;1.180
Tarragona;5.3.-Robos con violencia o intimidación;2022;1.101
Tarragona;5.3.-Robos con violencia o intimidación;2021;887
Tarragona;5.3.-Robos con violencia o intimidación;2020;794
Tarragona;5.3.-Robos con violencia o intimidación;2019;1.048
Tarragona;5.3.-Robos con violencia o intimidación;2018;990
Tarragona;5.3.1.-Robos con violencia en vía pública;2024;743
Tarragona;5.3.1.-Robos con violencia en vía pública;2023;730
Tarragona;5.3.1.-Robos con violencia en vía pública;2022;685
Tarragona;5.3.1.-Robos con violencia en vía pública;2021;497
Tarragona;5.3.1.-Robos con violencia en vía pública;2020;495
Tarragona;5.3.1.-Robos con violencia en vía pública;2019;2
Tarragona;5.3.1.-Robos con violencia en vía pública;2018;0
Tarragona;5.3.2.-Robos con violencia en viviendas;2024;95
Tarragona;5.3.2.-Robos con violencia en viviendas;2023;87
Tarragona;5.3.2.-Robos con violencia en viviendas;2022;78
Tarragona;5.3.2.-Robos con violencia en viviendas;2021;84
Tarragona;5.3.2.-Robos con violencia en viviendas;2020;84
Tarragona;5.3.2.-Robos con violencia en viviendas;2019;67
Tarragona;5.3.2.-Robos con violencia en viviendas;2018;57
Tarragona;5.3.3.-Robos con violencia en establecimientos;2024;222
Tarragona;5.3.3.-Robos con violencia en establecimientos;2023;207
Tarragona;5.3.3.-Robos con violencia en establecimientos;2022;173
Tarragona;5.3.3.-Robos con violencia en establecimientos;2021;145
Tarragona;5.3.3.-Robos con violencia en establecimientos;2020;99
Tarragona;5.3.3.-Robos con violencia en establecimientos;2019;1
Tarragona;5.3.3.-Robos con violencia en establecimientos;2018;0
Tarragona;5.4.-Sustracción de vehículos;2024;690
Tarragona;5.4.-Sustracción de vehículos;2023;558
Tarragona;5.4.-Sustracción de vehículos;2022;490
Tarragona;5.4.-Sustracción de vehículos;2021;446
Tarragona;5.4.-Sustracción de vehículos;2020;406
Tarragona;5.4.-Sustracción de vehículos;2019;466
Tarragona;5.4.-Sustracción de vehículos;2018;441
Tarragona;5.5.-Estafas;2024;10.467
Tarragona;5.5.-Estafas;2023;10.651
Tarragona;5.5.-Estafas;2022;8.282
Tarragona;5.5.-Estafas;2021;6.619
Tarragona;5.5.-Estafas;2020;5.980
Tarragona;5.5.-Estafas;2019;5.867
Tarragona;5.5.-Estafas;2018;6.056
Tarragona;5.5.1.-Estafas informáticas;2024;7.152
Tarragona;5.5.1.-Estafas informáticas;2023;7.586
Tarragona;5.5.1.-Estafas informáticas;2022;5.906
Tarragona;5.5.1.-Estafas informáticas;2021;4.626
Tarragona;5.5.1.-Estafas informáticas;2020;4.486
Tarragona;5.5.1.-Estafas informáticas;2019;3.732
Tarragona;5.5.1.-Estafas informáticas;2018;3.803
Tarragona;5.6.-Daños;2024;4.623
Tarragona;5.6.-Daños;2023;4.331
Tarragona;5.6.-Daños;2022;4.116
Tarragona;5.6.-Daños;2021;4.170
Tarragona;5.6.-Daños;2020;3.500
Tarragona;5.6.-Daños;2019;4.273
Tarragona;5.6.-Daños;2018;4.195
Tarragona;5.7.-Contra la propiedad intelectual/industrial;2024;59
Tarragona;5.7.-Contra la propiedad intelectual/industrial;2023;50
Tarragona;5.7.-Contra la propiedad intelectual/industrial;2022;44
Tarragona;5.7.-Contra la propiedad intelectual/industrial;2021;84
Tarragona;5.7.-Contra la propiedad intelectual/industrial;2020;34
Tarragona;5.7.-Contra la propiedad intelectual/industrial;2019;44
Tarragona;5.7.-Contra la propiedad intelectual/industrial;2018;87
Tarragona;5.8.-Blanqueo de capitales;2024;22
Tarragona;5.8.-Blanqueo de capitales;2023;5
Tarragona;5.8.-Blanqueo de capitales;2022;7
Tarragona;5.8.-Blanqueo de capitales;2021;4
Tarragona;5.8.-Blanqueo de capitales;2020;6
Tarragona;5.8.-Blanqueo de capitales;2019;1
Tarragona;5.8.-Blanqueo de capitales;2018;3
Tarragona;5.9.-Otros contra el patrimonio;2024;1.560
Tarragona;5.9.-Otros contra el patrimonio;2023;1.402
Tarragona;5.9.-Otros contra el patrimonio;2022;1.312
Tarragona;5.9.-Otros contra el patrimonio;2021;1.149
Tarragona;5.9.-Otros contra el patrimonio;2020;1.271
Tarragona;5.9.-Otros contra el patrimonio;2019;1.400
Tarragona;5.9.-Otros contra el patrimonio;2018;1.239
Tarragona;6. SEGURIDAD COLECTIVA;2024;1.983
Tarragona;6. SEGURIDAD COLECTIVA;2023;1.856
Tarragona;6. SEGURIDAD COLECTIVA;2022;1.944
Tarragona;6. SEGURIDAD COLECTIVA;2021;1.791
Tarragona;6. SEGURIDAD COLECTIVA;2020;1.310
Tarragona;6. SEGURIDAD COLECTIVA;2019;1.562
Tarragona;6. SEGURIDAD COLECTIVA;2018;1.394
Tarragona;6.1.-Tráfico de drogas;2024;504
Tarragona;6.1.-Tráfico de drogas;2023;464
Tarragona;6.1.-Tráfico de drogas;2022;469
Tarragona;6.1.-Tráfico de drogas;2021;498
Tarragona;6.1.-Tráfico de drogas;2020;359
Tarragona;6.1.-Tráfico de drogas;2019;364
Tarragona;6.1.-Tráfico de drogas;2018;275
Tarragona;6.2.-Contra la seguridad vial;2024;1.436
Tarragona;6.2.-Contra la seguridad vial;2023;1.354
Tarragona;6.2.-Contra la seguridad vial;2022;1.441
Tarragona;6.2.-Contra la seguridad vial;2021;1.266
Tarragona;6.2.-Contra la seguridad vial;2020;929
Tarragona;6.2.-Contra la seguridad vial;2019;1.167
Tarragona;6.2.-Contra la seguridad vial;2018;1.095
Tarragona;6.3.-Otros contra la seguridad colectiva;2024;43
Tarragona;6.3.-Otros contra la seguridad colectiva;2023;38
Tarragona;6.3.-Otros contra la seguridad colectiva;2022;34
Tarragona;6.3.-Otros contra la seguridad colectiva;2021;27
Tarragona;6.3.-Otros contra la seguridad colectiva;2020;22
Tarragona;6.3.-Otros contra la seguridad colectiva;2019;31
Tarragona;6.3.-Otros contra la seguridad colectiva;2018;24
Tarragona;7. FALSEDADES;2024;1.047
Tarragona;7. FALSEDADES;2023;570
Tarragona;7. FALSEDADES;2022;555
Tarragona;7. FALSEDADES;2021;531
Tarragona;7. FALSEDADES;2020;289
Tarragona;7. FALSEDADES;2019;358
Tarragona;7. FALSEDADES;2018;322
Tarragona;8. ADMÓN. PÚBLICA;2024;147
Tarragona;8. ADMÓN. PÚBLICA;2023;8
Tarragona;8. ADMÓN. PÚBLICA;2022;11
Tarragona;8. ADMÓN. PÚBLICA;2021;17
Tarragona;8. ADMÓN. PÚBLICA;2020;5
Tarragona;8. ADMÓN. PÚBLICA;2019;13
Tarragona;8. ADMÓN. PÚBLICA;2018;10
Tarragona;9. ADMÓN. JUSTICIA;2024;606
Tarragona;9. ADMÓN. JUSTICIA;2023;645
Tarragona;9. ADMÓN. JUSTICIA;2022;516
Tarragona;9. ADMÓN. JUSTICIA;2021;469
Tarragona;9. ADMÓN. JUSTICIA;2020;446
Tarragona;9. ADMÓN. JUSTICIA;2019;469
Tarragona;9. ADMÓN. JUSTICIA;2018;443
Tarragona;10. ORDEN PÚBLICO;2024;603
Tarragona;10. ORDEN PÚBLICO;2023;530
Tarragona;10. ORDEN PÚBLICO;2022;510
Tarragona;10. ORDEN PÚBLICO;2021;482
Tarragona;10. ORDEN PÚBLICO;2020;427
Tarragona;10. ORDEN PÚBLICO;2019;400
Tarragona;10. ORDEN PÚBLICO;2018;338
Tarragona;11. LEGISLACIÓN ESPECIAL;2024;4
Tarragona;11. LEGISLACIÓN ESPECIAL;2023;4
Tarragona;11. LEGISLACIÓN ESPECIAL;2022;6
Tarragona;11. LEGISLACIÓN ESPECIAL;2021;4
Tarragona;11. LEGISLACIÓN ESPECIAL;2020;1
Tarragona;11. LEGISLACIÓN ESPECIAL;2019;1
Tarragona;11. LEGISLACIÓN ESPECIAL;2018;0
Tarragona;12. OTRAS INFRACCIONES PENALES;2024;194
Tarragona;12. OTRAS INFRACCIONES PENALES;2023;173
Tarragona;12. OTRAS INFRACCIONES PENALES;2022;141
Tarragona;12. OTRAS INFRACCIONES PENALES;2021;122
Tarragona;12. OTRAS INFRACCIONES PENALES;2020;95
Tarragona;12. OTRAS INFRACCIONES PENALES;2019;118
Tarragona;12. OTRAS INFRACCIONES PENALES;2018;95
Tarragona;TOTAL INFRACCIONES PENALES;2024;48.200
Tarragona;TOTAL INFRACCIONES PENALES;2023;46.897
Tarragona;TOTAL INFRACCIONES PENALES;2022;42.953
Tarragona;TOTAL INFRACCIONES PENALES;2021;36.782
Tarragona;TOTAL INFRACCIONES PENALES;2020;32.485
Tarragona;TOTAL INFRACCIONES PENALES;2019;39.557
Tarragona;TOTAL INFRACCIONES PENALES;2018;39.791
Teruel;1. CONTRA LAS PERSONAS;2024;446
Teruel;1. CONTRA LAS PERSONAS;2023;432
Teruel;1. CONTRA LAS PERSONAS;2022;444
Teruel;1. CONTRA LAS PERSONAS;2021;311
Teruel;1. CONTRA LAS PERSONAS;2020;270
Teruel;1. CONTRA LAS PERSONAS;2019;339
Teruel;1. CONTRA LAS PERSONAS;2018;335
Teruel;1.1.-Homicidios dolosos/asesinatos;2024;2
Teruel;1.1.-Homicidios dolosos/asesinatos;2023;1
Teruel;1.1.-Homicidios dolosos/asesinatos;2022;4
Teruel;1.1.-Homicidios dolosos/asesinatos;2021;5
Teruel;1.1.-Homicidios dolosos/asesinatos;2020;5
Teruel;1.1.-Homicidios dolosos/asesinatos;2019;4
Teruel;1.1.-Homicidios dolosos/asesinatos;2018;3
Teruel;1.1.1.-Homicidios dolosos/asesinatos consumados;2024;0
Teruel;1.1.1.-Homicidios dolosos/asesinatos consumados;2023;1
Teruel;1.1.1.-Homicidios dolosos/asesinatos consumados;2022;1
Teruel;1.1.1.-Homicidios dolosos/asesinatos consumados;2021;0
Teruel;1.1.1.-Homicidios dolosos/asesinatos consumados;2020;1
Teruel;1.1.1.-Homicidios dolosos/asesinatos consumados;2019;2
Teruel;1.1.1.-Homicidios dolosos/asesinatos consumados;2018;0
Teruel;1.2.-Lesiones;2024;253
Teruel;1.2.-Lesiones;2023;258
Teruel;1.2.-Lesiones;2022;254
Teruel;1.2.-Lesiones;2021;176
Teruel;1.2.-Lesiones;2020;142
Teruel;1.2.-Lesiones;2019;189
Teruel;1.2.-Lesiones;2018;175
Teruel;1.3.-Malos tratos ámbito familiar;2024;171
Teruel;1.3.-Malos tratos ámbito familiar;2023;162
Teruel;1.3.-Malos tratos ámbito familiar;2022;174
Teruel;1.3.-Malos tratos ámbito familiar;2021;123
Teruel;1.3.-Malos tratos ámbito familiar;2020;118
Teruel;1.3.-Malos tratos ámbito familiar;2019;139
Teruel;1.3.-Malos tratos ámbito familiar;2018;154
Teruel;1.4.-Otros contra las personas;2024;20
Teruel;1.4.-Otros contra las personas;2023;11
Teruel;1.4.-Otros contra las personas;2022;12
Teruel;1.4.-Otros contra las personas;2021;7
Teruel;1.4.-Otros contra las personas;2020;5
Teruel;1.4.-Otros contra las personas;2019;7
Teruel;1.4.-Otros contra las personas;2018;3
Teruel;2. CONTRA LA LIBERTAD;2024;326
Teruel;2. CONTRA LA LIBERTAD;2023;324
Teruel;2. CONTRA LA LIBERTAD;2022;279
Teruel;2. CONTRA LA LIBERTAD;2021;238
Teruel;2. CONTRA LA LIBERTAD;2020;190
Teruel;2. CONTRA LA LIBERTAD;2019;153
Teruel;2. CONTRA LA LIBERTAD;2018;203
Teruel;2.1.-Malos tratos habituales en el ámbito familiar;2024;44
Teruel;2.1.-Malos tratos habituales en el ámbito familiar;2023;44
Teruel;2.1.-Malos tratos habituales en el ámbito familiar;2022;34
Teruel;2.1.-Malos tratos habituales en el ámbito familiar;2021;44
Teruel;2.1.-Malos tratos habituales en el ámbito familiar;2020;33
Teruel;2.1.-Malos tratos habituales en el ámbito familiar;2019;25
Teruel;2.1.-Malos tratos habituales en el ámbito familiar;2018;32
Teruel;2.2.-Otros contra la libertad;2024;282
Teruel;2.2.-Otros contra la libertad;2023;280
Teruel;2.2.-Otros contra la libertad;2022;245
Teruel;2.2.-Otros contra la libertad;2021;194
Teruel;2.2.-Otros contra la libertad;2020;157
Teruel;2.2.-Otros contra la libertad;2019;128
Teruel;2.2.-Otros contra la libertad;2018;171
Teruel;3. LIBERTAD SEXUAL;2024;41
Teruel;3. LIBERTAD SEXUAL;2023;39
Teruel;3. LIBERTAD SEXUAL;2022;30
Teruel;3. LIBERTAD SEXUAL;2021;35
Teruel;3. LIBERTAD SEXUAL;2020;30
Teruel;3. LIBERTAD SEXUAL;2019;35
Teruel;3. LIBERTAD SEXUAL;2018;15
Teruel;3.1.-Agresión sexual;2024;31
Teruel;3.1.-Agresión sexual;2023;25
Teruel;3.1.-Agresión sexual;2022;19
Teruel;3.1.-Agresión sexual;2021;22
Teruel;3.1.-Agresión sexual;2020;17
Teruel;3.1.-Agresión sexual;2019;23
Teruel;3.1.-Agresión sexual;2018;7
Teruel;3.2.-Agresión sexual con penetración;2024;3
Teruel;3.2.-Agresión sexual con penetración;2023;10
Teruel;3.2.-Agresión sexual con penetración;2022;4
Teruel;3.2.-Agresión sexual con penetración;2021;2
Teruel;3.2.-Agresión sexual con penetración;2020;4
Teruel;3.2.-Agresión sexual con penetración;2019;6
Teruel;3.2.-Agresión sexual con penetración;2018;1
Teruel;3.3.-Corrupción de menores o incapacitados;2024;0
Teruel;3.3.-Corrupción de menores o incapacitados;2023;1
Teruel;3.3.-Corrupción de menores o incapacitados;2022;1
Teruel;3.3.-Corrupción de menores o incapacitados;2021;0
Teruel;3.3.-Corrupción de menores o incapacitados;2020;0
Teruel;3.3.-Corrupción de menores o incapacitados;2019;0
Teruel;3.3.-Corrupción de menores o incapacitados;2018;0
Teruel;3.4.-Pornografía de menores;2024;1
Teruel;3.4.-Pornografía de menores;2023;1
Teruel;3.4.-Pornografía de menores;2022;2
Teruel;3.4.-Pornografía de menores;2021;4
Teruel;3.4.-Pornografía de menores;2020;2
Teruel;3.4.-Pornografía de menores;2019;4
Teruel;3.4.-Pornografía de menores;2018;2
Teruel;3.5.-Otros contra la libertad sexual;2024;6
Teruel;3.5.-Otros contra la libertad sexual;2023;2
Teruel;3.5.-Otros contra la libertad sexual;2022;4
Teruel;3.5.-Otros contra la libertad sexual;2021;7
Teruel;3.5.-Otros contra la libertad sexual;2020;7
Teruel;3.5.-Otros contra la libertad sexual;2019;2
Teruel;3.5.-Otros contra la libertad sexual;2018;5
Teruel;4. RELACIONES FAMILIARES;2024;17
Teruel;4. RELACIONES FAMILIARES;2023;24
Teruel;4. RELACIONES FAMILIARES;2022;24
Teruel;4. RELACIONES FAMILIARES;2021;17
Teruel;4. RELACIONES FAMILIARES;2020;9
Teruel;4. RELACIONES FAMILIARES;2019;11
Teruel;4. RELACIONES FAMILIARES;2018;12
Teruel;5. PATRIMONIO;2024;2.661
Teruel;5. PATRIMONIO;2023;2.702
Teruel;5. PATRIMONIO;2022;2.347
Teruel;5. PATRIMONIO;2021;1.904
Teruel;5. PATRIMONIO;2020;1.531
Teruel;5. PATRIMONIO;2019;1.820
Teruel;5. PATRIMONIO;2018;1.829
Teruel;5.1.-Hurtos;2024;469
Teruel;5.1.-Hurtos;2023;509
Teruel;5.1.-Hurtos;2022;413
Teruel;5.1.-Hurtos;2021;362
Teruel;5.1.-Hurtos;2020;263
Teruel;5.1.-Hurtos;2019;508
Teruel;5.1.-Hurtos;2018;461
Teruel;5.2.-Robos con fuerza en las cosas;2024;418
Teruel;5.2.-Robos con fuerza en las cosas;2023;381
Teruel;5.2.-Robos con fuerza en las cosas;2022;446
Teruel;5.2.-Robos con fuerza en las cosas;2021;232
Teruel;5.2.-Robos con fuerza en las cosas;2020;190
Teruel;5.2.-Robos con fuerza en las cosas;2019;305
Teruel;5.2.-Robos con fuerza en las cosas;2018;433
Teruel;5.2.1.-Robos con fuerza en las cosas en el interior de vehículos;2024;23
Teruel;5.2.1.-Robos con fuerza en las cosas en el interior de vehículos;2023;32
Teruel;5.2.1.-Robos con fuerza en las cosas en el interior de vehículos;2022;22
Teruel;5.2.1.-Robos con fuerza en las cosas en el interior de vehículos;2021;16
Teruel;5.2.1.-Robos con fuerza en las cosas en el interior de vehículos;2020;9
Teruel;5.2.1.-Robos con fuerza en las cosas en el interior de vehículos;2019;25
Teruel;5.2.1.-Robos con fuerza en las cosas en el interior de vehículos;2018;54
Teruel;5.2.2.-Robos con fuerza en viviendas;2024;165
Teruel;5.2.2.-Robos con fuerza en viviendas;2023;171
Teruel;5.2.2.-Robos con fuerza en viviendas;2022;201
Teruel;5.2.2.-Robos con fuerza en viviendas;2021;76
Teruel;5.2.2.-Robos con fuerza en viviendas;2020;61
Teruel;5.2.2.-Robos con fuerza en viviendas;2019;88
Teruel;5.2.2.-Robos con fuerza en viviendas;2018;182
Teruel;5.2.3.-Robos con fuerza en establecimientos;2024;45
Teruel;5.2.3.-Robos con fuerza en establecimientos;2023;56
Teruel;5.2.3.-Robos con fuerza en establecimientos;2022;56
Teruel;5.2.3.-Robos con fuerza en establecimientos;2021;37
Teruel;5.2.3.-Robos con fuerza en establecimientos;2020;24
Teruel;5.2.3.-Robos con fuerza en establecimientos;2019;60
Teruel;5.2.3.-Robos con fuerza en establecimientos;2018;59
Teruel;5.3.-Robos con violencia o intimidación;2024;11
Teruel;5.3.-Robos con violencia o intimidación;2023;13
Teruel;5.3.-Robos con violencia o intimidación;2022;18
Teruel;5.3.-Robos con violencia o intimidación;2021;16
Teruel;5.3.-Robos con violencia o intimidación;2020;9
Teruel;5.3.-Robos con violencia o intimidación;2019;19
Teruel;5.3.-Robos con violencia o intimidación;2018;16
Teruel;5.3.1.-Robos con violencia en vía pública;2024;4
Teruel;5.3.1.-Robos con violencia en vía pública;2023;6
Teruel;5.3.1.-Robos con violencia en vía pública;2022;11
Teruel;5.3.1.-Robos con violencia en vía pública;2021;10
Teruel;5.3.1.-Robos con violencia en vía pública;2020;3
Teruel;5.3.1.-Robos con violencia en vía pública;2019;12
Teruel;5.3.1.-Robos con violencia en vía pública;2018;6
Teruel;5.3.2.-Robos con violencia en viviendas;2024;1
Teruel;5.3.2.-Robos con violencia en viviendas;2023;2
Teruel;5.3.2.-Robos con violencia en viviendas;2022;4
Teruel;5.3.2.-Robos con violencia en viviendas;2021;3
Teruel;5.3.2.-Robos con violencia en viviendas;2020;1
Teruel;5.3.2.-Robos con violencia en viviendas;2019;0
Teruel;5.3.2.-Robos con violencia en viviendas;2018;0
Teruel;5.3.3.-Robos con violencia en establecimientos;2024;5
Teruel;5.3.3.-Robos con violencia en establecimientos;2023;2
Teruel;5.3.3.-Robos con violencia en establecimientos;2022;1
Teruel;5.3.3.-Robos con violencia en establecimientos;2021;1
Teruel;5.3.3.-Robos con violencia en establecimientos;2020;2
Teruel;5.3.3.-Robos con violencia en establecimientos;2019;3
Teruel;5.3.3.-Robos con violencia en establecimientos;2018;3
Teruel;5.4.-Sustracción de vehículos;2024;17
Teruel;5.4.-Sustracción de vehículos;2023;12
Teruel;5.4.-Sustracción de vehículos;2022;18
Teruel;5.4.-Sustracción de vehículos;2021;14
Teruel;5.4.-Sustracción de vehículos;2020;17
Teruel;5.4.-Sustracción de vehículos;2019;10
Teruel;5.4.-Sustracción de vehículos;2018;17
Teruel;5.5.-Estafas;2024;1.187
Teruel;5.5.-Estafas;2023;1.233
Teruel;5.5.-Estafas;2022;946
Teruel;5.5.-Estafas;2021;777
Teruel;5.5.-Estafas;2020;679
Teruel;5.5.-Estafas;2019;516
Teruel;5.5.-Estafas;2018;463
Teruel;5.5.1.-Estafas informáticas;2024;1.129
Teruel;5.5.1.-Estafas informáticas;2023;1.154
Teruel;5.5.1.-Estafas informáticas;2022;775
Teruel;5.5.1.-Estafas informáticas;2021;639
Teruel;5.5.1.-Estafas informáticas;2020;469
Teruel;5.5.1.-Estafas informáticas;2019;261
Teruel;5.5.1.-Estafas informáticas;2018;216
Teruel;5.6.-Daños;2024;478
Teruel;5.6.-Daños;2023;475
Teruel;5.6.-Daños;2022;445
Teruel;5.6.-Daños;2021;417
Teruel;5.6.-Daños;2020;331
Teruel;5.6.-Daños;2019;389
Teruel;5.6.-Daños;2018;383
Teruel;5.7.-Contra la propiedad intelectual/industrial;2024;2
Teruel;5.7.-Contra la propiedad intelectual/industrial;2023;4
Teruel;5.7.-Contra la propiedad intelectual/industrial;2022;4
Teruel;5.7.-Contra la propiedad intelectual/industrial;2021;9
Teruel;5.7.-Contra la propiedad intelectual/industrial;2020;1
Teruel;5.7.-Contra la propiedad intelectual/industrial;2019;2
Teruel;5.7.-Contra la propiedad intelectual/industrial;2018;0
Teruel;5.8.-Blanqueo de capitales;2024;1
Teruel;5.8.-Blanqueo de capitales;2023;0
Teruel;5.8.-Blanqueo de capitales;2022;0
Teruel;5.8.-Blanqueo de capitales;2021;0
Teruel;5.8.-Blanqueo de capitales;2020;0
Teruel;5.8.-Blanqueo de capitales;2019;0
Teruel;5.8.-Blanqueo de capitales;2018;0
Teruel;5.9.-Otros contra el patrimonio;2024;78
Teruel;5.9.-Otros contra el patrimonio;2023;75
Teruel;5.9.-Otros contra el patrimonio;2022;57
Teruel;5.9.-Otros contra el patrimonio;2021;77
Teruel;5.9.-Otros contra el patrimonio;2020;41
Teruel;5.9.-Otros contra el patrimonio;2019;71
Teruel;5.9.-Otros contra el patrimonio;2018;56
Teruel;6. SEGURIDAD COLECTIVA;2024;248
Teruel;6. SEGURIDAD COLECTIVA;2023;199
Teruel;6. SEGURIDAD COLECTIVA;2022;250
Teruel;6. SEGURIDAD COLECTIVA;2021;222
Teruel;6. SEGURIDAD COLECTIVA;2020;179
Teruel;6. SEGURIDAD COLECTIVA;2019;240
Teruel;6. SEGURIDAD COLECTIVA;2018;214
Teruel;6.1.-Tráfico de drogas;2024;40
Teruel;6.1.-Tráfico de drogas;2023;26
Teruel;6.1.-Tráfico de drogas;2022;30
Teruel;6.1.-Tráfico de drogas;2021;35
Teruel;6.1.-Tráfico de drogas;2020;26
Teruel;6.1.-Tráfico de drogas;2019;28
Teruel;6.1.-Tráfico de drogas;2018;33
Teruel;6.2.-Contra la seguridad vial;2024;200
Teruel;6.2.-Contra la seguridad vial;2023;169
Teruel;6.2.-Contra la seguridad vial;2022;216
Teruel;6.2.-Contra la seguridad vial;2021;186
Teruel;6.2.-Contra la seguridad vial;2020;151
Teruel;6.2.-Contra la seguridad vial;2019;209
Teruel;6.2.-Contra la seguridad vial;2018;181
Teruel;6.3.-Otros contra la seguridad colectiva;2024;8
Teruel;6.3.-Otros contra la seguridad colectiva;2023;4
Teruel;6.3.-Otros contra la seguridad colectiva;2022;4
Teruel;6.3.-Otros contra la seguridad colectiva;2021;1
Teruel;6.3.-Otros contra la seguridad colectiva;2020;2
Teruel;6.3.-Otros contra la seguridad colectiva;2019;3
Teruel;6.3.-Otros contra la seguridad colectiva;2018;0
Teruel;7. FALSEDADES;2024;94
Teruel;7. FALSEDADES;2023;65
Teruel;7. FALSEDADES;2022;58
Teruel;7. FALSEDADES;2021;71
Teruel;7. FALSEDADES;2020;32
Teruel;7. FALSEDADES;2019;29
Teruel;7. FALSEDADES;2018;36
Teruel;8. ADMÓN. PÚBLICA;2024;0
Teruel;8. ADMÓN. PÚBLICA;2023;2
Teruel;8. ADMÓN. PÚBLICA;2022;1
Teruel;8. ADMÓN. PÚBLICA;2021;1
Teruel;8. ADMÓN. PÚBLICA;2020;0
Teruel;8. ADMÓN. PÚBLICA;2019;1
Teruel;8. ADMÓN. PÚBLICA;2018;2
Teruel;9. ADMÓN. JUSTICIA;2024;69
Teruel;9. ADMÓN. JUSTICIA;2023;100
Teruel;9. ADMÓN. JUSTICIA;2022;77
Teruel;9. ADMÓN. JUSTICIA;2021;58
Teruel;9. ADMÓN. JUSTICIA;2020;50
Teruel;9. ADMÓN. JUSTICIA;2019;42
Teruel;9. ADMÓN. JUSTICIA;2018;49
Teruel;10. ORDEN PÚBLICO;2024;52
Teruel;10. ORDEN PÚBLICO;2023;38
Teruel;10. ORDEN PÚBLICO;2022;48
Teruel;10. ORDEN PÚBLICO;2021;61
Teruel;10. ORDEN PÚBLICO;2020;46
Teruel;10. ORDEN PÚBLICO;2019;47
Teruel;10. ORDEN PÚBLICO;2018;30
Teruel;11. LEGISLACIÓN ESPECIAL;2024;2
Teruel;11. LEGISLACIÓN ESPECIAL;2023;1
Teruel;11. LEGISLACIÓN ESPECIAL;2022;0
Teruel;11. LEGISLACIÓN ESPECIAL;2021;0
Teruel;11. LEGISLACIÓN ESPECIAL;2020;0
Teruel;11. LEGISLACIÓN ESPECIAL;2019;0
Teruel;11. LEGISLACIÓN ESPECIAL;2018;0
Teruel;12. OTRAS INFRACCIONES PENALES;2024;47
Teruel;12. OTRAS INFRACCIONES PENALES;2023;53
Teruel;12. OTRAS INFRACCIONES PENALES;2022;20
Teruel;12. OTRAS INFRACCIONES PENALES;2021;30
Teruel;12. OTRAS INFRACCIONES PENALES;2020;24
Teruel;12. OTRAS INFRACCIONES PENALES;2019;29
Teruel;12. OTRAS INFRACCIONES PENALES;2018;35
Teruel;TOTAL INFRACCIONES PENALES;2024;4.003
Teruel;TOTAL INFRACCIONES PENALES;2023;3.979
Teruel;TOTAL INFRACCIONES PENALES;2022;3.578
Teruel;TOTAL INFRACCIONES PENALES;2021;2.948
Teruel;TOTAL INFRACCIONES PENALES;2020;2.361
Teruel;TOTAL INFRACCIONES PENALES;2019;2.746
Teruel;TOTAL INFRACCIONES PENALES;2018;2.760
Toledo;1. CONTRA LAS PERSONAS;2024;3.472
Toledo;1. CONTRA LAS PERSONAS;2023;3.112
Toledo;1. CONTRA LAS PERSONAS;2022;2.958
Toledo;1. CONTRA LAS PERSONAS;2021;2.702
Toledo;1. CONTRA LAS PERSONAS;2020;2.413
Toledo;1. CONTRA LAS PERSONAS;2019;2.565
Toledo;1. CONTRA LAS PERSONAS;2018;2.489
Toledo;1.1.-Homicidios dolosos/asesinatos;2024;34
Toledo;1.1.-Homicidios dolosos/asesinatos;2023;21
Toledo;1.1.-Homicidios dolosos/asesinatos;2022;19
Toledo;1.1.-Homicidios dolosos/asesinatos;2021;38
Toledo;1.1.-Homicidios dolosos/asesinatos;2020;32
Toledo;1.1.-Homicidios dolosos/asesinatos;2019;24
Toledo;1.1.-Homicidios dolosos/asesinatos;2018;11
Toledo;1.1.1.-Homicidios dolosos/asesinatos consumados;2024;3
Toledo;1.1.1.-Homicidios dolosos/asesinatos consumados;2023;3
Toledo;1.1.1.-Homicidios dolosos/asesinatos consumados;2022;7
Toledo;1.1.1.-Homicidios dolosos/asesinatos consumados;2021;5
Toledo;1.1.1.-Homicidios dolosos/asesinatos consumados;2020;10
Toledo;1.1.1.-Homicidios dolosos/asesinatos consumados;2019;3
Toledo;1.1.1.-Homicidios dolosos/asesinatos consumados;2018;3
Toledo;1.2.-Lesiones;2024;2.132
Toledo;1.2.-Lesiones;2023;1.846
Toledo;1.2.-Lesiones;2022;1.774
Toledo;1.2.-Lesiones;2021;1.541
Toledo;1.2.-Lesiones;2020;1.333
Toledo;1.2.-Lesiones;2019;1.482
Toledo;1.2.-Lesiones;2018;1.463
Toledo;1.3.-Malos tratos ámbito familiar;2024;1.215
Toledo;1.3.-Malos tratos ámbito familiar;2023;1.173
Toledo;1.3.-Malos tratos ámbito familiar;2022;1.089
Toledo;1.3.-Malos tratos ámbito familiar;2021;1.076
Toledo;1.3.-Malos tratos ámbito familiar;2020;991
Toledo;1.3.-Malos tratos ámbito familiar;2019;984
Toledo;1.3.-Malos tratos ámbito familiar;2018;979
Toledo;1.4.-Otros contra las personas;2024;91
Toledo;1.4.-Otros contra las personas;2023;72
Toledo;1.4.-Otros contra las personas;2022;76
Toledo;1.4.-Otros contra las personas;2021;47
Toledo;1.4.-Otros contra las personas;2020;57
Toledo;1.4.-Otros contra las personas;2019;75
Toledo;1.4.-Otros contra las personas;2018;36
Toledo;2. CONTRA LA LIBERTAD;2024;2.852
Toledo;2. CONTRA LA LIBERTAD;2023;2.728
Toledo;2. CONTRA LA LIBERTAD;2022;2.476
Toledo;2. CONTRA LA LIBERTAD;2021;2.288
Toledo;2. CONTRA LA LIBERTAD;2020;2.214
Toledo;2. CONTRA LA LIBERTAD;2019;1.876
Toledo;2. CONTRA LA LIBERTAD;2018;1.892
Toledo;2.1.-Malos tratos habituales en el ámbito familiar;2024;535
Toledo;2.1.-Malos tratos habituales en el ámbito familiar;2023;565
Toledo;2.1.-Malos tratos habituales en el ámbito familiar;2022;388
Toledo;2.1.-Malos tratos habituales en el ámbito familiar;2021;274
Toledo;2.1.-Malos tratos habituales en el ámbito familiar;2020;274
Toledo;2.1.-Malos tratos habituales en el ámbito familiar;2019;232
Toledo;2.1.-Malos tratos habituales en el ámbito familiar;2018;212
Toledo;2.2.-Otros contra la libertad;2024;2.317
Toledo;2.2.-Otros contra la libertad;2023;2.163
Toledo;2.2.-Otros contra la libertad;2022;2.088
Toledo;2.2.-Otros contra la libertad;2021;2.014
Toledo;2.2.-Otros contra la libertad;2020;1.940
Toledo;2.2.-Otros contra la libertad;2019;1.644
Toledo;2.2.-Otros contra la libertad;2018;1.680
Toledo;3. LIBERTAD SEXUAL;2024;244
Toledo;3. LIBERTAD SEXUAL;2023;276
Toledo;3. LIBERTAD SEXUAL;2022;219
Toledo;3. LIBERTAD SEXUAL;2021;198
Toledo;3. LIBERTAD SEXUAL;2020;160
Toledo;3. LIBERTAD SEXUAL;2019;166
Toledo;3. LIBERTAD SEXUAL;2018;175
Toledo;3.1.-Agresión sexual;2024;156
Toledo;3.1.-Agresión sexual;2023;184
Toledo;3.1.-Agresión sexual;2022;149
Toledo;3.1.-Agresión sexual;2021;134
Toledo;3.1.-Agresión sexual;2020;106
Toledo;3.1.-Agresión sexual;2019;108
Toledo;3.1.-Agresión sexual;2018;98
Toledo;3.2.-Agresión sexual con penetración;2024;43
Toledo;3.2.-Agresión sexual con penetración;2023;50
Toledo;3.2.-Agresión sexual con penetración;2022;29
Toledo;3.2.-Agresión sexual con penetración;2021;37
Toledo;3.2.-Agresión sexual con penetración;2020;19
Toledo;3.2.-Agresión sexual con penetración;2019;20
Toledo;3.2.-Agresión sexual con penetración;2018;29
Toledo;3.3.-Corrupción de menores o incapacitados;2024;1
Toledo;3.3.-Corrupción de menores o incapacitados;2023;3
Toledo;3.3.-Corrupción de menores o incapacitados;2022;3
Toledo;3.3.-Corrupción de menores o incapacitados;2021;2
Toledo;3.3.-Corrupción de menores o incapacitados;2020;5
Toledo;3.3.-Corrupción de menores o incapacitados;2019;3
Toledo;3.3.-Corrupción de menores o incapacitados;2018;5
Toledo;3.4.-Pornografía de menores;2024;10
Toledo;3.4.-Pornografía de menores;2023;7
Toledo;3.4.-Pornografía de menores;2022;2
Toledo;3.4.-Pornografía de menores;2021;7
Toledo;3.4.-Pornografía de menores;2020;4
Toledo;3.4.-Pornografía de menores;2019;9
Toledo;3.4.-Pornografía de menores;2018;16
Toledo;3.5.-Otros contra la libertad sexual;2024;34
Toledo;3.5.-Otros contra la libertad sexual;2023;32
Toledo;3.5.-Otros contra la libertad sexual;2022;36
Toledo;3.5.-Otros contra la libertad sexual;2021;18
Toledo;3.5.-Otros contra la libertad sexual;2020;26
Toledo;3.5.-Otros contra la libertad sexual;2019;26
Toledo;3.5.-Otros contra la libertad sexual;2018;27
Toledo;4. RELACIONES FAMILIARES;2024;130
Toledo;4. RELACIONES FAMILIARES;2023;134
Toledo;4. RELACIONES FAMILIARES;2022;151
Toledo;4. RELACIONES FAMILIARES;2021;156
Toledo;4. RELACIONES FAMILIARES;2020;149
Toledo;4. RELACIONES FAMILIARES;2019;126
Toledo;4. RELACIONES FAMILIARES;2018;127
Toledo;5. PATRIMONIO;2024;23.074
Toledo;5. PATRIMONIO;2023;22.467
Toledo;5. PATRIMONIO;2022;21.594
Toledo;5. PATRIMONIO;2021;18.210
Toledo;5. PATRIMONIO;2020;17.726
Toledo;5. PATRIMONIO;2019;20.742
Toledo;5. PATRIMONIO;2018;20.433
Toledo;5.1.-Hurtos;2024;5.213
Toledo;5.1.-Hurtos;2023;5.019
Toledo;5.1.-Hurtos;2022;4.833
Toledo;5.1.-Hurtos;2021;3.756
Toledo;5.1.-Hurtos;2020;3.402
Toledo;5.1.-Hurtos;2019;4.718
Toledo;5.1.-Hurtos;2018;4.770
Toledo;5.2.-Robos con fuerza en las cosas;2024;4.934
Toledo;5.2.-Robos con fuerza en las cosas;2023;4.637
Toledo;5.2.-Robos con fuerza en las cosas;2022;4.192
Toledo;5.2.-Robos con fuerza en las cosas;2021;3.771
Toledo;5.2.-Robos con fuerza en las cosas;2020;4.392
Toledo;5.2.-Robos con fuerza en las cosas;2019;5.781
Toledo;5.2.-Robos con fuerza en las cosas;2018;6.614
Toledo;5.2.1.-Robos con fuerza en las cosas en el interior de vehículos;2024;1.248
Toledo;5.2.1.-Robos con fuerza en las cosas en el interior de vehículos;2023;1.192
Toledo;5.2.1.-Robos con fuerza en las cosas en el interior de vehículos;2022;914
Toledo;5.2.1.-Robos con fuerza en las cosas en el interior de vehículos;2021;893
Toledo;5.2.1.-Robos con fuerza en las cosas en el interior de vehículos;2020;1.086
Toledo;5.2.1.-Robos con fuerza en las cosas en el interior de vehículos;2019;1.211
Toledo;5.2.1.-Robos con fuerza en las cosas en el interior de vehículos;2018;1.268
Toledo;5.2.2.-Robos con fuerza en viviendas;2024;1.494
Toledo;5.2.2.-Robos con fuerza en viviendas;2023;1.580
Toledo;5.2.2.-Robos con fuerza en viviendas;2022;1.462
Toledo;5.2.2.-Robos con fuerza en viviendas;2021;1.436
Toledo;5.2.2.-Robos con fuerza en viviendas;2020;1.842
Toledo;5.2.2.-Robos con fuerza en viviendas;2019;2.509
Toledo;5.2.2.-Robos con fuerza en viviendas;2018;3.001
Toledo;5.2.3.-Robos con fuerza en establecimientos;2024;848
Toledo;5.2.3.-Robos con fuerza en establecimientos;2023;594
Toledo;5.2.3.-Robos con fuerza en establecimientos;2022;571
Toledo;5.2.3.-Robos con fuerza en establecimientos;2021;502
Toledo;5.2.3.-Robos con fuerza en establecimientos;2020;527
Toledo;5.2.3.-Robos con fuerza en establecimientos;2019;776
Toledo;5.2.3.-Robos con fuerza en establecimientos;2018;848
Toledo;5.3.-Robos con violencia o intimidación;2024;385
Toledo;5.3.-Robos con violencia o intimidación;2023;344
Toledo;5.3.-Robos con violencia o intimidación;2022;287
Toledo;5.3.-Robos con violencia o intimidación;2021;305
Toledo;5.3.-Robos con violencia o intimidación;2020;268
Toledo;5.3.-Robos con violencia o intimidación;2019;347
Toledo;5.3.-Robos con violencia o intimidación;2018;363
Toledo;5.3.1.-Robos con violencia en vía pública;2024;209
Toledo;5.3.1.-Robos con violencia en vía pública;2023;182
Toledo;5.3.1.-Robos con violencia en vía pública;2022;152
Toledo;5.3.1.-Robos con violencia en vía pública;2021;163
Toledo;5.3.1.-Robos con violencia en vía pública;2020;148
Toledo;5.3.1.-Robos con violencia en vía pública;2019;196
Toledo;5.3.1.-Robos con violencia en vía pública;2018;221
Toledo;5.3.2.-Robos con violencia en viviendas;2024;58
Toledo;5.3.2.-Robos con violencia en viviendas;2023;59
Toledo;5.3.2.-Robos con violencia en viviendas;2022;36
Toledo;5.3.2.-Robos con violencia en viviendas;2021;33
Toledo;5.3.2.-Robos con violencia en viviendas;2020;35
Toledo;5.3.2.-Robos con violencia en viviendas;2019;30
Toledo;5.3.2.-Robos con violencia en viviendas;2018;32
Toledo;5.3.3.-Robos con violencia en establecimientos;2024;70
Toledo;5.3.3.-Robos con violencia en establecimientos;2023;55
Toledo;5.3.3.-Robos con violencia en establecimientos;2022;50
Toledo;5.3.3.-Robos con violencia en establecimientos;2021;60
Toledo;5.3.3.-Robos con violencia en establecimientos;2020;45
Toledo;5.3.3.-Robos con violencia en establecimientos;2019;66
Toledo;5.3.3.-Robos con violencia en establecimientos;2018;58
Toledo;5.4.-Sustracción de vehículos;2024;424
Toledo;5.4.-Sustracción de vehículos;2023;283
Toledo;5.4.-Sustracción de vehículos;2022;245
Toledo;5.4.-Sustracción de vehículos;2021;206
Toledo;5.4.-Sustracción de vehículos;2020;199
Toledo;5.4.-Sustracción de vehículos;2019;282
Toledo;5.4.-Sustracción de vehículos;2018;305
Toledo;5.5.-Estafas;2024;6.804
Toledo;5.5.-Estafas;2023;7.165
Toledo;5.5.-Estafas;2022;7.236
Toledo;5.5.-Estafas;2021;5.643
Toledo;5.5.-Estafas;2020;5.169
Toledo;5.5.-Estafas;2019;4.600
Toledo;5.5.-Estafas;2018;3.820
Toledo;5.5.1.-Estafas informáticas;2024;5.848
Toledo;5.5.1.-Estafas informáticas;2023;6.284
Toledo;5.5.1.-Estafas informáticas;2022;4.800
Toledo;5.5.1.-Estafas informáticas;2021;3.766
Toledo;5.5.1.-Estafas informáticas;2020;2.976
Toledo;5.5.1.-Estafas informáticas;2019;2.192
Toledo;5.5.1.-Estafas informáticas;2018;1.794
Toledo;5.6.-Daños;2024;3.623
Toledo;5.6.-Daños;2023;3.633
Toledo;5.6.-Daños;2022;3.548
Toledo;5.6.-Daños;2021;3.196
Toledo;5.6.-Daños;2020;2.985
Toledo;5.6.-Daños;2019;3.567
Toledo;5.6.-Daños;2018;3.293
Toledo;5.7.-Contra la propiedad intelectual/industrial;2024;10
Toledo;5.7.-Contra la propiedad intelectual/industrial;2023;12
Toledo;5.7.-Contra la propiedad intelectual/industrial;2022;8
Toledo;5.7.-Contra la propiedad intelectual/industrial;2021;3
Toledo;5.7.-Contra la propiedad intelectual/industrial;2020;7
Toledo;5.7.-Contra la propiedad intelectual/industrial;2019;16
Toledo;5.7.-Contra la propiedad intelectual/industrial;2018;21
Toledo;5.8.-Blanqueo de capitales;2024;13
Toledo;5.8.-Blanqueo de capitales;2023;19
Toledo;5.8.-Blanqueo de capitales;2022;17
Toledo;5.8.-Blanqueo de capitales;2021;11
Toledo;5.8.-Blanqueo de capitales;2020;7
Toledo;5.8.-Blanqueo de capitales;2019;7
Toledo;5.8.-Blanqueo de capitales;2018;4
Toledo;5.9.-Otros contra el patrimonio;2024;1.668
Toledo;5.9.-Otros contra el patrimonio;2023;1.355
Toledo;5.9.-Otros contra el patrimonio;2022;1.228
Toledo;5.9.-Otros contra el patrimonio;2021;1.319
Toledo;5.9.-Otros contra el patrimonio;2020;1.297
Toledo;5.9.-Otros contra el patrimonio;2019;1.424
Toledo;5.9.-Otros contra el patrimonio;2018;1.243
Toledo;6. SEGURIDAD COLECTIVA;2024;1.608
Toledo;6. SEGURIDAD COLECTIVA;2023;1.544
Toledo;6. SEGURIDAD COLECTIVA;2022;1.445
Toledo;6. SEGURIDAD COLECTIVA;2021;1.325
Toledo;6. SEGURIDAD COLECTIVA;2020;1.279
Toledo;6. SEGURIDAD COLECTIVA;2019;1.278
Toledo;6. SEGURIDAD COLECTIVA;2018;1.042
Toledo;6.1.-Tráfico de drogas;2024;278
Toledo;6.1.-Tráfico de drogas;2023;266
Toledo;6.1.-Tráfico de drogas;2022;271
Toledo;6.1.-Tráfico de drogas;2021;294
Toledo;6.1.-Tráfico de drogas;2020;285
Toledo;6.1.-Tráfico de drogas;2019;232
Toledo;6.1.-Tráfico de drogas;2018;191
Toledo;6.2.-Contra la seguridad vial;2024;1.295
Toledo;6.2.-Contra la seguridad vial;2023;1.258
Toledo;6.2.-Contra la seguridad vial;2022;1.151
Toledo;6.2.-Contra la seguridad vial;2021;1.013
Toledo;6.2.-Contra la seguridad vial;2020;967
Toledo;6.2.-Contra la seguridad vial;2019;1.021
Toledo;6.2.-Contra la seguridad vial;2018;825
Toledo;6.3.-Otros contra la seguridad colectiva;2024;35
Toledo;6.3.-Otros contra la seguridad colectiva;2023;20
Toledo;6.3.-Otros contra la seguridad colectiva;2022;23
Toledo;6.3.-Otros contra la seguridad colectiva;2021;18
Toledo;6.3.-Otros contra la seguridad colectiva;2020;27
Toledo;6.3.-Otros contra la seguridad colectiva;2019;25
Toledo;6.3.-Otros contra la seguridad colectiva;2018;26
Toledo;7. FALSEDADES;2024;806
Toledo;7. FALSEDADES;2023;809
Toledo;7. FALSEDADES;2022;856
Toledo;7. FALSEDADES;2021;798
Toledo;7. FALSEDADES;2020;561
Toledo;7. FALSEDADES;2019;548
Toledo;7. FALSEDADES;2018;519
Toledo;8. ADMÓN. PÚBLICA;2024;6
Toledo;8. ADMÓN. PÚBLICA;2023;8
Toledo;8. ADMÓN. PÚBLICA;2022;6
Toledo;8. ADMÓN. PÚBLICA;2021;18
Toledo;8. ADMÓN. PÚBLICA;2020;3
Toledo;8. ADMÓN. PÚBLICA;2019;2
Toledo;8. ADMÓN. PÚBLICA;2018;7
Toledo;9. ADMÓN. JUSTICIA;2024;656
Toledo;9. ADMÓN. JUSTICIA;2023;623
Toledo;9. ADMÓN. JUSTICIA;2022;643
Toledo;9. ADMÓN. JUSTICIA;2021;494
Toledo;9. ADMÓN. JUSTICIA;2020;438
Toledo;9. ADMÓN. JUSTICIA;2019;422
Toledo;9. ADMÓN. JUSTICIA;2018;422
Toledo;10. ORDEN PÚBLICO;2024;452
Toledo;10. ORDEN PÚBLICO;2023;430
Toledo;10. ORDEN PÚBLICO;2022;360
Toledo;10. ORDEN PÚBLICO;2021;334
Toledo;10. ORDEN PÚBLICO;2020;423
Toledo;10. ORDEN PÚBLICO;2019;270
Toledo;10. ORDEN PÚBLICO;2018;255
Toledo;11. LEGISLACIÓN ESPECIAL;2024;4
Toledo;11. LEGISLACIÓN ESPECIAL;2023;1
Toledo;11. LEGISLACIÓN ESPECIAL;2022;5
Toledo;11. LEGISLACIÓN ESPECIAL;2021;0
Toledo;11. LEGISLACIÓN ESPECIAL;2020;2
Toledo;11. LEGISLACIÓN ESPECIAL;2019;2
Toledo;11. LEGISLACIÓN ESPECIAL;2018;4
Toledo;12. OTRAS INFRACCIONES PENALES;2024;187
Toledo;12. OTRAS INFRACCIONES PENALES;2023;193
Toledo;12. OTRAS INFRACCIONES PENALES;2022;159
Toledo;12. OTRAS INFRACCIONES PENALES;2021;175
Toledo;12. OTRAS INFRACCIONES PENALES;2020;161
Toledo;12. OTRAS INFRACCIONES PENALES;2019;160
Toledo;12. OTRAS INFRACCIONES PENALES;2018;183
Toledo;TOTAL INFRACCIONES PENALES;2024;33.491
Toledo;TOTAL INFRACCIONES PENALES;2023;32.325
Toledo;TOTAL INFRACCIONES PENALES;2022;30.872
Toledo;TOTAL INFRACCIONES PENALES;2021;26.698
Toledo;TOTAL INFRACCIONES PENALES;2020;25.529
Toledo;TOTAL INFRACCIONES PENALES;2019;28.157
Toledo;TOTAL INFRACCIONES PENALES;2018;27.548
Valencia/València;1. CONTRA LAS PERSONAS;2024;15.507
Valencia/València;1. CONTRA LAS PERSONAS;2023;14.280
Valencia/València;1. CONTRA LAS PERSONAS;2022;14.011
Valencia/València;1. CONTRA LAS PERSONAS;2021;11.940
Valencia/València;1. CONTRA LAS PERSONAS;2020;10.336
Valencia/València;1. CONTRA LAS PERSONAS;2019;11.628
Valencia/València;1. CONTRA LAS PERSONAS;2018;11.070
Valencia/València;1.1.-Homicidios dolosos/asesinatos;2024;111
Valencia/València;1.1.-Homicidios dolosos/asesinatos;2023;100
Valencia/València;1.1.-Homicidios dolosos/asesinatos;2022;93
Valencia/València;1.1.-Homicidios dolosos/asesinatos;2021;87
Valencia/València;1.1.-Homicidios dolosos/asesinatos;2020;67
Valencia/València;1.1.-Homicidios dolosos/asesinatos;2019;89
Valencia/València;1.1.-Homicidios dolosos/asesinatos;2018;66
Valencia/València;1.1.1.-Homicidios dolosos/asesinatos consumados;2024;34
Valencia/València;1.1.1.-Homicidios dolosos/asesinatos consumados;2023;18
Valencia/València;1.1.1.-Homicidios dolosos/asesinatos consumados;2022;23
Valencia/València;1.1.1.-Homicidios dolosos/asesinatos consumados;2021;22
Valencia/València;1.1.1.-Homicidios dolosos/asesinatos consumados;2020;14
Valencia/València;1.1.1.-Homicidios dolosos/asesinatos consumados;2019;24
Valencia/València;1.1.1.-Homicidios dolosos/asesinatos consumados;2018;5
Valencia/València;1.2.-Lesiones;2024;7.536
Valencia/València;1.2.-Lesiones;2023;7.043
Valencia/València;1.2.-Lesiones;2022;7.259
Valencia/València;1.2.-Lesiones;2021;5.741
Valencia/València;1.2.-Lesiones;2020;4.649
Valencia/València;1.2.-Lesiones;2019;5.739
Valencia/València;1.2.-Lesiones;2018;5.580
Valencia/València;1.3.-Malos tratos ámbito familiar;2024;7.487
Valencia/València;1.3.-Malos tratos ámbito familiar;2023;6.860
Valencia/València;1.3.-Malos tratos ámbito familiar;2022;6.428
Valencia/València;1.3.-Malos tratos ámbito familiar;2021;5.954
Valencia/València;1.3.-Malos tratos ámbito familiar;2020;5.469
Valencia/València;1.3.-Malos tratos ámbito familiar;2019;5.592
Valencia/València;1.3.-Malos tratos ámbito familiar;2018;5.227
Valencia/València;1.4.-Otros contra las personas;2024;373
Valencia/València;1.4.-Otros contra las personas;2023;277
Valencia/València;1.4.-Otros contra las personas;2022;231
Valencia/València;1.4.-Otros contra las personas;2021;158
Valencia/València;1.4.-Otros contra las personas;2020;151
Valencia/València;1.4.-Otros contra las personas;2019;208
Valencia/València;1.4.-Otros contra las personas;2018;197
Valencia/València;2. CONTRA LA LIBERTAD;2024;8.508
Valencia/València;2. CONTRA LA LIBERTAD;2023;8.396
Valencia/València;2. CONTRA LA LIBERTAD;2022;7.958
Valencia/València;2. CONTRA LA LIBERTAD;2021;7.551
Valencia/València;2. CONTRA LA LIBERTAD;2020;6.530
Valencia/València;2. CONTRA LA LIBERTAD;2019;6.486
Valencia/València;2. CONTRA LA LIBERTAD;2018;6.184
Valencia/València;2.1.-Malos tratos habituales en el ámbito familiar;2024;1.007
Valencia/València;2.1.-Malos tratos habituales en el ámbito familiar;2023;1.282
Valencia/València;2.1.-Malos tratos habituales en el ámbito familiar;2022;1.371
Valencia/València;2.1.-Malos tratos habituales en el ámbito familiar;2021;909
Valencia/València;2.1.-Malos tratos habituales en el ámbito familiar;2020;842
Valencia/València;2.1.-Malos tratos habituales en el ámbito familiar;2019;995
Valencia/València;2.1.-Malos tratos habituales en el ámbito familiar;2018;1.004
Valencia/València;2.2.-Otros contra la libertad;2024;7.501
Valencia/València;2.2.-Otros contra la libertad;2023;7.114
Valencia/València;2.2.-Otros contra la libertad;2022;6.587
Valencia/València;2.2.-Otros contra la libertad;2021;6.642
Valencia/València;2.2.-Otros contra la libertad;2020;5.688
Valencia/València;2.2.-Otros contra la libertad;2019;5.491
Valencia/València;2.2.-Otros contra la libertad;2018;5.180
Valencia/València;3. LIBERTAD SEXUAL;2024;1.327
Valencia/València;3. LIBERTAD SEXUAL;2023;1.245
Valencia/València;3. LIBERTAD SEXUAL;2022;1.132
Valencia/València;3. LIBERTAD SEXUAL;2021;1.081
Valencia/València;3. LIBERTAD SEXUAL;2020;779
Valencia/València;3. LIBERTAD SEXUAL;2019;910
Valencia/València;3. LIBERTAD SEXUAL;2018;800
Valencia/València;3.1.-Agresión sexual;2024;860
Valencia/València;3.1.-Agresión sexual;2023;843
Valencia/València;3.1.-Agresión sexual;2022;727
Valencia/València;3.1.-Agresión sexual;2021;728
Valencia/València;3.1.-Agresión sexual;2020;471
Valencia/València;3.1.-Agresión sexual;2019;573
Valencia/València;3.1.-Agresión sexual;2018;528
Valencia/València;3.2.-Agresión sexual con penetración;2024;243
Valencia/València;3.2.-Agresión sexual con penetración;2023;214
Valencia/València;3.2.-Agresión sexual con penetración;2022;220
Valencia/València;3.2.-Agresión sexual con penetración;2021;190
Valencia/València;3.2.-Agresión sexual con penetración;2020;136
Valencia/València;3.2.-Agresión sexual con penetración;2019;143
Valencia/València;3.2.-Agresión sexual con penetración;2018;130
Valencia/València;3.3.-Corrupción de menores o incapacitados;2024;29
Valencia/València;3.3.-Corrupción de menores o incapacitados;2023;20
Valencia/València;3.3.-Corrupción de menores o incapacitados;2022;33
Valencia/València;3.3.-Corrupción de menores o incapacitados;2021;24
Valencia/València;3.3.-Corrupción de menores o incapacitados;2020;19
Valencia/València;3.3.-Corrupción de menores o incapacitados;2019;25
Valencia/València;3.3.-Corrupción de menores o incapacitados;2018;11
Valencia/València;3.4.-Pornografía de menores;2024;48
Valencia/València;3.4.-Pornografía de menores;2023;38
Valencia/València;3.4.-Pornografía de menores;2022;28
Valencia/València;3.4.-Pornografía de menores;2021;32
Valencia/València;3.4.-Pornografía de menores;2020;26
Valencia/València;3.4.-Pornografía de menores;2019;55
Valencia/València;3.4.-Pornografía de menores;2018;33
Valencia/València;3.5.-Otros contra la libertad sexual;2024;147
Valencia/València;3.5.-Otros contra la libertad sexual;2023;130
Valencia/València;3.5.-Otros contra la libertad sexual;2022;124
Valencia/València;3.5.-Otros contra la libertad sexual;2021;107
Valencia/València;3.5.-Otros contra la libertad sexual;2020;127
Valencia/València;3.5.-Otros contra la libertad sexual;2019;114
Valencia/València;3.5.-Otros contra la libertad sexual;2018;98
Valencia/València;4. RELACIONES FAMILIARES;2024;441
Valencia/València;4. RELACIONES FAMILIARES;2023;402
Valencia/València;4. RELACIONES FAMILIARES;2022;421
Valencia/València;4. RELACIONES FAMILIARES;2021;356
Valencia/València;4. RELACIONES FAMILIARES;2020;377
Valencia/València;4. RELACIONES FAMILIARES;2019;382
Valencia/València;4. RELACIONES FAMILIARES;2018;424
Valencia/València;5. PATRIMONIO;2024;110.627
Valencia/València;5. PATRIMONIO;2023;114.759
Valencia/València;5. PATRIMONIO;2022;106.647
Valencia/València;5. PATRIMONIO;2021;91.769
Valencia/València;5. PATRIMONIO;2020;73.868
Valencia/València;5. PATRIMONIO;2019;91.785
Valencia/València;5. PATRIMONIO;2018;90.721
Valencia/València;5.1.-Hurtos;2024;41.357
Valencia/València;5.1.-Hurtos;2023;43.573
Valencia/València;5.1.-Hurtos;2022;40.680
Valencia/València;5.1.-Hurtos;2021;34.443
Valencia/València;5.1.-Hurtos;2020;24.012
Valencia/València;5.1.-Hurtos;2019;35.941
Valencia/València;5.1.-Hurtos;2018;37.129
Valencia/València;5.2.-Robos con fuerza en las cosas;2024;19.010
Valencia/València;5.2.-Robos con fuerza en las cosas;2023;20.550
Valencia/València;5.2.-Robos con fuerza en las cosas;2022;18.962
Valencia/València;5.2.-Robos con fuerza en las cosas;2021;15.582
Valencia/València;5.2.-Robos con fuerza en las cosas;2020;13.380
Valencia/València;5.2.-Robos con fuerza en las cosas;2019;17.312
Valencia/València;5.2.-Robos con fuerza en las cosas;2018;16.651
Valencia/València;5.2.1.-Robos con fuerza en las cosas en el interior de vehículos;2024;8.050
Valencia/València;5.2.1.-Robos con fuerza en las cosas en el interior de vehículos;2023;9.511
Valencia/València;5.2.1.-Robos con fuerza en las cosas en el interior de vehículos;2022;7.767
Valencia/València;5.2.1.-Robos con fuerza en las cosas en el interior de vehículos;2021;5.914
Valencia/València;5.2.1.-Robos con fuerza en las cosas en el interior de vehículos;2020;4.746
Valencia/València;5.2.1.-Robos con fuerza en las cosas en el interior de vehículos;2019;6.041
Valencia/València;5.2.1.-Robos con fuerza en las cosas en el interior de vehículos;2018;4.784
Valencia/València;5.2.2.-Robos con fuerza en viviendas;2024;6.904
Valencia/València;5.2.2.-Robos con fuerza en viviendas;2023;6.479
Valencia/València;5.2.2.-Robos con fuerza en viviendas;2022;6.925
Valencia/València;5.2.2.-Robos con fuerza en viviendas;2021;6.054
Valencia/València;5.2.2.-Robos con fuerza en viviendas;2020;5.077
Valencia/València;5.2.2.-Robos con fuerza en viviendas;2019;6.665
Valencia/València;5.2.2.-Robos con fuerza en viviendas;2018;7.462
Valencia/València;5.2.3.-Robos con fuerza en establecimientos;2024;1.477
Valencia/València;5.2.3.-Robos con fuerza en establecimientos;2023;1.991
Valencia/València;5.2.3.-Robos con fuerza en establecimientos;2022;1.766
Valencia/València;5.2.3.-Robos con fuerza en establecimientos;2021;1.533
Valencia/València;5.2.3.-Robos con fuerza en establecimientos;2020;1.818
Valencia/València;5.2.3.-Robos con fuerza en establecimientos;2019;2.279
Valencia/València;5.2.3.-Robos con fuerza en establecimientos;2018;2.107
Valencia/València;5.3.-Robos con violencia o intimidación;2024;3.578
Valencia/València;5.3.-Robos con violencia o intimidación;2023;3.717
Valencia/València;5.3.-Robos con violencia o intimidación;2022;3.672
Valencia/València;5.3.-Robos con violencia o intimidación;2021;3.063
Valencia/València;5.3.-Robos con violencia o intimidación;2020;2.355
Valencia/València;5.3.-Robos con violencia o intimidación;2019;2.940
Valencia/València;5.3.-Robos con violencia o intimidación;2018;3.025
Valencia/València;5.3.1.-Robos con violencia en vía pública;2024;2.286
Valencia/València;5.3.1.-Robos con violencia en vía pública;2023;2.418
Valencia/València;5.3.1.-Robos con violencia en vía pública;2022;2.481
Valencia/València;5.3.1.-Robos con violencia en vía pública;2021;1.976
Valencia/València;5.3.1.-Robos con violencia en vía pública;2020;1.431
Valencia/València;5.3.1.-Robos con violencia en vía pública;2019;1.878
Valencia/València;5.3.1.-Robos con violencia en vía pública;2018;1.764
Valencia/València;5.3.2.-Robos con violencia en viviendas;2024;263
Valencia/València;5.3.2.-Robos con violencia en viviendas;2023;208
Valencia/València;5.3.2.-Robos con violencia en viviendas;2022;218
Valencia/València;5.3.2.-Robos con violencia en viviendas;2021;221
Valencia/València;5.3.2.-Robos con violencia en viviendas;2020;187
Valencia/València;5.3.2.-Robos con violencia en viviendas;2019;214
Valencia/València;5.3.2.-Robos con violencia en viviendas;2018;245
Valencia/València;5.3.3.-Robos con violencia en establecimientos;2024;520
Valencia/València;5.3.3.-Robos con violencia en establecimientos;2023;513
Valencia/València;5.3.3.-Robos con violencia en establecimientos;2022;486
Valencia/València;5.3.3.-Robos con violencia en establecimientos;2021;464
Valencia/València;5.3.3.-Robos con violencia en establecimientos;2020;391
Valencia/València;5.3.3.-Robos con violencia en establecimientos;2019;441
Valencia/València;5.3.3.-Robos con violencia en establecimientos;2018;519
Valencia/València;5.4.-Sustracción de vehículos;2024;1.733
Valencia/València;5.4.-Sustracción de vehículos;2023;1.611
Valencia/València;5.4.-Sustracción de vehículos;2022;1.744
Valencia/València;5.4.-Sustracción de vehículos;2021;1.338
Valencia/València;5.4.-Sustracción de vehículos;2020;1.257
Valencia/València;5.4.-Sustracción de vehículos;2019;1.654
Valencia/València;5.4.-Sustracción de vehículos;2018;1.814
Valencia/València;5.5.-Estafas;2024;26.287
Valencia/València;5.5.-Estafas;2023;26.736
Valencia/València;5.5.-Estafas;2022;22.908
Valencia/València;5.5.-Estafas;2021;19.709
Valencia/València;5.5.-Estafas;2020;17.498
Valencia/València;5.5.-Estafas;2019;15.925
Valencia/València;5.5.-Estafas;2018;14.881
Valencia/València;5.5.1.-Estafas informáticas;2024;21.457
Valencia/València;5.5.1.-Estafas informáticas;2023;21.967
Valencia/València;5.5.1.-Estafas informáticas;2022;15.623
Valencia/València;5.5.1.-Estafas informáticas;2021;13.846
Valencia/València;5.5.1.-Estafas informáticas;2020;12.486
Valencia/València;5.5.1.-Estafas informáticas;2019;9.288
Valencia/València;5.5.1.-Estafas informáticas;2018;6.485
Valencia/València;5.6.-Daños;2024;14.376
Valencia/València;5.6.-Daños;2023;14.795
Valencia/València;5.6.-Daños;2022;14.930
Valencia/València;5.6.-Daños;2021;14.460
Valencia/València;5.6.-Daños;2020;12.498
Valencia/València;5.6.-Daños;2019;14.984
Valencia/València;5.6.-Daños;2018;14.424
Valencia/València;5.7.-Contra la propiedad intelectual/industrial;2024;114
Valencia/València;5.7.-Contra la propiedad intelectual/industrial;2023;88
Valencia/València;5.7.-Contra la propiedad intelectual/industrial;2022;75
Valencia/València;5.7.-Contra la propiedad intelectual/industrial;2021;85
Valencia/València;5.7.-Contra la propiedad intelectual/industrial;2020;82
Valencia/València;5.7.-Contra la propiedad intelectual/industrial;2019;57
Valencia/València;5.7.-Contra la propiedad intelectual/industrial;2018;117
Valencia/València;5.8.-Blanqueo de capitales;2024;87
Valencia/València;5.8.-Blanqueo de capitales;2023;39
Valencia/València;5.8.-Blanqueo de capitales;2022;37
Valencia/València;5.8.-Blanqueo de capitales;2021;36
Valencia/València;5.8.-Blanqueo de capitales;2020;38
Valencia/València;5.8.-Blanqueo de capitales;2019;32
Valencia/València;5.8.-Blanqueo de capitales;2018;33
Valencia/València;5.9.-Otros contra el patrimonio;2024;4.085
Valencia/València;5.9.-Otros contra el patrimonio;2023;3.650
Valencia/València;5.9.-Otros contra el patrimonio;2022;3.639
Valencia/València;5.9.-Otros contra el patrimonio;2021;3.053
Valencia/València;5.9.-Otros contra el patrimonio;2020;2.748
Valencia/València;5.9.-Otros contra el patrimonio;2019;2.940
Valencia/València;5.9.-Otros contra el patrimonio;2018;2.647
Valencia/València;6. SEGURIDAD COLECTIVA;2024;5.220
Valencia/València;6. SEGURIDAD COLECTIVA;2023;5.056
Valencia/València;6. SEGURIDAD COLECTIVA;2022;4.804
Valencia/València;6. SEGURIDAD COLECTIVA;2021;4.056
Valencia/València;6. SEGURIDAD COLECTIVA;2020;3.531
Valencia/València;6. SEGURIDAD COLECTIVA;2019;4.165
Valencia/València;6. SEGURIDAD COLECTIVA;2018;4.039
Valencia/València;6.1.-Tráfico de drogas;2024;1.426
Valencia/València;6.1.-Tráfico de drogas;2023;1.290
Valencia/València;6.1.-Tráfico de drogas;2022;950
Valencia/València;6.1.-Tráfico de drogas;2021;904
Valencia/València;6.1.-Tráfico de drogas;2020;907
Valencia/València;6.1.-Tráfico de drogas;2019;1.031
Valencia/València;6.1.-Tráfico de drogas;2018;949
Valencia/València;6.2.-Contra la seguridad vial;2024;3.541
Valencia/València;6.2.-Contra la seguridad vial;2023;3.577
Valencia/València;6.2.-Contra la seguridad vial;2022;3.681
Valencia/València;6.2.-Contra la seguridad vial;2021;2.979
Valencia/València;6.2.-Contra la seguridad vial;2020;2.467
Valencia/València;6.2.-Contra la seguridad vial;2019;2.987
Valencia/València;6.2.-Contra la seguridad vial;2018;2.910
Valencia/València;6.3.-Otros contra la seguridad colectiva;2024;253
Valencia/València;6.3.-Otros contra la seguridad colectiva;2023;189
Valencia/València;6.3.-Otros contra la seguridad colectiva;2022;173
Valencia/València;6.3.-Otros contra la seguridad colectiva;2021;173
Valencia/València;6.3.-Otros contra la seguridad colectiva;2020;157
Valencia/València;6.3.-Otros contra la seguridad colectiva;2019;147
Valencia/València;6.3.-Otros contra la seguridad colectiva;2018;180
Valencia/València;7. FALSEDADES;2024;2.667
Valencia/València;7. FALSEDADES;2023;3.055
Valencia/València;7. FALSEDADES;2022;2.549
Valencia/València;7. FALSEDADES;2021;2.338
Valencia/València;7. FALSEDADES;2020;1.506
Valencia/València;7. FALSEDADES;2019;1.593
Valencia/València;7. FALSEDADES;2018;1.591
Valencia/València;8. ADMÓN. PÚBLICA;2024;44
Valencia/València;8. ADMÓN. PÚBLICA;2023;32
Valencia/València;8. ADMÓN. PÚBLICA;2022;25
Valencia/València;8. ADMÓN. PÚBLICA;2021;34
Valencia/València;8. ADMÓN. PÚBLICA;2020;21
Valencia/València;8. ADMÓN. PÚBLICA;2019;27
Valencia/València;8. ADMÓN. PÚBLICA;2018;34
Valencia/València;9. ADMÓN. JUSTICIA;2024;2.985
Valencia/València;9. ADMÓN. JUSTICIA;2023;3.042
Valencia/València;9. ADMÓN. JUSTICIA;2022;2.836
Valencia/València;9. ADMÓN. JUSTICIA;2021;2.671
Valencia/València;9. ADMÓN. JUSTICIA;2020;2.545
Valencia/València;9. ADMÓN. JUSTICIA;2019;2.495
Valencia/València;9. ADMÓN. JUSTICIA;2018;2.269
Valencia/València;10. ORDEN PÚBLICO;2024;2.043
Valencia/València;10. ORDEN PÚBLICO;2023;1.987
Valencia/València;10. ORDEN PÚBLICO;2022;1.921
Valencia/València;10. ORDEN PÚBLICO;2021;1.840
Valencia/València;10. ORDEN PÚBLICO;2020;1.940
Valencia/València;10. ORDEN PÚBLICO;2019;1.273
Valencia/València;10. ORDEN PÚBLICO;2018;1.244
Valencia/València;11. LEGISLACIÓN ESPECIAL;2024;2
Valencia/València;11. LEGISLACIÓN ESPECIAL;2023;16
Valencia/València;11. LEGISLACIÓN ESPECIAL;2022;7
Valencia/València;11. LEGISLACIÓN ESPECIAL;2021;6
Valencia/València;11. LEGISLACIÓN ESPECIAL;2020;10
Valencia/València;11. LEGISLACIÓN ESPECIAL;2019;9
Valencia/València;11. LEGISLACIÓN ESPECIAL;2018;9
Valencia/València;12. OTRAS INFRACCIONES PENALES;2024;614
Valencia/València;12. OTRAS INFRACCIONES PENALES;2023;586
Valencia/València;12. OTRAS INFRACCIONES PENALES;2022;623
Valencia/València;12. OTRAS INFRACCIONES PENALES;2021;596
Valencia/València;12. OTRAS INFRACCIONES PENALES;2020;674
Valencia/València;12. OTRAS INFRACCIONES PENALES;2019;633
Valencia/València;12. OTRAS INFRACCIONES PENALES;2018;576
Valencia/València;TOTAL INFRACCIONES PENALES;2024;149.985
Valencia/València;TOTAL INFRACCIONES PENALES;2023;152.856
Valencia/València;TOTAL INFRACCIONES PENALES;2022;142.934
Valencia/València;TOTAL INFRACCIONES PENALES;2021;124.238
Valencia/València;TOTAL INFRACCIONES PENALES;2020;102.117
Valencia/València;TOTAL INFRACCIONES PENALES;2019;121.386
Valencia/València;TOTAL INFRACCIONES PENALES;2018;118.961
Valladolid;1. CONTRA LAS PERSONAS;2024;2.049
Valladolid;1. CONTRA LAS PERSONAS;2023;1.958
Valladolid;1. CONTRA LAS PERSONAS;2022;1.805
Valladolid;1. CONTRA LAS PERSONAS;2021;1.711
Valladolid;1. CONTRA LAS PERSONAS;2020;1.352
Valladolid;1. CONTRA LAS PERSONAS;2019;1.638
Valladolid;1. CONTRA LAS PERSONAS;2018;1.567
Valladolid;1.1.-Homicidios dolosos/asesinatos;2024;11
Valladolid;1.1.-Homicidios dolosos/asesinatos;2023;18
Valladolid;1.1.-Homicidios dolosos/asesinatos;2022;12
Valladolid;1.1.-Homicidios dolosos/asesinatos;2021;9
Valladolid;1.1.-Homicidios dolosos/asesinatos;2020;7
Valladolid;1.1.-Homicidios dolosos/asesinatos;2019;3
Valladolid;1.1.-Homicidios dolosos/asesinatos;2018;8
Valladolid;1.1.1.-Homicidios dolosos/asesinatos consumados;2024;2
Valladolid;1.1.1.-Homicidios dolosos/asesinatos consumados;2023;2
Valladolid;1.1.1.-Homicidios dolosos/asesinatos consumados;2022;8
Valladolid;1.1.1.-Homicidios dolosos/asesinatos consumados;2021;2
Valladolid;1.1.1.-Homicidios dolosos/asesinatos consumados;2020;2
Valladolid;1.1.1.-Homicidios dolosos/asesinatos consumados;2019;1
Valladolid;1.1.1.-Homicidios dolosos/asesinatos consumados;2018;5
Valladolid;1.2.-Lesiones;2024;1.101
Valladolid;1.2.-Lesiones;2023;1.091
Valladolid;1.2.-Lesiones;2022;1.033
Valladolid;1.2.-Lesiones;2021;924
Valladolid;1.2.-Lesiones;2020;741
Valladolid;1.2.-Lesiones;2019;992
Valladolid;1.2.-Lesiones;2018;935
Valladolid;1.3.-Malos tratos ámbito familiar;2024;856
Valladolid;1.3.-Malos tratos ámbito familiar;2023;786
Valladolid;1.3.-Malos tratos ámbito familiar;2022;715
Valladolid;1.3.-Malos tratos ámbito familiar;2021;740
Valladolid;1.3.-Malos tratos ámbito familiar;2020;559
Valladolid;1.3.-Malos tratos ámbito familiar;2019;584
Valladolid;1.3.-Malos tratos ámbito familiar;2018;570
Valladolid;1.4.-Otros contra las personas;2024;81
Valladolid;1.4.-Otros contra las personas;2023;63
Valladolid;1.4.-Otros contra las personas;2022;45
Valladolid;1.4.-Otros contra las personas;2021;38
Valladolid;1.4.-Otros contra las personas;2020;45
Valladolid;1.4.-Otros contra las personas;2019;59
Valladolid;1.4.-Otros contra las personas;2018;54
Valladolid;2. CONTRA LA LIBERTAD;2024;1.392
Valladolid;2. CONTRA LA LIBERTAD;2023;1.281
Valladolid;2. CONTRA LA LIBERTAD;2022;1.360
Valladolid;2. CONTRA LA LIBERTAD;2021;1.408
Valladolid;2. CONTRA LA LIBERTAD;2020;1.176
Valladolid;2. CONTRA LA LIBERTAD;2019;1.137
Valladolid;2. CONTRA LA LIBERTAD;2018;1.195
Valladolid;2.1.-Malos tratos habituales en el ámbito familiar;2024;94
Valladolid;2.1.-Malos tratos habituales en el ámbito familiar;2023;112
Valladolid;2.1.-Malos tratos habituales en el ámbito familiar;2022;105
Valladolid;2.1.-Malos tratos habituales en el ámbito familiar;2021;79
Valladolid;2.1.-Malos tratos habituales en el ámbito familiar;2020;81
Valladolid;2.1.-Malos tratos habituales en el ámbito familiar;2019;97
Valladolid;2.1.-Malos tratos habituales en el ámbito familiar;2018;110
Valladolid;2.2.-Otros contra la libertad;2024;1.298
Valladolid;2.2.-Otros contra la libertad;2023;1.169
Valladolid;2.2.-Otros contra la libertad;2022;1.255
Valladolid;2.2.-Otros contra la libertad;2021;1.329
Valladolid;2.2.-Otros contra la libertad;2020;1.095
Valladolid;2.2.-Otros contra la libertad;2019;1.040
Valladolid;2.2.-Otros contra la libertad;2018;1.085
Valladolid;3. LIBERTAD SEXUAL;2024;169
Valladolid;3. LIBERTAD SEXUAL;2023;141
Valladolid;3. LIBERTAD SEXUAL;2022;135
Valladolid;3. LIBERTAD SEXUAL;2021;126
Valladolid;3. LIBERTAD SEXUAL;2020;109
Valladolid;3. LIBERTAD SEXUAL;2019;105
Valladolid;3. LIBERTAD SEXUAL;2018;91
Valladolid;3.1.-Agresión sexual;2024;113
Valladolid;3.1.-Agresión sexual;2023;82
Valladolid;3.1.-Agresión sexual;2022;85
Valladolid;3.1.-Agresión sexual;2021;57
Valladolid;3.1.-Agresión sexual;2020;65
Valladolid;3.1.-Agresión sexual;2019;56
Valladolid;3.1.-Agresión sexual;2018;47
Valladolid;3.2.-Agresión sexual con penetración;2024;24
Valladolid;3.2.-Agresión sexual con penetración;2023;29
Valladolid;3.2.-Agresión sexual con penetración;2022;8
Valladolid;3.2.-Agresión sexual con penetración;2021;38
Valladolid;3.2.-Agresión sexual con penetración;2020;17
Valladolid;3.2.-Agresión sexual con penetración;2019;23
Valladolid;3.2.-Agresión sexual con penetración;2018;20
Valladolid;3.3.-Corrupción de menores o incapacitados;2024;6
Valladolid;3.3.-Corrupción de menores o incapacitados;2023;4
Valladolid;3.3.-Corrupción de menores o incapacitados;2022;3
Valladolid;3.3.-Corrupción de menores o incapacitados;2021;5
Valladolid;3.3.-Corrupción de menores o incapacitados;2020;4
Valladolid;3.3.-Corrupción de menores o incapacitados;2019;1
Valladolid;3.3.-Corrupción de menores o incapacitados;2018;0
Valladolid;3.4.-Pornografía de menores;2024;5
Valladolid;3.4.-Pornografía de menores;2023;8
Valladolid;3.4.-Pornografía de menores;2022;15
Valladolid;3.4.-Pornografía de menores;2021;11
Valladolid;3.4.-Pornografía de menores;2020;7
Valladolid;3.4.-Pornografía de menores;2019;7
Valladolid;3.4.-Pornografía de menores;2018;11
Valladolid;3.5.-Otros contra la libertad sexual;2024;21
Valladolid;3.5.-Otros contra la libertad sexual;2023;18
Valladolid;3.5.-Otros contra la libertad sexual;2022;24
Valladolid;3.5.-Otros contra la libertad sexual;2021;15
Valladolid;3.5.-Otros contra la libertad sexual;2020;16
Valladolid;3.5.-Otros contra la libertad sexual;2019;18
Valladolid;3.5.-Otros contra la libertad sexual;2018;13
Valladolid;4. RELACIONES FAMILIARES;2024;69
Valladolid;4. RELACIONES FAMILIARES;2023;78
Valladolid;4. RELACIONES FAMILIARES;2022;66
Valladolid;4. RELACIONES FAMILIARES;2021;56
Valladolid;4. RELACIONES FAMILIARES;2020;41
Valladolid;4. RELACIONES FAMILIARES;2019;71
Valladolid;4. RELACIONES FAMILIARES;2018;51
Valladolid;5. PATRIMONIO;2024;15.548
Valladolid;5. PATRIMONIO;2023;15.026
Valladolid;5. PATRIMONIO;2022;15.521
Valladolid;5. PATRIMONIO;2021;13.461
Valladolid;5. PATRIMONIO;2020;11.369
Valladolid;5. PATRIMONIO;2019;13.899
Valladolid;5. PATRIMONIO;2018;13.308
Valladolid;5.1.-Hurtos;2024;4.213
Valladolid;5.1.-Hurtos;2023;4.306
Valladolid;5.1.-Hurtos;2022;4.145
Valladolid;5.1.-Hurtos;2021;3.409
Valladolid;5.1.-Hurtos;2020;2.789
Valladolid;5.1.-Hurtos;2019;4.650
Valladolid;5.1.-Hurtos;2018;4.971
Valladolid;5.2.-Robos con fuerza en las cosas;2024;1.956
Valladolid;5.2.-Robos con fuerza en las cosas;2023;1.525
Valladolid;5.2.-Robos con fuerza en las cosas;2022;1.977
Valladolid;5.2.-Robos con fuerza en las cosas;2021;1.806
Valladolid;5.2.-Robos con fuerza en las cosas;2020;1.565
Valladolid;5.2.-Robos con fuerza en las cosas;2019;2.126
Valladolid;5.2.-Robos con fuerza en las cosas;2018;2.136
Valladolid;5.2.1.-Robos con fuerza en las cosas en el interior de vehículos;2024;487
Valladolid;5.2.1.-Robos con fuerza en las cosas en el interior de vehículos;2023;360
Valladolid;5.2.1.-Robos con fuerza en las cosas en el interior de vehículos;2022;501
Valladolid;5.2.1.-Robos con fuerza en las cosas en el interior de vehículos;2021;561
Valladolid;5.2.1.-Robos con fuerza en las cosas en el interior de vehículos;2020;540
Valladolid;5.2.1.-Robos con fuerza en las cosas en el interior de vehículos;2019;453
Valladolid;5.2.1.-Robos con fuerza en las cosas en el interior de vehículos;2018;431
Valladolid;5.2.2.-Robos con fuerza en viviendas;2024;709
Valladolid;5.2.2.-Robos con fuerza en viviendas;2023;488
Valladolid;5.2.2.-Robos con fuerza en viviendas;2022;625
Valladolid;5.2.2.-Robos con fuerza en viviendas;2021;557
Valladolid;5.2.2.-Robos con fuerza en viviendas;2020;399
Valladolid;5.2.2.-Robos con fuerza en viviendas;2019;594
Valladolid;5.2.2.-Robos con fuerza en viviendas;2018;686
Valladolid;5.2.3.-Robos con fuerza en establecimientos;2024;230
Valladolid;5.2.3.-Robos con fuerza en establecimientos;2023;235
Valladolid;5.2.3.-Robos con fuerza en establecimientos;2022;320
Valladolid;5.2.3.-Robos con fuerza en establecimientos;2021;298
Valladolid;5.2.3.-Robos con fuerza en establecimientos;2020;277
Valladolid;5.2.3.-Robos con fuerza en establecimientos;2019;483
Valladolid;5.2.3.-Robos con fuerza en establecimientos;2018;431
Valladolid;5.3.-Robos con violencia o intimidación;2024;174
Valladolid;5.3.-Robos con violencia o intimidación;2023;182
Valladolid;5.3.-Robos con violencia o intimidación;2022;143
Valladolid;5.3.-Robos con violencia o intimidación;2021;136
Valladolid;5.3.-Robos con violencia o intimidación;2020;94
Valladolid;5.3.-Robos con violencia o intimidación;2019;144
Valladolid;5.3.-Robos con violencia o intimidación;2018;131
Valladolid;5.3.1.-Robos con violencia en vía pública;2024;92
Valladolid;5.3.1.-Robos con violencia en vía pública;2023;86
Valladolid;5.3.1.-Robos con violencia en vía pública;2022;68
Valladolid;5.3.1.-Robos con violencia en vía pública;2021;61
Valladolid;5.3.1.-Robos con violencia en vía pública;2020;55
Valladolid;5.3.1.-Robos con violencia en vía pública;2019;88
Valladolid;5.3.1.-Robos con violencia en vía pública;2018;71
Valladolid;5.3.2.-Robos con violencia en viviendas;2024;12
Valladolid;5.3.2.-Robos con violencia en viviendas;2023;18
Valladolid;5.3.2.-Robos con violencia en viviendas;2022;19
Valladolid;5.3.2.-Robos con violencia en viviendas;2021;19
Valladolid;5.3.2.-Robos con violencia en viviendas;2020;7
Valladolid;5.3.2.-Robos con violencia en viviendas;2019;10
Valladolid;5.3.2.-Robos con violencia en viviendas;2018;13
Valladolid;5.3.3.-Robos con violencia en establecimientos;2024;52
Valladolid;5.3.3.-Robos con violencia en establecimientos;2023;62
Valladolid;5.3.3.-Robos con violencia en establecimientos;2022;32
Valladolid;5.3.3.-Robos con violencia en establecimientos;2021;37
Valladolid;5.3.3.-Robos con violencia en establecimientos;2020;16
Valladolid;5.3.3.-Robos con violencia en establecimientos;2019;20
Valladolid;5.3.3.-Robos con violencia en establecimientos;2018;32
Valladolid;5.4.-Sustracción de vehículos;2024;132
Valladolid;5.4.-Sustracción de vehículos;2023;111
Valladolid;5.4.-Sustracción de vehículos;2022;129
Valladolid;5.4.-Sustracción de vehículos;2021;140
Valladolid;5.4.-Sustracción de vehículos;2020;96
Valladolid;5.4.-Sustracción de vehículos;2019;141
Valladolid;5.4.-Sustracción de vehículos;2018;131
Valladolid;5.5.-Estafas;2024;6.258
Valladolid;5.5.-Estafas;2023;6.275
Valladolid;5.5.-Estafas;2022;6.209
Valladolid;5.5.-Estafas;2021;4.910
Valladolid;5.5.-Estafas;2020;4.478
Valladolid;5.5.-Estafas;2019;3.781
Valladolid;5.5.-Estafas;2018;3.231
Valladolid;5.5.1.-Estafas informáticas;2024;5.339
Valladolid;5.5.1.-Estafas informáticas;2023;5.393
Valladolid;5.5.1.-Estafas informáticas;2022;4.775
Valladolid;5.5.1.-Estafas informáticas;2021;3.872
Valladolid;5.5.1.-Estafas informáticas;2020;3.641
Valladolid;5.5.1.-Estafas informáticas;2019;2.029
Valladolid;5.5.1.-Estafas informáticas;2018;913
Valladolid;5.6.-Daños;2024;2.152
Valladolid;5.6.-Daños;2023;2.002
Valladolid;5.6.-Daños;2022;2.371
Valladolid;5.6.-Daños;2021;2.523
Valladolid;5.6.-Daños;2020;1.947
Valladolid;5.6.-Daños;2019;2.552
Valladolid;5.6.-Daños;2018;2.241
Valladolid;5.7.-Contra la propiedad intelectual/industrial;2024;2
Valladolid;5.7.-Contra la propiedad intelectual/industrial;2023;6
Valladolid;5.7.-Contra la propiedad intelectual/industrial;2022;2
Valladolid;5.7.-Contra la propiedad intelectual/industrial;2021;5
Valladolid;5.7.-Contra la propiedad intelectual/industrial;2020;4
Valladolid;5.7.-Contra la propiedad intelectual/industrial;2019;3
Valladolid;5.7.-Contra la propiedad intelectual/industrial;2018;11
Valladolid;5.8.-Blanqueo de capitales;2024;4
Valladolid;5.8.-Blanqueo de capitales;2023;3
Valladolid;5.8.-Blanqueo de capitales;2022;1
Valladolid;5.8.-Blanqueo de capitales;2021;1
Valladolid;5.8.-Blanqueo de capitales;2020;2
Valladolid;5.8.-Blanqueo de capitales;2019;2
Valladolid;5.8.-Blanqueo de capitales;2018;0
Valladolid;5.9.-Otros contra el patrimonio;2024;657
Valladolid;5.9.-Otros contra el patrimonio;2023;616
Valladolid;5.9.-Otros contra el patrimonio;2022;544
Valladolid;5.9.-Otros contra el patrimonio;2021;531
Valladolid;5.9.-Otros contra el patrimonio;2020;394
Valladolid;5.9.-Otros contra el patrimonio;2019;500
Valladolid;5.9.-Otros contra el patrimonio;2018;456
Valladolid;6. SEGURIDAD COLECTIVA;2024;494
Valladolid;6. SEGURIDAD COLECTIVA;2023;430
Valladolid;6. SEGURIDAD COLECTIVA;2022;452
Valladolid;6. SEGURIDAD COLECTIVA;2021;445
Valladolid;6. SEGURIDAD COLECTIVA;2020;349
Valladolid;6. SEGURIDAD COLECTIVA;2019;438
Valladolid;6. SEGURIDAD COLECTIVA;2018;384
Valladolid;6.1.-Tráfico de drogas;2024;66
Valladolid;6.1.-Tráfico de drogas;2023;59
Valladolid;6.1.-Tráfico de drogas;2022;60
Valladolid;6.1.-Tráfico de drogas;2021;80
Valladolid;6.1.-Tráfico de drogas;2020;67
Valladolid;6.1.-Tráfico de drogas;2019;55
Valladolid;6.1.-Tráfico de drogas;2018;52
Valladolid;6.2.-Contra la seguridad vial;2024;395
Valladolid;6.2.-Contra la seguridad vial;2023;351
Valladolid;6.2.-Contra la seguridad vial;2022;374
Valladolid;6.2.-Contra la seguridad vial;2021;351
Valladolid;6.2.-Contra la seguridad vial;2020;278
Valladolid;6.2.-Contra la seguridad vial;2019;374
Valladolid;6.2.-Contra la seguridad vial;2018;318
Valladolid;6.3.-Otros contra la seguridad colectiva;2024;33
Valladolid;6.3.-Otros contra la seguridad colectiva;2023;20
Valladolid;6.3.-Otros contra la seguridad colectiva;2022;18
Valladolid;6.3.-Otros contra la seguridad colectiva;2021;14
Valladolid;6.3.-Otros contra la seguridad colectiva;2020;4
Valladolid;6.3.-Otros contra la seguridad colectiva;2019;9
Valladolid;6.3.-Otros contra la seguridad colectiva;2018;14
Valladolid;7. FALSEDADES;2024;472
Valladolid;7. FALSEDADES;2023;514
Valladolid;7. FALSEDADES;2022;360
Valladolid;7. FALSEDADES;2021;279
Valladolid;7. FALSEDADES;2020;188
Valladolid;7. FALSEDADES;2019;138
Valladolid;7. FALSEDADES;2018;124
Valladolid;8. ADMÓN. PÚBLICA;2024;4
Valladolid;8. ADMÓN. PÚBLICA;2023;11
Valladolid;8. ADMÓN. PÚBLICA;2022;8
Valladolid;8. ADMÓN. PÚBLICA;2021;10
Valladolid;8. ADMÓN. PÚBLICA;2020;2
Valladolid;8. ADMÓN. PÚBLICA;2019;2
Valladolid;8. ADMÓN. PÚBLICA;2018;1
Valladolid;9. ADMÓN. JUSTICIA;2024;348
Valladolid;9. ADMÓN. JUSTICIA;2023;273
Valladolid;9. ADMÓN. JUSTICIA;2022;282
Valladolid;9. ADMÓN. JUSTICIA;2021;257
Valladolid;9. ADMÓN. JUSTICIA;2020;172
Valladolid;9. ADMÓN. JUSTICIA;2019;218
Valladolid;9. ADMÓN. JUSTICIA;2018;230
Valladolid;10. ORDEN PÚBLICO;2024;186
Valladolid;10. ORDEN PÚBLICO;2023;180
Valladolid;10. ORDEN PÚBLICO;2022;183
Valladolid;10. ORDEN PÚBLICO;2021;178
Valladolid;10. ORDEN PÚBLICO;2020;159
Valladolid;10. ORDEN PÚBLICO;2019;129
Valladolid;10. ORDEN PÚBLICO;2018;126
Valladolid;11. LEGISLACIÓN ESPECIAL;2024;1
Valladolid;11. LEGISLACIÓN ESPECIAL;2023;0
Valladolid;11. LEGISLACIÓN ESPECIAL;2022;1
Valladolid;11. LEGISLACIÓN ESPECIAL;2021;1
Valladolid;11. LEGISLACIÓN ESPECIAL;2020;0
Valladolid;11. LEGISLACIÓN ESPECIAL;2019;1
Valladolid;11. LEGISLACIÓN ESPECIAL;2018;0
Valladolid;12. OTRAS INFRACCIONES PENALES;2024;142
Valladolid;12. OTRAS INFRACCIONES PENALES;2023;148
Valladolid;12. OTRAS INFRACCIONES PENALES;2022;120
Valladolid;12. OTRAS INFRACCIONES PENALES;2021;141
Valladolid;12. OTRAS INFRACCIONES PENALES;2020;113
Valladolid;12. OTRAS INFRACCIONES PENALES;2019;112
Valladolid;12. OTRAS INFRACCIONES PENALES;2018;89
Valladolid;TOTAL INFRACCIONES PENALES;2024;20.874
Valladolid;TOTAL INFRACCIONES PENALES;2023;20.040
Valladolid;TOTAL INFRACCIONES PENALES;2022;20.293
Valladolid;TOTAL INFRACCIONES PENALES;2021;18.073
Valladolid;TOTAL INFRACCIONES PENALES;2020;15.030
Valladolid;TOTAL INFRACCIONES PENALES;2019;17.888
Valladolid;TOTAL INFRACCIONES PENALES;2018;17.166
Bizkaia;1. CONTRA LAS PERSONAS;2024;4.560
Bizkaia;1. CONTRA LAS PERSONAS;2023;4.411
Bizkaia;1. CONTRA LAS PERSONAS;2022;4.338
Bizkaia;1. CONTRA LAS PERSONAS;2021;3.386
Bizkaia;1. CONTRA LAS PERSONAS;2020;3.064
Bizkaia;1. CONTRA LAS PERSONAS;2019;3.908
Bizkaia;1. CONTRA LAS PERSONAS;2018;3.597
Bizkaia;1.1.-Homicidios dolosos/asesinatos;2024;36
Bizkaia;1.1.-Homicidios dolosos/asesinatos;2023;17
Bizkaia;1.1.-Homicidios dolosos/asesinatos;2022;35
Bizkaia;1.1.-Homicidios dolosos/asesinatos;2021;26
Bizkaia;1.1.-Homicidios dolosos/asesinatos;2020;30
Bizkaia;1.1.-Homicidios dolosos/asesinatos;2019;22
Bizkaia;1.1.-Homicidios dolosos/asesinatos;2018;25
Bizkaia;1.1.1.-Homicidios dolosos/asesinatos consumados;2024;3
Bizkaia;1.1.1.-Homicidios dolosos/asesinatos consumados;2023;3
Bizkaia;1.1.1.-Homicidios dolosos/asesinatos consumados;2022;5
Bizkaia;1.1.1.-Homicidios dolosos/asesinatos consumados;2021;6
Bizkaia;1.1.1.-Homicidios dolosos/asesinatos consumados;2020;8
Bizkaia;1.1.1.-Homicidios dolosos/asesinatos consumados;2019;4
Bizkaia;1.1.1.-Homicidios dolosos/asesinatos consumados;2018;4
Bizkaia;1.2.-Lesiones;2024;2.974
Bizkaia;1.2.-Lesiones;2023;2.910
Bizkaia;1.2.-Lesiones;2022;3.025
Bizkaia;1.2.-Lesiones;2021;2.346
Bizkaia;1.2.-Lesiones;2020;2.034
Bizkaia;1.2.-Lesiones;2019;2.713
Bizkaia;1.2.-Lesiones;2018;2.670
Bizkaia;1.3.-Malos tratos ámbito familiar;2024;1.350
Bizkaia;1.3.-Malos tratos ámbito familiar;2023;1.267
Bizkaia;1.3.-Malos tratos ámbito familiar;2022;1.046
Bizkaia;1.3.-Malos tratos ámbito familiar;2021;823
Bizkaia;1.3.-Malos tratos ámbito familiar;2020;772
Bizkaia;1.3.-Malos tratos ámbito familiar;2019;919
Bizkaia;1.3.-Malos tratos ámbito familiar;2018;654
Bizkaia;1.4.-Otros contra las personas;2024;200
Bizkaia;1.4.-Otros contra las personas;2023;217
Bizkaia;1.4.-Otros contra las personas;2022;232
Bizkaia;1.4.-Otros contra las personas;2021;191
Bizkaia;1.4.-Otros contra las personas;2020;228
Bizkaia;1.4.-Otros contra las personas;2019;254
Bizkaia;1.4.-Otros contra las personas;2018;248
Bizkaia;2. CONTRA LA LIBERTAD;2024;4.927
Bizkaia;2. CONTRA LA LIBERTAD;2023;4.716
Bizkaia;2. CONTRA LA LIBERTAD;2022;4.419
Bizkaia;2. CONTRA LA LIBERTAD;2021;4.435
Bizkaia;2. CONTRA LA LIBERTAD;2020;4.407
Bizkaia;2. CONTRA LA LIBERTAD;2019;4.450
Bizkaia;2. CONTRA LA LIBERTAD;2018;4.523
Bizkaia;2.1.-Malos tratos habituales en el ámbito familiar;2024;1.673
Bizkaia;2.1.-Malos tratos habituales en el ámbito familiar;2023;1.706
Bizkaia;2.1.-Malos tratos habituales en el ámbito familiar;2022;1.534
Bizkaia;2.1.-Malos tratos habituales en el ámbito familiar;2021;1.564
Bizkaia;2.1.-Malos tratos habituales en el ámbito familiar;2020;1.668
Bizkaia;2.1.-Malos tratos habituales en el ámbito familiar;2019;1.561
Bizkaia;2.1.-Malos tratos habituales en el ámbito familiar;2018;1.685
Bizkaia;2.2.-Otros contra la libertad;2024;3.254
Bizkaia;2.2.-Otros contra la libertad;2023;3.010
Bizkaia;2.2.-Otros contra la libertad;2022;2.885
Bizkaia;2.2.-Otros contra la libertad;2021;2.871
Bizkaia;2.2.-Otros contra la libertad;2020;2.739
Bizkaia;2.2.-Otros contra la libertad;2019;2.889
Bizkaia;2.2.-Otros contra la libertad;2018;2.838
Bizkaia;3. LIBERTAD SEXUAL;2024;554
Bizkaia;3. LIBERTAD SEXUAL;2023;453
Bizkaia;3. LIBERTAD SEXUAL;2022;415
Bizkaia;3. LIBERTAD SEXUAL;2021;363
Bizkaia;3. LIBERTAD SEXUAL;2020;327
Bizkaia;3. LIBERTAD SEXUAL;2019;361
Bizkaia;3. LIBERTAD SEXUAL;2018;316
Bizkaia;3.1.-Agresión sexual;2024;323
Bizkaia;3.1.-Agresión sexual;2023;253
Bizkaia;3.1.-Agresión sexual;2022;226
Bizkaia;3.1.-Agresión sexual;2021;189
Bizkaia;3.1.-Agresión sexual;2020;151
Bizkaia;3.1.-Agresión sexual;2019;182
Bizkaia;3.1.-Agresión sexual;2018;148
Bizkaia;3.2.-Agresión sexual con penetración;2024;160
Bizkaia;3.2.-Agresión sexual con penetración;2023;130
Bizkaia;3.2.-Agresión sexual con penetración;2022;123
Bizkaia;3.2.-Agresión sexual con penetración;2021;112
Bizkaia;3.2.-Agresión sexual con penetración;2020;87
Bizkaia;3.2.-Agresión sexual con penetración;2019;99
Bizkaia;3.2.-Agresión sexual con penetración;2018;88
Bizkaia;3.3.-Corrupción de menores o incapacitados;2024;3
Bizkaia;3.3.-Corrupción de menores o incapacitados;2023;2
Bizkaia;3.3.-Corrupción de menores o incapacitados;2022;5
Bizkaia;3.3.-Corrupción de menores o incapacitados;2021;6
Bizkaia;3.3.-Corrupción de menores o incapacitados;2020;12
Bizkaia;3.3.-Corrupción de menores o incapacitados;2019;4
Bizkaia;3.3.-Corrupción de menores o incapacitados;2018;3
Bizkaia;3.4.-Pornografía de menores;2024;15
Bizkaia;3.4.-Pornografía de menores;2023;12
Bizkaia;3.4.-Pornografía de menores;2022;11
Bizkaia;3.4.-Pornografía de menores;2021;11
Bizkaia;3.4.-Pornografía de menores;2020;19
Bizkaia;3.4.-Pornografía de menores;2019;21
Bizkaia;3.4.-Pornografía de menores;2018;23
Bizkaia;3.5.-Otros contra la libertad sexual;2024;53
Bizkaia;3.5.-Otros contra la libertad sexual;2023;56
Bizkaia;3.5.-Otros contra la libertad sexual;2022;50
Bizkaia;3.5.-Otros contra la libertad sexual;2021;45
Bizkaia;3.5.-Otros contra la libertad sexual;2020;58
Bizkaia;3.5.-Otros contra la libertad sexual;2019;55
Bizkaia;3.5.-Otros contra la libertad sexual;2018;54
Bizkaia;4. RELACIONES FAMILIARES;2024;69
Bizkaia;4. RELACIONES FAMILIARES;2023;96
Bizkaia;4. RELACIONES FAMILIARES;2022;65
Bizkaia;4. RELACIONES FAMILIARES;2021;70
Bizkaia;4. RELACIONES FAMILIARES;2020;88
Bizkaia;4. RELACIONES FAMILIARES;2019;90
Bizkaia;4. RELACIONES FAMILIARES;2018;137
Bizkaia;5. PATRIMONIO;2024;44.247
Bizkaia;5. PATRIMONIO;2023;45.328
Bizkaia;5. PATRIMONIO;2022;45.121
Bizkaia;5. PATRIMONIO;2021;36.873
Bizkaia;5. PATRIMONIO;2020;33.168
Bizkaia;5. PATRIMONIO;2019;44.050
Bizkaia;5. PATRIMONIO;2018;41.618
Bizkaia;5.1.-Hurtos;2024;18.812
Bizkaia;5.1.-Hurtos;2023;18.542
Bizkaia;5.1.-Hurtos;2022;19.002
Bizkaia;5.1.-Hurtos;2021;14.461
Bizkaia;5.1.-Hurtos;2020;11.678
Bizkaia;5.1.-Hurtos;2019;20.124
Bizkaia;5.1.-Hurtos;2018;19.241
Bizkaia;5.2.-Robos con fuerza en las cosas;2024;5.140
Bizkaia;5.2.-Robos con fuerza en las cosas;2023;5.305
Bizkaia;5.2.-Robos con fuerza en las cosas;2022;6.576
Bizkaia;5.2.-Robos con fuerza en las cosas;2021;6.092
Bizkaia;5.2.-Robos con fuerza en las cosas;2020;5.145
Bizkaia;5.2.-Robos con fuerza en las cosas;2019;7.269
Bizkaia;5.2.-Robos con fuerza en las cosas;2018;7.253
Bizkaia;5.2.1.-Robos con fuerza en las cosas en el interior de vehículos;2024;23
Bizkaia;5.2.1.-Robos con fuerza en las cosas en el interior de vehículos;2023;12
Bizkaia;5.2.1.-Robos con fuerza en las cosas en el interior de vehículos;2022;15
Bizkaia;5.2.1.-Robos con fuerza en las cosas en el interior de vehículos;2021;18
Bizkaia;5.2.1.-Robos con fuerza en las cosas en el interior de vehículos;2020;15
Bizkaia;5.2.1.-Robos con fuerza en las cosas en el interior de vehículos;2019;17
Bizkaia;5.2.1.-Robos con fuerza en las cosas en el interior de vehículos;2018;10
Bizkaia;5.2.2.-Robos con fuerza en viviendas;2024;1.946
Bizkaia;5.2.2.-Robos con fuerza en viviendas;2023;2.073
Bizkaia;5.2.2.-Robos con fuerza en viviendas;2022;2.870
Bizkaia;5.2.2.-Robos con fuerza en viviendas;2021;2.747
Bizkaia;5.2.2.-Robos con fuerza en viviendas;2020;2.187
Bizkaia;5.2.2.-Robos con fuerza en viviendas;2019;3.276
Bizkaia;5.2.2.-Robos con fuerza en viviendas;2018;2.746
Bizkaia;5.2.3.-Robos con fuerza en establecimientos;2024;726
Bizkaia;5.2.3.-Robos con fuerza en establecimientos;2023;905
Bizkaia;5.2.3.-Robos con fuerza en establecimientos;2022;839
Bizkaia;5.2.3.-Robos con fuerza en establecimientos;2021;836
Bizkaia;5.2.3.-Robos con fuerza en establecimientos;2020;596
Bizkaia;5.2.3.-Robos con fuerza en establecimientos;2019;1.311
Bizkaia;5.2.3.-Robos con fuerza en establecimientos;2018;1.690
Bizkaia;5.3.-Robos con violencia o intimidación;2024;1.434
Bizkaia;5.3.-Robos con violencia o intimidación;2023;1.504
Bizkaia;5.3.-Robos con violencia o intimidación;2022;1.688
Bizkaia;5.3.-Robos con violencia o intimidación;2021;1.009
Bizkaia;5.3.-Robos con violencia o intimidación;2020;722
Bizkaia;5.3.-Robos con violencia o intimidación;2019;1.206
Bizkaia;5.3.-Robos con violencia o intimidación;2018;1.262
Bizkaia;5.3.1.-Robos con violencia en vía pública;2024;1.029
Bizkaia;5.3.1.-Robos con violencia en vía pública;2023;1.115
Bizkaia;5.3.1.-Robos con violencia en vía pública;2022;1.272
Bizkaia;5.3.1.-Robos con violencia en vía pública;2021;714
Bizkaia;5.3.1.-Robos con violencia en vía pública;2020;511
Bizkaia;5.3.1.-Robos con violencia en vía pública;2019;802
Bizkaia;5.3.1.-Robos con violencia en vía pública;2018;858
Bizkaia;5.3.2.-Robos con violencia en viviendas;2024;92
Bizkaia;5.3.2.-Robos con violencia en viviendas;2023;91
Bizkaia;5.3.2.-Robos con violencia en viviendas;2022;70
Bizkaia;5.3.2.-Robos con violencia en viviendas;2021;52
Bizkaia;5.3.2.-Robos con violencia en viviendas;2020;63
Bizkaia;5.3.2.-Robos con violencia en viviendas;2019;67
Bizkaia;5.3.2.-Robos con violencia en viviendas;2018;116
Bizkaia;5.3.3.-Robos con violencia en establecimientos;2024;172
Bizkaia;5.3.3.-Robos con violencia en establecimientos;2023;160
Bizkaia;5.3.3.-Robos con violencia en establecimientos;2022;178
Bizkaia;5.3.3.-Robos con violencia en establecimientos;2021;152
Bizkaia;5.3.3.-Robos con violencia en establecimientos;2020;82
Bizkaia;5.3.3.-Robos con violencia en establecimientos;2019;204
Bizkaia;5.3.3.-Robos con violencia en establecimientos;2018;173
Bizkaia;5.4.-Sustracción de vehículos;2024;405
Bizkaia;5.4.-Sustracción de vehículos;2023;421
Bizkaia;5.4.-Sustracción de vehículos;2022;434
Bizkaia;5.4.-Sustracción de vehículos;2021;418
Bizkaia;5.4.-Sustracción de vehículos;2020;403
Bizkaia;5.4.-Sustracción de vehículos;2019;528
Bizkaia;5.4.-Sustracción de vehículos;2018;583
Bizkaia;5.5.-Estafas;2024;12.675
Bizkaia;5.5.-Estafas;2023;13.904
Bizkaia;5.5.-Estafas;2022;11.574
Bizkaia;5.5.-Estafas;2021;9.680
Bizkaia;5.5.-Estafas;2020;10.589
Bizkaia;5.5.-Estafas;2019;9.192
Bizkaia;5.5.-Estafas;2018;7.893
Bizkaia;5.5.1.-Estafas informáticas;2024;12.056
Bizkaia;5.5.1.-Estafas informáticas;2023;13.061
Bizkaia;5.5.1.-Estafas informáticas;2022;10.103
Bizkaia;5.5.1.-Estafas informáticas;2021;8.345
Bizkaia;5.5.1.-Estafas informáticas;2020;9.251
Bizkaia;5.5.1.-Estafas informáticas;2019;7.580
Bizkaia;5.5.1.-Estafas informáticas;2018;6.520
Bizkaia;5.6.-Daños;2024;4.453
Bizkaia;5.6.-Daños;2023;4.463
Bizkaia;5.6.-Daños;2022;4.736
Bizkaia;5.6.-Daños;2021;4.191
Bizkaia;5.6.-Daños;2020;3.780
Bizkaia;5.6.-Daños;2019;4.724
Bizkaia;5.6.-Daños;2018;4.322
Bizkaia;5.7.-Contra la propiedad intelectual/industrial;2024;49
Bizkaia;5.7.-Contra la propiedad intelectual/industrial;2023;37
Bizkaia;5.7.-Contra la propiedad intelectual/industrial;2022;24
Bizkaia;5.7.-Contra la propiedad intelectual/industrial;2021;5
Bizkaia;5.7.-Contra la propiedad intelectual/industrial;2020;6
Bizkaia;5.7.-Contra la propiedad intelectual/industrial;2019;6
Bizkaia;5.7.-Contra la propiedad intelectual/industrial;2018;6
Bizkaia;5.8.-Blanqueo de capitales;2024;25
Bizkaia;5.8.-Blanqueo de capitales;2023;8
Bizkaia;5.8.-Blanqueo de capitales;2022;6
Bizkaia;5.8.-Blanqueo de capitales;2021;2
Bizkaia;5.8.-Blanqueo de capitales;2020;3
Bizkaia;5.8.-Blanqueo de capitales;2019;5
Bizkaia;5.8.-Blanqueo de capitales;2018;1
Bizkaia;5.9.-Otros contra el patrimonio;2024;1.254
Bizkaia;5.9.-Otros contra el patrimonio;2023;1.144
Bizkaia;5.9.-Otros contra el patrimonio;2022;1.081
Bizkaia;5.9.-Otros contra el patrimonio;2021;1.015
Bizkaia;5.9.-Otros contra el patrimonio;2020;842
Bizkaia;5.9.-Otros contra el patrimonio;2019;996
Bizkaia;5.9.-Otros contra el patrimonio;2018;1.057
Bizkaia;6. SEGURIDAD COLECTIVA;2024;1.570
Bizkaia;6. SEGURIDAD COLECTIVA;2023;1.404
Bizkaia;6. SEGURIDAD COLECTIVA;2022;1.639
Bizkaia;6. SEGURIDAD COLECTIVA;2021;1.472
Bizkaia;6. SEGURIDAD COLECTIVA;2020;1.131
Bizkaia;6. SEGURIDAD COLECTIVA;2019;1.329
Bizkaia;6. SEGURIDAD COLECTIVA;2018;1.262
Bizkaia;6.1.-Tráfico de drogas;2024;273
Bizkaia;6.1.-Tráfico de drogas;2023;215
Bizkaia;6.1.-Tráfico de drogas;2022;234
Bizkaia;6.1.-Tráfico de drogas;2021;201
Bizkaia;6.1.-Tráfico de drogas;2020;210
Bizkaia;6.1.-Tráfico de drogas;2019;171
Bizkaia;6.1.-Tráfico de drogas;2018;144
Bizkaia;6.2.-Contra la seguridad vial;2024;1.255
Bizkaia;6.2.-Contra la seguridad vial;2023;1.148
Bizkaia;6.2.-Contra la seguridad vial;2022;1.352
Bizkaia;6.2.-Contra la seguridad vial;2021;1.151
Bizkaia;6.2.-Contra la seguridad vial;2020;835
Bizkaia;6.2.-Contra la seguridad vial;2019;1.020
Bizkaia;6.2.-Contra la seguridad vial;2018;990
Bizkaia;6.3.-Otros contra la seguridad colectiva;2024;42
Bizkaia;6.3.-Otros contra la seguridad colectiva;2023;41
Bizkaia;6.3.-Otros contra la seguridad colectiva;2022;53
Bizkaia;6.3.-Otros contra la seguridad colectiva;2021;120
Bizkaia;6.3.-Otros contra la seguridad colectiva;2020;86
Bizkaia;6.3.-Otros contra la seguridad colectiva;2019;138
Bizkaia;6.3.-Otros contra la seguridad colectiva;2018;128
Bizkaia;7. FALSEDADES;2024;893
Bizkaia;7. FALSEDADES;2023;969
Bizkaia;7. FALSEDADES;2022;891
Bizkaia;7. FALSEDADES;2021;755
Bizkaia;7. FALSEDADES;2020;565
Bizkaia;7. FALSEDADES;2019;670
Bizkaia;7. FALSEDADES;2018;593
Bizkaia;8. ADMÓN. PÚBLICA;2024;6
Bizkaia;8. ADMÓN. PÚBLICA;2023;8
Bizkaia;8. ADMÓN. PÚBLICA;2022;4
Bizkaia;8. ADMÓN. PÚBLICA;2021;5
Bizkaia;8. ADMÓN. PÚBLICA;2020;8
Bizkaia;8. ADMÓN. PÚBLICA;2019;8
Bizkaia;8. ADMÓN. PÚBLICA;2018;5
Bizkaia;9. ADMÓN. JUSTICIA;2024;899
Bizkaia;9. ADMÓN. JUSTICIA;2023;891
Bizkaia;9. ADMÓN. JUSTICIA;2022;831
Bizkaia;9. ADMÓN. JUSTICIA;2021;730
Bizkaia;9. ADMÓN. JUSTICIA;2020;790
Bizkaia;9. ADMÓN. JUSTICIA;2019;820
Bizkaia;9. ADMÓN. JUSTICIA;2018;849
Bizkaia;10. ORDEN PÚBLICO;2024;534
Bizkaia;10. ORDEN PÚBLICO;2023;652
Bizkaia;10. ORDEN PÚBLICO;2022;690
Bizkaia;10. ORDEN PÚBLICO;2021;691
Bizkaia;10. ORDEN PÚBLICO;2020;844
Bizkaia;10. ORDEN PÚBLICO;2019;519
Bizkaia;10. ORDEN PÚBLICO;2018;415
Bizkaia;11. LEGISLACIÓN ESPECIAL;2024;3
Bizkaia;11. LEGISLACIÓN ESPECIAL;2023;3
Bizkaia;11. LEGISLACIÓN ESPECIAL;2022;0
Bizkaia;11. LEGISLACIÓN ESPECIAL;2021;1
Bizkaia;11. LEGISLACIÓN ESPECIAL;2020;6
Bizkaia;11. LEGISLACIÓN ESPECIAL;2019;3
Bizkaia;11. LEGISLACIÓN ESPECIAL;2018;0
Bizkaia;12. OTRAS INFRACCIONES PENALES;2024;289
Bizkaia;12. OTRAS INFRACCIONES PENALES;2023;296
Bizkaia;12. OTRAS INFRACCIONES PENALES;2022;286
Bizkaia;12. OTRAS INFRACCIONES PENALES;2021;286
Bizkaia;12. OTRAS INFRACCIONES PENALES;2020;291
Bizkaia;12. OTRAS INFRACCIONES PENALES;2019;301
Bizkaia;12. OTRAS INFRACCIONES PENALES;2018;340
Bizkaia;TOTAL INFRACCIONES PENALES;2024;58.551
Bizkaia;TOTAL INFRACCIONES PENALES;2023;59.227
Bizkaia;TOTAL INFRACCIONES PENALES;2022;58.699
Bizkaia;TOTAL INFRACCIONES PENALES;2021;49.067
Bizkaia;TOTAL INFRACCIONES PENALES;2020;44.689
Bizkaia;TOTAL INFRACCIONES PENALES;2019;56.509
Bizkaia;TOTAL INFRACCIONES PENALES;2018;53.655
Zamora;1. CONTRA LAS PERSONAS;2024;607
Zamora;1. CONTRA LAS PERSONAS;2023;596
Zamora;1. CONTRA LAS PERSONAS;2022;571
Zamora;1. CONTRA LAS PERSONAS;2021;487
Zamora;1. CONTRA LAS PERSONAS;2020;435
Zamora;1. CONTRA LAS PERSONAS;2019;499
Zamora;1. CONTRA LAS PERSONAS;2018;541
Zamora;1.1.-Homicidios dolosos/asesinatos;2024;4
Zamora;1.1.-Homicidios dolosos/asesinatos;2023;3
Zamora;1.1.-Homicidios dolosos/asesinatos;2022;4
Zamora;1.1.-Homicidios dolosos/asesinatos;2021;1
Zamora;1.1.-Homicidios dolosos/asesinatos;2020;5
Zamora;1.1.-Homicidios dolosos/asesinatos;2019;7
Zamora;1.1.-Homicidios dolosos/asesinatos;2018;3
Zamora;1.1.1.-Homicidios dolosos/asesinatos consumados;2024;0
Zamora;1.1.1.-Homicidios dolosos/asesinatos consumados;2023;1
Zamora;1.1.1.-Homicidios dolosos/asesinatos consumados;2022;0
Zamora;1.1.1.-Homicidios dolosos/asesinatos consumados;2021;0
Zamora;1.1.1.-Homicidios dolosos/asesinatos consumados;2020;0
Zamora;1.1.1.-Homicidios dolosos/asesinatos consumados;2019;1
Zamora;1.1.1.-Homicidios dolosos/asesinatos consumados;2018;1
Zamora;1.2.-Lesiones;2024;316
Zamora;1.2.-Lesiones;2023;293
Zamora;1.2.-Lesiones;2022;310
Zamora;1.2.-Lesiones;2021;232
Zamora;1.2.-Lesiones;2020;194
Zamora;1.2.-Lesiones;2019;259
Zamora;1.2.-Lesiones;2018;316
Zamora;1.3.-Malos tratos ámbito familiar;2024;256
Zamora;1.3.-Malos tratos ámbito familiar;2023;261
Zamora;1.3.-Malos tratos ámbito familiar;2022;222
Zamora;1.3.-Malos tratos ámbito familiar;2021;224
Zamora;1.3.-Malos tratos ámbito familiar;2020;215
Zamora;1.3.-Malos tratos ámbito familiar;2019;186
Zamora;1.3.-Malos tratos ámbito familiar;2018;215
Zamora;1.4.-Otros contra las personas;2024;31
Zamora;1.4.-Otros contra las personas;2023;39
Zamora;1.4.-Otros contra las personas;2022;35
Zamora;1.4.-Otros contra las personas;2021;30
Zamora;1.4.-Otros contra las personas;2020;21
Zamora;1.4.-Otros contra las personas;2019;47
Zamora;1.4.-Otros contra las personas;2018;7
Zamora;2. CONTRA LA LIBERTAD;2024;381
Zamora;2. CONTRA LA LIBERTAD;2023;379
Zamora;2. CONTRA LA LIBERTAD;2022;345
Zamora;2. CONTRA LA LIBERTAD;2021;394
Zamora;2. CONTRA LA LIBERTAD;2020;379
Zamora;2. CONTRA LA LIBERTAD;2019;335
Zamora;2. CONTRA LA LIBERTAD;2018;341
Zamora;2.1.-Malos tratos habituales en el ámbito familiar;2024;29
Zamora;2.1.-Malos tratos habituales en el ámbito familiar;2023;34
Zamora;2.1.-Malos tratos habituales en el ámbito familiar;2022;19
Zamora;2.1.-Malos tratos habituales en el ámbito familiar;2021;19
Zamora;2.1.-Malos tratos habituales en el ámbito familiar;2020;30
Zamora;2.1.-Malos tratos habituales en el ámbito familiar;2019;25
Zamora;2.1.-Malos tratos habituales en el ámbito familiar;2018;20
Zamora;2.2.-Otros contra la libertad;2024;352
Zamora;2.2.-Otros contra la libertad;2023;345
Zamora;2.2.-Otros contra la libertad;2022;326
Zamora;2.2.-Otros contra la libertad;2021;375
Zamora;2.2.-Otros contra la libertad;2020;349
Zamora;2.2.-Otros contra la libertad;2019;310
Zamora;2.2.-Otros contra la libertad;2018;321
Zamora;3. LIBERTAD SEXUAL;2024;38
Zamora;3. LIBERTAD SEXUAL;2023;41
Zamora;3. LIBERTAD SEXUAL;2022;37
Zamora;3. LIBERTAD SEXUAL;2021;36
Zamora;3. LIBERTAD SEXUAL;2020;17
Zamora;3. LIBERTAD SEXUAL;2019;46
Zamora;3. LIBERTAD SEXUAL;2018;38
Zamora;3.1.-Agresión sexual;2024;26
Zamora;3.1.-Agresión sexual;2023;27
Zamora;3.1.-Agresión sexual;2022;20
Zamora;3.1.-Agresión sexual;2021;21
Zamora;3.1.-Agresión sexual;2020;7
Zamora;3.1.-Agresión sexual;2019;29
Zamora;3.1.-Agresión sexual;2018;22
Zamora;3.2.-Agresión sexual con penetración;2024;5
Zamora;3.2.-Agresión sexual con penetración;2023;3
Zamora;3.2.-Agresión sexual con penetración;2022;5
Zamora;3.2.-Agresión sexual con penetración;2021;10
Zamora;3.2.-Agresión sexual con penetración;2020;4
Zamora;3.2.-Agresión sexual con penetración;2019;7
Zamora;3.2.-Agresión sexual con penetración;2018;7
Zamora;3.3.-Corrupción de menores o incapacitados;2024;0
Zamora;3.3.-Corrupción de menores o incapacitados;2023;1
Zamora;3.3.-Corrupción de menores o incapacitados;2022;1
Zamora;3.3.-Corrupción de menores o incapacitados;2021;1
Zamora;3.3.-Corrupción de menores o incapacitados;2020;0
Zamora;3.3.-Corrupción de menores o incapacitados;2019;2
Zamora;3.3.-Corrupción de menores o incapacitados;2018;3
Zamora;3.4.-Pornografía de menores;2024;1
Zamora;3.4.-Pornografía de menores;2023;2
Zamora;3.4.-Pornografía de menores;2022;3
Zamora;3.4.-Pornografía de menores;2021;1
Zamora;3.4.-Pornografía de menores;2020;2
Zamora;3.4.-Pornografía de menores;2019;3
Zamora;3.4.-Pornografía de menores;2018;3
Zamora;3.5.-Otros contra la libertad sexual;2024;6
Zamora;3.5.-Otros contra la libertad sexual;2023;8
Zamora;3.5.-Otros contra la libertad sexual;2022;8
Zamora;3.5.-Otros contra la libertad sexual;2021;3
Zamora;3.5.-Otros contra la libertad sexual;2020;4
Zamora;3.5.-Otros contra la libertad sexual;2019;5
Zamora;3.5.-Otros contra la libertad sexual;2018;3
Zamora;4. RELACIONES FAMILIARES;2024;14
Zamora;4. RELACIONES FAMILIARES;2023;10
Zamora;4. RELACIONES FAMILIARES;2022;8
Zamora;4. RELACIONES FAMILIARES;2021;13
Zamora;4. RELACIONES FAMILIARES;2020;10
Zamora;4. RELACIONES FAMILIARES;2019;8
Zamora;4. RELACIONES FAMILIARES;2018;4
Zamora;5. PATRIMONIO;2024;3.826
Zamora;5. PATRIMONIO;2023;3.756
Zamora;5. PATRIMONIO;2022;3.769
Zamora;5. PATRIMONIO;2021;3.083
Zamora;5. PATRIMONIO;2020;2.765
Zamora;5. PATRIMONIO;2019;3.230
Zamora;5. PATRIMONIO;2018;3.156
Zamora;5.1.-Hurtos;2024;975
Zamora;5.1.-Hurtos;2023;954
Zamora;5.1.-Hurtos;2022;1.081
Zamora;5.1.-Hurtos;2021;826
Zamora;5.1.-Hurtos;2020;698
Zamora;5.1.-Hurtos;2019;1.098
Zamora;5.1.-Hurtos;2018;1.031
Zamora;5.2.-Robos con fuerza en las cosas;2024;584
Zamora;5.2.-Robos con fuerza en las cosas;2023;554
Zamora;5.2.-Robos con fuerza en las cosas;2022;574
Zamora;5.2.-Robos con fuerza en las cosas;2021;456
Zamora;5.2.-Robos con fuerza en las cosas;2020;434
Zamora;5.2.-Robos con fuerza en las cosas;2019;574
Zamora;5.2.-Robos con fuerza en las cosas;2018;625
Zamora;5.2.1.-Robos con fuerza en las cosas en el interior de vehículos;2024;91
Zamora;5.2.1.-Robos con fuerza en las cosas en el interior de vehículos;2023;73
Zamora;5.2.1.-Robos con fuerza en las cosas en el interior de vehículos;2022;88
Zamora;5.2.1.-Robos con fuerza en las cosas en el interior de vehículos;2021;103
Zamora;5.2.1.-Robos con fuerza en las cosas en el interior de vehículos;2020;63
Zamora;5.2.1.-Robos con fuerza en las cosas en el interior de vehículos;2019;110
Zamora;5.2.1.-Robos con fuerza en las cosas en el interior de vehículos;2018;88
Zamora;5.2.2.-Robos con fuerza en viviendas;2024;214
Zamora;5.2.2.-Robos con fuerza en viviendas;2023;196
Zamora;5.2.2.-Robos con fuerza en viviendas;2022;188
Zamora;5.2.2.-Robos con fuerza en viviendas;2021;143
Zamora;5.2.2.-Robos con fuerza en viviendas;2020;124
Zamora;5.2.2.-Robos con fuerza en viviendas;2019;155
Zamora;5.2.2.-Robos con fuerza en viviendas;2018;215
Zamora;5.2.3.-Robos con fuerza en establecimientos;2024;69
Zamora;5.2.3.-Robos con fuerza en establecimientos;2023;68
Zamora;5.2.3.-Robos con fuerza en establecimientos;2022;124
Zamora;5.2.3.-Robos con fuerza en establecimientos;2021;89
Zamora;5.2.3.-Robos con fuerza en establecimientos;2020;105
Zamora;5.2.3.-Robos con fuerza en establecimientos;2019;133
Zamora;5.2.3.-Robos con fuerza en establecimientos;2018;116
Zamora;5.3.-Robos con violencia o intimidación;2024;22
Zamora;5.3.-Robos con violencia o intimidación;2023;20
Zamora;5.3.-Robos con violencia o intimidación;2022;26
Zamora;5.3.-Robos con violencia o intimidación;2021;24
Zamora;5.3.-Robos con violencia o intimidación;2020;18
Zamora;5.3.-Robos con violencia o intimidación;2019;40
Zamora;5.3.-Robos con violencia o intimidación;2018;35
Zamora;5.3.1.-Robos con violencia en vía pública;2024;7
Zamora;5.3.1.-Robos con violencia en vía pública;2023;10
Zamora;5.3.1.-Robos con violencia en vía pública;2022;13
Zamora;5.3.1.-Robos con violencia en vía pública;2021;13
Zamora;5.3.1.-Robos con violencia en vía pública;2020;5
Zamora;5.3.1.-Robos con violencia en vía pública;2019;17
Zamora;5.3.1.-Robos con violencia en vía pública;2018;15
Zamora;5.3.2.-Robos con violencia en viviendas;2024;7
Zamora;5.3.2.-Robos con violencia en viviendas;2023;5
Zamora;5.3.2.-Robos con violencia en viviendas;2022;3
Zamora;5.3.2.-Robos con violencia en viviendas;2021;3
Zamora;5.3.2.-Robos con violencia en viviendas;2020;4
Zamora;5.3.2.-Robos con violencia en viviendas;2019;6
Zamora;5.3.2.-Robos con violencia en viviendas;2018;6
Zamora;5.3.3.-Robos con violencia en establecimientos;2024;6
Zamora;5.3.3.-Robos con violencia en establecimientos;2023;3
Zamora;5.3.3.-Robos con violencia en establecimientos;2022;5
Zamora;5.3.3.-Robos con violencia en establecimientos;2021;5
Zamora;5.3.3.-Robos con violencia en establecimientos;2020;3
Zamora;5.3.3.-Robos con violencia en establecimientos;2019;11
Zamora;5.3.3.-Robos con violencia en establecimientos;2018;11
Zamora;5.4.-Sustracción de vehículos;2024;27
Zamora;5.4.-Sustracción de vehículos;2023;28
Zamora;5.4.-Sustracción de vehículos;2022;37
Zamora;5.4.-Sustracción de vehículos;2021;25
Zamora;5.4.-Sustracción de vehículos;2020;18
Zamora;5.4.-Sustracción de vehículos;2019;35
Zamora;5.4.-Sustracción de vehículos;2018;22
Zamora;5.5.-Estafas;2024;1.329
Zamora;5.5.-Estafas;2023;1.389
Zamora;5.5.-Estafas;2022;1.266
Zamora;5.5.-Estafas;2021;971
Zamora;5.5.-Estafas;2020;971
Zamora;5.5.-Estafas;2019;771
Zamora;5.5.-Estafas;2018;699
Zamora;5.5.1.-Estafas informáticas;2024;1.212
Zamora;5.5.1.-Estafas informáticas;2023;1.262
Zamora;5.5.1.-Estafas informáticas;2022;874
Zamora;5.5.1.-Estafas informáticas;2021;678
Zamora;5.5.1.-Estafas informáticas;2020;702
Zamora;5.5.1.-Estafas informáticas;2019;521
Zamora;5.5.1.-Estafas informáticas;2018;283
Zamora;5.6.-Daños;2024;733
Zamora;5.6.-Daños;2023;658
Zamora;5.6.-Daños;2022;619
Zamora;5.6.-Daños;2021;628
Zamora;5.6.-Daños;2020;536
Zamora;5.6.-Daños;2019;608
Zamora;5.6.-Daños;2018;626
Zamora;5.7.-Contra la propiedad intelectual/industrial;2024;1
Zamora;5.7.-Contra la propiedad intelectual/industrial;2023;1
Zamora;5.7.-Contra la propiedad intelectual/industrial;2022;6
Zamora;5.7.-Contra la propiedad intelectual/industrial;2021;6
Zamora;5.7.-Contra la propiedad intelectual/industrial;2020;4
Zamora;5.7.-Contra la propiedad intelectual/industrial;2019;10
Zamora;5.7.-Contra la propiedad intelectual/industrial;2018;12
Zamora;5.8.-Blanqueo de capitales;2024;2
Zamora;5.8.-Blanqueo de capitales;2023;2
Zamora;5.8.-Blanqueo de capitales;2022;0
Zamora;5.8.-Blanqueo de capitales;2021;0
Zamora;5.8.-Blanqueo de capitales;2020;0
Zamora;5.8.-Blanqueo de capitales;2019;0
Zamora;5.8.-Blanqueo de capitales;2018;1
Zamora;5.9.-Otros contra el patrimonio;2024;153
Zamora;5.9.-Otros contra el patrimonio;2023;150
Zamora;5.9.-Otros contra el patrimonio;2022;160
Zamora;5.9.-Otros contra el patrimonio;2021;147
Zamora;5.9.-Otros contra el patrimonio;2020;86
Zamora;5.9.-Otros contra el patrimonio;2019;94
Zamora;5.9.-Otros contra el patrimonio;2018;105
Zamora;6. SEGURIDAD COLECTIVA;2024;328
Zamora;6. SEGURIDAD COLECTIVA;2023;331
Zamora;6. SEGURIDAD COLECTIVA;2022;345
Zamora;6. SEGURIDAD COLECTIVA;2021;282
Zamora;6. SEGURIDAD COLECTIVA;2020;232
Zamora;6. SEGURIDAD COLECTIVA;2019;235
Zamora;6. SEGURIDAD COLECTIVA;2018;272
Zamora;6.1.-Tráfico de drogas;2024;38
Zamora;6.1.-Tráfico de drogas;2023;56
Zamora;6.1.-Tráfico de drogas;2022;46
Zamora;6.1.-Tráfico de drogas;2021;54
Zamora;6.1.-Tráfico de drogas;2020;40
Zamora;6.1.-Tráfico de drogas;2019;43
Zamora;6.1.-Tráfico de drogas;2018;62
Zamora;6.2.-Contra la seguridad vial;2024;276
Zamora;6.2.-Contra la seguridad vial;2023;257
Zamora;6.2.-Contra la seguridad vial;2022;277
Zamora;6.2.-Contra la seguridad vial;2021;214
Zamora;6.2.-Contra la seguridad vial;2020;179
Zamora;6.2.-Contra la seguridad vial;2019;183
Zamora;6.2.-Contra la seguridad vial;2018;199
Zamora;6.3.-Otros contra la seguridad colectiva;2024;14
Zamora;6.3.-Otros contra la seguridad colectiva;2023;18
Zamora;6.3.-Otros contra la seguridad colectiva;2022;22
Zamora;6.3.-Otros contra la seguridad colectiva;2021;14
Zamora;6.3.-Otros contra la seguridad colectiva;2020;13
Zamora;6.3.-Otros contra la seguridad colectiva;2019;9
Zamora;6.3.-Otros contra la seguridad colectiva;2018;11
Zamora;7. FALSEDADES;2024;112
Zamora;7. FALSEDADES;2023;122
Zamora;7. FALSEDADES;2022;87
Zamora;7. FALSEDADES;2021;114
Zamora;7. FALSEDADES;2020;43
Zamora;7. FALSEDADES;2019;49
Zamora;7. FALSEDADES;2018;50
Zamora;8. ADMÓN. PÚBLICA;2024;5
Zamora;8. ADMÓN. PÚBLICA;2023;3
Zamora;8. ADMÓN. PÚBLICA;2022;1
Zamora;8. ADMÓN. PÚBLICA;2021;3
Zamora;8. ADMÓN. PÚBLICA;2020;2
Zamora;8. ADMÓN. PÚBLICA;2019;0
Zamora;8. ADMÓN. PÚBLICA;2018;1
Zamora;9. ADMÓN. JUSTICIA;2024;180
Zamora;9. ADMÓN. JUSTICIA;2023;127
Zamora;9. ADMÓN. JUSTICIA;2022;119
Zamora;9. ADMÓN. JUSTICIA;2021;121
Zamora;9. ADMÓN. JUSTICIA;2020;122
Zamora;9. ADMÓN. JUSTICIA;2019;89
Zamora;9. ADMÓN. JUSTICIA;2018;99
Zamora;10. ORDEN PÚBLICO;2024;71
Zamora;10. ORDEN PÚBLICO;2023;61
Zamora;10. ORDEN PÚBLICO;2022;57
Zamora;10. ORDEN PÚBLICO;2021;66
Zamora;10. ORDEN PÚBLICO;2020;93
Zamora;10. ORDEN PÚBLICO;2019;52
Zamora;10. ORDEN PÚBLICO;2018;54
Zamora;11. LEGISLACIÓN ESPECIAL;2024;1
Zamora;11. LEGISLACIÓN ESPECIAL;2023;2
Zamora;11. LEGISLACIÓN ESPECIAL;2022;2
Zamora;11. LEGISLACIÓN ESPECIAL;2021;0
Zamora;11. LEGISLACIÓN ESPECIAL;2020;0
Zamora;11. LEGISLACIÓN ESPECIAL;2019;3
Zamora;11. LEGISLACIÓN ESPECIAL;2018;0
Zamora;12. OTRAS INFRACCIONES PENALES;2024;53
Zamora;12. OTRAS INFRACCIONES PENALES;2023;49
Zamora;12. OTRAS INFRACCIONES PENALES;2022;39
Zamora;12. OTRAS INFRACCIONES PENALES;2021;30
Zamora;12. OTRAS INFRACCIONES PENALES;2020;48
Zamora;12. OTRAS INFRACCIONES PENALES;2019;34
Zamora;12. OTRAS INFRACCIONES PENALES;2018;35
Zamora;TOTAL INFRACCIONES PENALES;2024;5.616
Zamora;TOTAL INFRACCIONES PENALES;2023;5.477
Zamora;TOTAL INFRACCIONES PENALES;2022;5.380
Zamora;TOTAL INFRACCIONES PENALES;2021;4.629
Zamora;TOTAL INFRACCIONES PENALES;2020;4.146
Zamora;TOTAL INFRACCIONES PENALES;2019;4.580
Zamora;TOTAL INFRACCIONES PENALES;2018;4.591
Zaragoza;1. CONTRA LAS PERSONAS;2024;5.010
Zaragoza;1. CONTRA LAS PERSONAS;2023;4.740
Zaragoza;1. CONTRA LAS PERSONAS;2022;4.351
Zaragoza;1. CONTRA LAS PERSONAS;2021;3.590
Zaragoza;1. CONTRA LAS PERSONAS;2020;3.288
Zaragoza;1. CONTRA LAS PERSONAS;2019;3.802
Zaragoza;1. CONTRA LAS PERSONAS;2018;3.504
Zaragoza;1.1.-Homicidios dolosos/asesinatos;2024;26
Zaragoza;1.1.-Homicidios dolosos/asesinatos;2023;39
Zaragoza;1.1.-Homicidios dolosos/asesinatos;2022;31
Zaragoza;1.1.-Homicidios dolosos/asesinatos;2021;12
Zaragoza;1.1.-Homicidios dolosos/asesinatos;2020;28
Zaragoza;1.1.-Homicidios dolosos/asesinatos;2019;10
Zaragoza;1.1.-Homicidios dolosos/asesinatos;2018;11
Zaragoza;1.1.1.-Homicidios dolosos/asesinatos consumados;2024;7
Zaragoza;1.1.1.-Homicidios dolosos/asesinatos consumados;2023;7
Zaragoza;1.1.1.-Homicidios dolosos/asesinatos consumados;2022;9
Zaragoza;1.1.1.-Homicidios dolosos/asesinatos consumados;2021;4
Zaragoza;1.1.1.-Homicidios dolosos/asesinatos consumados;2020;2
Zaragoza;1.1.1.-Homicidios dolosos/asesinatos consumados;2019;4
Zaragoza;1.1.1.-Homicidios dolosos/asesinatos consumados;2018;7
Zaragoza;1.2.-Lesiones;2024;2.189
Zaragoza;1.2.-Lesiones;2023;2.211
Zaragoza;1.2.-Lesiones;2022;2.101
Zaragoza;1.2.-Lesiones;2021;1.678
Zaragoza;1.2.-Lesiones;2020;1.394
Zaragoza;1.2.-Lesiones;2019;1.856
Zaragoza;1.2.-Lesiones;2018;1.682
Zaragoza;1.3.-Malos tratos ámbito familiar;2024;2.699
Zaragoza;1.3.-Malos tratos ámbito familiar;2023;2.412
Zaragoza;1.3.-Malos tratos ámbito familiar;2022;2.155
Zaragoza;1.3.-Malos tratos ámbito familiar;2021;1.804
Zaragoza;1.3.-Malos tratos ámbito familiar;2020;1.798
Zaragoza;1.3.-Malos tratos ámbito familiar;2019;1.864
Zaragoza;1.3.-Malos tratos ámbito familiar;2018;1.712
Zaragoza;1.4.-Otros contra las personas;2024;96
Zaragoza;1.4.-Otros contra las personas;2023;78
Zaragoza;1.4.-Otros contra las personas;2022;64
Zaragoza;1.4.-Otros contra las personas;2021;96
Zaragoza;1.4.-Otros contra las personas;2020;68
Zaragoza;1.4.-Otros contra las personas;2019;72
Zaragoza;1.4.-Otros contra las personas;2018;99
Zaragoza;2. CONTRA LA LIBERTAD;2024;2.519
Zaragoza;2. CONTRA LA LIBERTAD;2023;2.324
Zaragoza;2. CONTRA LA LIBERTAD;2022;2.007
Zaragoza;2. CONTRA LA LIBERTAD;2021;2.103
Zaragoza;2. CONTRA LA LIBERTAD;2020;1.896
Zaragoza;2. CONTRA LA LIBERTAD;2019;1.777
Zaragoza;2. CONTRA LA LIBERTAD;2018;1.704
Zaragoza;2.1.-Malos tratos habituales en el ámbito familiar;2024;189
Zaragoza;2.1.-Malos tratos habituales en el ámbito familiar;2023;174
Zaragoza;2.1.-Malos tratos habituales en el ámbito familiar;2022;177
Zaragoza;2.1.-Malos tratos habituales en el ámbito familiar;2021;190
Zaragoza;2.1.-Malos tratos habituales en el ámbito familiar;2020;196
Zaragoza;2.1.-Malos tratos habituales en el ámbito familiar;2019;210
Zaragoza;2.1.-Malos tratos habituales en el ámbito familiar;2018;189
Zaragoza;2.2.-Otros contra la libertad;2024;2.330
Zaragoza;2.2.-Otros contra la libertad;2023;2.150
Zaragoza;2.2.-Otros contra la libertad;2022;1.830
Zaragoza;2.2.-Otros contra la libertad;2021;1.913
Zaragoza;2.2.-Otros contra la libertad;2020;1.700
Zaragoza;2.2.-Otros contra la libertad;2019;1.567
Zaragoza;2.2.-Otros contra la libertad;2018;1.515
Zaragoza;3. LIBERTAD SEXUAL;2024;359
Zaragoza;3. LIBERTAD SEXUAL;2023;367
Zaragoza;3. LIBERTAD SEXUAL;2022;316
Zaragoza;3. LIBERTAD SEXUAL;2021;326
Zaragoza;3. LIBERTAD SEXUAL;2020;225
Zaragoza;3. LIBERTAD SEXUAL;2019;239
Zaragoza;3. LIBERTAD SEXUAL;2018;291
Zaragoza;3.1.-Agresión sexual;2024;238
Zaragoza;3.1.-Agresión sexual;2023;229
Zaragoza;3.1.-Agresión sexual;2022;179
Zaragoza;3.1.-Agresión sexual;2021;191
Zaragoza;3.1.-Agresión sexual;2020;119
Zaragoza;3.1.-Agresión sexual;2019;147
Zaragoza;3.1.-Agresión sexual;2018;175
Zaragoza;3.2.-Agresión sexual con penetración;2024;66
Zaragoza;3.2.-Agresión sexual con penetración;2023;68
Zaragoza;3.2.-Agresión sexual con penetración;2022;67
Zaragoza;3.2.-Agresión sexual con penetración;2021;78
Zaragoza;3.2.-Agresión sexual con penetración;2020;52
Zaragoza;3.2.-Agresión sexual con penetración;2019;37
Zaragoza;3.2.-Agresión sexual con penetración;2018;45
Zaragoza;3.3.-Corrupción de menores o incapacitados;2024;8
Zaragoza;3.3.-Corrupción de menores o incapacitados;2023;11
Zaragoza;3.3.-Corrupción de menores o incapacitados;2022;15
Zaragoza;3.3.-Corrupción de menores o incapacitados;2021;12
Zaragoza;3.3.-Corrupción de menores o incapacitados;2020;10
Zaragoza;3.3.-Corrupción de menores o incapacitados;2019;11
Zaragoza;3.3.-Corrupción de menores o incapacitados;2018;10
Zaragoza;3.4.-Pornografía de menores;2024;17
Zaragoza;3.4.-Pornografía de menores;2023;17
Zaragoza;3.4.-Pornografía de menores;2022;17
Zaragoza;3.4.-Pornografía de menores;2021;19
Zaragoza;3.4.-Pornografía de menores;2020;8
Zaragoza;3.4.-Pornografía de menores;2019;12
Zaragoza;3.4.-Pornografía de menores;2018;20
Zaragoza;3.5.-Otros contra la libertad sexual;2024;30
Zaragoza;3.5.-Otros contra la libertad sexual;2023;42
Zaragoza;3.5.-Otros contra la libertad sexual;2022;38
Zaragoza;3.5.-Otros contra la libertad sexual;2021;26
Zaragoza;3.5.-Otros contra la libertad sexual;2020;36
Zaragoza;3.5.-Otros contra la libertad sexual;2019;32
Zaragoza;3.5.-Otros contra la libertad sexual;2018;41
Zaragoza;4. RELACIONES FAMILIARES;2024;166
Zaragoza;4. RELACIONES FAMILIARES;2023;143
Zaragoza;4. RELACIONES FAMILIARES;2022;158
Zaragoza;4. RELACIONES FAMILIARES;2021;130
Zaragoza;4. RELACIONES FAMILIARES;2020;133
Zaragoza;4. RELACIONES FAMILIARES;2019;144
Zaragoza;4. RELACIONES FAMILIARES;2018;159
Zaragoza;5. PATRIMONIO;2024;29.361
Zaragoza;5. PATRIMONIO;2023;28.027
Zaragoza;5. PATRIMONIO;2022;27.174
Zaragoza;5. PATRIMONIO;2021;24.107
Zaragoza;5. PATRIMONIO;2020;20.380
Zaragoza;5. PATRIMONIO;2019;25.970
Zaragoza;5. PATRIMONIO;2018;24.670
Zaragoza;5.1.-Hurtos;2024;9.706
Zaragoza;5.1.-Hurtos;2023;8.678
Zaragoza;5.1.-Hurtos;2022;8.929
Zaragoza;5.1.-Hurtos;2021;7.663
Zaragoza;5.1.-Hurtos;2020;5.765
Zaragoza;5.1.-Hurtos;2019;8.985
Zaragoza;5.1.-Hurtos;2018;9.143
Zaragoza;5.2.-Robos con fuerza en las cosas;2024;4.038
Zaragoza;5.2.-Robos con fuerza en las cosas;2023;4.144
Zaragoza;5.2.-Robos con fuerza en las cosas;2022;3.822
Zaragoza;5.2.-Robos con fuerza en las cosas;2021;3.454
Zaragoza;5.2.-Robos con fuerza en las cosas;2020;2.976
Zaragoza;5.2.-Robos con fuerza en las cosas;2019;4.403
Zaragoza;5.2.-Robos con fuerza en las cosas;2018;4.094
Zaragoza;5.2.1.-Robos con fuerza en las cosas en el interior de vehículos;2024;915
Zaragoza;5.2.1.-Robos con fuerza en las cosas en el interior de vehículos;2023;875
Zaragoza;5.2.1.-Robos con fuerza en las cosas en el interior de vehículos;2022;897
Zaragoza;5.2.1.-Robos con fuerza en las cosas en el interior de vehículos;2021;886
Zaragoza;5.2.1.-Robos con fuerza en las cosas en el interior de vehículos;2020;753
Zaragoza;5.2.1.-Robos con fuerza en las cosas en el interior de vehículos;2019;1.562
Zaragoza;5.2.1.-Robos con fuerza en las cosas en el interior de vehículos;2018;1.124
Zaragoza;5.2.2.-Robos con fuerza en viviendas;2024;1.446
Zaragoza;5.2.2.-Robos con fuerza en viviendas;2023;1.452
Zaragoza;5.2.2.-Robos con fuerza en viviendas;2022;1.051
Zaragoza;5.2.2.-Robos con fuerza en viviendas;2021;1.044
Zaragoza;5.2.2.-Robos con fuerza en viviendas;2020;913
Zaragoza;5.2.2.-Robos con fuerza en viviendas;2019;1.278
Zaragoza;5.2.2.-Robos con fuerza en viviendas;2018;1.366
Zaragoza;5.2.3.-Robos con fuerza en establecimientos;2024;488
Zaragoza;5.2.3.-Robos con fuerza en establecimientos;2023;572
Zaragoza;5.2.3.-Robos con fuerza en establecimientos;2022;729
Zaragoza;5.2.3.-Robos con fuerza en establecimientos;2021;557
Zaragoza;5.2.3.-Robos con fuerza en establecimientos;2020;637
Zaragoza;5.2.3.-Robos con fuerza en establecimientos;2019;581
Zaragoza;5.2.3.-Robos con fuerza en establecimientos;2018;577
Zaragoza;5.3.-Robos con violencia o intimidación;2024;1.242
Zaragoza;5.3.-Robos con violencia o intimidación;2023;979
Zaragoza;5.3.-Robos con violencia o intimidación;2022;1.097
Zaragoza;5.3.-Robos con violencia o intimidación;2021;912
Zaragoza;5.3.-Robos con violencia o intimidación;2020;728
Zaragoza;5.3.-Robos con violencia o intimidación;2019;974
Zaragoza;5.3.-Robos con violencia o intimidación;2018;866
Zaragoza;5.3.1.-Robos con violencia en vía pública;2024;886
Zaragoza;5.3.1.-Robos con violencia en vía pública;2023;658
Zaragoza;5.3.1.-Robos con violencia en vía pública;2022;811
Zaragoza;5.3.1.-Robos con violencia en vía pública;2021;619
Zaragoza;5.3.1.-Robos con violencia en vía pública;2020;522
Zaragoza;5.3.1.-Robos con violencia en vía pública;2019;701
Zaragoza;5.3.1.-Robos con violencia en vía pública;2018;608
Zaragoza;5.3.2.-Robos con violencia en viviendas;2024;91
Zaragoza;5.3.2.-Robos con violencia en viviendas;2023;60
Zaragoza;5.3.2.-Robos con violencia en viviendas;2022;45
Zaragoza;5.3.2.-Robos con violencia en viviendas;2021;41
Zaragoza;5.3.2.-Robos con violencia en viviendas;2020;34
Zaragoza;5.3.2.-Robos con violencia en viviendas;2019;36
Zaragoza;5.3.2.-Robos con violencia en viviendas;2018;46
Zaragoza;5.3.3.-Robos con violencia en establecimientos;2024;206
Zaragoza;5.3.3.-Robos con violencia en establecimientos;2023;184
Zaragoza;5.3.3.-Robos con violencia en establecimientos;2022;177
Zaragoza;5.3.3.-Robos con violencia en establecimientos;2021;166
Zaragoza;5.3.3.-Robos con violencia en establecimientos;2020;116
Zaragoza;5.3.3.-Robos con violencia en establecimientos;2019;178
Zaragoza;5.3.3.-Robos con violencia en establecimientos;2018;135
Zaragoza;5.4.-Sustracción de vehículos;2024;228
Zaragoza;5.4.-Sustracción de vehículos;2023;267
Zaragoza;5.4.-Sustracción de vehículos;2022;225
Zaragoza;5.4.-Sustracción de vehículos;2021;199
Zaragoza;5.4.-Sustracción de vehículos;2020;158
Zaragoza;5.4.-Sustracción de vehículos;2019;217
Zaragoza;5.4.-Sustracción de vehículos;2018;240
Zaragoza;5.5.-Estafas;2024;9.217
Zaragoza;5.5.-Estafas;2023;9.071
Zaragoza;5.5.-Estafas;2022;8.158
Zaragoza;5.5.-Estafas;2021;6.889
Zaragoza;5.5.-Estafas;2020;6.521
Zaragoza;5.5.-Estafas;2019;6.264
Zaragoza;5.5.-Estafas;2018;5.424
Zaragoza;5.5.1.-Estafas informáticas;2024;7.946
Zaragoza;5.5.1.-Estafas informáticas;2023;7.861
Zaragoza;5.5.1.-Estafas informáticas;2022;6.568
Zaragoza;5.5.1.-Estafas informáticas;2021;5.621
Zaragoza;5.5.1.-Estafas informáticas;2020;5.407
Zaragoza;5.5.1.-Estafas informáticas;2019;3.618
Zaragoza;5.5.1.-Estafas informáticas;2018;2.511
Zaragoza;5.6.-Daños;2024;3.921
Zaragoza;5.6.-Daños;2023;3.927
Zaragoza;5.6.-Daños;2022;3.952
Zaragoza;5.6.-Daños;2021;4.085
Zaragoza;5.6.-Daños;2020;3.434
Zaragoza;5.6.-Daños;2019;4.084
Zaragoza;5.6.-Daños;2018;3.821
Zaragoza;5.7.-Contra la propiedad intelectual/industrial;2024;25
Zaragoza;5.7.-Contra la propiedad intelectual/industrial;2023;16
Zaragoza;5.7.-Contra la propiedad intelectual/industrial;2022;16
Zaragoza;5.7.-Contra la propiedad intelectual/industrial;2021;18
Zaragoza;5.7.-Contra la propiedad intelectual/industrial;2020;18
Zaragoza;5.7.-Contra la propiedad intelectual/industrial;2019;30
Zaragoza;5.7.-Contra la propiedad intelectual/industrial;2018;14
Zaragoza;5.8.-Blanqueo de capitales;2024;10
Zaragoza;5.8.-Blanqueo de capitales;2023;3
Zaragoza;5.8.-Blanqueo de capitales;2022;8
Zaragoza;5.8.-Blanqueo de capitales;2021;4
Zaragoza;5.8.-Blanqueo de capitales;2020;10
Zaragoza;5.8.-Blanqueo de capitales;2019;2
Zaragoza;5.8.-Blanqueo de capitales;2018;2
Zaragoza;5.9.-Otros contra el patrimonio;2024;974
Zaragoza;5.9.-Otros contra el patrimonio;2023;942
Zaragoza;5.9.-Otros contra el patrimonio;2022;967
Zaragoza;5.9.-Otros contra el patrimonio;2021;883
Zaragoza;5.9.-Otros contra el patrimonio;2020;770
Zaragoza;5.9.-Otros contra el patrimonio;2019;1.011
Zaragoza;5.9.-Otros contra el patrimonio;2018;1.066
Zaragoza;6. SEGURIDAD COLECTIVA;2024;975
Zaragoza;6. SEGURIDAD COLECTIVA;2023;1.030
Zaragoza;6. SEGURIDAD COLECTIVA;2022;1.012
Zaragoza;6. SEGURIDAD COLECTIVA;2021;855
Zaragoza;6. SEGURIDAD COLECTIVA;2020;659
Zaragoza;6. SEGURIDAD COLECTIVA;2019;778
Zaragoza;6. SEGURIDAD COLECTIVA;2018;741
Zaragoza;6.1.-Tráfico de drogas;2024;373
Zaragoza;6.1.-Tráfico de drogas;2023;426
Zaragoza;6.1.-Tráfico de drogas;2022;325
Zaragoza;6.1.-Tráfico de drogas;2021;327
Zaragoza;6.1.-Tráfico de drogas;2020;245
Zaragoza;6.1.-Tráfico de drogas;2019;265
Zaragoza;6.1.-Tráfico de drogas;2018;255
Zaragoza;6.2.-Contra la seguridad vial;2024;580
Zaragoza;6.2.-Contra la seguridad vial;2023;565
Zaragoza;6.2.-Contra la seguridad vial;2022;653
Zaragoza;6.2.-Contra la seguridad vial;2021;507
Zaragoza;6.2.-Contra la seguridad vial;2020;393
Zaragoza;6.2.-Contra la seguridad vial;2019;481
Zaragoza;6.2.-Contra la seguridad vial;2018;437
Zaragoza;6.3.-Otros contra la seguridad colectiva;2024;22
Zaragoza;6.3.-Otros contra la seguridad colectiva;2023;39
Zaragoza;6.3.-Otros contra la seguridad colectiva;2022;34
Zaragoza;6.3.-Otros contra la seguridad colectiva;2021;21
Zaragoza;6.3.-Otros contra la seguridad colectiva;2020;21
Zaragoza;6.3.-Otros contra la seguridad colectiva;2019;32
Zaragoza;6.3.-Otros contra la seguridad colectiva;2018;49
Zaragoza;7. FALSEDADES;2024;643
Zaragoza;7. FALSEDADES;2023;526
Zaragoza;7. FALSEDADES;2022;424
Zaragoza;7. FALSEDADES;2021;435
Zaragoza;7. FALSEDADES;2020;401
Zaragoza;7. FALSEDADES;2019;323
Zaragoza;7. FALSEDADES;2018;312
Zaragoza;8. ADMÓN. PÚBLICA;2024;17
Zaragoza;8. ADMÓN. PÚBLICA;2023;8
Zaragoza;8. ADMÓN. PÚBLICA;2022;10
Zaragoza;8. ADMÓN. PÚBLICA;2021;5
Zaragoza;8. ADMÓN. PÚBLICA;2020;8
Zaragoza;8. ADMÓN. PÚBLICA;2019;2
Zaragoza;8. ADMÓN. PÚBLICA;2018;5
Zaragoza;9. ADMÓN. JUSTICIA;2024;807
Zaragoza;9. ADMÓN. JUSTICIA;2023;727
Zaragoza;9. ADMÓN. JUSTICIA;2022;618
Zaragoza;9. ADMÓN. JUSTICIA;2021;523
Zaragoza;9. ADMÓN. JUSTICIA;2020;523
Zaragoza;9. ADMÓN. JUSTICIA;2019;630
Zaragoza;9. ADMÓN. JUSTICIA;2018;561
Zaragoza;10. ORDEN PÚBLICO;2024;737
Zaragoza;10. ORDEN PÚBLICO;2023;823
Zaragoza;10. ORDEN PÚBLICO;2022;723
Zaragoza;10. ORDEN PÚBLICO;2021;515
Zaragoza;10. ORDEN PÚBLICO;2020;662
Zaragoza;10. ORDEN PÚBLICO;2019;451
Zaragoza;10. ORDEN PÚBLICO;2018;433
Zaragoza;11. LEGISLACIÓN ESPECIAL;2024;1
Zaragoza;11. LEGISLACIÓN ESPECIAL;2023;4
Zaragoza;11. LEGISLACIÓN ESPECIAL;2022;2
Zaragoza;11. LEGISLACIÓN ESPECIAL;2021;0
Zaragoza;11. LEGISLACIÓN ESPECIAL;2020;0
Zaragoza;11. LEGISLACIÓN ESPECIAL;2019;2
Zaragoza;11. LEGISLACIÓN ESPECIAL;2018;1
Zaragoza;12. OTRAS INFRACCIONES PENALES;2024;209
Zaragoza;12. OTRAS INFRACCIONES PENALES;2023;180
Zaragoza;12. OTRAS INFRACCIONES PENALES;2022;184
Zaragoza;12. OTRAS INFRACCIONES PENALES;2021;171
Zaragoza;12. OTRAS INFRACCIONES PENALES;2020;199
Zaragoza;12. OTRAS INFRACCIONES PENALES;2019;168
Zaragoza;12. OTRAS INFRACCIONES PENALES;2018;166
Zaragoza;TOTAL INFRACCIONES PENALES;2024;40.804
Zaragoza;TOTAL INFRACCIONES PENALES;2023;38.899
Zaragoza;TOTAL INFRACCIONES PENALES;2022;36.979
Zaragoza;TOTAL INFRACCIONES PENALES;2021;32.760
Zaragoza;TOTAL INFRACCIONES PENALES;2020;28.374
Zaragoza;TOTAL INFRACCIONES PENALES;2019;34.286
Zaragoza;TOTAL INFRACCIONES PENALES;2018;32.547
Ceuta;1. CONTRA LAS PERSONAS;2024;657
Ceuta;1. CONTRA LAS PERSONAS;2023;644
Ceuta;1. CONTRA LAS PERSONAS;2022;738
Ceuta;1. CONTRA LAS PERSONAS;2021;835
Ceuta;1. CONTRA LAS PERSONAS;2020;633
Ceuta;1. CONTRA LAS PERSONAS;2019;710
Ceuta;1. CONTRA LAS PERSONAS;2018;707
Ceuta;1.1.-Homicidios dolosos/asesinatos;2024;8
Ceuta;1.1.-Homicidios dolosos/asesinatos;2023;11
Ceuta;1.1.-Homicidios dolosos/asesinatos;2022;35
Ceuta;1.1.-Homicidios dolosos/asesinatos;2021;12
Ceuta;1.1.-Homicidios dolosos/asesinatos;2020;7
Ceuta;1.1.-Homicidios dolosos/asesinatos;2019;20
Ceuta;1.1.-Homicidios dolosos/asesinatos;2018;2
Ceuta;1.1.1.-Homicidios dolosos/asesinatos consumados;2024;0
Ceuta;1.1.1.-Homicidios dolosos/asesinatos consumados;2023;5
Ceuta;1.1.1.-Homicidios dolosos/asesinatos consumados;2022;4
Ceuta;1.1.1.-Homicidios dolosos/asesinatos consumados;2021;2
Ceuta;1.1.1.-Homicidios dolosos/asesinatos consumados;2020;2
Ceuta;1.1.1.-Homicidios dolosos/asesinatos consumados;2019;4
Ceuta;1.1.1.-Homicidios dolosos/asesinatos consumados;2018;1
Ceuta;1.2.-Lesiones;2024;365
Ceuta;1.2.-Lesiones;2023;348
Ceuta;1.2.-Lesiones;2022;432
Ceuta;1.2.-Lesiones;2021;500
Ceuta;1.2.-Lesiones;2020;398
Ceuta;1.2.-Lesiones;2019;437
Ceuta;1.2.-Lesiones;2018;439
Ceuta;1.3.-Malos tratos ámbito familiar;2024;276
Ceuta;1.3.-Malos tratos ámbito familiar;2023;283
Ceuta;1.3.-Malos tratos ámbito familiar;2022;268
Ceuta;1.3.-Malos tratos ámbito familiar;2021;317
Ceuta;1.3.-Malos tratos ámbito familiar;2020;224
Ceuta;1.3.-Malos tratos ámbito familiar;2019;250
Ceuta;1.3.-Malos tratos ámbito familiar;2018;264
Ceuta;1.4.-Otros contra las personas;2024;8
Ceuta;1.4.-Otros contra las personas;2023;2
Ceuta;1.4.-Otros contra las personas;2022;3
Ceuta;1.4.-Otros contra las personas;2021;6
Ceuta;1.4.-Otros contra las personas;2020;4
Ceuta;1.4.-Otros contra las personas;2019;3
Ceuta;1.4.-Otros contra las personas;2018;2
Ceuta;2. CONTRA LA LIBERTAD;2024;394
Ceuta;2. CONTRA LA LIBERTAD;2023;311
Ceuta;2. CONTRA LA LIBERTAD;2022;335
Ceuta;2. CONTRA LA LIBERTAD;2021;376
Ceuta;2. CONTRA LA LIBERTAD;2020;338
Ceuta;2. CONTRA LA LIBERTAD;2019;283
Ceuta;2. CONTRA LA LIBERTAD;2018;248
Ceuta;2.1.-Malos tratos habituales en el ámbito familiar;2024;9
Ceuta;2.1.-Malos tratos habituales en el ámbito familiar;2023;8
Ceuta;2.1.-Malos tratos habituales en el ámbito familiar;2022;12
Ceuta;2.1.-Malos tratos habituales en el ámbito familiar;2021;11
Ceuta;2.1.-Malos tratos habituales en el ámbito familiar;2020;5
Ceuta;2.1.-Malos tratos habituales en el ámbito familiar;2019;4
Ceuta;2.1.-Malos tratos habituales en el ámbito familiar;2018;16
Ceuta;2.2.-Otros contra la libertad;2024;385
Ceuta;2.2.-Otros contra la libertad;2023;303
Ceuta;2.2.-Otros contra la libertad;2022;323
Ceuta;2.2.-Otros contra la libertad;2021;365
Ceuta;2.2.-Otros contra la libertad;2020;333
Ceuta;2.2.-Otros contra la libertad;2019;279
Ceuta;2.2.-Otros contra la libertad;2018;232
Ceuta;3. LIBERTAD SEXUAL;2024;51
Ceuta;3. LIBERTAD SEXUAL;2023;45
Ceuta;3. LIBERTAD SEXUAL;2022;46
Ceuta;3. LIBERTAD SEXUAL;2021;47
Ceuta;3. LIBERTAD SEXUAL;2020;37
Ceuta;3. LIBERTAD SEXUAL;2019;23
Ceuta;3. LIBERTAD SEXUAL;2018;50
Ceuta;3.1.-Agresión sexual;2024;42
Ceuta;3.1.-Agresión sexual;2023;32
Ceuta;3.1.-Agresión sexual;2022;35
Ceuta;3.1.-Agresión sexual;2021;31
Ceuta;3.1.-Agresión sexual;2020;22
Ceuta;3.1.-Agresión sexual;2019;15
Ceuta;3.1.-Agresión sexual;2018;36
Ceuta;3.2.-Agresión sexual con penetración;2024;5
Ceuta;3.2.-Agresión sexual con penetración;2023;8
Ceuta;3.2.-Agresión sexual con penetración;2022;5
Ceuta;3.2.-Agresión sexual con penetración;2021;4
Ceuta;3.2.-Agresión sexual con penetración;2020;3
Ceuta;3.2.-Agresión sexual con penetración;2019;2
Ceuta;3.2.-Agresión sexual con penetración;2018;6
Ceuta;3.3.-Corrupción de menores o incapacitados;2024;0
Ceuta;3.3.-Corrupción de menores o incapacitados;2023;1
Ceuta;3.3.-Corrupción de menores o incapacitados;2022;1
Ceuta;3.3.-Corrupción de menores o incapacitados;2021;0
Ceuta;3.3.-Corrupción de menores o incapacitados;2020;1
Ceuta;3.3.-Corrupción de menores o incapacitados;2019;0
Ceuta;3.3.-Corrupción de menores o incapacitados;2018;0
Ceuta;3.4.-Pornografía de menores;2024;2
Ceuta;3.4.-Pornografía de menores;2023;2
Ceuta;3.4.-Pornografía de menores;2022;3
Ceuta;3.4.-Pornografía de menores;2021;2
Ceuta;3.4.-Pornografía de menores;2020;1
Ceuta;3.4.-Pornografía de menores;2019;0
Ceuta;3.4.-Pornografía de menores;2018;2
Ceuta;3.5.-Otros contra la libertad sexual;2024;2
Ceuta;3.5.-Otros contra la libertad sexual;2023;2
Ceuta;3.5.-Otros contra la libertad sexual;2022;2
Ceuta;3.5.-Otros contra la libertad sexual;2021;10
Ceuta;3.5.-Otros contra la libertad sexual;2020;10
Ceuta;3.5.-Otros contra la libertad sexual;2019;6
Ceuta;3.5.-Otros contra la libertad sexual;2018;6
Ceuta;4. RELACIONES FAMILIARES;2024;17
Ceuta;4. RELACIONES FAMILIARES;2023;19
Ceuta;4. RELACIONES FAMILIARES;2022;29
Ceuta;4. RELACIONES FAMILIARES;2021;17
Ceuta;4. RELACIONES FAMILIARES;2020;16
Ceuta;4. RELACIONES FAMILIARES;2019;31
Ceuta;4. RELACIONES FAMILIARES;2018;28
Ceuta;5. PATRIMONIO;2024;1.829
Ceuta;5. PATRIMONIO;2023;1.909
Ceuta;5. PATRIMONIO;2022;1.817
Ceuta;5. PATRIMONIO;2021;1.800
Ceuta;5. PATRIMONIO;2020;1.714
Ceuta;5. PATRIMONIO;2019;2.159
Ceuta;5. PATRIMONIO;2018;2.243
Ceuta;5.1.-Hurtos;2024;507
Ceuta;5.1.-Hurtos;2023;529
Ceuta;5.1.-Hurtos;2022;425
Ceuta;5.1.-Hurtos;2021;434
Ceuta;5.1.-Hurtos;2020;471
Ceuta;5.1.-Hurtos;2019;819
Ceuta;5.1.-Hurtos;2018;864
Ceuta;5.2.-Robos con fuerza en las cosas;2024;129
Ceuta;5.2.-Robos con fuerza en las cosas;2023;192
Ceuta;5.2.-Robos con fuerza en las cosas;2022;211
Ceuta;5.2.-Robos con fuerza en las cosas;2021;189
Ceuta;5.2.-Robos con fuerza en las cosas;2020;198
Ceuta;5.2.-Robos con fuerza en las cosas;2019;241
Ceuta;5.2.-Robos con fuerza en las cosas;2018;313
Ceuta;5.2.1.-Robos con fuerza en las cosas en el interior de vehículos;2024;87
Ceuta;5.2.1.-Robos con fuerza en las cosas en el interior de vehículos;2023;115
Ceuta;5.2.1.-Robos con fuerza en las cosas en el interior de vehículos;2022;134
Ceuta;5.2.1.-Robos con fuerza en las cosas en el interior de vehículos;2021;106
Ceuta;5.2.1.-Robos con fuerza en las cosas en el interior de vehículos;2020;90
Ceuta;5.2.1.-Robos con fuerza en las cosas en el interior de vehículos;2019;154
Ceuta;5.2.1.-Robos con fuerza en las cosas en el interior de vehículos;2018;186
Ceuta;5.2.2.-Robos con fuerza en viviendas;2024;21
Ceuta;5.2.2.-Robos con fuerza en viviendas;2023;33
Ceuta;5.2.2.-Robos con fuerza en viviendas;2022;31
Ceuta;5.2.2.-Robos con fuerza en viviendas;2021;31
Ceuta;5.2.2.-Robos con fuerza en viviendas;2020;37
Ceuta;5.2.2.-Robos con fuerza en viviendas;2019;42
Ceuta;5.2.2.-Robos con fuerza en viviendas;2018;60
Ceuta;5.2.3.-Robos con fuerza en establecimientos;2024;6
Ceuta;5.2.3.-Robos con fuerza en establecimientos;2023;19
Ceuta;5.2.3.-Robos con fuerza en establecimientos;2022;13
Ceuta;5.2.3.-Robos con fuerza en establecimientos;2021;25
Ceuta;5.2.3.-Robos con fuerza en establecimientos;2020;30
Ceuta;5.2.3.-Robos con fuerza en establecimientos;2019;16
Ceuta;5.2.3.-Robos con fuerza en establecimientos;2018;25
Ceuta;5.3.-Robos con violencia o intimidación;2024;140
Ceuta;5.3.-Robos con violencia o intimidación;2023;84
Ceuta;5.3.-Robos con violencia o intimidación;2022;107
Ceuta;5.3.-Robos con violencia o intimidación;2021;195
Ceuta;5.3.-Robos con violencia o intimidación;2020;128
Ceuta;5.3.-Robos con violencia o intimidación;2019;147
Ceuta;5.3.-Robos con violencia o intimidación;2018;150
Ceuta;5.3.1.-Robos con violencia en vía pública;2024;107
Ceuta;5.3.1.-Robos con violencia en vía pública;2023;62
Ceuta;5.3.1.-Robos con violencia en vía pública;2022;75
Ceuta;5.3.1.-Robos con violencia en vía pública;2021;148
Ceuta;5.3.1.-Robos con violencia en vía pública;2020;97
Ceuta;5.3.1.-Robos con violencia en vía pública;2019;112
Ceuta;5.3.1.-Robos con violencia en vía pública;2018;115
Ceuta;5.3.2.-Robos con violencia en viviendas;2024;8
Ceuta;5.3.2.-Robos con violencia en viviendas;2023;7
Ceuta;5.3.2.-Robos con violencia en viviendas;2022;5
Ceuta;5.3.2.-Robos con violencia en viviendas;2021;4
Ceuta;5.3.2.-Robos con violencia en viviendas;2020;6
Ceuta;5.3.2.-Robos con violencia en viviendas;2019;6
Ceuta;5.3.2.-Robos con violencia en viviendas;2018;7
Ceuta;5.3.3.-Robos con violencia en establecimientos;2024;12
Ceuta;5.3.3.-Robos con violencia en establecimientos;2023;10
Ceuta;5.3.3.-Robos con violencia en establecimientos;2022;10
Ceuta;5.3.3.-Robos con violencia en establecimientos;2021;9
Ceuta;5.3.3.-Robos con violencia en establecimientos;2020;8
Ceuta;5.3.3.-Robos con violencia en establecimientos;2019;10
Ceuta;5.3.3.-Robos con violencia en establecimientos;2018;7
Ceuta;5.4.-Sustracción de vehículos;2024;112
Ceuta;5.4.-Sustracción de vehículos;2023;108
Ceuta;5.4.-Sustracción de vehículos;2022;107
Ceuta;5.4.-Sustracción de vehículos;2021;103
Ceuta;5.4.-Sustracción de vehículos;2020;84
Ceuta;5.4.-Sustracción de vehículos;2019;168
Ceuta;5.4.-Sustracción de vehículos;2018;247
Ceuta;5.5.-Estafas;2024;600
Ceuta;5.5.-Estafas;2023;617
Ceuta;5.5.-Estafas;2022;529
Ceuta;5.5.-Estafas;2021;452
Ceuta;5.5.-Estafas;2020;432
Ceuta;5.5.-Estafas;2019;404
Ceuta;5.5.-Estafas;2018;291
Ceuta;5.5.1.-Estafas informáticas;2024;497
Ceuta;5.5.1.-Estafas informáticas;2023;514
Ceuta;5.5.1.-Estafas informáticas;2022;469
Ceuta;5.5.1.-Estafas informáticas;2021;402
Ceuta;5.5.1.-Estafas informáticas;2020;359
Ceuta;5.5.1.-Estafas informáticas;2019;324
Ceuta;5.5.1.-Estafas informáticas;2018;182
Ceuta;5.6.-Daños;2024;251
Ceuta;5.6.-Daños;2023;311
Ceuta;5.6.-Daños;2022;378
Ceuta;5.6.-Daños;2021;344
Ceuta;5.6.-Daños;2020;350
Ceuta;5.6.-Daños;2019;331
Ceuta;5.6.-Daños;2018;324
Ceuta;5.7.-Contra la propiedad intelectual/industrial;2024;0
Ceuta;5.7.-Contra la propiedad intelectual/industrial;2023;1
Ceuta;5.7.-Contra la propiedad intelectual/industrial;2022;2
Ceuta;5.7.-Contra la propiedad intelectual/industrial;2021;1
Ceuta;5.7.-Contra la propiedad intelectual/industrial;2020;1
Ceuta;5.7.-Contra la propiedad intelectual/industrial;2019;2
Ceuta;5.7.-Contra la propiedad intelectual/industrial;2018;0
Ceuta;5.8.-Blanqueo de capitales;2024;3
Ceuta;5.8.-Blanqueo de capitales;2023;0
Ceuta;5.8.-Blanqueo de capitales;2022;1
Ceuta;5.8.-Blanqueo de capitales;2021;0
Ceuta;5.8.-Blanqueo de capitales;2020;0
Ceuta;5.8.-Blanqueo de capitales;2019;1
Ceuta;5.8.-Blanqueo de capitales;2018;4
Ceuta;5.9.-Otros contra el patrimonio;2024;87
Ceuta;5.9.-Otros contra el patrimonio;2023;67
Ceuta;5.9.-Otros contra el patrimonio;2022;57
Ceuta;5.9.-Otros contra el patrimonio;2021;82
Ceuta;5.9.-Otros contra el patrimonio;2020;50
Ceuta;5.9.-Otros contra el patrimonio;2019;46
Ceuta;5.9.-Otros contra el patrimonio;2018;50
Ceuta;6. SEGURIDAD COLECTIVA;2024;245
Ceuta;6. SEGURIDAD COLECTIVA;2023;264
Ceuta;6. SEGURIDAD COLECTIVA;2022;277
Ceuta;6. SEGURIDAD COLECTIVA;2021;399
Ceuta;6. SEGURIDAD COLECTIVA;2020;356
Ceuta;6. SEGURIDAD COLECTIVA;2019;509
Ceuta;6. SEGURIDAD COLECTIVA;2018;385
Ceuta;6.1.-Tráfico de drogas;2024;97
Ceuta;6.1.-Tráfico de drogas;2023;99
Ceuta;6.1.-Tráfico de drogas;2022;115
Ceuta;6.1.-Tráfico de drogas;2021;205
Ceuta;6.1.-Tráfico de drogas;2020;220
Ceuta;6.1.-Tráfico de drogas;2019;297
Ceuta;6.1.-Tráfico de drogas;2018;166
Ceuta;6.2.-Contra la seguridad vial;2024;135
Ceuta;6.2.-Contra la seguridad vial;2023;161
Ceuta;6.2.-Contra la seguridad vial;2022;153
Ceuta;6.2.-Contra la seguridad vial;2021;186
Ceuta;6.2.-Contra la seguridad vial;2020;133
Ceuta;6.2.-Contra la seguridad vial;2019;207
Ceuta;6.2.-Contra la seguridad vial;2018;215
Ceuta;6.3.-Otros contra la seguridad colectiva;2024;13
Ceuta;6.3.-Otros contra la seguridad colectiva;2023;4
Ceuta;6.3.-Otros contra la seguridad colectiva;2022;9
Ceuta;6.3.-Otros contra la seguridad colectiva;2021;8
Ceuta;6.3.-Otros contra la seguridad colectiva;2020;3
Ceuta;6.3.-Otros contra la seguridad colectiva;2019;5
Ceuta;6.3.-Otros contra la seguridad colectiva;2018;4
Ceuta;7. FALSEDADES;2024;97
Ceuta;7. FALSEDADES;2023;96
Ceuta;7. FALSEDADES;2022;78
Ceuta;7. FALSEDADES;2021;108
Ceuta;7. FALSEDADES;2020;192
Ceuta;7. FALSEDADES;2019;543
Ceuta;7. FALSEDADES;2018;602
Ceuta;8. ADMÓN. PÚBLICA;2024;1
Ceuta;8. ADMÓN. PÚBLICA;2023;1
Ceuta;8. ADMÓN. PÚBLICA;2022;0
Ceuta;8. ADMÓN. PÚBLICA;2021;0
Ceuta;8. ADMÓN. PÚBLICA;2020;1
Ceuta;8. ADMÓN. PÚBLICA;2019;8
Ceuta;8. ADMÓN. PÚBLICA;2018;8
Ceuta;9. ADMÓN. JUSTICIA;2024;99
Ceuta;9. ADMÓN. JUSTICIA;2023;95
Ceuta;9. ADMÓN. JUSTICIA;2022;108
Ceuta;9. ADMÓN. JUSTICIA;2021;99
Ceuta;9. ADMÓN. JUSTICIA;2020;116
Ceuta;9. ADMÓN. JUSTICIA;2019;148
Ceuta;9. ADMÓN. JUSTICIA;2018;178
Ceuta;10. ORDEN PÚBLICO;2024;115
Ceuta;10. ORDEN PÚBLICO;2023;120
Ceuta;10. ORDEN PÚBLICO;2022;152
Ceuta;10. ORDEN PÚBLICO;2021;183
Ceuta;10. ORDEN PÚBLICO;2020;174
Ceuta;10. ORDEN PÚBLICO;2019;165
Ceuta;10. ORDEN PÚBLICO;2018;134
Ceuta;11. LEGISLACIÓN ESPECIAL;2024;1
Ceuta;11. LEGISLACIÓN ESPECIAL;2023;0
Ceuta;11. LEGISLACIÓN ESPECIAL;2022;2
Ceuta;11. LEGISLACIÓN ESPECIAL;2021;2
Ceuta;11. LEGISLACIÓN ESPECIAL;2020;4
Ceuta;11. LEGISLACIÓN ESPECIAL;2019;5
Ceuta;11. LEGISLACIÓN ESPECIAL;2018;3
Ceuta;12. OTRAS INFRACCIONES PENALES;2024;32
Ceuta;12. OTRAS INFRACCIONES PENALES;2023;37
Ceuta;12. OTRAS INFRACCIONES PENALES;2022;53
Ceuta;12. OTRAS INFRACCIONES PENALES;2021;50
Ceuta;12. OTRAS INFRACCIONES PENALES;2020;67
Ceuta;12. OTRAS INFRACCIONES PENALES;2019;162
Ceuta;12. OTRAS INFRACCIONES PENALES;2018;136
Ceuta;TOTAL INFRACCIONES PENALES;2024;3.538
Ceuta;TOTAL INFRACCIONES PENALES;2023;3.541
Ceuta;TOTAL INFRACCIONES PENALES;2022;3.635
Ceuta;TOTAL INFRACCIONES PENALES;2021;3.916
Ceuta;TOTAL INFRACCIONES PENALES;2020;3.648
Ceuta;TOTAL INFRACCIONES PENALES;2019;4.746
Ceuta;TOTAL INFRACCIONES PENALES;2018;4.722
Melilla;1. CONTRA LAS PERSONAS;2024;909
Melilla;1. CONTRA LAS PERSONAS;2023;923
Melilla;1. CONTRA LAS PERSONAS;2022;926
Melilla;1. CONTRA LAS PERSONAS;2021;900
Melilla;1. CONTRA LAS PERSONAS;2020;870
Melilla;1. CONTRA LAS PERSONAS;2019;931
Melilla;1. CONTRA LAS PERSONAS;2018;874
Melilla;1.1.-Homicidios dolosos/asesinatos;2024;1
Melilla;1.1.-Homicidios dolosos/asesinatos;2023;3
Melilla;1.1.-Homicidios dolosos/asesinatos;2022;7
Melilla;1.1.-Homicidios dolosos/asesinatos;2021;4
Melilla;1.1.-Homicidios dolosos/asesinatos;2020;2
Melilla;1.1.-Homicidios dolosos/asesinatos;2019;9
Melilla;1.1.-Homicidios dolosos/asesinatos;2018;1
Melilla;1.1.1.-Homicidios dolosos/asesinatos consumados;2024;0
Melilla;1.1.1.-Homicidios dolosos/asesinatos consumados;2023;0
Melilla;1.1.1.-Homicidios dolosos/asesinatos consumados;2022;2
Melilla;1.1.1.-Homicidios dolosos/asesinatos consumados;2021;0
Melilla;1.1.1.-Homicidios dolosos/asesinatos consumados;2020;0
Melilla;1.1.1.-Homicidios dolosos/asesinatos consumados;2019;1
Melilla;1.1.1.-Homicidios dolosos/asesinatos consumados;2018;0
Melilla;1.2.-Lesiones;2024;512
Melilla;1.2.-Lesiones;2023;509
Melilla;1.2.-Lesiones;2022;532
Melilla;1.2.-Lesiones;2021;539
Melilla;1.2.-Lesiones;2020;522
Melilla;1.2.-Lesiones;2019;592
Melilla;1.2.-Lesiones;2018;574
Melilla;1.3.-Malos tratos ámbito familiar;2024;376
Melilla;1.3.-Malos tratos ámbito familiar;2023;396
Melilla;1.3.-Malos tratos ámbito familiar;2022;368
Melilla;1.3.-Malos tratos ámbito familiar;2021;333
Melilla;1.3.-Malos tratos ámbito familiar;2020;322
Melilla;1.3.-Malos tratos ámbito familiar;2019;319
Melilla;1.3.-Malos tratos ámbito familiar;2018;275
Melilla;1.4.-Otros contra las personas;2024;20
Melilla;1.4.-Otros contra las personas;2023;15
Melilla;1.4.-Otros contra las personas;2022;19
Melilla;1.4.-Otros contra las personas;2021;24
Melilla;1.4.-Otros contra las personas;2020;24
Melilla;1.4.-Otros contra las personas;2019;11
Melilla;1.4.-Otros contra las personas;2018;24
Melilla;2. CONTRA LA LIBERTAD;2024;541
Melilla;2. CONTRA LA LIBERTAD;2023;462
Melilla;2. CONTRA LA LIBERTAD;2022;430
Melilla;2. CONTRA LA LIBERTAD;2021;443
Melilla;2. CONTRA LA LIBERTAD;2020;381
Melilla;2. CONTRA LA LIBERTAD;2019;296
Melilla;2. CONTRA LA LIBERTAD;2018;340
Melilla;2.1.-Malos tratos habituales en el ámbito familiar;2024;4
Melilla;2.1.-Malos tratos habituales en el ámbito familiar;2023;1
Melilla;2.1.-Malos tratos habituales en el ámbito familiar;2022;14
Melilla;2.1.-Malos tratos habituales en el ámbito familiar;2021;4
Melilla;2.1.-Malos tratos habituales en el ámbito familiar;2020;6
Melilla;2.1.-Malos tratos habituales en el ámbito familiar;2019;9
Melilla;2.1.-Malos tratos habituales en el ámbito familiar;2018;3
Melilla;2.2.-Otros contra la libertad;2024;537
Melilla;2.2.-Otros contra la libertad;2023;461
Melilla;2.2.-Otros contra la libertad;2022;416
Melilla;2.2.-Otros contra la libertad;2021;439
Melilla;2.2.-Otros contra la libertad;2020;375
Melilla;2.2.-Otros contra la libertad;2019;287
Melilla;2.2.-Otros contra la libertad;2018;337
Melilla;3. LIBERTAD SEXUAL;2024;42
Melilla;3. LIBERTAD SEXUAL;2023;41
Melilla;3. LIBERTAD SEXUAL;2022;22
Melilla;3. LIBERTAD SEXUAL;2021;39
Melilla;3. LIBERTAD SEXUAL;2020;34
Melilla;3. LIBERTAD SEXUAL;2019;33
Melilla;3. LIBERTAD SEXUAL;2018;27
Melilla;3.1.-Agresión sexual;2024;26
Melilla;3.1.-Agresión sexual;2023;31
Melilla;3.1.-Agresión sexual;2022;15
Melilla;3.1.-Agresión sexual;2021;28
Melilla;3.1.-Agresión sexual;2020;19
Melilla;3.1.-Agresión sexual;2019;22
Melilla;3.1.-Agresión sexual;2018;18
Melilla;3.2.-Agresión sexual con penetración;2024;8
Melilla;3.2.-Agresión sexual con penetración;2023;3
Melilla;3.2.-Agresión sexual con penetración;2022;4
Melilla;3.2.-Agresión sexual con penetración;2021;5
Melilla;3.2.-Agresión sexual con penetración;2020;7
Melilla;3.2.-Agresión sexual con penetración;2019;5
Melilla;3.2.-Agresión sexual con penetración;2018;2
Melilla;3.3.-Corrupción de menores o incapacitados;2024;1
Melilla;3.3.-Corrupción de menores o incapacitados;2023;0
Melilla;3.3.-Corrupción de menores o incapacitados;2022;0
Melilla;3.3.-Corrupción de menores o incapacitados;2021;1
Melilla;3.3.-Corrupción de menores o incapacitados;2020;1
Melilla;3.3.-Corrupción de menores o incapacitados;2019;0
Melilla;3.3.-Corrupción de menores o incapacitados;2018;1
Melilla;3.4.-Pornografía de menores;2024;0
Melilla;3.4.-Pornografía de menores;2023;2
Melilla;3.4.-Pornografía de menores;2022;0
Melilla;3.4.-Pornografía de menores;2021;2
Melilla;3.4.-Pornografía de menores;2020;0
Melilla;3.4.-Pornografía de menores;2019;0
Melilla;3.4.-Pornografía de menores;2018;2
Melilla;3.5.-Otros contra la libertad sexual;2024;7
Melilla;3.5.-Otros contra la libertad sexual;2023;5
Melilla;3.5.-Otros contra la libertad sexual;2022;3
Melilla;3.5.-Otros contra la libertad sexual;2021;3
Melilla;3.5.-Otros contra la libertad sexual;2020;7
Melilla;3.5.-Otros contra la libertad sexual;2019;6
Melilla;3.5.-Otros contra la libertad sexual;2018;4
Melilla;4. RELACIONES FAMILIARES;2024;19
Melilla;4. RELACIONES FAMILIARES;2023;12
Melilla;4. RELACIONES FAMILIARES;2022;13
Melilla;4. RELACIONES FAMILIARES;2021;26
Melilla;4. RELACIONES FAMILIARES;2020;24
Melilla;4. RELACIONES FAMILIARES;2019;25
Melilla;4. RELACIONES FAMILIARES;2018;22
Melilla;5. PATRIMONIO;2024;2.250
Melilla;5. PATRIMONIO;2023;2.213
Melilla;5. PATRIMONIO;2022;2.276
Melilla;5. PATRIMONIO;2021;1.984
Melilla;5. PATRIMONIO;2020;2.319
Melilla;5. PATRIMONIO;2019;3.281
Melilla;5. PATRIMONIO;2018;3.329
Melilla;5.1.-Hurtos;2024;659
Melilla;5.1.-Hurtos;2023;747
Melilla;5.1.-Hurtos;2022;732
Melilla;5.1.-Hurtos;2021;576
Melilla;5.1.-Hurtos;2020;778
Melilla;5.1.-Hurtos;2019;1.202
Melilla;5.1.-Hurtos;2018;1.237
Melilla;5.2.-Robos con fuerza en las cosas;2024;235
Melilla;5.2.-Robos con fuerza en las cosas;2023;248
Melilla;5.2.-Robos con fuerza en las cosas;2022;307
Melilla;5.2.-Robos con fuerza en las cosas;2021;251
Melilla;5.2.-Robos con fuerza en las cosas;2020;364
Melilla;5.2.-Robos con fuerza en las cosas;2019;766
Melilla;5.2.-Robos con fuerza en las cosas;2018;787
Melilla;5.2.1.-Robos con fuerza en las cosas en el interior de vehículos;2024;105
Melilla;5.2.1.-Robos con fuerza en las cosas en el interior de vehículos;2023;104
Melilla;5.2.1.-Robos con fuerza en las cosas en el interior de vehículos;2022;191
Melilla;5.2.1.-Robos con fuerza en las cosas en el interior de vehículos;2021;138
Melilla;5.2.1.-Robos con fuerza en las cosas en el interior de vehículos;2020;246
Melilla;5.2.1.-Robos con fuerza en las cosas en el interior de vehículos;2019;618
Melilla;5.2.1.-Robos con fuerza en las cosas en el interior de vehículos;2018;589
Melilla;5.2.2.-Robos con fuerza en viviendas;2024;37
Melilla;5.2.2.-Robos con fuerza en viviendas;2023;60
Melilla;5.2.2.-Robos con fuerza en viviendas;2022;46
Melilla;5.2.2.-Robos con fuerza en viviendas;2021;55
Melilla;5.2.2.-Robos con fuerza en viviendas;2020;44
Melilla;5.2.2.-Robos con fuerza en viviendas;2019;71
Melilla;5.2.2.-Robos con fuerza en viviendas;2018;91
Melilla;5.2.3.-Robos con fuerza en establecimientos;2024;46
Melilla;5.2.3.-Robos con fuerza en establecimientos;2023;59
Melilla;5.2.3.-Robos con fuerza en establecimientos;2022;38
Melilla;5.2.3.-Robos con fuerza en establecimientos;2021;14
Melilla;5.2.3.-Robos con fuerza en establecimientos;2020;22
Melilla;5.2.3.-Robos con fuerza en establecimientos;2019;26
Melilla;5.2.3.-Robos con fuerza en establecimientos;2018;35
Melilla;5.3.-Robos con violencia o intimidación;2024;106
Melilla;5.3.-Robos con violencia o intimidación;2023;119
Melilla;5.3.-Robos con violencia o intimidación;2022;121
Melilla;5.3.-Robos con violencia o intimidación;2021;201
Melilla;5.3.-Robos con violencia o intimidación;2020;300
Melilla;5.3.-Robos con violencia o intimidación;2019;375
Melilla;5.3.-Robos con violencia o intimidación;2018;332
Melilla;5.3.1.-Robos con violencia en vía pública;2024;66
Melilla;5.3.1.-Robos con violencia en vía pública;2023;86
Melilla;5.3.1.-Robos con violencia en vía pública;2022;96
Melilla;5.3.1.-Robos con violencia en vía pública;2021;145
Melilla;5.3.1.-Robos con violencia en vía pública;2020;220
Melilla;5.3.1.-Robos con violencia en vía pública;2019;243
Melilla;5.3.1.-Robos con violencia en vía pública;2018;260
Melilla;5.3.2.-Robos con violencia en viviendas;2024;9
Melilla;5.3.2.-Robos con violencia en viviendas;2023;9
Melilla;5.3.2.-Robos con violencia en viviendas;2022;6
Melilla;5.3.2.-Robos con violencia en viviendas;2021;2
Melilla;5.3.2.-Robos con violencia en viviendas;2020;2
Melilla;5.3.2.-Robos con violencia en viviendas;2019;8
Melilla;5.3.2.-Robos con violencia en viviendas;2018;6
Melilla;5.3.3.-Robos con violencia en establecimientos;2024;20
Melilla;5.3.3.-Robos con violencia en establecimientos;2023;12
Melilla;5.3.3.-Robos con violencia en establecimientos;2022;9
Melilla;5.3.3.-Robos con violencia en establecimientos;2021;14
Melilla;5.3.3.-Robos con violencia en establecimientos;2020;16
Melilla;5.3.3.-Robos con violencia en establecimientos;2019;13
Melilla;5.3.3.-Robos con violencia en establecimientos;2018;8
Melilla;5.4.-Sustracción de vehículos;2024;57
Melilla;5.4.-Sustracción de vehículos;2023;65
Melilla;5.4.-Sustracción de vehículos;2022;78
Melilla;5.4.-Sustracción de vehículos;2021;35
Melilla;5.4.-Sustracción de vehículos;2020;42
Melilla;5.4.-Sustracción de vehículos;2019;76
Melilla;5.4.-Sustracción de vehículos;2018;88
Melilla;5.5.-Estafas;2024;603
Melilla;5.5.-Estafas;2023;506
Melilla;5.5.-Estafas;2022;536
Melilla;5.5.-Estafas;2021;448
Melilla;5.5.-Estafas;2020;442
Melilla;5.5.-Estafas;2019;386
Melilla;5.5.-Estafas;2018;373
Melilla;5.5.1.-Estafas informáticas;2024;458
Melilla;5.5.1.-Estafas informáticas;2023;409
Melilla;5.5.1.-Estafas informáticas;2022;329
Melilla;5.5.1.-Estafas informáticas;2021;348
Melilla;5.5.1.-Estafas informáticas;2020;351
Melilla;5.5.1.-Estafas informáticas;2019;241
Melilla;5.5.1.-Estafas informáticas;2018;176
Melilla;5.6.-Daños;2024;482
Melilla;5.6.-Daños;2023;447
Melilla;5.6.-Daños;2022;427
Melilla;5.6.-Daños;2021;406
Melilla;5.6.-Daños;2020;323
Melilla;5.6.-Daños;2019;380
Melilla;5.6.-Daños;2018;445
Melilla;5.7.-Contra la propiedad intelectual/industrial;2024;1
Melilla;5.7.-Contra la propiedad intelectual/industrial;2023;1
Melilla;5.7.-Contra la propiedad intelectual/industrial;2022;0
Melilla;5.7.-Contra la propiedad intelectual/industrial;2021;1
Melilla;5.7.-Contra la propiedad intelectual/industrial;2020;1
Melilla;5.7.-Contra la propiedad intelectual/industrial;2019;7
Melilla;5.7.-Contra la propiedad intelectual/industrial;2018;11
Melilla;5.8.-Blanqueo de capitales;2024;0
Melilla;5.8.-Blanqueo de capitales;2023;0
Melilla;5.8.-Blanqueo de capitales;2022;1
Melilla;5.8.-Blanqueo de capitales;2021;1
Melilla;5.8.-Blanqueo de capitales;2020;0
Melilla;5.8.-Blanqueo de capitales;2019;5
Melilla;5.8.-Blanqueo de capitales;2018;0
Melilla;5.9.-Otros contra el patrimonio;2024;107
Melilla;5.9.-Otros contra el patrimonio;2023;80
Melilla;5.9.-Otros contra el patrimonio;2022;74
Melilla;5.9.-Otros contra el patrimonio;2021;65
Melilla;5.9.-Otros contra el patrimonio;2020;69
Melilla;5.9.-Otros contra el patrimonio;2019;84
Melilla;5.9.-Otros contra el patrimonio;2018;56
Melilla;6. SEGURIDAD COLECTIVA;2024;225
Melilla;6. SEGURIDAD COLECTIVA;2023;323
Melilla;6. SEGURIDAD COLECTIVA;2022;303
Melilla;6. SEGURIDAD COLECTIVA;2021;398
Melilla;6. SEGURIDAD COLECTIVA;2020;419
Melilla;6. SEGURIDAD COLECTIVA;2019;348
Melilla;6. SEGURIDAD COLECTIVA;2018;314
Melilla;6.1.-Tráfico de drogas;2024;46
Melilla;6.1.-Tráfico de drogas;2023;60
Melilla;6.1.-Tráfico de drogas;2022;69
Melilla;6.1.-Tráfico de drogas;2021;230
Melilla;6.1.-Tráfico de drogas;2020;232
Melilla;6.1.-Tráfico de drogas;2019;76
Melilla;6.1.-Tráfico de drogas;2018;48
Melilla;6.2.-Contra la seguridad vial;2024;167
Melilla;6.2.-Contra la seguridad vial;2023;253
Melilla;6.2.-Contra la seguridad vial;2022;232
Melilla;6.2.-Contra la seguridad vial;2021;157
Melilla;6.2.-Contra la seguridad vial;2020;180
Melilla;6.2.-Contra la seguridad vial;2019;254
Melilla;6.2.-Contra la seguridad vial;2018;232
Melilla;6.3.-Otros contra la seguridad colectiva;2024;12
Melilla;6.3.-Otros contra la seguridad colectiva;2023;10
Melilla;6.3.-Otros contra la seguridad colectiva;2022;2
Melilla;6.3.-Otros contra la seguridad colectiva;2021;11
Melilla;6.3.-Otros contra la seguridad colectiva;2020;7
Melilla;6.3.-Otros contra la seguridad colectiva;2019;18
Melilla;6.3.-Otros contra la seguridad colectiva;2018;34
Melilla;7. FALSEDADES;2024;62
Melilla;7. FALSEDADES;2023;70
Melilla;7. FALSEDADES;2022;58
Melilla;7. FALSEDADES;2021;50
Melilla;7. FALSEDADES;2020;99
Melilla;7. FALSEDADES;2019;289
Melilla;7. FALSEDADES;2018;196
Melilla;8. ADMÓN. PÚBLICA;2024;7
Melilla;8. ADMÓN. PÚBLICA;2023;5
Melilla;8. ADMÓN. PÚBLICA;2022;1
Melilla;8. ADMÓN. PÚBLICA;2021;3
Melilla;8. ADMÓN. PÚBLICA;2020;1
Melilla;8. ADMÓN. PÚBLICA;2019;1
Melilla;8. ADMÓN. PÚBLICA;2018;1
Melilla;9. ADMÓN. JUSTICIA;2024;165
Melilla;9. ADMÓN. JUSTICIA;2023;141
Melilla;9. ADMÓN. JUSTICIA;2022;106
Melilla;9. ADMÓN. JUSTICIA;2021;84
Melilla;9. ADMÓN. JUSTICIA;2020;101
Melilla;9. ADMÓN. JUSTICIA;2019;97
Melilla;9. ADMÓN. JUSTICIA;2018;78
Melilla;10. ORDEN PÚBLICO;2024;110
Melilla;10. ORDEN PÚBLICO;2023;101
Melilla;10. ORDEN PÚBLICO;2022;106
Melilla;10. ORDEN PÚBLICO;2021;133
Melilla;10. ORDEN PÚBLICO;2020;174
Melilla;10. ORDEN PÚBLICO;2019;137
Melilla;10. ORDEN PÚBLICO;2018;165
Melilla;11. LEGISLACIÓN ESPECIAL;2024;1
Melilla;11. LEGISLACIÓN ESPECIAL;2023;4
Melilla;11. LEGISLACIÓN ESPECIAL;2022;0
Melilla;11. LEGISLACIÓN ESPECIAL;2021;3
Melilla;11. LEGISLACIÓN ESPECIAL;2020;0
Melilla;11. LEGISLACIÓN ESPECIAL;2019;9
Melilla;11. LEGISLACIÓN ESPECIAL;2018;1
Melilla;12. OTRAS INFRACCIONES PENALES;2024;34
Melilla;12. OTRAS INFRACCIONES PENALES;2023;62
Melilla;12. OTRAS INFRACCIONES PENALES;2022;68
Melilla;12. OTRAS INFRACCIONES PENALES;2021;53
Melilla;12. OTRAS INFRACCIONES PENALES;2020;48
Melilla;12. OTRAS INFRACCIONES PENALES;2019;135
Melilla;12. OTRAS INFRACCIONES PENALES;2018;141
Melilla;TOTAL INFRACCIONES PENALES;2024;4.365
Melilla;TOTAL INFRACCIONES PENALES;2023;4.357
Melilla;TOTAL INFRACCIONES PENALES;2022;4.309
Melilla;TOTAL INFRACCIONES PENALES;2021;4.116
Melilla;TOTAL INFRACCIONES PENALES;2020;4.470
Melilla;TOTAL INFRACCIONES PENALES;2019;5.582
Melilla;TOTAL INFRACCIONES PENALES;2018;5.488
En el extranjero;1. CONTRA LAS PERSONAS;2024;200
En el extranjero;1. CONTRA LAS PERSONAS;2023;187
En el extranjero;1. CONTRA LAS PERSONAS;2022;172
En el extranjero;1. CONTRA LAS PERSONAS;2021;103
En el extranjero;1. CONTRA LAS PERSONAS;2020;110
En el extranjero;1. CONTRA LAS PERSONAS;2019;175
En el extranjero;1. CONTRA LAS PERSONAS;2018;141
En el extranjero;1.1.-Homicidios dolosos/asesinatos;2024;0
En el extranjero;1.1.-Homicidios dolosos/asesinatos;2023;2
En el extranjero;1.1.-Homicidios dolosos/asesinatos;2022;1
En el extranjero;1.1.-Homicidios dolosos/asesinatos;2021;0
En el extranjero;1.1.-Homicidios dolosos/asesinatos;2020;1
En el extranjero;1.1.-Homicidios dolosos/asesinatos;2019;2
En el extranjero;1.1.-Homicidios dolosos/asesinatos;2018;0
En el extranjero;1.1.1.-Homicidios dolosos/asesinatos consumados;2024;0
En el extranjero;1.1.1.-Homicidios dolosos/asesinatos consumados;2023;2
En el extranjero;1.1.1.-Homicidios dolosos/asesinatos consumados;2022;1
En el extranjero;1.1.1.-Homicidios dolosos/asesinatos consumados;2021;0
En el extranjero;1.1.1.-Homicidios dolosos/asesinatos consumados;2020;1
En el extranjero;1.1.1.-Homicidios dolosos/asesinatos consumados;2019;1
En el extranjero;1.1.1.-Homicidios dolosos/asesinatos consumados;2018;0
En el extranjero;1.2.-Lesiones;2024;41
En el extranjero;1.2.-Lesiones;2023;19
En el extranjero;1.2.-Lesiones;2022;28
En el extranjero;1.2.-Lesiones;2021;15
En el extranjero;1.2.-Lesiones;2020;19
En el extranjero;1.2.-Lesiones;2019;27
En el extranjero;1.2.-Lesiones;2018;19
En el extranjero;1.3.-Malos tratos ámbito familiar;2024;156
En el extranjero;1.3.-Malos tratos ámbito familiar;2023;161
En el extranjero;1.3.-Malos tratos ámbito familiar;2022;137
En el extranjero;1.3.-Malos tratos ámbito familiar;2021;87
En el extranjero;1.3.-Malos tratos ámbito familiar;2020;90
En el extranjero;1.3.-Malos tratos ámbito familiar;2019;142
En el extranjero;1.3.-Malos tratos ámbito familiar;2018;120
En el extranjero;1.4.-Otros contra las personas;2024;3
En el extranjero;1.4.-Otros contra las personas;2023;5
En el extranjero;1.4.-Otros contra las personas;2022;6
En el extranjero;1.4.-Otros contra las personas;2021;1
En el extranjero;1.4.-Otros contra las personas;2020;0
En el extranjero;1.4.-Otros contra las personas;2019;4
En el extranjero;1.4.-Otros contra las personas;2018;2
En el extranjero;2. CONTRA LA LIBERTAD;2024;198
En el extranjero;2. CONTRA LA LIBERTAD;2023;239
En el extranjero;2. CONTRA LA LIBERTAD;2022;213
En el extranjero;2. CONTRA LA LIBERTAD;2021;248
En el extranjero;2. CONTRA LA LIBERTAD;2020;266
En el extranjero;2. CONTRA LA LIBERTAD;2019;325
En el extranjero;2. CONTRA LA LIBERTAD;2018;313
En el extranjero;2.1.-Malos tratos habituales en el ámbito familiar;2024;18
En el extranjero;2.1.-Malos tratos habituales en el ámbito familiar;2023;13
En el extranjero;2.1.-Malos tratos habituales en el ámbito familiar;2022;20
En el extranjero;2.1.-Malos tratos habituales en el ámbito familiar;2021;12
En el extranjero;2.1.-Malos tratos habituales en el ámbito familiar;2020;15
En el extranjero;2.1.-Malos tratos habituales en el ámbito familiar;2019;9
En el extranjero;2.1.-Malos tratos habituales en el ámbito familiar;2018;8
En el extranjero;2.2.-Otros contra la libertad;2024;180
En el extranjero;2.2.-Otros contra la libertad;2023;226
En el extranjero;2.2.-Otros contra la libertad;2022;193
En el extranjero;2.2.-Otros contra la libertad;2021;236
En el extranjero;2.2.-Otros contra la libertad;2020;251
En el extranjero;2.2.-Otros contra la libertad;2019;316
En el extranjero;2.2.-Otros contra la libertad;2018;305
En el extranjero;3. LIBERTAD SEXUAL;2024;90
En el extranjero;3. LIBERTAD SEXUAL;2023;81
En el extranjero;3. LIBERTAD SEXUAL;2022;87
En el extranjero;3. LIBERTAD SEXUAL;2021;52
En el extranjero;3. LIBERTAD SEXUAL;2020;44
En el extranjero;3. LIBERTAD SEXUAL;2019;73
En el extranjero;3. LIBERTAD SEXUAL;2018;43
En el extranjero;3.1.-Agresión sexual;2024;49
En el extranjero;3.1.-Agresión sexual;2023;35
En el extranjero;3.1.-Agresión sexual;2022;55
En el extranjero;3.1.-Agresión sexual;2021;29
En el extranjero;3.1.-Agresión sexual;2020;19
En el extranjero;3.1.-Agresión sexual;2019;26
En el extranjero;3.1.-Agresión sexual;2018;19
En el extranjero;3.2.-Agresión sexual con penetración;2024;26
En el extranjero;3.2.-Agresión sexual con penetración;2023;31
En el extranjero;3.2.-Agresión sexual con penetración;2022;22
En el extranjero;3.2.-Agresión sexual con penetración;2021;14
En el extranjero;3.2.-Agresión sexual con penetración;2020;10
En el extranjero;3.2.-Agresión sexual con penetración;2019;29
En el extranjero;3.2.-Agresión sexual con penetración;2018;10
En el extranjero;3.3.-Corrupción de menores o incapacitados;2024;0
En el extranjero;3.3.-Corrupción de menores o incapacitados;2023;3
En el extranjero;3.3.-Corrupción de menores o incapacitados;2022;1
En el extranjero;3.3.-Corrupción de menores o incapacitados;2021;4
En el extranjero;3.3.-Corrupción de menores o incapacitados;2020;1
En el extranjero;3.3.-Corrupción de menores o incapacitados;2019;0
En el extranjero;3.3.-Corrupción de menores o incapacitados;2018;1
En el extranjero;3.4.-Pornografía de menores;2024;6
En el extranjero;3.4.-Pornografía de menores;2023;6
En el extranjero;3.4.-Pornografía de menores;2022;2
En el extranjero;3.4.-Pornografía de menores;2021;2
En el extranjero;3.4.-Pornografía de menores;2020;8
En el extranjero;3.4.-Pornografía de menores;2019;12
En el extranjero;3.4.-Pornografía de menores;2018;8
En el extranjero;3.5.-Otros contra la libertad sexual;2024;9
En el extranjero;3.5.-Otros contra la libertad sexual;2023;6
En el extranjero;3.5.-Otros contra la libertad sexual;2022;7
En el extranjero;3.5.-Otros contra la libertad sexual;2021;3
En el extranjero;3.5.-Otros contra la libertad sexual;2020;6
En el extranjero;3.5.-Otros contra la libertad sexual;2019;6
En el extranjero;3.5.-Otros contra la libertad sexual;2018;5
En el extranjero;4. RELACIONES FAMILIARES;2024;42
En el extranjero;4. RELACIONES FAMILIARES;2023;57
En el extranjero;4. RELACIONES FAMILIARES;2022;54
En el extranjero;4. RELACIONES FAMILIARES;2021;78
En el extranjero;4. RELACIONES FAMILIARES;2020;45
En el extranjero;4. RELACIONES FAMILIARES;2019;74
En el extranjero;4. RELACIONES FAMILIARES;2018;74
En el extranjero;5. PATRIMONIO;2024;8.032
En el extranjero;5. PATRIMONIO;2023;8.957
En el extranjero;5. PATRIMONIO;2022;9.917
En el extranjero;5. PATRIMONIO;2021;6.661
En el extranjero;5. PATRIMONIO;2020;8.725
En el extranjero;5. PATRIMONIO;2019;14.331
En el extranjero;5. PATRIMONIO;2018;13.478
En el extranjero;5.1.-Hurtos;2024;2.606
En el extranjero;5.1.-Hurtos;2023;2.517
En el extranjero;5.1.-Hurtos;2022;2.078
En el extranjero;5.1.-Hurtos;2021;832
En el extranjero;5.1.-Hurtos;2020;912
En el extranjero;5.1.-Hurtos;2019;3.096
En el extranjero;5.1.-Hurtos;2018;3.030
En el extranjero;5.2.-Robos con fuerza en las cosas;2024;291
En el extranjero;5.2.-Robos con fuerza en las cosas;2023;328
En el extranjero;5.2.-Robos con fuerza en las cosas;2022;353
En el extranjero;5.2.-Robos con fuerza en las cosas;2021;162
En el extranjero;5.2.-Robos con fuerza en las cosas;2020;173
En el extranjero;5.2.-Robos con fuerza en las cosas;2019;304
En el extranjero;5.2.-Robos con fuerza en las cosas;2018;297
En el extranjero;5.2.1.-Robos con fuerza en las cosas en el interior de vehículos;2024;202
En el extranjero;5.2.1.-Robos con fuerza en las cosas en el interior de vehículos;2023;247
En el extranjero;5.2.1.-Robos con fuerza en las cosas en el interior de vehículos;2022;218
En el extranjero;5.2.1.-Robos con fuerza en las cosas en el interior de vehículos;2021;128
En el extranjero;5.2.1.-Robos con fuerza en las cosas en el interior de vehículos;2020;122
En el extranjero;5.2.1.-Robos con fuerza en las cosas en el interior de vehículos;2019;198
En el extranjero;5.2.1.-Robos con fuerza en las cosas en el interior de vehículos;2018;192
En el extranjero;5.2.2.-Robos con fuerza en viviendas;2024;15
En el extranjero;5.2.2.-Robos con fuerza en viviendas;2023;13
En el extranjero;5.2.2.-Robos con fuerza en viviendas;2022;17
En el extranjero;5.2.2.-Robos con fuerza en viviendas;2021;9
En el extranjero;5.2.2.-Robos con fuerza en viviendas;2020;15
En el extranjero;5.2.2.-Robos con fuerza en viviendas;2019;17
En el extranjero;5.2.2.-Robos con fuerza en viviendas;2018;26
En el extranjero;5.2.3.-Robos con fuerza en establecimientos;2024;7
En el extranjero;5.2.3.-Robos con fuerza en establecimientos;2023;6
En el extranjero;5.2.3.-Robos con fuerza en establecimientos;2022;11
En el extranjero;5.2.3.-Robos con fuerza en establecimientos;2021;1
En el extranjero;5.2.3.-Robos con fuerza en establecimientos;2020;4
En el extranjero;5.2.3.-Robos con fuerza en establecimientos;2019;7
En el extranjero;5.2.3.-Robos con fuerza en establecimientos;2018;14
En el extranjero;5.3.-Robos con violencia o intimidación;2024;221
En el extranjero;5.3.-Robos con violencia o intimidación;2023;195
En el extranjero;5.3.-Robos con violencia o intimidación;2022;164
En el extranjero;5.3.-Robos con violencia o intimidación;2021;74
En el extranjero;5.3.-Robos con violencia o intimidación;2020;75
En el extranjero;5.3.-Robos con violencia o intimidación;2019;263
En el extranjero;5.3.-Robos con violencia o intimidación;2018;264
En el extranjero;5.3.1.-Robos con violencia en vía pública;2024;151
En el extranjero;5.3.1.-Robos con violencia en vía pública;2023;140
En el extranjero;5.3.1.-Robos con violencia en vía pública;2022;111
En el extranjero;5.3.1.-Robos con violencia en vía pública;2021;54
En el extranjero;5.3.1.-Robos con violencia en vía pública;2020;58
En el extranjero;5.3.1.-Robos con violencia en vía pública;2019;195
En el extranjero;5.3.1.-Robos con violencia en vía pública;2018;191
En el extranjero;5.3.2.-Robos con violencia en viviendas;2024;8
En el extranjero;5.3.2.-Robos con violencia en viviendas;2023;6
En el extranjero;5.3.2.-Robos con violencia en viviendas;2022;0
En el extranjero;5.3.2.-Robos con violencia en viviendas;2021;2
En el extranjero;5.3.2.-Robos con violencia en viviendas;2020;1
En el extranjero;5.3.2.-Robos con violencia en viviendas;2019;2
En el extranjero;5.3.2.-Robos con violencia en viviendas;2018;1
En el extranjero;5.3.3.-Robos con violencia en establecimientos;2024;17
En el extranjero;5.3.3.-Robos con violencia en establecimientos;2023;10
En el extranjero;5.3.3.-Robos con violencia en establecimientos;2022;10
En el extranjero;5.3.3.-Robos con violencia en establecimientos;2021;2
En el extranjero;5.3.3.-Robos con violencia en establecimientos;2020;1
En el extranjero;5.3.3.-Robos con violencia en establecimientos;2019;17
En el extranjero;5.3.3.-Robos con violencia en establecimientos;2018;14
En el extranjero;5.4.-Sustracción de vehículos;2024;100
En el extranjero;5.4.-Sustracción de vehículos;2023;100
En el extranjero;5.4.-Sustracción de vehículos;2022;66
En el extranjero;5.4.-Sustracción de vehículos;2021;58
En el extranjero;5.4.-Sustracción de vehículos;2020;90
En el extranjero;5.4.-Sustracción de vehículos;2019;110
En el extranjero;5.4.-Sustracción de vehículos;2018;82
En el extranjero;5.5.-Estafas;2024;4.560
En el extranjero;5.5.-Estafas;2023;5.543
En el extranjero;5.5.-Estafas;2022;7.029
En el extranjero;5.5.-Estafas;2021;5.349
En el extranjero;5.5.-Estafas;2020;7.281
En el extranjero;5.5.-Estafas;2019;10.329
En el extranjero;5.5.-Estafas;2018;9.536
En el extranjero;5.5.1.-Estafas informáticas;2024;3.300
En el extranjero;5.5.1.-Estafas informáticas;2023;4.393
En el extranjero;5.5.1.-Estafas informáticas;2022;5.451
En el extranjero;5.5.1.-Estafas informáticas;2021;4.011
En el extranjero;5.5.1.-Estafas informáticas;2020;5.469
En el extranjero;5.5.1.-Estafas informáticas;2019;5.812
En el extranjero;5.5.1.-Estafas informáticas;2018;3.822
En el extranjero;5.6.-Daños;2024;38
En el extranjero;5.6.-Daños;2023;32
En el extranjero;5.6.-Daños;2022;40
En el extranjero;5.6.-Daños;2021;28
En el extranjero;5.6.-Daños;2020;18
En el extranjero;5.6.-Daños;2019;51
En el extranjero;5.6.-Daños;2018;55
En el extranjero;5.7.-Contra la propiedad intelectual/industrial;2024;4
En el extranjero;5.7.-Contra la propiedad intelectual/industrial;2023;1
En el extranjero;5.7.-Contra la propiedad intelectual/industrial;2022;1
En el extranjero;5.7.-Contra la propiedad intelectual/industrial;2021;1
En el extranjero;5.7.-Contra la propiedad intelectual/industrial;2020;2
En el extranjero;5.7.-Contra la propiedad intelectual/industrial;2019;5
En el extranjero;5.7.-Contra la propiedad intelectual/industrial;2018;3
En el extranjero;5.8.-Blanqueo de capitales;2024;18
En el extranjero;5.8.-Blanqueo de capitales;2023;15
En el extranjero;5.8.-Blanqueo de capitales;2022;8
En el extranjero;5.8.-Blanqueo de capitales;2021;0
En el extranjero;5.8.-Blanqueo de capitales;2020;3
En el extranjero;5.8.-Blanqueo de capitales;2019;9
En el extranjero;5.8.-Blanqueo de capitales;2018;6
En el extranjero;5.9.-Otros contra el patrimonio;2024;194
En el extranjero;5.9.-Otros contra el patrimonio;2023;226
En el extranjero;5.9.-Otros contra el patrimonio;2022;178
En el extranjero;5.9.-Otros contra el patrimonio;2021;157
En el extranjero;5.9.-Otros contra el patrimonio;2020;171
En el extranjero;5.9.-Otros contra el patrimonio;2019;164
En el extranjero;5.9.-Otros contra el patrimonio;2018;205
En el extranjero;6. SEGURIDAD COLECTIVA;2024;68
En el extranjero;6. SEGURIDAD COLECTIVA;2023;51
En el extranjero;6. SEGURIDAD COLECTIVA;2022;24
En el extranjero;6. SEGURIDAD COLECTIVA;2021;17
En el extranjero;6. SEGURIDAD COLECTIVA;2020;21
En el extranjero;6. SEGURIDAD COLECTIVA;2019;17
En el extranjero;6. SEGURIDAD COLECTIVA;2018;12
En el extranjero;6.1.-Tráfico de drogas;2024;65
En el extranjero;6.1.-Tráfico de drogas;2023;47
En el extranjero;6.1.-Tráfico de drogas;2022;23
En el extranjero;6.1.-Tráfico de drogas;2021;17
En el extranjero;6.1.-Tráfico de drogas;2020;19
En el extranjero;6.1.-Tráfico de drogas;2019;15
En el extranjero;6.1.-Tráfico de drogas;2018;12
En el extranjero;6.2.-Contra la seguridad vial;2024;1
En el extranjero;6.2.-Contra la seguridad vial;2023;1
En el extranjero;6.2.-Contra la seguridad vial;2022;1
En el extranjero;6.2.-Contra la seguridad vial;2021;0
En el extranjero;6.2.-Contra la seguridad vial;2020;0
En el extranjero;6.2.-Contra la seguridad vial;2019;0
En el extranjero;6.2.-Contra la seguridad vial;2018;0
En el extranjero;6.3.-Otros contra la seguridad colectiva;2024;2
En el extranjero;6.3.-Otros contra la seguridad colectiva;2023;3
En el extranjero;6.3.-Otros contra la seguridad colectiva;2022;0
En el extranjero;6.3.-Otros contra la seguridad colectiva;2021;0
En el extranjero;6.3.-Otros contra la seguridad colectiva;2020;2
En el extranjero;6.3.-Otros contra la seguridad colectiva;2019;2
En el extranjero;6.3.-Otros contra la seguridad colectiva;2018;0
En el extranjero;7. FALSEDADES;2024;103
En el extranjero;7. FALSEDADES;2023;144
En el extranjero;7. FALSEDADES;2022;113
En el extranjero;7. FALSEDADES;2021;112
En el extranjero;7. FALSEDADES;2020;148
En el extranjero;7. FALSEDADES;2019;270
En el extranjero;7. FALSEDADES;2018;391
En el extranjero;8. ADMÓN. PÚBLICA;2024;0
En el extranjero;8. ADMÓN. PÚBLICA;2023;1
En el extranjero;8. ADMÓN. PÚBLICA;2022;1
En el extranjero;8. ADMÓN. PÚBLICA;2021;0
En el extranjero;8. ADMÓN. PÚBLICA;2020;2
En el extranjero;8. ADMÓN. PÚBLICA;2019;0
En el extranjero;8. ADMÓN. PÚBLICA;2018;1
En el extranjero;9. ADMÓN. JUSTICIA;2024;22
En el extranjero;9. ADMÓN. JUSTICIA;2023;27
En el extranjero;9. ADMÓN. JUSTICIA;2022;20
En el extranjero;9. ADMÓN. JUSTICIA;2021;16
En el extranjero;9. ADMÓN. JUSTICIA;2020;18
En el extranjero;9. ADMÓN. JUSTICIA;2019;30
En el extranjero;9. ADMÓN. JUSTICIA;2018;28
En el extranjero;10. ORDEN PÚBLICO;2024;22
En el extranjero;10. ORDEN PÚBLICO;2023;28
En el extranjero;10. ORDEN PÚBLICO;2022;9
En el extranjero;10. ORDEN PÚBLICO;2021;8
En el extranjero;10. ORDEN PÚBLICO;2020;6
En el extranjero;10. ORDEN PÚBLICO;2019;4
En el extranjero;10. ORDEN PÚBLICO;2018;2
En el extranjero;11. LEGISLACIÓN ESPECIAL;2024;0
En el extranjero;11. LEGISLACIÓN ESPECIAL;2023;0
En el extranjero;11. LEGISLACIÓN ESPECIAL;2022;1
En el extranjero;11. LEGISLACIÓN ESPECIAL;2021;1
En el extranjero;11. LEGISLACIÓN ESPECIAL;2020;0
En el extranjero;11. LEGISLACIÓN ESPECIAL;2019;1
En el extranjero;11. LEGISLACIÓN ESPECIAL;2018;0
En el extranjero;12. OTRAS INFRACCIONES PENALES;2024;11
En el extranjero;12. OTRAS INFRACCIONES PENALES;2023;15
En el extranjero;12. OTRAS INFRACCIONES PENALES;2022;18
En el extranjero;12. OTRAS INFRACCIONES PENALES;2021;10
En el extranjero;12. OTRAS INFRACCIONES PENALES;2020;10
En el extranjero;12. OTRAS INFRACCIONES PENALES;2019;15
En el extranjero;12. OTRAS INFRACCIONES PENALES;2018;21
En el extranjero;TOTAL INFRACCIONES PENALES;2024;8.788
En el extranjero;TOTAL INFRACCIONES PENALES;2023;9.787
En el extranjero;TOTAL INFRACCIONES PENALES;2022;10.629
En el extranjero;TOTAL INFRACCIONES PENALES;2021;7.306
En el extranjero;TOTAL INFRACCIONES PENALES;2020;9.395
En el extranjero;TOTAL INFRACCIONES PENALES;2019;15.315
En el extranjero;TOTAL INFRACCIONES PENALES;2018;14.504
Desconocida;1. CONTRA LAS PERSONAS;2024;0
Desconocida;1. CONTRA LAS PERSONAS;2023;0
Desconocida;1. CONTRA LAS PERSONAS;2022;0
Desconocida;1. CONTRA LAS PERSONAS;2021;0
Desconocida;1. CONTRA LAS PERSONAS;2020;0
Desconocida;1. CONTRA LAS PERSONAS;2019;0
Desconocida;1. CONTRA LAS PERSONAS;2018;0
Desconocida;1.1.-Homicidios dolosos/asesinatos;2024;0
Desconocida;1.1.-Homicidios dolosos/asesinatos;2023;0
Desconocida;1.1.-Homicidios dolosos/asesinatos;2022;0
Desconocida;1.1.-Homicidios dolosos/asesinatos;2021;0
Desconocida;1.1.-Homicidios dolosos/asesinatos;2020;0
Desconocida;1.1.-Homicidios dolosos/asesinatos;2019;0
Desconocida;1.1.-Homicidios dolosos/asesinatos;2018;0
Desconocida;1.1.1.-Homicidios dolosos/asesinatos consumados;2024;0
Desconocida;1.1.1.-Homicidios dolosos/asesinatos consumados;2023;0
Desconocida;1.1.1.-Homicidios dolosos/asesinatos consumados;2022;0
Desconocida;1.1.1.-Homicidios dolosos/asesinatos consumados;2021;0
Desconocida;1.1.1.-Homicidios dolosos/asesinatos consumados;2020;0
Desconocida;1.1.1.-Homicidios dolosos/asesinatos consumados;2019;0
Desconocida;1.1.1.-Homicidios dolosos/asesinatos consumados;2018;0
Desconocida;1.2.-Lesiones;2024;0
Desconocida;1.2.-Lesiones;2023;0
Desconocida;1.2.-Lesiones;2022;0
Desconocida;1.2.-Lesiones;2021;0
Desconocida;1.2.-Lesiones;2020;0
Desconocida;1.2.-Lesiones;2019;0
Desconocida;1.2.-Lesiones;2018;0
Desconocida;1.3.-Malos tratos ámbito familiar;2024;0
Desconocida;1.3.-Malos tratos ámbito familiar;2023;0
Desconocida;1.3.-Malos tratos ámbito familiar;2022;0
Desconocida;1.3.-Malos tratos ámbito familiar;2021;0
Desconocida;1.3.-Malos tratos ámbito familiar;2020;0
Desconocida;1.3.-Malos tratos ámbito familiar;2019;0
Desconocida;1.3.-Malos tratos ámbito familiar;2018;0
Desconocida;1.4.-Otros contra las personas;2024;0
Desconocida;1.4.-Otros contra las personas;2023;0
Desconocida;1.4.-Otros contra las personas;2022;0
Desconocida;1.4.-Otros contra las personas;2021;0
Desconocida;1.4.-Otros contra las personas;2020;0
Desconocida;1.4.-Otros contra las personas;2019;0
Desconocida;1.4.-Otros contra las personas;2018;0
Desconocida;2. CONTRA LA LIBERTAD;2024;0
Desconocida;2. CONTRA LA LIBERTAD;2023;0
Desconocida;2. CONTRA LA LIBERTAD;2022;0
Desconocida;2. CONTRA LA LIBERTAD;2021;0
Desconocida;2. CONTRA LA LIBERTAD;2020;0
Desconocida;2. CONTRA LA LIBERTAD;2019;0
Desconocida;2. CONTRA LA LIBERTAD;2018;0
Desconocida;2.1.-Malos tratos habituales en el ámbito familiar;2024;0
Desconocida;2.1.-Malos tratos habituales en el ámbito familiar;2023;0
Desconocida;2.1.-Malos tratos habituales en el ámbito familiar;2022;0
Desconocida;2.1.-Malos tratos habituales en el ámbito familiar;2021;0
Desconocida;2.1.-Malos tratos habituales en el ámbito familiar;2020;0
Desconocida;2.1.-Malos tratos habituales en el ámbito familiar;2019;0
Desconocida;2.1.-Malos tratos habituales en el ámbito familiar;2018;0
Desconocida;2.2.-Otros contra la libertad;2024;0
Desconocida;2.2.-Otros contra la libertad;2023;0
Desconocida;2.2.-Otros contra la libertad;2022;0
Desconocida;2.2.-Otros contra la libertad;2021;0
Desconocida;2.2.-Otros contra la libertad;2020;0
Desconocida;2.2.-Otros contra la libertad;2019;0
Desconocida;2.2.-Otros contra la libertad;2018;0
Desconocida;3. LIBERTAD SEXUAL;2024;0
Desconocida;3. LIBERTAD SEXUAL;2023;0
Desconocida;3. LIBERTAD SEXUAL;2022;0
Desconocida;3. LIBERTAD SEXUAL;2021;0
Desconocida;3. LIBERTAD SEXUAL;2020;0
Desconocida;3. LIBERTAD SEXUAL;2019;0
Desconocida;3. LIBERTAD SEXUAL;2018;0
Desconocida;3.1.-Agresión sexual;2024;0
Desconocida;3.1.-Agresión sexual;2023;0
Desconocida;3.1.-Agresión sexual;2022;0
Desconocida;3.1.-Agresión sexual;2021;0
Desconocida;3.1.-Agresión sexual;2020;0
Desconocida;3.1.-Agresión sexual;2019;0
Desconocida;3.1.-Agresión sexual;2018;0
Desconocida;3.2.-Agresión sexual con penetración;2024;0
Desconocida;3.2.-Agresión sexual con penetración;2023;0
Desconocida;3.2.-Agresión sexual con penetración;2022;0
Desconocida;3.2.-Agresión sexual con penetración;2021;0
Desconocida;3.2.-Agresión sexual con penetración;2020;0
Desconocida;3.2.-Agresión sexual con penetración;2019;0
Desconocida;3.2.-Agresión sexual con penetración;2018;0
Desconocida;3.3.-Corrupción de menores o incapacitados;2024;0
Desconocida;3.3.-Corrupción de menores o incapacitados;2023;0
Desconocida;3.3.-Corrupción de menores o incapacitados;2022;0
Desconocida;3.3.-Corrupción de menores o incapacitados;2021;0
Desconocida;3.3.-Corrupción de menores o incapacitados;2020;0
Desconocida;3.3.-Corrupción de menores o incapacitados;2019;0
Desconocida;3.3.-Corrupción de menores o incapacitados;2018;0
Desconocida;3.4.-Pornografía de menores;2024;0
Desconocida;3.4.-Pornografía de menores;2023;0
Desconocida;3.4.-Pornografía de menores;2022;0
Desconocida;3.4.-Pornografía de menores;2021;0
Desconocida;3.4.-Pornografía de menores;2020;0
Desconocida;3.4.-Pornografía de menores;2019;0
Desconocida;3.4.-Pornografía de menores;2018;0
Desconocida;3.5.-Otros contra la libertad sexual;2024;0
Desconocida;3.5.-Otros contra la libertad sexual;2023;0
Desconocida;3.5.-Otros contra la libertad sexual;2022;0
Desconocida;3.5.-Otros contra la libertad sexual;2021;0
Desconocida;3.5.-Otros contra la libertad sexual;2020;0
Desconocida;3.5.-Otros contra la libertad sexual;2019;0
Desconocida;3.5.-Otros contra la libertad sexual;2018;0
Desconocida;4. RELACIONES FAMILIARES;2024;0
Desconocida;4. RELACIONES FAMILIARES;2023;0
Desconocida;4. RELACIONES FAMILIARES;2022;0
Desconocida;4. RELACIONES FAMILIARES;2021;0
Desconocida;4. RELACIONES FAMILIARES;2020;0
Desconocida;4. RELACIONES FAMILIARES;2019;0
Desconocida;4. RELACIONES FAMILIARES;2018;0
Desconocida;5. PATRIMONIO;2024;0
Desconocida;5. PATRIMONIO;2023;0
Desconocida;5. PATRIMONIO;2022;0
Desconocida;5. PATRIMONIO;2021;0
Desconocida;5. PATRIMONIO;2020;0
Desconocida;5. PATRIMONIO;2019;0
Desconocida;5. PATRIMONIO;2018;0
Desconocida;5.1.-Hurtos;2024;0
Desconocida;5.1.-Hurtos;2023;0
Desconocida;5.1.-Hurtos;2022;0
Desconocida;5.1.-Hurtos;2021;0
Desconocida;5.1.-Hurtos;2020;0
Desconocida;5.1.-Hurtos;2019;0
Desconocida;5.1.-Hurtos;2018;0
Desconocida;5.2.-Robos con fuerza en las cosas;2024;0
Desconocida;5.2.-Robos con fuerza en las cosas;2023;0
Desconocida;5.2.-Robos con fuerza en las cosas;2022;0
Desconocida;5.2.-Robos con fuerza en las cosas;2021;0
Desconocida;5.2.-Robos con fuerza en las cosas;2020;0
Desconocida;5.2.-Robos con fuerza en las cosas;2019;0
Desconocida;5.2.-Robos con fuerza en las cosas;2018;0
Desconocida;5.2.1.-Robos con fuerza en las cosas en el interior de vehículos;2024;0
Desconocida;5.2.1.-Robos con fuerza en las cosas en el interior de vehículos;2023;0
Desconocida;5.2.1.-Robos con fuerza en las cosas en el interior de vehículos;2022;0
Desconocida;5.2.1.-Robos con fuerza en las cosas en el interior de vehículos;2021;0
Desconocida;5.2.1.-Robos con fuerza en las cosas en el interior de vehículos;2020;0
Desconocida;5.2.1.-Robos con fuerza en las cosas en el interior de vehículos;2019;0
Desconocida;5.2.1.-Robos con fuerza en las cosas en el interior de vehículos;2018;0
Desconocida;5.2.2.-Robos con fuerza en viviendas;2024;0
Desconocida;5.2.2.-Robos con fuerza en viviendas;2023;0
Desconocida;5.2.2.-Robos con fuerza en viviendas;2022;0
Desconocida;5.2.2.-Robos con fuerza en viviendas;2021;0
Desconocida;5.2.2.-Robos con fuerza en viviendas;2020;0
Desconocida;5.2.2.-Robos con fuerza en viviendas;2019;0
Desconocida;5.2.2.-Robos con fuerza en viviendas;2018;0
Desconocida;5.2.3.-Robos con fuerza en establecimientos;2024;0
Desconocida;5.2.3.-Robos con fuerza en establecimientos;2023;0
Desconocida;5.2.3.-Robos con fuerza en establecimientos;2022;0
Desconocida;5.2.3.-Robos con fuerza en establecimientos;2021;0
Desconocida;5.2.3.-Robos con fuerza en establecimientos;2020;0
Desconocida;5.2.3.-Robos con fuerza en establecimientos;2019;0
Desconocida;5.2.3.-Robos con fuerza en establecimientos;2018;0
Desconocida;5.3.-Robos con violencia o intimidación;2024;0
Desconocida;5.3.-Robos con violencia o intimidación;2023;0
Desconocida;5.3.-Robos con violencia o intimidación;2022;0
Desconocida;5.3.-Robos con violencia o intimidación;2021;0
Desconocida;5.3.-Robos con violencia o intimidación;2020;0
Desconocida;5.3.-Robos con violencia o intimidación;2019;0
Desconocida;5.3.-Robos con violencia o intimidación;2018;0
Desconocida;5.3.1.-Robos con violencia en vía pública;2024;0
Desconocida;5.3.1.-Robos con violencia en vía pública;2023;0
Desconocida;5.3.1.-Robos con violencia en vía pública;2022;0
Desconocida;5.3.1.-Robos con violencia en vía pública;2021;0
Desconocida;5.3.1.-Robos con violencia en vía pública;2020;0
Desconocida;5.3.1.-Robos con violencia en vía pública;2019;0
Desconocida;5.3.1.-Robos con violencia en vía pública;2018;0
Desconocida;5.3.2.-Robos con violencia en viviendas;2024;0
Desconocida;5.3.2.-Robos con violencia en viviendas;2023;0
Desconocida;5.3.2.-Robos con violencia en viviendas;2022;0
Desconocida;5.3.2.-Robos con violencia en viviendas;2021;0
Desconocida;5.3.2.-Robos con violencia en viviendas;2020;0
Desconocida;5.3.2.-Robos con violencia en viviendas;2019;0
Desconocida;5.3.2.-Robos con violencia en viviendas;2018;0
Desconocida;5.3.3.-Robos con violencia en establecimientos;2024;0
Desconocida;5.3.3.-Robos con violencia en establecimientos;2023;0
Desconocida;5.3.3.-Robos con violencia en establecimientos;2022;0
Desconocida;5.3.3.-Robos con violencia en establecimientos;2021;0
Desconocida;5.3.3.-Robos con violencia en establecimientos;2020;0
Desconocida;5.3.3.-Robos con violencia en establecimientos;2019;0
Desconocida;5.3.3.-Robos con violencia en establecimientos;2018;0
Desconocida;5.4.-Sustracción de vehículos;2024;0
Desconocida;5.4.-Sustracción de vehículos;2023;0
Desconocida;5.4.-Sustracción de vehículos;2022;0
Desconocida;5.4.-Sustracción de vehículos;2021;0
Desconocida;5.4.-Sustracción de vehículos;2020;0
Desconocida;5.4.-Sustracción de vehículos;2019;0
Desconocida;5.4.-Sustracción de vehículos;2018;0
Desconocida;5.5.-Estafas;2024;0
Desconocida;5.5.-Estafas;2023;0
Desconocida;5.5.-Estafas;2022;0
Desconocida;5.5.-Estafas;2021;0
Desconocida;5.5.-Estafas;2020;0
Desconocida;5.5.-Estafas;2019;0
Desconocida;5.5.-Estafas;2018;0
Desconocida;5.5.1.-Estafas informáticas;2024;0
Desconocida;5.5.1.-Estafas informáticas;2023;0
Desconocida;5.5.1.-Estafas informáticas;2022;0
Desconocida;5.5.1.-Estafas informáticas;2021;0
Desconocida;5.5.1.-Estafas informáticas;2020;0
Desconocida;5.5.1.-Estafas informáticas;2019;0
Desconocida;5.5.1.-Estafas informáticas;2018;0
Desconocida;5.6.-Daños;2024;0
Desconocida;5.6.-Daños;2023;0
Desconocida;5.6.-Daños;2022;0
Desconocida;5.6.-Daños;2021;0
Desconocida;5.6.-Daños;2020;0
Desconocida;5.6.-Daños;2019;0
Desconocida;5.6.-Daños;2018;0
Desconocida;5.7.-Contra la propiedad intelectual/industrial;2024;0
Desconocida;5.7.-Contra la propiedad intelectual/industrial;2023;0
Desconocida;5.7.-Contra la propiedad intelectual/industrial;2022;0
Desconocida;5.7.-Contra la propiedad intelectual/industrial;2021;0
Desconocida;5.7.-Contra la propiedad intelectual/industrial;2020;0
Desconocida;5.7.-Contra la propiedad intelectual/industrial;2019;0
Desconocida;5.7.-Contra la propiedad intelectual/industrial;2018;0
Desconocida;5.8.-Blanqueo de capitales;2024;0
Desconocida;5.8.-Blanqueo de capitales;2023;0
Desconocida;5.8.-Blanqueo de capitales;2022;0
Desconocida;5.8.-Blanqueo de capitales;2021;0
Desconocida;5.8.-Blanqueo de capitales;2020;0
Desconocida;5.8.-Blanqueo de capitales;2019;0
Desconocida;5.8.-Blanqueo de capitales;2018;0
Desconocida;5.9.-Otros contra el patrimonio;2024;0
Desconocida;5.9.-Otros contra el patrimonio;2023;0
Desconocida;5.9.-Otros contra el patrimonio;2022;0
Desconocida;5.9.-Otros contra el patrimonio;2021;0
Desconocida;5.9.-Otros contra el patrimonio;2020;0
Desconocida;5.9.-Otros contra el patrimonio;2019;0
Desconocida;5.9.-Otros contra el patrimonio;2018;0
Desconocida;6. SEGURIDAD COLECTIVA;2024;0
Desconocida;6. SEGURIDAD COLECTIVA;2023;0
Desconocida;6. SEGURIDAD COLECTIVA;2022;0
Desconocida;6. SEGURIDAD COLECTIVA;2021;0
Desconocida;6. SEGURIDAD COLECTIVA;2020;0
Desconocida;6. SEGURIDAD COLECTIVA;2019;0
Desconocida;6. SEGURIDAD COLECTIVA;2018;0
Desconocida;6.1.-Tráfico de drogas;2024;0
Desconocida;6.1.-Tráfico de drogas;2023;0
Desconocida;6.1.-Tráfico de drogas;2022;0
Desconocida;6.1.-Tráfico de drogas;2021;0
Desconocida;6.1.-Tráfico de drogas;2020;0
Desconocida;6.1.-Tráfico de drogas;2019;0
Desconocida;6.1.-Tráfico de drogas;2018;0
Desconocida;6.2.-Contra la seguridad vial;2024;0
Desconocida;6.2.-Contra la seguridad vial;2023;0
Desconocida;6.2.-Contra la seguridad vial;2022;0
Desconocida;6.2.-Contra la seguridad vial;2021;0
Desconocida;6.2.-Contra la seguridad vial;2020;0
Desconocida;6.2.-Contra la seguridad vial;2019;0
Desconocida;6.2.-Contra la seguridad vial;2018;0
Desconocida;6.3.-Otros contra la seguridad colectiva;2024;0
Desconocida;6.3.-Otros contra la seguridad colectiva;2023;0
Desconocida;6.3.-Otros contra la seguridad colectiva;2022;0
Desconocida;6.3.-Otros contra la seguridad colectiva;2021;0
Desconocida;6.3.-Otros contra la seguridad colectiva;2020;0
Desconocida;6.3.-Otros contra la seguridad colectiva;2019;0
Desconocida;6.3.-Otros contra la seguridad colectiva;2018;0
Desconocida;7. FALSEDADES;2024;0
Desconocida;7. FALSEDADES;2023;0
Desconocida;7. FALSEDADES;2022;0
Desconocida;7. FALSEDADES;2021;0
Desconocida;7. FALSEDADES;2020;0
Desconocida;7. FALSEDADES;2019;0
Desconocida;7. FALSEDADES;2018;0
Desconocida;8. ADMÓN. PÚBLICA;2024;0
Desconocida;8. ADMÓN. PÚBLICA;2023;0
Desconocida;8. ADMÓN. PÚBLICA;2022;0
Desconocida;8. ADMÓN. PÚBLICA;2021;0
Desconocida;8. ADMÓN. PÚBLICA;2020;0
Desconocida;8. ADMÓN. PÚBLICA;2019;0
Desconocida;8. ADMÓN. PÚBLICA;2018;0
Desconocida;9. ADMÓN. JUSTICIA;2024;0
Desconocida;9. ADMÓN. JUSTICIA;2023;0
Desconocida;9. ADMÓN. JUSTICIA;2022;0
Desconocida;9. ADMÓN. JUSTICIA;2021;0
Desconocida;9. ADMÓN. JUSTICIA;2020;0
Desconocida;9. ADMÓN. JUSTICIA;2019;0
Desconocida;9. ADMÓN. JUSTICIA;2018;0
Desconocida;10. ORDEN PÚBLICO;2024;0
Desconocida;10. ORDEN PÚBLICO;2023;0
Desconocida;10. ORDEN PÚBLICO;2022;0
Desconocida;10. ORDEN PÚBLICO;2021;0
Desconocida;10. ORDEN PÚBLICO;2020;0
Desconocida;10. ORDEN PÚBLICO;2019;0
Desconocida;10. ORDEN PÚBLICO;2018;0
Desconocida;11. LEGISLACIÓN ESPECIAL;2024;0
Desconocida;11. LEGISLACIÓN ESPECIAL;2023;0
Desconocida;11. LEGISLACIÓN ESPECIAL;2022;0
Desconocida;11. LEGISLACIÓN ESPECIAL;2021;0
Desconocida;11. LEGISLACIÓN ESPECIAL;2020;0
Desconocida;11. LEGISLACIÓN ESPECIAL;2019;0
Desconocida;11. LEGISLACIÓN ESPECIAL;2018;0
Desconocida;12. OTRAS INFRACCIONES PENALES;2024;0
Desconocida;12. OTRAS INFRACCIONES PENALES;2023;0
Desconocida;12. OTRAS INFRACCIONES PENALES;2022;0
Desconocida;12. OTRAS INFRACCIONES PENALES;2021;0
Desconocida;12. OTRAS INFRACCIONES PENALES;2020;0
Desconocida;12. OTRAS INFRACCIONES PENALES;2019;0
Desconocida;12. OTRAS INFRACCIONES PENALES;2018;0
Desconocida;TOTAL INFRACCIONES PENALES;2024;0
Desconocida;TOTAL INFRACCIONES PENALES;2023;0
Desconocida;TOTAL INFRACCIONES PENALES;2022;0
Desconocida;TOTAL INFRACCIONES PENALES;2021;0
Desconocida;TOTAL INFRACCIONES PENALES;2020;0
Desconocida;TOTAL INFRACCIONES PENALES;2019;0
Desconocida;TOTAL INFRACCIONES PENALES;2018;0
