Comunidades autónomas;Tipología penal;periodo;Total
TOTAL NACIONAL;1. CONTRA LAS PERSONAS;2024;136.518
TOTAL NACIONAL;1. CONTRA LAS PERSONAS;2023;132.332
TOTAL NACIONAL;1. CONTRA LAS PERSONAS;2022;122.885
TOTAL NACIONAL;1. CONTRA LAS PERSONAS;2021;108.154
TOTAL NACIONAL;1. CONTRA LAS PERSONAS;2020;96.238
TOTAL NACIONAL;1. CONTRA LAS PERSONAS;2019;95.194
TOTAL NACIONAL;1. CONTRA LAS PERSONAS;2018;89.831
TOTAL NACIONAL;1.1.-Homicidios dolosos/asesinatos;2024;1.674
TOTAL NACIONAL;1.1.-Homicidios dolosos/asesinatos;2023;1.631
TOTAL NACIONAL;1.1.-Homicidios dolosos/asesinatos;2022;1.500
TOTAL NACIONAL;1.1.-Homicidios dolosos/asesinatos;2021;1.312
TOTAL NACIONAL;1.1.-Homicidios dolosos/asesinatos;2020;1.225
TOTAL NACIONAL;1.1.-Homicidios dolosos/asesinatos;2019;1.256
TOTAL NACIONAL;1.1.-Homicidios dolosos/asesinatos;2018;1.204
TOTAL NACIONAL;1.1.1.-Homicidios dolosos/asesinatos consumados;2024;415
TOTAL NACIONAL;1.1.1.-Homicidios dolosos/asesinatos consumados;2023;399
TOTAL NACIONAL;1.1.1.-Homicidios dolosos/asesinatos consumados;2022;375
TOTAL NACIONAL;1.1.1.-Homicidios dolosos/asesinatos consumados;2021;360
TOTAL NACIONAL;1.1.1.-Homicidios dolosos/asesinatos consumados;2020;377
TOTAL NACIONAL;1.1.1.-Homicidios dolosos/asesinatos consumados;2019;363
TOTAL NACIONAL;1.1.1.-Homicidios dolosos/asesinatos consumados;2018;340
TOTAL NACIONAL;1.2.-Lesiones;2024;46.856
TOTAL NACIONAL;1.2.-Lesiones;2023;45.598
TOTAL NACIONAL;1.2.-Lesiones;2022;44.431
TOTAL NACIONAL;1.2.-Lesiones;2021;38.573
TOTAL NACIONAL;1.2.-Lesiones;2020;32.334
TOTAL NACIONAL;1.2.-Lesiones;2019;33.570
TOTAL NACIONAL;1.2.-Lesiones;2018;31.812
TOTAL NACIONAL;1.3.-Malos tratos ámbito familiar;2024;83.936
TOTAL NACIONAL;1.3.-Malos tratos ámbito familiar;2023;81.461
TOTAL NACIONAL;1.3.-Malos tratos ámbito familiar;2022;73.876
TOTAL NACIONAL;1.3.-Malos tratos ámbito familiar;2021;65.618
TOTAL NACIONAL;1.3.-Malos tratos ámbito familiar;2020;60.547
TOTAL NACIONAL;1.3.-Malos tratos ámbito familiar;2019;58.600
TOTAL NACIONAL;1.3.-Malos tratos ámbito familiar;2018;55.153
TOTAL NACIONAL;1.4.-Otros contra las personas;2024;4.052
TOTAL NACIONAL;1.4.-Otros contra las personas;2023;3.642
TOTAL NACIONAL;1.4.-Otros contra las personas;2022;3.078
TOTAL NACIONAL;1.4.-Otros contra las personas;2021;2.651
TOTAL NACIONAL;1.4.-Otros contra las personas;2020;2.132
TOTAL NACIONAL;1.4.-Otros contra las personas;2019;1.768
TOTAL NACIONAL;1.4.-Otros contra las personas;2018;1.662
TOTAL NACIONAL;2. CONTRA LA LIBERTAD;2024;59.819
TOTAL NACIONAL;2. CONTRA LA LIBERTAD;2023;58.423
TOTAL NACIONAL;2. CONTRA LA LIBERTAD;2022;52.677
TOTAL NACIONAL;2. CONTRA LA LIBERTAD;2021;49.856
TOTAL NACIONAL;2. CONTRA LA LIBERTAD;2020;45.672
TOTAL NACIONAL;2. CONTRA LA LIBERTAD;2019;40.383
TOTAL NACIONAL;2. CONTRA LA LIBERTAD;2018;38.927
TOTAL NACIONAL;2.1.-Malos tratos habituales en el ámbito familiar;2024;11.653
TOTAL NACIONAL;2.1.-Malos tratos habituales en el ámbito familiar;2023;12.085
TOTAL NACIONAL;2.1.-Malos tratos habituales en el ámbito familiar;2022;10.964
TOTAL NACIONAL;2.1.-Malos tratos habituales en el ámbito familiar;2021;10.222
TOTAL NACIONAL;2.1.-Malos tratos habituales en el ámbito familiar;2020;9.514
TOTAL NACIONAL;2.1.-Malos tratos habituales en el ámbito familiar;2019;9.488
TOTAL NACIONAL;2.1.-Malos tratos habituales en el ámbito familiar;2018;9.078
TOTAL NACIONAL;2.2.-Otros contra la libertad;2024;48.166
TOTAL NACIONAL;2.2.-Otros contra la libertad;2023;46.338
TOTAL NACIONAL;2.2.-Otros contra la libertad;2022;41.713
TOTAL NACIONAL;2.2.-Otros contra la libertad;2021;39.634
TOTAL NACIONAL;2.2.-Otros contra la libertad;2020;36.158
TOTAL NACIONAL;2.2.-Otros contra la libertad;2019;30.895
TOTAL NACIONAL;2.2.-Otros contra la libertad;2018;29.849
TOTAL NACIONAL;3. LIBERTAD SEXUAL;2024;14.375
TOTAL NACIONAL;3. LIBERTAD SEXUAL;2023;13.767
TOTAL NACIONAL;3. LIBERTAD SEXUAL;2022;11.699
TOTAL NACIONAL;3. LIBERTAD SEXUAL;2021;10.477
TOTAL NACIONAL;3. LIBERTAD SEXUAL;2020;7.991
TOTAL NACIONAL;3. LIBERTAD SEXUAL;2019;8.983
TOTAL NACIONAL;3. LIBERTAD SEXUAL;2018;8.288
TOTAL NACIONAL;3.1.-Agresión sexual;2024;8.815
TOTAL NACIONAL;3.1.-Agresión sexual;2023;8.232
TOTAL NACIONAL;3.1.-Agresión sexual;2022;7.133
TOTAL NACIONAL;3.1.-Agresión sexual;2021;6.252
TOTAL NACIONAL;3.1.-Agresión sexual;2020;4.553
TOTAL NACIONAL;3.1.-Agresión sexual;2019;5.151
TOTAL NACIONAL;3.1.-Agresión sexual;2018;4.642
TOTAL NACIONAL;3.2.-Agresión sexual con penetración;2024;3.244
TOTAL NACIONAL;3.2.-Agresión sexual con penetración;2023;3.160
TOTAL NACIONAL;3.2.-Agresión sexual con penetración;2022;2.755
TOTAL NACIONAL;3.2.-Agresión sexual con penetración;2021;2.419
TOTAL NACIONAL;3.2.-Agresión sexual con penetración;2020;1.860
TOTAL NACIONAL;3.2.-Agresión sexual con penetración;2019;1.958
TOTAL NACIONAL;3.2.-Agresión sexual con penetración;2018;1.829
TOTAL NACIONAL;3.3.-Corrupción de menores o incapacitados;2024;176
TOTAL NACIONAL;3.3.-Corrupción de menores o incapacitados;2023;191
TOTAL NACIONAL;3.3.-Corrupción de menores o incapacitados;2022;221
TOTAL NACIONAL;3.3.-Corrupción de menores o incapacitados;2021;211
TOTAL NACIONAL;3.3.-Corrupción de menores o incapacitados;2020;163
TOTAL NACIONAL;3.3.-Corrupción de menores o incapacitados;2019;191
TOTAL NACIONAL;3.3.-Corrupción de menores o incapacitados;2018;185
TOTAL NACIONAL;3.4.-Pornografía de menores;2024;623
TOTAL NACIONAL;3.4.-Pornografía de menores;2023;649
TOTAL NACIONAL;3.4.-Pornografía de menores;2022;467
TOTAL NACIONAL;3.4.-Pornografía de menores;2021;467
TOTAL NACIONAL;3.4.-Pornografía de menores;2020;453
TOTAL NACIONAL;3.4.-Pornografía de menores;2019;615
TOTAL NACIONAL;3.4.-Pornografía de menores;2018;677
TOTAL NACIONAL;3.5.-Otros contra la libertad sexual;2024;1.517
TOTAL NACIONAL;3.5.-Otros contra la libertad sexual;2023;1.535
TOTAL NACIONAL;3.5.-Otros contra la libertad sexual;2022;1.123
TOTAL NACIONAL;3.5.-Otros contra la libertad sexual;2021;1.128
TOTAL NACIONAL;3.5.-Otros contra la libertad sexual;2020;962
TOTAL NACIONAL;3.5.-Otros contra la libertad sexual;2019;1.068
TOTAL NACIONAL;3.5.-Otros contra la libertad sexual;2018;955
TOTAL NACIONAL;4. RELACIONES FAMILIARES;2024;2.570
TOTAL NACIONAL;4. RELACIONES FAMILIARES;2023;2.655
TOTAL NACIONAL;4. RELACIONES FAMILIARES;2022;2.509
TOTAL NACIONAL;4. RELACIONES FAMILIARES;2021;2.472
TOTAL NACIONAL;4. RELACIONES FAMILIARES;2020;2.339
TOTAL NACIONAL;4. RELACIONES FAMILIARES;2019;1.549
TOTAL NACIONAL;4. RELACIONES FAMILIARES;2018;1.687
TOTAL NACIONAL;5. PATRIMONIO;2024;216.676
TOTAL NACIONAL;5. PATRIMONIO;2023;204.374
TOTAL NACIONAL;5. PATRIMONIO;2022;179.947
TOTAL NACIONAL;5. PATRIMONIO;2021;151.436
TOTAL NACIONAL;5. PATRIMONIO;2020;139.280
TOTAL NACIONAL;5. PATRIMONIO;2019;144.958
TOTAL NACIONAL;5. PATRIMONIO;2018;143.192
TOTAL NACIONAL;5.1.-Hurtos;2024;96.412
TOTAL NACIONAL;5.1.-Hurtos;2023;89.492
TOTAL NACIONAL;5.1.-Hurtos;2022;74.111
TOTAL NACIONAL;5.1.-Hurtos;2021;57.256
TOTAL NACIONAL;5.1.-Hurtos;2020;49.103
TOTAL NACIONAL;5.1.-Hurtos;2019;58.955
TOTAL NACIONAL;5.1.-Hurtos;2018;59.652
TOTAL NACIONAL;5.2.-Robos con fuerza en las cosas;2024;30.464
TOTAL NACIONAL;5.2.-Robos con fuerza en las cosas;2023;30.866
TOTAL NACIONAL;5.2.-Robos con fuerza en las cosas;2022;28.274
TOTAL NACIONAL;5.2.-Robos con fuerza en las cosas;2021;25.263
TOTAL NACIONAL;5.2.-Robos con fuerza en las cosas;2020;25.748
TOTAL NACIONAL;5.2.-Robos con fuerza en las cosas;2019;29.401
TOTAL NACIONAL;5.2.-Robos con fuerza en las cosas;2018;30.314
TOTAL NACIONAL;5.2.1.-Robos con fuerza en las cosas en el interior de vehículos;2024;7.109
TOTAL NACIONAL;5.2.1.-Robos con fuerza en las cosas en el interior de vehículos;2023;6.974
TOTAL NACIONAL;5.2.1.-Robos con fuerza en las cosas en el interior de vehículos;2022;5.948
TOTAL NACIONAL;5.2.1.-Robos con fuerza en las cosas en el interior de vehículos;2021;4.928
TOTAL NACIONAL;5.2.1.-Robos con fuerza en las cosas en el interior de vehículos;2020;3.971
TOTAL NACIONAL;5.2.1.-Robos con fuerza en las cosas en el interior de vehículos;2019;5.402
TOTAL NACIONAL;5.2.1.-Robos con fuerza en las cosas en el interior de vehículos;2018;5.534
TOTAL NACIONAL;5.2.2.-Robos con fuerza en viviendas;2024;8.575
TOTAL NACIONAL;5.2.2.-Robos con fuerza en viviendas;2023;8.722
TOTAL NACIONAL;5.2.2.-Robos con fuerza en viviendas;2022;8.249
TOTAL NACIONAL;5.2.2.-Robos con fuerza en viviendas;2021;8.012
TOTAL NACIONAL;5.2.2.-Robos con fuerza en viviendas;2020;8.563
TOTAL NACIONAL;5.2.2.-Robos con fuerza en viviendas;2019;8.049
TOTAL NACIONAL;5.2.2.-Robos con fuerza en viviendas;2018;8.662
TOTAL NACIONAL;5.2.3.-Robos con fuerza en establecimientos;2024;7.184
TOTAL NACIONAL;5.2.3.-Robos con fuerza en establecimientos;2023;7.697
TOTAL NACIONAL;5.2.3.-Robos con fuerza en establecimientos;2022;6.828
TOTAL NACIONAL;5.2.3.-Robos con fuerza en establecimientos;2021;6.116
TOTAL NACIONAL;5.2.3.-Robos con fuerza en establecimientos;2020;6.515
TOTAL NACIONAL;5.2.3.-Robos con fuerza en establecimientos;2019;6.070
TOTAL NACIONAL;5.2.3.-Robos con fuerza en establecimientos;2018;5.798
TOTAL NACIONAL;5.3.-Robos con violencia o intimidación;2024;21.616
TOTAL NACIONAL;5.3.-Robos con violencia o intimidación;2023;20.790
TOTAL NACIONAL;5.3.-Robos con violencia o intimidación;2022;18.478
TOTAL NACIONAL;5.3.-Robos con violencia o intimidación;2021;15.567
TOTAL NACIONAL;5.3.-Robos con violencia o intimidación;2020;14.160
TOTAL NACIONAL;5.3.-Robos con violencia o intimidación;2019;18.253
TOTAL NACIONAL;5.3.-Robos con violencia o intimidación;2018;15.491
TOTAL NACIONAL;5.3.1.-Robos con violencia en vía pública;2024;12.733
TOTAL NACIONAL;5.3.1.-Robos con violencia en vía pública;2023;12.246
TOTAL NACIONAL;5.3.1.-Robos con violencia en vía pública;2022;11.104
TOTAL NACIONAL;5.3.1.-Robos con violencia en vía pública;2021;9.095
TOTAL NACIONAL;5.3.1.-Robos con violencia en vía pública;2020;8.029
TOTAL NACIONAL;5.3.1.-Robos con violencia en vía pública;2019;7.725
TOTAL NACIONAL;5.3.1.-Robos con violencia en vía pública;2018;6.395
TOTAL NACIONAL;5.3.2.-Robos con violencia en viviendas;2024;1.572
TOTAL NACIONAL;5.3.2.-Robos con violencia en viviendas;2023;1.413
TOTAL NACIONAL;5.3.2.-Robos con violencia en viviendas;2022;1.204
TOTAL NACIONAL;5.3.2.-Robos con violencia en viviendas;2021;1.332
TOTAL NACIONAL;5.3.2.-Robos con violencia en viviendas;2020;1.295
TOTAL NACIONAL;5.3.2.-Robos con violencia en viviendas;2019;1.153
TOTAL NACIONAL;5.3.2.-Robos con violencia en viviendas;2018;1.178
TOTAL NACIONAL;5.3.3.-Robos con violencia en establecimientos;2024;5.208
TOTAL NACIONAL;5.3.3.-Robos con violencia en establecimientos;2023;4.884
TOTAL NACIONAL;5.3.3.-Robos con violencia en establecimientos;2022;4.073
TOTAL NACIONAL;5.3.3.-Robos con violencia en establecimientos;2021;3.292
TOTAL NACIONAL;5.3.3.-Robos con violencia en establecimientos;2020;3.160
TOTAL NACIONAL;5.3.3.-Robos con violencia en establecimientos;2019;3.037
TOTAL NACIONAL;5.3.3.-Robos con violencia en establecimientos;2018;2.890
TOTAL NACIONAL;5.4.-Sustracción de vehículos;2024;4.326
TOTAL NACIONAL;5.4.-Sustracción de vehículos;2023;3.948
TOTAL NACIONAL;5.4.-Sustracción de vehículos;2022;3.612
TOTAL NACIONAL;5.4.-Sustracción de vehículos;2021;3.159
TOTAL NACIONAL;5.4.-Sustracción de vehículos;2020;3.309
TOTAL NACIONAL;5.4.-Sustracción de vehículos;2019;3.399
TOTAL NACIONAL;5.4.-Sustracción de vehículos;2018;3.424
TOTAL NACIONAL;5.5.-Estafas;2024;23.381
TOTAL NACIONAL;5.5.-Estafas;2023;22.135
TOTAL NACIONAL;5.5.-Estafas;2022;19.232
TOTAL NACIONAL;5.5.-Estafas;2021;16.301
TOTAL NACIONAL;5.5.-Estafas;2020;14.572
TOTAL NACIONAL;5.5.-Estafas;2019;13.478
TOTAL NACIONAL;5.5.-Estafas;2018;12.521
TOTAL NACIONAL;5.5.1.-Estafas informáticas;2024;14.640
TOTAL NACIONAL;5.5.1.-Estafas informáticas;2023;12.784
TOTAL NACIONAL;5.5.1.-Estafas informáticas;2022;10.422
TOTAL NACIONAL;5.5.1.-Estafas informáticas;2021;9.145
TOTAL NACIONAL;5.5.1.-Estafas informáticas;2020;7.161
TOTAL NACIONAL;5.5.1.-Estafas informáticas;2019;4.949
TOTAL NACIONAL;5.5.1.-Estafas informáticas;2018;3.475
TOTAL NACIONAL;5.6.-Daños;2024;13.088
TOTAL NACIONAL;5.6.-Daños;2023;12.606
TOTAL NACIONAL;5.6.-Daños;2022;12.671
TOTAL NACIONAL;5.6.-Daños;2021;12.077
TOTAL NACIONAL;5.6.-Daños;2020;10.554
TOTAL NACIONAL;5.6.-Daños;2019;8.298
TOTAL NACIONAL;5.6.-Daños;2018;8.013
TOTAL NACIONAL;5.7.-Contra la propiedad intelectual/industrial;2024;1.594
TOTAL NACIONAL;5.7.-Contra la propiedad intelectual/industrial;2023;1.327
TOTAL NACIONAL;5.7.-Contra la propiedad intelectual/industrial;2022;1.245
TOTAL NACIONAL;5.7.-Contra la propiedad intelectual/industrial;2021;1.056
TOTAL NACIONAL;5.7.-Contra la propiedad intelectual/industrial;2020;843
TOTAL NACIONAL;5.7.-Contra la propiedad intelectual/industrial;2019;1.795
TOTAL NACIONAL;5.7.-Contra la propiedad intelectual/industrial;2018;2.273
TOTAL NACIONAL;5.8.-Blanqueo de capitales;2024;844
TOTAL NACIONAL;5.8.-Blanqueo de capitales;2023;642
TOTAL NACIONAL;5.8.-Blanqueo de capitales;2022;690
TOTAL NACIONAL;5.8.-Blanqueo de capitales;2021;651
TOTAL NACIONAL;5.8.-Blanqueo de capitales;2020;502
TOTAL NACIONAL;5.8.-Blanqueo de capitales;2019;602
TOTAL NACIONAL;5.8.-Blanqueo de capitales;2018;701
TOTAL NACIONAL;5.9.-Otros contra el patrimonio;2024;24.951
TOTAL NACIONAL;5.9.-Otros contra el patrimonio;2023;22.568
TOTAL NACIONAL;5.9.-Otros contra el patrimonio;2022;21.634
TOTAL NACIONAL;5.9.-Otros contra el patrimonio;2021;20.106
TOTAL NACIONAL;5.9.-Otros contra el patrimonio;2020;20.489
TOTAL NACIONAL;5.9.-Otros contra el patrimonio;2019;10.777
TOTAL NACIONAL;5.9.-Otros contra el patrimonio;2018;10.803
TOTAL NACIONAL;6. SEGURIDAD COLECTIVA;2024;71.706
TOTAL NACIONAL;6. SEGURIDAD COLECTIVA;2023;71.713
TOTAL NACIONAL;6. SEGURIDAD COLECTIVA;2022;70.323
TOTAL NACIONAL;6. SEGURIDAD COLECTIVA;2021;64.341
TOTAL NACIONAL;6. SEGURIDAD COLECTIVA;2020;57.625
TOTAL NACIONAL;6. SEGURIDAD COLECTIVA;2019;61.239
TOTAL NACIONAL;6. SEGURIDAD COLECTIVA;2018;57.327
TOTAL NACIONAL;6.1.-Tráfico de drogas;2024;26.194
TOTAL NACIONAL;6.1.-Tráfico de drogas;2023;26.205
TOTAL NACIONAL;6.1.-Tráfico de drogas;2022;24.029
TOTAL NACIONAL;6.1.-Tráfico de drogas;2021;23.920
TOTAL NACIONAL;6.1.-Tráfico de drogas;2020;22.771
TOTAL NACIONAL;6.1.-Tráfico de drogas;2019;22.888
TOTAL NACIONAL;6.1.-Tráfico de drogas;2018;20.350
TOTAL NACIONAL;6.2.-Contra la seguridad vial;2024;43.129
TOTAL NACIONAL;6.2.-Contra la seguridad vial;2023;43.614
TOTAL NACIONAL;6.2.-Contra la seguridad vial;2022;44.548
TOTAL NACIONAL;6.2.-Contra la seguridad vial;2021;38.996
TOTAL NACIONAL;6.2.-Contra la seguridad vial;2020;33.526
TOTAL NACIONAL;6.2.-Contra la seguridad vial;2019;36.861
TOTAL NACIONAL;6.2.-Contra la seguridad vial;2018;34.894
TOTAL NACIONAL;6.3.-Otros contra la seguridad colectiva;2024;2.383
TOTAL NACIONAL;6.3.-Otros contra la seguridad colectiva;2023;1.894
TOTAL NACIONAL;6.3.-Otros contra la seguridad colectiva;2022;1.746
TOTAL NACIONAL;6.3.-Otros contra la seguridad colectiva;2021;1.425
TOTAL NACIONAL;6.3.-Otros contra la seguridad colectiva;2020;1.328
TOTAL NACIONAL;6.3.-Otros contra la seguridad colectiva;2019;1.490
TOTAL NACIONAL;6.3.-Otros contra la seguridad colectiva;2018;2.083
TOTAL NACIONAL;7. FALSEDADES;2024;11.386
TOTAL NACIONAL;7. FALSEDADES;2023;11.124
TOTAL NACIONAL;7. FALSEDADES;2022;11.132
TOTAL NACIONAL;7. FALSEDADES;2021;11.739
TOTAL NACIONAL;7. FALSEDADES;2020;9.519
TOTAL NACIONAL;7. FALSEDADES;2019;11.288
TOTAL NACIONAL;7. FALSEDADES;2018;11.014
TOTAL NACIONAL;8. ADMÓN. PÚBLICA;2024;395
TOTAL NACIONAL;8. ADMÓN. PÚBLICA;2023;297
TOTAL NACIONAL;8. ADMÓN. PÚBLICA;2022;305
TOTAL NACIONAL;8. ADMÓN. PÚBLICA;2021;370
TOTAL NACIONAL;8. ADMÓN. PÚBLICA;2020;360
TOTAL NACIONAL;8. ADMÓN. PÚBLICA;2019;446
TOTAL NACIONAL;8. ADMÓN. PÚBLICA;2018;693
TOTAL NACIONAL;9. ADMÓN. JUSTICIA;2024;31.785
TOTAL NACIONAL;9. ADMÓN. JUSTICIA;2023;30.648
TOTAL NACIONAL;9. ADMÓN. JUSTICIA;2022;27.099
TOTAL NACIONAL;9. ADMÓN. JUSTICIA;2021;23.892
TOTAL NACIONAL;9. ADMÓN. JUSTICIA;2020;22.722
TOTAL NACIONAL;9. ADMÓN. JUSTICIA;2019;21.416
TOTAL NACIONAL;9. ADMÓN. JUSTICIA;2018;20.045
TOTAL NACIONAL;10. ORDEN PÚBLICO;2024;24.989
TOTAL NACIONAL;10. ORDEN PÚBLICO;2023;24.453
TOTAL NACIONAL;10. ORDEN PÚBLICO;2022;23.444
TOTAL NACIONAL;10. ORDEN PÚBLICO;2021;23.962
TOTAL NACIONAL;10. ORDEN PÚBLICO;2020;27.668
TOTAL NACIONAL;10. ORDEN PÚBLICO;2019;19.712
TOTAL NACIONAL;10. ORDEN PÚBLICO;2018;18.235
TOTAL NACIONAL;11. LEGISLACIÓN ESPECIAL;2024;530
TOTAL NACIONAL;11. LEGISLACIÓN ESPECIAL;2023;433
TOTAL NACIONAL;11. LEGISLACIÓN ESPECIAL;2022;524
TOTAL NACIONAL;11. LEGISLACIÓN ESPECIAL;2021;574
TOTAL NACIONAL;11. LEGISLACIÓN ESPECIAL;2020;585
TOTAL NACIONAL;11. LEGISLACIÓN ESPECIAL;2019;559
TOTAL NACIONAL;11. LEGISLACIÓN ESPECIAL;2018;507
TOTAL NACIONAL;12. OTRAS INFRACCIONES PENALES;2024;6.358
TOTAL NACIONAL;12. OTRAS INFRACCIONES PENALES;2023;6.574
TOTAL NACIONAL;12. OTRAS INFRACCIONES PENALES;2022;5.875
TOTAL NACIONAL;12. OTRAS INFRACCIONES PENALES;2021;5.949
TOTAL NACIONAL;12. OTRAS INFRACCIONES PENALES;2020;5.061
TOTAL NACIONAL;12. OTRAS INFRACCIONES PENALES;2019;6.176
TOTAL NACIONAL;12. OTRAS INFRACCIONES PENALES;2018;5.078
TOTAL NACIONAL;TOTAL INFRACCIONES PENALES;2024;577.107
TOTAL NACIONAL;TOTAL INFRACCIONES PENALES;2023;556.793
TOTAL NACIONAL;TOTAL INFRACCIONES PENALES;2022;508.419
TOTAL NACIONAL;TOTAL INFRACCIONES PENALES;2021;453.222
TOTAL NACIONAL;TOTAL INFRACCIONES PENALES;2020;415.060
TOTAL NACIONAL;TOTAL INFRACCIONES PENALES;2019;411.903
TOTAL NACIONAL;TOTAL INFRACCIONES PENALES;2018;394.824
ANDALUCÍA;1. CONTRA LAS PERSONAS;2024;25.269
ANDALUCÍA;1. CONTRA LAS PERSONAS;2023;24.858
ANDALUCÍA;1. CONTRA LAS PERSONAS;2022;23.249
ANDALUCÍA;1. CONTRA LAS PERSONAS;2021;20.955
ANDALUCÍA;1. CONTRA LAS PERSONAS;2020;19.103
ANDALUCÍA;1. CONTRA LAS PERSONAS;2019;21.349
ANDALUCÍA;1. CONTRA LAS PERSONAS;2018;20.030
ANDALUCÍA;1.1.-Homicidios dolosos/asesinatos;2024;391
ANDALUCÍA;1.1.-Homicidios dolosos/asesinatos;2023;375
ANDALUCÍA;1.1.-Homicidios dolosos/asesinatos;2022;370
ANDALUCÍA;1.1.-Homicidios dolosos/asesinatos;2021;310
ANDALUCÍA;1.1.-Homicidios dolosos/asesinatos;2020;353
ANDALUCÍA;1.1.-Homicidios dolosos/asesinatos;2019;293
ANDALUCÍA;1.1.-Homicidios dolosos/asesinatos;2018;337
ANDALUCÍA;1.1.1.-Homicidios dolosos/asesinatos consumados;2024;116
ANDALUCÍA;1.1.1.-Homicidios dolosos/asesinatos consumados;2023;83
ANDALUCÍA;1.1.1.-Homicidios dolosos/asesinatos consumados;2022;102
ANDALUCÍA;1.1.1.-Homicidios dolosos/asesinatos consumados;2021;69
ANDALUCÍA;1.1.1.-Homicidios dolosos/asesinatos consumados;2020;108
ANDALUCÍA;1.1.1.-Homicidios dolosos/asesinatos consumados;2019;115
ANDALUCÍA;1.1.1.-Homicidios dolosos/asesinatos consumados;2018;105
ANDALUCÍA;1.2.-Lesiones;2024;9.919
ANDALUCÍA;1.2.-Lesiones;2023;9.572
ANDALUCÍA;1.2.-Lesiones;2022;9.098
ANDALUCÍA;1.2.-Lesiones;2021;8.131
ANDALUCÍA;1.2.-Lesiones;2020;6.896
ANDALUCÍA;1.2.-Lesiones;2019;8.861
ANDALUCÍA;1.2.-Lesiones;2018;8.152
ANDALUCÍA;1.3.-Malos tratos ámbito familiar;2024;14.363
ANDALUCÍA;1.3.-Malos tratos ámbito familiar;2023;14.315
ANDALUCÍA;1.3.-Malos tratos ámbito familiar;2022;13.277
ANDALUCÍA;1.3.-Malos tratos ámbito familiar;2021;12.093
ANDALUCÍA;1.3.-Malos tratos ámbito familiar;2020;11.508
ANDALUCÍA;1.3.-Malos tratos ámbito familiar;2019;11.853
ANDALUCÍA;1.3.-Malos tratos ámbito familiar;2018;11.200
ANDALUCÍA;1.4.-Otros contra las personas;2024;596
ANDALUCÍA;1.4.-Otros contra las personas;2023;596
ANDALUCÍA;1.4.-Otros contra las personas;2022;504
ANDALUCÍA;1.4.-Otros contra las personas;2021;421
ANDALUCÍA;1.4.-Otros contra las personas;2020;346
ANDALUCÍA;1.4.-Otros contra las personas;2019;342
ANDALUCÍA;1.4.-Otros contra las personas;2018;341
ANDALUCÍA;2. CONTRA LA LIBERTAD;2024;11.471
ANDALUCÍA;2. CONTRA LA LIBERTAD;2023;11.376
ANDALUCÍA;2. CONTRA LA LIBERTAD;2022;9.785
ANDALUCÍA;2. CONTRA LA LIBERTAD;2021;9.461
ANDALUCÍA;2. CONTRA LA LIBERTAD;2020;9.103
ANDALUCÍA;2. CONTRA LA LIBERTAD;2019;9.618
ANDALUCÍA;2. CONTRA LA LIBERTAD;2018;9.401
ANDALUCÍA;2.1.-Malos tratos habituales en el ámbito familiar;2024;2.233
ANDALUCÍA;2.1.-Malos tratos habituales en el ámbito familiar;2023;2.308
ANDALUCÍA;2.1.-Malos tratos habituales en el ámbito familiar;2022;2.172
ANDALUCÍA;2.1.-Malos tratos habituales en el ámbito familiar;2021;2.169
ANDALUCÍA;2.1.-Malos tratos habituales en el ámbito familiar;2020;2.083
ANDALUCÍA;2.1.-Malos tratos habituales en el ámbito familiar;2019;2.176
ANDALUCÍA;2.1.-Malos tratos habituales en el ámbito familiar;2018;2.120
ANDALUCÍA;2.2.-Otros contra la libertad;2024;9.238
ANDALUCÍA;2.2.-Otros contra la libertad;2023;9.068
ANDALUCÍA;2.2.-Otros contra la libertad;2022;7.613
ANDALUCÍA;2.2.-Otros contra la libertad;2021;7.292
ANDALUCÍA;2.2.-Otros contra la libertad;2020;7.020
ANDALUCÍA;2.2.-Otros contra la libertad;2019;7.442
ANDALUCÍA;2.2.-Otros contra la libertad;2018;7.281
ANDALUCÍA;3. LIBERTAD SEXUAL;2024;2.297
ANDALUCÍA;3. LIBERTAD SEXUAL;2023;2.191
ANDALUCÍA;3. LIBERTAD SEXUAL;2022;1.848
ANDALUCÍA;3. LIBERTAD SEXUAL;2021;1.855
ANDALUCÍA;3. LIBERTAD SEXUAL;2020;1.498
ANDALUCÍA;3. LIBERTAD SEXUAL;2019;1.655
ANDALUCÍA;3. LIBERTAD SEXUAL;2018;1.597
ANDALUCÍA;3.1.-Agresión sexual;2024;1.426
ANDALUCÍA;3.1.-Agresión sexual;2023;1.309
ANDALUCÍA;3.1.-Agresión sexual;2022;1.190
ANDALUCÍA;3.1.-Agresión sexual;2021;1.111
ANDALUCÍA;3.1.-Agresión sexual;2020;851
ANDALUCÍA;3.1.-Agresión sexual;2019;967
ANDALUCÍA;3.1.-Agresión sexual;2018;944
ANDALUCÍA;3.2.-Agresión sexual con penetración;2024;447
ANDALUCÍA;3.2.-Agresión sexual con penetración;2023;446
ANDALUCÍA;3.2.-Agresión sexual con penetración;2022;354
ANDALUCÍA;3.2.-Agresión sexual con penetración;2021;337
ANDALUCÍA;3.2.-Agresión sexual con penetración;2020;289
ANDALUCÍA;3.2.-Agresión sexual con penetración;2019;269
ANDALUCÍA;3.2.-Agresión sexual con penetración;2018;263
ANDALUCÍA;3.3.-Corrupción de menores o incapacitados;2024;25
ANDALUCÍA;3.3.-Corrupción de menores o incapacitados;2023;34
ANDALUCÍA;3.3.-Corrupción de menores o incapacitados;2022;27
ANDALUCÍA;3.3.-Corrupción de menores o incapacitados;2021;44
ANDALUCÍA;3.3.-Corrupción de menores o incapacitados;2020;38
ANDALUCÍA;3.3.-Corrupción de menores o incapacitados;2019;46
ANDALUCÍA;3.3.-Corrupción de menores o incapacitados;2018;40
ANDALUCÍA;3.4.-Pornografía de menores;2024;113
ANDALUCÍA;3.4.-Pornografía de menores;2023;97
ANDALUCÍA;3.4.-Pornografía de menores;2022;63
ANDALUCÍA;3.4.-Pornografía de menores;2021;91
ANDALUCÍA;3.4.-Pornografía de menores;2020;96
ANDALUCÍA;3.4.-Pornografía de menores;2019;90
ANDALUCÍA;3.4.-Pornografía de menores;2018;124
ANDALUCÍA;3.5.-Otros contra la libertad sexual;2024;286
ANDALUCÍA;3.5.-Otros contra la libertad sexual;2023;305
ANDALUCÍA;3.5.-Otros contra la libertad sexual;2022;214
ANDALUCÍA;3.5.-Otros contra la libertad sexual;2021;272
ANDALUCÍA;3.5.-Otros contra la libertad sexual;2020;224
ANDALUCÍA;3.5.-Otros contra la libertad sexual;2019;283
ANDALUCÍA;3.5.-Otros contra la libertad sexual;2018;226
ANDALUCÍA;4. RELACIONES FAMILIARES;2024;311
ANDALUCÍA;4. RELACIONES FAMILIARES;2023;350
ANDALUCÍA;4. RELACIONES FAMILIARES;2022;291
ANDALUCÍA;4. RELACIONES FAMILIARES;2021;291
ANDALUCÍA;4. RELACIONES FAMILIARES;2020;315
ANDALUCÍA;4. RELACIONES FAMILIARES;2019;333
ANDALUCÍA;4. RELACIONES FAMILIARES;2018;380
ANDALUCÍA;5. PATRIMONIO;2024;31.306
ANDALUCÍA;5. PATRIMONIO;2023;31.590
ANDALUCÍA;5. PATRIMONIO;2022;27.828
ANDALUCÍA;5. PATRIMONIO;2021;23.699
ANDALUCÍA;5. PATRIMONIO;2020;22.759
ANDALUCÍA;5. PATRIMONIO;2019;27.651
ANDALUCÍA;5. PATRIMONIO;2018;28.700
ANDALUCÍA;5.1.-Hurtos;2024;11.651
ANDALUCÍA;5.1.-Hurtos;2023;11.531
ANDALUCÍA;5.1.-Hurtos;2022;9.284
ANDALUCÍA;5.1.-Hurtos;2021;7.448
ANDALUCÍA;5.1.-Hurtos;2020;6.542
ANDALUCÍA;5.1.-Hurtos;2019;9.611
ANDALUCÍA;5.1.-Hurtos;2018;10.241
ANDALUCÍA;5.2.-Robos con fuerza en las cosas;2024;5.931
ANDALUCÍA;5.2.-Robos con fuerza en las cosas;2023;6.614
ANDALUCÍA;5.2.-Robos con fuerza en las cosas;2022;5.947
ANDALUCÍA;5.2.-Robos con fuerza en las cosas;2021;5.366
ANDALUCÍA;5.2.-Robos con fuerza en las cosas;2020;5.536
ANDALUCÍA;5.2.-Robos con fuerza en las cosas;2019;5.848
ANDALUCÍA;5.2.-Robos con fuerza en las cosas;2018;6.298
ANDALUCÍA;5.2.1.-Robos con fuerza en las cosas en el interior de vehículos;2024;1.313
ANDALUCÍA;5.2.1.-Robos con fuerza en las cosas en el interior de vehículos;2023;1.557
ANDALUCÍA;5.2.1.-Robos con fuerza en las cosas en el interior de vehículos;2022;1.276
ANDALUCÍA;5.2.1.-Robos con fuerza en las cosas en el interior de vehículos;2021;1.094
ANDALUCÍA;5.2.1.-Robos con fuerza en las cosas en el interior de vehículos;2020;1.068
ANDALUCÍA;5.2.1.-Robos con fuerza en las cosas en el interior de vehículos;2019;1.017
ANDALUCÍA;5.2.1.-Robos con fuerza en las cosas en el interior de vehículos;2018;1.216
ANDALUCÍA;5.2.2.-Robos con fuerza en viviendas;2024;1.697
ANDALUCÍA;5.2.2.-Robos con fuerza en viviendas;2023;1.873
ANDALUCÍA;5.2.2.-Robos con fuerza en viviendas;2022;1.837
ANDALUCÍA;5.2.2.-Robos con fuerza en viviendas;2021;1.735
ANDALUCÍA;5.2.2.-Robos con fuerza en viviendas;2020;1.769
ANDALUCÍA;5.2.2.-Robos con fuerza en viviendas;2019;2.009
ANDALUCÍA;5.2.2.-Robos con fuerza en viviendas;2018;2.099
ANDALUCÍA;5.2.3.-Robos con fuerza en establecimientos;2024;1.408
ANDALUCÍA;5.2.3.-Robos con fuerza en establecimientos;2023;1.600
ANDALUCÍA;5.2.3.-Robos con fuerza en establecimientos;2022;1.390
ANDALUCÍA;5.2.3.-Robos con fuerza en establecimientos;2021;1.270
ANDALUCÍA;5.2.3.-Robos con fuerza en establecimientos;2020;1.399
ANDALUCÍA;5.2.3.-Robos con fuerza en establecimientos;2019;1.513
ANDALUCÍA;5.2.3.-Robos con fuerza en establecimientos;2018;1.563
ANDALUCÍA;5.3.-Robos con violencia o intimidación;2024;3.191
ANDALUCÍA;5.3.-Robos con violencia o intimidación;2023;3.074
ANDALUCÍA;5.3.-Robos con violencia o intimidación;2022;2.906
ANDALUCÍA;5.3.-Robos con violencia o intimidación;2021;2.635
ANDALUCÍA;5.3.-Robos con violencia o intimidación;2020;2.431
ANDALUCÍA;5.3.-Robos con violencia o intimidación;2019;2.807
ANDALUCÍA;5.3.-Robos con violencia o intimidación;2018;2.551
ANDALUCÍA;5.3.1.-Robos con violencia en vía pública;2024;1.741
ANDALUCÍA;5.3.1.-Robos con violencia en vía pública;2023;1.716
ANDALUCÍA;5.3.1.-Robos con violencia en vía pública;2022;1.702
ANDALUCÍA;5.3.1.-Robos con violencia en vía pública;2021;1.578
ANDALUCÍA;5.3.1.-Robos con violencia en vía pública;2020;1.301
ANDALUCÍA;5.3.1.-Robos con violencia en vía pública;2019;1.527
ANDALUCÍA;5.3.1.-Robos con violencia en vía pública;2018;1.344
ANDALUCÍA;5.3.2.-Robos con violencia en viviendas;2024;402
ANDALUCÍA;5.3.2.-Robos con violencia en viviendas;2023;304
ANDALUCÍA;5.3.2.-Robos con violencia en viviendas;2022;306
ANDALUCÍA;5.3.2.-Robos con violencia en viviendas;2021;330
ANDALUCÍA;5.3.2.-Robos con violencia en viviendas;2020;308
ANDALUCÍA;5.3.2.-Robos con violencia en viviendas;2019;319
ANDALUCÍA;5.3.2.-Robos con violencia en viviendas;2018;330
ANDALUCÍA;5.3.3.-Robos con violencia en establecimientos;2024;748
ANDALUCÍA;5.3.3.-Robos con violencia en establecimientos;2023;748
ANDALUCÍA;5.3.3.-Robos con violencia en establecimientos;2022;628
ANDALUCÍA;5.3.3.-Robos con violencia en establecimientos;2021;511
ANDALUCÍA;5.3.3.-Robos con violencia en establecimientos;2020;590
ANDALUCÍA;5.3.3.-Robos con violencia en establecimientos;2019;668
ANDALUCÍA;5.3.3.-Robos con violencia en establecimientos;2018;563
ANDALUCÍA;5.4.-Sustracción de vehículos;2024;1.051
ANDALUCÍA;5.4.-Sustracción de vehículos;2023;850
ANDALUCÍA;5.4.-Sustracción de vehículos;2022;802
ANDALUCÍA;5.4.-Sustracción de vehículos;2021;791
ANDALUCÍA;5.4.-Sustracción de vehículos;2020;762
ANDALUCÍA;5.4.-Sustracción de vehículos;2019;854
ANDALUCÍA;5.4.-Sustracción de vehículos;2018;874
ANDALUCÍA;5.5.-Estafas;2024;3.757
ANDALUCÍA;5.5.-Estafas;2023;3.898
ANDALUCÍA;5.5.-Estafas;2022;3.259
ANDALUCÍA;5.5.-Estafas;2021;2.675
ANDALUCÍA;5.5.-Estafas;2020;2.673
ANDALUCÍA;5.5.-Estafas;2019;3.056
ANDALUCÍA;5.5.-Estafas;2018;2.999
ANDALUCÍA;5.5.1.-Estafas informáticas;2024;2.491
ANDALUCÍA;5.5.1.-Estafas informáticas;2023;2.593
ANDALUCÍA;5.5.1.-Estafas informáticas;2022;1.802
ANDALUCÍA;5.5.1.-Estafas informáticas;2021;1.274
ANDALUCÍA;5.5.1.-Estafas informáticas;2020;1.223
ANDALUCÍA;5.5.1.-Estafas informáticas;2019;875
ANDALUCÍA;5.5.1.-Estafas informáticas;2018;678
ANDALUCÍA;5.6.-Daños;2024;2.038
ANDALUCÍA;5.6.-Daños;2023;2.058
ANDALUCÍA;5.6.-Daños;2022;2.034
ANDALUCÍA;5.6.-Daños;2021;1.774
ANDALUCÍA;5.6.-Daños;2020;1.747
ANDALUCÍA;5.6.-Daños;2019;1.942
ANDALUCÍA;5.6.-Daños;2018;1.834
ANDALUCÍA;5.7.-Contra la propiedad intelectual/industrial;2024;428
ANDALUCÍA;5.7.-Contra la propiedad intelectual/industrial;2023;233
ANDALUCÍA;5.7.-Contra la propiedad intelectual/industrial;2022;208
ANDALUCÍA;5.7.-Contra la propiedad intelectual/industrial;2021;252
ANDALUCÍA;5.7.-Contra la propiedad intelectual/industrial;2020;230
ANDALUCÍA;5.7.-Contra la propiedad intelectual/industrial;2019;485
ANDALUCÍA;5.7.-Contra la propiedad intelectual/industrial;2018;641
ANDALUCÍA;5.8.-Blanqueo de capitales;2024;378
ANDALUCÍA;5.8.-Blanqueo de capitales;2023;272
ANDALUCÍA;5.8.-Blanqueo de capitales;2022;352
ANDALUCÍA;5.8.-Blanqueo de capitales;2021;253
ANDALUCÍA;5.8.-Blanqueo de capitales;2020;241
ANDALUCÍA;5.8.-Blanqueo de capitales;2019;313
ANDALUCÍA;5.8.-Blanqueo de capitales;2018;316
ANDALUCÍA;5.9.-Otros contra el patrimonio;2024;2.881
ANDALUCÍA;5.9.-Otros contra el patrimonio;2023;3.060
ANDALUCÍA;5.9.-Otros contra el patrimonio;2022;3.036
ANDALUCÍA;5.9.-Otros contra el patrimonio;2021;2.505
ANDALUCÍA;5.9.-Otros contra el patrimonio;2020;2.597
ANDALUCÍA;5.9.-Otros contra el patrimonio;2019;2.735
ANDALUCÍA;5.9.-Otros contra el patrimonio;2018;2.946
ANDALUCÍA;6. SEGURIDAD COLECTIVA;2024;15.900
ANDALUCÍA;6. SEGURIDAD COLECTIVA;2023;16.227
ANDALUCÍA;6. SEGURIDAD COLECTIVA;2022;16.066
ANDALUCÍA;6. SEGURIDAD COLECTIVA;2021;16.452
ANDALUCÍA;6. SEGURIDAD COLECTIVA;2020;15.192
ANDALUCÍA;6. SEGURIDAD COLECTIVA;2019;16.087
ANDALUCÍA;6. SEGURIDAD COLECTIVA;2018;14.766
ANDALUCÍA;6.1.-Tráfico de drogas;2024;6.090
ANDALUCÍA;6.1.-Tráfico de drogas;2023;6.431
ANDALUCÍA;6.1.-Tráfico de drogas;2022;6.250
ANDALUCÍA;6.1.-Tráfico de drogas;2021;7.416
ANDALUCÍA;6.1.-Tráfico de drogas;2020;7.134
ANDALUCÍA;6.1.-Tráfico de drogas;2019;6.714
ANDALUCÍA;6.1.-Tráfico de drogas;2018;5.847
ANDALUCÍA;6.2.-Contra la seguridad vial;2024;9.314
ANDALUCÍA;6.2.-Contra la seguridad vial;2023;9.438
ANDALUCÍA;6.2.-Contra la seguridad vial;2022;9.456
ANDALUCÍA;6.2.-Contra la seguridad vial;2021;8.652
ANDALUCÍA;6.2.-Contra la seguridad vial;2020;7.708
ANDALUCÍA;6.2.-Contra la seguridad vial;2019;8.997
ANDALUCÍA;6.2.-Contra la seguridad vial;2018;8.518
ANDALUCÍA;6.3.-Otros contra la seguridad colectiva;2024;496
ANDALUCÍA;6.3.-Otros contra la seguridad colectiva;2023;358
ANDALUCÍA;6.3.-Otros contra la seguridad colectiva;2022;360
ANDALUCÍA;6.3.-Otros contra la seguridad colectiva;2021;384
ANDALUCÍA;6.3.-Otros contra la seguridad colectiva;2020;350
ANDALUCÍA;6.3.-Otros contra la seguridad colectiva;2019;376
ANDALUCÍA;6.3.-Otros contra la seguridad colectiva;2018;401
ANDALUCÍA;7. FALSEDADES;2024;1.823
ANDALUCÍA;7. FALSEDADES;2023;1.977
ANDALUCÍA;7. FALSEDADES;2022;2.001
ANDALUCÍA;7. FALSEDADES;2021;2.100
ANDALUCÍA;7. FALSEDADES;2020;2.077
ANDALUCÍA;7. FALSEDADES;2019;1.737
ANDALUCÍA;7. FALSEDADES;2018;2.013
ANDALUCÍA;8. ADMÓN. PÚBLICA;2024;54
ANDALUCÍA;8. ADMÓN. PÚBLICA;2023;79
ANDALUCÍA;8. ADMÓN. PÚBLICA;2022;104
ANDALUCÍA;8. ADMÓN. PÚBLICA;2021;83
ANDALUCÍA;8. ADMÓN. PÚBLICA;2020;119
ANDALUCÍA;8. ADMÓN. PÚBLICA;2019;152
ANDALUCÍA;8. ADMÓN. PÚBLICA;2018;207
ANDALUCÍA;9. ADMÓN. JUSTICIA;2024;6.073
ANDALUCÍA;9. ADMÓN. JUSTICIA;2023;6.086
ANDALUCÍA;9. ADMÓN. JUSTICIA;2022;5.329
ANDALUCÍA;9. ADMÓN. JUSTICIA;2021;4.719
ANDALUCÍA;9. ADMÓN. JUSTICIA;2020;4.885
ANDALUCÍA;9. ADMÓN. JUSTICIA;2019;4.896
ANDALUCÍA;9. ADMÓN. JUSTICIA;2018;4.666
ANDALUCÍA;10. ORDEN PÚBLICO;2024;4.568
ANDALUCÍA;10. ORDEN PÚBLICO;2023;4.564
ANDALUCÍA;10. ORDEN PÚBLICO;2022;4.522
ANDALUCÍA;10. ORDEN PÚBLICO;2021;4.734
ANDALUCÍA;10. ORDEN PÚBLICO;2020;5.563
ANDALUCÍA;10. ORDEN PÚBLICO;2019;3.954
ANDALUCÍA;10. ORDEN PÚBLICO;2018;3.607
ANDALUCÍA;11. LEGISLACIÓN ESPECIAL;2024;329
ANDALUCÍA;11. LEGISLACIÓN ESPECIAL;2023;208
ANDALUCÍA;11. LEGISLACIÓN ESPECIAL;2022;360
ANDALUCÍA;11. LEGISLACIÓN ESPECIAL;2021;423
ANDALUCÍA;11. LEGISLACIÓN ESPECIAL;2020;418
ANDALUCÍA;11. LEGISLACIÓN ESPECIAL;2019;421
ANDALUCÍA;11. LEGISLACIÓN ESPECIAL;2018;309
ANDALUCÍA;12. OTRAS INFRACCIONES PENALES;2024;1.739
ANDALUCÍA;12. OTRAS INFRACCIONES PENALES;2023;1.704
ANDALUCÍA;12. OTRAS INFRACCIONES PENALES;2022;1.695
ANDALUCÍA;12. OTRAS INFRACCIONES PENALES;2021;1.799
ANDALUCÍA;12. OTRAS INFRACCIONES PENALES;2020;1.633
ANDALUCÍA;12. OTRAS INFRACCIONES PENALES;2019;1.876
ANDALUCÍA;12. OTRAS INFRACCIONES PENALES;2018;1.523
ANDALUCÍA;TOTAL INFRACCIONES PENALES;2024;101.140
ANDALUCÍA;TOTAL INFRACCIONES PENALES;2023;101.210
ANDALUCÍA;TOTAL INFRACCIONES PENALES;2022;93.078
ANDALUCÍA;TOTAL INFRACCIONES PENALES;2021;86.571
ANDALUCÍA;TOTAL INFRACCIONES PENALES;2020;82.665
ANDALUCÍA;TOTAL INFRACCIONES PENALES;2019;89.729
ANDALUCÍA;TOTAL INFRACCIONES PENALES;2018;87.199
ARAGÓN;1. CONTRA LAS PERSONAS;2024;4.162
ARAGÓN;1. CONTRA LAS PERSONAS;2023;3.880
ARAGÓN;1. CONTRA LAS PERSONAS;2022;3.576
ARAGÓN;1. CONTRA LAS PERSONAS;2021;2.750
ARAGÓN;1. CONTRA LAS PERSONAS;2020;2.674
ARAGÓN;1. CONTRA LAS PERSONAS;2019;2.957
ARAGÓN;1. CONTRA LAS PERSONAS;2018;2.796
ARAGÓN;1.1.-Homicidios dolosos/asesinatos;2024;41
ARAGÓN;1.1.-Homicidios dolosos/asesinatos;2023;51
ARAGÓN;1.1.-Homicidios dolosos/asesinatos;2022;55
ARAGÓN;1.1.-Homicidios dolosos/asesinatos;2021;21
ARAGÓN;1.1.-Homicidios dolosos/asesinatos;2020;41
ARAGÓN;1.1.-Homicidios dolosos/asesinatos;2019;18
ARAGÓN;1.1.-Homicidios dolosos/asesinatos;2018;12
ARAGÓN;1.1.1.-Homicidios dolosos/asesinatos consumados;2024;7
ARAGÓN;1.1.1.-Homicidios dolosos/asesinatos consumados;2023;12
ARAGÓN;1.1.1.-Homicidios dolosos/asesinatos consumados;2022;15
ARAGÓN;1.1.1.-Homicidios dolosos/asesinatos consumados;2021;6
ARAGÓN;1.1.1.-Homicidios dolosos/asesinatos consumados;2020;4
ARAGÓN;1.1.1.-Homicidios dolosos/asesinatos consumados;2019;8
ARAGÓN;1.1.1.-Homicidios dolosos/asesinatos consumados;2018;7
ARAGÓN;1.2.-Lesiones;2024;1.172
ARAGÓN;1.2.-Lesiones;2023;1.142
ARAGÓN;1.2.-Lesiones;2022;1.235
ARAGÓN;1.2.-Lesiones;2021;872
ARAGÓN;1.2.-Lesiones;2020;774
ARAGÓN;1.2.-Lesiones;2019;1.023
ARAGÓN;1.2.-Lesiones;2018;899
ARAGÓN;1.3.-Malos tratos ámbito familiar;2024;2.812
ARAGÓN;1.3.-Malos tratos ámbito familiar;2023;2.545
ARAGÓN;1.3.-Malos tratos ámbito familiar;2022;2.180
ARAGÓN;1.3.-Malos tratos ámbito familiar;2021;1.755
ARAGÓN;1.3.-Malos tratos ámbito familiar;2020;1.773
ARAGÓN;1.3.-Malos tratos ámbito familiar;2019;1.877
ARAGÓN;1.3.-Malos tratos ámbito familiar;2018;1.798
ARAGÓN;1.4.-Otros contra las personas;2024;137
ARAGÓN;1.4.-Otros contra las personas;2023;142
ARAGÓN;1.4.-Otros contra las personas;2022;106
ARAGÓN;1.4.-Otros contra las personas;2021;102
ARAGÓN;1.4.-Otros contra las personas;2020;86
ARAGÓN;1.4.-Otros contra las personas;2019;39
ARAGÓN;1.4.-Otros contra las personas;2018;87
ARAGÓN;2. CONTRA LA LIBERTAD;2024;1.554
ARAGÓN;2. CONTRA LA LIBERTAD;2023;1.406
ARAGÓN;2. CONTRA LA LIBERTAD;2022;1.262
ARAGÓN;2. CONTRA LA LIBERTAD;2021;1.152
ARAGÓN;2. CONTRA LA LIBERTAD;2020;1.047
ARAGÓN;2. CONTRA LA LIBERTAD;2019;1.095
ARAGÓN;2. CONTRA LA LIBERTAD;2018;994
ARAGÓN;2.1.-Malos tratos habituales en el ámbito familiar;2024;268
ARAGÓN;2.1.-Malos tratos habituales en el ámbito familiar;2023;257
ARAGÓN;2.1.-Malos tratos habituales en el ámbito familiar;2022;240
ARAGÓN;2.1.-Malos tratos habituales en el ámbito familiar;2021;265
ARAGÓN;2.1.-Malos tratos habituales en el ámbito familiar;2020;246
ARAGÓN;2.1.-Malos tratos habituales en el ámbito familiar;2019;241
ARAGÓN;2.1.-Malos tratos habituales en el ámbito familiar;2018;249
ARAGÓN;2.2.-Otros contra la libertad;2024;1.286
ARAGÓN;2.2.-Otros contra la libertad;2023;1.149
ARAGÓN;2.2.-Otros contra la libertad;2022;1.022
ARAGÓN;2.2.-Otros contra la libertad;2021;887
ARAGÓN;2.2.-Otros contra la libertad;2020;801
ARAGÓN;2.2.-Otros contra la libertad;2019;854
ARAGÓN;2.2.-Otros contra la libertad;2018;745
ARAGÓN;3. LIBERTAD SEXUAL;2024;351
ARAGÓN;3. LIBERTAD SEXUAL;2023;326
ARAGÓN;3. LIBERTAD SEXUAL;2022;320
ARAGÓN;3. LIBERTAD SEXUAL;2021;317
ARAGÓN;3. LIBERTAD SEXUAL;2020;224
ARAGÓN;3. LIBERTAD SEXUAL;2019;230
ARAGÓN;3. LIBERTAD SEXUAL;2018;200
ARAGÓN;3.1.-Agresión sexual;2024;214
ARAGÓN;3.1.-Agresión sexual;2023;205
ARAGÓN;3.1.-Agresión sexual;2022;183
ARAGÓN;3.1.-Agresión sexual;2021;165
ARAGÓN;3.1.-Agresión sexual;2020;121
ARAGÓN;3.1.-Agresión sexual;2019;142
ARAGÓN;3.1.-Agresión sexual;2018;117
ARAGÓN;3.2.-Agresión sexual con penetración;2024;67
ARAGÓN;3.2.-Agresión sexual con penetración;2023;67
ARAGÓN;3.2.-Agresión sexual con penetración;2022;80
ARAGÓN;3.2.-Agresión sexual con penetración;2021;92
ARAGÓN;3.2.-Agresión sexual con penetración;2020;57
ARAGÓN;3.2.-Agresión sexual con penetración;2019;35
ARAGÓN;3.2.-Agresión sexual con penetración;2018;39
ARAGÓN;3.3.-Corrupción de menores o incapacitados;2024;13
ARAGÓN;3.3.-Corrupción de menores o incapacitados;2023;5
ARAGÓN;3.3.-Corrupción de menores o incapacitados;2022;6
ARAGÓN;3.3.-Corrupción de menores o incapacitados;2021;5
ARAGÓN;3.3.-Corrupción de menores o incapacitados;2020;6
ARAGÓN;3.3.-Corrupción de menores o incapacitados;2019;5
ARAGÓN;3.3.-Corrupción de menores o incapacitados;2018;3
ARAGÓN;3.4.-Pornografía de menores;2024;24
ARAGÓN;3.4.-Pornografía de menores;2023;16
ARAGÓN;3.4.-Pornografía de menores;2022;12
ARAGÓN;3.4.-Pornografía de menores;2021;20
ARAGÓN;3.4.-Pornografía de menores;2020;14
ARAGÓN;3.4.-Pornografía de menores;2019;22
ARAGÓN;3.4.-Pornografía de menores;2018;19
ARAGÓN;3.5.-Otros contra la libertad sexual;2024;33
ARAGÓN;3.5.-Otros contra la libertad sexual;2023;33
ARAGÓN;3.5.-Otros contra la libertad sexual;2022;39
ARAGÓN;3.5.-Otros contra la libertad sexual;2021;35
ARAGÓN;3.5.-Otros contra la libertad sexual;2020;26
ARAGÓN;3.5.-Otros contra la libertad sexual;2019;26
ARAGÓN;3.5.-Otros contra la libertad sexual;2018;22
ARAGÓN;4. RELACIONES FAMILIARES;2024;36
ARAGÓN;4. RELACIONES FAMILIARES;2023;30
ARAGÓN;4. RELACIONES FAMILIARES;2022;25
ARAGÓN;4. RELACIONES FAMILIARES;2021;23
ARAGÓN;4. RELACIONES FAMILIARES;2020;20
ARAGÓN;4. RELACIONES FAMILIARES;2019;27
ARAGÓN;4. RELACIONES FAMILIARES;2018;34
ARAGÓN;5. PATRIMONIO;2024;4.148
ARAGÓN;5. PATRIMONIO;2023;3.463
ARAGÓN;5. PATRIMONIO;2022;3.482
ARAGÓN;5. PATRIMONIO;2021;2.964
ARAGÓN;5. PATRIMONIO;2020;2.987
ARAGÓN;5. PATRIMONIO;2019;3.576
ARAGÓN;5. PATRIMONIO;2018;3.249
ARAGÓN;5.1.-Hurtos;2024;1.242
ARAGÓN;5.1.-Hurtos;2023;928
ARAGÓN;5.1.-Hurtos;2022;894
ARAGÓN;5.1.-Hurtos;2021;683
ARAGÓN;5.1.-Hurtos;2020;828
ARAGÓN;5.1.-Hurtos;2019;1.218
ARAGÓN;5.1.-Hurtos;2018;1.267
ARAGÓN;5.2.-Robos con fuerza en las cosas;2024;814
ARAGÓN;5.2.-Robos con fuerza en las cosas;2023;689
ARAGÓN;5.2.-Robos con fuerza en las cosas;2022;757
ARAGÓN;5.2.-Robos con fuerza en las cosas;2021;751
ARAGÓN;5.2.-Robos con fuerza en las cosas;2020;771
ARAGÓN;5.2.-Robos con fuerza en las cosas;2019;748
ARAGÓN;5.2.-Robos con fuerza en las cosas;2018;554
ARAGÓN;5.2.1.-Robos con fuerza en las cosas en el interior de vehículos;2024;98
ARAGÓN;5.2.1.-Robos con fuerza en las cosas en el interior de vehículos;2023;87
ARAGÓN;5.2.1.-Robos con fuerza en las cosas en el interior de vehículos;2022;113
ARAGÓN;5.2.1.-Robos con fuerza en las cosas en el interior de vehículos;2021;121
ARAGÓN;5.2.1.-Robos con fuerza en las cosas en el interior de vehículos;2020;79
ARAGÓN;5.2.1.-Robos con fuerza en las cosas en el interior de vehículos;2019;106
ARAGÓN;5.2.1.-Robos con fuerza en las cosas en el interior de vehículos;2018;82
ARAGÓN;5.2.2.-Robos con fuerza en viviendas;2024;258
ARAGÓN;5.2.2.-Robos con fuerza en viviendas;2023;210
ARAGÓN;5.2.2.-Robos con fuerza en viviendas;2022;198
ARAGÓN;5.2.2.-Robos con fuerza en viviendas;2021;197
ARAGÓN;5.2.2.-Robos con fuerza en viviendas;2020;257
ARAGÓN;5.2.2.-Robos con fuerza en viviendas;2019;252
ARAGÓN;5.2.2.-Robos con fuerza en viviendas;2018;174
ARAGÓN;5.2.3.-Robos con fuerza en establecimientos;2024;172
ARAGÓN;5.2.3.-Robos con fuerza en establecimientos;2023;197
ARAGÓN;5.2.3.-Robos con fuerza en establecimientos;2022;249
ARAGÓN;5.2.3.-Robos con fuerza en establecimientos;2021;236
ARAGÓN;5.2.3.-Robos con fuerza en establecimientos;2020;309
ARAGÓN;5.2.3.-Robos con fuerza en establecimientos;2019;207
ARAGÓN;5.2.3.-Robos con fuerza en establecimientos;2018;111
ARAGÓN;5.3.-Robos con violencia o intimidación;2024;800
ARAGÓN;5.3.-Robos con violencia o intimidación;2023;586
ARAGÓN;5.3.-Robos con violencia o intimidación;2022;673
ARAGÓN;5.3.-Robos con violencia o intimidación;2021;538
ARAGÓN;5.3.-Robos con violencia o intimidación;2020;400
ARAGÓN;5.3.-Robos con violencia o intimidación;2019;463
ARAGÓN;5.3.-Robos con violencia o intimidación;2018;426
ARAGÓN;5.3.1.-Robos con violencia en vía pública;2024;509
ARAGÓN;5.3.1.-Robos con violencia en vía pública;2023;360
ARAGÓN;5.3.1.-Robos con violencia en vía pública;2022;474
ARAGÓN;5.3.1.-Robos con violencia en vía pública;2021;351
ARAGÓN;5.3.1.-Robos con violencia en vía pública;2020;268
ARAGÓN;5.3.1.-Robos con violencia en vía pública;2019;292
ARAGÓN;5.3.1.-Robos con violencia en vía pública;2018;243
ARAGÓN;5.3.2.-Robos con violencia en viviendas;2024;61
ARAGÓN;5.3.2.-Robos con violencia en viviendas;2023;23
ARAGÓN;5.3.2.-Robos con violencia en viviendas;2022;23
ARAGÓN;5.3.2.-Robos con violencia en viviendas;2021;27
ARAGÓN;5.3.2.-Robos con violencia en viviendas;2020;18
ARAGÓN;5.3.2.-Robos con violencia en viviendas;2019;30
ARAGÓN;5.3.2.-Robos con violencia en viviendas;2018;26
ARAGÓN;5.3.3.-Robos con violencia en establecimientos;2024;195
ARAGÓN;5.3.3.-Robos con violencia en establecimientos;2023;154
ARAGÓN;5.3.3.-Robos con violencia en establecimientos;2022;131
ARAGÓN;5.3.3.-Robos con violencia en establecimientos;2021;114
ARAGÓN;5.3.3.-Robos con violencia en establecimientos;2020;83
ARAGÓN;5.3.3.-Robos con violencia en establecimientos;2019;103
ARAGÓN;5.3.3.-Robos con violencia en establecimientos;2018;106
ARAGÓN;5.4.-Sustracción de vehículos;2024;53
ARAGÓN;5.4.-Sustracción de vehículos;2023;38
ARAGÓN;5.4.-Sustracción de vehículos;2022;40
ARAGÓN;5.4.-Sustracción de vehículos;2021;55
ARAGÓN;5.4.-Sustracción de vehículos;2020;38
ARAGÓN;5.4.-Sustracción de vehículos;2019;35
ARAGÓN;5.4.-Sustracción de vehículos;2018;47
ARAGÓN;5.5.-Estafas;2024;605
ARAGÓN;5.5.-Estafas;2023;607
ARAGÓN;5.5.-Estafas;2022;467
ARAGÓN;5.5.-Estafas;2021;350
ARAGÓN;5.5.-Estafas;2020;339
ARAGÓN;5.5.-Estafas;2019;486
ARAGÓN;5.5.-Estafas;2018;360
ARAGÓN;5.5.1.-Estafas informáticas;2024;387
ARAGÓN;5.5.1.-Estafas informáticas;2023;386
ARAGÓN;5.5.1.-Estafas informáticas;2022;231
ARAGÓN;5.5.1.-Estafas informáticas;2021;193
ARAGÓN;5.5.1.-Estafas informáticas;2020;163
ARAGÓN;5.5.1.-Estafas informáticas;2019;209
ARAGÓN;5.5.1.-Estafas informáticas;2018;42
ARAGÓN;5.6.-Daños;2024;353
ARAGÓN;5.6.-Daños;2023;323
ARAGÓN;5.6.-Daños;2022;357
ARAGÓN;5.6.-Daños;2021;341
ARAGÓN;5.6.-Daños;2020;359
ARAGÓN;5.6.-Daños;2019;295
ARAGÓN;5.6.-Daños;2018;315
ARAGÓN;5.7.-Contra la propiedad intelectual/industrial;2024;19
ARAGÓN;5.7.-Contra la propiedad intelectual/industrial;2023;18
ARAGÓN;5.7.-Contra la propiedad intelectual/industrial;2022;30
ARAGÓN;5.7.-Contra la propiedad intelectual/industrial;2021;17
ARAGÓN;5.7.-Contra la propiedad intelectual/industrial;2020;8
ARAGÓN;5.7.-Contra la propiedad intelectual/industrial;2019;37
ARAGÓN;5.7.-Contra la propiedad intelectual/industrial;2018;14
ARAGÓN;5.8.-Blanqueo de capitales;2024;1
ARAGÓN;5.8.-Blanqueo de capitales;2023;3
ARAGÓN;5.8.-Blanqueo de capitales;2022;5
ARAGÓN;5.8.-Blanqueo de capitales;2021;0
ARAGÓN;5.8.-Blanqueo de capitales;2020;2
ARAGÓN;5.8.-Blanqueo de capitales;2019;0
ARAGÓN;5.8.-Blanqueo de capitales;2018;11
ARAGÓN;5.9.-Otros contra el patrimonio;2024;261
ARAGÓN;5.9.-Otros contra el patrimonio;2023;271
ARAGÓN;5.9.-Otros contra el patrimonio;2022;259
ARAGÓN;5.9.-Otros contra el patrimonio;2021;229
ARAGÓN;5.9.-Otros contra el patrimonio;2020;242
ARAGÓN;5.9.-Otros contra el patrimonio;2019;294
ARAGÓN;5.9.-Otros contra el patrimonio;2018;255
ARAGÓN;6. SEGURIDAD COLECTIVA;2024;1.656
ARAGÓN;6. SEGURIDAD COLECTIVA;2023;1.752
ARAGÓN;6. SEGURIDAD COLECTIVA;2022;1.715
ARAGÓN;6. SEGURIDAD COLECTIVA;2021;1.500
ARAGÓN;6. SEGURIDAD COLECTIVA;2020;1.194
ARAGÓN;6. SEGURIDAD COLECTIVA;2019;1.413
ARAGÓN;6. SEGURIDAD COLECTIVA;2018;1.333
ARAGÓN;6.1.-Tráfico de drogas;2024;662
ARAGÓN;6.1.-Tráfico de drogas;2023;727
ARAGÓN;6.1.-Tráfico de drogas;2022;605
ARAGÓN;6.1.-Tráfico de drogas;2021;605
ARAGÓN;6.1.-Tráfico de drogas;2020;475
ARAGÓN;6.1.-Tráfico de drogas;2019;513
ARAGÓN;6.1.-Tráfico de drogas;2018;518
ARAGÓN;6.2.-Contra la seguridad vial;2024;968
ARAGÓN;6.2.-Contra la seguridad vial;2023;925
ARAGÓN;6.2.-Contra la seguridad vial;2022;1.058
ARAGÓN;6.2.-Contra la seguridad vial;2021;880
ARAGÓN;6.2.-Contra la seguridad vial;2020;707
ARAGÓN;6.2.-Contra la seguridad vial;2019;873
ARAGÓN;6.2.-Contra la seguridad vial;2018;745
ARAGÓN;6.3.-Otros contra la seguridad colectiva;2024;26
ARAGÓN;6.3.-Otros contra la seguridad colectiva;2023;100
ARAGÓN;6.3.-Otros contra la seguridad colectiva;2022;52
ARAGÓN;6.3.-Otros contra la seguridad colectiva;2021;15
ARAGÓN;6.3.-Otros contra la seguridad colectiva;2020;12
ARAGÓN;6.3.-Otros contra la seguridad colectiva;2019;27
ARAGÓN;6.3.-Otros contra la seguridad colectiva;2018;70
ARAGÓN;7. FALSEDADES;2024;275
ARAGÓN;7. FALSEDADES;2023;255
ARAGÓN;7. FALSEDADES;2022;274
ARAGÓN;7. FALSEDADES;2021;265
ARAGÓN;7. FALSEDADES;2020;212
ARAGÓN;7. FALSEDADES;2019;217
ARAGÓN;7. FALSEDADES;2018;203
ARAGÓN;8. ADMÓN. PÚBLICA;2024;15
ARAGÓN;8. ADMÓN. PÚBLICA;2023;7
ARAGÓN;8. ADMÓN. PÚBLICA;2022;15
ARAGÓN;8. ADMÓN. PÚBLICA;2021;3
ARAGÓN;8. ADMÓN. PÚBLICA;2020;6
ARAGÓN;8. ADMÓN. PÚBLICA;2019;3
ARAGÓN;8. ADMÓN. PÚBLICA;2018;4
ARAGÓN;9. ADMÓN. JUSTICIA;2024;876
ARAGÓN;9. ADMÓN. JUSTICIA;2023;789
ARAGÓN;9. ADMÓN. JUSTICIA;2022;651
ARAGÓN;9. ADMÓN. JUSTICIA;2021;527
ARAGÓN;9. ADMÓN. JUSTICIA;2020;549
ARAGÓN;9. ADMÓN. JUSTICIA;2019;596
ARAGÓN;9. ADMÓN. JUSTICIA;2018;574
ARAGÓN;10. ORDEN PÚBLICO;2024;858
ARAGÓN;10. ORDEN PÚBLICO;2023;843
ARAGÓN;10. ORDEN PÚBLICO;2022;800
ARAGÓN;10. ORDEN PÚBLICO;2021;704
ARAGÓN;10. ORDEN PÚBLICO;2020;839
ARAGÓN;10. ORDEN PÚBLICO;2019;600
ARAGÓN;10. ORDEN PÚBLICO;2018;500
ARAGÓN;11. LEGISLACIÓN ESPECIAL;2024;9
ARAGÓN;11. LEGISLACIÓN ESPECIAL;2023;1
ARAGÓN;11. LEGISLACIÓN ESPECIAL;2022;0
ARAGÓN;11. LEGISLACIÓN ESPECIAL;2021;0
ARAGÓN;11. LEGISLACIÓN ESPECIAL;2020;2
ARAGÓN;11. LEGISLACIÓN ESPECIAL;2019;1
ARAGÓN;11. LEGISLACIÓN ESPECIAL;2018;2
ARAGÓN;12. OTRAS INFRACCIONES PENALES;2024;198
ARAGÓN;12. OTRAS INFRACCIONES PENALES;2023;141
ARAGÓN;12. OTRAS INFRACCIONES PENALES;2022;129
ARAGÓN;12. OTRAS INFRACCIONES PENALES;2021;119
ARAGÓN;12. OTRAS INFRACCIONES PENALES;2020;122
ARAGÓN;12. OTRAS INFRACCIONES PENALES;2019;176
ARAGÓN;12. OTRAS INFRACCIONES PENALES;2018;159
ARAGÓN;TOTAL INFRACCIONES PENALES;2024;14.138
ARAGÓN;TOTAL INFRACCIONES PENALES;2023;12.893
ARAGÓN;TOTAL INFRACCIONES PENALES;2022;12.249
ARAGÓN;TOTAL INFRACCIONES PENALES;2021;10.324
ARAGÓN;TOTAL INFRACCIONES PENALES;2020;9.876
ARAGÓN;TOTAL INFRACCIONES PENALES;2019;10.891
ARAGÓN;TOTAL INFRACCIONES PENALES;2018;10.048
ASTURIAS (PRINCIPADO DE);1. CONTRA LAS PERSONAS;2024;2.902
ASTURIAS (PRINCIPADO DE);1. CONTRA LAS PERSONAS;2023;2.785
ASTURIAS (PRINCIPADO DE);1. CONTRA LAS PERSONAS;2022;2.501
ASTURIAS (PRINCIPADO DE);1. CONTRA LAS PERSONAS;2021;2.286
ASTURIAS (PRINCIPADO DE);1. CONTRA LAS PERSONAS;2020;2.052
ASTURIAS (PRINCIPADO DE);1. CONTRA LAS PERSONAS;2019;2.330
ASTURIAS (PRINCIPADO DE);1. CONTRA LAS PERSONAS;2018;2.132
ASTURIAS (PRINCIPADO DE);1.1.-Homicidios dolosos/asesinatos;2024;26
ASTURIAS (PRINCIPADO DE);1.1.-Homicidios dolosos/asesinatos;2023;20
ASTURIAS (PRINCIPADO DE);1.1.-Homicidios dolosos/asesinatos;2022;22
ASTURIAS (PRINCIPADO DE);1.1.-Homicidios dolosos/asesinatos;2021;9
ASTURIAS (PRINCIPADO DE);1.1.-Homicidios dolosos/asesinatos;2020;15
ASTURIAS (PRINCIPADO DE);1.1.-Homicidios dolosos/asesinatos;2019;30
ASTURIAS (PRINCIPADO DE);1.1.-Homicidios dolosos/asesinatos;2018;18
ASTURIAS (PRINCIPADO DE);1.1.1.-Homicidios dolosos/asesinatos consumados;2024;13
ASTURIAS (PRINCIPADO DE);1.1.1.-Homicidios dolosos/asesinatos consumados;2023;7
ASTURIAS (PRINCIPADO DE);1.1.1.-Homicidios dolosos/asesinatos consumados;2022;6
ASTURIAS (PRINCIPADO DE);1.1.1.-Homicidios dolosos/asesinatos consumados;2021;1
ASTURIAS (PRINCIPADO DE);1.1.1.-Homicidios dolosos/asesinatos consumados;2020;7
ASTURIAS (PRINCIPADO DE);1.1.1.-Homicidios dolosos/asesinatos consumados;2019;9
ASTURIAS (PRINCIPADO DE);1.1.1.-Homicidios dolosos/asesinatos consumados;2018;10
ASTURIAS (PRINCIPADO DE);1.2.-Lesiones;2024;1.036
ASTURIAS (PRINCIPADO DE);1.2.-Lesiones;2023;1.082
ASTURIAS (PRINCIPADO DE);1.2.-Lesiones;2022;1.063
ASTURIAS (PRINCIPADO DE);1.2.-Lesiones;2021;984
ASTURIAS (PRINCIPADO DE);1.2.-Lesiones;2020;766
ASTURIAS (PRINCIPADO DE);1.2.-Lesiones;2019;1.065
ASTURIAS (PRINCIPADO DE);1.2.-Lesiones;2018;980
ASTURIAS (PRINCIPADO DE);1.3.-Malos tratos ámbito familiar;2024;1.795
ASTURIAS (PRINCIPADO DE);1.3.-Malos tratos ámbito familiar;2023;1.650
ASTURIAS (PRINCIPADO DE);1.3.-Malos tratos ámbito familiar;2022;1.377
ASTURIAS (PRINCIPADO DE);1.3.-Malos tratos ámbito familiar;2021;1.259
ASTURIAS (PRINCIPADO DE);1.3.-Malos tratos ámbito familiar;2020;1.238
ASTURIAS (PRINCIPADO DE);1.3.-Malos tratos ámbito familiar;2019;1.207
ASTURIAS (PRINCIPADO DE);1.3.-Malos tratos ámbito familiar;2018;1.112
ASTURIAS (PRINCIPADO DE);1.4.-Otros contra las personas;2024;45
ASTURIAS (PRINCIPADO DE);1.4.-Otros contra las personas;2023;33
ASTURIAS (PRINCIPADO DE);1.4.-Otros contra las personas;2022;39
ASTURIAS (PRINCIPADO DE);1.4.-Otros contra las personas;2021;34
ASTURIAS (PRINCIPADO DE);1.4.-Otros contra las personas;2020;33
ASTURIAS (PRINCIPADO DE);1.4.-Otros contra las personas;2019;28
ASTURIAS (PRINCIPADO DE);1.4.-Otros contra las personas;2018;22
ASTURIAS (PRINCIPADO DE);2. CONTRA LA LIBERTAD;2024;1.015
ASTURIAS (PRINCIPADO DE);2. CONTRA LA LIBERTAD;2023;1.133
ASTURIAS (PRINCIPADO DE);2. CONTRA LA LIBERTAD;2022;1.003
ASTURIAS (PRINCIPADO DE);2. CONTRA LA LIBERTAD;2021;881
ASTURIAS (PRINCIPADO DE);2. CONTRA LA LIBERTAD;2020;840
ASTURIAS (PRINCIPADO DE);2. CONTRA LA LIBERTAD;2019;958
ASTURIAS (PRINCIPADO DE);2. CONTRA LA LIBERTAD;2018;865
ASTURIAS (PRINCIPADO DE);2.1.-Malos tratos habituales en el ámbito familiar;2024;82
ASTURIAS (PRINCIPADO DE);2.1.-Malos tratos habituales en el ámbito familiar;2023;82
ASTURIAS (PRINCIPADO DE);2.1.-Malos tratos habituales en el ámbito familiar;2022;91
ASTURIAS (PRINCIPADO DE);2.1.-Malos tratos habituales en el ámbito familiar;2021;76
ASTURIAS (PRINCIPADO DE);2.1.-Malos tratos habituales en el ámbito familiar;2020;63
ASTURIAS (PRINCIPADO DE);2.1.-Malos tratos habituales en el ámbito familiar;2019;99
ASTURIAS (PRINCIPADO DE);2.1.-Malos tratos habituales en el ámbito familiar;2018;101
ASTURIAS (PRINCIPADO DE);2.2.-Otros contra la libertad;2024;933
ASTURIAS (PRINCIPADO DE);2.2.-Otros contra la libertad;2023;1.051
ASTURIAS (PRINCIPADO DE);2.2.-Otros contra la libertad;2022;912
ASTURIAS (PRINCIPADO DE);2.2.-Otros contra la libertad;2021;805
ASTURIAS (PRINCIPADO DE);2.2.-Otros contra la libertad;2020;777
ASTURIAS (PRINCIPADO DE);2.2.-Otros contra la libertad;2019;859
ASTURIAS (PRINCIPADO DE);2.2.-Otros contra la libertad;2018;764
ASTURIAS (PRINCIPADO DE);3. LIBERTAD SEXUAL;2024;241
ASTURIAS (PRINCIPADO DE);3. LIBERTAD SEXUAL;2023;250
ASTURIAS (PRINCIPADO DE);3. LIBERTAD SEXUAL;2022;186
ASTURIAS (PRINCIPADO DE);3. LIBERTAD SEXUAL;2021;190
ASTURIAS (PRINCIPADO DE);3. LIBERTAD SEXUAL;2020;145
ASTURIAS (PRINCIPADO DE);3. LIBERTAD SEXUAL;2019;152
ASTURIAS (PRINCIPADO DE);3. LIBERTAD SEXUAL;2018;143
ASTURIAS (PRINCIPADO DE);3.1.-Agresión sexual;2024;143
ASTURIAS (PRINCIPADO DE);3.1.-Agresión sexual;2023;151
ASTURIAS (PRINCIPADO DE);3.1.-Agresión sexual;2022;117
ASTURIAS (PRINCIPADO DE);3.1.-Agresión sexual;2021;89
ASTURIAS (PRINCIPADO DE);3.1.-Agresión sexual;2020;89
ASTURIAS (PRINCIPADO DE);3.1.-Agresión sexual;2019;97
ASTURIAS (PRINCIPADO DE);3.1.-Agresión sexual;2018;81
ASTURIAS (PRINCIPADO DE);3.2.-Agresión sexual con penetración;2024;50
ASTURIAS (PRINCIPADO DE);3.2.-Agresión sexual con penetración;2023;57
ASTURIAS (PRINCIPADO DE);3.2.-Agresión sexual con penetración;2022;41
ASTURIAS (PRINCIPADO DE);3.2.-Agresión sexual con penetración;2021;57
ASTURIAS (PRINCIPADO DE);3.2.-Agresión sexual con penetración;2020;39
ASTURIAS (PRINCIPADO DE);3.2.-Agresión sexual con penetración;2019;25
ASTURIAS (PRINCIPADO DE);3.2.-Agresión sexual con penetración;2018;23
ASTURIAS (PRINCIPADO DE);3.3.-Corrupción de menores o incapacitados;2024;10
ASTURIAS (PRINCIPADO DE);3.3.-Corrupción de menores o incapacitados;2023;5
ASTURIAS (PRINCIPADO DE);3.3.-Corrupción de menores o incapacitados;2022;4
ASTURIAS (PRINCIPADO DE);3.3.-Corrupción de menores o incapacitados;2021;6
ASTURIAS (PRINCIPADO DE);3.3.-Corrupción de menores o incapacitados;2020;1
ASTURIAS (PRINCIPADO DE);3.3.-Corrupción de menores o incapacitados;2019;2
ASTURIAS (PRINCIPADO DE);3.3.-Corrupción de menores o incapacitados;2018;3
ASTURIAS (PRINCIPADO DE);3.4.-Pornografía de menores;2024;10
ASTURIAS (PRINCIPADO DE);3.4.-Pornografía de menores;2023;12
ASTURIAS (PRINCIPADO DE);3.4.-Pornografía de menores;2022;7
ASTURIAS (PRINCIPADO DE);3.4.-Pornografía de menores;2021;14
ASTURIAS (PRINCIPADO DE);3.4.-Pornografía de menores;2020;5
ASTURIAS (PRINCIPADO DE);3.4.-Pornografía de menores;2019;9
ASTURIAS (PRINCIPADO DE);3.4.-Pornografía de menores;2018;10
ASTURIAS (PRINCIPADO DE);3.5.-Otros contra la libertad sexual;2024;28
ASTURIAS (PRINCIPADO DE);3.5.-Otros contra la libertad sexual;2023;25
ASTURIAS (PRINCIPADO DE);3.5.-Otros contra la libertad sexual;2022;17
ASTURIAS (PRINCIPADO DE);3.5.-Otros contra la libertad sexual;2021;24
ASTURIAS (PRINCIPADO DE);3.5.-Otros contra la libertad sexual;2020;11
ASTURIAS (PRINCIPADO DE);3.5.-Otros contra la libertad sexual;2019;19
ASTURIAS (PRINCIPADO DE);3.5.-Otros contra la libertad sexual;2018;26
ASTURIAS (PRINCIPADO DE);4. RELACIONES FAMILIARES;2024;30
ASTURIAS (PRINCIPADO DE);4. RELACIONES FAMILIARES;2023;20
ASTURIAS (PRINCIPADO DE);4. RELACIONES FAMILIARES;2022;25
ASTURIAS (PRINCIPADO DE);4. RELACIONES FAMILIARES;2021;24
ASTURIAS (PRINCIPADO DE);4. RELACIONES FAMILIARES;2020;26
ASTURIAS (PRINCIPADO DE);4. RELACIONES FAMILIARES;2019;19
ASTURIAS (PRINCIPADO DE);4. RELACIONES FAMILIARES;2018;20
ASTURIAS (PRINCIPADO DE);5. PATRIMONIO;2024;3.247
ASTURIAS (PRINCIPADO DE);5. PATRIMONIO;2023;3.282
ASTURIAS (PRINCIPADO DE);5. PATRIMONIO;2022;2.530
ASTURIAS (PRINCIPADO DE);5. PATRIMONIO;2021;2.293
ASTURIAS (PRINCIPADO DE);5. PATRIMONIO;2020;1.871
ASTURIAS (PRINCIPADO DE);5. PATRIMONIO;2019;2.440
ASTURIAS (PRINCIPADO DE);5. PATRIMONIO;2018;2.551
ASTURIAS (PRINCIPADO DE);5.1.-Hurtos;2024;1.803
ASTURIAS (PRINCIPADO DE);5.1.-Hurtos;2023;1.756
ASTURIAS (PRINCIPADO DE);5.1.-Hurtos;2022;1.172
ASTURIAS (PRINCIPADO DE);5.1.-Hurtos;2021;991
ASTURIAS (PRINCIPADO DE);5.1.-Hurtos;2020;664
ASTURIAS (PRINCIPADO DE);5.1.-Hurtos;2019;1.112
ASTURIAS (PRINCIPADO DE);5.1.-Hurtos;2018;1.214
ASTURIAS (PRINCIPADO DE);5.2.-Robos con fuerza en las cosas;2024;510
ASTURIAS (PRINCIPADO DE);5.2.-Robos con fuerza en las cosas;2023;524
ASTURIAS (PRINCIPADO DE);5.2.-Robos con fuerza en las cosas;2022;485
ASTURIAS (PRINCIPADO DE);5.2.-Robos con fuerza en las cosas;2021;425
ASTURIAS (PRINCIPADO DE);5.2.-Robos con fuerza en las cosas;2020;448
ASTURIAS (PRINCIPADO DE);5.2.-Robos con fuerza en las cosas;2019;501
ASTURIAS (PRINCIPADO DE);5.2.-Robos con fuerza en las cosas;2018;522
ASTURIAS (PRINCIPADO DE);5.2.1.-Robos con fuerza en las cosas en el interior de vehículos;2024;62
ASTURIAS (PRINCIPADO DE);5.2.1.-Robos con fuerza en las cosas en el interior de vehículos;2023;61
ASTURIAS (PRINCIPADO DE);5.2.1.-Robos con fuerza en las cosas en el interior de vehículos;2022;54
ASTURIAS (PRINCIPADO DE);5.2.1.-Robos con fuerza en las cosas en el interior de vehículos;2021;59
ASTURIAS (PRINCIPADO DE);5.2.1.-Robos con fuerza en las cosas en el interior de vehículos;2020;49
ASTURIAS (PRINCIPADO DE);5.2.1.-Robos con fuerza en las cosas en el interior de vehículos;2019;36
ASTURIAS (PRINCIPADO DE);5.2.1.-Robos con fuerza en las cosas en el interior de vehículos;2018;50
ASTURIAS (PRINCIPADO DE);5.2.2.-Robos con fuerza en viviendas;2024;107
ASTURIAS (PRINCIPADO DE);5.2.2.-Robos con fuerza en viviendas;2023;154
ASTURIAS (PRINCIPADO DE);5.2.2.-Robos con fuerza en viviendas;2022;118
ASTURIAS (PRINCIPADO DE);5.2.2.-Robos con fuerza en viviendas;2021;104
ASTURIAS (PRINCIPADO DE);5.2.2.-Robos con fuerza en viviendas;2020;110
ASTURIAS (PRINCIPADO DE);5.2.2.-Robos con fuerza en viviendas;2019;116
ASTURIAS (PRINCIPADO DE);5.2.2.-Robos con fuerza en viviendas;2018;169
ASTURIAS (PRINCIPADO DE);5.2.3.-Robos con fuerza en establecimientos;2024;194
ASTURIAS (PRINCIPADO DE);5.2.3.-Robos con fuerza en establecimientos;2023;168
ASTURIAS (PRINCIPADO DE);5.2.3.-Robos con fuerza en establecimientos;2022;95
ASTURIAS (PRINCIPADO DE);5.2.3.-Robos con fuerza en establecimientos;2021;123
ASTURIAS (PRINCIPADO DE);5.2.3.-Robos con fuerza en establecimientos;2020;129
ASTURIAS (PRINCIPADO DE);5.2.3.-Robos con fuerza en establecimientos;2019;188
ASTURIAS (PRINCIPADO DE);5.2.3.-Robos con fuerza en establecimientos;2018;174
ASTURIAS (PRINCIPADO DE);5.3.-Robos con violencia o intimidación;2024;221
ASTURIAS (PRINCIPADO DE);5.3.-Robos con violencia o intimidación;2023;258
ASTURIAS (PRINCIPADO DE);5.3.-Robos con violencia o intimidación;2022;226
ASTURIAS (PRINCIPADO DE);5.3.-Robos con violencia o intimidación;2021;182
ASTURIAS (PRINCIPADO DE);5.3.-Robos con violencia o intimidación;2020;182
ASTURIAS (PRINCIPADO DE);5.3.-Robos con violencia o intimidación;2019;191
ASTURIAS (PRINCIPADO DE);5.3.-Robos con violencia o intimidación;2018;168
ASTURIAS (PRINCIPADO DE);5.3.1.-Robos con violencia en vía pública;2024;116
ASTURIAS (PRINCIPADO DE);5.3.1.-Robos con violencia en vía pública;2023;120
ASTURIAS (PRINCIPADO DE);5.3.1.-Robos con violencia en vía pública;2022;95
ASTURIAS (PRINCIPADO DE);5.3.1.-Robos con violencia en vía pública;2021;88
ASTURIAS (PRINCIPADO DE);5.3.1.-Robos con violencia en vía pública;2020;108
ASTURIAS (PRINCIPADO DE);5.3.1.-Robos con violencia en vía pública;2019;87
ASTURIAS (PRINCIPADO DE);5.3.1.-Robos con violencia en vía pública;2018;79
ASTURIAS (PRINCIPADO DE);5.3.2.-Robos con violencia en viviendas;2024;22
ASTURIAS (PRINCIPADO DE);5.3.2.-Robos con violencia en viviendas;2023;20
ASTURIAS (PRINCIPADO DE);5.3.2.-Robos con violencia en viviendas;2022;20
ASTURIAS (PRINCIPADO DE);5.3.2.-Robos con violencia en viviendas;2021;30
ASTURIAS (PRINCIPADO DE);5.3.2.-Robos con violencia en viviendas;2020;16
ASTURIAS (PRINCIPADO DE);5.3.2.-Robos con violencia en viviendas;2019;18
ASTURIAS (PRINCIPADO DE);5.3.2.-Robos con violencia en viviendas;2018;14
ASTURIAS (PRINCIPADO DE);5.3.3.-Robos con violencia en establecimientos;2024;72
ASTURIAS (PRINCIPADO DE);5.3.3.-Robos con violencia en establecimientos;2023;87
ASTURIAS (PRINCIPADO DE);5.3.3.-Robos con violencia en establecimientos;2022;76
ASTURIAS (PRINCIPADO DE);5.3.3.-Robos con violencia en establecimientos;2021;44
ASTURIAS (PRINCIPADO DE);5.3.3.-Robos con violencia en establecimientos;2020;45
ASTURIAS (PRINCIPADO DE);5.3.3.-Robos con violencia en establecimientos;2019;67
ASTURIAS (PRINCIPADO DE);5.3.3.-Robos con violencia en establecimientos;2018;56
ASTURIAS (PRINCIPADO DE);5.4.-Sustracción de vehículos;2024;48
ASTURIAS (PRINCIPADO DE);5.4.-Sustracción de vehículos;2023;76
ASTURIAS (PRINCIPADO DE);5.4.-Sustracción de vehículos;2022;50
ASTURIAS (PRINCIPADO DE);5.4.-Sustracción de vehículos;2021;61
ASTURIAS (PRINCIPADO DE);5.4.-Sustracción de vehículos;2020;46
ASTURIAS (PRINCIPADO DE);5.4.-Sustracción de vehículos;2019;47
ASTURIAS (PRINCIPADO DE);5.4.-Sustracción de vehículos;2018;49
ASTURIAS (PRINCIPADO DE);5.5.-Estafas;2024;259
ASTURIAS (PRINCIPADO DE);5.5.-Estafas;2023;206
ASTURIAS (PRINCIPADO DE);5.5.-Estafas;2022;209
ASTURIAS (PRINCIPADO DE);5.5.-Estafas;2021;196
ASTURIAS (PRINCIPADO DE);5.5.-Estafas;2020;175
ASTURIAS (PRINCIPADO DE);5.5.-Estafas;2019;199
ASTURIAS (PRINCIPADO DE);5.5.-Estafas;2018;180
ASTURIAS (PRINCIPADO DE);5.5.1.-Estafas informáticas;2024;111
ASTURIAS (PRINCIPADO DE);5.5.1.-Estafas informáticas;2023;72
ASTURIAS (PRINCIPADO DE);5.5.1.-Estafas informáticas;2022;95
ASTURIAS (PRINCIPADO DE);5.5.1.-Estafas informáticas;2021;88
ASTURIAS (PRINCIPADO DE);5.5.1.-Estafas informáticas;2020;74
ASTURIAS (PRINCIPADO DE);5.5.1.-Estafas informáticas;2019;41
ASTURIAS (PRINCIPADO DE);5.5.1.-Estafas informáticas;2018;27
ASTURIAS (PRINCIPADO DE);5.6.-Daños;2024;229
ASTURIAS (PRINCIPADO DE);5.6.-Daños;2023;270
ASTURIAS (PRINCIPADO DE);5.6.-Daños;2022;206
ASTURIAS (PRINCIPADO DE);5.6.-Daños;2021;279
ASTURIAS (PRINCIPADO DE);5.6.-Daños;2020;194
ASTURIAS (PRINCIPADO DE);5.6.-Daños;2019;196
ASTURIAS (PRINCIPADO DE);5.6.-Daños;2018;201
ASTURIAS (PRINCIPADO DE);5.7.-Contra la propiedad intelectual/industrial;2024;12
ASTURIAS (PRINCIPADO DE);5.7.-Contra la propiedad intelectual/industrial;2023;7
ASTURIAS (PRINCIPADO DE);5.7.-Contra la propiedad intelectual/industrial;2022;12
ASTURIAS (PRINCIPADO DE);5.7.-Contra la propiedad intelectual/industrial;2021;7
ASTURIAS (PRINCIPADO DE);5.7.-Contra la propiedad intelectual/industrial;2020;4
ASTURIAS (PRINCIPADO DE);5.7.-Contra la propiedad intelectual/industrial;2019;17
ASTURIAS (PRINCIPADO DE);5.7.-Contra la propiedad intelectual/industrial;2018;26
ASTURIAS (PRINCIPADO DE);5.8.-Blanqueo de capitales;2024;3
ASTURIAS (PRINCIPADO DE);5.8.-Blanqueo de capitales;2023;6
ASTURIAS (PRINCIPADO DE);5.8.-Blanqueo de capitales;2022;0
ASTURIAS (PRINCIPADO DE);5.8.-Blanqueo de capitales;2021;1
ASTURIAS (PRINCIPADO DE);5.8.-Blanqueo de capitales;2020;7
ASTURIAS (PRINCIPADO DE);5.8.-Blanqueo de capitales;2019;3
ASTURIAS (PRINCIPADO DE);5.8.-Blanqueo de capitales;2018;2
ASTURIAS (PRINCIPADO DE);5.9.-Otros contra el patrimonio;2024;162
ASTURIAS (PRINCIPADO DE);5.9.-Otros contra el patrimonio;2023;179
ASTURIAS (PRINCIPADO DE);5.9.-Otros contra el patrimonio;2022;170
ASTURIAS (PRINCIPADO DE);5.9.-Otros contra el patrimonio;2021;151
ASTURIAS (PRINCIPADO DE);5.9.-Otros contra el patrimonio;2020;151
ASTURIAS (PRINCIPADO DE);5.9.-Otros contra el patrimonio;2019;174
ASTURIAS (PRINCIPADO DE);5.9.-Otros contra el patrimonio;2018;189
ASTURIAS (PRINCIPADO DE);6. SEGURIDAD COLECTIVA;2024;946
ASTURIAS (PRINCIPADO DE);6. SEGURIDAD COLECTIVA;2023;995
ASTURIAS (PRINCIPADO DE);6. SEGURIDAD COLECTIVA;2022;1.031
ASTURIAS (PRINCIPADO DE);6. SEGURIDAD COLECTIVA;2021;1.046
ASTURIAS (PRINCIPADO DE);6. SEGURIDAD COLECTIVA;2020;871
ASTURIAS (PRINCIPADO DE);6. SEGURIDAD COLECTIVA;2019;1.184
ASTURIAS (PRINCIPADO DE);6. SEGURIDAD COLECTIVA;2018;1.053
ASTURIAS (PRINCIPADO DE);6.1.-Tráfico de drogas;2024;221
ASTURIAS (PRINCIPADO DE);6.1.-Tráfico de drogas;2023;223
ASTURIAS (PRINCIPADO DE);6.1.-Tráfico de drogas;2022;229
ASTURIAS (PRINCIPADO DE);6.1.-Tráfico de drogas;2021;231
ASTURIAS (PRINCIPADO DE);6.1.-Tráfico de drogas;2020;226
ASTURIAS (PRINCIPADO DE);6.1.-Tráfico de drogas;2019;263
ASTURIAS (PRINCIPADO DE);6.1.-Tráfico de drogas;2018;210
ASTURIAS (PRINCIPADO DE);6.2.-Contra la seguridad vial;2024;675
ASTURIAS (PRINCIPADO DE);6.2.-Contra la seguridad vial;2023;691
ASTURIAS (PRINCIPADO DE);6.2.-Contra la seguridad vial;2022;751
ASTURIAS (PRINCIPADO DE);6.2.-Contra la seguridad vial;2021;749
ASTURIAS (PRINCIPADO DE);6.2.-Contra la seguridad vial;2020;594
ASTURIAS (PRINCIPADO DE);6.2.-Contra la seguridad vial;2019;876
ASTURIAS (PRINCIPADO DE);6.2.-Contra la seguridad vial;2018;792
ASTURIAS (PRINCIPADO DE);6.3.-Otros contra la seguridad colectiva;2024;50
ASTURIAS (PRINCIPADO DE);6.3.-Otros contra la seguridad colectiva;2023;81
ASTURIAS (PRINCIPADO DE);6.3.-Otros contra la seguridad colectiva;2022;51
ASTURIAS (PRINCIPADO DE);6.3.-Otros contra la seguridad colectiva;2021;66
ASTURIAS (PRINCIPADO DE);6.3.-Otros contra la seguridad colectiva;2020;51
ASTURIAS (PRINCIPADO DE);6.3.-Otros contra la seguridad colectiva;2019;45
ASTURIAS (PRINCIPADO DE);6.3.-Otros contra la seguridad colectiva;2018;51
ASTURIAS (PRINCIPADO DE);7. FALSEDADES;2024;101
ASTURIAS (PRINCIPADO DE);7. FALSEDADES;2023;86
ASTURIAS (PRINCIPADO DE);7. FALSEDADES;2022;93
ASTURIAS (PRINCIPADO DE);7. FALSEDADES;2021;99
ASTURIAS (PRINCIPADO DE);7. FALSEDADES;2020;97
ASTURIAS (PRINCIPADO DE);7. FALSEDADES;2019;83
ASTURIAS (PRINCIPADO DE);7. FALSEDADES;2018;88
ASTURIAS (PRINCIPADO DE);8. ADMÓN. PÚBLICA;2024;2
ASTURIAS (PRINCIPADO DE);8. ADMÓN. PÚBLICA;2023;7
ASTURIAS (PRINCIPADO DE);8. ADMÓN. PÚBLICA;2022;0
ASTURIAS (PRINCIPADO DE);8. ADMÓN. PÚBLICA;2021;8
ASTURIAS (PRINCIPADO DE);8. ADMÓN. PÚBLICA;2020;1
ASTURIAS (PRINCIPADO DE);8. ADMÓN. PÚBLICA;2019;2
ASTURIAS (PRINCIPADO DE);8. ADMÓN. PÚBLICA;2018;8
ASTURIAS (PRINCIPADO DE);9. ADMÓN. JUSTICIA;2024;649
ASTURIAS (PRINCIPADO DE);9. ADMÓN. JUSTICIA;2023;649
ASTURIAS (PRINCIPADO DE);9. ADMÓN. JUSTICIA;2022;572
ASTURIAS (PRINCIPADO DE);9. ADMÓN. JUSTICIA;2021;451
ASTURIAS (PRINCIPADO DE);9. ADMÓN. JUSTICIA;2020;466
ASTURIAS (PRINCIPADO DE);9. ADMÓN. JUSTICIA;2019;461
ASTURIAS (PRINCIPADO DE);9. ADMÓN. JUSTICIA;2018;462
ASTURIAS (PRINCIPADO DE);10. ORDEN PÚBLICO;2024;495
ASTURIAS (PRINCIPADO DE);10. ORDEN PÚBLICO;2023;470
ASTURIAS (PRINCIPADO DE);10. ORDEN PÚBLICO;2022;508
ASTURIAS (PRINCIPADO DE);10. ORDEN PÚBLICO;2021;477
ASTURIAS (PRINCIPADO DE);10. ORDEN PÚBLICO;2020;571
ASTURIAS (PRINCIPADO DE);10. ORDEN PÚBLICO;2019;343
ASTURIAS (PRINCIPADO DE);10. ORDEN PÚBLICO;2018;372
ASTURIAS (PRINCIPADO DE);11. LEGISLACIÓN ESPECIAL;2024;0
ASTURIAS (PRINCIPADO DE);11. LEGISLACIÓN ESPECIAL;2023;1
ASTURIAS (PRINCIPADO DE);11. LEGISLACIÓN ESPECIAL;2022;0
ASTURIAS (PRINCIPADO DE);11. LEGISLACIÓN ESPECIAL;2021;0
ASTURIAS (PRINCIPADO DE);11. LEGISLACIÓN ESPECIAL;2020;0
ASTURIAS (PRINCIPADO DE);11. LEGISLACIÓN ESPECIAL;2019;3
ASTURIAS (PRINCIPADO DE);11. LEGISLACIÓN ESPECIAL;2018;0
ASTURIAS (PRINCIPADO DE);12. OTRAS INFRACCIONES PENALES;2024;137
ASTURIAS (PRINCIPADO DE);12. OTRAS INFRACCIONES PENALES;2023;153
ASTURIAS (PRINCIPADO DE);12. OTRAS INFRACCIONES PENALES;2022;172
ASTURIAS (PRINCIPADO DE);12. OTRAS INFRACCIONES PENALES;2021;109
ASTURIAS (PRINCIPADO DE);12. OTRAS INFRACCIONES PENALES;2020;75
ASTURIAS (PRINCIPADO DE);12. OTRAS INFRACCIONES PENALES;2019;168
ASTURIAS (PRINCIPADO DE);12. OTRAS INFRACCIONES PENALES;2018;108
ASTURIAS (PRINCIPADO DE);TOTAL INFRACCIONES PENALES;2024;9.765
ASTURIAS (PRINCIPADO DE);TOTAL INFRACCIONES PENALES;2023;9.831
ASTURIAS (PRINCIPADO DE);TOTAL INFRACCIONES PENALES;2022;8.621
ASTURIAS (PRINCIPADO DE);TOTAL INFRACCIONES PENALES;2021;7.864
ASTURIAS (PRINCIPADO DE);TOTAL INFRACCIONES PENALES;2020;7.015
ASTURIAS (PRINCIPADO DE);TOTAL INFRACCIONES PENALES;2019;8.143
ASTURIAS (PRINCIPADO DE);TOTAL INFRACCIONES PENALES;2018;7.802
BALEARS (ILLES);1. CONTRA LAS PERSONAS;2024;5.994
BALEARS (ILLES);1. CONTRA LAS PERSONAS;2023;6.172
BALEARS (ILLES);1. CONTRA LAS PERSONAS;2022;5.477
BALEARS (ILLES);1. CONTRA LAS PERSONAS;2021;4.572
BALEARS (ILLES);1. CONTRA LAS PERSONAS;2020;3.734
BALEARS (ILLES);1. CONTRA LAS PERSONAS;2019;4.483
BALEARS (ILLES);1. CONTRA LAS PERSONAS;2018;3.761
BALEARS (ILLES);1.1.-Homicidios dolosos/asesinatos;2024;41
BALEARS (ILLES);1.1.-Homicidios dolosos/asesinatos;2023;47
BALEARS (ILLES);1.1.-Homicidios dolosos/asesinatos;2022;40
BALEARS (ILLES);1.1.-Homicidios dolosos/asesinatos;2021;63
BALEARS (ILLES);1.1.-Homicidios dolosos/asesinatos;2020;37
BALEARS (ILLES);1.1.-Homicidios dolosos/asesinatos;2019;43
BALEARS (ILLES);1.1.-Homicidios dolosos/asesinatos;2018;51
BALEARS (ILLES);1.1.1.-Homicidios dolosos/asesinatos consumados;2024;8
BALEARS (ILLES);1.1.1.-Homicidios dolosos/asesinatos consumados;2023;11
BALEARS (ILLES);1.1.1.-Homicidios dolosos/asesinatos consumados;2022;1
BALEARS (ILLES);1.1.1.-Homicidios dolosos/asesinatos consumados;2021;15
BALEARS (ILLES);1.1.1.-Homicidios dolosos/asesinatos consumados;2020;7
BALEARS (ILLES);1.1.1.-Homicidios dolosos/asesinatos consumados;2019;7
BALEARS (ILLES);1.1.1.-Homicidios dolosos/asesinatos consumados;2018;17
BALEARS (ILLES);1.2.-Lesiones;2024;1.470
BALEARS (ILLES);1.2.-Lesiones;2023;1.319
BALEARS (ILLES);1.2.-Lesiones;2022;1.208
BALEARS (ILLES);1.2.-Lesiones;2021;943
BALEARS (ILLES);1.2.-Lesiones;2020;827
BALEARS (ILLES);1.2.-Lesiones;2019;1.165
BALEARS (ILLES);1.2.-Lesiones;2018;958
BALEARS (ILLES);1.3.-Malos tratos ámbito familiar;2024;4.359
BALEARS (ILLES);1.3.-Malos tratos ámbito familiar;2023;4.700
BALEARS (ILLES);1.3.-Malos tratos ámbito familiar;2022;4.151
BALEARS (ILLES);1.3.-Malos tratos ámbito familiar;2021;3.522
BALEARS (ILLES);1.3.-Malos tratos ámbito familiar;2020;2.795
BALEARS (ILLES);1.3.-Malos tratos ámbito familiar;2019;3.232
BALEARS (ILLES);1.3.-Malos tratos ámbito familiar;2018;2.719
BALEARS (ILLES);1.4.-Otros contra las personas;2024;124
BALEARS (ILLES);1.4.-Otros contra las personas;2023;106
BALEARS (ILLES);1.4.-Otros contra las personas;2022;78
BALEARS (ILLES);1.4.-Otros contra las personas;2021;44
BALEARS (ILLES);1.4.-Otros contra las personas;2020;75
BALEARS (ILLES);1.4.-Otros contra las personas;2019;43
BALEARS (ILLES);1.4.-Otros contra las personas;2018;33
BALEARS (ILLES);2. CONTRA LA LIBERTAD;2024;2.370
BALEARS (ILLES);2. CONTRA LA LIBERTAD;2023;2.078
BALEARS (ILLES);2. CONTRA LA LIBERTAD;2022;1.809
BALEARS (ILLES);2. CONTRA LA LIBERTAD;2021;1.899
BALEARS (ILLES);2. CONTRA LA LIBERTAD;2020;1.505
BALEARS (ILLES);2. CONTRA LA LIBERTAD;2019;1.421
BALEARS (ILLES);2. CONTRA LA LIBERTAD;2018;1.302
BALEARS (ILLES);2.1.-Malos tratos habituales en el ámbito familiar;2024;535
BALEARS (ILLES);2.1.-Malos tratos habituales en el ámbito familiar;2023;534
BALEARS (ILLES);2.1.-Malos tratos habituales en el ámbito familiar;2022;514
BALEARS (ILLES);2.1.-Malos tratos habituales en el ámbito familiar;2021;584
BALEARS (ILLES);2.1.-Malos tratos habituales en el ámbito familiar;2020;401
BALEARS (ILLES);2.1.-Malos tratos habituales en el ámbito familiar;2019;390
BALEARS (ILLES);2.1.-Malos tratos habituales en el ámbito familiar;2018;389
BALEARS (ILLES);2.2.-Otros contra la libertad;2024;1.835
BALEARS (ILLES);2.2.-Otros contra la libertad;2023;1.544
BALEARS (ILLES);2.2.-Otros contra la libertad;2022;1.295
BALEARS (ILLES);2.2.-Otros contra la libertad;2021;1.315
BALEARS (ILLES);2.2.-Otros contra la libertad;2020;1.104
BALEARS (ILLES);2.2.-Otros contra la libertad;2019;1.031
BALEARS (ILLES);2.2.-Otros contra la libertad;2018;913
BALEARS (ILLES);3. LIBERTAD SEXUAL;2024;633
BALEARS (ILLES);3. LIBERTAD SEXUAL;2023;684
BALEARS (ILLES);3. LIBERTAD SEXUAL;2022;567
BALEARS (ILLES);3. LIBERTAD SEXUAL;2021;494
BALEARS (ILLES);3. LIBERTAD SEXUAL;2020;285
BALEARS (ILLES);3. LIBERTAD SEXUAL;2019;395
BALEARS (ILLES);3. LIBERTAD SEXUAL;2018;323
BALEARS (ILLES);3.1.-Agresión sexual;2024;434
BALEARS (ILLES);3.1.-Agresión sexual;2023;464
BALEARS (ILLES);3.1.-Agresión sexual;2022;368
BALEARS (ILLES);3.1.-Agresión sexual;2021;323
BALEARS (ILLES);3.1.-Agresión sexual;2020;184
BALEARS (ILLES);3.1.-Agresión sexual;2019;268
BALEARS (ILLES);3.1.-Agresión sexual;2018;198
BALEARS (ILLES);3.2.-Agresión sexual con penetración;2024;117
BALEARS (ILLES);3.2.-Agresión sexual con penetración;2023;129
BALEARS (ILLES);3.2.-Agresión sexual con penetración;2022;116
BALEARS (ILLES);3.2.-Agresión sexual con penetración;2021;87
BALEARS (ILLES);3.2.-Agresión sexual con penetración;2020;54
BALEARS (ILLES);3.2.-Agresión sexual con penetración;2019;68
BALEARS (ILLES);3.2.-Agresión sexual con penetración;2018;72
BALEARS (ILLES);3.3.-Corrupción de menores o incapacitados;2024;1
BALEARS (ILLES);3.3.-Corrupción de menores o incapacitados;2023;12
BALEARS (ILLES);3.3.-Corrupción de menores o incapacitados;2022;14
BALEARS (ILLES);3.3.-Corrupción de menores o incapacitados;2021;15
BALEARS (ILLES);3.3.-Corrupción de menores o incapacitados;2020;10
BALEARS (ILLES);3.3.-Corrupción de menores o incapacitados;2019;8
BALEARS (ILLES);3.3.-Corrupción de menores o incapacitados;2018;5
BALEARS (ILLES);3.4.-Pornografía de menores;2024;27
BALEARS (ILLES);3.4.-Pornografía de menores;2023;19
BALEARS (ILLES);3.4.-Pornografía de menores;2022;11
BALEARS (ILLES);3.4.-Pornografía de menores;2021;7
BALEARS (ILLES);3.4.-Pornografía de menores;2020;5
BALEARS (ILLES);3.4.-Pornografía de menores;2019;7
BALEARS (ILLES);3.4.-Pornografía de menores;2018;11
BALEARS (ILLES);3.5.-Otros contra la libertad sexual;2024;54
BALEARS (ILLES);3.5.-Otros contra la libertad sexual;2023;60
BALEARS (ILLES);3.5.-Otros contra la libertad sexual;2022;58
BALEARS (ILLES);3.5.-Otros contra la libertad sexual;2021;62
BALEARS (ILLES);3.5.-Otros contra la libertad sexual;2020;32
BALEARS (ILLES);3.5.-Otros contra la libertad sexual;2019;44
BALEARS (ILLES);3.5.-Otros contra la libertad sexual;2018;37
BALEARS (ILLES);4. RELACIONES FAMILIARES;2024;62
BALEARS (ILLES);4. RELACIONES FAMILIARES;2023;55
BALEARS (ILLES);4. RELACIONES FAMILIARES;2022;53
BALEARS (ILLES);4. RELACIONES FAMILIARES;2021;49
BALEARS (ILLES);4. RELACIONES FAMILIARES;2020;33
BALEARS (ILLES);4. RELACIONES FAMILIARES;2019;34
BALEARS (ILLES);4. RELACIONES FAMILIARES;2018;39
BALEARS (ILLES);5. PATRIMONIO;2024;5.298
BALEARS (ILLES);5. PATRIMONIO;2023;4.514
BALEARS (ILLES);5. PATRIMONIO;2022;4.017
BALEARS (ILLES);5. PATRIMONIO;2021;3.748
BALEARS (ILLES);5. PATRIMONIO;2020;3.067
BALEARS (ILLES);5. PATRIMONIO;2019;4.209
BALEARS (ILLES);5. PATRIMONIO;2018;4.065
BALEARS (ILLES);5.1.-Hurtos;2024;1.943
BALEARS (ILLES);5.1.-Hurtos;2023;1.588
BALEARS (ILLES);5.1.-Hurtos;2022;1.457
BALEARS (ILLES);5.1.-Hurtos;2021;1.149
BALEARS (ILLES);5.1.-Hurtos;2020;850
BALEARS (ILLES);5.1.-Hurtos;2019;1.460
BALEARS (ILLES);5.1.-Hurtos;2018;1.443
BALEARS (ILLES);5.2.-Robos con fuerza en las cosas;2024;1.034
BALEARS (ILLES);5.2.-Robos con fuerza en las cosas;2023;905
BALEARS (ILLES);5.2.-Robos con fuerza en las cosas;2022;881
BALEARS (ILLES);5.2.-Robos con fuerza en las cosas;2021;904
BALEARS (ILLES);5.2.-Robos con fuerza en las cosas;2020;857
BALEARS (ILLES);5.2.-Robos con fuerza en las cosas;2019;980
BALEARS (ILLES);5.2.-Robos con fuerza en las cosas;2018;926
BALEARS (ILLES);5.2.1.-Robos con fuerza en las cosas en el interior de vehículos;2024;272
BALEARS (ILLES);5.2.1.-Robos con fuerza en las cosas en el interior de vehículos;2023;225
BALEARS (ILLES);5.2.1.-Robos con fuerza en las cosas en el interior de vehículos;2022;244
BALEARS (ILLES);5.2.1.-Robos con fuerza en las cosas en el interior de vehículos;2021;179
BALEARS (ILLES);5.2.1.-Robos con fuerza en las cosas en el interior de vehículos;2020;180
BALEARS (ILLES);5.2.1.-Robos con fuerza en las cosas en el interior de vehículos;2019;207
BALEARS (ILLES);5.2.1.-Robos con fuerza en las cosas en el interior de vehículos;2018;172
BALEARS (ILLES);5.2.2.-Robos con fuerza en viviendas;2024;334
BALEARS (ILLES);5.2.2.-Robos con fuerza en viviendas;2023;333
BALEARS (ILLES);5.2.2.-Robos con fuerza en viviendas;2022;252
BALEARS (ILLES);5.2.2.-Robos con fuerza en viviendas;2021;326
BALEARS (ILLES);5.2.2.-Robos con fuerza en viviendas;2020;334
BALEARS (ILLES);5.2.2.-Robos con fuerza en viviendas;2019;399
BALEARS (ILLES);5.2.2.-Robos con fuerza en viviendas;2018;377
BALEARS (ILLES);5.2.3.-Robos con fuerza en establecimientos;2024;248
BALEARS (ILLES);5.2.3.-Robos con fuerza en establecimientos;2023;189
BALEARS (ILLES);5.2.3.-Robos con fuerza en establecimientos;2022;222
BALEARS (ILLES);5.2.3.-Robos con fuerza en establecimientos;2021;234
BALEARS (ILLES);5.2.3.-Robos con fuerza en establecimientos;2020;179
BALEARS (ILLES);5.2.3.-Robos con fuerza en establecimientos;2019;204
BALEARS (ILLES);5.2.3.-Robos con fuerza en establecimientos;2018;220
BALEARS (ILLES);5.3.-Robos con violencia o intimidación;2024;661
BALEARS (ILLES);5.3.-Robos con violencia o intimidación;2023;627
BALEARS (ILLES);5.3.-Robos con violencia o intimidación;2022;531
BALEARS (ILLES);5.3.-Robos con violencia o intimidación;2021;448
BALEARS (ILLES);5.3.-Robos con violencia o intimidación;2020;405
BALEARS (ILLES);5.3.-Robos con violencia o intimidación;2019;459
BALEARS (ILLES);5.3.-Robos con violencia o intimidación;2018;413
BALEARS (ILLES);5.3.1.-Robos con violencia en vía pública;2024;388
BALEARS (ILLES);5.3.1.-Robos con violencia en vía pública;2023;372
BALEARS (ILLES);5.3.1.-Robos con violencia en vía pública;2022;308
BALEARS (ILLES);5.3.1.-Robos con violencia en vía pública;2021;236
BALEARS (ILLES);5.3.1.-Robos con violencia en vía pública;2020;220
BALEARS (ILLES);5.3.1.-Robos con violencia en vía pública;2019;267
BALEARS (ILLES);5.3.1.-Robos con violencia en vía pública;2018;221
BALEARS (ILLES);5.3.2.-Robos con violencia en viviendas;2024;46
BALEARS (ILLES);5.3.2.-Robos con violencia en viviendas;2023;41
BALEARS (ILLES);5.3.2.-Robos con violencia en viviendas;2022;45
BALEARS (ILLES);5.3.2.-Robos con violencia en viviendas;2021;73
BALEARS (ILLES);5.3.2.-Robos con violencia en viviendas;2020;43
BALEARS (ILLES);5.3.2.-Robos con violencia en viviendas;2019;45
BALEARS (ILLES);5.3.2.-Robos con violencia en viviendas;2018;60
BALEARS (ILLES);5.3.3.-Robos con violencia en establecimientos;2024;150
BALEARS (ILLES);5.3.3.-Robos con violencia en establecimientos;2023;142
BALEARS (ILLES);5.3.3.-Robos con violencia en establecimientos;2022;106
BALEARS (ILLES);5.3.3.-Robos con violencia en establecimientos;2021;81
BALEARS (ILLES);5.3.3.-Robos con violencia en establecimientos;2020;83
BALEARS (ILLES);5.3.3.-Robos con violencia en establecimientos;2019;78
BALEARS (ILLES);5.3.3.-Robos con violencia en establecimientos;2018;98
BALEARS (ILLES);5.4.-Sustracción de vehículos;2024;215
BALEARS (ILLES);5.4.-Sustracción de vehículos;2023;145
BALEARS (ILLES);5.4.-Sustracción de vehículos;2022;119
BALEARS (ILLES);5.4.-Sustracción de vehículos;2021;96
BALEARS (ILLES);5.4.-Sustracción de vehículos;2020;119
BALEARS (ILLES);5.4.-Sustracción de vehículos;2019;134
BALEARS (ILLES);5.4.-Sustracción de vehículos;2018;142
BALEARS (ILLES);5.5.-Estafas;2024;363
BALEARS (ILLES);5.5.-Estafas;2023;354
BALEARS (ILLES);5.5.-Estafas;2022;281
BALEARS (ILLES);5.5.-Estafas;2021;325
BALEARS (ILLES);5.5.-Estafas;2020;237
BALEARS (ILLES);5.5.-Estafas;2019;322
BALEARS (ILLES);5.5.-Estafas;2018;343
BALEARS (ILLES);5.5.1.-Estafas informáticas;2024;129
BALEARS (ILLES);5.5.1.-Estafas informáticas;2023;140
BALEARS (ILLES);5.5.1.-Estafas informáticas;2022;100
BALEARS (ILLES);5.5.1.-Estafas informáticas;2021;125
BALEARS (ILLES);5.5.1.-Estafas informáticas;2020;63
BALEARS (ILLES);5.5.1.-Estafas informáticas;2019;63
BALEARS (ILLES);5.5.1.-Estafas informáticas;2018;42
BALEARS (ILLES);5.6.-Daños;2024;432
BALEARS (ILLES);5.6.-Daños;2023;397
BALEARS (ILLES);5.6.-Daños;2022;320
BALEARS (ILLES);5.6.-Daños;2021;341
BALEARS (ILLES);5.6.-Daños;2020;268
BALEARS (ILLES);5.6.-Daños;2019;385
BALEARS (ILLES);5.6.-Daños;2018;338
BALEARS (ILLES);5.7.-Contra la propiedad intelectual/industrial;2024;110
BALEARS (ILLES);5.7.-Contra la propiedad intelectual/industrial;2023;75
BALEARS (ILLES);5.7.-Contra la propiedad intelectual/industrial;2022;64
BALEARS (ILLES);5.7.-Contra la propiedad intelectual/industrial;2021;66
BALEARS (ILLES);5.7.-Contra la propiedad intelectual/industrial;2020;20
BALEARS (ILLES);5.7.-Contra la propiedad intelectual/industrial;2019;115
BALEARS (ILLES);5.7.-Contra la propiedad intelectual/industrial;2018;87
BALEARS (ILLES);5.8.-Blanqueo de capitales;2024;40
BALEARS (ILLES);5.8.-Blanqueo de capitales;2023;4
BALEARS (ILLES);5.8.-Blanqueo de capitales;2022;10
BALEARS (ILLES);5.8.-Blanqueo de capitales;2021;59
BALEARS (ILLES);5.8.-Blanqueo de capitales;2020;2
BALEARS (ILLES);5.8.-Blanqueo de capitales;2019;2
BALEARS (ILLES);5.8.-Blanqueo de capitales;2018;3
BALEARS (ILLES);5.9.-Otros contra el patrimonio;2024;500
BALEARS (ILLES);5.9.-Otros contra el patrimonio;2023;419
BALEARS (ILLES);5.9.-Otros contra el patrimonio;2022;354
BALEARS (ILLES);5.9.-Otros contra el patrimonio;2021;360
BALEARS (ILLES);5.9.-Otros contra el patrimonio;2020;309
BALEARS (ILLES);5.9.-Otros contra el patrimonio;2019;352
BALEARS (ILLES);5.9.-Otros contra el patrimonio;2018;370
BALEARS (ILLES);6. SEGURIDAD COLECTIVA;2024;2.597
BALEARS (ILLES);6. SEGURIDAD COLECTIVA;2023;2.798
BALEARS (ILLES);6. SEGURIDAD COLECTIVA;2022;2.355
BALEARS (ILLES);6. SEGURIDAD COLECTIVA;2021;1.854
BALEARS (ILLES);6. SEGURIDAD COLECTIVA;2020;2.052
BALEARS (ILLES);6. SEGURIDAD COLECTIVA;2019;2.805
BALEARS (ILLES);6. SEGURIDAD COLECTIVA;2018;2.619
BALEARS (ILLES);6.1.-Tráfico de drogas;2024;961
BALEARS (ILLES);6.1.-Tráfico de drogas;2023;1.045
BALEARS (ILLES);6.1.-Tráfico de drogas;2022;846
BALEARS (ILLES);6.1.-Tráfico de drogas;2021;500
BALEARS (ILLES);6.1.-Tráfico de drogas;2020;621
BALEARS (ILLES);6.1.-Tráfico de drogas;2019;865
BALEARS (ILLES);6.1.-Tráfico de drogas;2018;697
BALEARS (ILLES);6.2.-Contra la seguridad vial;2024;1.437
BALEARS (ILLES);6.2.-Contra la seguridad vial;2023;1.607
BALEARS (ILLES);6.2.-Contra la seguridad vial;2022;1.401
BALEARS (ILLES);6.2.-Contra la seguridad vial;2021;1.309
BALEARS (ILLES);6.2.-Contra la seguridad vial;2020;1.392
BALEARS (ILLES);6.2.-Contra la seguridad vial;2019;1.815
BALEARS (ILLES);6.2.-Contra la seguridad vial;2018;1.756
BALEARS (ILLES);6.3.-Otros contra la seguridad colectiva;2024;199
BALEARS (ILLES);6.3.-Otros contra la seguridad colectiva;2023;146
BALEARS (ILLES);6.3.-Otros contra la seguridad colectiva;2022;108
BALEARS (ILLES);6.3.-Otros contra la seguridad colectiva;2021;45
BALEARS (ILLES);6.3.-Otros contra la seguridad colectiva;2020;39
BALEARS (ILLES);6.3.-Otros contra la seguridad colectiva;2019;125
BALEARS (ILLES);6.3.-Otros contra la seguridad colectiva;2018;166
BALEARS (ILLES);7. FALSEDADES;2024;289
BALEARS (ILLES);7. FALSEDADES;2023;246
BALEARS (ILLES);7. FALSEDADES;2022;279
BALEARS (ILLES);7. FALSEDADES;2021;400
BALEARS (ILLES);7. FALSEDADES;2020;264
BALEARS (ILLES);7. FALSEDADES;2019;472
BALEARS (ILLES);7. FALSEDADES;2018;426
BALEARS (ILLES);8. ADMÓN. PÚBLICA;2024;11
BALEARS (ILLES);8. ADMÓN. PÚBLICA;2023;8
BALEARS (ILLES);8. ADMÓN. PÚBLICA;2022;7
BALEARS (ILLES);8. ADMÓN. PÚBLICA;2021;4
BALEARS (ILLES);8. ADMÓN. PÚBLICA;2020;8
BALEARS (ILLES);8. ADMÓN. PÚBLICA;2019;6
BALEARS (ILLES);8. ADMÓN. PÚBLICA;2018;4
BALEARS (ILLES);9. ADMÓN. JUSTICIA;2024;1.315
BALEARS (ILLES);9. ADMÓN. JUSTICIA;2023;1.274
BALEARS (ILLES);9. ADMÓN. JUSTICIA;2022;1.073
BALEARS (ILLES);9. ADMÓN. JUSTICIA;2021;1.006
BALEARS (ILLES);9. ADMÓN. JUSTICIA;2020;836
BALEARS (ILLES);9. ADMÓN. JUSTICIA;2019;759
BALEARS (ILLES);9. ADMÓN. JUSTICIA;2018;655
BALEARS (ILLES);10. ORDEN PÚBLICO;2024;764
BALEARS (ILLES);10. ORDEN PÚBLICO;2023;799
BALEARS (ILLES);10. ORDEN PÚBLICO;2022;772
BALEARS (ILLES);10. ORDEN PÚBLICO;2021;709
BALEARS (ILLES);10. ORDEN PÚBLICO;2020;1.031
BALEARS (ILLES);10. ORDEN PÚBLICO;2019;596
BALEARS (ILLES);10. ORDEN PÚBLICO;2018;517
BALEARS (ILLES);11. LEGISLACIÓN ESPECIAL;2024;1
BALEARS (ILLES);11. LEGISLACIÓN ESPECIAL;2023;0
BALEARS (ILLES);11. LEGISLACIÓN ESPECIAL;2022;1
BALEARS (ILLES);11. LEGISLACIÓN ESPECIAL;2021;0
BALEARS (ILLES);11. LEGISLACIÓN ESPECIAL;2020;1
BALEARS (ILLES);11. LEGISLACIÓN ESPECIAL;2019;2
BALEARS (ILLES);11. LEGISLACIÓN ESPECIAL;2018;1
BALEARS (ILLES);12. OTRAS INFRACCIONES PENALES;2024;169
BALEARS (ILLES);12. OTRAS INFRACCIONES PENALES;2023;186
BALEARS (ILLES);12. OTRAS INFRACCIONES PENALES;2022;164
BALEARS (ILLES);12. OTRAS INFRACCIONES PENALES;2021;131
BALEARS (ILLES);12. OTRAS INFRACCIONES PENALES;2020;106
BALEARS (ILLES);12. OTRAS INFRACCIONES PENALES;2019;124
BALEARS (ILLES);12. OTRAS INFRACCIONES PENALES;2018;191
BALEARS (ILLES);TOTAL INFRACCIONES PENALES;2024;19.503
BALEARS (ILLES);TOTAL INFRACCIONES PENALES;2023;18.814
BALEARS (ILLES);TOTAL INFRACCIONES PENALES;2022;16.574
BALEARS (ILLES);TOTAL INFRACCIONES PENALES;2021;14.866
BALEARS (ILLES);TOTAL INFRACCIONES PENALES;2020;12.922
BALEARS (ILLES);TOTAL INFRACCIONES PENALES;2019;15.306
BALEARS (ILLES);TOTAL INFRACCIONES PENALES;2018;13.903
CANARIAS;1. CONTRA LAS PERSONAS;2024;7.629
CANARIAS;1. CONTRA LAS PERSONAS;2023;7.999
CANARIAS;1. CONTRA LAS PERSONAS;2022;7.362
CANARIAS;1. CONTRA LAS PERSONAS;2021;7.227
CANARIAS;1. CONTRA LAS PERSONAS;2020;6.695
CANARIAS;1. CONTRA LAS PERSONAS;2019;7.064
CANARIAS;1. CONTRA LAS PERSONAS;2018;6.834
CANARIAS;1.1.-Homicidios dolosos/asesinatos;2024;83
CANARIAS;1.1.-Homicidios dolosos/asesinatos;2023;92
CANARIAS;1.1.-Homicidios dolosos/asesinatos;2022;56
CANARIAS;1.1.-Homicidios dolosos/asesinatos;2021;63
CANARIAS;1.1.-Homicidios dolosos/asesinatos;2020;55
CANARIAS;1.1.-Homicidios dolosos/asesinatos;2019;83
CANARIAS;1.1.-Homicidios dolosos/asesinatos;2018;65
CANARIAS;1.1.1.-Homicidios dolosos/asesinatos consumados;2024;32
CANARIAS;1.1.1.-Homicidios dolosos/asesinatos consumados;2023;33
CANARIAS;1.1.1.-Homicidios dolosos/asesinatos consumados;2022;17
CANARIAS;1.1.1.-Homicidios dolosos/asesinatos consumados;2021;20
CANARIAS;1.1.1.-Homicidios dolosos/asesinatos consumados;2020;10
CANARIAS;1.1.1.-Homicidios dolosos/asesinatos consumados;2019;30
CANARIAS;1.1.1.-Homicidios dolosos/asesinatos consumados;2018;27
CANARIAS;1.2.-Lesiones;2024;2.298
CANARIAS;1.2.-Lesiones;2023;2.644
CANARIAS;1.2.-Lesiones;2022;2.552
CANARIAS;1.2.-Lesiones;2021;2.655
CANARIAS;1.2.-Lesiones;2020;2.409
CANARIAS;1.2.-Lesiones;2019;2.883
CANARIAS;1.2.-Lesiones;2018;2.888
CANARIAS;1.3.-Malos tratos ámbito familiar;2024;5.116
CANARIAS;1.3.-Malos tratos ámbito familiar;2023;5.139
CANARIAS;1.3.-Malos tratos ámbito familiar;2022;4.605
CANARIAS;1.3.-Malos tratos ámbito familiar;2021;4.285
CANARIAS;1.3.-Malos tratos ámbito familiar;2020;4.132
CANARIAS;1.3.-Malos tratos ámbito familiar;2019;4.005
CANARIAS;1.3.-Malos tratos ámbito familiar;2018;3.745
CANARIAS;1.4.-Otros contra las personas;2024;132
CANARIAS;1.4.-Otros contra las personas;2023;124
CANARIAS;1.4.-Otros contra las personas;2022;149
CANARIAS;1.4.-Otros contra las personas;2021;224
CANARIAS;1.4.-Otros contra las personas;2020;99
CANARIAS;1.4.-Otros contra las personas;2019;93
CANARIAS;1.4.-Otros contra las personas;2018;136
CANARIAS;2. CONTRA LA LIBERTAD;2024;3.292
CANARIAS;2. CONTRA LA LIBERTAD;2023;3.561
CANARIAS;2. CONTRA LA LIBERTAD;2022;3.285
CANARIAS;2. CONTRA LA LIBERTAD;2021;3.467
CANARIAS;2. CONTRA LA LIBERTAD;2020;3.379
CANARIAS;2. CONTRA LA LIBERTAD;2019;3.471
CANARIAS;2. CONTRA LA LIBERTAD;2018;3.488
CANARIAS;2.1.-Malos tratos habituales en el ámbito familiar;2024;886
CANARIAS;2.1.-Malos tratos habituales en el ámbito familiar;2023;865
CANARIAS;2.1.-Malos tratos habituales en el ámbito familiar;2022;658
CANARIAS;2.1.-Malos tratos habituales en el ámbito familiar;2021;702
CANARIAS;2.1.-Malos tratos habituales en el ámbito familiar;2020;646
CANARIAS;2.1.-Malos tratos habituales en el ámbito familiar;2019;673
CANARIAS;2.1.-Malos tratos habituales en el ámbito familiar;2018;577
CANARIAS;2.2.-Otros contra la libertad;2024;2.406
CANARIAS;2.2.-Otros contra la libertad;2023;2.696
CANARIAS;2.2.-Otros contra la libertad;2022;2.627
CANARIAS;2.2.-Otros contra la libertad;2021;2.765
CANARIAS;2.2.-Otros contra la libertad;2020;2.733
CANARIAS;2.2.-Otros contra la libertad;2019;2.798
CANARIAS;2.2.-Otros contra la libertad;2018;2.911
CANARIAS;3. LIBERTAD SEXUAL;2024;783
CANARIAS;3. LIBERTAD SEXUAL;2023;710
CANARIAS;3. LIBERTAD SEXUAL;2022;677
CANARIAS;3. LIBERTAD SEXUAL;2021;594
CANARIAS;3. LIBERTAD SEXUAL;2020;539
CANARIAS;3. LIBERTAD SEXUAL;2019;589
CANARIAS;3. LIBERTAD SEXUAL;2018;539
CANARIAS;3.1.-Agresión sexual;2024;524
CANARIAS;3.1.-Agresión sexual;2023;452
CANARIAS;3.1.-Agresión sexual;2022;417
CANARIAS;3.1.-Agresión sexual;2021;395
CANARIAS;3.1.-Agresión sexual;2020;305
CANARIAS;3.1.-Agresión sexual;2019;389
CANARIAS;3.1.-Agresión sexual;2018;319
CANARIAS;3.2.-Agresión sexual con penetración;2024;166
CANARIAS;3.2.-Agresión sexual con penetración;2023;150
CANARIAS;3.2.-Agresión sexual con penetración;2022;169
CANARIAS;3.2.-Agresión sexual con penetración;2021;119
CANARIAS;3.2.-Agresión sexual con penetración;2020;130
CANARIAS;3.2.-Agresión sexual con penetración;2019;86
CANARIAS;3.2.-Agresión sexual con penetración;2018;117
CANARIAS;3.3.-Corrupción de menores o incapacitados;2024;11
CANARIAS;3.3.-Corrupción de menores o incapacitados;2023;12
CANARIAS;3.3.-Corrupción de menores o incapacitados;2022;9
CANARIAS;3.3.-Corrupción de menores o incapacitados;2021;5
CANARIAS;3.3.-Corrupción de menores o incapacitados;2020;19
CANARIAS;3.3.-Corrupción de menores o incapacitados;2019;17
CANARIAS;3.3.-Corrupción de menores o incapacitados;2018;14
CANARIAS;3.4.-Pornografía de menores;2024;30
CANARIAS;3.4.-Pornografía de menores;2023;38
CANARIAS;3.4.-Pornografía de menores;2022;24
CANARIAS;3.4.-Pornografía de menores;2021;35
CANARIAS;3.4.-Pornografía de menores;2020;39
CANARIAS;3.4.-Pornografía de menores;2019;59
CANARIAS;3.4.-Pornografía de menores;2018;44
CANARIAS;3.5.-Otros contra la libertad sexual;2024;52
CANARIAS;3.5.-Otros contra la libertad sexual;2023;58
CANARIAS;3.5.-Otros contra la libertad sexual;2022;58
CANARIAS;3.5.-Otros contra la libertad sexual;2021;40
CANARIAS;3.5.-Otros contra la libertad sexual;2020;46
CANARIAS;3.5.-Otros contra la libertad sexual;2019;38
CANARIAS;3.5.-Otros contra la libertad sexual;2018;45
CANARIAS;4. RELACIONES FAMILIARES;2024;111
CANARIAS;4. RELACIONES FAMILIARES;2023;146
CANARIAS;4. RELACIONES FAMILIARES;2022;166
CANARIAS;4. RELACIONES FAMILIARES;2021;190
CANARIAS;4. RELACIONES FAMILIARES;2020;170
CANARIAS;4. RELACIONES FAMILIARES;2019;197
CANARIAS;4. RELACIONES FAMILIARES;2018;152
CANARIAS;5. PATRIMONIO;2024;6.182
CANARIAS;5. PATRIMONIO;2023;6.321
CANARIAS;5. PATRIMONIO;2022;5.914
CANARIAS;5. PATRIMONIO;2021;5.636
CANARIAS;5. PATRIMONIO;2020;5.611
CANARIAS;5. PATRIMONIO;2019;7.321
CANARIAS;5. PATRIMONIO;2018;7.620
CANARIAS;5.1.-Hurtos;2024;2.144
CANARIAS;5.1.-Hurtos;2023;2.129
CANARIAS;5.1.-Hurtos;2022;1.910
CANARIAS;5.1.-Hurtos;2021;1.819
CANARIAS;5.1.-Hurtos;2020;1.773
CANARIAS;5.1.-Hurtos;2019;2.785
CANARIAS;5.1.-Hurtos;2018;2.892
CANARIAS;5.2.-Robos con fuerza en las cosas;2024;1.187
CANARIAS;5.2.-Robos con fuerza en las cosas;2023;1.255
CANARIAS;5.2.-Robos con fuerza en las cosas;2022;1.271
CANARIAS;5.2.-Robos con fuerza en las cosas;2021;1.323
CANARIAS;5.2.-Robos con fuerza en las cosas;2020;1.289
CANARIAS;5.2.-Robos con fuerza en las cosas;2019;1.556
CANARIAS;5.2.-Robos con fuerza en las cosas;2018;1.783
CANARIAS;5.2.1.-Robos con fuerza en las cosas en el interior de vehículos;2024;272
CANARIAS;5.2.1.-Robos con fuerza en las cosas en el interior de vehículos;2023;224
CANARIAS;5.2.1.-Robos con fuerza en las cosas en el interior de vehículos;2022;252
CANARIAS;5.2.1.-Robos con fuerza en las cosas en el interior de vehículos;2021;209
CANARIAS;5.2.1.-Robos con fuerza en las cosas en el interior de vehículos;2020;256
CANARIAS;5.2.1.-Robos con fuerza en las cosas en el interior de vehículos;2019;317
CANARIAS;5.2.1.-Robos con fuerza en las cosas en el interior de vehículos;2018;365
CANARIAS;5.2.2.-Robos con fuerza en viviendas;2024;331
CANARIAS;5.2.2.-Robos con fuerza en viviendas;2023;368
CANARIAS;5.2.2.-Robos con fuerza en viviendas;2022;377
CANARIAS;5.2.2.-Robos con fuerza en viviendas;2021;458
CANARIAS;5.2.2.-Robos con fuerza en viviendas;2020;417
CANARIAS;5.2.2.-Robos con fuerza en viviendas;2019;516
CANARIAS;5.2.2.-Robos con fuerza en viviendas;2018;633
CANARIAS;5.2.3.-Robos con fuerza en establecimientos;2024;278
CANARIAS;5.2.3.-Robos con fuerza en establecimientos;2023;329
CANARIAS;5.2.3.-Robos con fuerza en establecimientos;2022;315
CANARIAS;5.2.3.-Robos con fuerza en establecimientos;2021;330
CANARIAS;5.2.3.-Robos con fuerza en establecimientos;2020;288
CANARIAS;5.2.3.-Robos con fuerza en establecimientos;2019;346
CANARIAS;5.2.3.-Robos con fuerza en establecimientos;2018;401
CANARIAS;5.3.-Robos con violencia o intimidación;2024;886
CANARIAS;5.3.-Robos con violencia o intimidación;2023;979
CANARIAS;5.3.-Robos con violencia o intimidación;2022;818
CANARIAS;5.3.-Robos con violencia o intimidación;2021;700
CANARIAS;5.3.-Robos con violencia o intimidación;2020;698
CANARIAS;5.3.-Robos con violencia o intimidación;2019;775
CANARIAS;5.3.-Robos con violencia o intimidación;2018;735
CANARIAS;5.3.1.-Robos con violencia en vía pública;2024;485
CANARIAS;5.3.1.-Robos con violencia en vía pública;2023;534
CANARIAS;5.3.1.-Robos con violencia en vía pública;2022;438
CANARIAS;5.3.1.-Robos con violencia en vía pública;2021;361
CANARIAS;5.3.1.-Robos con violencia en vía pública;2020;300
CANARIAS;5.3.1.-Robos con violencia en vía pública;2019;420
CANARIAS;5.3.1.-Robos con violencia en vía pública;2018;365
CANARIAS;5.3.2.-Robos con violencia en viviendas;2024;85
CANARIAS;5.3.2.-Robos con violencia en viviendas;2023;87
CANARIAS;5.3.2.-Robos con violencia en viviendas;2022;74
CANARIAS;5.3.2.-Robos con violencia en viviendas;2021;76
CANARIAS;5.3.2.-Robos con violencia en viviendas;2020;127
CANARIAS;5.3.2.-Robos con violencia en viviendas;2019;81
CANARIAS;5.3.2.-Robos con violencia en viviendas;2018;73
CANARIAS;5.3.3.-Robos con violencia en establecimientos;2024;196
CANARIAS;5.3.3.-Robos con violencia en establecimientos;2023;227
CANARIAS;5.3.3.-Robos con violencia en establecimientos;2022;186
CANARIAS;5.3.3.-Robos con violencia en establecimientos;2021;157
CANARIAS;5.3.3.-Robos con violencia en establecimientos;2020;171
CANARIAS;5.3.3.-Robos con violencia en establecimientos;2019;176
CANARIAS;5.3.3.-Robos con violencia en establecimientos;2018;200
CANARIAS;5.4.-Sustracción de vehículos;2024;226
CANARIAS;5.4.-Sustracción de vehículos;2023;268
CANARIAS;5.4.-Sustracción de vehículos;2022;178
CANARIAS;5.4.-Sustracción de vehículos;2021;156
CANARIAS;5.4.-Sustracción de vehículos;2020;204
CANARIAS;5.4.-Sustracción de vehículos;2019;202
CANARIAS;5.4.-Sustracción de vehículos;2018;178
CANARIAS;5.5.-Estafas;2024;707
CANARIAS;5.5.-Estafas;2023;697
CANARIAS;5.5.-Estafas;2022;655
CANARIAS;5.5.-Estafas;2021;554
CANARIAS;5.5.-Estafas;2020;592
CANARIAS;5.5.-Estafas;2019;769
CANARIAS;5.5.-Estafas;2018;677
CANARIAS;5.5.1.-Estafas informáticas;2024;335
CANARIAS;5.5.1.-Estafas informáticas;2023;327
CANARIAS;5.5.1.-Estafas informáticas;2022;268
CANARIAS;5.5.1.-Estafas informáticas;2021;244
CANARIAS;5.5.1.-Estafas informáticas;2020;216
CANARIAS;5.5.1.-Estafas informáticas;2019;205
CANARIAS;5.5.1.-Estafas informáticas;2018;148
CANARIAS;5.6.-Daños;2024;496
CANARIAS;5.6.-Daños;2023;490
CANARIAS;5.6.-Daños;2022;503
CANARIAS;5.6.-Daños;2021;556
CANARIAS;5.6.-Daños;2020;483
CANARIAS;5.6.-Daños;2019;461
CANARIAS;5.6.-Daños;2018;494
CANARIAS;5.7.-Contra la propiedad intelectual/industrial;2024;126
CANARIAS;5.7.-Contra la propiedad intelectual/industrial;2023;99
CANARIAS;5.7.-Contra la propiedad intelectual/industrial;2022;97
CANARIAS;5.7.-Contra la propiedad intelectual/industrial;2021;35
CANARIAS;5.7.-Contra la propiedad intelectual/industrial;2020;36
CANARIAS;5.7.-Contra la propiedad intelectual/industrial;2019;184
CANARIAS;5.7.-Contra la propiedad intelectual/industrial;2018;148
CANARIAS;5.8.-Blanqueo de capitales;2024;14
CANARIAS;5.8.-Blanqueo de capitales;2023;5
CANARIAS;5.8.-Blanqueo de capitales;2022;45
CANARIAS;5.8.-Blanqueo de capitales;2021;76
CANARIAS;5.8.-Blanqueo de capitales;2020;14
CANARIAS;5.8.-Blanqueo de capitales;2019;23
CANARIAS;5.8.-Blanqueo de capitales;2018;58
CANARIAS;5.9.-Otros contra el patrimonio;2024;396
CANARIAS;5.9.-Otros contra el patrimonio;2023;399
CANARIAS;5.9.-Otros contra el patrimonio;2022;437
CANARIAS;5.9.-Otros contra el patrimonio;2021;417
CANARIAS;5.9.-Otros contra el patrimonio;2020;522
CANARIAS;5.9.-Otros contra el patrimonio;2019;566
CANARIAS;5.9.-Otros contra el patrimonio;2018;655
CANARIAS;6. SEGURIDAD COLECTIVA;2024;3.711
CANARIAS;6. SEGURIDAD COLECTIVA;2023;3.633
CANARIAS;6. SEGURIDAD COLECTIVA;2022;3.590
CANARIAS;6. SEGURIDAD COLECTIVA;2021;3.076
CANARIAS;6. SEGURIDAD COLECTIVA;2020;2.870
CANARIAS;6. SEGURIDAD COLECTIVA;2019;3.271
CANARIAS;6. SEGURIDAD COLECTIVA;2018;3.288
CANARIAS;6.1.-Tráfico de drogas;2024;1.107
CANARIAS;6.1.-Tráfico de drogas;2023;1.009
CANARIAS;6.1.-Tráfico de drogas;2022;976
CANARIAS;6.1.-Tráfico de drogas;2021;804
CANARIAS;6.1.-Tráfico de drogas;2020;797
CANARIAS;6.1.-Tráfico de drogas;2019;777
CANARIAS;6.1.-Tráfico de drogas;2018;919
CANARIAS;6.2.-Contra la seguridad vial;2024;2.430
CANARIAS;6.2.-Contra la seguridad vial;2023;2.484
CANARIAS;6.2.-Contra la seguridad vial;2022;2.528
CANARIAS;6.2.-Contra la seguridad vial;2021;2.231
CANARIAS;6.2.-Contra la seguridad vial;2020;2.013
CANARIAS;6.2.-Contra la seguridad vial;2019;2.448
CANARIAS;6.2.-Contra la seguridad vial;2018;2.309
CANARIAS;6.3.-Otros contra la seguridad colectiva;2024;174
CANARIAS;6.3.-Otros contra la seguridad colectiva;2023;140
CANARIAS;6.3.-Otros contra la seguridad colectiva;2022;86
CANARIAS;6.3.-Otros contra la seguridad colectiva;2021;41
CANARIAS;6.3.-Otros contra la seguridad colectiva;2020;60
CANARIAS;6.3.-Otros contra la seguridad colectiva;2019;46
CANARIAS;6.3.-Otros contra la seguridad colectiva;2018;60
CANARIAS;7. FALSEDADES;2024;309
CANARIAS;7. FALSEDADES;2023;258
CANARIAS;7. FALSEDADES;2022;345
CANARIAS;7. FALSEDADES;2021;524
CANARIAS;7. FALSEDADES;2020;563
CANARIAS;7. FALSEDADES;2019;642
CANARIAS;7. FALSEDADES;2018;392
CANARIAS;8. ADMÓN. PÚBLICA;2024;16
CANARIAS;8. ADMÓN. PÚBLICA;2023;24
CANARIAS;8. ADMÓN. PÚBLICA;2022;16
CANARIAS;8. ADMÓN. PÚBLICA;2021;19
CANARIAS;8. ADMÓN. PÚBLICA;2020;26
CANARIAS;8. ADMÓN. PÚBLICA;2019;17
CANARIAS;8. ADMÓN. PÚBLICA;2018;5
CANARIAS;9. ADMÓN. JUSTICIA;2024;1.635
CANARIAS;9. ADMÓN. JUSTICIA;2023;1.570
CANARIAS;9. ADMÓN. JUSTICIA;2022;1.374
CANARIAS;9. ADMÓN. JUSTICIA;2021;1.314
CANARIAS;9. ADMÓN. JUSTICIA;2020;1.179
CANARIAS;9. ADMÓN. JUSTICIA;2019;1.187
CANARIAS;9. ADMÓN. JUSTICIA;2018;1.068
CANARIAS;10. ORDEN PÚBLICO;2024;991
CANARIAS;10. ORDEN PÚBLICO;2023;990
CANARIAS;10. ORDEN PÚBLICO;2022;851
CANARIAS;10. ORDEN PÚBLICO;2021;988
CANARIAS;10. ORDEN PÚBLICO;2020;1.325
CANARIAS;10. ORDEN PÚBLICO;2019;747
CANARIAS;10. ORDEN PÚBLICO;2018;739
CANARIAS;11. LEGISLACIÓN ESPECIAL;2024;5
CANARIAS;11. LEGISLACIÓN ESPECIAL;2023;2
CANARIAS;11. LEGISLACIÓN ESPECIAL;2022;0
CANARIAS;11. LEGISLACIÓN ESPECIAL;2021;1
CANARIAS;11. LEGISLACIÓN ESPECIAL;2020;11
CANARIAS;11. LEGISLACIÓN ESPECIAL;2019;4
CANARIAS;11. LEGISLACIÓN ESPECIAL;2018;0
CANARIAS;12. OTRAS INFRACCIONES PENALES;2024;464
CANARIAS;12. OTRAS INFRACCIONES PENALES;2023;679
CANARIAS;12. OTRAS INFRACCIONES PENALES;2022;416
CANARIAS;12. OTRAS INFRACCIONES PENALES;2021;391
CANARIAS;12. OTRAS INFRACCIONES PENALES;2020;247
CANARIAS;12. OTRAS INFRACCIONES PENALES;2019;221
CANARIAS;12. OTRAS INFRACCIONES PENALES;2018;166
CANARIAS;TOTAL INFRACCIONES PENALES;2024;25.128
CANARIAS;TOTAL INFRACCIONES PENALES;2023;25.893
CANARIAS;TOTAL INFRACCIONES PENALES;2022;23.996
CANARIAS;TOTAL INFRACCIONES PENALES;2021;23.427
CANARIAS;TOTAL INFRACCIONES PENALES;2020;22.615
CANARIAS;TOTAL INFRACCIONES PENALES;2019;24.731
CANARIAS;TOTAL INFRACCIONES PENALES;2018;24.291
CANTABRIA;1. CONTRA LAS PERSONAS;2024;1.533
CANTABRIA;1. CONTRA LAS PERSONAS;2023;1.664
CANTABRIA;1. CONTRA LAS PERSONAS;2022;1.517
CANTABRIA;1. CONTRA LAS PERSONAS;2021;1.256
CANTABRIA;1. CONTRA LAS PERSONAS;2020;970
CANTABRIA;1. CONTRA LAS PERSONAS;2019;1.047
CANTABRIA;1. CONTRA LAS PERSONAS;2018;949
CANTABRIA;1.1.-Homicidios dolosos/asesinatos;2024;18
CANTABRIA;1.1.-Homicidios dolosos/asesinatos;2023;9
CANTABRIA;1.1.-Homicidios dolosos/asesinatos;2022;15
CANTABRIA;1.1.-Homicidios dolosos/asesinatos;2021;12
CANTABRIA;1.1.-Homicidios dolosos/asesinatos;2020;4
CANTABRIA;1.1.-Homicidios dolosos/asesinatos;2019;19
CANTABRIA;1.1.-Homicidios dolosos/asesinatos;2018;5
CANTABRIA;1.1.1.-Homicidios dolosos/asesinatos consumados;2024;4
CANTABRIA;1.1.1.-Homicidios dolosos/asesinatos consumados;2023;0
CANTABRIA;1.1.1.-Homicidios dolosos/asesinatos consumados;2022;3
CANTABRIA;1.1.1.-Homicidios dolosos/asesinatos consumados;2021;5
CANTABRIA;1.1.1.-Homicidios dolosos/asesinatos consumados;2020;1
CANTABRIA;1.1.1.-Homicidios dolosos/asesinatos consumados;2019;6
CANTABRIA;1.1.1.-Homicidios dolosos/asesinatos consumados;2018;0
CANTABRIA;1.2.-Lesiones;2024;566
CANTABRIA;1.2.-Lesiones;2023;722
CANTABRIA;1.2.-Lesiones;2022;677
CANTABRIA;1.2.-Lesiones;2021;582
CANTABRIA;1.2.-Lesiones;2020;414
CANTABRIA;1.2.-Lesiones;2019;442
CANTABRIA;1.2.-Lesiones;2018;380
CANTABRIA;1.3.-Malos tratos ámbito familiar;2024;916
CANTABRIA;1.3.-Malos tratos ámbito familiar;2023;884
CANTABRIA;1.3.-Malos tratos ámbito familiar;2022;764
CANTABRIA;1.3.-Malos tratos ámbito familiar;2021;612
CANTABRIA;1.3.-Malos tratos ámbito familiar;2020;513
CANTABRIA;1.3.-Malos tratos ámbito familiar;2019;552
CANTABRIA;1.3.-Malos tratos ámbito familiar;2018;542
CANTABRIA;1.4.-Otros contra las personas;2024;33
CANTABRIA;1.4.-Otros contra las personas;2023;49
CANTABRIA;1.4.-Otros contra las personas;2022;61
CANTABRIA;1.4.-Otros contra las personas;2021;50
CANTABRIA;1.4.-Otros contra las personas;2020;39
CANTABRIA;1.4.-Otros contra las personas;2019;34
CANTABRIA;1.4.-Otros contra las personas;2018;22
CANTABRIA;2. CONTRA LA LIBERTAD;2024;674
CANTABRIA;2. CONTRA LA LIBERTAD;2023;740
CANTABRIA;2. CONTRA LA LIBERTAD;2022;672
CANTABRIA;2. CONTRA LA LIBERTAD;2021;644
CANTABRIA;2. CONTRA LA LIBERTAD;2020;491
CANTABRIA;2. CONTRA LA LIBERTAD;2019;409
CANTABRIA;2. CONTRA LA LIBERTAD;2018;373
CANTABRIA;2.1.-Malos tratos habituales en el ámbito familiar;2024;160
CANTABRIA;2.1.-Malos tratos habituales en el ámbito familiar;2023;164
CANTABRIA;2.1.-Malos tratos habituales en el ámbito familiar;2022;139
CANTABRIA;2.1.-Malos tratos habituales en el ámbito familiar;2021;131
CANTABRIA;2.1.-Malos tratos habituales en el ámbito familiar;2020;115
CANTABRIA;2.1.-Malos tratos habituales en el ámbito familiar;2019;115
CANTABRIA;2.1.-Malos tratos habituales en el ámbito familiar;2018;106
CANTABRIA;2.2.-Otros contra la libertad;2024;514
CANTABRIA;2.2.-Otros contra la libertad;2023;576
CANTABRIA;2.2.-Otros contra la libertad;2022;533
CANTABRIA;2.2.-Otros contra la libertad;2021;513
CANTABRIA;2.2.-Otros contra la libertad;2020;376
CANTABRIA;2.2.-Otros contra la libertad;2019;294
CANTABRIA;2.2.-Otros contra la libertad;2018;267
CANTABRIA;3. LIBERTAD SEXUAL;2024;128
CANTABRIA;3. LIBERTAD SEXUAL;2023;116
CANTABRIA;3. LIBERTAD SEXUAL;2022;133
CANTABRIA;3. LIBERTAD SEXUAL;2021;106
CANTABRIA;3. LIBERTAD SEXUAL;2020;62
CANTABRIA;3. LIBERTAD SEXUAL;2019;74
CANTABRIA;3. LIBERTAD SEXUAL;2018;71
CANTABRIA;3.1.-Agresión sexual;2024;67
CANTABRIA;3.1.-Agresión sexual;2023;70
CANTABRIA;3.1.-Agresión sexual;2022;68
CANTABRIA;3.1.-Agresión sexual;2021;71
CANTABRIA;3.1.-Agresión sexual;2020;37
CANTABRIA;3.1.-Agresión sexual;2019;45
CANTABRIA;3.1.-Agresión sexual;2018;45
CANTABRIA;3.2.-Agresión sexual con penetración;2024;35
CANTABRIA;3.2.-Agresión sexual con penetración;2023;26
CANTABRIA;3.2.-Agresión sexual con penetración;2022;44
CANTABRIA;3.2.-Agresión sexual con penetración;2021;19
CANTABRIA;3.2.-Agresión sexual con penetración;2020;12
CANTABRIA;3.2.-Agresión sexual con penetración;2019;14
CANTABRIA;3.2.-Agresión sexual con penetración;2018;10
CANTABRIA;3.3.-Corrupción de menores o incapacitados;2024;1
CANTABRIA;3.3.-Corrupción de menores o incapacitados;2023;2
CANTABRIA;3.3.-Corrupción de menores o incapacitados;2022;3
CANTABRIA;3.3.-Corrupción de menores o incapacitados;2021;1
CANTABRIA;3.3.-Corrupción de menores o incapacitados;2020;0
CANTABRIA;3.3.-Corrupción de menores o incapacitados;2019;0
CANTABRIA;3.3.-Corrupción de menores o incapacitados;2018;0
CANTABRIA;3.4.-Pornografía de menores;2024;11
CANTABRIA;3.4.-Pornografía de menores;2023;5
CANTABRIA;3.4.-Pornografía de menores;2022;5
CANTABRIA;3.4.-Pornografía de menores;2021;5
CANTABRIA;3.4.-Pornografía de menores;2020;5
CANTABRIA;3.4.-Pornografía de menores;2019;6
CANTABRIA;3.4.-Pornografía de menores;2018;7
CANTABRIA;3.5.-Otros contra la libertad sexual;2024;14
CANTABRIA;3.5.-Otros contra la libertad sexual;2023;13
CANTABRIA;3.5.-Otros contra la libertad sexual;2022;13
CANTABRIA;3.5.-Otros contra la libertad sexual;2021;10
CANTABRIA;3.5.-Otros contra la libertad sexual;2020;8
CANTABRIA;3.5.-Otros contra la libertad sexual;2019;9
CANTABRIA;3.5.-Otros contra la libertad sexual;2018;9
CANTABRIA;4. RELACIONES FAMILIARES;2024;10
CANTABRIA;4. RELACIONES FAMILIARES;2023;10
CANTABRIA;4. RELACIONES FAMILIARES;2022;12
CANTABRIA;4. RELACIONES FAMILIARES;2021;2
CANTABRIA;4. RELACIONES FAMILIARES;2020;8
CANTABRIA;4. RELACIONES FAMILIARES;2019;11
CANTABRIA;4. RELACIONES FAMILIARES;2018;17
CANTABRIA;5. PATRIMONIO;2024;1.476
CANTABRIA;5. PATRIMONIO;2023;1.613
CANTABRIA;5. PATRIMONIO;2022;1.619
CANTABRIA;5. PATRIMONIO;2021;1.418
CANTABRIA;5. PATRIMONIO;2020;1.139
CANTABRIA;5. PATRIMONIO;2019;1.261
CANTABRIA;5. PATRIMONIO;2018;1.273
CANTABRIA;5.1.-Hurtos;2024;697
CANTABRIA;5.1.-Hurtos;2023;731
CANTABRIA;5.1.-Hurtos;2022;762
CANTABRIA;5.1.-Hurtos;2021;650
CANTABRIA;5.1.-Hurtos;2020;479
CANTABRIA;5.1.-Hurtos;2019;502
CANTABRIA;5.1.-Hurtos;2018;558
CANTABRIA;5.2.-Robos con fuerza en las cosas;2024;291
CANTABRIA;5.2.-Robos con fuerza en las cosas;2023;236
CANTABRIA;5.2.-Robos con fuerza en las cosas;2022;249
CANTABRIA;5.2.-Robos con fuerza en las cosas;2021;232
CANTABRIA;5.2.-Robos con fuerza en las cosas;2020;222
CANTABRIA;5.2.-Robos con fuerza en las cosas;2019;272
CANTABRIA;5.2.-Robos con fuerza en las cosas;2018;278
CANTABRIA;5.2.1.-Robos con fuerza en las cosas en el interior de vehículos;2024;24
CANTABRIA;5.2.1.-Robos con fuerza en las cosas en el interior de vehículos;2023;41
CANTABRIA;5.2.1.-Robos con fuerza en las cosas en el interior de vehículos;2022;34
CANTABRIA;5.2.1.-Robos con fuerza en las cosas en el interior de vehículos;2021;28
CANTABRIA;5.2.1.-Robos con fuerza en las cosas en el interior de vehículos;2020;15
CANTABRIA;5.2.1.-Robos con fuerza en las cosas en el interior de vehículos;2019;35
CANTABRIA;5.2.1.-Robos con fuerza en las cosas en el interior de vehículos;2018;29
CANTABRIA;5.2.2.-Robos con fuerza en viviendas;2024;86
CANTABRIA;5.2.2.-Robos con fuerza en viviendas;2023;70
CANTABRIA;5.2.2.-Robos con fuerza en viviendas;2022;69
CANTABRIA;5.2.2.-Robos con fuerza en viviendas;2021;71
CANTABRIA;5.2.2.-Robos con fuerza en viviendas;2020;80
CANTABRIA;5.2.2.-Robos con fuerza en viviendas;2019;87
CANTABRIA;5.2.2.-Robos con fuerza en viviendas;2018;101
CANTABRIA;5.2.3.-Robos con fuerza en establecimientos;2024;98
CANTABRIA;5.2.3.-Robos con fuerza en establecimientos;2023;53
CANTABRIA;5.2.3.-Robos con fuerza en establecimientos;2022;88
CANTABRIA;5.2.3.-Robos con fuerza en establecimientos;2021;79
CANTABRIA;5.2.3.-Robos con fuerza en establecimientos;2020;64
CANTABRIA;5.2.3.-Robos con fuerza en establecimientos;2019;103
CANTABRIA;5.2.3.-Robos con fuerza en establecimientos;2018;86
CANTABRIA;5.3.-Robos con violencia o intimidación;2024;84
CANTABRIA;5.3.-Robos con violencia o intimidación;2023;105
CANTABRIA;5.3.-Robos con violencia o intimidación;2022;114
CANTABRIA;5.3.-Robos con violencia o intimidación;2021;91
CANTABRIA;5.3.-Robos con violencia o intimidación;2020;108
CANTABRIA;5.3.-Robos con violencia o intimidación;2019;94
CANTABRIA;5.3.-Robos con violencia o intimidación;2018;77
CANTABRIA;5.3.1.-Robos con violencia en vía pública;2024;32
CANTABRIA;5.3.1.-Robos con violencia en vía pública;2023;46
CANTABRIA;5.3.1.-Robos con violencia en vía pública;2022;49
CANTABRIA;5.3.1.-Robos con violencia en vía pública;2021;35
CANTABRIA;5.3.1.-Robos con violencia en vía pública;2020;43
CANTABRIA;5.3.1.-Robos con violencia en vía pública;2019;38
CANTABRIA;5.3.1.-Robos con violencia en vía pública;2018;35
CANTABRIA;5.3.2.-Robos con violencia en viviendas;2024;10
CANTABRIA;5.3.2.-Robos con violencia en viviendas;2023;9
CANTABRIA;5.3.2.-Robos con violencia en viviendas;2022;14
CANTABRIA;5.3.2.-Robos con violencia en viviendas;2021;17
CANTABRIA;5.3.2.-Robos con violencia en viviendas;2020;11
CANTABRIA;5.3.2.-Robos con violencia en viviendas;2019;9
CANTABRIA;5.3.2.-Robos con violencia en viviendas;2018;6
CANTABRIA;5.3.3.-Robos con violencia en establecimientos;2024;39
CANTABRIA;5.3.3.-Robos con violencia en establecimientos;2023;43
CANTABRIA;5.3.3.-Robos con violencia en establecimientos;2022;44
CANTABRIA;5.3.3.-Robos con violencia en establecimientos;2021;23
CANTABRIA;5.3.3.-Robos con violencia en establecimientos;2020;31
CANTABRIA;5.3.3.-Robos con violencia en establecimientos;2019;37
CANTABRIA;5.3.3.-Robos con violencia en establecimientos;2018;22
CANTABRIA;5.4.-Sustracción de vehículos;2024;30
CANTABRIA;5.4.-Sustracción de vehículos;2023;27
CANTABRIA;5.4.-Sustracción de vehículos;2022;13
CANTABRIA;5.4.-Sustracción de vehículos;2021;31
CANTABRIA;5.4.-Sustracción de vehículos;2020;21
CANTABRIA;5.4.-Sustracción de vehículos;2019;20
CANTABRIA;5.4.-Sustracción de vehículos;2018;30
CANTABRIA;5.5.-Estafas;2024;158
CANTABRIA;5.5.-Estafas;2023;258
CANTABRIA;5.5.-Estafas;2022;199
CANTABRIA;5.5.-Estafas;2021;142
CANTABRIA;5.5.-Estafas;2020;120
CANTABRIA;5.5.-Estafas;2019;152
CANTABRIA;5.5.-Estafas;2018;81
CANTABRIA;5.5.1.-Estafas informáticas;2024;84
CANTABRIA;5.5.1.-Estafas informáticas;2023;168
CANTABRIA;5.5.1.-Estafas informáticas;2022;116
CANTABRIA;5.5.1.-Estafas informáticas;2021;67
CANTABRIA;5.5.1.-Estafas informáticas;2020;44
CANTABRIA;5.5.1.-Estafas informáticas;2019;34
CANTABRIA;5.5.1.-Estafas informáticas;2018;25
CANTABRIA;5.6.-Daños;2024;105
CANTABRIA;5.6.-Daños;2023;132
CANTABRIA;5.6.-Daños;2022;153
CANTABRIA;5.6.-Daños;2021;141
CANTABRIA;5.6.-Daños;2020;110
CANTABRIA;5.6.-Daños;2019;105
CANTABRIA;5.6.-Daños;2018;87
CANTABRIA;5.7.-Contra la propiedad intelectual/industrial;2024;2
CANTABRIA;5.7.-Contra la propiedad intelectual/industrial;2023;18
CANTABRIA;5.7.-Contra la propiedad intelectual/industrial;2022;24
CANTABRIA;5.7.-Contra la propiedad intelectual/industrial;2021;22
CANTABRIA;5.7.-Contra la propiedad intelectual/industrial;2020;12
CANTABRIA;5.7.-Contra la propiedad intelectual/industrial;2019;14
CANTABRIA;5.7.-Contra la propiedad intelectual/industrial;2018;18
CANTABRIA;5.8.-Blanqueo de capitales;2024;3
CANTABRIA;5.8.-Blanqueo de capitales;2023;5
CANTABRIA;5.8.-Blanqueo de capitales;2022;0
CANTABRIA;5.8.-Blanqueo de capitales;2021;0
CANTABRIA;5.8.-Blanqueo de capitales;2020;0
CANTABRIA;5.8.-Blanqueo de capitales;2019;0
CANTABRIA;5.8.-Blanqueo de capitales;2018;0
CANTABRIA;5.9.-Otros contra el patrimonio;2024;106
CANTABRIA;5.9.-Otros contra el patrimonio;2023;101
CANTABRIA;5.9.-Otros contra el patrimonio;2022;105
CANTABRIA;5.9.-Otros contra el patrimonio;2021;109
CANTABRIA;5.9.-Otros contra el patrimonio;2020;67
CANTABRIA;5.9.-Otros contra el patrimonio;2019;102
CANTABRIA;5.9.-Otros contra el patrimonio;2018;144
CANTABRIA;6. SEGURIDAD COLECTIVA;2024;780
CANTABRIA;6. SEGURIDAD COLECTIVA;2023;812
CANTABRIA;6. SEGURIDAD COLECTIVA;2022;869
CANTABRIA;6. SEGURIDAD COLECTIVA;2021;766
CANTABRIA;6. SEGURIDAD COLECTIVA;2020;665
CANTABRIA;6. SEGURIDAD COLECTIVA;2019;768
CANTABRIA;6. SEGURIDAD COLECTIVA;2018;744
CANTABRIA;6.1.-Tráfico de drogas;2024;129
CANTABRIA;6.1.-Tráfico de drogas;2023;182
CANTABRIA;6.1.-Tráfico de drogas;2022;157
CANTABRIA;6.1.-Tráfico de drogas;2021;173
CANTABRIA;6.1.-Tráfico de drogas;2020;174
CANTABRIA;6.1.-Tráfico de drogas;2019;188
CANTABRIA;6.1.-Tráfico de drogas;2018;159
CANTABRIA;6.2.-Contra la seguridad vial;2024;593
CANTABRIA;6.2.-Contra la seguridad vial;2023;606
CANTABRIA;6.2.-Contra la seguridad vial;2022;685
CANTABRIA;6.2.-Contra la seguridad vial;2021;576
CANTABRIA;6.2.-Contra la seguridad vial;2020;483
CANTABRIA;6.2.-Contra la seguridad vial;2019;575
CANTABRIA;6.2.-Contra la seguridad vial;2018;567
CANTABRIA;6.3.-Otros contra la seguridad colectiva;2024;58
CANTABRIA;6.3.-Otros contra la seguridad colectiva;2023;24
CANTABRIA;6.3.-Otros contra la seguridad colectiva;2022;27
CANTABRIA;6.3.-Otros contra la seguridad colectiva;2021;17
CANTABRIA;6.3.-Otros contra la seguridad colectiva;2020;8
CANTABRIA;6.3.-Otros contra la seguridad colectiva;2019;5
CANTABRIA;6.3.-Otros contra la seguridad colectiva;2018;18
CANTABRIA;7. FALSEDADES;2024;58
CANTABRIA;7. FALSEDADES;2023;69
CANTABRIA;7. FALSEDADES;2022;90
CANTABRIA;7. FALSEDADES;2021;91
CANTABRIA;7. FALSEDADES;2020;69
CANTABRIA;7. FALSEDADES;2019;99
CANTABRIA;7. FALSEDADES;2018;67
CANTABRIA;8. ADMÓN. PÚBLICA;2024;13
CANTABRIA;8. ADMÓN. PÚBLICA;2023;13
CANTABRIA;8. ADMÓN. PÚBLICA;2022;2
CANTABRIA;8. ADMÓN. PÚBLICA;2021;0
CANTABRIA;8. ADMÓN. PÚBLICA;2020;2
CANTABRIA;8. ADMÓN. PÚBLICA;2019;0
CANTABRIA;8. ADMÓN. PÚBLICA;2018;0
CANTABRIA;9. ADMÓN. JUSTICIA;2024;344
CANTABRIA;9. ADMÓN. JUSTICIA;2023;362
CANTABRIA;9. ADMÓN. JUSTICIA;2022;287
CANTABRIA;9. ADMÓN. JUSTICIA;2021;195
CANTABRIA;9. ADMÓN. JUSTICIA;2020;204
CANTABRIA;9. ADMÓN. JUSTICIA;2019;223
CANTABRIA;9. ADMÓN. JUSTICIA;2018;230
CANTABRIA;10. ORDEN PÚBLICO;2024;251
CANTABRIA;10. ORDEN PÚBLICO;2023;243
CANTABRIA;10. ORDEN PÚBLICO;2022;306
CANTABRIA;10. ORDEN PÚBLICO;2021;246
CANTABRIA;10. ORDEN PÚBLICO;2020;430
CANTABRIA;10. ORDEN PÚBLICO;2019;163
CANTABRIA;10. ORDEN PÚBLICO;2018;185
CANTABRIA;11. LEGISLACIÓN ESPECIAL;2024;4
CANTABRIA;11. LEGISLACIÓN ESPECIAL;2023;5
CANTABRIA;11. LEGISLACIÓN ESPECIAL;2022;0
CANTABRIA;11. LEGISLACIÓN ESPECIAL;2021;6
CANTABRIA;11. LEGISLACIÓN ESPECIAL;2020;0
CANTABRIA;11. LEGISLACIÓN ESPECIAL;2019;0
CANTABRIA;11. LEGISLACIÓN ESPECIAL;2018;1
CANTABRIA;12. OTRAS INFRACCIONES PENALES;2024;55
CANTABRIA;12. OTRAS INFRACCIONES PENALES;2023;70
CANTABRIA;12. OTRAS INFRACCIONES PENALES;2022;69
CANTABRIA;12. OTRAS INFRACCIONES PENALES;2021;65
CANTABRIA;12. OTRAS INFRACCIONES PENALES;2020;71
CANTABRIA;12. OTRAS INFRACCIONES PENALES;2019;84
CANTABRIA;12. OTRAS INFRACCIONES PENALES;2018;71
CANTABRIA;TOTAL INFRACCIONES PENALES;2024;5.326
CANTABRIA;TOTAL INFRACCIONES PENALES;2023;5.717
CANTABRIA;TOTAL INFRACCIONES PENALES;2022;5.576
CANTABRIA;TOTAL INFRACCIONES PENALES;2021;4.795
CANTABRIA;TOTAL INFRACCIONES PENALES;2020;4.111
CANTABRIA;TOTAL INFRACCIONES PENALES;2019;4.139
CANTABRIA;TOTAL INFRACCIONES PENALES;2018;3.981
CASTILLA Y LEÓN;1. CONTRA LAS PERSONAS;2024;5.315
CASTILLA Y LEÓN;1. CONTRA LAS PERSONAS;2023;5.201
CASTILLA Y LEÓN;1. CONTRA LAS PERSONAS;2022;4.871
CASTILLA Y LEÓN;1. CONTRA LAS PERSONAS;2021;4.117
CASTILLA Y LEÓN;1. CONTRA LAS PERSONAS;2020;3.654
CASTILLA Y LEÓN;1. CONTRA LAS PERSONAS;2019;3.957
CASTILLA Y LEÓN;1. CONTRA LAS PERSONAS;2018;4.025
CASTILLA Y LEÓN;1.1.-Homicidios dolosos/asesinatos;2024;61
CASTILLA Y LEÓN;1.1.-Homicidios dolosos/asesinatos;2023;55
CASTILLA Y LEÓN;1.1.-Homicidios dolosos/asesinatos;2022;65
CASTILLA Y LEÓN;1.1.-Homicidios dolosos/asesinatos;2021;34
CASTILLA Y LEÓN;1.1.-Homicidios dolosos/asesinatos;2020;69
CASTILLA Y LEÓN;1.1.-Homicidios dolosos/asesinatos;2019;61
CASTILLA Y LEÓN;1.1.-Homicidios dolosos/asesinatos;2018;47
CASTILLA Y LEÓN;1.1.1.-Homicidios dolosos/asesinatos consumados;2024;11
CASTILLA Y LEÓN;1.1.1.-Homicidios dolosos/asesinatos consumados;2023;10
CASTILLA Y LEÓN;1.1.1.-Homicidios dolosos/asesinatos consumados;2022;20
CASTILLA Y LEÓN;1.1.1.-Homicidios dolosos/asesinatos consumados;2021;13
CASTILLA Y LEÓN;1.1.1.-Homicidios dolosos/asesinatos consumados;2020;33
CASTILLA Y LEÓN;1.1.1.-Homicidios dolosos/asesinatos consumados;2019;27
CASTILLA Y LEÓN;1.1.1.-Homicidios dolosos/asesinatos consumados;2018;19
CASTILLA Y LEÓN;1.2.-Lesiones;2024;2.084
CASTILLA Y LEÓN;1.2.-Lesiones;2023;1.953
CASTILLA Y LEÓN;1.2.-Lesiones;2022;2.003
CASTILLA Y LEÓN;1.2.-Lesiones;2021;1.598
CASTILLA Y LEÓN;1.2.-Lesiones;2020;1.346
CASTILLA Y LEÓN;1.2.-Lesiones;2019;1.651
CASTILLA Y LEÓN;1.2.-Lesiones;2018;1.829
CASTILLA Y LEÓN;1.3.-Malos tratos ámbito familiar;2024;3.022
CASTILLA Y LEÓN;1.3.-Malos tratos ámbito familiar;2023;3.012
CASTILLA Y LEÓN;1.3.-Malos tratos ámbito familiar;2022;2.678
CASTILLA Y LEÓN;1.3.-Malos tratos ámbito familiar;2021;2.382
CASTILLA Y LEÓN;1.3.-Malos tratos ámbito familiar;2020;2.163
CASTILLA Y LEÓN;1.3.-Malos tratos ámbito familiar;2019;2.135
CASTILLA Y LEÓN;1.3.-Malos tratos ámbito familiar;2018;2.068
CASTILLA Y LEÓN;1.4.-Otros contra las personas;2024;148
CASTILLA Y LEÓN;1.4.-Otros contra las personas;2023;181
CASTILLA Y LEÓN;1.4.-Otros contra las personas;2022;125
CASTILLA Y LEÓN;1.4.-Otros contra las personas;2021;103
CASTILLA Y LEÓN;1.4.-Otros contra las personas;2020;76
CASTILLA Y LEÓN;1.4.-Otros contra las personas;2019;110
CASTILLA Y LEÓN;1.4.-Otros contra las personas;2018;81
CASTILLA Y LEÓN;2. CONTRA LA LIBERTAD;2024;2.508
CASTILLA Y LEÓN;2. CONTRA LA LIBERTAD;2023;2.477
CASTILLA Y LEÓN;2. CONTRA LA LIBERTAD;2022;2.245
CASTILLA Y LEÓN;2. CONTRA LA LIBERTAD;2021;2.193
CASTILLA Y LEÓN;2. CONTRA LA LIBERTAD;2020;1.960
CASTILLA Y LEÓN;2. CONTRA LA LIBERTAD;2019;2.140
CASTILLA Y LEÓN;2. CONTRA LA LIBERTAD;2018;2.118
CASTILLA Y LEÓN;2.1.-Malos tratos habituales en el ámbito familiar;2024;557
CASTILLA Y LEÓN;2.1.-Malos tratos habituales en el ámbito familiar;2023;574
CASTILLA Y LEÓN;2.1.-Malos tratos habituales en el ámbito familiar;2022;515
CASTILLA Y LEÓN;2.1.-Malos tratos habituales en el ámbito familiar;2021;505
CASTILLA Y LEÓN;2.1.-Malos tratos habituales en el ámbito familiar;2020;435
CASTILLA Y LEÓN;2.1.-Malos tratos habituales en el ámbito familiar;2019;463
CASTILLA Y LEÓN;2.1.-Malos tratos habituales en el ámbito familiar;2018;469
CASTILLA Y LEÓN;2.2.-Otros contra la libertad;2024;1.951
CASTILLA Y LEÓN;2.2.-Otros contra la libertad;2023;1.903
CASTILLA Y LEÓN;2.2.-Otros contra la libertad;2022;1.730
CASTILLA Y LEÓN;2.2.-Otros contra la libertad;2021;1.688
CASTILLA Y LEÓN;2.2.-Otros contra la libertad;2020;1.525
CASTILLA Y LEÓN;2.2.-Otros contra la libertad;2019;1.677
CASTILLA Y LEÓN;2.2.-Otros contra la libertad;2018;1.649
CASTILLA Y LEÓN;3. LIBERTAD SEXUAL;2024;544
CASTILLA Y LEÓN;3. LIBERTAD SEXUAL;2023;484
CASTILLA Y LEÓN;3. LIBERTAD SEXUAL;2022;428
CASTILLA Y LEÓN;3. LIBERTAD SEXUAL;2021;393
CASTILLA Y LEÓN;3. LIBERTAD SEXUAL;2020;257
CASTILLA Y LEÓN;3. LIBERTAD SEXUAL;2019;336
CASTILLA Y LEÓN;3. LIBERTAD SEXUAL;2018;340
CASTILLA Y LEÓN;3.1.-Agresión sexual;2024;353
CASTILLA Y LEÓN;3.1.-Agresión sexual;2023;283
CASTILLA Y LEÓN;3.1.-Agresión sexual;2022;249
CASTILLA Y LEÓN;3.1.-Agresión sexual;2021;223
CASTILLA Y LEÓN;3.1.-Agresión sexual;2020;148
CASTILLA Y LEÓN;3.1.-Agresión sexual;2019;184
CASTILLA Y LEÓN;3.1.-Agresión sexual;2018;186
CASTILLA Y LEÓN;3.2.-Agresión sexual con penetración;2024;109
CASTILLA Y LEÓN;3.2.-Agresión sexual con penetración;2023;118
CASTILLA Y LEÓN;3.2.-Agresión sexual con penetración;2022;79
CASTILLA Y LEÓN;3.2.-Agresión sexual con penetración;2021;99
CASTILLA Y LEÓN;3.2.-Agresión sexual con penetración;2020;52
CASTILLA Y LEÓN;3.2.-Agresión sexual con penetración;2019;63
CASTILLA Y LEÓN;3.2.-Agresión sexual con penetración;2018;61
CASTILLA Y LEÓN;3.3.-Corrupción de menores o incapacitados;2024;15
CASTILLA Y LEÓN;3.3.-Corrupción de menores o incapacitados;2023;10
CASTILLA Y LEÓN;3.3.-Corrupción de menores o incapacitados;2022;13
CASTILLA Y LEÓN;3.3.-Corrupción de menores o incapacitados;2021;12
CASTILLA Y LEÓN;3.3.-Corrupción de menores o incapacitados;2020;4
CASTILLA Y LEÓN;3.3.-Corrupción de menores o incapacitados;2019;8
CASTILLA Y LEÓN;3.3.-Corrupción de menores o incapacitados;2018;14
CASTILLA Y LEÓN;3.4.-Pornografía de menores;2024;16
CASTILLA Y LEÓN;3.4.-Pornografía de menores;2023;27
CASTILLA Y LEÓN;3.4.-Pornografía de menores;2022;32
CASTILLA Y LEÓN;3.4.-Pornografía de menores;2021;18
CASTILLA Y LEÓN;3.4.-Pornografía de menores;2020;18
CASTILLA Y LEÓN;3.4.-Pornografía de menores;2019;26
CASTILLA Y LEÓN;3.4.-Pornografía de menores;2018;40
CASTILLA Y LEÓN;3.5.-Otros contra la libertad sexual;2024;51
CASTILLA Y LEÓN;3.5.-Otros contra la libertad sexual;2023;46
CASTILLA Y LEÓN;3.5.-Otros contra la libertad sexual;2022;55
CASTILLA Y LEÓN;3.5.-Otros contra la libertad sexual;2021;41
CASTILLA Y LEÓN;3.5.-Otros contra la libertad sexual;2020;35
CASTILLA Y LEÓN;3.5.-Otros contra la libertad sexual;2019;55
CASTILLA Y LEÓN;3.5.-Otros contra la libertad sexual;2018;39
CASTILLA Y LEÓN;4. RELACIONES FAMILIARES;2024;51
CASTILLA Y LEÓN;4. RELACIONES FAMILIARES;2023;42
CASTILLA Y LEÓN;4. RELACIONES FAMILIARES;2022;39
CASTILLA Y LEÓN;4. RELACIONES FAMILIARES;2021;57
CASTILLA Y LEÓN;4. RELACIONES FAMILIARES;2020;35
CASTILLA Y LEÓN;4. RELACIONES FAMILIARES;2019;52
CASTILLA Y LEÓN;4. RELACIONES FAMILIARES;2018;59
CASTILLA Y LEÓN;5. PATRIMONIO;2024;5.453
CASTILLA Y LEÓN;5. PATRIMONIO;2023;5.443
CASTILLA Y LEÓN;5. PATRIMONIO;2022;5.008
CASTILLA Y LEÓN;5. PATRIMONIO;2021;4.336
CASTILLA Y LEÓN;5. PATRIMONIO;2020;3.891
CASTILLA Y LEÓN;5. PATRIMONIO;2019;5.113
CASTILLA Y LEÓN;5. PATRIMONIO;2018;5.102
CASTILLA Y LEÓN;5.1.-Hurtos;2024;1.827
CASTILLA Y LEÓN;5.1.-Hurtos;2023;1.865
CASTILLA Y LEÓN;5.1.-Hurtos;2022;1.610
CASTILLA Y LEÓN;5.1.-Hurtos;2021;1.367
CASTILLA Y LEÓN;5.1.-Hurtos;2020;1.090
CASTILLA Y LEÓN;5.1.-Hurtos;2019;1.748
CASTILLA Y LEÓN;5.1.-Hurtos;2018;1.721
CASTILLA Y LEÓN;5.2.-Robos con fuerza en las cosas;2024;1.081
CASTILLA Y LEÓN;5.2.-Robos con fuerza en las cosas;2023;1.051
CASTILLA Y LEÓN;5.2.-Robos con fuerza en las cosas;2022;1.116
CASTILLA Y LEÓN;5.2.-Robos con fuerza en las cosas;2021;955
CASTILLA Y LEÓN;5.2.-Robos con fuerza en las cosas;2020;869
CASTILLA Y LEÓN;5.2.-Robos con fuerza en las cosas;2019;1.189
CASTILLA Y LEÓN;5.2.-Robos con fuerza en las cosas;2018;1.126
CASTILLA Y LEÓN;5.2.1.-Robos con fuerza en las cosas en el interior de vehículos;2024;150
CASTILLA Y LEÓN;5.2.1.-Robos con fuerza en las cosas en el interior de vehículos;2023;165
CASTILLA Y LEÓN;5.2.1.-Robos con fuerza en las cosas en el interior de vehículos;2022;135
CASTILLA Y LEÓN;5.2.1.-Robos con fuerza en las cosas en el interior de vehículos;2021;151
CASTILLA Y LEÓN;5.2.1.-Robos con fuerza en las cosas en el interior de vehículos;2020;133
CASTILLA Y LEÓN;5.2.1.-Robos con fuerza en las cosas en el interior de vehículos;2019;124
CASTILLA Y LEÓN;5.2.1.-Robos con fuerza en las cosas en el interior de vehículos;2018;142
CASTILLA Y LEÓN;5.2.2.-Robos con fuerza en viviendas;2024;259
CASTILLA Y LEÓN;5.2.2.-Robos con fuerza en viviendas;2023;293
CASTILLA Y LEÓN;5.2.2.-Robos con fuerza en viviendas;2022;284
CASTILLA Y LEÓN;5.2.2.-Robos con fuerza en viviendas;2021;262
CASTILLA Y LEÓN;5.2.2.-Robos con fuerza en viviendas;2020;250
CASTILLA Y LEÓN;5.2.2.-Robos con fuerza en viviendas;2019;397
CASTILLA Y LEÓN;5.2.2.-Robos con fuerza en viviendas;2018;371
CASTILLA Y LEÓN;5.2.3.-Robos con fuerza en establecimientos;2024;257
CASTILLA Y LEÓN;5.2.3.-Robos con fuerza en establecimientos;2023;270
CASTILLA Y LEÓN;5.2.3.-Robos con fuerza en establecimientos;2022;335
CASTILLA Y LEÓN;5.2.3.-Robos con fuerza en establecimientos;2021;275
CASTILLA Y LEÓN;5.2.3.-Robos con fuerza en establecimientos;2020;213
CASTILLA Y LEÓN;5.2.3.-Robos con fuerza en establecimientos;2019;324
CASTILLA Y LEÓN;5.2.3.-Robos con fuerza en establecimientos;2018;292
CASTILLA Y LEÓN;5.3.-Robos con violencia o intimidación;2024;505
CASTILLA Y LEÓN;5.3.-Robos con violencia o intimidación;2023;480
CASTILLA Y LEÓN;5.3.-Robos con violencia o intimidación;2022;407
CASTILLA Y LEÓN;5.3.-Robos con violencia o intimidación;2021;376
CASTILLA Y LEÓN;5.3.-Robos con violencia o intimidación;2020;300
CASTILLA Y LEÓN;5.3.-Robos con violencia o intimidación;2019;411
CASTILLA Y LEÓN;5.3.-Robos con violencia o intimidación;2018;420
CASTILLA Y LEÓN;5.3.1.-Robos con violencia en vía pública;2024;239
CASTILLA Y LEÓN;5.3.1.-Robos con violencia en vía pública;2023;226
CASTILLA Y LEÓN;5.3.1.-Robos con violencia en vía pública;2022;191
CASTILLA Y LEÓN;5.3.1.-Robos con violencia en vía pública;2021;192
CASTILLA Y LEÓN;5.3.1.-Robos con violencia en vía pública;2020;155
CASTILLA Y LEÓN;5.3.1.-Robos con violencia en vía pública;2019;211
CASTILLA Y LEÓN;5.3.1.-Robos con violencia en vía pública;2018;197
CASTILLA Y LEÓN;5.3.2.-Robos con violencia en viviendas;2024;56
CASTILLA Y LEÓN;5.3.2.-Robos con violencia en viviendas;2023;56
CASTILLA Y LEÓN;5.3.2.-Robos con violencia en viviendas;2022;38
CASTILLA Y LEÓN;5.3.2.-Robos con violencia en viviendas;2021;49
CASTILLA Y LEÓN;5.3.2.-Robos con violencia en viviendas;2020;40
CASTILLA Y LEÓN;5.3.2.-Robos con violencia en viviendas;2019;47
CASTILLA Y LEÓN;5.3.2.-Robos con violencia en viviendas;2018;56
CASTILLA Y LEÓN;5.3.3.-Robos con violencia en establecimientos;2024;160
CASTILLA Y LEÓN;5.3.3.-Robos con violencia en establecimientos;2023;147
CASTILLA Y LEÓN;5.3.3.-Robos con violencia en establecimientos;2022;131
CASTILLA Y LEÓN;5.3.3.-Robos con violencia en establecimientos;2021;92
CASTILLA Y LEÓN;5.3.3.-Robos con violencia en establecimientos;2020;76
CASTILLA Y LEÓN;5.3.3.-Robos con violencia en establecimientos;2019;108
CASTILLA Y LEÓN;5.3.3.-Robos con violencia en establecimientos;2018;116
CASTILLA Y LEÓN;5.4.-Sustracción de vehículos;2024;113
CASTILLA Y LEÓN;5.4.-Sustracción de vehículos;2023;88
CASTILLA Y LEÓN;5.4.-Sustracción de vehículos;2022;110
CASTILLA Y LEÓN;5.4.-Sustracción de vehículos;2021;65
CASTILLA Y LEÓN;5.4.-Sustracción de vehículos;2020;74
CASTILLA Y LEÓN;5.4.-Sustracción de vehículos;2019;79
CASTILLA Y LEÓN;5.4.-Sustracción de vehículos;2018;79
CASTILLA Y LEÓN;5.5.-Estafas;2024;910
CASTILLA Y LEÓN;5.5.-Estafas;2023;944
CASTILLA Y LEÓN;5.5.-Estafas;2022;743
CASTILLA Y LEÓN;5.5.-Estafas;2021;594
CASTILLA Y LEÓN;5.5.-Estafas;2020;588
CASTILLA Y LEÓN;5.5.-Estafas;2019;661
CASTILLA Y LEÓN;5.5.-Estafas;2018;621
CASTILLA Y LEÓN;5.5.1.-Estafas informáticas;2024;580
CASTILLA Y LEÓN;5.5.1.-Estafas informáticas;2023;654
CASTILLA Y LEÓN;5.5.1.-Estafas informáticas;2022;381
CASTILLA Y LEÓN;5.5.1.-Estafas informáticas;2021;330
CASTILLA Y LEÓN;5.5.1.-Estafas informáticas;2020;287
CASTILLA Y LEÓN;5.5.1.-Estafas informáticas;2019;192
CASTILLA Y LEÓN;5.5.1.-Estafas informáticas;2018;119
CASTILLA Y LEÓN;5.6.-Daños;2024;540
CASTILLA Y LEÓN;5.6.-Daños;2023;511
CASTILLA Y LEÓN;5.6.-Daños;2022;587
CASTILLA Y LEÓN;5.6.-Daños;2021;567
CASTILLA Y LEÓN;5.6.-Daños;2020;571
CASTILLA Y LEÓN;5.6.-Daños;2019;548
CASTILLA Y LEÓN;5.6.-Daños;2018;569
CASTILLA Y LEÓN;5.7.-Contra la propiedad intelectual/industrial;2024;30
CASTILLA Y LEÓN;5.7.-Contra la propiedad intelectual/industrial;2023;87
CASTILLA Y LEÓN;5.7.-Contra la propiedad intelectual/industrial;2022;39
CASTILLA Y LEÓN;5.7.-Contra la propiedad intelectual/industrial;2021;41
CASTILLA Y LEÓN;5.7.-Contra la propiedad intelectual/industrial;2020;30
CASTILLA Y LEÓN;5.7.-Contra la propiedad intelectual/industrial;2019;44
CASTILLA Y LEÓN;5.7.-Contra la propiedad intelectual/industrial;2018;83
CASTILLA Y LEÓN;5.8.-Blanqueo de capitales;2024;23
CASTILLA Y LEÓN;5.8.-Blanqueo de capitales;2023;7
CASTILLA Y LEÓN;5.8.-Blanqueo de capitales;2022;9
CASTILLA Y LEÓN;5.8.-Blanqueo de capitales;2021;9
CASTILLA Y LEÓN;5.8.-Blanqueo de capitales;2020;3
CASTILLA Y LEÓN;5.8.-Blanqueo de capitales;2019;0
CASTILLA Y LEÓN;5.8.-Blanqueo de capitales;2018;13
CASTILLA Y LEÓN;5.9.-Otros contra el patrimonio;2024;424
CASTILLA Y LEÓN;5.9.-Otros contra el patrimonio;2023;410
CASTILLA Y LEÓN;5.9.-Otros contra el patrimonio;2022;387
CASTILLA Y LEÓN;5.9.-Otros contra el patrimonio;2021;362
CASTILLA Y LEÓN;5.9.-Otros contra el patrimonio;2020;366
CASTILLA Y LEÓN;5.9.-Otros contra el patrimonio;2019;433
CASTILLA Y LEÓN;5.9.-Otros contra el patrimonio;2018;470
CASTILLA Y LEÓN;6. SEGURIDAD COLECTIVA;2024;2.862
CASTILLA Y LEÓN;6. SEGURIDAD COLECTIVA;2023;2.955
CASTILLA Y LEÓN;6. SEGURIDAD COLECTIVA;2022;3.007
CASTILLA Y LEÓN;6. SEGURIDAD COLECTIVA;2021;2.931
CASTILLA Y LEÓN;6. SEGURIDAD COLECTIVA;2020;2.478
CASTILLA Y LEÓN;6. SEGURIDAD COLECTIVA;2019;2.947
CASTILLA Y LEÓN;6. SEGURIDAD COLECTIVA;2018;2.829
CASTILLA Y LEÓN;6.1.-Tráfico de drogas;2024;560
CASTILLA Y LEÓN;6.1.-Tráfico de drogas;2023;699
CASTILLA Y LEÓN;6.1.-Tráfico de drogas;2022;702
CASTILLA Y LEÓN;6.1.-Tráfico de drogas;2021;796
CASTILLA Y LEÓN;6.1.-Tráfico de drogas;2020;778
CASTILLA Y LEÓN;6.1.-Tráfico de drogas;2019;713
CASTILLA Y LEÓN;6.1.-Tráfico de drogas;2018;736
CASTILLA Y LEÓN;6.2.-Contra la seguridad vial;2024;2.206
CASTILLA Y LEÓN;6.2.-Contra la seguridad vial;2023;2.180
CASTILLA Y LEÓN;6.2.-Contra la seguridad vial;2022;2.221
CASTILLA Y LEÓN;6.2.-Contra la seguridad vial;2021;2.063
CASTILLA Y LEÓN;6.2.-Contra la seguridad vial;2020;1.645
CASTILLA Y LEÓN;6.2.-Contra la seguridad vial;2019;2.145
CASTILLA Y LEÓN;6.2.-Contra la seguridad vial;2018;2.004
CASTILLA Y LEÓN;6.3.-Otros contra la seguridad colectiva;2024;96
CASTILLA Y LEÓN;6.3.-Otros contra la seguridad colectiva;2023;76
CASTILLA Y LEÓN;6.3.-Otros contra la seguridad colectiva;2022;84
CASTILLA Y LEÓN;6.3.-Otros contra la seguridad colectiva;2021;72
CASTILLA Y LEÓN;6.3.-Otros contra la seguridad colectiva;2020;55
CASTILLA Y LEÓN;6.3.-Otros contra la seguridad colectiva;2019;89
CASTILLA Y LEÓN;6.3.-Otros contra la seguridad colectiva;2018;89
CASTILLA Y LEÓN;7. FALSEDADES;2024;341
CASTILLA Y LEÓN;7. FALSEDADES;2023;365
CASTILLA Y LEÓN;7. FALSEDADES;2022;407
CASTILLA Y LEÓN;7. FALSEDADES;2021;425
CASTILLA Y LEÓN;7. FALSEDADES;2020;288
CASTILLA Y LEÓN;7. FALSEDADES;2019;266
CASTILLA Y LEÓN;7. FALSEDADES;2018;299
CASTILLA Y LEÓN;8. ADMÓN. PÚBLICA;2024;14
CASTILLA Y LEÓN;8. ADMÓN. PÚBLICA;2023;26
CASTILLA Y LEÓN;8. ADMÓN. PÚBLICA;2022;12
CASTILLA Y LEÓN;8. ADMÓN. PÚBLICA;2021;17
CASTILLA Y LEÓN;8. ADMÓN. PÚBLICA;2020;12
CASTILLA Y LEÓN;8. ADMÓN. PÚBLICA;2019;15
CASTILLA Y LEÓN;8. ADMÓN. PÚBLICA;2018;29
CASTILLA Y LEÓN;9. ADMÓN. JUSTICIA;2024;1.252
CASTILLA Y LEÓN;9. ADMÓN. JUSTICIA;2023;1.172
CASTILLA Y LEÓN;9. ADMÓN. JUSTICIA;2022;1.126
CASTILLA Y LEÓN;9. ADMÓN. JUSTICIA;2021;926
CASTILLA Y LEÓN;9. ADMÓN. JUSTICIA;2020;855
CASTILLA Y LEÓN;9. ADMÓN. JUSTICIA;2019;948
CASTILLA Y LEÓN;9. ADMÓN. JUSTICIA;2018;886
CASTILLA Y LEÓN;10. ORDEN PÚBLICO;2024;989
CASTILLA Y LEÓN;10. ORDEN PÚBLICO;2023;961
CASTILLA Y LEÓN;10. ORDEN PÚBLICO;2022;936
CASTILLA Y LEÓN;10. ORDEN PÚBLICO;2021;865
CASTILLA Y LEÓN;10. ORDEN PÚBLICO;2020;1.041
CASTILLA Y LEÓN;10. ORDEN PÚBLICO;2019;708
CASTILLA Y LEÓN;10. ORDEN PÚBLICO;2018;619
CASTILLA Y LEÓN;11. LEGISLACIÓN ESPECIAL;2024;1
CASTILLA Y LEÓN;11. LEGISLACIÓN ESPECIAL;2023;19
CASTILLA Y LEÓN;11. LEGISLACIÓN ESPECIAL;2022;3
CASTILLA Y LEÓN;11. LEGISLACIÓN ESPECIAL;2021;3
CASTILLA Y LEÓN;11. LEGISLACIÓN ESPECIAL;2020;4
CASTILLA Y LEÓN;11. LEGISLACIÓN ESPECIAL;2019;18
CASTILLA Y LEÓN;11. LEGISLACIÓN ESPECIAL;2018;1
CASTILLA Y LEÓN;12. OTRAS INFRACCIONES PENALES;2024;345
CASTILLA Y LEÓN;12. OTRAS INFRACCIONES PENALES;2023;476
CASTILLA Y LEÓN;12. OTRAS INFRACCIONES PENALES;2022;304
CASTILLA Y LEÓN;12. OTRAS INFRACCIONES PENALES;2021;315
CASTILLA Y LEÓN;12. OTRAS INFRACCIONES PENALES;2020;322
CASTILLA Y LEÓN;12. OTRAS INFRACCIONES PENALES;2019;360
CASTILLA Y LEÓN;12. OTRAS INFRACCIONES PENALES;2018;295
CASTILLA Y LEÓN;TOTAL INFRACCIONES PENALES;2024;19.675
CASTILLA Y LEÓN;TOTAL INFRACCIONES PENALES;2023;19.621
CASTILLA Y LEÓN;TOTAL INFRACCIONES PENALES;2022;18.386
CASTILLA Y LEÓN;TOTAL INFRACCIONES PENALES;2021;16.578
CASTILLA Y LEÓN;TOTAL INFRACCIONES PENALES;2020;14.797
CASTILLA Y LEÓN;TOTAL INFRACCIONES PENALES;2019;16.860
CASTILLA Y LEÓN;TOTAL INFRACCIONES PENALES;2018;16.602
CASTILLA - LA MANCHA;1. CONTRA LAS PERSONAS;2024;5.540
CASTILLA - LA MANCHA;1. CONTRA LAS PERSONAS;2023;5.416
CASTILLA - LA MANCHA;1. CONTRA LAS PERSONAS;2022;5.183
CASTILLA - LA MANCHA;1. CONTRA LAS PERSONAS;2021;4.831
CASTILLA - LA MANCHA;1. CONTRA LAS PERSONAS;2020;4.283
CASTILLA - LA MANCHA;1. CONTRA LAS PERSONAS;2019;4.972
CASTILLA - LA MANCHA;1. CONTRA LAS PERSONAS;2018;4.682
CASTILLA - LA MANCHA;1.1.-Homicidios dolosos/asesinatos;2024;48
CASTILLA - LA MANCHA;1.1.-Homicidios dolosos/asesinatos;2023;65
CASTILLA - LA MANCHA;1.1.-Homicidios dolosos/asesinatos;2022;76
CASTILLA - LA MANCHA;1.1.-Homicidios dolosos/asesinatos;2021;87
CASTILLA - LA MANCHA;1.1.-Homicidios dolosos/asesinatos;2020;45
CASTILLA - LA MANCHA;1.1.-Homicidios dolosos/asesinatos;2019;41
CASTILLA - LA MANCHA;1.1.-Homicidios dolosos/asesinatos;2018;40
CASTILLA - LA MANCHA;1.1.1.-Homicidios dolosos/asesinatos consumados;2024;8
CASTILLA - LA MANCHA;1.1.1.-Homicidios dolosos/asesinatos consumados;2023;25
CASTILLA - LA MANCHA;1.1.1.-Homicidios dolosos/asesinatos consumados;2022;24
CASTILLA - LA MANCHA;1.1.1.-Homicidios dolosos/asesinatos consumados;2021;24
CASTILLA - LA MANCHA;1.1.1.-Homicidios dolosos/asesinatos consumados;2020;16
CASTILLA - LA MANCHA;1.1.1.-Homicidios dolosos/asesinatos consumados;2019;10
CASTILLA - LA MANCHA;1.1.1.-Homicidios dolosos/asesinatos consumados;2018;12
CASTILLA - LA MANCHA;1.2.-Lesiones;2024;2.188
CASTILLA - LA MANCHA;1.2.-Lesiones;2023;2.168
CASTILLA - LA MANCHA;1.2.-Lesiones;2022;2.123
CASTILLA - LA MANCHA;1.2.-Lesiones;2021;1.987
CASTILLA - LA MANCHA;1.2.-Lesiones;2020;1.602
CASTILLA - LA MANCHA;1.2.-Lesiones;2019;2.189
CASTILLA - LA MANCHA;1.2.-Lesiones;2018;2.105
CASTILLA - LA MANCHA;1.3.-Malos tratos ámbito familiar;2024;3.205
CASTILLA - LA MANCHA;1.3.-Malos tratos ámbito familiar;2023;3.072
CASTILLA - LA MANCHA;1.3.-Malos tratos ámbito familiar;2022;2.850
CASTILLA - LA MANCHA;1.3.-Malos tratos ámbito familiar;2021;2.604
CASTILLA - LA MANCHA;1.3.-Malos tratos ámbito familiar;2020;2.498
CASTILLA - LA MANCHA;1.3.-Malos tratos ámbito familiar;2019;2.613
CASTILLA - LA MANCHA;1.3.-Malos tratos ámbito familiar;2018;2.467
CASTILLA - LA MANCHA;1.4.-Otros contra las personas;2024;99
CASTILLA - LA MANCHA;1.4.-Otros contra las personas;2023;111
CASTILLA - LA MANCHA;1.4.-Otros contra las personas;2022;134
CASTILLA - LA MANCHA;1.4.-Otros contra las personas;2021;153
CASTILLA - LA MANCHA;1.4.-Otros contra las personas;2020;138
CASTILLA - LA MANCHA;1.4.-Otros contra las personas;2019;129
CASTILLA - LA MANCHA;1.4.-Otros contra las personas;2018;70
CASTILLA - LA MANCHA;2. CONTRA LA LIBERTAD;2024;2.737
CASTILLA - LA MANCHA;2. CONTRA LA LIBERTAD;2023;2.614
CASTILLA - LA MANCHA;2. CONTRA LA LIBERTAD;2022;2.468
CASTILLA - LA MANCHA;2. CONTRA LA LIBERTAD;2021;2.434
CASTILLA - LA MANCHA;2. CONTRA LA LIBERTAD;2020;2.145
CASTILLA - LA MANCHA;2. CONTRA LA LIBERTAD;2019;2.283
CASTILLA - LA MANCHA;2. CONTRA LA LIBERTAD;2018;2.285
CASTILLA - LA MANCHA;2.1.-Malos tratos habituales en el ámbito familiar;2024;826
CASTILLA - LA MANCHA;2.1.-Malos tratos habituales en el ámbito familiar;2023;808
CASTILLA - LA MANCHA;2.1.-Malos tratos habituales en el ámbito familiar;2022;660
CASTILLA - LA MANCHA;2.1.-Malos tratos habituales en el ámbito familiar;2021;552
CASTILLA - LA MANCHA;2.1.-Malos tratos habituales en el ámbito familiar;2020;493
CASTILLA - LA MANCHA;2.1.-Malos tratos habituales en el ámbito familiar;2019;512
CASTILLA - LA MANCHA;2.1.-Malos tratos habituales en el ámbito familiar;2018;523
CASTILLA - LA MANCHA;2.2.-Otros contra la libertad;2024;1.911
CASTILLA - LA MANCHA;2.2.-Otros contra la libertad;2023;1.806
CASTILLA - LA MANCHA;2.2.-Otros contra la libertad;2022;1.808
CASTILLA - LA MANCHA;2.2.-Otros contra la libertad;2021;1.882
CASTILLA - LA MANCHA;2.2.-Otros contra la libertad;2020;1.652
CASTILLA - LA MANCHA;2.2.-Otros contra la libertad;2019;1.771
CASTILLA - LA MANCHA;2.2.-Otros contra la libertad;2018;1.762
CASTILLA - LA MANCHA;3. LIBERTAD SEXUAL;2024;520
CASTILLA - LA MANCHA;3. LIBERTAD SEXUAL;2023;498
CASTILLA - LA MANCHA;3. LIBERTAD SEXUAL;2022;405
CASTILLA - LA MANCHA;3. LIBERTAD SEXUAL;2021;386
CASTILLA - LA MANCHA;3. LIBERTAD SEXUAL;2020;318
CASTILLA - LA MANCHA;3. LIBERTAD SEXUAL;2019;385
CASTILLA - LA MANCHA;3. LIBERTAD SEXUAL;2018;352
CASTILLA - LA MANCHA;3.1.-Agresión sexual;2024;334
CASTILLA - LA MANCHA;3.1.-Agresión sexual;2023;319
CASTILLA - LA MANCHA;3.1.-Agresión sexual;2022;260
CASTILLA - LA MANCHA;3.1.-Agresión sexual;2021;258
CASTILLA - LA MANCHA;3.1.-Agresión sexual;2020;216
CASTILLA - LA MANCHA;3.1.-Agresión sexual;2019;235
CASTILLA - LA MANCHA;3.1.-Agresión sexual;2018;227
CASTILLA - LA MANCHA;3.2.-Agresión sexual con penetración;2024;91
CASTILLA - LA MANCHA;3.2.-Agresión sexual con penetración;2023;90
CASTILLA - LA MANCHA;3.2.-Agresión sexual con penetración;2022;90
CASTILLA - LA MANCHA;3.2.-Agresión sexual con penetración;2021;73
CASTILLA - LA MANCHA;3.2.-Agresión sexual con penetración;2020;50
CASTILLA - LA MANCHA;3.2.-Agresión sexual con penetración;2019;57
CASTILLA - LA MANCHA;3.2.-Agresión sexual con penetración;2018;66
CASTILLA - LA MANCHA;3.3.-Corrupción de menores o incapacitados;2024;5
CASTILLA - LA MANCHA;3.3.-Corrupción de menores o incapacitados;2023;15
CASTILLA - LA MANCHA;3.3.-Corrupción de menores o incapacitados;2022;9
CASTILLA - LA MANCHA;3.3.-Corrupción de menores o incapacitados;2021;9
CASTILLA - LA MANCHA;3.3.-Corrupción de menores o incapacitados;2020;6
CASTILLA - LA MANCHA;3.3.-Corrupción de menores o incapacitados;2019;8
CASTILLA - LA MANCHA;3.3.-Corrupción de menores o incapacitados;2018;9
CASTILLA - LA MANCHA;3.4.-Pornografía de menores;2024;28
CASTILLA - LA MANCHA;3.4.-Pornografía de menores;2023;24
CASTILLA - LA MANCHA;3.4.-Pornografía de menores;2022;12
CASTILLA - LA MANCHA;3.4.-Pornografía de menores;2021;13
CASTILLA - LA MANCHA;3.4.-Pornografía de menores;2020;16
CASTILLA - LA MANCHA;3.4.-Pornografía de menores;2019;43
CASTILLA - LA MANCHA;3.4.-Pornografía de menores;2018;22
CASTILLA - LA MANCHA;3.5.-Otros contra la libertad sexual;2024;62
CASTILLA - LA MANCHA;3.5.-Otros contra la libertad sexual;2023;50
CASTILLA - LA MANCHA;3.5.-Otros contra la libertad sexual;2022;34
CASTILLA - LA MANCHA;3.5.-Otros contra la libertad sexual;2021;33
CASTILLA - LA MANCHA;3.5.-Otros contra la libertad sexual;2020;30
CASTILLA - LA MANCHA;3.5.-Otros contra la libertad sexual;2019;42
CASTILLA - LA MANCHA;3.5.-Otros contra la libertad sexual;2018;28
CASTILLA - LA MANCHA;4. RELACIONES FAMILIARES;2024;79
CASTILLA - LA MANCHA;4. RELACIONES FAMILIARES;2023;101
CASTILLA - LA MANCHA;4. RELACIONES FAMILIARES;2022;102
CASTILLA - LA MANCHA;4. RELACIONES FAMILIARES;2021;100
CASTILLA - LA MANCHA;4. RELACIONES FAMILIARES;2020;112
CASTILLA - LA MANCHA;4. RELACIONES FAMILIARES;2019;124
CASTILLA - LA MANCHA;4. RELACIONES FAMILIARES;2018;127
CASTILLA - LA MANCHA;5. PATRIMONIO;2024;6.530
CASTILLA - LA MANCHA;5. PATRIMONIO;2023;6.506
CASTILLA - LA MANCHA;5. PATRIMONIO;2022;6.033
CASTILLA - LA MANCHA;5. PATRIMONIO;2021;5.642
CASTILLA - LA MANCHA;5. PATRIMONIO;2020;5.123
CASTILLA - LA MANCHA;5. PATRIMONIO;2019;6.086
CASTILLA - LA MANCHA;5. PATRIMONIO;2018;6.355
CASTILLA - LA MANCHA;5.1.-Hurtos;2024;2.029
CASTILLA - LA MANCHA;5.1.-Hurtos;2023;2.006
CASTILLA - LA MANCHA;5.1.-Hurtos;2022;1.714
CASTILLA - LA MANCHA;5.1.-Hurtos;2021;1.372
CASTILLA - LA MANCHA;5.1.-Hurtos;2020;1.237
CASTILLA - LA MANCHA;5.1.-Hurtos;2019;1.819
CASTILLA - LA MANCHA;5.1.-Hurtos;2018;1.942
CASTILLA - LA MANCHA;5.2.-Robos con fuerza en las cosas;2024;1.444
CASTILLA - LA MANCHA;5.2.-Robos con fuerza en las cosas;2023;1.407
CASTILLA - LA MANCHA;5.2.-Robos con fuerza en las cosas;2022;1.303
CASTILLA - LA MANCHA;5.2.-Robos con fuerza en las cosas;2021;1.142
CASTILLA - LA MANCHA;5.2.-Robos con fuerza en las cosas;2020;1.170
CASTILLA - LA MANCHA;5.2.-Robos con fuerza en las cosas;2019;1.255
CASTILLA - LA MANCHA;5.2.-Robos con fuerza en las cosas;2018;1.479
CASTILLA - LA MANCHA;5.2.1.-Robos con fuerza en las cosas en el interior de vehículos;2024;244
CASTILLA - LA MANCHA;5.2.1.-Robos con fuerza en las cosas en el interior de vehículos;2023;193
CASTILLA - LA MANCHA;5.2.1.-Robos con fuerza en las cosas en el interior de vehículos;2022;214
CASTILLA - LA MANCHA;5.2.1.-Robos con fuerza en las cosas en el interior de vehículos;2021;132
CASTILLA - LA MANCHA;5.2.1.-Robos con fuerza en las cosas en el interior de vehículos;2020;175
CASTILLA - LA MANCHA;5.2.1.-Robos con fuerza en las cosas en el interior de vehículos;2019;173
CASTILLA - LA MANCHA;5.2.1.-Robos con fuerza en las cosas en el interior de vehículos;2018;224
CASTILLA - LA MANCHA;5.2.2.-Robos con fuerza en viviendas;2024;457
CASTILLA - LA MANCHA;5.2.2.-Robos con fuerza en viviendas;2023;411
CASTILLA - LA MANCHA;5.2.2.-Robos con fuerza en viviendas;2022;400
CASTILLA - LA MANCHA;5.2.2.-Robos con fuerza en viviendas;2021;405
CASTILLA - LA MANCHA;5.2.2.-Robos con fuerza en viviendas;2020;474
CASTILLA - LA MANCHA;5.2.2.-Robos con fuerza en viviendas;2019;497
CASTILLA - LA MANCHA;5.2.2.-Robos con fuerza en viviendas;2018;585
CASTILLA - LA MANCHA;5.2.3.-Robos con fuerza en establecimientos;2024;255
CASTILLA - LA MANCHA;5.2.3.-Robos con fuerza en establecimientos;2023;319
CASTILLA - LA MANCHA;5.2.3.-Robos con fuerza en establecimientos;2022;289
CASTILLA - LA MANCHA;5.2.3.-Robos con fuerza en establecimientos;2021;273
CASTILLA - LA MANCHA;5.2.3.-Robos con fuerza en establecimientos;2020;209
CASTILLA - LA MANCHA;5.2.3.-Robos con fuerza en establecimientos;2019;247
CASTILLA - LA MANCHA;5.2.3.-Robos con fuerza en establecimientos;2018;270
CASTILLA - LA MANCHA;5.3.-Robos con violencia o intimidación;2024;566
CASTILLA - LA MANCHA;5.3.-Robos con violencia o intimidación;2023;533
CASTILLA - LA MANCHA;5.3.-Robos con violencia o intimidación;2022;451
CASTILLA - LA MANCHA;5.3.-Robos con violencia o intimidación;2021;432
CASTILLA - LA MANCHA;5.3.-Robos con violencia o intimidación;2020;359
CASTILLA - LA MANCHA;5.3.-Robos con violencia o intimidación;2019;457
CASTILLA - LA MANCHA;5.3.-Robos con violencia o intimidación;2018;447
CASTILLA - LA MANCHA;5.3.1.-Robos con violencia en vía pública;2024;260
CASTILLA - LA MANCHA;5.3.1.-Robos con violencia en vía pública;2023;261
CASTILLA - LA MANCHA;5.3.1.-Robos con violencia en vía pública;2022;221
CASTILLA - LA MANCHA;5.3.1.-Robos con violencia en vía pública;2021;218
CASTILLA - LA MANCHA;5.3.1.-Robos con violencia en vía pública;2020;164
CASTILLA - LA MANCHA;5.3.1.-Robos con violencia en vía pública;2019;225
CASTILLA - LA MANCHA;5.3.1.-Robos con violencia en vía pública;2018;251
CASTILLA - LA MANCHA;5.3.2.-Robos con violencia en viviendas;2024;89
CASTILLA - LA MANCHA;5.3.2.-Robos con violencia en viviendas;2023;87
CASTILLA - LA MANCHA;5.3.2.-Robos con violencia en viviendas;2022;58
CASTILLA - LA MANCHA;5.3.2.-Robos con violencia en viviendas;2021;53
CASTILLA - LA MANCHA;5.3.2.-Robos con violencia en viviendas;2020;52
CASTILLA - LA MANCHA;5.3.2.-Robos con violencia en viviendas;2019;52
CASTILLA - LA MANCHA;5.3.2.-Robos con violencia en viviendas;2018;68
CASTILLA - LA MANCHA;5.3.3.-Robos con violencia en establecimientos;2024;149
CASTILLA - LA MANCHA;5.3.3.-Robos con violencia en establecimientos;2023;130
CASTILLA - LA MANCHA;5.3.3.-Robos con violencia en establecimientos;2022;114
CASTILLA - LA MANCHA;5.3.3.-Robos con violencia en establecimientos;2021;111
CASTILLA - LA MANCHA;5.3.3.-Robos con violencia en establecimientos;2020;111
CASTILLA - LA MANCHA;5.3.3.-Robos con violencia en establecimientos;2019;102
CASTILLA - LA MANCHA;5.3.3.-Robos con violencia en establecimientos;2018;78
CASTILLA - LA MANCHA;5.4.-Sustracción de vehículos;2024;137
CASTILLA - LA MANCHA;5.4.-Sustracción de vehículos;2023;158
CASTILLA - LA MANCHA;5.4.-Sustracción de vehículos;2022;121
CASTILLA - LA MANCHA;5.4.-Sustracción de vehículos;2021;114
CASTILLA - LA MANCHA;5.4.-Sustracción de vehículos;2020;92
CASTILLA - LA MANCHA;5.4.-Sustracción de vehículos;2019;81
CASTILLA - LA MANCHA;5.4.-Sustracción de vehículos;2018;115
CASTILLA - LA MANCHA;5.5.-Estafas;2024;1.097
CASTILLA - LA MANCHA;5.5.-Estafas;2023;1.046
CASTILLA - LA MANCHA;5.5.-Estafas;2022;1.023
CASTILLA - LA MANCHA;5.5.-Estafas;2021;1.161
CASTILLA - LA MANCHA;5.5.-Estafas;2020;926
CASTILLA - LA MANCHA;5.5.-Estafas;2019;912
CASTILLA - LA MANCHA;5.5.-Estafas;2018;803
CASTILLA - LA MANCHA;5.5.1.-Estafas informáticas;2024;719
CASTILLA - LA MANCHA;5.5.1.-Estafas informáticas;2023;664
CASTILLA - LA MANCHA;5.5.1.-Estafas informáticas;2022;594
CASTILLA - LA MANCHA;5.5.1.-Estafas informáticas;2021;766
CASTILLA - LA MANCHA;5.5.1.-Estafas informáticas;2020;449
CASTILLA - LA MANCHA;5.5.1.-Estafas informáticas;2019;268
CASTILLA - LA MANCHA;5.5.1.-Estafas informáticas;2018;183
CASTILLA - LA MANCHA;5.6.-Daños;2024;531
CASTILLA - LA MANCHA;5.6.-Daños;2023;601
CASTILLA - LA MANCHA;5.6.-Daños;2022;601
CASTILLA - LA MANCHA;5.6.-Daños;2021;612
CASTILLA - LA MANCHA;5.6.-Daños;2020;495
CASTILLA - LA MANCHA;5.6.-Daños;2019;669
CASTILLA - LA MANCHA;5.6.-Daños;2018;710
CASTILLA - LA MANCHA;5.7.-Contra la propiedad intelectual/industrial;2024;40
CASTILLA - LA MANCHA;5.7.-Contra la propiedad intelectual/industrial;2023;32
CASTILLA - LA MANCHA;5.7.-Contra la propiedad intelectual/industrial;2022;10
CASTILLA - LA MANCHA;5.7.-Contra la propiedad intelectual/industrial;2021;17
CASTILLA - LA MANCHA;5.7.-Contra la propiedad intelectual/industrial;2020;9
CASTILLA - LA MANCHA;5.7.-Contra la propiedad intelectual/industrial;2019;29
CASTILLA - LA MANCHA;5.7.-Contra la propiedad intelectual/industrial;2018;83
CASTILLA - LA MANCHA;5.8.-Blanqueo de capitales;2024;20
CASTILLA - LA MANCHA;5.8.-Blanqueo de capitales;2023;25
CASTILLA - LA MANCHA;5.8.-Blanqueo de capitales;2022;20
CASTILLA - LA MANCHA;5.8.-Blanqueo de capitales;2021;25
CASTILLA - LA MANCHA;5.8.-Blanqueo de capitales;2020;4
CASTILLA - LA MANCHA;5.8.-Blanqueo de capitales;2019;42
CASTILLA - LA MANCHA;5.8.-Blanqueo de capitales;2018;19
CASTILLA - LA MANCHA;5.9.-Otros contra el patrimonio;2024;666
CASTILLA - LA MANCHA;5.9.-Otros contra el patrimonio;2023;698
CASTILLA - LA MANCHA;5.9.-Otros contra el patrimonio;2022;790
CASTILLA - LA MANCHA;5.9.-Otros contra el patrimonio;2021;767
CASTILLA - LA MANCHA;5.9.-Otros contra el patrimonio;2020;831
CASTILLA - LA MANCHA;5.9.-Otros contra el patrimonio;2019;822
CASTILLA - LA MANCHA;5.9.-Otros contra el patrimonio;2018;757
CASTILLA - LA MANCHA;6. SEGURIDAD COLECTIVA;2024;3.422
CASTILLA - LA MANCHA;6. SEGURIDAD COLECTIVA;2023;3.509
CASTILLA - LA MANCHA;6. SEGURIDAD COLECTIVA;2022;3.433
CASTILLA - LA MANCHA;6. SEGURIDAD COLECTIVA;2021;3.252
CASTILLA - LA MANCHA;6. SEGURIDAD COLECTIVA;2020;2.906
CASTILLA - LA MANCHA;6. SEGURIDAD COLECTIVA;2019;3.202
CASTILLA - LA MANCHA;6. SEGURIDAD COLECTIVA;2018;2.905
CASTILLA - LA MANCHA;6.1.-Tráfico de drogas;2024;849
CASTILLA - LA MANCHA;6.1.-Tráfico de drogas;2023;963
CASTILLA - LA MANCHA;6.1.-Tráfico de drogas;2022;923
CASTILLA - LA MANCHA;6.1.-Tráfico de drogas;2021;1.003
CASTILLA - LA MANCHA;6.1.-Tráfico de drogas;2020;871
CASTILLA - LA MANCHA;6.1.-Tráfico de drogas;2019;787
CASTILLA - LA MANCHA;6.1.-Tráfico de drogas;2018;794
CASTILLA - LA MANCHA;6.2.-Contra la seguridad vial;2024;2.498
CASTILLA - LA MANCHA;6.2.-Contra la seguridad vial;2023;2.470
CASTILLA - LA MANCHA;6.2.-Contra la seguridad vial;2022;2.373
CASTILLA - LA MANCHA;6.2.-Contra la seguridad vial;2021;2.139
CASTILLA - LA MANCHA;6.2.-Contra la seguridad vial;2020;1.967
CASTILLA - LA MANCHA;6.2.-Contra la seguridad vial;2019;2.348
CASTILLA - LA MANCHA;6.2.-Contra la seguridad vial;2018;2.055
CASTILLA - LA MANCHA;6.3.-Otros contra la seguridad colectiva;2024;75
CASTILLA - LA MANCHA;6.3.-Otros contra la seguridad colectiva;2023;76
CASTILLA - LA MANCHA;6.3.-Otros contra la seguridad colectiva;2022;137
CASTILLA - LA MANCHA;6.3.-Otros contra la seguridad colectiva;2021;110
CASTILLA - LA MANCHA;6.3.-Otros contra la seguridad colectiva;2020;68
CASTILLA - LA MANCHA;6.3.-Otros contra la seguridad colectiva;2019;67
CASTILLA - LA MANCHA;6.3.-Otros contra la seguridad colectiva;2018;56
CASTILLA - LA MANCHA;7. FALSEDADES;2024;369
CASTILLA - LA MANCHA;7. FALSEDADES;2023;382
CASTILLA - LA MANCHA;7. FALSEDADES;2022;343
CASTILLA - LA MANCHA;7. FALSEDADES;2021;513
CASTILLA - LA MANCHA;7. FALSEDADES;2020;375
CASTILLA - LA MANCHA;7. FALSEDADES;2019;424
CASTILLA - LA MANCHA;7. FALSEDADES;2018;379
CASTILLA - LA MANCHA;8. ADMÓN. PÚBLICA;2024;13
CASTILLA - LA MANCHA;8. ADMÓN. PÚBLICA;2023;11
CASTILLA - LA MANCHA;8. ADMÓN. PÚBLICA;2022;16
CASTILLA - LA MANCHA;8. ADMÓN. PÚBLICA;2021;26
CASTILLA - LA MANCHA;8. ADMÓN. PÚBLICA;2020;8
CASTILLA - LA MANCHA;8. ADMÓN. PÚBLICA;2019;26
CASTILLA - LA MANCHA;8. ADMÓN. PÚBLICA;2018;29
CASTILLA - LA MANCHA;9. ADMÓN. JUSTICIA;2024;1.352
CASTILLA - LA MANCHA;9. ADMÓN. JUSTICIA;2023;1.295
CASTILLA - LA MANCHA;9. ADMÓN. JUSTICIA;2022;1.198
CASTILLA - LA MANCHA;9. ADMÓN. JUSTICIA;2021;1.026
CASTILLA - LA MANCHA;9. ADMÓN. JUSTICIA;2020;966
CASTILLA - LA MANCHA;9. ADMÓN. JUSTICIA;2019;1.022
CASTILLA - LA MANCHA;9. ADMÓN. JUSTICIA;2018;919
CASTILLA - LA MANCHA;10. ORDEN PÚBLICO;2024;1.018
CASTILLA - LA MANCHA;10. ORDEN PÚBLICO;2023;964
CASTILLA - LA MANCHA;10. ORDEN PÚBLICO;2022;944
CASTILLA - LA MANCHA;10. ORDEN PÚBLICO;2021;895
CASTILLA - LA MANCHA;10. ORDEN PÚBLICO;2020;1.220
CASTILLA - LA MANCHA;10. ORDEN PÚBLICO;2019;774
CASTILLA - LA MANCHA;10. ORDEN PÚBLICO;2018;760
CASTILLA - LA MANCHA;11. LEGISLACIÓN ESPECIAL;2024;6
CASTILLA - LA MANCHA;11. LEGISLACIÓN ESPECIAL;2023;4
CASTILLA - LA MANCHA;11. LEGISLACIÓN ESPECIAL;2022;9
CASTILLA - LA MANCHA;11. LEGISLACIÓN ESPECIAL;2021;3
CASTILLA - LA MANCHA;11. LEGISLACIÓN ESPECIAL;2020;11
CASTILLA - LA MANCHA;11. LEGISLACIÓN ESPECIAL;2019;29
CASTILLA - LA MANCHA;11. LEGISLACIÓN ESPECIAL;2018;32
CASTILLA - LA MANCHA;12. OTRAS INFRACCIONES PENALES;2024;336
CASTILLA - LA MANCHA;12. OTRAS INFRACCIONES PENALES;2023;403
CASTILLA - LA MANCHA;12. OTRAS INFRACCIONES PENALES;2022;296
CASTILLA - LA MANCHA;12. OTRAS INFRACCIONES PENALES;2021;292
CASTILLA - LA MANCHA;12. OTRAS INFRACCIONES PENALES;2020;265
CASTILLA - LA MANCHA;12. OTRAS INFRACCIONES PENALES;2019;311
CASTILLA - LA MANCHA;12. OTRAS INFRACCIONES PENALES;2018;225
CASTILLA - LA MANCHA;TOTAL INFRACCIONES PENALES;2024;21.922
CASTILLA - LA MANCHA;TOTAL INFRACCIONES PENALES;2023;21.703
CASTILLA - LA MANCHA;TOTAL INFRACCIONES PENALES;2022;20.430
CASTILLA - LA MANCHA;TOTAL INFRACCIONES PENALES;2021;19.400
CASTILLA - LA MANCHA;TOTAL INFRACCIONES PENALES;2020;17.732
CASTILLA - LA MANCHA;TOTAL INFRACCIONES PENALES;2019;19.638
CASTILLA - LA MANCHA;TOTAL INFRACCIONES PENALES;2018;19.050
CATALUÑA;1. CONTRA LAS PERSONAS;2024;19.466
CATALUÑA;1. CONTRA LAS PERSONAS;2023;17.677
CATALUÑA;1. CONTRA LAS PERSONAS;2022;17.207
CATALUÑA;1. CONTRA LAS PERSONAS;2021;14.861
CATALUÑA;1. CONTRA LAS PERSONAS;2020;13.320
CATALUÑA;1. CONTRA LAS PERSONAS;2019;4.160
CATALUÑA;1. CONTRA LAS PERSONAS;2018;4.265
CATALUÑA;1.1.-Homicidios dolosos/asesinatos;2024;184
CATALUÑA;1.1.-Homicidios dolosos/asesinatos;2023;151
CATALUÑA;1.1.-Homicidios dolosos/asesinatos;2022;106
CATALUÑA;1.1.-Homicidios dolosos/asesinatos;2021;126
CATALUÑA;1.1.-Homicidios dolosos/asesinatos;2020;122
CATALUÑA;1.1.-Homicidios dolosos/asesinatos;2019;218
CATALUÑA;1.1.-Homicidios dolosos/asesinatos;2018;192
CATALUÑA;1.1.1.-Homicidios dolosos/asesinatos consumados;2024;62
CATALUÑA;1.1.1.-Homicidios dolosos/asesinatos consumados;2023;50
CATALUÑA;1.1.1.-Homicidios dolosos/asesinatos consumados;2022;32
CATALUÑA;1.1.1.-Homicidios dolosos/asesinatos consumados;2021;40
CATALUÑA;1.1.1.-Homicidios dolosos/asesinatos consumados;2020;35
CATALUÑA;1.1.1.-Homicidios dolosos/asesinatos consumados;2019;1
CATALUÑA;1.1.1.-Homicidios dolosos/asesinatos consumados;2018;0
CATALUÑA;1.2.-Lesiones;2024;10.319
CATALUÑA;1.2.-Lesiones;2023;9.499
CATALUÑA;1.2.-Lesiones;2022;9.393
CATALUÑA;1.2.-Lesiones;2021;7.994
CATALUÑA;1.2.-Lesiones;2020;6.889
CATALUÑA;1.2.-Lesiones;2019;1.153
CATALUÑA;1.2.-Lesiones;2018;1.151
CATALUÑA;1.3.-Malos tratos ámbito familiar;2024;8.409
CATALUÑA;1.3.-Malos tratos ámbito familiar;2023;7.578
CATALUÑA;1.3.-Malos tratos ámbito familiar;2022;7.354
CATALUÑA;1.3.-Malos tratos ámbito familiar;2021;6.434
CATALUÑA;1.3.-Malos tratos ámbito familiar;2020;5.993
CATALUÑA;1.3.-Malos tratos ámbito familiar;2019;2.766
CATALUÑA;1.3.-Malos tratos ámbito familiar;2018;2.900
CATALUÑA;1.4.-Otros contra las personas;2024;554
CATALUÑA;1.4.-Otros contra las personas;2023;449
CATALUÑA;1.4.-Otros contra las personas;2022;354
CATALUÑA;1.4.-Otros contra las personas;2021;307
CATALUÑA;1.4.-Otros contra las personas;2020;316
CATALUÑA;1.4.-Otros contra las personas;2019;23
CATALUÑA;1.4.-Otros contra las personas;2018;22
CATALUÑA;2. CONTRA LA LIBERTAD;2024;11.824
CATALUÑA;2. CONTRA LA LIBERTAD;2023;11.153
CATALUÑA;2. CONTRA LA LIBERTAD;2022;10.795
CATALUÑA;2. CONTRA LA LIBERTAD;2021;10.270
CATALUÑA;2. CONTRA LA LIBERTAD;2020;9.416
CATALUÑA;2. CONTRA LA LIBERTAD;2019;3.288
CATALUÑA;2. CONTRA LA LIBERTAD;2018;3.366
CATALUÑA;2.1.-Malos tratos habituales en el ámbito familiar;2024;1.139
CATALUÑA;2.1.-Malos tratos habituales en el ámbito familiar;2023;1.246
CATALUÑA;2.1.-Malos tratos habituales en el ámbito familiar;2022;1.185
CATALUÑA;2.1.-Malos tratos habituales en el ámbito familiar;2021;1.128
CATALUÑA;2.1.-Malos tratos habituales en el ámbito familiar;2020;989
CATALUÑA;2.1.-Malos tratos habituales en el ámbito familiar;2019;592
CATALUÑA;2.1.-Malos tratos habituales en el ámbito familiar;2018;681
CATALUÑA;2.2.-Otros contra la libertad;2024;10.685
CATALUÑA;2.2.-Otros contra la libertad;2023;9.907
CATALUÑA;2.2.-Otros contra la libertad;2022;9.610
CATALUÑA;2.2.-Otros contra la libertad;2021;9.142
CATALUÑA;2.2.-Otros contra la libertad;2020;8.427
CATALUÑA;2.2.-Otros contra la libertad;2019;2.696
CATALUÑA;2.2.-Otros contra la libertad;2018;2.685
CATALUÑA;3. LIBERTAD SEXUAL;2024;2.950
CATALUÑA;3. LIBERTAD SEXUAL;2023;2.847
CATALUÑA;3. LIBERTAD SEXUAL;2022;2.288
CATALUÑA;3. LIBERTAD SEXUAL;2021;1.682
CATALUÑA;3. LIBERTAD SEXUAL;2020;1.193
CATALUÑA;3. LIBERTAD SEXUAL;2019;1.252
CATALUÑA;3. LIBERTAD SEXUAL;2018;1.117
CATALUÑA;3.1.-Agresión sexual;2024;1.670
CATALUÑA;3.1.-Agresión sexual;2023;1.615
CATALUÑA;3.1.-Agresión sexual;2022;1.411
CATALUÑA;3.1.-Agresión sexual;2021;962
CATALUÑA;3.1.-Agresión sexual;2020;649
CATALUÑA;3.1.-Agresión sexual;2019;534
CATALUÑA;3.1.-Agresión sexual;2018;457
CATALUÑA;3.2.-Agresión sexual con penetración;2024;885
CATALUÑA;3.2.-Agresión sexual con penetración;2023;793
CATALUÑA;3.2.-Agresión sexual con penetración;2022;593
CATALUÑA;3.2.-Agresión sexual con penetración;2021;470
CATALUÑA;3.2.-Agresión sexual con penetración;2020;316
CATALUÑA;3.2.-Agresión sexual con penetración;2019;487
CATALUÑA;3.2.-Agresión sexual con penetración;2018;426
CATALUÑA;3.3.-Corrupción de menores o incapacitados;2024;10
CATALUÑA;3.3.-Corrupción de menores o incapacitados;2023;6
CATALUÑA;3.3.-Corrupción de menores o incapacitados;2022;11
CATALUÑA;3.3.-Corrupción de menores o incapacitados;2021;17
CATALUÑA;3.3.-Corrupción de menores o incapacitados;2020;5
CATALUÑA;3.3.-Corrupción de menores o incapacitados;2019;4
CATALUÑA;3.3.-Corrupción de menores o incapacitados;2018;5
CATALUÑA;3.4.-Pornografía de menores;2024;88
CATALUÑA;3.4.-Pornografía de menores;2023;113
CATALUÑA;3.4.-Pornografía de menores;2022;91
CATALUÑA;3.4.-Pornografía de menores;2021;63
CATALUÑA;3.4.-Pornografía de menores;2020;87
CATALUÑA;3.4.-Pornografía de menores;2019;87
CATALUÑA;3.4.-Pornografía de menores;2018;94
CATALUÑA;3.5.-Otros contra la libertad sexual;2024;297
CATALUÑA;3.5.-Otros contra la libertad sexual;2023;320
CATALUÑA;3.5.-Otros contra la libertad sexual;2022;182
CATALUÑA;3.5.-Otros contra la libertad sexual;2021;170
CATALUÑA;3.5.-Otros contra la libertad sexual;2020;136
CATALUÑA;3.5.-Otros contra la libertad sexual;2019;140
CATALUÑA;3.5.-Otros contra la libertad sexual;2018;135
CATALUÑA;4. RELACIONES FAMILIARES;2024;1.108
CATALUÑA;4. RELACIONES FAMILIARES;2023;1.094
CATALUÑA;4. RELACIONES FAMILIARES;2022;1.049
CATALUÑA;4. RELACIONES FAMILIARES;2021;976
CATALUÑA;4. RELACIONES FAMILIARES;2020;948
CATALUÑA;4. RELACIONES FAMILIARES;2019;22
CATALUÑA;4. RELACIONES FAMILIARES;2018;25
CATALUÑA;5. PATRIMONIO;2024;68.716
CATALUÑA;5. PATRIMONIO;2023;60.929
CATALUÑA;5. PATRIMONIO;2022;52.470
CATALUÑA;5. PATRIMONIO;2021;42.405
CATALUÑA;5. PATRIMONIO;2020;38.867
CATALUÑA;5. PATRIMONIO;2019;19.834
CATALUÑA;5. PATRIMONIO;2018;18.206
CATALUÑA;5.1.-Hurtos;2024;33.930
CATALUÑA;5.1.-Hurtos;2023;28.905
CATALUÑA;5.1.-Hurtos;2022;22.823
CATALUÑA;5.1.-Hurtos;2021;15.983
CATALUÑA;5.1.-Hurtos;2020;13.781
CATALUÑA;5.1.-Hurtos;2019;6.811
CATALUÑA;5.1.-Hurtos;2018;6.036
CATALUÑA;5.2.-Robos con fuerza en las cosas;2024;4.925
CATALUÑA;5.2.-Robos con fuerza en las cosas;2023;4.919
CATALUÑA;5.2.-Robos con fuerza en las cosas;2022;4.333
CATALUÑA;5.2.-Robos con fuerza en las cosas;2021;3.732
CATALUÑA;5.2.-Robos con fuerza en las cosas;2020;3.804
CATALUÑA;5.2.-Robos con fuerza en las cosas;2019;5.457
CATALUÑA;5.2.-Robos con fuerza en las cosas;2018;5.529
CATALUÑA;5.2.1.-Robos con fuerza en las cosas en el interior de vehículos;2024;1.360
CATALUÑA;5.2.1.-Robos con fuerza en las cosas en el interior de vehículos;2023;1.279
CATALUÑA;5.2.1.-Robos con fuerza en las cosas en el interior de vehículos;2022;1.076
CATALUÑA;5.2.1.-Robos con fuerza en las cosas en el interior de vehículos;2021;954
CATALUÑA;5.2.1.-Robos con fuerza en las cosas en el interior de vehículos;2020;2
CATALUÑA;5.2.1.-Robos con fuerza en las cosas en el interior de vehículos;2019;1.083
CATALUÑA;5.2.1.-Robos con fuerza en las cosas en el interior de vehículos;2018;969
CATALUÑA;5.2.2.-Robos con fuerza en viviendas;2024;1.160
CATALUÑA;5.2.2.-Robos con fuerza en viviendas;2023;1.264
CATALUÑA;5.2.2.-Robos con fuerza en viviendas;2022;1.177
CATALUÑA;5.2.2.-Robos con fuerza en viviendas;2021;1.090
CATALUÑA;5.2.2.-Robos con fuerza en viviendas;2020;1.308
CATALUÑA;5.2.2.-Robos con fuerza en viviendas;2019;16
CATALUÑA;5.2.2.-Robos con fuerza en viviendas;2018;10
CATALUÑA;5.2.3.-Robos con fuerza en establecimientos;2024;1.152
CATALUÑA;5.2.3.-Robos con fuerza en establecimientos;2023;1.128
CATALUÑA;5.2.3.-Robos con fuerza en establecimientos;2022;980
CATALUÑA;5.2.3.-Robos con fuerza en establecimientos;2021;757
CATALUÑA;5.2.3.-Robos con fuerza en establecimientos;2020;870
CATALUÑA;5.2.3.-Robos con fuerza en establecimientos;2019;15
CATALUÑA;5.2.3.-Robos con fuerza en establecimientos;2018;7
CATALUÑA;5.3.-Robos con violencia o intimidación;2024;3.902
CATALUÑA;5.3.-Robos con violencia o intimidación;2023;3.593
CATALUÑA;5.3.-Robos con violencia o intimidación;2022;2.998
CATALUÑA;5.3.-Robos con violencia o intimidación;2021;2.401
CATALUÑA;5.3.-Robos con violencia o intimidación;2020;2.080
CATALUÑA;5.3.-Robos con violencia o intimidación;2019;4.644
CATALUÑA;5.3.-Robos con violencia o intimidación;2018;3.625
CATALUÑA;5.3.1.-Robos con violencia en vía pública;2024;2.529
CATALUÑA;5.3.1.-Robos con violencia en vía pública;2023;2.446
CATALUÑA;5.3.1.-Robos con violencia en vía pública;2022;2.057
CATALUÑA;5.3.1.-Robos con violencia en vía pública;2021;1.464
CATALUÑA;5.3.1.-Robos con violencia en vía pública;2020;1.281
CATALUÑA;5.3.1.-Robos con violencia en vía pública;2019;5
CATALUÑA;5.3.1.-Robos con violencia en vía pública;2018;5
CATALUÑA;5.3.2.-Robos con violencia en viviendas;2024;143
CATALUÑA;5.3.2.-Robos con violencia en viviendas;2023;124
CATALUÑA;5.3.2.-Robos con violencia en viviendas;2022;111
CATALUÑA;5.3.2.-Robos con violencia en viviendas;2021;137
CATALUÑA;5.3.2.-Robos con violencia en viviendas;2020;127
CATALUÑA;5.3.2.-Robos con violencia en viviendas;2019;2
CATALUÑA;5.3.2.-Robos con violencia en viviendas;2018;1
CATALUÑA;5.3.3.-Robos con violencia en establecimientos;2024;882
CATALUÑA;5.3.3.-Robos con violencia en establecimientos;2023;723
CATALUÑA;5.3.3.-Robos con violencia en establecimientos;2022;545
CATALUÑA;5.3.3.-Robos con violencia en establecimientos;2021;495
CATALUÑA;5.3.3.-Robos con violencia en establecimientos;2020;470
CATALUÑA;5.3.3.-Robos con violencia en establecimientos;2019;3
CATALUÑA;5.3.3.-Robos con violencia en establecimientos;2018;0
CATALUÑA;5.4.-Sustracción de vehículos;2024;842
CATALUÑA;5.4.-Sustracción de vehículos;2023;767
CATALUÑA;5.4.-Sustracción de vehículos;2022;632
CATALUÑA;5.4.-Sustracción de vehículos;2021;584
CATALUÑA;5.4.-Sustracción de vehículos;2020;626
CATALUÑA;5.4.-Sustracción de vehículos;2019;432
CATALUÑA;5.4.-Sustracción de vehículos;2018;396
CATALUÑA;5.5.-Estafas;2024;6.442
CATALUÑA;5.5.-Estafas;2023;6.647
CATALUÑA;5.5.-Estafas;2022;5.995
CATALUÑA;5.5.-Estafas;2021;4.466
CATALUÑA;5.5.-Estafas;2020;3.851
CATALUÑA;5.5.-Estafas;2019;1.265
CATALUÑA;5.5.-Estafas;2018;1.236
CATALUÑA;5.5.1.-Estafas informáticas;2024;1.481
CATALUÑA;5.5.1.-Estafas informáticas;2023;1.705
CATALUÑA;5.5.1.-Estafas informáticas;2022;1.386
CATALUÑA;5.5.1.-Estafas informáticas;2021;628
CATALUÑA;5.5.1.-Estafas informáticas;2020;522
CATALUÑA;5.5.1.-Estafas informáticas;2019;330
CATALUÑA;5.5.1.-Estafas informáticas;2018;265
CATALUÑA;5.6.-Daños;2024;4.201
CATALUÑA;5.6.-Daños;2023;3.965
CATALUÑA;5.6.-Daños;2022;3.886
CATALUÑA;5.6.-Daños;2021;3.865
CATALUÑA;5.6.-Daños;2020;3.338
CATALUÑA;5.6.-Daños;2019;329
CATALUÑA;5.6.-Daños;2018;269
CATALUÑA;5.7.-Contra la propiedad intelectual/industrial;2024;290
CATALUÑA;5.7.-Contra la propiedad intelectual/industrial;2023;230
CATALUÑA;5.7.-Contra la propiedad intelectual/industrial;2022;249
CATALUÑA;5.7.-Contra la propiedad intelectual/industrial;2021;275
CATALUÑA;5.7.-Contra la propiedad intelectual/industrial;2020;158
CATALUÑA;5.7.-Contra la propiedad intelectual/industrial;2019;198
CATALUÑA;5.7.-Contra la propiedad intelectual/industrial;2018;292
CATALUÑA;5.8.-Blanqueo de capitales;2024;53
CATALUÑA;5.8.-Blanqueo de capitales;2023;39
CATALUÑA;5.8.-Blanqueo de capitales;2022;38
CATALUÑA;5.8.-Blanqueo de capitales;2021;28
CATALUÑA;5.8.-Blanqueo de capitales;2020;26
CATALUÑA;5.8.-Blanqueo de capitales;2019;32
CATALUÑA;5.8.-Blanqueo de capitales;2018;29
CATALUÑA;5.9.-Otros contra el patrimonio;2024;14.131
CATALUÑA;5.9.-Otros contra el patrimonio;2023;11.864
CATALUÑA;5.9.-Otros contra el patrimonio;2022;11.516
CATALUÑA;5.9.-Otros contra el patrimonio;2021;11.071
CATALUÑA;5.9.-Otros contra el patrimonio;2020;11.203
CATALUÑA;5.9.-Otros contra el patrimonio;2019;666
CATALUÑA;5.9.-Otros contra el patrimonio;2018;794
CATALUÑA;6. SEGURIDAD COLECTIVA;2024;11.094
CATALUÑA;6. SEGURIDAD COLECTIVA;2023;10.053
CATALUÑA;6. SEGURIDAD COLECTIVA;2022;9.898
CATALUÑA;6. SEGURIDAD COLECTIVA;2021;8.485
CATALUÑA;6. SEGURIDAD COLECTIVA;2020;6.785
CATALUÑA;6. SEGURIDAD COLECTIVA;2019;3.302
CATALUÑA;6. SEGURIDAD COLECTIVA;2018;3.205
CATALUÑA;6.1.-Tráfico de drogas;2024;4.371
CATALUÑA;6.1.-Tráfico de drogas;2023;3.943
CATALUÑA;6.1.-Tráfico de drogas;2022;3.672
CATALUÑA;6.1.-Tráfico de drogas;2021;3.010
CATALUÑA;6.1.-Tráfico de drogas;2020;2.722
CATALUÑA;6.1.-Tráfico de drogas;2019;2.724
CATALUÑA;6.1.-Tráfico de drogas;2018;2.603
CATALUÑA;6.2.-Contra la seguridad vial;2024;6.592
CATALUÑA;6.2.-Contra la seguridad vial;2023;6.018
CATALUÑA;6.2.-Contra la seguridad vial;2022;6.136
CATALUÑA;6.2.-Contra la seguridad vial;2021;5.396
CATALUÑA;6.2.-Contra la seguridad vial;2020;3.998
CATALUÑA;6.2.-Contra la seguridad vial;2019;506
CATALUÑA;6.2.-Contra la seguridad vial;2018;502
CATALUÑA;6.3.-Otros contra la seguridad colectiva;2024;131
CATALUÑA;6.3.-Otros contra la seguridad colectiva;2023;92
CATALUÑA;6.3.-Otros contra la seguridad colectiva;2022;90
CATALUÑA;6.3.-Otros contra la seguridad colectiva;2021;79
CATALUÑA;6.3.-Otros contra la seguridad colectiva;2020;65
CATALUÑA;6.3.-Otros contra la seguridad colectiva;2019;72
CATALUÑA;6.3.-Otros contra la seguridad colectiva;2018;100
CATALUÑA;7. FALSEDADES;2024;2.084
CATALUÑA;7. FALSEDADES;2023;1.911
CATALUÑA;7. FALSEDADES;2022;2.220
CATALUÑA;7. FALSEDADES;2021;2.232
CATALUÑA;7. FALSEDADES;2020;1.553
CATALUÑA;7. FALSEDADES;2019;1.798
CATALUÑA;7. FALSEDADES;2018;1.644
CATALUÑA;8. ADMÓN. PÚBLICA;2024;9
CATALUÑA;8. ADMÓN. PÚBLICA;2023;25
CATALUÑA;8. ADMÓN. PÚBLICA;2022;41
CATALUÑA;8. ADMÓN. PÚBLICA;2021;39
CATALUÑA;8. ADMÓN. PÚBLICA;2020;14
CATALUÑA;8. ADMÓN. PÚBLICA;2019;40
CATALUÑA;8. ADMÓN. PÚBLICA;2018;93
CATALUÑA;9. ADMÓN. JUSTICIA;2024;4.718
CATALUÑA;9. ADMÓN. JUSTICIA;2023;4.350
CATALUÑA;9. ADMÓN. JUSTICIA;2022;3.596
CATALUÑA;9. ADMÓN. JUSTICIA;2021;3.270
CATALUÑA;9. ADMÓN. JUSTICIA;2020;3.047
CATALUÑA;9. ADMÓN. JUSTICIA;2019;1.382
CATALUÑA;9. ADMÓN. JUSTICIA;2018;1.292
CATALUÑA;10. ORDEN PÚBLICO;2024;2.397
CATALUÑA;10. ORDEN PÚBLICO;2023;2.135
CATALUÑA;10. ORDEN PÚBLICO;2022;1.914
CATALUÑA;10. ORDEN PÚBLICO;2021;1.851
CATALUÑA;10. ORDEN PÚBLICO;2020;2.062
CATALUÑA;10. ORDEN PÚBLICO;2019;2.983
CATALUÑA;10. ORDEN PÚBLICO;2018;2.570
CATALUÑA;11. LEGISLACIÓN ESPECIAL;2024;23
CATALUÑA;11. LEGISLACIÓN ESPECIAL;2023;17
CATALUÑA;11. LEGISLACIÓN ESPECIAL;2022;21
CATALUÑA;11. LEGISLACIÓN ESPECIAL;2021;17
CATALUÑA;11. LEGISLACIÓN ESPECIAL;2020;6
CATALUÑA;11. LEGISLACIÓN ESPECIAL;2019;6
CATALUÑA;11. LEGISLACIÓN ESPECIAL;2018;11
CATALUÑA;12. OTRAS INFRACCIONES PENALES;2024;624
CATALUÑA;12. OTRAS INFRACCIONES PENALES;2023;700
CATALUÑA;12. OTRAS INFRACCIONES PENALES;2022;525
CATALUÑA;12. OTRAS INFRACCIONES PENALES;2021;573
CATALUÑA;12. OTRAS INFRACCIONES PENALES;2020;425
CATALUÑA;12. OTRAS INFRACCIONES PENALES;2019;357
CATALUÑA;12. OTRAS INFRACCIONES PENALES;2018;271
CATALUÑA;TOTAL INFRACCIONES PENALES;2024;125.013
CATALUÑA;TOTAL INFRACCIONES PENALES;2023;112.891
CATALUÑA;TOTAL INFRACCIONES PENALES;2022;102.024
CATALUÑA;TOTAL INFRACCIONES PENALES;2021;86.661
CATALUÑA;TOTAL INFRACCIONES PENALES;2020;77.636
CATALUÑA;TOTAL INFRACCIONES PENALES;2019;38.424
CATALUÑA;TOTAL INFRACCIONES PENALES;2018;36.065
COMUNITAT VALENCIANA;1. CONTRA LAS PERSONAS;2024;16.977
COMUNITAT VALENCIANA;1. CONTRA LAS PERSONAS;2023;15.893
COMUNITAT VALENCIANA;1. CONTRA LAS PERSONAS;2022;15.037
COMUNITAT VALENCIANA;1. CONTRA LAS PERSONAS;2021;13.185
COMUNITAT VALENCIANA;1. CONTRA LAS PERSONAS;2020;11.645
COMUNITAT VALENCIANA;1. CONTRA LAS PERSONAS;2019;12.763
COMUNITAT VALENCIANA;1. CONTRA LAS PERSONAS;2018;12.009
COMUNITAT VALENCIANA;1.1.-Homicidios dolosos/asesinatos;2024;224
COMUNITAT VALENCIANA;1.1.-Homicidios dolosos/asesinatos;2023;210
COMUNITAT VALENCIANA;1.1.-Homicidios dolosos/asesinatos;2022;190
COMUNITAT VALENCIANA;1.1.-Homicidios dolosos/asesinatos;2021;158
COMUNITAT VALENCIANA;1.1.-Homicidios dolosos/asesinatos;2020;123
COMUNITAT VALENCIANA;1.1.-Homicidios dolosos/asesinatos;2019;157
COMUNITAT VALENCIANA;1.1.-Homicidios dolosos/asesinatos;2018;122
COMUNITAT VALENCIANA;1.1.1.-Homicidios dolosos/asesinatos consumados;2024;60
COMUNITAT VALENCIANA;1.1.1.-Homicidios dolosos/asesinatos consumados;2023;46
COMUNITAT VALENCIANA;1.1.1.-Homicidios dolosos/asesinatos consumados;2022;39
COMUNITAT VALENCIANA;1.1.1.-Homicidios dolosos/asesinatos consumados;2021;45
COMUNITAT VALENCIANA;1.1.1.-Homicidios dolosos/asesinatos consumados;2020;45
COMUNITAT VALENCIANA;1.1.1.-Homicidios dolosos/asesinatos consumados;2019;54
COMUNITAT VALENCIANA;1.1.1.-Homicidios dolosos/asesinatos consumados;2018;32
COMUNITAT VALENCIANA;1.2.-Lesiones;2024;4.239
COMUNITAT VALENCIANA;1.2.-Lesiones;2023;4.068
COMUNITAT VALENCIANA;1.2.-Lesiones;2022;4.347
COMUNITAT VALENCIANA;1.2.-Lesiones;2021;3.609
COMUNITAT VALENCIANA;1.2.-Lesiones;2020;2.665
COMUNITAT VALENCIANA;1.2.-Lesiones;2019;3.513
COMUNITAT VALENCIANA;1.2.-Lesiones;2018;3.231
COMUNITAT VALENCIANA;1.3.-Malos tratos ámbito familiar;2024;12.148
COMUNITAT VALENCIANA;1.3.-Malos tratos ámbito familiar;2023;11.325
COMUNITAT VALENCIANA;1.3.-Malos tratos ámbito familiar;2022;10.169
COMUNITAT VALENCIANA;1.3.-Malos tratos ámbito familiar;2021;9.231
COMUNITAT VALENCIANA;1.3.-Malos tratos ámbito familiar;2020;8.666
COMUNITAT VALENCIANA;1.3.-Malos tratos ámbito familiar;2019;8.937
COMUNITAT VALENCIANA;1.3.-Malos tratos ámbito familiar;2018;8.510
COMUNITAT VALENCIANA;1.4.-Otros contra las personas;2024;366
COMUNITAT VALENCIANA;1.4.-Otros contra las personas;2023;290
COMUNITAT VALENCIANA;1.4.-Otros contra las personas;2022;331
COMUNITAT VALENCIANA;1.4.-Otros contra las personas;2021;187
COMUNITAT VALENCIANA;1.4.-Otros contra las personas;2020;191
COMUNITAT VALENCIANA;1.4.-Otros contra las personas;2019;156
COMUNITAT VALENCIANA;1.4.-Otros contra las personas;2018;146
COMUNITAT VALENCIANA;2. CONTRA LA LIBERTAD;2024;6.435
COMUNITAT VALENCIANA;2. CONTRA LA LIBERTAD;2023;6.324
COMUNITAT VALENCIANA;2. CONTRA LA LIBERTAD;2022;5.888
COMUNITAT VALENCIANA;2. CONTRA LA LIBERTAD;2021;5.243
COMUNITAT VALENCIANA;2. CONTRA LA LIBERTAD;2020;4.530
COMUNITAT VALENCIANA;2. CONTRA LA LIBERTAD;2019;4.737
COMUNITAT VALENCIANA;2. CONTRA LA LIBERTAD;2018;4.507
COMUNITAT VALENCIANA;2.1.-Malos tratos habituales en el ámbito familiar;2024;1.747
COMUNITAT VALENCIANA;2.1.-Malos tratos habituales en el ámbito familiar;2023;1.959
COMUNITAT VALENCIANA;2.1.-Malos tratos habituales en el ámbito familiar;2022;1.946
COMUNITAT VALENCIANA;2.1.-Malos tratos habituales en el ámbito familiar;2021;1.368
COMUNITAT VALENCIANA;2.1.-Malos tratos habituales en el ámbito familiar;2020;1.283
COMUNITAT VALENCIANA;2.1.-Malos tratos habituales en el ámbito familiar;2019;1.424
COMUNITAT VALENCIANA;2.1.-Malos tratos habituales en el ámbito familiar;2018;1.313
COMUNITAT VALENCIANA;2.2.-Otros contra la libertad;2024;4.688
COMUNITAT VALENCIANA;2.2.-Otros contra la libertad;2023;4.365
COMUNITAT VALENCIANA;2.2.-Otros contra la libertad;2022;3.942
COMUNITAT VALENCIANA;2.2.-Otros contra la libertad;2021;3.875
COMUNITAT VALENCIANA;2.2.-Otros contra la libertad;2020;3.247
COMUNITAT VALENCIANA;2.2.-Otros contra la libertad;2019;3.313
COMUNITAT VALENCIANA;2.2.-Otros contra la libertad;2018;3.194
COMUNITAT VALENCIANA;3. LIBERTAD SEXUAL;2024;1.765
COMUNITAT VALENCIANA;3. LIBERTAD SEXUAL;2023;1.723
COMUNITAT VALENCIANA;3. LIBERTAD SEXUAL;2022;1.642
COMUNITAT VALENCIANA;3. LIBERTAD SEXUAL;2021;1.415
COMUNITAT VALENCIANA;3. LIBERTAD SEXUAL;2020;1.030
COMUNITAT VALENCIANA;3. LIBERTAD SEXUAL;2019;1.241
COMUNITAT VALENCIANA;3. LIBERTAD SEXUAL;2018;1.085
COMUNITAT VALENCIANA;3.1.-Agresión sexual;2024;1.133
COMUNITAT VALENCIANA;3.1.-Agresión sexual;2023;1.081
COMUNITAT VALENCIANA;3.1.-Agresión sexual;2022;987
COMUNITAT VALENCIANA;3.1.-Agresión sexual;2021;895
COMUNITAT VALENCIANA;3.1.-Agresión sexual;2020;602
COMUNITAT VALENCIANA;3.1.-Agresión sexual;2019;731
COMUNITAT VALENCIANA;3.1.-Agresión sexual;2018;636
COMUNITAT VALENCIANA;3.2.-Agresión sexual con penetración;2024;372
COMUNITAT VALENCIANA;3.2.-Agresión sexual con penetración;2023;363
COMUNITAT VALENCIANA;3.2.-Agresión sexual con penetración;2022;392
COMUNITAT VALENCIANA;3.2.-Agresión sexual con penetración;2021;308
COMUNITAT VALENCIANA;3.2.-Agresión sexual con penetración;2020;237
COMUNITAT VALENCIANA;3.2.-Agresión sexual con penetración;2019;246
COMUNITAT VALENCIANA;3.2.-Agresión sexual con penetración;2018;205
COMUNITAT VALENCIANA;3.3.-Corrupción de menores o incapacitados;2024;29
COMUNITAT VALENCIANA;3.3.-Corrupción de menores o incapacitados;2023;28
COMUNITAT VALENCIANA;3.3.-Corrupción de menores o incapacitados;2022;56
COMUNITAT VALENCIANA;3.3.-Corrupción de menores o incapacitados;2021;37
COMUNITAT VALENCIANA;3.3.-Corrupción de menores o incapacitados;2020;22
COMUNITAT VALENCIANA;3.3.-Corrupción de menores o incapacitados;2019;35
COMUNITAT VALENCIANA;3.3.-Corrupción de menores o incapacitados;2018;31
COMUNITAT VALENCIANA;3.4.-Pornografía de menores;2024;71
COMUNITAT VALENCIANA;3.4.-Pornografía de menores;2023;81
COMUNITAT VALENCIANA;3.4.-Pornografía de menores;2022;81
COMUNITAT VALENCIANA;3.4.-Pornografía de menores;2021;44
COMUNITAT VALENCIANA;3.4.-Pornografía de menores;2020;47
COMUNITAT VALENCIANA;3.4.-Pornografía de menores;2019;94
COMUNITAT VALENCIANA;3.4.-Pornografía de menores;2018;79
COMUNITAT VALENCIANA;3.5.-Otros contra la libertad sexual;2024;160
COMUNITAT VALENCIANA;3.5.-Otros contra la libertad sexual;2023;170
COMUNITAT VALENCIANA;3.5.-Otros contra la libertad sexual;2022;126
COMUNITAT VALENCIANA;3.5.-Otros contra la libertad sexual;2021;131
COMUNITAT VALENCIANA;3.5.-Otros contra la libertad sexual;2020;122
COMUNITAT VALENCIANA;3.5.-Otros contra la libertad sexual;2019;135
COMUNITAT VALENCIANA;3.5.-Otros contra la libertad sexual;2018;134
COMUNITAT VALENCIANA;4. RELACIONES FAMILIARES;2024;244
COMUNITAT VALENCIANA;4. RELACIONES FAMILIARES;2023;228
COMUNITAT VALENCIANA;4. RELACIONES FAMILIARES;2022;221
COMUNITAT VALENCIANA;4. RELACIONES FAMILIARES;2021;237
COMUNITAT VALENCIANA;4. RELACIONES FAMILIARES;2020;199
COMUNITAT VALENCIANA;4. RELACIONES FAMILIARES;2019;200
COMUNITAT VALENCIANA;4. RELACIONES FAMILIARES;2018;242
COMUNITAT VALENCIANA;5. PATRIMONIO;2024;23.663
COMUNITAT VALENCIANA;5. PATRIMONIO;2023;21.400
COMUNITAT VALENCIANA;5. PATRIMONIO;2022;18.553
COMUNITAT VALENCIANA;5. PATRIMONIO;2021;15.170
COMUNITAT VALENCIANA;5. PATRIMONIO;2020;13.225
COMUNITAT VALENCIANA;5. PATRIMONIO;2019;16.244
COMUNITAT VALENCIANA;5. PATRIMONIO;2018;16.953
COMUNITAT VALENCIANA;5.1.-Hurtos;2024;9.544
COMUNITAT VALENCIANA;5.1.-Hurtos;2023;8.664
COMUNITAT VALENCIANA;5.1.-Hurtos;2022;7.399
COMUNITAT VALENCIANA;5.1.-Hurtos;2021;5.626
COMUNITAT VALENCIANA;5.1.-Hurtos;2020;4.384
COMUNITAT VALENCIANA;5.1.-Hurtos;2019;6.191
COMUNITAT VALENCIANA;5.1.-Hurtos;2018;6.851
COMUNITAT VALENCIANA;5.2.-Robos con fuerza en las cosas;2024;4.678
COMUNITAT VALENCIANA;5.2.-Robos con fuerza en las cosas;2023;4.457
COMUNITAT VALENCIANA;5.2.-Robos con fuerza en las cosas;2022;3.815
COMUNITAT VALENCIANA;5.2.-Robos con fuerza en las cosas;2021;3.175
COMUNITAT VALENCIANA;5.2.-Robos con fuerza en las cosas;2020;3.249
COMUNITAT VALENCIANA;5.2.-Robos con fuerza en las cosas;2019;3.574
COMUNITAT VALENCIANA;5.2.-Robos con fuerza en las cosas;2018;3.742
COMUNITAT VALENCIANA;5.2.1.-Robos con fuerza en las cosas en el interior de vehículos;2024;1.162
COMUNITAT VALENCIANA;5.2.1.-Robos con fuerza en las cosas en el interior de vehículos;2023;1.135
COMUNITAT VALENCIANA;5.2.1.-Robos con fuerza en las cosas en el interior de vehículos;2022;785
COMUNITAT VALENCIANA;5.2.1.-Robos con fuerza en las cosas en el interior de vehículos;2021;577
COMUNITAT VALENCIANA;5.2.1.-Robos con fuerza en las cosas en el interior de vehículos;2020;560
COMUNITAT VALENCIANA;5.2.1.-Robos con fuerza en las cosas en el interior de vehículos;2019;574
COMUNITAT VALENCIANA;5.2.1.-Robos con fuerza en las cosas en el interior de vehículos;2018;553
COMUNITAT VALENCIANA;5.2.2.-Robos con fuerza en viviendas;2024;1.655
COMUNITAT VALENCIANA;5.2.2.-Robos con fuerza en viviendas;2023;1.491
COMUNITAT VALENCIANA;5.2.2.-Robos con fuerza en viviendas;2022;1.359
COMUNITAT VALENCIANA;5.2.2.-Robos con fuerza en viviendas;2021;1.292
COMUNITAT VALENCIANA;5.2.2.-Robos con fuerza en viviendas;2020;1.356
COMUNITAT VALENCIANA;5.2.2.-Robos con fuerza en viviendas;2019;1.444
COMUNITAT VALENCIANA;5.2.2.-Robos con fuerza en viviendas;2018;1.603
COMUNITAT VALENCIANA;5.2.3.-Robos con fuerza en establecimientos;2024;930
COMUNITAT VALENCIANA;5.2.3.-Robos con fuerza en establecimientos;2023;966
COMUNITAT VALENCIANA;5.2.3.-Robos con fuerza en establecimientos;2022;813
COMUNITAT VALENCIANA;5.2.3.-Robos con fuerza en establecimientos;2021;663
COMUNITAT VALENCIANA;5.2.3.-Robos con fuerza en establecimientos;2020;757
COMUNITAT VALENCIANA;5.2.3.-Robos con fuerza en establecimientos;2019;859
COMUNITAT VALENCIANA;5.2.3.-Robos con fuerza en establecimientos;2018;807
COMUNITAT VALENCIANA;5.3.-Robos con violencia o intimidación;2024;3.327
COMUNITAT VALENCIANA;5.3.-Robos con violencia o intimidación;2023;2.986
COMUNITAT VALENCIANA;5.3.-Robos con violencia o intimidación;2022;2.344
COMUNITAT VALENCIANA;5.3.-Robos con violencia o intimidación;2021;1.832
COMUNITAT VALENCIANA;5.3.-Robos con violencia o intimidación;2020;1.622
COMUNITAT VALENCIANA;5.3.-Robos con violencia o intimidación;2019;1.850
COMUNITAT VALENCIANA;5.3.-Robos con violencia o intimidación;2018;1.690
COMUNITAT VALENCIANA;5.3.1.-Robos con violencia en vía pública;2024;1.859
COMUNITAT VALENCIANA;5.3.1.-Robos con violencia en vía pública;2023;1.718
COMUNITAT VALENCIANA;5.3.1.-Robos con violencia en vía pública;2022;1.323
COMUNITAT VALENCIANA;5.3.1.-Robos con violencia en vía pública;2021;913
COMUNITAT VALENCIANA;5.3.1.-Robos con violencia en vía pública;2020;870
COMUNITAT VALENCIANA;5.3.1.-Robos con violencia en vía pública;2019;943
COMUNITAT VALENCIANA;5.3.1.-Robos con violencia en vía pública;2018;793
COMUNITAT VALENCIANA;5.3.2.-Robos con violencia en viviendas;2024;296
COMUNITAT VALENCIANA;5.3.2.-Robos con violencia en viviendas;2023;211
COMUNITAT VALENCIANA;5.3.2.-Robos con violencia en viviendas;2022;186
COMUNITAT VALENCIANA;5.3.2.-Robos con violencia en viviendas;2021;211
COMUNITAT VALENCIANA;5.3.2.-Robos con violencia en viviendas;2020;178
COMUNITAT VALENCIANA;5.3.2.-Robos con violencia en viviendas;2019;220
COMUNITAT VALENCIANA;5.3.2.-Robos con violencia en viviendas;2018;196
COMUNITAT VALENCIANA;5.3.3.-Robos con violencia en establecimientos;2024;802
COMUNITAT VALENCIANA;5.3.3.-Robos con violencia en establecimientos;2023;715
COMUNITAT VALENCIANA;5.3.3.-Robos con violencia en establecimientos;2022;566
COMUNITAT VALENCIANA;5.3.3.-Robos con violencia en establecimientos;2021;480
COMUNITAT VALENCIANA;5.3.3.-Robos con violencia en establecimientos;2020;381
COMUNITAT VALENCIANA;5.3.3.-Robos con violencia en establecimientos;2019;453
COMUNITAT VALENCIANA;5.3.3.-Robos con violencia en establecimientos;2018;491
COMUNITAT VALENCIANA;5.4.-Sustracción de vehículos;2024;536
COMUNITAT VALENCIANA;5.4.-Sustracción de vehículos;2023;478
COMUNITAT VALENCIANA;5.4.-Sustracción de vehículos;2022;469
COMUNITAT VALENCIANA;5.4.-Sustracción de vehículos;2021;364
COMUNITAT VALENCIANA;5.4.-Sustracción de vehículos;2020;404
COMUNITAT VALENCIANA;5.4.-Sustracción de vehículos;2019;459
COMUNITAT VALENCIANA;5.4.-Sustracción de vehículos;2018;464
COMUNITAT VALENCIANA;5.5.-Estafas;2024;2.352
COMUNITAT VALENCIANA;5.5.-Estafas;2023;1.962
COMUNITAT VALENCIANA;5.5.-Estafas;2022;1.714
COMUNITAT VALENCIANA;5.5.-Estafas;2021;1.719
COMUNITAT VALENCIANA;5.5.-Estafas;2020;1.378
COMUNITAT VALENCIANA;5.5.-Estafas;2019;1.462
COMUNITAT VALENCIANA;5.5.-Estafas;2018;1.463
COMUNITAT VALENCIANA;5.5.1.-Estafas informáticas;2024;1.188
COMUNITAT VALENCIANA;5.5.1.-Estafas informáticas;2023;933
COMUNITAT VALENCIANA;5.5.1.-Estafas informáticas;2022;708
COMUNITAT VALENCIANA;5.5.1.-Estafas informáticas;2021;757
COMUNITAT VALENCIANA;5.5.1.-Estafas informáticas;2020;596
COMUNITAT VALENCIANA;5.5.1.-Estafas informáticas;2019;416
COMUNITAT VALENCIANA;5.5.1.-Estafas informáticas;2018;352
COMUNITAT VALENCIANA;5.6.-Daños;2024;1.224
COMUNITAT VALENCIANA;5.6.-Daños;2023;1.150
COMUNITAT VALENCIANA;5.6.-Daños;2022;1.239
COMUNITAT VALENCIANA;5.6.-Daños;2021;1.105
COMUNITAT VALENCIANA;5.6.-Daños;2020;874
COMUNITAT VALENCIANA;5.6.-Daños;2019;1.040
COMUNITAT VALENCIANA;5.6.-Daños;2018;1.002
COMUNITAT VALENCIANA;5.7.-Contra la propiedad intelectual/industrial;2024;155
COMUNITAT VALENCIANA;5.7.-Contra la propiedad intelectual/industrial;2023;188
COMUNITAT VALENCIANA;5.7.-Contra la propiedad intelectual/industrial;2022;132
COMUNITAT VALENCIANA;5.7.-Contra la propiedad intelectual/industrial;2021;163
COMUNITAT VALENCIANA;5.7.-Contra la propiedad intelectual/industrial;2020;156
COMUNITAT VALENCIANA;5.7.-Contra la propiedad intelectual/industrial;2019;267
COMUNITAT VALENCIANA;5.7.-Contra la propiedad intelectual/industrial;2018;334
COMUNITAT VALENCIANA;5.8.-Blanqueo de capitales;2024;103
COMUNITAT VALENCIANA;5.8.-Blanqueo de capitales;2023;58
COMUNITAT VALENCIANA;5.8.-Blanqueo de capitales;2022;21
COMUNITAT VALENCIANA;5.8.-Blanqueo de capitales;2021;75
COMUNITAT VALENCIANA;5.8.-Blanqueo de capitales;2020;63
COMUNITAT VALENCIANA;5.8.-Blanqueo de capitales;2019;70
COMUNITAT VALENCIANA;5.8.-Blanqueo de capitales;2018;87
COMUNITAT VALENCIANA;5.9.-Otros contra el patrimonio;2024;1.744
COMUNITAT VALENCIANA;5.9.-Otros contra el patrimonio;2023;1.457
COMUNITAT VALENCIANA;5.9.-Otros contra el patrimonio;2022;1.420
COMUNITAT VALENCIANA;5.9.-Otros contra el patrimonio;2021;1.111
COMUNITAT VALENCIANA;5.9.-Otros contra el patrimonio;2020;1.095
COMUNITAT VALENCIANA;5.9.-Otros contra el patrimonio;2019;1.331
COMUNITAT VALENCIANA;5.9.-Otros contra el patrimonio;2018;1.320
COMUNITAT VALENCIANA;6. SEGURIDAD COLECTIVA;2024;8.851
COMUNITAT VALENCIANA;6. SEGURIDAD COLECTIVA;2023;9.217
COMUNITAT VALENCIANA;6. SEGURIDAD COLECTIVA;2022;8.439
COMUNITAT VALENCIANA;6. SEGURIDAD COLECTIVA;2021;7.429
COMUNITAT VALENCIANA;6. SEGURIDAD COLECTIVA;2020;6.614
COMUNITAT VALENCIANA;6. SEGURIDAD COLECTIVA;2019;7.688
COMUNITAT VALENCIANA;6. SEGURIDAD COLECTIVA;2018;7.588
COMUNITAT VALENCIANA;6.1.-Tráfico de drogas;2024;3.830
COMUNITAT VALENCIANA;6.1.-Tráfico de drogas;2023;3.727
COMUNITAT VALENCIANA;6.1.-Tráfico de drogas;2022;3.010
COMUNITAT VALENCIANA;6.1.-Tráfico de drogas;2021;2.989
COMUNITAT VALENCIANA;6.1.-Tráfico de drogas;2020;2.949
COMUNITAT VALENCIANA;6.1.-Tráfico de drogas;2019;3.142
COMUNITAT VALENCIANA;6.1.-Tráfico de drogas;2018;2.791
COMUNITAT VALENCIANA;6.2.-Contra la seguridad vial;2024;4.710
COMUNITAT VALENCIANA;6.2.-Contra la seguridad vial;2023;5.198
COMUNITAT VALENCIANA;6.2.-Contra la seguridad vial;2022;5.214
COMUNITAT VALENCIANA;6.2.-Contra la seguridad vial;2021;4.218
COMUNITAT VALENCIANA;6.2.-Contra la seguridad vial;2020;3.491
COMUNITAT VALENCIANA;6.2.-Contra la seguridad vial;2019;4.415
COMUNITAT VALENCIANA;6.2.-Contra la seguridad vial;2018;4.516
COMUNITAT VALENCIANA;6.3.-Otros contra la seguridad colectiva;2024;311
COMUNITAT VALENCIANA;6.3.-Otros contra la seguridad colectiva;2023;292
COMUNITAT VALENCIANA;6.3.-Otros contra la seguridad colectiva;2022;215
COMUNITAT VALENCIANA;6.3.-Otros contra la seguridad colectiva;2021;222
COMUNITAT VALENCIANA;6.3.-Otros contra la seguridad colectiva;2020;174
COMUNITAT VALENCIANA;6.3.-Otros contra la seguridad colectiva;2019;131
COMUNITAT VALENCIANA;6.3.-Otros contra la seguridad colectiva;2018;281
COMUNITAT VALENCIANA;7. FALSEDADES;2024;1.566
COMUNITAT VALENCIANA;7. FALSEDADES;2023;1.564
COMUNITAT VALENCIANA;7. FALSEDADES;2022;1.425
COMUNITAT VALENCIANA;7. FALSEDADES;2021;1.330
COMUNITAT VALENCIANA;7. FALSEDADES;2020;1.014
COMUNITAT VALENCIANA;7. FALSEDADES;2019;1.420
COMUNITAT VALENCIANA;7. FALSEDADES;2018;1.592
COMUNITAT VALENCIANA;8. ADMÓN. PÚBLICA;2024;29
COMUNITAT VALENCIANA;8. ADMÓN. PÚBLICA;2023;16
COMUNITAT VALENCIANA;8. ADMÓN. PÚBLICA;2022;25
COMUNITAT VALENCIANA;8. ADMÓN. PÚBLICA;2021;46
COMUNITAT VALENCIANA;8. ADMÓN. PÚBLICA;2020;28
COMUNITAT VALENCIANA;8. ADMÓN. PÚBLICA;2019;38
COMUNITAT VALENCIANA;8. ADMÓN. PÚBLICA;2018;42
COMUNITAT VALENCIANA;9. ADMÓN. JUSTICIA;2024;4.291
COMUNITAT VALENCIANA;9. ADMÓN. JUSTICIA;2023;4.304
COMUNITAT VALENCIANA;9. ADMÓN. JUSTICIA;2022;3.932
COMUNITAT VALENCIANA;9. ADMÓN. JUSTICIA;2021;3.410
COMUNITAT VALENCIANA;9. ADMÓN. JUSTICIA;2020;3.269
COMUNITAT VALENCIANA;9. ADMÓN. JUSTICIA;2019;3.370
COMUNITAT VALENCIANA;9. ADMÓN. JUSTICIA;2018;3.224
COMUNITAT VALENCIANA;10. ORDEN PÚBLICO;2024;3.387
COMUNITAT VALENCIANA;10. ORDEN PÚBLICO;2023;3.249
COMUNITAT VALENCIANA;10. ORDEN PÚBLICO;2022;3.025
COMUNITAT VALENCIANA;10. ORDEN PÚBLICO;2021;3.026
COMUNITAT VALENCIANA;10. ORDEN PÚBLICO;2020;3.673
COMUNITAT VALENCIANA;10. ORDEN PÚBLICO;2019;2.234
COMUNITAT VALENCIANA;10. ORDEN PÚBLICO;2018;2.249
COMUNITAT VALENCIANA;11. LEGISLACIÓN ESPECIAL;2024;25
COMUNITAT VALENCIANA;11. LEGISLACIÓN ESPECIAL;2023;26
COMUNITAT VALENCIANA;11. LEGISLACIÓN ESPECIAL;2022;9
COMUNITAT VALENCIANA;11. LEGISLACIÓN ESPECIAL;2021;39
COMUNITAT VALENCIANA;11. LEGISLACIÓN ESPECIAL;2020;23
COMUNITAT VALENCIANA;11. LEGISLACIÓN ESPECIAL;2019;10
COMUNITAT VALENCIANA;11. LEGISLACIÓN ESPECIAL;2018;66
COMUNITAT VALENCIANA;12. OTRAS INFRACCIONES PENALES;2024;570
COMUNITAT VALENCIANA;12. OTRAS INFRACCIONES PENALES;2023;397
COMUNITAT VALENCIANA;12. OTRAS INFRACCIONES PENALES;2022;442
COMUNITAT VALENCIANA;12. OTRAS INFRACCIONES PENALES;2021;551
COMUNITAT VALENCIANA;12. OTRAS INFRACCIONES PENALES;2020;411
COMUNITAT VALENCIANA;12. OTRAS INFRACCIONES PENALES;2019;471
COMUNITAT VALENCIANA;12. OTRAS INFRACCIONES PENALES;2018;379
COMUNITAT VALENCIANA;TOTAL INFRACCIONES PENALES;2024;67.803
COMUNITAT VALENCIANA;TOTAL INFRACCIONES PENALES;2023;64.341
COMUNITAT VALENCIANA;TOTAL INFRACCIONES PENALES;2022;58.638
COMUNITAT VALENCIANA;TOTAL INFRACCIONES PENALES;2021;51.081
COMUNITAT VALENCIANA;TOTAL INFRACCIONES PENALES;2020;45.661
COMUNITAT VALENCIANA;TOTAL INFRACCIONES PENALES;2019;50.416
COMUNITAT VALENCIANA;TOTAL INFRACCIONES PENALES;2018;49.936
EXTREMADURA;1. CONTRA LAS PERSONAS;2024;2.347
EXTREMADURA;1. CONTRA LAS PERSONAS;2023;2.437
EXTREMADURA;1. CONTRA LAS PERSONAS;2022;2.209
EXTREMADURA;1. CONTRA LAS PERSONAS;2021;2.096
EXTREMADURA;1. CONTRA LAS PERSONAS;2020;1.920
EXTREMADURA;1. CONTRA LAS PERSONAS;2019;2.099
EXTREMADURA;1. CONTRA LAS PERSONAS;2018;2.072
EXTREMADURA;1.1.-Homicidios dolosos/asesinatos;2024;40
EXTREMADURA;1.1.-Homicidios dolosos/asesinatos;2023;19
EXTREMADURA;1.1.-Homicidios dolosos/asesinatos;2022;13
EXTREMADURA;1.1.-Homicidios dolosos/asesinatos;2021;24
EXTREMADURA;1.1.-Homicidios dolosos/asesinatos;2020;33
EXTREMADURA;1.1.-Homicidios dolosos/asesinatos;2019;16
EXTREMADURA;1.1.-Homicidios dolosos/asesinatos;2018;21
EXTREMADURA;1.1.1.-Homicidios dolosos/asesinatos consumados;2024;8
EXTREMADURA;1.1.1.-Homicidios dolosos/asesinatos consumados;2023;4
EXTREMADURA;1.1.1.-Homicidios dolosos/asesinatos consumados;2022;4
EXTREMADURA;1.1.1.-Homicidios dolosos/asesinatos consumados;2021;2
EXTREMADURA;1.1.1.-Homicidios dolosos/asesinatos consumados;2020;12
EXTREMADURA;1.1.1.-Homicidios dolosos/asesinatos consumados;2019;6
EXTREMADURA;1.1.1.-Homicidios dolosos/asesinatos consumados;2018;12
EXTREMADURA;1.2.-Lesiones;2024;1.051
EXTREMADURA;1.2.-Lesiones;2023;1.248
EXTREMADURA;1.2.-Lesiones;2022;1.067
EXTREMADURA;1.2.-Lesiones;2021;1.020
EXTREMADURA;1.2.-Lesiones;2020;884
EXTREMADURA;1.2.-Lesiones;2019;1.042
EXTREMADURA;1.2.-Lesiones;2018;1.118
EXTREMADURA;1.3.-Malos tratos ámbito familiar;2024;1.221
EXTREMADURA;1.3.-Malos tratos ámbito familiar;2023;1.130
EXTREMADURA;1.3.-Malos tratos ámbito familiar;2022;1.080
EXTREMADURA;1.3.-Malos tratos ámbito familiar;2021;988
EXTREMADURA;1.3.-Malos tratos ámbito familiar;2020;959
EXTREMADURA;1.3.-Malos tratos ámbito familiar;2019;999
EXTREMADURA;1.3.-Malos tratos ámbito familiar;2018;883
EXTREMADURA;1.4.-Otros contra las personas;2024;35
EXTREMADURA;1.4.-Otros contra las personas;2023;40
EXTREMADURA;1.4.-Otros contra las personas;2022;49
EXTREMADURA;1.4.-Otros contra las personas;2021;64
EXTREMADURA;1.4.-Otros contra las personas;2020;44
EXTREMADURA;1.4.-Otros contra las personas;2019;42
EXTREMADURA;1.4.-Otros contra las personas;2018;50
EXTREMADURA;2. CONTRA LA LIBERTAD;2024;1.202
EXTREMADURA;2. CONTRA LA LIBERTAD;2023;1.362
EXTREMADURA;2. CONTRA LA LIBERTAD;2022;1.185
EXTREMADURA;2. CONTRA LA LIBERTAD;2021;1.174
EXTREMADURA;2. CONTRA LA LIBERTAD;2020;1.128
EXTREMADURA;2. CONTRA LA LIBERTAD;2019;1.171
EXTREMADURA;2. CONTRA LA LIBERTAD;2018;1.076
EXTREMADURA;2.1.-Malos tratos habituales en el ámbito familiar;2024;267
EXTREMADURA;2.1.-Malos tratos habituales en el ámbito familiar;2023;270
EXTREMADURA;2.1.-Malos tratos habituales en el ámbito familiar;2022;242
EXTREMADURA;2.1.-Malos tratos habituales en el ámbito familiar;2021;263
EXTREMADURA;2.1.-Malos tratos habituales en el ámbito familiar;2020;214
EXTREMADURA;2.1.-Malos tratos habituales en el ámbito familiar;2019;241
EXTREMADURA;2.1.-Malos tratos habituales en el ámbito familiar;2018;189
EXTREMADURA;2.2.-Otros contra la libertad;2024;935
EXTREMADURA;2.2.-Otros contra la libertad;2023;1.092
EXTREMADURA;2.2.-Otros contra la libertad;2022;943
EXTREMADURA;2.2.-Otros contra la libertad;2021;911
EXTREMADURA;2.2.-Otros contra la libertad;2020;914
EXTREMADURA;2.2.-Otros contra la libertad;2019;930
EXTREMADURA;2.2.-Otros contra la libertad;2018;887
EXTREMADURA;3. LIBERTAD SEXUAL;2024;238
EXTREMADURA;3. LIBERTAD SEXUAL;2023;211
EXTREMADURA;3. LIBERTAD SEXUAL;2022;186
EXTREMADURA;3. LIBERTAD SEXUAL;2021;167
EXTREMADURA;3. LIBERTAD SEXUAL;2020;128
EXTREMADURA;3. LIBERTAD SEXUAL;2019;152
EXTREMADURA;3. LIBERTAD SEXUAL;2018;153
EXTREMADURA;3.1.-Agresión sexual;2024;159
EXTREMADURA;3.1.-Agresión sexual;2023;132
EXTREMADURA;3.1.-Agresión sexual;2022;129
EXTREMADURA;3.1.-Agresión sexual;2021;105
EXTREMADURA;3.1.-Agresión sexual;2020;87
EXTREMADURA;3.1.-Agresión sexual;2019;99
EXTREMADURA;3.1.-Agresión sexual;2018;97
EXTREMADURA;3.2.-Agresión sexual con penetración;2024;33
EXTREMADURA;3.2.-Agresión sexual con penetración;2023;29
EXTREMADURA;3.2.-Agresión sexual con penetración;2022;28
EXTREMADURA;3.2.-Agresión sexual con penetración;2021;35
EXTREMADURA;3.2.-Agresión sexual con penetración;2020;24
EXTREMADURA;3.2.-Agresión sexual con penetración;2019;22
EXTREMADURA;3.2.-Agresión sexual con penetración;2018;28
EXTREMADURA;3.3.-Corrupción de menores o incapacitados;2024;8
EXTREMADURA;3.3.-Corrupción de menores o incapacitados;2023;5
EXTREMADURA;3.3.-Corrupción de menores o incapacitados;2022;4
EXTREMADURA;3.3.-Corrupción de menores o incapacitados;2021;7
EXTREMADURA;3.3.-Corrupción de menores o incapacitados;2020;2
EXTREMADURA;3.3.-Corrupción de menores o incapacitados;2019;6
EXTREMADURA;3.3.-Corrupción de menores o incapacitados;2018;8
EXTREMADURA;3.4.-Pornografía de menores;2024;7
EXTREMADURA;3.4.-Pornografía de menores;2023;22
EXTREMADURA;3.4.-Pornografía de menores;2022;6
EXTREMADURA;3.4.-Pornografía de menores;2021;5
EXTREMADURA;3.4.-Pornografía de menores;2020;2
EXTREMADURA;3.4.-Pornografía de menores;2019;5
EXTREMADURA;3.4.-Pornografía de menores;2018;6
EXTREMADURA;3.5.-Otros contra la libertad sexual;2024;31
EXTREMADURA;3.5.-Otros contra la libertad sexual;2023;23
EXTREMADURA;3.5.-Otros contra la libertad sexual;2022;19
EXTREMADURA;3.5.-Otros contra la libertad sexual;2021;15
EXTREMADURA;3.5.-Otros contra la libertad sexual;2020;13
EXTREMADURA;3.5.-Otros contra la libertad sexual;2019;20
EXTREMADURA;3.5.-Otros contra la libertad sexual;2018;14
EXTREMADURA;4. RELACIONES FAMILIARES;2024;63
EXTREMADURA;4. RELACIONES FAMILIARES;2023;68
EXTREMADURA;4. RELACIONES FAMILIARES;2022;70
EXTREMADURA;4. RELACIONES FAMILIARES;2021;58
EXTREMADURA;4. RELACIONES FAMILIARES;2020;44
EXTREMADURA;4. RELACIONES FAMILIARES;2019;49
EXTREMADURA;4. RELACIONES FAMILIARES;2018;50
EXTREMADURA;5. PATRIMONIO;2024;2.235
EXTREMADURA;5. PATRIMONIO;2023;2.596
EXTREMADURA;5. PATRIMONIO;2022;2.401
EXTREMADURA;5. PATRIMONIO;2021;2.046
EXTREMADURA;5. PATRIMONIO;2020;2.024
EXTREMADURA;5. PATRIMONIO;2019;2.349
EXTREMADURA;5. PATRIMONIO;2018;2.414
EXTREMADURA;5.1.-Hurtos;2024;806
EXTREMADURA;5.1.-Hurtos;2023;935
EXTREMADURA;5.1.-Hurtos;2022;922
EXTREMADURA;5.1.-Hurtos;2021;654
EXTREMADURA;5.1.-Hurtos;2020;616
EXTREMADURA;5.1.-Hurtos;2019;791
EXTREMADURA;5.1.-Hurtos;2018;898
EXTREMADURA;5.2.-Robos con fuerza en las cosas;2024;513
EXTREMADURA;5.2.-Robos con fuerza en las cosas;2023;606
EXTREMADURA;5.2.-Robos con fuerza en las cosas;2022;482
EXTREMADURA;5.2.-Robos con fuerza en las cosas;2021;447
EXTREMADURA;5.2.-Robos con fuerza en las cosas;2020;493
EXTREMADURA;5.2.-Robos con fuerza en las cosas;2019;539
EXTREMADURA;5.2.-Robos con fuerza en las cosas;2018;608
EXTREMADURA;5.2.1.-Robos con fuerza en las cosas en el interior de vehículos;2024;68
EXTREMADURA;5.2.1.-Robos con fuerza en las cosas en el interior de vehículos;2023;74
EXTREMADURA;5.2.1.-Robos con fuerza en las cosas en el interior de vehículos;2022;53
EXTREMADURA;5.2.1.-Robos con fuerza en las cosas en el interior de vehículos;2021;63
EXTREMADURA;5.2.1.-Robos con fuerza en las cosas en el interior de vehículos;2020;48
EXTREMADURA;5.2.1.-Robos con fuerza en las cosas en el interior de vehículos;2019;68
EXTREMADURA;5.2.1.-Robos con fuerza en las cosas en el interior de vehículos;2018;62
EXTREMADURA;5.2.2.-Robos con fuerza en viviendas;2024;163
EXTREMADURA;5.2.2.-Robos con fuerza en viviendas;2023;191
EXTREMADURA;5.2.2.-Robos con fuerza en viviendas;2022;131
EXTREMADURA;5.2.2.-Robos con fuerza en viviendas;2021;149
EXTREMADURA;5.2.2.-Robos con fuerza en viviendas;2020;169
EXTREMADURA;5.2.2.-Robos con fuerza en viviendas;2019;176
EXTREMADURA;5.2.2.-Robos con fuerza en viviendas;2018;225
EXTREMADURA;5.2.3.-Robos con fuerza en establecimientos;2024;118
EXTREMADURA;5.2.3.-Robos con fuerza en establecimientos;2023;164
EXTREMADURA;5.2.3.-Robos con fuerza en establecimientos;2022;124
EXTREMADURA;5.2.3.-Robos con fuerza en establecimientos;2021;87
EXTREMADURA;5.2.3.-Robos con fuerza en establecimientos;2020;118
EXTREMADURA;5.2.3.-Robos con fuerza en establecimientos;2019;135
EXTREMADURA;5.2.3.-Robos con fuerza en establecimientos;2018;160
EXTREMADURA;5.3.-Robos con violencia o intimidación;2024;179
EXTREMADURA;5.3.-Robos con violencia o intimidación;2023;192
EXTREMADURA;5.3.-Robos con violencia o intimidación;2022;168
EXTREMADURA;5.3.-Robos con violencia o intimidación;2021;120
EXTREMADURA;5.3.-Robos con violencia o intimidación;2020;135
EXTREMADURA;5.3.-Robos con violencia o intimidación;2019;218
EXTREMADURA;5.3.-Robos con violencia o intimidación;2018;141
EXTREMADURA;5.3.1.-Robos con violencia en vía pública;2024;66
EXTREMADURA;5.3.1.-Robos con violencia en vía pública;2023;73
EXTREMADURA;5.3.1.-Robos con violencia en vía pública;2022;75
EXTREMADURA;5.3.1.-Robos con violencia en vía pública;2021;52
EXTREMADURA;5.3.1.-Robos con violencia en vía pública;2020;60
EXTREMADURA;5.3.1.-Robos con violencia en vía pública;2019;101
EXTREMADURA;5.3.1.-Robos con violencia en vía pública;2018;56
EXTREMADURA;5.3.2.-Robos con violencia en viviendas;2024;14
EXTREMADURA;5.3.2.-Robos con violencia en viviendas;2023;37
EXTREMADURA;5.3.2.-Robos con violencia en viviendas;2022;35
EXTREMADURA;5.3.2.-Robos con violencia en viviendas;2021;20
EXTREMADURA;5.3.2.-Robos con violencia en viviendas;2020;24
EXTREMADURA;5.3.2.-Robos con violencia en viviendas;2019;33
EXTREMADURA;5.3.2.-Robos con violencia en viviendas;2018;19
EXTREMADURA;5.3.3.-Robos con violencia en establecimientos;2024;83
EXTREMADURA;5.3.3.-Robos con violencia en establecimientos;2023;58
EXTREMADURA;5.3.3.-Robos con violencia en establecimientos;2022;40
EXTREMADURA;5.3.3.-Robos con violencia en establecimientos;2021;37
EXTREMADURA;5.3.3.-Robos con violencia en establecimientos;2020;36
EXTREMADURA;5.3.3.-Robos con violencia en establecimientos;2019;58
EXTREMADURA;5.3.3.-Robos con violencia en establecimientos;2018;53
EXTREMADURA;5.4.-Sustracción de vehículos;2024;35
EXTREMADURA;5.4.-Sustracción de vehículos;2023;37
EXTREMADURA;5.4.-Sustracción de vehículos;2022;29
EXTREMADURA;5.4.-Sustracción de vehículos;2021;30
EXTREMADURA;5.4.-Sustracción de vehículos;2020;25
EXTREMADURA;5.4.-Sustracción de vehículos;2019;25
EXTREMADURA;5.4.-Sustracción de vehículos;2018;27
EXTREMADURA;5.5.-Estafas;2024;282
EXTREMADURA;5.5.-Estafas;2023;319
EXTREMADURA;5.5.-Estafas;2022;328
EXTREMADURA;5.5.-Estafas;2021;318
EXTREMADURA;5.5.-Estafas;2020;326
EXTREMADURA;5.5.-Estafas;2019;242
EXTREMADURA;5.5.-Estafas;2018;178
EXTREMADURA;5.5.1.-Estafas informáticas;2024;182
EXTREMADURA;5.5.1.-Estafas informáticas;2023;192
EXTREMADURA;5.5.1.-Estafas informáticas;2022;184
EXTREMADURA;5.5.1.-Estafas informáticas;2021;181
EXTREMADURA;5.5.1.-Estafas informáticas;2020;131
EXTREMADURA;5.5.1.-Estafas informáticas;2019;67
EXTREMADURA;5.5.1.-Estafas informáticas;2018;32
EXTREMADURA;5.6.-Daños;2024;214
EXTREMADURA;5.6.-Daños;2023;274
EXTREMADURA;5.6.-Daños;2022;259
EXTREMADURA;5.6.-Daños;2021;272
EXTREMADURA;5.6.-Daños;2020;245
EXTREMADURA;5.6.-Daños;2019;255
EXTREMADURA;5.6.-Daños;2018;250
EXTREMADURA;5.7.-Contra la propiedad intelectual/industrial;2024;13
EXTREMADURA;5.7.-Contra la propiedad intelectual/industrial;2023;20
EXTREMADURA;5.7.-Contra la propiedad intelectual/industrial;2022;21
EXTREMADURA;5.7.-Contra la propiedad intelectual/industrial;2021;5
EXTREMADURA;5.7.-Contra la propiedad intelectual/industrial;2020;20
EXTREMADURA;5.7.-Contra la propiedad intelectual/industrial;2019;44
EXTREMADURA;5.7.-Contra la propiedad intelectual/industrial;2018;70
EXTREMADURA;5.8.-Blanqueo de capitales;2024;1
EXTREMADURA;5.8.-Blanqueo de capitales;2023;5
EXTREMADURA;5.8.-Blanqueo de capitales;2022;3
EXTREMADURA;5.8.-Blanqueo de capitales;2021;12
EXTREMADURA;5.8.-Blanqueo de capitales;2020;1
EXTREMADURA;5.8.-Blanqueo de capitales;2019;1
EXTREMADURA;5.8.-Blanqueo de capitales;2018;2
EXTREMADURA;5.9.-Otros contra el patrimonio;2024;192
EXTREMADURA;5.9.-Otros contra el patrimonio;2023;208
EXTREMADURA;5.9.-Otros contra el patrimonio;2022;189
EXTREMADURA;5.9.-Otros contra el patrimonio;2021;188
EXTREMADURA;5.9.-Otros contra el patrimonio;2020;163
EXTREMADURA;5.9.-Otros contra el patrimonio;2019;234
EXTREMADURA;5.9.-Otros contra el patrimonio;2018;240
EXTREMADURA;6. SEGURIDAD COLECTIVA;2024;1.208
EXTREMADURA;6. SEGURIDAD COLECTIVA;2023;1.296
EXTREMADURA;6. SEGURIDAD COLECTIVA;2022;1.244
EXTREMADURA;6. SEGURIDAD COLECTIVA;2021;1.364
EXTREMADURA;6. SEGURIDAD COLECTIVA;2020;1.172
EXTREMADURA;6. SEGURIDAD COLECTIVA;2019;1.374
EXTREMADURA;6. SEGURIDAD COLECTIVA;2018;1.229
EXTREMADURA;6.1.-Tráfico de drogas;2024;389
EXTREMADURA;6.1.-Tráfico de drogas;2023;474
EXTREMADURA;6.1.-Tráfico de drogas;2022;407
EXTREMADURA;6.1.-Tráfico de drogas;2021;570
EXTREMADURA;6.1.-Tráfico de drogas;2020;545
EXTREMADURA;6.1.-Tráfico de drogas;2019;547
EXTREMADURA;6.1.-Tráfico de drogas;2018;423
EXTREMADURA;6.2.-Contra la seguridad vial;2024;751
EXTREMADURA;6.2.-Contra la seguridad vial;2023;785
EXTREMADURA;6.2.-Contra la seguridad vial;2022;778
EXTREMADURA;6.2.-Contra la seguridad vial;2021;741
EXTREMADURA;6.2.-Contra la seguridad vial;2020;588
EXTREMADURA;6.2.-Contra la seguridad vial;2019;735
EXTREMADURA;6.2.-Contra la seguridad vial;2018;716
EXTREMADURA;6.3.-Otros contra la seguridad colectiva;2024;68
EXTREMADURA;6.3.-Otros contra la seguridad colectiva;2023;37
EXTREMADURA;6.3.-Otros contra la seguridad colectiva;2022;59
EXTREMADURA;6.3.-Otros contra la seguridad colectiva;2021;53
EXTREMADURA;6.3.-Otros contra la seguridad colectiva;2020;39
EXTREMADURA;6.3.-Otros contra la seguridad colectiva;2019;92
EXTREMADURA;6.3.-Otros contra la seguridad colectiva;2018;90
EXTREMADURA;7. FALSEDADES;2024;164
EXTREMADURA;7. FALSEDADES;2023;163
EXTREMADURA;7. FALSEDADES;2022;136
EXTREMADURA;7. FALSEDADES;2021;149
EXTREMADURA;7. FALSEDADES;2020;126
EXTREMADURA;7. FALSEDADES;2019;152
EXTREMADURA;7. FALSEDADES;2018;128
EXTREMADURA;8. ADMÓN. PÚBLICA;2024;89
EXTREMADURA;8. ADMÓN. PÚBLICA;2023;2
EXTREMADURA;8. ADMÓN. PÚBLICA;2022;1
EXTREMADURA;8. ADMÓN. PÚBLICA;2021;11
EXTREMADURA;8. ADMÓN. PÚBLICA;2020;1
EXTREMADURA;8. ADMÓN. PÚBLICA;2019;3
EXTREMADURA;8. ADMÓN. PÚBLICA;2018;7
EXTREMADURA;9. ADMÓN. JUSTICIA;2024;723
EXTREMADURA;9. ADMÓN. JUSTICIA;2023;660
EXTREMADURA;9. ADMÓN. JUSTICIA;2022;609
EXTREMADURA;9. ADMÓN. JUSTICIA;2021;537
EXTREMADURA;9. ADMÓN. JUSTICIA;2020;494
EXTREMADURA;9. ADMÓN. JUSTICIA;2019;519
EXTREMADURA;9. ADMÓN. JUSTICIA;2018;445
EXTREMADURA;10. ORDEN PÚBLICO;2024;309
EXTREMADURA;10. ORDEN PÚBLICO;2023;314
EXTREMADURA;10. ORDEN PÚBLICO;2022;274
EXTREMADURA;10. ORDEN PÚBLICO;2021;310
EXTREMADURA;10. ORDEN PÚBLICO;2020;438
EXTREMADURA;10. ORDEN PÚBLICO;2019;254
EXTREMADURA;10. ORDEN PÚBLICO;2018;208
EXTREMADURA;11. LEGISLACIÓN ESPECIAL;2024;2
EXTREMADURA;11. LEGISLACIÓN ESPECIAL;2023;14
EXTREMADURA;11. LEGISLACIÓN ESPECIAL;2022;13
EXTREMADURA;11. LEGISLACIÓN ESPECIAL;2021;21
EXTREMADURA;11. LEGISLACIÓN ESPECIAL;2020;14
EXTREMADURA;11. LEGISLACIÓN ESPECIAL;2019;10
EXTREMADURA;11. LEGISLACIÓN ESPECIAL;2018;35
EXTREMADURA;12. OTRAS INFRACCIONES PENALES;2024;177
EXTREMADURA;12. OTRAS INFRACCIONES PENALES;2023;143
EXTREMADURA;12. OTRAS INFRACCIONES PENALES;2022;139
EXTREMADURA;12. OTRAS INFRACCIONES PENALES;2021;129
EXTREMADURA;12. OTRAS INFRACCIONES PENALES;2020;183
EXTREMADURA;12. OTRAS INFRACCIONES PENALES;2019;152
EXTREMADURA;12. OTRAS INFRACCIONES PENALES;2018;178
EXTREMADURA;TOTAL INFRACCIONES PENALES;2024;8.757
EXTREMADURA;TOTAL INFRACCIONES PENALES;2023;9.266
EXTREMADURA;TOTAL INFRACCIONES PENALES;2022;8.467
EXTREMADURA;TOTAL INFRACCIONES PENALES;2021;8.062
EXTREMADURA;TOTAL INFRACCIONES PENALES;2020;7.672
EXTREMADURA;TOTAL INFRACCIONES PENALES;2019;8.284
EXTREMADURA;TOTAL INFRACCIONES PENALES;2018;7.995
GALICIA;1. CONTRA LAS PERSONAS;2024;4.926
GALICIA;1. CONTRA LAS PERSONAS;2023;5.218
GALICIA;1. CONTRA LAS PERSONAS;2022;4.751
GALICIA;1. CONTRA LAS PERSONAS;2021;3.985
GALICIA;1. CONTRA LAS PERSONAS;2020;3.753
GALICIA;1. CONTRA LAS PERSONAS;2019;4.089
GALICIA;1. CONTRA LAS PERSONAS;2018;4.084
GALICIA;1.1.-Homicidios dolosos/asesinatos;2024;67
GALICIA;1.1.-Homicidios dolosos/asesinatos;2023;74
GALICIA;1.1.-Homicidios dolosos/asesinatos;2022;56
GALICIA;1.1.-Homicidios dolosos/asesinatos;2021;55
GALICIA;1.1.-Homicidios dolosos/asesinatos;2020;39
GALICIA;1.1.-Homicidios dolosos/asesinatos;2019;36
GALICIA;1.1.-Homicidios dolosos/asesinatos;2018;30
GALICIA;1.1.1.-Homicidios dolosos/asesinatos consumados;2024;21
GALICIA;1.1.1.-Homicidios dolosos/asesinatos consumados;2023;19
GALICIA;1.1.1.-Homicidios dolosos/asesinatos consumados;2022;12
GALICIA;1.1.1.-Homicidios dolosos/asesinatos consumados;2021;18
GALICIA;1.1.1.-Homicidios dolosos/asesinatos consumados;2020;5
GALICIA;1.1.1.-Homicidios dolosos/asesinatos consumados;2019;12
GALICIA;1.1.1.-Homicidios dolosos/asesinatos consumados;2018;8
GALICIA;1.2.-Lesiones;2024;1.849
GALICIA;1.2.-Lesiones;2023;1.945
GALICIA;1.2.-Lesiones;2022;1.808
GALICIA;1.2.-Lesiones;2021;1.539
GALICIA;1.2.-Lesiones;2020;1.333
GALICIA;1.2.-Lesiones;2019;1.598
GALICIA;1.2.-Lesiones;2018;1.587
GALICIA;1.3.-Malos tratos ámbito familiar;2024;2.933
GALICIA;1.3.-Malos tratos ámbito familiar;2023;3.111
GALICIA;1.3.-Malos tratos ámbito familiar;2022;2.802
GALICIA;1.3.-Malos tratos ámbito familiar;2021;2.309
GALICIA;1.3.-Malos tratos ámbito familiar;2020;2.338
GALICIA;1.3.-Malos tratos ámbito familiar;2019;2.399
GALICIA;1.3.-Malos tratos ámbito familiar;2018;2.378
GALICIA;1.4.-Otros contra las personas;2024;77
GALICIA;1.4.-Otros contra las personas;2023;88
GALICIA;1.4.-Otros contra las personas;2022;85
GALICIA;1.4.-Otros contra las personas;2021;82
GALICIA;1.4.-Otros contra las personas;2020;43
GALICIA;1.4.-Otros contra las personas;2019;56
GALICIA;1.4.-Otros contra las personas;2018;89
GALICIA;2. CONTRA LA LIBERTAD;2024;2.287
GALICIA;2. CONTRA LA LIBERTAD;2023;2.352
GALICIA;2. CONTRA LA LIBERTAD;2022;2.155
GALICIA;2. CONTRA LA LIBERTAD;2021;1.968
GALICIA;2. CONTRA LA LIBERTAD;2020;1.948
GALICIA;2. CONTRA LA LIBERTAD;2019;1.903
GALICIA;2. CONTRA LA LIBERTAD;2018;1.884
GALICIA;2.1.-Malos tratos habituales en el ámbito familiar;2024;691
GALICIA;2.1.-Malos tratos habituales en el ámbito familiar;2023;697
GALICIA;2.1.-Malos tratos habituales en el ámbito familiar;2022;588
GALICIA;2.1.-Malos tratos habituales en el ámbito familiar;2021;495
GALICIA;2.1.-Malos tratos habituales en el ámbito familiar;2020;538
GALICIA;2.1.-Malos tratos habituales en el ámbito familiar;2019;581
GALICIA;2.1.-Malos tratos habituales en el ámbito familiar;2018;551
GALICIA;2.2.-Otros contra la libertad;2024;1.596
GALICIA;2.2.-Otros contra la libertad;2023;1.655
GALICIA;2.2.-Otros contra la libertad;2022;1.567
GALICIA;2.2.-Otros contra la libertad;2021;1.473
GALICIA;2.2.-Otros contra la libertad;2020;1.410
GALICIA;2.2.-Otros contra la libertad;2019;1.322
GALICIA;2.2.-Otros contra la libertad;2018;1.333
GALICIA;3. LIBERTAD SEXUAL;2024;555
GALICIA;3. LIBERTAD SEXUAL;2023;555
GALICIA;3. LIBERTAD SEXUAL;2022;430
GALICIA;3. LIBERTAD SEXUAL;2021;449
GALICIA;3. LIBERTAD SEXUAL;2020;352
GALICIA;3. LIBERTAD SEXUAL;2019;405
GALICIA;3. LIBERTAD SEXUAL;2018;374
GALICIA;3.1.-Agresión sexual;2024;337
GALICIA;3.1.-Agresión sexual;2023;328
GALICIA;3.1.-Agresión sexual;2022;258
GALICIA;3.1.-Agresión sexual;2021;258
GALICIA;3.1.-Agresión sexual;2020;184
GALICIA;3.1.-Agresión sexual;2019;244
GALICIA;3.1.-Agresión sexual;2018;224
GALICIA;3.2.-Agresión sexual con penetración;2024;123
GALICIA;3.2.-Agresión sexual con penetración;2023;138
GALICIA;3.2.-Agresión sexual con penetración;2022;96
GALICIA;3.2.-Agresión sexual con penetración;2021;98
GALICIA;3.2.-Agresión sexual con penetración;2020;96
GALICIA;3.2.-Agresión sexual con penetración;2019;85
GALICIA;3.2.-Agresión sexual con penetración;2018;72
GALICIA;3.3.-Corrupción de menores o incapacitados;2024;4
GALICIA;3.3.-Corrupción de menores o incapacitados;2023;2
GALICIA;3.3.-Corrupción de menores o incapacitados;2022;11
GALICIA;3.3.-Corrupción de menores o incapacitados;2021;4
GALICIA;3.3.-Corrupción de menores o incapacitados;2020;7
GALICIA;3.3.-Corrupción de menores o incapacitados;2019;6
GALICIA;3.3.-Corrupción de menores o incapacitados;2018;4
GALICIA;3.4.-Pornografía de menores;2024;32
GALICIA;3.4.-Pornografía de menores;2023;28
GALICIA;3.4.-Pornografía de menores;2022;20
GALICIA;3.4.-Pornografía de menores;2021;33
GALICIA;3.4.-Pornografía de menores;2020;30
GALICIA;3.4.-Pornografía de menores;2019;25
GALICIA;3.4.-Pornografía de menores;2018;43
GALICIA;3.5.-Otros contra la libertad sexual;2024;59
GALICIA;3.5.-Otros contra la libertad sexual;2023;59
GALICIA;3.5.-Otros contra la libertad sexual;2022;45
GALICIA;3.5.-Otros contra la libertad sexual;2021;56
GALICIA;3.5.-Otros contra la libertad sexual;2020;35
GALICIA;3.5.-Otros contra la libertad sexual;2019;45
GALICIA;3.5.-Otros contra la libertad sexual;2018;31
GALICIA;4. RELACIONES FAMILIARES;2024;38
GALICIA;4. RELACIONES FAMILIARES;2023;49
GALICIA;4. RELACIONES FAMILIARES;2022;30
GALICIA;4. RELACIONES FAMILIARES;2021;30
GALICIA;4. RELACIONES FAMILIARES;2020;35
GALICIA;4. RELACIONES FAMILIARES;2019;41
GALICIA;4. RELACIONES FAMILIARES;2018;45
GALICIA;5. PATRIMONIO;2024;4.907
GALICIA;5. PATRIMONIO;2023;5.197
GALICIA;5. PATRIMONIO;2022;4.806
GALICIA;5. PATRIMONIO;2021;4.477
GALICIA;5. PATRIMONIO;2020;4.016
GALICIA;5. PATRIMONIO;2019;5.085
GALICIA;5. PATRIMONIO;2018;5.253
GALICIA;5.1.-Hurtos;2024;1.959
GALICIA;5.1.-Hurtos;2023;2.051
GALICIA;5.1.-Hurtos;2022;1.840
GALICIA;5.1.-Hurtos;2021;1.792
GALICIA;5.1.-Hurtos;2020;1.346
GALICIA;5.1.-Hurtos;2019;1.967
GALICIA;5.1.-Hurtos;2018;2.014
GALICIA;5.2.-Robos con fuerza en las cosas;2024;961
GALICIA;5.2.-Robos con fuerza en las cosas;2023;1.168
GALICIA;5.2.-Robos con fuerza en las cosas;2022;1.101
GALICIA;5.2.-Robos con fuerza en las cosas;2021;935
GALICIA;5.2.-Robos con fuerza en las cosas;2020;1.048
GALICIA;5.2.-Robos con fuerza en las cosas;2019;1.255
GALICIA;5.2.-Robos con fuerza en las cosas;2018;1.297
GALICIA;5.2.1.-Robos con fuerza en las cosas en el interior de vehículos;2024;152
GALICIA;5.2.1.-Robos con fuerza en las cosas en el interior de vehículos;2023;201
GALICIA;5.2.1.-Robos con fuerza en las cosas en el interior de vehículos;2022;212
GALICIA;5.2.1.-Robos con fuerza en las cosas en el interior de vehículos;2021;161
GALICIA;5.2.1.-Robos con fuerza en las cosas en el interior de vehículos;2020;179
GALICIA;5.2.1.-Robos con fuerza en las cosas en el interior de vehículos;2019;214
GALICIA;5.2.1.-Robos con fuerza en las cosas en el interior de vehículos;2018;194
GALICIA;5.2.2.-Robos con fuerza en viviendas;2024;304
GALICIA;5.2.2.-Robos con fuerza en viviendas;2023;318
GALICIA;5.2.2.-Robos con fuerza en viviendas;2022;323
GALICIA;5.2.2.-Robos con fuerza en viviendas;2021;285
GALICIA;5.2.2.-Robos con fuerza en viviendas;2020;269
GALICIA;5.2.2.-Robos con fuerza en viviendas;2019;375
GALICIA;5.2.2.-Robos con fuerza en viviendas;2018;400
GALICIA;5.2.3.-Robos con fuerza en establecimientos;2024;296
GALICIA;5.2.3.-Robos con fuerza en establecimientos;2023;374
GALICIA;5.2.3.-Robos con fuerza en establecimientos;2022;302
GALICIA;5.2.3.-Robos con fuerza en establecimientos;2021;258
GALICIA;5.2.3.-Robos con fuerza en establecimientos;2020;354
GALICIA;5.2.3.-Robos con fuerza en establecimientos;2019;371
GALICIA;5.2.3.-Robos con fuerza en establecimientos;2018;388
GALICIA;5.3.-Robos con violencia o intimidación;2024;401
GALICIA;5.3.-Robos con violencia o intimidación;2023;490
GALICIA;5.3.-Robos con violencia o intimidación;2022;421
GALICIA;5.3.-Robos con violencia o intimidación;2021;400
GALICIA;5.3.-Robos con violencia o intimidación;2020;417
GALICIA;5.3.-Robos con violencia o intimidación;2019;404
GALICIA;5.3.-Robos con violencia o intimidación;2018;481
GALICIA;5.3.1.-Robos con violencia en vía pública;2024;194
GALICIA;5.3.1.-Robos con violencia en vía pública;2023;189
GALICIA;5.3.1.-Robos con violencia en vía pública;2022;209
GALICIA;5.3.1.-Robos con violencia en vía pública;2021;183
GALICIA;5.3.1.-Robos con violencia en vía pública;2020;152
GALICIA;5.3.1.-Robos con violencia en vía pública;2019;175
GALICIA;5.3.1.-Robos con violencia en vía pública;2018;181
GALICIA;5.3.2.-Robos con violencia en viviendas;2024;49
GALICIA;5.3.2.-Robos con violencia en viviendas;2023;49
GALICIA;5.3.2.-Robos con violencia en viviendas;2022;28
GALICIA;5.3.2.-Robos con violencia en viviendas;2021;64
GALICIA;5.3.2.-Robos con violencia en viviendas;2020;51
GALICIA;5.3.2.-Robos con violencia en viviendas;2019;55
GALICIA;5.3.2.-Robos con violencia en viviendas;2018;72
GALICIA;5.3.3.-Robos con violencia en establecimientos;2024;118
GALICIA;5.3.3.-Robos con violencia en establecimientos;2023;181
GALICIA;5.3.3.-Robos con violencia en establecimientos;2022;124
GALICIA;5.3.3.-Robos con violencia en establecimientos;2021;105
GALICIA;5.3.3.-Robos con violencia en establecimientos;2020;139
GALICIA;5.3.3.-Robos con violencia en establecimientos;2019;133
GALICIA;5.3.3.-Robos con violencia en establecimientos;2018;148
GALICIA;5.4.-Sustracción de vehículos;2024;89
GALICIA;5.4.-Sustracción de vehículos;2023;99
GALICIA;5.4.-Sustracción de vehículos;2022;102
GALICIA;5.4.-Sustracción de vehículos;2021;63
GALICIA;5.4.-Sustracción de vehículos;2020;79
GALICIA;5.4.-Sustracción de vehículos;2019;79
GALICIA;5.4.-Sustracción de vehículos;2018;100
GALICIA;5.5.-Estafas;2024;752
GALICIA;5.5.-Estafas;2023;624
GALICIA;5.5.-Estafas;2022;600
GALICIA;5.5.-Estafas;2021;590
GALICIA;5.5.-Estafas;2020;480
GALICIA;5.5.-Estafas;2019;559
GALICIA;5.5.-Estafas;2018;528
GALICIA;5.5.1.-Estafas informáticas;2024;514
GALICIA;5.5.1.-Estafas informáticas;2023;363
GALICIA;5.5.1.-Estafas informáticas;2022;296
GALICIA;5.5.1.-Estafas informáticas;2021;307
GALICIA;5.5.1.-Estafas informáticas;2020;213
GALICIA;5.5.1.-Estafas informáticas;2019;157
GALICIA;5.5.1.-Estafas informáticas;2018;92
GALICIA;5.6.-Daños;2024;336
GALICIA;5.6.-Daños;2023;415
GALICIA;5.6.-Daños;2022;379
GALICIA;5.6.-Daños;2021;362
GALICIA;5.6.-Daños;2020;306
GALICIA;5.6.-Daños;2019;393
GALICIA;5.6.-Daños;2018;366
GALICIA;5.7.-Contra la propiedad intelectual/industrial;2024;26
GALICIA;5.7.-Contra la propiedad intelectual/industrial;2023;40
GALICIA;5.7.-Contra la propiedad intelectual/industrial;2022;36
GALICIA;5.7.-Contra la propiedad intelectual/industrial;2021;26
GALICIA;5.7.-Contra la propiedad intelectual/industrial;2020;20
GALICIA;5.7.-Contra la propiedad intelectual/industrial;2019;81
GALICIA;5.7.-Contra la propiedad intelectual/industrial;2018;116
GALICIA;5.8.-Blanqueo de capitales;2024;31
GALICIA;5.8.-Blanqueo de capitales;2023;6
GALICIA;5.8.-Blanqueo de capitales;2022;7
GALICIA;5.8.-Blanqueo de capitales;2021;13
GALICIA;5.8.-Blanqueo de capitales;2020;14
GALICIA;5.8.-Blanqueo de capitales;2019;6
GALICIA;5.8.-Blanqueo de capitales;2018;8
GALICIA;5.9.-Otros contra el patrimonio;2024;352
GALICIA;5.9.-Otros contra el patrimonio;2023;304
GALICIA;5.9.-Otros contra el patrimonio;2022;320
GALICIA;5.9.-Otros contra el patrimonio;2021;296
GALICIA;5.9.-Otros contra el patrimonio;2020;306
GALICIA;5.9.-Otros contra el patrimonio;2019;341
GALICIA;5.9.-Otros contra el patrimonio;2018;343
GALICIA;6. SEGURIDAD COLECTIVA;2024;3.897
GALICIA;6. SEGURIDAD COLECTIVA;2023;4.492
GALICIA;6. SEGURIDAD COLECTIVA;2022;4.878
GALICIA;6. SEGURIDAD COLECTIVA;2021;4.329
GALICIA;6. SEGURIDAD COLECTIVA;2020;4.155
GALICIA;6. SEGURIDAD COLECTIVA;2019;4.829
GALICIA;6. SEGURIDAD COLECTIVA;2018;4.852
GALICIA;6.1.-Tráfico de drogas;2024;670
GALICIA;6.1.-Tráfico de drogas;2023;693
GALICIA;6.1.-Tráfico de drogas;2022;760
GALICIA;6.1.-Tráfico de drogas;2021;810
GALICIA;6.1.-Tráfico de drogas;2020;912
GALICIA;6.1.-Tráfico de drogas;2019;872
GALICIA;6.1.-Tráfico de drogas;2018;872
GALICIA;6.2.-Contra la seguridad vial;2024;3.130
GALICIA;6.2.-Contra la seguridad vial;2023;3.681
GALICIA;6.2.-Contra la seguridad vial;2022;3.998
GALICIA;6.2.-Contra la seguridad vial;2021;3.435
GALICIA;6.2.-Contra la seguridad vial;2020;3.151
GALICIA;6.2.-Contra la seguridad vial;2019;3.873
GALICIA;6.2.-Contra la seguridad vial;2018;3.878
GALICIA;6.3.-Otros contra la seguridad colectiva;2024;97
GALICIA;6.3.-Otros contra la seguridad colectiva;2023;118
GALICIA;6.3.-Otros contra la seguridad colectiva;2022;120
GALICIA;6.3.-Otros contra la seguridad colectiva;2021;84
GALICIA;6.3.-Otros contra la seguridad colectiva;2020;92
GALICIA;6.3.-Otros contra la seguridad colectiva;2019;84
GALICIA;6.3.-Otros contra la seguridad colectiva;2018;102
GALICIA;7. FALSEDADES;2024;270
GALICIA;7. FALSEDADES;2023;220
GALICIA;7. FALSEDADES;2022;250
GALICIA;7. FALSEDADES;2021;459
GALICIA;7. FALSEDADES;2020;229
GALICIA;7. FALSEDADES;2019;221
GALICIA;7. FALSEDADES;2018;237
GALICIA;8. ADMÓN. PÚBLICA;2024;9
GALICIA;8. ADMÓN. PÚBLICA;2023;15
GALICIA;8. ADMÓN. PÚBLICA;2022;7
GALICIA;8. ADMÓN. PÚBLICA;2021;5
GALICIA;8. ADMÓN. PÚBLICA;2020;6
GALICIA;8. ADMÓN. PÚBLICA;2019;9
GALICIA;8. ADMÓN. PÚBLICA;2018;8
GALICIA;9. ADMÓN. JUSTICIA;2024;1.309
GALICIA;9. ADMÓN. JUSTICIA;2023;1.260
GALICIA;9. ADMÓN. JUSTICIA;2022;1.083
GALICIA;9. ADMÓN. JUSTICIA;2021;972
GALICIA;9. ADMÓN. JUSTICIA;2020;972
GALICIA;9. ADMÓN. JUSTICIA;2019;1.034
GALICIA;9. ADMÓN. JUSTICIA;2018;928
GALICIA;10. ORDEN PÚBLICO;2024;802
GALICIA;10. ORDEN PÚBLICO;2023;782
GALICIA;10. ORDEN PÚBLICO;2022;844
GALICIA;10. ORDEN PÚBLICO;2021;791
GALICIA;10. ORDEN PÚBLICO;2020;1.004
GALICIA;10. ORDEN PÚBLICO;2019;694
GALICIA;10. ORDEN PÚBLICO;2018;670
GALICIA;11. LEGISLACIÓN ESPECIAL;2024;14
GALICIA;11. LEGISLACIÓN ESPECIAL;2023;6
GALICIA;11. LEGISLACIÓN ESPECIAL;2022;52
GALICIA;11. LEGISLACIÓN ESPECIAL;2021;2
GALICIA;11. LEGISLACIÓN ESPECIAL;2020;30
GALICIA;11. LEGISLACIÓN ESPECIAL;2019;5
GALICIA;11. LEGISLACIÓN ESPECIAL;2018;1
GALICIA;12. OTRAS INFRACCIONES PENALES;2024;198
GALICIA;12. OTRAS INFRACCIONES PENALES;2023;194
GALICIA;12. OTRAS INFRACCIONES PENALES;2022;166
GALICIA;12. OTRAS INFRACCIONES PENALES;2021;174
GALICIA;12. OTRAS INFRACCIONES PENALES;2020;153
GALICIA;12. OTRAS INFRACCIONES PENALES;2019;250
GALICIA;12. OTRAS INFRACCIONES PENALES;2018;197
GALICIA;TOTAL INFRACCIONES PENALES;2024;19.212
GALICIA;TOTAL INFRACCIONES PENALES;2023;20.340
GALICIA;TOTAL INFRACCIONES PENALES;2022;19.452
GALICIA;TOTAL INFRACCIONES PENALES;2021;17.641
GALICIA;TOTAL INFRACCIONES PENALES;2020;16.653
GALICIA;TOTAL INFRACCIONES PENALES;2019;18.565
GALICIA;TOTAL INFRACCIONES PENALES;2018;18.533
MADRID (COMUNIDAD DE);1. CONTRA LAS PERSONAS;2024;23.819
MADRID (COMUNIDAD DE);1. CONTRA LAS PERSONAS;2023;22.683
MADRID (COMUNIDAD DE);1. CONTRA LAS PERSONAS;2022;20.853
MADRID (COMUNIDAD DE);1. CONTRA LAS PERSONAS;2021;18.126
MADRID (COMUNIDAD DE);1. CONTRA LAS PERSONAS;2020;15.616
MADRID (COMUNIDAD DE);1. CONTRA LAS PERSONAS;2019;16.385
MADRID (COMUNIDAD DE);1. CONTRA LAS PERSONAS;2018;15.087
MADRID (COMUNIDAD DE);1.1.-Homicidios dolosos/asesinatos;2024;258
MADRID (COMUNIDAD DE);1.1.-Homicidios dolosos/asesinatos;2023;245
MADRID (COMUNIDAD DE);1.1.-Homicidios dolosos/asesinatos;2022;233
MADRID (COMUNIDAD DE);1.1.-Homicidios dolosos/asesinatos;2021;165
MADRID (COMUNIDAD DE);1.1.-Homicidios dolosos/asesinatos;2020;162
MADRID (COMUNIDAD DE);1.1.-Homicidios dolosos/asesinatos;2019;129
MADRID (COMUNIDAD DE);1.1.-Homicidios dolosos/asesinatos;2018;157
MADRID (COMUNIDAD DE);1.1.1.-Homicidios dolosos/asesinatos consumados;2024;26
MADRID (COMUNIDAD DE);1.1.1.-Homicidios dolosos/asesinatos consumados;2023;50
MADRID (COMUNIDAD DE);1.1.1.-Homicidios dolosos/asesinatos consumados;2022;62
MADRID (COMUNIDAD DE);1.1.1.-Homicidios dolosos/asesinatos consumados;2021;53
MADRID (COMUNIDAD DE);1.1.1.-Homicidios dolosos/asesinatos consumados;2020;58
MADRID (COMUNIDAD DE);1.1.1.-Homicidios dolosos/asesinatos consumados;2019;26
MADRID (COMUNIDAD DE);1.1.1.-Homicidios dolosos/asesinatos consumados;2018;58
MADRID (COMUNIDAD DE);1.2.-Lesiones;2024;4.559
MADRID (COMUNIDAD DE);1.2.-Lesiones;2023;4.367
MADRID (COMUNIDAD DE);1.2.-Lesiones;2022;4.236
MADRID (COMUNIDAD DE);1.2.-Lesiones;2021;3.597
MADRID (COMUNIDAD DE);1.2.-Lesiones;2020;2.937
MADRID (COMUNIDAD DE);1.2.-Lesiones;2019;3.837
MADRID (COMUNIDAD DE);1.2.-Lesiones;2018;3.622
MADRID (COMUNIDAD DE);1.3.-Malos tratos ámbito familiar;2024;17.621
MADRID (COMUNIDAD DE);1.3.-Malos tratos ámbito familiar;2023;16.867
MADRID (COMUNIDAD DE);1.3.-Malos tratos ámbito familiar;2022;15.489
MADRID (COMUNIDAD DE);1.3.-Malos tratos ámbito familiar;2021;13.603
MADRID (COMUNIDAD DE);1.3.-Malos tratos ámbito familiar;2020;12.009
MADRID (COMUNIDAD DE);1.3.-Malos tratos ámbito familiar;2019;11.855
MADRID (COMUNIDAD DE);1.3.-Malos tratos ámbito familiar;2018;10.838
MADRID (COMUNIDAD DE);1.4.-Otros contra las personas;2024;1.381
MADRID (COMUNIDAD DE);1.4.-Otros contra las personas;2023;1.204
MADRID (COMUNIDAD DE);1.4.-Otros contra las personas;2022;895
MADRID (COMUNIDAD DE);1.4.-Otros contra las personas;2021;761
MADRID (COMUNIDAD DE);1.4.-Otros contra las personas;2020;508
MADRID (COMUNIDAD DE);1.4.-Otros contra las personas;2019;564
MADRID (COMUNIDAD DE);1.4.-Otros contra las personas;2018;470
MADRID (COMUNIDAD DE);2. CONTRA LA LIBERTAD;2024;7.502
MADRID (COMUNIDAD DE);2. CONTRA LA LIBERTAD;2023;7.043
MADRID (COMUNIDAD DE);2. CONTRA LA LIBERTAD;2022;6.036
MADRID (COMUNIDAD DE);2. CONTRA LA LIBERTAD;2021;5.324
MADRID (COMUNIDAD DE);2. CONTRA LA LIBERTAD;2020;4.724
MADRID (COMUNIDAD DE);2. CONTRA LA LIBERTAD;2019;4.297
MADRID (COMUNIDAD DE);2. CONTRA LA LIBERTAD;2018;3.981
MADRID (COMUNIDAD DE);2.1.-Malos tratos habituales en el ámbito familiar;2024;965
MADRID (COMUNIDAD DE);2.1.-Malos tratos habituales en el ámbito familiar;2023;981
MADRID (COMUNIDAD DE);2.1.-Malos tratos habituales en el ámbito familiar;2022;810
MADRID (COMUNIDAD DE);2.1.-Malos tratos habituales en el ámbito familiar;2021;918
MADRID (COMUNIDAD DE);2.1.-Malos tratos habituales en el ámbito familiar;2020;814
MADRID (COMUNIDAD DE);2.1.-Malos tratos habituales en el ámbito familiar;2019;833
MADRID (COMUNIDAD DE);2.1.-Malos tratos habituales en el ámbito familiar;2018;759
MADRID (COMUNIDAD DE);2.2.-Otros contra la libertad;2024;6.537
MADRID (COMUNIDAD DE);2.2.-Otros contra la libertad;2023;6.062
MADRID (COMUNIDAD DE);2.2.-Otros contra la libertad;2022;5.226
MADRID (COMUNIDAD DE);2.2.-Otros contra la libertad;2021;4.406
MADRID (COMUNIDAD DE);2.2.-Otros contra la libertad;2020;3.910
MADRID (COMUNIDAD DE);2.2.-Otros contra la libertad;2019;3.464
MADRID (COMUNIDAD DE);2.2.-Otros contra la libertad;2018;3.222
MADRID (COMUNIDAD DE);3. LIBERTAD SEXUAL;2024;2.080
MADRID (COMUNIDAD DE);3. LIBERTAD SEXUAL;2023;1.998
MADRID (COMUNIDAD DE);3. LIBERTAD SEXUAL;2022;1.641
MADRID (COMUNIDAD DE);3. LIBERTAD SEXUAL;2021;1.485
MADRID (COMUNIDAD DE);3. LIBERTAD SEXUAL;2020;1.167
MADRID (COMUNIDAD DE);3. LIBERTAD SEXUAL;2019;1.256
MADRID (COMUNIDAD DE);3. LIBERTAD SEXUAL;2018;1.195
MADRID (COMUNIDAD DE);3.1.-Agresión sexual;2024;1.149
MADRID (COMUNIDAD DE);3.1.-Agresión sexual;2023;1.088
MADRID (COMUNIDAD DE);3.1.-Agresión sexual;2022;881
MADRID (COMUNIDAD DE);3.1.-Agresión sexual;2021;834
MADRID (COMUNIDAD DE);3.1.-Agresión sexual;2020;636
MADRID (COMUNIDAD DE);3.1.-Agresión sexual;2019;709
MADRID (COMUNIDAD DE);3.1.-Agresión sexual;2018;641
MADRID (COMUNIDAD DE);3.2.-Agresión sexual con penetración;2024;504
MADRID (COMUNIDAD DE);3.2.-Agresión sexual con penetración;2023;519
MADRID (COMUNIDAD DE);3.2.-Agresión sexual con penetración;2022;451
MADRID (COMUNIDAD DE);3.2.-Agresión sexual con penetración;2021;410
MADRID (COMUNIDAD DE);3.2.-Agresión sexual con penetración;2020;329
MADRID (COMUNIDAD DE);3.2.-Agresión sexual con penetración;2019;313
MADRID (COMUNIDAD DE);3.2.-Agresión sexual con penetración;2018;288
MADRID (COMUNIDAD DE);3.3.-Corrupción de menores o incapacitados;2024;26
MADRID (COMUNIDAD DE);3.3.-Corrupción de menores o incapacitados;2023;27
MADRID (COMUNIDAD DE);3.3.-Corrupción de menores o incapacitados;2022;33
MADRID (COMUNIDAD DE);3.3.-Corrupción de menores o incapacitados;2021;25
MADRID (COMUNIDAD DE);3.3.-Corrupción de menores o incapacitados;2020;22
MADRID (COMUNIDAD DE);3.3.-Corrupción de menores o incapacitados;2019;28
MADRID (COMUNIDAD DE);3.3.-Corrupción de menores o incapacitados;2018;26
MADRID (COMUNIDAD DE);3.4.-Pornografía de menores;2024;119
MADRID (COMUNIDAD DE);3.4.-Pornografía de menores;2023;101
MADRID (COMUNIDAD DE);3.4.-Pornografía de menores;2022;70
MADRID (COMUNIDAD DE);3.4.-Pornografía de menores;2021;70
MADRID (COMUNIDAD DE);3.4.-Pornografía de menores;2020;52
MADRID (COMUNIDAD DE);3.4.-Pornografía de menores;2019;80
MADRID (COMUNIDAD DE);3.4.-Pornografía de menores;2018;107
MADRID (COMUNIDAD DE);3.5.-Otros contra la libertad sexual;2024;282
MADRID (COMUNIDAD DE);3.5.-Otros contra la libertad sexual;2023;263
MADRID (COMUNIDAD DE);3.5.-Otros contra la libertad sexual;2022;206
MADRID (COMUNIDAD DE);3.5.-Otros contra la libertad sexual;2021;146
MADRID (COMUNIDAD DE);3.5.-Otros contra la libertad sexual;2020;128
MADRID (COMUNIDAD DE);3.5.-Otros contra la libertad sexual;2019;126
MADRID (COMUNIDAD DE);3.5.-Otros contra la libertad sexual;2018;133
MADRID (COMUNIDAD DE);4. RELACIONES FAMILIARES;2024;180
MADRID (COMUNIDAD DE);4. RELACIONES FAMILIARES;2023;184
MADRID (COMUNIDAD DE);4. RELACIONES FAMILIARES;2022;178
MADRID (COMUNIDAD DE);4. RELACIONES FAMILIARES;2021;196
MADRID (COMUNIDAD DE);4. RELACIONES FAMILIARES;2020;135
MADRID (COMUNIDAD DE);4. RELACIONES FAMILIARES;2019;175
MADRID (COMUNIDAD DE);4. RELACIONES FAMILIARES;2018;171
MADRID (COMUNIDAD DE);5. PATRIMONIO;2024;41.642
MADRID (COMUNIDAD DE);5. PATRIMONIO;2023;39.926
MADRID (COMUNIDAD DE);5. PATRIMONIO;2022;34.794
MADRID (COMUNIDAD DE);5. PATRIMONIO;2021;29.170
MADRID (COMUNIDAD DE);5. PATRIMONIO;2020;26.767
MADRID (COMUNIDAD DE);5. PATRIMONIO;2019;34.300
MADRID (COMUNIDAD DE);5. PATRIMONIO;2018;31.758
MADRID (COMUNIDAD DE);5.1.-Hurtos;2024;23.148
MADRID (COMUNIDAD DE);5.1.-Hurtos;2023;22.738
MADRID (COMUNIDAD DE);5.1.-Hurtos;2022;19.315
MADRID (COMUNIDAD DE);5.1.-Hurtos;2021;15.687
MADRID (COMUNIDAD DE);5.1.-Hurtos;2020;13.682
MADRID (COMUNIDAD DE);5.1.-Hurtos;2019;20.107
MADRID (COMUNIDAD DE);5.1.-Hurtos;2018;19.523
MADRID (COMUNIDAD DE);5.2.-Robos con fuerza en las cosas;2024;4.459
MADRID (COMUNIDAD DE);5.2.-Robos con fuerza en las cosas;2023;4.372
MADRID (COMUNIDAD DE);5.2.-Robos con fuerza en las cosas;2022;3.936
MADRID (COMUNIDAD DE);5.2.-Robos con fuerza en las cosas;2021;3.511
MADRID (COMUNIDAD DE);5.2.-Robos con fuerza en las cosas;2020;3.769
MADRID (COMUNIDAD DE);5.2.-Robos con fuerza en las cosas;2019;3.764
MADRID (COMUNIDAD DE);5.2.-Robos con fuerza en las cosas;2018;3.586
MADRID (COMUNIDAD DE);5.2.1.-Robos con fuerza en las cosas en el interior de vehículos;2024;1.504
MADRID (COMUNIDAD DE);5.2.1.-Robos con fuerza en las cosas en el interior de vehículos;2023;1.328
MADRID (COMUNIDAD DE);5.2.1.-Robos con fuerza en las cosas en el interior de vehículos;2022;1.179
MADRID (COMUNIDAD DE);5.2.1.-Robos con fuerza en las cosas en el interior de vehículos;2021;895
MADRID (COMUNIDAD DE);5.2.1.-Robos con fuerza en las cosas en el interior de vehículos;2020;912
MADRID (COMUNIDAD DE);5.2.1.-Robos con fuerza en las cosas en el interior de vehículos;2019;1.094
MADRID (COMUNIDAD DE);5.2.1.-Robos con fuerza en las cosas en el interior de vehículos;2018;1.013
MADRID (COMUNIDAD DE);5.2.2.-Robos con fuerza en viviendas;2024;933
MADRID (COMUNIDAD DE);5.2.2.-Robos con fuerza en viviendas;2023;964
MADRID (COMUNIDAD DE);5.2.2.-Robos con fuerza en viviendas;2022;954
MADRID (COMUNIDAD DE);5.2.2.-Robos con fuerza en viviendas;2021;879
MADRID (COMUNIDAD DE);5.2.2.-Robos con fuerza en viviendas;2020;1.022
MADRID (COMUNIDAD DE);5.2.2.-Robos con fuerza en viviendas;2019;936
MADRID (COMUNIDAD DE);5.2.2.-Robos con fuerza en viviendas;2018;991
MADRID (COMUNIDAD DE);5.2.3.-Robos con fuerza en establecimientos;2024;1.201
MADRID (COMUNIDAD DE);5.2.3.-Robos con fuerza en establecimientos;2023;1.253
MADRID (COMUNIDAD DE);5.2.3.-Robos con fuerza en establecimientos;2022;925
MADRID (COMUNIDAD DE);5.2.3.-Robos con fuerza en establecimientos;2021;864
MADRID (COMUNIDAD DE);5.2.3.-Robos con fuerza en establecimientos;2020;1.047
MADRID (COMUNIDAD DE);5.2.3.-Robos con fuerza en establecimientos;2019;944
MADRID (COMUNIDAD DE);5.2.3.-Robos con fuerza en establecimientos;2018;808
MADRID (COMUNIDAD DE);5.3.-Robos con violencia o intimidación;2024;4.843
MADRID (COMUNIDAD DE);5.3.-Robos con violencia o intimidación;2023;4.969
MADRID (COMUNIDAD DE);5.3.-Robos con violencia o intimidación;2022;4.563
MADRID (COMUNIDAD DE);5.3.-Robos con violencia o intimidación;2021;4.018
MADRID (COMUNIDAD DE);5.3.-Robos con violencia o intimidación;2020;3.661
MADRID (COMUNIDAD DE);5.3.-Robos con violencia o intimidación;2019;3.980
MADRID (COMUNIDAD DE);5.3.-Robos con violencia o intimidación;2018;2.958
MADRID (COMUNIDAD DE);5.3.1.-Robos con violencia en vía pública;2024;3.086
MADRID (COMUNIDAD DE);5.3.1.-Robos con violencia en vía pública;2023;3.063
MADRID (COMUNIDAD DE);5.3.1.-Robos con violencia en vía pública;2022;2.799
MADRID (COMUNIDAD DE);5.3.1.-Robos con violencia en vía pública;2021;2.548
MADRID (COMUNIDAD DE);5.3.1.-Robos con violencia en vía pública;2020;2.256
MADRID (COMUNIDAD DE);5.3.1.-Robos con violencia en vía pública;2019;2.621
MADRID (COMUNIDAD DE);5.3.1.-Robos con violencia en vía pública;2018;1.764
MADRID (COMUNIDAD DE);5.3.2.-Robos con violencia en viviendas;2024;165
MADRID (COMUNIDAD DE);5.3.2.-Robos con violencia en viviendas;2023;220
MADRID (COMUNIDAD DE);5.3.2.-Robos con violencia en viviendas;2022;159
MADRID (COMUNIDAD DE);5.3.2.-Robos con violencia en viviendas;2021;181
MADRID (COMUNIDAD DE);5.3.2.-Robos con violencia en viviendas;2020;183
MADRID (COMUNIDAD DE);5.3.2.-Robos con violencia en viviendas;2019;129
MADRID (COMUNIDAD DE);5.3.2.-Robos con violencia en viviendas;2018;157
MADRID (COMUNIDAD DE);5.3.3.-Robos con violencia en establecimientos;2024;1.129
MADRID (COMUNIDAD DE);5.3.3.-Robos con violencia en establecimientos;2023;1.082
MADRID (COMUNIDAD DE);5.3.3.-Robos con violencia en establecimientos;2022;979
MADRID (COMUNIDAD DE);5.3.3.-Robos con violencia en establecimientos;2021;765
MADRID (COMUNIDAD DE);5.3.3.-Robos con violencia en establecimientos;2020;735
MADRID (COMUNIDAD DE);5.3.3.-Robos con violencia en establecimientos;2019;736
MADRID (COMUNIDAD DE);5.3.3.-Robos con violencia en establecimientos;2018;700
MADRID (COMUNIDAD DE);5.4.-Sustracción de vehículos;2024;690
MADRID (COMUNIDAD DE);5.4.-Sustracción de vehículos;2023;648
MADRID (COMUNIDAD DE);5.4.-Sustracción de vehículos;2022;666
MADRID (COMUNIDAD DE);5.4.-Sustracción de vehículos;2021;536
MADRID (COMUNIDAD DE);5.4.-Sustracción de vehículos;2020;626
MADRID (COMUNIDAD DE);5.4.-Sustracción de vehículos;2019;711
MADRID (COMUNIDAD DE);5.4.-Sustracción de vehículos;2018;636
MADRID (COMUNIDAD DE);5.5.-Estafas;2024;4.332
MADRID (COMUNIDAD DE);5.5.-Estafas;2023;3.372
MADRID (COMUNIDAD DE);5.5.-Estafas;2022;2.708
MADRID (COMUNIDAD DE);5.5.-Estafas;2021;2.342
MADRID (COMUNIDAD DE);5.5.-Estafas;2020;1.963
MADRID (COMUNIDAD DE);5.5.-Estafas;2019;2.556
MADRID (COMUNIDAD DE);5.5.-Estafas;2018;2.181
MADRID (COMUNIDAD DE);5.5.1.-Estafas informáticas;2024;2.278
MADRID (COMUNIDAD DE);5.5.1.-Estafas informáticas;2023;1.643
MADRID (COMUNIDAD DE);5.5.1.-Estafas informáticas;2022;1.436
MADRID (COMUNIDAD DE);5.5.1.-Estafas informáticas;2021;1.118
MADRID (COMUNIDAD DE);5.5.1.-Estafas informáticas;2020;940
MADRID (COMUNIDAD DE);5.5.1.-Estafas informáticas;2019;718
MADRID (COMUNIDAD DE);5.5.1.-Estafas informáticas;2018;381
MADRID (COMUNIDAD DE);5.6.-Daños;2024;1.569
MADRID (COMUNIDAD DE);5.6.-Daños;2023;1.195
MADRID (COMUNIDAD DE);5.6.-Daños;2022;1.325
MADRID (COMUNIDAD DE);5.6.-Daños;2021;1.089
MADRID (COMUNIDAD DE);5.6.-Daños;2020;877
MADRID (COMUNIDAD DE);5.6.-Daños;2019;1.027
MADRID (COMUNIDAD DE);5.6.-Daños;2018;886
MADRID (COMUNIDAD DE);5.7.-Contra la propiedad intelectual/industrial;2024;251
MADRID (COMUNIDAD DE);5.7.-Contra la propiedad intelectual/industrial;2023;115
MADRID (COMUNIDAD DE);5.7.-Contra la propiedad intelectual/industrial;2022;170
MADRID (COMUNIDAD DE);5.7.-Contra la propiedad intelectual/industrial;2021;75
MADRID (COMUNIDAD DE);5.7.-Contra la propiedad intelectual/industrial;2020;71
MADRID (COMUNIDAD DE);5.7.-Contra la propiedad intelectual/industrial;2019;167
MADRID (COMUNIDAD DE);5.7.-Contra la propiedad intelectual/industrial;2018;231
MADRID (COMUNIDAD DE);5.8.-Blanqueo de capitales;2024;155
MADRID (COMUNIDAD DE);5.8.-Blanqueo de capitales;2023;142
MADRID (COMUNIDAD DE);5.8.-Blanqueo de capitales;2022;154
MADRID (COMUNIDAD DE);5.8.-Blanqueo de capitales;2021;82
MADRID (COMUNIDAD DE);5.8.-Blanqueo de capitales;2020;107
MADRID (COMUNIDAD DE);5.8.-Blanqueo de capitales;2019;71
MADRID (COMUNIDAD DE);5.8.-Blanqueo de capitales;2018;89
MADRID (COMUNIDAD DE);5.9.-Otros contra el patrimonio;2024;2.195
MADRID (COMUNIDAD DE);5.9.-Otros contra el patrimonio;2023;2.375
MADRID (COMUNIDAD DE);5.9.-Otros contra el patrimonio;2022;1.957
MADRID (COMUNIDAD DE);5.9.-Otros contra el patrimonio;2021;1.830
MADRID (COMUNIDAD DE);5.9.-Otros contra el patrimonio;2020;2.011
MADRID (COMUNIDAD DE);5.9.-Otros contra el patrimonio;2019;1.917
MADRID (COMUNIDAD DE);5.9.-Otros contra el patrimonio;2018;1.668
MADRID (COMUNIDAD DE);6. SEGURIDAD COLECTIVA;2024;9.642
MADRID (COMUNIDAD DE);6. SEGURIDAD COLECTIVA;2023;8.991
MADRID (COMUNIDAD DE);6. SEGURIDAD COLECTIVA;2022;8.563
MADRID (COMUNIDAD DE);6. SEGURIDAD COLECTIVA;2021;7.181
MADRID (COMUNIDAD DE);6. SEGURIDAD COLECTIVA;2020;6.567
MADRID (COMUNIDAD DE);6. SEGURIDAD COLECTIVA;2019;7.358
MADRID (COMUNIDAD DE);6. SEGURIDAD COLECTIVA;2018;6.304
MADRID (COMUNIDAD DE);6.1.-Tráfico de drogas;2024;4.411
MADRID (COMUNIDAD DE);6.1.-Tráfico de drogas;2023;4.087
MADRID (COMUNIDAD DE);6.1.-Tráfico de drogas;2022;3.596
MADRID (COMUNIDAD DE);6.1.-Tráfico de drogas;2021;2.948
MADRID (COMUNIDAD DE);6.1.-Tráfico de drogas;2020;2.770
MADRID (COMUNIDAD DE);6.1.-Tráfico de drogas;2019;2.970
MADRID (COMUNIDAD DE);6.1.-Tráfico de drogas;2018;2.304
MADRID (COMUNIDAD DE);6.2.-Contra la seguridad vial;2024;4.791
MADRID (COMUNIDAD DE);6.2.-Contra la seguridad vial;2023;4.668
MADRID (COMUNIDAD DE);6.2.-Contra la seguridad vial;2022;4.739
MADRID (COMUNIDAD DE);6.2.-Contra la seguridad vial;2021;4.096
MADRID (COMUNIDAD DE);6.2.-Contra la seguridad vial;2020;3.586
MADRID (COMUNIDAD DE);6.2.-Contra la seguridad vial;2019;4.188
MADRID (COMUNIDAD DE);6.2.-Contra la seguridad vial;2018;3.591
MADRID (COMUNIDAD DE);6.3.-Otros contra la seguridad colectiva;2024;440
MADRID (COMUNIDAD DE);6.3.-Otros contra la seguridad colectiva;2023;236
MADRID (COMUNIDAD DE);6.3.-Otros contra la seguridad colectiva;2022;228
MADRID (COMUNIDAD DE);6.3.-Otros contra la seguridad colectiva;2021;137
MADRID (COMUNIDAD DE);6.3.-Otros contra la seguridad colectiva;2020;211
MADRID (COMUNIDAD DE);6.3.-Otros contra la seguridad colectiva;2019;200
MADRID (COMUNIDAD DE);6.3.-Otros contra la seguridad colectiva;2018;409
MADRID (COMUNIDAD DE);7. FALSEDADES;2024;2.730
MADRID (COMUNIDAD DE);7. FALSEDADES;2023;2.725
MADRID (COMUNIDAD DE);7. FALSEDADES;2022;2.333
MADRID (COMUNIDAD DE);7. FALSEDADES;2021;1.984
MADRID (COMUNIDAD DE);7. FALSEDADES;2020;1.564
MADRID (COMUNIDAD DE);7. FALSEDADES;2019;1.898
MADRID (COMUNIDAD DE);7. FALSEDADES;2018;1.793
MADRID (COMUNIDAD DE);8. ADMÓN. PÚBLICA;2024;42
MADRID (COMUNIDAD DE);8. ADMÓN. PÚBLICA;2023;40
MADRID (COMUNIDAD DE);8. ADMÓN. PÚBLICA;2022;33
MADRID (COMUNIDAD DE);8. ADMÓN. PÚBLICA;2021;61
MADRID (COMUNIDAD DE);8. ADMÓN. PÚBLICA;2020;21
MADRID (COMUNIDAD DE);8. ADMÓN. PÚBLICA;2019;72
MADRID (COMUNIDAD DE);8. ADMÓN. PÚBLICA;2018;180
MADRID (COMUNIDAD DE);9. ADMÓN. JUSTICIA;2024;4.272
MADRID (COMUNIDAD DE);9. ADMÓN. JUSTICIA;2023;4.133
MADRID (COMUNIDAD DE);9. ADMÓN. JUSTICIA;2022;3.832
MADRID (COMUNIDAD DE);9. ADMÓN. JUSTICIA;2021;3.650
MADRID (COMUNIDAD DE);9. ADMÓN. JUSTICIA;2020;3.246
MADRID (COMUNIDAD DE);9. ADMÓN. JUSTICIA;2019;3.199
MADRID (COMUNIDAD DE);9. ADMÓN. JUSTICIA;2018;2.944
MADRID (COMUNIDAD DE);10. ORDEN PÚBLICO;2024;5.492
MADRID (COMUNIDAD DE);10. ORDEN PÚBLICO;2023;5.611
MADRID (COMUNIDAD DE);10. ORDEN PÚBLICO;2022;5.162
MADRID (COMUNIDAD DE);10. ORDEN PÚBLICO;2021;5.668
MADRID (COMUNIDAD DE);10. ORDEN PÚBLICO;2020;5.467
MADRID (COMUNIDAD DE);10. ORDEN PÚBLICO;2019;3.724
MADRID (COMUNIDAD DE);10. ORDEN PÚBLICO;2018;3.500
MADRID (COMUNIDAD DE);11. LEGISLACIÓN ESPECIAL;2024;95
MADRID (COMUNIDAD DE);11. LEGISLACIÓN ESPECIAL;2023;61
MADRID (COMUNIDAD DE);11. LEGISLACIÓN ESPECIAL;2022;17
MADRID (COMUNIDAD DE);11. LEGISLACIÓN ESPECIAL;2021;38
MADRID (COMUNIDAD DE);11. LEGISLACIÓN ESPECIAL;2020;32
MADRID (COMUNIDAD DE);11. LEGISLACIÓN ESPECIAL;2019;36
MADRID (COMUNIDAD DE);11. LEGISLACIÓN ESPECIAL;2018;23
MADRID (COMUNIDAD DE);12. OTRAS INFRACCIONES PENALES;2024;805
MADRID (COMUNIDAD DE);12. OTRAS INFRACCIONES PENALES;2023;744
MADRID (COMUNIDAD DE);12. OTRAS INFRACCIONES PENALES;2022;622
MADRID (COMUNIDAD DE);12. OTRAS INFRACCIONES PENALES;2021;546
MADRID (COMUNIDAD DE);12. OTRAS INFRACCIONES PENALES;2020;480
MADRID (COMUNIDAD DE);12. OTRAS INFRACCIONES PENALES;2019;608
MADRID (COMUNIDAD DE);12. OTRAS INFRACCIONES PENALES;2018;635
MADRID (COMUNIDAD DE);TOTAL INFRACCIONES PENALES;2024;98.301
MADRID (COMUNIDAD DE);TOTAL INFRACCIONES PENALES;2023;94.139
MADRID (COMUNIDAD DE);TOTAL INFRACCIONES PENALES;2022;84.064
MADRID (COMUNIDAD DE);TOTAL INFRACCIONES PENALES;2021;73.429
MADRID (COMUNIDAD DE);TOTAL INFRACCIONES PENALES;2020;65.786
MADRID (COMUNIDAD DE);TOTAL INFRACCIONES PENALES;2019;73.308
MADRID (COMUNIDAD DE);TOTAL INFRACCIONES PENALES;2018;67.571
MURCIA (REGIÓN DE);1. CONTRA LAS PERSONAS;2024;5.996
MURCIA (REGIÓN DE);1. CONTRA LAS PERSONAS;2023;5.997
MURCIA (REGIÓN DE);1. CONTRA LAS PERSONAS;2022;4.956
MURCIA (REGIÓN DE);1. CONTRA LAS PERSONAS;2021;4.371
MURCIA (REGIÓN DE);1. CONTRA LAS PERSONAS;2020;3.809
MURCIA (REGIÓN DE);1. CONTRA LAS PERSONAS;2019;4.360
MURCIA (REGIÓN DE);1. CONTRA LAS PERSONAS;2018;4.175
MURCIA (REGIÓN DE);1.1.-Homicidios dolosos/asesinatos;2024;80
MURCIA (REGIÓN DE);1.1.-Homicidios dolosos/asesinatos;2023;106
MURCIA (REGIÓN DE);1.1.-Homicidios dolosos/asesinatos;2022;74
MURCIA (REGIÓN DE);1.1.-Homicidios dolosos/asesinatos;2021;59
MURCIA (REGIÓN DE);1.1.-Homicidios dolosos/asesinatos;2020;52
MURCIA (REGIÓN DE);1.1.-Homicidios dolosos/asesinatos;2019;43
MURCIA (REGIÓN DE);1.1.-Homicidios dolosos/asesinatos;2018;43
MURCIA (REGIÓN DE);1.1.1.-Homicidios dolosos/asesinatos consumados;2024;11
MURCIA (REGIÓN DE);1.1.1.-Homicidios dolosos/asesinatos consumados;2023;19
MURCIA (REGIÓN DE);1.1.1.-Homicidios dolosos/asesinatos consumados;2022;17
MURCIA (REGIÓN DE);1.1.1.-Homicidios dolosos/asesinatos consumados;2021;17
MURCIA (REGIÓN DE);1.1.1.-Homicidios dolosos/asesinatos consumados;2020;13
MURCIA (REGIÓN DE);1.1.1.-Homicidios dolosos/asesinatos consumados;2019;22
MURCIA (REGIÓN DE);1.1.1.-Homicidios dolosos/asesinatos consumados;2018;20
MURCIA (REGIÓN DE);1.2.-Lesiones;2024;2.481
MURCIA (REGIÓN DE);1.2.-Lesiones;2023;2.338
MURCIA (REGIÓN DE);1.2.-Lesiones;2022;2.039
MURCIA (REGIÓN DE);1.2.-Lesiones;2021;1.666
MURCIA (REGIÓN DE);1.2.-Lesiones;2020;1.492
MURCIA (REGIÓN DE);1.2.-Lesiones;2019;1.883
MURCIA (REGIÓN DE);1.2.-Lesiones;2018;1.751
MURCIA (REGIÓN DE);1.3.-Malos tratos ámbito familiar;2024;3.227
MURCIA (REGIÓN DE);1.3.-Malos tratos ámbito familiar;2023;3.403
MURCIA (REGIÓN DE);1.3.-Malos tratos ámbito familiar;2022;2.738
MURCIA (REGIÓN DE);1.3.-Malos tratos ámbito familiar;2021;2.588
MURCIA (REGIÓN DE);1.3.-Malos tratos ámbito familiar;2020;2.197
MURCIA (REGIÓN DE);1.3.-Malos tratos ámbito familiar;2019;2.358
MURCIA (REGIÓN DE);1.3.-Malos tratos ámbito familiar;2018;2.327
MURCIA (REGIÓN DE);1.4.-Otros contra las personas;2024;208
MURCIA (REGIÓN DE);1.4.-Otros contra las personas;2023;150
MURCIA (REGIÓN DE);1.4.-Otros contra las personas;2022;105
MURCIA (REGIÓN DE);1.4.-Otros contra las personas;2021;58
MURCIA (REGIÓN DE);1.4.-Otros contra las personas;2020;68
MURCIA (REGIÓN DE);1.4.-Otros contra las personas;2019;76
MURCIA (REGIÓN DE);1.4.-Otros contra las personas;2018;54
MURCIA (REGIÓN DE);2. CONTRA LA LIBERTAD;2024;2.784
MURCIA (REGIÓN DE);2. CONTRA LA LIBERTAD;2023;2.693
MURCIA (REGIÓN DE);2. CONTRA LA LIBERTAD;2022;2.200
MURCIA (REGIÓN DE);2. CONTRA LA LIBERTAD;2021;1.982
MURCIA (REGIÓN DE);2. CONTRA LA LIBERTAD;2020;1.825
MURCIA (REGIÓN DE);2. CONTRA LA LIBERTAD;2019;1.993
MURCIA (REGIÓN DE);2. CONTRA LA LIBERTAD;2018;1.805
MURCIA (REGIÓN DE);2.1.-Malos tratos habituales en el ámbito familiar;2024;266
MURCIA (REGIÓN DE);2.1.-Malos tratos habituales en el ámbito familiar;2023;326
MURCIA (REGIÓN DE);2.1.-Malos tratos habituales en el ámbito familiar;2022;289
MURCIA (REGIÓN DE);2.1.-Malos tratos habituales en el ámbito familiar;2021;303
MURCIA (REGIÓN DE);2.1.-Malos tratos habituales en el ámbito familiar;2020;324
MURCIA (REGIÓN DE);2.1.-Malos tratos habituales en el ámbito familiar;2019;322
MURCIA (REGIÓN DE);2.1.-Malos tratos habituales en el ámbito familiar;2018;299
MURCIA (REGIÓN DE);2.2.-Otros contra la libertad;2024;2.518
MURCIA (REGIÓN DE);2.2.-Otros contra la libertad;2023;2.367
MURCIA (REGIÓN DE);2.2.-Otros contra la libertad;2022;1.911
MURCIA (REGIÓN DE);2.2.-Otros contra la libertad;2021;1.679
MURCIA (REGIÓN DE);2.2.-Otros contra la libertad;2020;1.501
MURCIA (REGIÓN DE);2.2.-Otros contra la libertad;2019;1.671
MURCIA (REGIÓN DE);2.2.-Otros contra la libertad;2018;1.506
MURCIA (REGIÓN DE);3. LIBERTAD SEXUAL;2024;581
MURCIA (REGIÓN DE);3. LIBERTAD SEXUAL;2023;518
MURCIA (REGIÓN DE);3. LIBERTAD SEXUAL;2022;427
MURCIA (REGIÓN DE);3. LIBERTAD SEXUAL;2021;460
MURCIA (REGIÓN DE);3. LIBERTAD SEXUAL;2020;337
MURCIA (REGIÓN DE);3. LIBERTAD SEXUAL;2019;429
MURCIA (REGIÓN DE);3. LIBERTAD SEXUAL;2018;385
MURCIA (REGIÓN DE);3.1.-Agresión sexual;2024;407
MURCIA (REGIÓN DE);3.1.-Agresión sexual;2023;339
MURCIA (REGIÓN DE);3.1.-Agresión sexual;2022;297
MURCIA (REGIÓN DE);3.1.-Agresión sexual;2021;304
MURCIA (REGIÓN DE);3.1.-Agresión sexual;2020;214
MURCIA (REGIÓN DE);3.1.-Agresión sexual;2019;272
MURCIA (REGIÓN DE);3.1.-Agresión sexual;2018;247
MURCIA (REGIÓN DE);3.2.-Agresión sexual con penetración;2024;99
MURCIA (REGIÓN DE);3.2.-Agresión sexual con penetración;2023;84
MURCIA (REGIÓN DE);3.2.-Agresión sexual con penetración;2022;80
MURCIA (REGIÓN DE);3.2.-Agresión sexual con penetración;2021;84
MURCIA (REGIÓN DE);3.2.-Agresión sexual con penetración;2020;70
MURCIA (REGIÓN DE);3.2.-Agresión sexual con penetración;2019;67
MURCIA (REGIÓN DE);3.2.-Agresión sexual con penetración;2018;59
MURCIA (REGIÓN DE);3.3.-Corrupción de menores o incapacitados;2024;14
MURCIA (REGIÓN DE);3.3.-Corrupción de menores o incapacitados;2023;13
MURCIA (REGIÓN DE);3.3.-Corrupción de menores o incapacitados;2022;5
MURCIA (REGIÓN DE);3.3.-Corrupción de menores o incapacitados;2021;11
MURCIA (REGIÓN DE);3.3.-Corrupción de menores o incapacitados;2020;6
MURCIA (REGIÓN DE);3.3.-Corrupción de menores o incapacitados;2019;10
MURCIA (REGIÓN DE);3.3.-Corrupción de menores o incapacitados;2018;12
MURCIA (REGIÓN DE);3.4.-Pornografía de menores;2024;17
MURCIA (REGIÓN DE);3.4.-Pornografía de menores;2023;22
MURCIA (REGIÓN DE);3.4.-Pornografía de menores;2022;14
MURCIA (REGIÓN DE);3.4.-Pornografía de menores;2021;16
MURCIA (REGIÓN DE);3.4.-Pornografía de menores;2020;11
MURCIA (REGIÓN DE);3.4.-Pornografía de menores;2019;29
MURCIA (REGIÓN DE);3.4.-Pornografía de menores;2018;21
MURCIA (REGIÓN DE);3.5.-Otros contra la libertad sexual;2024;44
MURCIA (REGIÓN DE);3.5.-Otros contra la libertad sexual;2023;60
MURCIA (REGIÓN DE);3.5.-Otros contra la libertad sexual;2022;31
MURCIA (REGIÓN DE);3.5.-Otros contra la libertad sexual;2021;45
MURCIA (REGIÓN DE);3.5.-Otros contra la libertad sexual;2020;36
MURCIA (REGIÓN DE);3.5.-Otros contra la libertad sexual;2019;51
MURCIA (REGIÓN DE);3.5.-Otros contra la libertad sexual;2018;46
MURCIA (REGIÓN DE);4. RELACIONES FAMILIARES;2024;212
MURCIA (REGIÓN DE);4. RELACIONES FAMILIARES;2023;245
MURCIA (REGIÓN DE);4. RELACIONES FAMILIARES;2022;228
MURCIA (REGIÓN DE);4. RELACIONES FAMILIARES;2021;222
MURCIA (REGIÓN DE);4. RELACIONES FAMILIARES;2020;226
MURCIA (REGIÓN DE);4. RELACIONES FAMILIARES;2019;229
MURCIA (REGIÓN DE);4. RELACIONES FAMILIARES;2018;297
MURCIA (REGIÓN DE);5. PATRIMONIO;2024;6.514
MURCIA (REGIÓN DE);5. PATRIMONIO;2023;6.175
MURCIA (REGIÓN DE);5. PATRIMONIO;2022;5.258
MURCIA (REGIÓN DE);5. PATRIMONIO;2021;4.109
MURCIA (REGIÓN DE);5. PATRIMONIO;2020;3.966
MURCIA (REGIÓN DE);5. PATRIMONIO;2019;4.524
MURCIA (REGIÓN DE);5. PATRIMONIO;2018;4.723
MURCIA (REGIÓN DE);5.1.-Hurtos;2024;1.980
MURCIA (REGIÓN DE);5.1.-Hurtos;2023;1.819
MURCIA (REGIÓN DE);5.1.-Hurtos;2022;1.406
MURCIA (REGIÓN DE);5.1.-Hurtos;2021;942
MURCIA (REGIÓN DE);5.1.-Hurtos;2020;890
MURCIA (REGIÓN DE);5.1.-Hurtos;2019;1.246
MURCIA (REGIÓN DE);5.1.-Hurtos;2018;1.364
MURCIA (REGIÓN DE);5.2.-Robos con fuerza en las cosas;2024;1.389
MURCIA (REGIÓN DE);5.2.-Robos con fuerza en las cosas;2023;1.441
MURCIA (REGIÓN DE);5.2.-Robos con fuerza en las cosas;2022;1.282
MURCIA (REGIÓN DE);5.2.-Robos con fuerza en las cosas;2021;1.087
MURCIA (REGIÓN DE);5.2.-Robos con fuerza en las cosas;2020;1.055
MURCIA (REGIÓN DE);5.2.-Robos con fuerza en las cosas;2019;1.153
MURCIA (REGIÓN DE);5.2.-Robos con fuerza en las cosas;2018;1.295
MURCIA (REGIÓN DE);5.2.1.-Robos con fuerza en las cosas en el interior de vehículos;2024;292
MURCIA (REGIÓN DE);5.2.1.-Robos con fuerza en las cosas en el interior de vehículos;2023;309
MURCIA (REGIÓN DE);5.2.1.-Robos con fuerza en las cosas en el interior de vehículos;2022;234
MURCIA (REGIÓN DE);5.2.1.-Robos con fuerza en las cosas en el interior de vehículos;2021;202
MURCIA (REGIÓN DE);5.2.1.-Robos con fuerza en las cosas en el interior de vehículos;2020;163
MURCIA (REGIÓN DE);5.2.1.-Robos con fuerza en las cosas en el interior de vehículos;2019;173
MURCIA (REGIÓN DE);5.2.1.-Robos con fuerza en las cosas en el interior de vehículos;2018;218
MURCIA (REGIÓN DE);5.2.2.-Robos con fuerza en viviendas;2024;485
MURCIA (REGIÓN DE);5.2.2.-Robos con fuerza en viviendas;2023;460
MURCIA (REGIÓN DE);5.2.2.-Robos con fuerza en viviendas;2022;471
MURCIA (REGIÓN DE);5.2.2.-Robos con fuerza en viviendas;2021;433
MURCIA (REGIÓN DE);5.2.2.-Robos con fuerza en viviendas;2020;486
MURCIA (REGIÓN DE);5.2.2.-Robos con fuerza en viviendas;2019;502
MURCIA (REGIÓN DE);5.2.2.-Robos con fuerza en viviendas;2018;574
MURCIA (REGIÓN DE);5.2.3.-Robos con fuerza en establecimientos;2024;305
MURCIA (REGIÓN DE);5.2.3.-Robos con fuerza en establecimientos;2023;343
MURCIA (REGIÓN DE);5.2.3.-Robos con fuerza en establecimientos;2022;272
MURCIA (REGIÓN DE);5.2.3.-Robos con fuerza en establecimientos;2021;252
MURCIA (REGIÓN DE);5.2.3.-Robos con fuerza en establecimientos;2020;214
MURCIA (REGIÓN DE);5.2.3.-Robos con fuerza en establecimientos;2019;209
MURCIA (REGIÓN DE);5.2.3.-Robos con fuerza en establecimientos;2018;199
MURCIA (REGIÓN DE);5.3.-Robos con violencia o intimidación;2024;1.092
MURCIA (REGIÓN DE);5.3.-Robos con violencia o intimidación;2023;922
MURCIA (REGIÓN DE);5.3.-Robos con violencia o intimidación;2022;874
MURCIA (REGIÓN DE);5.3.-Robos con violencia o intimidación;2021;545
MURCIA (REGIÓN DE);5.3.-Robos con violencia o intimidación;2020;535
MURCIA (REGIÓN DE);5.3.-Robos con violencia o intimidación;2019;591
MURCIA (REGIÓN DE);5.3.-Robos con violencia o intimidación;2018;512
MURCIA (REGIÓN DE);5.3.1.-Robos con violencia en vía pública;2024;624
MURCIA (REGIÓN DE);5.3.1.-Robos con violencia en vía pública;2023;486
MURCIA (REGIÓN DE);5.3.1.-Robos con violencia en vía pública;2022;487
MURCIA (REGIÓN DE);5.3.1.-Robos con violencia en vía pública;2021;305
MURCIA (REGIÓN DE);5.3.1.-Robos con violencia en vía pública;2020;277
MURCIA (REGIÓN DE);5.3.1.-Robos con violencia en vía pública;2019;269
MURCIA (REGIÓN DE);5.3.1.-Robos con violencia en vía pública;2018;308
MURCIA (REGIÓN DE);5.3.2.-Robos con violencia en viviendas;2024;93
MURCIA (REGIÓN DE);5.3.2.-Robos con violencia en viviendas;2023;86
MURCIA (REGIÓN DE);5.3.2.-Robos con violencia en viviendas;2022;63
MURCIA (REGIÓN DE);5.3.2.-Robos con violencia en viviendas;2021;35
MURCIA (REGIÓN DE);5.3.2.-Robos con violencia en viviendas;2020;82
MURCIA (REGIÓN DE);5.3.2.-Robos con violencia en viviendas;2019;72
MURCIA (REGIÓN DE);5.3.2.-Robos con violencia en viviendas;2018;59
MURCIA (REGIÓN DE);5.3.3.-Robos con violencia en establecimientos;2024;258
MURCIA (REGIÓN DE);5.3.3.-Robos con violencia en establecimientos;2023;244
MURCIA (REGIÓN DE);5.3.3.-Robos con violencia en establecimientos;2022;226
MURCIA (REGIÓN DE);5.3.3.-Robos con violencia en establecimientos;2021;124
MURCIA (REGIÓN DE);5.3.3.-Robos con violencia en establecimientos;2020;108
MURCIA (REGIÓN DE);5.3.3.-Robos con violencia en establecimientos;2019;140
MURCIA (REGIÓN DE);5.3.3.-Robos con violencia en establecimientos;2018;102
MURCIA (REGIÓN DE);5.4.-Sustracción de vehículos;2024;152
MURCIA (REGIÓN DE);5.4.-Sustracción de vehículos;2023;180
MURCIA (REGIÓN DE);5.4.-Sustracción de vehículos;2022;168
MURCIA (REGIÓN DE);5.4.-Sustracción de vehículos;2021;102
MURCIA (REGIÓN DE);5.4.-Sustracción de vehículos;2020;114
MURCIA (REGIÓN DE);5.4.-Sustracción de vehículos;2019;112
MURCIA (REGIÓN DE);5.4.-Sustracción de vehículos;2018;151
MURCIA (REGIÓN DE);5.5.-Estafas;2024;758
MURCIA (REGIÓN DE);5.5.-Estafas;2023;713
MURCIA (REGIÓN DE);5.5.-Estafas;2022;580
MURCIA (REGIÓN DE);5.5.-Estafas;2021;486
MURCIA (REGIÓN DE);5.5.-Estafas;2020;503
MURCIA (REGIÓN DE);5.5.-Estafas;2019;519
MURCIA (REGIÓN DE);5.5.-Estafas;2018;514
MURCIA (REGIÓN DE);5.5.1.-Estafas informáticas;2024;371
MURCIA (REGIÓN DE);5.5.1.-Estafas informáticas;2023;359
MURCIA (REGIÓN DE);5.5.1.-Estafas informáticas;2022;254
MURCIA (REGIÓN DE);5.5.1.-Estafas informáticas;2021;202
MURCIA (REGIÓN DE);5.5.1.-Estafas informáticas;2020;192
MURCIA (REGIÓN DE);5.5.1.-Estafas informáticas;2019;124
MURCIA (REGIÓN DE);5.5.1.-Estafas informáticas;2018;66
MURCIA (REGIÓN DE);5.6.-Daños;2024;512
MURCIA (REGIÓN DE);5.6.-Daños;2023;488
MURCIA (REGIÓN DE);5.6.-Daños;2022;438
MURCIA (REGIÓN DE);5.6.-Daños;2021;398
MURCIA (REGIÓN DE);5.6.-Daños;2020;383
MURCIA (REGIÓN DE);5.6.-Daños;2019;387
MURCIA (REGIÓN DE);5.6.-Daños;2018;405
MURCIA (REGIÓN DE);5.7.-Contra la propiedad intelectual/industrial;2024;30
MURCIA (REGIÓN DE);5.7.-Contra la propiedad intelectual/industrial;2023;39
MURCIA (REGIÓN DE);5.7.-Contra la propiedad intelectual/industrial;2022;65
MURCIA (REGIÓN DE);5.7.-Contra la propiedad intelectual/industrial;2021;42
MURCIA (REGIÓN DE);5.7.-Contra la propiedad intelectual/industrial;2020;59
MURCIA (REGIÓN DE);5.7.-Contra la propiedad intelectual/industrial;2019;26
MURCIA (REGIÓN DE);5.7.-Contra la propiedad intelectual/industrial;2018;48
MURCIA (REGIÓN DE);5.8.-Blanqueo de capitales;2024;9
MURCIA (REGIÓN DE);5.8.-Blanqueo de capitales;2023;25
MURCIA (REGIÓN DE);5.8.-Blanqueo de capitales;2022;5
MURCIA (REGIÓN DE);5.8.-Blanqueo de capitales;2021;7
MURCIA (REGIÓN DE);5.8.-Blanqueo de capitales;2020;7
MURCIA (REGIÓN DE);5.8.-Blanqueo de capitales;2019;27
MURCIA (REGIÓN DE);5.8.-Blanqueo de capitales;2018;22
MURCIA (REGIÓN DE);5.9.-Otros contra el patrimonio;2024;592
MURCIA (REGIÓN DE);5.9.-Otros contra el patrimonio;2023;548
MURCIA (REGIÓN DE);5.9.-Otros contra el patrimonio;2022;440
MURCIA (REGIÓN DE);5.9.-Otros contra el patrimonio;2021;500
MURCIA (REGIÓN DE);5.9.-Otros contra el patrimonio;2020;420
MURCIA (REGIÓN DE);5.9.-Otros contra el patrimonio;2019;463
MURCIA (REGIÓN DE);5.9.-Otros contra el patrimonio;2018;412
MURCIA (REGIÓN DE);6. SEGURIDAD COLECTIVA;2024;2.123
MURCIA (REGIÓN DE);6. SEGURIDAD COLECTIVA;2023;2.042
MURCIA (REGIÓN DE);6. SEGURIDAD COLECTIVA;2022;2.022
MURCIA (REGIÓN DE);6. SEGURIDAD COLECTIVA;2021;1.823
MURCIA (REGIÓN DE);6. SEGURIDAD COLECTIVA;2020;1.511
MURCIA (REGIÓN DE);6. SEGURIDAD COLECTIVA;2019;1.883
MURCIA (REGIÓN DE);6. SEGURIDAD COLECTIVA;2018;1.740
MURCIA (REGIÓN DE);6.1.-Tráfico de drogas;2024;1.017
MURCIA (REGIÓN DE);6.1.-Tráfico de drogas;2023;1.078
MURCIA (REGIÓN DE);6.1.-Tráfico de drogas;2022;940
MURCIA (REGIÓN DE);6.1.-Tráfico de drogas;2021;967
MURCIA (REGIÓN DE);6.1.-Tráfico de drogas;2020;703
MURCIA (REGIÓN DE);6.1.-Tráfico de drogas;2019;713
MURCIA (REGIÓN DE);6.1.-Tráfico de drogas;2018;613
MURCIA (REGIÓN DE);6.2.-Contra la seguridad vial;2024;1.049
MURCIA (REGIÓN DE);6.2.-Contra la seguridad vial;2023;924
MURCIA (REGIÓN DE);6.2.-Contra la seguridad vial;2022;1.032
MURCIA (REGIÓN DE);6.2.-Contra la seguridad vial;2021;817
MURCIA (REGIÓN DE);6.2.-Contra la seguridad vial;2020;765
MURCIA (REGIÓN DE);6.2.-Contra la seguridad vial;2019;1.116
MURCIA (REGIÓN DE);6.2.-Contra la seguridad vial;2018;1.043
MURCIA (REGIÓN DE);6.3.-Otros contra la seguridad colectiva;2024;57
MURCIA (REGIÓN DE);6.3.-Otros contra la seguridad colectiva;2023;40
MURCIA (REGIÓN DE);6.3.-Otros contra la seguridad colectiva;2022;50
MURCIA (REGIÓN DE);6.3.-Otros contra la seguridad colectiva;2021;39
MURCIA (REGIÓN DE);6.3.-Otros contra la seguridad colectiva;2020;43
MURCIA (REGIÓN DE);6.3.-Otros contra la seguridad colectiva;2019;54
MURCIA (REGIÓN DE);6.3.-Otros contra la seguridad colectiva;2018;84
MURCIA (REGIÓN DE);7. FALSEDADES;2024;611
MURCIA (REGIÓN DE);7. FALSEDADES;2023;505
MURCIA (REGIÓN DE);7. FALSEDADES;2022;511
MURCIA (REGIÓN DE);7. FALSEDADES;2021;631
MURCIA (REGIÓN DE);7. FALSEDADES;2020;537
MURCIA (REGIÓN DE);7. FALSEDADES;2019;444
MURCIA (REGIÓN DE);7. FALSEDADES;2018;393
MURCIA (REGIÓN DE);8. ADMÓN. PÚBLICA;2024;13
MURCIA (REGIÓN DE);8. ADMÓN. PÚBLICA;2023;8
MURCIA (REGIÓN DE);8. ADMÓN. PÚBLICA;2022;12
MURCIA (REGIÓN DE);8. ADMÓN. PÚBLICA;2021;38
MURCIA (REGIÓN DE);8. ADMÓN. PÚBLICA;2020;103
MURCIA (REGIÓN DE);8. ADMÓN. PÚBLICA;2019;30
MURCIA (REGIÓN DE);8. ADMÓN. PÚBLICA;2018;5
MURCIA (REGIÓN DE);9. ADMÓN. JUSTICIA;2024;1.416
MURCIA (REGIÓN DE);9. ADMÓN. JUSTICIA;2023;1.382
MURCIA (REGIÓN DE);9. ADMÓN. JUSTICIA;2022;1.236
MURCIA (REGIÓN DE);9. ADMÓN. JUSTICIA;2021;957
MURCIA (REGIÓN DE);9. ADMÓN. JUSTICIA;2020;928
MURCIA (REGIÓN DE);9. ADMÓN. JUSTICIA;2019;840
MURCIA (REGIÓN DE);9. ADMÓN. JUSTICIA;2018;827
MURCIA (REGIÓN DE);10. ORDEN PÚBLICO;2024;954
MURCIA (REGIÓN DE);10. ORDEN PÚBLICO;2023;868
MURCIA (REGIÓN DE);10. ORDEN PÚBLICO;2022;756
MURCIA (REGIÓN DE);10. ORDEN PÚBLICO;2021;767
MURCIA (REGIÓN DE);10. ORDEN PÚBLICO;2020;901
MURCIA (REGIÓN DE);10. ORDEN PÚBLICO;2019;557
MURCIA (REGIÓN DE);10. ORDEN PÚBLICO;2018;517
MURCIA (REGIÓN DE);11. LEGISLACIÓN ESPECIAL;2024;7
MURCIA (REGIÓN DE);11. LEGISLACIÓN ESPECIAL;2023;44
MURCIA (REGIÓN DE);11. LEGISLACIÓN ESPECIAL;2022;21
MURCIA (REGIÓN DE);11. LEGISLACIÓN ESPECIAL;2021;16
MURCIA (REGIÓN DE);11. LEGISLACIÓN ESPECIAL;2020;25
MURCIA (REGIÓN DE);11. LEGISLACIÓN ESPECIAL;2019;6
MURCIA (REGIÓN DE);11. LEGISLACIÓN ESPECIAL;2018;6
MURCIA (REGIÓN DE);12. OTRAS INFRACCIONES PENALES;2024;302
MURCIA (REGIÓN DE);12. OTRAS INFRACCIONES PENALES;2023;342
MURCIA (REGIÓN DE);12. OTRAS INFRACCIONES PENALES;2022;365
MURCIA (REGIÓN DE);12. OTRAS INFRACCIONES PENALES;2021;468
MURCIA (REGIÓN DE);12. OTRAS INFRACCIONES PENALES;2020;306
MURCIA (REGIÓN DE);12. OTRAS INFRACCIONES PENALES;2019;475
MURCIA (REGIÓN DE);12. OTRAS INFRACCIONES PENALES;2018;206
MURCIA (REGIÓN DE);TOTAL INFRACCIONES PENALES;2024;21.513
MURCIA (REGIÓN DE);TOTAL INFRACCIONES PENALES;2023;20.819
MURCIA (REGIÓN DE);TOTAL INFRACCIONES PENALES;2022;17.992
MURCIA (REGIÓN DE);TOTAL INFRACCIONES PENALES;2021;15.844
MURCIA (REGIÓN DE);TOTAL INFRACCIONES PENALES;2020;14.474
MURCIA (REGIÓN DE);TOTAL INFRACCIONES PENALES;2019;15.770
MURCIA (REGIÓN DE);TOTAL INFRACCIONES PENALES;2018;15.079
NAVARRA (COMUNIDAD FORAL DE);1. CONTRA LAS PERSONAS;2024;1.235
NAVARRA (COMUNIDAD FORAL DE);1. CONTRA LAS PERSONAS;2023;1.124
NAVARRA (COMUNIDAD FORAL DE);1. CONTRA LAS PERSONAS;2022;1.134
NAVARRA (COMUNIDAD FORAL DE);1. CONTRA LAS PERSONAS;2021;1.004
NAVARRA (COMUNIDAD FORAL DE);1. CONTRA LAS PERSONAS;2020;831
NAVARRA (COMUNIDAD FORAL DE);1. CONTRA LAS PERSONAS;2019;945
NAVARRA (COMUNIDAD FORAL DE);1. CONTRA LAS PERSONAS;2018;869
NAVARRA (COMUNIDAD FORAL DE);1.1.-Homicidios dolosos/asesinatos;2024;27
NAVARRA (COMUNIDAD FORAL DE);1.1.-Homicidios dolosos/asesinatos;2023;30
NAVARRA (COMUNIDAD FORAL DE);1.1.-Homicidios dolosos/asesinatos;2022;20
NAVARRA (COMUNIDAD FORAL DE);1.1.-Homicidios dolosos/asesinatos;2021;19
NAVARRA (COMUNIDAD FORAL DE);1.1.-Homicidios dolosos/asesinatos;2020;16
NAVARRA (COMUNIDAD FORAL DE);1.1.-Homicidios dolosos/asesinatos;2019;6
NAVARRA (COMUNIDAD FORAL DE);1.1.-Homicidios dolosos/asesinatos;2018;15
NAVARRA (COMUNIDAD FORAL DE);1.1.1.-Homicidios dolosos/asesinatos consumados;2024;7
NAVARRA (COMUNIDAD FORAL DE);1.1.1.-Homicidios dolosos/asesinatos consumados;2023;7
NAVARRA (COMUNIDAD FORAL DE);1.1.1.-Homicidios dolosos/asesinatos consumados;2022;1
NAVARRA (COMUNIDAD FORAL DE);1.1.1.-Homicidios dolosos/asesinatos consumados;2021;2
NAVARRA (COMUNIDAD FORAL DE);1.1.1.-Homicidios dolosos/asesinatos consumados;2020;3
NAVARRA (COMUNIDAD FORAL DE);1.1.1.-Homicidios dolosos/asesinatos consumados;2019;3
NAVARRA (COMUNIDAD FORAL DE);1.1.1.-Homicidios dolosos/asesinatos consumados;2018;2
NAVARRA (COMUNIDAD FORAL DE);1.2.-Lesiones;2024;439
NAVARRA (COMUNIDAD FORAL DE);1.2.-Lesiones;2023;354
NAVARRA (COMUNIDAD FORAL DE);1.2.-Lesiones;2022;404
NAVARRA (COMUNIDAD FORAL DE);1.2.-Lesiones;2021;331
NAVARRA (COMUNIDAD FORAL DE);1.2.-Lesiones;2020;238
NAVARRA (COMUNIDAD FORAL DE);1.2.-Lesiones;2019;310
NAVARRA (COMUNIDAD FORAL DE);1.2.-Lesiones;2018;256
NAVARRA (COMUNIDAD FORAL DE);1.3.-Malos tratos ámbito familiar;2024;752
NAVARRA (COMUNIDAD FORAL DE);1.3.-Malos tratos ámbito familiar;2023;718
NAVARRA (COMUNIDAD FORAL DE);1.3.-Malos tratos ámbito familiar;2022;700
NAVARRA (COMUNIDAD FORAL DE);1.3.-Malos tratos ámbito familiar;2021;637
NAVARRA (COMUNIDAD FORAL DE);1.3.-Malos tratos ámbito familiar;2020;560
NAVARRA (COMUNIDAD FORAL DE);1.3.-Malos tratos ámbito familiar;2019;624
NAVARRA (COMUNIDAD FORAL DE);1.3.-Malos tratos ámbito familiar;2018;593
NAVARRA (COMUNIDAD FORAL DE);1.4.-Otros contra las personas;2024;17
NAVARRA (COMUNIDAD FORAL DE);1.4.-Otros contra las personas;2023;22
NAVARRA (COMUNIDAD FORAL DE);1.4.-Otros contra las personas;2022;10
NAVARRA (COMUNIDAD FORAL DE);1.4.-Otros contra las personas;2021;17
NAVARRA (COMUNIDAD FORAL DE);1.4.-Otros contra las personas;2020;17
NAVARRA (COMUNIDAD FORAL DE);1.4.-Otros contra las personas;2019;5
NAVARRA (COMUNIDAD FORAL DE);1.4.-Otros contra las personas;2018;5
NAVARRA (COMUNIDAD FORAL DE);2. CONTRA LA LIBERTAD;2024;531
NAVARRA (COMUNIDAD FORAL DE);2. CONTRA LA LIBERTAD;2023;473
NAVARRA (COMUNIDAD FORAL DE);2. CONTRA LA LIBERTAD;2022;408
NAVARRA (COMUNIDAD FORAL DE);2. CONTRA LA LIBERTAD;2021;340
NAVARRA (COMUNIDAD FORAL DE);2. CONTRA LA LIBERTAD;2020;312
NAVARRA (COMUNIDAD FORAL DE);2. CONTRA LA LIBERTAD;2019;334
NAVARRA (COMUNIDAD FORAL DE);2. CONTRA LA LIBERTAD;2018;271
NAVARRA (COMUNIDAD FORAL DE);2.1.-Malos tratos habituales en el ámbito familiar;2024;223
NAVARRA (COMUNIDAD FORAL DE);2.1.-Malos tratos habituales en el ámbito familiar;2023;200
NAVARRA (COMUNIDAD FORAL DE);2.1.-Malos tratos habituales en el ámbito familiar;2022;144
NAVARRA (COMUNIDAD FORAL DE);2.1.-Malos tratos habituales en el ámbito familiar;2021;88
NAVARRA (COMUNIDAD FORAL DE);2.1.-Malos tratos habituales en el ámbito familiar;2020;94
NAVARRA (COMUNIDAD FORAL DE);2.1.-Malos tratos habituales en el ámbito familiar;2019;104
NAVARRA (COMUNIDAD FORAL DE);2.1.-Malos tratos habituales en el ámbito familiar;2018;62
NAVARRA (COMUNIDAD FORAL DE);2.2.-Otros contra la libertad;2024;308
NAVARRA (COMUNIDAD FORAL DE);2.2.-Otros contra la libertad;2023;273
NAVARRA (COMUNIDAD FORAL DE);2.2.-Otros contra la libertad;2022;264
NAVARRA (COMUNIDAD FORAL DE);2.2.-Otros contra la libertad;2021;252
NAVARRA (COMUNIDAD FORAL DE);2.2.-Otros contra la libertad;2020;218
NAVARRA (COMUNIDAD FORAL DE);2.2.-Otros contra la libertad;2019;230
NAVARRA (COMUNIDAD FORAL DE);2.2.-Otros contra la libertad;2018;209
NAVARRA (COMUNIDAD FORAL DE);3. LIBERTAD SEXUAL;2024;276
NAVARRA (COMUNIDAD FORAL DE);3. LIBERTAD SEXUAL;2023;250
NAVARRA (COMUNIDAD FORAL DE);3. LIBERTAD SEXUAL;2022;194
NAVARRA (COMUNIDAD FORAL DE);3. LIBERTAD SEXUAL;2021;154
NAVARRA (COMUNIDAD FORAL DE);3. LIBERTAD SEXUAL;2020;153
NAVARRA (COMUNIDAD FORAL DE);3. LIBERTAD SEXUAL;2019;123
NAVARRA (COMUNIDAD FORAL DE);3. LIBERTAD SEXUAL;2018;151
NAVARRA (COMUNIDAD FORAL DE);3.1.-Agresión sexual;2024;193
NAVARRA (COMUNIDAD FORAL DE);3.1.-Agresión sexual;2023;159
NAVARRA (COMUNIDAD FORAL DE);3.1.-Agresión sexual;2022;125
NAVARRA (COMUNIDAD FORAL DE);3.1.-Agresión sexual;2021;82
NAVARRA (COMUNIDAD FORAL DE);3.1.-Agresión sexual;2020;88
NAVARRA (COMUNIDAD FORAL DE);3.1.-Agresión sexual;2019;73
NAVARRA (COMUNIDAD FORAL DE);3.1.-Agresión sexual;2018;87
NAVARRA (COMUNIDAD FORAL DE);3.2.-Agresión sexual con penetración;2024;47
NAVARRA (COMUNIDAD FORAL DE);3.2.-Agresión sexual con penetración;2023;57
NAVARRA (COMUNIDAD FORAL DE);3.2.-Agresión sexual con penetración;2022;59
NAVARRA (COMUNIDAD FORAL DE);3.2.-Agresión sexual con penetración;2021;53
NAVARRA (COMUNIDAD FORAL DE);3.2.-Agresión sexual con penetración;2020;36
NAVARRA (COMUNIDAD FORAL DE);3.2.-Agresión sexual con penetración;2019;32
NAVARRA (COMUNIDAD FORAL DE);3.2.-Agresión sexual con penetración;2018;41
NAVARRA (COMUNIDAD FORAL DE);3.3.-Corrupción de menores o incapacitados;2024;0
NAVARRA (COMUNIDAD FORAL DE);3.3.-Corrupción de menores o incapacitados;2023;9
NAVARRA (COMUNIDAD FORAL DE);3.3.-Corrupción de menores o incapacitados;2022;4
NAVARRA (COMUNIDAD FORAL DE);3.3.-Corrupción de menores o incapacitados;2021;7
NAVARRA (COMUNIDAD FORAL DE);3.3.-Corrupción de menores o incapacitados;2020;7
NAVARRA (COMUNIDAD FORAL DE);3.3.-Corrupción de menores o incapacitados;2019;4
NAVARRA (COMUNIDAD FORAL DE);3.3.-Corrupción de menores o incapacitados;2018;4
NAVARRA (COMUNIDAD FORAL DE);3.4.-Pornografía de menores;2024;9
NAVARRA (COMUNIDAD FORAL DE);3.4.-Pornografía de menores;2023;14
NAVARRA (COMUNIDAD FORAL DE);3.4.-Pornografía de menores;2022;4
NAVARRA (COMUNIDAD FORAL DE);3.4.-Pornografía de menores;2021;3
NAVARRA (COMUNIDAD FORAL DE);3.4.-Pornografía de menores;2020;7
NAVARRA (COMUNIDAD FORAL DE);3.4.-Pornografía de menores;2019;9
NAVARRA (COMUNIDAD FORAL DE);3.4.-Pornografía de menores;2018;9
NAVARRA (COMUNIDAD FORAL DE);3.5.-Otros contra la libertad sexual;2024;27
NAVARRA (COMUNIDAD FORAL DE);3.5.-Otros contra la libertad sexual;2023;11
NAVARRA (COMUNIDAD FORAL DE);3.5.-Otros contra la libertad sexual;2022;2
NAVARRA (COMUNIDAD FORAL DE);3.5.-Otros contra la libertad sexual;2021;9
NAVARRA (COMUNIDAD FORAL DE);3.5.-Otros contra la libertad sexual;2020;15
NAVARRA (COMUNIDAD FORAL DE);3.5.-Otros contra la libertad sexual;2019;5
NAVARRA (COMUNIDAD FORAL DE);3.5.-Otros contra la libertad sexual;2018;10
NAVARRA (COMUNIDAD FORAL DE);4. RELACIONES FAMILIARES;2024;9
NAVARRA (COMUNIDAD FORAL DE);4. RELACIONES FAMILIARES;2023;8
NAVARRA (COMUNIDAD FORAL DE);4. RELACIONES FAMILIARES;2022;8
NAVARRA (COMUNIDAD FORAL DE);4. RELACIONES FAMILIARES;2021;6
NAVARRA (COMUNIDAD FORAL DE);4. RELACIONES FAMILIARES;2020;11
NAVARRA (COMUNIDAD FORAL DE);4. RELACIONES FAMILIARES;2019;6
NAVARRA (COMUNIDAD FORAL DE);4. RELACIONES FAMILIARES;2018;3
NAVARRA (COMUNIDAD FORAL DE);5. PATRIMONIO;2024;1.477
NAVARRA (COMUNIDAD FORAL DE);5. PATRIMONIO;2023;1.471
NAVARRA (COMUNIDAD FORAL DE);5. PATRIMONIO;2022;1.271
NAVARRA (COMUNIDAD FORAL DE);5. PATRIMONIO;2021;1.093
NAVARRA (COMUNIDAD FORAL DE);5. PATRIMONIO;2020;834
NAVARRA (COMUNIDAD FORAL DE);5. PATRIMONIO;2019;1.119
NAVARRA (COMUNIDAD FORAL DE);5. PATRIMONIO;2018;1.181
NAVARRA (COMUNIDAD FORAL DE);5.1.-Hurtos;2024;604
NAVARRA (COMUNIDAD FORAL DE);5.1.-Hurtos;2023;633
NAVARRA (COMUNIDAD FORAL DE);5.1.-Hurtos;2022;469
NAVARRA (COMUNIDAD FORAL DE);5.1.-Hurtos;2021;355
NAVARRA (COMUNIDAD FORAL DE);5.1.-Hurtos;2020;190
NAVARRA (COMUNIDAD FORAL DE);5.1.-Hurtos;2019;399
NAVARRA (COMUNIDAD FORAL DE);5.1.-Hurtos;2018;450
NAVARRA (COMUNIDAD FORAL DE);5.2.-Robos con fuerza en las cosas;2024;314
NAVARRA (COMUNIDAD FORAL DE);5.2.-Robos con fuerza en las cosas;2023;281
NAVARRA (COMUNIDAD FORAL DE);5.2.-Robos con fuerza en las cosas;2022;293
NAVARRA (COMUNIDAD FORAL DE);5.2.-Robos con fuerza en las cosas;2021;284
NAVARRA (COMUNIDAD FORAL DE);5.2.-Robos con fuerza en las cosas;2020;239
NAVARRA (COMUNIDAD FORAL DE);5.2.-Robos con fuerza en las cosas;2019;297
NAVARRA (COMUNIDAD FORAL DE);5.2.-Robos con fuerza en las cosas;2018;288
NAVARRA (COMUNIDAD FORAL DE);5.2.1.-Robos con fuerza en las cosas en el interior de vehículos;2024;59
NAVARRA (COMUNIDAD FORAL DE);5.2.1.-Robos con fuerza en las cosas en el interior de vehículos;2023;35
NAVARRA (COMUNIDAD FORAL DE);5.2.1.-Robos con fuerza en las cosas en el interior de vehículos;2022;31
NAVARRA (COMUNIDAD FORAL DE);5.2.1.-Robos con fuerza en las cosas en el interior de vehículos;2021;31
NAVARRA (COMUNIDAD FORAL DE);5.2.1.-Robos con fuerza en las cosas en el interior de vehículos;2020;44
NAVARRA (COMUNIDAD FORAL DE);5.2.1.-Robos con fuerza en las cosas en el interior de vehículos;2019;40
NAVARRA (COMUNIDAD FORAL DE);5.2.1.-Robos con fuerza en las cosas en el interior de vehículos;2018;48
NAVARRA (COMUNIDAD FORAL DE);5.2.2.-Robos con fuerza en viviendas;2024;82
NAVARRA (COMUNIDAD FORAL DE);5.2.2.-Robos con fuerza en viviendas;2023;71
NAVARRA (COMUNIDAD FORAL DE);5.2.2.-Robos con fuerza en viviendas;2022;80
NAVARRA (COMUNIDAD FORAL DE);5.2.2.-Robos con fuerza en viviendas;2021;69
NAVARRA (COMUNIDAD FORAL DE);5.2.2.-Robos con fuerza en viviendas;2020;55
NAVARRA (COMUNIDAD FORAL DE);5.2.2.-Robos con fuerza en viviendas;2019;68
NAVARRA (COMUNIDAD FORAL DE);5.2.2.-Robos con fuerza en viviendas;2018;97
NAVARRA (COMUNIDAD FORAL DE);5.2.3.-Robos con fuerza en establecimientos;2024;48
NAVARRA (COMUNIDAD FORAL DE);5.2.3.-Robos con fuerza en establecimientos;2023;68
NAVARRA (COMUNIDAD FORAL DE);5.2.3.-Robos con fuerza en establecimientos;2022;93
NAVARRA (COMUNIDAD FORAL DE);5.2.3.-Robos con fuerza en establecimientos;2021;81
NAVARRA (COMUNIDAD FORAL DE);5.2.3.-Robos con fuerza en establecimientos;2020;85
NAVARRA (COMUNIDAD FORAL DE);5.2.3.-Robos con fuerza en establecimientos;2019;103
NAVARRA (COMUNIDAD FORAL DE);5.2.3.-Robos con fuerza en establecimientos;2018;71
NAVARRA (COMUNIDAD FORAL DE);5.3.-Robos con violencia o intimidación;2024;164
NAVARRA (COMUNIDAD FORAL DE);5.3.-Robos con violencia o intimidación;2023;206
NAVARRA (COMUNIDAD FORAL DE);5.3.-Robos con violencia o intimidación;2022;173
NAVARRA (COMUNIDAD FORAL DE);5.3.-Robos con violencia o intimidación;2021;146
NAVARRA (COMUNIDAD FORAL DE);5.3.-Robos con violencia o intimidación;2020;104
NAVARRA (COMUNIDAD FORAL DE);5.3.-Robos con violencia o intimidación;2019;98
NAVARRA (COMUNIDAD FORAL DE);5.3.-Robos con violencia o intimidación;2018;68
NAVARRA (COMUNIDAD FORAL DE);5.3.1.-Robos con violencia en vía pública;2024;92
NAVARRA (COMUNIDAD FORAL DE);5.3.1.-Robos con violencia en vía pública;2023;150
NAVARRA (COMUNIDAD FORAL DE);5.3.1.-Robos con violencia en vía pública;2022;124
NAVARRA (COMUNIDAD FORAL DE);5.3.1.-Robos con violencia en vía pública;2021;108
NAVARRA (COMUNIDAD FORAL DE);5.3.1.-Robos con violencia en vía pública;2020;74
NAVARRA (COMUNIDAD FORAL DE);5.3.1.-Robos con violencia en vía pública;2019;58
NAVARRA (COMUNIDAD FORAL DE);5.3.1.-Robos con violencia en vía pública;2018;42
NAVARRA (COMUNIDAD FORAL DE);5.3.2.-Robos con violencia en viviendas;2024;13
NAVARRA (COMUNIDAD FORAL DE);5.3.2.-Robos con violencia en viviendas;2023;10
NAVARRA (COMUNIDAD FORAL DE);5.3.2.-Robos con violencia en viviendas;2022;11
NAVARRA (COMUNIDAD FORAL DE);5.3.2.-Robos con violencia en viviendas;2021;5
NAVARRA (COMUNIDAD FORAL DE);5.3.2.-Robos con violencia en viviendas;2020;6
NAVARRA (COMUNIDAD FORAL DE);5.3.2.-Robos con violencia en viviendas;2019;8
NAVARRA (COMUNIDAD FORAL DE);5.3.2.-Robos con violencia en viviendas;2018;2
NAVARRA (COMUNIDAD FORAL DE);5.3.3.-Robos con violencia en establecimientos;2024;41
NAVARRA (COMUNIDAD FORAL DE);5.3.3.-Robos con violencia en establecimientos;2023;34
NAVARRA (COMUNIDAD FORAL DE);5.3.3.-Robos con violencia en establecimientos;2022;26
NAVARRA (COMUNIDAD FORAL DE);5.3.3.-Robos con violencia en establecimientos;2021;26
NAVARRA (COMUNIDAD FORAL DE);5.3.3.-Robos con violencia en establecimientos;2020;13
NAVARRA (COMUNIDAD FORAL DE);5.3.3.-Robos con violencia en establecimientos;2019;22
NAVARRA (COMUNIDAD FORAL DE);5.3.3.-Robos con violencia en establecimientos;2018;14
NAVARRA (COMUNIDAD FORAL DE);5.4.-Sustracción de vehículos;2024;23
NAVARRA (COMUNIDAD FORAL DE);5.4.-Sustracción de vehículos;2023;15
NAVARRA (COMUNIDAD FORAL DE);5.4.-Sustracción de vehículos;2022;15
NAVARRA (COMUNIDAD FORAL DE);5.4.-Sustracción de vehículos;2021;17
NAVARRA (COMUNIDAD FORAL DE);5.4.-Sustracción de vehículos;2020;16
NAVARRA (COMUNIDAD FORAL DE);5.4.-Sustracción de vehículos;2019;28
NAVARRA (COMUNIDAD FORAL DE);5.4.-Sustracción de vehículos;2018;24
NAVARRA (COMUNIDAD FORAL DE);5.5.-Estafas;2024;166
NAVARRA (COMUNIDAD FORAL DE);5.5.-Estafas;2023;137
NAVARRA (COMUNIDAD FORAL DE);5.5.-Estafas;2022;119
NAVARRA (COMUNIDAD FORAL DE);5.5.-Estafas;2021;111
NAVARRA (COMUNIDAD FORAL DE);5.5.-Estafas;2020;130
NAVARRA (COMUNIDAD FORAL DE);5.5.-Estafas;2019;91
NAVARRA (COMUNIDAD FORAL DE);5.5.-Estafas;2018;113
NAVARRA (COMUNIDAD FORAL DE);5.5.1.-Estafas informáticas;2024;111
NAVARRA (COMUNIDAD FORAL DE);5.5.1.-Estafas informáticas;2023;93
NAVARRA (COMUNIDAD FORAL DE);5.5.1.-Estafas informáticas;2022;52
NAVARRA (COMUNIDAD FORAL DE);5.5.1.-Estafas informáticas;2021;59
NAVARRA (COMUNIDAD FORAL DE);5.5.1.-Estafas informáticas;2020;61
NAVARRA (COMUNIDAD FORAL DE);5.5.1.-Estafas informáticas;2019;16
NAVARRA (COMUNIDAD FORAL DE);5.5.1.-Estafas informáticas;2018;33
NAVARRA (COMUNIDAD FORAL DE);5.6.-Daños;2024;81
NAVARRA (COMUNIDAD FORAL DE);5.6.-Daños;2023;86
NAVARRA (COMUNIDAD FORAL DE);5.6.-Daños;2022;115
NAVARRA (COMUNIDAD FORAL DE);5.6.-Daños;2021;100
NAVARRA (COMUNIDAD FORAL DE);5.6.-Daños;2020;85
NAVARRA (COMUNIDAD FORAL DE);5.6.-Daños;2019;83
NAVARRA (COMUNIDAD FORAL DE);5.6.-Daños;2018;84
NAVARRA (COMUNIDAD FORAL DE);5.7.-Contra la propiedad intelectual/industrial;2024;8
NAVARRA (COMUNIDAD FORAL DE);5.7.-Contra la propiedad intelectual/industrial;2023;22
NAVARRA (COMUNIDAD FORAL DE);5.7.-Contra la propiedad intelectual/industrial;2022;10
NAVARRA (COMUNIDAD FORAL DE);5.7.-Contra la propiedad intelectual/industrial;2021;4
NAVARRA (COMUNIDAD FORAL DE);5.7.-Contra la propiedad intelectual/industrial;2020;6
NAVARRA (COMUNIDAD FORAL DE);5.7.-Contra la propiedad intelectual/industrial;2019;20
NAVARRA (COMUNIDAD FORAL DE);5.7.-Contra la propiedad intelectual/industrial;2018;46
NAVARRA (COMUNIDAD FORAL DE);5.8.-Blanqueo de capitales;2024;7
NAVARRA (COMUNIDAD FORAL DE);5.8.-Blanqueo de capitales;2023;17
NAVARRA (COMUNIDAD FORAL DE);5.8.-Blanqueo de capitales;2022;1
NAVARRA (COMUNIDAD FORAL DE);5.8.-Blanqueo de capitales;2021;10
NAVARRA (COMUNIDAD FORAL DE);5.8.-Blanqueo de capitales;2020;2
NAVARRA (COMUNIDAD FORAL DE);5.8.-Blanqueo de capitales;2019;4
NAVARRA (COMUNIDAD FORAL DE);5.8.-Blanqueo de capitales;2018;2
NAVARRA (COMUNIDAD FORAL DE);5.9.-Otros contra el patrimonio;2024;110
NAVARRA (COMUNIDAD FORAL DE);5.9.-Otros contra el patrimonio;2023;74
NAVARRA (COMUNIDAD FORAL DE);5.9.-Otros contra el patrimonio;2022;76
NAVARRA (COMUNIDAD FORAL DE);5.9.-Otros contra el patrimonio;2021;66
NAVARRA (COMUNIDAD FORAL DE);5.9.-Otros contra el patrimonio;2020;62
NAVARRA (COMUNIDAD FORAL DE);5.9.-Otros contra el patrimonio;2019;99
NAVARRA (COMUNIDAD FORAL DE);5.9.-Otros contra el patrimonio;2018;106
NAVARRA (COMUNIDAD FORAL DE);6. SEGURIDAD COLECTIVA;2024;1.531
NAVARRA (COMUNIDAD FORAL DE);6. SEGURIDAD COLECTIVA;2023;1.333
NAVARRA (COMUNIDAD FORAL DE);6. SEGURIDAD COLECTIVA;2022;1.527
NAVARRA (COMUNIDAD FORAL DE);6. SEGURIDAD COLECTIVA;2021;1.222
NAVARRA (COMUNIDAD FORAL DE);6. SEGURIDAD COLECTIVA;2020;1.102
NAVARRA (COMUNIDAD FORAL DE);6. SEGURIDAD COLECTIVA;2019;1.330
NAVARRA (COMUNIDAD FORAL DE);6. SEGURIDAD COLECTIVA;2018;1.277
NAVARRA (COMUNIDAD FORAL DE);6.1.-Tráfico de drogas;2024;227
NAVARRA (COMUNIDAD FORAL DE);6.1.-Tráfico de drogas;2023;170
NAVARRA (COMUNIDAD FORAL DE);6.1.-Tráfico de drogas;2022;196
NAVARRA (COMUNIDAD FORAL DE);6.1.-Tráfico de drogas;2021;219
NAVARRA (COMUNIDAD FORAL DE);6.1.-Tráfico de drogas;2020;234
NAVARRA (COMUNIDAD FORAL DE);6.1.-Tráfico de drogas;2019;194
NAVARRA (COMUNIDAD FORAL DE);6.1.-Tráfico de drogas;2018;175
NAVARRA (COMUNIDAD FORAL DE);6.2.-Contra la seguridad vial;2024;1.269
NAVARRA (COMUNIDAD FORAL DE);6.2.-Contra la seguridad vial;2023;1.122
NAVARRA (COMUNIDAD FORAL DE);6.2.-Contra la seguridad vial;2022;1.301
NAVARRA (COMUNIDAD FORAL DE);6.2.-Contra la seguridad vial;2021;986
NAVARRA (COMUNIDAD FORAL DE);6.2.-Contra la seguridad vial;2020;839
NAVARRA (COMUNIDAD FORAL DE);6.2.-Contra la seguridad vial;2019;1.099
NAVARRA (COMUNIDAD FORAL DE);6.2.-Contra la seguridad vial;2018;1.063
NAVARRA (COMUNIDAD FORAL DE);6.3.-Otros contra la seguridad colectiva;2024;35
NAVARRA (COMUNIDAD FORAL DE);6.3.-Otros contra la seguridad colectiva;2023;41
NAVARRA (COMUNIDAD FORAL DE);6.3.-Otros contra la seguridad colectiva;2022;30
NAVARRA (COMUNIDAD FORAL DE);6.3.-Otros contra la seguridad colectiva;2021;17
NAVARRA (COMUNIDAD FORAL DE);6.3.-Otros contra la seguridad colectiva;2020;29
NAVARRA (COMUNIDAD FORAL DE);6.3.-Otros contra la seguridad colectiva;2019;37
NAVARRA (COMUNIDAD FORAL DE);6.3.-Otros contra la seguridad colectiva;2018;39
NAVARRA (COMUNIDAD FORAL DE);7. FALSEDADES;2024;88
NAVARRA (COMUNIDAD FORAL DE);7. FALSEDADES;2023;84
NAVARRA (COMUNIDAD FORAL DE);7. FALSEDADES;2022;77
NAVARRA (COMUNIDAD FORAL DE);7. FALSEDADES;2021;135
NAVARRA (COMUNIDAD FORAL DE);7. FALSEDADES;2020;94
NAVARRA (COMUNIDAD FORAL DE);7. FALSEDADES;2019;88
NAVARRA (COMUNIDAD FORAL DE);7. FALSEDADES;2018;68
NAVARRA (COMUNIDAD FORAL DE);8. ADMÓN. PÚBLICA;2024;2
NAVARRA (COMUNIDAD FORAL DE);8. ADMÓN. PÚBLICA;2023;2
NAVARRA (COMUNIDAD FORAL DE);8. ADMÓN. PÚBLICA;2022;4
NAVARRA (COMUNIDAD FORAL DE);8. ADMÓN. PÚBLICA;2021;2
NAVARRA (COMUNIDAD FORAL DE);8. ADMÓN. PÚBLICA;2020;1
NAVARRA (COMUNIDAD FORAL DE);8. ADMÓN. PÚBLICA;2019;4
NAVARRA (COMUNIDAD FORAL DE);8. ADMÓN. PÚBLICA;2018;2
NAVARRA (COMUNIDAD FORAL DE);9. ADMÓN. JUSTICIA;2024;366
NAVARRA (COMUNIDAD FORAL DE);9. ADMÓN. JUSTICIA;2023;292
NAVARRA (COMUNIDAD FORAL DE);9. ADMÓN. JUSTICIA;2022;265
NAVARRA (COMUNIDAD FORAL DE);9. ADMÓN. JUSTICIA;2021;196
NAVARRA (COMUNIDAD FORAL DE);9. ADMÓN. JUSTICIA;2020;205
NAVARRA (COMUNIDAD FORAL DE);9. ADMÓN. JUSTICIA;2019;203
NAVARRA (COMUNIDAD FORAL DE);9. ADMÓN. JUSTICIA;2018;214
NAVARRA (COMUNIDAD FORAL DE);10. ORDEN PÚBLICO;2024;504
NAVARRA (COMUNIDAD FORAL DE);10. ORDEN PÚBLICO;2023;370
NAVARRA (COMUNIDAD FORAL DE);10. ORDEN PÚBLICO;2022;403
NAVARRA (COMUNIDAD FORAL DE);10. ORDEN PÚBLICO;2021;362
NAVARRA (COMUNIDAD FORAL DE);10. ORDEN PÚBLICO;2020;343
NAVARRA (COMUNIDAD FORAL DE);10. ORDEN PÚBLICO;2019;310
NAVARRA (COMUNIDAD FORAL DE);10. ORDEN PÚBLICO;2018;242
NAVARRA (COMUNIDAD FORAL DE);11. LEGISLACIÓN ESPECIAL;2024;2
NAVARRA (COMUNIDAD FORAL DE);11. LEGISLACIÓN ESPECIAL;2023;0
NAVARRA (COMUNIDAD FORAL DE);11. LEGISLACIÓN ESPECIAL;2022;11
NAVARRA (COMUNIDAD FORAL DE);11. LEGISLACIÓN ESPECIAL;2021;0
NAVARRA (COMUNIDAD FORAL DE);11. LEGISLACIÓN ESPECIAL;2020;0
NAVARRA (COMUNIDAD FORAL DE);11. LEGISLACIÓN ESPECIAL;2019;0
NAVARRA (COMUNIDAD FORAL DE);11. LEGISLACIÓN ESPECIAL;2018;11
NAVARRA (COMUNIDAD FORAL DE);12. OTRAS INFRACCIONES PENALES;2024;46
NAVARRA (COMUNIDAD FORAL DE);12. OTRAS INFRACCIONES PENALES;2023;67
NAVARRA (COMUNIDAD FORAL DE);12. OTRAS INFRACCIONES PENALES;2022;52
NAVARRA (COMUNIDAD FORAL DE);12. OTRAS INFRACCIONES PENALES;2021;77
NAVARRA (COMUNIDAD FORAL DE);12. OTRAS INFRACCIONES PENALES;2020;68
NAVARRA (COMUNIDAD FORAL DE);12. OTRAS INFRACCIONES PENALES;2019;38
NAVARRA (COMUNIDAD FORAL DE);12. OTRAS INFRACCIONES PENALES;2018;47
NAVARRA (COMUNIDAD FORAL DE);TOTAL INFRACCIONES PENALES;2024;6.067
NAVARRA (COMUNIDAD FORAL DE);TOTAL INFRACCIONES PENALES;2023;5.474
NAVARRA (COMUNIDAD FORAL DE);TOTAL INFRACCIONES PENALES;2022;5.354
NAVARRA (COMUNIDAD FORAL DE);TOTAL INFRACCIONES PENALES;2021;4.591
NAVARRA (COMUNIDAD FORAL DE);TOTAL INFRACCIONES PENALES;2020;3.954
NAVARRA (COMUNIDAD FORAL DE);TOTAL INFRACCIONES PENALES;2019;4.500
NAVARRA (COMUNIDAD FORAL DE);TOTAL INFRACCIONES PENALES;2018;4.336
PAÍS VASCO;1. CONTRA LAS PERSONAS;2024;1.605
PAÍS VASCO;1. CONTRA LAS PERSONAS;2023;1.411
PAÍS VASCO;1. CONTRA LAS PERSONAS;2022;1.204
PAÍS VASCO;1. CONTRA LAS PERSONAS;2021;872
PAÍS VASCO;1. CONTRA LAS PERSONAS;2020;702
PAÍS VASCO;1. CONTRA LAS PERSONAS;2019;660
PAÍS VASCO;1. CONTRA LAS PERSONAS;2018;505
PAÍS VASCO;1.1.-Homicidios dolosos/asesinatos;2024;67
PAÍS VASCO;1.1.-Homicidios dolosos/asesinatos;2023;51
PAÍS VASCO;1.1.-Homicidios dolosos/asesinatos;2022;64
PAÍS VASCO;1.1.-Homicidios dolosos/asesinatos;2021;73
PAÍS VASCO;1.1.-Homicidios dolosos/asesinatos;2020;44
PAÍS VASCO;1.1.-Homicidios dolosos/asesinatos;2019;34
PAÍS VASCO;1.1.-Homicidios dolosos/asesinatos;2018;40
PAÍS VASCO;1.1.1.-Homicidios dolosos/asesinatos consumados;2024;14
PAÍS VASCO;1.1.1.-Homicidios dolosos/asesinatos consumados;2023;13
PAÍS VASCO;1.1.1.-Homicidios dolosos/asesinatos consumados;2022;12
PAÍS VASCO;1.1.1.-Homicidios dolosos/asesinatos consumados;2021;16
PAÍS VASCO;1.1.1.-Homicidios dolosos/asesinatos consumados;2020;14
PAÍS VASCO;1.1.1.-Homicidios dolosos/asesinatos consumados;2019;15
PAÍS VASCO;1.1.1.-Homicidios dolosos/asesinatos consumados;2018;9
PAÍS VASCO;1.2.-Lesiones;2024;552
PAÍS VASCO;1.2.-Lesiones;2023;521
PAÍS VASCO;1.2.-Lesiones;2022;466
PAÍS VASCO;1.2.-Lesiones;2021;356
PAÍS VASCO;1.2.-Lesiones;2020;248
PAÍS VASCO;1.2.-Lesiones;2019;292
PAÍS VASCO;1.2.-Lesiones;2018;241
PAÍS VASCO;1.3.-Malos tratos ámbito familiar;2024;952
PAÍS VASCO;1.3.-Malos tratos ámbito familiar;2023;828
PAÍS VASCO;1.3.-Malos tratos ámbito familiar;2022;655
PAÍS VASCO;1.3.-Malos tratos ámbito familiar;2021;438
PAÍS VASCO;1.3.-Malos tratos ámbito familiar;2020;401
PAÍS VASCO;1.3.-Malos tratos ámbito familiar;2019;329
PAÍS VASCO;1.3.-Malos tratos ámbito familiar;2018;212
PAÍS VASCO;1.4.-Otros contra las personas;2024;34
PAÍS VASCO;1.4.-Otros contra las personas;2023;11
PAÍS VASCO;1.4.-Otros contra las personas;2022;19
PAÍS VASCO;1.4.-Otros contra las personas;2021;5
PAÍS VASCO;1.4.-Otros contra las personas;2020;9
PAÍS VASCO;1.4.-Otros contra las personas;2019;5
PAÍS VASCO;1.4.-Otros contra las personas;2018;12
PAÍS VASCO;2. CONTRA LA LIBERTAD;2024;1.079
PAÍS VASCO;2. CONTRA LA LIBERTAD;2023;1.091
PAÍS VASCO;2. CONTRA LA LIBERTAD;2022;916
PAÍS VASCO;2. CONTRA LA LIBERTAD;2021;810
PAÍS VASCO;2. CONTRA LA LIBERTAD;2020;880
PAÍS VASCO;2. CONTRA LA LIBERTAD;2019;818
PAÍS VASCO;2. CONTRA LA LIBERTAD;2018;752
PAÍS VASCO;2.1.-Malos tratos habituales en el ámbito familiar;2024;720
PAÍS VASCO;2.1.-Malos tratos habituales en el ámbito familiar;2023;728
PAÍS VASCO;2.1.-Malos tratos habituales en el ámbito familiar;2022;663
PAÍS VASCO;2.1.-Malos tratos habituales en el ámbito familiar;2021;576
PAÍS VASCO;2.1.-Malos tratos habituales en el ámbito familiar;2020;701
PAÍS VASCO;2.1.-Malos tratos habituales en el ámbito familiar;2019;656
PAÍS VASCO;2.1.-Malos tratos habituales en el ámbito familiar;2018;624
PAÍS VASCO;2.2.-Otros contra la libertad;2024;359
PAÍS VASCO;2.2.-Otros contra la libertad;2023;363
PAÍS VASCO;2.2.-Otros contra la libertad;2022;253
PAÍS VASCO;2.2.-Otros contra la libertad;2021;234
PAÍS VASCO;2.2.-Otros contra la libertad;2020;179
PAÍS VASCO;2.2.-Otros contra la libertad;2019;162
PAÍS VASCO;2.2.-Otros contra la libertad;2018;128
PAÍS VASCO;3. LIBERTAD SEXUAL;2024;281
PAÍS VASCO;3. LIBERTAD SEXUAL;2023;234
PAÍS VASCO;3. LIBERTAD SEXUAL;2022;194
PAÍS VASCO;3. LIBERTAD SEXUAL;2021;184
PAÍS VASCO;3. LIBERTAD SEXUAL;2020;164
PAÍS VASCO;3. LIBERTAD SEXUAL;2019;204
PAÍS VASCO;3. LIBERTAD SEXUAL;2018;165
PAÍS VASCO;3.1.-Agresión sexual;2024;155
PAÍS VASCO;3.1.-Agresión sexual;2023;128
PAÍS VASCO;3.1.-Agresión sexual;2022;91
PAÍS VASCO;3.1.-Agresión sexual;2021;79
PAÍS VASCO;3.1.-Agresión sexual;2020;71
PAÍS VASCO;3.1.-Agresión sexual;2019;86
PAÍS VASCO;3.1.-Agresión sexual;2018;82
PAÍS VASCO;3.2.-Agresión sexual con penetración;2024;81
PAÍS VASCO;3.2.-Agresión sexual con penetración;2023;62
PAÍS VASCO;3.2.-Agresión sexual con penetración;2022;61
PAÍS VASCO;3.2.-Agresión sexual con penetración;2021;59
PAÍS VASCO;3.2.-Agresión sexual con penetración;2020;48
PAÍS VASCO;3.2.-Agresión sexual con penetración;2019;70
PAÍS VASCO;3.2.-Agresión sexual con penetración;2018;41
PAÍS VASCO;3.3.-Corrupción de menores o incapacitados;2024;3
PAÍS VASCO;3.3.-Corrupción de menores o incapacitados;2023;3
PAÍS VASCO;3.3.-Corrupción de menores o incapacitados;2022;7
PAÍS VASCO;3.3.-Corrupción de menores o incapacitados;2021;4
PAÍS VASCO;3.3.-Corrupción de menores o incapacitados;2020;4
PAÍS VASCO;3.3.-Corrupción de menores o incapacitados;2019;2
PAÍS VASCO;3.3.-Corrupción de menores o incapacitados;2018;5
PAÍS VASCO;3.4.-Pornografía de menores;2024;18
PAÍS VASCO;3.4.-Pornografía de menores;2023;20
PAÍS VASCO;3.4.-Pornografía de menores;2022;13
PAÍS VASCO;3.4.-Pornografía de menores;2021;22
PAÍS VASCO;3.4.-Pornografía de menores;2020;16
PAÍS VASCO;3.4.-Pornografía de menores;2019;23
PAÍS VASCO;3.4.-Pornografía de menores;2018;27
PAÍS VASCO;3.5.-Otros contra la libertad sexual;2024;24
PAÍS VASCO;3.5.-Otros contra la libertad sexual;2023;21
PAÍS VASCO;3.5.-Otros contra la libertad sexual;2022;22
PAÍS VASCO;3.5.-Otros contra la libertad sexual;2021;20
PAÍS VASCO;3.5.-Otros contra la libertad sexual;2020;25
PAÍS VASCO;3.5.-Otros contra la libertad sexual;2019;23
PAÍS VASCO;3.5.-Otros contra la libertad sexual;2018;10
PAÍS VASCO;4. RELACIONES FAMILIARES;2024;6
PAÍS VASCO;4. RELACIONES FAMILIARES;2023;7
PAÍS VASCO;4. RELACIONES FAMILIARES;2022;3
PAÍS VASCO;4. RELACIONES FAMILIARES;2021;1
PAÍS VASCO;4. RELACIONES FAMILIARES;2020;1
PAÍS VASCO;4. RELACIONES FAMILIARES;2019;6
PAÍS VASCO;4. RELACIONES FAMILIARES;2018;1
PAÍS VASCO;5. PATRIMONIO;2024;2.128
PAÍS VASCO;5. PATRIMONIO;2023;2.163
PAÍS VASCO;5. PATRIMONIO;2022;2.327
PAÍS VASCO;5. PATRIMONIO;2021;1.748
PAÍS VASCO;5. PATRIMONIO;2020;1.441
PAÍS VASCO;5. PATRIMONIO;2019;1.539
PAÍS VASCO;5. PATRIMONIO;2018;1.449
PAÍS VASCO;5.1.-Hurtos;2024;454
PAÍS VASCO;5.1.-Hurtos;2023;494
PAÍS VASCO;5.1.-Hurtos;2022;519
PAÍS VASCO;5.1.-Hurtos;2021;294
PAÍS VASCO;5.1.-Hurtos;2020;240
PAÍS VASCO;5.1.-Hurtos;2019;330
PAÍS VASCO;5.1.-Hurtos;2018;274
PAÍS VASCO;5.2.-Robos con fuerza en las cosas;2024;618
PAÍS VASCO;5.2.-Robos con fuerza en las cosas;2023;628
PAÍS VASCO;5.2.-Robos con fuerza en las cosas;2022;747
PAÍS VASCO;5.2.-Robos con fuerza en las cosas;2021;731
PAÍS VASCO;5.2.-Robos con fuerza en las cosas;2020;594
PAÍS VASCO;5.2.-Robos con fuerza en las cosas;2019;590
PAÍS VASCO;5.2.-Robos con fuerza en las cosas;2018;528
PAÍS VASCO;5.2.1.-Robos con fuerza en las cosas en el interior de vehículos;2024;1
PAÍS VASCO;5.2.1.-Robos con fuerza en las cosas en el interior de vehículos;2023;1
PAÍS VASCO;5.2.1.-Robos con fuerza en las cosas en el interior de vehículos;2022;0
PAÍS VASCO;5.2.1.-Robos con fuerza en las cosas en el interior de vehículos;2021;0
PAÍS VASCO;5.2.1.-Robos con fuerza en las cosas en el interior de vehículos;2020;3
PAÍS VASCO;5.2.1.-Robos con fuerza en las cosas en el interior de vehículos;2019;0
PAÍS VASCO;5.2.1.-Robos con fuerza en las cosas en el interior de vehículos;2018;1
PAÍS VASCO;5.2.2.-Robos con fuerza en viviendas;2024;174
PAÍS VASCO;5.2.2.-Robos con fuerza en viviendas;2023;153
PAÍS VASCO;5.2.2.-Robos con fuerza en viviendas;2022;151
PAÍS VASCO;5.2.2.-Robos con fuerza en viviendas;2021;171
PAÍS VASCO;5.2.2.-Robos con fuerza en viviendas;2020;123
PAÍS VASCO;5.2.2.-Robos con fuerza en viviendas;2019;145
PAÍS VASCO;5.2.2.-Robos con fuerza en viviendas;2018;151
PAÍS VASCO;5.2.3.-Robos con fuerza en establecimientos;2024;150
PAÍS VASCO;5.2.3.-Robos con fuerza en establecimientos;2023;194
PAÍS VASCO;5.2.3.-Robos con fuerza en establecimientos;2022;271
PAÍS VASCO;5.2.3.-Robos con fuerza en establecimientos;2021;286
PAÍS VASCO;5.2.3.-Robos con fuerza en establecimientos;2020;225
PAÍS VASCO;5.2.3.-Robos con fuerza en establecimientos;2019;241
PAÍS VASCO;5.2.3.-Robos con fuerza en establecimientos;2018;183
PAÍS VASCO;5.3.-Robos con violencia o intimidación;2024;563
PAÍS VASCO;5.3.-Robos con violencia o intimidación;2023;540
PAÍS VASCO;5.3.-Robos con violencia o intimidación;2022;563
PAÍS VASCO;5.3.-Robos con violencia o intimidación;2021;388
PAÍS VASCO;5.3.-Robos con violencia o intimidación;2020;275
PAÍS VASCO;5.3.-Robos con violencia o intimidación;2019;371
PAÍS VASCO;5.3.-Robos con violencia o intimidación;2018;381
PAÍS VASCO;5.3.1.-Robos con violencia en vía pública;2024;378
PAÍS VASCO;5.3.1.-Robos con violencia en vía pública;2023;330
PAÍS VASCO;5.3.1.-Robos con violencia en vía pública;2022;393
PAÍS VASCO;5.3.1.-Robos con violencia en vía pública;2021;263
PAÍS VASCO;5.3.1.-Robos con violencia en vía pública;2020;167
PAÍS VASCO;5.3.1.-Robos con violencia en vía pública;2019;201
PAÍS VASCO;5.3.1.-Robos con violencia en vía pública;2018;205
PAÍS VASCO;5.3.2.-Robos con violencia en viviendas;2024;17
PAÍS VASCO;5.3.2.-Robos con violencia en viviendas;2023;29
PAÍS VASCO;5.3.2.-Robos con violencia en viviendas;2022;17
PAÍS VASCO;5.3.2.-Robos con violencia en viviendas;2021;13
PAÍS VASCO;5.3.2.-Robos con violencia en viviendas;2020;24
PAÍS VASCO;5.3.2.-Robos con violencia en viviendas;2019;24
PAÍS VASCO;5.3.2.-Robos con violencia en viviendas;2018;30
PAÍS VASCO;5.3.3.-Robos con violencia en establecimientos;2024;132
PAÍS VASCO;5.3.3.-Robos con violencia en establecimientos;2023;119
PAÍS VASCO;5.3.3.-Robos con violencia en establecimientos;2022;108
PAÍS VASCO;5.3.3.-Robos con violencia en establecimientos;2021;91
PAÍS VASCO;5.3.3.-Robos con violencia en establecimientos;2020;50
PAÍS VASCO;5.3.3.-Robos con violencia en establecimientos;2019;121
PAÍS VASCO;5.3.3.-Robos con violencia en establecimientos;2018;117
PAÍS VASCO;5.4.-Sustracción de vehículos;2024;29
PAÍS VASCO;5.4.-Sustracción de vehículos;2023;30
PAÍS VASCO;5.4.-Sustracción de vehículos;2022;44
PAÍS VASCO;5.4.-Sustracción de vehículos;2021;44
PAÍS VASCO;5.4.-Sustracción de vehículos;2020;34
PAÍS VASCO;5.4.-Sustracción de vehículos;2019;44
PAÍS VASCO;5.4.-Sustracción de vehículos;2018;46
PAÍS VASCO;5.5.-Estafas;2024;255
PAÍS VASCO;5.5.-Estafas;2023;212
PAÍS VASCO;5.5.-Estafas;2022;224
PAÍS VASCO;5.5.-Estafas;2021;164
PAÍS VASCO;5.5.-Estafas;2020;194
PAÍS VASCO;5.5.-Estafas;2019;110
PAÍS VASCO;5.5.-Estafas;2018;126
PAÍS VASCO;5.5.1.-Estafas informáticas;2024;3.595
PAÍS VASCO;5.5.1.-Estafas informáticas;2023;2.435
PAÍS VASCO;5.5.1.-Estafas informáticas;2022;2.460
PAÍS VASCO;5.5.1.-Estafas informáticas;2021;2.743
PAÍS VASCO;5.5.1.-Estafas informáticas;2020;1.944
PAÍS VASCO;5.5.1.-Estafas informáticas;2019;1.192
PAÍS VASCO;5.5.1.-Estafas informáticas;2018;966
PAÍS VASCO;5.6.-Daños;2024;83
PAÍS VASCO;5.6.-Daños;2023;82
PAÍS VASCO;5.6.-Daños;2022;96
PAÍS VASCO;5.6.-Daños;2021;83
PAÍS VASCO;5.6.-Daños;2020;53
PAÍS VASCO;5.6.-Daños;2019;48
PAÍS VASCO;5.6.-Daños;2018;57
PAÍS VASCO;5.7.-Contra la propiedad intelectual/industrial;2024;49
PAÍS VASCO;5.7.-Contra la propiedad intelectual/industrial;2023;102
PAÍS VASCO;5.7.-Contra la propiedad intelectual/industrial;2022;75
PAÍS VASCO;5.7.-Contra la propiedad intelectual/industrial;2021;7
PAÍS VASCO;5.7.-Contra la propiedad intelectual/industrial;2020;1
PAÍS VASCO;5.7.-Contra la propiedad intelectual/industrial;2019;8
PAÍS VASCO;5.7.-Contra la propiedad intelectual/industrial;2018;8
PAÍS VASCO;5.8.-Blanqueo de capitales;2024;0
PAÍS VASCO;5.8.-Blanqueo de capitales;2023;21
PAÍS VASCO;5.8.-Blanqueo de capitales;2022;16
PAÍS VASCO;5.8.-Blanqueo de capitales;2021;0
PAÍS VASCO;5.8.-Blanqueo de capitales;2020;9
PAÍS VASCO;5.8.-Blanqueo de capitales;2019;1
PAÍS VASCO;5.8.-Blanqueo de capitales;2018;15
PAÍS VASCO;5.9.-Otros contra el patrimonio;2024;77
PAÍS VASCO;5.9.-Otros contra el patrimonio;2023;54
PAÍS VASCO;5.9.-Otros contra el patrimonio;2022;43
PAÍS VASCO;5.9.-Otros contra el patrimonio;2021;37
PAÍS VASCO;5.9.-Otros contra el patrimonio;2020;41
PAÍS VASCO;5.9.-Otros contra el patrimonio;2019;37
PAÍS VASCO;5.9.-Otros contra el patrimonio;2018;14
PAÍS VASCO;6. SEGURIDAD COLECTIVA;2024;597
PAÍS VASCO;6. SEGURIDAD COLECTIVA;2023;538
PAÍS VASCO;6. SEGURIDAD COLECTIVA;2022;614
PAÍS VASCO;6. SEGURIDAD COLECTIVA;2021;503
PAÍS VASCO;6. SEGURIDAD COLECTIVA;2020;490
PAÍS VASCO;6. SEGURIDAD COLECTIVA;2019;473
PAÍS VASCO;6. SEGURIDAD COLECTIVA;2018;518
PAÍS VASCO;6.1.-Tráfico de drogas;2024;416
PAÍS VASCO;6.1.-Tráfico de drogas;2023;378
PAÍS VASCO;6.1.-Tráfico de drogas;2022;411
PAÍS VASCO;6.1.-Tráfico de drogas;2021;356
PAÍS VASCO;6.1.-Tráfico de drogas;2020;338
PAÍS VASCO;6.1.-Tráfico de drogas;2019;267
PAÍS VASCO;6.1.-Tráfico de drogas;2018;292
PAÍS VASCO;6.2.-Contra la seguridad vial;2024;142
PAÍS VASCO;6.2.-Contra la seguridad vial;2023;134
PAÍS VASCO;6.2.-Contra la seguridad vial;2022;168
PAÍS VASCO;6.2.-Contra la seguridad vial;2021;126
PAÍS VASCO;6.2.-Contra la seguridad vial;2020;141
PAÍS VASCO;6.2.-Contra la seguridad vial;2019;197
PAÍS VASCO;6.2.-Contra la seguridad vial;2018;216
PAÍS VASCO;6.3.-Otros contra la seguridad colectiva;2024;39
PAÍS VASCO;6.3.-Otros contra la seguridad colectiva;2023;26
PAÍS VASCO;6.3.-Otros contra la seguridad colectiva;2022;35
PAÍS VASCO;6.3.-Otros contra la seguridad colectiva;2021;21
PAÍS VASCO;6.3.-Otros contra la seguridad colectiva;2020;11
PAÍS VASCO;6.3.-Otros contra la seguridad colectiva;2019;9
PAÍS VASCO;6.3.-Otros contra la seguridad colectiva;2018;10
PAÍS VASCO;7. FALSEDADES;2024;148
PAÍS VASCO;7. FALSEDADES;2023;130
PAÍS VASCO;7. FALSEDADES;2022;188
PAÍS VASCO;7. FALSEDADES;2021;226
PAÍS VASCO;7. FALSEDADES;2020;158
PAÍS VASCO;7. FALSEDADES;2019;244
PAÍS VASCO;7. FALSEDADES;2018;212
PAÍS VASCO;8. ADMÓN. PÚBLICA;2024;9
PAÍS VASCO;8. ADMÓN. PÚBLICA;2023;5
PAÍS VASCO;8. ADMÓN. PÚBLICA;2022;7
PAÍS VASCO;8. ADMÓN. PÚBLICA;2021;5
PAÍS VASCO;8. ADMÓN. PÚBLICA;2020;1
PAÍS VASCO;8. ADMÓN. PÚBLICA;2019;3
PAÍS VASCO;8. ADMÓN. PÚBLICA;2018;7
PAÍS VASCO;9. ADMÓN. JUSTICIA;2024;753
PAÍS VASCO;9. ADMÓN. JUSTICIA;2023;660
PAÍS VASCO;9. ADMÓN. JUSTICIA;2022;574
PAÍS VASCO;9. ADMÓN. JUSTICIA;2021;432
PAÍS VASCO;9. ADMÓN. JUSTICIA;2020;338
PAÍS VASCO;9. ADMÓN. JUSTICIA;2019;410
PAÍS VASCO;9. ADMÓN. JUSTICIA;2018;356
PAÍS VASCO;10. ORDEN PÚBLICO;2024;872
PAÍS VASCO;10. ORDEN PÚBLICO;2023;982
PAÍS VASCO;10. ORDEN PÚBLICO;2022;1.087
PAÍS VASCO;10. ORDEN PÚBLICO;2021;1.112
PAÍS VASCO;10. ORDEN PÚBLICO;2020;1.176
PAÍS VASCO;10. ORDEN PÚBLICO;2019;713
PAÍS VASCO;10. ORDEN PÚBLICO;2018;649
PAÍS VASCO;11. LEGISLACIÓN ESPECIAL;2024;4
PAÍS VASCO;11. LEGISLACIÓN ESPECIAL;2023;6
PAÍS VASCO;11. LEGISLACIÓN ESPECIAL;2022;2
PAÍS VASCO;11. LEGISLACIÓN ESPECIAL;2021;0
PAÍS VASCO;11. LEGISLACIÓN ESPECIAL;2020;5
PAÍS VASCO;11. LEGISLACIÓN ESPECIAL;2019;0
PAÍS VASCO;11. LEGISLACIÓN ESPECIAL;2018;0
PAÍS VASCO;12. OTRAS INFRACCIONES PENALES;2024;83
PAÍS VASCO;12. OTRAS INFRACCIONES PENALES;2023;61
PAÍS VASCO;12. OTRAS INFRACCIONES PENALES;2022;148
PAÍS VASCO;12. OTRAS INFRACCIONES PENALES;2021;80
PAÍS VASCO;12. OTRAS INFRACCIONES PENALES;2020;40
PAÍS VASCO;12. OTRAS INFRACCIONES PENALES;2019;58
PAÍS VASCO;12. OTRAS INFRACCIONES PENALES;2018;51
PAÍS VASCO;TOTAL INFRACCIONES PENALES;2024;7.565
PAÍS VASCO;TOTAL INFRACCIONES PENALES;2023;7.288
PAÍS VASCO;TOTAL INFRACCIONES PENALES;2022;7.264
PAÍS VASCO;TOTAL INFRACCIONES PENALES;2021;5.973
PAÍS VASCO;TOTAL INFRACCIONES PENALES;2020;5.396
PAÍS VASCO;TOTAL INFRACCIONES PENALES;2019;5.128
PAÍS VASCO;TOTAL INFRACCIONES PENALES;2018;4.665
RIOJA (LA);1. CONTRA LAS PERSONAS;2024;1.048
RIOJA (LA);1. CONTRA LAS PERSONAS;2023;1.156
RIOJA (LA);1. CONTRA LAS PERSONAS;2022;1.041
RIOJA (LA);1. CONTRA LAS PERSONAS;2021;921
RIOJA (LA);1. CONTRA LAS PERSONAS;2020;797
RIOJA (LA);1. CONTRA LAS PERSONAS;2019;856
RIOJA (LA);1. CONTRA LAS PERSONAS;2018;880
RIOJA (LA);1.1.-Homicidios dolosos/asesinatos;2024;13
RIOJA (LA);1.1.-Homicidios dolosos/asesinatos;2023;13
RIOJA (LA);1.1.-Homicidios dolosos/asesinatos;2022;9
RIOJA (LA);1.1.-Homicidios dolosos/asesinatos;2021;16
RIOJA (LA);1.1.-Homicidios dolosos/asesinatos;2020;4
RIOJA (LA);1.1.-Homicidios dolosos/asesinatos;2019;15
RIOJA (LA);1.1.-Homicidios dolosos/asesinatos;2018;2
RIOJA (LA);1.1.1.-Homicidios dolosos/asesinatos consumados;2024;7
RIOJA (LA);1.1.1.-Homicidios dolosos/asesinatos consumados;2023;5
RIOJA (LA);1.1.1.-Homicidios dolosos/asesinatos consumados;2022;2
RIOJA (LA);1.1.1.-Homicidios dolosos/asesinatos consumados;2021;10
RIOJA (LA);1.1.1.-Homicidios dolosos/asesinatos consumados;2020;3
RIOJA (LA);1.1.1.-Homicidios dolosos/asesinatos consumados;2019;7
RIOJA (LA);1.1.1.-Homicidios dolosos/asesinatos consumados;2018;0
RIOJA (LA);1.2.-Lesiones;2024;455
RIOJA (LA);1.2.-Lesiones;2023;459
RIOJA (LA);1.2.-Lesiones;2022;505
RIOJA (LA);1.2.-Lesiones;2021;449
RIOJA (LA);1.2.-Lesiones;2020;374
RIOJA (LA);1.2.-Lesiones;2019;390
RIOJA (LA);1.2.-Lesiones;2018;416
RIOJA (LA);1.3.-Malos tratos ámbito familiar;2024;559
RIOJA (LA);1.3.-Malos tratos ámbito familiar;2023;647
RIOJA (LA);1.3.-Malos tratos ámbito familiar;2022;507
RIOJA (LA);1.3.-Malos tratos ámbito familiar;2021;448
RIOJA (LA);1.3.-Malos tratos ámbito familiar;2020;398
RIOJA (LA);1.3.-Malos tratos ámbito familiar;2019;440
RIOJA (LA);1.3.-Malos tratos ámbito familiar;2018;454
RIOJA (LA);1.4.-Otros contra las personas;2024;21
RIOJA (LA);1.4.-Otros contra las personas;2023;37
RIOJA (LA);1.4.-Otros contra las personas;2022;20
RIOJA (LA);1.4.-Otros contra las personas;2021;8
RIOJA (LA);1.4.-Otros contra las personas;2020;21
RIOJA (LA);1.4.-Otros contra las personas;2019;11
RIOJA (LA);1.4.-Otros contra las personas;2018;8
RIOJA (LA);2. CONTRA LA LIBERTAD;2024;359
RIOJA (LA);2. CONTRA LA LIBERTAD;2023;366
RIOJA (LA);2. CONTRA LA LIBERTAD;2022;417
RIOJA (LA);2. CONTRA LA LIBERTAD;2021;410
RIOJA (LA);2. CONTRA LA LIBERTAD;2020;292
RIOJA (LA);2. CONTRA LA LIBERTAD;2019;322
RIOJA (LA);2. CONTRA LA LIBERTAD;2018;332
RIOJA (LA);2.1.-Malos tratos habituales en el ámbito familiar;2024;77
RIOJA (LA);2.1.-Malos tratos habituales en el ámbito familiar;2023;79
RIOJA (LA);2.1.-Malos tratos habituales en el ámbito familiar;2022;90
RIOJA (LA);2.1.-Malos tratos habituales en el ámbito familiar;2021;90
RIOJA (LA);2.1.-Malos tratos habituales en el ámbito familiar;2020;67
RIOJA (LA);2.1.-Malos tratos habituales en el ámbito familiar;2019;58
RIOJA (LA);2.1.-Malos tratos habituales en el ámbito familiar;2018;50
RIOJA (LA);2.2.-Otros contra la libertad;2024;282
RIOJA (LA);2.2.-Otros contra la libertad;2023;287
RIOJA (LA);2.2.-Otros contra la libertad;2022;327
RIOJA (LA);2.2.-Otros contra la libertad;2021;320
RIOJA (LA);2.2.-Otros contra la libertad;2020;225
RIOJA (LA);2.2.-Otros contra la libertad;2019;264
RIOJA (LA);2.2.-Otros contra la libertad;2018;282
RIOJA (LA);3. LIBERTAD SEXUAL;2024;90
RIOJA (LA);3. LIBERTAD SEXUAL;2023;107
RIOJA (LA);3. LIBERTAD SEXUAL;2022;80
RIOJA (LA);3. LIBERTAD SEXUAL;2021;78
RIOJA (LA);3. LIBERTAD SEXUAL;2020;90
RIOJA (LA);3. LIBERTAD SEXUAL;2019;63
RIOJA (LA);3. LIBERTAD SEXUAL;2018;51
RIOJA (LA);3.1.-Agresión sexual;2024;70
RIOJA (LA);3.1.-Agresión sexual;2023;65
RIOJA (LA);3.1.-Agresión sexual;2022;57
RIOJA (LA);3.1.-Agresión sexual;2021;53
RIOJA (LA);3.1.-Agresión sexual;2020;41
RIOJA (LA);3.1.-Agresión sexual;2019;48
RIOJA (LA);3.1.-Agresión sexual;2018;28
RIOJA (LA);3.2.-Agresión sexual con penetración;2024;10
RIOJA (LA);3.2.-Agresión sexual con penetración;2023;18
RIOJA (LA);3.2.-Agresión sexual con penetración;2022;15
RIOJA (LA);3.2.-Agresión sexual con penetración;2021;10
RIOJA (LA);3.2.-Agresión sexual con penetración;2020;12
RIOJA (LA);3.2.-Agresión sexual con penetración;2019;12
RIOJA (LA);3.2.-Agresión sexual con penetración;2018;10
RIOJA (LA);3.3.-Corrupción de menores o incapacitados;2024;1
RIOJA (LA);3.3.-Corrupción de menores o incapacitados;2023;3
RIOJA (LA);3.3.-Corrupción de menores o incapacitados;2022;5
RIOJA (LA);3.3.-Corrupción de menores o incapacitados;2021;1
RIOJA (LA);3.3.-Corrupción de menores o incapacitados;2020;3
RIOJA (LA);3.3.-Corrupción de menores o incapacitados;2019;2
RIOJA (LA);3.3.-Corrupción de menores o incapacitados;2018;2
RIOJA (LA);3.4.-Pornografía de menores;2024;1
RIOJA (LA);3.4.-Pornografía de menores;2023;6
RIOJA (LA);3.4.-Pornografía de menores;2022;1
RIOJA (LA);3.4.-Pornografía de menores;2021;4
RIOJA (LA);3.4.-Pornografía de menores;2020;3
RIOJA (LA);3.4.-Pornografía de menores;2019;1
RIOJA (LA);3.4.-Pornografía de menores;2018;8
RIOJA (LA);3.5.-Otros contra la libertad sexual;2024;8
RIOJA (LA);3.5.-Otros contra la libertad sexual;2023;15
RIOJA (LA);3.5.-Otros contra la libertad sexual;2022;2
RIOJA (LA);3.5.-Otros contra la libertad sexual;2021;10
RIOJA (LA);3.5.-Otros contra la libertad sexual;2020;31
RIOJA (LA);3.5.-Otros contra la libertad sexual;2019;0
RIOJA (LA);3.5.-Otros contra la libertad sexual;2018;3
RIOJA (LA);4. RELACIONES FAMILIARES;2024;11
RIOJA (LA);4. RELACIONES FAMILIARES;2023;10
RIOJA (LA);4. RELACIONES FAMILIARES;2022;6
RIOJA (LA);4. RELACIONES FAMILIARES;2021;7
RIOJA (LA);4. RELACIONES FAMILIARES;2020;13
RIOJA (LA);4. RELACIONES FAMILIARES;2019;9
RIOJA (LA);4. RELACIONES FAMILIARES;2018;10
RIOJA (LA);5. PATRIMONIO;2024;1.022
RIOJA (LA);5. PATRIMONIO;2023;1.144
RIOJA (LA);5. PATRIMONIO;2022;1.050
RIOJA (LA);5. PATRIMONIO;2021;802
RIOJA (LA);5. PATRIMONIO;2020;737
RIOJA (LA);5. PATRIMONIO;2019;1.060
RIOJA (LA);5. PATRIMONIO;2018;1.015
RIOJA (LA);5.1.-Hurtos;2024;516
RIOJA (LA);5.1.-Hurtos;2023;595
RIOJA (LA);5.1.-Hurtos;2022;534
RIOJA (LA);5.1.-Hurtos;2021;345
RIOJA (LA);5.1.-Hurtos;2020;347
RIOJA (LA);5.1.-Hurtos;2019;494
RIOJA (LA);5.1.-Hurtos;2018;564
RIOJA (LA);5.2.-Robos con fuerza en las cosas;2024;169
RIOJA (LA);5.2.-Robos con fuerza en las cosas;2023;157
RIOJA (LA);5.2.-Robos con fuerza en las cosas;2022;158
RIOJA (LA);5.2.-Robos con fuerza en las cosas;2021;147
RIOJA (LA);5.2.-Robos con fuerza en las cosas;2020;125
RIOJA (LA);5.2.-Robos con fuerza en las cosas;2019;158
RIOJA (LA);5.2.-Robos con fuerza en las cosas;2018;141
RIOJA (LA);5.2.1.-Robos con fuerza en las cosas en el interior de vehículos;2024;24
RIOJA (LA);5.2.1.-Robos con fuerza en las cosas en el interior de vehículos;2023;16
RIOJA (LA);5.2.1.-Robos con fuerza en las cosas en el interior de vehículos;2022;20
RIOJA (LA);5.2.1.-Robos con fuerza en las cosas en el interior de vehículos;2021;31
RIOJA (LA);5.2.1.-Robos con fuerza en las cosas en el interior de vehículos;2020;17
RIOJA (LA);5.2.1.-Robos con fuerza en las cosas en el interior de vehículos;2019;14
RIOJA (LA);5.2.1.-Robos con fuerza en las cosas en el interior de vehículos;2018;20
RIOJA (LA);5.2.2.-Robos con fuerza en viviendas;2024;66
RIOJA (LA);5.2.2.-Robos con fuerza en viviendas;2023;63
RIOJA (LA);5.2.2.-Robos con fuerza en viviendas;2022;45
RIOJA (LA);5.2.2.-Robos con fuerza en viviendas;2021;57
RIOJA (LA);5.2.2.-Robos con fuerza en viviendas;2020;52
RIOJA (LA);5.2.2.-Robos con fuerza en viviendas;2019;54
RIOJA (LA);5.2.2.-Robos con fuerza en viviendas;2018;45
RIOJA (LA);5.2.3.-Robos con fuerza en establecimientos;2024;34
RIOJA (LA);5.2.3.-Robos con fuerza en establecimientos;2023;32
RIOJA (LA);5.2.3.-Robos con fuerza en establecimientos;2022;34
RIOJA (LA);5.2.3.-Robos con fuerza en establecimientos;2021;30
RIOJA (LA);5.2.3.-Robos con fuerza en establecimientos;2020;30
RIOJA (LA);5.2.3.-Robos con fuerza en establecimientos;2019;30
RIOJA (LA);5.2.3.-Robos con fuerza en establecimientos;2018;32
RIOJA (LA);5.3.-Robos con violencia o intimidación;2024;66
RIOJA (LA);5.3.-Robos con violencia o intimidación;2023;84
RIOJA (LA);5.3.-Robos con violencia o intimidación;2022;73
RIOJA (LA);5.3.-Robos con violencia o intimidación;2021;53
RIOJA (LA);5.3.-Robos con violencia o intimidación;2020;60
RIOJA (LA);5.3.-Robos con violencia o intimidación;2019;46
RIOJA (LA);5.3.-Robos con violencia o intimidación;2018;44
RIOJA (LA);5.3.1.-Robos con violencia en vía pública;2024;34
RIOJA (LA);5.3.1.-Robos con violencia en vía pública;2023;36
RIOJA (LA);5.3.1.-Robos con violencia en vía pública;2022;33
RIOJA (LA);5.3.1.-Robos con violencia en vía pública;2021;33
RIOJA (LA);5.3.1.-Robos con violencia en vía pública;2020;34
RIOJA (LA);5.3.1.-Robos con violencia en vía pública;2019;28
RIOJA (LA);5.3.1.-Robos con violencia en vía pública;2018;21
RIOJA (LA);5.3.2.-Robos con violencia en viviendas;2024;2
RIOJA (LA);5.3.2.-Robos con violencia en viviendas;2023;9
RIOJA (LA);5.3.2.-Robos con violencia en viviendas;2022;10
RIOJA (LA);5.3.2.-Robos con violencia en viviendas;2021;6
RIOJA (LA);5.3.2.-Robos con violencia en viviendas;2020;1
RIOJA (LA);5.3.2.-Robos con violencia en viviendas;2019;1
RIOJA (LA);5.3.2.-Robos con violencia en viviendas;2018;7
RIOJA (LA);5.3.3.-Robos con violencia en establecimientos;2024;22
RIOJA (LA);5.3.3.-Robos con violencia en establecimientos;2023;27
RIOJA (LA);5.3.3.-Robos con violencia en establecimientos;2022;23
RIOJA (LA);5.3.3.-Robos con violencia en establecimientos;2021;13
RIOJA (LA);5.3.3.-Robos con violencia en establecimientos;2020;18
RIOJA (LA);5.3.3.-Robos con violencia en establecimientos;2019;15
RIOJA (LA);5.3.3.-Robos con violencia en establecimientos;2018;8
RIOJA (LA);5.4.-Sustracción de vehículos;2024;15
RIOJA (LA);5.4.-Sustracción de vehículos;2023;20
RIOJA (LA);5.4.-Sustracción de vehículos;2022;26
RIOJA (LA);5.4.-Sustracción de vehículos;2021;18
RIOJA (LA);5.4.-Sustracción de vehículos;2020;8
RIOJA (LA);5.4.-Sustracción de vehículos;2019;22
RIOJA (LA);5.4.-Sustracción de vehículos;2018;18
RIOJA (LA);5.5.-Estafas;2024;79
RIOJA (LA);5.5.-Estafas;2023;84
RIOJA (LA);5.5.-Estafas;2022;64
RIOJA (LA);5.5.-Estafas;2021;62
RIOJA (LA);5.5.-Estafas;2020;41
RIOJA (LA);5.5.-Estafas;2019;68
RIOJA (LA);5.5.-Estafas;2018;73
RIOJA (LA);5.5.1.-Estafas informáticas;2024;33
RIOJA (LA);5.5.1.-Estafas informáticas;2023;34
RIOJA (LA);5.5.1.-Estafas informáticas;2022;25
RIOJA (LA);5.5.1.-Estafas informáticas;2021;31
RIOJA (LA);5.5.1.-Estafas informáticas;2020;18
RIOJA (LA);5.5.1.-Estafas informáticas;2019;18
RIOJA (LA);5.5.1.-Estafas informáticas;2018;9
RIOJA (LA);5.6.-Daños;2024;73
RIOJA (LA);5.6.-Daños;2023;109
RIOJA (LA);5.6.-Daños;2022;107
RIOJA (LA);5.6.-Daños;2021;100
RIOJA (LA);5.6.-Daños;2020;86
RIOJA (LA);5.6.-Daños;2019;85
RIOJA (LA);5.6.-Daños;2018;83
RIOJA (LA);5.7.-Contra la propiedad intelectual/industrial;2024;4
RIOJA (LA);5.7.-Contra la propiedad intelectual/industrial;2023;0
RIOJA (LA);5.7.-Contra la propiedad intelectual/industrial;2022;2
RIOJA (LA);5.7.-Contra la propiedad intelectual/industrial;2021;1
RIOJA (LA);5.7.-Contra la propiedad intelectual/industrial;2020;1
RIOJA (LA);5.7.-Contra la propiedad intelectual/industrial;2019;42
RIOJA (LA);5.7.-Contra la propiedad intelectual/industrial;2018;17
RIOJA (LA);5.8.-Blanqueo de capitales;2024;2
RIOJA (LA);5.8.-Blanqueo de capitales;2023;0
RIOJA (LA);5.8.-Blanqueo de capitales;2022;3
RIOJA (LA);5.8.-Blanqueo de capitales;2021;1
RIOJA (LA);5.8.-Blanqueo de capitales;2020;0
RIOJA (LA);5.8.-Blanqueo de capitales;2019;2
RIOJA (LA);5.8.-Blanqueo de capitales;2018;12
RIOJA (LA);5.9.-Otros contra el patrimonio;2024;98
RIOJA (LA);5.9.-Otros contra el patrimonio;2023;95
RIOJA (LA);5.9.-Otros contra el patrimonio;2022;83
RIOJA (LA);5.9.-Otros contra el patrimonio;2021;75
RIOJA (LA);5.9.-Otros contra el patrimonio;2020;69
RIOJA (LA);5.9.-Otros contra el patrimonio;2019;143
RIOJA (LA);5.9.-Otros contra el patrimonio;2018;63
RIOJA (LA);6. SEGURIDAD COLECTIVA;2024;451
RIOJA (LA);6. SEGURIDAD COLECTIVA;2023;466
RIOJA (LA);6. SEGURIDAD COLECTIVA;2022;512
RIOJA (LA);6. SEGURIDAD COLECTIVA;2021;455
RIOJA (LA);6. SEGURIDAD COLECTIVA;2020;320
RIOJA (LA);6. SEGURIDAD COLECTIVA;2019;441
RIOJA (LA);6. SEGURIDAD COLECTIVA;2018;380
RIOJA (LA);6.1.-Tráfico de drogas;2024;132
RIOJA (LA);6.1.-Tráfico de drogas;2023;162
RIOJA (LA);6.1.-Tráfico de drogas;2022;156
RIOJA (LA);6.1.-Tráfico de drogas;2021;158
RIOJA (LA);6.1.-Tráfico de drogas;2020;129
RIOJA (LA);6.1.-Tráfico de drogas;2019;170
RIOJA (LA);6.1.-Tráfico de drogas;2018;137
RIOJA (LA);6.2.-Contra la seguridad vial;2024;304
RIOJA (LA);6.2.-Contra la seguridad vial;2023;299
RIOJA (LA);6.2.-Contra la seguridad vial;2022;348
RIOJA (LA);6.2.-Contra la seguridad vial;2021;281
RIOJA (LA);6.2.-Contra la seguridad vial;2020;179
RIOJA (LA);6.2.-Contra la seguridad vial;2019;261
RIOJA (LA);6.2.-Contra la seguridad vial;2018;237
RIOJA (LA);6.3.-Otros contra la seguridad colectiva;2024;15
RIOJA (LA);6.3.-Otros contra la seguridad colectiva;2023;5
RIOJA (LA);6.3.-Otros contra la seguridad colectiva;2022;8
RIOJA (LA);6.3.-Otros contra la seguridad colectiva;2021;16
RIOJA (LA);6.3.-Otros contra la seguridad colectiva;2020;12
RIOJA (LA);6.3.-Otros contra la seguridad colectiva;2019;10
RIOJA (LA);6.3.-Otros contra la seguridad colectiva;2018;6
RIOJA (LA);7. FALSEDADES;2024;63
RIOJA (LA);7. FALSEDADES;2023;59
RIOJA (LA);7. FALSEDADES;2022;67
RIOJA (LA);7. FALSEDADES;2021;52
RIOJA (LA);7. FALSEDADES;2020;28
RIOJA (LA);7. FALSEDADES;2019;41
RIOJA (LA);7. FALSEDADES;2018;37
RIOJA (LA);8. ADMÓN. PÚBLICA;2024;2
RIOJA (LA);8. ADMÓN. PÚBLICA;2023;7
RIOJA (LA);8. ADMÓN. PÚBLICA;2022;0
RIOJA (LA);8. ADMÓN. PÚBLICA;2021;3
RIOJA (LA);8. ADMÓN. PÚBLICA;2020;0
RIOJA (LA);8. ADMÓN. PÚBLICA;2019;13
RIOJA (LA);8. ADMÓN. PÚBLICA;2018;5
RIOJA (LA);9. ADMÓN. JUSTICIA;2024;240
RIOJA (LA);9. ADMÓN. JUSTICIA;2023;237
RIOJA (LA);9. ADMÓN. JUSTICIA;2022;210
RIOJA (LA);9. ADMÓN. JUSTICIA;2021;179
RIOJA (LA);9. ADMÓN. JUSTICIA;2020;104
RIOJA (LA);9. ADMÓN. JUSTICIA;2019;182
RIOJA (LA);9. ADMÓN. JUSTICIA;2018;159
RIOJA (LA);10. ORDEN PÚBLICO;2024;142
RIOJA (LA);10. ORDEN PÚBLICO;2023;139
RIOJA (LA);10. ORDEN PÚBLICO;2022;144
RIOJA (LA);10. ORDEN PÚBLICO;2021;197
RIOJA (LA);10. ORDEN PÚBLICO;2020;213
RIOJA (LA);10. ORDEN PÚBLICO;2019;100
RIOJA (LA);10. ORDEN PÚBLICO;2018;75
RIOJA (LA);11. LEGISLACIÓN ESPECIAL;2024;0
RIOJA (LA);11. LEGISLACIÓN ESPECIAL;2023;4
RIOJA (LA);11. LEGISLACIÓN ESPECIAL;2022;0
RIOJA (LA);11. LEGISLACIÓN ESPECIAL;2021;0
RIOJA (LA);11. LEGISLACIÓN ESPECIAL;2020;0
RIOJA (LA);11. LEGISLACIÓN ESPECIAL;2019;0
RIOJA (LA);11. LEGISLACIÓN ESPECIAL;2018;2
RIOJA (LA);12. OTRAS INFRACCIONES PENALES;2024;42
RIOJA (LA);12. OTRAS INFRACCIONES PENALES;2023;34
RIOJA (LA);12. OTRAS INFRACCIONES PENALES;2022;22
RIOJA (LA);12. OTRAS INFRACCIONES PENALES;2021;31
RIOJA (LA);12. OTRAS INFRACCIONES PENALES;2020;31
RIOJA (LA);12. OTRAS INFRACCIONES PENALES;2019;33
RIOJA (LA);12. OTRAS INFRACCIONES PENALES;2018;25
RIOJA (LA);TOTAL INFRACCIONES PENALES;2024;3.470
RIOJA (LA);TOTAL INFRACCIONES PENALES;2023;3.729
RIOJA (LA);TOTAL INFRACCIONES PENALES;2022;3.549
RIOJA (LA);TOTAL INFRACCIONES PENALES;2021;3.135
RIOJA (LA);TOTAL INFRACCIONES PENALES;2020;2.625
RIOJA (LA);TOTAL INFRACCIONES PENALES;2019;3.120
RIOJA (LA);TOTAL INFRACCIONES PENALES;2018;2.971
CIUDAD AUTÓNOMA DE CEUTA;1. CONTRA LAS PERSONAS;2024;287
CIUDAD AUTÓNOMA DE CEUTA;1. CONTRA LAS PERSONAS;2023;280
CIUDAD AUTÓNOMA DE CEUTA;1. CONTRA LAS PERSONAS;2022;292
CIUDAD AUTÓNOMA DE CEUTA;1. CONTRA LAS PERSONAS;2021;291
CIUDAD AUTÓNOMA DE CEUTA;1. CONTRA LAS PERSONAS;2020;194
CIUDAD AUTÓNOMA DE CEUTA;1. CONTRA LAS PERSONAS;2019;197
CIUDAD AUTÓNOMA DE CEUTA;1. CONTRA LAS PERSONAS;2018;224
CIUDAD AUTÓNOMA DE CEUTA;1.1.-Homicidios dolosos/asesinatos;2024;4
CIUDAD AUTÓNOMA DE CEUTA;1.1.-Homicidios dolosos/asesinatos;2023;15
CIUDAD AUTÓNOMA DE CEUTA;1.1.-Homicidios dolosos/asesinatos;2022;27
CIUDAD AUTÓNOMA DE CEUTA;1.1.-Homicidios dolosos/asesinatos;2021;13
CIUDAD AUTÓNOMA DE CEUTA;1.1.-Homicidios dolosos/asesinatos;2020;8
CIUDAD AUTÓNOMA DE CEUTA;1.1.-Homicidios dolosos/asesinatos;2019;5
CIUDAD AUTÓNOMA DE CEUTA;1.1.-Homicidios dolosos/asesinatos;2018;5
CIUDAD AUTÓNOMA DE CEUTA;1.1.1.-Homicidios dolosos/asesinatos consumados;2024;0
CIUDAD AUTÓNOMA DE CEUTA;1.1.1.-Homicidios dolosos/asesinatos consumados;2023;5
CIUDAD AUTÓNOMA DE CEUTA;1.1.1.-Homicidios dolosos/asesinatos consumados;2022;5
CIUDAD AUTÓNOMA DE CEUTA;1.1.1.-Homicidios dolosos/asesinatos consumados;2021;4
CIUDAD AUTÓNOMA DE CEUTA;1.1.1.-Homicidios dolosos/asesinatos consumados;2020;3
CIUDAD AUTÓNOMA DE CEUTA;1.1.1.-Homicidios dolosos/asesinatos consumados;2019;5
CIUDAD AUTÓNOMA DE CEUTA;1.1.1.-Homicidios dolosos/asesinatos consumados;2018;2
CIUDAD AUTÓNOMA DE CEUTA;1.2.-Lesiones;2024;66
CIUDAD AUTÓNOMA DE CEUTA;1.2.-Lesiones;2023;46
CIUDAD AUTÓNOMA DE CEUTA;1.2.-Lesiones;2022;68
CIUDAD AUTÓNOMA DE CEUTA;1.2.-Lesiones;2021;72
CIUDAD AUTÓNOMA DE CEUTA;1.2.-Lesiones;2020;41
CIUDAD AUTÓNOMA DE CEUTA;1.2.-Lesiones;2019;39
CIUDAD AUTÓNOMA DE CEUTA;1.2.-Lesiones;2018;49
CIUDAD AUTÓNOMA DE CEUTA;1.3.-Malos tratos ámbito familiar;2024;199
CIUDAD AUTÓNOMA DE CEUTA;1.3.-Malos tratos ámbito familiar;2023;217
CIUDAD AUTÓNOMA DE CEUTA;1.3.-Malos tratos ámbito familiar;2022;197
CIUDAD AUTÓNOMA DE CEUTA;1.3.-Malos tratos ámbito familiar;2021;195
CIUDAD AUTÓNOMA DE CEUTA;1.3.-Malos tratos ámbito familiar;2020;144
CIUDAD AUTÓNOMA DE CEUTA;1.3.-Malos tratos ámbito familiar;2019;152
CIUDAD AUTÓNOMA DE CEUTA;1.3.-Malos tratos ámbito familiar;2018;169
CIUDAD AUTÓNOMA DE CEUTA;1.4.-Otros contra las personas;2024;18
CIUDAD AUTÓNOMA DE CEUTA;1.4.-Otros contra las personas;2023;2
CIUDAD AUTÓNOMA DE CEUTA;1.4.-Otros contra las personas;2022;0
CIUDAD AUTÓNOMA DE CEUTA;1.4.-Otros contra las personas;2021;11
CIUDAD AUTÓNOMA DE CEUTA;1.4.-Otros contra las personas;2020;1
CIUDAD AUTÓNOMA DE CEUTA;1.4.-Otros contra las personas;2019;1
CIUDAD AUTÓNOMA DE CEUTA;1.4.-Otros contra las personas;2018;1
CIUDAD AUTÓNOMA DE CEUTA;2. CONTRA LA LIBERTAD;2024;61
CIUDAD AUTÓNOMA DE CEUTA;2. CONTRA LA LIBERTAD;2023;61
CIUDAD AUTÓNOMA DE CEUTA;2. CONTRA LA LIBERTAD;2022;56
CIUDAD AUTÓNOMA DE CEUTA;2. CONTRA LA LIBERTAD;2021;87
CIUDAD AUTÓNOMA DE CEUTA;2. CONTRA LA LIBERTAD;2020;54
CIUDAD AUTÓNOMA DE CEUTA;2. CONTRA LA LIBERTAD;2019;37
CIUDAD AUTÓNOMA DE CEUTA;2. CONTRA LA LIBERTAD;2018;43
CIUDAD AUTÓNOMA DE CEUTA;2.1.-Malos tratos habituales en el ámbito familiar;2024;5
CIUDAD AUTÓNOMA DE CEUTA;2.1.-Malos tratos habituales en el ámbito familiar;2023;7
CIUDAD AUTÓNOMA DE CEUTA;2.1.-Malos tratos habituales en el ámbito familiar;2022;8
CIUDAD AUTÓNOMA DE CEUTA;2.1.-Malos tratos habituales en el ámbito familiar;2021;5
CIUDAD AUTÓNOMA DE CEUTA;2.1.-Malos tratos habituales en el ámbito familiar;2020;4
CIUDAD AUTÓNOMA DE CEUTA;2.1.-Malos tratos habituales en el ámbito familiar;2019;2
CIUDAD AUTÓNOMA DE CEUTA;2.1.-Malos tratos habituales en el ámbito familiar;2018;13
CIUDAD AUTÓNOMA DE CEUTA;2.2.-Otros contra la libertad;2024;56
CIUDAD AUTÓNOMA DE CEUTA;2.2.-Otros contra la libertad;2023;54
CIUDAD AUTÓNOMA DE CEUTA;2.2.-Otros contra la libertad;2022;48
CIUDAD AUTÓNOMA DE CEUTA;2.2.-Otros contra la libertad;2021;82
CIUDAD AUTÓNOMA DE CEUTA;2.2.-Otros contra la libertad;2020;50
CIUDAD AUTÓNOMA DE CEUTA;2.2.-Otros contra la libertad;2019;35
CIUDAD AUTÓNOMA DE CEUTA;2.2.-Otros contra la libertad;2018;30
CIUDAD AUTÓNOMA DE CEUTA;3. LIBERTAD SEXUAL;2024;31
CIUDAD AUTÓNOMA DE CEUTA;3. LIBERTAD SEXUAL;2023;35
CIUDAD AUTÓNOMA DE CEUTA;3. LIBERTAD SEXUAL;2022;35
CIUDAD AUTÓNOMA DE CEUTA;3. LIBERTAD SEXUAL;2021;38
CIUDAD AUTÓNOMA DE CEUTA;3. LIBERTAD SEXUAL;2020;28
CIUDAD AUTÓNOMA DE CEUTA;3. LIBERTAD SEXUAL;2019;18
CIUDAD AUTÓNOMA DE CEUTA;3. LIBERTAD SEXUAL;2018;27
CIUDAD AUTÓNOMA DE CEUTA;3.1.-Agresión sexual;2024;24
CIUDAD AUTÓNOMA DE CEUTA;3.1.-Agresión sexual;2023;21
CIUDAD AUTÓNOMA DE CEUTA;3.1.-Agresión sexual;2022;30
CIUDAD AUTÓNOMA DE CEUTA;3.1.-Agresión sexual;2021;25
CIUDAD AUTÓNOMA DE CEUTA;3.1.-Agresión sexual;2020;18
CIUDAD AUTÓNOMA DE CEUTA;3.1.-Agresión sexual;2019;12
CIUDAD AUTÓNOMA DE CEUTA;3.1.-Agresión sexual;2018;16
CIUDAD AUTÓNOMA DE CEUTA;3.2.-Agresión sexual con penetración;2024;4
CIUDAD AUTÓNOMA DE CEUTA;3.2.-Agresión sexual con penetración;2023;11
CIUDAD AUTÓNOMA DE CEUTA;3.2.-Agresión sexual con penetración;2022;4
CIUDAD AUTÓNOMA DE CEUTA;3.2.-Agresión sexual con penetración;2021;4
CIUDAD AUTÓNOMA DE CEUTA;3.2.-Agresión sexual con penetración;2020;3
CIUDAD AUTÓNOMA DE CEUTA;3.2.-Agresión sexual con penetración;2019;2
CIUDAD AUTÓNOMA DE CEUTA;3.2.-Agresión sexual con penetración;2018;4
CIUDAD AUTÓNOMA DE CEUTA;3.3.-Corrupción de menores o incapacitados;2024;0
CIUDAD AUTÓNOMA DE CEUTA;3.3.-Corrupción de menores o incapacitados;2023;0
CIUDAD AUTÓNOMA DE CEUTA;3.3.-Corrupción de menores o incapacitados;2022;0
CIUDAD AUTÓNOMA DE CEUTA;3.3.-Corrupción de menores o incapacitados;2021;0
CIUDAD AUTÓNOMA DE CEUTA;3.3.-Corrupción de menores o incapacitados;2020;0
CIUDAD AUTÓNOMA DE CEUTA;3.3.-Corrupción de menores o incapacitados;2019;0
CIUDAD AUTÓNOMA DE CEUTA;3.3.-Corrupción de menores o incapacitados;2018;0
CIUDAD AUTÓNOMA DE CEUTA;3.4.-Pornografía de menores;2024;2
CIUDAD AUTÓNOMA DE CEUTA;3.4.-Pornografía de menores;2023;2
CIUDAD AUTÓNOMA DE CEUTA;3.4.-Pornografía de menores;2022;1
CIUDAD AUTÓNOMA DE CEUTA;3.4.-Pornografía de menores;2021;1
CIUDAD AUTÓNOMA DE CEUTA;3.4.-Pornografía de menores;2020;0
CIUDAD AUTÓNOMA DE CEUTA;3.4.-Pornografía de menores;2019;0
CIUDAD AUTÓNOMA DE CEUTA;3.4.-Pornografía de menores;2018;4
CIUDAD AUTÓNOMA DE CEUTA;3.5.-Otros contra la libertad sexual;2024;1
CIUDAD AUTÓNOMA DE CEUTA;3.5.-Otros contra la libertad sexual;2023;1
CIUDAD AUTÓNOMA DE CEUTA;3.5.-Otros contra la libertad sexual;2022;0
CIUDAD AUTÓNOMA DE CEUTA;3.5.-Otros contra la libertad sexual;2021;8
CIUDAD AUTÓNOMA DE CEUTA;3.5.-Otros contra la libertad sexual;2020;7
CIUDAD AUTÓNOMA DE CEUTA;3.5.-Otros contra la libertad sexual;2019;4
CIUDAD AUTÓNOMA DE CEUTA;3.5.-Otros contra la libertad sexual;2018;3
CIUDAD AUTÓNOMA DE CEUTA;4. RELACIONES FAMILIARES;2024;1
CIUDAD AUTÓNOMA DE CEUTA;4. RELACIONES FAMILIARES;2023;2
CIUDAD AUTÓNOMA DE CEUTA;4. RELACIONES FAMILIARES;2022;2
CIUDAD AUTÓNOMA DE CEUTA;4. RELACIONES FAMILIARES;2021;0
CIUDAD AUTÓNOMA DE CEUTA;4. RELACIONES FAMILIARES;2020;0
CIUDAD AUTÓNOMA DE CEUTA;4. RELACIONES FAMILIARES;2019;3
CIUDAD AUTÓNOMA DE CEUTA;4. RELACIONES FAMILIARES;2018;5
CIUDAD AUTÓNOMA DE CEUTA;5. PATRIMONIO;2024;241
CIUDAD AUTÓNOMA DE CEUTA;5. PATRIMONIO;2023;253
CIUDAD AUTÓNOMA DE CEUTA;5. PATRIMONIO;2022;245
CIUDAD AUTÓNOMA DE CEUTA;5. PATRIMONIO;2021;253
CIUDAD AUTÓNOMA DE CEUTA;5. PATRIMONIO;2020;284
CIUDAD AUTÓNOMA DE CEUTA;5. PATRIMONIO;2019;344
CIUDAD AUTÓNOMA DE CEUTA;5. PATRIMONIO;2018;424
CIUDAD AUTÓNOMA DE CEUTA;5.1.-Hurtos;2024;31
CIUDAD AUTÓNOMA DE CEUTA;5.1.-Hurtos;2023;36
CIUDAD AUTÓNOMA DE CEUTA;5.1.-Hurtos;2022;22
CIUDAD AUTÓNOMA DE CEUTA;5.1.-Hurtos;2021;24
CIUDAD AUTÓNOMA DE CEUTA;5.1.-Hurtos;2020;53
CIUDAD AUTÓNOMA DE CEUTA;5.1.-Hurtos;2019;94
CIUDAD AUTÓNOMA DE CEUTA;5.1.-Hurtos;2018;165
CIUDAD AUTÓNOMA DE CEUTA;5.2.-Robos con fuerza en las cosas;2024;36
CIUDAD AUTÓNOMA DE CEUTA;5.2.-Robos con fuerza en las cosas;2023;59
CIUDAD AUTÓNOMA DE CEUTA;5.2.-Robos con fuerza en las cosas;2022;37
CIUDAD AUTÓNOMA DE CEUTA;5.2.-Robos con fuerza en las cosas;2021;44
CIUDAD AUTÓNOMA DE CEUTA;5.2.-Robos con fuerza en las cosas;2020;83
CIUDAD AUTÓNOMA DE CEUTA;5.2.-Robos con fuerza en las cosas;2019;71
CIUDAD AUTÓNOMA DE CEUTA;5.2.-Robos con fuerza en las cosas;2018;80
CIUDAD AUTÓNOMA DE CEUTA;5.2.1.-Robos con fuerza en las cosas en el interior de vehículos;2024;16
CIUDAD AUTÓNOMA DE CEUTA;5.2.1.-Robos con fuerza en las cosas en el interior de vehículos;2023;22
CIUDAD AUTÓNOMA DE CEUTA;5.2.1.-Robos con fuerza en las cosas en el interior de vehículos;2022;2
CIUDAD AUTÓNOMA DE CEUTA;5.2.1.-Robos con fuerza en las cosas en el interior de vehículos;2021;13
CIUDAD AUTÓNOMA DE CEUTA;5.2.1.-Robos con fuerza en las cosas en el interior de vehículos;2020;12
CIUDAD AUTÓNOMA DE CEUTA;5.2.1.-Robos con fuerza en las cosas en el interior de vehículos;2019;32
CIUDAD AUTÓNOMA DE CEUTA;5.2.1.-Robos con fuerza en las cosas en el interior de vehículos;2018;21
CIUDAD AUTÓNOMA DE CEUTA;5.2.2.-Robos con fuerza en viviendas;2024;10
CIUDAD AUTÓNOMA DE CEUTA;5.2.2.-Robos con fuerza en viviendas;2023;9
CIUDAD AUTÓNOMA DE CEUTA;5.2.2.-Robos con fuerza en viviendas;2022;4
CIUDAD AUTÓNOMA DE CEUTA;5.2.2.-Robos con fuerza en viviendas;2021;11
CIUDAD AUTÓNOMA DE CEUTA;5.2.2.-Robos con fuerza en viviendas;2020;12
CIUDAD AUTÓNOMA DE CEUTA;5.2.2.-Robos con fuerza en viviendas;2019;21
CIUDAD AUTÓNOMA DE CEUTA;5.2.2.-Robos con fuerza en viviendas;2018;19
CIUDAD AUTÓNOMA DE CEUTA;5.2.3.-Robos con fuerza en establecimientos;2024;2
CIUDAD AUTÓNOMA DE CEUTA;5.2.3.-Robos con fuerza en establecimientos;2023;12
CIUDAD AUTÓNOMA DE CEUTA;5.2.3.-Robos con fuerza en establecimientos;2022;13
CIUDAD AUTÓNOMA DE CEUTA;5.2.3.-Robos con fuerza en establecimientos;2021;11
CIUDAD AUTÓNOMA DE CEUTA;5.2.3.-Robos con fuerza en establecimientos;2020;13
CIUDAD AUTÓNOMA DE CEUTA;5.2.3.-Robos con fuerza en establecimientos;2019;6
CIUDAD AUTÓNOMA DE CEUTA;5.2.3.-Robos con fuerza en establecimientos;2018;11
CIUDAD AUTÓNOMA DE CEUTA;5.3.-Robos con violencia o intimidación;2024;66
CIUDAD AUTÓNOMA DE CEUTA;5.3.-Robos con violencia o intimidación;2023;67
CIUDAD AUTÓNOMA DE CEUTA;5.3.-Robos con violencia o intimidación;2022;68
CIUDAD AUTÓNOMA DE CEUTA;5.3.-Robos con violencia o intimidación;2021;97
CIUDAD AUTÓNOMA DE CEUTA;5.3.-Robos con violencia o intimidación;2020;74
CIUDAD AUTÓNOMA DE CEUTA;5.3.-Robos con violencia o intimidación;2019;79
CIUDAD AUTÓNOMA DE CEUTA;5.3.-Robos con violencia o intimidación;2018;63
CIUDAD AUTÓNOMA DE CEUTA;5.3.1.-Robos con violencia en vía pública;2024;41
CIUDAD AUTÓNOMA DE CEUTA;5.3.1.-Robos con violencia en vía pública;2023;47
CIUDAD AUTÓNOMA DE CEUTA;5.3.1.-Robos con violencia en vía pública;2022;41
CIUDAD AUTÓNOMA DE CEUTA;5.3.1.-Robos con violencia en vía pública;2021;60
CIUDAD AUTÓNOMA DE CEUTA;5.3.1.-Robos con violencia en vía pública;2020;51
CIUDAD AUTÓNOMA DE CEUTA;5.3.1.-Robos con violencia en vía pública;2019;49
CIUDAD AUTÓNOMA DE CEUTA;5.3.1.-Robos con violencia en vía pública;2018;47
CIUDAD AUTÓNOMA DE CEUTA;5.3.2.-Robos con violencia en viviendas;2024;3
CIUDAD AUTÓNOMA DE CEUTA;5.3.2.-Robos con violencia en viviendas;2023;4
CIUDAD AUTÓNOMA DE CEUTA;5.3.2.-Robos con violencia en viviendas;2022;2
CIUDAD AUTÓNOMA DE CEUTA;5.3.2.-Robos con violencia en viviendas;2021;4
CIUDAD AUTÓNOMA DE CEUTA;5.3.2.-Robos con violencia en viviendas;2020;3
CIUDAD AUTÓNOMA DE CEUTA;5.3.2.-Robos con violencia en viviendas;2019;3
CIUDAD AUTÓNOMA DE CEUTA;5.3.2.-Robos con violencia en viviendas;2018;1
CIUDAD AUTÓNOMA DE CEUTA;5.3.3.-Robos con violencia en establecimientos;2024;8
CIUDAD AUTÓNOMA DE CEUTA;5.3.3.-Robos con violencia en establecimientos;2023;11
CIUDAD AUTÓNOMA DE CEUTA;5.3.3.-Robos con violencia en establecimientos;2022;5
CIUDAD AUTÓNOMA DE CEUTA;5.3.3.-Robos con violencia en establecimientos;2021;9
CIUDAD AUTÓNOMA DE CEUTA;5.3.3.-Robos con violencia en establecimientos;2020;4
CIUDAD AUTÓNOMA DE CEUTA;5.3.3.-Robos con violencia en establecimientos;2019;8
CIUDAD AUTÓNOMA DE CEUTA;5.3.3.-Robos con violencia en establecimientos;2018;8
CIUDAD AUTÓNOMA DE CEUTA;5.4.-Sustracción de vehículos;2024;26
CIUDAD AUTÓNOMA DE CEUTA;5.4.-Sustracción de vehículos;2023;11
CIUDAD AUTÓNOMA DE CEUTA;5.4.-Sustracción de vehículos;2022;16
CIUDAD AUTÓNOMA DE CEUTA;5.4.-Sustracción de vehículos;2021;20
CIUDAD AUTÓNOMA DE CEUTA;5.4.-Sustracción de vehículos;2020;8
CIUDAD AUTÓNOMA DE CEUTA;5.4.-Sustracción de vehículos;2019;26
CIUDAD AUTÓNOMA DE CEUTA;5.4.-Sustracción de vehículos;2018;26
CIUDAD AUTÓNOMA DE CEUTA;5.5.-Estafas;2024;30
CIUDAD AUTÓNOMA DE CEUTA;5.5.-Estafas;2023;29
CIUDAD AUTÓNOMA DE CEUTA;5.5.-Estafas;2022;29
CIUDAD AUTÓNOMA DE CEUTA;5.5.-Estafas;2021;24
CIUDAD AUTÓNOMA DE CEUTA;5.5.-Estafas;2020;21
CIUDAD AUTÓNOMA DE CEUTA;5.5.-Estafas;2019;16
CIUDAD AUTÓNOMA DE CEUTA;5.5.-Estafas;2018;22
CIUDAD AUTÓNOMA DE CEUTA;5.5.1.-Estafas informáticas;2024;11
CIUDAD AUTÓNOMA DE CEUTA;5.5.1.-Estafas informáticas;2023;12
CIUDAD AUTÓNOMA DE CEUTA;5.5.1.-Estafas informáticas;2022;14
CIUDAD AUTÓNOMA DE CEUTA;5.5.1.-Estafas informáticas;2021;20
CIUDAD AUTÓNOMA DE CEUTA;5.5.1.-Estafas informáticas;2020;15
CIUDAD AUTÓNOMA DE CEUTA;5.5.1.-Estafas informáticas;2019;8
CIUDAD AUTÓNOMA DE CEUTA;5.5.1.-Estafas informáticas;2018;5
CIUDAD AUTÓNOMA DE CEUTA;5.6.-Daños;2024;23
CIUDAD AUTÓNOMA DE CEUTA;5.6.-Daños;2023;21
CIUDAD AUTÓNOMA DE CEUTA;5.6.-Daños;2022;38
CIUDAD AUTÓNOMA DE CEUTA;5.6.-Daños;2021;30
CIUDAD AUTÓNOMA DE CEUTA;5.6.-Daños;2020;35
CIUDAD AUTÓNOMA DE CEUTA;5.6.-Daños;2019;19
CIUDAD AUTÓNOMA DE CEUTA;5.6.-Daños;2018;19
CIUDAD AUTÓNOMA DE CEUTA;5.7.-Contra la propiedad intelectual/industrial;2024;0
CIUDAD AUTÓNOMA DE CEUTA;5.7.-Contra la propiedad intelectual/industrial;2023;0
CIUDAD AUTÓNOMA DE CEUTA;5.7.-Contra la propiedad intelectual/industrial;2022;1
CIUDAD AUTÓNOMA DE CEUTA;5.7.-Contra la propiedad intelectual/industrial;2021;0
CIUDAD AUTÓNOMA DE CEUTA;5.7.-Contra la propiedad intelectual/industrial;2020;1
CIUDAD AUTÓNOMA DE CEUTA;5.7.-Contra la propiedad intelectual/industrial;2019;2
CIUDAD AUTÓNOMA DE CEUTA;5.7.-Contra la propiedad intelectual/industrial;2018;0
CIUDAD AUTÓNOMA DE CEUTA;5.8.-Blanqueo de capitales;2024;1
CIUDAD AUTÓNOMA DE CEUTA;5.8.-Blanqueo de capitales;2023;2
CIUDAD AUTÓNOMA DE CEUTA;5.8.-Blanqueo de capitales;2022;1
CIUDAD AUTÓNOMA DE CEUTA;5.8.-Blanqueo de capitales;2021;0
CIUDAD AUTÓNOMA DE CEUTA;5.8.-Blanqueo de capitales;2020;0
CIUDAD AUTÓNOMA DE CEUTA;5.8.-Blanqueo de capitales;2019;2
CIUDAD AUTÓNOMA DE CEUTA;5.8.-Blanqueo de capitales;2018;13
CIUDAD AUTÓNOMA DE CEUTA;5.9.-Otros contra el patrimonio;2024;28
CIUDAD AUTÓNOMA DE CEUTA;5.9.-Otros contra el patrimonio;2023;28
CIUDAD AUTÓNOMA DE CEUTA;5.9.-Otros contra el patrimonio;2022;33
CIUDAD AUTÓNOMA DE CEUTA;5.9.-Otros contra el patrimonio;2021;14
CIUDAD AUTÓNOMA DE CEUTA;5.9.-Otros contra el patrimonio;2020;9
CIUDAD AUTÓNOMA DE CEUTA;5.9.-Otros contra el patrimonio;2019;35
CIUDAD AUTÓNOMA DE CEUTA;5.9.-Otros contra el patrimonio;2018;36
CIUDAD AUTÓNOMA DE CEUTA;6. SEGURIDAD COLECTIVA;2024;226
CIUDAD AUTÓNOMA DE CEUTA;6. SEGURIDAD COLECTIVA;2023;258
CIUDAD AUTÓNOMA DE CEUTA;6. SEGURIDAD COLECTIVA;2022;240
CIUDAD AUTÓNOMA DE CEUTA;6. SEGURIDAD COLECTIVA;2021;299
CIUDAD AUTÓNOMA DE CEUTA;6. SEGURIDAD COLECTIVA;2020;349
CIUDAD AUTÓNOMA DE CEUTA;6. SEGURIDAD COLECTIVA;2019;541
CIUDAD AUTÓNOMA DE CEUTA;6. SEGURIDAD COLECTIVA;2018;391
CIUDAD AUTÓNOMA DE CEUTA;6.1.-Tráfico de drogas;2024;101
CIUDAD AUTÓNOMA DE CEUTA;6.1.-Tráfico de drogas;2023;112
CIUDAD AUTÓNOMA DE CEUTA;6.1.-Tráfico de drogas;2022;93
CIUDAD AUTÓNOMA DE CEUTA;6.1.-Tráfico de drogas;2021;138
CIUDAD AUTÓNOMA DE CEUTA;6.1.-Tráfico de drogas;2020;231
CIUDAD AUTÓNOMA DE CEUTA;6.1.-Tráfico de drogas;2019;371
CIUDAD AUTÓNOMA DE CEUTA;6.1.-Tráfico de drogas;2018;190
CIUDAD AUTÓNOMA DE CEUTA;6.2.-Contra la seguridad vial;2024;117
CIUDAD AUTÓNOMA DE CEUTA;6.2.-Contra la seguridad vial;2023;144
CIUDAD AUTÓNOMA DE CEUTA;6.2.-Contra la seguridad vial;2022;143
CIUDAD AUTÓNOMA DE CEUTA;6.2.-Contra la seguridad vial;2021;160
CIUDAD AUTÓNOMA DE CEUTA;6.2.-Contra la seguridad vial;2020;116
CIUDAD AUTÓNOMA DE CEUTA;6.2.-Contra la seguridad vial;2019;169
CIUDAD AUTÓNOMA DE CEUTA;6.2.-Contra la seguridad vial;2018;185
CIUDAD AUTÓNOMA DE CEUTA;6.3.-Otros contra la seguridad colectiva;2024;8
CIUDAD AUTÓNOMA DE CEUTA;6.3.-Otros contra la seguridad colectiva;2023;2
CIUDAD AUTÓNOMA DE CEUTA;6.3.-Otros contra la seguridad colectiva;2022;4
CIUDAD AUTÓNOMA DE CEUTA;6.3.-Otros contra la seguridad colectiva;2021;1
CIUDAD AUTÓNOMA DE CEUTA;6.3.-Otros contra la seguridad colectiva;2020;2
CIUDAD AUTÓNOMA DE CEUTA;6.3.-Otros contra la seguridad colectiva;2019;1
CIUDAD AUTÓNOMA DE CEUTA;6.3.-Otros contra la seguridad colectiva;2018;16
CIUDAD AUTÓNOMA DE CEUTA;7. FALSEDADES;2024;46
CIUDAD AUTÓNOMA DE CEUTA;7. FALSEDADES;2023;33
CIUDAD AUTÓNOMA DE CEUTA;7. FALSEDADES;2022;43
CIUDAD AUTÓNOMA DE CEUTA;7. FALSEDADES;2021;81
CIUDAD AUTÓNOMA DE CEUTA;7. FALSEDADES;2020;148
CIUDAD AUTÓNOMA DE CEUTA;7. FALSEDADES;2019;532
CIUDAD AUTÓNOMA DE CEUTA;7. FALSEDADES;2018;590
CIUDAD AUTÓNOMA DE CEUTA;8. ADMÓN. PÚBLICA;2024;1
CIUDAD AUTÓNOMA DE CEUTA;8. ADMÓN. PÚBLICA;2023;2
CIUDAD AUTÓNOMA DE CEUTA;8. ADMÓN. PÚBLICA;2022;1
CIUDAD AUTÓNOMA DE CEUTA;8. ADMÓN. PÚBLICA;2021;0
CIUDAD AUTÓNOMA DE CEUTA;8. ADMÓN. PÚBLICA;2020;2
CIUDAD AUTÓNOMA DE CEUTA;8. ADMÓN. PÚBLICA;2019;11
CIUDAD AUTÓNOMA DE CEUTA;8. ADMÓN. PÚBLICA;2018;58
CIUDAD AUTÓNOMA DE CEUTA;9. ADMÓN. JUSTICIA;2024;65
CIUDAD AUTÓNOMA DE CEUTA;9. ADMÓN. JUSTICIA;2023;71
CIUDAD AUTÓNOMA DE CEUTA;9. ADMÓN. JUSTICIA;2022;79
CIUDAD AUTÓNOMA DE CEUTA;9. ADMÓN. JUSTICIA;2021;64
CIUDAD AUTÓNOMA DE CEUTA;9. ADMÓN. JUSTICIA;2020;102
CIUDAD AUTÓNOMA DE CEUTA;9. ADMÓN. JUSTICIA;2019;108
CIUDAD AUTÓNOMA DE CEUTA;9. ADMÓN. JUSTICIA;2018;127
CIUDAD AUTÓNOMA DE CEUTA;10. ORDEN PÚBLICO;2024;81
CIUDAD AUTÓNOMA DE CEUTA;10. ORDEN PÚBLICO;2023;75
CIUDAD AUTÓNOMA DE CEUTA;10. ORDEN PÚBLICO;2022;99
CIUDAD AUTÓNOMA DE CEUTA;10. ORDEN PÚBLICO;2021;127
CIUDAD AUTÓNOMA DE CEUTA;10. ORDEN PÚBLICO;2020;146
CIUDAD AUTÓNOMA DE CEUTA;10. ORDEN PÚBLICO;2019;138
CIUDAD AUTÓNOMA DE CEUTA;10. ORDEN PÚBLICO;2018;118
CIUDAD AUTÓNOMA DE CEUTA;11. LEGISLACIÓN ESPECIAL;2024;0
CIUDAD AUTÓNOMA DE CEUTA;11. LEGISLACIÓN ESPECIAL;2023;0
CIUDAD AUTÓNOMA DE CEUTA;11. LEGISLACIÓN ESPECIAL;2022;5
CIUDAD AUTÓNOMA DE CEUTA;11. LEGISLACIÓN ESPECIAL;2021;3
CIUDAD AUTÓNOMA DE CEUTA;11. LEGISLACIÓN ESPECIAL;2020;3
CIUDAD AUTÓNOMA DE CEUTA;11. LEGISLACIÓN ESPECIAL;2019;4
CIUDAD AUTÓNOMA DE CEUTA;11. LEGISLACIÓN ESPECIAL;2018;5
CIUDAD AUTÓNOMA DE CEUTA;12. OTRAS INFRACCIONES PENALES;2024;34
CIUDAD AUTÓNOMA DE CEUTA;12. OTRAS INFRACCIONES PENALES;2023;37
CIUDAD AUTÓNOMA DE CEUTA;12. OTRAS INFRACCIONES PENALES;2022;69
CIUDAD AUTÓNOMA DE CEUTA;12. OTRAS INFRACCIONES PENALES;2021;48
CIUDAD AUTÓNOMA DE CEUTA;12. OTRAS INFRACCIONES PENALES;2020;66
CIUDAD AUTÓNOMA DE CEUTA;12. OTRAS INFRACCIONES PENALES;2019;229
CIUDAD AUTÓNOMA DE CEUTA;12. OTRAS INFRACCIONES PENALES;2018;193
CIUDAD AUTÓNOMA DE CEUTA;TOTAL INFRACCIONES PENALES;2024;1.074
CIUDAD AUTÓNOMA DE CEUTA;TOTAL INFRACCIONES PENALES;2023;1.107
CIUDAD AUTÓNOMA DE CEUTA;TOTAL INFRACCIONES PENALES;2022;1.166
CIUDAD AUTÓNOMA DE CEUTA;TOTAL INFRACCIONES PENALES;2021;1.291
CIUDAD AUTÓNOMA DE CEUTA;TOTAL INFRACCIONES PENALES;2020;1.376
CIUDAD AUTÓNOMA DE CEUTA;TOTAL INFRACCIONES PENALES;2019;2.162
CIUDAD AUTÓNOMA DE CEUTA;TOTAL INFRACCIONES PENALES;2018;2.205
CIUDAD AUTÓNOMA DE MELILLA;1. CONTRA LAS PERSONAS;2024;468
CIUDAD AUTÓNOMA DE MELILLA;1. CONTRA LAS PERSONAS;2023;481
CIUDAD AUTÓNOMA DE MELILLA;1. CONTRA LAS PERSONAS;2022;465
CIUDAD AUTÓNOMA DE MELILLA;1. CONTRA LAS PERSONAS;2021;448
CIUDAD AUTÓNOMA DE MELILLA;1. CONTRA LAS PERSONAS;2020;486
CIUDAD AUTÓNOMA DE MELILLA;1. CONTRA LAS PERSONAS;2019;521
CIUDAD AUTÓNOMA DE MELILLA;1. CONTRA LAS PERSONAS;2018;452
CIUDAD AUTÓNOMA DE MELILLA;1.1.-Homicidios dolosos/asesinatos;2024;1
CIUDAD AUTÓNOMA DE MELILLA;1.1.-Homicidios dolosos/asesinatos;2023;3
CIUDAD AUTÓNOMA DE MELILLA;1.1.-Homicidios dolosos/asesinatos;2022;9
CIUDAD AUTÓNOMA DE MELILLA;1.1.-Homicidios dolosos/asesinatos;2021;5
CIUDAD AUTÓNOMA DE MELILLA;1.1.-Homicidios dolosos/asesinatos;2020;3
CIUDAD AUTÓNOMA DE MELILLA;1.1.-Homicidios dolosos/asesinatos;2019;9
CIUDAD AUTÓNOMA DE MELILLA;1.1.-Homicidios dolosos/asesinatos;2018;2
CIUDAD AUTÓNOMA DE MELILLA;1.1.1.-Homicidios dolosos/asesinatos consumados;2024;0
CIUDAD AUTÓNOMA DE MELILLA;1.1.1.-Homicidios dolosos/asesinatos consumados;2023;0
CIUDAD AUTÓNOMA DE MELILLA;1.1.1.-Homicidios dolosos/asesinatos consumados;2022;1
CIUDAD AUTÓNOMA DE MELILLA;1.1.1.-Homicidios dolosos/asesinatos consumados;2021;0
CIUDAD AUTÓNOMA DE MELILLA;1.1.1.-Homicidios dolosos/asesinatos consumados;2020;0
CIUDAD AUTÓNOMA DE MELILLA;1.1.1.-Homicidios dolosos/asesinatos consumados;2019;0
CIUDAD AUTÓNOMA DE MELILLA;1.1.1.-Homicidios dolosos/asesinatos consumados;2018;0
CIUDAD AUTÓNOMA DE MELILLA;1.2.-Lesiones;2024;113
CIUDAD AUTÓNOMA DE MELILLA;1.2.-Lesiones;2023;151
CIUDAD AUTÓNOMA DE MELILLA;1.2.-Lesiones;2022;139
CIUDAD AUTÓNOMA DE MELILLA;1.2.-Lesiones;2021;188
CIUDAD AUTÓNOMA DE MELILLA;1.2.-Lesiones;2020;199
CIUDAD AUTÓNOMA DE MELILLA;1.2.-Lesiones;2019;234
CIUDAD AUTÓNOMA DE MELILLA;1.2.-Lesiones;2018;199
CIUDAD AUTÓNOMA DE MELILLA;1.3.-Malos tratos ámbito familiar;2024;327
CIUDAD AUTÓNOMA DE MELILLA;1.3.-Malos tratos ámbito familiar;2023;320
CIUDAD AUTÓNOMA DE MELILLA;1.3.-Malos tratos ámbito familiar;2022;303
CIUDAD AUTÓNOMA DE MELILLA;1.3.-Malos tratos ámbito familiar;2021;235
CIUDAD AUTÓNOMA DE MELILLA;1.3.-Malos tratos ámbito familiar;2020;262
CIUDAD AUTÓNOMA DE MELILLA;1.3.-Malos tratos ámbito familiar;2019;267
CIUDAD AUTÓNOMA DE MELILLA;1.3.-Malos tratos ámbito familiar;2018;238
CIUDAD AUTÓNOMA DE MELILLA;1.4.-Otros contra las personas;2024;27
CIUDAD AUTÓNOMA DE MELILLA;1.4.-Otros contra las personas;2023;7
CIUDAD AUTÓNOMA DE MELILLA;1.4.-Otros contra las personas;2022;14
CIUDAD AUTÓNOMA DE MELILLA;1.4.-Otros contra las personas;2021;20
CIUDAD AUTÓNOMA DE MELILLA;1.4.-Otros contra las personas;2020;22
CIUDAD AUTÓNOMA DE MELILLA;1.4.-Otros contra las personas;2019;11
CIUDAD AUTÓNOMA DE MELILLA;1.4.-Otros contra las personas;2018;13
CIUDAD AUTÓNOMA DE MELILLA;2. CONTRA LA LIBERTAD;2024;134
CIUDAD AUTÓNOMA DE MELILLA;2. CONTRA LA LIBERTAD;2023;120
CIUDAD AUTÓNOMA DE MELILLA;2. CONTRA LA LIBERTAD;2022;92
CIUDAD AUTÓNOMA DE MELILLA;2. CONTRA LA LIBERTAD;2021;117
CIUDAD AUTÓNOMA DE MELILLA;2. CONTRA LA LIBERTAD;2020;93
CIUDAD AUTÓNOMA DE MELILLA;2. CONTRA LA LIBERTAD;2019;88
CIUDAD AUTÓNOMA DE MELILLA;2. CONTRA LA LIBERTAD;2018;84
CIUDAD AUTÓNOMA DE MELILLA;2.1.-Malos tratos habituales en el ámbito familiar;2024;6
CIUDAD AUTÓNOMA DE MELILLA;2.1.-Malos tratos habituales en el ámbito familiar;2023;0
CIUDAD AUTÓNOMA DE MELILLA;2.1.-Malos tratos habituales en el ámbito familiar;2022;10
CIUDAD AUTÓNOMA DE MELILLA;2.1.-Malos tratos habituales en el ámbito familiar;2021;4
CIUDAD AUTÓNOMA DE MELILLA;2.1.-Malos tratos habituales en el ámbito familiar;2020;4
CIUDAD AUTÓNOMA DE MELILLA;2.1.-Malos tratos habituales en el ámbito familiar;2019;6
CIUDAD AUTÓNOMA DE MELILLA;2.1.-Malos tratos habituales en el ámbito familiar;2018;3
CIUDAD AUTÓNOMA DE MELILLA;2.2.-Otros contra la libertad;2024;128
CIUDAD AUTÓNOMA DE MELILLA;2.2.-Otros contra la libertad;2023;120
CIUDAD AUTÓNOMA DE MELILLA;2.2.-Otros contra la libertad;2022;82
CIUDAD AUTÓNOMA DE MELILLA;2.2.-Otros contra la libertad;2021;113
CIUDAD AUTÓNOMA DE MELILLA;2.2.-Otros contra la libertad;2020;89
CIUDAD AUTÓNOMA DE MELILLA;2.2.-Otros contra la libertad;2019;82
CIUDAD AUTÓNOMA DE MELILLA;2.2.-Otros contra la libertad;2018;81
CIUDAD AUTÓNOMA DE MELILLA;3. LIBERTAD SEXUAL;2024;31
CIUDAD AUTÓNOMA DE MELILLA;3. LIBERTAD SEXUAL;2023;30
CIUDAD AUTÓNOMA DE MELILLA;3. LIBERTAD SEXUAL;2022;18
CIUDAD AUTÓNOMA DE MELILLA;3. LIBERTAD SEXUAL;2021;30
CIUDAD AUTÓNOMA DE MELILLA;3. LIBERTAD SEXUAL;2020;21
CIUDAD AUTÓNOMA DE MELILLA;3. LIBERTAD SEXUAL;2019;24
CIUDAD AUTÓNOMA DE MELILLA;3. LIBERTAD SEXUAL;2018;20
CIUDAD AUTÓNOMA DE MELILLA;3.1.-Agresión sexual;2024;23
CIUDAD AUTÓNOMA DE MELILLA;3.1.-Agresión sexual;2023;23
CIUDAD AUTÓNOMA DE MELILLA;3.1.-Agresión sexual;2022;15
CIUDAD AUTÓNOMA DE MELILLA;3.1.-Agresión sexual;2021;20
CIUDAD AUTÓNOMA DE MELILLA;3.1.-Agresión sexual;2020;12
CIUDAD AUTÓNOMA DE MELILLA;3.1.-Agresión sexual;2019;16
CIUDAD AUTÓNOMA DE MELILLA;3.1.-Agresión sexual;2018;10
CIUDAD AUTÓNOMA DE MELILLA;3.2.-Agresión sexual con penetración;2024;4
CIUDAD AUTÓNOMA DE MELILLA;3.2.-Agresión sexual con penetración;2023;3
CIUDAD AUTÓNOMA DE MELILLA;3.2.-Agresión sexual con penetración;2022;3
CIUDAD AUTÓNOMA DE MELILLA;3.2.-Agresión sexual con penetración;2021;5
CIUDAD AUTÓNOMA DE MELILLA;3.2.-Agresión sexual con penetración;2020;6
CIUDAD AUTÓNOMA DE MELILLA;3.2.-Agresión sexual con penetración;2019;5
CIUDAD AUTÓNOMA DE MELILLA;3.2.-Agresión sexual con penetración;2018;4
CIUDAD AUTÓNOMA DE MELILLA;3.3.-Corrupción de menores o incapacitados;2024;0
CIUDAD AUTÓNOMA DE MELILLA;3.3.-Corrupción de menores o incapacitados;2023;0
CIUDAD AUTÓNOMA DE MELILLA;3.3.-Corrupción de menores o incapacitados;2022;0
CIUDAD AUTÓNOMA DE MELILLA;3.3.-Corrupción de menores o incapacitados;2021;1
CIUDAD AUTÓNOMA DE MELILLA;3.3.-Corrupción de menores o incapacitados;2020;1
CIUDAD AUTÓNOMA DE MELILLA;3.3.-Corrupción de menores o incapacitados;2019;0
CIUDAD AUTÓNOMA DE MELILLA;3.3.-Corrupción de menores o incapacitados;2018;0
CIUDAD AUTÓNOMA DE MELILLA;3.4.-Pornografía de menores;2024;0
CIUDAD AUTÓNOMA DE MELILLA;3.4.-Pornografía de menores;2023;2
CIUDAD AUTÓNOMA DE MELILLA;3.4.-Pornografía de menores;2022;0
CIUDAD AUTÓNOMA DE MELILLA;3.4.-Pornografía de menores;2021;3
CIUDAD AUTÓNOMA DE MELILLA;3.4.-Pornografía de menores;2020;0
CIUDAD AUTÓNOMA DE MELILLA;3.4.-Pornografía de menores;2019;0
CIUDAD AUTÓNOMA DE MELILLA;3.4.-Pornografía de menores;2018;2
CIUDAD AUTÓNOMA DE MELILLA;3.5.-Otros contra la libertad sexual;2024;4
CIUDAD AUTÓNOMA DE MELILLA;3.5.-Otros contra la libertad sexual;2023;2
CIUDAD AUTÓNOMA DE MELILLA;3.5.-Otros contra la libertad sexual;2022;0
CIUDAD AUTÓNOMA DE MELILLA;3.5.-Otros contra la libertad sexual;2021;1
CIUDAD AUTÓNOMA DE MELILLA;3.5.-Otros contra la libertad sexual;2020;2
CIUDAD AUTÓNOMA DE MELILLA;3.5.-Otros contra la libertad sexual;2019;3
CIUDAD AUTÓNOMA DE MELILLA;3.5.-Otros contra la libertad sexual;2018;4
CIUDAD AUTÓNOMA DE MELILLA;4. RELACIONES FAMILIARES;2024;8
CIUDAD AUTÓNOMA DE MELILLA;4. RELACIONES FAMILIARES;2023;6
CIUDAD AUTÓNOMA DE MELILLA;4. RELACIONES FAMILIARES;2022;1
CIUDAD AUTÓNOMA DE MELILLA;4. RELACIONES FAMILIARES;2021;3
CIUDAD AUTÓNOMA DE MELILLA;4. RELACIONES FAMILIARES;2020;8
CIUDAD AUTÓNOMA DE MELILLA;4. RELACIONES FAMILIARES;2019;12
CIUDAD AUTÓNOMA DE MELILLA;4. RELACIONES FAMILIARES;2018;10
CIUDAD AUTÓNOMA DE MELILLA;5. PATRIMONIO;2024;491
CIUDAD AUTÓNOMA DE MELILLA;5. PATRIMONIO;2023;388
CIUDAD AUTÓNOMA DE MELILLA;5. PATRIMONIO;2022;341
CIUDAD AUTÓNOMA DE MELILLA;5. PATRIMONIO;2021;427
CIUDAD AUTÓNOMA DE MELILLA;5. PATRIMONIO;2020;671
CIUDAD AUTÓNOMA DE MELILLA;5. PATRIMONIO;2019;903
CIUDAD AUTÓNOMA DE MELILLA;5. PATRIMONIO;2018;901
CIUDAD AUTÓNOMA DE MELILLA;5.1.-Hurtos;2024;104
CIUDAD AUTÓNOMA DE MELILLA;5.1.-Hurtos;2023;88
CIUDAD AUTÓNOMA DE MELILLA;5.1.-Hurtos;2022;59
CIUDAD AUTÓNOMA DE MELILLA;5.1.-Hurtos;2021;75
CIUDAD AUTÓNOMA DE MELILLA;5.1.-Hurtos;2020;111
CIUDAD AUTÓNOMA DE MELILLA;5.1.-Hurtos;2019;270
CIUDAD AUTÓNOMA DE MELILLA;5.1.-Hurtos;2018;235
CIUDAD AUTÓNOMA DE MELILLA;5.2.-Robos con fuerza en las cosas;2024;110
CIUDAD AUTÓNOMA DE MELILLA;5.2.-Robos con fuerza en las cosas;2023;97
CIUDAD AUTÓNOMA DE MELILLA;5.2.-Robos con fuerza en las cosas;2022;81
CIUDAD AUTÓNOMA DE MELILLA;5.2.-Robos con fuerza en las cosas;2021;72
CIUDAD AUTÓNOMA DE MELILLA;5.2.-Robos con fuerza en las cosas;2020;127
CIUDAD AUTÓNOMA DE MELILLA;5.2.-Robos con fuerza en las cosas;2019;194
CIUDAD AUTÓNOMA DE MELILLA;5.2.-Robos con fuerza en las cosas;2018;254
CIUDAD AUTÓNOMA DE MELILLA;5.2.1.-Robos con fuerza en las cosas en el interior de vehículos;2024;36
CIUDAD AUTÓNOMA DE MELILLA;5.2.1.-Robos con fuerza en las cosas en el interior de vehículos;2023;21
CIUDAD AUTÓNOMA DE MELILLA;5.2.1.-Robos con fuerza en las cosas en el interior de vehículos;2022;34
CIUDAD AUTÓNOMA DE MELILLA;5.2.1.-Robos con fuerza en las cosas en el interior de vehículos;2021;28
CIUDAD AUTÓNOMA DE MELILLA;5.2.1.-Robos con fuerza en las cosas en el interior de vehículos;2020;76
CIUDAD AUTÓNOMA DE MELILLA;5.2.1.-Robos con fuerza en las cosas en el interior de vehículos;2019;95
CIUDAD AUTÓNOMA DE MELILLA;5.2.1.-Robos con fuerza en las cosas en el interior de vehículos;2018;155
CIUDAD AUTÓNOMA DE MELILLA;5.2.2.-Robos con fuerza en viviendas;2024;14
CIUDAD AUTÓNOMA DE MELILLA;5.2.2.-Robos con fuerza en viviendas;2023;26
CIUDAD AUTÓNOMA DE MELILLA;5.2.2.-Robos con fuerza en viviendas;2022;19
CIUDAD AUTÓNOMA DE MELILLA;5.2.2.-Robos con fuerza en viviendas;2021;18
CIUDAD AUTÓNOMA DE MELILLA;5.2.2.-Robos con fuerza en viviendas;2020;20
CIUDAD AUTÓNOMA DE MELILLA;5.2.2.-Robos con fuerza en viviendas;2019;39
CIUDAD AUTÓNOMA DE MELILLA;5.2.2.-Robos con fuerza en viviendas;2018;38
CIUDAD AUTÓNOMA DE MELILLA;5.2.3.-Robos con fuerza en establecimientos;2024;38
CIUDAD AUTÓNOMA DE MELILLA;5.2.3.-Robos con fuerza en establecimientos;2023;38
CIUDAD AUTÓNOMA DE MELILLA;5.2.3.-Robos con fuerza en establecimientos;2022;18
CIUDAD AUTÓNOMA DE MELILLA;5.2.3.-Robos con fuerza en establecimientos;2021;7
CIUDAD AUTÓNOMA DE MELILLA;5.2.3.-Robos con fuerza en establecimientos;2020;12
CIUDAD AUTÓNOMA DE MELILLA;5.2.3.-Robos con fuerza en establecimientos;2019;25
CIUDAD AUTÓNOMA DE MELILLA;5.2.3.-Robos con fuerza en establecimientos;2018;15
CIUDAD AUTÓNOMA DE MELILLA;5.3.-Robos con violencia o intimidación;2024;99
CIUDAD AUTÓNOMA DE MELILLA;5.3.-Robos con violencia o intimidación;2023;99
CIUDAD AUTÓNOMA DE MELILLA;5.3.-Robos con violencia o intimidación;2022;107
CIUDAD AUTÓNOMA DE MELILLA;5.3.-Robos con violencia o intimidación;2021;165
CIUDAD AUTÓNOMA DE MELILLA;5.3.-Robos con violencia o intimidación;2020;314
CIUDAD AUTÓNOMA DE MELILLA;5.3.-Robos con violencia o intimidación;2019;315
CIUDAD AUTÓNOMA DE MELILLA;5.3.-Robos con violencia o intimidación;2018;291
CIUDAD AUTÓNOMA DE MELILLA;5.3.1.-Robos con violencia en vía pública;2024;60
CIUDAD AUTÓNOMA DE MELILLA;5.3.1.-Robos con violencia en vía pública;2023;73
CIUDAD AUTÓNOMA DE MELILLA;5.3.1.-Robos con violencia en vía pública;2022;85
CIUDAD AUTÓNOMA DE MELILLA;5.3.1.-Robos con violencia en vía pública;2021;107
CIUDAD AUTÓNOMA DE MELILLA;5.3.1.-Robos con violencia en vía pública;2020;248
CIUDAD AUTÓNOMA DE MELILLA;5.3.1.-Robos con violencia en vía pública;2019;208
CIUDAD AUTÓNOMA DE MELILLA;5.3.1.-Robos con violencia en vía pública;2018;238
CIUDAD AUTÓNOMA DE MELILLA;5.3.2.-Robos con violencia en viviendas;2024;6
CIUDAD AUTÓNOMA DE MELILLA;5.3.2.-Robos con violencia en viviendas;2023;7
CIUDAD AUTÓNOMA DE MELILLA;5.3.2.-Robos con violencia en viviendas;2022;4
CIUDAD AUTÓNOMA DE MELILLA;5.3.2.-Robos con violencia en viviendas;2021;1
CIUDAD AUTÓNOMA DE MELILLA;5.3.2.-Robos con violencia en viviendas;2020;1
CIUDAD AUTÓNOMA DE MELILLA;5.3.2.-Robos con violencia en viviendas;2019;5
CIUDAD AUTÓNOMA DE MELILLA;5.3.2.-Robos con violencia en viviendas;2018;1
CIUDAD AUTÓNOMA DE MELILLA;5.3.3.-Robos con violencia en establecimientos;2024;24
CIUDAD AUTÓNOMA DE MELILLA;5.3.3.-Robos con violencia en establecimientos;2023;12
CIUDAD AUTÓNOMA DE MELILLA;5.3.3.-Robos con violencia en establecimientos;2022;15
CIUDAD AUTÓNOMA DE MELILLA;5.3.3.-Robos con violencia en establecimientos;2021;14
CIUDAD AUTÓNOMA DE MELILLA;5.3.3.-Robos con violencia en establecimientos;2020;16
CIUDAD AUTÓNOMA DE MELILLA;5.3.3.-Robos con violencia en establecimientos;2019;9
CIUDAD AUTÓNOMA DE MELILLA;5.3.3.-Robos con violencia en establecimientos;2018;10
CIUDAD AUTÓNOMA DE MELILLA;5.4.-Sustracción de vehículos;2024;16
CIUDAD AUTÓNOMA DE MELILLA;5.4.-Sustracción de vehículos;2023;13
CIUDAD AUTÓNOMA DE MELILLA;5.4.-Sustracción de vehículos;2022;12
CIUDAD AUTÓNOMA DE MELILLA;5.4.-Sustracción de vehículos;2021;12
CIUDAD AUTÓNOMA DE MELILLA;5.4.-Sustracción de vehículos;2020;13
CIUDAD AUTÓNOMA DE MELILLA;5.4.-Sustracción de vehículos;2019;9
CIUDAD AUTÓNOMA DE MELILLA;5.4.-Sustracción de vehículos;2018;22
CIUDAD AUTÓNOMA DE MELILLA;5.5.-Estafas;2024;77
CIUDAD AUTÓNOMA DE MELILLA;5.5.-Estafas;2023;26
CIUDAD AUTÓNOMA DE MELILLA;5.5.-Estafas;2022;35
CIUDAD AUTÓNOMA DE MELILLA;5.5.-Estafas;2021;22
CIUDAD AUTÓNOMA DE MELILLA;5.5.-Estafas;2020;35
CIUDAD AUTÓNOMA DE MELILLA;5.5.-Estafas;2019;33
CIUDAD AUTÓNOMA DE MELILLA;5.5.-Estafas;2018;23
CIUDAD AUTÓNOMA DE MELILLA;5.5.1.-Estafas informáticas;2024;40
CIUDAD AUTÓNOMA DE MELILLA;5.5.1.-Estafas informáticas;2023;11
CIUDAD AUTÓNOMA DE MELILLA;5.5.1.-Estafas informáticas;2022;20
CIUDAD AUTÓNOMA DE MELILLA;5.5.1.-Estafas informáticas;2021;12
CIUDAD AUTÓNOMA DE MELILLA;5.5.1.-Estafas informáticas;2020;10
CIUDAD AUTÓNOMA DE MELILLA;5.5.1.-Estafas informáticas;2019;16
CIUDAD AUTÓNOMA DE MELILLA;5.5.1.-Estafas informáticas;2018;10
CIUDAD AUTÓNOMA DE MELILLA;5.6.-Daños;2024;48
CIUDAD AUTÓNOMA DE MELILLA;5.6.-Daños;2023;39
CIUDAD AUTÓNOMA DE MELILLA;5.6.-Daños;2022;28
CIUDAD AUTÓNOMA DE MELILLA;5.6.-Daños;2021;62
CIUDAD AUTÓNOMA DE MELILLA;5.6.-Daños;2020;45
CIUDAD AUTÓNOMA DE MELILLA;5.6.-Daños;2019;31
CIUDAD AUTÓNOMA DE MELILLA;5.6.-Daños;2018;44
CIUDAD AUTÓNOMA DE MELILLA;5.7.-Contra la propiedad intelectual/industrial;2024;1
CIUDAD AUTÓNOMA DE MELILLA;5.7.-Contra la propiedad intelectual/industrial;2023;2
CIUDAD AUTÓNOMA DE MELILLA;5.7.-Contra la propiedad intelectual/industrial;2022;0
CIUDAD AUTÓNOMA DE MELILLA;5.7.-Contra la propiedad intelectual/industrial;2021;1
CIUDAD AUTÓNOMA DE MELILLA;5.7.-Contra la propiedad intelectual/industrial;2020;1
CIUDAD AUTÓNOMA DE MELILLA;5.7.-Contra la propiedad intelectual/industrial;2019;15
CIUDAD AUTÓNOMA DE MELILLA;5.7.-Contra la propiedad intelectual/industrial;2018;11
CIUDAD AUTÓNOMA DE MELILLA;5.8.-Blanqueo de capitales;2024;0
CIUDAD AUTÓNOMA DE MELILLA;5.8.-Blanqueo de capitales;2023;0
CIUDAD AUTÓNOMA DE MELILLA;5.8.-Blanqueo de capitales;2022;0
CIUDAD AUTÓNOMA DE MELILLA;5.8.-Blanqueo de capitales;2021;0
CIUDAD AUTÓNOMA DE MELILLA;5.8.-Blanqueo de capitales;2020;0
CIUDAD AUTÓNOMA DE MELILLA;5.8.-Blanqueo de capitales;2019;3
CIUDAD AUTÓNOMA DE MELILLA;5.8.-Blanqueo de capitales;2018;0
CIUDAD AUTÓNOMA DE MELILLA;5.9.-Otros contra el patrimonio;2024;36
CIUDAD AUTÓNOMA DE MELILLA;5.9.-Otros contra el patrimonio;2023;24
CIUDAD AUTÓNOMA DE MELILLA;5.9.-Otros contra el patrimonio;2022;19
CIUDAD AUTÓNOMA DE MELILLA;5.9.-Otros contra el patrimonio;2021;18
CIUDAD AUTÓNOMA DE MELILLA;5.9.-Otros contra el patrimonio;2020;25
CIUDAD AUTÓNOMA DE MELILLA;5.9.-Otros contra el patrimonio;2019;33
CIUDAD AUTÓNOMA DE MELILLA;5.9.-Otros contra el patrimonio;2018;21
CIUDAD AUTÓNOMA DE MELILLA;6. SEGURIDAD COLECTIVA;2024;212
CIUDAD AUTÓNOMA DE MELILLA;6. SEGURIDAD COLECTIVA;2023;346
CIUDAD AUTÓNOMA DE MELILLA;6. SEGURIDAD COLECTIVA;2022;320
CIUDAD AUTÓNOMA DE MELILLA;6. SEGURIDAD COLECTIVA;2021;374
CIUDAD AUTÓNOMA DE MELILLA;6. SEGURIDAD COLECTIVA;2020;332
CIUDAD AUTÓNOMA DE MELILLA;6. SEGURIDAD COLECTIVA;2019;343
CIUDAD AUTÓNOMA DE MELILLA;6. SEGURIDAD COLECTIVA;2018;306
CIUDAD AUTÓNOMA DE MELILLA;6.1.-Tráfico de drogas;2024;51
CIUDAD AUTÓNOMA DE MELILLA;6.1.-Tráfico de drogas;2023;102
CIUDAD AUTÓNOMA DE MELILLA;6.1.-Tráfico de drogas;2022;100
CIUDAD AUTÓNOMA DE MELILLA;6.1.-Tráfico de drogas;2021;227
CIUDAD AUTÓNOMA DE MELILLA;6.1.-Tráfico de drogas;2020;162
CIUDAD AUTÓNOMA DE MELILLA;6.1.-Tráfico de drogas;2019;98
CIUDAD AUTÓNOMA DE MELILLA;6.1.-Tráfico de drogas;2018;70
CIUDAD AUTÓNOMA DE MELILLA;6.2.-Contra la seguridad vial;2024;153
CIUDAD AUTÓNOMA DE MELILLA;6.2.-Contra la seguridad vial;2023;240
CIUDAD AUTÓNOMA DE MELILLA;6.2.-Contra la seguridad vial;2022;218
CIUDAD AUTÓNOMA DE MELILLA;6.2.-Contra la seguridad vial;2021;141
CIUDAD AUTÓNOMA DE MELILLA;6.2.-Contra la seguridad vial;2020;163
CIUDAD AUTÓNOMA DE MELILLA;6.2.-Contra la seguridad vial;2019;225
CIUDAD AUTÓNOMA DE MELILLA;6.2.-Contra la seguridad vial;2018;201
CIUDAD AUTÓNOMA DE MELILLA;6.3.-Otros contra la seguridad colectiva;2024;8
CIUDAD AUTÓNOMA DE MELILLA;6.3.-Otros contra la seguridad colectiva;2023;4
CIUDAD AUTÓNOMA DE MELILLA;6.3.-Otros contra la seguridad colectiva;2022;2
CIUDAD AUTÓNOMA DE MELILLA;6.3.-Otros contra la seguridad colectiva;2021;6
CIUDAD AUTÓNOMA DE MELILLA;6.3.-Otros contra la seguridad colectiva;2020;7
CIUDAD AUTÓNOMA DE MELILLA;6.3.-Otros contra la seguridad colectiva;2019;20
CIUDAD AUTÓNOMA DE MELILLA;6.3.-Otros contra la seguridad colectiva;2018;35
CIUDAD AUTÓNOMA DE MELILLA;7. FALSEDADES;2024;51
CIUDAD AUTÓNOMA DE MELILLA;7. FALSEDADES;2023;92
CIUDAD AUTÓNOMA DE MELILLA;7. FALSEDADES;2022;50
CIUDAD AUTÓNOMA DE MELILLA;7. FALSEDADES;2021;43
CIUDAD AUTÓNOMA DE MELILLA;7. FALSEDADES;2020;123
CIUDAD AUTÓNOMA DE MELILLA;7. FALSEDADES;2019;510
CIUDAD AUTÓNOMA DE MELILLA;7. FALSEDADES;2018;453
CIUDAD AUTÓNOMA DE MELILLA;8. ADMÓN. PÚBLICA;2024;52
CIUDAD AUTÓNOMA DE MELILLA;8. ADMÓN. PÚBLICA;2023;0
CIUDAD AUTÓNOMA DE MELILLA;8. ADMÓN. PÚBLICA;2022;2
CIUDAD AUTÓNOMA DE MELILLA;8. ADMÓN. PÚBLICA;2021;0
CIUDAD AUTÓNOMA DE MELILLA;8. ADMÓN. PÚBLICA;2020;1
CIUDAD AUTÓNOMA DE MELILLA;8. ADMÓN. PÚBLICA;2019;2
CIUDAD AUTÓNOMA DE MELILLA;8. ADMÓN. PÚBLICA;2018;0
CIUDAD AUTÓNOMA DE MELILLA;9. ADMÓN. JUSTICIA;2024;136
CIUDAD AUTÓNOMA DE MELILLA;9. ADMÓN. JUSTICIA;2023;102
CIUDAD AUTÓNOMA DE MELILLA;9. ADMÓN. JUSTICIA;2022;73
CIUDAD AUTÓNOMA DE MELILLA;9. ADMÓN. JUSTICIA;2021;61
CIUDAD AUTÓNOMA DE MELILLA;9. ADMÓN. JUSTICIA;2020;77
CIUDAD AUTÓNOMA DE MELILLA;9. ADMÓN. JUSTICIA;2019;77
CIUDAD AUTÓNOMA DE MELILLA;9. ADMÓN. JUSTICIA;2018;69
CIUDAD AUTÓNOMA DE MELILLA;10. ORDEN PÚBLICO;2024;115
CIUDAD AUTÓNOMA DE MELILLA;10. ORDEN PÚBLICO;2023;94
CIUDAD AUTÓNOMA DE MELILLA;10. ORDEN PÚBLICO;2022;97
CIUDAD AUTÓNOMA DE MELILLA;10. ORDEN PÚBLICO;2021;133
CIUDAD AUTÓNOMA DE MELILLA;10. ORDEN PÚBLICO;2020;225
CIUDAD AUTÓNOMA DE MELILLA;10. ORDEN PÚBLICO;2019;120
CIUDAD AUTÓNOMA DE MELILLA;10. ORDEN PÚBLICO;2018;138
CIUDAD AUTÓNOMA DE MELILLA;11. LEGISLACIÓN ESPECIAL;2024;3
CIUDAD AUTÓNOMA DE MELILLA;11. LEGISLACIÓN ESPECIAL;2023;15
CIUDAD AUTÓNOMA DE MELILLA;11. LEGISLACIÓN ESPECIAL;2022;0
CIUDAD AUTÓNOMA DE MELILLA;11. LEGISLACIÓN ESPECIAL;2021;2
CIUDAD AUTÓNOMA DE MELILLA;11. LEGISLACIÓN ESPECIAL;2020;0
CIUDAD AUTÓNOMA DE MELILLA;11. LEGISLACIÓN ESPECIAL;2019;4
CIUDAD AUTÓNOMA DE MELILLA;11. LEGISLACIÓN ESPECIAL;2018;1
CIUDAD AUTÓNOMA DE MELILLA;12. OTRAS INFRACCIONES PENALES;2024;34
CIUDAD AUTÓNOMA DE MELILLA;12. OTRAS INFRACCIONES PENALES;2023;43
CIUDAD AUTÓNOMA DE MELILLA;12. OTRAS INFRACCIONES PENALES;2022;80
CIUDAD AUTÓNOMA DE MELILLA;12. OTRAS INFRACCIONES PENALES;2021;51
CIUDAD AUTÓNOMA DE MELILLA;12. OTRAS INFRACCIONES PENALES;2020;57
CIUDAD AUTÓNOMA DE MELILLA;12. OTRAS INFRACCIONES PENALES;2019;185
CIUDAD AUTÓNOMA DE MELILLA;12. OTRAS INFRACCIONES PENALES;2018;158
CIUDAD AUTÓNOMA DE MELILLA;TOTAL INFRACCIONES PENALES;2024;1.735
CIUDAD AUTÓNOMA DE MELILLA;TOTAL INFRACCIONES PENALES;2023;1.717
CIUDAD AUTÓNOMA DE MELILLA;TOTAL INFRACCIONES PENALES;2022;1.539
CIUDAD AUTÓNOMA DE MELILLA;TOTAL INFRACCIONES PENALES;2021;1.689
CIUDAD AUTÓNOMA DE MELILLA;TOTAL INFRACCIONES PENALES;2020;2.094
CIUDAD AUTÓNOMA DE MELILLA;TOTAL INFRACCIONES PENALES;2019;2.789
CIUDAD AUTÓNOMA DE MELILLA;TOTAL INFRACCIONES PENALES;2018;2.592
