Provincias;Tipología penal;periodo;Total
Total Nacional;1. CONTRA LAS PERSONAS;2024;136.518
Total Nacional;1. CONTRA LAS PERSONAS;2023;132.332
Total Nacional;1. CONTRA LAS PERSONAS;2022;122.885
Total Nacional;1. CONTRA LAS PERSONAS;2021;108.154
Total Nacional;1. CONTRA LAS PERSONAS;2020;96.238
Total Nacional;1. CONTRA LAS PERSONAS;2019;95.194
Total Nacional;1. CONTRA LAS PERSONAS;2018;89.831
Total Nacional;1.1.-Homicidios dolosos/asesinatos;2024;1.674
Total Nacional;1.1.-Homicidios dolosos/asesinatos;2023;1.631
Total Nacional;1.1.-Homicidios dolosos/asesinatos;2022;1.500
Total Nacional;1.1.-Homicidios dolosos/asesinatos;2021;1.312
Total Nacional;1.1.-Homicidios dolosos/asesinatos;2020;1.225
Total Nacional;1.1.-Homicidios dolosos/asesinatos;2019;1.256
Total Nacional;1.1.-Homicidios dolosos/asesinatos;2018;1.204
Total Nacional;1.1.1.-Homicidios dolosos/asesinatos consumados;2024;415
Total Nacional;1.1.1.-Homicidios dolosos/asesinatos consumados;2023;399
Total Nacional;1.1.1.-Homicidios dolosos/asesinatos consumados;2022;375
Total Nacional;1.1.1.-Homicidios dolosos/asesinatos consumados;2021;360
Total Nacional;1.1.1.-Homicidios dolosos/asesinatos consumados;2020;377
Total Nacional;1.1.1.-Homicidios dolosos/asesinatos consumados;2019;363
Total Nacional;1.1.1.-Homicidios dolosos/asesinatos consumados;2018;340
Total Nacional;1.2.-Lesiones;2024;46.856
Total Nacional;1.2.-Lesiones;2023;45.598
Total Nacional;1.2.-Lesiones;2022;44.431
Total Nacional;1.2.-Lesiones;2021;38.573
Total Nacional;1.2.-Lesiones;2020;32.334
Total Nacional;1.2.-Lesiones;2019;33.570
Total Nacional;1.2.-Lesiones;2018;31.812
Total Nacional;1.3.-Malos tratos ámbito familiar;2024;83.936
Total Nacional;1.3.-Malos tratos ámbito familiar;2023;81.461
Total Nacional;1.3.-Malos tratos ámbito familiar;2022;73.876
Total Nacional;1.3.-Malos tratos ámbito familiar;2021;65.618
Total Nacional;1.3.-Malos tratos ámbito familiar;2020;60.547
Total Nacional;1.3.-Malos tratos ámbito familiar;2019;58.600
Total Nacional;1.3.-Malos tratos ámbito familiar;2018;55.153
Total Nacional;1.4.-Otros contra las personas;2024;4.052
Total Nacional;1.4.-Otros contra las personas;2023;3.642
Total Nacional;1.4.-Otros contra las personas;2022;3.078
Total Nacional;1.4.-Otros contra las personas;2021;2.651
Total Nacional;1.4.-Otros contra las personas;2020;2.132
Total Nacional;1.4.-Otros contra las personas;2019;1.768
Total Nacional;1.4.-Otros contra las personas;2018;1.662
Total Nacional;2. CONTRA LA LIBERTAD;2024;59.819
Total Nacional;2. CONTRA LA LIBERTAD;2023;58.423
Total Nacional;2. CONTRA LA LIBERTAD;2022;52.677
Total Nacional;2. CONTRA LA LIBERTAD;2021;49.856
Total Nacional;2. CONTRA LA LIBERTAD;2020;45.672
Total Nacional;2. CONTRA LA LIBERTAD;2019;40.383
Total Nacional;2. CONTRA LA LIBERTAD;2018;38.927
Total Nacional;2.1.-Malos tratos habituales en el ámbito familiar;2024;11.653
Total Nacional;2.1.-Malos tratos habituales en el ámbito familiar;2023;12.085
Total Nacional;2.1.-Malos tratos habituales en el ámbito familiar;2022;10.964
Total Nacional;2.1.-Malos tratos habituales en el ámbito familiar;2021;10.222
Total Nacional;2.1.-Malos tratos habituales en el ámbito familiar;2020;9.514
Total Nacional;2.1.-Malos tratos habituales en el ámbito familiar;2019;9.488
Total Nacional;2.1.-Malos tratos habituales en el ámbito familiar;2018;9.078
Total Nacional;2.2.-Otros contra la libertad;2024;48.166
Total Nacional;2.2.-Otros contra la libertad;2023;46.338
Total Nacional;2.2.-Otros contra la libertad;2022;41.713
Total Nacional;2.2.-Otros contra la libertad;2021;39.634
Total Nacional;2.2.-Otros contra la libertad;2020;36.158
Total Nacional;2.2.-Otros contra la libertad;2019;30.895
Total Nacional;2.2.-Otros contra la libertad;2018;29.849
Total Nacional;3. LIBERTAD SEXUAL;2024;14.375
Total Nacional;3. LIBERTAD SEXUAL;2023;13.767
Total Nacional;3. LIBERTAD SEXUAL;2022;11.699
Total Nacional;3. LIBERTAD SEXUAL;2021;10.477
Total Nacional;3. LIBERTAD SEXUAL;2020;7.991
Total Nacional;3. LIBERTAD SEXUAL;2019;8.983
Total Nacional;3. LIBERTAD SEXUAL;2018;8.288
Total Nacional;3.1.-Agresión sexual;2024;8.815
Total Nacional;3.1.-Agresión sexual;2023;8.232
Total Nacional;3.1.-Agresión sexual;2022;7.133
Total Nacional;3.1.-Agresión sexual;2021;6.252
Total Nacional;3.1.-Agresión sexual;2020;4.553
Total Nacional;3.1.-Agresión sexual;2019;5.151
Total Nacional;3.1.-Agresión sexual;2018;4.642
Total Nacional;3.2.-Agresión sexual con penetración;2024;3.244
Total Nacional;3.2.-Agresión sexual con penetración;2023;3.160
Total Nacional;3.2.-Agresión sexual con penetración;2022;2.755
Total Nacional;3.2.-Agresión sexual con penetración;2021;2.419
Total Nacional;3.2.-Agresión sexual con penetración;2020;1.860
Total Nacional;3.2.-Agresión sexual con penetración;2019;1.958
Total Nacional;3.2.-Agresión sexual con penetración;2018;1.829
Total Nacional;3.3.-Corrupción de menores o incapacitados;2024;176
Total Nacional;3.3.-Corrupción de menores o incapacitados;2023;191
Total Nacional;3.3.-Corrupción de menores o incapacitados;2022;221
Total Nacional;3.3.-Corrupción de menores o incapacitados;2021;211
Total Nacional;3.3.-Corrupción de menores o incapacitados;2020;163
Total Nacional;3.3.-Corrupción de menores o incapacitados;2019;191
Total Nacional;3.3.-Corrupción de menores o incapacitados;2018;185
Total Nacional;3.4.-Pornografía de menores;2024;623
Total Nacional;3.4.-Pornografía de menores;2023;649
Total Nacional;3.4.-Pornografía de menores;2022;467
Total Nacional;3.4.-Pornografía de menores;2021;467
Total Nacional;3.4.-Pornografía de menores;2020;453
Total Nacional;3.4.-Pornografía de menores;2019;615
Total Nacional;3.4.-Pornografía de menores;2018;677
Total Nacional;3.5.-Otros contra la libertad sexual;2024;1.517
Total Nacional;3.5.-Otros contra la libertad sexual;2023;1.535
Total Nacional;3.5.-Otros contra la libertad sexual;2022;1.123
Total Nacional;3.5.-Otros contra la libertad sexual;2021;1.128
Total Nacional;3.5.-Otros contra la libertad sexual;2020;962
Total Nacional;3.5.-Otros contra la libertad sexual;2019;1.068
Total Nacional;3.5.-Otros contra la libertad sexual;2018;955
Total Nacional;4. RELACIONES FAMILIARES;2024;2.570
Total Nacional;4. RELACIONES FAMILIARES;2023;2.655
Total Nacional;4. RELACIONES FAMILIARES;2022;2.509
Total Nacional;4. RELACIONES FAMILIARES;2021;2.472
Total Nacional;4. RELACIONES FAMILIARES;2020;2.339
Total Nacional;4. RELACIONES FAMILIARES;2019;1.549
Total Nacional;4. RELACIONES FAMILIARES;2018;1.687
Total Nacional;5. PATRIMONIO;2024;216.676
Total Nacional;5. PATRIMONIO;2023;204.374
Total Nacional;5. PATRIMONIO;2022;179.947
Total Nacional;5. PATRIMONIO;2021;151.436
Total Nacional;5. PATRIMONIO;2020;139.280
Total Nacional;5. PATRIMONIO;2019;144.958
Total Nacional;5. PATRIMONIO;2018;143.192
Total Nacional;5.1.-Hurtos;2024;96.412
Total Nacional;5.1.-Hurtos;2023;89.492
Total Nacional;5.1.-Hurtos;2022;74.111
Total Nacional;5.1.-Hurtos;2021;57.256
Total Nacional;5.1.-Hurtos;2020;49.103
Total Nacional;5.1.-Hurtos;2019;58.955
Total Nacional;5.1.-Hurtos;2018;59.652
Total Nacional;5.2.-Robos con fuerza en las cosas;2024;30.464
Total Nacional;5.2.-Robos con fuerza en las cosas;2023;30.866
Total Nacional;5.2.-Robos con fuerza en las cosas;2022;28.274
Total Nacional;5.2.-Robos con fuerza en las cosas;2021;25.263
Total Nacional;5.2.-Robos con fuerza en las cosas;2020;25.748
Total Nacional;5.2.-Robos con fuerza en las cosas;2019;29.401
Total Nacional;5.2.-Robos con fuerza en las cosas;2018;30.314
Total Nacional;5.2.1.-Robos con fuerza en las cosas en el interior de vehículos;2024;7.109
Total Nacional;5.2.1.-Robos con fuerza en las cosas en el interior de vehículos;2023;6.974
Total Nacional;5.2.1.-Robos con fuerza en las cosas en el interior de vehículos;2022;5.948
Total Nacional;5.2.1.-Robos con fuerza en las cosas en el interior de vehículos;2021;4.928
Total Nacional;5.2.1.-Robos con fuerza en las cosas en el interior de vehículos;2020;3.971
Total Nacional;5.2.1.-Robos con fuerza en las cosas en el interior de vehículos;2019;5.402
Total Nacional;5.2.1.-Robos con fuerza en las cosas en el interior de vehículos;2018;5.534
Total Nacional;5.2.2.-Robos con fuerza en viviendas;2024;8.575
Total Nacional;5.2.2.-Robos con fuerza en viviendas;2023;8.722
Total Nacional;5.2.2.-Robos con fuerza en viviendas;2022;8.249
Total Nacional;5.2.2.-Robos con fuerza en viviendas;2021;8.012
Total Nacional;5.2.2.-Robos con fuerza en viviendas;2020;8.563
Total Nacional;5.2.2.-Robos con fuerza en viviendas;2019;8.049
Total Nacional;5.2.2.-Robos con fuerza en viviendas;2018;8.662
Total Nacional;5.2.3.-Robos con fuerza en establecimientos;2024;7.184
Total Nacional;5.2.3.-Robos con fuerza en establecimientos;2023;7.697
Total Nacional;5.2.3.-Robos con fuerza en establecimientos;2022;6.828
Total Nacional;5.2.3.-Robos con fuerza en establecimientos;2021;6.116
Total Nacional;5.2.3.-Robos con fuerza en establecimientos;2020;6.515
Total Nacional;5.2.3.-Robos con fuerza en establecimientos;2019;6.070
Total Nacional;5.2.3.-Robos con fuerza en establecimientos;2018;5.798
Total Nacional;5.3.-Robos con violencia o intimidación;2024;21.616
Total Nacional;5.3.-Robos con violencia o intimidación;2023;20.790
Total Nacional;5.3.-Robos con violencia o intimidación;2022;18.478
Total Nacional;5.3.-Robos con violencia o intimidación;2021;15.567
Total Nacional;5.3.-Robos con violencia o intimidación;2020;14.160
Total Nacional;5.3.-Robos con violencia o intimidación;2019;18.253
Total Nacional;5.3.-Robos con violencia o intimidación;2018;15.491
Total Nacional;5.3.1.-Robos con violencia en vía pública;2024;12.733
Total Nacional;5.3.1.-Robos con violencia en vía pública;2023;12.246
Total Nacional;5.3.1.-Robos con violencia en vía pública;2022;11.104
Total Nacional;5.3.1.-Robos con violencia en vía pública;2021;9.095
Total Nacional;5.3.1.-Robos con violencia en vía pública;2020;8.029
Total Nacional;5.3.1.-Robos con violencia en vía pública;2019;7.725
Total Nacional;5.3.1.-Robos con violencia en vía pública;2018;6.395
Total Nacional;5.3.2.-Robos con violencia en viviendas;2024;1.572
Total Nacional;5.3.2.-Robos con violencia en viviendas;2023;1.413
Total Nacional;5.3.2.-Robos con violencia en viviendas;2022;1.204
Total Nacional;5.3.2.-Robos con violencia en viviendas;2021;1.332
Total Nacional;5.3.2.-Robos con violencia en viviendas;2020;1.295
Total Nacional;5.3.2.-Robos con violencia en viviendas;2019;1.153
Total Nacional;5.3.2.-Robos con violencia en viviendas;2018;1.178
Total Nacional;5.3.3.-Robos con violencia en establecimientos;2024;5.208
Total Nacional;5.3.3.-Robos con violencia en establecimientos;2023;4.884
Total Nacional;5.3.3.-Robos con violencia en establecimientos;2022;4.073
Total Nacional;5.3.3.-Robos con violencia en establecimientos;2021;3.292
Total Nacional;5.3.3.-Robos con violencia en establecimientos;2020;3.160
Total Nacional;5.3.3.-Robos con violencia en establecimientos;2019;3.037
Total Nacional;5.3.3.-Robos con violencia en establecimientos;2018;2.890
Total Nacional;5.4.-Sustracción de vehículos;2024;4.326
Total Nacional;5.4.-Sustracción de vehículos;2023;3.948
Total Nacional;5.4.-Sustracción de vehículos;2022;3.612
Total Nacional;5.4.-Sustracción de vehículos;2021;3.159
Total Nacional;5.4.-Sustracción de vehículos;2020;3.309
Total Nacional;5.4.-Sustracción de vehículos;2019;3.399
Total Nacional;5.4.-Sustracción de vehículos;2018;3.424
Total Nacional;5.5.-Estafas;2024;23.381
Total Nacional;5.5.-Estafas;2023;22.135
Total Nacional;5.5.-Estafas;2022;19.232
Total Nacional;5.5.-Estafas;2021;16.301
Total Nacional;5.5.-Estafas;2020;14.572
Total Nacional;5.5.-Estafas;2019;13.478
Total Nacional;5.5.-Estafas;2018;12.521
Total Nacional;5.5.1.-Estafas informáticas;2024;14.640
Total Nacional;5.5.1.-Estafas informáticas;2023;12.784
Total Nacional;5.5.1.-Estafas informáticas;2022;10.422
Total Nacional;5.5.1.-Estafas informáticas;2021;9.145
Total Nacional;5.5.1.-Estafas informáticas;2020;7.161
Total Nacional;5.5.1.-Estafas informáticas;2019;4.949
Total Nacional;5.5.1.-Estafas informáticas;2018;3.475
Total Nacional;5.6.-Daños;2024;13.088
Total Nacional;5.6.-Daños;2023;12.606
Total Nacional;5.6.-Daños;2022;12.671
Total Nacional;5.6.-Daños;2021;12.077
Total Nacional;5.6.-Daños;2020;10.554
Total Nacional;5.6.-Daños;2019;8.298
Total Nacional;5.6.-Daños;2018;8.013
Total Nacional;5.7.-Contra la propiedad intelectual/industrial;2024;1.594
Total Nacional;5.7.-Contra la propiedad intelectual/industrial;2023;1.327
Total Nacional;5.7.-Contra la propiedad intelectual/industrial;2022;1.245
Total Nacional;5.7.-Contra la propiedad intelectual/industrial;2021;1.056
Total Nacional;5.7.-Contra la propiedad intelectual/industrial;2020;843
Total Nacional;5.7.-Contra la propiedad intelectual/industrial;2019;1.795
Total Nacional;5.7.-Contra la propiedad intelectual/industrial;2018;2.273
Total Nacional;5.8.-Blanqueo de capitales;2024;844
Total Nacional;5.8.-Blanqueo de capitales;2023;642
Total Nacional;5.8.-Blanqueo de capitales;2022;690
Total Nacional;5.8.-Blanqueo de capitales;2021;651
Total Nacional;5.8.-Blanqueo de capitales;2020;502
Total Nacional;5.8.-Blanqueo de capitales;2019;602
Total Nacional;5.8.-Blanqueo de capitales;2018;701
Total Nacional;5.9.-Otros contra el patrimonio;2024;24.951
Total Nacional;5.9.-Otros contra el patrimonio;2023;22.568
Total Nacional;5.9.-Otros contra el patrimonio;2022;21.634
Total Nacional;5.9.-Otros contra el patrimonio;2021;20.106
Total Nacional;5.9.-Otros contra el patrimonio;2020;20.489
Total Nacional;5.9.-Otros contra el patrimonio;2019;10.777
Total Nacional;5.9.-Otros contra el patrimonio;2018;10.803
Total Nacional;6. SEGURIDAD COLECTIVA;2024;71.706
Total Nacional;6. SEGURIDAD COLECTIVA;2023;71.713
Total Nacional;6. SEGURIDAD COLECTIVA;2022;70.323
Total Nacional;6. SEGURIDAD COLECTIVA;2021;64.341
Total Nacional;6. SEGURIDAD COLECTIVA;2020;57.625
Total Nacional;6. SEGURIDAD COLECTIVA;2019;61.239
Total Nacional;6. SEGURIDAD COLECTIVA;2018;57.327
Total Nacional;6.1.-Tráfico de drogas;2024;26.194
Total Nacional;6.1.-Tráfico de drogas;2023;26.205
Total Nacional;6.1.-Tráfico de drogas;2022;24.029
Total Nacional;6.1.-Tráfico de drogas;2021;23.920
Total Nacional;6.1.-Tráfico de drogas;2020;22.771
Total Nacional;6.1.-Tráfico de drogas;2019;22.888
Total Nacional;6.1.-Tráfico de drogas;2018;20.350
Total Nacional;6.2.-Contra la seguridad vial;2024;43.129
Total Nacional;6.2.-Contra la seguridad vial;2023;43.614
Total Nacional;6.2.-Contra la seguridad vial;2022;44.548
Total Nacional;6.2.-Contra la seguridad vial;2021;38.996
Total Nacional;6.2.-Contra la seguridad vial;2020;33.526
Total Nacional;6.2.-Contra la seguridad vial;2019;36.861
Total Nacional;6.2.-Contra la seguridad vial;2018;34.894
Total Nacional;6.3.-Otros contra la seguridad colectiva;2024;2.383
Total Nacional;6.3.-Otros contra la seguridad colectiva;2023;1.894
Total Nacional;6.3.-Otros contra la seguridad colectiva;2022;1.746
Total Nacional;6.3.-Otros contra la seguridad colectiva;2021;1.425
Total Nacional;6.3.-Otros contra la seguridad colectiva;2020;1.328
Total Nacional;6.3.-Otros contra la seguridad colectiva;2019;1.490
Total Nacional;6.3.-Otros contra la seguridad colectiva;2018;2.083
Total Nacional;7. FALSEDADES;2024;11.386
Total Nacional;7. FALSEDADES;2023;11.124
Total Nacional;7. FALSEDADES;2022;11.132
Total Nacional;7. FALSEDADES;2021;11.739
Total Nacional;7. FALSEDADES;2020;9.519
Total Nacional;7. FALSEDADES;2019;11.288
Total Nacional;7. FALSEDADES;2018;11.014
Total Nacional;8. ADMÓN. PÚBLICA;2024;395
Total Nacional;8. ADMÓN. PÚBLICA;2023;297
Total Nacional;8. ADMÓN. PÚBLICA;2022;305
Total Nacional;8. ADMÓN. PÚBLICA;2021;370
Total Nacional;8. ADMÓN. PÚBLICA;2020;360
Total Nacional;8. ADMÓN. PÚBLICA;2019;446
Total Nacional;8. ADMÓN. PÚBLICA;2018;693
Total Nacional;9. ADMÓN. JUSTICIA;2024;31.785
Total Nacional;9. ADMÓN. JUSTICIA;2023;30.648
Total Nacional;9. ADMÓN. JUSTICIA;2022;27.099
Total Nacional;9. ADMÓN. JUSTICIA;2021;23.892
Total Nacional;9. ADMÓN. JUSTICIA;2020;22.722
Total Nacional;9. ADMÓN. JUSTICIA;2019;21.416
Total Nacional;9. ADMÓN. JUSTICIA;2018;20.045
Total Nacional;10. ORDEN PÚBLICO;2024;24.989
Total Nacional;10. ORDEN PÚBLICO;2023;24.453
Total Nacional;10. ORDEN PÚBLICO;2022;23.444
Total Nacional;10. ORDEN PÚBLICO;2021;23.962
Total Nacional;10. ORDEN PÚBLICO;2020;27.668
Total Nacional;10. ORDEN PÚBLICO;2019;19.712
Total Nacional;10. ORDEN PÚBLICO;2018;18.235
Total Nacional;11. LEGISLACIÓN ESPECIAL;2024;530
Total Nacional;11. LEGISLACIÓN ESPECIAL;2023;433
Total Nacional;11. LEGISLACIÓN ESPECIAL;2022;524
Total Nacional;11. LEGISLACIÓN ESPECIAL;2021;574
Total Nacional;11. LEGISLACIÓN ESPECIAL;2020;585
Total Nacional;11. LEGISLACIÓN ESPECIAL;2019;559
Total Nacional;11. LEGISLACIÓN ESPECIAL;2018;507
Total Nacional;12. OTRAS INFRACCIONES PENALES;2024;6.358
Total Nacional;12. OTRAS INFRACCIONES PENALES;2023;6.574
Total Nacional;12. OTRAS INFRACCIONES PENALES;2022;5.875
Total Nacional;12. OTRAS INFRACCIONES PENALES;2021;5.949
Total Nacional;12. OTRAS INFRACCIONES PENALES;2020;5.061
Total Nacional;12. OTRAS INFRACCIONES PENALES;2019;6.176
Total Nacional;12. OTRAS INFRACCIONES PENALES;2018;5.078
Total Nacional;TOTAL INFRACCIONES PENALES;2024;577.107
Total Nacional;TOTAL INFRACCIONES PENALES;2023;556.793
Total Nacional;TOTAL INFRACCIONES PENALES;2022;508.419
Total Nacional;TOTAL INFRACCIONES PENALES;2021;453.222
Total Nacional;TOTAL INFRACCIONES PENALES;2020;415.060
Total Nacional;TOTAL INFRACCIONES PENALES;2019;411.903
Total Nacional;TOTAL INFRACCIONES PENALES;2018;394.824
Araba/Álava;1. CONTRA LAS PERSONAS;2024;272
Araba/Álava;1. CONTRA LAS PERSONAS;2023;250
Araba/Álava;1. CONTRA LAS PERSONAS;2022;219
Araba/Álava;1. CONTRA LAS PERSONAS;2021;148
Araba/Álava;1. CONTRA LAS PERSONAS;2020;142
Araba/Álava;1. CONTRA LAS PERSONAS;2019;86
Araba/Álava;1. CONTRA LAS PERSONAS;2018;93
Araba/Álava;1.1.-Homicidios dolosos/asesinatos;2024;6
Araba/Álava;1.1.-Homicidios dolosos/asesinatos;2023;6
Araba/Álava;1.1.-Homicidios dolosos/asesinatos;2022;3
Araba/Álava;1.1.-Homicidios dolosos/asesinatos;2021;2
Araba/Álava;1.1.-Homicidios dolosos/asesinatos;2020;2
Araba/Álava;1.1.-Homicidios dolosos/asesinatos;2019;2
Araba/Álava;1.1.-Homicidios dolosos/asesinatos;2018;11
Araba/Álava;1.1.1.-Homicidios dolosos/asesinatos consumados;2024;1
Araba/Álava;1.1.1.-Homicidios dolosos/asesinatos consumados;2023;1
Araba/Álava;1.1.1.-Homicidios dolosos/asesinatos consumados;2022;0
Araba/Álava;1.1.1.-Homicidios dolosos/asesinatos consumados;2021;1
Araba/Álava;1.1.1.-Homicidios dolosos/asesinatos consumados;2020;1
Araba/Álava;1.1.1.-Homicidios dolosos/asesinatos consumados;2019;1
Araba/Álava;1.1.1.-Homicidios dolosos/asesinatos consumados;2018;2
Araba/Álava;1.2.-Lesiones;2024;79
Araba/Álava;1.2.-Lesiones;2023;69
Araba/Álava;1.2.-Lesiones;2022;73
Araba/Álava;1.2.-Lesiones;2021;60
Araba/Álava;1.2.-Lesiones;2020;38
Araba/Álava;1.2.-Lesiones;2019;27
Araba/Álava;1.2.-Lesiones;2018;37
Araba/Álava;1.3.-Malos tratos ámbito familiar;2024;185
Araba/Álava;1.3.-Malos tratos ámbito familiar;2023;173
Araba/Álava;1.3.-Malos tratos ámbito familiar;2022;135
Araba/Álava;1.3.-Malos tratos ámbito familiar;2021;85
Araba/Álava;1.3.-Malos tratos ámbito familiar;2020;100
Araba/Álava;1.3.-Malos tratos ámbito familiar;2019;57
Araba/Álava;1.3.-Malos tratos ámbito familiar;2018;40
Araba/Álava;1.4.-Otros contra las personas;2024;2
Araba/Álava;1.4.-Otros contra las personas;2023;2
Araba/Álava;1.4.-Otros contra las personas;2022;8
Araba/Álava;1.4.-Otros contra las personas;2021;1
Araba/Álava;1.4.-Otros contra las personas;2020;2
Araba/Álava;1.4.-Otros contra las personas;2019;0
Araba/Álava;1.4.-Otros contra las personas;2018;5
Araba/Álava;2. CONTRA LA LIBERTAD;2024;101
Araba/Álava;2. CONTRA LA LIBERTAD;2023;109
Araba/Álava;2. CONTRA LA LIBERTAD;2022;93
Araba/Álava;2. CONTRA LA LIBERTAD;2021;87
Araba/Álava;2. CONTRA LA LIBERTAD;2020;113
Araba/Álava;2. CONTRA LA LIBERTAD;2019;106
Araba/Álava;2. CONTRA LA LIBERTAD;2018;117
Araba/Álava;2.1.-Malos tratos habituales en el ámbito familiar;2024;43
Araba/Álava;2.1.-Malos tratos habituales en el ámbito familiar;2023;42
Araba/Álava;2.1.-Malos tratos habituales en el ámbito familiar;2022;49
Araba/Álava;2.1.-Malos tratos habituales en el ámbito familiar;2021;45
Araba/Álava;2.1.-Malos tratos habituales en el ámbito familiar;2020;86
Araba/Álava;2.1.-Malos tratos habituales en el ámbito familiar;2019;90
Araba/Álava;2.1.-Malos tratos habituales en el ámbito familiar;2018;96
Araba/Álava;2.2.-Otros contra la libertad;2024;58
Araba/Álava;2.2.-Otros contra la libertad;2023;67
Araba/Álava;2.2.-Otros contra la libertad;2022;44
Araba/Álava;2.2.-Otros contra la libertad;2021;42
Araba/Álava;2.2.-Otros contra la libertad;2020;27
Araba/Álava;2.2.-Otros contra la libertad;2019;16
Araba/Álava;2.2.-Otros contra la libertad;2018;21
Araba/Álava;3. LIBERTAD SEXUAL;2024;41
Araba/Álava;3. LIBERTAD SEXUAL;2023;25
Araba/Álava;3. LIBERTAD SEXUAL;2022;28
Araba/Álava;3. LIBERTAD SEXUAL;2021;32
Araba/Álava;3. LIBERTAD SEXUAL;2020;38
Araba/Álava;3. LIBERTAD SEXUAL;2019;37
Araba/Álava;3. LIBERTAD SEXUAL;2018;33
Araba/Álava;3.1.-Agresión sexual;2024;17
Araba/Álava;3.1.-Agresión sexual;2023;12
Araba/Álava;3.1.-Agresión sexual;2022;13
Araba/Álava;3.1.-Agresión sexual;2021;13
Araba/Álava;3.1.-Agresión sexual;2020;16
Araba/Álava;3.1.-Agresión sexual;2019;15
Araba/Álava;3.1.-Agresión sexual;2018;18
Araba/Álava;3.2.-Agresión sexual con penetración;2024;11
Araba/Álava;3.2.-Agresión sexual con penetración;2023;4
Araba/Álava;3.2.-Agresión sexual con penetración;2022;7
Araba/Álava;3.2.-Agresión sexual con penetración;2021;13
Araba/Álava;3.2.-Agresión sexual con penetración;2020;10
Araba/Álava;3.2.-Agresión sexual con penetración;2019;10
Araba/Álava;3.2.-Agresión sexual con penetración;2018;4
Araba/Álava;3.3.-Corrupción de menores o incapacitados;2024;1
Araba/Álava;3.3.-Corrupción de menores o incapacitados;2023;1
Araba/Álava;3.3.-Corrupción de menores o incapacitados;2022;5
Araba/Álava;3.3.-Corrupción de menores o incapacitados;2021;0
Araba/Álava;3.3.-Corrupción de menores o incapacitados;2020;0
Araba/Álava;3.3.-Corrupción de menores o incapacitados;2019;0
Araba/Álava;3.3.-Corrupción de menores o incapacitados;2018;4
Araba/Álava;3.4.-Pornografía de menores;2024;6
Araba/Álava;3.4.-Pornografía de menores;2023;4
Araba/Álava;3.4.-Pornografía de menores;2022;1
Araba/Álava;3.4.-Pornografía de menores;2021;6
Araba/Álava;3.4.-Pornografía de menores;2020;6
Araba/Álava;3.4.-Pornografía de menores;2019;5
Araba/Álava;3.4.-Pornografía de menores;2018;6
Araba/Álava;3.5.-Otros contra la libertad sexual;2024;6
Araba/Álava;3.5.-Otros contra la libertad sexual;2023;4
Araba/Álava;3.5.-Otros contra la libertad sexual;2022;2
Araba/Álava;3.5.-Otros contra la libertad sexual;2021;0
Araba/Álava;3.5.-Otros contra la libertad sexual;2020;6
Araba/Álava;3.5.-Otros contra la libertad sexual;2019;7
Araba/Álava;3.5.-Otros contra la libertad sexual;2018;1
Araba/Álava;4. RELACIONES FAMILIARES;2024;1
Araba/Álava;4. RELACIONES FAMILIARES;2023;1
Araba/Álava;4. RELACIONES FAMILIARES;2022;1
Araba/Álava;4. RELACIONES FAMILIARES;2021;0
Araba/Álava;4. RELACIONES FAMILIARES;2020;0
Araba/Álava;4. RELACIONES FAMILIARES;2019;3
Araba/Álava;4. RELACIONES FAMILIARES;2018;0
Araba/Álava;5. PATRIMONIO;2024;271
Araba/Álava;5. PATRIMONIO;2023;276
Araba/Álava;5. PATRIMONIO;2022;235
Araba/Álava;5. PATRIMONIO;2021;206
Araba/Álava;5. PATRIMONIO;2020;230
Araba/Álava;5. PATRIMONIO;2019;205
Araba/Álava;5. PATRIMONIO;2018;177
Araba/Álava;5.1.-Hurtos;2024;44
Araba/Álava;5.1.-Hurtos;2023;58
Araba/Álava;5.1.-Hurtos;2022;28
Araba/Álava;5.1.-Hurtos;2021;21
Araba/Álava;5.1.-Hurtos;2020;29
Araba/Álava;5.1.-Hurtos;2019;33
Araba/Álava;5.1.-Hurtos;2018;30
Araba/Álava;5.2.-Robos con fuerza en las cosas;2024;77
Araba/Álava;5.2.-Robos con fuerza en las cosas;2023;81
Araba/Álava;5.2.-Robos con fuerza en las cosas;2022;88
Araba/Álava;5.2.-Robos con fuerza en las cosas;2021;73
Araba/Álava;5.2.-Robos con fuerza en las cosas;2020;72
Araba/Álava;5.2.-Robos con fuerza en las cosas;2019;78
Araba/Álava;5.2.-Robos con fuerza en las cosas;2018;63
Araba/Álava;5.2.1.-Robos con fuerza en las cosas en el interior de vehículos;2024;0
Araba/Álava;5.2.1.-Robos con fuerza en las cosas en el interior de vehículos;2023;0
Araba/Álava;5.2.1.-Robos con fuerza en las cosas en el interior de vehículos;2022;0
Araba/Álava;5.2.1.-Robos con fuerza en las cosas en el interior de vehículos;2021;0
Araba/Álava;5.2.1.-Robos con fuerza en las cosas en el interior de vehículos;2020;0
Araba/Álava;5.2.1.-Robos con fuerza en las cosas en el interior de vehículos;2019;0
Araba/Álava;5.2.1.-Robos con fuerza en las cosas en el interior de vehículos;2018;0
Araba/Álava;5.2.2.-Robos con fuerza en viviendas;2024;26
Araba/Álava;5.2.2.-Robos con fuerza en viviendas;2023;13
Araba/Álava;5.2.2.-Robos con fuerza en viviendas;2022;24
Araba/Álava;5.2.2.-Robos con fuerza en viviendas;2021;14
Araba/Álava;5.2.2.-Robos con fuerza en viviendas;2020;15
Araba/Álava;5.2.2.-Robos con fuerza en viviendas;2019;26
Araba/Álava;5.2.2.-Robos con fuerza en viviendas;2018;26
Araba/Álava;5.2.3.-Robos con fuerza en establecimientos;2024;18
Araba/Álava;5.2.3.-Robos con fuerza en establecimientos;2023;32
Araba/Álava;5.2.3.-Robos con fuerza en establecimientos;2022;30
Araba/Álava;5.2.3.-Robos con fuerza en establecimientos;2021;34
Araba/Álava;5.2.3.-Robos con fuerza en establecimientos;2020;29
Araba/Álava;5.2.3.-Robos con fuerza en establecimientos;2019;24
Araba/Álava;5.2.3.-Robos con fuerza en establecimientos;2018;9
Araba/Álava;5.3.-Robos con violencia o intimidación;2024;73
Araba/Álava;5.3.-Robos con violencia o intimidación;2023;41
Araba/Álava;5.3.-Robos con violencia o intimidación;2022;26
Araba/Álava;5.3.-Robos con violencia o intimidación;2021;58
Araba/Álava;5.3.-Robos con violencia o intimidación;2020;43
Araba/Álava;5.3.-Robos con violencia o intimidación;2019;48
Araba/Álava;5.3.-Robos con violencia o intimidación;2018;41
Araba/Álava;5.3.1.-Robos con violencia en vía pública;2024;57
Araba/Álava;5.3.1.-Robos con violencia en vía pública;2023;16
Araba/Álava;5.3.1.-Robos con violencia en vía pública;2022;18
Araba/Álava;5.3.1.-Robos con violencia en vía pública;2021;41
Araba/Álava;5.3.1.-Robos con violencia en vía pública;2020;24
Araba/Álava;5.3.1.-Robos con violencia en vía pública;2019;25
Araba/Álava;5.3.1.-Robos con violencia en vía pública;2018;26
Araba/Álava;5.3.2.-Robos con violencia en viviendas;2024;2
Araba/Álava;5.3.2.-Robos con violencia en viviendas;2023;8
Araba/Álava;5.3.2.-Robos con violencia en viviendas;2022;4
Araba/Álava;5.3.2.-Robos con violencia en viviendas;2021;5
Araba/Álava;5.3.2.-Robos con violencia en viviendas;2020;4
Araba/Álava;5.3.2.-Robos con violencia en viviendas;2019;0
Araba/Álava;5.3.2.-Robos con violencia en viviendas;2018;1
Araba/Álava;5.3.3.-Robos con violencia en establecimientos;2024;10
Araba/Álava;5.3.3.-Robos con violencia en establecimientos;2023;11
Araba/Álava;5.3.3.-Robos con violencia en establecimientos;2022;4
Araba/Álava;5.3.3.-Robos con violencia en establecimientos;2021;10
Araba/Álava;5.3.3.-Robos con violencia en establecimientos;2020;9
Araba/Álava;5.3.3.-Robos con violencia en establecimientos;2019;14
Araba/Álava;5.3.3.-Robos con violencia en establecimientos;2018;13
Araba/Álava;5.4.-Sustracción de vehículos;2024;5
Araba/Álava;5.4.-Sustracción de vehículos;2023;7
Araba/Álava;5.4.-Sustracción de vehículos;2022;4
Araba/Álava;5.4.-Sustracción de vehículos;2021;5
Araba/Álava;5.4.-Sustracción de vehículos;2020;6
Araba/Álava;5.4.-Sustracción de vehículos;2019;7
Araba/Álava;5.4.-Sustracción de vehículos;2018;5
Araba/Álava;5.5.-Estafas;2024;34
Araba/Álava;5.5.-Estafas;2023;47
Araba/Álava;5.5.-Estafas;2022;56
Araba/Álava;5.5.-Estafas;2021;28
Araba/Álava;5.5.-Estafas;2020;42
Araba/Álava;5.5.-Estafas;2019;23
Araba/Álava;5.5.-Estafas;2018;23
Araba/Álava;5.5.1.-Estafas informáticas;2024;986
Araba/Álava;5.5.1.-Estafas informáticas;2023;488
Araba/Álava;5.5.1.-Estafas informáticas;2022;526
Araba/Álava;5.5.1.-Estafas informáticas;2021;513
Araba/Álava;5.5.1.-Estafas informáticas;2020;310
Araba/Álava;5.5.1.-Estafas informáticas;2019;165
Araba/Álava;5.5.1.-Estafas informáticas;2018;139
Araba/Álava;5.6.-Daños;2024;16
Araba/Álava;5.6.-Daños;2023;13
Araba/Álava;5.6.-Daños;2022;15
Araba/Álava;5.6.-Daños;2021;16
Araba/Álava;5.6.-Daños;2020;15
Araba/Álava;5.6.-Daños;2019;8
Araba/Álava;5.6.-Daños;2018;13
Araba/Álava;5.7.-Contra la propiedad intelectual/industrial;2024;2
Araba/Álava;5.7.-Contra la propiedad intelectual/industrial;2023;14
Araba/Álava;5.7.-Contra la propiedad intelectual/industrial;2022;2
Araba/Álava;5.7.-Contra la propiedad intelectual/industrial;2021;1
Araba/Álava;5.7.-Contra la propiedad intelectual/industrial;2020;0
Araba/Álava;5.7.-Contra la propiedad intelectual/industrial;2019;1
Araba/Álava;5.7.-Contra la propiedad intelectual/industrial;2018;1
Araba/Álava;5.8.-Blanqueo de capitales;2024;0
Araba/Álava;5.8.-Blanqueo de capitales;2023;0
Araba/Álava;5.8.-Blanqueo de capitales;2022;10
Araba/Álava;5.8.-Blanqueo de capitales;2021;0
Araba/Álava;5.8.-Blanqueo de capitales;2020;9
Araba/Álava;5.8.-Blanqueo de capitales;2019;0
Araba/Álava;5.8.-Blanqueo de capitales;2018;0
Araba/Álava;5.9.-Otros contra el patrimonio;2024;20
Araba/Álava;5.9.-Otros contra el patrimonio;2023;15
Araba/Álava;5.9.-Otros contra el patrimonio;2022;6
Araba/Álava;5.9.-Otros contra el patrimonio;2021;4
Araba/Álava;5.9.-Otros contra el patrimonio;2020;14
Araba/Álava;5.9.-Otros contra el patrimonio;2019;7
Araba/Álava;5.9.-Otros contra el patrimonio;2018;1
Araba/Álava;6. SEGURIDAD COLECTIVA;2024;94
Araba/Álava;6. SEGURIDAD COLECTIVA;2023;97
Araba/Álava;6. SEGURIDAD COLECTIVA;2022;82
Araba/Álava;6. SEGURIDAD COLECTIVA;2021;79
Araba/Álava;6. SEGURIDAD COLECTIVA;2020;79
Araba/Álava;6. SEGURIDAD COLECTIVA;2019;67
Araba/Álava;6. SEGURIDAD COLECTIVA;2018;68
Araba/Álava;6.1.-Tráfico de drogas;2024;77
Araba/Álava;6.1.-Tráfico de drogas;2023;84
Araba/Álava;6.1.-Tráfico de drogas;2022;71
Araba/Álava;6.1.-Tráfico de drogas;2021;72
Araba/Álava;6.1.-Tráfico de drogas;2020;68
Araba/Álava;6.1.-Tráfico de drogas;2019;49
Araba/Álava;6.1.-Tráfico de drogas;2018;54
Araba/Álava;6.2.-Contra la seguridad vial;2024;12
Araba/Álava;6.2.-Contra la seguridad vial;2023;9
Araba/Álava;6.2.-Contra la seguridad vial;2022;4
Araba/Álava;6.2.-Contra la seguridad vial;2021;5
Araba/Álava;6.2.-Contra la seguridad vial;2020;9
Araba/Álava;6.2.-Contra la seguridad vial;2019;15
Araba/Álava;6.2.-Contra la seguridad vial;2018;14
Araba/Álava;6.3.-Otros contra la seguridad colectiva;2024;5
Araba/Álava;6.3.-Otros contra la seguridad colectiva;2023;4
Araba/Álava;6.3.-Otros contra la seguridad colectiva;2022;7
Araba/Álava;6.3.-Otros contra la seguridad colectiva;2021;2
Araba/Álava;6.3.-Otros contra la seguridad colectiva;2020;2
Araba/Álava;6.3.-Otros contra la seguridad colectiva;2019;3
Araba/Álava;6.3.-Otros contra la seguridad colectiva;2018;0
Araba/Álava;7. FALSEDADES;2024;27
Araba/Álava;7. FALSEDADES;2023;16
Araba/Álava;7. FALSEDADES;2022;29
Araba/Álava;7. FALSEDADES;2021;47
Araba/Álava;7. FALSEDADES;2020;26
Araba/Álava;7. FALSEDADES;2019;36
Araba/Álava;7. FALSEDADES;2018;39
Araba/Álava;8. ADMÓN. PÚBLICA;2024;3
Araba/Álava;8. ADMÓN. PÚBLICA;2023;1
Araba/Álava;8. ADMÓN. PÚBLICA;2022;5
Araba/Álava;8. ADMÓN. PÚBLICA;2021;1
Araba/Álava;8. ADMÓN. PÚBLICA;2020;0
Araba/Álava;8. ADMÓN. PÚBLICA;2019;0
Araba/Álava;8. ADMÓN. PÚBLICA;2018;1
Araba/Álava;9. ADMÓN. JUSTICIA;2024;128
Araba/Álava;9. ADMÓN. JUSTICIA;2023;88
Araba/Álava;9. ADMÓN. JUSTICIA;2022;73
Araba/Álava;9. ADMÓN. JUSTICIA;2021;52
Araba/Álava;9. ADMÓN. JUSTICIA;2020;36
Araba/Álava;9. ADMÓN. JUSTICIA;2019;48
Araba/Álava;9. ADMÓN. JUSTICIA;2018;38
Araba/Álava;10. ORDEN PÚBLICO;2024;153
Araba/Álava;10. ORDEN PÚBLICO;2023;163
Araba/Álava;10. ORDEN PÚBLICO;2022;200
Araba/Álava;10. ORDEN PÚBLICO;2021;172
Araba/Álava;10. ORDEN PÚBLICO;2020;178
Araba/Álava;10. ORDEN PÚBLICO;2019;109
Araba/Álava;10. ORDEN PÚBLICO;2018;106
Araba/Álava;11. LEGISLACIÓN ESPECIAL;2024;3
Araba/Álava;11. LEGISLACIÓN ESPECIAL;2023;4
Araba/Álava;11. LEGISLACIÓN ESPECIAL;2022;0
Araba/Álava;11. LEGISLACIÓN ESPECIAL;2021;0
Araba/Álava;11. LEGISLACIÓN ESPECIAL;2020;0
Araba/Álava;11. LEGISLACIÓN ESPECIAL;2019;0
Araba/Álava;11. LEGISLACIÓN ESPECIAL;2018;0
Araba/Álava;12. OTRAS INFRACCIONES PENALES;2024;13
Araba/Álava;12. OTRAS INFRACCIONES PENALES;2023;15
Araba/Álava;12. OTRAS INFRACCIONES PENALES;2022;14
Araba/Álava;12. OTRAS INFRACCIONES PENALES;2021;3
Araba/Álava;12. OTRAS INFRACCIONES PENALES;2020;11
Araba/Álava;12. OTRAS INFRACCIONES PENALES;2019;2
Araba/Álava;12. OTRAS INFRACCIONES PENALES;2018;6
Araba/Álava;TOTAL INFRACCIONES PENALES;2024;1.107
Araba/Álava;TOTAL INFRACCIONES PENALES;2023;1.045
Araba/Álava;TOTAL INFRACCIONES PENALES;2022;979
Araba/Álava;TOTAL INFRACCIONES PENALES;2021;827
Araba/Álava;TOTAL INFRACCIONES PENALES;2020;853
Araba/Álava;TOTAL INFRACCIONES PENALES;2019;699
Araba/Álava;TOTAL INFRACCIONES PENALES;2018;678
Albacete;1. CONTRA LAS PERSONAS;2024;1.075
Albacete;1. CONTRA LAS PERSONAS;2023;1.076
Albacete;1. CONTRA LAS PERSONAS;2022;1.013
Albacete;1. CONTRA LAS PERSONAS;2021;890
Albacete;1. CONTRA LAS PERSONAS;2020;856
Albacete;1. CONTRA LAS PERSONAS;2019;1.023
Albacete;1. CONTRA LAS PERSONAS;2018;885
Albacete;1.1.-Homicidios dolosos/asesinatos;2024;3
Albacete;1.1.-Homicidios dolosos/asesinatos;2023;12
Albacete;1.1.-Homicidios dolosos/asesinatos;2022;15
Albacete;1.1.-Homicidios dolosos/asesinatos;2021;10
Albacete;1.1.-Homicidios dolosos/asesinatos;2020;4
Albacete;1.1.-Homicidios dolosos/asesinatos;2019;2
Albacete;1.1.-Homicidios dolosos/asesinatos;2018;9
Albacete;1.1.1.-Homicidios dolosos/asesinatos consumados;2024;0
Albacete;1.1.1.-Homicidios dolosos/asesinatos consumados;2023;6
Albacete;1.1.1.-Homicidios dolosos/asesinatos consumados;2022;2
Albacete;1.1.1.-Homicidios dolosos/asesinatos consumados;2021;1
Albacete;1.1.1.-Homicidios dolosos/asesinatos consumados;2020;2
Albacete;1.1.1.-Homicidios dolosos/asesinatos consumados;2019;0
Albacete;1.1.1.-Homicidios dolosos/asesinatos consumados;2018;3
Albacete;1.2.-Lesiones;2024;411
Albacete;1.2.-Lesiones;2023;430
Albacete;1.2.-Lesiones;2022;384
Albacete;1.2.-Lesiones;2021;318
Albacete;1.2.-Lesiones;2020;296
Albacete;1.2.-Lesiones;2019;404
Albacete;1.2.-Lesiones;2018;356
Albacete;1.3.-Malos tratos ámbito familiar;2024;652
Albacete;1.3.-Malos tratos ámbito familiar;2023;607
Albacete;1.3.-Malos tratos ámbito familiar;2022;599
Albacete;1.3.-Malos tratos ámbito familiar;2021;522
Albacete;1.3.-Malos tratos ámbito familiar;2020;510
Albacete;1.3.-Malos tratos ámbito familiar;2019;558
Albacete;1.3.-Malos tratos ámbito familiar;2018;511
Albacete;1.4.-Otros contra las personas;2024;9
Albacete;1.4.-Otros contra las personas;2023;27
Albacete;1.4.-Otros contra las personas;2022;15
Albacete;1.4.-Otros contra las personas;2021;40
Albacete;1.4.-Otros contra las personas;2020;46
Albacete;1.4.-Otros contra las personas;2019;59
Albacete;1.4.-Otros contra las personas;2018;9
Albacete;2. CONTRA LA LIBERTAD;2024;451
Albacete;2. CONTRA LA LIBERTAD;2023;387
Albacete;2. CONTRA LA LIBERTAD;2022;409
Albacete;2. CONTRA LA LIBERTAD;2021;449
Albacete;2. CONTRA LA LIBERTAD;2020;324
Albacete;2. CONTRA LA LIBERTAD;2019;386
Albacete;2. CONTRA LA LIBERTAD;2018;393
Albacete;2.1.-Malos tratos habituales en el ámbito familiar;2024;88
Albacete;2.1.-Malos tratos habituales en el ámbito familiar;2023;82
Albacete;2.1.-Malos tratos habituales en el ámbito familiar;2022;99
Albacete;2.1.-Malos tratos habituales en el ámbito familiar;2021;94
Albacete;2.1.-Malos tratos habituales en el ámbito familiar;2020;62
Albacete;2.1.-Malos tratos habituales en el ámbito familiar;2019;66
Albacete;2.1.-Malos tratos habituales en el ámbito familiar;2018;71
Albacete;2.2.-Otros contra la libertad;2024;363
Albacete;2.2.-Otros contra la libertad;2023;305
Albacete;2.2.-Otros contra la libertad;2022;310
Albacete;2.2.-Otros contra la libertad;2021;355
Albacete;2.2.-Otros contra la libertad;2020;262
Albacete;2.2.-Otros contra la libertad;2019;320
Albacete;2.2.-Otros contra la libertad;2018;322
Albacete;3. LIBERTAD SEXUAL;2024;115
Albacete;3. LIBERTAD SEXUAL;2023;105
Albacete;3. LIBERTAD SEXUAL;2022;96
Albacete;3. LIBERTAD SEXUAL;2021;86
Albacete;3. LIBERTAD SEXUAL;2020;61
Albacete;3. LIBERTAD SEXUAL;2019;83
Albacete;3. LIBERTAD SEXUAL;2018;82
Albacete;3.1.-Agresión sexual;2024;72
Albacete;3.1.-Agresión sexual;2023;69
Albacete;3.1.-Agresión sexual;2022;59
Albacete;3.1.-Agresión sexual;2021;58
Albacete;3.1.-Agresión sexual;2020;44
Albacete;3.1.-Agresión sexual;2019;46
Albacete;3.1.-Agresión sexual;2018;52
Albacete;3.2.-Agresión sexual con penetración;2024;16
Albacete;3.2.-Agresión sexual con penetración;2023;23
Albacete;3.2.-Agresión sexual con penetración;2022;27
Albacete;3.2.-Agresión sexual con penetración;2021;14
Albacete;3.2.-Agresión sexual con penetración;2020;6
Albacete;3.2.-Agresión sexual con penetración;2019;14
Albacete;3.2.-Agresión sexual con penetración;2018;15
Albacete;3.3.-Corrupción de menores o incapacitados;2024;3
Albacete;3.3.-Corrupción de menores o incapacitados;2023;0
Albacete;3.3.-Corrupción de menores o incapacitados;2022;0
Albacete;3.3.-Corrupción de menores o incapacitados;2021;1
Albacete;3.3.-Corrupción de menores o incapacitados;2020;4
Albacete;3.3.-Corrupción de menores o incapacitados;2019;2
Albacete;3.3.-Corrupción de menores o incapacitados;2018;6
Albacete;3.4.-Pornografía de menores;2024;7
Albacete;3.4.-Pornografía de menores;2023;6
Albacete;3.4.-Pornografía de menores;2022;6
Albacete;3.4.-Pornografía de menores;2021;4
Albacete;3.4.-Pornografía de menores;2020;4
Albacete;3.4.-Pornografía de menores;2019;12
Albacete;3.4.-Pornografía de menores;2018;6
Albacete;3.5.-Otros contra la libertad sexual;2024;17
Albacete;3.5.-Otros contra la libertad sexual;2023;7
Albacete;3.5.-Otros contra la libertad sexual;2022;4
Albacete;3.5.-Otros contra la libertad sexual;2021;9
Albacete;3.5.-Otros contra la libertad sexual;2020;3
Albacete;3.5.-Otros contra la libertad sexual;2019;9
Albacete;3.5.-Otros contra la libertad sexual;2018;3
Albacete;4. RELACIONES FAMILIARES;2024;13
Albacete;4. RELACIONES FAMILIARES;2023;22
Albacete;4. RELACIONES FAMILIARES;2022;27
Albacete;4. RELACIONES FAMILIARES;2021;23
Albacete;4. RELACIONES FAMILIARES;2020;26
Albacete;4. RELACIONES FAMILIARES;2019;45
Albacete;4. RELACIONES FAMILIARES;2018;36
Albacete;5. PATRIMONIO;2024;1.642
Albacete;5. PATRIMONIO;2023;1.587
Albacete;5. PATRIMONIO;2022;1.387
Albacete;5. PATRIMONIO;2021;1.091
Albacete;5. PATRIMONIO;2020;1.042
Albacete;5. PATRIMONIO;2019;1.286
Albacete;5. PATRIMONIO;2018;1.399
Albacete;5.1.-Hurtos;2024;706
Albacete;5.1.-Hurtos;2023;723
Albacete;5.1.-Hurtos;2022;597
Albacete;5.1.-Hurtos;2021;443
Albacete;5.1.-Hurtos;2020;404
Albacete;5.1.-Hurtos;2019;554
Albacete;5.1.-Hurtos;2018;562
Albacete;5.2.-Robos con fuerza en las cosas;2024;291
Albacete;5.2.-Robos con fuerza en las cosas;2023;279
Albacete;5.2.-Robos con fuerza en las cosas;2022;219
Albacete;5.2.-Robos con fuerza en las cosas;2021;177
Albacete;5.2.-Robos con fuerza en las cosas;2020;201
Albacete;5.2.-Robos con fuerza en las cosas;2019;241
Albacete;5.2.-Robos con fuerza en las cosas;2018;323
Albacete;5.2.1.-Robos con fuerza en las cosas en el interior de vehículos;2024;45
Albacete;5.2.1.-Robos con fuerza en las cosas en el interior de vehículos;2023;44
Albacete;5.2.1.-Robos con fuerza en las cosas en el interior de vehículos;2022;41
Albacete;5.2.1.-Robos con fuerza en las cosas en el interior de vehículos;2021;32
Albacete;5.2.1.-Robos con fuerza en las cosas en el interior de vehículos;2020;37
Albacete;5.2.1.-Robos con fuerza en las cosas en el interior de vehículos;2019;54
Albacete;5.2.1.-Robos con fuerza en las cosas en el interior de vehículos;2018;72
Albacete;5.2.2.-Robos con fuerza en viviendas;2024;110
Albacete;5.2.2.-Robos con fuerza en viviendas;2023;83
Albacete;5.2.2.-Robos con fuerza en viviendas;2022;90
Albacete;5.2.2.-Robos con fuerza en viviendas;2021;68
Albacete;5.2.2.-Robos con fuerza en viviendas;2020;100
Albacete;5.2.2.-Robos con fuerza en viviendas;2019;88
Albacete;5.2.2.-Robos con fuerza en viviendas;2018;122
Albacete;5.2.3.-Robos con fuerza en establecimientos;2024;46
Albacete;5.2.3.-Robos con fuerza en establecimientos;2023;55
Albacete;5.2.3.-Robos con fuerza en establecimientos;2022;42
Albacete;5.2.3.-Robos con fuerza en establecimientos;2021;43
Albacete;5.2.3.-Robos con fuerza en establecimientos;2020;23
Albacete;5.2.3.-Robos con fuerza en establecimientos;2019;42
Albacete;5.2.3.-Robos con fuerza en establecimientos;2018;49
Albacete;5.3.-Robos con violencia o intimidación;2024;146
Albacete;5.3.-Robos con violencia o intimidación;2023;135
Albacete;5.3.-Robos con violencia o intimidación;2022;104
Albacete;5.3.-Robos con violencia o intimidación;2021;83
Albacete;5.3.-Robos con violencia o intimidación;2020;58
Albacete;5.3.-Robos con violencia o intimidación;2019;111
Albacete;5.3.-Robos con violencia o intimidación;2018;107
Albacete;5.3.1.-Robos con violencia en vía pública;2024;69
Albacete;5.3.1.-Robos con violencia en vía pública;2023;68
Albacete;5.3.1.-Robos con violencia en vía pública;2022;54
Albacete;5.3.1.-Robos con violencia en vía pública;2021;39
Albacete;5.3.1.-Robos con violencia en vía pública;2020;34
Albacete;5.3.1.-Robos con violencia en vía pública;2019;58
Albacete;5.3.1.-Robos con violencia en vía pública;2018;60
Albacete;5.3.2.-Robos con violencia en viviendas;2024;23
Albacete;5.3.2.-Robos con violencia en viviendas;2023;25
Albacete;5.3.2.-Robos con violencia en viviendas;2022;13
Albacete;5.3.2.-Robos con violencia en viviendas;2021;12
Albacete;5.3.2.-Robos con violencia en viviendas;2020;4
Albacete;5.3.2.-Robos con violencia en viviendas;2019;9
Albacete;5.3.2.-Robos con violencia en viviendas;2018;18
Albacete;5.3.3.-Robos con violencia en establecimientos;2024;38
Albacete;5.3.3.-Robos con violencia en establecimientos;2023;31
Albacete;5.3.3.-Robos con violencia en establecimientos;2022;23
Albacete;5.3.3.-Robos con violencia en establecimientos;2021;23
Albacete;5.3.3.-Robos con violencia en establecimientos;2020;16
Albacete;5.3.3.-Robos con violencia en establecimientos;2019;15
Albacete;5.3.3.-Robos con violencia en establecimientos;2018;16
Albacete;5.4.-Sustracción de vehículos;2024;18
Albacete;5.4.-Sustracción de vehículos;2023;30
Albacete;5.4.-Sustracción de vehículos;2022;16
Albacete;5.4.-Sustracción de vehículos;2021;16
Albacete;5.4.-Sustracción de vehículos;2020;6
Albacete;5.4.-Sustracción de vehículos;2019;16
Albacete;5.4.-Sustracción de vehículos;2018;13
Albacete;5.5.-Estafas;2024;233
Albacete;5.5.-Estafas;2023;194
Albacete;5.5.-Estafas;2022;194
Albacete;5.5.-Estafas;2021;158
Albacete;5.5.-Estafas;2020;143
Albacete;5.5.-Estafas;2019;145
Albacete;5.5.-Estafas;2018;122
Albacete;5.5.1.-Estafas informáticas;2024;179
Albacete;5.5.1.-Estafas informáticas;2023;129
Albacete;5.5.1.-Estafas informáticas;2022;135
Albacete;5.5.1.-Estafas informáticas;2021;101
Albacete;5.5.1.-Estafas informáticas;2020;91
Albacete;5.5.1.-Estafas informáticas;2019;45
Albacete;5.5.1.-Estafas informáticas;2018;44
Albacete;5.6.-Daños;2024;118
Albacete;5.6.-Daños;2023;113
Albacete;5.6.-Daños;2022;105
Albacete;5.6.-Daños;2021;97
Albacete;5.6.-Daños;2020;80
Albacete;5.6.-Daños;2019;82
Albacete;5.6.-Daños;2018;133
Albacete;5.7.-Contra la propiedad intelectual/industrial;2024;24
Albacete;5.7.-Contra la propiedad intelectual/industrial;2023;5
Albacete;5.7.-Contra la propiedad intelectual/industrial;2022;2
Albacete;5.7.-Contra la propiedad intelectual/industrial;2021;7
Albacete;5.7.-Contra la propiedad intelectual/industrial;2020;4
Albacete;5.7.-Contra la propiedad intelectual/industrial;2019;15
Albacete;5.7.-Contra la propiedad intelectual/industrial;2018;42
Albacete;5.8.-Blanqueo de capitales;2024;3
Albacete;5.8.-Blanqueo de capitales;2023;2
Albacete;5.8.-Blanqueo de capitales;2022;9
Albacete;5.8.-Blanqueo de capitales;2021;1
Albacete;5.8.-Blanqueo de capitales;2020;0
Albacete;5.8.-Blanqueo de capitales;2019;28
Albacete;5.8.-Blanqueo de capitales;2018;10
Albacete;5.9.-Otros contra el patrimonio;2024;103
Albacete;5.9.-Otros contra el patrimonio;2023;106
Albacete;5.9.-Otros contra el patrimonio;2022;141
Albacete;5.9.-Otros contra el patrimonio;2021;109
Albacete;5.9.-Otros contra el patrimonio;2020;146
Albacete;5.9.-Otros contra el patrimonio;2019;94
Albacete;5.9.-Otros contra el patrimonio;2018;87
Albacete;6. SEGURIDAD COLECTIVA;2024;489
Albacete;6. SEGURIDAD COLECTIVA;2023;472
Albacete;6. SEGURIDAD COLECTIVA;2022;433
Albacete;6. SEGURIDAD COLECTIVA;2021;438
Albacete;6. SEGURIDAD COLECTIVA;2020;347
Albacete;6. SEGURIDAD COLECTIVA;2019;505
Albacete;6. SEGURIDAD COLECTIVA;2018;439
Albacete;6.1.-Tráfico de drogas;2024;175
Albacete;6.1.-Tráfico de drogas;2023;188
Albacete;6.1.-Tráfico de drogas;2022;152
Albacete;6.1.-Tráfico de drogas;2021;121
Albacete;6.1.-Tráfico de drogas;2020;93
Albacete;6.1.-Tráfico de drogas;2019;170
Albacete;6.1.-Tráfico de drogas;2018;116
Albacete;6.2.-Contra la seguridad vial;2024;288
Albacete;6.2.-Contra la seguridad vial;2023;261
Albacete;6.2.-Contra la seguridad vial;2022;266
Albacete;6.2.-Contra la seguridad vial;2021;286
Albacete;6.2.-Contra la seguridad vial;2020;237
Albacete;6.2.-Contra la seguridad vial;2019;315
Albacete;6.2.-Contra la seguridad vial;2018;299
Albacete;6.3.-Otros contra la seguridad colectiva;2024;26
Albacete;6.3.-Otros contra la seguridad colectiva;2023;23
Albacete;6.3.-Otros contra la seguridad colectiva;2022;15
Albacete;6.3.-Otros contra la seguridad colectiva;2021;31
Albacete;6.3.-Otros contra la seguridad colectiva;2020;17
Albacete;6.3.-Otros contra la seguridad colectiva;2019;20
Albacete;6.3.-Otros contra la seguridad colectiva;2018;24
Albacete;7. FALSEDADES;2024;89
Albacete;7. FALSEDADES;2023;73
Albacete;7. FALSEDADES;2022;110
Albacete;7. FALSEDADES;2021;106
Albacete;7. FALSEDADES;2020;83
Albacete;7. FALSEDADES;2019;94
Albacete;7. FALSEDADES;2018;90
Albacete;8. ADMÓN. PÚBLICA;2024;9
Albacete;8. ADMÓN. PÚBLICA;2023;0
Albacete;8. ADMÓN. PÚBLICA;2022;14
Albacete;8. ADMÓN. PÚBLICA;2021;4
Albacete;8. ADMÓN. PÚBLICA;2020;2
Albacete;8. ADMÓN. PÚBLICA;2019;2
Albacete;8. ADMÓN. PÚBLICA;2018;3
Albacete;9. ADMÓN. JUSTICIA;2024;276
Albacete;9. ADMÓN. JUSTICIA;2023;294
Albacete;9. ADMÓN. JUSTICIA;2022;209
Albacete;9. ADMÓN. JUSTICIA;2021;199
Albacete;9. ADMÓN. JUSTICIA;2020;182
Albacete;9. ADMÓN. JUSTICIA;2019;231
Albacete;9. ADMÓN. JUSTICIA;2018;144
Albacete;10. ORDEN PÚBLICO;2024;189
Albacete;10. ORDEN PÚBLICO;2023;192
Albacete;10. ORDEN PÚBLICO;2022;193
Albacete;10. ORDEN PÚBLICO;2021;167
Albacete;10. ORDEN PÚBLICO;2020;266
Albacete;10. ORDEN PÚBLICO;2019;168
Albacete;10. ORDEN PÚBLICO;2018;176
Albacete;11. LEGISLACIÓN ESPECIAL;2024;1
Albacete;11. LEGISLACIÓN ESPECIAL;2023;1
Albacete;11. LEGISLACIÓN ESPECIAL;2022;1
Albacete;11. LEGISLACIÓN ESPECIAL;2021;1
Albacete;11. LEGISLACIÓN ESPECIAL;2020;0
Albacete;11. LEGISLACIÓN ESPECIAL;2019;0
Albacete;11. LEGISLACIÓN ESPECIAL;2018;2
Albacete;12. OTRAS INFRACCIONES PENALES;2024;92
Albacete;12. OTRAS INFRACCIONES PENALES;2023;134
Albacete;12. OTRAS INFRACCIONES PENALES;2022;97
Albacete;12. OTRAS INFRACCIONES PENALES;2021;117
Albacete;12. OTRAS INFRACCIONES PENALES;2020;73
Albacete;12. OTRAS INFRACCIONES PENALES;2019;92
Albacete;12. OTRAS INFRACCIONES PENALES;2018;45
Albacete;TOTAL INFRACCIONES PENALES;2024;4.441
Albacete;TOTAL INFRACCIONES PENALES;2023;4.343
Albacete;TOTAL INFRACCIONES PENALES;2022;3.989
Albacete;TOTAL INFRACCIONES PENALES;2021;3.571
Albacete;TOTAL INFRACCIONES PENALES;2020;3.262
Albacete;TOTAL INFRACCIONES PENALES;2019;3.915
Albacete;TOTAL INFRACCIONES PENALES;2018;3.694
Alicante/Alacant;1. CONTRA LAS PERSONAS;2024;7.321
Alicante/Alacant;1. CONTRA LAS PERSONAS;2023;6.906
Alicante/Alacant;1. CONTRA LAS PERSONAS;2022;6.509
Alicante/Alacant;1. CONTRA LAS PERSONAS;2021;5.702
Alicante/Alacant;1. CONTRA LAS PERSONAS;2020;5.092
Alicante/Alacant;1. CONTRA LAS PERSONAS;2019;5.675
Alicante/Alacant;1. CONTRA LAS PERSONAS;2018;5.174
Alicante/Alacant;1.1.-Homicidios dolosos/asesinatos;2024;91
Alicante/Alacant;1.1.-Homicidios dolosos/asesinatos;2023;73
Alicante/Alacant;1.1.-Homicidios dolosos/asesinatos;2022;74
Alicante/Alacant;1.1.-Homicidios dolosos/asesinatos;2021;61
Alicante/Alacant;1.1.-Homicidios dolosos/asesinatos;2020;40
Alicante/Alacant;1.1.-Homicidios dolosos/asesinatos;2019;54
Alicante/Alacant;1.1.-Homicidios dolosos/asesinatos;2018;46
Alicante/Alacant;1.1.1.-Homicidios dolosos/asesinatos consumados;2024;26
Alicante/Alacant;1.1.1.-Homicidios dolosos/asesinatos consumados;2023;17
Alicante/Alacant;1.1.1.-Homicidios dolosos/asesinatos consumados;2022;9
Alicante/Alacant;1.1.1.-Homicidios dolosos/asesinatos consumados;2021;17
Alicante/Alacant;1.1.1.-Homicidios dolosos/asesinatos consumados;2020;14
Alicante/Alacant;1.1.1.-Homicidios dolosos/asesinatos consumados;2019;19
Alicante/Alacant;1.1.1.-Homicidios dolosos/asesinatos consumados;2018;21
Alicante/Alacant;1.2.-Lesiones;2024;1.889
Alicante/Alacant;1.2.-Lesiones;2023;1.753
Alicante/Alacant;1.2.-Lesiones;2022;1.845
Alicante/Alacant;1.2.-Lesiones;2021;1.602
Alicante/Alacant;1.2.-Lesiones;2020;1.173
Alicante/Alacant;1.2.-Lesiones;2019;1.580
Alicante/Alacant;1.2.-Lesiones;2018;1.374
Alicante/Alacant;1.3.-Malos tratos ámbito familiar;2024;5.194
Alicante/Alacant;1.3.-Malos tratos ámbito familiar;2023;4.980
Alicante/Alacant;1.3.-Malos tratos ámbito familiar;2022;4.463
Alicante/Alacant;1.3.-Malos tratos ámbito familiar;2021;3.934
Alicante/Alacant;1.3.-Malos tratos ámbito familiar;2020;3.768
Alicante/Alacant;1.3.-Malos tratos ámbito familiar;2019;3.980
Alicante/Alacant;1.3.-Malos tratos ámbito familiar;2018;3.708
Alicante/Alacant;1.4.-Otros contra las personas;2024;147
Alicante/Alacant;1.4.-Otros contra las personas;2023;100
Alicante/Alacant;1.4.-Otros contra las personas;2022;127
Alicante/Alacant;1.4.-Otros contra las personas;2021;105
Alicante/Alacant;1.4.-Otros contra las personas;2020;111
Alicante/Alacant;1.4.-Otros contra las personas;2019;61
Alicante/Alacant;1.4.-Otros contra las personas;2018;46
Alicante/Alacant;2. CONTRA LA LIBERTAD;2024;2.946
Alicante/Alacant;2. CONTRA LA LIBERTAD;2023;2.746
Alicante/Alacant;2. CONTRA LA LIBERTAD;2022;2.498
Alicante/Alacant;2. CONTRA LA LIBERTAD;2021;2.373
Alicante/Alacant;2. CONTRA LA LIBERTAD;2020;2.026
Alicante/Alacant;2. CONTRA LA LIBERTAD;2019;2.006
Alicante/Alacant;2. CONTRA LA LIBERTAD;2018;1.912
Alicante/Alacant;2.1.-Malos tratos habituales en el ámbito familiar;2024;673
Alicante/Alacant;2.1.-Malos tratos habituales en el ámbito familiar;2023;703
Alicante/Alacant;2.1.-Malos tratos habituales en el ámbito familiar;2022;648
Alicante/Alacant;2.1.-Malos tratos habituales en el ámbito familiar;2021;580
Alicante/Alacant;2.1.-Malos tratos habituales en el ámbito familiar;2020;537
Alicante/Alacant;2.1.-Malos tratos habituales en el ámbito familiar;2019;534
Alicante/Alacant;2.1.-Malos tratos habituales en el ámbito familiar;2018;428
Alicante/Alacant;2.2.-Otros contra la libertad;2024;2.273
Alicante/Alacant;2.2.-Otros contra la libertad;2023;2.043
Alicante/Alacant;2.2.-Otros contra la libertad;2022;1.850
Alicante/Alacant;2.2.-Otros contra la libertad;2021;1.793
Alicante/Alacant;2.2.-Otros contra la libertad;2020;1.489
Alicante/Alacant;2.2.-Otros contra la libertad;2019;1.472
Alicante/Alacant;2.2.-Otros contra la libertad;2018;1.484
Alicante/Alacant;3. LIBERTAD SEXUAL;2024;748
Alicante/Alacant;3. LIBERTAD SEXUAL;2023;772
Alicante/Alacant;3. LIBERTAD SEXUAL;2022;709
Alicante/Alacant;3. LIBERTAD SEXUAL;2021;610
Alicante/Alacant;3. LIBERTAD SEXUAL;2020;440
Alicante/Alacant;3. LIBERTAD SEXUAL;2019;528
Alicante/Alacant;3. LIBERTAD SEXUAL;2018;485
Alicante/Alacant;3.1.-Agresión sexual;2024;463
Alicante/Alacant;3.1.-Agresión sexual;2023;456
Alicante/Alacant;3.1.-Agresión sexual;2022;395
Alicante/Alacant;3.1.-Agresión sexual;2021;367
Alicante/Alacant;3.1.-Agresión sexual;2020;237
Alicante/Alacant;3.1.-Agresión sexual;2019;279
Alicante/Alacant;3.1.-Agresión sexual;2018;260
Alicante/Alacant;3.2.-Agresión sexual con penetración;2024;166
Alicante/Alacant;3.2.-Agresión sexual con penetración;2023;186
Alicante/Alacant;3.2.-Agresión sexual con penetración;2022;196
Alicante/Alacant;3.2.-Agresión sexual con penetración;2021;139
Alicante/Alacant;3.2.-Agresión sexual con penetración;2020;117
Alicante/Alacant;3.2.-Agresión sexual con penetración;2019;117
Alicante/Alacant;3.2.-Agresión sexual con penetración;2018;104
Alicante/Alacant;3.3.-Corrupción de menores o incapacitados;2024;18
Alicante/Alacant;3.3.-Corrupción de menores o incapacitados;2023;11
Alicante/Alacant;3.3.-Corrupción de menores o incapacitados;2022;28
Alicante/Alacant;3.3.-Corrupción de menores o incapacitados;2021;22
Alicante/Alacant;3.3.-Corrupción de menores o incapacitados;2020;13
Alicante/Alacant;3.3.-Corrupción de menores o incapacitados;2019;16
Alicante/Alacant;3.3.-Corrupción de menores o incapacitados;2018;17
Alicante/Alacant;3.4.-Pornografía de menores;2024;33
Alicante/Alacant;3.4.-Pornografía de menores;2023;43
Alicante/Alacant;3.4.-Pornografía de menores;2022;43
Alicante/Alacant;3.4.-Pornografía de menores;2021;17
Alicante/Alacant;3.4.-Pornografía de menores;2020;22
Alicante/Alacant;3.4.-Pornografía de menores;2019;43
Alicante/Alacant;3.4.-Pornografía de menores;2018;46
Alicante/Alacant;3.5.-Otros contra la libertad sexual;2024;68
Alicante/Alacant;3.5.-Otros contra la libertad sexual;2023;76
Alicante/Alacant;3.5.-Otros contra la libertad sexual;2022;47
Alicante/Alacant;3.5.-Otros contra la libertad sexual;2021;65
Alicante/Alacant;3.5.-Otros contra la libertad sexual;2020;51
Alicante/Alacant;3.5.-Otros contra la libertad sexual;2019;73
Alicante/Alacant;3.5.-Otros contra la libertad sexual;2018;58
Alicante/Alacant;4. RELACIONES FAMILIARES;2024;129
Alicante/Alacant;4. RELACIONES FAMILIARES;2023;150
Alicante/Alacant;4. RELACIONES FAMILIARES;2022;151
Alicante/Alacant;4. RELACIONES FAMILIARES;2021;159
Alicante/Alacant;4. RELACIONES FAMILIARES;2020;120
Alicante/Alacant;4. RELACIONES FAMILIARES;2019;121
Alicante/Alacant;4. RELACIONES FAMILIARES;2018;139
Alicante/Alacant;5. PATRIMONIO;2024;9.854
Alicante/Alacant;5. PATRIMONIO;2023;8.767
Alicante/Alacant;5. PATRIMONIO;2022;7.480
Alicante/Alacant;5. PATRIMONIO;2021;5.962
Alicante/Alacant;5. PATRIMONIO;2020;5.694
Alicante/Alacant;5. PATRIMONIO;2019;6.747
Alicante/Alacant;5. PATRIMONIO;2018;6.790
Alicante/Alacant;5.1.-Hurtos;2024;3.688
Alicante/Alacant;5.1.-Hurtos;2023;3.355
Alicante/Alacant;5.1.-Hurtos;2022;2.870
Alicante/Alacant;5.1.-Hurtos;2021;1.938
Alicante/Alacant;5.1.-Hurtos;2020;1.725
Alicante/Alacant;5.1.-Hurtos;2019;2.448
Alicante/Alacant;5.1.-Hurtos;2018;2.379
Alicante/Alacant;5.2.-Robos con fuerza en las cosas;2024;1.952
Alicante/Alacant;5.2.-Robos con fuerza en las cosas;2023;1.840
Alicante/Alacant;5.2.-Robos con fuerza en las cosas;2022;1.527
Alicante/Alacant;5.2.-Robos con fuerza en las cosas;2021;1.359
Alicante/Alacant;5.2.-Robos con fuerza en las cosas;2020;1.525
Alicante/Alacant;5.2.-Robos con fuerza en las cosas;2019;1.532
Alicante/Alacant;5.2.-Robos con fuerza en las cosas;2018;1.726
Alicante/Alacant;5.2.1.-Robos con fuerza en las cosas en el interior de vehículos;2024;501
Alicante/Alacant;5.2.1.-Robos con fuerza en las cosas en el interior de vehículos;2023;423
Alicante/Alacant;5.2.1.-Robos con fuerza en las cosas en el interior de vehículos;2022;225
Alicante/Alacant;5.2.1.-Robos con fuerza en las cosas en el interior de vehículos;2021;234
Alicante/Alacant;5.2.1.-Robos con fuerza en las cosas en el interior de vehículos;2020;286
Alicante/Alacant;5.2.1.-Robos con fuerza en las cosas en el interior de vehículos;2019;232
Alicante/Alacant;5.2.1.-Robos con fuerza en las cosas en el interior de vehículos;2018;281
Alicante/Alacant;5.2.2.-Robos con fuerza en viviendas;2024;771
Alicante/Alacant;5.2.2.-Robos con fuerza en viviendas;2023;714
Alicante/Alacant;5.2.2.-Robos con fuerza en viviendas;2022;647
Alicante/Alacant;5.2.2.-Robos con fuerza en viviendas;2021;628
Alicante/Alacant;5.2.2.-Robos con fuerza en viviendas;2020;696
Alicante/Alacant;5.2.2.-Robos con fuerza en viviendas;2019;685
Alicante/Alacant;5.2.2.-Robos con fuerza en viviendas;2018;788
Alicante/Alacant;5.2.3.-Robos con fuerza en establecimientos;2024;344
Alicante/Alacant;5.2.3.-Robos con fuerza en establecimientos;2023;374
Alicante/Alacant;5.2.3.-Robos con fuerza en establecimientos;2022;299
Alicante/Alacant;5.2.3.-Robos con fuerza en establecimientos;2021;265
Alicante/Alacant;5.2.3.-Robos con fuerza en establecimientos;2020;300
Alicante/Alacant;5.2.3.-Robos con fuerza en establecimientos;2019;329
Alicante/Alacant;5.2.3.-Robos con fuerza en establecimientos;2018;327
Alicante/Alacant;5.3.-Robos con violencia o intimidación;2024;1.426
Alicante/Alacant;5.3.-Robos con violencia o intimidación;2023;1.184
Alicante/Alacant;5.3.-Robos con violencia o intimidación;2022;832
Alicante/Alacant;5.3.-Robos con violencia o intimidación;2021;667
Alicante/Alacant;5.3.-Robos con violencia o intimidación;2020;650
Alicante/Alacant;5.3.-Robos con violencia o intimidación;2019;728
Alicante/Alacant;5.3.-Robos con violencia o intimidación;2018;660
Alicante/Alacant;5.3.1.-Robos con violencia en vía pública;2024;817
Alicante/Alacant;5.3.1.-Robos con violencia en vía pública;2023;657
Alicante/Alacant;5.3.1.-Robos con violencia en vía pública;2022;439
Alicante/Alacant;5.3.1.-Robos con violencia en vía pública;2021;324
Alicante/Alacant;5.3.1.-Robos con violencia en vía pública;2020;345
Alicante/Alacant;5.3.1.-Robos con violencia en vía pública;2019;333
Alicante/Alacant;5.3.1.-Robos con violencia en vía pública;2018;332
Alicante/Alacant;5.3.2.-Robos con violencia en viviendas;2024;129
Alicante/Alacant;5.3.2.-Robos con violencia en viviendas;2023;102
Alicante/Alacant;5.3.2.-Robos con violencia en viviendas;2022;91
Alicante/Alacant;5.3.2.-Robos con violencia en viviendas;2021;98
Alicante/Alacant;5.3.2.-Robos con violencia en viviendas;2020;94
Alicante/Alacant;5.3.2.-Robos con violencia en viviendas;2019;115
Alicante/Alacant;5.3.2.-Robos con violencia en viviendas;2018;95
Alicante/Alacant;5.3.3.-Robos con violencia en establecimientos;2024;340
Alicante/Alacant;5.3.3.-Robos con violencia en establecimientos;2023;299
Alicante/Alacant;5.3.3.-Robos con violencia en establecimientos;2022;202
Alicante/Alacant;5.3.3.-Robos con violencia en establecimientos;2021;173
Alicante/Alacant;5.3.3.-Robos con violencia en establecimientos;2020;142
Alicante/Alacant;5.3.3.-Robos con violencia en establecimientos;2019;188
Alicante/Alacant;5.3.3.-Robos con violencia en establecimientos;2018;158
Alicante/Alacant;5.4.-Sustracción de vehículos;2024;287
Alicante/Alacant;5.4.-Sustracción de vehículos;2023;243
Alicante/Alacant;5.4.-Sustracción de vehículos;2022;257
Alicante/Alacant;5.4.-Sustracción de vehículos;2021;193
Alicante/Alacant;5.4.-Sustracción de vehículos;2020;220
Alicante/Alacant;5.4.-Sustracción de vehículos;2019;201
Alicante/Alacant;5.4.-Sustracción de vehículos;2018;223
Alicante/Alacant;5.5.-Estafas;2024;1.017
Alicante/Alacant;5.5.-Estafas;2023;860
Alicante/Alacant;5.5.-Estafas;2022;737
Alicante/Alacant;5.5.-Estafas;2021;693
Alicante/Alacant;5.5.-Estafas;2020;527
Alicante/Alacant;5.5.-Estafas;2019;577
Alicante/Alacant;5.5.-Estafas;2018;544
Alicante/Alacant;5.5.1.-Estafas informáticas;2024;479
Alicante/Alacant;5.5.1.-Estafas informáticas;2023;393
Alicante/Alacant;5.5.1.-Estafas informáticas;2022;291
Alicante/Alacant;5.5.1.-Estafas informáticas;2021;235
Alicante/Alacant;5.5.1.-Estafas informáticas;2020;170
Alicante/Alacant;5.5.1.-Estafas informáticas;2019;133
Alicante/Alacant;5.5.1.-Estafas informáticas;2018;128
Alicante/Alacant;5.6.-Daños;2024;548
Alicante/Alacant;5.6.-Daños;2023;510
Alicante/Alacant;5.6.-Daños;2022;521
Alicante/Alacant;5.6.-Daños;2021;497
Alicante/Alacant;5.6.-Daños;2020;410
Alicante/Alacant;5.6.-Daños;2019;464
Alicante/Alacant;5.6.-Daños;2018;492
Alicante/Alacant;5.7.-Contra la propiedad intelectual/industrial;2024;105
Alicante/Alacant;5.7.-Contra la propiedad intelectual/industrial;2023;119
Alicante/Alacant;5.7.-Contra la propiedad intelectual/industrial;2022;113
Alicante/Alacant;5.7.-Contra la propiedad intelectual/industrial;2021;121
Alicante/Alacant;5.7.-Contra la propiedad intelectual/industrial;2020;107
Alicante/Alacant;5.7.-Contra la propiedad intelectual/industrial;2019;185
Alicante/Alacant;5.7.-Contra la propiedad intelectual/industrial;2018;177
Alicante/Alacant;5.8.-Blanqueo de capitales;2024;59
Alicante/Alacant;5.8.-Blanqueo de capitales;2023;33
Alicante/Alacant;5.8.-Blanqueo de capitales;2022;3
Alicante/Alacant;5.8.-Blanqueo de capitales;2021;37
Alicante/Alacant;5.8.-Blanqueo de capitales;2020;32
Alicante/Alacant;5.8.-Blanqueo de capitales;2019;18
Alicante/Alacant;5.8.-Blanqueo de capitales;2018;38
Alicante/Alacant;5.9.-Otros contra el patrimonio;2024;772
Alicante/Alacant;5.9.-Otros contra el patrimonio;2023;623
Alicante/Alacant;5.9.-Otros contra el patrimonio;2022;620
Alicante/Alacant;5.9.-Otros contra el patrimonio;2021;457
Alicante/Alacant;5.9.-Otros contra el patrimonio;2020;498
Alicante/Alacant;5.9.-Otros contra el patrimonio;2019;594
Alicante/Alacant;5.9.-Otros contra el patrimonio;2018;551
Alicante/Alacant;6. SEGURIDAD COLECTIVA;2024;3.242
Alicante/Alacant;6. SEGURIDAD COLECTIVA;2023;3.727
Alicante/Alacant;6. SEGURIDAD COLECTIVA;2022;3.332
Alicante/Alacant;6. SEGURIDAD COLECTIVA;2021;3.063
Alicante/Alacant;6. SEGURIDAD COLECTIVA;2020;2.588
Alicante/Alacant;6. SEGURIDAD COLECTIVA;2019;2.817
Alicante/Alacant;6. SEGURIDAD COLECTIVA;2018;2.813
Alicante/Alacant;6.1.-Tráfico de drogas;2024;1.618
Alicante/Alacant;6.1.-Tráfico de drogas;2023;1.776
Alicante/Alacant;6.1.-Tráfico de drogas;2022;1.511
Alicante/Alacant;6.1.-Tráfico de drogas;2021;1.541
Alicante/Alacant;6.1.-Tráfico de drogas;2020;1.397
Alicante/Alacant;6.1.-Tráfico de drogas;2019;1.360
Alicante/Alacant;6.1.-Tráfico de drogas;2018;1.135
Alicante/Alacant;6.2.-Contra la seguridad vial;2024;1.518
Alicante/Alacant;6.2.-Contra la seguridad vial;2023;1.854
Alicante/Alacant;6.2.-Contra la seguridad vial;2022;1.779
Alicante/Alacant;6.2.-Contra la seguridad vial;2021;1.481
Alicante/Alacant;6.2.-Contra la seguridad vial;2020;1.145
Alicante/Alacant;6.2.-Contra la seguridad vial;2019;1.434
Alicante/Alacant;6.2.-Contra la seguridad vial;2018;1.583
Alicante/Alacant;6.3.-Otros contra la seguridad colectiva;2024;106
Alicante/Alacant;6.3.-Otros contra la seguridad colectiva;2023;97
Alicante/Alacant;6.3.-Otros contra la seguridad colectiva;2022;42
Alicante/Alacant;6.3.-Otros contra la seguridad colectiva;2021;41
Alicante/Alacant;6.3.-Otros contra la seguridad colectiva;2020;46
Alicante/Alacant;6.3.-Otros contra la seguridad colectiva;2019;23
Alicante/Alacant;6.3.-Otros contra la seguridad colectiva;2018;95
Alicante/Alacant;7. FALSEDADES;2024;835
Alicante/Alacant;7. FALSEDADES;2023;853
Alicante/Alacant;7. FALSEDADES;2022;813
Alicante/Alacant;7. FALSEDADES;2021;792
Alicante/Alacant;7. FALSEDADES;2020;618
Alicante/Alacant;7. FALSEDADES;2019;764
Alicante/Alacant;7. FALSEDADES;2018;737
Alicante/Alacant;8. ADMÓN. PÚBLICA;2024;18
Alicante/Alacant;8. ADMÓN. PÚBLICA;2023;10
Alicante/Alacant;8. ADMÓN. PÚBLICA;2022;16
Alicante/Alacant;8. ADMÓN. PÚBLICA;2021;22
Alicante/Alacant;8. ADMÓN. PÚBLICA;2020;14
Alicante/Alacant;8. ADMÓN. PÚBLICA;2019;20
Alicante/Alacant;8. ADMÓN. PÚBLICA;2018;19
Alicante/Alacant;9. ADMÓN. JUSTICIA;2024;1.741
Alicante/Alacant;9. ADMÓN. JUSTICIA;2023;1.668
Alicante/Alacant;9. ADMÓN. JUSTICIA;2022;1.625
Alicante/Alacant;9. ADMÓN. JUSTICIA;2021;1.370
Alicante/Alacant;9. ADMÓN. JUSTICIA;2020;1.422
Alicante/Alacant;9. ADMÓN. JUSTICIA;2019;1.376
Alicante/Alacant;9. ADMÓN. JUSTICIA;2018;1.332
Alicante/Alacant;10. ORDEN PÚBLICO;2024;1.528
Alicante/Alacant;10. ORDEN PÚBLICO;2023;1.411
Alicante/Alacant;10. ORDEN PÚBLICO;2022;1.318
Alicante/Alacant;10. ORDEN PÚBLICO;2021;1.311
Alicante/Alacant;10. ORDEN PÚBLICO;2020;1.874
Alicante/Alacant;10. ORDEN PÚBLICO;2019;1.037
Alicante/Alacant;10. ORDEN PÚBLICO;2018;1.015
Alicante/Alacant;11. LEGISLACIÓN ESPECIAL;2024;17
Alicante/Alacant;11. LEGISLACIÓN ESPECIAL;2023;11
Alicante/Alacant;11. LEGISLACIÓN ESPECIAL;2022;7
Alicante/Alacant;11. LEGISLACIÓN ESPECIAL;2021;17
Alicante/Alacant;11. LEGISLACIÓN ESPECIAL;2020;11
Alicante/Alacant;11. LEGISLACIÓN ESPECIAL;2019;1
Alicante/Alacant;11. LEGISLACIÓN ESPECIAL;2018;3
Alicante/Alacant;12. OTRAS INFRACCIONES PENALES;2024;258
Alicante/Alacant;12. OTRAS INFRACCIONES PENALES;2023;176
Alicante/Alacant;12. OTRAS INFRACCIONES PENALES;2022;174
Alicante/Alacant;12. OTRAS INFRACCIONES PENALES;2021;197
Alicante/Alacant;12. OTRAS INFRACCIONES PENALES;2020;159
Alicante/Alacant;12. OTRAS INFRACCIONES PENALES;2019;156
Alicante/Alacant;12. OTRAS INFRACCIONES PENALES;2018;141
Alicante/Alacant;TOTAL INFRACCIONES PENALES;2024;28.637
Alicante/Alacant;TOTAL INFRACCIONES PENALES;2023;27.197
Alicante/Alacant;TOTAL INFRACCIONES PENALES;2022;24.632
Alicante/Alacant;TOTAL INFRACCIONES PENALES;2021;21.578
Alicante/Alacant;TOTAL INFRACCIONES PENALES;2020;20.058
Alicante/Alacant;TOTAL INFRACCIONES PENALES;2019;21.248
Alicante/Alacant;TOTAL INFRACCIONES PENALES;2018;20.560
Almería;1. CONTRA LAS PERSONAS;2024;3.271
Almería;1. CONTRA LAS PERSONAS;2023;3.121
Almería;1. CONTRA LAS PERSONAS;2022;2.978
Almería;1. CONTRA LAS PERSONAS;2021;2.824
Almería;1. CONTRA LAS PERSONAS;2020;2.556
Almería;1. CONTRA LAS PERSONAS;2019;3.068
Almería;1. CONTRA LAS PERSONAS;2018;2.681
Almería;1.1.-Homicidios dolosos/asesinatos;2024;34
Almería;1.1.-Homicidios dolosos/asesinatos;2023;35
Almería;1.1.-Homicidios dolosos/asesinatos;2022;41
Almería;1.1.-Homicidios dolosos/asesinatos;2021;38
Almería;1.1.-Homicidios dolosos/asesinatos;2020;33
Almería;1.1.-Homicidios dolosos/asesinatos;2019;26
Almería;1.1.-Homicidios dolosos/asesinatos;2018;25
Almería;1.1.1.-Homicidios dolosos/asesinatos consumados;2024;23
Almería;1.1.1.-Homicidios dolosos/asesinatos consumados;2023;8
Almería;1.1.1.-Homicidios dolosos/asesinatos consumados;2022;11
Almería;1.1.1.-Homicidios dolosos/asesinatos consumados;2021;13
Almería;1.1.1.-Homicidios dolosos/asesinatos consumados;2020;14
Almería;1.1.1.-Homicidios dolosos/asesinatos consumados;2019;13
Almería;1.1.1.-Homicidios dolosos/asesinatos consumados;2018;17
Almería;1.2.-Lesiones;2024;1.688
Almería;1.2.-Lesiones;2023;1.575
Almería;1.2.-Lesiones;2022;1.479
Almería;1.2.-Lesiones;2021;1.367
Almería;1.2.-Lesiones;2020;1.197
Almería;1.2.-Lesiones;2019;1.567
Almería;1.2.-Lesiones;2018;1.289
Almería;1.3.-Malos tratos ámbito familiar;2024;1.505
Almería;1.3.-Malos tratos ámbito familiar;2023;1.412
Almería;1.3.-Malos tratos ámbito familiar;2022;1.428
Almería;1.3.-Malos tratos ámbito familiar;2021;1.313
Almería;1.3.-Malos tratos ámbito familiar;2020;1.300
Almería;1.3.-Malos tratos ámbito familiar;2019;1.437
Almería;1.3.-Malos tratos ámbito familiar;2018;1.343
Almería;1.4.-Otros contra las personas;2024;44
Almería;1.4.-Otros contra las personas;2023;99
Almería;1.4.-Otros contra las personas;2022;30
Almería;1.4.-Otros contra las personas;2021;106
Almería;1.4.-Otros contra las personas;2020;26
Almería;1.4.-Otros contra las personas;2019;38
Almería;1.4.-Otros contra las personas;2018;24
Almería;2. CONTRA LA LIBERTAD;2024;1.682
Almería;2. CONTRA LA LIBERTAD;2023;1.700
Almería;2. CONTRA LA LIBERTAD;2022;1.522
Almería;2. CONTRA LA LIBERTAD;2021;1.481
Almería;2. CONTRA LA LIBERTAD;2020;1.337
Almería;2. CONTRA LA LIBERTAD;2019;1.340
Almería;2. CONTRA LA LIBERTAD;2018;1.309
Almería;2.1.-Malos tratos habituales en el ámbito familiar;2024;397
Almería;2.1.-Malos tratos habituales en el ámbito familiar;2023;439
Almería;2.1.-Malos tratos habituales en el ámbito familiar;2022;438
Almería;2.1.-Malos tratos habituales en el ámbito familiar;2021;375
Almería;2.1.-Malos tratos habituales en el ámbito familiar;2020;321
Almería;2.1.-Malos tratos habituales en el ámbito familiar;2019;287
Almería;2.1.-Malos tratos habituales en el ámbito familiar;2018;293
Almería;2.2.-Otros contra la libertad;2024;1.285
Almería;2.2.-Otros contra la libertad;2023;1.261
Almería;2.2.-Otros contra la libertad;2022;1.084
Almería;2.2.-Otros contra la libertad;2021;1.106
Almería;2.2.-Otros contra la libertad;2020;1.016
Almería;2.2.-Otros contra la libertad;2019;1.053
Almería;2.2.-Otros contra la libertad;2018;1.016
Almería;3. LIBERTAD SEXUAL;2024;259
Almería;3. LIBERTAD SEXUAL;2023;270
Almería;3. LIBERTAD SEXUAL;2022;232
Almería;3. LIBERTAD SEXUAL;2021;213
Almería;3. LIBERTAD SEXUAL;2020;209
Almería;3. LIBERTAD SEXUAL;2019;204
Almería;3. LIBERTAD SEXUAL;2018;156
Almería;3.1.-Agresión sexual;2024;171
Almería;3.1.-Agresión sexual;2023;168
Almería;3.1.-Agresión sexual;2022;156
Almería;3.1.-Agresión sexual;2021;143
Almería;3.1.-Agresión sexual;2020;124
Almería;3.1.-Agresión sexual;2019;133
Almería;3.1.-Agresión sexual;2018;103
Almería;3.2.-Agresión sexual con penetración;2024;57
Almería;3.2.-Agresión sexual con penetración;2023;53
Almería;3.2.-Agresión sexual con penetración;2022;48
Almería;3.2.-Agresión sexual con penetración;2021;47
Almería;3.2.-Agresión sexual con penetración;2020;41
Almería;3.2.-Agresión sexual con penetración;2019;41
Almería;3.2.-Agresión sexual con penetración;2018;22
Almería;3.3.-Corrupción de menores o incapacitados;2024;1
Almería;3.3.-Corrupción de menores o incapacitados;2023;1
Almería;3.3.-Corrupción de menores o incapacitados;2022;4
Almería;3.3.-Corrupción de menores o incapacitados;2021;0
Almería;3.3.-Corrupción de menores o incapacitados;2020;6
Almería;3.3.-Corrupción de menores o incapacitados;2019;2
Almería;3.3.-Corrupción de menores o incapacitados;2018;3
Almería;3.4.-Pornografía de menores;2024;6
Almería;3.4.-Pornografía de menores;2023;9
Almería;3.4.-Pornografía de menores;2022;5
Almería;3.4.-Pornografía de menores;2021;9
Almería;3.4.-Pornografía de menores;2020;5
Almería;3.4.-Pornografía de menores;2019;10
Almería;3.4.-Pornografía de menores;2018;3
Almería;3.5.-Otros contra la libertad sexual;2024;24
Almería;3.5.-Otros contra la libertad sexual;2023;39
Almería;3.5.-Otros contra la libertad sexual;2022;19
Almería;3.5.-Otros contra la libertad sexual;2021;14
Almería;3.5.-Otros contra la libertad sexual;2020;33
Almería;3.5.-Otros contra la libertad sexual;2019;18
Almería;3.5.-Otros contra la libertad sexual;2018;25
Almería;4. RELACIONES FAMILIARES;2024;63
Almería;4. RELACIONES FAMILIARES;2023;74
Almería;4. RELACIONES FAMILIARES;2022;70
Almería;4. RELACIONES FAMILIARES;2021;71
Almería;4. RELACIONES FAMILIARES;2020;68
Almería;4. RELACIONES FAMILIARES;2019;80
Almería;4. RELACIONES FAMILIARES;2018;81
Almería;5. PATRIMONIO;2024;2.803
Almería;5. PATRIMONIO;2023;3.163
Almería;5. PATRIMONIO;2022;2.879
Almería;5. PATRIMONIO;2021;2.233
Almería;5. PATRIMONIO;2020;2.198
Almería;5. PATRIMONIO;2019;2.641
Almería;5. PATRIMONIO;2018;2.585
Almería;5.1.-Hurtos;2024;1.054
Almería;5.1.-Hurtos;2023;1.230
Almería;5.1.-Hurtos;2022;926
Almería;5.1.-Hurtos;2021;670
Almería;5.1.-Hurtos;2020;534
Almería;5.1.-Hurtos;2019;879
Almería;5.1.-Hurtos;2018;943
Almería;5.2.-Robos con fuerza en las cosas;2024;424
Almería;5.2.-Robos con fuerza en las cosas;2023;488
Almería;5.2.-Robos con fuerza en las cosas;2022;435
Almería;5.2.-Robos con fuerza en las cosas;2021;427
Almería;5.2.-Robos con fuerza en las cosas;2020;446
Almería;5.2.-Robos con fuerza en las cosas;2019;462
Almería;5.2.-Robos con fuerza en las cosas;2018;458
Almería;5.2.1.-Robos con fuerza en las cosas en el interior de vehículos;2024;83
Almería;5.2.1.-Robos con fuerza en las cosas en el interior de vehículos;2023;103
Almería;5.2.1.-Robos con fuerza en las cosas en el interior de vehículos;2022;83
Almería;5.2.1.-Robos con fuerza en las cosas en el interior de vehículos;2021;111
Almería;5.2.1.-Robos con fuerza en las cosas en el interior de vehículos;2020;82
Almería;5.2.1.-Robos con fuerza en las cosas en el interior de vehículos;2019;100
Almería;5.2.1.-Robos con fuerza en las cosas en el interior de vehículos;2018;86
Almería;5.2.2.-Robos con fuerza en viviendas;2024;170
Almería;5.2.2.-Robos con fuerza en viviendas;2023;173
Almería;5.2.2.-Robos con fuerza en viviendas;2022;184
Almería;5.2.2.-Robos con fuerza en viviendas;2021;174
Almería;5.2.2.-Robos con fuerza en viviendas;2020;204
Almería;5.2.2.-Robos con fuerza en viviendas;2019;205
Almería;5.2.2.-Robos con fuerza en viviendas;2018;189
Almería;5.2.3.-Robos con fuerza en establecimientos;2024;65
Almería;5.2.3.-Robos con fuerza en establecimientos;2023;91
Almería;5.2.3.-Robos con fuerza en establecimientos;2022;78
Almería;5.2.3.-Robos con fuerza en establecimientos;2021;56
Almería;5.2.3.-Robos con fuerza en establecimientos;2020;68
Almería;5.2.3.-Robos con fuerza en establecimientos;2019;75
Almería;5.2.3.-Robos con fuerza en establecimientos;2018;90
Almería;5.3.-Robos con violencia o intimidación;2024;318
Almería;5.3.-Robos con violencia o intimidación;2023;269
Almería;5.3.-Robos con violencia o intimidación;2022;298
Almería;5.3.-Robos con violencia o intimidación;2021;221
Almería;5.3.-Robos con violencia o intimidación;2020;212
Almería;5.3.-Robos con violencia o intimidación;2019;214
Almería;5.3.-Robos con violencia o intimidación;2018;231
Almería;5.3.1.-Robos con violencia en vía pública;2024;156
Almería;5.3.1.-Robos con violencia en vía pública;2023;130
Almería;5.3.1.-Robos con violencia en vía pública;2022;168
Almería;5.3.1.-Robos con violencia en vía pública;2021;136
Almería;5.3.1.-Robos con violencia en vía pública;2020;119
Almería;5.3.1.-Robos con violencia en vía pública;2019;114
Almería;5.3.1.-Robos con violencia en vía pública;2018;129
Almería;5.3.2.-Robos con violencia en viviendas;2024;51
Almería;5.3.2.-Robos con violencia en viviendas;2023;41
Almería;5.3.2.-Robos con violencia en viviendas;2022;33
Almería;5.3.2.-Robos con violencia en viviendas;2021;25
Almería;5.3.2.-Robos con violencia en viviendas;2020;27
Almería;5.3.2.-Robos con violencia en viviendas;2019;19
Almería;5.3.2.-Robos con violencia en viviendas;2018;20
Almería;5.3.3.-Robos con violencia en establecimientos;2024;79
Almería;5.3.3.-Robos con violencia en establecimientos;2023;56
Almería;5.3.3.-Robos con violencia en establecimientos;2022;53
Almería;5.3.3.-Robos con violencia en establecimientos;2021;40
Almería;5.3.3.-Robos con violencia en establecimientos;2020;32
Almería;5.3.3.-Robos con violencia en establecimientos;2019;44
Almería;5.3.3.-Robos con violencia en establecimientos;2018;42
Almería;5.4.-Sustracción de vehículos;2024;84
Almería;5.4.-Sustracción de vehículos;2023;92
Almería;5.4.-Sustracción de vehículos;2022;70
Almería;5.4.-Sustracción de vehículos;2021;59
Almería;5.4.-Sustracción de vehículos;2020;58
Almería;5.4.-Sustracción de vehículos;2019;86
Almería;5.4.-Sustracción de vehículos;2018;54
Almería;5.5.-Estafas;2024;269
Almería;5.5.-Estafas;2023;335
Almería;5.5.-Estafas;2022;303
Almería;5.5.-Estafas;2021;204
Almería;5.5.-Estafas;2020;206
Almería;5.5.-Estafas;2019;266
Almería;5.5.-Estafas;2018;186
Almería;5.5.1.-Estafas informáticas;2024;166
Almería;5.5.1.-Estafas informáticas;2023;189
Almería;5.5.1.-Estafas informáticas;2022;159
Almería;5.5.1.-Estafas informáticas;2021;94
Almería;5.5.1.-Estafas informáticas;2020;74
Almería;5.5.1.-Estafas informáticas;2019;74
Almería;5.5.1.-Estafas informáticas;2018;38
Almería;5.6.-Daños;2024;249
Almería;5.6.-Daños;2023;303
Almería;5.6.-Daños;2022;351
Almería;5.6.-Daños;2021;232
Almería;5.6.-Daños;2020;276
Almería;5.6.-Daños;2019;293
Almería;5.6.-Daños;2018;231
Almería;5.7.-Contra la propiedad intelectual/industrial;2024;13
Almería;5.7.-Contra la propiedad intelectual/industrial;2023;14
Almería;5.7.-Contra la propiedad intelectual/industrial;2022;21
Almería;5.7.-Contra la propiedad intelectual/industrial;2021;15
Almería;5.7.-Contra la propiedad intelectual/industrial;2020;2
Almería;5.7.-Contra la propiedad intelectual/industrial;2019;10
Almería;5.7.-Contra la propiedad intelectual/industrial;2018;44
Almería;5.8.-Blanqueo de capitales;2024;21
Almería;5.8.-Blanqueo de capitales;2023;40
Almería;5.8.-Blanqueo de capitales;2022;8
Almería;5.8.-Blanqueo de capitales;2021;0
Almería;5.8.-Blanqueo de capitales;2020;11
Almería;5.8.-Blanqueo de capitales;2019;2
Almería;5.8.-Blanqueo de capitales;2018;12
Almería;5.9.-Otros contra el patrimonio;2024;371
Almería;5.9.-Otros contra el patrimonio;2023;392
Almería;5.9.-Otros contra el patrimonio;2022;467
Almería;5.9.-Otros contra el patrimonio;2021;405
Almería;5.9.-Otros contra el patrimonio;2020;453
Almería;5.9.-Otros contra el patrimonio;2019;429
Almería;5.9.-Otros contra el patrimonio;2018;426
Almería;6. SEGURIDAD COLECTIVA;2024;1.919
Almería;6. SEGURIDAD COLECTIVA;2023;1.921
Almería;6. SEGURIDAD COLECTIVA;2022;1.958
Almería;6. SEGURIDAD COLECTIVA;2021;1.912
Almería;6. SEGURIDAD COLECTIVA;2020;1.681
Almería;6. SEGURIDAD COLECTIVA;2019;1.806
Almería;6. SEGURIDAD COLECTIVA;2018;1.572
Almería;6.1.-Tráfico de drogas;2024;570
Almería;6.1.-Tráfico de drogas;2023;586
Almería;6.1.-Tráfico de drogas;2022;635
Almería;6.1.-Tráfico de drogas;2021;686
Almería;6.1.-Tráfico de drogas;2020;642
Almería;6.1.-Tráfico de drogas;2019;596
Almería;6.1.-Tráfico de drogas;2018;496
Almería;6.2.-Contra la seguridad vial;2024;1.312
Almería;6.2.-Contra la seguridad vial;2023;1.313
Almería;6.2.-Contra la seguridad vial;2022;1.282
Almería;6.2.-Contra la seguridad vial;2021;1.189
Almería;6.2.-Contra la seguridad vial;2020;1.009
Almería;6.2.-Contra la seguridad vial;2019;1.185
Almería;6.2.-Contra la seguridad vial;2018;1.045
Almería;6.3.-Otros contra la seguridad colectiva;2024;37
Almería;6.3.-Otros contra la seguridad colectiva;2023;22
Almería;6.3.-Otros contra la seguridad colectiva;2022;41
Almería;6.3.-Otros contra la seguridad colectiva;2021;37
Almería;6.3.-Otros contra la seguridad colectiva;2020;30
Almería;6.3.-Otros contra la seguridad colectiva;2019;25
Almería;6.3.-Otros contra la seguridad colectiva;2018;31
Almería;7. FALSEDADES;2024;189
Almería;7. FALSEDADES;2023;208
Almería;7. FALSEDADES;2022;227
Almería;7. FALSEDADES;2021;222
Almería;7. FALSEDADES;2020;212
Almería;7. FALSEDADES;2019;255
Almería;7. FALSEDADES;2018;181
Almería;8. ADMÓN. PÚBLICA;2024;2
Almería;8. ADMÓN. PÚBLICA;2023;10
Almería;8. ADMÓN. PÚBLICA;2022;4
Almería;8. ADMÓN. PÚBLICA;2021;4
Almería;8. ADMÓN. PÚBLICA;2020;8
Almería;8. ADMÓN. PÚBLICA;2019;26
Almería;8. ADMÓN. PÚBLICA;2018;16
Almería;9. ADMÓN. JUSTICIA;2024;629
Almería;9. ADMÓN. JUSTICIA;2023;621
Almería;9. ADMÓN. JUSTICIA;2022;515
Almería;9. ADMÓN. JUSTICIA;2021;524
Almería;9. ADMÓN. JUSTICIA;2020;524
Almería;9. ADMÓN. JUSTICIA;2019;534
Almería;9. ADMÓN. JUSTICIA;2018;515
Almería;10. ORDEN PÚBLICO;2024;544
Almería;10. ORDEN PÚBLICO;2023;565
Almería;10. ORDEN PÚBLICO;2022;484
Almería;10. ORDEN PÚBLICO;2021;436
Almería;10. ORDEN PÚBLICO;2020;655
Almería;10. ORDEN PÚBLICO;2019;344
Almería;10. ORDEN PÚBLICO;2018;351
Almería;11. LEGISLACIÓN ESPECIAL;2024;40
Almería;11. LEGISLACIÓN ESPECIAL;2023;8
Almería;11. LEGISLACIÓN ESPECIAL;2022;7
Almería;11. LEGISLACIÓN ESPECIAL;2021;28
Almería;11. LEGISLACIÓN ESPECIAL;2020;9
Almería;11. LEGISLACIÓN ESPECIAL;2019;4
Almería;11. LEGISLACIÓN ESPECIAL;2018;3
Almería;12. OTRAS INFRACCIONES PENALES;2024;174
Almería;12. OTRAS INFRACCIONES PENALES;2023;164
Almería;12. OTRAS INFRACCIONES PENALES;2022;184
Almería;12. OTRAS INFRACCIONES PENALES;2021;240
Almería;12. OTRAS INFRACCIONES PENALES;2020;204
Almería;12. OTRAS INFRACCIONES PENALES;2019;191
Almería;12. OTRAS INFRACCIONES PENALES;2018;177
Almería;TOTAL INFRACCIONES PENALES;2024;11.575
Almería;TOTAL INFRACCIONES PENALES;2023;11.825
Almería;TOTAL INFRACCIONES PENALES;2022;11.060
Almería;TOTAL INFRACCIONES PENALES;2021;10.188
Almería;TOTAL INFRACCIONES PENALES;2020;9.661
Almería;TOTAL INFRACCIONES PENALES;2019;10.493
Almería;TOTAL INFRACCIONES PENALES;2018;9.627
Ávila;1. CONTRA LAS PERSONAS;2024;409
Ávila;1. CONTRA LAS PERSONAS;2023;449
Ávila;1. CONTRA LAS PERSONAS;2022;372
Ávila;1. CONTRA LAS PERSONAS;2021;301
Ávila;1. CONTRA LAS PERSONAS;2020;264
Ávila;1. CONTRA LAS PERSONAS;2019;296
Ávila;1. CONTRA LAS PERSONAS;2018;281
Ávila;1.1.-Homicidios dolosos/asesinatos;2024;5
Ávila;1.1.-Homicidios dolosos/asesinatos;2023;7
Ávila;1.1.-Homicidios dolosos/asesinatos;2022;3
Ávila;1.1.-Homicidios dolosos/asesinatos;2021;1
Ávila;1.1.-Homicidios dolosos/asesinatos;2020;5
Ávila;1.1.-Homicidios dolosos/asesinatos;2019;1
Ávila;1.1.-Homicidios dolosos/asesinatos;2018;2
Ávila;1.1.1.-Homicidios dolosos/asesinatos consumados;2024;0
Ávila;1.1.1.-Homicidios dolosos/asesinatos consumados;2023;3
Ávila;1.1.1.-Homicidios dolosos/asesinatos consumados;2022;2
Ávila;1.1.1.-Homicidios dolosos/asesinatos consumados;2021;0
Ávila;1.1.1.-Homicidios dolosos/asesinatos consumados;2020;2
Ávila;1.1.1.-Homicidios dolosos/asesinatos consumados;2019;0
Ávila;1.1.1.-Homicidios dolosos/asesinatos consumados;2018;1
Ávila;1.2.-Lesiones;2024;195
Ávila;1.2.-Lesiones;2023;223
Ávila;1.2.-Lesiones;2022;196
Ávila;1.2.-Lesiones;2021;148
Ávila;1.2.-Lesiones;2020;128
Ávila;1.2.-Lesiones;2019;146
Ávila;1.2.-Lesiones;2018;151
Ávila;1.3.-Malos tratos ámbito familiar;2024;193
Ávila;1.3.-Malos tratos ámbito familiar;2023;204
Ávila;1.3.-Malos tratos ámbito familiar;2022;155
Ávila;1.3.-Malos tratos ámbito familiar;2021;134
Ávila;1.3.-Malos tratos ámbito familiar;2020;117
Ávila;1.3.-Malos tratos ámbito familiar;2019;133
Ávila;1.3.-Malos tratos ámbito familiar;2018;119
Ávila;1.4.-Otros contra las personas;2024;16
Ávila;1.4.-Otros contra las personas;2023;15
Ávila;1.4.-Otros contra las personas;2022;18
Ávila;1.4.-Otros contra las personas;2021;18
Ávila;1.4.-Otros contra las personas;2020;14
Ávila;1.4.-Otros contra las personas;2019;16
Ávila;1.4.-Otros contra las personas;2018;9
Ávila;2. CONTRA LA LIBERTAD;2024;228
Ávila;2. CONTRA LA LIBERTAD;2023;207
Ávila;2. CONTRA LA LIBERTAD;2022;191
Ávila;2. CONTRA LA LIBERTAD;2021;172
Ávila;2. CONTRA LA LIBERTAD;2020;159
Ávila;2. CONTRA LA LIBERTAD;2019;164
Ávila;2. CONTRA LA LIBERTAD;2018;176
Ávila;2.1.-Malos tratos habituales en el ámbito familiar;2024;51
Ávila;2.1.-Malos tratos habituales en el ámbito familiar;2023;47
Ávila;2.1.-Malos tratos habituales en el ámbito familiar;2022;34
Ávila;2.1.-Malos tratos habituales en el ámbito familiar;2021;62
Ávila;2.1.-Malos tratos habituales en el ámbito familiar;2020;49
Ávila;2.1.-Malos tratos habituales en el ámbito familiar;2019;47
Ávila;2.1.-Malos tratos habituales en el ámbito familiar;2018;47
Ávila;2.2.-Otros contra la libertad;2024;177
Ávila;2.2.-Otros contra la libertad;2023;160
Ávila;2.2.-Otros contra la libertad;2022;157
Ávila;2.2.-Otros contra la libertad;2021;110
Ávila;2.2.-Otros contra la libertad;2020;110
Ávila;2.2.-Otros contra la libertad;2019;117
Ávila;2.2.-Otros contra la libertad;2018;129
Ávila;3. LIBERTAD SEXUAL;2024;42
Ávila;3. LIBERTAD SEXUAL;2023;32
Ávila;3. LIBERTAD SEXUAL;2022;33
Ávila;3. LIBERTAD SEXUAL;2021;25
Ávila;3. LIBERTAD SEXUAL;2020;21
Ávila;3. LIBERTAD SEXUAL;2019;33
Ávila;3. LIBERTAD SEXUAL;2018;24
Ávila;3.1.-Agresión sexual;2024;25
Ávila;3.1.-Agresión sexual;2023;17
Ávila;3.1.-Agresión sexual;2022;20
Ávila;3.1.-Agresión sexual;2021;17
Ávila;3.1.-Agresión sexual;2020;11
Ávila;3.1.-Agresión sexual;2019;22
Ávila;3.1.-Agresión sexual;2018;11
Ávila;3.2.-Agresión sexual con penetración;2024;14
Ávila;3.2.-Agresión sexual con penetración;2023;10
Ávila;3.2.-Agresión sexual con penetración;2022;8
Ávila;3.2.-Agresión sexual con penetración;2021;4
Ávila;3.2.-Agresión sexual con penetración;2020;9
Ávila;3.2.-Agresión sexual con penetración;2019;4
Ávila;3.2.-Agresión sexual con penetración;2018;6
Ávila;3.3.-Corrupción de menores o incapacitados;2024;0
Ávila;3.3.-Corrupción de menores o incapacitados;2023;1
Ávila;3.3.-Corrupción de menores o incapacitados;2022;0
Ávila;3.3.-Corrupción de menores o incapacitados;2021;1
Ávila;3.3.-Corrupción de menores o incapacitados;2020;0
Ávila;3.3.-Corrupción de menores o incapacitados;2019;1
Ávila;3.3.-Corrupción de menores o incapacitados;2018;1
Ávila;3.4.-Pornografía de menores;2024;0
Ávila;3.4.-Pornografía de menores;2023;1
Ávila;3.4.-Pornografía de menores;2022;1
Ávila;3.4.-Pornografía de menores;2021;0
Ávila;3.4.-Pornografía de menores;2020;0
Ávila;3.4.-Pornografía de menores;2019;2
Ávila;3.4.-Pornografía de menores;2018;5
Ávila;3.5.-Otros contra la libertad sexual;2024;3
Ávila;3.5.-Otros contra la libertad sexual;2023;3
Ávila;3.5.-Otros contra la libertad sexual;2022;4
Ávila;3.5.-Otros contra la libertad sexual;2021;3
Ávila;3.5.-Otros contra la libertad sexual;2020;1
Ávila;3.5.-Otros contra la libertad sexual;2019;4
Ávila;3.5.-Otros contra la libertad sexual;2018;1
Ávila;4. RELACIONES FAMILIARES;2024;3
Ávila;4. RELACIONES FAMILIARES;2023;5
Ávila;4. RELACIONES FAMILIARES;2022;11
Ávila;4. RELACIONES FAMILIARES;2021;10
Ávila;4. RELACIONES FAMILIARES;2020;9
Ávila;4. RELACIONES FAMILIARES;2019;3
Ávila;4. RELACIONES FAMILIARES;2018;7
Ávila;5. PATRIMONIO;2024;494
Ávila;5. PATRIMONIO;2023;369
Ávila;5. PATRIMONIO;2022;307
Ávila;5. PATRIMONIO;2021;255
Ávila;5. PATRIMONIO;2020;278
Ávila;5. PATRIMONIO;2019;270
Ávila;5. PATRIMONIO;2018;272
Ávila;5.1.-Hurtos;2024;93
Ávila;5.1.-Hurtos;2023;117
Ávila;5.1.-Hurtos;2022;76
Ávila;5.1.-Hurtos;2021;55
Ávila;5.1.-Hurtos;2020;52
Ávila;5.1.-Hurtos;2019;72
Ávila;5.1.-Hurtos;2018;48
Ávila;5.2.-Robos con fuerza en las cosas;2024;156
Ávila;5.2.-Robos con fuerza en las cosas;2023;100
Ávila;5.2.-Robos con fuerza en las cosas;2022;62
Ávila;5.2.-Robos con fuerza en las cosas;2021;60
Ávila;5.2.-Robos con fuerza en las cosas;2020;74
Ávila;5.2.-Robos con fuerza en las cosas;2019;72
Ávila;5.2.-Robos con fuerza en las cosas;2018;80
Ávila;5.2.1.-Robos con fuerza en las cosas en el interior de vehículos;2024;4
Ávila;5.2.1.-Robos con fuerza en las cosas en el interior de vehículos;2023;8
Ávila;5.2.1.-Robos con fuerza en las cosas en el interior de vehículos;2022;4
Ávila;5.2.1.-Robos con fuerza en las cosas en el interior de vehículos;2021;10
Ávila;5.2.1.-Robos con fuerza en las cosas en el interior de vehículos;2020;8
Ávila;5.2.1.-Robos con fuerza en las cosas en el interior de vehículos;2019;11
Ávila;5.2.1.-Robos con fuerza en las cosas en el interior de vehículos;2018;6
Ávila;5.2.2.-Robos con fuerza en viviendas;2024;24
Ávila;5.2.2.-Robos con fuerza en viviendas;2023;38
Ávila;5.2.2.-Robos con fuerza en viviendas;2022;19
Ávila;5.2.2.-Robos con fuerza en viviendas;2021;19
Ávila;5.2.2.-Robos con fuerza en viviendas;2020;21
Ávila;5.2.2.-Robos con fuerza en viviendas;2019;30
Ávila;5.2.2.-Robos con fuerza en viviendas;2018;35
Ávila;5.2.3.-Robos con fuerza en establecimientos;2024;31
Ávila;5.2.3.-Robos con fuerza en establecimientos;2023;20
Ávila;5.2.3.-Robos con fuerza en establecimientos;2022;13
Ávila;5.2.3.-Robos con fuerza en establecimientos;2021;17
Ávila;5.2.3.-Robos con fuerza en establecimientos;2020;20
Ávila;5.2.3.-Robos con fuerza en establecimientos;2019;9
Ávila;5.2.3.-Robos con fuerza en establecimientos;2018;11
Ávila;5.3.-Robos con violencia o intimidación;2024;36
Ávila;5.3.-Robos con violencia o intimidación;2023;17
Ávila;5.3.-Robos con violencia o intimidación;2022;15
Ávila;5.3.-Robos con violencia o intimidación;2021;7
Ávila;5.3.-Robos con violencia o intimidación;2020;9
Ávila;5.3.-Robos con violencia o intimidación;2019;6
Ávila;5.3.-Robos con violencia o intimidación;2018;31
Ávila;5.3.1.-Robos con violencia en vía pública;2024;17
Ávila;5.3.1.-Robos con violencia en vía pública;2023;7
Ávila;5.3.1.-Robos con violencia en vía pública;2022;4
Ávila;5.3.1.-Robos con violencia en vía pública;2021;3
Ávila;5.3.1.-Robos con violencia en vía pública;2020;1
Ávila;5.3.1.-Robos con violencia en vía pública;2019;3
Ávila;5.3.1.-Robos con violencia en vía pública;2018;10
Ávila;5.3.2.-Robos con violencia en viviendas;2024;10
Ávila;5.3.2.-Robos con violencia en viviendas;2023;9
Ávila;5.3.2.-Robos con violencia en viviendas;2022;5
Ávila;5.3.2.-Robos con violencia en viviendas;2021;3
Ávila;5.3.2.-Robos con violencia en viviendas;2020;2
Ávila;5.3.2.-Robos con violencia en viviendas;2019;1
Ávila;5.3.2.-Robos con violencia en viviendas;2018;6
Ávila;5.3.3.-Robos con violencia en establecimientos;2024;6
Ávila;5.3.3.-Robos con violencia en establecimientos;2023;1
Ávila;5.3.3.-Robos con violencia en establecimientos;2022;4
Ávila;5.3.3.-Robos con violencia en establecimientos;2021;1
Ávila;5.3.3.-Robos con violencia en establecimientos;2020;6
Ávila;5.3.3.-Robos con violencia en establecimientos;2019;1
Ávila;5.3.3.-Robos con violencia en establecimientos;2018;12
Ávila;5.4.-Sustracción de vehículos;2024;13
Ávila;5.4.-Sustracción de vehículos;2023;3
Ávila;5.4.-Sustracción de vehículos;2022;2
Ávila;5.4.-Sustracción de vehículos;2021;5
Ávila;5.4.-Sustracción de vehículos;2020;10
Ávila;5.4.-Sustracción de vehículos;2019;9
Ávila;5.4.-Sustracción de vehículos;2018;11
Ávila;5.5.-Estafas;2024;92
Ávila;5.5.-Estafas;2023;60
Ávila;5.5.-Estafas;2022;62
Ávila;5.5.-Estafas;2021;55
Ávila;5.5.-Estafas;2020;31
Ávila;5.5.-Estafas;2019;31
Ávila;5.5.-Estafas;2018;34
Ávila;5.5.1.-Estafas informáticas;2024;58
Ávila;5.5.1.-Estafas informáticas;2023;43
Ávila;5.5.1.-Estafas informáticas;2022;30
Ávila;5.5.1.-Estafas informáticas;2021;31
Ávila;5.5.1.-Estafas informáticas;2020;8
Ávila;5.5.1.-Estafas informáticas;2019;10
Ávila;5.5.1.-Estafas informáticas;2018;4
Ávila;5.6.-Daños;2024;54
Ávila;5.6.-Daños;2023;45
Ávila;5.6.-Daños;2022;61
Ávila;5.6.-Daños;2021;36
Ávila;5.6.-Daños;2020;50
Ávila;5.6.-Daños;2019;44
Ávila;5.6.-Daños;2018;40
Ávila;5.7.-Contra la propiedad intelectual/industrial;2024;0
Ávila;5.7.-Contra la propiedad intelectual/industrial;2023;0
Ávila;5.7.-Contra la propiedad intelectual/industrial;2022;1
Ávila;5.7.-Contra la propiedad intelectual/industrial;2021;0
Ávila;5.7.-Contra la propiedad intelectual/industrial;2020;18
Ávila;5.7.-Contra la propiedad intelectual/industrial;2019;7
Ávila;5.7.-Contra la propiedad intelectual/industrial;2018;3
Ávila;5.8.-Blanqueo de capitales;2024;0
Ávila;5.8.-Blanqueo de capitales;2023;0
Ávila;5.8.-Blanqueo de capitales;2022;1
Ávila;5.8.-Blanqueo de capitales;2021;3
Ávila;5.8.-Blanqueo de capitales;2020;1
Ávila;5.8.-Blanqueo de capitales;2019;0
Ávila;5.8.-Blanqueo de capitales;2018;4
Ávila;5.9.-Otros contra el patrimonio;2024;50
Ávila;5.9.-Otros contra el patrimonio;2023;27
Ávila;5.9.-Otros contra el patrimonio;2022;27
Ávila;5.9.-Otros contra el patrimonio;2021;34
Ávila;5.9.-Otros contra el patrimonio;2020;33
Ávila;5.9.-Otros contra el patrimonio;2019;29
Ávila;5.9.-Otros contra el patrimonio;2018;21
Ávila;6. SEGURIDAD COLECTIVA;2024;251
Ávila;6. SEGURIDAD COLECTIVA;2023;245
Ávila;6. SEGURIDAD COLECTIVA;2022;248
Ávila;6. SEGURIDAD COLECTIVA;2021;285
Ávila;6. SEGURIDAD COLECTIVA;2020;234
Ávila;6. SEGURIDAD COLECTIVA;2019;244
Ávila;6. SEGURIDAD COLECTIVA;2018;228
Ávila;6.1.-Tráfico de drogas;2024;46
Ávila;6.1.-Tráfico de drogas;2023;60
Ávila;6.1.-Tráfico de drogas;2022;68
Ávila;6.1.-Tráfico de drogas;2021;105
Ávila;6.1.-Tráfico de drogas;2020;83
Ávila;6.1.-Tráfico de drogas;2019;63
Ávila;6.1.-Tráfico de drogas;2018;57
Ávila;6.2.-Contra la seguridad vial;2024;198
Ávila;6.2.-Contra la seguridad vial;2023;176
Ávila;6.2.-Contra la seguridad vial;2022;178
Ávila;6.2.-Contra la seguridad vial;2021;173
Ávila;6.2.-Contra la seguridad vial;2020;145
Ávila;6.2.-Contra la seguridad vial;2019;174
Ávila;6.2.-Contra la seguridad vial;2018;163
Ávila;6.3.-Otros contra la seguridad colectiva;2024;7
Ávila;6.3.-Otros contra la seguridad colectiva;2023;9
Ávila;6.3.-Otros contra la seguridad colectiva;2022;2
Ávila;6.3.-Otros contra la seguridad colectiva;2021;7
Ávila;6.3.-Otros contra la seguridad colectiva;2020;6
Ávila;6.3.-Otros contra la seguridad colectiva;2019;7
Ávila;6.3.-Otros contra la seguridad colectiva;2018;8
Ávila;7. FALSEDADES;2024;37
Ávila;7. FALSEDADES;2023;40
Ávila;7. FALSEDADES;2022;97
Ávila;7. FALSEDADES;2021;76
Ávila;7. FALSEDADES;2020;20
Ávila;7. FALSEDADES;2019;16
Ávila;7. FALSEDADES;2018;24
Ávila;8. ADMÓN. PÚBLICA;2024;2
Ávila;8. ADMÓN. PÚBLICA;2023;8
Ávila;8. ADMÓN. PÚBLICA;2022;0
Ávila;8. ADMÓN. PÚBLICA;2021;0
Ávila;8. ADMÓN. PÚBLICA;2020;5
Ávila;8. ADMÓN. PÚBLICA;2019;3
Ávila;8. ADMÓN. PÚBLICA;2018;1
Ávila;9. ADMÓN. JUSTICIA;2024;92
Ávila;9. ADMÓN. JUSTICIA;2023;102
Ávila;9. ADMÓN. JUSTICIA;2022;85
Ávila;9. ADMÓN. JUSTICIA;2021;61
Ávila;9. ADMÓN. JUSTICIA;2020;50
Ávila;9. ADMÓN. JUSTICIA;2019;79
Ávila;9. ADMÓN. JUSTICIA;2018;95
Ávila;10. ORDEN PÚBLICO;2024;60
Ávila;10. ORDEN PÚBLICO;2023;59
Ávila;10. ORDEN PÚBLICO;2022;54
Ávila;10. ORDEN PÚBLICO;2021;33
Ávila;10. ORDEN PÚBLICO;2020;53
Ávila;10. ORDEN PÚBLICO;2019;37
Ávila;10. ORDEN PÚBLICO;2018;43
Ávila;11. LEGISLACIÓN ESPECIAL;2024;0
Ávila;11. LEGISLACIÓN ESPECIAL;2023;0
Ávila;11. LEGISLACIÓN ESPECIAL;2022;0
Ávila;11. LEGISLACIÓN ESPECIAL;2021;1
Ávila;11. LEGISLACIÓN ESPECIAL;2020;0
Ávila;11. LEGISLACIÓN ESPECIAL;2019;0
Ávila;11. LEGISLACIÓN ESPECIAL;2018;0
Ávila;12. OTRAS INFRACCIONES PENALES;2024;34
Ávila;12. OTRAS INFRACCIONES PENALES;2023;55
Ávila;12. OTRAS INFRACCIONES PENALES;2022;37
Ávila;12. OTRAS INFRACCIONES PENALES;2021;32
Ávila;12. OTRAS INFRACCIONES PENALES;2020;39
Ávila;12. OTRAS INFRACCIONES PENALES;2019;92
Ávila;12. OTRAS INFRACCIONES PENALES;2018;37
Ávila;TOTAL INFRACCIONES PENALES;2024;1.652
Ávila;TOTAL INFRACCIONES PENALES;2023;1.571
Ávila;TOTAL INFRACCIONES PENALES;2022;1.435
Ávila;TOTAL INFRACCIONES PENALES;2021;1.251
Ávila;TOTAL INFRACCIONES PENALES;2020;1.132
Ávila;TOTAL INFRACCIONES PENALES;2019;1.237
Ávila;TOTAL INFRACCIONES PENALES;2018;1.188
Badajoz;1. CONTRA LAS PERSONAS;2024;1.328
Badajoz;1. CONTRA LAS PERSONAS;2023;1.417
Badajoz;1. CONTRA LAS PERSONAS;2022;1.356
Badajoz;1. CONTRA LAS PERSONAS;2021;1.349
Badajoz;1. CONTRA LAS PERSONAS;2020;1.236
Badajoz;1. CONTRA LAS PERSONAS;2019;1.285
Badajoz;1. CONTRA LAS PERSONAS;2018;1.229
Badajoz;1.1.-Homicidios dolosos/asesinatos;2024;34
Badajoz;1.1.-Homicidios dolosos/asesinatos;2023;13
Badajoz;1.1.-Homicidios dolosos/asesinatos;2022;9
Badajoz;1.1.-Homicidios dolosos/asesinatos;2021;21
Badajoz;1.1.-Homicidios dolosos/asesinatos;2020;28
Badajoz;1.1.-Homicidios dolosos/asesinatos;2019;10
Badajoz;1.1.-Homicidios dolosos/asesinatos;2018;17
Badajoz;1.1.1.-Homicidios dolosos/asesinatos consumados;2024;4
Badajoz;1.1.1.-Homicidios dolosos/asesinatos consumados;2023;2
Badajoz;1.1.1.-Homicidios dolosos/asesinatos consumados;2022;2
Badajoz;1.1.1.-Homicidios dolosos/asesinatos consumados;2021;1
Badajoz;1.1.1.-Homicidios dolosos/asesinatos consumados;2020;9
Badajoz;1.1.1.-Homicidios dolosos/asesinatos consumados;2019;2
Badajoz;1.1.1.-Homicidios dolosos/asesinatos consumados;2018;10
Badajoz;1.2.-Lesiones;2024;504
Badajoz;1.2.-Lesiones;2023;684
Badajoz;1.2.-Lesiones;2022;625
Badajoz;1.2.-Lesiones;2021;610
Badajoz;1.2.-Lesiones;2020;517
Badajoz;1.2.-Lesiones;2019;605
Badajoz;1.2.-Lesiones;2018;630
Badajoz;1.3.-Malos tratos ámbito familiar;2024;767
Badajoz;1.3.-Malos tratos ámbito familiar;2023;697
Badajoz;1.3.-Malos tratos ámbito familiar;2022;691
Badajoz;1.3.-Malos tratos ámbito familiar;2021;670
Badajoz;1.3.-Malos tratos ámbito familiar;2020;659
Badajoz;1.3.-Malos tratos ámbito familiar;2019;638
Badajoz;1.3.-Malos tratos ámbito familiar;2018;550
Badajoz;1.4.-Otros contra las personas;2024;23
Badajoz;1.4.-Otros contra las personas;2023;23
Badajoz;1.4.-Otros contra las personas;2022;31
Badajoz;1.4.-Otros contra las personas;2021;48
Badajoz;1.4.-Otros contra las personas;2020;32
Badajoz;1.4.-Otros contra las personas;2019;32
Badajoz;1.4.-Otros contra las personas;2018;32
Badajoz;2. CONTRA LA LIBERTAD;2024;664
Badajoz;2. CONTRA LA LIBERTAD;2023;746
Badajoz;2. CONTRA LA LIBERTAD;2022;670
Badajoz;2. CONTRA LA LIBERTAD;2021;673
Badajoz;2. CONTRA LA LIBERTAD;2020;684
Badajoz;2. CONTRA LA LIBERTAD;2019;652
Badajoz;2. CONTRA LA LIBERTAD;2018;611
Badajoz;2.1.-Malos tratos habituales en el ámbito familiar;2024;140
Badajoz;2.1.-Malos tratos habituales en el ámbito familiar;2023;152
Badajoz;2.1.-Malos tratos habituales en el ámbito familiar;2022;137
Badajoz;2.1.-Malos tratos habituales en el ámbito familiar;2021;143
Badajoz;2.1.-Malos tratos habituales en el ámbito familiar;2020;133
Badajoz;2.1.-Malos tratos habituales en el ámbito familiar;2019;122
Badajoz;2.1.-Malos tratos habituales en el ámbito familiar;2018;97
Badajoz;2.2.-Otros contra la libertad;2024;524
Badajoz;2.2.-Otros contra la libertad;2023;594
Badajoz;2.2.-Otros contra la libertad;2022;533
Badajoz;2.2.-Otros contra la libertad;2021;530
Badajoz;2.2.-Otros contra la libertad;2020;551
Badajoz;2.2.-Otros contra la libertad;2019;530
Badajoz;2.2.-Otros contra la libertad;2018;514
Badajoz;3. LIBERTAD SEXUAL;2024;153
Badajoz;3. LIBERTAD SEXUAL;2023;148
Badajoz;3. LIBERTAD SEXUAL;2022;118
Badajoz;3. LIBERTAD SEXUAL;2021;102
Badajoz;3. LIBERTAD SEXUAL;2020;83
Badajoz;3. LIBERTAD SEXUAL;2019;108
Badajoz;3. LIBERTAD SEXUAL;2018;100
Badajoz;3.1.-Agresión sexual;2024;96
Badajoz;3.1.-Agresión sexual;2023;88
Badajoz;3.1.-Agresión sexual;2022;86
Badajoz;3.1.-Agresión sexual;2021;62
Badajoz;3.1.-Agresión sexual;2020;56
Badajoz;3.1.-Agresión sexual;2019;70
Badajoz;3.1.-Agresión sexual;2018;61
Badajoz;3.2.-Agresión sexual con penetración;2024;24
Badajoz;3.2.-Agresión sexual con penetración;2023;20
Badajoz;3.2.-Agresión sexual con penetración;2022;21
Badajoz;3.2.-Agresión sexual con penetración;2021;26
Badajoz;3.2.-Agresión sexual con penetración;2020;14
Badajoz;3.2.-Agresión sexual con penetración;2019;17
Badajoz;3.2.-Agresión sexual con penetración;2018;19
Badajoz;3.3.-Corrupción de menores o incapacitados;2024;7
Badajoz;3.3.-Corrupción de menores o incapacitados;2023;3
Badajoz;3.3.-Corrupción de menores o incapacitados;2022;2
Badajoz;3.3.-Corrupción de menores o incapacitados;2021;3
Badajoz;3.3.-Corrupción de menores o incapacitados;2020;2
Badajoz;3.3.-Corrupción de menores o incapacitados;2019;4
Badajoz;3.3.-Corrupción de menores o incapacitados;2018;8
Badajoz;3.4.-Pornografía de menores;2024;3
Badajoz;3.4.-Pornografía de menores;2023;19
Badajoz;3.4.-Pornografía de menores;2022;0
Badajoz;3.4.-Pornografía de menores;2021;4
Badajoz;3.4.-Pornografía de menores;2020;1
Badajoz;3.4.-Pornografía de menores;2019;2
Badajoz;3.4.-Pornografía de menores;2018;3
Badajoz;3.5.-Otros contra la libertad sexual;2024;23
Badajoz;3.5.-Otros contra la libertad sexual;2023;18
Badajoz;3.5.-Otros contra la libertad sexual;2022;9
Badajoz;3.5.-Otros contra la libertad sexual;2021;7
Badajoz;3.5.-Otros contra la libertad sexual;2020;10
Badajoz;3.5.-Otros contra la libertad sexual;2019;15
Badajoz;3.5.-Otros contra la libertad sexual;2018;9
Badajoz;4. RELACIONES FAMILIARES;2024;41
Badajoz;4. RELACIONES FAMILIARES;2023;54
Badajoz;4. RELACIONES FAMILIARES;2022;48
Badajoz;4. RELACIONES FAMILIARES;2021;39
Badajoz;4. RELACIONES FAMILIARES;2020;32
Badajoz;4. RELACIONES FAMILIARES;2019;35
Badajoz;4. RELACIONES FAMILIARES;2018;40
Badajoz;5. PATRIMONIO;2024;1.445
Badajoz;5. PATRIMONIO;2023;1.688
Badajoz;5. PATRIMONIO;2022;1.641
Badajoz;5. PATRIMONIO;2021;1.425
Badajoz;5. PATRIMONIO;2020;1.428
Badajoz;5. PATRIMONIO;2019;1.641
Badajoz;5. PATRIMONIO;2018;1.669
Badajoz;5.1.-Hurtos;2024;559
Badajoz;5.1.-Hurtos;2023;681
Badajoz;5.1.-Hurtos;2022;721
Badajoz;5.1.-Hurtos;2021;522
Badajoz;5.1.-Hurtos;2020;465
Badajoz;5.1.-Hurtos;2019;561
Badajoz;5.1.-Hurtos;2018;694
Badajoz;5.2.-Robos con fuerza en las cosas;2024;346
Badajoz;5.2.-Robos con fuerza en las cosas;2023;409
Badajoz;5.2.-Robos con fuerza en las cosas;2022;349
Badajoz;5.2.-Robos con fuerza en las cosas;2021;319
Badajoz;5.2.-Robos con fuerza en las cosas;2020;358
Badajoz;5.2.-Robos con fuerza en las cosas;2019;369
Badajoz;5.2.-Robos con fuerza en las cosas;2018;440
Badajoz;5.2.1.-Robos con fuerza en las cosas en el interior de vehículos;2024;54
Badajoz;5.2.1.-Robos con fuerza en las cosas en el interior de vehículos;2023;60
Badajoz;5.2.1.-Robos con fuerza en las cosas en el interior de vehículos;2022;29
Badajoz;5.2.1.-Robos con fuerza en las cosas en el interior de vehículos;2021;46
Badajoz;5.2.1.-Robos con fuerza en las cosas en el interior de vehículos;2020;42
Badajoz;5.2.1.-Robos con fuerza en las cosas en el interior de vehículos;2019;54
Badajoz;5.2.1.-Robos con fuerza en las cosas en el interior de vehículos;2018;46
Badajoz;5.2.2.-Robos con fuerza en viviendas;2024;103
Badajoz;5.2.2.-Robos con fuerza en viviendas;2023;131
Badajoz;5.2.2.-Robos con fuerza en viviendas;2022;104
Badajoz;5.2.2.-Robos con fuerza en viviendas;2021;93
Badajoz;5.2.2.-Robos con fuerza en viviendas;2020;125
Badajoz;5.2.2.-Robos con fuerza en viviendas;2019;114
Badajoz;5.2.2.-Robos con fuerza en viviendas;2018;173
Badajoz;5.2.3.-Robos con fuerza en establecimientos;2024;95
Badajoz;5.2.3.-Robos con fuerza en establecimientos;2023;118
Badajoz;5.2.3.-Robos con fuerza en establecimientos;2022;100
Badajoz;5.2.3.-Robos con fuerza en establecimientos;2021;68
Badajoz;5.2.3.-Robos con fuerza en establecimientos;2020;84
Badajoz;5.2.3.-Robos con fuerza en establecimientos;2019;90
Badajoz;5.2.3.-Robos con fuerza en establecimientos;2018;113
Badajoz;5.3.-Robos con violencia o intimidación;2024;124
Badajoz;5.3.-Robos con violencia o intimidación;2023;125
Badajoz;5.3.-Robos con violencia o intimidación;2022;121
Badajoz;5.3.-Robos con violencia o intimidación;2021;67
Badajoz;5.3.-Robos con violencia o intimidación;2020;98
Badajoz;5.3.-Robos con violencia o intimidación;2019;177
Badajoz;5.3.-Robos con violencia o intimidación;2018;98
Badajoz;5.3.1.-Robos con violencia en vía pública;2024;47
Badajoz;5.3.1.-Robos con violencia en vía pública;2023;52
Badajoz;5.3.1.-Robos con violencia en vía pública;2022;47
Badajoz;5.3.1.-Robos con violencia en vía pública;2021;26
Badajoz;5.3.1.-Robos con violencia en vía pública;2020;43
Badajoz;5.3.1.-Robos con violencia en vía pública;2019;79
Badajoz;5.3.1.-Robos con violencia en vía pública;2018;38
Badajoz;5.3.2.-Robos con violencia en viviendas;2024;12
Badajoz;5.3.2.-Robos con violencia en viviendas;2023;20
Badajoz;5.3.2.-Robos con violencia en viviendas;2022;28
Badajoz;5.3.2.-Robos con violencia en viviendas;2021;13
Badajoz;5.3.2.-Robos con violencia en viviendas;2020;14
Badajoz;5.3.2.-Robos con violencia en viviendas;2019;28
Badajoz;5.3.2.-Robos con violencia en viviendas;2018;13
Badajoz;5.3.3.-Robos con violencia en establecimientos;2024;53
Badajoz;5.3.3.-Robos con violencia en establecimientos;2023;38
Badajoz;5.3.3.-Robos con violencia en establecimientos;2022;31
Badajoz;5.3.3.-Robos con violencia en establecimientos;2021;23
Badajoz;5.3.3.-Robos con violencia en establecimientos;2020;33
Badajoz;5.3.3.-Robos con violencia en establecimientos;2019;47
Badajoz;5.3.3.-Robos con violencia en establecimientos;2018;38
Badajoz;5.4.-Sustracción de vehículos;2024;23
Badajoz;5.4.-Sustracción de vehículos;2023;23
Badajoz;5.4.-Sustracción de vehículos;2022;12
Badajoz;5.4.-Sustracción de vehículos;2021;26
Badajoz;5.4.-Sustracción de vehículos;2020;19
Badajoz;5.4.-Sustracción de vehículos;2019;14
Badajoz;5.4.-Sustracción de vehículos;2018;24
Badajoz;5.5.-Estafas;2024;155
Badajoz;5.5.-Estafas;2023;182
Badajoz;5.5.-Estafas;2022;172
Badajoz;5.5.-Estafas;2021;226
Badajoz;5.5.-Estafas;2020;228
Badajoz;5.5.-Estafas;2019;181
Badajoz;5.5.-Estafas;2018;119
Badajoz;5.5.1.-Estafas informáticas;2024;100
Badajoz;5.5.1.-Estafas informáticas;2023;122
Badajoz;5.5.1.-Estafas informáticas;2022;99
Badajoz;5.5.1.-Estafas informáticas;2021;139
Badajoz;5.5.1.-Estafas informáticas;2020;95
Badajoz;5.5.1.-Estafas informáticas;2019;56
Badajoz;5.5.1.-Estafas informáticas;2018;21
Badajoz;5.6.-Daños;2024;113
Badajoz;5.6.-Daños;2023;150
Badajoz;5.6.-Daños;2022;150
Badajoz;5.6.-Daños;2021;147
Badajoz;5.6.-Daños;2020;149
Badajoz;5.6.-Daños;2019;150
Badajoz;5.6.-Daños;2018;124
Badajoz;5.7.-Contra la propiedad intelectual/industrial;2024;7
Badajoz;5.7.-Contra la propiedad intelectual/industrial;2023;10
Badajoz;5.7.-Contra la propiedad intelectual/industrial;2022;11
Badajoz;5.7.-Contra la propiedad intelectual/industrial;2021;3
Badajoz;5.7.-Contra la propiedad intelectual/industrial;2020;13
Badajoz;5.7.-Contra la propiedad intelectual/industrial;2019;29
Badajoz;5.7.-Contra la propiedad intelectual/industrial;2018;32
Badajoz;5.8.-Blanqueo de capitales;2024;1
Badajoz;5.8.-Blanqueo de capitales;2023;1
Badajoz;5.8.-Blanqueo de capitales;2022;3
Badajoz;5.8.-Blanqueo de capitales;2021;12
Badajoz;5.8.-Blanqueo de capitales;2020;0
Badajoz;5.8.-Blanqueo de capitales;2019;0
Badajoz;5.8.-Blanqueo de capitales;2018;0
Badajoz;5.9.-Otros contra el patrimonio;2024;117
Badajoz;5.9.-Otros contra el patrimonio;2023;107
Badajoz;5.9.-Otros contra el patrimonio;2022;102
Badajoz;5.9.-Otros contra el patrimonio;2021;103
Badajoz;5.9.-Otros contra el patrimonio;2020;98
Badajoz;5.9.-Otros contra el patrimonio;2019;160
Badajoz;5.9.-Otros contra el patrimonio;2018;138
Badajoz;6. SEGURIDAD COLECTIVA;2024;657
Badajoz;6. SEGURIDAD COLECTIVA;2023;782
Badajoz;6. SEGURIDAD COLECTIVA;2022;704
Badajoz;6. SEGURIDAD COLECTIVA;2021;764
Badajoz;6. SEGURIDAD COLECTIVA;2020;677
Badajoz;6. SEGURIDAD COLECTIVA;2019;848
Badajoz;6. SEGURIDAD COLECTIVA;2018;708
Badajoz;6.1.-Tráfico de drogas;2024;234
Badajoz;6.1.-Tráfico de drogas;2023;348
Badajoz;6.1.-Tráfico de drogas;2022;267
Badajoz;6.1.-Tráfico de drogas;2021;341
Badajoz;6.1.-Tráfico de drogas;2020;321
Badajoz;6.1.-Tráfico de drogas;2019;361
Badajoz;6.1.-Tráfico de drogas;2018;237
Badajoz;6.2.-Contra la seguridad vial;2024;401
Badajoz;6.2.-Contra la seguridad vial;2023;419
Badajoz;6.2.-Contra la seguridad vial;2022;418
Badajoz;6.2.-Contra la seguridad vial;2021;403
Badajoz;6.2.-Contra la seguridad vial;2020;329
Badajoz;6.2.-Contra la seguridad vial;2019;438
Badajoz;6.2.-Contra la seguridad vial;2018;409
Badajoz;6.3.-Otros contra la seguridad colectiva;2024;22
Badajoz;6.3.-Otros contra la seguridad colectiva;2023;15
Badajoz;6.3.-Otros contra la seguridad colectiva;2022;19
Badajoz;6.3.-Otros contra la seguridad colectiva;2021;20
Badajoz;6.3.-Otros contra la seguridad colectiva;2020;27
Badajoz;6.3.-Otros contra la seguridad colectiva;2019;49
Badajoz;6.3.-Otros contra la seguridad colectiva;2018;62
Badajoz;7. FALSEDADES;2024;108
Badajoz;7. FALSEDADES;2023;98
Badajoz;7. FALSEDADES;2022;92
Badajoz;7. FALSEDADES;2021;101
Badajoz;7. FALSEDADES;2020;80
Badajoz;7. FALSEDADES;2019;100
Badajoz;7. FALSEDADES;2018;71
Badajoz;8. ADMÓN. PÚBLICA;2024;87
Badajoz;8. ADMÓN. PÚBLICA;2023;2
Badajoz;8. ADMÓN. PÚBLICA;2022;1
Badajoz;8. ADMÓN. PÚBLICA;2021;7
Badajoz;8. ADMÓN. PÚBLICA;2020;1
Badajoz;8. ADMÓN. PÚBLICA;2019;1
Badajoz;8. ADMÓN. PÚBLICA;2018;6
Badajoz;9. ADMÓN. JUSTICIA;2024;453
Badajoz;9. ADMÓN. JUSTICIA;2023;373
Badajoz;9. ADMÓN. JUSTICIA;2022;369
Badajoz;9. ADMÓN. JUSTICIA;2021;344
Badajoz;9. ADMÓN. JUSTICIA;2020;308
Badajoz;9. ADMÓN. JUSTICIA;2019;326
Badajoz;9. ADMÓN. JUSTICIA;2018;276
Badajoz;10. ORDEN PÚBLICO;2024;208
Badajoz;10. ORDEN PÚBLICO;2023;211
Badajoz;10. ORDEN PÚBLICO;2022;206
Badajoz;10. ORDEN PÚBLICO;2021;231
Badajoz;10. ORDEN PÚBLICO;2020;291
Badajoz;10. ORDEN PÚBLICO;2019;162
Badajoz;10. ORDEN PÚBLICO;2018;144
Badajoz;11. LEGISLACIÓN ESPECIAL;2024;1
Badajoz;11. LEGISLACIÓN ESPECIAL;2023;12
Badajoz;11. LEGISLACIÓN ESPECIAL;2022;12
Badajoz;11. LEGISLACIÓN ESPECIAL;2021;20
Badajoz;11. LEGISLACIÓN ESPECIAL;2020;14
Badajoz;11. LEGISLACIÓN ESPECIAL;2019;8
Badajoz;11. LEGISLACIÓN ESPECIAL;2018;14
Badajoz;12. OTRAS INFRACCIONES PENALES;2024;104
Badajoz;12. OTRAS INFRACCIONES PENALES;2023;80
Badajoz;12. OTRAS INFRACCIONES PENALES;2022;83
Badajoz;12. OTRAS INFRACCIONES PENALES;2021;79
Badajoz;12. OTRAS INFRACCIONES PENALES;2020;81
Badajoz;12. OTRAS INFRACCIONES PENALES;2019;90
Badajoz;12. OTRAS INFRACCIONES PENALES;2018;102
Badajoz;TOTAL INFRACCIONES PENALES;2024;5.249
Badajoz;TOTAL INFRACCIONES PENALES;2023;5.611
Badajoz;TOTAL INFRACCIONES PENALES;2022;5.300
Badajoz;TOTAL INFRACCIONES PENALES;2021;5.134
Badajoz;TOTAL INFRACCIONES PENALES;2020;4.915
Badajoz;TOTAL INFRACCIONES PENALES;2019;5.256
Badajoz;TOTAL INFRACCIONES PENALES;2018;4.970
Balears (Illes);1. CONTRA LAS PERSONAS;2024;5.994
Balears (Illes);1. CONTRA LAS PERSONAS;2023;6.172
Balears (Illes);1. CONTRA LAS PERSONAS;2022;5.477
Balears (Illes);1. CONTRA LAS PERSONAS;2021;4.572
Balears (Illes);1. CONTRA LAS PERSONAS;2020;3.734
Balears (Illes);1. CONTRA LAS PERSONAS;2019;4.483
Balears (Illes);1. CONTRA LAS PERSONAS;2018;3.761
Balears (Illes);1.1.-Homicidios dolosos/asesinatos;2024;41
Balears (Illes);1.1.-Homicidios dolosos/asesinatos;2023;47
Balears (Illes);1.1.-Homicidios dolosos/asesinatos;2022;40
Balears (Illes);1.1.-Homicidios dolosos/asesinatos;2021;63
Balears (Illes);1.1.-Homicidios dolosos/asesinatos;2020;37
Balears (Illes);1.1.-Homicidios dolosos/asesinatos;2019;43
Balears (Illes);1.1.-Homicidios dolosos/asesinatos;2018;51
Balears (Illes);1.1.1.-Homicidios dolosos/asesinatos consumados;2024;8
Balears (Illes);1.1.1.-Homicidios dolosos/asesinatos consumados;2023;11
Balears (Illes);1.1.1.-Homicidios dolosos/asesinatos consumados;2022;1
Balears (Illes);1.1.1.-Homicidios dolosos/asesinatos consumados;2021;15
Balears (Illes);1.1.1.-Homicidios dolosos/asesinatos consumados;2020;7
Balears (Illes);1.1.1.-Homicidios dolosos/asesinatos consumados;2019;7
Balears (Illes);1.1.1.-Homicidios dolosos/asesinatos consumados;2018;17
Balears (Illes);1.2.-Lesiones;2024;1.470
Balears (Illes);1.2.-Lesiones;2023;1.319
Balears (Illes);1.2.-Lesiones;2022;1.208
Balears (Illes);1.2.-Lesiones;2021;943
Balears (Illes);1.2.-Lesiones;2020;827
Balears (Illes);1.2.-Lesiones;2019;1.165
Balears (Illes);1.2.-Lesiones;2018;958
Balears (Illes);1.3.-Malos tratos ámbito familiar;2024;4.359
Balears (Illes);1.3.-Malos tratos ámbito familiar;2023;4.700
Balears (Illes);1.3.-Malos tratos ámbito familiar;2022;4.151
Balears (Illes);1.3.-Malos tratos ámbito familiar;2021;3.522
Balears (Illes);1.3.-Malos tratos ámbito familiar;2020;2.795
Balears (Illes);1.3.-Malos tratos ámbito familiar;2019;3.232
Balears (Illes);1.3.-Malos tratos ámbito familiar;2018;2.719
Balears (Illes);1.4.-Otros contra las personas;2024;124
Balears (Illes);1.4.-Otros contra las personas;2023;106
Balears (Illes);1.4.-Otros contra las personas;2022;78
Balears (Illes);1.4.-Otros contra las personas;2021;44
Balears (Illes);1.4.-Otros contra las personas;2020;75
Balears (Illes);1.4.-Otros contra las personas;2019;43
Balears (Illes);1.4.-Otros contra las personas;2018;33
Balears (Illes);2. CONTRA LA LIBERTAD;2024;2.370
Balears (Illes);2. CONTRA LA LIBERTAD;2023;2.078
Balears (Illes);2. CONTRA LA LIBERTAD;2022;1.809
Balears (Illes);2. CONTRA LA LIBERTAD;2021;1.899
Balears (Illes);2. CONTRA LA LIBERTAD;2020;1.505
Balears (Illes);2. CONTRA LA LIBERTAD;2019;1.421
Balears (Illes);2. CONTRA LA LIBERTAD;2018;1.302
Balears (Illes);2.1.-Malos tratos habituales en el ámbito familiar;2024;535
Balears (Illes);2.1.-Malos tratos habituales en el ámbito familiar;2023;534
Balears (Illes);2.1.-Malos tratos habituales en el ámbito familiar;2022;514
Balears (Illes);2.1.-Malos tratos habituales en el ámbito familiar;2021;584
Balears (Illes);2.1.-Malos tratos habituales en el ámbito familiar;2020;401
Balears (Illes);2.1.-Malos tratos habituales en el ámbito familiar;2019;390
Balears (Illes);2.1.-Malos tratos habituales en el ámbito familiar;2018;389
Balears (Illes);2.2.-Otros contra la libertad;2024;1.835
Balears (Illes);2.2.-Otros contra la libertad;2023;1.544
Balears (Illes);2.2.-Otros contra la libertad;2022;1.295
Balears (Illes);2.2.-Otros contra la libertad;2021;1.315
Balears (Illes);2.2.-Otros contra la libertad;2020;1.104
Balears (Illes);2.2.-Otros contra la libertad;2019;1.031
Balears (Illes);2.2.-Otros contra la libertad;2018;913
Balears (Illes);3. LIBERTAD SEXUAL;2024;633
Balears (Illes);3. LIBERTAD SEXUAL;2023;684
Balears (Illes);3. LIBERTAD SEXUAL;2022;567
Balears (Illes);3. LIBERTAD SEXUAL;2021;494
Balears (Illes);3. LIBERTAD SEXUAL;2020;285
Balears (Illes);3. LIBERTAD SEXUAL;2019;395
Balears (Illes);3. LIBERTAD SEXUAL;2018;323
Balears (Illes);3.1.-Agresión sexual;2024;434
Balears (Illes);3.1.-Agresión sexual;2023;464
Balears (Illes);3.1.-Agresión sexual;2022;368
Balears (Illes);3.1.-Agresión sexual;2021;323
Balears (Illes);3.1.-Agresión sexual;2020;184
Balears (Illes);3.1.-Agresión sexual;2019;268
Balears (Illes);3.1.-Agresión sexual;2018;198
Balears (Illes);3.2.-Agresión sexual con penetración;2024;117
Balears (Illes);3.2.-Agresión sexual con penetración;2023;129
Balears (Illes);3.2.-Agresión sexual con penetración;2022;116
Balears (Illes);3.2.-Agresión sexual con penetración;2021;87
Balears (Illes);3.2.-Agresión sexual con penetración;2020;54
Balears (Illes);3.2.-Agresión sexual con penetración;2019;68
Balears (Illes);3.2.-Agresión sexual con penetración;2018;72
Balears (Illes);3.3.-Corrupción de menores o incapacitados;2024;1
Balears (Illes);3.3.-Corrupción de menores o incapacitados;2023;12
Balears (Illes);3.3.-Corrupción de menores o incapacitados;2022;14
Balears (Illes);3.3.-Corrupción de menores o incapacitados;2021;15
Balears (Illes);3.3.-Corrupción de menores o incapacitados;2020;10
Balears (Illes);3.3.-Corrupción de menores o incapacitados;2019;8
Balears (Illes);3.3.-Corrupción de menores o incapacitados;2018;5
Balears (Illes);3.4.-Pornografía de menores;2024;27
Balears (Illes);3.4.-Pornografía de menores;2023;19
Balears (Illes);3.4.-Pornografía de menores;2022;11
Balears (Illes);3.4.-Pornografía de menores;2021;7
Balears (Illes);3.4.-Pornografía de menores;2020;5
Balears (Illes);3.4.-Pornografía de menores;2019;7
Balears (Illes);3.4.-Pornografía de menores;2018;11
Balears (Illes);3.5.-Otros contra la libertad sexual;2024;54
Balears (Illes);3.5.-Otros contra la libertad sexual;2023;60
Balears (Illes);3.5.-Otros contra la libertad sexual;2022;58
Balears (Illes);3.5.-Otros contra la libertad sexual;2021;62
Balears (Illes);3.5.-Otros contra la libertad sexual;2020;32
Balears (Illes);3.5.-Otros contra la libertad sexual;2019;44
Balears (Illes);3.5.-Otros contra la libertad sexual;2018;37
Balears (Illes);4. RELACIONES FAMILIARES;2024;62
Balears (Illes);4. RELACIONES FAMILIARES;2023;55
Balears (Illes);4. RELACIONES FAMILIARES;2022;53
Balears (Illes);4. RELACIONES FAMILIARES;2021;49
Balears (Illes);4. RELACIONES FAMILIARES;2020;33
Balears (Illes);4. RELACIONES FAMILIARES;2019;34
Balears (Illes);4. RELACIONES FAMILIARES;2018;39
Balears (Illes);5. PATRIMONIO;2024;5.298
Balears (Illes);5. PATRIMONIO;2023;4.514
Balears (Illes);5. PATRIMONIO;2022;4.017
Balears (Illes);5. PATRIMONIO;2021;3.748
Balears (Illes);5. PATRIMONIO;2020;3.067
Balears (Illes);5. PATRIMONIO;2019;4.209
Balears (Illes);5. PATRIMONIO;2018;4.065
Balears (Illes);5.1.-Hurtos;2024;1.943
Balears (Illes);5.1.-Hurtos;2023;1.588
Balears (Illes);5.1.-Hurtos;2022;1.457
Balears (Illes);5.1.-Hurtos;2021;1.149
Balears (Illes);5.1.-Hurtos;2020;850
Balears (Illes);5.1.-Hurtos;2019;1.460
Balears (Illes);5.1.-Hurtos;2018;1.443
Balears (Illes);5.2.-Robos con fuerza en las cosas;2024;1.034
Balears (Illes);5.2.-Robos con fuerza en las cosas;2023;905
Balears (Illes);5.2.-Robos con fuerza en las cosas;2022;881
Balears (Illes);5.2.-Robos con fuerza en las cosas;2021;904
Balears (Illes);5.2.-Robos con fuerza en las cosas;2020;857
Balears (Illes);5.2.-Robos con fuerza en las cosas;2019;980
Balears (Illes);5.2.-Robos con fuerza en las cosas;2018;926
Balears (Illes);5.2.1.-Robos con fuerza en las cosas en el interior de vehículos;2024;272
Balears (Illes);5.2.1.-Robos con fuerza en las cosas en el interior de vehículos;2023;225
Balears (Illes);5.2.1.-Robos con fuerza en las cosas en el interior de vehículos;2022;244
Balears (Illes);5.2.1.-Robos con fuerza en las cosas en el interior de vehículos;2021;179
Balears (Illes);5.2.1.-Robos con fuerza en las cosas en el interior de vehículos;2020;180
Balears (Illes);5.2.1.-Robos con fuerza en las cosas en el interior de vehículos;2019;207
Balears (Illes);5.2.1.-Robos con fuerza en las cosas en el interior de vehículos;2018;172
Balears (Illes);5.2.2.-Robos con fuerza en viviendas;2024;334
Balears (Illes);5.2.2.-Robos con fuerza en viviendas;2023;333
Balears (Illes);5.2.2.-Robos con fuerza en viviendas;2022;252
Balears (Illes);5.2.2.-Robos con fuerza en viviendas;2021;326
Balears (Illes);5.2.2.-Robos con fuerza en viviendas;2020;334
Balears (Illes);5.2.2.-Robos con fuerza en viviendas;2019;399
Balears (Illes);5.2.2.-Robos con fuerza en viviendas;2018;377
Balears (Illes);5.2.3.-Robos con fuerza en establecimientos;2024;248
Balears (Illes);5.2.3.-Robos con fuerza en establecimientos;2023;189
Balears (Illes);5.2.3.-Robos con fuerza en establecimientos;2022;222
Balears (Illes);5.2.3.-Robos con fuerza en establecimientos;2021;234
Balears (Illes);5.2.3.-Robos con fuerza en establecimientos;2020;179
Balears (Illes);5.2.3.-Robos con fuerza en establecimientos;2019;204
Balears (Illes);5.2.3.-Robos con fuerza en establecimientos;2018;220
Balears (Illes);5.3.-Robos con violencia o intimidación;2024;661
Balears (Illes);5.3.-Robos con violencia o intimidación;2023;627
Balears (Illes);5.3.-Robos con violencia o intimidación;2022;531
Balears (Illes);5.3.-Robos con violencia o intimidación;2021;448
Balears (Illes);5.3.-Robos con violencia o intimidación;2020;405
Balears (Illes);5.3.-Robos con violencia o intimidación;2019;459
Balears (Illes);5.3.-Robos con violencia o intimidación;2018;413
Balears (Illes);5.3.1.-Robos con violencia en vía pública;2024;388
Balears (Illes);5.3.1.-Robos con violencia en vía pública;2023;372
Balears (Illes);5.3.1.-Robos con violencia en vía pública;2022;308
Balears (Illes);5.3.1.-Robos con violencia en vía pública;2021;236
Balears (Illes);5.3.1.-Robos con violencia en vía pública;2020;220
Balears (Illes);5.3.1.-Robos con violencia en vía pública;2019;267
Balears (Illes);5.3.1.-Robos con violencia en vía pública;2018;221
Balears (Illes);5.3.2.-Robos con violencia en viviendas;2024;46
Balears (Illes);5.3.2.-Robos con violencia en viviendas;2023;41
Balears (Illes);5.3.2.-Robos con violencia en viviendas;2022;45
Balears (Illes);5.3.2.-Robos con violencia en viviendas;2021;73
Balears (Illes);5.3.2.-Robos con violencia en viviendas;2020;43
Balears (Illes);5.3.2.-Robos con violencia en viviendas;2019;45
Balears (Illes);5.3.2.-Robos con violencia en viviendas;2018;60
Balears (Illes);5.3.3.-Robos con violencia en establecimientos;2024;150
Balears (Illes);5.3.3.-Robos con violencia en establecimientos;2023;142
Balears (Illes);5.3.3.-Robos con violencia en establecimientos;2022;106
Balears (Illes);5.3.3.-Robos con violencia en establecimientos;2021;81
Balears (Illes);5.3.3.-Robos con violencia en establecimientos;2020;83
Balears (Illes);5.3.3.-Robos con violencia en establecimientos;2019;78
Balears (Illes);5.3.3.-Robos con violencia en establecimientos;2018;98
Balears (Illes);5.4.-Sustracción de vehículos;2024;215
Balears (Illes);5.4.-Sustracción de vehículos;2023;145
Balears (Illes);5.4.-Sustracción de vehículos;2022;119
Balears (Illes);5.4.-Sustracción de vehículos;2021;96
Balears (Illes);5.4.-Sustracción de vehículos;2020;119
Balears (Illes);5.4.-Sustracción de vehículos;2019;134
Balears (Illes);5.4.-Sustracción de vehículos;2018;142
Balears (Illes);5.5.-Estafas;2024;363
Balears (Illes);5.5.-Estafas;2023;354
Balears (Illes);5.5.-Estafas;2022;281
Balears (Illes);5.5.-Estafas;2021;325
Balears (Illes);5.5.-Estafas;2020;237
Balears (Illes);5.5.-Estafas;2019;322
Balears (Illes);5.5.-Estafas;2018;343
Balears (Illes);5.5.1.-Estafas informáticas;2024;129
Balears (Illes);5.5.1.-Estafas informáticas;2023;140
Balears (Illes);5.5.1.-Estafas informáticas;2022;100
Balears (Illes);5.5.1.-Estafas informáticas;2021;125
Balears (Illes);5.5.1.-Estafas informáticas;2020;63
Balears (Illes);5.5.1.-Estafas informáticas;2019;63
Balears (Illes);5.5.1.-Estafas informáticas;2018;42
Balears (Illes);5.6.-Daños;2024;432
Balears (Illes);5.6.-Daños;2023;397
Balears (Illes);5.6.-Daños;2022;320
Balears (Illes);5.6.-Daños;2021;341
Balears (Illes);5.6.-Daños;2020;268
Balears (Illes);5.6.-Daños;2019;385
Balears (Illes);5.6.-Daños;2018;338
Balears (Illes);5.7.-Contra la propiedad intelectual/industrial;2024;110
Balears (Illes);5.7.-Contra la propiedad intelectual/industrial;2023;75
Balears (Illes);5.7.-Contra la propiedad intelectual/industrial;2022;64
Balears (Illes);5.7.-Contra la propiedad intelectual/industrial;2021;66
Balears (Illes);5.7.-Contra la propiedad intelectual/industrial;2020;20
Balears (Illes);5.7.-Contra la propiedad intelectual/industrial;2019;115
Balears (Illes);5.7.-Contra la propiedad intelectual/industrial;2018;87
Balears (Illes);5.8.-Blanqueo de capitales;2024;40
Balears (Illes);5.8.-Blanqueo de capitales;2023;4
Balears (Illes);5.8.-Blanqueo de capitales;2022;10
Balears (Illes);5.8.-Blanqueo de capitales;2021;59
Balears (Illes);5.8.-Blanqueo de capitales;2020;2
Balears (Illes);5.8.-Blanqueo de capitales;2019;2
Balears (Illes);5.8.-Blanqueo de capitales;2018;3
Balears (Illes);5.9.-Otros contra el patrimonio;2024;500
Balears (Illes);5.9.-Otros contra el patrimonio;2023;419
Balears (Illes);5.9.-Otros contra el patrimonio;2022;354
Balears (Illes);5.9.-Otros contra el patrimonio;2021;360
Balears (Illes);5.9.-Otros contra el patrimonio;2020;309
Balears (Illes);5.9.-Otros contra el patrimonio;2019;352
Balears (Illes);5.9.-Otros contra el patrimonio;2018;370
Balears (Illes);6. SEGURIDAD COLECTIVA;2024;2.597
Balears (Illes);6. SEGURIDAD COLECTIVA;2023;2.798
Balears (Illes);6. SEGURIDAD COLECTIVA;2022;2.355
Balears (Illes);6. SEGURIDAD COLECTIVA;2021;1.854
Balears (Illes);6. SEGURIDAD COLECTIVA;2020;2.052
Balears (Illes);6. SEGURIDAD COLECTIVA;2019;2.805
Balears (Illes);6. SEGURIDAD COLECTIVA;2018;2.619
Balears (Illes);6.1.-Tráfico de drogas;2024;961
Balears (Illes);6.1.-Tráfico de drogas;2023;1.045
Balears (Illes);6.1.-Tráfico de drogas;2022;846
Balears (Illes);6.1.-Tráfico de drogas;2021;500
Balears (Illes);6.1.-Tráfico de drogas;2020;621
Balears (Illes);6.1.-Tráfico de drogas;2019;865
Balears (Illes);6.1.-Tráfico de drogas;2018;697
Balears (Illes);6.2.-Contra la seguridad vial;2024;1.437
Balears (Illes);6.2.-Contra la seguridad vial;2023;1.607
Balears (Illes);6.2.-Contra la seguridad vial;2022;1.401
Balears (Illes);6.2.-Contra la seguridad vial;2021;1.309
Balears (Illes);6.2.-Contra la seguridad vial;2020;1.392
Balears (Illes);6.2.-Contra la seguridad vial;2019;1.815
Balears (Illes);6.2.-Contra la seguridad vial;2018;1.756
Balears (Illes);6.3.-Otros contra la seguridad colectiva;2024;199
Balears (Illes);6.3.-Otros contra la seguridad colectiva;2023;146
Balears (Illes);6.3.-Otros contra la seguridad colectiva;2022;108
Balears (Illes);6.3.-Otros contra la seguridad colectiva;2021;45
Balears (Illes);6.3.-Otros contra la seguridad colectiva;2020;39
Balears (Illes);6.3.-Otros contra la seguridad colectiva;2019;125
Balears (Illes);6.3.-Otros contra la seguridad colectiva;2018;166
Balears (Illes);7. FALSEDADES;2024;289
Balears (Illes);7. FALSEDADES;2023;246
Balears (Illes);7. FALSEDADES;2022;279
Balears (Illes);7. FALSEDADES;2021;400
Balears (Illes);7. FALSEDADES;2020;264
Balears (Illes);7. FALSEDADES;2019;472
Balears (Illes);7. FALSEDADES;2018;426
Balears (Illes);8. ADMÓN. PÚBLICA;2024;11
Balears (Illes);8. ADMÓN. PÚBLICA;2023;8
Balears (Illes);8. ADMÓN. PÚBLICA;2022;7
Balears (Illes);8. ADMÓN. PÚBLICA;2021;4
Balears (Illes);8. ADMÓN. PÚBLICA;2020;8
Balears (Illes);8. ADMÓN. PÚBLICA;2019;6
Balears (Illes);8. ADMÓN. PÚBLICA;2018;4
Balears (Illes);9. ADMÓN. JUSTICIA;2024;1.315
Balears (Illes);9. ADMÓN. JUSTICIA;2023;1.274
Balears (Illes);9. ADMÓN. JUSTICIA;2022;1.073
Balears (Illes);9. ADMÓN. JUSTICIA;2021;1.006
Balears (Illes);9. ADMÓN. JUSTICIA;2020;836
Balears (Illes);9. ADMÓN. JUSTICIA;2019;759
Balears (Illes);9. ADMÓN. JUSTICIA;2018;655
Balears (Illes);10. ORDEN PÚBLICO;2024;764
Balears (Illes);10. ORDEN PÚBLICO;2023;799
Balears (Illes);10. ORDEN PÚBLICO;2022;772
Balears (Illes);10. ORDEN PÚBLICO;2021;709
Balears (Illes);10. ORDEN PÚBLICO;2020;1.031
Balears (Illes);10. ORDEN PÚBLICO;2019;596
Balears (Illes);10. ORDEN PÚBLICO;2018;517
Balears (Illes);11. LEGISLACIÓN ESPECIAL;2024;1
Balears (Illes);11. LEGISLACIÓN ESPECIAL;2023;0
Balears (Illes);11. LEGISLACIÓN ESPECIAL;2022;1
Balears (Illes);11. LEGISLACIÓN ESPECIAL;2021;0
Balears (Illes);11. LEGISLACIÓN ESPECIAL;2020;1
Balears (Illes);11. LEGISLACIÓN ESPECIAL;2019;2
Balears (Illes);11. LEGISLACIÓN ESPECIAL;2018;1
Balears (Illes);12. OTRAS INFRACCIONES PENALES;2024;169
Balears (Illes);12. OTRAS INFRACCIONES PENALES;2023;186
Balears (Illes);12. OTRAS INFRACCIONES PENALES;2022;164
Balears (Illes);12. OTRAS INFRACCIONES PENALES;2021;131
Balears (Illes);12. OTRAS INFRACCIONES PENALES;2020;106
Balears (Illes);12. OTRAS INFRACCIONES PENALES;2019;124
Balears (Illes);12. OTRAS INFRACCIONES PENALES;2018;191
Balears (Illes);TOTAL INFRACCIONES PENALES;2024;19.503
Balears (Illes);TOTAL INFRACCIONES PENALES;2023;18.814
Balears (Illes);TOTAL INFRACCIONES PENALES;2022;16.574
Balears (Illes);TOTAL INFRACCIONES PENALES;2021;14.866
Balears (Illes);TOTAL INFRACCIONES PENALES;2020;12.922
Balears (Illes);TOTAL INFRACCIONES PENALES;2019;15.306
Balears (Illes);TOTAL INFRACCIONES PENALES;2018;13.903
Barcelona;1. CONTRA LAS PERSONAS;2024;13.547
Barcelona;1. CONTRA LAS PERSONAS;2023;11.901
Barcelona;1. CONTRA LAS PERSONAS;2022;11.640
Barcelona;1. CONTRA LAS PERSONAS;2021;10.104
Barcelona;1. CONTRA LAS PERSONAS;2020;9.034
Barcelona;1. CONTRA LAS PERSONAS;2019;2.685
Barcelona;1. CONTRA LAS PERSONAS;2018;2.813
Barcelona;1.1.-Homicidios dolosos/asesinatos;2024;130
Barcelona;1.1.-Homicidios dolosos/asesinatos;2023;113
Barcelona;1.1.-Homicidios dolosos/asesinatos;2022;75
Barcelona;1.1.-Homicidios dolosos/asesinatos;2021;84
Barcelona;1.1.-Homicidios dolosos/asesinatos;2020;85
Barcelona;1.1.-Homicidios dolosos/asesinatos;2019;167
Barcelona;1.1.-Homicidios dolosos/asesinatos;2018;137
Barcelona;1.1.1.-Homicidios dolosos/asesinatos consumados;2024;44
Barcelona;1.1.1.-Homicidios dolosos/asesinatos consumados;2023;31
Barcelona;1.1.1.-Homicidios dolosos/asesinatos consumados;2022;19
Barcelona;1.1.1.-Homicidios dolosos/asesinatos consumados;2021;32
Barcelona;1.1.1.-Homicidios dolosos/asesinatos consumados;2020;28
Barcelona;1.1.1.-Homicidios dolosos/asesinatos consumados;2019;1
Barcelona;1.1.1.-Homicidios dolosos/asesinatos consumados;2018;0
Barcelona;1.2.-Lesiones;2024;7.168
Barcelona;1.2.-Lesiones;2023;6.545
Barcelona;1.2.-Lesiones;2022;6.399
Barcelona;1.2.-Lesiones;2021;5.529
Barcelona;1.2.-Lesiones;2020;4.791
Barcelona;1.2.-Lesiones;2019;798
Barcelona;1.2.-Lesiones;2018;790
Barcelona;1.3.-Malos tratos ámbito familiar;2024;5.864
Barcelona;1.3.-Malos tratos ámbito familiar;2023;4.966
Barcelona;1.3.-Malos tratos ámbito familiar;2022;4.951
Barcelona;1.3.-Malos tratos ámbito familiar;2021;4.297
Barcelona;1.3.-Malos tratos ámbito familiar;2020;3.942
Barcelona;1.3.-Malos tratos ámbito familiar;2019;1.701
Barcelona;1.3.-Malos tratos ámbito familiar;2018;1.870
Barcelona;1.4.-Otros contra las personas;2024;385
Barcelona;1.4.-Otros contra las personas;2023;277
Barcelona;1.4.-Otros contra las personas;2022;215
Barcelona;1.4.-Otros contra las personas;2021;194
Barcelona;1.4.-Otros contra las personas;2020;216
Barcelona;1.4.-Otros contra las personas;2019;19
Barcelona;1.4.-Otros contra las personas;2018;16
Barcelona;2. CONTRA LA LIBERTAD;2024;7.723
Barcelona;2. CONTRA LA LIBERTAD;2023;7.232
Barcelona;2. CONTRA LA LIBERTAD;2022;6.977
Barcelona;2. CONTRA LA LIBERTAD;2021;6.647
Barcelona;2. CONTRA LA LIBERTAD;2020;6.185
Barcelona;2. CONTRA LA LIBERTAD;2019;2.362
Barcelona;2. CONTRA LA LIBERTAD;2018;2.395
Barcelona;2.1.-Malos tratos habituales en el ámbito familiar;2024;884
Barcelona;2.1.-Malos tratos habituales en el ámbito familiar;2023;891
Barcelona;2.1.-Malos tratos habituales en el ámbito familiar;2022;862
Barcelona;2.1.-Malos tratos habituales en el ámbito familiar;2021;837
Barcelona;2.1.-Malos tratos habituales en el ámbito familiar;2020;720
Barcelona;2.1.-Malos tratos habituales en el ámbito familiar;2019;428
Barcelona;2.1.-Malos tratos habituales en el ámbito familiar;2018;506
Barcelona;2.2.-Otros contra la libertad;2024;6.839
Barcelona;2.2.-Otros contra la libertad;2023;6.341
Barcelona;2.2.-Otros contra la libertad;2022;6.115
Barcelona;2.2.-Otros contra la libertad;2021;5.810
Barcelona;2.2.-Otros contra la libertad;2020;5.465
Barcelona;2.2.-Otros contra la libertad;2019;1.934
Barcelona;2.2.-Otros contra la libertad;2018;1.889
Barcelona;3. LIBERTAD SEXUAL;2024;1.997
Barcelona;3. LIBERTAD SEXUAL;2023;2.026
Barcelona;3. LIBERTAD SEXUAL;2022;1.620
Barcelona;3. LIBERTAD SEXUAL;2021;1.143
Barcelona;3. LIBERTAD SEXUAL;2020;871
Barcelona;3. LIBERTAD SEXUAL;2019;859
Barcelona;3. LIBERTAD SEXUAL;2018;770
Barcelona;3.1.-Agresión sexual;2024;1.162
Barcelona;3.1.-Agresión sexual;2023;1.171
Barcelona;3.1.-Agresión sexual;2022;1.017
Barcelona;3.1.-Agresión sexual;2021;656
Barcelona;3.1.-Agresión sexual;2020;472
Barcelona;3.1.-Agresión sexual;2019;351
Barcelona;3.1.-Agresión sexual;2018;304
Barcelona;3.2.-Agresión sexual con penetración;2024;574
Barcelona;3.2.-Agresión sexual con penetración;2023;539
Barcelona;3.2.-Agresión sexual con penetración;2022;415
Barcelona;3.2.-Agresión sexual con penetración;2021;316
Barcelona;3.2.-Agresión sexual con penetración;2020;234
Barcelona;3.2.-Agresión sexual con penetración;2019;342
Barcelona;3.2.-Agresión sexual con penetración;2018;305
Barcelona;3.3.-Corrupción de menores o incapacitados;2024;5
Barcelona;3.3.-Corrupción de menores o incapacitados;2023;4
Barcelona;3.3.-Corrupción de menores o incapacitados;2022;8
Barcelona;3.3.-Corrupción de menores o incapacitados;2021;16
Barcelona;3.3.-Corrupción de menores o incapacitados;2020;5
Barcelona;3.3.-Corrupción de menores o incapacitados;2019;3
Barcelona;3.3.-Corrupción de menores o incapacitados;2018;4
Barcelona;3.4.-Pornografía de menores;2024;61
Barcelona;3.4.-Pornografía de menores;2023;81
Barcelona;3.4.-Pornografía de menores;2022;67
Barcelona;3.4.-Pornografía de menores;2021;46
Barcelona;3.4.-Pornografía de menores;2020;71
Barcelona;3.4.-Pornografía de menores;2019;69
Barcelona;3.4.-Pornografía de menores;2018;73
Barcelona;3.5.-Otros contra la libertad sexual;2024;195
Barcelona;3.5.-Otros contra la libertad sexual;2023;231
Barcelona;3.5.-Otros contra la libertad sexual;2022;113
Barcelona;3.5.-Otros contra la libertad sexual;2021;109
Barcelona;3.5.-Otros contra la libertad sexual;2020;89
Barcelona;3.5.-Otros contra la libertad sexual;2019;94
Barcelona;3.5.-Otros contra la libertad sexual;2018;84
Barcelona;4. RELACIONES FAMILIARES;2024;703
Barcelona;4. RELACIONES FAMILIARES;2023;676
Barcelona;4. RELACIONES FAMILIARES;2022;614
Barcelona;4. RELACIONES FAMILIARES;2021;557
Barcelona;4. RELACIONES FAMILIARES;2020;545
Barcelona;4. RELACIONES FAMILIARES;2019;16
Barcelona;4. RELACIONES FAMILIARES;2018;18
Barcelona;5. PATRIMONIO;2024;54.395
Barcelona;5. PATRIMONIO;2023;48.278
Barcelona;5. PATRIMONIO;2022;41.043
Barcelona;5. PATRIMONIO;2021;32.900
Barcelona;5. PATRIMONIO;2020;30.111
Barcelona;5. PATRIMONIO;2019;15.831
Barcelona;5. PATRIMONIO;2018;14.293
Barcelona;5.1.-Hurtos;2024;28.672
Barcelona;5.1.-Hurtos;2023;24.189
Barcelona;5.1.-Hurtos;2022;18.877
Barcelona;5.1.-Hurtos;2021;13.443
Barcelona;5.1.-Hurtos;2020;11.690
Barcelona;5.1.-Hurtos;2019;6.113
Barcelona;5.1.-Hurtos;2018;5.339
Barcelona;5.2.-Robos con fuerza en las cosas;2024;3.526
Barcelona;5.2.-Robos con fuerza en las cosas;2023;3.532
Barcelona;5.2.-Robos con fuerza en las cosas;2022;3.206
Barcelona;5.2.-Robos con fuerza en las cosas;2021;2.600
Barcelona;5.2.-Robos con fuerza en las cosas;2020;2.726
Barcelona;5.2.-Robos con fuerza en las cosas;2019;3.745
Barcelona;5.2.-Robos con fuerza en las cosas;2018;3.717
Barcelona;5.2.1.-Robos con fuerza en las cosas en el interior de vehículos;2024;1.080
Barcelona;5.2.1.-Robos con fuerza en las cosas en el interior de vehículos;2023;1.082
Barcelona;5.2.1.-Robos con fuerza en las cosas en el interior de vehículos;2022;869
Barcelona;5.2.1.-Robos con fuerza en las cosas en el interior de vehículos;2021;775
Barcelona;5.2.1.-Robos con fuerza en las cosas en el interior de vehículos;2020;2
Barcelona;5.2.1.-Robos con fuerza en las cosas en el interior de vehículos;2019;779
Barcelona;5.2.1.-Robos con fuerza en las cosas en el interior de vehículos;2018;661
Barcelona;5.2.2.-Robos con fuerza en viviendas;2024;749
Barcelona;5.2.2.-Robos con fuerza en viviendas;2023;779
Barcelona;5.2.2.-Robos con fuerza en viviendas;2022;810
Barcelona;5.2.2.-Robos con fuerza en viviendas;2021;659
Barcelona;5.2.2.-Robos con fuerza en viviendas;2020;818
Barcelona;5.2.2.-Robos con fuerza en viviendas;2019;11
Barcelona;5.2.2.-Robos con fuerza en viviendas;2018;5
Barcelona;5.2.3.-Robos con fuerza en establecimientos;2024;843
Barcelona;5.2.3.-Robos con fuerza en establecimientos;2023;831
Barcelona;5.2.3.-Robos con fuerza en establecimientos;2022;740
Barcelona;5.2.3.-Robos con fuerza en establecimientos;2021;576
Barcelona;5.2.3.-Robos con fuerza en establecimientos;2020;675
Barcelona;5.2.3.-Robos con fuerza en establecimientos;2019;8
Barcelona;5.2.3.-Robos con fuerza en establecimientos;2018;4
Barcelona;5.3.-Robos con violencia o intimidación;2024;3.135
Barcelona;5.3.-Robos con violencia o intimidación;2023;2.978
Barcelona;5.3.-Robos con violencia o intimidación;2022;2.436
Barcelona;5.3.-Robos con violencia o intimidación;2021;1.963
Barcelona;5.3.-Robos con violencia o intimidación;2020;1.680
Barcelona;5.3.-Robos con violencia o intimidación;2019;3.824
Barcelona;5.3.-Robos con violencia o intimidación;2018;2.956
Barcelona;5.3.1.-Robos con violencia en vía pública;2024;2.152
Barcelona;5.3.1.-Robos con violencia en vía pública;2023;2.123
Barcelona;5.3.1.-Robos con violencia en vía pública;2022;1.764
Barcelona;5.3.1.-Robos con violencia en vía pública;2021;1.239
Barcelona;5.3.1.-Robos con violencia en vía pública;2020;1.051
Barcelona;5.3.1.-Robos con violencia en vía pública;2019;2
Barcelona;5.3.1.-Robos con violencia en vía pública;2018;5
Barcelona;5.3.2.-Robos con violencia en viviendas;2024;81
Barcelona;5.3.2.-Robos con violencia en viviendas;2023;70
Barcelona;5.3.2.-Robos con violencia en viviendas;2022;69
Barcelona;5.3.2.-Robos con violencia en viviendas;2021;107
Barcelona;5.3.2.-Robos con violencia en viviendas;2020;74
Barcelona;5.3.2.-Robos con violencia en viviendas;2019;2
Barcelona;5.3.2.-Robos con violencia en viviendas;2018;1
Barcelona;5.3.3.-Robos con violencia en establecimientos;2024;660
Barcelona;5.3.3.-Robos con violencia en establecimientos;2023;547
Barcelona;5.3.3.-Robos con violencia en establecimientos;2022;390
Barcelona;5.3.3.-Robos con violencia en establecimientos;2021;377
Barcelona;5.3.3.-Robos con violencia en establecimientos;2020;384
Barcelona;5.3.3.-Robos con violencia en establecimientos;2019;3
Barcelona;5.3.3.-Robos con violencia en establecimientos;2018;0
Barcelona;5.4.-Sustracción de vehículos;2024;575
Barcelona;5.4.-Sustracción de vehículos;2023;524
Barcelona;5.4.-Sustracción de vehículos;2022;448
Barcelona;5.4.-Sustracción de vehículos;2021;409
Barcelona;5.4.-Sustracción de vehículos;2020;453
Barcelona;5.4.-Sustracción de vehículos;2019;326
Barcelona;5.4.-Sustracción de vehículos;2018;295
Barcelona;5.5.-Estafas;2024;4.664
Barcelona;5.5.-Estafas;2023;4.964
Barcelona;5.5.-Estafas;2022;4.453
Barcelona;5.5.-Estafas;2021;3.228
Barcelona;5.5.-Estafas;2020;2.729
Barcelona;5.5.-Estafas;2019;940
Barcelona;5.5.-Estafas;2018;954
Barcelona;5.5.1.-Estafas informáticas;2024;1.010
Barcelona;5.5.1.-Estafas informáticas;2023;1.286
Barcelona;5.5.1.-Estafas informáticas;2022;1.148
Barcelona;5.5.1.-Estafas informáticas;2021;488
Barcelona;5.5.1.-Estafas informáticas;2020;409
Barcelona;5.5.1.-Estafas informáticas;2019;219
Barcelona;5.5.1.-Estafas informáticas;2018;206
Barcelona;5.6.-Daños;2024;2.881
Barcelona;5.6.-Daños;2023;2.754
Barcelona;5.6.-Daños;2022;2.620
Barcelona;5.6.-Daños;2021;2.662
Barcelona;5.6.-Daños;2020;2.240
Barcelona;5.6.-Daños;2019;218
Barcelona;5.6.-Daños;2018;199
Barcelona;5.7.-Contra la propiedad intelectual/industrial;2024;113
Barcelona;5.7.-Contra la propiedad intelectual/industrial;2023;101
Barcelona;5.7.-Contra la propiedad intelectual/industrial;2022;133
Barcelona;5.7.-Contra la propiedad intelectual/industrial;2021;125
Barcelona;5.7.-Contra la propiedad intelectual/industrial;2020;96
Barcelona;5.7.-Contra la propiedad intelectual/industrial;2019;116
Barcelona;5.7.-Contra la propiedad intelectual/industrial;2018;182
Barcelona;5.8.-Blanqueo de capitales;2024;28
Barcelona;5.8.-Blanqueo de capitales;2023;28
Barcelona;5.8.-Blanqueo de capitales;2022;25
Barcelona;5.8.-Blanqueo de capitales;2021;28
Barcelona;5.8.-Blanqueo de capitales;2020;25
Barcelona;5.8.-Blanqueo de capitales;2019;27
Barcelona;5.8.-Blanqueo de capitales;2018;26
Barcelona;5.9.-Otros contra el patrimonio;2024;10.801
Barcelona;5.9.-Otros contra el patrimonio;2023;9.208
Barcelona;5.9.-Otros contra el patrimonio;2022;8.845
Barcelona;5.9.-Otros contra el patrimonio;2021;8.442
Barcelona;5.9.-Otros contra el patrimonio;2020;8.472
Barcelona;5.9.-Otros contra el patrimonio;2019;522
Barcelona;5.9.-Otros contra el patrimonio;2018;625
Barcelona;6. SEGURIDAD COLECTIVA;2024;6.323
Barcelona;6. SEGURIDAD COLECTIVA;2023;5.559
Barcelona;6. SEGURIDAD COLECTIVA;2022;5.618
Barcelona;6. SEGURIDAD COLECTIVA;2021;4.770
Barcelona;6. SEGURIDAD COLECTIVA;2020;3.928
Barcelona;6. SEGURIDAD COLECTIVA;2019;2.048
Barcelona;6. SEGURIDAD COLECTIVA;2018;1.996
Barcelona;6.1.-Tráfico de drogas;2024;3.312
Barcelona;6.1.-Tráfico de drogas;2023;2.871
Barcelona;6.1.-Tráfico de drogas;2022;2.713
Barcelona;6.1.-Tráfico de drogas;2021;2.068
Barcelona;6.1.-Tráfico de drogas;2020;1.824
Barcelona;6.1.-Tráfico de drogas;2019;1.785
Barcelona;6.1.-Tráfico de drogas;2018;1.732
Barcelona;6.2.-Contra la seguridad vial;2024;2.934
Barcelona;6.2.-Contra la seguridad vial;2023;2.631
Barcelona;6.2.-Contra la seguridad vial;2022;2.855
Barcelona;6.2.-Contra la seguridad vial;2021;2.645
Barcelona;6.2.-Contra la seguridad vial;2020;2.061
Barcelona;6.2.-Contra la seguridad vial;2019;210
Barcelona;6.2.-Contra la seguridad vial;2018;199
Barcelona;6.3.-Otros contra la seguridad colectiva;2024;77
Barcelona;6.3.-Otros contra la seguridad colectiva;2023;57
Barcelona;6.3.-Otros contra la seguridad colectiva;2022;50
Barcelona;6.3.-Otros contra la seguridad colectiva;2021;57
Barcelona;6.3.-Otros contra la seguridad colectiva;2020;43
Barcelona;6.3.-Otros contra la seguridad colectiva;2019;53
Barcelona;6.3.-Otros contra la seguridad colectiva;2018;65
Barcelona;7. FALSEDADES;2024;1.441
Barcelona;7. FALSEDADES;2023;1.345
Barcelona;7. FALSEDADES;2022;1.605
Barcelona;7. FALSEDADES;2021;1.465
Barcelona;7. FALSEDADES;2020;1.159
Barcelona;7. FALSEDADES;2019;1.388
Barcelona;7. FALSEDADES;2018;1.318
Barcelona;8. ADMÓN. PÚBLICA;2024;7
Barcelona;8. ADMÓN. PÚBLICA;2023;20
Barcelona;8. ADMÓN. PÚBLICA;2022;33
Barcelona;8. ADMÓN. PÚBLICA;2021;31
Barcelona;8. ADMÓN. PÚBLICA;2020;8
Barcelona;8. ADMÓN. PÚBLICA;2019;24
Barcelona;8. ADMÓN. PÚBLICA;2018;59
Barcelona;9. ADMÓN. JUSTICIA;2024;3.342
Barcelona;9. ADMÓN. JUSTICIA;2023;3.025
Barcelona;9. ADMÓN. JUSTICIA;2022;2.427
Barcelona;9. ADMÓN. JUSTICIA;2021;2.260
Barcelona;9. ADMÓN. JUSTICIA;2020;2.079
Barcelona;9. ADMÓN. JUSTICIA;2019;916
Barcelona;9. ADMÓN. JUSTICIA;2018;888
Barcelona;10. ORDEN PÚBLICO;2024;1.666
Barcelona;10. ORDEN PÚBLICO;2023;1.440
Barcelona;10. ORDEN PÚBLICO;2022;1.328
Barcelona;10. ORDEN PÚBLICO;2021;1.302
Barcelona;10. ORDEN PÚBLICO;2020;1.384
Barcelona;10. ORDEN PÚBLICO;2019;2.078
Barcelona;10. ORDEN PÚBLICO;2018;1.919
Barcelona;11. LEGISLACIÓN ESPECIAL;2024;17
Barcelona;11. LEGISLACIÓN ESPECIAL;2023;5
Barcelona;11. LEGISLACIÓN ESPECIAL;2022;8
Barcelona;11. LEGISLACIÓN ESPECIAL;2021;1
Barcelona;11. LEGISLACIÓN ESPECIAL;2020;5
Barcelona;11. LEGISLACIÓN ESPECIAL;2019;4
Barcelona;11. LEGISLACIÓN ESPECIAL;2018;5
Barcelona;12. OTRAS INFRACCIONES PENALES;2024;357
Barcelona;12. OTRAS INFRACCIONES PENALES;2023;393
Barcelona;12. OTRAS INFRACCIONES PENALES;2022;339
Barcelona;12. OTRAS INFRACCIONES PENALES;2021;358
Barcelona;12. OTRAS INFRACCIONES PENALES;2020;247
Barcelona;12. OTRAS INFRACCIONES PENALES;2019;240
Barcelona;12. OTRAS INFRACCIONES PENALES;2018;192
Barcelona;TOTAL INFRACCIONES PENALES;2024;91.518
Barcelona;TOTAL INFRACCIONES PENALES;2023;81.900
Barcelona;TOTAL INFRACCIONES PENALES;2022;73.252
Barcelona;TOTAL INFRACCIONES PENALES;2021;61.538
Barcelona;TOTAL INFRACCIONES PENALES;2020;55.556
Barcelona;TOTAL INFRACCIONES PENALES;2019;28.451
Barcelona;TOTAL INFRACCIONES PENALES;2018;26.666
Burgos;1. CONTRA LAS PERSONAS;2024;971
Burgos;1. CONTRA LAS PERSONAS;2023;941
Burgos;1. CONTRA LAS PERSONAS;2022;855
Burgos;1. CONTRA LAS PERSONAS;2021;695
Burgos;1. CONTRA LAS PERSONAS;2020;626
Burgos;1. CONTRA LAS PERSONAS;2019;695
Burgos;1. CONTRA LAS PERSONAS;2018;660
Burgos;1.1.-Homicidios dolosos/asesinatos;2024;12
Burgos;1.1.-Homicidios dolosos/asesinatos;2023;4
Burgos;1.1.-Homicidios dolosos/asesinatos;2022;23
Burgos;1.1.-Homicidios dolosos/asesinatos;2021;5
Burgos;1.1.-Homicidios dolosos/asesinatos;2020;5
Burgos;1.1.-Homicidios dolosos/asesinatos;2019;20
Burgos;1.1.-Homicidios dolosos/asesinatos;2018;8
Burgos;1.1.1.-Homicidios dolosos/asesinatos consumados;2024;8
Burgos;1.1.1.-Homicidios dolosos/asesinatos consumados;2023;1
Burgos;1.1.1.-Homicidios dolosos/asesinatos consumados;2022;4
Burgos;1.1.1.-Homicidios dolosos/asesinatos consumados;2021;0
Burgos;1.1.1.-Homicidios dolosos/asesinatos consumados;2020;1
Burgos;1.1.1.-Homicidios dolosos/asesinatos consumados;2019;10
Burgos;1.1.1.-Homicidios dolosos/asesinatos consumados;2018;5
Burgos;1.2.-Lesiones;2024;422
Burgos;1.2.-Lesiones;2023;351
Burgos;1.2.-Lesiones;2022;373
Burgos;1.2.-Lesiones;2021;291
Burgos;1.2.-Lesiones;2020;258
Burgos;1.2.-Lesiones;2019;274
Burgos;1.2.-Lesiones;2018;286
Burgos;1.3.-Malos tratos ámbito familiar;2024;503
Burgos;1.3.-Malos tratos ámbito familiar;2023;540
Burgos;1.3.-Malos tratos ámbito familiar;2022;442
Burgos;1.3.-Malos tratos ámbito familiar;2021;377
Burgos;1.3.-Malos tratos ámbito familiar;2020;348
Burgos;1.3.-Malos tratos ámbito familiar;2019;375
Burgos;1.3.-Malos tratos ámbito familiar;2018;357
Burgos;1.4.-Otros contra las personas;2024;34
Burgos;1.4.-Otros contra las personas;2023;46
Burgos;1.4.-Otros contra las personas;2022;17
Burgos;1.4.-Otros contra las personas;2021;22
Burgos;1.4.-Otros contra las personas;2020;15
Burgos;1.4.-Otros contra las personas;2019;26
Burgos;1.4.-Otros contra las personas;2018;9
Burgos;2. CONTRA LA LIBERTAD;2024;626
Burgos;2. CONTRA LA LIBERTAD;2023;540
Burgos;2. CONTRA LA LIBERTAD;2022;487
Burgos;2. CONTRA LA LIBERTAD;2021;483
Burgos;2. CONTRA LA LIBERTAD;2020;464
Burgos;2. CONTRA LA LIBERTAD;2019;431
Burgos;2. CONTRA LA LIBERTAD;2018;417
Burgos;2.1.-Malos tratos habituales en el ámbito familiar;2024;227
Burgos;2.1.-Malos tratos habituales en el ámbito familiar;2023;187
Burgos;2.1.-Malos tratos habituales en el ámbito familiar;2022;164
Burgos;2.1.-Malos tratos habituales en el ámbito familiar;2021;167
Burgos;2.1.-Malos tratos habituales en el ámbito familiar;2020;126
Burgos;2.1.-Malos tratos habituales en el ámbito familiar;2019;145
Burgos;2.1.-Malos tratos habituales en el ámbito familiar;2018;142
Burgos;2.2.-Otros contra la libertad;2024;399
Burgos;2.2.-Otros contra la libertad;2023;353
Burgos;2.2.-Otros contra la libertad;2022;323
Burgos;2.2.-Otros contra la libertad;2021;316
Burgos;2.2.-Otros contra la libertad;2020;338
Burgos;2.2.-Otros contra la libertad;2019;286
Burgos;2.2.-Otros contra la libertad;2018;275
Burgos;3. LIBERTAD SEXUAL;2024;88
Burgos;3. LIBERTAD SEXUAL;2023;72
Burgos;3. LIBERTAD SEXUAL;2022;60
Burgos;3. LIBERTAD SEXUAL;2021;67
Burgos;3. LIBERTAD SEXUAL;2020;43
Burgos;3. LIBERTAD SEXUAL;2019;52
Burgos;3. LIBERTAD SEXUAL;2018;57
Burgos;3.1.-Agresión sexual;2024;53
Burgos;3.1.-Agresión sexual;2023;42
Burgos;3.1.-Agresión sexual;2022;32
Burgos;3.1.-Agresión sexual;2021;34
Burgos;3.1.-Agresión sexual;2020;23
Burgos;3.1.-Agresión sexual;2019;29
Burgos;3.1.-Agresión sexual;2018;28
Burgos;3.2.-Agresión sexual con penetración;2024;23
Burgos;3.2.-Agresión sexual con penetración;2023;22
Burgos;3.2.-Agresión sexual con penetración;2022;20
Burgos;3.2.-Agresión sexual con penetración;2021;23
Burgos;3.2.-Agresión sexual con penetración;2020;13
Burgos;3.2.-Agresión sexual con penetración;2019;11
Burgos;3.2.-Agresión sexual con penetración;2018;10
Burgos;3.3.-Corrupción de menores o incapacitados;2024;0
Burgos;3.3.-Corrupción de menores o incapacitados;2023;2
Burgos;3.3.-Corrupción de menores o incapacitados;2022;3
Burgos;3.3.-Corrupción de menores o incapacitados;2021;1
Burgos;3.3.-Corrupción de menores o incapacitados;2020;2
Burgos;3.3.-Corrupción de menores o incapacitados;2019;3
Burgos;3.3.-Corrupción de menores o incapacitados;2018;4
Burgos;3.4.-Pornografía de menores;2024;3
Burgos;3.4.-Pornografía de menores;2023;2
Burgos;3.4.-Pornografía de menores;2022;1
Burgos;3.4.-Pornografía de menores;2021;5
Burgos;3.4.-Pornografía de menores;2020;0
Burgos;3.4.-Pornografía de menores;2019;0
Burgos;3.4.-Pornografía de menores;2018;5
Burgos;3.5.-Otros contra la libertad sexual;2024;9
Burgos;3.5.-Otros contra la libertad sexual;2023;4
Burgos;3.5.-Otros contra la libertad sexual;2022;4
Burgos;3.5.-Otros contra la libertad sexual;2021;4
Burgos;3.5.-Otros contra la libertad sexual;2020;5
Burgos;3.5.-Otros contra la libertad sexual;2019;9
Burgos;3.5.-Otros contra la libertad sexual;2018;10
Burgos;4. RELACIONES FAMILIARES;2024;2
Burgos;4. RELACIONES FAMILIARES;2023;1
Burgos;4. RELACIONES FAMILIARES;2022;1
Burgos;4. RELACIONES FAMILIARES;2021;2
Burgos;4. RELACIONES FAMILIARES;2020;1
Burgos;4. RELACIONES FAMILIARES;2019;1
Burgos;4. RELACIONES FAMILIARES;2018;2
Burgos;5. PATRIMONIO;2024;826
Burgos;5. PATRIMONIO;2023;741
Burgos;5. PATRIMONIO;2022;690
Burgos;5. PATRIMONIO;2021;638
Burgos;5. PATRIMONIO;2020;582
Burgos;5. PATRIMONIO;2019;748
Burgos;5. PATRIMONIO;2018;678
Burgos;5.1.-Hurtos;2024;144
Burgos;5.1.-Hurtos;2023;168
Burgos;5.1.-Hurtos;2022;149
Burgos;5.1.-Hurtos;2021;132
Burgos;5.1.-Hurtos;2020;83
Burgos;5.1.-Hurtos;2019;168
Burgos;5.1.-Hurtos;2018;158
Burgos;5.2.-Robos con fuerza en las cosas;2024;197
Burgos;5.2.-Robos con fuerza en las cosas;2023;147
Burgos;5.2.-Robos con fuerza en las cosas;2022;137
Burgos;5.2.-Robos con fuerza en las cosas;2021;174
Burgos;5.2.-Robos con fuerza en las cosas;2020;151
Burgos;5.2.-Robos con fuerza en las cosas;2019;180
Burgos;5.2.-Robos con fuerza en las cosas;2018;156
Burgos;5.2.1.-Robos con fuerza en las cosas en el interior de vehículos;2024;41
Burgos;5.2.1.-Robos con fuerza en las cosas en el interior de vehículos;2023;22
Burgos;5.2.1.-Robos con fuerza en las cosas en el interior de vehículos;2022;16
Burgos;5.2.1.-Robos con fuerza en las cosas en el interior de vehículos;2021;22
Burgos;5.2.1.-Robos con fuerza en las cosas en el interior de vehículos;2020;13
Burgos;5.2.1.-Robos con fuerza en las cosas en el interior de vehículos;2019;9
Burgos;5.2.1.-Robos con fuerza en las cosas en el interior de vehículos;2018;12
Burgos;5.2.2.-Robos con fuerza en viviendas;2024;65
Burgos;5.2.2.-Robos con fuerza en viviendas;2023;39
Burgos;5.2.2.-Robos con fuerza en viviendas;2022;37
Burgos;5.2.2.-Robos con fuerza en viviendas;2021;60
Burgos;5.2.2.-Robos con fuerza en viviendas;2020;56
Burgos;5.2.2.-Robos con fuerza en viviendas;2019;69
Burgos;5.2.2.-Robos con fuerza en viviendas;2018;72
Burgos;5.2.3.-Robos con fuerza en establecimientos;2024;44
Burgos;5.2.3.-Robos con fuerza en establecimientos;2023;48
Burgos;5.2.3.-Robos con fuerza en establecimientos;2022;36
Burgos;5.2.3.-Robos con fuerza en establecimientos;2021;54
Burgos;5.2.3.-Robos con fuerza en establecimientos;2020;37
Burgos;5.2.3.-Robos con fuerza en establecimientos;2019;47
Burgos;5.2.3.-Robos con fuerza en establecimientos;2018;17
Burgos;5.3.-Robos con violencia o intimidación;2024;88
Burgos;5.3.-Robos con violencia o intimidación;2023;86
Burgos;5.3.-Robos con violencia o intimidación;2022;87
Burgos;5.3.-Robos con violencia o intimidación;2021;65
Burgos;5.3.-Robos con violencia o intimidación;2020;67
Burgos;5.3.-Robos con violencia o intimidación;2019;87
Burgos;5.3.-Robos con violencia o intimidación;2018;78
Burgos;5.3.1.-Robos con violencia en vía pública;2024;36
Burgos;5.3.1.-Robos con violencia en vía pública;2023;44
Burgos;5.3.1.-Robos con violencia en vía pública;2022;39
Burgos;5.3.1.-Robos con violencia en vía pública;2021;38
Burgos;5.3.1.-Robos con violencia en vía pública;2020;39
Burgos;5.3.1.-Robos con violencia en vía pública;2019;45
Burgos;5.3.1.-Robos con violencia en vía pública;2018;38
Burgos;5.3.2.-Robos con violencia en viviendas;2024;12
Burgos;5.3.2.-Robos con violencia en viviendas;2023;5
Burgos;5.3.2.-Robos con violencia en viviendas;2022;5
Burgos;5.3.2.-Robos con violencia en viviendas;2021;6
Burgos;5.3.2.-Robos con violencia en viviendas;2020;5
Burgos;5.3.2.-Robos con violencia en viviendas;2019;6
Burgos;5.3.2.-Robos con violencia en viviendas;2018;12
Burgos;5.3.3.-Robos con violencia en establecimientos;2024;28
Burgos;5.3.3.-Robos con violencia en establecimientos;2023;26
Burgos;5.3.3.-Robos con violencia en establecimientos;2022;30
Burgos;5.3.3.-Robos con violencia en establecimientos;2021;15
Burgos;5.3.3.-Robos con violencia en establecimientos;2020;21
Burgos;5.3.3.-Robos con violencia en establecimientos;2019;26
Burgos;5.3.3.-Robos con violencia en establecimientos;2018;25
Burgos;5.4.-Sustracción de vehículos;2024;18
Burgos;5.4.-Sustracción de vehículos;2023;12
Burgos;5.4.-Sustracción de vehículos;2022;19
Burgos;5.4.-Sustracción de vehículos;2021;11
Burgos;5.4.-Sustracción de vehículos;2020;8
Burgos;5.4.-Sustracción de vehículos;2019;15
Burgos;5.4.-Sustracción de vehículos;2018;9
Burgos;5.5.-Estafas;2024;189
Burgos;5.5.-Estafas;2023;136
Burgos;5.5.-Estafas;2022;125
Burgos;5.5.-Estafas;2021;73
Burgos;5.5.-Estafas;2020;66
Burgos;5.5.-Estafas;2019;93
Burgos;5.5.-Estafas;2018;89
Burgos;5.5.1.-Estafas informáticas;2024;115
Burgos;5.5.1.-Estafas informáticas;2023;77
Burgos;5.5.1.-Estafas informáticas;2022;54
Burgos;5.5.1.-Estafas informáticas;2021;43
Burgos;5.5.1.-Estafas informáticas;2020;33
Burgos;5.5.1.-Estafas informáticas;2019;20
Burgos;5.5.1.-Estafas informáticas;2018;11
Burgos;5.6.-Daños;2024;128
Burgos;5.6.-Daños;2023;115
Burgos;5.6.-Daños;2022;113
Burgos;5.6.-Daños;2021;139
Burgos;5.6.-Daños;2020;157
Burgos;5.6.-Daños;2019;133
Burgos;5.6.-Daños;2018;105
Burgos;5.7.-Contra la propiedad intelectual/industrial;2024;3
Burgos;5.7.-Contra la propiedad intelectual/industrial;2023;10
Burgos;5.7.-Contra la propiedad intelectual/industrial;2022;1
Burgos;5.7.-Contra la propiedad intelectual/industrial;2021;3
Burgos;5.7.-Contra la propiedad intelectual/industrial;2020;1
Burgos;5.7.-Contra la propiedad intelectual/industrial;2019;2
Burgos;5.7.-Contra la propiedad intelectual/industrial;2018;14
Burgos;5.8.-Blanqueo de capitales;2024;4
Burgos;5.8.-Blanqueo de capitales;2023;1
Burgos;5.8.-Blanqueo de capitales;2022;1
Burgos;5.8.-Blanqueo de capitales;2021;3
Burgos;5.8.-Blanqueo de capitales;2020;0
Burgos;5.8.-Blanqueo de capitales;2019;0
Burgos;5.8.-Blanqueo de capitales;2018;3
Burgos;5.9.-Otros contra el patrimonio;2024;55
Burgos;5.9.-Otros contra el patrimonio;2023;66
Burgos;5.9.-Otros contra el patrimonio;2022;58
Burgos;5.9.-Otros contra el patrimonio;2021;38
Burgos;5.9.-Otros contra el patrimonio;2020;49
Burgos;5.9.-Otros contra el patrimonio;2019;70
Burgos;5.9.-Otros contra el patrimonio;2018;66
Burgos;6. SEGURIDAD COLECTIVA;2024;365
Burgos;6. SEGURIDAD COLECTIVA;2023;418
Burgos;6. SEGURIDAD COLECTIVA;2022;396
Burgos;6. SEGURIDAD COLECTIVA;2021;376
Burgos;6. SEGURIDAD COLECTIVA;2020;297
Burgos;6. SEGURIDAD COLECTIVA;2019;372
Burgos;6. SEGURIDAD COLECTIVA;2018;350
Burgos;6.1.-Tráfico de drogas;2024;102
Burgos;6.1.-Tráfico de drogas;2023;97
Burgos;6.1.-Tráfico de drogas;2022;103
Burgos;6.1.-Tráfico de drogas;2021;91
Burgos;6.1.-Tráfico de drogas;2020;94
Burgos;6.1.-Tráfico de drogas;2019;95
Burgos;6.1.-Tráfico de drogas;2018;106
Burgos;6.2.-Contra la seguridad vial;2024;254
Burgos;6.2.-Contra la seguridad vial;2023;313
Burgos;6.2.-Contra la seguridad vial;2022;286
Burgos;6.2.-Contra la seguridad vial;2021;280
Burgos;6.2.-Contra la seguridad vial;2020;199
Burgos;6.2.-Contra la seguridad vial;2019;275
Burgos;6.2.-Contra la seguridad vial;2018;230
Burgos;6.3.-Otros contra la seguridad colectiva;2024;9
Burgos;6.3.-Otros contra la seguridad colectiva;2023;8
Burgos;6.3.-Otros contra la seguridad colectiva;2022;7
Burgos;6.3.-Otros contra la seguridad colectiva;2021;5
Burgos;6.3.-Otros contra la seguridad colectiva;2020;4
Burgos;6.3.-Otros contra la seguridad colectiva;2019;2
Burgos;6.3.-Otros contra la seguridad colectiva;2018;14
Burgos;7. FALSEDADES;2024;39
Burgos;7. FALSEDADES;2023;44
Burgos;7. FALSEDADES;2022;44
Burgos;7. FALSEDADES;2021;53
Burgos;7. FALSEDADES;2020;44
Burgos;7. FALSEDADES;2019;38
Burgos;7. FALSEDADES;2018;32
Burgos;8. ADMÓN. PÚBLICA;2024;0
Burgos;8. ADMÓN. PÚBLICA;2023;1
Burgos;8. ADMÓN. PÚBLICA;2022;2
Burgos;8. ADMÓN. PÚBLICA;2021;0
Burgos;8. ADMÓN. PÚBLICA;2020;0
Burgos;8. ADMÓN. PÚBLICA;2019;0
Burgos;8. ADMÓN. PÚBLICA;2018;3
Burgos;9. ADMÓN. JUSTICIA;2024;203
Burgos;9. ADMÓN. JUSTICIA;2023;203
Burgos;9. ADMÓN. JUSTICIA;2022;186
Burgos;9. ADMÓN. JUSTICIA;2021;176
Burgos;9. ADMÓN. JUSTICIA;2020;167
Burgos;9. ADMÓN. JUSTICIA;2019;181
Burgos;9. ADMÓN. JUSTICIA;2018;138
Burgos;10. ORDEN PÚBLICO;2024;219
Burgos;10. ORDEN PÚBLICO;2023;192
Burgos;10. ORDEN PÚBLICO;2022;184
Burgos;10. ORDEN PÚBLICO;2021;167
Burgos;10. ORDEN PÚBLICO;2020;216
Burgos;10. ORDEN PÚBLICO;2019;153
Burgos;10. ORDEN PÚBLICO;2018;135
Burgos;11. LEGISLACIÓN ESPECIAL;2024;0
Burgos;11. LEGISLACIÓN ESPECIAL;2023;0
Burgos;11. LEGISLACIÓN ESPECIAL;2022;0
Burgos;11. LEGISLACIÓN ESPECIAL;2021;0
Burgos;11. LEGISLACIÓN ESPECIAL;2020;1
Burgos;11. LEGISLACIÓN ESPECIAL;2019;0
Burgos;11. LEGISLACIÓN ESPECIAL;2018;0
Burgos;12. OTRAS INFRACCIONES PENALES;2024;46
Burgos;12. OTRAS INFRACCIONES PENALES;2023;37
Burgos;12. OTRAS INFRACCIONES PENALES;2022;38
Burgos;12. OTRAS INFRACCIONES PENALES;2021;48
Burgos;12. OTRAS INFRACCIONES PENALES;2020;35
Burgos;12. OTRAS INFRACCIONES PENALES;2019;50
Burgos;12. OTRAS INFRACCIONES PENALES;2018;38
Burgos;TOTAL INFRACCIONES PENALES;2024;3.385
Burgos;TOTAL INFRACCIONES PENALES;2023;3.190
Burgos;TOTAL INFRACCIONES PENALES;2022;2.943
Burgos;TOTAL INFRACCIONES PENALES;2021;2.705
Burgos;TOTAL INFRACCIONES PENALES;2020;2.476
Burgos;TOTAL INFRACCIONES PENALES;2019;2.721
Burgos;TOTAL INFRACCIONES PENALES;2018;2.510
Cáceres;1. CONTRA LAS PERSONAS;2024;1.019
Cáceres;1. CONTRA LAS PERSONAS;2023;1.020
Cáceres;1. CONTRA LAS PERSONAS;2022;853
Cáceres;1. CONTRA LAS PERSONAS;2021;747
Cáceres;1. CONTRA LAS PERSONAS;2020;684
Cáceres;1. CONTRA LAS PERSONAS;2019;814
Cáceres;1. CONTRA LAS PERSONAS;2018;843
Cáceres;1.1.-Homicidios dolosos/asesinatos;2024;6
Cáceres;1.1.-Homicidios dolosos/asesinatos;2023;6
Cáceres;1.1.-Homicidios dolosos/asesinatos;2022;4
Cáceres;1.1.-Homicidios dolosos/asesinatos;2021;3
Cáceres;1.1.-Homicidios dolosos/asesinatos;2020;5
Cáceres;1.1.-Homicidios dolosos/asesinatos;2019;6
Cáceres;1.1.-Homicidios dolosos/asesinatos;2018;4
Cáceres;1.1.1.-Homicidios dolosos/asesinatos consumados;2024;4
Cáceres;1.1.1.-Homicidios dolosos/asesinatos consumados;2023;2
Cáceres;1.1.1.-Homicidios dolosos/asesinatos consumados;2022;2
Cáceres;1.1.1.-Homicidios dolosos/asesinatos consumados;2021;1
Cáceres;1.1.1.-Homicidios dolosos/asesinatos consumados;2020;3
Cáceres;1.1.1.-Homicidios dolosos/asesinatos consumados;2019;4
Cáceres;1.1.1.-Homicidios dolosos/asesinatos consumados;2018;2
Cáceres;1.2.-Lesiones;2024;547
Cáceres;1.2.-Lesiones;2023;564
Cáceres;1.2.-Lesiones;2022;442
Cáceres;1.2.-Lesiones;2021;410
Cáceres;1.2.-Lesiones;2020;367
Cáceres;1.2.-Lesiones;2019;437
Cáceres;1.2.-Lesiones;2018;488
Cáceres;1.3.-Malos tratos ámbito familiar;2024;454
Cáceres;1.3.-Malos tratos ámbito familiar;2023;433
Cáceres;1.3.-Malos tratos ámbito familiar;2022;389
Cáceres;1.3.-Malos tratos ámbito familiar;2021;318
Cáceres;1.3.-Malos tratos ámbito familiar;2020;300
Cáceres;1.3.-Malos tratos ámbito familiar;2019;361
Cáceres;1.3.-Malos tratos ámbito familiar;2018;333
Cáceres;1.4.-Otros contra las personas;2024;12
Cáceres;1.4.-Otros contra las personas;2023;17
Cáceres;1.4.-Otros contra las personas;2022;18
Cáceres;1.4.-Otros contra las personas;2021;16
Cáceres;1.4.-Otros contra las personas;2020;12
Cáceres;1.4.-Otros contra las personas;2019;10
Cáceres;1.4.-Otros contra las personas;2018;18
Cáceres;2. CONTRA LA LIBERTAD;2024;538
Cáceres;2. CONTRA LA LIBERTAD;2023;616
Cáceres;2. CONTRA LA LIBERTAD;2022;515
Cáceres;2. CONTRA LA LIBERTAD;2021;501
Cáceres;2. CONTRA LA LIBERTAD;2020;444
Cáceres;2. CONTRA LA LIBERTAD;2019;519
Cáceres;2. CONTRA LA LIBERTAD;2018;465
Cáceres;2.1.-Malos tratos habituales en el ámbito familiar;2024;127
Cáceres;2.1.-Malos tratos habituales en el ámbito familiar;2023;118
Cáceres;2.1.-Malos tratos habituales en el ámbito familiar;2022;105
Cáceres;2.1.-Malos tratos habituales en el ámbito familiar;2021;120
Cáceres;2.1.-Malos tratos habituales en el ámbito familiar;2020;81
Cáceres;2.1.-Malos tratos habituales en el ámbito familiar;2019;119
Cáceres;2.1.-Malos tratos habituales en el ámbito familiar;2018;92
Cáceres;2.2.-Otros contra la libertad;2024;411
Cáceres;2.2.-Otros contra la libertad;2023;498
Cáceres;2.2.-Otros contra la libertad;2022;410
Cáceres;2.2.-Otros contra la libertad;2021;381
Cáceres;2.2.-Otros contra la libertad;2020;363
Cáceres;2.2.-Otros contra la libertad;2019;400
Cáceres;2.2.-Otros contra la libertad;2018;373
Cáceres;3. LIBERTAD SEXUAL;2024;85
Cáceres;3. LIBERTAD SEXUAL;2023;63
Cáceres;3. LIBERTAD SEXUAL;2022;68
Cáceres;3. LIBERTAD SEXUAL;2021;65
Cáceres;3. LIBERTAD SEXUAL;2020;45
Cáceres;3. LIBERTAD SEXUAL;2019;44
Cáceres;3. LIBERTAD SEXUAL;2018;53
Cáceres;3.1.-Agresión sexual;2024;63
Cáceres;3.1.-Agresión sexual;2023;44
Cáceres;3.1.-Agresión sexual;2022;43
Cáceres;3.1.-Agresión sexual;2021;43
Cáceres;3.1.-Agresión sexual;2020;31
Cáceres;3.1.-Agresión sexual;2019;29
Cáceres;3.1.-Agresión sexual;2018;36
Cáceres;3.2.-Agresión sexual con penetración;2024;9
Cáceres;3.2.-Agresión sexual con penetración;2023;9
Cáceres;3.2.-Agresión sexual con penetración;2022;7
Cáceres;3.2.-Agresión sexual con penetración;2021;9
Cáceres;3.2.-Agresión sexual con penetración;2020;10
Cáceres;3.2.-Agresión sexual con penetración;2019;5
Cáceres;3.2.-Agresión sexual con penetración;2018;9
Cáceres;3.3.-Corrupción de menores o incapacitados;2024;1
Cáceres;3.3.-Corrupción de menores o incapacitados;2023;2
Cáceres;3.3.-Corrupción de menores o incapacitados;2022;2
Cáceres;3.3.-Corrupción de menores o incapacitados;2021;4
Cáceres;3.3.-Corrupción de menores o incapacitados;2020;0
Cáceres;3.3.-Corrupción de menores o incapacitados;2019;2
Cáceres;3.3.-Corrupción de menores o incapacitados;2018;0
Cáceres;3.4.-Pornografía de menores;2024;4
Cáceres;3.4.-Pornografía de menores;2023;3
Cáceres;3.4.-Pornografía de menores;2022;6
Cáceres;3.4.-Pornografía de menores;2021;1
Cáceres;3.4.-Pornografía de menores;2020;1
Cáceres;3.4.-Pornografía de menores;2019;3
Cáceres;3.4.-Pornografía de menores;2018;3
Cáceres;3.5.-Otros contra la libertad sexual;2024;8
Cáceres;3.5.-Otros contra la libertad sexual;2023;5
Cáceres;3.5.-Otros contra la libertad sexual;2022;10
Cáceres;3.5.-Otros contra la libertad sexual;2021;8
Cáceres;3.5.-Otros contra la libertad sexual;2020;3
Cáceres;3.5.-Otros contra la libertad sexual;2019;5
Cáceres;3.5.-Otros contra la libertad sexual;2018;5
Cáceres;4. RELACIONES FAMILIARES;2024;22
Cáceres;4. RELACIONES FAMILIARES;2023;14
Cáceres;4. RELACIONES FAMILIARES;2022;22
Cáceres;4. RELACIONES FAMILIARES;2021;19
Cáceres;4. RELACIONES FAMILIARES;2020;12
Cáceres;4. RELACIONES FAMILIARES;2019;14
Cáceres;4. RELACIONES FAMILIARES;2018;10
Cáceres;5. PATRIMONIO;2024;790
Cáceres;5. PATRIMONIO;2023;908
Cáceres;5. PATRIMONIO;2022;760
Cáceres;5. PATRIMONIO;2021;621
Cáceres;5. PATRIMONIO;2020;596
Cáceres;5. PATRIMONIO;2019;708
Cáceres;5. PATRIMONIO;2018;745
Cáceres;5.1.-Hurtos;2024;247
Cáceres;5.1.-Hurtos;2023;254
Cáceres;5.1.-Hurtos;2022;201
Cáceres;5.1.-Hurtos;2021;132
Cáceres;5.1.-Hurtos;2020;151
Cáceres;5.1.-Hurtos;2019;230
Cáceres;5.1.-Hurtos;2018;204
Cáceres;5.2.-Robos con fuerza en las cosas;2024;167
Cáceres;5.2.-Robos con fuerza en las cosas;2023;197
Cáceres;5.2.-Robos con fuerza en las cosas;2022;133
Cáceres;5.2.-Robos con fuerza en las cosas;2021;128
Cáceres;5.2.-Robos con fuerza en las cosas;2020;135
Cáceres;5.2.-Robos con fuerza en las cosas;2019;170
Cáceres;5.2.-Robos con fuerza en las cosas;2018;168
Cáceres;5.2.1.-Robos con fuerza en las cosas en el interior de vehículos;2024;14
Cáceres;5.2.1.-Robos con fuerza en las cosas en el interior de vehículos;2023;14
Cáceres;5.2.1.-Robos con fuerza en las cosas en el interior de vehículos;2022;24
Cáceres;5.2.1.-Robos con fuerza en las cosas en el interior de vehículos;2021;17
Cáceres;5.2.1.-Robos con fuerza en las cosas en el interior de vehículos;2020;6
Cáceres;5.2.1.-Robos con fuerza en las cosas en el interior de vehículos;2019;14
Cáceres;5.2.1.-Robos con fuerza en las cosas en el interior de vehículos;2018;16
Cáceres;5.2.2.-Robos con fuerza en viviendas;2024;60
Cáceres;5.2.2.-Robos con fuerza en viviendas;2023;60
Cáceres;5.2.2.-Robos con fuerza en viviendas;2022;27
Cáceres;5.2.2.-Robos con fuerza en viviendas;2021;56
Cáceres;5.2.2.-Robos con fuerza en viviendas;2020;44
Cáceres;5.2.2.-Robos con fuerza en viviendas;2019;62
Cáceres;5.2.2.-Robos con fuerza en viviendas;2018;52
Cáceres;5.2.3.-Robos con fuerza en establecimientos;2024;23
Cáceres;5.2.3.-Robos con fuerza en establecimientos;2023;46
Cáceres;5.2.3.-Robos con fuerza en establecimientos;2022;24
Cáceres;5.2.3.-Robos con fuerza en establecimientos;2021;19
Cáceres;5.2.3.-Robos con fuerza en establecimientos;2020;34
Cáceres;5.2.3.-Robos con fuerza en establecimientos;2019;45
Cáceres;5.2.3.-Robos con fuerza en establecimientos;2018;47
Cáceres;5.3.-Robos con violencia o intimidación;2024;55
Cáceres;5.3.-Robos con violencia o intimidación;2023;67
Cáceres;5.3.-Robos con violencia o intimidación;2022;47
Cáceres;5.3.-Robos con violencia o intimidación;2021;53
Cáceres;5.3.-Robos con violencia o intimidación;2020;37
Cáceres;5.3.-Robos con violencia o intimidación;2019;41
Cáceres;5.3.-Robos con violencia o intimidación;2018;43
Cáceres;5.3.1.-Robos con violencia en vía pública;2024;19
Cáceres;5.3.1.-Robos con violencia en vía pública;2023;21
Cáceres;5.3.1.-Robos con violencia en vía pública;2022;28
Cáceres;5.3.1.-Robos con violencia en vía pública;2021;26
Cáceres;5.3.1.-Robos con violencia en vía pública;2020;17
Cáceres;5.3.1.-Robos con violencia en vía pública;2019;22
Cáceres;5.3.1.-Robos con violencia en vía pública;2018;18
Cáceres;5.3.2.-Robos con violencia en viviendas;2024;2
Cáceres;5.3.2.-Robos con violencia en viviendas;2023;17
Cáceres;5.3.2.-Robos con violencia en viviendas;2022;7
Cáceres;5.3.2.-Robos con violencia en viviendas;2021;7
Cáceres;5.3.2.-Robos con violencia en viviendas;2020;10
Cáceres;5.3.2.-Robos con violencia en viviendas;2019;5
Cáceres;5.3.2.-Robos con violencia en viviendas;2018;6
Cáceres;5.3.3.-Robos con violencia en establecimientos;2024;30
Cáceres;5.3.3.-Robos con violencia en establecimientos;2023;20
Cáceres;5.3.3.-Robos con violencia en establecimientos;2022;9
Cáceres;5.3.3.-Robos con violencia en establecimientos;2021;14
Cáceres;5.3.3.-Robos con violencia en establecimientos;2020;3
Cáceres;5.3.3.-Robos con violencia en establecimientos;2019;11
Cáceres;5.3.3.-Robos con violencia en establecimientos;2018;15
Cáceres;5.4.-Sustracción de vehículos;2024;12
Cáceres;5.4.-Sustracción de vehículos;2023;14
Cáceres;5.4.-Sustracción de vehículos;2022;17
Cáceres;5.4.-Sustracción de vehículos;2021;4
Cáceres;5.4.-Sustracción de vehículos;2020;6
Cáceres;5.4.-Sustracción de vehículos;2019;11
Cáceres;5.4.-Sustracción de vehículos;2018;3
Cáceres;5.5.-Estafas;2024;127
Cáceres;5.5.-Estafas;2023;137
Cáceres;5.5.-Estafas;2022;156
Cáceres;5.5.-Estafas;2021;92
Cáceres;5.5.-Estafas;2020;98
Cáceres;5.5.-Estafas;2019;61
Cáceres;5.5.-Estafas;2018;59
Cáceres;5.5.1.-Estafas informáticas;2024;82
Cáceres;5.5.1.-Estafas informáticas;2023;70
Cáceres;5.5.1.-Estafas informáticas;2022;85
Cáceres;5.5.1.-Estafas informáticas;2021;42
Cáceres;5.5.1.-Estafas informáticas;2020;36
Cáceres;5.5.1.-Estafas informáticas;2019;11
Cáceres;5.5.1.-Estafas informáticas;2018;11
Cáceres;5.6.-Daños;2024;101
Cáceres;5.6.-Daños;2023;124
Cáceres;5.6.-Daños;2022;109
Cáceres;5.6.-Daños;2021;125
Cáceres;5.6.-Daños;2020;96
Cáceres;5.6.-Daños;2019;105
Cáceres;5.6.-Daños;2018;126
Cáceres;5.7.-Contra la propiedad intelectual/industrial;2024;6
Cáceres;5.7.-Contra la propiedad intelectual/industrial;2023;10
Cáceres;5.7.-Contra la propiedad intelectual/industrial;2022;10
Cáceres;5.7.-Contra la propiedad intelectual/industrial;2021;2
Cáceres;5.7.-Contra la propiedad intelectual/industrial;2020;7
Cáceres;5.7.-Contra la propiedad intelectual/industrial;2019;15
Cáceres;5.7.-Contra la propiedad intelectual/industrial;2018;38
Cáceres;5.8.-Blanqueo de capitales;2024;0
Cáceres;5.8.-Blanqueo de capitales;2023;4
Cáceres;5.8.-Blanqueo de capitales;2022;0
Cáceres;5.8.-Blanqueo de capitales;2021;0
Cáceres;5.8.-Blanqueo de capitales;2020;1
Cáceres;5.8.-Blanqueo de capitales;2019;1
Cáceres;5.8.-Blanqueo de capitales;2018;2
Cáceres;5.9.-Otros contra el patrimonio;2024;75
Cáceres;5.9.-Otros contra el patrimonio;2023;101
Cáceres;5.9.-Otros contra el patrimonio;2022;87
Cáceres;5.9.-Otros contra el patrimonio;2021;85
Cáceres;5.9.-Otros contra el patrimonio;2020;65
Cáceres;5.9.-Otros contra el patrimonio;2019;74
Cáceres;5.9.-Otros contra el patrimonio;2018;102
Cáceres;6. SEGURIDAD COLECTIVA;2024;551
Cáceres;6. SEGURIDAD COLECTIVA;2023;514
Cáceres;6. SEGURIDAD COLECTIVA;2022;540
Cáceres;6. SEGURIDAD COLECTIVA;2021;600
Cáceres;6. SEGURIDAD COLECTIVA;2020;495
Cáceres;6. SEGURIDAD COLECTIVA;2019;526
Cáceres;6. SEGURIDAD COLECTIVA;2018;521
Cáceres;6.1.-Tráfico de drogas;2024;155
Cáceres;6.1.-Tráfico de drogas;2023;126
Cáceres;6.1.-Tráfico de drogas;2022;140
Cáceres;6.1.-Tráfico de drogas;2021;229
Cáceres;6.1.-Tráfico de drogas;2020;224
Cáceres;6.1.-Tráfico de drogas;2019;186
Cáceres;6.1.-Tráfico de drogas;2018;186
Cáceres;6.2.-Contra la seguridad vial;2024;350
Cáceres;6.2.-Contra la seguridad vial;2023;366
Cáceres;6.2.-Contra la seguridad vial;2022;360
Cáceres;6.2.-Contra la seguridad vial;2021;338
Cáceres;6.2.-Contra la seguridad vial;2020;259
Cáceres;6.2.-Contra la seguridad vial;2019;297
Cáceres;6.2.-Contra la seguridad vial;2018;307
Cáceres;6.3.-Otros contra la seguridad colectiva;2024;46
Cáceres;6.3.-Otros contra la seguridad colectiva;2023;22
Cáceres;6.3.-Otros contra la seguridad colectiva;2022;40
Cáceres;6.3.-Otros contra la seguridad colectiva;2021;33
Cáceres;6.3.-Otros contra la seguridad colectiva;2020;12
Cáceres;6.3.-Otros contra la seguridad colectiva;2019;43
Cáceres;6.3.-Otros contra la seguridad colectiva;2018;28
Cáceres;7. FALSEDADES;2024;56
Cáceres;7. FALSEDADES;2023;65
Cáceres;7. FALSEDADES;2022;44
Cáceres;7. FALSEDADES;2021;48
Cáceres;7. FALSEDADES;2020;46
Cáceres;7. FALSEDADES;2019;52
Cáceres;7. FALSEDADES;2018;57
Cáceres;8. ADMÓN. PÚBLICA;2024;2
Cáceres;8. ADMÓN. PÚBLICA;2023;0
Cáceres;8. ADMÓN. PÚBLICA;2022;0
Cáceres;8. ADMÓN. PÚBLICA;2021;4
Cáceres;8. ADMÓN. PÚBLICA;2020;0
Cáceres;8. ADMÓN. PÚBLICA;2019;2
Cáceres;8. ADMÓN. PÚBLICA;2018;1
Cáceres;9. ADMÓN. JUSTICIA;2024;270
Cáceres;9. ADMÓN. JUSTICIA;2023;287
Cáceres;9. ADMÓN. JUSTICIA;2022;240
Cáceres;9. ADMÓN. JUSTICIA;2021;193
Cáceres;9. ADMÓN. JUSTICIA;2020;186
Cáceres;9. ADMÓN. JUSTICIA;2019;193
Cáceres;9. ADMÓN. JUSTICIA;2018;169
Cáceres;10. ORDEN PÚBLICO;2024;101
Cáceres;10. ORDEN PÚBLICO;2023;103
Cáceres;10. ORDEN PÚBLICO;2022;68
Cáceres;10. ORDEN PÚBLICO;2021;79
Cáceres;10. ORDEN PÚBLICO;2020;147
Cáceres;10. ORDEN PÚBLICO;2019;92
Cáceres;10. ORDEN PÚBLICO;2018;64
Cáceres;11. LEGISLACIÓN ESPECIAL;2024;1
Cáceres;11. LEGISLACIÓN ESPECIAL;2023;2
Cáceres;11. LEGISLACIÓN ESPECIAL;2022;1
Cáceres;11. LEGISLACIÓN ESPECIAL;2021;1
Cáceres;11. LEGISLACIÓN ESPECIAL;2020;0
Cáceres;11. LEGISLACIÓN ESPECIAL;2019;2
Cáceres;11. LEGISLACIÓN ESPECIAL;2018;21
Cáceres;12. OTRAS INFRACCIONES PENALES;2024;73
Cáceres;12. OTRAS INFRACCIONES PENALES;2023;63
Cáceres;12. OTRAS INFRACCIONES PENALES;2022;56
Cáceres;12. OTRAS INFRACCIONES PENALES;2021;50
Cáceres;12. OTRAS INFRACCIONES PENALES;2020;102
Cáceres;12. OTRAS INFRACCIONES PENALES;2019;62
Cáceres;12. OTRAS INFRACCIONES PENALES;2018;76
Cáceres;TOTAL INFRACCIONES PENALES;2024;3.508
Cáceres;TOTAL INFRACCIONES PENALES;2023;3.655
Cáceres;TOTAL INFRACCIONES PENALES;2022;3.167
Cáceres;TOTAL INFRACCIONES PENALES;2021;2.928
Cáceres;TOTAL INFRACCIONES PENALES;2020;2.757
Cáceres;TOTAL INFRACCIONES PENALES;2019;3.028
Cáceres;TOTAL INFRACCIONES PENALES;2018;3.025
Cádiz;1. CONTRA LAS PERSONAS;2024;3.953
Cádiz;1. CONTRA LAS PERSONAS;2023;3.952
Cádiz;1. CONTRA LAS PERSONAS;2022;3.601
Cádiz;1. CONTRA LAS PERSONAS;2021;3.233
Cádiz;1. CONTRA LAS PERSONAS;2020;2.893
Cádiz;1. CONTRA LAS PERSONAS;2019;3.390
Cádiz;1. CONTRA LAS PERSONAS;2018;3.189
Cádiz;1.1.-Homicidios dolosos/asesinatos;2024;41
Cádiz;1.1.-Homicidios dolosos/asesinatos;2023;71
Cádiz;1.1.-Homicidios dolosos/asesinatos;2022;43
Cádiz;1.1.-Homicidios dolosos/asesinatos;2021;45
Cádiz;1.1.-Homicidios dolosos/asesinatos;2020;52
Cádiz;1.1.-Homicidios dolosos/asesinatos;2019;45
Cádiz;1.1.-Homicidios dolosos/asesinatos;2018;61
Cádiz;1.1.1.-Homicidios dolosos/asesinatos consumados;2024;21
Cádiz;1.1.1.-Homicidios dolosos/asesinatos consumados;2023;18
Cádiz;1.1.1.-Homicidios dolosos/asesinatos consumados;2022;9
Cádiz;1.1.1.-Homicidios dolosos/asesinatos consumados;2021;9
Cádiz;1.1.1.-Homicidios dolosos/asesinatos consumados;2020;12
Cádiz;1.1.1.-Homicidios dolosos/asesinatos consumados;2019;13
Cádiz;1.1.1.-Homicidios dolosos/asesinatos consumados;2018;10
Cádiz;1.2.-Lesiones;2024;1.155
Cádiz;1.2.-Lesiones;2023;1.167
Cádiz;1.2.-Lesiones;2022;1.062
Cádiz;1.2.-Lesiones;2021;930
Cádiz;1.2.-Lesiones;2020;809
Cádiz;1.2.-Lesiones;2019;1.257
Cádiz;1.2.-Lesiones;2018;1.168
Cádiz;1.3.-Malos tratos ámbito familiar;2024;2.627
Cádiz;1.3.-Malos tratos ámbito familiar;2023;2.603
Cádiz;1.3.-Malos tratos ámbito familiar;2022;2.409
Cádiz;1.3.-Malos tratos ámbito familiar;2021;2.219
Cádiz;1.3.-Malos tratos ámbito familiar;2020;1.985
Cádiz;1.3.-Malos tratos ámbito familiar;2019;2.048
Cádiz;1.3.-Malos tratos ámbito familiar;2018;1.916
Cádiz;1.4.-Otros contra las personas;2024;130
Cádiz;1.4.-Otros contra las personas;2023;111
Cádiz;1.4.-Otros contra las personas;2022;87
Cádiz;1.4.-Otros contra las personas;2021;39
Cádiz;1.4.-Otros contra las personas;2020;47
Cádiz;1.4.-Otros contra las personas;2019;40
Cádiz;1.4.-Otros contra las personas;2018;44
Cádiz;2. CONTRA LA LIBERTAD;2024;1.433
Cádiz;2. CONTRA LA LIBERTAD;2023;1.438
Cádiz;2. CONTRA LA LIBERTAD;2022;1.208
Cádiz;2. CONTRA LA LIBERTAD;2021;1.174
Cádiz;2. CONTRA LA LIBERTAD;2020;1.118
Cádiz;2. CONTRA LA LIBERTAD;2019;1.325
Cádiz;2. CONTRA LA LIBERTAD;2018;1.288
Cádiz;2.1.-Malos tratos habituales en el ámbito familiar;2024;249
Cádiz;2.1.-Malos tratos habituales en el ámbito familiar;2023;220
Cádiz;2.1.-Malos tratos habituales en el ámbito familiar;2022;220
Cádiz;2.1.-Malos tratos habituales en el ámbito familiar;2021;221
Cádiz;2.1.-Malos tratos habituales en el ámbito familiar;2020;230
Cádiz;2.1.-Malos tratos habituales en el ámbito familiar;2019;220
Cádiz;2.1.-Malos tratos habituales en el ámbito familiar;2018;206
Cádiz;2.2.-Otros contra la libertad;2024;1.184
Cádiz;2.2.-Otros contra la libertad;2023;1.218
Cádiz;2.2.-Otros contra la libertad;2022;988
Cádiz;2.2.-Otros contra la libertad;2021;953
Cádiz;2.2.-Otros contra la libertad;2020;888
Cádiz;2.2.-Otros contra la libertad;2019;1.105
Cádiz;2.2.-Otros contra la libertad;2018;1.082
Cádiz;3. LIBERTAD SEXUAL;2024;311
Cádiz;3. LIBERTAD SEXUAL;2023;317
Cádiz;3. LIBERTAD SEXUAL;2022;275
Cádiz;3. LIBERTAD SEXUAL;2021;256
Cádiz;3. LIBERTAD SEXUAL;2020;185
Cádiz;3. LIBERTAD SEXUAL;2019;222
Cádiz;3. LIBERTAD SEXUAL;2018;204
Cádiz;3.1.-Agresión sexual;2024;189
Cádiz;3.1.-Agresión sexual;2023;191
Cádiz;3.1.-Agresión sexual;2022;178
Cádiz;3.1.-Agresión sexual;2021;173
Cádiz;3.1.-Agresión sexual;2020;105
Cádiz;3.1.-Agresión sexual;2019;137
Cádiz;3.1.-Agresión sexual;2018;140
Cádiz;3.2.-Agresión sexual con penetración;2024;68
Cádiz;3.2.-Agresión sexual con penetración;2023;60
Cádiz;3.2.-Agresión sexual con penetración;2022;51
Cádiz;3.2.-Agresión sexual con penetración;2021;43
Cádiz;3.2.-Agresión sexual con penetración;2020;38
Cádiz;3.2.-Agresión sexual con penetración;2019;30
Cádiz;3.2.-Agresión sexual con penetración;2018;31
Cádiz;3.3.-Corrupción de menores o incapacitados;2024;6
Cádiz;3.3.-Corrupción de menores o incapacitados;2023;5
Cádiz;3.3.-Corrupción de menores o incapacitados;2022;7
Cádiz;3.3.-Corrupción de menores o incapacitados;2021;6
Cádiz;3.3.-Corrupción de menores o incapacitados;2020;5
Cádiz;3.3.-Corrupción de menores o incapacitados;2019;10
Cádiz;3.3.-Corrupción de menores o incapacitados;2018;5
Cádiz;3.4.-Pornografía de menores;2024;19
Cádiz;3.4.-Pornografía de menores;2023;26
Cádiz;3.4.-Pornografía de menores;2022;13
Cádiz;3.4.-Pornografía de menores;2021;14
Cádiz;3.4.-Pornografía de menores;2020;17
Cádiz;3.4.-Pornografía de menores;2019;14
Cádiz;3.4.-Pornografía de menores;2018;9
Cádiz;3.5.-Otros contra la libertad sexual;2024;29
Cádiz;3.5.-Otros contra la libertad sexual;2023;35
Cádiz;3.5.-Otros contra la libertad sexual;2022;26
Cádiz;3.5.-Otros contra la libertad sexual;2021;20
Cádiz;3.5.-Otros contra la libertad sexual;2020;20
Cádiz;3.5.-Otros contra la libertad sexual;2019;31
Cádiz;3.5.-Otros contra la libertad sexual;2018;19
Cádiz;4. RELACIONES FAMILIARES;2024;19
Cádiz;4. RELACIONES FAMILIARES;2023;17
Cádiz;4. RELACIONES FAMILIARES;2022;22
Cádiz;4. RELACIONES FAMILIARES;2021;23
Cádiz;4. RELACIONES FAMILIARES;2020;18
Cádiz;4. RELACIONES FAMILIARES;2019;17
Cádiz;4. RELACIONES FAMILIARES;2018;36
Cádiz;5. PATRIMONIO;2024;3.579
Cádiz;5. PATRIMONIO;2023;3.419
Cádiz;5. PATRIMONIO;2022;2.909
Cádiz;5. PATRIMONIO;2021;2.783
Cádiz;5. PATRIMONIO;2020;2.701
Cádiz;5. PATRIMONIO;2019;3.629
Cádiz;5. PATRIMONIO;2018;4.044
Cádiz;5.1.-Hurtos;2024;1.184
Cádiz;5.1.-Hurtos;2023;1.059
Cádiz;5.1.-Hurtos;2022;740
Cádiz;5.1.-Hurtos;2021;759
Cádiz;5.1.-Hurtos;2020;745
Cádiz;5.1.-Hurtos;2019;1.157
Cádiz;5.1.-Hurtos;2018;1.235
Cádiz;5.2.-Robos con fuerza en las cosas;2024;700
Cádiz;5.2.-Robos con fuerza en las cosas;2023;873
Cádiz;5.2.-Robos con fuerza en las cosas;2022;783
Cádiz;5.2.-Robos con fuerza en las cosas;2021;676
Cádiz;5.2.-Robos con fuerza en las cosas;2020;639
Cádiz;5.2.-Robos con fuerza en las cosas;2019;821
Cádiz;5.2.-Robos con fuerza en las cosas;2018;919
Cádiz;5.2.1.-Robos con fuerza en las cosas en el interior de vehículos;2024;145
Cádiz;5.2.1.-Robos con fuerza en las cosas en el interior de vehículos;2023;210
Cádiz;5.2.1.-Robos con fuerza en las cosas en el interior de vehículos;2022;152
Cádiz;5.2.1.-Robos con fuerza en las cosas en el interior de vehículos;2021;114
Cádiz;5.2.1.-Robos con fuerza en las cosas en el interior de vehículos;2020;127
Cádiz;5.2.1.-Robos con fuerza en las cosas en el interior de vehículos;2019;151
Cádiz;5.2.1.-Robos con fuerza en las cosas en el interior de vehículos;2018;178
Cádiz;5.2.2.-Robos con fuerza en viviendas;2024;206
Cádiz;5.2.2.-Robos con fuerza en viviendas;2023;240
Cádiz;5.2.2.-Robos con fuerza en viviendas;2022;228
Cádiz;5.2.2.-Robos con fuerza en viviendas;2021;206
Cádiz;5.2.2.-Robos con fuerza en viviendas;2020;196
Cádiz;5.2.2.-Robos con fuerza en viviendas;2019;259
Cádiz;5.2.2.-Robos con fuerza en viviendas;2018;240
Cádiz;5.2.3.-Robos con fuerza en establecimientos;2024;189
Cádiz;5.2.3.-Robos con fuerza en establecimientos;2023;233
Cádiz;5.2.3.-Robos con fuerza en establecimientos;2022;190
Cádiz;5.2.3.-Robos con fuerza en establecimientos;2021;187
Cádiz;5.2.3.-Robos con fuerza en establecimientos;2020;149
Cádiz;5.2.3.-Robos con fuerza en establecimientos;2019;189
Cádiz;5.2.3.-Robos con fuerza en establecimientos;2018;264
Cádiz;5.3.-Robos con violencia o intimidación;2024;394
Cádiz;5.3.-Robos con violencia o intimidación;2023;391
Cádiz;5.3.-Robos con violencia o intimidación;2022;357
Cádiz;5.3.-Robos con violencia o intimidación;2021;373
Cádiz;5.3.-Robos con violencia o intimidación;2020;313
Cádiz;5.3.-Robos con violencia o intimidación;2019;357
Cádiz;5.3.-Robos con violencia o intimidación;2018;342
Cádiz;5.3.1.-Robos con violencia en vía pública;2024;201
Cádiz;5.3.1.-Robos con violencia en vía pública;2023;228
Cádiz;5.3.1.-Robos con violencia en vía pública;2022;191
Cádiz;5.3.1.-Robos con violencia en vía pública;2021;215
Cádiz;5.3.1.-Robos con violencia en vía pública;2020;171
Cádiz;5.3.1.-Robos con violencia en vía pública;2019;187
Cádiz;5.3.1.-Robos con violencia en vía pública;2018;160
Cádiz;5.3.2.-Robos con violencia en viviendas;2024;72
Cádiz;5.3.2.-Robos con violencia en viviendas;2023;42
Cádiz;5.3.2.-Robos con violencia en viviendas;2022;46
Cádiz;5.3.2.-Robos con violencia en viviendas;2021;52
Cádiz;5.3.2.-Robos con violencia en viviendas;2020;34
Cádiz;5.3.2.-Robos con violencia en viviendas;2019;55
Cádiz;5.3.2.-Robos con violencia en viviendas;2018;52
Cádiz;5.3.3.-Robos con violencia en establecimientos;2024;80
Cádiz;5.3.3.-Robos con violencia en establecimientos;2023;96
Cádiz;5.3.3.-Robos con violencia en establecimientos;2022;96
Cádiz;5.3.3.-Robos con violencia en establecimientos;2021;87
Cádiz;5.3.3.-Robos con violencia en establecimientos;2020;86
Cádiz;5.3.3.-Robos con violencia en establecimientos;2019;91
Cádiz;5.3.3.-Robos con violencia en establecimientos;2018;92
Cádiz;5.4.-Sustracción de vehículos;2024;220
Cádiz;5.4.-Sustracción de vehículos;2023;150
Cádiz;5.4.-Sustracción de vehículos;2022;129
Cádiz;5.4.-Sustracción de vehículos;2021;142
Cádiz;5.4.-Sustracción de vehículos;2020;153
Cádiz;5.4.-Sustracción de vehículos;2019;149
Cádiz;5.4.-Sustracción de vehículos;2018;231
Cádiz;5.5.-Estafas;2024;428
Cádiz;5.5.-Estafas;2023;332
Cádiz;5.5.-Estafas;2022;289
Cádiz;5.5.-Estafas;2021;268
Cádiz;5.5.-Estafas;2020;277
Cádiz;5.5.-Estafas;2019;308
Cádiz;5.5.-Estafas;2018;420
Cádiz;5.5.1.-Estafas informáticas;2024;296
Cádiz;5.5.1.-Estafas informáticas;2023;234
Cádiz;5.5.1.-Estafas informáticas;2022;151
Cádiz;5.5.1.-Estafas informáticas;2021;138
Cádiz;5.5.1.-Estafas informáticas;2020;140
Cádiz;5.5.1.-Estafas informáticas;2019;125
Cádiz;5.5.1.-Estafas informáticas;2018;194
Cádiz;5.6.-Daños;2024;224
Cádiz;5.6.-Daños;2023;268
Cádiz;5.6.-Daños;2022;207
Cádiz;5.6.-Daños;2021;161
Cádiz;5.6.-Daños;2020;188
Cádiz;5.6.-Daños;2019;206
Cádiz;5.6.-Daños;2018;200
Cádiz;5.7.-Contra la propiedad intelectual/industrial;2024;44
Cádiz;5.7.-Contra la propiedad intelectual/industrial;2023;28
Cádiz;5.7.-Contra la propiedad intelectual/industrial;2022;29
Cádiz;5.7.-Contra la propiedad intelectual/industrial;2021;33
Cádiz;5.7.-Contra la propiedad intelectual/industrial;2020;32
Cádiz;5.7.-Contra la propiedad intelectual/industrial;2019;70
Cádiz;5.7.-Contra la propiedad intelectual/industrial;2018;82
Cádiz;5.8.-Blanqueo de capitales;2024;59
Cádiz;5.8.-Blanqueo de capitales;2023;25
Cádiz;5.8.-Blanqueo de capitales;2022;85
Cádiz;5.8.-Blanqueo de capitales;2021;85
Cádiz;5.8.-Blanqueo de capitales;2020;97
Cádiz;5.8.-Blanqueo de capitales;2019;127
Cádiz;5.8.-Blanqueo de capitales;2018;172
Cádiz;5.9.-Otros contra el patrimonio;2024;326
Cádiz;5.9.-Otros contra el patrimonio;2023;293
Cádiz;5.9.-Otros contra el patrimonio;2022;290
Cádiz;5.9.-Otros contra el patrimonio;2021;286
Cádiz;5.9.-Otros contra el patrimonio;2020;257
Cádiz;5.9.-Otros contra el patrimonio;2019;434
Cádiz;5.9.-Otros contra el patrimonio;2018;443
Cádiz;6. SEGURIDAD COLECTIVA;2024;2.444
Cádiz;6. SEGURIDAD COLECTIVA;2023;2.341
Cádiz;6. SEGURIDAD COLECTIVA;2022;2.432
Cádiz;6. SEGURIDAD COLECTIVA;2021;2.636
Cádiz;6. SEGURIDAD COLECTIVA;2020;2.459
Cádiz;6. SEGURIDAD COLECTIVA;2019;2.785
Cádiz;6. SEGURIDAD COLECTIVA;2018;2.299
Cádiz;6.1.-Tráfico de drogas;2024;1.137
Cádiz;6.1.-Tráfico de drogas;2023;1.114
Cádiz;6.1.-Tráfico de drogas;2022;1.125
Cádiz;6.1.-Tráfico de drogas;2021;1.500
Cádiz;6.1.-Tráfico de drogas;2020;1.460
Cádiz;6.1.-Tráfico de drogas;2019;1.569
Cádiz;6.1.-Tráfico de drogas;2018;1.063
Cádiz;6.2.-Contra la seguridad vial;2024;1.223
Cádiz;6.2.-Contra la seguridad vial;2023;1.185
Cádiz;6.2.-Contra la seguridad vial;2022;1.277
Cádiz;6.2.-Contra la seguridad vial;2021;1.078
Cádiz;6.2.-Contra la seguridad vial;2020;956
Cádiz;6.2.-Contra la seguridad vial;2019;1.178
Cádiz;6.2.-Contra la seguridad vial;2018;1.138
Cádiz;6.3.-Otros contra la seguridad colectiva;2024;84
Cádiz;6.3.-Otros contra la seguridad colectiva;2023;42
Cádiz;6.3.-Otros contra la seguridad colectiva;2022;30
Cádiz;6.3.-Otros contra la seguridad colectiva;2021;58
Cádiz;6.3.-Otros contra la seguridad colectiva;2020;43
Cádiz;6.3.-Otros contra la seguridad colectiva;2019;38
Cádiz;6.3.-Otros contra la seguridad colectiva;2018;98
Cádiz;7. FALSEDADES;2024;197
Cádiz;7. FALSEDADES;2023;197
Cádiz;7. FALSEDADES;2022;190
Cádiz;7. FALSEDADES;2021;203
Cádiz;7. FALSEDADES;2020;174
Cádiz;7. FALSEDADES;2019;163
Cádiz;7. FALSEDADES;2018;184
Cádiz;8. ADMÓN. PÚBLICA;2024;12
Cádiz;8. ADMÓN. PÚBLICA;2023;5
Cádiz;8. ADMÓN. PÚBLICA;2022;6
Cádiz;8. ADMÓN. PÚBLICA;2021;8
Cádiz;8. ADMÓN. PÚBLICA;2020;9
Cádiz;8. ADMÓN. PÚBLICA;2019;13
Cádiz;8. ADMÓN. PÚBLICA;2018;4
Cádiz;9. ADMÓN. JUSTICIA;2024;1.105
Cádiz;9. ADMÓN. JUSTICIA;2023;1.165
Cádiz;9. ADMÓN. JUSTICIA;2022;1.039
Cádiz;9. ADMÓN. JUSTICIA;2021;911
Cádiz;9. ADMÓN. JUSTICIA;2020;903
Cádiz;9. ADMÓN. JUSTICIA;2019;1.011
Cádiz;9. ADMÓN. JUSTICIA;2018;809
Cádiz;10. ORDEN PÚBLICO;2024;947
Cádiz;10. ORDEN PÚBLICO;2023;892
Cádiz;10. ORDEN PÚBLICO;2022;903
Cádiz;10. ORDEN PÚBLICO;2021;1.012
Cádiz;10. ORDEN PÚBLICO;2020;1.261
Cádiz;10. ORDEN PÚBLICO;2019;877
Cádiz;10. ORDEN PÚBLICO;2018;828
Cádiz;11. LEGISLACIÓN ESPECIAL;2024;160
Cádiz;11. LEGISLACIÓN ESPECIAL;2023;86
Cádiz;11. LEGISLACIÓN ESPECIAL;2022;186
Cádiz;11. LEGISLACIÓN ESPECIAL;2021;220
Cádiz;11. LEGISLACIÓN ESPECIAL;2020;217
Cádiz;11. LEGISLACIÓN ESPECIAL;2019;213
Cádiz;11. LEGISLACIÓN ESPECIAL;2018;145
Cádiz;12. OTRAS INFRACCIONES PENALES;2024;362
Cádiz;12. OTRAS INFRACCIONES PENALES;2023;300
Cádiz;12. OTRAS INFRACCIONES PENALES;2022;215
Cádiz;12. OTRAS INFRACCIONES PENALES;2021;292
Cádiz;12. OTRAS INFRACCIONES PENALES;2020;180
Cádiz;12. OTRAS INFRACCIONES PENALES;2019;306
Cádiz;12. OTRAS INFRACCIONES PENALES;2018;357
Cádiz;TOTAL INFRACCIONES PENALES;2024;14.522
Cádiz;TOTAL INFRACCIONES PENALES;2023;14.129
Cádiz;TOTAL INFRACCIONES PENALES;2022;12.986
Cádiz;TOTAL INFRACCIONES PENALES;2021;12.751
Cádiz;TOTAL INFRACCIONES PENALES;2020;12.118
Cádiz;TOTAL INFRACCIONES PENALES;2019;13.951
Cádiz;TOTAL INFRACCIONES PENALES;2018;13.387
Castellón/Castelló;1. CONTRA LAS PERSONAS;2024;1.820
Castellón/Castelló;1. CONTRA LAS PERSONAS;2023;1.811
Castellón/Castelló;1. CONTRA LAS PERSONAS;2022;1.672
Castellón/Castelló;1. CONTRA LAS PERSONAS;2021;1.459
Castellón/Castelló;1. CONTRA LAS PERSONAS;2020;1.194
Castellón/Castelló;1. CONTRA LAS PERSONAS;2019;1.450
Castellón/Castelló;1. CONTRA LAS PERSONAS;2018;1.239
Castellón/Castelló;1.1.-Homicidios dolosos/asesinatos;2024;20
Castellón/Castelló;1.1.-Homicidios dolosos/asesinatos;2023;30
Castellón/Castelló;1.1.-Homicidios dolosos/asesinatos;2022;11
Castellón/Castelló;1.1.-Homicidios dolosos/asesinatos;2021;14
Castellón/Castelló;1.1.-Homicidios dolosos/asesinatos;2020;11
Castellón/Castelló;1.1.-Homicidios dolosos/asesinatos;2019;15
Castellón/Castelló;1.1.-Homicidios dolosos/asesinatos;2018;12
Castellón/Castelló;1.1.1.-Homicidios dolosos/asesinatos consumados;2024;2
Castellón/Castelló;1.1.1.-Homicidios dolosos/asesinatos consumados;2023;8
Castellón/Castelló;1.1.1.-Homicidios dolosos/asesinatos consumados;2022;2
Castellón/Castelló;1.1.1.-Homicidios dolosos/asesinatos consumados;2021;5
Castellón/Castelló;1.1.1.-Homicidios dolosos/asesinatos consumados;2020;4
Castellón/Castelló;1.1.1.-Homicidios dolosos/asesinatos consumados;2019;7
Castellón/Castelló;1.1.1.-Homicidios dolosos/asesinatos consumados;2018;5
Castellón/Castelló;1.2.-Lesiones;2024;547
Castellón/Castelló;1.2.-Lesiones;2023;594
Castellón/Castelló;1.2.-Lesiones;2022;658
Castellón/Castelló;1.2.-Lesiones;2021;510
Castellón/Castelló;1.2.-Lesiones;2020;409
Castellón/Castelló;1.2.-Lesiones;2019;650
Castellón/Castelló;1.2.-Lesiones;2018;500
Castellón/Castelló;1.3.-Malos tratos ámbito familiar;2024;1.224
Castellón/Castelló;1.3.-Malos tratos ámbito familiar;2023;1.173
Castellón/Castelló;1.3.-Malos tratos ámbito familiar;2022;962
Castellón/Castelló;1.3.-Malos tratos ámbito familiar;2021;908
Castellón/Castelló;1.3.-Malos tratos ámbito familiar;2020;764
Castellón/Castelló;1.3.-Malos tratos ámbito familiar;2019;774
Castellón/Castelló;1.3.-Malos tratos ámbito familiar;2018;709
Castellón/Castelló;1.4.-Otros contra las personas;2024;29
Castellón/Castelló;1.4.-Otros contra las personas;2023;14
Castellón/Castelló;1.4.-Otros contra las personas;2022;41
Castellón/Castelló;1.4.-Otros contra las personas;2021;27
Castellón/Castelló;1.4.-Otros contra las personas;2020;10
Castellón/Castelló;1.4.-Otros contra las personas;2019;11
Castellón/Castelló;1.4.-Otros contra las personas;2018;18
Castellón/Castelló;2. CONTRA LA LIBERTAD;2024;831
Castellón/Castelló;2. CONTRA LA LIBERTAD;2023;836
Castellón/Castelló;2. CONTRA LA LIBERTAD;2022;724
Castellón/Castelló;2. CONTRA LA LIBERTAD;2021;725
Castellón/Castelló;2. CONTRA LA LIBERTAD;2020;633
Castellón/Castelló;2. CONTRA LA LIBERTAD;2019;686
Castellón/Castelló;2. CONTRA LA LIBERTAD;2018;600
Castellón/Castelló;2.1.-Malos tratos habituales en el ámbito familiar;2024;311
Castellón/Castelló;2.1.-Malos tratos habituales en el ámbito familiar;2023;274
Castellón/Castelló;2.1.-Malos tratos habituales en el ámbito familiar;2022;221
Castellón/Castelló;2.1.-Malos tratos habituales en el ámbito familiar;2021;208
Castellón/Castelló;2.1.-Malos tratos habituales en el ámbito familiar;2020;150
Castellón/Castelló;2.1.-Malos tratos habituales en el ámbito familiar;2019;156
Castellón/Castelló;2.1.-Malos tratos habituales en el ámbito familiar;2018;158
Castellón/Castelló;2.2.-Otros contra la libertad;2024;520
Castellón/Castelló;2.2.-Otros contra la libertad;2023;562
Castellón/Castelló;2.2.-Otros contra la libertad;2022;503
Castellón/Castelló;2.2.-Otros contra la libertad;2021;517
Castellón/Castelló;2.2.-Otros contra la libertad;2020;483
Castellón/Castelló;2.2.-Otros contra la libertad;2019;530
Castellón/Castelló;2.2.-Otros contra la libertad;2018;442
Castellón/Castelló;3. LIBERTAD SEXUAL;2024;182
Castellón/Castelló;3. LIBERTAD SEXUAL;2023;185
Castellón/Castelló;3. LIBERTAD SEXUAL;2022;216
Castellón/Castelló;3. LIBERTAD SEXUAL;2021;162
Castellón/Castelló;3. LIBERTAD SEXUAL;2020;109
Castellón/Castelló;3. LIBERTAD SEXUAL;2019;129
Castellón/Castelló;3. LIBERTAD SEXUAL;2018;118
Castellón/Castelló;3.1.-Agresión sexual;2024;114
Castellón/Castelló;3.1.-Agresión sexual;2023;107
Castellón/Castelló;3.1.-Agresión sexual;2022;143
Castellón/Castelló;3.1.-Agresión sexual;2021;104
Castellón/Castelló;3.1.-Agresión sexual;2020;74
Castellón/Castelló;3.1.-Agresión sexual;2019;88
Castellón/Castelló;3.1.-Agresión sexual;2018;65
Castellón/Castelló;3.2.-Agresión sexual con penetración;2024;31
Castellón/Castelló;3.2.-Agresión sexual con penetración;2023;27
Castellón/Castelló;3.2.-Agresión sexual con penetración;2022;34
Castellón/Castelló;3.2.-Agresión sexual con penetración;2021;29
Castellón/Castelló;3.2.-Agresión sexual con penetración;2020;14
Castellón/Castelló;3.2.-Agresión sexual con penetración;2019;13
Castellón/Castelló;3.2.-Agresión sexual con penetración;2018;12
Castellón/Castelló;3.3.-Corrupción de menores o incapacitados;2024;0
Castellón/Castelló;3.3.-Corrupción de menores o incapacitados;2023;5
Castellón/Castelló;3.3.-Corrupción de menores o incapacitados;2022;4
Castellón/Castelló;3.3.-Corrupción de menores o incapacitados;2021;7
Castellón/Castelló;3.3.-Corrupción de menores o incapacitados;2020;2
Castellón/Castelló;3.3.-Corrupción de menores o incapacitados;2019;1
Castellón/Castelló;3.3.-Corrupción de menores o incapacitados;2018;6
Castellón/Castelló;3.4.-Pornografía de menores;2024;11
Castellón/Castelló;3.4.-Pornografía de menores;2023;12
Castellón/Castelló;3.4.-Pornografía de menores;2022;12
Castellón/Castelló;3.4.-Pornografía de menores;2021;7
Castellón/Castelló;3.4.-Pornografía de menores;2020;4
Castellón/Castelló;3.4.-Pornografía de menores;2019;10
Castellón/Castelló;3.4.-Pornografía de menores;2018;13
Castellón/Castelló;3.5.-Otros contra la libertad sexual;2024;26
Castellón/Castelló;3.5.-Otros contra la libertad sexual;2023;34
Castellón/Castelló;3.5.-Otros contra la libertad sexual;2022;23
Castellón/Castelló;3.5.-Otros contra la libertad sexual;2021;15
Castellón/Castelló;3.5.-Otros contra la libertad sexual;2020;15
Castellón/Castelló;3.5.-Otros contra la libertad sexual;2019;17
Castellón/Castelló;3.5.-Otros contra la libertad sexual;2018;22
Castellón/Castelló;4. RELACIONES FAMILIARES;2024;16
Castellón/Castelló;4. RELACIONES FAMILIARES;2023;21
Castellón/Castelló;4. RELACIONES FAMILIARES;2022;9
Castellón/Castelló;4. RELACIONES FAMILIARES;2021;23
Castellón/Castelló;4. RELACIONES FAMILIARES;2020;24
Castellón/Castelló;4. RELACIONES FAMILIARES;2019;21
Castellón/Castelló;4. RELACIONES FAMILIARES;2018;31
Castellón/Castelló;5. PATRIMONIO;2024;1.517
Castellón/Castelló;5. PATRIMONIO;2023;1.580
Castellón/Castelló;5. PATRIMONIO;2022;1.530
Castellón/Castelló;5. PATRIMONIO;2021;1.417
Castellón/Castelló;5. PATRIMONIO;2020;1.149
Castellón/Castelló;5. PATRIMONIO;2019;1.674
Castellón/Castelló;5. PATRIMONIO;2018;1.520
Castellón/Castelló;5.1.-Hurtos;2024;379
Castellón/Castelló;5.1.-Hurtos;2023;419
Castellón/Castelló;5.1.-Hurtos;2022;470
Castellón/Castelló;5.1.-Hurtos;2021;384
Castellón/Castelló;5.1.-Hurtos;2020;303
Castellón/Castelló;5.1.-Hurtos;2019;420
Castellón/Castelló;5.1.-Hurtos;2018;422
Castellón/Castelló;5.2.-Robos con fuerza en las cosas;2024;460
Castellón/Castelló;5.2.-Robos con fuerza en las cosas;2023;435
Castellón/Castelló;5.2.-Robos con fuerza en las cosas;2022;398
Castellón/Castelló;5.2.-Robos con fuerza en las cosas;2021;348
Castellón/Castelló;5.2.-Robos con fuerza en las cosas;2020;315
Castellón/Castelló;5.2.-Robos con fuerza en las cosas;2019;486
Castellón/Castelló;5.2.-Robos con fuerza en las cosas;2018;407
Castellón/Castelló;5.2.1.-Robos con fuerza en las cosas en el interior de vehículos;2024;74
Castellón/Castelló;5.2.1.-Robos con fuerza en las cosas en el interior de vehículos;2023;53
Castellón/Castelló;5.2.1.-Robos con fuerza en las cosas en el interior de vehículos;2022;49
Castellón/Castelló;5.2.1.-Robos con fuerza en las cosas en el interior de vehículos;2021;47
Castellón/Castelló;5.2.1.-Robos con fuerza en las cosas en el interior de vehículos;2020;37
Castellón/Castelló;5.2.1.-Robos con fuerza en las cosas en el interior de vehículos;2019;48
Castellón/Castelló;5.2.1.-Robos con fuerza en las cosas en el interior de vehículos;2018;35
Castellón/Castelló;5.2.2.-Robos con fuerza en viviendas;2024;166
Castellón/Castelló;5.2.2.-Robos con fuerza en viviendas;2023;142
Castellón/Castelló;5.2.2.-Robos con fuerza en viviendas;2022;147
Castellón/Castelló;5.2.2.-Robos con fuerza en viviendas;2021;160
Castellón/Castelló;5.2.2.-Robos con fuerza en viviendas;2020;134
Castellón/Castelló;5.2.2.-Robos con fuerza en viviendas;2019;219
Castellón/Castelló;5.2.2.-Robos con fuerza en viviendas;2018;153
Castellón/Castelló;5.2.3.-Robos con fuerza en establecimientos;2024;115
Castellón/Castelló;5.2.3.-Robos con fuerza en establecimientos;2023;130
Castellón/Castelló;5.2.3.-Robos con fuerza en establecimientos;2022;108
Castellón/Castelló;5.2.3.-Robos con fuerza en establecimientos;2021;80
Castellón/Castelló;5.2.3.-Robos con fuerza en establecimientos;2020;70
Castellón/Castelló;5.2.3.-Robos con fuerza en establecimientos;2019;117
Castellón/Castelló;5.2.3.-Robos con fuerza en establecimientos;2018;108
Castellón/Castelló;5.3.-Robos con violencia o intimidación;2024;197
Castellón/Castelló;5.3.-Robos con violencia o intimidación;2023;197
Castellón/Castelló;5.3.-Robos con violencia o intimidación;2022;165
Castellón/Castelló;5.3.-Robos con violencia o intimidación;2021;138
Castellón/Castelló;5.3.-Robos con violencia o intimidación;2020;106
Castellón/Castelló;5.3.-Robos con violencia o intimidación;2019;171
Castellón/Castelló;5.3.-Robos con violencia o intimidación;2018;122
Castellón/Castelló;5.3.1.-Robos con violencia en vía pública;2024;100
Castellón/Castelló;5.3.1.-Robos con violencia en vía pública;2023;90
Castellón/Castelló;5.3.1.-Robos con violencia en vía pública;2022;92
Castellón/Castelló;5.3.1.-Robos con violencia en vía pública;2021;43
Castellón/Castelló;5.3.1.-Robos con violencia en vía pública;2020;63
Castellón/Castelló;5.3.1.-Robos con violencia en vía pública;2019;90
Castellón/Castelló;5.3.1.-Robos con violencia en vía pública;2018;55
Castellón/Castelló;5.3.2.-Robos con violencia en viviendas;2024;21
Castellón/Castelló;5.3.2.-Robos con violencia en viviendas;2023;23
Castellón/Castelló;5.3.2.-Robos con violencia en viviendas;2022;14
Castellón/Castelló;5.3.2.-Robos con violencia en viviendas;2021;33
Castellón/Castelló;5.3.2.-Robos con violencia en viviendas;2020;9
Castellón/Castelló;5.3.2.-Robos con violencia en viviendas;2019;27
Castellón/Castelló;5.3.2.-Robos con violencia en viviendas;2018;24
Castellón/Castelló;5.3.3.-Robos con violencia en establecimientos;2024;58
Castellón/Castelló;5.3.3.-Robos con violencia en establecimientos;2023;61
Castellón/Castelló;5.3.3.-Robos con violencia en establecimientos;2022;37
Castellón/Castelló;5.3.3.-Robos con violencia en establecimientos;2021;33
Castellón/Castelló;5.3.3.-Robos con violencia en establecimientos;2020;14
Castellón/Castelló;5.3.3.-Robos con violencia en establecimientos;2019;34
Castellón/Castelló;5.3.3.-Robos con violencia en establecimientos;2018;35
Castellón/Castelló;5.4.-Sustracción de vehículos;2024;25
Castellón/Castelló;5.4.-Sustracción de vehículos;2023;52
Castellón/Castelló;5.4.-Sustracción de vehículos;2022;52
Castellón/Castelló;5.4.-Sustracción de vehículos;2021;32
Castellón/Castelló;5.4.-Sustracción de vehículos;2020;50
Castellón/Castelló;5.4.-Sustracción de vehículos;2019;70
Castellón/Castelló;5.4.-Sustracción de vehículos;2018;53
Castellón/Castelló;5.5.-Estafas;2024;180
Castellón/Castelló;5.5.-Estafas;2023;147
Castellón/Castelló;5.5.-Estafas;2022;134
Castellón/Castelló;5.5.-Estafas;2021;168
Castellón/Castelló;5.5.-Estafas;2020;149
Castellón/Castelló;5.5.-Estafas;2019;147
Castellón/Castelló;5.5.-Estafas;2018;205
Castellón/Castelló;5.5.1.-Estafas informáticas;2024;74
Castellón/Castelló;5.5.1.-Estafas informáticas;2023;63
Castellón/Castelló;5.5.1.-Estafas informáticas;2022;48
Castellón/Castelló;5.5.1.-Estafas informáticas;2021;88
Castellón/Castelló;5.5.1.-Estafas informáticas;2020;77
Castellón/Castelló;5.5.1.-Estafas informáticas;2019;25
Castellón/Castelló;5.5.1.-Estafas informáticas;2018;31
Castellón/Castelló;5.6.-Daños;2024;109
Castellón/Castelló;5.6.-Daños;2023;115
Castellón/Castelló;5.6.-Daños;2022;145
Castellón/Castelló;5.6.-Daños;2021;149
Castellón/Castelló;5.6.-Daños;2020;94
Castellón/Castelló;5.6.-Daños;2019;137
Castellón/Castelló;5.6.-Daños;2018;119
Castellón/Castelló;5.7.-Contra la propiedad intelectual/industrial;2024;5
Castellón/Castelló;5.7.-Contra la propiedad intelectual/industrial;2023;36
Castellón/Castelló;5.7.-Contra la propiedad intelectual/industrial;2022;1
Castellón/Castelló;5.7.-Contra la propiedad intelectual/industrial;2021;5
Castellón/Castelló;5.7.-Contra la propiedad intelectual/industrial;2020;8
Castellón/Castelló;5.7.-Contra la propiedad intelectual/industrial;2019;33
Castellón/Castelló;5.7.-Contra la propiedad intelectual/industrial;2018;37
Castellón/Castelló;5.8.-Blanqueo de capitales;2024;7
Castellón/Castelló;5.8.-Blanqueo de capitales;2023;3
Castellón/Castelló;5.8.-Blanqueo de capitales;2022;3
Castellón/Castelló;5.8.-Blanqueo de capitales;2021;15
Castellón/Castelló;5.8.-Blanqueo de capitales;2020;8
Castellón/Castelló;5.8.-Blanqueo de capitales;2019;21
Castellón/Castelló;5.8.-Blanqueo de capitales;2018;3
Castellón/Castelló;5.9.-Otros contra el patrimonio;2024;155
Castellón/Castelló;5.9.-Otros contra el patrimonio;2023;176
Castellón/Castelló;5.9.-Otros contra el patrimonio;2022;162
Castellón/Castelló;5.9.-Otros contra el patrimonio;2021;178
Castellón/Castelló;5.9.-Otros contra el patrimonio;2020;116
Castellón/Castelló;5.9.-Otros contra el patrimonio;2019;189
Castellón/Castelló;5.9.-Otros contra el patrimonio;2018;152
Castellón/Castelló;6. SEGURIDAD COLECTIVA;2024;780
Castellón/Castelló;6. SEGURIDAD COLECTIVA;2023;836
Castellón/Castelló;6. SEGURIDAD COLECTIVA;2022;696
Castellón/Castelló;6. SEGURIDAD COLECTIVA;2021;718
Castellón/Castelló;6. SEGURIDAD COLECTIVA;2020;578
Castellón/Castelló;6. SEGURIDAD COLECTIVA;2019;750
Castellón/Castelló;6. SEGURIDAD COLECTIVA;2018;745
Castellón/Castelló;6.1.-Tráfico de drogas;2024;223
Castellón/Castelló;6.1.-Tráfico de drogas;2023;215
Castellón/Castelló;6.1.-Tráfico de drogas;2022;127
Castellón/Castelló;6.1.-Tráfico de drogas;2021;189
Castellón/Castelló;6.1.-Tráfico de drogas;2020;183
Castellón/Castelló;6.1.-Tráfico de drogas;2019;226
Castellón/Castelló;6.1.-Tráfico de drogas;2018;184
Castellón/Castelló;6.2.-Contra la seguridad vial;2024;531
Castellón/Castelló;6.2.-Contra la seguridad vial;2023;590
Castellón/Castelló;6.2.-Contra la seguridad vial;2022;541
Castellón/Castelló;6.2.-Contra la seguridad vial;2021;509
Castellón/Castelló;6.2.-Contra la seguridad vial;2020;386
Castellón/Castelló;6.2.-Contra la seguridad vial;2019;503
Castellón/Castelló;6.2.-Contra la seguridad vial;2018;523
Castellón/Castelló;6.3.-Otros contra la seguridad colectiva;2024;26
Castellón/Castelló;6.3.-Otros contra la seguridad colectiva;2023;31
Castellón/Castelló;6.3.-Otros contra la seguridad colectiva;2022;28
Castellón/Castelló;6.3.-Otros contra la seguridad colectiva;2021;20
Castellón/Castelló;6.3.-Otros contra la seguridad colectiva;2020;9
Castellón/Castelló;6.3.-Otros contra la seguridad colectiva;2019;21
Castellón/Castelló;6.3.-Otros contra la seguridad colectiva;2018;38
Castellón/Castelló;7. FALSEDADES;2024;89
Castellón/Castelló;7. FALSEDADES;2023;122
Castellón/Castelló;7. FALSEDADES;2022;116
Castellón/Castelló;7. FALSEDADES;2021;122
Castellón/Castelló;7. FALSEDADES;2020;60
Castellón/Castelló;7. FALSEDADES;2019;107
Castellón/Castelló;7. FALSEDADES;2018;138
Castellón/Castelló;8. ADMÓN. PÚBLICA;2024;0
Castellón/Castelló;8. ADMÓN. PÚBLICA;2023;0
Castellón/Castelló;8. ADMÓN. PÚBLICA;2022;3
Castellón/Castelló;8. ADMÓN. PÚBLICA;2021;14
Castellón/Castelló;8. ADMÓN. PÚBLICA;2020;3
Castellón/Castelló;8. ADMÓN. PÚBLICA;2019;4
Castellón/Castelló;8. ADMÓN. PÚBLICA;2018;17
Castellón/Castelló;9. ADMÓN. JUSTICIA;2024;477
Castellón/Castelló;9. ADMÓN. JUSTICIA;2023;489
Castellón/Castelló;9. ADMÓN. JUSTICIA;2022;410
Castellón/Castelló;9. ADMÓN. JUSTICIA;2021;331
Castellón/Castelló;9. ADMÓN. JUSTICIA;2020;296
Castellón/Castelló;9. ADMÓN. JUSTICIA;2019;321
Castellón/Castelló;9. ADMÓN. JUSTICIA;2018;348
Castellón/Castelló;10. ORDEN PÚBLICO;2024;344
Castellón/Castelló;10. ORDEN PÚBLICO;2023;362
Castellón/Castelló;10. ORDEN PÚBLICO;2022;320
Castellón/Castelló;10. ORDEN PÚBLICO;2021;318
Castellón/Castelló;10. ORDEN PÚBLICO;2020;290
Castellón/Castelló;10. ORDEN PÚBLICO;2019;215
Castellón/Castelló;10. ORDEN PÚBLICO;2018;217
Castellón/Castelló;11. LEGISLACIÓN ESPECIAL;2024;2
Castellón/Castelló;11. LEGISLACIÓN ESPECIAL;2023;3
Castellón/Castelló;11. LEGISLACIÓN ESPECIAL;2022;0
Castellón/Castelló;11. LEGISLACIÓN ESPECIAL;2021;0
Castellón/Castelló;11. LEGISLACIÓN ESPECIAL;2020;0
Castellón/Castelló;11. LEGISLACIÓN ESPECIAL;2019;0
Castellón/Castelló;11. LEGISLACIÓN ESPECIAL;2018;1
Castellón/Castelló;12. OTRAS INFRACCIONES PENALES;2024;119
Castellón/Castelló;12. OTRAS INFRACCIONES PENALES;2023;88
Castellón/Castelló;12. OTRAS INFRACCIONES PENALES;2022;67
Castellón/Castelló;12. OTRAS INFRACCIONES PENALES;2021;132
Castellón/Castelló;12. OTRAS INFRACCIONES PENALES;2020;74
Castellón/Castelló;12. OTRAS INFRACCIONES PENALES;2019;111
Castellón/Castelló;12. OTRAS INFRACCIONES PENALES;2018;80
Castellón/Castelló;TOTAL INFRACCIONES PENALES;2024;6.177
Castellón/Castelló;TOTAL INFRACCIONES PENALES;2023;6.333
Castellón/Castelló;TOTAL INFRACCIONES PENALES;2022;5.763
Castellón/Castelló;TOTAL INFRACCIONES PENALES;2021;5.421
Castellón/Castelló;TOTAL INFRACCIONES PENALES;2020;4.410
Castellón/Castelló;TOTAL INFRACCIONES PENALES;2019;5.468
Castellón/Castelló;TOTAL INFRACCIONES PENALES;2018;5.054
Ciudad Real;1. CONTRA LAS PERSONAS;2024;1.465
Ciudad Real;1. CONTRA LAS PERSONAS;2023;1.494
Ciudad Real;1. CONTRA LAS PERSONAS;2022;1.376
Ciudad Real;1. CONTRA LAS PERSONAS;2021;1.269
Ciudad Real;1. CONTRA LAS PERSONAS;2020;986
Ciudad Real;1. CONTRA LAS PERSONAS;2019;1.281
Ciudad Real;1. CONTRA LAS PERSONAS;2018;1.194
Ciudad Real;1.1.-Homicidios dolosos/asesinatos;2024;13
Ciudad Real;1.1.-Homicidios dolosos/asesinatos;2023;20
Ciudad Real;1.1.-Homicidios dolosos/asesinatos;2022;21
Ciudad Real;1.1.-Homicidios dolosos/asesinatos;2021;23
Ciudad Real;1.1.-Homicidios dolosos/asesinatos;2020;6
Ciudad Real;1.1.-Homicidios dolosos/asesinatos;2019;9
Ciudad Real;1.1.-Homicidios dolosos/asesinatos;2018;4
Ciudad Real;1.1.1.-Homicidios dolosos/asesinatos consumados;2024;1
Ciudad Real;1.1.1.-Homicidios dolosos/asesinatos consumados;2023;6
Ciudad Real;1.1.1.-Homicidios dolosos/asesinatos consumados;2022;5
Ciudad Real;1.1.1.-Homicidios dolosos/asesinatos consumados;2021;10
Ciudad Real;1.1.1.-Homicidios dolosos/asesinatos consumados;2020;3
Ciudad Real;1.1.1.-Homicidios dolosos/asesinatos consumados;2019;4
Ciudad Real;1.1.1.-Homicidios dolosos/asesinatos consumados;2018;0
Ciudad Real;1.2.-Lesiones;2024;576
Ciudad Real;1.2.-Lesiones;2023;624
Ciudad Real;1.2.-Lesiones;2022;569
Ciudad Real;1.2.-Lesiones;2021;531
Ciudad Real;1.2.-Lesiones;2020;384
Ciudad Real;1.2.-Lesiones;2019;587
Ciudad Real;1.2.-Lesiones;2018;571
Ciudad Real;1.3.-Malos tratos ámbito familiar;2024;847
Ciudad Real;1.3.-Malos tratos ámbito familiar;2023;811
Ciudad Real;1.3.-Malos tratos ámbito familiar;2022;756
Ciudad Real;1.3.-Malos tratos ámbito familiar;2021;668
Ciudad Real;1.3.-Malos tratos ámbito familiar;2020;573
Ciudad Real;1.3.-Malos tratos ámbito familiar;2019;665
Ciudad Real;1.3.-Malos tratos ámbito familiar;2018;602
Ciudad Real;1.4.-Otros contra las personas;2024;29
Ciudad Real;1.4.-Otros contra las personas;2023;39
Ciudad Real;1.4.-Otros contra las personas;2022;30
Ciudad Real;1.4.-Otros contra las personas;2021;47
Ciudad Real;1.4.-Otros contra las personas;2020;23
Ciudad Real;1.4.-Otros contra las personas;2019;20
Ciudad Real;1.4.-Otros contra las personas;2018;17
Ciudad Real;2. CONTRA LA LIBERTAD;2024;680
Ciudad Real;2. CONTRA LA LIBERTAD;2023;610
Ciudad Real;2. CONTRA LA LIBERTAD;2022;603
Ciudad Real;2. CONTRA LA LIBERTAD;2021;584
Ciudad Real;2. CONTRA LA LIBERTAD;2020;527
Ciudad Real;2. CONTRA LA LIBERTAD;2019;620
Ciudad Real;2. CONTRA LA LIBERTAD;2018;601
Ciudad Real;2.1.-Malos tratos habituales en el ámbito familiar;2024;152
Ciudad Real;2.1.-Malos tratos habituales en el ámbito familiar;2023;130
Ciudad Real;2.1.-Malos tratos habituales en el ámbito familiar;2022;123
Ciudad Real;2.1.-Malos tratos habituales en el ámbito familiar;2021;131
Ciudad Real;2.1.-Malos tratos habituales en el ámbito familiar;2020;108
Ciudad Real;2.1.-Malos tratos habituales en el ámbito familiar;2019;123
Ciudad Real;2.1.-Malos tratos habituales en el ámbito familiar;2018;140
Ciudad Real;2.2.-Otros contra la libertad;2024;528
Ciudad Real;2.2.-Otros contra la libertad;2023;480
Ciudad Real;2.2.-Otros contra la libertad;2022;480
Ciudad Real;2.2.-Otros contra la libertad;2021;453
Ciudad Real;2.2.-Otros contra la libertad;2020;419
Ciudad Real;2.2.-Otros contra la libertad;2019;497
Ciudad Real;2.2.-Otros contra la libertad;2018;461
Ciudad Real;3. LIBERTAD SEXUAL;2024;131
Ciudad Real;3. LIBERTAD SEXUAL;2023;118
Ciudad Real;3. LIBERTAD SEXUAL;2022;87
Ciudad Real;3. LIBERTAD SEXUAL;2021;79
Ciudad Real;3. LIBERTAD SEXUAL;2020;87
Ciudad Real;3. LIBERTAD SEXUAL;2019;89
Ciudad Real;3. LIBERTAD SEXUAL;2018;74
Ciudad Real;3.1.-Agresión sexual;2024;83
Ciudad Real;3.1.-Agresión sexual;2023;64
Ciudad Real;3.1.-Agresión sexual;2022;49
Ciudad Real;3.1.-Agresión sexual;2021;48
Ciudad Real;3.1.-Agresión sexual;2020;58
Ciudad Real;3.1.-Agresión sexual;2019;50
Ciudad Real;3.1.-Agresión sexual;2018;51
Ciudad Real;3.2.-Agresión sexual con penetración;2024;29
Ciudad Real;3.2.-Agresión sexual con penetración;2023;20
Ciudad Real;3.2.-Agresión sexual con penetración;2022;24
Ciudad Real;3.2.-Agresión sexual con penetración;2021;18
Ciudad Real;3.2.-Agresión sexual con penetración;2020;14
Ciudad Real;3.2.-Agresión sexual con penetración;2019;19
Ciudad Real;3.2.-Agresión sexual con penetración;2018;9
Ciudad Real;3.3.-Corrupción de menores o incapacitados;2024;2
Ciudad Real;3.3.-Corrupción de menores o incapacitados;2023;11
Ciudad Real;3.3.-Corrupción de menores o incapacitados;2022;6
Ciudad Real;3.3.-Corrupción de menores o incapacitados;2021;4
Ciudad Real;3.3.-Corrupción de menores o incapacitados;2020;2
Ciudad Real;3.3.-Corrupción de menores o incapacitados;2019;3
Ciudad Real;3.3.-Corrupción de menores o incapacitados;2018;2
Ciudad Real;3.4.-Pornografía de menores;2024;5
Ciudad Real;3.4.-Pornografía de menores;2023;3
Ciudad Real;3.4.-Pornografía de menores;2022;2
Ciudad Real;3.4.-Pornografía de menores;2021;2
Ciudad Real;3.4.-Pornografía de menores;2020;3
Ciudad Real;3.4.-Pornografía de menores;2019;7
Ciudad Real;3.4.-Pornografía de menores;2018;5
Ciudad Real;3.5.-Otros contra la libertad sexual;2024;12
Ciudad Real;3.5.-Otros contra la libertad sexual;2023;20
Ciudad Real;3.5.-Otros contra la libertad sexual;2022;6
Ciudad Real;3.5.-Otros contra la libertad sexual;2021;7
Ciudad Real;3.5.-Otros contra la libertad sexual;2020;10
Ciudad Real;3.5.-Otros contra la libertad sexual;2019;10
Ciudad Real;3.5.-Otros contra la libertad sexual;2018;7
Ciudad Real;4. RELACIONES FAMILIARES;2024;23
Ciudad Real;4. RELACIONES FAMILIARES;2023;32
Ciudad Real;4. RELACIONES FAMILIARES;2022;25
Ciudad Real;4. RELACIONES FAMILIARES;2021;26
Ciudad Real;4. RELACIONES FAMILIARES;2020;30
Ciudad Real;4. RELACIONES FAMILIARES;2019;38
Ciudad Real;4. RELACIONES FAMILIARES;2018;22
Ciudad Real;5. PATRIMONIO;2024;1.685
Ciudad Real;5. PATRIMONIO;2023;1.892
Ciudad Real;5. PATRIMONIO;2022;1.587
Ciudad Real;5. PATRIMONIO;2021;1.579
Ciudad Real;5. PATRIMONIO;2020;1.356
Ciudad Real;5. PATRIMONIO;2019;1.377
Ciudad Real;5. PATRIMONIO;2018;1.805
Ciudad Real;5.1.-Hurtos;2024;423
Ciudad Real;5.1.-Hurtos;2023;447
Ciudad Real;5.1.-Hurtos;2022;387
Ciudad Real;5.1.-Hurtos;2021;367
Ciudad Real;5.1.-Hurtos;2020;308
Ciudad Real;5.1.-Hurtos;2019;414
Ciudad Real;5.1.-Hurtos;2018;618
Ciudad Real;5.2.-Robos con fuerza en las cosas;2024;403
Ciudad Real;5.2.-Robos con fuerza en las cosas;2023;434
Ciudad Real;5.2.-Robos con fuerza en las cosas;2022;368
Ciudad Real;5.2.-Robos con fuerza en las cosas;2021;359
Ciudad Real;5.2.-Robos con fuerza en las cosas;2020;322
Ciudad Real;5.2.-Robos con fuerza en las cosas;2019;317
Ciudad Real;5.2.-Robos con fuerza en las cosas;2018;390
Ciudad Real;5.2.1.-Robos con fuerza en las cosas en el interior de vehículos;2024;62
Ciudad Real;5.2.1.-Robos con fuerza en las cosas en el interior de vehículos;2023;43
Ciudad Real;5.2.1.-Robos con fuerza en las cosas en el interior de vehículos;2022;64
Ciudad Real;5.2.1.-Robos con fuerza en las cosas en el interior de vehículos;2021;28
Ciudad Real;5.2.1.-Robos con fuerza en las cosas en el interior de vehículos;2020;47
Ciudad Real;5.2.1.-Robos con fuerza en las cosas en el interior de vehículos;2019;39
Ciudad Real;5.2.1.-Robos con fuerza en las cosas en el interior de vehículos;2018;54
Ciudad Real;5.2.2.-Robos con fuerza en viviendas;2024;141
Ciudad Real;5.2.2.-Robos con fuerza en viviendas;2023;146
Ciudad Real;5.2.2.-Robos con fuerza en viviendas;2022;134
Ciudad Real;5.2.2.-Robos con fuerza en viviendas;2021;141
Ciudad Real;5.2.2.-Robos con fuerza en viviendas;2020;116
Ciudad Real;5.2.2.-Robos con fuerza en viviendas;2019;106
Ciudad Real;5.2.2.-Robos con fuerza en viviendas;2018;139
Ciudad Real;5.2.3.-Robos con fuerza en establecimientos;2024;61
Ciudad Real;5.2.3.-Robos con fuerza en establecimientos;2023;100
Ciudad Real;5.2.3.-Robos con fuerza en establecimientos;2022;69
Ciudad Real;5.2.3.-Robos con fuerza en establecimientos;2021;96
Ciudad Real;5.2.3.-Robos con fuerza en establecimientos;2020;66
Ciudad Real;5.2.3.-Robos con fuerza en establecimientos;2019;75
Ciudad Real;5.2.3.-Robos con fuerza en establecimientos;2018;96
Ciudad Real;5.3.-Robos con violencia o intimidación;2024;142
Ciudad Real;5.3.-Robos con violencia o intimidación;2023;148
Ciudad Real;5.3.-Robos con violencia o intimidación;2022;160
Ciudad Real;5.3.-Robos con violencia o intimidación;2021;108
Ciudad Real;5.3.-Robos con violencia o intimidación;2020;93
Ciudad Real;5.3.-Robos con violencia o intimidación;2019;88
Ciudad Real;5.3.-Robos con violencia o intimidación;2018;103
Ciudad Real;5.3.1.-Robos con violencia en vía pública;2024;61
Ciudad Real;5.3.1.-Robos con violencia en vía pública;2023;64
Ciudad Real;5.3.1.-Robos con violencia en vía pública;2022;92
Ciudad Real;5.3.1.-Robos con violencia en vía pública;2021;59
Ciudad Real;5.3.1.-Robos con violencia en vía pública;2020;34
Ciudad Real;5.3.1.-Robos con violencia en vía pública;2019;48
Ciudad Real;5.3.1.-Robos con violencia en vía pública;2018;58
Ciudad Real;5.3.2.-Robos con violencia en viviendas;2024;15
Ciudad Real;5.3.2.-Robos con violencia en viviendas;2023;31
Ciudad Real;5.3.2.-Robos con violencia en viviendas;2022;15
Ciudad Real;5.3.2.-Robos con violencia en viviendas;2021;11
Ciudad Real;5.3.2.-Robos con violencia en viviendas;2020;8
Ciudad Real;5.3.2.-Robos con violencia en viviendas;2019;9
Ciudad Real;5.3.2.-Robos con violencia en viviendas;2018;14
Ciudad Real;5.3.3.-Robos con violencia en establecimientos;2024;45
Ciudad Real;5.3.3.-Robos con violencia en establecimientos;2023;47
Ciudad Real;5.3.3.-Robos con violencia en establecimientos;2022;42
Ciudad Real;5.3.3.-Robos con violencia en establecimientos;2021;31
Ciudad Real;5.3.3.-Robos con violencia en establecimientos;2020;41
Ciudad Real;5.3.3.-Robos con violencia en establecimientos;2019;24
Ciudad Real;5.3.3.-Robos con violencia en establecimientos;2018;15
Ciudad Real;5.4.-Sustracción de vehículos;2024;29
Ciudad Real;5.4.-Sustracción de vehículos;2023;31
Ciudad Real;5.4.-Sustracción de vehículos;2022;26
Ciudad Real;5.4.-Sustracción de vehículos;2021;21
Ciudad Real;5.4.-Sustracción de vehículos;2020;33
Ciudad Real;5.4.-Sustracción de vehículos;2019;14
Ciudad Real;5.4.-Sustracción de vehículos;2018;26
Ciudad Real;5.5.-Estafas;2024;415
Ciudad Real;5.5.-Estafas;2023;439
Ciudad Real;5.5.-Estafas;2022;324
Ciudad Real;5.5.-Estafas;2021;378
Ciudad Real;5.5.-Estafas;2020;308
Ciudad Real;5.5.-Estafas;2019;244
Ciudad Real;5.5.-Estafas;2018;267
Ciudad Real;5.5.1.-Estafas informáticas;2024;315
Ciudad Real;5.5.1.-Estafas informáticas;2023;332
Ciudad Real;5.5.1.-Estafas informáticas;2022;192
Ciudad Real;5.5.1.-Estafas informáticas;2021;248
Ciudad Real;5.5.1.-Estafas informáticas;2020;128
Ciudad Real;5.5.1.-Estafas informáticas;2019;85
Ciudad Real;5.5.1.-Estafas informáticas;2018;56
Ciudad Real;5.6.-Daños;2024;140
Ciudad Real;5.6.-Daños;2023;171
Ciudad Real;5.6.-Daños;2022;164
Ciudad Real;5.6.-Daños;2021;163
Ciudad Real;5.6.-Daños;2020;117
Ciudad Real;5.6.-Daños;2019;182
Ciudad Real;5.6.-Daños;2018;175
Ciudad Real;5.7.-Contra la propiedad intelectual/industrial;2024;3
Ciudad Real;5.7.-Contra la propiedad intelectual/industrial;2023;3
Ciudad Real;5.7.-Contra la propiedad intelectual/industrial;2022;1
Ciudad Real;5.7.-Contra la propiedad intelectual/industrial;2021;2
Ciudad Real;5.7.-Contra la propiedad intelectual/industrial;2020;1
Ciudad Real;5.7.-Contra la propiedad intelectual/industrial;2019;1
Ciudad Real;5.7.-Contra la propiedad intelectual/industrial;2018;15
Ciudad Real;5.8.-Blanqueo de capitales;2024;9
Ciudad Real;5.8.-Blanqueo de capitales;2023;20
Ciudad Real;5.8.-Blanqueo de capitales;2022;7
Ciudad Real;5.8.-Blanqueo de capitales;2021;18
Ciudad Real;5.8.-Blanqueo de capitales;2020;1
Ciudad Real;5.8.-Blanqueo de capitales;2019;1
Ciudad Real;5.8.-Blanqueo de capitales;2018;6
Ciudad Real;5.9.-Otros contra el patrimonio;2024;121
Ciudad Real;5.9.-Otros contra el patrimonio;2023;199
Ciudad Real;5.9.-Otros contra el patrimonio;2022;150
Ciudad Real;5.9.-Otros contra el patrimonio;2021;163
Ciudad Real;5.9.-Otros contra el patrimonio;2020;173
Ciudad Real;5.9.-Otros contra el patrimonio;2019;116
Ciudad Real;5.9.-Otros contra el patrimonio;2018;205
Ciudad Real;6. SEGURIDAD COLECTIVA;2024;737
Ciudad Real;6. SEGURIDAD COLECTIVA;2023;864
Ciudad Real;6. SEGURIDAD COLECTIVA;2022;819
Ciudad Real;6. SEGURIDAD COLECTIVA;2021;750
Ciudad Real;6. SEGURIDAD COLECTIVA;2020;677
Ciudad Real;6. SEGURIDAD COLECTIVA;2019;772
Ciudad Real;6. SEGURIDAD COLECTIVA;2018;809
Ciudad Real;6.1.-Tráfico de drogas;2024;163
Ciudad Real;6.1.-Tráfico de drogas;2023;285
Ciudad Real;6.1.-Tráfico de drogas;2022;257
Ciudad Real;6.1.-Tráfico de drogas;2021;205
Ciudad Real;6.1.-Tráfico de drogas;2020;220
Ciudad Real;6.1.-Tráfico de drogas;2019;153
Ciudad Real;6.1.-Tráfico de drogas;2018;241
Ciudad Real;6.2.-Contra la seguridad vial;2024;559
Ciudad Real;6.2.-Contra la seguridad vial;2023;561
Ciudad Real;6.2.-Contra la seguridad vial;2022;536
Ciudad Real;6.2.-Contra la seguridad vial;2021;502
Ciudad Real;6.2.-Contra la seguridad vial;2020;440
Ciudad Real;6.2.-Contra la seguridad vial;2019;599
Ciudad Real;6.2.-Contra la seguridad vial;2018;560
Ciudad Real;6.3.-Otros contra la seguridad colectiva;2024;15
Ciudad Real;6.3.-Otros contra la seguridad colectiva;2023;18
Ciudad Real;6.3.-Otros contra la seguridad colectiva;2022;26
Ciudad Real;6.3.-Otros contra la seguridad colectiva;2021;43
Ciudad Real;6.3.-Otros contra la seguridad colectiva;2020;17
Ciudad Real;6.3.-Otros contra la seguridad colectiva;2019;20
Ciudad Real;6.3.-Otros contra la seguridad colectiva;2018;8
Ciudad Real;7. FALSEDADES;2024;86
Ciudad Real;7. FALSEDADES;2023;93
Ciudad Real;7. FALSEDADES;2022;73
Ciudad Real;7. FALSEDADES;2021;116
Ciudad Real;7. FALSEDADES;2020;104
Ciudad Real;7. FALSEDADES;2019;113
Ciudad Real;7. FALSEDADES;2018;96
Ciudad Real;8. ADMÓN. PÚBLICA;2024;1
Ciudad Real;8. ADMÓN. PÚBLICA;2023;8
Ciudad Real;8. ADMÓN. PÚBLICA;2022;1
Ciudad Real;8. ADMÓN. PÚBLICA;2021;19
Ciudad Real;8. ADMÓN. PÚBLICA;2020;1
Ciudad Real;8. ADMÓN. PÚBLICA;2019;1
Ciudad Real;8. ADMÓN. PÚBLICA;2018;11
Ciudad Real;9. ADMÓN. JUSTICIA;2024;349
Ciudad Real;9. ADMÓN. JUSTICIA;2023;296
Ciudad Real;9. ADMÓN. JUSTICIA;2022;285
Ciudad Real;9. ADMÓN. JUSTICIA;2021;212
Ciudad Real;9. ADMÓN. JUSTICIA;2020;225
Ciudad Real;9. ADMÓN. JUSTICIA;2019;241
Ciudad Real;9. ADMÓN. JUSTICIA;2018;252
Ciudad Real;10. ORDEN PÚBLICO;2024;314
Ciudad Real;10. ORDEN PÚBLICO;2023;260
Ciudad Real;10. ORDEN PÚBLICO;2022;261
Ciudad Real;10. ORDEN PÚBLICO;2021;269
Ciudad Real;10. ORDEN PÚBLICO;2020;423
Ciudad Real;10. ORDEN PÚBLICO;2019;275
Ciudad Real;10. ORDEN PÚBLICO;2018;309
Ciudad Real;11. LEGISLACIÓN ESPECIAL;2024;2
Ciudad Real;11. LEGISLACIÓN ESPECIAL;2023;2
Ciudad Real;11. LEGISLACIÓN ESPECIAL;2022;1
Ciudad Real;11. LEGISLACIÓN ESPECIAL;2021;2
Ciudad Real;11. LEGISLACIÓN ESPECIAL;2020;10
Ciudad Real;11. LEGISLACIÓN ESPECIAL;2019;28
Ciudad Real;11. LEGISLACIÓN ESPECIAL;2018;24
Ciudad Real;12. OTRAS INFRACCIONES PENALES;2024;112
Ciudad Real;12. OTRAS INFRACCIONES PENALES;2023;133
Ciudad Real;12. OTRAS INFRACCIONES PENALES;2022;98
Ciudad Real;12. OTRAS INFRACCIONES PENALES;2021;59
Ciudad Real;12. OTRAS INFRACCIONES PENALES;2020;80
Ciudad Real;12. OTRAS INFRACCIONES PENALES;2019;119
Ciudad Real;12. OTRAS INFRACCIONES PENALES;2018;74
Ciudad Real;TOTAL INFRACCIONES PENALES;2024;5.585
Ciudad Real;TOTAL INFRACCIONES PENALES;2023;5.802
Ciudad Real;TOTAL INFRACCIONES PENALES;2022;5.216
Ciudad Real;TOTAL INFRACCIONES PENALES;2021;4.964
Ciudad Real;TOTAL INFRACCIONES PENALES;2020;4.506
Ciudad Real;TOTAL INFRACCIONES PENALES;2019;4.954
Ciudad Real;TOTAL INFRACCIONES PENALES;2018;5.271
Córdoba;1. CONTRA LAS PERSONAS;2024;1.953
Córdoba;1. CONTRA LAS PERSONAS;2023;1.941
Córdoba;1. CONTRA LAS PERSONAS;2022;1.719
Córdoba;1. CONTRA LAS PERSONAS;2021;1.432
Córdoba;1. CONTRA LAS PERSONAS;2020;1.437
Córdoba;1. CONTRA LAS PERSONAS;2019;1.495
Córdoba;1. CONTRA LAS PERSONAS;2018;1.387
Córdoba;1.1.-Homicidios dolosos/asesinatos;2024;29
Córdoba;1.1.-Homicidios dolosos/asesinatos;2023;21
Córdoba;1.1.-Homicidios dolosos/asesinatos;2022;16
Córdoba;1.1.-Homicidios dolosos/asesinatos;2021;21
Córdoba;1.1.-Homicidios dolosos/asesinatos;2020;17
Córdoba;1.1.-Homicidios dolosos/asesinatos;2019;14
Córdoba;1.1.-Homicidios dolosos/asesinatos;2018;13
Córdoba;1.1.1.-Homicidios dolosos/asesinatos consumados;2024;9
Córdoba;1.1.1.-Homicidios dolosos/asesinatos consumados;2023;3
Córdoba;1.1.1.-Homicidios dolosos/asesinatos consumados;2022;2
Córdoba;1.1.1.-Homicidios dolosos/asesinatos consumados;2021;0
Córdoba;1.1.1.-Homicidios dolosos/asesinatos consumados;2020;1
Córdoba;1.1.1.-Homicidios dolosos/asesinatos consumados;2019;4
Córdoba;1.1.1.-Homicidios dolosos/asesinatos consumados;2018;5
Córdoba;1.2.-Lesiones;2024;863
Córdoba;1.2.-Lesiones;2023;815
Córdoba;1.2.-Lesiones;2022;673
Córdoba;1.2.-Lesiones;2021;630
Córdoba;1.2.-Lesiones;2020;594
Córdoba;1.2.-Lesiones;2019;671
Córdoba;1.2.-Lesiones;2018;656
Córdoba;1.3.-Malos tratos ámbito familiar;2024;1.006
Córdoba;1.3.-Malos tratos ámbito familiar;2023;1.045
Córdoba;1.3.-Malos tratos ámbito familiar;2022;981
Córdoba;1.3.-Malos tratos ámbito familiar;2021;751
Córdoba;1.3.-Malos tratos ámbito familiar;2020;801
Córdoba;1.3.-Malos tratos ámbito familiar;2019;772
Córdoba;1.3.-Malos tratos ámbito familiar;2018;685
Córdoba;1.4.-Otros contra las personas;2024;55
Córdoba;1.4.-Otros contra las personas;2023;60
Córdoba;1.4.-Otros contra las personas;2022;49
Córdoba;1.4.-Otros contra las personas;2021;30
Córdoba;1.4.-Otros contra las personas;2020;25
Córdoba;1.4.-Otros contra las personas;2019;38
Córdoba;1.4.-Otros contra las personas;2018;33
Córdoba;2. CONTRA LA LIBERTAD;2024;970
Córdoba;2. CONTRA LA LIBERTAD;2023;837
Córdoba;2. CONTRA LA LIBERTAD;2022;780
Córdoba;2. CONTRA LA LIBERTAD;2021;746
Córdoba;2. CONTRA LA LIBERTAD;2020;782
Córdoba;2. CONTRA LA LIBERTAD;2019;895
Córdoba;2. CONTRA LA LIBERTAD;2018;780
Córdoba;2.1.-Malos tratos habituales en el ámbito familiar;2024;199
Córdoba;2.1.-Malos tratos habituales en el ámbito familiar;2023;192
Córdoba;2.1.-Malos tratos habituales en el ámbito familiar;2022;176
Córdoba;2.1.-Malos tratos habituales en el ámbito familiar;2021;195
Córdoba;2.1.-Malos tratos habituales en el ámbito familiar;2020;167
Córdoba;2.1.-Malos tratos habituales en el ámbito familiar;2019;177
Córdoba;2.1.-Malos tratos habituales en el ámbito familiar;2018;157
Córdoba;2.2.-Otros contra la libertad;2024;771
Córdoba;2.2.-Otros contra la libertad;2023;645
Córdoba;2.2.-Otros contra la libertad;2022;604
Córdoba;2.2.-Otros contra la libertad;2021;551
Córdoba;2.2.-Otros contra la libertad;2020;615
Córdoba;2.2.-Otros contra la libertad;2019;718
Córdoba;2.2.-Otros contra la libertad;2018;623
Córdoba;3. LIBERTAD SEXUAL;2024;156
Córdoba;3. LIBERTAD SEXUAL;2023;168
Córdoba;3. LIBERTAD SEXUAL;2022;126
Córdoba;3. LIBERTAD SEXUAL;2021;121
Córdoba;3. LIBERTAD SEXUAL;2020;121
Córdoba;3. LIBERTAD SEXUAL;2019;115
Córdoba;3. LIBERTAD SEXUAL;2018;110
Córdoba;3.1.-Agresión sexual;2024;111
Córdoba;3.1.-Agresión sexual;2023;107
Córdoba;3.1.-Agresión sexual;2022;84
Córdoba;3.1.-Agresión sexual;2021;75
Córdoba;3.1.-Agresión sexual;2020;79
Córdoba;3.1.-Agresión sexual;2019;79
Córdoba;3.1.-Agresión sexual;2018;64
Córdoba;3.2.-Agresión sexual con penetración;2024;26
Córdoba;3.2.-Agresión sexual con penetración;2023;34
Córdoba;3.2.-Agresión sexual con penetración;2022;27
Córdoba;3.2.-Agresión sexual con penetración;2021;29
Córdoba;3.2.-Agresión sexual con penetración;2020;23
Córdoba;3.2.-Agresión sexual con penetración;2019;13
Córdoba;3.2.-Agresión sexual con penetración;2018;13
Córdoba;3.3.-Corrupción de menores o incapacitados;2024;4
Córdoba;3.3.-Corrupción de menores o incapacitados;2023;4
Córdoba;3.3.-Corrupción de menores o incapacitados;2022;1
Córdoba;3.3.-Corrupción de menores o incapacitados;2021;0
Córdoba;3.3.-Corrupción de menores o incapacitados;2020;3
Córdoba;3.3.-Corrupción de menores o incapacitados;2019;1
Córdoba;3.3.-Corrupción de menores o incapacitados;2018;5
Córdoba;3.4.-Pornografía de menores;2024;5
Córdoba;3.4.-Pornografía de menores;2023;6
Córdoba;3.4.-Pornografía de menores;2022;2
Córdoba;3.4.-Pornografía de menores;2021;6
Córdoba;3.4.-Pornografía de menores;2020;6
Córdoba;3.4.-Pornografía de menores;2019;12
Córdoba;3.4.-Pornografía de menores;2018;13
Córdoba;3.5.-Otros contra la libertad sexual;2024;10
Córdoba;3.5.-Otros contra la libertad sexual;2023;17
Córdoba;3.5.-Otros contra la libertad sexual;2022;12
Córdoba;3.5.-Otros contra la libertad sexual;2021;11
Córdoba;3.5.-Otros contra la libertad sexual;2020;10
Córdoba;3.5.-Otros contra la libertad sexual;2019;10
Córdoba;3.5.-Otros contra la libertad sexual;2018;15
Córdoba;4. RELACIONES FAMILIARES;2024;29
Córdoba;4. RELACIONES FAMILIARES;2023;37
Córdoba;4. RELACIONES FAMILIARES;2022;22
Córdoba;4. RELACIONES FAMILIARES;2021;27
Córdoba;4. RELACIONES FAMILIARES;2020;28
Córdoba;4. RELACIONES FAMILIARES;2019;30
Córdoba;4. RELACIONES FAMILIARES;2018;42
Córdoba;5. PATRIMONIO;2024;2.130
Córdoba;5. PATRIMONIO;2023;2.493
Córdoba;5. PATRIMONIO;2022;2.085
Córdoba;5. PATRIMONIO;2021;1.414
Córdoba;5. PATRIMONIO;2020;1.594
Córdoba;5. PATRIMONIO;2019;1.825
Córdoba;5. PATRIMONIO;2018;2.017
Córdoba;5.1.-Hurtos;2024;650
Córdoba;5.1.-Hurtos;2023;741
Córdoba;5.1.-Hurtos;2022;532
Córdoba;5.1.-Hurtos;2021;345
Córdoba;5.1.-Hurtos;2020;365
Córdoba;5.1.-Hurtos;2019;504
Córdoba;5.1.-Hurtos;2018;657
Córdoba;5.2.-Robos con fuerza en las cosas;2024;437
Córdoba;5.2.-Robos con fuerza en las cosas;2023;476
Córdoba;5.2.-Robos con fuerza en las cosas;2022;458
Córdoba;5.2.-Robos con fuerza en las cosas;2021;348
Córdoba;5.2.-Robos con fuerza en las cosas;2020;368
Córdoba;5.2.-Robos con fuerza en las cosas;2019;477
Córdoba;5.2.-Robos con fuerza en las cosas;2018;569
Córdoba;5.2.1.-Robos con fuerza en las cosas en el interior de vehículos;2024;58
Córdoba;5.2.1.-Robos con fuerza en las cosas en el interior de vehículos;2023;95
Córdoba;5.2.1.-Robos con fuerza en las cosas en el interior de vehículos;2022;60
Córdoba;5.2.1.-Robos con fuerza en las cosas en el interior de vehículos;2021;41
Córdoba;5.2.1.-Robos con fuerza en las cosas en el interior de vehículos;2020;40
Córdoba;5.2.1.-Robos con fuerza en las cosas en el interior de vehículos;2019;45
Córdoba;5.2.1.-Robos con fuerza en las cosas en el interior de vehículos;2018;80
Córdoba;5.2.2.-Robos con fuerza en viviendas;2024;160
Córdoba;5.2.2.-Robos con fuerza en viviendas;2023;120
Córdoba;5.2.2.-Robos con fuerza en viviendas;2022;178
Córdoba;5.2.2.-Robos con fuerza en viviendas;2021;135
Córdoba;5.2.2.-Robos con fuerza en viviendas;2020;154
Córdoba;5.2.2.-Robos con fuerza en viviendas;2019;192
Córdoba;5.2.2.-Robos con fuerza en viviendas;2018;196
Córdoba;5.2.3.-Robos con fuerza en establecimientos;2024;87
Córdoba;5.2.3.-Robos con fuerza en establecimientos;2023;120
Córdoba;5.2.3.-Robos con fuerza en establecimientos;2022;80
Córdoba;5.2.3.-Robos con fuerza en establecimientos;2021;74
Córdoba;5.2.3.-Robos con fuerza en establecimientos;2020;91
Córdoba;5.2.3.-Robos con fuerza en establecimientos;2019;125
Córdoba;5.2.3.-Robos con fuerza en establecimientos;2018;145
Córdoba;5.3.-Robos con violencia o intimidación;2024;180
Córdoba;5.3.-Robos con violencia o intimidación;2023;178
Córdoba;5.3.-Robos con violencia o intimidación;2022;180
Córdoba;5.3.-Robos con violencia o intimidación;2021;145
Córdoba;5.3.-Robos con violencia o intimidación;2020;136
Córdoba;5.3.-Robos con violencia o intimidación;2019;139
Córdoba;5.3.-Robos con violencia o intimidación;2018;172
Córdoba;5.3.1.-Robos con violencia en vía pública;2024;101
Córdoba;5.3.1.-Robos con violencia en vía pública;2023;111
Córdoba;5.3.1.-Robos con violencia en vía pública;2022;79
Córdoba;5.3.1.-Robos con violencia en vía pública;2021;90
Córdoba;5.3.1.-Robos con violencia en vía pública;2020;76
Córdoba;5.3.1.-Robos con violencia en vía pública;2019;69
Córdoba;5.3.1.-Robos con violencia en vía pública;2018;94
Córdoba;5.3.2.-Robos con violencia en viviendas;2024;35
Córdoba;5.3.2.-Robos con violencia en viviendas;2023;18
Córdoba;5.3.2.-Robos con violencia en viviendas;2022;37
Córdoba;5.3.2.-Robos con violencia en viviendas;2021;21
Córdoba;5.3.2.-Robos con violencia en viviendas;2020;16
Córdoba;5.3.2.-Robos con violencia en viviendas;2019;17
Córdoba;5.3.2.-Robos con violencia en viviendas;2018;23
Córdoba;5.3.3.-Robos con violencia en establecimientos;2024;27
Córdoba;5.3.3.-Robos con violencia en establecimientos;2023;34
Córdoba;5.3.3.-Robos con violencia en establecimientos;2022;48
Córdoba;5.3.3.-Robos con violencia en establecimientos;2021;22
Córdoba;5.3.3.-Robos con violencia en establecimientos;2020;35
Córdoba;5.3.3.-Robos con violencia en establecimientos;2019;31
Córdoba;5.3.3.-Robos con violencia en establecimientos;2018;42
Córdoba;5.4.-Sustracción de vehículos;2024;39
Córdoba;5.4.-Sustracción de vehículos;2023;19
Córdoba;5.4.-Sustracción de vehículos;2022;27
Córdoba;5.4.-Sustracción de vehículos;2021;30
Córdoba;5.4.-Sustracción de vehículos;2020;24
Córdoba;5.4.-Sustracción de vehículos;2019;30
Córdoba;5.4.-Sustracción de vehículos;2018;27
Córdoba;5.5.-Estafas;2024;499
Córdoba;5.5.-Estafas;2023;728
Córdoba;5.5.-Estafas;2022;584
Córdoba;5.5.-Estafas;2021;173
Córdoba;5.5.-Estafas;2020;192
Córdoba;5.5.-Estafas;2019;280
Córdoba;5.5.-Estafas;2018;217
Córdoba;5.5.1.-Estafas informáticas;2024;424
Córdoba;5.5.1.-Estafas informáticas;2023;637
Córdoba;5.5.1.-Estafas informáticas;2022;474
Córdoba;5.5.1.-Estafas informáticas;2021;88
Córdoba;5.5.1.-Estafas informáticas;2020;73
Córdoba;5.5.1.-Estafas informáticas;2019;66
Córdoba;5.5.1.-Estafas informáticas;2018;57
Córdoba;5.6.-Daños;2024;145
Córdoba;5.6.-Daños;2023;134
Córdoba;5.6.-Daños;2022;129
Córdoba;5.6.-Daños;2021;105
Córdoba;5.6.-Daños;2020;128
Córdoba;5.6.-Daños;2019;135
Córdoba;5.6.-Daños;2018;135
Córdoba;5.7.-Contra la propiedad intelectual/industrial;2024;9
Córdoba;5.7.-Contra la propiedad intelectual/industrial;2023;5
Córdoba;5.7.-Contra la propiedad intelectual/industrial;2022;5
Córdoba;5.7.-Contra la propiedad intelectual/industrial;2021;20
Córdoba;5.7.-Contra la propiedad intelectual/industrial;2020;19
Córdoba;5.7.-Contra la propiedad intelectual/industrial;2019;43
Córdoba;5.7.-Contra la propiedad intelectual/industrial;2018;13
Córdoba;5.8.-Blanqueo de capitales;2024;45
Córdoba;5.8.-Blanqueo de capitales;2023;9
Córdoba;5.8.-Blanqueo de capitales;2022;3
Córdoba;5.8.-Blanqueo de capitales;2021;10
Córdoba;5.8.-Blanqueo de capitales;2020;13
Córdoba;5.8.-Blanqueo de capitales;2019;4
Córdoba;5.8.-Blanqueo de capitales;2018;2
Córdoba;5.9.-Otros contra el patrimonio;2024;126
Córdoba;5.9.-Otros contra el patrimonio;2023;203
Córdoba;5.9.-Otros contra el patrimonio;2022;167
Córdoba;5.9.-Otros contra el patrimonio;2021;238
Córdoba;5.9.-Otros contra el patrimonio;2020;349
Córdoba;5.9.-Otros contra el patrimonio;2019;213
Córdoba;5.9.-Otros contra el patrimonio;2018;225
Córdoba;6. SEGURIDAD COLECTIVA;2024;1.310
Córdoba;6. SEGURIDAD COLECTIVA;2023;1.428
Córdoba;6. SEGURIDAD COLECTIVA;2022;1.346
Córdoba;6. SEGURIDAD COLECTIVA;2021;1.274
Córdoba;6. SEGURIDAD COLECTIVA;2020;1.097
Córdoba;6. SEGURIDAD COLECTIVA;2019;1.338
Córdoba;6. SEGURIDAD COLECTIVA;2018;1.135
Córdoba;6.1.-Tráfico de drogas;2024;219
Córdoba;6.1.-Tráfico de drogas;2023;239
Córdoba;6.1.-Tráfico de drogas;2022;228
Córdoba;6.1.-Tráfico de drogas;2021;325
Córdoba;6.1.-Tráfico de drogas;2020;364
Córdoba;6.1.-Tráfico de drogas;2019;443
Córdoba;6.1.-Tráfico de drogas;2018;279
Córdoba;6.2.-Contra la seguridad vial;2024;1.065
Córdoba;6.2.-Contra la seguridad vial;2023;1.156
Córdoba;6.2.-Contra la seguridad vial;2022;1.096
Córdoba;6.2.-Contra la seguridad vial;2021;915
Córdoba;6.2.-Contra la seguridad vial;2020;709
Córdoba;6.2.-Contra la seguridad vial;2019;863
Córdoba;6.2.-Contra la seguridad vial;2018;828
Córdoba;6.3.-Otros contra la seguridad colectiva;2024;26
Córdoba;6.3.-Otros contra la seguridad colectiva;2023;33
Córdoba;6.3.-Otros contra la seguridad colectiva;2022;22
Córdoba;6.3.-Otros contra la seguridad colectiva;2021;34
Córdoba;6.3.-Otros contra la seguridad colectiva;2020;24
Córdoba;6.3.-Otros contra la seguridad colectiva;2019;32
Córdoba;6.3.-Otros contra la seguridad colectiva;2018;28
Córdoba;7. FALSEDADES;2024;95
Córdoba;7. FALSEDADES;2023;180
Córdoba;7. FALSEDADES;2022;121
Córdoba;7. FALSEDADES;2021;139
Córdoba;7. FALSEDADES;2020;100
Córdoba;7. FALSEDADES;2019;102
Córdoba;7. FALSEDADES;2018;152
Córdoba;8. ADMÓN. PÚBLICA;2024;3
Córdoba;8. ADMÓN. PÚBLICA;2023;10
Córdoba;8. ADMÓN. PÚBLICA;2022;17
Córdoba;8. ADMÓN. PÚBLICA;2021;4
Córdoba;8. ADMÓN. PÚBLICA;2020;5
Córdoba;8. ADMÓN. PÚBLICA;2019;8
Córdoba;8. ADMÓN. PÚBLICA;2018;2
Córdoba;9. ADMÓN. JUSTICIA;2024;463
Córdoba;9. ADMÓN. JUSTICIA;2023;433
Córdoba;9. ADMÓN. JUSTICIA;2022;453
Córdoba;9. ADMÓN. JUSTICIA;2021;364
Córdoba;9. ADMÓN. JUSTICIA;2020;331
Córdoba;9. ADMÓN. JUSTICIA;2019;283
Córdoba;9. ADMÓN. JUSTICIA;2018;294
Córdoba;10. ORDEN PÚBLICO;2024;268
Córdoba;10. ORDEN PÚBLICO;2023;215
Córdoba;10. ORDEN PÚBLICO;2022;221
Córdoba;10. ORDEN PÚBLICO;2021;229
Córdoba;10. ORDEN PÚBLICO;2020;343
Córdoba;10. ORDEN PÚBLICO;2019;295
Córdoba;10. ORDEN PÚBLICO;2018;247
Córdoba;11. LEGISLACIÓN ESPECIAL;2024;10
Córdoba;11. LEGISLACIÓN ESPECIAL;2023;4
Córdoba;11. LEGISLACIÓN ESPECIAL;2022;12
Córdoba;11. LEGISLACIÓN ESPECIAL;2021;9
Córdoba;11. LEGISLACIÓN ESPECIAL;2020;34
Córdoba;11. LEGISLACIÓN ESPECIAL;2019;16
Córdoba;11. LEGISLACIÓN ESPECIAL;2018;20
Córdoba;12. OTRAS INFRACCIONES PENALES;2024;106
Córdoba;12. OTRAS INFRACCIONES PENALES;2023;103
Córdoba;12. OTRAS INFRACCIONES PENALES;2022;78
Córdoba;12. OTRAS INFRACCIONES PENALES;2021;91
Córdoba;12. OTRAS INFRACCIONES PENALES;2020;113
Córdoba;12. OTRAS INFRACCIONES PENALES;2019;69
Córdoba;12. OTRAS INFRACCIONES PENALES;2018;69
Córdoba;TOTAL INFRACCIONES PENALES;2024;7.493
Córdoba;TOTAL INFRACCIONES PENALES;2023;7.849
Córdoba;TOTAL INFRACCIONES PENALES;2022;6.980
Córdoba;TOTAL INFRACCIONES PENALES;2021;5.850
Córdoba;TOTAL INFRACCIONES PENALES;2020;5.985
Córdoba;TOTAL INFRACCIONES PENALES;2019;6.471
Córdoba;TOTAL INFRACCIONES PENALES;2018;6.255
Coruña (A);1. CONTRA LAS PERSONAS;2024;1.893
Coruña (A);1. CONTRA LAS PERSONAS;2023;1.916
Coruña (A);1. CONTRA LAS PERSONAS;2022;1.872
Coruña (A);1. CONTRA LAS PERSONAS;2021;1.481
Coruña (A);1. CONTRA LAS PERSONAS;2020;1.390
Coruña (A);1. CONTRA LAS PERSONAS;2019;1.564
Coruña (A);1. CONTRA LAS PERSONAS;2018;1.487
Coruña (A);1.1.-Homicidios dolosos/asesinatos;2024;32
Coruña (A);1.1.-Homicidios dolosos/asesinatos;2023;28
Coruña (A);1.1.-Homicidios dolosos/asesinatos;2022;26
Coruña (A);1.1.-Homicidios dolosos/asesinatos;2021;25
Coruña (A);1.1.-Homicidios dolosos/asesinatos;2020;13
Coruña (A);1.1.-Homicidios dolosos/asesinatos;2019;15
Coruña (A);1.1.-Homicidios dolosos/asesinatos;2018;15
Coruña (A);1.1.1.-Homicidios dolosos/asesinatos consumados;2024;7
Coruña (A);1.1.1.-Homicidios dolosos/asesinatos consumados;2023;15
Coruña (A);1.1.1.-Homicidios dolosos/asesinatos consumados;2022;4
Coruña (A);1.1.1.-Homicidios dolosos/asesinatos consumados;2021;10
Coruña (A);1.1.1.-Homicidios dolosos/asesinatos consumados;2020;1
Coruña (A);1.1.1.-Homicidios dolosos/asesinatos consumados;2019;6
Coruña (A);1.1.1.-Homicidios dolosos/asesinatos consumados;2018;3
Coruña (A);1.2.-Lesiones;2024;687
Coruña (A);1.2.-Lesiones;2023;670
Coruña (A);1.2.-Lesiones;2022;660
Coruña (A);1.2.-Lesiones;2021;486
Coruña (A);1.2.-Lesiones;2020;438
Coruña (A);1.2.-Lesiones;2019;567
Coruña (A);1.2.-Lesiones;2018;498
Coruña (A);1.3.-Malos tratos ámbito familiar;2024;1.145
Coruña (A);1.3.-Malos tratos ámbito familiar;2023;1.185
Coruña (A);1.3.-Malos tratos ámbito familiar;2022;1.159
Coruña (A);1.3.-Malos tratos ámbito familiar;2021;937
Coruña (A);1.3.-Malos tratos ámbito familiar;2020;921
Coruña (A);1.3.-Malos tratos ámbito familiar;2019;963
Coruña (A);1.3.-Malos tratos ámbito familiar;2018;937
Coruña (A);1.4.-Otros contra las personas;2024;29
Coruña (A);1.4.-Otros contra las personas;2023;33
Coruña (A);1.4.-Otros contra las personas;2022;27
Coruña (A);1.4.-Otros contra las personas;2021;33
Coruña (A);1.4.-Otros contra las personas;2020;18
Coruña (A);1.4.-Otros contra las personas;2019;19
Coruña (A);1.4.-Otros contra las personas;2018;37
Coruña (A);2. CONTRA LA LIBERTAD;2024;895
Coruña (A);2. CONTRA LA LIBERTAD;2023;951
Coruña (A);2. CONTRA LA LIBERTAD;2022;897
Coruña (A);2. CONTRA LA LIBERTAD;2021;769
Coruña (A);2. CONTRA LA LIBERTAD;2020;794
Coruña (A);2. CONTRA LA LIBERTAD;2019;788
Coruña (A);2. CONTRA LA LIBERTAD;2018;808
Coruña (A);2.1.-Malos tratos habituales en el ámbito familiar;2024;407
Coruña (A);2.1.-Malos tratos habituales en el ámbito familiar;2023;406
Coruña (A);2.1.-Malos tratos habituales en el ámbito familiar;2022;309
Coruña (A);2.1.-Malos tratos habituales en el ámbito familiar;2021;251
Coruña (A);2.1.-Malos tratos habituales en el ámbito familiar;2020;279
Coruña (A);2.1.-Malos tratos habituales en el ámbito familiar;2019;301
Coruña (A);2.1.-Malos tratos habituales en el ámbito familiar;2018;266
Coruña (A);2.2.-Otros contra la libertad;2024;488
Coruña (A);2.2.-Otros contra la libertad;2023;545
Coruña (A);2.2.-Otros contra la libertad;2022;588
Coruña (A);2.2.-Otros contra la libertad;2021;518
Coruña (A);2.2.-Otros contra la libertad;2020;515
Coruña (A);2.2.-Otros contra la libertad;2019;487
Coruña (A);2.2.-Otros contra la libertad;2018;542
Coruña (A);3. LIBERTAD SEXUAL;2024;215
Coruña (A);3. LIBERTAD SEXUAL;2023;220
Coruña (A);3. LIBERTAD SEXUAL;2022;163
Coruña (A);3. LIBERTAD SEXUAL;2021;156
Coruña (A);3. LIBERTAD SEXUAL;2020;146
Coruña (A);3. LIBERTAD SEXUAL;2019;156
Coruña (A);3. LIBERTAD SEXUAL;2018;134
Coruña (A);3.1.-Agresión sexual;2024;136
Coruña (A);3.1.-Agresión sexual;2023;121
Coruña (A);3.1.-Agresión sexual;2022;93
Coruña (A);3.1.-Agresión sexual;2021;96
Coruña (A);3.1.-Agresión sexual;2020;75
Coruña (A);3.1.-Agresión sexual;2019;92
Coruña (A);3.1.-Agresión sexual;2018;74
Coruña (A);3.2.-Agresión sexual con penetración;2024;46
Coruña (A);3.2.-Agresión sexual con penetración;2023;53
Coruña (A);3.2.-Agresión sexual con penetración;2022;39
Coruña (A);3.2.-Agresión sexual con penetración;2021;30
Coruña (A);3.2.-Agresión sexual con penetración;2020;38
Coruña (A);3.2.-Agresión sexual con penetración;2019;32
Coruña (A);3.2.-Agresión sexual con penetración;2018;26
Coruña (A);3.3.-Corrupción de menores o incapacitados;2024;1
Coruña (A);3.3.-Corrupción de menores o incapacitados;2023;2
Coruña (A);3.3.-Corrupción de menores o incapacitados;2022;5
Coruña (A);3.3.-Corrupción de menores o incapacitados;2021;2
Coruña (A);3.3.-Corrupción de menores o incapacitados;2020;3
Coruña (A);3.3.-Corrupción de menores o incapacitados;2019;2
Coruña (A);3.3.-Corrupción de menores o incapacitados;2018;1
Coruña (A);3.4.-Pornografía de menores;2024;10
Coruña (A);3.4.-Pornografía de menores;2023;11
Coruña (A);3.4.-Pornografía de menores;2022;11
Coruña (A);3.4.-Pornografía de menores;2021;11
Coruña (A);3.4.-Pornografía de menores;2020;18
Coruña (A);3.4.-Pornografía de menores;2019;13
Coruña (A);3.4.-Pornografía de menores;2018;20
Coruña (A);3.5.-Otros contra la libertad sexual;2024;22
Coruña (A);3.5.-Otros contra la libertad sexual;2023;33
Coruña (A);3.5.-Otros contra la libertad sexual;2022;15
Coruña (A);3.5.-Otros contra la libertad sexual;2021;17
Coruña (A);3.5.-Otros contra la libertad sexual;2020;12
Coruña (A);3.5.-Otros contra la libertad sexual;2019;17
Coruña (A);3.5.-Otros contra la libertad sexual;2018;13
Coruña (A);4. RELACIONES FAMILIARES;2024;12
Coruña (A);4. RELACIONES FAMILIARES;2023;19
Coruña (A);4. RELACIONES FAMILIARES;2022;12
Coruña (A);4. RELACIONES FAMILIARES;2021;11
Coruña (A);4. RELACIONES FAMILIARES;2020;16
Coruña (A);4. RELACIONES FAMILIARES;2019;15
Coruña (A);4. RELACIONES FAMILIARES;2018;23
Coruña (A);5. PATRIMONIO;2024;2.386
Coruña (A);5. PATRIMONIO;2023;2.381
Coruña (A);5. PATRIMONIO;2022;2.197
Coruña (A);5. PATRIMONIO;2021;2.015
Coruña (A);5. PATRIMONIO;2020;1.786
Coruña (A);5. PATRIMONIO;2019;2.427
Coruña (A);5. PATRIMONIO;2018;2.315
Coruña (A);5.1.-Hurtos;2024;1.159
Coruña (A);5.1.-Hurtos;2023;1.175
Coruña (A);5.1.-Hurtos;2022;1.075
Coruña (A);5.1.-Hurtos;2021;1.029
Coruña (A);5.1.-Hurtos;2020;774
Coruña (A);5.1.-Hurtos;2019;1.205
Coruña (A);5.1.-Hurtos;2018;1.044
Coruña (A);5.2.-Robos con fuerza en las cosas;2024;382
Coruña (A);5.2.-Robos con fuerza en las cosas;2023;429
Coruña (A);5.2.-Robos con fuerza en las cosas;2022;393
Coruña (A);5.2.-Robos con fuerza en las cosas;2021;310
Coruña (A);5.2.-Robos con fuerza en las cosas;2020;349
Coruña (A);5.2.-Robos con fuerza en las cosas;2019;460
Coruña (A);5.2.-Robos con fuerza en las cosas;2018;495
Coruña (A);5.2.1.-Robos con fuerza en las cosas en el interior de vehículos;2024;74
Coruña (A);5.2.1.-Robos con fuerza en las cosas en el interior de vehículos;2023;78
Coruña (A);5.2.1.-Robos con fuerza en las cosas en el interior de vehículos;2022;87
Coruña (A);5.2.1.-Robos con fuerza en las cosas en el interior de vehículos;2021;62
Coruña (A);5.2.1.-Robos con fuerza en las cosas en el interior de vehículos;2020;69
Coruña (A);5.2.1.-Robos con fuerza en las cosas en el interior de vehículos;2019;87
Coruña (A);5.2.1.-Robos con fuerza en las cosas en el interior de vehículos;2018;87
Coruña (A);5.2.2.-Robos con fuerza en viviendas;2024;111
Coruña (A);5.2.2.-Robos con fuerza en viviendas;2023;107
Coruña (A);5.2.2.-Robos con fuerza en viviendas;2022;97
Coruña (A);5.2.2.-Robos con fuerza en viviendas;2021;67
Coruña (A);5.2.2.-Robos con fuerza en viviendas;2020;77
Coruña (A);5.2.2.-Robos con fuerza en viviendas;2019;157
Coruña (A);5.2.2.-Robos con fuerza en viviendas;2018;146
Coruña (A);5.2.3.-Robos con fuerza en establecimientos;2024;107
Coruña (A);5.2.3.-Robos con fuerza en establecimientos;2023;144
Coruña (A);5.2.3.-Robos con fuerza en establecimientos;2022;113
Coruña (A);5.2.3.-Robos con fuerza en establecimientos;2021;112
Coruña (A);5.2.3.-Robos con fuerza en establecimientos;2020;124
Coruña (A);5.2.3.-Robos con fuerza en establecimientos;2019;116
Coruña (A);5.2.3.-Robos con fuerza en establecimientos;2018;143
Coruña (A);5.3.-Robos con violencia o intimidación;2024;154
Coruña (A);5.3.-Robos con violencia o intimidación;2023;202
Coruña (A);5.3.-Robos con violencia o intimidación;2022;142
Coruña (A);5.3.-Robos con violencia o intimidación;2021;158
Coruña (A);5.3.-Robos con violencia o intimidación;2020;149
Coruña (A);5.3.-Robos con violencia o intimidación;2019;159
Coruña (A);5.3.-Robos con violencia o intimidación;2018;158
Coruña (A);5.3.1.-Robos con violencia en vía pública;2024;71
Coruña (A);5.3.1.-Robos con violencia en vía pública;2023;78
Coruña (A);5.3.1.-Robos con violencia en vía pública;2022;63
Coruña (A);5.3.1.-Robos con violencia en vía pública;2021;62
Coruña (A);5.3.1.-Robos con violencia en vía pública;2020;46
Coruña (A);5.3.1.-Robos con violencia en vía pública;2019;66
Coruña (A);5.3.1.-Robos con violencia en vía pública;2018;60
Coruña (A);5.3.2.-Robos con violencia en viviendas;2024;20
Coruña (A);5.3.2.-Robos con violencia en viviendas;2023;18
Coruña (A);5.3.2.-Robos con violencia en viviendas;2022;9
Coruña (A);5.3.2.-Robos con violencia en viviendas;2021;29
Coruña (A);5.3.2.-Robos con violencia en viviendas;2020;21
Coruña (A);5.3.2.-Robos con violencia en viviendas;2019;16
Coruña (A);5.3.2.-Robos con violencia en viviendas;2018;17
Coruña (A);5.3.3.-Robos con violencia en establecimientos;2024;44
Coruña (A);5.3.3.-Robos con violencia en establecimientos;2023;67
Coruña (A);5.3.3.-Robos con violencia en establecimientos;2022;53
Coruña (A);5.3.3.-Robos con violencia en establecimientos;2021;48
Coruña (A);5.3.3.-Robos con violencia en establecimientos;2020;54
Coruña (A);5.3.3.-Robos con violencia en establecimientos;2019;58
Coruña (A);5.3.3.-Robos con violencia en establecimientos;2018;53
Coruña (A);5.4.-Sustracción de vehículos;2024;36
Coruña (A);5.4.-Sustracción de vehículos;2023;35
Coruña (A);5.4.-Sustracción de vehículos;2022;31
Coruña (A);5.4.-Sustracción de vehículos;2021;13
Coruña (A);5.4.-Sustracción de vehículos;2020;28
Coruña (A);5.4.-Sustracción de vehículos;2019;30
Coruña (A);5.4.-Sustracción de vehículos;2018;36
Coruña (A);5.5.-Estafas;2024;364
Coruña (A);5.5.-Estafas;2023;260
Coruña (A);5.5.-Estafas;2022;255
Coruña (A);5.5.-Estafas;2021;230
Coruña (A);5.5.-Estafas;2020;214
Coruña (A);5.5.-Estafas;2019;260
Coruña (A);5.5.-Estafas;2018;229
Coruña (A);5.5.1.-Estafas informáticas;2024;257
Coruña (A);5.5.1.-Estafas informáticas;2023;152
Coruña (A);5.5.1.-Estafas informáticas;2022;138
Coruña (A);5.5.1.-Estafas informáticas;2021;110
Coruña (A);5.5.1.-Estafas informáticas;2020;85
Coruña (A);5.5.1.-Estafas informáticas;2019;87
Coruña (A);5.5.1.-Estafas informáticas;2018;51
Coruña (A);5.6.-Daños;2024;107
Coruña (A);5.6.-Daños;2023;143
Coruña (A);5.6.-Daños;2022;150
Coruña (A);5.6.-Daños;2021;126
Coruña (A);5.6.-Daños;2020;129
Coruña (A);5.6.-Daños;2019;146
Coruña (A);5.6.-Daños;2018;166
Coruña (A);5.7.-Contra la propiedad intelectual/industrial;2024;5
Coruña (A);5.7.-Contra la propiedad intelectual/industrial;2023;12
Coruña (A);5.7.-Contra la propiedad intelectual/industrial;2022;14
Coruña (A);5.7.-Contra la propiedad intelectual/industrial;2021;10
Coruña (A);5.7.-Contra la propiedad intelectual/industrial;2020;3
Coruña (A);5.7.-Contra la propiedad intelectual/industrial;2019;3
Coruña (A);5.7.-Contra la propiedad intelectual/industrial;2018;51
Coruña (A);5.8.-Blanqueo de capitales;2024;14
Coruña (A);5.8.-Blanqueo de capitales;2023;3
Coruña (A);5.8.-Blanqueo de capitales;2022;1
Coruña (A);5.8.-Blanqueo de capitales;2021;9
Coruña (A);5.8.-Blanqueo de capitales;2020;2
Coruña (A);5.8.-Blanqueo de capitales;2019;0
Coruña (A);5.8.-Blanqueo de capitales;2018;3
Coruña (A);5.9.-Otros contra el patrimonio;2024;165
Coruña (A);5.9.-Otros contra el patrimonio;2023;122
Coruña (A);5.9.-Otros contra el patrimonio;2022;136
Coruña (A);5.9.-Otros contra el patrimonio;2021;130
Coruña (A);5.9.-Otros contra el patrimonio;2020;138
Coruña (A);5.9.-Otros contra el patrimonio;2019;164
Coruña (A);5.9.-Otros contra el patrimonio;2018;133
Coruña (A);6. SEGURIDAD COLECTIVA;2024;1.730
Coruña (A);6. SEGURIDAD COLECTIVA;2023;1.783
Coruña (A);6. SEGURIDAD COLECTIVA;2022;1.972
Coruña (A);6. SEGURIDAD COLECTIVA;2021;1.793
Coruña (A);6. SEGURIDAD COLECTIVA;2020;1.600
Coruña (A);6. SEGURIDAD COLECTIVA;2019;1.750
Coruña (A);6. SEGURIDAD COLECTIVA;2018;1.758
Coruña (A);6.1.-Tráfico de drogas;2024;249
Coruña (A);6.1.-Tráfico de drogas;2023;219
Coruña (A);6.1.-Tráfico de drogas;2022;249
Coruña (A);6.1.-Tráfico de drogas;2021;236
Coruña (A);6.1.-Tráfico de drogas;2020;273
Coruña (A);6.1.-Tráfico de drogas;2019;223
Coruña (A);6.1.-Tráfico de drogas;2018;285
Coruña (A);6.2.-Contra la seguridad vial;2024;1.444
Coruña (A);6.2.-Contra la seguridad vial;2023;1.528
Coruña (A);6.2.-Contra la seguridad vial;2022;1.695
Coruña (A);6.2.-Contra la seguridad vial;2021;1.544
Coruña (A);6.2.-Contra la seguridad vial;2020;1.305
Coruña (A);6.2.-Contra la seguridad vial;2019;1.513
Coruña (A);6.2.-Contra la seguridad vial;2018;1.440
Coruña (A);6.3.-Otros contra la seguridad colectiva;2024;37
Coruña (A);6.3.-Otros contra la seguridad colectiva;2023;36
Coruña (A);6.3.-Otros contra la seguridad colectiva;2022;28
Coruña (A);6.3.-Otros contra la seguridad colectiva;2021;13
Coruña (A);6.3.-Otros contra la seguridad colectiva;2020;22
Coruña (A);6.3.-Otros contra la seguridad colectiva;2019;14
Coruña (A);6.3.-Otros contra la seguridad colectiva;2018;33
Coruña (A);7. FALSEDADES;2024;111
Coruña (A);7. FALSEDADES;2023;86
Coruña (A);7. FALSEDADES;2022;85
Coruña (A);7. FALSEDADES;2021;204
Coruña (A);7. FALSEDADES;2020;91
Coruña (A);7. FALSEDADES;2019;93
Coruña (A);7. FALSEDADES;2018;102
Coruña (A);8. ADMÓN. PÚBLICA;2024;1
Coruña (A);8. ADMÓN. PÚBLICA;2023;1
Coruña (A);8. ADMÓN. PÚBLICA;2022;0
Coruña (A);8. ADMÓN. PÚBLICA;2021;0
Coruña (A);8. ADMÓN. PÚBLICA;2020;0
Coruña (A);8. ADMÓN. PÚBLICA;2019;2
Coruña (A);8. ADMÓN. PÚBLICA;2018;1
Coruña (A);9. ADMÓN. JUSTICIA;2024;538
Coruña (A);9. ADMÓN. JUSTICIA;2023;513
Coruña (A);9. ADMÓN. JUSTICIA;2022;427
Coruña (A);9. ADMÓN. JUSTICIA;2021;379
Coruña (A);9. ADMÓN. JUSTICIA;2020;373
Coruña (A);9. ADMÓN. JUSTICIA;2019;391
Coruña (A);9. ADMÓN. JUSTICIA;2018;357
Coruña (A);10. ORDEN PÚBLICO;2024;327
Coruña (A);10. ORDEN PÚBLICO;2023;319
Coruña (A);10. ORDEN PÚBLICO;2022;337
Coruña (A);10. ORDEN PÚBLICO;2021;324
Coruña (A);10. ORDEN PÚBLICO;2020;377
Coruña (A);10. ORDEN PÚBLICO;2019;248
Coruña (A);10. ORDEN PÚBLICO;2018;261
Coruña (A);11. LEGISLACIÓN ESPECIAL;2024;0
Coruña (A);11. LEGISLACIÓN ESPECIAL;2023;1
Coruña (A);11. LEGISLACIÓN ESPECIAL;2022;1
Coruña (A);11. LEGISLACIÓN ESPECIAL;2021;0
Coruña (A);11. LEGISLACIÓN ESPECIAL;2020;0
Coruña (A);11. LEGISLACIÓN ESPECIAL;2019;0
Coruña (A);11. LEGISLACIÓN ESPECIAL;2018;1
Coruña (A);12. OTRAS INFRACCIONES PENALES;2024;74
Coruña (A);12. OTRAS INFRACCIONES PENALES;2023;64
Coruña (A);12. OTRAS INFRACCIONES PENALES;2022;62
Coruña (A);12. OTRAS INFRACCIONES PENALES;2021;36
Coruña (A);12. OTRAS INFRACCIONES PENALES;2020;62
Coruña (A);12. OTRAS INFRACCIONES PENALES;2019;88
Coruña (A);12. OTRAS INFRACCIONES PENALES;2018;63
Coruña (A);TOTAL INFRACCIONES PENALES;2024;8.182
Coruña (A);TOTAL INFRACCIONES PENALES;2023;8.254
Coruña (A);TOTAL INFRACCIONES PENALES;2022;8.025
Coruña (A);TOTAL INFRACCIONES PENALES;2021;7.168
Coruña (A);TOTAL INFRACCIONES PENALES;2020;6.635
Coruña (A);TOTAL INFRACCIONES PENALES;2019;7.522
Coruña (A);TOTAL INFRACCIONES PENALES;2018;7.310
Cuenca;1. CONTRA LAS PERSONAS;2024;577
Cuenca;1. CONTRA LAS PERSONAS;2023;557
Cuenca;1. CONTRA LAS PERSONAS;2022;537
Cuenca;1. CONTRA LAS PERSONAS;2021;517
Cuenca;1. CONTRA LAS PERSONAS;2020;369
Cuenca;1. CONTRA LAS PERSONAS;2019;433
Cuenca;1. CONTRA LAS PERSONAS;2018;421
Cuenca;1.1.-Homicidios dolosos/asesinatos;2024;2
Cuenca;1.1.-Homicidios dolosos/asesinatos;2023;6
Cuenca;1.1.-Homicidios dolosos/asesinatos;2022;8
Cuenca;1.1.-Homicidios dolosos/asesinatos;2021;5
Cuenca;1.1.-Homicidios dolosos/asesinatos;2020;4
Cuenca;1.1.-Homicidios dolosos/asesinatos;2019;6
Cuenca;1.1.-Homicidios dolosos/asesinatos;2018;12
Cuenca;1.1.1.-Homicidios dolosos/asesinatos consumados;2024;1
Cuenca;1.1.1.-Homicidios dolosos/asesinatos consumados;2023;4
Cuenca;1.1.1.-Homicidios dolosos/asesinatos consumados;2022;3
Cuenca;1.1.1.-Homicidios dolosos/asesinatos consumados;2021;1
Cuenca;1.1.1.-Homicidios dolosos/asesinatos consumados;2020;0
Cuenca;1.1.1.-Homicidios dolosos/asesinatos consumados;2019;3
Cuenca;1.1.1.-Homicidios dolosos/asesinatos consumados;2018;2
Cuenca;1.2.-Lesiones;2024;293
Cuenca;1.2.-Lesiones;2023;267
Cuenca;1.2.-Lesiones;2022;263
Cuenca;1.2.-Lesiones;2021;282
Cuenca;1.2.-Lesiones;2020;152
Cuenca;1.2.-Lesiones;2019;194
Cuenca;1.2.-Lesiones;2018;202
Cuenca;1.3.-Malos tratos ámbito familiar;2024;268
Cuenca;1.3.-Malos tratos ámbito familiar;2023;264
Cuenca;1.3.-Malos tratos ámbito familiar;2022;249
Cuenca;1.3.-Malos tratos ámbito familiar;2021;218
Cuenca;1.3.-Malos tratos ámbito familiar;2020;203
Cuenca;1.3.-Malos tratos ámbito familiar;2019;229
Cuenca;1.3.-Malos tratos ámbito familiar;2018;198
Cuenca;1.4.-Otros contra las personas;2024;14
Cuenca;1.4.-Otros contra las personas;2023;20
Cuenca;1.4.-Otros contra las personas;2022;17
Cuenca;1.4.-Otros contra las personas;2021;12
Cuenca;1.4.-Otros contra las personas;2020;10
Cuenca;1.4.-Otros contra las personas;2019;4
Cuenca;1.4.-Otros contra las personas;2018;9
Cuenca;2. CONTRA LA LIBERTAD;2024;255
Cuenca;2. CONTRA LA LIBERTAD;2023;242
Cuenca;2. CONTRA LA LIBERTAD;2022;252
Cuenca;2. CONTRA LA LIBERTAD;2021;250
Cuenca;2. CONTRA LA LIBERTAD;2020;200
Cuenca;2. CONTRA LA LIBERTAD;2019;232
Cuenca;2. CONTRA LA LIBERTAD;2018;247
Cuenca;2.1.-Malos tratos habituales en el ámbito familiar;2024;59
Cuenca;2.1.-Malos tratos habituales en el ámbito familiar;2023;79
Cuenca;2.1.-Malos tratos habituales en el ámbito familiar;2022;71
Cuenca;2.1.-Malos tratos habituales en el ámbito familiar;2021;57
Cuenca;2.1.-Malos tratos habituales en el ámbito familiar;2020;54
Cuenca;2.1.-Malos tratos habituales en el ámbito familiar;2019;63
Cuenca;2.1.-Malos tratos habituales en el ámbito familiar;2018;75
Cuenca;2.2.-Otros contra la libertad;2024;196
Cuenca;2.2.-Otros contra la libertad;2023;163
Cuenca;2.2.-Otros contra la libertad;2022;181
Cuenca;2.2.-Otros contra la libertad;2021;193
Cuenca;2.2.-Otros contra la libertad;2020;146
Cuenca;2.2.-Otros contra la libertad;2019;169
Cuenca;2.2.-Otros contra la libertad;2018;172
Cuenca;3. LIBERTAD SEXUAL;2024;47
Cuenca;3. LIBERTAD SEXUAL;2023;39
Cuenca;3. LIBERTAD SEXUAL;2022;36
Cuenca;3. LIBERTAD SEXUAL;2021;44
Cuenca;3. LIBERTAD SEXUAL;2020;27
Cuenca;3. LIBERTAD SEXUAL;2019;41
Cuenca;3. LIBERTAD SEXUAL;2018;32
Cuenca;3.1.-Agresión sexual;2024;31
Cuenca;3.1.-Agresión sexual;2023;26
Cuenca;3.1.-Agresión sexual;2022;20
Cuenca;3.1.-Agresión sexual;2021;31
Cuenca;3.1.-Agresión sexual;2020;14
Cuenca;3.1.-Agresión sexual;2019;27
Cuenca;3.1.-Agresión sexual;2018;19
Cuenca;3.2.-Agresión sexual con penetración;2024;7
Cuenca;3.2.-Agresión sexual con penetración;2023;6
Cuenca;3.2.-Agresión sexual con penetración;2022;11
Cuenca;3.2.-Agresión sexual con penetración;2021;8
Cuenca;3.2.-Agresión sexual con penetración;2020;8
Cuenca;3.2.-Agresión sexual con penetración;2019;5
Cuenca;3.2.-Agresión sexual con penetración;2018;10
Cuenca;3.3.-Corrupción de menores o incapacitados;2024;0
Cuenca;3.3.-Corrupción de menores o incapacitados;2023;0
Cuenca;3.3.-Corrupción de menores o incapacitados;2022;0
Cuenca;3.3.-Corrupción de menores o incapacitados;2021;0
Cuenca;3.3.-Corrupción de menores o incapacitados;2020;0
Cuenca;3.3.-Corrupción de menores o incapacitados;2019;1
Cuenca;3.3.-Corrupción de menores o incapacitados;2018;0
Cuenca;3.4.-Pornografía de menores;2024;3
Cuenca;3.4.-Pornografía de menores;2023;4
Cuenca;3.4.-Pornografía de menores;2022;1
Cuenca;3.4.-Pornografía de menores;2021;1
Cuenca;3.4.-Pornografía de menores;2020;3
Cuenca;3.4.-Pornografía de menores;2019;1
Cuenca;3.4.-Pornografía de menores;2018;1
Cuenca;3.5.-Otros contra la libertad sexual;2024;6
Cuenca;3.5.-Otros contra la libertad sexual;2023;3
Cuenca;3.5.-Otros contra la libertad sexual;2022;4
Cuenca;3.5.-Otros contra la libertad sexual;2021;4
Cuenca;3.5.-Otros contra la libertad sexual;2020;2
Cuenca;3.5.-Otros contra la libertad sexual;2019;7
Cuenca;3.5.-Otros contra la libertad sexual;2018;2
Cuenca;4. RELACIONES FAMILIARES;2024;10
Cuenca;4. RELACIONES FAMILIARES;2023;10
Cuenca;4. RELACIONES FAMILIARES;2022;10
Cuenca;4. RELACIONES FAMILIARES;2021;7
Cuenca;4. RELACIONES FAMILIARES;2020;7
Cuenca;4. RELACIONES FAMILIARES;2019;2
Cuenca;4. RELACIONES FAMILIARES;2018;14
Cuenca;5. PATRIMONIO;2024;524
Cuenca;5. PATRIMONIO;2023;488
Cuenca;5. PATRIMONIO;2022;510
Cuenca;5. PATRIMONIO;2021;437
Cuenca;5. PATRIMONIO;2020;360
Cuenca;5. PATRIMONIO;2019;418
Cuenca;5. PATRIMONIO;2018;462
Cuenca;5.1.-Hurtos;2024;129
Cuenca;5.1.-Hurtos;2023;118
Cuenca;5.1.-Hurtos;2022;95
Cuenca;5.1.-Hurtos;2021;81
Cuenca;5.1.-Hurtos;2020;73
Cuenca;5.1.-Hurtos;2019;70
Cuenca;5.1.-Hurtos;2018;95
Cuenca;5.2.-Robos con fuerza en las cosas;2024;132
Cuenca;5.2.-Robos con fuerza en las cosas;2023;134
Cuenca;5.2.-Robos con fuerza en las cosas;2022;135
Cuenca;5.2.-Robos con fuerza en las cosas;2021;85
Cuenca;5.2.-Robos con fuerza en las cosas;2020;74
Cuenca;5.2.-Robos con fuerza en las cosas;2019;80
Cuenca;5.2.-Robos con fuerza en las cosas;2018;107
Cuenca;5.2.1.-Robos con fuerza en las cosas en el interior de vehículos;2024;33
Cuenca;5.2.1.-Robos con fuerza en las cosas en el interior de vehículos;2023;16
Cuenca;5.2.1.-Robos con fuerza en las cosas en el interior de vehículos;2022;26
Cuenca;5.2.1.-Robos con fuerza en las cosas en el interior de vehículos;2021;10
Cuenca;5.2.1.-Robos con fuerza en las cosas en el interior de vehículos;2020;8
Cuenca;5.2.1.-Robos con fuerza en las cosas en el interior de vehículos;2019;15
Cuenca;5.2.1.-Robos con fuerza en las cosas en el interior de vehículos;2018;9
Cuenca;5.2.2.-Robos con fuerza en viviendas;2024;28
Cuenca;5.2.2.-Robos con fuerza en viviendas;2023;37
Cuenca;5.2.2.-Robos con fuerza en viviendas;2022;19
Cuenca;5.2.2.-Robos con fuerza en viviendas;2021;24
Cuenca;5.2.2.-Robos con fuerza en viviendas;2020;23
Cuenca;5.2.2.-Robos con fuerza en viviendas;2019;27
Cuenca;5.2.2.-Robos con fuerza en viviendas;2018;44
Cuenca;5.2.3.-Robos con fuerza en establecimientos;2024;30
Cuenca;5.2.3.-Robos con fuerza en establecimientos;2023;40
Cuenca;5.2.3.-Robos con fuerza en establecimientos;2022;30
Cuenca;5.2.3.-Robos con fuerza en establecimientos;2021;21
Cuenca;5.2.3.-Robos con fuerza en establecimientos;2020;15
Cuenca;5.2.3.-Robos con fuerza en establecimientos;2019;13
Cuenca;5.2.3.-Robos con fuerza en establecimientos;2018;24
Cuenca;5.3.-Robos con violencia o intimidación;2024;57
Cuenca;5.3.-Robos con violencia o intimidación;2023;28
Cuenca;5.3.-Robos con violencia o intimidación;2022;29
Cuenca;5.3.-Robos con violencia o intimidación;2021;29
Cuenca;5.3.-Robos con violencia o intimidación;2020;28
Cuenca;5.3.-Robos con violencia o intimidación;2019;54
Cuenca;5.3.-Robos con violencia o intimidación;2018;23
Cuenca;5.3.1.-Robos con violencia en vía pública;2024;24
Cuenca;5.3.1.-Robos con violencia en vía pública;2023;9
Cuenca;5.3.1.-Robos con violencia en vía pública;2022;13
Cuenca;5.3.1.-Robos con violencia en vía pública;2021;6
Cuenca;5.3.1.-Robos con violencia en vía pública;2020;10
Cuenca;5.3.1.-Robos con violencia en vía pública;2019;24
Cuenca;5.3.1.-Robos con violencia en vía pública;2018;12
Cuenca;5.3.2.-Robos con violencia en viviendas;2024;13
Cuenca;5.3.2.-Robos con violencia en viviendas;2023;9
Cuenca;5.3.2.-Robos con violencia en viviendas;2022;10
Cuenca;5.3.2.-Robos con violencia en viviendas;2021;8
Cuenca;5.3.2.-Robos con violencia en viviendas;2020;2
Cuenca;5.3.2.-Robos con violencia en viviendas;2019;6
Cuenca;5.3.2.-Robos con violencia en viviendas;2018;7
Cuenca;5.3.3.-Robos con violencia en establecimientos;2024;14
Cuenca;5.3.3.-Robos con violencia en establecimientos;2023;6
Cuenca;5.3.3.-Robos con violencia en establecimientos;2022;2
Cuenca;5.3.3.-Robos con violencia en establecimientos;2021;8
Cuenca;5.3.3.-Robos con violencia en establecimientos;2020;15
Cuenca;5.3.3.-Robos con violencia en establecimientos;2019;15
Cuenca;5.3.3.-Robos con violencia en establecimientos;2018;2
Cuenca;5.4.-Sustracción de vehículos;2024;8
Cuenca;5.4.-Sustracción de vehículos;2023;9
Cuenca;5.4.-Sustracción de vehículos;2022;7
Cuenca;5.4.-Sustracción de vehículos;2021;8
Cuenca;5.4.-Sustracción de vehículos;2020;10
Cuenca;5.4.-Sustracción de vehículos;2019;4
Cuenca;5.4.-Sustracción de vehículos;2018;8
Cuenca;5.5.-Estafas;2024;82
Cuenca;5.5.-Estafas;2023;78
Cuenca;5.5.-Estafas;2022;75
Cuenca;5.5.-Estafas;2021;92
Cuenca;5.5.-Estafas;2020;84
Cuenca;5.5.-Estafas;2019;102
Cuenca;5.5.-Estafas;2018;108
Cuenca;5.5.1.-Estafas informáticas;2024;45
Cuenca;5.5.1.-Estafas informáticas;2023;44
Cuenca;5.5.1.-Estafas informáticas;2022;52
Cuenca;5.5.1.-Estafas informáticas;2021;72
Cuenca;5.5.1.-Estafas informáticas;2020;59
Cuenca;5.5.1.-Estafas informáticas;2019;33
Cuenca;5.5.1.-Estafas informáticas;2018;18
Cuenca;5.6.-Daños;2024;51
Cuenca;5.6.-Daños;2023;69
Cuenca;5.6.-Daños;2022;63
Cuenca;5.6.-Daños;2021;72
Cuenca;5.6.-Daños;2020;52
Cuenca;5.6.-Daños;2019;60
Cuenca;5.6.-Daños;2018;78
Cuenca;5.7.-Contra la propiedad intelectual/industrial;2024;5
Cuenca;5.7.-Contra la propiedad intelectual/industrial;2023;16
Cuenca;5.7.-Contra la propiedad intelectual/industrial;2022;3
Cuenca;5.7.-Contra la propiedad intelectual/industrial;2021;5
Cuenca;5.7.-Contra la propiedad intelectual/industrial;2020;1
Cuenca;5.7.-Contra la propiedad intelectual/industrial;2019;2
Cuenca;5.7.-Contra la propiedad intelectual/industrial;2018;7
Cuenca;5.8.-Blanqueo de capitales;2024;5
Cuenca;5.8.-Blanqueo de capitales;2023;0
Cuenca;5.8.-Blanqueo de capitales;2022;2
Cuenca;5.8.-Blanqueo de capitales;2021;0
Cuenca;5.8.-Blanqueo de capitales;2020;0
Cuenca;5.8.-Blanqueo de capitales;2019;12
Cuenca;5.8.-Blanqueo de capitales;2018;2
Cuenca;5.9.-Otros contra el patrimonio;2024;55
Cuenca;5.9.-Otros contra el patrimonio;2023;36
Cuenca;5.9.-Otros contra el patrimonio;2022;101
Cuenca;5.9.-Otros contra el patrimonio;2021;65
Cuenca;5.9.-Otros contra el patrimonio;2020;38
Cuenca;5.9.-Otros contra el patrimonio;2019;34
Cuenca;5.9.-Otros contra el patrimonio;2018;34
Cuenca;6. SEGURIDAD COLECTIVA;2024;386
Cuenca;6. SEGURIDAD COLECTIVA;2023;373
Cuenca;6. SEGURIDAD COLECTIVA;2022;341
Cuenca;6. SEGURIDAD COLECTIVA;2021;352
Cuenca;6. SEGURIDAD COLECTIVA;2020;288
Cuenca;6. SEGURIDAD COLECTIVA;2019;302
Cuenca;6. SEGURIDAD COLECTIVA;2018;241
Cuenca;6.1.-Tráfico de drogas;2024;83
Cuenca;6.1.-Tráfico de drogas;2023;67
Cuenca;6.1.-Tráfico de drogas;2022;75
Cuenca;6.1.-Tráfico de drogas;2021;110
Cuenca;6.1.-Tráfico de drogas;2020;96
Cuenca;6.1.-Tráfico de drogas;2019;77
Cuenca;6.1.-Tráfico de drogas;2018;43
Cuenca;6.2.-Contra la seguridad vial;2024;295
Cuenca;6.2.-Contra la seguridad vial;2023;298
Cuenca;6.2.-Contra la seguridad vial;2022;254
Cuenca;6.2.-Contra la seguridad vial;2021;237
Cuenca;6.2.-Contra la seguridad vial;2020;190
Cuenca;6.2.-Contra la seguridad vial;2019;215
Cuenca;6.2.-Contra la seguridad vial;2018;196
Cuenca;6.3.-Otros contra la seguridad colectiva;2024;8
Cuenca;6.3.-Otros contra la seguridad colectiva;2023;8
Cuenca;6.3.-Otros contra la seguridad colectiva;2022;12
Cuenca;6.3.-Otros contra la seguridad colectiva;2021;5
Cuenca;6.3.-Otros contra la seguridad colectiva;2020;2
Cuenca;6.3.-Otros contra la seguridad colectiva;2019;10
Cuenca;6.3.-Otros contra la seguridad colectiva;2018;2
Cuenca;7. FALSEDADES;2024;30
Cuenca;7. FALSEDADES;2023;30
Cuenca;7. FALSEDADES;2022;23
Cuenca;7. FALSEDADES;2021;35
Cuenca;7. FALSEDADES;2020;24
Cuenca;7. FALSEDADES;2019;23
Cuenca;7. FALSEDADES;2018;24
Cuenca;8. ADMÓN. PÚBLICA;2024;1
Cuenca;8. ADMÓN. PÚBLICA;2023;1
Cuenca;8. ADMÓN. PÚBLICA;2022;0
Cuenca;8. ADMÓN. PÚBLICA;2021;1
Cuenca;8. ADMÓN. PÚBLICA;2020;1
Cuenca;8. ADMÓN. PÚBLICA;2019;16
Cuenca;8. ADMÓN. PÚBLICA;2018;14
Cuenca;9. ADMÓN. JUSTICIA;2024;135
Cuenca;9. ADMÓN. JUSTICIA;2023;156
Cuenca;9. ADMÓN. JUSTICIA;2022;125
Cuenca;9. ADMÓN. JUSTICIA;2021;105
Cuenca;9. ADMÓN. JUSTICIA;2020;95
Cuenca;9. ADMÓN. JUSTICIA;2019;110
Cuenca;9. ADMÓN. JUSTICIA;2018;87
Cuenca;10. ORDEN PÚBLICO;2024;69
Cuenca;10. ORDEN PÚBLICO;2023;67
Cuenca;10. ORDEN PÚBLICO;2022;48
Cuenca;10. ORDEN PÚBLICO;2021;68
Cuenca;10. ORDEN PÚBLICO;2020;58
Cuenca;10. ORDEN PÚBLICO;2019;36
Cuenca;10. ORDEN PÚBLICO;2018;33
Cuenca;11. LEGISLACIÓN ESPECIAL;2024;1
Cuenca;11. LEGISLACIÓN ESPECIAL;2023;0
Cuenca;11. LEGISLACIÓN ESPECIAL;2022;0
Cuenca;11. LEGISLACIÓN ESPECIAL;2021;0
Cuenca;11. LEGISLACIÓN ESPECIAL;2020;0
Cuenca;11. LEGISLACIÓN ESPECIAL;2019;0
Cuenca;11. LEGISLACIÓN ESPECIAL;2018;0
Cuenca;12. OTRAS INFRACCIONES PENALES;2024;33
Cuenca;12. OTRAS INFRACCIONES PENALES;2023;38
Cuenca;12. OTRAS INFRACCIONES PENALES;2022;28
Cuenca;12. OTRAS INFRACCIONES PENALES;2021;36
Cuenca;12. OTRAS INFRACCIONES PENALES;2020;21
Cuenca;12. OTRAS INFRACCIONES PENALES;2019;23
Cuenca;12. OTRAS INFRACCIONES PENALES;2018;30
Cuenca;TOTAL INFRACCIONES PENALES;2024;2.068
Cuenca;TOTAL INFRACCIONES PENALES;2023;2.001
Cuenca;TOTAL INFRACCIONES PENALES;2022;1.910
Cuenca;TOTAL INFRACCIONES PENALES;2021;1.852
Cuenca;TOTAL INFRACCIONES PENALES;2020;1.450
Cuenca;TOTAL INFRACCIONES PENALES;2019;1.636
Cuenca;TOTAL INFRACCIONES PENALES;2018;1.605
Girona;1. CONTRA LAS PERSONAS;2024;2.408
Girona;1. CONTRA LAS PERSONAS;2023;2.183
Girona;1. CONTRA LAS PERSONAS;2022;2.262
Girona;1. CONTRA LAS PERSONAS;2021;1.851
Girona;1. CONTRA LAS PERSONAS;2020;1.744
Girona;1. CONTRA LAS PERSONAS;2019;565
Girona;1. CONTRA LAS PERSONAS;2018;527
Girona;1.1.-Homicidios dolosos/asesinatos;2024;14
Girona;1.1.-Homicidios dolosos/asesinatos;2023;5
Girona;1.1.-Homicidios dolosos/asesinatos;2022;8
Girona;1.1.-Homicidios dolosos/asesinatos;2021;12
Girona;1.1.-Homicidios dolosos/asesinatos;2020;17
Girona;1.1.-Homicidios dolosos/asesinatos;2019;18
Girona;1.1.-Homicidios dolosos/asesinatos;2018;20
Girona;1.1.1.-Homicidios dolosos/asesinatos consumados;2024;6
Girona;1.1.1.-Homicidios dolosos/asesinatos consumados;2023;2
Girona;1.1.1.-Homicidios dolosos/asesinatos consumados;2022;5
Girona;1.1.1.-Homicidios dolosos/asesinatos consumados;2021;4
Girona;1.1.1.-Homicidios dolosos/asesinatos consumados;2020;6
Girona;1.1.1.-Homicidios dolosos/asesinatos consumados;2019;0
Girona;1.1.1.-Homicidios dolosos/asesinatos consumados;2018;0
Girona;1.2.-Lesiones;2024;1.345
Girona;1.2.-Lesiones;2023;1.199
Girona;1.2.-Lesiones;2022;1.248
Girona;1.2.-Lesiones;2021;947
Girona;1.2.-Lesiones;2020;848
Girona;1.2.-Lesiones;2019;144
Girona;1.2.-Lesiones;2018;153
Girona;1.3.-Malos tratos ámbito familiar;2024;996
Girona;1.3.-Malos tratos ámbito familiar;2023;926
Girona;1.3.-Malos tratos ámbito familiar;2022;955
Girona;1.3.-Malos tratos ámbito familiar;2021;857
Girona;1.3.-Malos tratos ámbito familiar;2020;845
Girona;1.3.-Malos tratos ámbito familiar;2019;401
Girona;1.3.-Malos tratos ámbito familiar;2018;351
Girona;1.4.-Otros contra las personas;2024;53
Girona;1.4.-Otros contra las personas;2023;53
Girona;1.4.-Otros contra las personas;2022;51
Girona;1.4.-Otros contra las personas;2021;35
Girona;1.4.-Otros contra las personas;2020;34
Girona;1.4.-Otros contra las personas;2019;2
Girona;1.4.-Otros contra las personas;2018;3
Girona;2. CONTRA LA LIBERTAD;2024;1.382
Girona;2. CONTRA LA LIBERTAD;2023;1.356
Girona;2. CONTRA LA LIBERTAD;2022;1.329
Girona;2. CONTRA LA LIBERTAD;2021;1.283
Girona;2. CONTRA LA LIBERTAD;2020;1.030
Girona;2. CONTRA LA LIBERTAD;2019;289
Girona;2. CONTRA LA LIBERTAD;2018;327
Girona;2.1.-Malos tratos habituales en el ámbito familiar;2024;103
Girona;2.1.-Malos tratos habituales en el ámbito familiar;2023;148
Girona;2.1.-Malos tratos habituales en el ámbito familiar;2022;103
Girona;2.1.-Malos tratos habituales en el ámbito familiar;2021;105
Girona;2.1.-Malos tratos habituales en el ámbito familiar;2020;79
Girona;2.1.-Malos tratos habituales en el ámbito familiar;2019;64
Girona;2.1.-Malos tratos habituales en el ámbito familiar;2018;52
Girona;2.2.-Otros contra la libertad;2024;1.279
Girona;2.2.-Otros contra la libertad;2023;1.208
Girona;2.2.-Otros contra la libertad;2022;1.226
Girona;2.2.-Otros contra la libertad;2021;1.178
Girona;2.2.-Otros contra la libertad;2020;951
Girona;2.2.-Otros contra la libertad;2019;225
Girona;2.2.-Otros contra la libertad;2018;275
Girona;3. LIBERTAD SEXUAL;2024;360
Girona;3. LIBERTAD SEXUAL;2023;292
Girona;3. LIBERTAD SEXUAL;2022;239
Girona;3. LIBERTAD SEXUAL;2021;192
Girona;3. LIBERTAD SEXUAL;2020;123
Girona;3. LIBERTAD SEXUAL;2019;132
Girona;3. LIBERTAD SEXUAL;2018;152
Girona;3.1.-Agresión sexual;2024;199
Girona;3.1.-Agresión sexual;2023;151
Girona;3.1.-Agresión sexual;2022;158
Girona;3.1.-Agresión sexual;2021;121
Girona;3.1.-Agresión sexual;2020;73
Girona;3.1.-Agresión sexual;2019;70
Girona;3.1.-Agresión sexual;2018;66
Girona;3.2.-Agresión sexual con penetración;2024;98
Girona;3.2.-Agresión sexual con penetración;2023;92
Girona;3.2.-Agresión sexual con penetración;2022;56
Girona;3.2.-Agresión sexual con penetración;2021;52
Girona;3.2.-Agresión sexual con penetración;2020;35
Girona;3.2.-Agresión sexual con penetración;2019;49
Girona;3.2.-Agresión sexual con penetración;2018;58
Girona;3.3.-Corrupción de menores o incapacitados;2024;1
Girona;3.3.-Corrupción de menores o incapacitados;2023;0
Girona;3.3.-Corrupción de menores o incapacitados;2022;1
Girona;3.3.-Corrupción de menores o incapacitados;2021;0
Girona;3.3.-Corrupción de menores o incapacitados;2020;0
Girona;3.3.-Corrupción de menores o incapacitados;2019;0
Girona;3.3.-Corrupción de menores o incapacitados;2018;0
Girona;3.4.-Pornografía de menores;2024;13
Girona;3.4.-Pornografía de menores;2023;11
Girona;3.4.-Pornografía de menores;2022;7
Girona;3.4.-Pornografía de menores;2021;6
Girona;3.4.-Pornografía de menores;2020;7
Girona;3.4.-Pornografía de menores;2019;4
Girona;3.4.-Pornografía de menores;2018;9
Girona;3.5.-Otros contra la libertad sexual;2024;49
Girona;3.5.-Otros contra la libertad sexual;2023;38
Girona;3.5.-Otros contra la libertad sexual;2022;17
Girona;3.5.-Otros contra la libertad sexual;2021;13
Girona;3.5.-Otros contra la libertad sexual;2020;8
Girona;3.5.-Otros contra la libertad sexual;2019;9
Girona;3.5.-Otros contra la libertad sexual;2018;19
Girona;4. RELACIONES FAMILIARES;2024;156
Girona;4. RELACIONES FAMILIARES;2023;162
Girona;4. RELACIONES FAMILIARES;2022;176
Girona;4. RELACIONES FAMILIARES;2021;172
Girona;4. RELACIONES FAMILIARES;2020;185
Girona;4. RELACIONES FAMILIARES;2019;1
Girona;4. RELACIONES FAMILIARES;2018;4
Girona;5. PATRIMONIO;2024;6.173
Girona;5. PATRIMONIO;2023;5.189
Girona;5. PATRIMONIO;2022;4.667
Girona;5. PATRIMONIO;2021;3.993
Girona;5. PATRIMONIO;2020;3.502
Girona;5. PATRIMONIO;2019;1.774
Girona;5. PATRIMONIO;2018;1.622
Girona;5.1.-Hurtos;2024;2.416
Girona;5.1.-Hurtos;2023;1.868
Girona;5.1.-Hurtos;2022;1.710
Girona;5.1.-Hurtos;2021;1.002
Girona;5.1.-Hurtos;2020;795
Girona;5.1.-Hurtos;2019;324
Girona;5.1.-Hurtos;2018;317
Girona;5.2.-Robos con fuerza en las cosas;2024;579
Girona;5.2.-Robos con fuerza en las cosas;2023;547
Girona;5.2.-Robos con fuerza en las cosas;2022;416
Girona;5.2.-Robos con fuerza en las cosas;2021;518
Girona;5.2.-Robos con fuerza en las cosas;2020;405
Girona;5.2.-Robos con fuerza en las cosas;2019;762
Girona;5.2.-Robos con fuerza en las cosas;2018;734
Girona;5.2.1.-Robos con fuerza en las cosas en el interior de vehículos;2024;92
Girona;5.2.1.-Robos con fuerza en las cosas en el interior de vehículos;2023;86
Girona;5.2.1.-Robos con fuerza en las cosas en el interior de vehículos;2022;71
Girona;5.2.1.-Robos con fuerza en las cosas en el interior de vehículos;2021;91
Girona;5.2.1.-Robos con fuerza en las cosas en el interior de vehículos;2020;0
Girona;5.2.1.-Robos con fuerza en las cosas en el interior de vehículos;2019;151
Girona;5.2.1.-Robos con fuerza en las cosas en el interior de vehículos;2018;146
Girona;5.2.2.-Robos con fuerza en viviendas;2024;174
Girona;5.2.2.-Robos con fuerza en viviendas;2023;180
Girona;5.2.2.-Robos con fuerza en viviendas;2022;127
Girona;5.2.2.-Robos con fuerza en viviendas;2021;207
Girona;5.2.2.-Robos con fuerza en viviendas;2020;174
Girona;5.2.2.-Robos con fuerza en viviendas;2019;0
Girona;5.2.2.-Robos con fuerza en viviendas;2018;0
Girona;5.2.3.-Robos con fuerza en establecimientos;2024;143
Girona;5.2.3.-Robos con fuerza en establecimientos;2023;119
Girona;5.2.3.-Robos con fuerza en establecimientos;2022;109
Girona;5.2.3.-Robos con fuerza en establecimientos;2021;79
Girona;5.2.3.-Robos con fuerza en establecimientos;2020;71
Girona;5.2.3.-Robos con fuerza en establecimientos;2019;5
Girona;5.2.3.-Robos con fuerza en establecimientos;2018;0
Girona;5.3.-Robos con violencia o intimidación;2024;379
Girona;5.3.-Robos con violencia o intimidación;2023;257
Girona;5.3.-Robos con violencia o intimidación;2022;251
Girona;5.3.-Robos con violencia o intimidación;2021;196
Girona;5.3.-Robos con violencia o intimidación;2020;189
Girona;5.3.-Robos con violencia o intimidación;2019;352
Girona;5.3.-Robos con violencia o intimidación;2018;288
Girona;5.3.1.-Robos con violencia en vía pública;2024;190
Girona;5.3.1.-Robos con violencia en vía pública;2023;156
Girona;5.3.1.-Robos con violencia en vía pública;2022;136
Girona;5.3.1.-Robos con violencia en vía pública;2021;103
Girona;5.3.1.-Robos con violencia en vía pública;2020;116
Girona;5.3.1.-Robos con violencia en vía pública;2019;2
Girona;5.3.1.-Robos con violencia en vía pública;2018;0
Girona;5.3.2.-Robos con violencia en viviendas;2024;30
Girona;5.3.2.-Robos con violencia en viviendas;2023;25
Girona;5.3.2.-Robos con violencia en viviendas;2022;22
Girona;5.3.2.-Robos con violencia en viviendas;2021;14
Girona;5.3.2.-Robos con violencia en viviendas;2020;18
Girona;5.3.2.-Robos con violencia en viviendas;2019;0
Girona;5.3.2.-Robos con violencia en viviendas;2018;0
Girona;5.3.3.-Robos con violencia en establecimientos;2024;100
Girona;5.3.3.-Robos con violencia en establecimientos;2023;40
Girona;5.3.3.-Robos con violencia en establecimientos;2022;63
Girona;5.3.3.-Robos con violencia en establecimientos;2021;45
Girona;5.3.3.-Robos con violencia en establecimientos;2020;35
Girona;5.3.3.-Robos con violencia en establecimientos;2019;0
Girona;5.3.3.-Robos con violencia en establecimientos;2018;0
Girona;5.4.-Sustracción de vehículos;2024;129
Girona;5.4.-Sustracción de vehículos;2023;101
Girona;5.4.-Sustracción de vehículos;2022;84
Girona;5.4.-Sustracción de vehículos;2021;71
Girona;5.4.-Sustracción de vehículos;2020;71
Girona;5.4.-Sustracción de vehículos;2019;54
Girona;5.4.-Sustracción de vehículos;2018;48
Girona;5.5.-Estafas;2024;668
Girona;5.5.-Estafas;2023;767
Girona;5.5.-Estafas;2022;606
Girona;5.5.-Estafas;2021;478
Girona;5.5.-Estafas;2020;436
Girona;5.5.-Estafas;2019;125
Girona;5.5.-Estafas;2018;108
Girona;5.5.1.-Estafas informáticas;2024;193
Girona;5.5.1.-Estafas informáticas;2023;225
Girona;5.5.1.-Estafas informáticas;2022;96
Girona;5.5.1.-Estafas informáticas;2021;62
Girona;5.5.1.-Estafas informáticas;2020;52
Girona;5.5.1.-Estafas informáticas;2019;43
Girona;5.5.1.-Estafas informáticas;2018;20
Girona;5.6.-Daños;2024;495
Girona;5.6.-Daños;2023;428
Girona;5.6.-Daños;2022;473
Girona;5.6.-Daños;2021;456
Girona;5.6.-Daños;2020;447
Girona;5.6.-Daños;2019;44
Girona;5.6.-Daños;2018;36
Girona;5.7.-Contra la propiedad intelectual/industrial;2024;70
Girona;5.7.-Contra la propiedad intelectual/industrial;2023;59
Girona;5.7.-Contra la propiedad intelectual/industrial;2022;57
Girona;5.7.-Contra la propiedad intelectual/industrial;2021;52
Girona;5.7.-Contra la propiedad intelectual/industrial;2020;25
Girona;5.7.-Contra la propiedad intelectual/industrial;2019;46
Girona;5.7.-Contra la propiedad intelectual/industrial;2018;19
Girona;5.8.-Blanqueo de capitales;2024;5
Girona;5.8.-Blanqueo de capitales;2023;7
Girona;5.8.-Blanqueo de capitales;2022;0
Girona;5.8.-Blanqueo de capitales;2021;0
Girona;5.8.-Blanqueo de capitales;2020;1
Girona;5.8.-Blanqueo de capitales;2019;5
Girona;5.8.-Blanqueo de capitales;2018;0
Girona;5.9.-Otros contra el patrimonio;2024;1.432
Girona;5.9.-Otros contra el patrimonio;2023;1.155
Girona;5.9.-Otros contra el patrimonio;2022;1.070
Girona;5.9.-Otros contra el patrimonio;2021;1.220
Girona;5.9.-Otros contra el patrimonio;2020;1.133
Girona;5.9.-Otros contra el patrimonio;2019;62
Girona;5.9.-Otros contra el patrimonio;2018;72
Girona;6. SEGURIDAD COLECTIVA;2024;2.210
Girona;6. SEGURIDAD COLECTIVA;2023;1.975
Girona;6. SEGURIDAD COLECTIVA;2022;1.875
Girona;6. SEGURIDAD COLECTIVA;2021;1.449
Girona;6. SEGURIDAD COLECTIVA;2020;1.164
Girona;6. SEGURIDAD COLECTIVA;2019;619
Girona;6. SEGURIDAD COLECTIVA;2018;626
Girona;6.1.-Tráfico de drogas;2024;501
Girona;6.1.-Tráfico de drogas;2023;489
Girona;6.1.-Tráfico de drogas;2022;404
Girona;6.1.-Tráfico de drogas;2021;326
Girona;6.1.-Tráfico de drogas;2020;390
Girona;6.1.-Tráfico de drogas;2019;426
Girona;6.1.-Tráfico de drogas;2018;425
Girona;6.2.-Contra la seguridad vial;2024;1.682
Girona;6.2.-Contra la seguridad vial;2023;1.472
Girona;6.2.-Contra la seguridad vial;2022;1.452
Girona;6.2.-Contra la seguridad vial;2021;1.116
Girona;6.2.-Contra la seguridad vial;2020;765
Girona;6.2.-Contra la seguridad vial;2019;181
Girona;6.2.-Contra la seguridad vial;2018;194
Girona;6.3.-Otros contra la seguridad colectiva;2024;27
Girona;6.3.-Otros contra la seguridad colectiva;2023;14
Girona;6.3.-Otros contra la seguridad colectiva;2022;19
Girona;6.3.-Otros contra la seguridad colectiva;2021;7
Girona;6.3.-Otros contra la seguridad colectiva;2020;9
Girona;6.3.-Otros contra la seguridad colectiva;2019;12
Girona;6.3.-Otros contra la seguridad colectiva;2018;7
Girona;7. FALSEDADES;2024;274
Girona;7. FALSEDADES;2023;266
Girona;7. FALSEDADES;2022;323
Girona;7. FALSEDADES;2021;409
Girona;7. FALSEDADES;2020;182
Girona;7. FALSEDADES;2019;177
Girona;7. FALSEDADES;2018;149
Girona;8. ADMÓN. PÚBLICA;2024;2
Girona;8. ADMÓN. PÚBLICA;2023;4
Girona;8. ADMÓN. PÚBLICA;2022;3
Girona;8. ADMÓN. PÚBLICA;2021;7
Girona;8. ADMÓN. PÚBLICA;2020;3
Girona;8. ADMÓN. PÚBLICA;2019;0
Girona;8. ADMÓN. PÚBLICA;2018;6
Girona;9. ADMÓN. JUSTICIA;2024;499
Girona;9. ADMÓN. JUSTICIA;2023;428
Girona;9. ADMÓN. JUSTICIA;2022;442
Girona;9. ADMÓN. JUSTICIA;2021;358
Girona;9. ADMÓN. JUSTICIA;2020;373
Girona;9. ADMÓN. JUSTICIA;2019;144
Girona;9. ADMÓN. JUSTICIA;2018;145
Girona;10. ORDEN PÚBLICO;2024;263
Girona;10. ORDEN PÚBLICO;2023;263
Girona;10. ORDEN PÚBLICO;2022;239
Girona;10. ORDEN PÚBLICO;2021;215
Girona;10. ORDEN PÚBLICO;2020;264
Girona;10. ORDEN PÚBLICO;2019;364
Girona;10. ORDEN PÚBLICO;2018;252
Girona;11. LEGISLACIÓN ESPECIAL;2024;1
Girona;11. LEGISLACIÓN ESPECIAL;2023;0
Girona;11. LEGISLACIÓN ESPECIAL;2022;1
Girona;11. LEGISLACIÓN ESPECIAL;2021;4
Girona;11. LEGISLACIÓN ESPECIAL;2020;1
Girona;11. LEGISLACIÓN ESPECIAL;2019;0
Girona;11. LEGISLACIÓN ESPECIAL;2018;2
Girona;12. OTRAS INFRACCIONES PENALES;2024;108
Girona;12. OTRAS INFRACCIONES PENALES;2023;111
Girona;12. OTRAS INFRACCIONES PENALES;2022;58
Girona;12. OTRAS INFRACCIONES PENALES;2021;97
Girona;12. OTRAS INFRACCIONES PENALES;2020;59
Girona;12. OTRAS INFRACCIONES PENALES;2019;31
Girona;12. OTRAS INFRACCIONES PENALES;2018;32
Girona;TOTAL INFRACCIONES PENALES;2024;13.836
Girona;TOTAL INFRACCIONES PENALES;2023;12.229
Girona;TOTAL INFRACCIONES PENALES;2022;11.614
Girona;TOTAL INFRACCIONES PENALES;2021;10.030
Girona;TOTAL INFRACCIONES PENALES;2020;8.630
Girona;TOTAL INFRACCIONES PENALES;2019;4.096
Girona;TOTAL INFRACCIONES PENALES;2018;3.844
Granada;1. CONTRA LAS PERSONAS;2024;2.500
Granada;1. CONTRA LAS PERSONAS;2023;2.356
Granada;1. CONTRA LAS PERSONAS;2022;2.232
Granada;1. CONTRA LAS PERSONAS;2021;2.023
Granada;1. CONTRA LAS PERSONAS;2020;1.793
Granada;1. CONTRA LAS PERSONAS;2019;1.906
Granada;1. CONTRA LAS PERSONAS;2018;1.658
Granada;1.1.-Homicidios dolosos/asesinatos;2024;54
Granada;1.1.-Homicidios dolosos/asesinatos;2023;51
Granada;1.1.-Homicidios dolosos/asesinatos;2022;51
Granada;1.1.-Homicidios dolosos/asesinatos;2021;33
Granada;1.1.-Homicidios dolosos/asesinatos;2020;44
Granada;1.1.-Homicidios dolosos/asesinatos;2019;45
Granada;1.1.-Homicidios dolosos/asesinatos;2018;32
Granada;1.1.1.-Homicidios dolosos/asesinatos consumados;2024;15
Granada;1.1.1.-Homicidios dolosos/asesinatos consumados;2023;15
Granada;1.1.1.-Homicidios dolosos/asesinatos consumados;2022;20
Granada;1.1.1.-Homicidios dolosos/asesinatos consumados;2021;10
Granada;1.1.1.-Homicidios dolosos/asesinatos consumados;2020;12
Granada;1.1.1.-Homicidios dolosos/asesinatos consumados;2019;20
Granada;1.1.1.-Homicidios dolosos/asesinatos consumados;2018;19
Granada;1.2.-Lesiones;2024;885
Granada;1.2.-Lesiones;2023;828
Granada;1.2.-Lesiones;2022;843
Granada;1.2.-Lesiones;2021;730
Granada;1.2.-Lesiones;2020;552
Granada;1.2.-Lesiones;2019;708
Granada;1.2.-Lesiones;2018;635
Granada;1.3.-Malos tratos ámbito familiar;2024;1.496
Granada;1.3.-Malos tratos ámbito familiar;2023;1.408
Granada;1.3.-Malos tratos ámbito familiar;2022;1.238
Granada;1.3.-Malos tratos ámbito familiar;2021;1.197
Granada;1.3.-Malos tratos ámbito familiar;2020;1.123
Granada;1.3.-Malos tratos ámbito familiar;2019;1.113
Granada;1.3.-Malos tratos ámbito familiar;2018;964
Granada;1.4.-Otros contra las personas;2024;65
Granada;1.4.-Otros contra las personas;2023;69
Granada;1.4.-Otros contra las personas;2022;100
Granada;1.4.-Otros contra las personas;2021;63
Granada;1.4.-Otros contra las personas;2020;74
Granada;1.4.-Otros contra las personas;2019;40
Granada;1.4.-Otros contra las personas;2018;27
Granada;2. CONTRA LA LIBERTAD;2024;1.379
Granada;2. CONTRA LA LIBERTAD;2023;1.257
Granada;2. CONTRA LA LIBERTAD;2022;1.042
Granada;2. CONTRA LA LIBERTAD;2021;1.056
Granada;2. CONTRA LA LIBERTAD;2020;898
Granada;2. CONTRA LA LIBERTAD;2019;966
Granada;2. CONTRA LA LIBERTAD;2018;944
Granada;2.1.-Malos tratos habituales en el ámbito familiar;2024;395
Granada;2.1.-Malos tratos habituales en el ámbito familiar;2023;390
Granada;2.1.-Malos tratos habituales en el ámbito familiar;2022;330
Granada;2.1.-Malos tratos habituales en el ámbito familiar;2021;309
Granada;2.1.-Malos tratos habituales en el ámbito familiar;2020;286
Granada;2.1.-Malos tratos habituales en el ámbito familiar;2019;302
Granada;2.1.-Malos tratos habituales en el ámbito familiar;2018;351
Granada;2.2.-Otros contra la libertad;2024;984
Granada;2.2.-Otros contra la libertad;2023;867
Granada;2.2.-Otros contra la libertad;2022;712
Granada;2.2.-Otros contra la libertad;2021;747
Granada;2.2.-Otros contra la libertad;2020;612
Granada;2.2.-Otros contra la libertad;2019;664
Granada;2.2.-Otros contra la libertad;2018;593
Granada;3. LIBERTAD SEXUAL;2024;237
Granada;3. LIBERTAD SEXUAL;2023;224
Granada;3. LIBERTAD SEXUAL;2022;222
Granada;3. LIBERTAD SEXUAL;2021;192
Granada;3. LIBERTAD SEXUAL;2020;150
Granada;3. LIBERTAD SEXUAL;2019;155
Granada;3. LIBERTAD SEXUAL;2018;191
Granada;3.1.-Agresión sexual;2024;150
Granada;3.1.-Agresión sexual;2023;144
Granada;3.1.-Agresión sexual;2022;140
Granada;3.1.-Agresión sexual;2021;94
Granada;3.1.-Agresión sexual;2020;87
Granada;3.1.-Agresión sexual;2019;88
Granada;3.1.-Agresión sexual;2018;128
Granada;3.2.-Agresión sexual con penetración;2024;42
Granada;3.2.-Agresión sexual con penetración;2023;42
Granada;3.2.-Agresión sexual con penetración;2022;56
Granada;3.2.-Agresión sexual con penetración;2021;61
Granada;3.2.-Agresión sexual con penetración;2020;31
Granada;3.2.-Agresión sexual con penetración;2019;37
Granada;3.2.-Agresión sexual con penetración;2018;27
Granada;3.3.-Corrupción de menores o incapacitados;2024;2
Granada;3.3.-Corrupción de menores o incapacitados;2023;2
Granada;3.3.-Corrupción de menores o incapacitados;2022;1
Granada;3.3.-Corrupción de menores o incapacitados;2021;3
Granada;3.3.-Corrupción de menores o incapacitados;2020;1
Granada;3.3.-Corrupción de menores o incapacitados;2019;5
Granada;3.3.-Corrupción de menores o incapacitados;2018;3
Granada;3.4.-Pornografía de menores;2024;9
Granada;3.4.-Pornografía de menores;2023;6
Granada;3.4.-Pornografía de menores;2022;3
Granada;3.4.-Pornografía de menores;2021;4
Granada;3.4.-Pornografía de menores;2020;9
Granada;3.4.-Pornografía de menores;2019;2
Granada;3.4.-Pornografía de menores;2018;16
Granada;3.5.-Otros contra la libertad sexual;2024;34
Granada;3.5.-Otros contra la libertad sexual;2023;30
Granada;3.5.-Otros contra la libertad sexual;2022;22
Granada;3.5.-Otros contra la libertad sexual;2021;30
Granada;3.5.-Otros contra la libertad sexual;2020;22
Granada;3.5.-Otros contra la libertad sexual;2019;23
Granada;3.5.-Otros contra la libertad sexual;2018;17
Granada;4. RELACIONES FAMILIARES;2024;52
Granada;4. RELACIONES FAMILIARES;2023;41
Granada;4. RELACIONES FAMILIARES;2022;40
Granada;4. RELACIONES FAMILIARES;2021;30
Granada;4. RELACIONES FAMILIARES;2020;48
Granada;4. RELACIONES FAMILIARES;2019;38
Granada;4. RELACIONES FAMILIARES;2018;32
Granada;5. PATRIMONIO;2024;3.876
Granada;5. PATRIMONIO;2023;4.068
Granada;5. PATRIMONIO;2022;3.335
Granada;5. PATRIMONIO;2021;2.797
Granada;5. PATRIMONIO;2020;2.465
Granada;5. PATRIMONIO;2019;3.156
Granada;5. PATRIMONIO;2018;3.201
Granada;5.1.-Hurtos;2024;1.441
Granada;5.1.-Hurtos;2023;1.437
Granada;5.1.-Hurtos;2022;1.141
Granada;5.1.-Hurtos;2021;999
Granada;5.1.-Hurtos;2020;773
Granada;5.1.-Hurtos;2019;1.264
Granada;5.1.-Hurtos;2018;1.255
Granada;5.2.-Robos con fuerza en las cosas;2024;661
Granada;5.2.-Robos con fuerza en las cosas;2023;747
Granada;5.2.-Robos con fuerza en las cosas;2022;667
Granada;5.2.-Robos con fuerza en las cosas;2021;645
Granada;5.2.-Robos con fuerza en las cosas;2020;611
Granada;5.2.-Robos con fuerza en las cosas;2019;631
Granada;5.2.-Robos con fuerza en las cosas;2018;645
Granada;5.2.1.-Robos con fuerza en las cosas en el interior de vehículos;2024;112
Granada;5.2.1.-Robos con fuerza en las cosas en el interior de vehículos;2023;144
Granada;5.2.1.-Robos con fuerza en las cosas en el interior de vehículos;2022;129
Granada;5.2.1.-Robos con fuerza en las cosas en el interior de vehículos;2021;131
Granada;5.2.1.-Robos con fuerza en las cosas en el interior de vehículos;2020;93
Granada;5.2.1.-Robos con fuerza en las cosas en el interior de vehículos;2019;70
Granada;5.2.1.-Robos con fuerza en las cosas en el interior de vehículos;2018;126
Granada;5.2.2.-Robos con fuerza en viviendas;2024;220
Granada;5.2.2.-Robos con fuerza en viviendas;2023;266
Granada;5.2.2.-Robos con fuerza en viviendas;2022;224
Granada;5.2.2.-Robos con fuerza en viviendas;2021;241
Granada;5.2.2.-Robos con fuerza en viviendas;2020;165
Granada;5.2.2.-Robos con fuerza en viviendas;2019;269
Granada;5.2.2.-Robos con fuerza en viviendas;2018;258
Granada;5.2.3.-Robos con fuerza en establecimientos;2024;124
Granada;5.2.3.-Robos con fuerza en establecimientos;2023;133
Granada;5.2.3.-Robos con fuerza en establecimientos;2022;140
Granada;5.2.3.-Robos con fuerza en establecimientos;2021;141
Granada;5.2.3.-Robos con fuerza en establecimientos;2020;184
Granada;5.2.3.-Robos con fuerza en establecimientos;2019;149
Granada;5.2.3.-Robos con fuerza en establecimientos;2018;129
Granada;5.3.-Robos con violencia o intimidación;2024;336
Granada;5.3.-Robos con violencia o intimidación;2023;301
Granada;5.3.-Robos con violencia o intimidación;2022;305
Granada;5.3.-Robos con violencia o intimidación;2021;283
Granada;5.3.-Robos con violencia o intimidación;2020;276
Granada;5.3.-Robos con violencia o intimidación;2019;345
Granada;5.3.-Robos con violencia o intimidación;2018;316
Granada;5.3.1.-Robos con violencia en vía pública;2024;195
Granada;5.3.1.-Robos con violencia en vía pública;2023;163
Granada;5.3.1.-Robos con violencia en vía pública;2022;183
Granada;5.3.1.-Robos con violencia en vía pública;2021;168
Granada;5.3.1.-Robos con violencia en vía pública;2020;121
Granada;5.3.1.-Robos con violencia en vía pública;2019;169
Granada;5.3.1.-Robos con violencia en vía pública;2018;159
Granada;5.3.2.-Robos con violencia en viviendas;2024;32
Granada;5.3.2.-Robos con violencia en viviendas;2023;28
Granada;5.3.2.-Robos con violencia en viviendas;2022;20
Granada;5.3.2.-Robos con violencia en viviendas;2021;36
Granada;5.3.2.-Robos con violencia en viviendas;2020;38
Granada;5.3.2.-Robos con violencia en viviendas;2019;37
Granada;5.3.2.-Robos con violencia en viviendas;2018;50
Granada;5.3.3.-Robos con violencia en establecimientos;2024;83
Granada;5.3.3.-Robos con violencia en establecimientos;2023;86
Granada;5.3.3.-Robos con violencia en establecimientos;2022;73
Granada;5.3.3.-Robos con violencia en establecimientos;2021;49
Granada;5.3.3.-Robos con violencia en establecimientos;2020;86
Granada;5.3.3.-Robos con violencia en establecimientos;2019;100
Granada;5.3.3.-Robos con violencia en establecimientos;2018;70
Granada;5.4.-Sustracción de vehículos;2024;62
Granada;5.4.-Sustracción de vehículos;2023;64
Granada;5.4.-Sustracción de vehículos;2022;55
Granada;5.4.-Sustracción de vehículos;2021;55
Granada;5.4.-Sustracción de vehículos;2020;64
Granada;5.4.-Sustracción de vehículos;2019;66
Granada;5.4.-Sustracción de vehículos;2018;67
Granada;5.5.-Estafas;2024;344
Granada;5.5.-Estafas;2023;332
Granada;5.5.-Estafas;2022;217
Granada;5.5.-Estafas;2021;219
Granada;5.5.-Estafas;2020;214
Granada;5.5.-Estafas;2019;279
Granada;5.5.-Estafas;2018;251
Granada;5.5.1.-Estafas informáticas;2024;241
Granada;5.5.1.-Estafas informáticas;2023;217
Granada;5.5.1.-Estafas informáticas;2022;98
Granada;5.5.1.-Estafas informáticas;2021;91
Granada;5.5.1.-Estafas informáticas;2020;95
Granada;5.5.1.-Estafas informáticas;2019;94
Granada;5.5.1.-Estafas informáticas;2018;54
Granada;5.6.-Daños;2024;265
Granada;5.6.-Daños;2023;229
Granada;5.6.-Daños;2022;197
Granada;5.6.-Daños;2021;193
Granada;5.6.-Daños;2020;157
Granada;5.6.-Daños;2019;175
Granada;5.6.-Daños;2018;186
Granada;5.7.-Contra la propiedad intelectual/industrial;2024;29
Granada;5.7.-Contra la propiedad intelectual/industrial;2023;15
Granada;5.7.-Contra la propiedad intelectual/industrial;2022;6
Granada;5.7.-Contra la propiedad intelectual/industrial;2021;43
Granada;5.7.-Contra la propiedad intelectual/industrial;2020;2
Granada;5.7.-Contra la propiedad intelectual/industrial;2019;15
Granada;5.7.-Contra la propiedad intelectual/industrial;2018;41
Granada;5.8.-Blanqueo de capitales;2024;9
Granada;5.8.-Blanqueo de capitales;2023;90
Granada;5.8.-Blanqueo de capitales;2022;19
Granada;5.8.-Blanqueo de capitales;2021;14
Granada;5.8.-Blanqueo de capitales;2020;15
Granada;5.8.-Blanqueo de capitales;2019;28
Granada;5.8.-Blanqueo de capitales;2018;11
Granada;5.9.-Otros contra el patrimonio;2024;729
Granada;5.9.-Otros contra el patrimonio;2023;853
Granada;5.9.-Otros contra el patrimonio;2022;728
Granada;5.9.-Otros contra el patrimonio;2021;346
Granada;5.9.-Otros contra el patrimonio;2020;353
Granada;5.9.-Otros contra el patrimonio;2019;353
Granada;5.9.-Otros contra el patrimonio;2018;429
Granada;6. SEGURIDAD COLECTIVA;2024;2.185
Granada;6. SEGURIDAD COLECTIVA;2023;2.471
Granada;6. SEGURIDAD COLECTIVA;2022;2.371
Granada;6. SEGURIDAD COLECTIVA;2021;2.586
Granada;6. SEGURIDAD COLECTIVA;2020;2.158
Granada;6. SEGURIDAD COLECTIVA;2019;2.064
Granada;6. SEGURIDAD COLECTIVA;2018;1.934
Granada;6.1.-Tráfico de drogas;2024;1.116
Granada;6.1.-Tráfico de drogas;2023;1.244
Granada;6.1.-Tráfico de drogas;2022;1.089
Granada;6.1.-Tráfico de drogas;2021;1.313
Granada;6.1.-Tráfico de drogas;2020;987
Granada;6.1.-Tráfico de drogas;2019;936
Granada;6.1.-Tráfico de drogas;2018;876
Granada;6.2.-Contra la seguridad vial;2024;1.036
Granada;6.2.-Contra la seguridad vial;2023;1.189
Granada;6.2.-Contra la seguridad vial;2022;1.236
Granada;6.2.-Contra la seguridad vial;2021;1.234
Granada;6.2.-Contra la seguridad vial;2020;1.135
Granada;6.2.-Contra la seguridad vial;2019;1.101
Granada;6.2.-Contra la seguridad vial;2018;1.005
Granada;6.3.-Otros contra la seguridad colectiva;2024;33
Granada;6.3.-Otros contra la seguridad colectiva;2023;38
Granada;6.3.-Otros contra la seguridad colectiva;2022;46
Granada;6.3.-Otros contra la seguridad colectiva;2021;39
Granada;6.3.-Otros contra la seguridad colectiva;2020;36
Granada;6.3.-Otros contra la seguridad colectiva;2019;27
Granada;6.3.-Otros contra la seguridad colectiva;2018;53
Granada;7. FALSEDADES;2024;158
Granada;7. FALSEDADES;2023;206
Granada;7. FALSEDADES;2022;226
Granada;7. FALSEDADES;2021;218
Granada;7. FALSEDADES;2020;317
Granada;7. FALSEDADES;2019;197
Granada;7. FALSEDADES;2018;220
Granada;8. ADMÓN. PÚBLICA;2024;11
Granada;8. ADMÓN. PÚBLICA;2023;3
Granada;8. ADMÓN. PÚBLICA;2022;20
Granada;8. ADMÓN. PÚBLICA;2021;3
Granada;8. ADMÓN. PÚBLICA;2020;3
Granada;8. ADMÓN. PÚBLICA;2019;22
Granada;8. ADMÓN. PÚBLICA;2018;22
Granada;9. ADMÓN. JUSTICIA;2024;722
Granada;9. ADMÓN. JUSTICIA;2023;700
Granada;9. ADMÓN. JUSTICIA;2022;544
Granada;9. ADMÓN. JUSTICIA;2021;492
Granada;9. ADMÓN. JUSTICIA;2020;504
Granada;9. ADMÓN. JUSTICIA;2019;558
Granada;9. ADMÓN. JUSTICIA;2018;474
Granada;10. ORDEN PÚBLICO;2024;516
Granada;10. ORDEN PÚBLICO;2023;481
Granada;10. ORDEN PÚBLICO;2022;465
Granada;10. ORDEN PÚBLICO;2021;445
Granada;10. ORDEN PÚBLICO;2020;508
Granada;10. ORDEN PÚBLICO;2019;322
Granada;10. ORDEN PÚBLICO;2018;349
Granada;11. LEGISLACIÓN ESPECIAL;2024;7
Granada;11. LEGISLACIÓN ESPECIAL;2023;7
Granada;11. LEGISLACIÓN ESPECIAL;2022;13
Granada;11. LEGISLACIÓN ESPECIAL;2021;8
Granada;11. LEGISLACIÓN ESPECIAL;2020;6
Granada;11. LEGISLACIÓN ESPECIAL;2019;7
Granada;11. LEGISLACIÓN ESPECIAL;2018;0
Granada;12. OTRAS INFRACCIONES PENALES;2024;217
Granada;12. OTRAS INFRACCIONES PENALES;2023;170
Granada;12. OTRAS INFRACCIONES PENALES;2022;188
Granada;12. OTRAS INFRACCIONES PENALES;2021;187
Granada;12. OTRAS INFRACCIONES PENALES;2020;232
Granada;12. OTRAS INFRACCIONES PENALES;2019;299
Granada;12. OTRAS INFRACCIONES PENALES;2018;159
Granada;TOTAL INFRACCIONES PENALES;2024;11.860
Granada;TOTAL INFRACCIONES PENALES;2023;11.984
Granada;TOTAL INFRACCIONES PENALES;2022;10.698
Granada;TOTAL INFRACCIONES PENALES;2021;10.037
Granada;TOTAL INFRACCIONES PENALES;2020;9.082
Granada;TOTAL INFRACCIONES PENALES;2019;9.690
Granada;TOTAL INFRACCIONES PENALES;2018;9.184
Guadalajara;1. CONTRA LAS PERSONAS;2024;656
Guadalajara;1. CONTRA LAS PERSONAS;2023;728
Guadalajara;1. CONTRA LAS PERSONAS;2022;677
Guadalajara;1. CONTRA LAS PERSONAS;2021;642
Guadalajara;1. CONTRA LAS PERSONAS;2020;679
Guadalajara;1. CONTRA LAS PERSONAS;2019;709
Guadalajara;1. CONTRA LAS PERSONAS;2018;659
Guadalajara;1.1.-Homicidios dolosos/asesinatos;2024;6
Guadalajara;1.1.-Homicidios dolosos/asesinatos;2023;11
Guadalajara;1.1.-Homicidios dolosos/asesinatos;2022;5
Guadalajara;1.1.-Homicidios dolosos/asesinatos;2021;11
Guadalajara;1.1.-Homicidios dolosos/asesinatos;2020;3
Guadalajara;1.1.-Homicidios dolosos/asesinatos;2019;0
Guadalajara;1.1.-Homicidios dolosos/asesinatos;2018;2
Guadalajara;1.1.1.-Homicidios dolosos/asesinatos consumados;2024;3
Guadalajara;1.1.1.-Homicidios dolosos/asesinatos consumados;2023;6
Guadalajara;1.1.1.-Homicidios dolosos/asesinatos consumados;2022;2
Guadalajara;1.1.1.-Homicidios dolosos/asesinatos consumados;2021;1
Guadalajara;1.1.1.-Homicidios dolosos/asesinatos consumados;2020;1
Guadalajara;1.1.1.-Homicidios dolosos/asesinatos consumados;2019;0
Guadalajara;1.1.1.-Homicidios dolosos/asesinatos consumados;2018;1
Guadalajara;1.2.-Lesiones;2024;193
Guadalajara;1.2.-Lesiones;2023;285
Guadalajara;1.2.-Lesiones;2022;288
Guadalajara;1.2.-Lesiones;2021;253
Guadalajara;1.2.-Lesiones;2020;246
Guadalajara;1.2.-Lesiones;2019;348
Guadalajara;1.2.-Lesiones;2018;300
Guadalajara;1.3.-Malos tratos ámbito familiar;2024;453
Guadalajara;1.3.-Malos tratos ámbito familiar;2023;427
Guadalajara;1.3.-Malos tratos ámbito familiar;2022;381
Guadalajara;1.3.-Malos tratos ámbito familiar;2021;352
Guadalajara;1.3.-Malos tratos ámbito familiar;2020;413
Guadalajara;1.3.-Malos tratos ámbito familiar;2019;358
Guadalajara;1.3.-Malos tratos ámbito familiar;2018;350
Guadalajara;1.4.-Otros contra las personas;2024;4
Guadalajara;1.4.-Otros contra las personas;2023;5
Guadalajara;1.4.-Otros contra las personas;2022;3
Guadalajara;1.4.-Otros contra las personas;2021;26
Guadalajara;1.4.-Otros contra las personas;2020;17
Guadalajara;1.4.-Otros contra las personas;2019;3
Guadalajara;1.4.-Otros contra las personas;2018;7
Guadalajara;2. CONTRA LA LIBERTAD;2024;251
Guadalajara;2. CONTRA LA LIBERTAD;2023;230
Guadalajara;2. CONTRA LA LIBERTAD;2022;256
Guadalajara;2. CONTRA LA LIBERTAD;2021;309
Guadalajara;2. CONTRA LA LIBERTAD;2020;279
Guadalajara;2. CONTRA LA LIBERTAD;2019;358
Guadalajara;2. CONTRA LA LIBERTAD;2018;273
Guadalajara;2.1.-Malos tratos habituales en el ámbito familiar;2024;87
Guadalajara;2.1.-Malos tratos habituales en el ámbito familiar;2023;62
Guadalajara;2.1.-Malos tratos habituales en el ámbito familiar;2022;54
Guadalajara;2.1.-Malos tratos habituales en el ámbito familiar;2021;55
Guadalajara;2.1.-Malos tratos habituales en el ámbito familiar;2020;43
Guadalajara;2.1.-Malos tratos habituales en el ámbito familiar;2019;70
Guadalajara;2.1.-Malos tratos habituales en el ámbito familiar;2018;53
Guadalajara;2.2.-Otros contra la libertad;2024;164
Guadalajara;2.2.-Otros contra la libertad;2023;168
Guadalajara;2.2.-Otros contra la libertad;2022;202
Guadalajara;2.2.-Otros contra la libertad;2021;254
Guadalajara;2.2.-Otros contra la libertad;2020;236
Guadalajara;2.2.-Otros contra la libertad;2019;288
Guadalajara;2.2.-Otros contra la libertad;2018;220
Guadalajara;3. LIBERTAD SEXUAL;2024;62
Guadalajara;3. LIBERTAD SEXUAL;2023;69
Guadalajara;3. LIBERTAD SEXUAL;2022;57
Guadalajara;3. LIBERTAD SEXUAL;2021;52
Guadalajara;3. LIBERTAD SEXUAL;2020;57
Guadalajara;3. LIBERTAD SEXUAL;2019;52
Guadalajara;3. LIBERTAD SEXUAL;2018;56
Guadalajara;3.1.-Agresión sexual;2024;44
Guadalajara;3.1.-Agresión sexual;2023;49
Guadalajara;3.1.-Agresión sexual;2022;38
Guadalajara;3.1.-Agresión sexual;2021;32
Guadalajara;3.1.-Agresión sexual;2020;40
Guadalajara;3.1.-Agresión sexual;2019;33
Guadalajara;3.1.-Agresión sexual;2018;36
Guadalajara;3.2.-Agresión sexual con penetración;2024;8
Guadalajara;3.2.-Agresión sexual con penetración;2023;14
Guadalajara;3.2.-Agresión sexual con penetración;2022;8
Guadalajara;3.2.-Agresión sexual con penetración;2021;10
Guadalajara;3.2.-Agresión sexual con penetración;2020;12
Guadalajara;3.2.-Agresión sexual con penetración;2019;7
Guadalajara;3.2.-Agresión sexual con penetración;2018;11
Guadalajara;3.3.-Corrupción de menores o incapacitados;2024;0
Guadalajara;3.3.-Corrupción de menores o incapacitados;2023;1
Guadalajara;3.3.-Corrupción de menores o incapacitados;2022;2
Guadalajara;3.3.-Corrupción de menores o incapacitados;2021;3
Guadalajara;3.3.-Corrupción de menores o incapacitados;2020;0
Guadalajara;3.3.-Corrupción de menores o incapacitados;2019;2
Guadalajara;3.3.-Corrupción de menores o incapacitados;2018;0
Guadalajara;3.4.-Pornografía de menores;2024;1
Guadalajara;3.4.-Pornografía de menores;2023;3
Guadalajara;3.4.-Pornografía de menores;2022;3
Guadalajara;3.4.-Pornografía de menores;2021;3
Guadalajara;3.4.-Pornografía de menores;2020;1
Guadalajara;3.4.-Pornografía de menores;2019;6
Guadalajara;3.4.-Pornografía de menores;2018;3
Guadalajara;3.5.-Otros contra la libertad sexual;2024;9
Guadalajara;3.5.-Otros contra la libertad sexual;2023;2
Guadalajara;3.5.-Otros contra la libertad sexual;2022;6
Guadalajara;3.5.-Otros contra la libertad sexual;2021;4
Guadalajara;3.5.-Otros contra la libertad sexual;2020;4
Guadalajara;3.5.-Otros contra la libertad sexual;2019;4
Guadalajara;3.5.-Otros contra la libertad sexual;2018;6
Guadalajara;4. RELACIONES FAMILIARES;2024;2
Guadalajara;4. RELACIONES FAMILIARES;2023;4
Guadalajara;4. RELACIONES FAMILIARES;2022;5
Guadalajara;4. RELACIONES FAMILIARES;2021;4
Guadalajara;4. RELACIONES FAMILIARES;2020;14
Guadalajara;4. RELACIONES FAMILIARES;2019;4
Guadalajara;4. RELACIONES FAMILIARES;2018;9
Guadalajara;5. PATRIMONIO;2024;620
Guadalajara;5. PATRIMONIO;2023;542
Guadalajara;5. PATRIMONIO;2022;689
Guadalajara;5. PATRIMONIO;2021;632
Guadalajara;5. PATRIMONIO;2020;624
Guadalajara;5. PATRIMONIO;2019;750
Guadalajara;5. PATRIMONIO;2018;727
Guadalajara;5.1.-Hurtos;2024;134
Guadalajara;5.1.-Hurtos;2023;130
Guadalajara;5.1.-Hurtos;2022;153
Guadalajara;5.1.-Hurtos;2021;119
Guadalajara;5.1.-Hurtos;2020;130
Guadalajara;5.1.-Hurtos;2019;165
Guadalajara;5.1.-Hurtos;2018;171
Guadalajara;5.2.-Robos con fuerza en las cosas;2024;130
Guadalajara;5.2.-Robos con fuerza en las cosas;2023;87
Guadalajara;5.2.-Robos con fuerza en las cosas;2022;156
Guadalajara;5.2.-Robos con fuerza en las cosas;2021;138
Guadalajara;5.2.-Robos con fuerza en las cosas;2020;154
Guadalajara;5.2.-Robos con fuerza en las cosas;2019;152
Guadalajara;5.2.-Robos con fuerza en las cosas;2018;127
Guadalajara;5.2.1.-Robos con fuerza en las cosas en el interior de vehículos;2024;27
Guadalajara;5.2.1.-Robos con fuerza en las cosas en el interior de vehículos;2023;14
Guadalajara;5.2.1.-Robos con fuerza en las cosas en el interior de vehículos;2022;26
Guadalajara;5.2.1.-Robos con fuerza en las cosas en el interior de vehículos;2021;23
Guadalajara;5.2.1.-Robos con fuerza en las cosas en el interior de vehículos;2020;27
Guadalajara;5.2.1.-Robos con fuerza en las cosas en el interior de vehículos;2019;19
Guadalajara;5.2.1.-Robos con fuerza en las cosas en el interior de vehículos;2018;20
Guadalajara;5.2.2.-Robos con fuerza en viviendas;2024;36
Guadalajara;5.2.2.-Robos con fuerza en viviendas;2023;17
Guadalajara;5.2.2.-Robos con fuerza en viviendas;2022;25
Guadalajara;5.2.2.-Robos con fuerza en viviendas;2021;27
Guadalajara;5.2.2.-Robos con fuerza en viviendas;2020;50
Guadalajara;5.2.2.-Robos con fuerza en viviendas;2019;70
Guadalajara;5.2.2.-Robos con fuerza en viviendas;2018;49
Guadalajara;5.2.3.-Robos con fuerza en establecimientos;2024;15
Guadalajara;5.2.3.-Robos con fuerza en establecimientos;2023;26
Guadalajara;5.2.3.-Robos con fuerza en establecimientos;2022;43
Guadalajara;5.2.3.-Robos con fuerza en establecimientos;2021;37
Guadalajara;5.2.3.-Robos con fuerza en establecimientos;2020;28
Guadalajara;5.2.3.-Robos con fuerza en establecimientos;2019;24
Guadalajara;5.2.3.-Robos con fuerza en establecimientos;2018;14
Guadalajara;5.3.-Robos con violencia o intimidación;2024;45
Guadalajara;5.3.-Robos con violencia o intimidación;2023;73
Guadalajara;5.3.-Robos con violencia o intimidación;2022;58
Guadalajara;5.3.-Robos con violencia o intimidación;2021;58
Guadalajara;5.3.-Robos con violencia o intimidación;2020;47
Guadalajara;5.3.-Robos con violencia o intimidación;2019;59
Guadalajara;5.3.-Robos con violencia o intimidación;2018;58
Guadalajara;5.3.1.-Robos con violencia en vía pública;2024;22
Guadalajara;5.3.1.-Robos con violencia en vía pública;2023;50
Guadalajara;5.3.1.-Robos con violencia en vía pública;2022;27
Guadalajara;5.3.1.-Robos con violencia en vía pública;2021;44
Guadalajara;5.3.1.-Robos con violencia en vía pública;2020;25
Guadalajara;5.3.1.-Robos con violencia en vía pública;2019;36
Guadalajara;5.3.1.-Robos con violencia en vía pública;2018;45
Guadalajara;5.3.2.-Robos con violencia en viviendas;2024;5
Guadalajara;5.3.2.-Robos con violencia en viviendas;2023;4
Guadalajara;5.3.2.-Robos con violencia en viviendas;2022;5
Guadalajara;5.3.2.-Robos con violencia en viviendas;2021;2
Guadalajara;5.3.2.-Robos con violencia en viviendas;2020;9
Guadalajara;5.3.2.-Robos con violencia en viviendas;2019;8
Guadalajara;5.3.2.-Robos con violencia en viviendas;2018;0
Guadalajara;5.3.3.-Robos con violencia en establecimientos;2024;10
Guadalajara;5.3.3.-Robos con violencia en establecimientos;2023;11
Guadalajara;5.3.3.-Robos con violencia en establecimientos;2022;17
Guadalajara;5.3.3.-Robos con violencia en establecimientos;2021;7
Guadalajara;5.3.3.-Robos con violencia en establecimientos;2020;9
Guadalajara;5.3.3.-Robos con violencia en establecimientos;2019;6
Guadalajara;5.3.3.-Robos con violencia en establecimientos;2018;5
Guadalajara;5.4.-Sustracción de vehículos;2024;30
Guadalajara;5.4.-Sustracción de vehículos;2023;18
Guadalajara;5.4.-Sustracción de vehículos;2022;30
Guadalajara;5.4.-Sustracción de vehículos;2021;27
Guadalajara;5.4.-Sustracción de vehículos;2020;15
Guadalajara;5.4.-Sustracción de vehículos;2019;15
Guadalajara;5.4.-Sustracción de vehículos;2018;26
Guadalajara;5.5.-Estafas;2024;141
Guadalajara;5.5.-Estafas;2023;94
Guadalajara;5.5.-Estafas;2022;100
Guadalajara;5.5.-Estafas;2021;79
Guadalajara;5.5.-Estafas;2020;88
Guadalajara;5.5.-Estafas;2019;106
Guadalajara;5.5.-Estafas;2018;85
Guadalajara;5.5.1.-Estafas informáticas;2024;80
Guadalajara;5.5.1.-Estafas informáticas;2023;53
Guadalajara;5.5.1.-Estafas informáticas;2022;49
Guadalajara;5.5.1.-Estafas informáticas;2021;42
Guadalajara;5.5.1.-Estafas informáticas;2020;36
Guadalajara;5.5.1.-Estafas informáticas;2019;28
Guadalajara;5.5.1.-Estafas informáticas;2018;19
Guadalajara;5.6.-Daños;2024;59
Guadalajara;5.6.-Daños;2023;61
Guadalajara;5.6.-Daños;2022;80
Guadalajara;5.6.-Daños;2021;82
Guadalajara;5.6.-Daños;2020;93
Guadalajara;5.6.-Daños;2019;118
Guadalajara;5.6.-Daños;2018;113
Guadalajara;5.7.-Contra la propiedad intelectual/industrial;2024;1
Guadalajara;5.7.-Contra la propiedad intelectual/industrial;2023;0
Guadalajara;5.7.-Contra la propiedad intelectual/industrial;2022;0
Guadalajara;5.7.-Contra la propiedad intelectual/industrial;2021;0
Guadalajara;5.7.-Contra la propiedad intelectual/industrial;2020;0
Guadalajara;5.7.-Contra la propiedad intelectual/industrial;2019;0
Guadalajara;5.7.-Contra la propiedad intelectual/industrial;2018;2
Guadalajara;5.8.-Blanqueo de capitales;2024;1
Guadalajara;5.8.-Blanqueo de capitales;2023;0
Guadalajara;5.8.-Blanqueo de capitales;2022;0
Guadalajara;5.8.-Blanqueo de capitales;2021;0
Guadalajara;5.8.-Blanqueo de capitales;2020;1
Guadalajara;5.8.-Blanqueo de capitales;2019;1
Guadalajara;5.8.-Blanqueo de capitales;2018;0
Guadalajara;5.9.-Otros contra el patrimonio;2024;79
Guadalajara;5.9.-Otros contra el patrimonio;2023;79
Guadalajara;5.9.-Otros contra el patrimonio;2022;112
Guadalajara;5.9.-Otros contra el patrimonio;2021;129
Guadalajara;5.9.-Otros contra el patrimonio;2020;96
Guadalajara;5.9.-Otros contra el patrimonio;2019;134
Guadalajara;5.9.-Otros contra el patrimonio;2018;145
Guadalajara;6. SEGURIDAD COLECTIVA;2024;388
Guadalajara;6. SEGURIDAD COLECTIVA;2023;424
Guadalajara;6. SEGURIDAD COLECTIVA;2022;518
Guadalajara;6. SEGURIDAD COLECTIVA;2021;423
Guadalajara;6. SEGURIDAD COLECTIVA;2020;387
Guadalajara;6. SEGURIDAD COLECTIVA;2019;426
Guadalajara;6. SEGURIDAD COLECTIVA;2018;353
Guadalajara;6.1.-Tráfico de drogas;2024;64
Guadalajara;6.1.-Tráfico de drogas;2023;86
Guadalajara;6.1.-Tráfico de drogas;2022;77
Guadalajara;6.1.-Tráfico de drogas;2021;108
Guadalajara;6.1.-Tráfico de drogas;2020;76
Guadalajara;6.1.-Tráfico de drogas;2019;60
Guadalajara;6.1.-Tráfico de drogas;2018;67
Guadalajara;6.2.-Contra la seguridad vial;2024;318
Guadalajara;6.2.-Contra la seguridad vial;2023;334
Guadalajara;6.2.-Contra la seguridad vial;2022;382
Guadalajara;6.2.-Contra la seguridad vial;2021;296
Guadalajara;6.2.-Contra la seguridad vial;2020;300
Guadalajara;6.2.-Contra la seguridad vial;2019;362
Guadalajara;6.2.-Contra la seguridad vial;2018;284
Guadalajara;6.3.-Otros contra la seguridad colectiva;2024;6
Guadalajara;6.3.-Otros contra la seguridad colectiva;2023;4
Guadalajara;6.3.-Otros contra la seguridad colectiva;2022;59
Guadalajara;6.3.-Otros contra la seguridad colectiva;2021;19
Guadalajara;6.3.-Otros contra la seguridad colectiva;2020;11
Guadalajara;6.3.-Otros contra la seguridad colectiva;2019;4
Guadalajara;6.3.-Otros contra la seguridad colectiva;2018;2
Guadalajara;7. FALSEDADES;2024;40
Guadalajara;7. FALSEDADES;2023;58
Guadalajara;7. FALSEDADES;2022;30
Guadalajara;7. FALSEDADES;2021;71
Guadalajara;7. FALSEDADES;2020;28
Guadalajara;7. FALSEDADES;2019;37
Guadalajara;7. FALSEDADES;2018;48
Guadalajara;8. ADMÓN. PÚBLICA;2024;1
Guadalajara;8. ADMÓN. PÚBLICA;2023;1
Guadalajara;8. ADMÓN. PÚBLICA;2022;0
Guadalajara;8. ADMÓN. PÚBLICA;2021;0
Guadalajara;8. ADMÓN. PÚBLICA;2020;3
Guadalajara;8. ADMÓN. PÚBLICA;2019;7
Guadalajara;8. ADMÓN. PÚBLICA;2018;0
Guadalajara;9. ADMÓN. JUSTICIA;2024;167
Guadalajara;9. ADMÓN. JUSTICIA;2023;129
Guadalajara;9. ADMÓN. JUSTICIA;2022;131
Guadalajara;9. ADMÓN. JUSTICIA;2021;148
Guadalajara;9. ADMÓN. JUSTICIA;2020;117
Guadalajara;9. ADMÓN. JUSTICIA;2019;107
Guadalajara;9. ADMÓN. JUSTICIA;2018;99
Guadalajara;10. ORDEN PÚBLICO;2024;91
Guadalajara;10. ORDEN PÚBLICO;2023;114
Guadalajara;10. ORDEN PÚBLICO;2022;134
Guadalajara;10. ORDEN PÚBLICO;2021;117
Guadalajara;10. ORDEN PÚBLICO;2020;142
Guadalajara;10. ORDEN PÚBLICO;2019;85
Guadalajara;10. ORDEN PÚBLICO;2018;74
Guadalajara;11. LEGISLACIÓN ESPECIAL;2024;0
Guadalajara;11. LEGISLACIÓN ESPECIAL;2023;1
Guadalajara;11. LEGISLACIÓN ESPECIAL;2022;0
Guadalajara;11. LEGISLACIÓN ESPECIAL;2021;0
Guadalajara;11. LEGISLACIÓN ESPECIAL;2020;0
Guadalajara;11. LEGISLACIÓN ESPECIAL;2019;0
Guadalajara;11. LEGISLACIÓN ESPECIAL;2018;0
Guadalajara;12. OTRAS INFRACCIONES PENALES;2024;12
Guadalajara;12. OTRAS INFRACCIONES PENALES;2023;9
Guadalajara;12. OTRAS INFRACCIONES PENALES;2022;13
Guadalajara;12. OTRAS INFRACCIONES PENALES;2021;11
Guadalajara;12. OTRAS INFRACCIONES PENALES;2020;22
Guadalajara;12. OTRAS INFRACCIONES PENALES;2019;11
Guadalajara;12. OTRAS INFRACCIONES PENALES;2018;11
Guadalajara;TOTAL INFRACCIONES PENALES;2024;2.290
Guadalajara;TOTAL INFRACCIONES PENALES;2023;2.309
Guadalajara;TOTAL INFRACCIONES PENALES;2022;2.510
Guadalajara;TOTAL INFRACCIONES PENALES;2021;2.409
Guadalajara;TOTAL INFRACCIONES PENALES;2020;2.352
Guadalajara;TOTAL INFRACCIONES PENALES;2019;2.546
Guadalajara;TOTAL INFRACCIONES PENALES;2018;2.309
Gipuzkoa;1. CONTRA LAS PERSONAS;2024;729
Gipuzkoa;1. CONTRA LAS PERSONAS;2023;620
Gipuzkoa;1. CONTRA LAS PERSONAS;2022;536
Gipuzkoa;1. CONTRA LAS PERSONAS;2021;365
Gipuzkoa;1. CONTRA LAS PERSONAS;2020;255
Gipuzkoa;1. CONTRA LAS PERSONAS;2019;272
Gipuzkoa;1. CONTRA LAS PERSONAS;2018;189
Gipuzkoa;1.1.-Homicidios dolosos/asesinatos;2024;27
Gipuzkoa;1.1.-Homicidios dolosos/asesinatos;2023;22
Gipuzkoa;1.1.-Homicidios dolosos/asesinatos;2022;28
Gipuzkoa;1.1.-Homicidios dolosos/asesinatos;2021;31
Gipuzkoa;1.1.-Homicidios dolosos/asesinatos;2020;9
Gipuzkoa;1.1.-Homicidios dolosos/asesinatos;2019;11
Gipuzkoa;1.1.-Homicidios dolosos/asesinatos;2018;9
Gipuzkoa;1.1.1.-Homicidios dolosos/asesinatos consumados;2024;3
Gipuzkoa;1.1.1.-Homicidios dolosos/asesinatos consumados;2023;6
Gipuzkoa;1.1.1.-Homicidios dolosos/asesinatos consumados;2022;5
Gipuzkoa;1.1.1.-Homicidios dolosos/asesinatos consumados;2021;5
Gipuzkoa;1.1.1.-Homicidios dolosos/asesinatos consumados;2020;5
Gipuzkoa;1.1.1.-Homicidios dolosos/asesinatos consumados;2019;5
Gipuzkoa;1.1.1.-Homicidios dolosos/asesinatos consumados;2018;1
Gipuzkoa;1.2.-Lesiones;2024;260
Gipuzkoa;1.2.-Lesiones;2023;248
Gipuzkoa;1.2.-Lesiones;2022;191
Gipuzkoa;1.2.-Lesiones;2021;138
Gipuzkoa;1.2.-Lesiones;2020;89
Gipuzkoa;1.2.-Lesiones;2019;128
Gipuzkoa;1.2.-Lesiones;2018;77
Gipuzkoa;1.3.-Malos tratos ámbito familiar;2024;427
Gipuzkoa;1.3.-Malos tratos ámbito familiar;2023;343
Gipuzkoa;1.3.-Malos tratos ámbito familiar;2022;309
Gipuzkoa;1.3.-Malos tratos ámbito familiar;2021;194
Gipuzkoa;1.3.-Malos tratos ámbito familiar;2020;156
Gipuzkoa;1.3.-Malos tratos ámbito familiar;2019;130
Gipuzkoa;1.3.-Malos tratos ámbito familiar;2018;98
Gipuzkoa;1.4.-Otros contra las personas;2024;15
Gipuzkoa;1.4.-Otros contra las personas;2023;7
Gipuzkoa;1.4.-Otros contra las personas;2022;8
Gipuzkoa;1.4.-Otros contra las personas;2021;2
Gipuzkoa;1.4.-Otros contra las personas;2020;1
Gipuzkoa;1.4.-Otros contra las personas;2019;3
Gipuzkoa;1.4.-Otros contra las personas;2018;5
Gipuzkoa;2. CONTRA LA LIBERTAD;2024;407
Gipuzkoa;2. CONTRA LA LIBERTAD;2023;398
Gipuzkoa;2. CONTRA LA LIBERTAD;2022;348
Gipuzkoa;2. CONTRA LA LIBERTAD;2021;332
Gipuzkoa;2. CONTRA LA LIBERTAD;2020;334
Gipuzkoa;2. CONTRA LA LIBERTAD;2019;340
Gipuzkoa;2. CONTRA LA LIBERTAD;2018;288
Gipuzkoa;2.1.-Malos tratos habituales en el ámbito familiar;2024;226
Gipuzkoa;2.1.-Malos tratos habituales en el ámbito familiar;2023;227
Gipuzkoa;2.1.-Malos tratos habituales en el ámbito familiar;2022;222
Gipuzkoa;2.1.-Malos tratos habituales en el ámbito familiar;2021;233
Gipuzkoa;2.1.-Malos tratos habituales en el ámbito familiar;2020;262
Gipuzkoa;2.1.-Malos tratos habituales en el ámbito familiar;2019;259
Gipuzkoa;2.1.-Malos tratos habituales en el ámbito familiar;2018;236
Gipuzkoa;2.2.-Otros contra la libertad;2024;181
Gipuzkoa;2.2.-Otros contra la libertad;2023;171
Gipuzkoa;2.2.-Otros contra la libertad;2022;126
Gipuzkoa;2.2.-Otros contra la libertad;2021;99
Gipuzkoa;2.2.-Otros contra la libertad;2020;72
Gipuzkoa;2.2.-Otros contra la libertad;2019;81
Gipuzkoa;2.2.-Otros contra la libertad;2018;52
Gipuzkoa;3. LIBERTAD SEXUAL;2024;117
Gipuzkoa;3. LIBERTAD SEXUAL;2023;100
Gipuzkoa;3. LIBERTAD SEXUAL;2022;76
Gipuzkoa;3. LIBERTAD SEXUAL;2021;81
Gipuzkoa;3. LIBERTAD SEXUAL;2020;57
Gipuzkoa;3. LIBERTAD SEXUAL;2019;67
Gipuzkoa;3. LIBERTAD SEXUAL;2018;65
Gipuzkoa;3.1.-Agresión sexual;2024;72
Gipuzkoa;3.1.-Agresión sexual;2023;61
Gipuzkoa;3.1.-Agresión sexual;2022;38
Gipuzkoa;3.1.-Agresión sexual;2021;38
Gipuzkoa;3.1.-Agresión sexual;2020;25
Gipuzkoa;3.1.-Agresión sexual;2019;31
Gipuzkoa;3.1.-Agresión sexual;2018;31
Gipuzkoa;3.2.-Agresión sexual con penetración;2024;28
Gipuzkoa;3.2.-Agresión sexual con penetración;2023;24
Gipuzkoa;3.2.-Agresión sexual con penetración;2022;27
Gipuzkoa;3.2.-Agresión sexual con penetración;2021;22
Gipuzkoa;3.2.-Agresión sexual con penetración;2020;11
Gipuzkoa;3.2.-Agresión sexual con penetración;2019;16
Gipuzkoa;3.2.-Agresión sexual con penetración;2018;16
Gipuzkoa;3.3.-Corrupción de menores o incapacitados;2024;1
Gipuzkoa;3.3.-Corrupción de menores o incapacitados;2023;1
Gipuzkoa;3.3.-Corrupción de menores o incapacitados;2022;1
Gipuzkoa;3.3.-Corrupción de menores o incapacitados;2021;1
Gipuzkoa;3.3.-Corrupción de menores o incapacitados;2020;3
Gipuzkoa;3.3.-Corrupción de menores o incapacitados;2019;2
Gipuzkoa;3.3.-Corrupción de menores o incapacitados;2018;1
Gipuzkoa;3.4.-Pornografía de menores;2024;4
Gipuzkoa;3.4.-Pornografía de menores;2023;7
Gipuzkoa;3.4.-Pornografía de menores;2022;2
Gipuzkoa;3.4.-Pornografía de menores;2021;9
Gipuzkoa;3.4.-Pornografía de menores;2020;6
Gipuzkoa;3.4.-Pornografía de menores;2019;5
Gipuzkoa;3.4.-Pornografía de menores;2018;12
Gipuzkoa;3.5.-Otros contra la libertad sexual;2024;12
Gipuzkoa;3.5.-Otros contra la libertad sexual;2023;7
Gipuzkoa;3.5.-Otros contra la libertad sexual;2022;8
Gipuzkoa;3.5.-Otros contra la libertad sexual;2021;11
Gipuzkoa;3.5.-Otros contra la libertad sexual;2020;12
Gipuzkoa;3.5.-Otros contra la libertad sexual;2019;13
Gipuzkoa;3.5.-Otros contra la libertad sexual;2018;5
Gipuzkoa;4. RELACIONES FAMILIARES;2024;5
Gipuzkoa;4. RELACIONES FAMILIARES;2023;3
Gipuzkoa;4. RELACIONES FAMILIARES;2022;1
Gipuzkoa;4. RELACIONES FAMILIARES;2021;1
Gipuzkoa;4. RELACIONES FAMILIARES;2020;1
Gipuzkoa;4. RELACIONES FAMILIARES;2019;2
Gipuzkoa;4. RELACIONES FAMILIARES;2018;1
Gipuzkoa;5. PATRIMONIO;2024;781
Gipuzkoa;5. PATRIMONIO;2023;711
Gipuzkoa;5. PATRIMONIO;2022;750
Gipuzkoa;5. PATRIMONIO;2021;669
Gipuzkoa;5. PATRIMONIO;2020;477
Gipuzkoa;5. PATRIMONIO;2019;466
Gipuzkoa;5. PATRIMONIO;2018;489
Gipuzkoa;5.1.-Hurtos;2024;182
Gipuzkoa;5.1.-Hurtos;2023;183
Gipuzkoa;5.1.-Hurtos;2022;155
Gipuzkoa;5.1.-Hurtos;2021;115
Gipuzkoa;5.1.-Hurtos;2020;56
Gipuzkoa;5.1.-Hurtos;2019;83
Gipuzkoa;5.1.-Hurtos;2018;78
Gipuzkoa;5.2.-Robos con fuerza en las cosas;2024;249
Gipuzkoa;5.2.-Robos con fuerza en las cosas;2023;249
Gipuzkoa;5.2.-Robos con fuerza en las cosas;2022;301
Gipuzkoa;5.2.-Robos con fuerza en las cosas;2021;315
Gipuzkoa;5.2.-Robos con fuerza en las cosas;2020;236
Gipuzkoa;5.2.-Robos con fuerza en las cosas;2019;205
Gipuzkoa;5.2.-Robos con fuerza en las cosas;2018;203
Gipuzkoa;5.2.1.-Robos con fuerza en las cosas en el interior de vehículos;2024;0
Gipuzkoa;5.2.1.-Robos con fuerza en las cosas en el interior de vehículos;2023;0
Gipuzkoa;5.2.1.-Robos con fuerza en las cosas en el interior de vehículos;2022;0
Gipuzkoa;5.2.1.-Robos con fuerza en las cosas en el interior de vehículos;2021;0
Gipuzkoa;5.2.1.-Robos con fuerza en las cosas en el interior de vehículos;2020;3
Gipuzkoa;5.2.1.-Robos con fuerza en las cosas en el interior de vehículos;2019;0
Gipuzkoa;5.2.1.-Robos con fuerza en las cosas en el interior de vehículos;2018;1
Gipuzkoa;5.2.2.-Robos con fuerza en viviendas;2024;66
Gipuzkoa;5.2.2.-Robos con fuerza en viviendas;2023;48
Gipuzkoa;5.2.2.-Robos con fuerza en viviendas;2022;52
Gipuzkoa;5.2.2.-Robos con fuerza en viviendas;2021;70
Gipuzkoa;5.2.2.-Robos con fuerza en viviendas;2020;46
Gipuzkoa;5.2.2.-Robos con fuerza en viviendas;2019;43
Gipuzkoa;5.2.2.-Robos con fuerza en viviendas;2018;43
Gipuzkoa;5.2.3.-Robos con fuerza en establecimientos;2024;66
Gipuzkoa;5.2.3.-Robos con fuerza en establecimientos;2023;78
Gipuzkoa;5.2.3.-Robos con fuerza en establecimientos;2022;122
Gipuzkoa;5.2.3.-Robos con fuerza en establecimientos;2021;115
Gipuzkoa;5.2.3.-Robos con fuerza en establecimientos;2020;93
Gipuzkoa;5.2.3.-Robos con fuerza en establecimientos;2019;83
Gipuzkoa;5.2.3.-Robos con fuerza en establecimientos;2018;86
Gipuzkoa;5.3.-Robos con violencia o intimidación;2024;186
Gipuzkoa;5.3.-Robos con violencia o intimidación;2023;179
Gipuzkoa;5.3.-Robos con violencia o intimidación;2022;179
Gipuzkoa;5.3.-Robos con violencia o intimidación;2021;125
Gipuzkoa;5.3.-Robos con violencia o intimidación;2020;85
Gipuzkoa;5.3.-Robos con violencia o intimidación;2019;87
Gipuzkoa;5.3.-Robos con violencia o intimidación;2018;114
Gipuzkoa;5.3.1.-Robos con violencia en vía pública;2024;132
Gipuzkoa;5.3.1.-Robos con violencia en vía pública;2023;100
Gipuzkoa;5.3.1.-Robos con violencia en vía pública;2022;131
Gipuzkoa;5.3.1.-Robos con violencia en vía pública;2021;86
Gipuzkoa;5.3.1.-Robos con violencia en vía pública;2020;52
Gipuzkoa;5.3.1.-Robos con violencia en vía pública;2019;50
Gipuzkoa;5.3.1.-Robos con violencia en vía pública;2018;61
Gipuzkoa;5.3.2.-Robos con violencia en viviendas;2024;4
Gipuzkoa;5.3.2.-Robos con violencia en viviendas;2023;8
Gipuzkoa;5.3.2.-Robos con violencia en viviendas;2022;6
Gipuzkoa;5.3.2.-Robos con violencia en viviendas;2021;2
Gipuzkoa;5.3.2.-Robos con violencia en viviendas;2020;8
Gipuzkoa;5.3.2.-Robos con violencia en viviendas;2019;7
Gipuzkoa;5.3.2.-Robos con violencia en viviendas;2018;3
Gipuzkoa;5.3.3.-Robos con violencia en establecimientos;2024;41
Gipuzkoa;5.3.3.-Robos con violencia en establecimientos;2023;42
Gipuzkoa;5.3.3.-Robos con violencia en establecimientos;2022;30
Gipuzkoa;5.3.3.-Robos con violencia en establecimientos;2021;31
Gipuzkoa;5.3.3.-Robos con violencia en establecimientos;2020;13
Gipuzkoa;5.3.3.-Robos con violencia en establecimientos;2019;24
Gipuzkoa;5.3.3.-Robos con violencia en establecimientos;2018;39
Gipuzkoa;5.4.-Sustracción de vehículos;2024;9
Gipuzkoa;5.4.-Sustracción de vehículos;2023;9
Gipuzkoa;5.4.-Sustracción de vehículos;2022;24
Gipuzkoa;5.4.-Sustracción de vehículos;2021;21
Gipuzkoa;5.4.-Sustracción de vehículos;2020;11
Gipuzkoa;5.4.-Sustracción de vehículos;2019;22
Gipuzkoa;5.4.-Sustracción de vehículos;2018;18
Gipuzkoa;5.5.-Estafas;2024;85
Gipuzkoa;5.5.-Estafas;2023;42
Gipuzkoa;5.5.-Estafas;2022;38
Gipuzkoa;5.5.-Estafas;2021;46
Gipuzkoa;5.5.-Estafas;2020;59
Gipuzkoa;5.5.-Estafas;2019;44
Gipuzkoa;5.5.-Estafas;2018;45
Gipuzkoa;5.5.1.-Estafas informáticas;2024;1.668
Gipuzkoa;5.5.1.-Estafas informáticas;2023;1.183
Gipuzkoa;5.5.1.-Estafas informáticas;2022;1.276
Gipuzkoa;5.5.1.-Estafas informáticas;2021;1.336
Gipuzkoa;5.5.1.-Estafas informáticas;2020;843
Gipuzkoa;5.5.1.-Estafas informáticas;2019;512
Gipuzkoa;5.5.1.-Estafas informáticas;2018;438
Gipuzkoa;5.6.-Daños;2024;38
Gipuzkoa;5.6.-Daños;2023;28
Gipuzkoa;5.6.-Daños;2022;30
Gipuzkoa;5.6.-Daños;2021;35
Gipuzkoa;5.6.-Daños;2020;23
Gipuzkoa;5.6.-Daños;2019;10
Gipuzkoa;5.6.-Daños;2018;19
Gipuzkoa;5.7.-Contra la propiedad intelectual/industrial;2024;1
Gipuzkoa;5.7.-Contra la propiedad intelectual/industrial;2023;3
Gipuzkoa;5.7.-Contra la propiedad intelectual/industrial;2022;3
Gipuzkoa;5.7.-Contra la propiedad intelectual/industrial;2021;3
Gipuzkoa;5.7.-Contra la propiedad intelectual/industrial;2020;1
Gipuzkoa;5.7.-Contra la propiedad intelectual/industrial;2019;4
Gipuzkoa;5.7.-Contra la propiedad intelectual/industrial;2018;3
Gipuzkoa;5.8.-Blanqueo de capitales;2024;0
Gipuzkoa;5.8.-Blanqueo de capitales;2023;0
Gipuzkoa;5.8.-Blanqueo de capitales;2022;0
Gipuzkoa;5.8.-Blanqueo de capitales;2021;0
Gipuzkoa;5.8.-Blanqueo de capitales;2020;0
Gipuzkoa;5.8.-Blanqueo de capitales;2019;0
Gipuzkoa;5.8.-Blanqueo de capitales;2018;7
Gipuzkoa;5.9.-Otros contra el patrimonio;2024;31
Gipuzkoa;5.9.-Otros contra el patrimonio;2023;18
Gipuzkoa;5.9.-Otros contra el patrimonio;2022;20
Gipuzkoa;5.9.-Otros contra el patrimonio;2021;9
Gipuzkoa;5.9.-Otros contra el patrimonio;2020;6
Gipuzkoa;5.9.-Otros contra el patrimonio;2019;11
Gipuzkoa;5.9.-Otros contra el patrimonio;2018;2
Gipuzkoa;6. SEGURIDAD COLECTIVA;2024;296
Gipuzkoa;6. SEGURIDAD COLECTIVA;2023;226
Gipuzkoa;6. SEGURIDAD COLECTIVA;2022;302
Gipuzkoa;6. SEGURIDAD COLECTIVA;2021;225
Gipuzkoa;6. SEGURIDAD COLECTIVA;2020;206
Gipuzkoa;6. SEGURIDAD COLECTIVA;2019;211
Gipuzkoa;6. SEGURIDAD COLECTIVA;2018;240
Gipuzkoa;6.1.-Tráfico de drogas;2024;181
Gipuzkoa;6.1.-Tráfico de drogas;2023;134
Gipuzkoa;6.1.-Tráfico de drogas;2022;180
Gipuzkoa;6.1.-Tráfico de drogas;2021;153
Gipuzkoa;6.1.-Tráfico de drogas;2020;137
Gipuzkoa;6.1.-Tráfico de drogas;2019;103
Gipuzkoa;6.1.-Tráfico de drogas;2018;128
Gipuzkoa;6.2.-Contra la seguridad vial;2024;100
Gipuzkoa;6.2.-Contra la seguridad vial;2023;86
Gipuzkoa;6.2.-Contra la seguridad vial;2022;107
Gipuzkoa;6.2.-Contra la seguridad vial;2021;65
Gipuzkoa;6.2.-Contra la seguridad vial;2020;67
Gipuzkoa;6.2.-Contra la seguridad vial;2019;104
Gipuzkoa;6.2.-Contra la seguridad vial;2018;107
Gipuzkoa;6.3.-Otros contra la seguridad colectiva;2024;15
Gipuzkoa;6.3.-Otros contra la seguridad colectiva;2023;6
Gipuzkoa;6.3.-Otros contra la seguridad colectiva;2022;15
Gipuzkoa;6.3.-Otros contra la seguridad colectiva;2021;7
Gipuzkoa;6.3.-Otros contra la seguridad colectiva;2020;2
Gipuzkoa;6.3.-Otros contra la seguridad colectiva;2019;4
Gipuzkoa;6.3.-Otros contra la seguridad colectiva;2018;5
Gipuzkoa;7. FALSEDADES;2024;42
Gipuzkoa;7. FALSEDADES;2023;55
Gipuzkoa;7. FALSEDADES;2022;69
Gipuzkoa;7. FALSEDADES;2021;106
Gipuzkoa;7. FALSEDADES;2020;69
Gipuzkoa;7. FALSEDADES;2019;71
Gipuzkoa;7. FALSEDADES;2018;65
Gipuzkoa;8. ADMÓN. PÚBLICA;2024;6
Gipuzkoa;8. ADMÓN. PÚBLICA;2023;1
Gipuzkoa;8. ADMÓN. PÚBLICA;2022;0
Gipuzkoa;8. ADMÓN. PÚBLICA;2021;4
Gipuzkoa;8. ADMÓN. PÚBLICA;2020;0
Gipuzkoa;8. ADMÓN. PÚBLICA;2019;0
Gipuzkoa;8. ADMÓN. PÚBLICA;2018;5
Gipuzkoa;9. ADMÓN. JUSTICIA;2024;334
Gipuzkoa;9. ADMÓN. JUSTICIA;2023;287
Gipuzkoa;9. ADMÓN. JUSTICIA;2022;273
Gipuzkoa;9. ADMÓN. JUSTICIA;2021;233
Gipuzkoa;9. ADMÓN. JUSTICIA;2020;145
Gipuzkoa;9. ADMÓN. JUSTICIA;2019;190
Gipuzkoa;9. ADMÓN. JUSTICIA;2018;164
Gipuzkoa;10. ORDEN PÚBLICO;2024;362
Gipuzkoa;10. ORDEN PÚBLICO;2023;352
Gipuzkoa;10. ORDEN PÚBLICO;2022;399
Gipuzkoa;10. ORDEN PÚBLICO;2021;461
Gipuzkoa;10. ORDEN PÚBLICO;2020;379
Gipuzkoa;10. ORDEN PÚBLICO;2019;267
Gipuzkoa;10. ORDEN PÚBLICO;2018;272
Gipuzkoa;11. LEGISLACIÓN ESPECIAL;2024;0
Gipuzkoa;11. LEGISLACIÓN ESPECIAL;2023;2
Gipuzkoa;11. LEGISLACIÓN ESPECIAL;2022;1
Gipuzkoa;11. LEGISLACIÓN ESPECIAL;2021;0
Gipuzkoa;11. LEGISLACIÓN ESPECIAL;2020;0
Gipuzkoa;11. LEGISLACIÓN ESPECIAL;2019;0
Gipuzkoa;11. LEGISLACIÓN ESPECIAL;2018;0
Gipuzkoa;12. OTRAS INFRACCIONES PENALES;2024;22
Gipuzkoa;12. OTRAS INFRACCIONES PENALES;2023;24
Gipuzkoa;12. OTRAS INFRACCIONES PENALES;2022;6
Gipuzkoa;12. OTRAS INFRACCIONES PENALES;2021;10
Gipuzkoa;12. OTRAS INFRACCIONES PENALES;2020;4
Gipuzkoa;12. OTRAS INFRACCIONES PENALES;2019;12
Gipuzkoa;12. OTRAS INFRACCIONES PENALES;2018;9
Gipuzkoa;TOTAL INFRACCIONES PENALES;2024;3.101
Gipuzkoa;TOTAL INFRACCIONES PENALES;2023;2.779
Gipuzkoa;TOTAL INFRACCIONES PENALES;2022;2.761
Gipuzkoa;TOTAL INFRACCIONES PENALES;2021;2.487
Gipuzkoa;TOTAL INFRACCIONES PENALES;2020;1.927
Gipuzkoa;TOTAL INFRACCIONES PENALES;2019;1.898
Gipuzkoa;TOTAL INFRACCIONES PENALES;2018;1.787
Huelva;1. CONTRA LAS PERSONAS;2024;1.702
Huelva;1. CONTRA LAS PERSONAS;2023;1.809
Huelva;1. CONTRA LAS PERSONAS;2022;1.891
Huelva;1. CONTRA LAS PERSONAS;2021;1.508
Huelva;1. CONTRA LAS PERSONAS;2020;1.537
Huelva;1. CONTRA LAS PERSONAS;2019;1.682
Huelva;1. CONTRA LAS PERSONAS;2018;1.451
Huelva;1.1.-Homicidios dolosos/asesinatos;2024;6
Huelva;1.1.-Homicidios dolosos/asesinatos;2023;10
Huelva;1.1.-Homicidios dolosos/asesinatos;2022;17
Huelva;1.1.-Homicidios dolosos/asesinatos;2021;12
Huelva;1.1.-Homicidios dolosos/asesinatos;2020;14
Huelva;1.1.-Homicidios dolosos/asesinatos;2019;12
Huelva;1.1.-Homicidios dolosos/asesinatos;2018;11
Huelva;1.1.1.-Homicidios dolosos/asesinatos consumados;2024;3
Huelva;1.1.1.-Homicidios dolosos/asesinatos consumados;2023;4
Huelva;1.1.1.-Homicidios dolosos/asesinatos consumados;2022;4
Huelva;1.1.1.-Homicidios dolosos/asesinatos consumados;2021;3
Huelva;1.1.1.-Homicidios dolosos/asesinatos consumados;2020;10
Huelva;1.1.1.-Homicidios dolosos/asesinatos consumados;2019;6
Huelva;1.1.1.-Homicidios dolosos/asesinatos consumados;2018;2
Huelva;1.2.-Lesiones;2024;933
Huelva;1.2.-Lesiones;2023;950
Huelva;1.2.-Lesiones;2022;1.078
Huelva;1.2.-Lesiones;2021;790
Huelva;1.2.-Lesiones;2020;787
Huelva;1.2.-Lesiones;2019;916
Huelva;1.2.-Lesiones;2018;730
Huelva;1.3.-Malos tratos ámbito familiar;2024;744
Huelva;1.3.-Malos tratos ámbito familiar;2023;820
Huelva;1.3.-Malos tratos ámbito familiar;2022;768
Huelva;1.3.-Malos tratos ámbito familiar;2021;678
Huelva;1.3.-Malos tratos ámbito familiar;2020;712
Huelva;1.3.-Malos tratos ámbito familiar;2019;739
Huelva;1.3.-Malos tratos ámbito familiar;2018;683
Huelva;1.4.-Otros contra las personas;2024;19
Huelva;1.4.-Otros contra las personas;2023;29
Huelva;1.4.-Otros contra las personas;2022;28
Huelva;1.4.-Otros contra las personas;2021;28
Huelva;1.4.-Otros contra las personas;2020;24
Huelva;1.4.-Otros contra las personas;2019;15
Huelva;1.4.-Otros contra las personas;2018;27
Huelva;2. CONTRA LA LIBERTAD;2024;894
Huelva;2. CONTRA LA LIBERTAD;2023;933
Huelva;2. CONTRA LA LIBERTAD;2022;922
Huelva;2. CONTRA LA LIBERTAD;2021;666
Huelva;2. CONTRA LA LIBERTAD;2020;760
Huelva;2. CONTRA LA LIBERTAD;2019;874
Huelva;2. CONTRA LA LIBERTAD;2018;741
Huelva;2.1.-Malos tratos habituales en el ámbito familiar;2024;239
Huelva;2.1.-Malos tratos habituales en el ámbito familiar;2023;269
Huelva;2.1.-Malos tratos habituales en el ámbito familiar;2022;241
Huelva;2.1.-Malos tratos habituales en el ámbito familiar;2021;172
Huelva;2.1.-Malos tratos habituales en el ámbito familiar;2020;179
Huelva;2.1.-Malos tratos habituales en el ámbito familiar;2019;207
Huelva;2.1.-Malos tratos habituales en el ámbito familiar;2018;215
Huelva;2.2.-Otros contra la libertad;2024;655
Huelva;2.2.-Otros contra la libertad;2023;664
Huelva;2.2.-Otros contra la libertad;2022;681
Huelva;2.2.-Otros contra la libertad;2021;494
Huelva;2.2.-Otros contra la libertad;2020;581
Huelva;2.2.-Otros contra la libertad;2019;667
Huelva;2.2.-Otros contra la libertad;2018;526
Huelva;3. LIBERTAD SEXUAL;2024;133
Huelva;3. LIBERTAD SEXUAL;2023;118
Huelva;3. LIBERTAD SEXUAL;2022;113
Huelva;3. LIBERTAD SEXUAL;2021;124
Huelva;3. LIBERTAD SEXUAL;2020;86
Huelva;3. LIBERTAD SEXUAL;2019;106
Huelva;3. LIBERTAD SEXUAL;2018;95
Huelva;3.1.-Agresión sexual;2024;84
Huelva;3.1.-Agresión sexual;2023;82
Huelva;3.1.-Agresión sexual;2022;89
Huelva;3.1.-Agresión sexual;2021;87
Huelva;3.1.-Agresión sexual;2020;55
Huelva;3.1.-Agresión sexual;2019;67
Huelva;3.1.-Agresión sexual;2018;65
Huelva;3.2.-Agresión sexual con penetración;2024;20
Huelva;3.2.-Agresión sexual con penetración;2023;25
Huelva;3.2.-Agresión sexual con penetración;2022;13
Huelva;3.2.-Agresión sexual con penetración;2021;16
Huelva;3.2.-Agresión sexual con penetración;2020;17
Huelva;3.2.-Agresión sexual con penetración;2019;18
Huelva;3.2.-Agresión sexual con penetración;2018;11
Huelva;3.3.-Corrupción de menores o incapacitados;2024;1
Huelva;3.3.-Corrupción de menores o incapacitados;2023;2
Huelva;3.3.-Corrupción de menores o incapacitados;2022;0
Huelva;3.3.-Corrupción de menores o incapacitados;2021;1
Huelva;3.3.-Corrupción de menores o incapacitados;2020;1
Huelva;3.3.-Corrupción de menores o incapacitados;2019;6
Huelva;3.3.-Corrupción de menores o incapacitados;2018;2
Huelva;3.4.-Pornografía de menores;2024;2
Huelva;3.4.-Pornografía de menores;2023;3
Huelva;3.4.-Pornografía de menores;2022;2
Huelva;3.4.-Pornografía de menores;2021;7
Huelva;3.4.-Pornografía de menores;2020;8
Huelva;3.4.-Pornografía de menores;2019;3
Huelva;3.4.-Pornografía de menores;2018;5
Huelva;3.5.-Otros contra la libertad sexual;2024;26
Huelva;3.5.-Otros contra la libertad sexual;2023;6
Huelva;3.5.-Otros contra la libertad sexual;2022;9
Huelva;3.5.-Otros contra la libertad sexual;2021;13
Huelva;3.5.-Otros contra la libertad sexual;2020;5
Huelva;3.5.-Otros contra la libertad sexual;2019;12
Huelva;3.5.-Otros contra la libertad sexual;2018;12
Huelva;4. RELACIONES FAMILIARES;2024;21
Huelva;4. RELACIONES FAMILIARES;2023;26
Huelva;4. RELACIONES FAMILIARES;2022;24
Huelva;4. RELACIONES FAMILIARES;2021;14
Huelva;4. RELACIONES FAMILIARES;2020;34
Huelva;4. RELACIONES FAMILIARES;2019;38
Huelva;4. RELACIONES FAMILIARES;2018;23
Huelva;5. PATRIMONIO;2024;2.173
Huelva;5. PATRIMONIO;2023;2.243
Huelva;5. PATRIMONIO;2022;2.132
Huelva;5. PATRIMONIO;2021;1.673
Huelva;5. PATRIMONIO;2020;1.771
Huelva;5. PATRIMONIO;2019;2.068
Huelva;5. PATRIMONIO;2018;2.144
Huelva;5.1.-Hurtos;2024;992
Huelva;5.1.-Hurtos;2023;1.135
Huelva;5.1.-Hurtos;2022;906
Huelva;5.1.-Hurtos;2021;695
Huelva;5.1.-Hurtos;2020;663
Huelva;5.1.-Hurtos;2019;871
Huelva;5.1.-Hurtos;2018;1.031
Huelva;5.2.-Robos con fuerza en las cosas;2024;391
Huelva;5.2.-Robos con fuerza en las cosas;2023;403
Huelva;5.2.-Robos con fuerza en las cosas;2022;412
Huelva;5.2.-Robos con fuerza en las cosas;2021;334
Huelva;5.2.-Robos con fuerza en las cosas;2020;393
Huelva;5.2.-Robos con fuerza en las cosas;2019;423
Huelva;5.2.-Robos con fuerza en las cosas;2018;384
Huelva;5.2.1.-Robos con fuerza en las cosas en el interior de vehículos;2024;73
Huelva;5.2.1.-Robos con fuerza en las cosas en el interior de vehículos;2023;75
Huelva;5.2.1.-Robos con fuerza en las cosas en el interior de vehículos;2022;92
Huelva;5.2.1.-Robos con fuerza en las cosas en el interior de vehículos;2021;64
Huelva;5.2.1.-Robos con fuerza en las cosas en el interior de vehículos;2020;56
Huelva;5.2.1.-Robos con fuerza en las cosas en el interior de vehículos;2019;69
Huelva;5.2.1.-Robos con fuerza en las cosas en el interior de vehículos;2018;46
Huelva;5.2.2.-Robos con fuerza en viviendas;2024;123
Huelva;5.2.2.-Robos con fuerza en viviendas;2023;126
Huelva;5.2.2.-Robos con fuerza en viviendas;2022;110
Huelva;5.2.2.-Robos con fuerza en viviendas;2021;108
Huelva;5.2.2.-Robos con fuerza en viviendas;2020;155
Huelva;5.2.2.-Robos con fuerza en viviendas;2019;148
Huelva;5.2.2.-Robos con fuerza en viviendas;2018;140
Huelva;5.2.3.-Robos con fuerza en establecimientos;2024;90
Huelva;5.2.3.-Robos con fuerza en establecimientos;2023;95
Huelva;5.2.3.-Robos con fuerza en establecimientos;2022;83
Huelva;5.2.3.-Robos con fuerza en establecimientos;2021;63
Huelva;5.2.3.-Robos con fuerza en establecimientos;2020;81
Huelva;5.2.3.-Robos con fuerza en establecimientos;2019;107
Huelva;5.2.3.-Robos con fuerza en establecimientos;2018;61
Huelva;5.3.-Robos con violencia o intimidación;2024;157
Huelva;5.3.-Robos con violencia o intimidación;2023;136
Huelva;5.3.-Robos con violencia o intimidación;2022;156
Huelva;5.3.-Robos con violencia o intimidación;2021;142
Huelva;5.3.-Robos con violencia o intimidación;2020;136
Huelva;5.3.-Robos con violencia o intimidación;2019;144
Huelva;5.3.-Robos con violencia o intimidación;2018;138
Huelva;5.3.1.-Robos con violencia en vía pública;2024;80
Huelva;5.3.1.-Robos con violencia en vía pública;2023;70
Huelva;5.3.1.-Robos con violencia en vía pública;2022;68
Huelva;5.3.1.-Robos con violencia en vía pública;2021;92
Huelva;5.3.1.-Robos con violencia en vía pública;2020;64
Huelva;5.3.1.-Robos con violencia en vía pública;2019;60
Huelva;5.3.1.-Robos con violencia en vía pública;2018;59
Huelva;5.3.2.-Robos con violencia en viviendas;2024;20
Huelva;5.3.2.-Robos con violencia en viviendas;2023;10
Huelva;5.3.2.-Robos con violencia en viviendas;2022;21
Huelva;5.3.2.-Robos con violencia en viviendas;2021;17
Huelva;5.3.2.-Robos con violencia en viviendas;2020;15
Huelva;5.3.2.-Robos con violencia en viviendas;2019;29
Huelva;5.3.2.-Robos con violencia en viviendas;2018;21
Huelva;5.3.3.-Robos con violencia en establecimientos;2024;31
Huelva;5.3.3.-Robos con violencia en establecimientos;2023;38
Huelva;5.3.3.-Robos con violencia en establecimientos;2022;39
Huelva;5.3.3.-Robos con violencia en establecimientos;2021;17
Huelva;5.3.3.-Robos con violencia en establecimientos;2020;35
Huelva;5.3.3.-Robos con violencia en establecimientos;2019;23
Huelva;5.3.3.-Robos con violencia en establecimientos;2018;25
Huelva;5.4.-Sustracción de vehículos;2024;60
Huelva;5.4.-Sustracción de vehículos;2023;36
Huelva;5.4.-Sustracción de vehículos;2022;47
Huelva;5.4.-Sustracción de vehículos;2021;28
Huelva;5.4.-Sustracción de vehículos;2020;35
Huelva;5.4.-Sustracción de vehículos;2019;39
Huelva;5.4.-Sustracción de vehículos;2018;33
Huelva;5.5.-Estafas;2024;231
Huelva;5.5.-Estafas;2023;200
Huelva;5.5.-Estafas;2022;216
Huelva;5.5.-Estafas;2021;135
Huelva;5.5.-Estafas;2020;165
Huelva;5.5.-Estafas;2019;163
Huelva;5.5.-Estafas;2018;174
Huelva;5.5.1.-Estafas informáticas;2024;97
Huelva;5.5.1.-Estafas informáticas;2023;87
Huelva;5.5.1.-Estafas informáticas;2022;86
Huelva;5.5.1.-Estafas informáticas;2021;72
Huelva;5.5.1.-Estafas informáticas;2020;75
Huelva;5.5.1.-Estafas informáticas;2019;41
Huelva;5.5.1.-Estafas informáticas;2018;36
Huelva;5.6.-Daños;2024;142
Huelva;5.6.-Daños;2023;159
Huelva;5.6.-Daños;2022;155
Huelva;5.6.-Daños;2021;143
Huelva;5.6.-Daños;2020;125
Huelva;5.6.-Daños;2019;154
Huelva;5.6.-Daños;2018;120
Huelva;5.7.-Contra la propiedad intelectual/industrial;2024;23
Huelva;5.7.-Contra la propiedad intelectual/industrial;2023;23
Huelva;5.7.-Contra la propiedad intelectual/industrial;2022;17
Huelva;5.7.-Contra la propiedad intelectual/industrial;2021;16
Huelva;5.7.-Contra la propiedad intelectual/industrial;2020;19
Huelva;5.7.-Contra la propiedad intelectual/industrial;2019;30
Huelva;5.7.-Contra la propiedad intelectual/industrial;2018;47
Huelva;5.8.-Blanqueo de capitales;2024;4
Huelva;5.8.-Blanqueo de capitales;2023;16
Huelva;5.8.-Blanqueo de capitales;2022;4
Huelva;5.8.-Blanqueo de capitales;2021;8
Huelva;5.8.-Blanqueo de capitales;2020;1
Huelva;5.8.-Blanqueo de capitales;2019;6
Huelva;5.8.-Blanqueo de capitales;2018;1
Huelva;5.9.-Otros contra el patrimonio;2024;173
Huelva;5.9.-Otros contra el patrimonio;2023;135
Huelva;5.9.-Otros contra el patrimonio;2022;219
Huelva;5.9.-Otros contra el patrimonio;2021;172
Huelva;5.9.-Otros contra el patrimonio;2020;234
Huelva;5.9.-Otros contra el patrimonio;2019;238
Huelva;5.9.-Otros contra el patrimonio;2018;216
Huelva;6. SEGURIDAD COLECTIVA;2024;983
Huelva;6. SEGURIDAD COLECTIVA;2023;967
Huelva;6. SEGURIDAD COLECTIVA;2022;1.121
Huelva;6. SEGURIDAD COLECTIVA;2021;940
Huelva;6. SEGURIDAD COLECTIVA;2020;970
Huelva;6. SEGURIDAD COLECTIVA;2019;1.123
Huelva;6. SEGURIDAD COLECTIVA;2018;942
Huelva;6.1.-Tráfico de drogas;2024;237
Huelva;6.1.-Tráfico de drogas;2023;243
Huelva;6.1.-Tráfico de drogas;2022;266
Huelva;6.1.-Tráfico de drogas;2021;288
Huelva;6.1.-Tráfico de drogas;2020;324
Huelva;6.1.-Tráfico de drogas;2019;292
Huelva;6.1.-Tráfico de drogas;2018;247
Huelva;6.2.-Contra la seguridad vial;2024;716
Huelva;6.2.-Contra la seguridad vial;2023;693
Huelva;6.2.-Contra la seguridad vial;2022;809
Huelva;6.2.-Contra la seguridad vial;2021;608
Huelva;6.2.-Contra la seguridad vial;2020;617
Huelva;6.2.-Contra la seguridad vial;2019;765
Huelva;6.2.-Contra la seguridad vial;2018;662
Huelva;6.3.-Otros contra la seguridad colectiva;2024;30
Huelva;6.3.-Otros contra la seguridad colectiva;2023;31
Huelva;6.3.-Otros contra la seguridad colectiva;2022;46
Huelva;6.3.-Otros contra la seguridad colectiva;2021;44
Huelva;6.3.-Otros contra la seguridad colectiva;2020;29
Huelva;6.3.-Otros contra la seguridad colectiva;2019;66
Huelva;6.3.-Otros contra la seguridad colectiva;2018;33
Huelva;7. FALSEDADES;2024;171
Huelva;7. FALSEDADES;2023;197
Huelva;7. FALSEDADES;2022;193
Huelva;7. FALSEDADES;2021;127
Huelva;7. FALSEDADES;2020;167
Huelva;7. FALSEDADES;2019;151
Huelva;7. FALSEDADES;2018;97
Huelva;8. ADMÓN. PÚBLICA;2024;15
Huelva;8. ADMÓN. PÚBLICA;2023;25
Huelva;8. ADMÓN. PÚBLICA;2022;2
Huelva;8. ADMÓN. PÚBLICA;2021;8
Huelva;8. ADMÓN. PÚBLICA;2020;2
Huelva;8. ADMÓN. PÚBLICA;2019;1
Huelva;8. ADMÓN. PÚBLICA;2018;49
Huelva;9. ADMÓN. JUSTICIA;2024;337
Huelva;9. ADMÓN. JUSTICIA;2023;343
Huelva;9. ADMÓN. JUSTICIA;2022;283
Huelva;9. ADMÓN. JUSTICIA;2021;243
Huelva;9. ADMÓN. JUSTICIA;2020;324
Huelva;9. ADMÓN. JUSTICIA;2019;286
Huelva;9. ADMÓN. JUSTICIA;2018;291
Huelva;10. ORDEN PÚBLICO;2024;233
Huelva;10. ORDEN PÚBLICO;2023;234
Huelva;10. ORDEN PÚBLICO;2022;263
Huelva;10. ORDEN PÚBLICO;2021;140
Huelva;10. ORDEN PÚBLICO;2020;284
Huelva;10. ORDEN PÚBLICO;2019;140
Huelva;10. ORDEN PÚBLICO;2018;158
Huelva;11. LEGISLACIÓN ESPECIAL;2024;41
Huelva;11. LEGISLACIÓN ESPECIAL;2023;22
Huelva;11. LEGISLACIÓN ESPECIAL;2022;14
Huelva;11. LEGISLACIÓN ESPECIAL;2021;20
Huelva;11. LEGISLACIÓN ESPECIAL;2020;18
Huelva;11. LEGISLACIÓN ESPECIAL;2019;5
Huelva;11. LEGISLACIÓN ESPECIAL;2018;3
Huelva;12. OTRAS INFRACCIONES PENALES;2024;232
Huelva;12. OTRAS INFRACCIONES PENALES;2023;281
Huelva;12. OTRAS INFRACCIONES PENALES;2022;245
Huelva;12. OTRAS INFRACCIONES PENALES;2021;233
Huelva;12. OTRAS INFRACCIONES PENALES;2020;197
Huelva;12. OTRAS INFRACCIONES PENALES;2019;216
Huelva;12. OTRAS INFRACCIONES PENALES;2018;114
Huelva;TOTAL INFRACCIONES PENALES;2024;6.935
Huelva;TOTAL INFRACCIONES PENALES;2023;7.198
Huelva;TOTAL INFRACCIONES PENALES;2022;7.203
Huelva;TOTAL INFRACCIONES PENALES;2021;5.696
Huelva;TOTAL INFRACCIONES PENALES;2020;6.150
Huelva;TOTAL INFRACCIONES PENALES;2019;6.690
Huelva;TOTAL INFRACCIONES PENALES;2018;6.108
Huesca;1. CONTRA LAS PERSONAS;2024;665
Huesca;1. CONTRA LAS PERSONAS;2023;679
Huesca;1. CONTRA LAS PERSONAS;2022;633
Huesca;1. CONTRA LAS PERSONAS;2021;428
Huesca;1. CONTRA LAS PERSONAS;2020;392
Huesca;1. CONTRA LAS PERSONAS;2019;494
Huesca;1. CONTRA LAS PERSONAS;2018;485
Huesca;1.1.-Homicidios dolosos/asesinatos;2024;8
Huesca;1.1.-Homicidios dolosos/asesinatos;2023;8
Huesca;1.1.-Homicidios dolosos/asesinatos;2022;2
Huesca;1.1.-Homicidios dolosos/asesinatos;2021;1
Huesca;1.1.-Homicidios dolosos/asesinatos;2020;8
Huesca;1.1.-Homicidios dolosos/asesinatos;2019;2
Huesca;1.1.-Homicidios dolosos/asesinatos;2018;2
Huesca;1.1.1.-Homicidios dolosos/asesinatos consumados;2024;1
Huesca;1.1.1.-Homicidios dolosos/asesinatos consumados;2023;1
Huesca;1.1.1.-Homicidios dolosos/asesinatos consumados;2022;0
Huesca;1.1.1.-Homicidios dolosos/asesinatos consumados;2021;1
Huesca;1.1.1.-Homicidios dolosos/asesinatos consumados;2020;1
Huesca;1.1.1.-Homicidios dolosos/asesinatos consumados;2019;1
Huesca;1.1.1.-Homicidios dolosos/asesinatos consumados;2018;1
Huesca;1.2.-Lesiones;2024;290
Huesca;1.2.-Lesiones;2023;302
Huesca;1.2.-Lesiones;2022;342
Huesca;1.2.-Lesiones;2021;215
Huesca;1.2.-Lesiones;2020;162
Huesca;1.2.-Lesiones;2019;255
Huesca;1.2.-Lesiones;2018;236
Huesca;1.3.-Malos tratos ámbito familiar;2024;356
Huesca;1.3.-Malos tratos ámbito familiar;2023;357
Huesca;1.3.-Malos tratos ámbito familiar;2022;275
Huesca;1.3.-Malos tratos ámbito familiar;2021;203
Huesca;1.3.-Malos tratos ámbito familiar;2020;214
Huesca;1.3.-Malos tratos ámbito familiar;2019;221
Huesca;1.3.-Malos tratos ámbito familiar;2018;216
Huesca;1.4.-Otros contra las personas;2024;11
Huesca;1.4.-Otros contra las personas;2023;12
Huesca;1.4.-Otros contra las personas;2022;14
Huesca;1.4.-Otros contra las personas;2021;9
Huesca;1.4.-Otros contra las personas;2020;8
Huesca;1.4.-Otros contra las personas;2019;16
Huesca;1.4.-Otros contra las personas;2018;31
Huesca;2. CONTRA LA LIBERTAD;2024;285
Huesca;2. CONTRA LA LIBERTAD;2023;301
Huesca;2. CONTRA LA LIBERTAD;2022;277
Huesca;2. CONTRA LA LIBERTAD;2021;237
Huesca;2. CONTRA LA LIBERTAD;2020;245
Huesca;2. CONTRA LA LIBERTAD;2019;218
Huesca;2. CONTRA LA LIBERTAD;2018;217
Huesca;2.1.-Malos tratos habituales en el ámbito familiar;2024;64
Huesca;2.1.-Malos tratos habituales en el ámbito familiar;2023;78
Huesca;2.1.-Malos tratos habituales en el ámbito familiar;2022;63
Huesca;2.1.-Malos tratos habituales en el ámbito familiar;2021;65
Huesca;2.1.-Malos tratos habituales en el ámbito familiar;2020;61
Huesca;2.1.-Malos tratos habituales en el ámbito familiar;2019;44
Huesca;2.1.-Malos tratos habituales en el ámbito familiar;2018;51
Huesca;2.2.-Otros contra la libertad;2024;221
Huesca;2.2.-Otros contra la libertad;2023;223
Huesca;2.2.-Otros contra la libertad;2022;214
Huesca;2.2.-Otros contra la libertad;2021;172
Huesca;2.2.-Otros contra la libertad;2020;184
Huesca;2.2.-Otros contra la libertad;2019;174
Huesca;2.2.-Otros contra la libertad;2018;166
Huesca;3. LIBERTAD SEXUAL;2024;62
Huesca;3. LIBERTAD SEXUAL;2023;71
Huesca;3. LIBERTAD SEXUAL;2022;66
Huesca;3. LIBERTAD SEXUAL;2021;54
Huesca;3. LIBERTAD SEXUAL;2020;36
Huesca;3. LIBERTAD SEXUAL;2019;46
Huesca;3. LIBERTAD SEXUAL;2018;33
Huesca;3.1.-Agresión sexual;2024;32
Huesca;3.1.-Agresión sexual;2023;51
Huesca;3.1.-Agresión sexual;2022;35
Huesca;3.1.-Agresión sexual;2021;26
Huesca;3.1.-Agresión sexual;2020;21
Huesca;3.1.-Agresión sexual;2019;32
Huesca;3.1.-Agresión sexual;2018;18
Huesca;3.2.-Agresión sexual con penetración;2024;17
Huesca;3.2.-Agresión sexual con penetración;2023;8
Huesca;3.2.-Agresión sexual con penetración;2022;24
Huesca;3.2.-Agresión sexual con penetración;2021;17
Huesca;3.2.-Agresión sexual con penetración;2020;4
Huesca;3.2.-Agresión sexual con penetración;2019;3
Huesca;3.2.-Agresión sexual con penetración;2018;6
Huesca;3.3.-Corrupción de menores o incapacitados;2024;0
Huesca;3.3.-Corrupción de menores o incapacitados;2023;1
Huesca;3.3.-Corrupción de menores o incapacitados;2022;0
Huesca;3.3.-Corrupción de menores o incapacitados;2021;1
Huesca;3.3.-Corrupción de menores o incapacitados;2020;1
Huesca;3.3.-Corrupción de menores o incapacitados;2019;0
Huesca;3.3.-Corrupción de menores o incapacitados;2018;0
Huesca;3.4.-Pornografía de menores;2024;8
Huesca;3.4.-Pornografía de menores;2023;2
Huesca;3.4.-Pornografía de menores;2022;1
Huesca;3.4.-Pornografía de menores;2021;4
Huesca;3.4.-Pornografía de menores;2020;2
Huesca;3.4.-Pornografía de menores;2019;5
Huesca;3.4.-Pornografía de menores;2018;4
Huesca;3.5.-Otros contra la libertad sexual;2024;5
Huesca;3.5.-Otros contra la libertad sexual;2023;9
Huesca;3.5.-Otros contra la libertad sexual;2022;6
Huesca;3.5.-Otros contra la libertad sexual;2021;6
Huesca;3.5.-Otros contra la libertad sexual;2020;8
Huesca;3.5.-Otros contra la libertad sexual;2019;6
Huesca;3.5.-Otros contra la libertad sexual;2018;5
Huesca;4. RELACIONES FAMILIARES;2024;10
Huesca;4. RELACIONES FAMILIARES;2023;4
Huesca;4. RELACIONES FAMILIARES;2022;1
Huesca;4. RELACIONES FAMILIARES;2021;6
Huesca;4. RELACIONES FAMILIARES;2020;2
Huesca;4. RELACIONES FAMILIARES;2019;2
Huesca;4. RELACIONES FAMILIARES;2018;6
Huesca;5. PATRIMONIO;2024;906
Huesca;5. PATRIMONIO;2023;680
Huesca;5. PATRIMONIO;2022;518
Huesca;5. PATRIMONIO;2021;415
Huesca;5. PATRIMONIO;2020;456
Huesca;5. PATRIMONIO;2019;565
Huesca;5. PATRIMONIO;2018;426
Huesca;5.1.-Hurtos;2024;233
Huesca;5.1.-Hurtos;2023;176
Huesca;5.1.-Hurtos;2022;135
Huesca;5.1.-Hurtos;2021;98
Huesca;5.1.-Hurtos;2020;96
Huesca;5.1.-Hurtos;2019;178
Huesca;5.1.-Hurtos;2018;140
Huesca;5.2.-Robos con fuerza en las cosas;2024;217
Huesca;5.2.-Robos con fuerza en las cosas;2023;147
Huesca;5.2.-Robos con fuerza en las cosas;2022;123
Huesca;5.2.-Robos con fuerza en las cosas;2021;106
Huesca;5.2.-Robos con fuerza en las cosas;2020;112
Huesca;5.2.-Robos con fuerza en las cosas;2019;122
Huesca;5.2.-Robos con fuerza en las cosas;2018;78
Huesca;5.2.1.-Robos con fuerza en las cosas en el interior de vehículos;2024;20
Huesca;5.2.1.-Robos con fuerza en las cosas en el interior de vehículos;2023;21
Huesca;5.2.1.-Robos con fuerza en las cosas en el interior de vehículos;2022;14
Huesca;5.2.1.-Robos con fuerza en las cosas en el interior de vehículos;2021;13
Huesca;5.2.1.-Robos con fuerza en las cosas en el interior de vehículos;2020;11
Huesca;5.2.1.-Robos con fuerza en las cosas en el interior de vehículos;2019;6
Huesca;5.2.1.-Robos con fuerza en las cosas en el interior de vehículos;2018;10
Huesca;5.2.2.-Robos con fuerza en viviendas;2024;51
Huesca;5.2.2.-Robos con fuerza en viviendas;2023;35
Huesca;5.2.2.-Robos con fuerza en viviendas;2022;33
Huesca;5.2.2.-Robos con fuerza en viviendas;2021;33
Huesca;5.2.2.-Robos con fuerza en viviendas;2020;33
Huesca;5.2.2.-Robos con fuerza en viviendas;2019;40
Huesca;5.2.2.-Robos con fuerza en viviendas;2018;19
Huesca;5.2.3.-Robos con fuerza en establecimientos;2024;39
Huesca;5.2.3.-Robos con fuerza en establecimientos;2023;23
Huesca;5.2.3.-Robos con fuerza en establecimientos;2022;20
Huesca;5.2.3.-Robos con fuerza en establecimientos;2021;13
Huesca;5.2.3.-Robos con fuerza en establecimientos;2020;34
Huesca;5.2.3.-Robos con fuerza en establecimientos;2019;26
Huesca;5.2.3.-Robos con fuerza en establecimientos;2018;10
Huesca;5.3.-Robos con violencia o intimidación;2024;84
Huesca;5.3.-Robos con violencia o intimidación;2023;47
Huesca;5.3.-Robos con violencia o intimidación;2022;23
Huesca;5.3.-Robos con violencia o intimidación;2021;15
Huesca;5.3.-Robos con violencia o intimidación;2020;31
Huesca;5.3.-Robos con violencia o intimidación;2019;33
Huesca;5.3.-Robos con violencia o intimidación;2018;22
Huesca;5.3.1.-Robos con violencia en vía pública;2024;38
Huesca;5.3.1.-Robos con violencia en vía pública;2023;28
Huesca;5.3.1.-Robos con violencia en vía pública;2022;10
Huesca;5.3.1.-Robos con violencia en vía pública;2021;5
Huesca;5.3.1.-Robos con violencia en vía pública;2020;14
Huesca;5.3.1.-Robos con violencia en vía pública;2019;15
Huesca;5.3.1.-Robos con violencia en vía pública;2018;10
Huesca;5.3.2.-Robos con violencia en viviendas;2024;19
Huesca;5.3.2.-Robos con violencia en viviendas;2023;2
Huesca;5.3.2.-Robos con violencia en viviendas;2022;3
Huesca;5.3.2.-Robos con violencia en viviendas;2021;7
Huesca;5.3.2.-Robos con violencia en viviendas;2020;2
Huesca;5.3.2.-Robos con violencia en viviendas;2019;5
Huesca;5.3.2.-Robos con violencia en viviendas;2018;0
Huesca;5.3.3.-Robos con violencia en establecimientos;2024;11
Huesca;5.3.3.-Robos con violencia en establecimientos;2023;11
Huesca;5.3.3.-Robos con violencia en establecimientos;2022;5
Huesca;5.3.3.-Robos con violencia en establecimientos;2021;3
Huesca;5.3.3.-Robos con violencia en establecimientos;2020;8
Huesca;5.3.3.-Robos con violencia en establecimientos;2019;8
Huesca;5.3.3.-Robos con violencia en establecimientos;2018;8
Huesca;5.4.-Sustracción de vehículos;2024;15
Huesca;5.4.-Sustracción de vehículos;2023;12
Huesca;5.4.-Sustracción de vehículos;2022;9
Huesca;5.4.-Sustracción de vehículos;2021;13
Huesca;5.4.-Sustracción de vehículos;2020;7
Huesca;5.4.-Sustracción de vehículos;2019;5
Huesca;5.4.-Sustracción de vehículos;2018;3
Huesca;5.5.-Estafas;2024;200
Huesca;5.5.-Estafas;2023;172
Huesca;5.5.-Estafas;2022;113
Huesca;5.5.-Estafas;2021;90
Huesca;5.5.-Estafas;2020;97
Huesca;5.5.-Estafas;2019;90
Huesca;5.5.-Estafas;2018;48
Huesca;5.5.1.-Estafas informáticas;2024;148
Huesca;5.5.1.-Estafas informáticas;2023;112
Huesca;5.5.1.-Estafas informáticas;2022;64
Huesca;5.5.1.-Estafas informáticas;2021;57
Huesca;5.5.1.-Estafas informáticas;2020;50
Huesca;5.5.1.-Estafas informáticas;2019;30
Huesca;5.5.1.-Estafas informáticas;2018;5
Huesca;5.6.-Daños;2024;80
Huesca;5.6.-Daños;2023;55
Huesca;5.6.-Daños;2022;84
Huesca;5.6.-Daños;2021;55
Huesca;5.6.-Daños;2020;64
Huesca;5.6.-Daños;2019;65
Huesca;5.6.-Daños;2018;86
Huesca;5.7.-Contra la propiedad intelectual/industrial;2024;4
Huesca;5.7.-Contra la propiedad intelectual/industrial;2023;3
Huesca;5.7.-Contra la propiedad intelectual/industrial;2022;0
Huesca;5.7.-Contra la propiedad intelectual/industrial;2021;2
Huesca;5.7.-Contra la propiedad intelectual/industrial;2020;2
Huesca;5.7.-Contra la propiedad intelectual/industrial;2019;7
Huesca;5.7.-Contra la propiedad intelectual/industrial;2018;6
Huesca;5.8.-Blanqueo de capitales;2024;0
Huesca;5.8.-Blanqueo de capitales;2023;1
Huesca;5.8.-Blanqueo de capitales;2022;0
Huesca;5.8.-Blanqueo de capitales;2021;0
Huesca;5.8.-Blanqueo de capitales;2020;1
Huesca;5.8.-Blanqueo de capitales;2019;0
Huesca;5.8.-Blanqueo de capitales;2018;0
Huesca;5.9.-Otros contra el patrimonio;2024;73
Huesca;5.9.-Otros contra el patrimonio;2023;67
Huesca;5.9.-Otros contra el patrimonio;2022;31
Huesca;5.9.-Otros contra el patrimonio;2021;36
Huesca;5.9.-Otros contra el patrimonio;2020;46
Huesca;5.9.-Otros contra el patrimonio;2019;65
Huesca;5.9.-Otros contra el patrimonio;2018;43
Huesca;6. SEGURIDAD COLECTIVA;2024;408
Huesca;6. SEGURIDAD COLECTIVA;2023;414
Huesca;6. SEGURIDAD COLECTIVA;2022;401
Huesca;6. SEGURIDAD COLECTIVA;2021;345
Huesca;6. SEGURIDAD COLECTIVA;2020;319
Huesca;6. SEGURIDAD COLECTIVA;2019;350
Huesca;6. SEGURIDAD COLECTIVA;2018;309
Huesca;6.1.-Tráfico de drogas;2024;95
Huesca;6.1.-Tráfico de drogas;2023;118
Huesca;6.1.-Tráfico de drogas;2022;83
Huesca;6.1.-Tráfico de drogas;2021;79
Huesca;6.1.-Tráfico de drogas;2020;94
Huesca;6.1.-Tráfico de drogas;2019;89
Huesca;6.1.-Tráfico de drogas;2018;98
Huesca;6.2.-Contra la seguridad vial;2024;305
Huesca;6.2.-Contra la seguridad vial;2023;294
Huesca;6.2.-Contra la seguridad vial;2022;317
Huesca;6.2.-Contra la seguridad vial;2021;260
Huesca;6.2.-Contra la seguridad vial;2020;224
Huesca;6.2.-Contra la seguridad vial;2019;258
Huesca;6.2.-Contra la seguridad vial;2018;209
Huesca;6.3.-Otros contra la seguridad colectiva;2024;8
Huesca;6.3.-Otros contra la seguridad colectiva;2023;2
Huesca;6.3.-Otros contra la seguridad colectiva;2022;1
Huesca;6.3.-Otros contra la seguridad colectiva;2021;6
Huesca;6.3.-Otros contra la seguridad colectiva;2020;1
Huesca;6.3.-Otros contra la seguridad colectiva;2019;3
Huesca;6.3.-Otros contra la seguridad colectiva;2018;2
Huesca;7. FALSEDADES;2024;75
Huesca;7. FALSEDADES;2023;60
Huesca;7. FALSEDADES;2022;72
Huesca;7. FALSEDADES;2021;82
Huesca;7. FALSEDADES;2020;62
Huesca;7. FALSEDADES;2019;37
Huesca;7. FALSEDADES;2018;46
Huesca;8. ADMÓN. PÚBLICA;2024;1
Huesca;8. ADMÓN. PÚBLICA;2023;0
Huesca;8. ADMÓN. PÚBLICA;2022;1
Huesca;8. ADMÓN. PÚBLICA;2021;0
Huesca;8. ADMÓN. PÚBLICA;2020;1
Huesca;8. ADMÓN. PÚBLICA;2019;0
Huesca;8. ADMÓN. PÚBLICA;2018;3
Huesca;9. ADMÓN. JUSTICIA;2024;188
Huesca;9. ADMÓN. JUSTICIA;2023;201
Huesca;9. ADMÓN. JUSTICIA;2022;134
Huesca;9. ADMÓN. JUSTICIA;2021;93
Huesca;9. ADMÓN. JUSTICIA;2020;91
Huesca;9. ADMÓN. JUSTICIA;2019;108
Huesca;9. ADMÓN. JUSTICIA;2018;88
Huesca;10. ORDEN PÚBLICO;2024;176
Huesca;10. ORDEN PÚBLICO;2023;102
Huesca;10. ORDEN PÚBLICO;2022;112
Huesca;10. ORDEN PÚBLICO;2021;115
Huesca;10. ORDEN PÚBLICO;2020;113
Huesca;10. ORDEN PÚBLICO;2019;77
Huesca;10. ORDEN PÚBLICO;2018;94
Huesca;11. LEGISLACIÓN ESPECIAL;2024;0
Huesca;11. LEGISLACIÓN ESPECIAL;2023;0
Huesca;11. LEGISLACIÓN ESPECIAL;2022;0
Huesca;11. LEGISLACIÓN ESPECIAL;2021;0
Huesca;11. LEGISLACIÓN ESPECIAL;2020;2
Huesca;11. LEGISLACIÓN ESPECIAL;2019;0
Huesca;11. LEGISLACIÓN ESPECIAL;2018;0
Huesca;12. OTRAS INFRACCIONES PENALES;2024;38
Huesca;12. OTRAS INFRACCIONES PENALES;2023;15
Huesca;12. OTRAS INFRACCIONES PENALES;2022;28
Huesca;12. OTRAS INFRACCIONES PENALES;2021;15
Huesca;12. OTRAS INFRACCIONES PENALES;2020;36
Huesca;12. OTRAS INFRACCIONES PENALES;2019;25
Huesca;12. OTRAS INFRACCIONES PENALES;2018;41
Huesca;TOTAL INFRACCIONES PENALES;2024;2.814
Huesca;TOTAL INFRACCIONES PENALES;2023;2.527
Huesca;TOTAL INFRACCIONES PENALES;2022;2.243
Huesca;TOTAL INFRACCIONES PENALES;2021;1.790
Huesca;TOTAL INFRACCIONES PENALES;2020;1.755
Huesca;TOTAL INFRACCIONES PENALES;2019;1.922
Huesca;TOTAL INFRACCIONES PENALES;2018;1.748
Jaén;1. CONTRA LAS PERSONAS;2024;1.454
Jaén;1. CONTRA LAS PERSONAS;2023;1.359
Jaén;1. CONTRA LAS PERSONAS;2022;1.438
Jaén;1. CONTRA LAS PERSONAS;2021;1.226
Jaén;1. CONTRA LAS PERSONAS;2020;1.087
Jaén;1. CONTRA LAS PERSONAS;2019;1.148
Jaén;1. CONTRA LAS PERSONAS;2018;1.125
Jaén;1.1.-Homicidios dolosos/asesinatos;2024;28
Jaén;1.1.-Homicidios dolosos/asesinatos;2023;22
Jaén;1.1.-Homicidios dolosos/asesinatos;2022;24
Jaén;1.1.-Homicidios dolosos/asesinatos;2021;14
Jaén;1.1.-Homicidios dolosos/asesinatos;2020;27
Jaén;1.1.-Homicidios dolosos/asesinatos;2019;17
Jaén;1.1.-Homicidios dolosos/asesinatos;2018;23
Jaén;1.1.1.-Homicidios dolosos/asesinatos consumados;2024;4
Jaén;1.1.1.-Homicidios dolosos/asesinatos consumados;2023;4
Jaén;1.1.1.-Homicidios dolosos/asesinatos consumados;2022;10
Jaén;1.1.1.-Homicidios dolosos/asesinatos consumados;2021;4
Jaén;1.1.1.-Homicidios dolosos/asesinatos consumados;2020;9
Jaén;1.1.1.-Homicidios dolosos/asesinatos consumados;2019;7
Jaén;1.1.1.-Homicidios dolosos/asesinatos consumados;2018;4
Jaén;1.2.-Lesiones;2024;653
Jaén;1.2.-Lesiones;2023;613
Jaén;1.2.-Lesiones;2022;737
Jaén;1.2.-Lesiones;2021;631
Jaén;1.2.-Lesiones;2020;467
Jaén;1.2.-Lesiones;2019;530
Jaén;1.2.-Lesiones;2018;502
Jaén;1.3.-Malos tratos ámbito familiar;2024;741
Jaén;1.3.-Malos tratos ámbito familiar;2023;707
Jaén;1.3.-Malos tratos ámbito familiar;2022;638
Jaén;1.3.-Malos tratos ámbito familiar;2021;561
Jaén;1.3.-Malos tratos ámbito familiar;2020;578
Jaén;1.3.-Malos tratos ámbito familiar;2019;587
Jaén;1.3.-Malos tratos ámbito familiar;2018;584
Jaén;1.4.-Otros contra las personas;2024;32
Jaén;1.4.-Otros contra las personas;2023;17
Jaén;1.4.-Otros contra las personas;2022;39
Jaén;1.4.-Otros contra las personas;2021;20
Jaén;1.4.-Otros contra las personas;2020;15
Jaén;1.4.-Otros contra las personas;2019;14
Jaén;1.4.-Otros contra las personas;2018;16
Jaén;2. CONTRA LA LIBERTAD;2024;761
Jaén;2. CONTRA LA LIBERTAD;2023;886
Jaén;2. CONTRA LA LIBERTAD;2022;838
Jaén;2. CONTRA LA LIBERTAD;2021;777
Jaén;2. CONTRA LA LIBERTAD;2020;726
Jaén;2. CONTRA LA LIBERTAD;2019;630
Jaén;2. CONTRA LA LIBERTAD;2018;623
Jaén;2.1.-Malos tratos habituales en el ámbito familiar;2024;215
Jaén;2.1.-Malos tratos habituales en el ámbito familiar;2023;222
Jaén;2.1.-Malos tratos habituales en el ámbito familiar;2022;205
Jaén;2.1.-Malos tratos habituales en el ámbito familiar;2021;208
Jaén;2.1.-Malos tratos habituales en el ámbito familiar;2020;213
Jaén;2.1.-Malos tratos habituales en el ámbito familiar;2019;225
Jaén;2.1.-Malos tratos habituales en el ámbito familiar;2018;173
Jaén;2.2.-Otros contra la libertad;2024;546
Jaén;2.2.-Otros contra la libertad;2023;664
Jaén;2.2.-Otros contra la libertad;2022;633
Jaén;2.2.-Otros contra la libertad;2021;569
Jaén;2.2.-Otros contra la libertad;2020;513
Jaén;2.2.-Otros contra la libertad;2019;405
Jaén;2.2.-Otros contra la libertad;2018;450
Jaén;3. LIBERTAD SEXUAL;2024;128
Jaén;3. LIBERTAD SEXUAL;2023;114
Jaén;3. LIBERTAD SEXUAL;2022;103
Jaén;3. LIBERTAD SEXUAL;2021;112
Jaén;3. LIBERTAD SEXUAL;2020;79
Jaén;3. LIBERTAD SEXUAL;2019;88
Jaén;3. LIBERTAD SEXUAL;2018;97
Jaén;3.1.-Agresión sexual;2024;94
Jaén;3.1.-Agresión sexual;2023;73
Jaén;3.1.-Agresión sexual;2022;70
Jaén;3.1.-Agresión sexual;2021;74
Jaén;3.1.-Agresión sexual;2020;59
Jaén;3.1.-Agresión sexual;2019;67
Jaén;3.1.-Agresión sexual;2018;53
Jaén;3.2.-Agresión sexual con penetración;2024;19
Jaén;3.2.-Agresión sexual con penetración;2023;22
Jaén;3.2.-Agresión sexual con penetración;2022;17
Jaén;3.2.-Agresión sexual con penetración;2021;20
Jaén;3.2.-Agresión sexual con penetración;2020;14
Jaén;3.2.-Agresión sexual con penetración;2019;7
Jaén;3.2.-Agresión sexual con penetración;2018;21
Jaén;3.3.-Corrupción de menores o incapacitados;2024;1
Jaén;3.3.-Corrupción de menores o incapacitados;2023;2
Jaén;3.3.-Corrupción de menores o incapacitados;2022;1
Jaén;3.3.-Corrupción de menores o incapacitados;2021;1
Jaén;3.3.-Corrupción de menores o incapacitados;2020;2
Jaén;3.3.-Corrupción de menores o incapacitados;2019;2
Jaén;3.3.-Corrupción de menores o incapacitados;2018;3
Jaén;3.4.-Pornografía de menores;2024;3
Jaén;3.4.-Pornografía de menores;2023;5
Jaén;3.4.-Pornografía de menores;2022;4
Jaén;3.4.-Pornografía de menores;2021;5
Jaén;3.4.-Pornografía de menores;2020;0
Jaén;3.4.-Pornografía de menores;2019;3
Jaén;3.4.-Pornografía de menores;2018;7
Jaén;3.5.-Otros contra la libertad sexual;2024;11
Jaén;3.5.-Otros contra la libertad sexual;2023;12
Jaén;3.5.-Otros contra la libertad sexual;2022;11
Jaén;3.5.-Otros contra la libertad sexual;2021;12
Jaén;3.5.-Otros contra la libertad sexual;2020;4
Jaén;3.5.-Otros contra la libertad sexual;2019;9
Jaén;3.5.-Otros contra la libertad sexual;2018;13
Jaén;4. RELACIONES FAMILIARES;2024;32
Jaén;4. RELACIONES FAMILIARES;2023;27
Jaén;4. RELACIONES FAMILIARES;2022;27
Jaén;4. RELACIONES FAMILIARES;2021;29
Jaén;4. RELACIONES FAMILIARES;2020;32
Jaén;4. RELACIONES FAMILIARES;2019;30
Jaén;4. RELACIONES FAMILIARES;2018;32
Jaén;5. PATRIMONIO;2024;1.771
Jaén;5. PATRIMONIO;2023;1.861
Jaén;5. PATRIMONIO;2022;1.761
Jaén;5. PATRIMONIO;2021;1.518
Jaén;5. PATRIMONIO;2020;1.308
Jaén;5. PATRIMONIO;2019;1.533
Jaén;5. PATRIMONIO;2018;1.559
Jaén;5.1.-Hurtos;2024;577
Jaén;5.1.-Hurtos;2023;596
Jaén;5.1.-Hurtos;2022;452
Jaén;5.1.-Hurtos;2021;495
Jaén;5.1.-Hurtos;2020;307
Jaén;5.1.-Hurtos;2019;417
Jaén;5.1.-Hurtos;2018;597
Jaén;5.2.-Robos con fuerza en las cosas;2024;398
Jaén;5.2.-Robos con fuerza en las cosas;2023;471
Jaén;5.2.-Robos con fuerza en las cosas;2022;413
Jaén;5.2.-Robos con fuerza en las cosas;2021;302
Jaén;5.2.-Robos con fuerza en las cosas;2020;297
Jaén;5.2.-Robos con fuerza en las cosas;2019;324
Jaén;5.2.-Robos con fuerza en las cosas;2018;379
Jaén;5.2.1.-Robos con fuerza en las cosas en el interior de vehículos;2024;62
Jaén;5.2.1.-Robos con fuerza en las cosas en el interior de vehículos;2023;50
Jaén;5.2.1.-Robos con fuerza en las cosas en el interior de vehículos;2022;51
Jaén;5.2.1.-Robos con fuerza en las cosas en el interior de vehículos;2021;43
Jaén;5.2.1.-Robos con fuerza en las cosas en el interior de vehículos;2020;45
Jaén;5.2.1.-Robos con fuerza en las cosas en el interior de vehículos;2019;39
Jaén;5.2.1.-Robos con fuerza en las cosas en el interior de vehículos;2018;72
Jaén;5.2.2.-Robos con fuerza en viviendas;2024;114
Jaén;5.2.2.-Robos con fuerza en viviendas;2023;141
Jaén;5.2.2.-Robos con fuerza en viviendas;2022;145
Jaén;5.2.2.-Robos con fuerza en viviendas;2021;96
Jaén;5.2.2.-Robos con fuerza en viviendas;2020;122
Jaén;5.2.2.-Robos con fuerza en viviendas;2019;130
Jaén;5.2.2.-Robos con fuerza en viviendas;2018;132
Jaén;5.2.3.-Robos con fuerza en establecimientos;2024;88
Jaén;5.2.3.-Robos con fuerza en establecimientos;2023;104
Jaén;5.2.3.-Robos con fuerza en establecimientos;2022;63
Jaén;5.2.3.-Robos con fuerza en establecimientos;2021;51
Jaén;5.2.3.-Robos con fuerza en establecimientos;2020;54
Jaén;5.2.3.-Robos con fuerza en establecimientos;2019;67
Jaén;5.2.3.-Robos con fuerza en establecimientos;2018;75
Jaén;5.3.-Robos con violencia o intimidación;2024;107
Jaén;5.3.-Robos con violencia o intimidación;2023;117
Jaén;5.3.-Robos con violencia o intimidación;2022;138
Jaén;5.3.-Robos con violencia o intimidación;2021;104
Jaén;5.3.-Robos con violencia o intimidación;2020;113
Jaén;5.3.-Robos con violencia o intimidación;2019;153
Jaén;5.3.-Robos con violencia o intimidación;2018;109
Jaén;5.3.1.-Robos con violencia en vía pública;2024;50
Jaén;5.3.1.-Robos con violencia en vía pública;2023;49
Jaén;5.3.1.-Robos con violencia en vía pública;2022;79
Jaén;5.3.1.-Robos con violencia en vía pública;2021;53
Jaén;5.3.1.-Robos con violencia en vía pública;2020;61
Jaén;5.3.1.-Robos con violencia en vía pública;2019;76
Jaén;5.3.1.-Robos con violencia en vía pública;2018;45
Jaén;5.3.2.-Robos con violencia en viviendas;2024;26
Jaén;5.3.2.-Robos con violencia en viviendas;2023;17
Jaén;5.3.2.-Robos con violencia en viviendas;2022;10
Jaén;5.3.2.-Robos con violencia en viviendas;2021;17
Jaén;5.3.2.-Robos con violencia en viviendas;2020;8
Jaén;5.3.2.-Robos con violencia en viviendas;2019;24
Jaén;5.3.2.-Robos con violencia en viviendas;2018;15
Jaén;5.3.3.-Robos con violencia en establecimientos;2024;19
Jaén;5.3.3.-Robos con violencia en establecimientos;2023;36
Jaén;5.3.3.-Robos con violencia en establecimientos;2022;28
Jaén;5.3.3.-Robos con violencia en establecimientos;2021;17
Jaén;5.3.3.-Robos con violencia en establecimientos;2020;27
Jaén;5.3.3.-Robos con violencia en establecimientos;2019;32
Jaén;5.3.3.-Robos con violencia en establecimientos;2018;24
Jaén;5.4.-Sustracción de vehículos;2024;33
Jaén;5.4.-Sustracción de vehículos;2023;25
Jaén;5.4.-Sustracción de vehículos;2022;33
Jaén;5.4.-Sustracción de vehículos;2021;25
Jaén;5.4.-Sustracción de vehículos;2020;24
Jaén;5.4.-Sustracción de vehículos;2019;27
Jaén;5.4.-Sustracción de vehículos;2018;26
Jaén;5.5.-Estafas;2024;227
Jaén;5.5.-Estafas;2023;242
Jaén;5.5.-Estafas;2022;280
Jaén;5.5.-Estafas;2021;204
Jaén;5.5.-Estafas;2020;224
Jaén;5.5.-Estafas;2019;242
Jaén;5.5.-Estafas;2018;143
Jaén;5.5.1.-Estafas informáticas;2024;152
Jaén;5.5.1.-Estafas informáticas;2023;178
Jaén;5.5.1.-Estafas informáticas;2022;171
Jaén;5.5.1.-Estafas informáticas;2021;132
Jaén;5.5.1.-Estafas informáticas;2020;132
Jaén;5.5.1.-Estafas informáticas;2019;69
Jaén;5.5.1.-Estafas informáticas;2018;22
Jaén;5.6.-Daños;2024;170
Jaén;5.6.-Daños;2023;197
Jaén;5.6.-Daños;2022;178
Jaén;5.6.-Daños;2021;149
Jaén;5.6.-Daños;2020;167
Jaén;5.6.-Daños;2019;161
Jaén;5.6.-Daños;2018;146
Jaén;5.7.-Contra la propiedad intelectual/industrial;2024;7
Jaén;5.7.-Contra la propiedad intelectual/industrial;2023;3
Jaén;5.7.-Contra la propiedad intelectual/industrial;2022;17
Jaén;5.7.-Contra la propiedad intelectual/industrial;2021;8
Jaén;5.7.-Contra la propiedad intelectual/industrial;2020;4
Jaén;5.7.-Contra la propiedad intelectual/industrial;2019;10
Jaén;5.7.-Contra la propiedad intelectual/industrial;2018;7
Jaén;5.8.-Blanqueo de capitales;2024;1
Jaén;5.8.-Blanqueo de capitales;2023;5
Jaén;5.8.-Blanqueo de capitales;2022;0
Jaén;5.8.-Blanqueo de capitales;2021;3
Jaén;5.8.-Blanqueo de capitales;2020;4
Jaén;5.8.-Blanqueo de capitales;2019;5
Jaén;5.8.-Blanqueo de capitales;2018;0
Jaén;5.9.-Otros contra el patrimonio;2024;251
Jaén;5.9.-Otros contra el patrimonio;2023;205
Jaén;5.9.-Otros contra el patrimonio;2022;250
Jaén;5.9.-Otros contra el patrimonio;2021;228
Jaén;5.9.-Otros contra el patrimonio;2020;168
Jaén;5.9.-Otros contra el patrimonio;2019;194
Jaén;5.9.-Otros contra el patrimonio;2018;152
Jaén;6. SEGURIDAD COLECTIVA;2024;681
Jaén;6. SEGURIDAD COLECTIVA;2023;657
Jaén;6. SEGURIDAD COLECTIVA;2022;676
Jaén;6. SEGURIDAD COLECTIVA;2021;616
Jaén;6. SEGURIDAD COLECTIVA;2020;715
Jaén;6. SEGURIDAD COLECTIVA;2019;698
Jaén;6. SEGURIDAD COLECTIVA;2018;674
Jaén;6.1.-Tráfico de drogas;2024;267
Jaén;6.1.-Tráfico de drogas;2023;246
Jaén;6.1.-Tráfico de drogas;2022;227
Jaén;6.1.-Tráfico de drogas;2021;261
Jaén;6.1.-Tráfico de drogas;2020;309
Jaén;6.1.-Tráfico de drogas;2019;255
Jaén;6.1.-Tráfico de drogas;2018;274
Jaén;6.2.-Contra la seguridad vial;2024;390
Jaén;6.2.-Contra la seguridad vial;2023;389
Jaén;6.2.-Contra la seguridad vial;2022;429
Jaén;6.2.-Contra la seguridad vial;2021;327
Jaén;6.2.-Contra la seguridad vial;2020;352
Jaén;6.2.-Contra la seguridad vial;2019;400
Jaén;6.2.-Contra la seguridad vial;2018;380
Jaén;6.3.-Otros contra la seguridad colectiva;2024;24
Jaén;6.3.-Otros contra la seguridad colectiva;2023;22
Jaén;6.3.-Otros contra la seguridad colectiva;2022;20
Jaén;6.3.-Otros contra la seguridad colectiva;2021;28
Jaén;6.3.-Otros contra la seguridad colectiva;2020;54
Jaén;6.3.-Otros contra la seguridad colectiva;2019;43
Jaén;6.3.-Otros contra la seguridad colectiva;2018;20
Jaén;7. FALSEDADES;2024;146
Jaén;7. FALSEDADES;2023;119
Jaén;7. FALSEDADES;2022;73
Jaén;7. FALSEDADES;2021;99
Jaén;7. FALSEDADES;2020;94
Jaén;7. FALSEDADES;2019;78
Jaén;7. FALSEDADES;2018;103
Jaén;8. ADMÓN. PÚBLICA;2024;1
Jaén;8. ADMÓN. PÚBLICA;2023;0
Jaén;8. ADMÓN. PÚBLICA;2022;3
Jaén;8. ADMÓN. PÚBLICA;2021;23
Jaén;8. ADMÓN. PÚBLICA;2020;6
Jaén;8. ADMÓN. PÚBLICA;2019;8
Jaén;8. ADMÓN. PÚBLICA;2018;1
Jaén;9. ADMÓN. JUSTICIA;2024;469
Jaén;9. ADMÓN. JUSTICIA;2023;488
Jaén;9. ADMÓN. JUSTICIA;2022;370
Jaén;9. ADMÓN. JUSTICIA;2021;326
Jaén;9. ADMÓN. JUSTICIA;2020;310
Jaén;9. ADMÓN. JUSTICIA;2019;327
Jaén;9. ADMÓN. JUSTICIA;2018;303
Jaén;10. ORDEN PÚBLICO;2024;278
Jaén;10. ORDEN PÚBLICO;2023;219
Jaén;10. ORDEN PÚBLICO;2022;244
Jaén;10. ORDEN PÚBLICO;2021;255
Jaén;10. ORDEN PÚBLICO;2020;246
Jaén;10. ORDEN PÚBLICO;2019;196
Jaén;10. ORDEN PÚBLICO;2018;158
Jaén;11. LEGISLACIÓN ESPECIAL;2024;5
Jaén;11. LEGISLACIÓN ESPECIAL;2023;4
Jaén;11. LEGISLACIÓN ESPECIAL;2022;7
Jaén;11. LEGISLACIÓN ESPECIAL;2021;0
Jaén;11. LEGISLACIÓN ESPECIAL;2020;1
Jaén;11. LEGISLACIÓN ESPECIAL;2019;18
Jaén;11. LEGISLACIÓN ESPECIAL;2018;20
Jaén;12. OTRAS INFRACCIONES PENALES;2024;60
Jaén;12. OTRAS INFRACCIONES PENALES;2023;85
Jaén;12. OTRAS INFRACCIONES PENALES;2022;112
Jaén;12. OTRAS INFRACCIONES PENALES;2021;98
Jaén;12. OTRAS INFRACCIONES PENALES;2020;100
Jaén;12. OTRAS INFRACCIONES PENALES;2019;116
Jaén;12. OTRAS INFRACCIONES PENALES;2018;84
Jaén;TOTAL INFRACCIONES PENALES;2024;5.786
Jaén;TOTAL INFRACCIONES PENALES;2023;5.819
Jaén;TOTAL INFRACCIONES PENALES;2022;5.652
Jaén;TOTAL INFRACCIONES PENALES;2021;5.079
Jaén;TOTAL INFRACCIONES PENALES;2020;4.704
Jaén;TOTAL INFRACCIONES PENALES;2019;4.870
Jaén;TOTAL INFRACCIONES PENALES;2018;4.779
León;1. CONTRA LAS PERSONAS;2024;920
León;1. CONTRA LAS PERSONAS;2023;898
León;1. CONTRA LAS PERSONAS;2022;795
León;1. CONTRA LAS PERSONAS;2021;684
León;1. CONTRA LAS PERSONAS;2020;678
León;1. CONTRA LAS PERSONAS;2019;731
León;1. CONTRA LAS PERSONAS;2018;810
León;1.1.-Homicidios dolosos/asesinatos;2024;5
León;1.1.-Homicidios dolosos/asesinatos;2023;15
León;1.1.-Homicidios dolosos/asesinatos;2022;11
León;1.1.-Homicidios dolosos/asesinatos;2021;10
León;1.1.-Homicidios dolosos/asesinatos;2020;19
León;1.1.-Homicidios dolosos/asesinatos;2019;5
León;1.1.-Homicidios dolosos/asesinatos;2018;9
León;1.1.1.-Homicidios dolosos/asesinatos consumados;2024;1
León;1.1.1.-Homicidios dolosos/asesinatos consumados;2023;2
León;1.1.1.-Homicidios dolosos/asesinatos consumados;2022;4
León;1.1.1.-Homicidios dolosos/asesinatos consumados;2021;6
León;1.1.1.-Homicidios dolosos/asesinatos consumados;2020;15
León;1.1.1.-Homicidios dolosos/asesinatos consumados;2019;1
León;1.1.1.-Homicidios dolosos/asesinatos consumados;2018;1
León;1.2.-Lesiones;2024;396
León;1.2.-Lesiones;2023;346
León;1.2.-Lesiones;2022;369
León;1.2.-Lesiones;2021;284
León;1.2.-Lesiones;2020;235
León;1.2.-Lesiones;2019;316
León;1.2.-Lesiones;2018;428
León;1.3.-Malos tratos ámbito familiar;2024;505
León;1.3.-Malos tratos ámbito familiar;2023;514
León;1.3.-Malos tratos ámbito familiar;2022;405
León;1.3.-Malos tratos ámbito familiar;2021;380
León;1.3.-Malos tratos ámbito familiar;2020;415
León;1.3.-Malos tratos ámbito familiar;2019;402
León;1.3.-Malos tratos ámbito familiar;2018;367
León;1.4.-Otros contra las personas;2024;14
León;1.4.-Otros contra las personas;2023;23
León;1.4.-Otros contra las personas;2022;10
León;1.4.-Otros contra las personas;2021;10
León;1.4.-Otros contra las personas;2020;9
León;1.4.-Otros contra las personas;2019;8
León;1.4.-Otros contra las personas;2018;6
León;2. CONTRA LA LIBERTAD;2024;384
León;2. CONTRA LA LIBERTAD;2023;459
León;2. CONTRA LA LIBERTAD;2022;420
León;2. CONTRA LA LIBERTAD;2021;408
León;2. CONTRA LA LIBERTAD;2020;357
León;2. CONTRA LA LIBERTAD;2019;432
León;2. CONTRA LA LIBERTAD;2018;485
León;2.1.-Malos tratos habituales en el ámbito familiar;2024;67
León;2.1.-Malos tratos habituales en el ámbito familiar;2023;92
León;2.1.-Malos tratos habituales en el ámbito familiar;2022;95
León;2.1.-Malos tratos habituales en el ámbito familiar;2021;86
León;2.1.-Malos tratos habituales en el ámbito familiar;2020;72
León;2.1.-Malos tratos habituales en el ámbito familiar;2019;69
León;2.1.-Malos tratos habituales en el ámbito familiar;2018;96
León;2.2.-Otros contra la libertad;2024;317
León;2.2.-Otros contra la libertad;2023;367
León;2.2.-Otros contra la libertad;2022;325
León;2.2.-Otros contra la libertad;2021;322
León;2.2.-Otros contra la libertad;2020;285
León;2.2.-Otros contra la libertad;2019;363
León;2.2.-Otros contra la libertad;2018;389
León;3. LIBERTAD SEXUAL;2024;81
León;3. LIBERTAD SEXUAL;2023;84
León;3. LIBERTAD SEXUAL;2022;84
León;3. LIBERTAD SEXUAL;2021;45
León;3. LIBERTAD SEXUAL;2020;36
León;3. LIBERTAD SEXUAL;2019;53
León;3. LIBERTAD SEXUAL;2018;61
León;3.1.-Agresión sexual;2024;47
León;3.1.-Agresión sexual;2023;45
León;3.1.-Agresión sexual;2022;49
León;3.1.-Agresión sexual;2021;29
León;3.1.-Agresión sexual;2020;23
León;3.1.-Agresión sexual;2019;26
León;3.1.-Agresión sexual;2018;36
León;3.2.-Agresión sexual con penetración;2024;14
León;3.2.-Agresión sexual con penetración;2023;22
León;3.2.-Agresión sexual con penetración;2022;12
León;3.2.-Agresión sexual con penetración;2021;9
León;3.2.-Agresión sexual con penetración;2020;5
León;3.2.-Agresión sexual con penetración;2019;10
León;3.2.-Agresión sexual con penetración;2018;9
León;3.3.-Corrupción de menores o incapacitados;2024;1
León;3.3.-Corrupción de menores o incapacitados;2023;1
León;3.3.-Corrupción de menores o incapacitados;2022;1
León;3.3.-Corrupción de menores o incapacitados;2021;0
León;3.3.-Corrupción de menores o incapacitados;2020;0
León;3.3.-Corrupción de menores o incapacitados;2019;1
León;3.3.-Corrupción de menores o incapacitados;2018;4
León;3.4.-Pornografía de menores;2024;5
León;3.4.-Pornografía de menores;2023;8
León;3.4.-Pornografía de menores;2022;10
León;3.4.-Pornografía de menores;2021;1
León;3.4.-Pornografía de menores;2020;2
León;3.4.-Pornografía de menores;2019;6
León;3.4.-Pornografía de menores;2018;5
León;3.5.-Otros contra la libertad sexual;2024;14
León;3.5.-Otros contra la libertad sexual;2023;8
León;3.5.-Otros contra la libertad sexual;2022;12
León;3.5.-Otros contra la libertad sexual;2021;6
León;3.5.-Otros contra la libertad sexual;2020;6
León;3.5.-Otros contra la libertad sexual;2019;10
León;3.5.-Otros contra la libertad sexual;2018;7
León;4. RELACIONES FAMILIARES;2024;6
León;4. RELACIONES FAMILIARES;2023;8
León;4. RELACIONES FAMILIARES;2022;4
León;4. RELACIONES FAMILIARES;2021;13
León;4. RELACIONES FAMILIARES;2020;8
León;4. RELACIONES FAMILIARES;2019;9
León;4. RELACIONES FAMILIARES;2018;18
León;5. PATRIMONIO;2024;720
León;5. PATRIMONIO;2023;798
León;5. PATRIMONIO;2022;796
León;5. PATRIMONIO;2021;686
León;5. PATRIMONIO;2020;624
León;5. PATRIMONIO;2019;943
León;5. PATRIMONIO;2018;956
León;5.1.-Hurtos;2024;196
León;5.1.-Hurtos;2023;193
León;5.1.-Hurtos;2022;200
León;5.1.-Hurtos;2021;162
León;5.1.-Hurtos;2020;158
León;5.1.-Hurtos;2019;234
León;5.1.-Hurtos;2018;267
León;5.2.-Robos con fuerza en las cosas;2024;162
León;5.2.-Robos con fuerza en las cosas;2023;221
León;5.2.-Robos con fuerza en las cosas;2022;214
León;5.2.-Robos con fuerza en las cosas;2021;187
León;5.2.-Robos con fuerza en las cosas;2020;166
León;5.2.-Robos con fuerza en las cosas;2019;313
León;5.2.-Robos con fuerza en las cosas;2018;249
León;5.2.1.-Robos con fuerza en las cosas en el interior de vehículos;2024;18
León;5.2.1.-Robos con fuerza en las cosas en el interior de vehículos;2023;24
León;5.2.1.-Robos con fuerza en las cosas en el interior de vehículos;2022;15
León;5.2.1.-Robos con fuerza en las cosas en el interior de vehículos;2021;30
León;5.2.1.-Robos con fuerza en las cosas en el interior de vehículos;2020;30
León;5.2.1.-Robos con fuerza en las cosas en el interior de vehículos;2019;41
León;5.2.1.-Robos con fuerza en las cosas en el interior de vehículos;2018;30
León;5.2.2.-Robos con fuerza en viviendas;2024;33
León;5.2.2.-Robos con fuerza en viviendas;2023;61
León;5.2.2.-Robos con fuerza en viviendas;2022;62
León;5.2.2.-Robos con fuerza en viviendas;2021;52
León;5.2.2.-Robos con fuerza en viviendas;2020;42
León;5.2.2.-Robos con fuerza en viviendas;2019;91
León;5.2.2.-Robos con fuerza en viviendas;2018;71
León;5.2.3.-Robos con fuerza en establecimientos;2024;60
León;5.2.3.-Robos con fuerza en establecimientos;2023;73
León;5.2.3.-Robos con fuerza en establecimientos;2022;82
León;5.2.3.-Robos con fuerza en establecimientos;2021;43
León;5.2.3.-Robos con fuerza en establecimientos;2020;48
León;5.2.3.-Robos con fuerza en establecimientos;2019;91
León;5.2.3.-Robos con fuerza en establecimientos;2018;81
León;5.3.-Robos con violencia o intimidación;2024;93
León;5.3.-Robos con violencia o intimidación;2023;72
León;5.3.-Robos con violencia o intimidación;2022;90
León;5.3.-Robos con violencia o intimidación;2021;54
León;5.3.-Robos con violencia o intimidación;2020;42
León;5.3.-Robos con violencia o intimidación;2019;76
León;5.3.-Robos con violencia o intimidación;2018;83
León;5.3.1.-Robos con violencia en vía pública;2024;41
León;5.3.1.-Robos con violencia en vía pública;2023;31
León;5.3.1.-Robos con violencia en vía pública;2022;51
León;5.3.1.-Robos con violencia en vía pública;2021;27
León;5.3.1.-Robos con violencia en vía pública;2020;24
León;5.3.1.-Robos con violencia en vía pública;2019;30
León;5.3.1.-Robos con violencia en vía pública;2018;41
León;5.3.2.-Robos con violencia en viviendas;2024;9
León;5.3.2.-Robos con violencia en viviendas;2023;5
León;5.3.2.-Robos con violencia en viviendas;2022;13
León;5.3.2.-Robos con violencia en viviendas;2021;3
León;5.3.2.-Robos con violencia en viviendas;2020;4
León;5.3.2.-Robos con violencia en viviendas;2019;12
León;5.3.2.-Robos con violencia en viviendas;2018;7
León;5.3.3.-Robos con violencia en establecimientos;2024;35
León;5.3.3.-Robos con violencia en establecimientos;2023;29
León;5.3.3.-Robos con violencia en establecimientos;2022;21
León;5.3.3.-Robos con violencia en establecimientos;2021;15
León;5.3.3.-Robos con violencia en establecimientos;2020;11
León;5.3.3.-Robos con violencia en establecimientos;2019;28
León;5.3.3.-Robos con violencia en establecimientos;2018;21
León;5.4.-Sustracción de vehículos;2024;15
León;5.4.-Sustracción de vehículos;2023;15
León;5.4.-Sustracción de vehículos;2022;23
León;5.4.-Sustracción de vehículos;2021;11
León;5.4.-Sustracción de vehículos;2020;17
León;5.4.-Sustracción de vehículos;2019;22
León;5.4.-Sustracción de vehículos;2018;23
León;5.5.-Estafas;2024;87
León;5.5.-Estafas;2023;125
León;5.5.-Estafas;2022;93
León;5.5.-Estafas;2021;130
León;5.5.-Estafas;2020;95
León;5.5.-Estafas;2019;136
León;5.5.-Estafas;2018;94
León;5.5.1.-Estafas informáticas;2024;48
León;5.5.1.-Estafas informáticas;2023;66
León;5.5.1.-Estafas informáticas;2022;36
León;5.5.1.-Estafas informáticas;2021;66
León;5.5.1.-Estafas informáticas;2020;38
León;5.5.1.-Estafas informáticas;2019;38
León;5.5.1.-Estafas informáticas;2018;11
León;5.6.-Daños;2024;87
León;5.6.-Daños;2023;111
León;5.6.-Daños;2022;116
León;5.6.-Daños;2021;96
León;5.6.-Daños;2020;92
León;5.6.-Daños;2019;106
León;5.6.-Daños;2018;156
León;5.7.-Contra la propiedad intelectual/industrial;2024;13
León;5.7.-Contra la propiedad intelectual/industrial;2023;0
León;5.7.-Contra la propiedad intelectual/industrial;2022;0
León;5.7.-Contra la propiedad intelectual/industrial;2021;8
León;5.7.-Contra la propiedad intelectual/industrial;2020;2
León;5.7.-Contra la propiedad intelectual/industrial;2019;5
León;5.7.-Contra la propiedad intelectual/industrial;2018;7
León;5.8.-Blanqueo de capitales;2024;2
León;5.8.-Blanqueo de capitales;2023;0
León;5.8.-Blanqueo de capitales;2022;0
León;5.8.-Blanqueo de capitales;2021;1
León;5.8.-Blanqueo de capitales;2020;0
León;5.8.-Blanqueo de capitales;2019;0
León;5.8.-Blanqueo de capitales;2018;0
León;5.9.-Otros contra el patrimonio;2024;65
León;5.9.-Otros contra el patrimonio;2023;61
León;5.9.-Otros contra el patrimonio;2022;60
León;5.9.-Otros contra el patrimonio;2021;37
León;5.9.-Otros contra el patrimonio;2020;52
León;5.9.-Otros contra el patrimonio;2019;51
León;5.9.-Otros contra el patrimonio;2018;77
León;6. SEGURIDAD COLECTIVA;2024;496
León;6. SEGURIDAD COLECTIVA;2023;506
León;6. SEGURIDAD COLECTIVA;2022;582
León;6. SEGURIDAD COLECTIVA;2021;575
León;6. SEGURIDAD COLECTIVA;2020;485
León;6. SEGURIDAD COLECTIVA;2019;599
León;6. SEGURIDAD COLECTIVA;2018;517
León;6.1.-Tráfico de drogas;2024;76
León;6.1.-Tráfico de drogas;2023;76
León;6.1.-Tráfico de drogas;2022;99
León;6.1.-Tráfico de drogas;2021;111
León;6.1.-Tráfico de drogas;2020;129
León;6.1.-Tráfico de drogas;2019;98
León;6.1.-Tráfico de drogas;2018;111
León;6.2.-Contra la seguridad vial;2024;405
León;6.2.-Contra la seguridad vial;2023;417
León;6.2.-Contra la seguridad vial;2022;462
León;6.2.-Contra la seguridad vial;2021;443
León;6.2.-Contra la seguridad vial;2020;346
León;6.2.-Contra la seguridad vial;2019;459
León;6.2.-Contra la seguridad vial;2018;389
León;6.3.-Otros contra la seguridad colectiva;2024;15
León;6.3.-Otros contra la seguridad colectiva;2023;13
León;6.3.-Otros contra la seguridad colectiva;2022;21
León;6.3.-Otros contra la seguridad colectiva;2021;21
León;6.3.-Otros contra la seguridad colectiva;2020;10
León;6.3.-Otros contra la seguridad colectiva;2019;42
León;6.3.-Otros contra la seguridad colectiva;2018;17
León;7. FALSEDADES;2024;35
León;7. FALSEDADES;2023;37
León;7. FALSEDADES;2022;48
León;7. FALSEDADES;2021;42
León;7. FALSEDADES;2020;45
León;7. FALSEDADES;2019;31
León;7. FALSEDADES;2018;42
León;8. ADMÓN. PÚBLICA;2024;6
León;8. ADMÓN. PÚBLICA;2023;3
León;8. ADMÓN. PÚBLICA;2022;6
León;8. ADMÓN. PÚBLICA;2021;4
León;8. ADMÓN. PÚBLICA;2020;1
León;8. ADMÓN. PÚBLICA;2019;4
León;8. ADMÓN. PÚBLICA;2018;19
León;9. ADMÓN. JUSTICIA;2024;214
León;9. ADMÓN. JUSTICIA;2023;223
León;9. ADMÓN. JUSTICIA;2022;223
León;9. ADMÓN. JUSTICIA;2021;176
León;9. ADMÓN. JUSTICIA;2020;151
León;9. ADMÓN. JUSTICIA;2019;179
León;9. ADMÓN. JUSTICIA;2018;155
León;10. ORDEN PÚBLICO;2024;193
León;10. ORDEN PÚBLICO;2023;149
León;10. ORDEN PÚBLICO;2022;175
León;10. ORDEN PÚBLICO;2021;154
León;10. ORDEN PÚBLICO;2020;159
León;10. ORDEN PÚBLICO;2019;116
León;10. ORDEN PÚBLICO;2018;94
León;11. LEGISLACIÓN ESPECIAL;2024;0
León;11. LEGISLACIÓN ESPECIAL;2023;0
León;11. LEGISLACIÓN ESPECIAL;2022;0
León;11. LEGISLACIÓN ESPECIAL;2021;0
León;11. LEGISLACIÓN ESPECIAL;2020;0
León;11. LEGISLACIÓN ESPECIAL;2019;0
León;11. LEGISLACIÓN ESPECIAL;2018;1
León;12. OTRAS INFRACCIONES PENALES;2024;42
León;12. OTRAS INFRACCIONES PENALES;2023;78
León;12. OTRAS INFRACCIONES PENALES;2022;32
León;12. OTRAS INFRACCIONES PENALES;2021;33
León;12. OTRAS INFRACCIONES PENALES;2020;34
León;12. OTRAS INFRACCIONES PENALES;2019;27
León;12. OTRAS INFRACCIONES PENALES;2018;42
León;TOTAL INFRACCIONES PENALES;2024;3.097
León;TOTAL INFRACCIONES PENALES;2023;3.243
León;TOTAL INFRACCIONES PENALES;2022;3.165
León;TOTAL INFRACCIONES PENALES;2021;2.820
León;TOTAL INFRACCIONES PENALES;2020;2.578
León;TOTAL INFRACCIONES PENALES;2019;3.124
León;TOTAL INFRACCIONES PENALES;2018;3.200
Lleida;1. CONTRA LAS PERSONAS;2024;1.052
Lleida;1. CONTRA LAS PERSONAS;2023;1.043
Lleida;1. CONTRA LAS PERSONAS;2022;1.070
Lleida;1. CONTRA LAS PERSONAS;2021;928
Lleida;1. CONTRA LAS PERSONAS;2020;830
Lleida;1. CONTRA LAS PERSONAS;2019;228
Lleida;1. CONTRA LAS PERSONAS;2018;255
Lleida;1.1.-Homicidios dolosos/asesinatos;2024;13
Lleida;1.1.-Homicidios dolosos/asesinatos;2023;8
Lleida;1.1.-Homicidios dolosos/asesinatos;2022;7
Lleida;1.1.-Homicidios dolosos/asesinatos;2021;5
Lleida;1.1.-Homicidios dolosos/asesinatos;2020;8
Lleida;1.1.-Homicidios dolosos/asesinatos;2019;8
Lleida;1.1.-Homicidios dolosos/asesinatos;2018;12
Lleida;1.1.1.-Homicidios dolosos/asesinatos consumados;2024;4
Lleida;1.1.1.-Homicidios dolosos/asesinatos consumados;2023;3
Lleida;1.1.1.-Homicidios dolosos/asesinatos consumados;2022;5
Lleida;1.1.1.-Homicidios dolosos/asesinatos consumados;2021;0
Lleida;1.1.1.-Homicidios dolosos/asesinatos consumados;2020;0
Lleida;1.1.1.-Homicidios dolosos/asesinatos consumados;2019;0
Lleida;1.1.1.-Homicidios dolosos/asesinatos consumados;2018;0
Lleida;1.2.-Lesiones;2024;611
Lleida;1.2.-Lesiones;2023;572
Lleida;1.2.-Lesiones;2022;630
Lleida;1.2.-Lesiones;2021;498
Lleida;1.2.-Lesiones;2020;417
Lleida;1.2.-Lesiones;2019;42
Lleida;1.2.-Lesiones;2018;51
Lleida;1.3.-Malos tratos ámbito familiar;2024;394
Lleida;1.3.-Malos tratos ámbito familiar;2023;413
Lleida;1.3.-Malos tratos ámbito familiar;2022;395
Lleida;1.3.-Malos tratos ámbito familiar;2021;383
Lleida;1.3.-Malos tratos ámbito familiar;2020;377
Lleida;1.3.-Malos tratos ámbito familiar;2019;176
Lleida;1.3.-Malos tratos ámbito familiar;2018;191
Lleida;1.4.-Otros contra las personas;2024;34
Lleida;1.4.-Otros contra las personas;2023;50
Lleida;1.4.-Otros contra las personas;2022;38
Lleida;1.4.-Otros contra las personas;2021;42
Lleida;1.4.-Otros contra las personas;2020;28
Lleida;1.4.-Otros contra las personas;2019;2
Lleida;1.4.-Otros contra las personas;2018;1
Lleida;2. CONTRA LA LIBERTAD;2024;1.081
Lleida;2. CONTRA LA LIBERTAD;2023;1.011
Lleida;2. CONTRA LA LIBERTAD;2022;937
Lleida;2. CONTRA LA LIBERTAD;2021;881
Lleida;2. CONTRA LA LIBERTAD;2020;816
Lleida;2. CONTRA LA LIBERTAD;2019;159
Lleida;2. CONTRA LA LIBERTAD;2018;166
Lleida;2.1.-Malos tratos habituales en el ámbito familiar;2024;52
Lleida;2.1.-Malos tratos habituales en el ámbito familiar;2023;68
Lleida;2.1.-Malos tratos habituales en el ámbito familiar;2022;56
Lleida;2.1.-Malos tratos habituales en el ámbito familiar;2021;37
Lleida;2.1.-Malos tratos habituales en el ámbito familiar;2020;40
Lleida;2.1.-Malos tratos habituales en el ámbito familiar;2019;21
Lleida;2.1.-Malos tratos habituales en el ámbito familiar;2018;31
Lleida;2.2.-Otros contra la libertad;2024;1.029
Lleida;2.2.-Otros contra la libertad;2023;943
Lleida;2.2.-Otros contra la libertad;2022;881
Lleida;2.2.-Otros contra la libertad;2021;844
Lleida;2.2.-Otros contra la libertad;2020;776
Lleida;2.2.-Otros contra la libertad;2019;138
Lleida;2.2.-Otros contra la libertad;2018;135
Lleida;3. LIBERTAD SEXUAL;2024;245
Lleida;3. LIBERTAD SEXUAL;2023;172
Lleida;3. LIBERTAD SEXUAL;2022;138
Lleida;3. LIBERTAD SEXUAL;2021;104
Lleida;3. LIBERTAD SEXUAL;2020;50
Lleida;3. LIBERTAD SEXUAL;2019;78
Lleida;3. LIBERTAD SEXUAL;2018;55
Lleida;3.1.-Agresión sexual;2024;113
Lleida;3.1.-Agresión sexual;2023;94
Lleida;3.1.-Agresión sexual;2022;71
Lleida;3.1.-Agresión sexual;2021;47
Lleida;3.1.-Agresión sexual;2020;28
Lleida;3.1.-Agresión sexual;2019;37
Lleida;3.1.-Agresión sexual;2018;26
Lleida;3.2.-Agresión sexual con penetración;2024;105
Lleida;3.2.-Agresión sexual con penetración;2023;54
Lleida;3.2.-Agresión sexual con penetración;2022;50
Lleida;3.2.-Agresión sexual con penetración;2021;40
Lleida;3.2.-Agresión sexual con penetración;2020;13
Lleida;3.2.-Agresión sexual con penetración;2019;29
Lleida;3.2.-Agresión sexual con penetración;2018;23
Lleida;3.3.-Corrupción de menores o incapacitados;2024;2
Lleida;3.3.-Corrupción de menores o incapacitados;2023;2
Lleida;3.3.-Corrupción de menores o incapacitados;2022;1
Lleida;3.3.-Corrupción de menores o incapacitados;2021;0
Lleida;3.3.-Corrupción de menores o incapacitados;2020;0
Lleida;3.3.-Corrupción de menores o incapacitados;2019;1
Lleida;3.3.-Corrupción de menores o incapacitados;2018;0
Lleida;3.4.-Pornografía de menores;2024;7
Lleida;3.4.-Pornografía de menores;2023;10
Lleida;3.4.-Pornografía de menores;2022;7
Lleida;3.4.-Pornografía de menores;2021;6
Lleida;3.4.-Pornografía de menores;2020;0
Lleida;3.4.-Pornografía de menores;2019;5
Lleida;3.4.-Pornografía de menores;2018;5
Lleida;3.5.-Otros contra la libertad sexual;2024;18
Lleida;3.5.-Otros contra la libertad sexual;2023;12
Lleida;3.5.-Otros contra la libertad sexual;2022;9
Lleida;3.5.-Otros contra la libertad sexual;2021;11
Lleida;3.5.-Otros contra la libertad sexual;2020;9
Lleida;3.5.-Otros contra la libertad sexual;2019;6
Lleida;3.5.-Otros contra la libertad sexual;2018;1
Lleida;4. RELACIONES FAMILIARES;2024;89
Lleida;4. RELACIONES FAMILIARES;2023;114
Lleida;4. RELACIONES FAMILIARES;2022;97
Lleida;4. RELACIONES FAMILIARES;2021;89
Lleida;4. RELACIONES FAMILIARES;2020;73
Lleida;4. RELACIONES FAMILIARES;2019;2
Lleida;4. RELACIONES FAMILIARES;2018;0
Lleida;5. PATRIMONIO;2024;2.460
Lleida;5. PATRIMONIO;2023;2.459
Lleida;5. PATRIMONIO;2022;2.394
Lleida;5. PATRIMONIO;2021;1.941
Lleida;5. PATRIMONIO;2020;1.710
Lleida;5. PATRIMONIO;2019;628
Lleida;5. PATRIMONIO;2018;645
Lleida;5.1.-Hurtos;2024;924
Lleida;5.1.-Hurtos;2023;1.115
Lleida;5.1.-Hurtos;2022;957
Lleida;5.1.-Hurtos;2021;626
Lleida;5.1.-Hurtos;2020;501
Lleida;5.1.-Hurtos;2019;116
Lleida;5.1.-Hurtos;2018;86
Lleida;5.2.-Robos con fuerza en las cosas;2024;230
Lleida;5.2.-Robos con fuerza en las cosas;2023;220
Lleida;5.2.-Robos con fuerza en las cosas;2022;202
Lleida;5.2.-Robos con fuerza en las cosas;2021;166
Lleida;5.2.-Robos con fuerza en las cosas;2020;164
Lleida;5.2.-Robos con fuerza en las cosas;2019;254
Lleida;5.2.-Robos con fuerza en las cosas;2018;319
Lleida;5.2.1.-Robos con fuerza en las cosas en el interior de vehículos;2024;40
Lleida;5.2.1.-Robos con fuerza en las cosas en el interior de vehículos;2023;10
Lleida;5.2.1.-Robos con fuerza en las cosas en el interior de vehículos;2022;32
Lleida;5.2.1.-Robos con fuerza en las cosas en el interior de vehículos;2021;23
Lleida;5.2.1.-Robos con fuerza en las cosas en el interior de vehículos;2020;0
Lleida;5.2.1.-Robos con fuerza en las cosas en el interior de vehículos;2019;40
Lleida;5.2.1.-Robos con fuerza en las cosas en el interior de vehículos;2018;60
Lleida;5.2.2.-Robos con fuerza en viviendas;2024;74
Lleida;5.2.2.-Robos con fuerza en viviendas;2023;89
Lleida;5.2.2.-Robos con fuerza en viviendas;2022;54
Lleida;5.2.2.-Robos con fuerza en viviendas;2021;33
Lleida;5.2.2.-Robos con fuerza en viviendas;2020;73
Lleida;5.2.2.-Robos con fuerza en viviendas;2019;2
Lleida;5.2.2.-Robos con fuerza en viviendas;2018;3
Lleida;5.2.3.-Robos con fuerza en establecimientos;2024;43
Lleida;5.2.3.-Robos con fuerza en establecimientos;2023;49
Lleida;5.2.3.-Robos con fuerza en establecimientos;2022;40
Lleida;5.2.3.-Robos con fuerza en establecimientos;2021;30
Lleida;5.2.3.-Robos con fuerza en establecimientos;2020;36
Lleida;5.2.3.-Robos con fuerza en establecimientos;2019;0
Lleida;5.2.3.-Robos con fuerza en establecimientos;2018;1
Lleida;5.3.-Robos con violencia o intimidación;2024;87
Lleida;5.3.-Robos con violencia o intimidación;2023;82
Lleida;5.3.-Robos con violencia o intimidación;2022;88
Lleida;5.3.-Robos con violencia o intimidación;2021;60
Lleida;5.3.-Robos con violencia o intimidación;2020;48
Lleida;5.3.-Robos con violencia o intimidación;2019;158
Lleida;5.3.-Robos con violencia o intimidación;2018;128
Lleida;5.3.1.-Robos con violencia en vía pública;2024;38
Lleida;5.3.1.-Robos con violencia en vía pública;2023;38
Lleida;5.3.1.-Robos con violencia en vía pública;2022;38
Lleida;5.3.1.-Robos con violencia en vía pública;2021;33
Lleida;5.3.1.-Robos con violencia en vía pública;2020;28
Lleida;5.3.1.-Robos con violencia en vía pública;2019;0
Lleida;5.3.1.-Robos con violencia en vía pública;2018;0
Lleida;5.3.2.-Robos con violencia en viviendas;2024;16
Lleida;5.3.2.-Robos con violencia en viviendas;2023;9
Lleida;5.3.2.-Robos con violencia en viviendas;2022;5
Lleida;5.3.2.-Robos con violencia en viviendas;2021;2
Lleida;5.3.2.-Robos con violencia en viviendas;2020;4
Lleida;5.3.2.-Robos con violencia en viviendas;2019;0
Lleida;5.3.2.-Robos con violencia en viviendas;2018;0
Lleida;5.3.3.-Robos con violencia en establecimientos;2024;27
Lleida;5.3.3.-Robos con violencia en establecimientos;2023;31
Lleida;5.3.3.-Robos con violencia en establecimientos;2022;35
Lleida;5.3.3.-Robos con violencia en establecimientos;2021;21
Lleida;5.3.3.-Robos con violencia en establecimientos;2020;15
Lleida;5.3.3.-Robos con violencia en establecimientos;2019;0
Lleida;5.3.3.-Robos con violencia en establecimientos;2018;0
Lleida;5.4.-Sustracción de vehículos;2024;39
Lleida;5.4.-Sustracción de vehículos;2023;36
Lleida;5.4.-Sustracción de vehículos;2022;34
Lleida;5.4.-Sustracción de vehículos;2021;43
Lleida;5.4.-Sustracción de vehículos;2020;31
Lleida;5.4.-Sustracción de vehículos;2019;11
Lleida;5.4.-Sustracción de vehículos;2018;11
Lleida;5.5.-Estafas;2024;380
Lleida;5.5.-Estafas;2023;322
Lleida;5.5.-Estafas;2022;349
Lleida;5.5.-Estafas;2021;295
Lleida;5.5.-Estafas;2020;263
Lleida;5.5.-Estafas;2019;51
Lleida;5.5.-Estafas;2018;48
Lleida;5.5.1.-Estafas informáticas;2024;69
Lleida;5.5.1.-Estafas informáticas;2023;65
Lleida;5.5.1.-Estafas informáticas;2022;73
Lleida;5.5.1.-Estafas informáticas;2021;22
Lleida;5.5.1.-Estafas informáticas;2020;12
Lleida;5.5.1.-Estafas informáticas;2019;19
Lleida;5.5.1.-Estafas informáticas;2018;13
Lleida;5.6.-Daños;2024;287
Lleida;5.6.-Daños;2023;306
Lleida;5.6.-Daños;2022;303
Lleida;5.6.-Daños;2021;311
Lleida;5.6.-Daños;2020;277
Lleida;5.6.-Daños;2019;17
Lleida;5.6.-Daños;2018;13
Lleida;5.7.-Contra la propiedad intelectual/industrial;2024;27
Lleida;5.7.-Contra la propiedad intelectual/industrial;2023;7
Lleida;5.7.-Contra la propiedad intelectual/industrial;2022;10
Lleida;5.7.-Contra la propiedad intelectual/industrial;2021;11
Lleida;5.7.-Contra la propiedad intelectual/industrial;2020;5
Lleida;5.7.-Contra la propiedad intelectual/industrial;2019;4
Lleida;5.7.-Contra la propiedad intelectual/industrial;2018;26
Lleida;5.8.-Blanqueo de capitales;2024;5
Lleida;5.8.-Blanqueo de capitales;2023;0
Lleida;5.8.-Blanqueo de capitales;2022;1
Lleida;5.8.-Blanqueo de capitales;2021;0
Lleida;5.8.-Blanqueo de capitales;2020;0
Lleida;5.8.-Blanqueo de capitales;2019;0
Lleida;5.8.-Blanqueo de capitales;2018;1
Lleida;5.9.-Otros contra el patrimonio;2024;481
Lleida;5.9.-Otros contra el patrimonio;2023;371
Lleida;5.9.-Otros contra el patrimonio;2022;450
Lleida;5.9.-Otros contra el patrimonio;2021;429
Lleida;5.9.-Otros contra el patrimonio;2020;421
Lleida;5.9.-Otros contra el patrimonio;2019;17
Lleida;5.9.-Otros contra el patrimonio;2018;13
Lleida;6. SEGURIDAD COLECTIVA;2024;944
Lleida;6. SEGURIDAD COLECTIVA;2023;949
Lleida;6. SEGURIDAD COLECTIVA;2022;803
Lleida;6. SEGURIDAD COLECTIVA;2021;700
Lleida;6. SEGURIDAD COLECTIVA;2020;511
Lleida;6. SEGURIDAD COLECTIVA;2019;158
Lleida;6. SEGURIDAD COLECTIVA;2018;112
Lleida;6.1.-Tráfico de drogas;2024;120
Lleida;6.1.-Tráfico de drogas;2023;131
Lleida;6.1.-Tráfico de drogas;2022;130
Lleida;6.1.-Tráfico de drogas;2021;109
Lleida;6.1.-Tráfico de drogas;2020;131
Lleida;6.1.-Tráfico de drogas;2019;117
Lleida;6.1.-Tráfico de drogas;2018;87
Lleida;6.2.-Contra la seguridad vial;2024;809
Lleida;6.2.-Contra la seguridad vial;2023;812
Lleida;6.2.-Contra la seguridad vial;2022;662
Lleida;6.2.-Contra la seguridad vial;2021;583
Lleida;6.2.-Contra la seguridad vial;2020;377
Lleida;6.2.-Contra la seguridad vial;2019;37
Lleida;6.2.-Contra la seguridad vial;2018;21
Lleida;6.3.-Otros contra la seguridad colectiva;2024;15
Lleida;6.3.-Otros contra la seguridad colectiva;2023;6
Lleida;6.3.-Otros contra la seguridad colectiva;2022;11
Lleida;6.3.-Otros contra la seguridad colectiva;2021;8
Lleida;6.3.-Otros contra la seguridad colectiva;2020;3
Lleida;6.3.-Otros contra la seguridad colectiva;2019;4
Lleida;6.3.-Otros contra la seguridad colectiva;2018;4
Lleida;7. FALSEDADES;2024;92
Lleida;7. FALSEDADES;2023;100
Lleida;7. FALSEDADES;2022;78
Lleida;7. FALSEDADES;2021;94
Lleida;7. FALSEDADES;2020;58
Lleida;7. FALSEDADES;2019;51
Lleida;7. FALSEDADES;2018;47
Lleida;8. ADMÓN. PÚBLICA;2024;0
Lleida;8. ADMÓN. PÚBLICA;2023;0
Lleida;8. ADMÓN. PÚBLICA;2022;0
Lleida;8. ADMÓN. PÚBLICA;2021;0
Lleida;8. ADMÓN. PÚBLICA;2020;3
Lleida;8. ADMÓN. PÚBLICA;2019;8
Lleida;8. ADMÓN. PÚBLICA;2018;23
Lleida;9. ADMÓN. JUSTICIA;2024;324
Lleida;9. ADMÓN. JUSTICIA;2023;318
Lleida;9. ADMÓN. JUSTICIA;2022;259
Lleida;9. ADMÓN. JUSTICIA;2021;230
Lleida;9. ADMÓN. JUSTICIA;2020;189
Lleida;9. ADMÓN. JUSTICIA;2019;98
Lleida;9. ADMÓN. JUSTICIA;2018;79
Lleida;10. ORDEN PÚBLICO;2024;76
Lleida;10. ORDEN PÚBLICO;2023;89
Lleida;10. ORDEN PÚBLICO;2022;77
Lleida;10. ORDEN PÚBLICO;2021;83
Lleida;10. ORDEN PÚBLICO;2020;91
Lleida;10. ORDEN PÚBLICO;2019;111
Lleida;10. ORDEN PÚBLICO;2018;117
Lleida;11. LEGISLACIÓN ESPECIAL;2024;3
Lleida;11. LEGISLACIÓN ESPECIAL;2023;3
Lleida;11. LEGISLACIÓN ESPECIAL;2022;7
Lleida;11. LEGISLACIÓN ESPECIAL;2021;7
Lleida;11. LEGISLACIÓN ESPECIAL;2020;0
Lleida;11. LEGISLACIÓN ESPECIAL;2019;2
Lleida;11. LEGISLACIÓN ESPECIAL;2018;4
Lleida;12. OTRAS INFRACCIONES PENALES;2024;41
Lleida;12. OTRAS INFRACCIONES PENALES;2023;64
Lleida;12. OTRAS INFRACCIONES PENALES;2022;26
Lleida;12. OTRAS INFRACCIONES PENALES;2021;22
Lleida;12. OTRAS INFRACCIONES PENALES;2020;39
Lleida;12. OTRAS INFRACCIONES PENALES;2019;14
Lleida;12. OTRAS INFRACCIONES PENALES;2018;18
Lleida;TOTAL INFRACCIONES PENALES;2024;6.407
Lleida;TOTAL INFRACCIONES PENALES;2023;6.322
Lleida;TOTAL INFRACCIONES PENALES;2022;5.886
Lleida;TOTAL INFRACCIONES PENALES;2021;5.079
Lleida;TOTAL INFRACCIONES PENALES;2020;4.370
Lleida;TOTAL INFRACCIONES PENALES;2019;1.537
Lleida;TOTAL INFRACCIONES PENALES;2018;1.521
Rioja (La);1. CONTRA LAS PERSONAS;2024;1.048
Rioja (La);1. CONTRA LAS PERSONAS;2023;1.156
Rioja (La);1. CONTRA LAS PERSONAS;2022;1.041
Rioja (La);1. CONTRA LAS PERSONAS;2021;921
Rioja (La);1. CONTRA LAS PERSONAS;2020;797
Rioja (La);1. CONTRA LAS PERSONAS;2019;856
Rioja (La);1. CONTRA LAS PERSONAS;2018;880
Rioja (La);1.1.-Homicidios dolosos/asesinatos;2024;13
Rioja (La);1.1.-Homicidios dolosos/asesinatos;2023;13
Rioja (La);1.1.-Homicidios dolosos/asesinatos;2022;9
Rioja (La);1.1.-Homicidios dolosos/asesinatos;2021;16
Rioja (La);1.1.-Homicidios dolosos/asesinatos;2020;4
Rioja (La);1.1.-Homicidios dolosos/asesinatos;2019;15
Rioja (La);1.1.-Homicidios dolosos/asesinatos;2018;2
Rioja (La);1.1.1.-Homicidios dolosos/asesinatos consumados;2024;7
Rioja (La);1.1.1.-Homicidios dolosos/asesinatos consumados;2023;5
Rioja (La);1.1.1.-Homicidios dolosos/asesinatos consumados;2022;2
Rioja (La);1.1.1.-Homicidios dolosos/asesinatos consumados;2021;10
Rioja (La);1.1.1.-Homicidios dolosos/asesinatos consumados;2020;3
Rioja (La);1.1.1.-Homicidios dolosos/asesinatos consumados;2019;7
Rioja (La);1.1.1.-Homicidios dolosos/asesinatos consumados;2018;0
Rioja (La);1.2.-Lesiones;2024;455
Rioja (La);1.2.-Lesiones;2023;459
Rioja (La);1.2.-Lesiones;2022;505
Rioja (La);1.2.-Lesiones;2021;449
Rioja (La);1.2.-Lesiones;2020;374
Rioja (La);1.2.-Lesiones;2019;390
Rioja (La);1.2.-Lesiones;2018;416
Rioja (La);1.3.-Malos tratos ámbito familiar;2024;559
Rioja (La);1.3.-Malos tratos ámbito familiar;2023;647
Rioja (La);1.3.-Malos tratos ámbito familiar;2022;507
Rioja (La);1.3.-Malos tratos ámbito familiar;2021;448
Rioja (La);1.3.-Malos tratos ámbito familiar;2020;398
Rioja (La);1.3.-Malos tratos ámbito familiar;2019;440
Rioja (La);1.3.-Malos tratos ámbito familiar;2018;454
Rioja (La);1.4.-Otros contra las personas;2024;21
Rioja (La);1.4.-Otros contra las personas;2023;37
Rioja (La);1.4.-Otros contra las personas;2022;20
Rioja (La);1.4.-Otros contra las personas;2021;8
Rioja (La);1.4.-Otros contra las personas;2020;21
Rioja (La);1.4.-Otros contra las personas;2019;11
Rioja (La);1.4.-Otros contra las personas;2018;8
Rioja (La);2. CONTRA LA LIBERTAD;2024;359
Rioja (La);2. CONTRA LA LIBERTAD;2023;366
Rioja (La);2. CONTRA LA LIBERTAD;2022;417
Rioja (La);2. CONTRA LA LIBERTAD;2021;410
Rioja (La);2. CONTRA LA LIBERTAD;2020;292
Rioja (La);2. CONTRA LA LIBERTAD;2019;322
Rioja (La);2. CONTRA LA LIBERTAD;2018;332
Rioja (La);2.1.-Malos tratos habituales en el ámbito familiar;2024;77
Rioja (La);2.1.-Malos tratos habituales en el ámbito familiar;2023;79
Rioja (La);2.1.-Malos tratos habituales en el ámbito familiar;2022;90
Rioja (La);2.1.-Malos tratos habituales en el ámbito familiar;2021;90
Rioja (La);2.1.-Malos tratos habituales en el ámbito familiar;2020;67
Rioja (La);2.1.-Malos tratos habituales en el ámbito familiar;2019;58
Rioja (La);2.1.-Malos tratos habituales en el ámbito familiar;2018;50
Rioja (La);2.2.-Otros contra la libertad;2024;282
Rioja (La);2.2.-Otros contra la libertad;2023;287
Rioja (La);2.2.-Otros contra la libertad;2022;327
Rioja (La);2.2.-Otros contra la libertad;2021;320
Rioja (La);2.2.-Otros contra la libertad;2020;225
Rioja (La);2.2.-Otros contra la libertad;2019;264
Rioja (La);2.2.-Otros contra la libertad;2018;282
Rioja (La);3. LIBERTAD SEXUAL;2024;90
Rioja (La);3. LIBERTAD SEXUAL;2023;107
Rioja (La);3. LIBERTAD SEXUAL;2022;80
Rioja (La);3. LIBERTAD SEXUAL;2021;78
Rioja (La);3. LIBERTAD SEXUAL;2020;90
Rioja (La);3. LIBERTAD SEXUAL;2019;63
Rioja (La);3. LIBERTAD SEXUAL;2018;51
Rioja (La);3.1.-Agresión sexual;2024;70
Rioja (La);3.1.-Agresión sexual;2023;65
Rioja (La);3.1.-Agresión sexual;2022;57
Rioja (La);3.1.-Agresión sexual;2021;53
Rioja (La);3.1.-Agresión sexual;2020;41
Rioja (La);3.1.-Agresión sexual;2019;48
Rioja (La);3.1.-Agresión sexual;2018;28
Rioja (La);3.2.-Agresión sexual con penetración;2024;10
Rioja (La);3.2.-Agresión sexual con penetración;2023;18
Rioja (La);3.2.-Agresión sexual con penetración;2022;15
Rioja (La);3.2.-Agresión sexual con penetración;2021;10
Rioja (La);3.2.-Agresión sexual con penetración;2020;12
Rioja (La);3.2.-Agresión sexual con penetración;2019;12
Rioja (La);3.2.-Agresión sexual con penetración;2018;10
Rioja (La);3.3.-Corrupción de menores o incapacitados;2024;1
Rioja (La);3.3.-Corrupción de menores o incapacitados;2023;3
Rioja (La);3.3.-Corrupción de menores o incapacitados;2022;5
Rioja (La);3.3.-Corrupción de menores o incapacitados;2021;1
Rioja (La);3.3.-Corrupción de menores o incapacitados;2020;3
Rioja (La);3.3.-Corrupción de menores o incapacitados;2019;2
Rioja (La);3.3.-Corrupción de menores o incapacitados;2018;2
Rioja (La);3.4.-Pornografía de menores;2024;1
Rioja (La);3.4.-Pornografía de menores;2023;6
Rioja (La);3.4.-Pornografía de menores;2022;1
Rioja (La);3.4.-Pornografía de menores;2021;4
Rioja (La);3.4.-Pornografía de menores;2020;3
Rioja (La);3.4.-Pornografía de menores;2019;1
Rioja (La);3.4.-Pornografía de menores;2018;8
Rioja (La);3.5.-Otros contra la libertad sexual;2024;8
Rioja (La);3.5.-Otros contra la libertad sexual;2023;15
Rioja (La);3.5.-Otros contra la libertad sexual;2022;2
Rioja (La);3.5.-Otros contra la libertad sexual;2021;10
Rioja (La);3.5.-Otros contra la libertad sexual;2020;31
Rioja (La);3.5.-Otros contra la libertad sexual;2019;0
Rioja (La);3.5.-Otros contra la libertad sexual;2018;3
Rioja (La);4. RELACIONES FAMILIARES;2024;11
Rioja (La);4. RELACIONES FAMILIARES;2023;10
Rioja (La);4. RELACIONES FAMILIARES;2022;6
Rioja (La);4. RELACIONES FAMILIARES;2021;7
Rioja (La);4. RELACIONES FAMILIARES;2020;13
Rioja (La);4. RELACIONES FAMILIARES;2019;9
Rioja (La);4. RELACIONES FAMILIARES;2018;10
Rioja (La);5. PATRIMONIO;2024;1.022
Rioja (La);5. PATRIMONIO;2023;1.144
Rioja (La);5. PATRIMONIO;2022;1.050
Rioja (La);5. PATRIMONIO;2021;802
Rioja (La);5. PATRIMONIO;2020;737
Rioja (La);5. PATRIMONIO;2019;1.060
Rioja (La);5. PATRIMONIO;2018;1.015
Rioja (La);5.1.-Hurtos;2024;516
Rioja (La);5.1.-Hurtos;2023;595
Rioja (La);5.1.-Hurtos;2022;534
Rioja (La);5.1.-Hurtos;2021;345
Rioja (La);5.1.-Hurtos;2020;347
Rioja (La);5.1.-Hurtos;2019;494
Rioja (La);5.1.-Hurtos;2018;564
Rioja (La);5.2.-Robos con fuerza en las cosas;2024;169
Rioja (La);5.2.-Robos con fuerza en las cosas;2023;157
Rioja (La);5.2.-Robos con fuerza en las cosas;2022;158
Rioja (La);5.2.-Robos con fuerza en las cosas;2021;147
Rioja (La);5.2.-Robos con fuerza en las cosas;2020;125
Rioja (La);5.2.-Robos con fuerza en las cosas;2019;158
Rioja (La);5.2.-Robos con fuerza en las cosas;2018;141
Rioja (La);5.2.1.-Robos con fuerza en las cosas en el interior de vehículos;2024;24
Rioja (La);5.2.1.-Robos con fuerza en las cosas en el interior de vehículos;2023;16
Rioja (La);5.2.1.-Robos con fuerza en las cosas en el interior de vehículos;2022;20
Rioja (La);5.2.1.-Robos con fuerza en las cosas en el interior de vehículos;2021;31
Rioja (La);5.2.1.-Robos con fuerza en las cosas en el interior de vehículos;2020;17
Rioja (La);5.2.1.-Robos con fuerza en las cosas en el interior de vehículos;2019;14
Rioja (La);5.2.1.-Robos con fuerza en las cosas en el interior de vehículos;2018;20
Rioja (La);5.2.2.-Robos con fuerza en viviendas;2024;66
Rioja (La);5.2.2.-Robos con fuerza en viviendas;2023;63
Rioja (La);5.2.2.-Robos con fuerza en viviendas;2022;45
Rioja (La);5.2.2.-Robos con fuerza en viviendas;2021;57
Rioja (La);5.2.2.-Robos con fuerza en viviendas;2020;52
Rioja (La);5.2.2.-Robos con fuerza en viviendas;2019;54
Rioja (La);5.2.2.-Robos con fuerza en viviendas;2018;45
Rioja (La);5.2.3.-Robos con fuerza en establecimientos;2024;34
Rioja (La);5.2.3.-Robos con fuerza en establecimientos;2023;32
Rioja (La);5.2.3.-Robos con fuerza en establecimientos;2022;34
Rioja (La);5.2.3.-Robos con fuerza en establecimientos;2021;30
Rioja (La);5.2.3.-Robos con fuerza en establecimientos;2020;30
Rioja (La);5.2.3.-Robos con fuerza en establecimientos;2019;30
Rioja (La);5.2.3.-Robos con fuerza en establecimientos;2018;32
Rioja (La);5.3.-Robos con violencia o intimidación;2024;66
Rioja (La);5.3.-Robos con violencia o intimidación;2023;84
Rioja (La);5.3.-Robos con violencia o intimidación;2022;73
Rioja (La);5.3.-Robos con violencia o intimidación;2021;53
Rioja (La);5.3.-Robos con violencia o intimidación;2020;60
Rioja (La);5.3.-Robos con violencia o intimidación;2019;46
Rioja (La);5.3.-Robos con violencia o intimidación;2018;44
Rioja (La);5.3.1.-Robos con violencia en vía pública;2024;34
Rioja (La);5.3.1.-Robos con violencia en vía pública;2023;36
Rioja (La);5.3.1.-Robos con violencia en vía pública;2022;33
Rioja (La);5.3.1.-Robos con violencia en vía pública;2021;33
Rioja (La);5.3.1.-Robos con violencia en vía pública;2020;34
Rioja (La);5.3.1.-Robos con violencia en vía pública;2019;28
Rioja (La);5.3.1.-Robos con violencia en vía pública;2018;21
Rioja (La);5.3.2.-Robos con violencia en viviendas;2024;2
Rioja (La);5.3.2.-Robos con violencia en viviendas;2023;9
Rioja (La);5.3.2.-Robos con violencia en viviendas;2022;10
Rioja (La);5.3.2.-Robos con violencia en viviendas;2021;6
Rioja (La);5.3.2.-Robos con violencia en viviendas;2020;1
Rioja (La);5.3.2.-Robos con violencia en viviendas;2019;1
Rioja (La);5.3.2.-Robos con violencia en viviendas;2018;7
Rioja (La);5.3.3.-Robos con violencia en establecimientos;2024;22
Rioja (La);5.3.3.-Robos con violencia en establecimientos;2023;27
Rioja (La);5.3.3.-Robos con violencia en establecimientos;2022;23
Rioja (La);5.3.3.-Robos con violencia en establecimientos;2021;13
Rioja (La);5.3.3.-Robos con violencia en establecimientos;2020;18
Rioja (La);5.3.3.-Robos con violencia en establecimientos;2019;15
Rioja (La);5.3.3.-Robos con violencia en establecimientos;2018;8
Rioja (La);5.4.-Sustracción de vehículos;2024;15
Rioja (La);5.4.-Sustracción de vehículos;2023;20
Rioja (La);5.4.-Sustracción de vehículos;2022;26
Rioja (La);5.4.-Sustracción de vehículos;2021;18
Rioja (La);5.4.-Sustracción de vehículos;2020;8
Rioja (La);5.4.-Sustracción de vehículos;2019;22
Rioja (La);5.4.-Sustracción de vehículos;2018;18
Rioja (La);5.5.-Estafas;2024;79
Rioja (La);5.5.-Estafas;2023;84
Rioja (La);5.5.-Estafas;2022;64
Rioja (La);5.5.-Estafas;2021;62
Rioja (La);5.5.-Estafas;2020;41
Rioja (La);5.5.-Estafas;2019;68
Rioja (La);5.5.-Estafas;2018;73
Rioja (La);5.5.1.-Estafas informáticas;2024;33
Rioja (La);5.5.1.-Estafas informáticas;2023;34
Rioja (La);5.5.1.-Estafas informáticas;2022;25
Rioja (La);5.5.1.-Estafas informáticas;2021;31
Rioja (La);5.5.1.-Estafas informáticas;2020;18
Rioja (La);5.5.1.-Estafas informáticas;2019;18
Rioja (La);5.5.1.-Estafas informáticas;2018;9
Rioja (La);5.6.-Daños;2024;73
Rioja (La);5.6.-Daños;2023;109
Rioja (La);5.6.-Daños;2022;107
Rioja (La);5.6.-Daños;2021;100
Rioja (La);5.6.-Daños;2020;86
Rioja (La);5.6.-Daños;2019;85
Rioja (La);5.6.-Daños;2018;83
Rioja (La);5.7.-Contra la propiedad intelectual/industrial;2024;4
Rioja (La);5.7.-Contra la propiedad intelectual/industrial;2023;0
Rioja (La);5.7.-Contra la propiedad intelectual/industrial;2022;2
Rioja (La);5.7.-Contra la propiedad intelectual/industrial;2021;1
Rioja (La);5.7.-Contra la propiedad intelectual/industrial;2020;1
Rioja (La);5.7.-Contra la propiedad intelectual/industrial;2019;42
Rioja (La);5.7.-Contra la propiedad intelectual/industrial;2018;17
Rioja (La);5.8.-Blanqueo de capitales;2024;2
Rioja (La);5.8.-Blanqueo de capitales;2023;0
Rioja (La);5.8.-Blanqueo de capitales;2022;3
Rioja (La);5.8.-Blanqueo de capitales;2021;1
Rioja (La);5.8.-Blanqueo de capitales;2020;0
Rioja (La);5.8.-Blanqueo de capitales;2019;2
Rioja (La);5.8.-Blanqueo de capitales;2018;12
Rioja (La);5.9.-Otros contra el patrimonio;2024;98
Rioja (La);5.9.-Otros contra el patrimonio;2023;95
Rioja (La);5.9.-Otros contra el patrimonio;2022;83
Rioja (La);5.9.-Otros contra el patrimonio;2021;75
Rioja (La);5.9.-Otros contra el patrimonio;2020;69
Rioja (La);5.9.-Otros contra el patrimonio;2019;143
Rioja (La);5.9.-Otros contra el patrimonio;2018;63
Rioja (La);6. SEGURIDAD COLECTIVA;2024;451
Rioja (La);6. SEGURIDAD COLECTIVA;2023;466
Rioja (La);6. SEGURIDAD COLECTIVA;2022;512
Rioja (La);6. SEGURIDAD COLECTIVA;2021;455
Rioja (La);6. SEGURIDAD COLECTIVA;2020;320
Rioja (La);6. SEGURIDAD COLECTIVA;2019;441
Rioja (La);6. SEGURIDAD COLECTIVA;2018;380
Rioja (La);6.1.-Tráfico de drogas;2024;132
Rioja (La);6.1.-Tráfico de drogas;2023;162
Rioja (La);6.1.-Tráfico de drogas;2022;156
Rioja (La);6.1.-Tráfico de drogas;2021;158
Rioja (La);6.1.-Tráfico de drogas;2020;129
Rioja (La);6.1.-Tráfico de drogas;2019;170
Rioja (La);6.1.-Tráfico de drogas;2018;137
Rioja (La);6.2.-Contra la seguridad vial;2024;304
Rioja (La);6.2.-Contra la seguridad vial;2023;299
Rioja (La);6.2.-Contra la seguridad vial;2022;348
Rioja (La);6.2.-Contra la seguridad vial;2021;281
Rioja (La);6.2.-Contra la seguridad vial;2020;179
Rioja (La);6.2.-Contra la seguridad vial;2019;261
Rioja (La);6.2.-Contra la seguridad vial;2018;237
Rioja (La);6.3.-Otros contra la seguridad colectiva;2024;15
Rioja (La);6.3.-Otros contra la seguridad colectiva;2023;5
Rioja (La);6.3.-Otros contra la seguridad colectiva;2022;8
Rioja (La);6.3.-Otros contra la seguridad colectiva;2021;16
Rioja (La);6.3.-Otros contra la seguridad colectiva;2020;12
Rioja (La);6.3.-Otros contra la seguridad colectiva;2019;10
Rioja (La);6.3.-Otros contra la seguridad colectiva;2018;6
Rioja (La);7. FALSEDADES;2024;63
Rioja (La);7. FALSEDADES;2023;59
Rioja (La);7. FALSEDADES;2022;67
Rioja (La);7. FALSEDADES;2021;52
Rioja (La);7. FALSEDADES;2020;28
Rioja (La);7. FALSEDADES;2019;41
Rioja (La);7. FALSEDADES;2018;37
Rioja (La);8. ADMÓN. PÚBLICA;2024;2
Rioja (La);8. ADMÓN. PÚBLICA;2023;7
Rioja (La);8. ADMÓN. PÚBLICA;2022;0
Rioja (La);8. ADMÓN. PÚBLICA;2021;3
Rioja (La);8. ADMÓN. PÚBLICA;2020;0
Rioja (La);8. ADMÓN. PÚBLICA;2019;13
Rioja (La);8. ADMÓN. PÚBLICA;2018;5
Rioja (La);9. ADMÓN. JUSTICIA;2024;240
Rioja (La);9. ADMÓN. JUSTICIA;2023;237
Rioja (La);9. ADMÓN. JUSTICIA;2022;210
Rioja (La);9. ADMÓN. JUSTICIA;2021;179
Rioja (La);9. ADMÓN. JUSTICIA;2020;104
Rioja (La);9. ADMÓN. JUSTICIA;2019;182
Rioja (La);9. ADMÓN. JUSTICIA;2018;159
Rioja (La);10. ORDEN PÚBLICO;2024;142
Rioja (La);10. ORDEN PÚBLICO;2023;139
Rioja (La);10. ORDEN PÚBLICO;2022;144
Rioja (La);10. ORDEN PÚBLICO;2021;197
Rioja (La);10. ORDEN PÚBLICO;2020;213
Rioja (La);10. ORDEN PÚBLICO;2019;100
Rioja (La);10. ORDEN PÚBLICO;2018;75
Rioja (La);11. LEGISLACIÓN ESPECIAL;2024;0
Rioja (La);11. LEGISLACIÓN ESPECIAL;2023;4
Rioja (La);11. LEGISLACIÓN ESPECIAL;2022;0
Rioja (La);11. LEGISLACIÓN ESPECIAL;2021;0
Rioja (La);11. LEGISLACIÓN ESPECIAL;2020;0
Rioja (La);11. LEGISLACIÓN ESPECIAL;2019;0
Rioja (La);11. LEGISLACIÓN ESPECIAL;2018;2
Rioja (La);12. OTRAS INFRACCIONES PENALES;2024;42
Rioja (La);12. OTRAS INFRACCIONES PENALES;2023;34
Rioja (La);12. OTRAS INFRACCIONES PENALES;2022;22
Rioja (La);12. OTRAS INFRACCIONES PENALES;2021;31
Rioja (La);12. OTRAS INFRACCIONES PENALES;2020;31
Rioja (La);12. OTRAS INFRACCIONES PENALES;2019;33
Rioja (La);12. OTRAS INFRACCIONES PENALES;2018;25
Rioja (La);TOTAL INFRACCIONES PENALES;2024;3.470
Rioja (La);TOTAL INFRACCIONES PENALES;2023;3.729
Rioja (La);TOTAL INFRACCIONES PENALES;2022;3.549
Rioja (La);TOTAL INFRACCIONES PENALES;2021;3.135
Rioja (La);TOTAL INFRACCIONES PENALES;2020;2.625
Rioja (La);TOTAL INFRACCIONES PENALES;2019;3.120
Rioja (La);TOTAL INFRACCIONES PENALES;2018;2.971
Lugo;1. CONTRA LAS PERSONAS;2024;757
Lugo;1. CONTRA LAS PERSONAS;2023;841
Lugo;1. CONTRA LAS PERSONAS;2022;680
Lugo;1. CONTRA LAS PERSONAS;2021;553
Lugo;1. CONTRA LAS PERSONAS;2020;560
Lugo;1. CONTRA LAS PERSONAS;2019;660
Lugo;1. CONTRA LAS PERSONAS;2018;692
Lugo;1.1.-Homicidios dolosos/asesinatos;2024;7
Lugo;1.1.-Homicidios dolosos/asesinatos;2023;11
Lugo;1.1.-Homicidios dolosos/asesinatos;2022;8
Lugo;1.1.-Homicidios dolosos/asesinatos;2021;6
Lugo;1.1.-Homicidios dolosos/asesinatos;2020;4
Lugo;1.1.-Homicidios dolosos/asesinatos;2019;4
Lugo;1.1.-Homicidios dolosos/asesinatos;2018;2
Lugo;1.1.1.-Homicidios dolosos/asesinatos consumados;2024;3
Lugo;1.1.1.-Homicidios dolosos/asesinatos consumados;2023;0
Lugo;1.1.1.-Homicidios dolosos/asesinatos consumados;2022;1
Lugo;1.1.1.-Homicidios dolosos/asesinatos consumados;2021;0
Lugo;1.1.1.-Homicidios dolosos/asesinatos consumados;2020;1
Lugo;1.1.1.-Homicidios dolosos/asesinatos consumados;2019;3
Lugo;1.1.1.-Homicidios dolosos/asesinatos consumados;2018;1
Lugo;1.2.-Lesiones;2024;289
Lugo;1.2.-Lesiones;2023;338
Lugo;1.2.-Lesiones;2022;265
Lugo;1.2.-Lesiones;2021;213
Lugo;1.2.-Lesiones;2020;211
Lugo;1.2.-Lesiones;2019;269
Lugo;1.2.-Lesiones;2018;271
Lugo;1.3.-Malos tratos ámbito familiar;2024;455
Lugo;1.3.-Malos tratos ámbito familiar;2023;471
Lugo;1.3.-Malos tratos ámbito familiar;2022;392
Lugo;1.3.-Malos tratos ámbito familiar;2021;320
Lugo;1.3.-Malos tratos ámbito familiar;2020;338
Lugo;1.3.-Malos tratos ámbito familiar;2019;376
Lugo;1.3.-Malos tratos ámbito familiar;2018;393
Lugo;1.4.-Otros contra las personas;2024;6
Lugo;1.4.-Otros contra las personas;2023;21
Lugo;1.4.-Otros contra las personas;2022;15
Lugo;1.4.-Otros contra las personas;2021;14
Lugo;1.4.-Otros contra las personas;2020;7
Lugo;1.4.-Otros contra las personas;2019;11
Lugo;1.4.-Otros contra las personas;2018;26
Lugo;2. CONTRA LA LIBERTAD;2024;320
Lugo;2. CONTRA LA LIBERTAD;2023;294
Lugo;2. CONTRA LA LIBERTAD;2022;287
Lugo;2. CONTRA LA LIBERTAD;2021;245
Lugo;2. CONTRA LA LIBERTAD;2020;266
Lugo;2. CONTRA LA LIBERTAD;2019;244
Lugo;2. CONTRA LA LIBERTAD;2018;245
Lugo;2.1.-Malos tratos habituales en el ámbito familiar;2024;59
Lugo;2.1.-Malos tratos habituales en el ámbito familiar;2023;70
Lugo;2.1.-Malos tratos habituales en el ámbito familiar;2022;81
Lugo;2.1.-Malos tratos habituales en el ámbito familiar;2021;60
Lugo;2.1.-Malos tratos habituales en el ámbito familiar;2020;86
Lugo;2.1.-Malos tratos habituales en el ámbito familiar;2019;72
Lugo;2.1.-Malos tratos habituales en el ámbito familiar;2018;78
Lugo;2.2.-Otros contra la libertad;2024;261
Lugo;2.2.-Otros contra la libertad;2023;224
Lugo;2.2.-Otros contra la libertad;2022;206
Lugo;2.2.-Otros contra la libertad;2021;185
Lugo;2.2.-Otros contra la libertad;2020;180
Lugo;2.2.-Otros contra la libertad;2019;172
Lugo;2.2.-Otros contra la libertad;2018;167
Lugo;3. LIBERTAD SEXUAL;2024;69
Lugo;3. LIBERTAD SEXUAL;2023;72
Lugo;3. LIBERTAD SEXUAL;2022;50
Lugo;3. LIBERTAD SEXUAL;2021;44
Lugo;3. LIBERTAD SEXUAL;2020;47
Lugo;3. LIBERTAD SEXUAL;2019;45
Lugo;3. LIBERTAD SEXUAL;2018;37
Lugo;3.1.-Agresión sexual;2024;47
Lugo;3.1.-Agresión sexual;2023;46
Lugo;3.1.-Agresión sexual;2022;33
Lugo;3.1.-Agresión sexual;2021;22
Lugo;3.1.-Agresión sexual;2020;27
Lugo;3.1.-Agresión sexual;2019;31
Lugo;3.1.-Agresión sexual;2018;25
Lugo;3.2.-Agresión sexual con penetración;2024;11
Lugo;3.2.-Agresión sexual con penetración;2023;22
Lugo;3.2.-Agresión sexual con penetración;2022;8
Lugo;3.2.-Agresión sexual con penetración;2021;9
Lugo;3.2.-Agresión sexual con penetración;2020;12
Lugo;3.2.-Agresión sexual con penetración;2019;5
Lugo;3.2.-Agresión sexual con penetración;2018;6
Lugo;3.3.-Corrupción de menores o incapacitados;2024;0
Lugo;3.3.-Corrupción de menores o incapacitados;2023;0
Lugo;3.3.-Corrupción de menores o incapacitados;2022;0
Lugo;3.3.-Corrupción de menores o incapacitados;2021;1
Lugo;3.3.-Corrupción de menores o incapacitados;2020;1
Lugo;3.3.-Corrupción de menores o incapacitados;2019;1
Lugo;3.3.-Corrupción de menores o incapacitados;2018;0
Lugo;3.4.-Pornografía de menores;2024;2
Lugo;3.4.-Pornografía de menores;2023;2
Lugo;3.4.-Pornografía de menores;2022;3
Lugo;3.4.-Pornografía de menores;2021;7
Lugo;3.4.-Pornografía de menores;2020;1
Lugo;3.4.-Pornografía de menores;2019;3
Lugo;3.4.-Pornografía de menores;2018;4
Lugo;3.5.-Otros contra la libertad sexual;2024;9
Lugo;3.5.-Otros contra la libertad sexual;2023;2
Lugo;3.5.-Otros contra la libertad sexual;2022;6
Lugo;3.5.-Otros contra la libertad sexual;2021;5
Lugo;3.5.-Otros contra la libertad sexual;2020;6
Lugo;3.5.-Otros contra la libertad sexual;2019;5
Lugo;3.5.-Otros contra la libertad sexual;2018;2
Lugo;4. RELACIONES FAMILIARES;2024;5
Lugo;4. RELACIONES FAMILIARES;2023;9
Lugo;4. RELACIONES FAMILIARES;2022;5
Lugo;4. RELACIONES FAMILIARES;2021;6
Lugo;4. RELACIONES FAMILIARES;2020;5
Lugo;4. RELACIONES FAMILIARES;2019;5
Lugo;4. RELACIONES FAMILIARES;2018;5
Lugo;5. PATRIMONIO;2024;557
Lugo;5. PATRIMONIO;2023;626
Lugo;5. PATRIMONIO;2022;573
Lugo;5. PATRIMONIO;2021;531
Lugo;5. PATRIMONIO;2020;503
Lugo;5. PATRIMONIO;2019;649
Lugo;5. PATRIMONIO;2018;635
Lugo;5.1.-Hurtos;2024;232
Lugo;5.1.-Hurtos;2023;235
Lugo;5.1.-Hurtos;2022;214
Lugo;5.1.-Hurtos;2021;180
Lugo;5.1.-Hurtos;2020;156
Lugo;5.1.-Hurtos;2019;239
Lugo;5.1.-Hurtos;2018;247
Lugo;5.2.-Robos con fuerza en las cosas;2024;94
Lugo;5.2.-Robos con fuerza en las cosas;2023;122
Lugo;5.2.-Robos con fuerza en las cosas;2022;102
Lugo;5.2.-Robos con fuerza en las cosas;2021;139
Lugo;5.2.-Robos con fuerza en las cosas;2020;139
Lugo;5.2.-Robos con fuerza en las cosas;2019;154
Lugo;5.2.-Robos con fuerza en las cosas;2018;115
Lugo;5.2.1.-Robos con fuerza en las cosas en el interior de vehículos;2024;13
Lugo;5.2.1.-Robos con fuerza en las cosas en el interior de vehículos;2023;16
Lugo;5.2.1.-Robos con fuerza en las cosas en el interior de vehículos;2022;22
Lugo;5.2.1.-Robos con fuerza en las cosas en el interior de vehículos;2021;17
Lugo;5.2.1.-Robos con fuerza en las cosas en el interior de vehículos;2020;15
Lugo;5.2.1.-Robos con fuerza en las cosas en el interior de vehículos;2019;38
Lugo;5.2.1.-Robos con fuerza en las cosas en el interior de vehículos;2018;7
Lugo;5.2.2.-Robos con fuerza en viviendas;2024;30
Lugo;5.2.2.-Robos con fuerza en viviendas;2023;31
Lugo;5.2.2.-Robos con fuerza en viviendas;2022;30
Lugo;5.2.2.-Robos con fuerza en viviendas;2021;42
Lugo;5.2.2.-Robos con fuerza en viviendas;2020;34
Lugo;5.2.2.-Robos con fuerza en viviendas;2019;37
Lugo;5.2.2.-Robos con fuerza en viviendas;2018;32
Lugo;5.2.3.-Robos con fuerza en establecimientos;2024;22
Lugo;5.2.3.-Robos con fuerza en establecimientos;2023;35
Lugo;5.2.3.-Robos con fuerza en establecimientos;2022;23
Lugo;5.2.3.-Robos con fuerza en establecimientos;2021;33
Lugo;5.2.3.-Robos con fuerza en establecimientos;2020;33
Lugo;5.2.3.-Robos con fuerza en establecimientos;2019;25
Lugo;5.2.3.-Robos con fuerza en establecimientos;2018;34
Lugo;5.3.-Robos con violencia o intimidación;2024;25
Lugo;5.3.-Robos con violencia o intimidación;2023;40
Lugo;5.3.-Robos con violencia o intimidación;2022;44
Lugo;5.3.-Robos con violencia o intimidación;2021;46
Lugo;5.3.-Robos con violencia o intimidación;2020;52
Lugo;5.3.-Robos con violencia o intimidación;2019;46
Lugo;5.3.-Robos con violencia o intimidación;2018;85
Lugo;5.3.1.-Robos con violencia en vía pública;2024;17
Lugo;5.3.1.-Robos con violencia en vía pública;2023;21
Lugo;5.3.1.-Robos con violencia en vía pública;2022;32
Lugo;5.3.1.-Robos con violencia en vía pública;2021;25
Lugo;5.3.1.-Robos con violencia en vía pública;2020;21
Lugo;5.3.1.-Robos con violencia en vía pública;2019;22
Lugo;5.3.1.-Robos con violencia en vía pública;2018;32
Lugo;5.3.2.-Robos con violencia en viviendas;2024;2
Lugo;5.3.2.-Robos con violencia en viviendas;2023;1
Lugo;5.3.2.-Robos con violencia en viviendas;2022;3
Lugo;5.3.2.-Robos con violencia en viviendas;2021;3
Lugo;5.3.2.-Robos con violencia en viviendas;2020;4
Lugo;5.3.2.-Robos con violencia en viviendas;2019;9
Lugo;5.3.2.-Robos con violencia en viviendas;2018;18
Lugo;5.3.3.-Robos con violencia en establecimientos;2024;5
Lugo;5.3.3.-Robos con violencia en establecimientos;2023;14
Lugo;5.3.3.-Robos con violencia en establecimientos;2022;6
Lugo;5.3.3.-Robos con violencia en establecimientos;2021;7
Lugo;5.3.3.-Robos con violencia en establecimientos;2020;8
Lugo;5.3.3.-Robos con violencia en establecimientos;2019;12
Lugo;5.3.3.-Robos con violencia en establecimientos;2018;25
Lugo;5.4.-Sustracción de vehículos;2024;9
Lugo;5.4.-Sustracción de vehículos;2023;7
Lugo;5.4.-Sustracción de vehículos;2022;10
Lugo;5.4.-Sustracción de vehículos;2021;9
Lugo;5.4.-Sustracción de vehículos;2020;9
Lugo;5.4.-Sustracción de vehículos;2019;8
Lugo;5.4.-Sustracción de vehículos;2018;5
Lugo;5.5.-Estafas;2024;80
Lugo;5.5.-Estafas;2023;91
Lugo;5.5.-Estafas;2022;97
Lugo;5.5.-Estafas;2021;71
Lugo;5.5.-Estafas;2020;61
Lugo;5.5.-Estafas;2019;72
Lugo;5.5.-Estafas;2018;65
Lugo;5.5.1.-Estafas informáticas;2024;47
Lugo;5.5.1.-Estafas informáticas;2023;46
Lugo;5.5.1.-Estafas informáticas;2022;37
Lugo;5.5.1.-Estafas informáticas;2021;19
Lugo;5.5.1.-Estafas informáticas;2020;25
Lugo;5.5.1.-Estafas informáticas;2019;13
Lugo;5.5.1.-Estafas informáticas;2018;18
Lugo;5.6.-Daños;2024;55
Lugo;5.6.-Daños;2023;66
Lugo;5.6.-Daños;2022;62
Lugo;5.6.-Daños;2021;44
Lugo;5.6.-Daños;2020;45
Lugo;5.6.-Daños;2019;73
Lugo;5.6.-Daños;2018;55
Lugo;5.7.-Contra la propiedad intelectual/industrial;2024;2
Lugo;5.7.-Contra la propiedad intelectual/industrial;2023;8
Lugo;5.7.-Contra la propiedad intelectual/industrial;2022;2
Lugo;5.7.-Contra la propiedad intelectual/industrial;2021;1
Lugo;5.7.-Contra la propiedad intelectual/industrial;2020;2
Lugo;5.7.-Contra la propiedad intelectual/industrial;2019;13
Lugo;5.7.-Contra la propiedad intelectual/industrial;2018;5
Lugo;5.8.-Blanqueo de capitales;2024;3
Lugo;5.8.-Blanqueo de capitales;2023;2
Lugo;5.8.-Blanqueo de capitales;2022;2
Lugo;5.8.-Blanqueo de capitales;2021;1
Lugo;5.8.-Blanqueo de capitales;2020;1
Lugo;5.8.-Blanqueo de capitales;2019;3
Lugo;5.8.-Blanqueo de capitales;2018;0
Lugo;5.9.-Otros contra el patrimonio;2024;57
Lugo;5.9.-Otros contra el patrimonio;2023;55
Lugo;5.9.-Otros contra el patrimonio;2022;40
Lugo;5.9.-Otros contra el patrimonio;2021;40
Lugo;5.9.-Otros contra el patrimonio;2020;38
Lugo;5.9.-Otros contra el patrimonio;2019;41
Lugo;5.9.-Otros contra el patrimonio;2018;58
Lugo;6. SEGURIDAD COLECTIVA;2024;410
Lugo;6. SEGURIDAD COLECTIVA;2023;516
Lugo;6. SEGURIDAD COLECTIVA;2022;500
Lugo;6. SEGURIDAD COLECTIVA;2021;565
Lugo;6. SEGURIDAD COLECTIVA;2020;440
Lugo;6. SEGURIDAD COLECTIVA;2019;506
Lugo;6. SEGURIDAD COLECTIVA;2018;531
Lugo;6.1.-Tráfico de drogas;2024;72
Lugo;6.1.-Tráfico de drogas;2023;90
Lugo;6.1.-Tráfico de drogas;2022;75
Lugo;6.1.-Tráfico de drogas;2021;113
Lugo;6.1.-Tráfico de drogas;2020;96
Lugo;6.1.-Tráfico de drogas;2019;132
Lugo;6.1.-Tráfico de drogas;2018;127
Lugo;6.2.-Contra la seguridad vial;2024;326
Lugo;6.2.-Contra la seguridad vial;2023;413
Lugo;6.2.-Contra la seguridad vial;2022;411
Lugo;6.2.-Contra la seguridad vial;2021;439
Lugo;6.2.-Contra la seguridad vial;2020;333
Lugo;6.2.-Contra la seguridad vial;2019;357
Lugo;6.2.-Contra la seguridad vial;2018;391
Lugo;6.3.-Otros contra la seguridad colectiva;2024;12
Lugo;6.3.-Otros contra la seguridad colectiva;2023;13
Lugo;6.3.-Otros contra la seguridad colectiva;2022;14
Lugo;6.3.-Otros contra la seguridad colectiva;2021;13
Lugo;6.3.-Otros contra la seguridad colectiva;2020;11
Lugo;6.3.-Otros contra la seguridad colectiva;2019;17
Lugo;6.3.-Otros contra la seguridad colectiva;2018;13
Lugo;7. FALSEDADES;2024;36
Lugo;7. FALSEDADES;2023;17
Lugo;7. FALSEDADES;2022;26
Lugo;7. FALSEDADES;2021;39
Lugo;7. FALSEDADES;2020;22
Lugo;7. FALSEDADES;2019;17
Lugo;7. FALSEDADES;2018;26
Lugo;8. ADMÓN. PÚBLICA;2024;1
Lugo;8. ADMÓN. PÚBLICA;2023;0
Lugo;8. ADMÓN. PÚBLICA;2022;0
Lugo;8. ADMÓN. PÚBLICA;2021;0
Lugo;8. ADMÓN. PÚBLICA;2020;0
Lugo;8. ADMÓN. PÚBLICA;2019;0
Lugo;8. ADMÓN. PÚBLICA;2018;0
Lugo;9. ADMÓN. JUSTICIA;2024;175
Lugo;9. ADMÓN. JUSTICIA;2023;137
Lugo;9. ADMÓN. JUSTICIA;2022;132
Lugo;9. ADMÓN. JUSTICIA;2021;123
Lugo;9. ADMÓN. JUSTICIA;2020;139
Lugo;9. ADMÓN. JUSTICIA;2019;142
Lugo;9. ADMÓN. JUSTICIA;2018;122
Lugo;10. ORDEN PÚBLICO;2024;104
Lugo;10. ORDEN PÚBLICO;2023;79
Lugo;10. ORDEN PÚBLICO;2022;79
Lugo;10. ORDEN PÚBLICO;2021;112
Lugo;10. ORDEN PÚBLICO;2020;147
Lugo;10. ORDEN PÚBLICO;2019;93
Lugo;10. ORDEN PÚBLICO;2018;62
Lugo;11. LEGISLACIÓN ESPECIAL;2024;0
Lugo;11. LEGISLACIÓN ESPECIAL;2023;0
Lugo;11. LEGISLACIÓN ESPECIAL;2022;0
Lugo;11. LEGISLACIÓN ESPECIAL;2021;0
Lugo;11. LEGISLACIÓN ESPECIAL;2020;0
Lugo;11. LEGISLACIÓN ESPECIAL;2019;0
Lugo;11. LEGISLACIÓN ESPECIAL;2018;0
Lugo;12. OTRAS INFRACCIONES PENALES;2024;37
Lugo;12. OTRAS INFRACCIONES PENALES;2023;28
Lugo;12. OTRAS INFRACCIONES PENALES;2022;19
Lugo;12. OTRAS INFRACCIONES PENALES;2021;28
Lugo;12. OTRAS INFRACCIONES PENALES;2020;27
Lugo;12. OTRAS INFRACCIONES PENALES;2019;33
Lugo;12. OTRAS INFRACCIONES PENALES;2018;34
Lugo;TOTAL INFRACCIONES PENALES;2024;2.471
Lugo;TOTAL INFRACCIONES PENALES;2023;2.619
Lugo;TOTAL INFRACCIONES PENALES;2022;2.351
Lugo;TOTAL INFRACCIONES PENALES;2021;2.246
Lugo;TOTAL INFRACCIONES PENALES;2020;2.156
Lugo;TOTAL INFRACCIONES PENALES;2019;2.394
Lugo;TOTAL INFRACCIONES PENALES;2018;2.389
Madrid;1. CONTRA LAS PERSONAS;2024;23.819
Madrid;1. CONTRA LAS PERSONAS;2023;22.683
Madrid;1. CONTRA LAS PERSONAS;2022;20.853
Madrid;1. CONTRA LAS PERSONAS;2021;18.126
Madrid;1. CONTRA LAS PERSONAS;2020;15.616
Madrid;1. CONTRA LAS PERSONAS;2019;16.385
Madrid;1. CONTRA LAS PERSONAS;2018;15.087
Madrid;1.1.-Homicidios dolosos/asesinatos;2024;258
Madrid;1.1.-Homicidios dolosos/asesinatos;2023;245
Madrid;1.1.-Homicidios dolosos/asesinatos;2022;233
Madrid;1.1.-Homicidios dolosos/asesinatos;2021;165
Madrid;1.1.-Homicidios dolosos/asesinatos;2020;162
Madrid;1.1.-Homicidios dolosos/asesinatos;2019;129
Madrid;1.1.-Homicidios dolosos/asesinatos;2018;157
Madrid;1.1.1.-Homicidios dolosos/asesinatos consumados;2024;26
Madrid;1.1.1.-Homicidios dolosos/asesinatos consumados;2023;50
Madrid;1.1.1.-Homicidios dolosos/asesinatos consumados;2022;62
Madrid;1.1.1.-Homicidios dolosos/asesinatos consumados;2021;53
Madrid;1.1.1.-Homicidios dolosos/asesinatos consumados;2020;58
Madrid;1.1.1.-Homicidios dolosos/asesinatos consumados;2019;26
Madrid;1.1.1.-Homicidios dolosos/asesinatos consumados;2018;58
Madrid;1.2.-Lesiones;2024;4.559
Madrid;1.2.-Lesiones;2023;4.367
Madrid;1.2.-Lesiones;2022;4.236
Madrid;1.2.-Lesiones;2021;3.597
Madrid;1.2.-Lesiones;2020;2.937
Madrid;1.2.-Lesiones;2019;3.837
Madrid;1.2.-Lesiones;2018;3.622
Madrid;1.3.-Malos tratos ámbito familiar;2024;17.621
Madrid;1.3.-Malos tratos ámbito familiar;2023;16.867
Madrid;1.3.-Malos tratos ámbito familiar;2022;15.489
Madrid;1.3.-Malos tratos ámbito familiar;2021;13.603
Madrid;1.3.-Malos tratos ámbito familiar;2020;12.009
Madrid;1.3.-Malos tratos ámbito familiar;2019;11.855
Madrid;1.3.-Malos tratos ámbito familiar;2018;10.838
Madrid;1.4.-Otros contra las personas;2024;1.381
Madrid;1.4.-Otros contra las personas;2023;1.204
Madrid;1.4.-Otros contra las personas;2022;895
Madrid;1.4.-Otros contra las personas;2021;761
Madrid;1.4.-Otros contra las personas;2020;508
Madrid;1.4.-Otros contra las personas;2019;564
Madrid;1.4.-Otros contra las personas;2018;470
Madrid;2. CONTRA LA LIBERTAD;2024;7.502
Madrid;2. CONTRA LA LIBERTAD;2023;7.043
Madrid;2. CONTRA LA LIBERTAD;2022;6.036
Madrid;2. CONTRA LA LIBERTAD;2021;5.324
Madrid;2. CONTRA LA LIBERTAD;2020;4.724
Madrid;2. CONTRA LA LIBERTAD;2019;4.297
Madrid;2. CONTRA LA LIBERTAD;2018;3.981
Madrid;2.1.-Malos tratos habituales en el ámbito familiar;2024;965
Madrid;2.1.-Malos tratos habituales en el ámbito familiar;2023;981
Madrid;2.1.-Malos tratos habituales en el ámbito familiar;2022;810
Madrid;2.1.-Malos tratos habituales en el ámbito familiar;2021;918
Madrid;2.1.-Malos tratos habituales en el ámbito familiar;2020;814
Madrid;2.1.-Malos tratos habituales en el ámbito familiar;2019;833
Madrid;2.1.-Malos tratos habituales en el ámbito familiar;2018;759
Madrid;2.2.-Otros contra la libertad;2024;6.537
Madrid;2.2.-Otros contra la libertad;2023;6.062
Madrid;2.2.-Otros contra la libertad;2022;5.226
Madrid;2.2.-Otros contra la libertad;2021;4.406
Madrid;2.2.-Otros contra la libertad;2020;3.910
Madrid;2.2.-Otros contra la libertad;2019;3.464
Madrid;2.2.-Otros contra la libertad;2018;3.222
Madrid;3. LIBERTAD SEXUAL;2024;2.080
Madrid;3. LIBERTAD SEXUAL;2023;1.998
Madrid;3. LIBERTAD SEXUAL;2022;1.641
Madrid;3. LIBERTAD SEXUAL;2021;1.485
Madrid;3. LIBERTAD SEXUAL;2020;1.167
Madrid;3. LIBERTAD SEXUAL;2019;1.256
Madrid;3. LIBERTAD SEXUAL;2018;1.195
Madrid;3.1.-Agresión sexual;2024;1.149
Madrid;3.1.-Agresión sexual;2023;1.088
Madrid;3.1.-Agresión sexual;2022;881
Madrid;3.1.-Agresión sexual;2021;834
Madrid;3.1.-Agresión sexual;2020;636
Madrid;3.1.-Agresión sexual;2019;709
Madrid;3.1.-Agresión sexual;2018;641
Madrid;3.2.-Agresión sexual con penetración;2024;504
Madrid;3.2.-Agresión sexual con penetración;2023;519
Madrid;3.2.-Agresión sexual con penetración;2022;451
Madrid;3.2.-Agresión sexual con penetración;2021;410
Madrid;3.2.-Agresión sexual con penetración;2020;329
Madrid;3.2.-Agresión sexual con penetración;2019;313
Madrid;3.2.-Agresión sexual con penetración;2018;288
Madrid;3.3.-Corrupción de menores o incapacitados;2024;26
Madrid;3.3.-Corrupción de menores o incapacitados;2023;27
Madrid;3.3.-Corrupción de menores o incapacitados;2022;33
Madrid;3.3.-Corrupción de menores o incapacitados;2021;25
Madrid;3.3.-Corrupción de menores o incapacitados;2020;22
Madrid;3.3.-Corrupción de menores o incapacitados;2019;28
Madrid;3.3.-Corrupción de menores o incapacitados;2018;26
Madrid;3.4.-Pornografía de menores;2024;119
Madrid;3.4.-Pornografía de menores;2023;101
Madrid;3.4.-Pornografía de menores;2022;70
Madrid;3.4.-Pornografía de menores;2021;70
Madrid;3.4.-Pornografía de menores;2020;52
Madrid;3.4.-Pornografía de menores;2019;80
Madrid;3.4.-Pornografía de menores;2018;107
Madrid;3.5.-Otros contra la libertad sexual;2024;282
Madrid;3.5.-Otros contra la libertad sexual;2023;263
Madrid;3.5.-Otros contra la libertad sexual;2022;206
Madrid;3.5.-Otros contra la libertad sexual;2021;146
Madrid;3.5.-Otros contra la libertad sexual;2020;128
Madrid;3.5.-Otros contra la libertad sexual;2019;126
Madrid;3.5.-Otros contra la libertad sexual;2018;133
Madrid;4. RELACIONES FAMILIARES;2024;180
Madrid;4. RELACIONES FAMILIARES;2023;184
Madrid;4. RELACIONES FAMILIARES;2022;178
Madrid;4. RELACIONES FAMILIARES;2021;196
Madrid;4. RELACIONES FAMILIARES;2020;135
Madrid;4. RELACIONES FAMILIARES;2019;175
Madrid;4. RELACIONES FAMILIARES;2018;171
Madrid;5. PATRIMONIO;2024;41.642
Madrid;5. PATRIMONIO;2023;39.926
Madrid;5. PATRIMONIO;2022;34.794
Madrid;5. PATRIMONIO;2021;29.170
Madrid;5. PATRIMONIO;2020;26.767
Madrid;5. PATRIMONIO;2019;34.300
Madrid;5. PATRIMONIO;2018;31.758
Madrid;5.1.-Hurtos;2024;23.148
Madrid;5.1.-Hurtos;2023;22.738
Madrid;5.1.-Hurtos;2022;19.315
Madrid;5.1.-Hurtos;2021;15.687
Madrid;5.1.-Hurtos;2020;13.682
Madrid;5.1.-Hurtos;2019;20.107
Madrid;5.1.-Hurtos;2018;19.523
Madrid;5.2.-Robos con fuerza en las cosas;2024;4.459
Madrid;5.2.-Robos con fuerza en las cosas;2023;4.372
Madrid;5.2.-Robos con fuerza en las cosas;2022;3.936
Madrid;5.2.-Robos con fuerza en las cosas;2021;3.511
Madrid;5.2.-Robos con fuerza en las cosas;2020;3.769
Madrid;5.2.-Robos con fuerza en las cosas;2019;3.764
Madrid;5.2.-Robos con fuerza en las cosas;2018;3.586
Madrid;5.2.1.-Robos con fuerza en las cosas en el interior de vehículos;2024;1.504
Madrid;5.2.1.-Robos con fuerza en las cosas en el interior de vehículos;2023;1.328
Madrid;5.2.1.-Robos con fuerza en las cosas en el interior de vehículos;2022;1.179
Madrid;5.2.1.-Robos con fuerza en las cosas en el interior de vehículos;2021;895
Madrid;5.2.1.-Robos con fuerza en las cosas en el interior de vehículos;2020;912
Madrid;5.2.1.-Robos con fuerza en las cosas en el interior de vehículos;2019;1.094
Madrid;5.2.1.-Robos con fuerza en las cosas en el interior de vehículos;2018;1.013
Madrid;5.2.2.-Robos con fuerza en viviendas;2024;933
Madrid;5.2.2.-Robos con fuerza en viviendas;2023;964
Madrid;5.2.2.-Robos con fuerza en viviendas;2022;954
Madrid;5.2.2.-Robos con fuerza en viviendas;2021;879
Madrid;5.2.2.-Robos con fuerza en viviendas;2020;1.022
Madrid;5.2.2.-Robos con fuerza en viviendas;2019;936
Madrid;5.2.2.-Robos con fuerza en viviendas;2018;991
Madrid;5.2.3.-Robos con fuerza en establecimientos;2024;1.201
Madrid;5.2.3.-Robos con fuerza en establecimientos;2023;1.253
Madrid;5.2.3.-Robos con fuerza en establecimientos;2022;925
Madrid;5.2.3.-Robos con fuerza en establecimientos;2021;864
Madrid;5.2.3.-Robos con fuerza en establecimientos;2020;1.047
Madrid;5.2.3.-Robos con fuerza en establecimientos;2019;944
Madrid;5.2.3.-Robos con fuerza en establecimientos;2018;808
Madrid;5.3.-Robos con violencia o intimidación;2024;4.843
Madrid;5.3.-Robos con violencia o intimidación;2023;4.969
Madrid;5.3.-Robos con violencia o intimidación;2022;4.563
Madrid;5.3.-Robos con violencia o intimidación;2021;4.018
Madrid;5.3.-Robos con violencia o intimidación;2020;3.661
Madrid;5.3.-Robos con violencia o intimidación;2019;3.980
Madrid;5.3.-Robos con violencia o intimidación;2018;2.958
Madrid;5.3.1.-Robos con violencia en vía pública;2024;3.086
Madrid;5.3.1.-Robos con violencia en vía pública;2023;3.063
Madrid;5.3.1.-Robos con violencia en vía pública;2022;2.799
Madrid;5.3.1.-Robos con violencia en vía pública;2021;2.548
Madrid;5.3.1.-Robos con violencia en vía pública;2020;2.256
Madrid;5.3.1.-Robos con violencia en vía pública;2019;2.621
Madrid;5.3.1.-Robos con violencia en vía pública;2018;1.764
Madrid;5.3.2.-Robos con violencia en viviendas;2024;165
Madrid;5.3.2.-Robos con violencia en viviendas;2023;220
Madrid;5.3.2.-Robos con violencia en viviendas;2022;159
Madrid;5.3.2.-Robos con violencia en viviendas;2021;181
Madrid;5.3.2.-Robos con violencia en viviendas;2020;183
Madrid;5.3.2.-Robos con violencia en viviendas;2019;129
Madrid;5.3.2.-Robos con violencia en viviendas;2018;157
Madrid;5.3.3.-Robos con violencia en establecimientos;2024;1.129
Madrid;5.3.3.-Robos con violencia en establecimientos;2023;1.082
Madrid;5.3.3.-Robos con violencia en establecimientos;2022;979
Madrid;5.3.3.-Robos con violencia en establecimientos;2021;765
Madrid;5.3.3.-Robos con violencia en establecimientos;2020;735
Madrid;5.3.3.-Robos con violencia en establecimientos;2019;736
Madrid;5.3.3.-Robos con violencia en establecimientos;2018;700
Madrid;5.4.-Sustracción de vehículos;2024;690
Madrid;5.4.-Sustracción de vehículos;2023;648
Madrid;5.4.-Sustracción de vehículos;2022;666
Madrid;5.4.-Sustracción de vehículos;2021;536
Madrid;5.4.-Sustracción de vehículos;2020;626
Madrid;5.4.-Sustracción de vehículos;2019;711
Madrid;5.4.-Sustracción de vehículos;2018;636
Madrid;5.5.-Estafas;2024;4.332
Madrid;5.5.-Estafas;2023;3.372
Madrid;5.5.-Estafas;2022;2.708
Madrid;5.5.-Estafas;2021;2.342
Madrid;5.5.-Estafas;2020;1.963
Madrid;5.5.-Estafas;2019;2.556
Madrid;5.5.-Estafas;2018;2.181
Madrid;5.5.1.-Estafas informáticas;2024;2.278
Madrid;5.5.1.-Estafas informáticas;2023;1.643
Madrid;5.5.1.-Estafas informáticas;2022;1.436
Madrid;5.5.1.-Estafas informáticas;2021;1.118
Madrid;5.5.1.-Estafas informáticas;2020;940
Madrid;5.5.1.-Estafas informáticas;2019;718
Madrid;5.5.1.-Estafas informáticas;2018;381
Madrid;5.6.-Daños;2024;1.569
Madrid;5.6.-Daños;2023;1.195
Madrid;5.6.-Daños;2022;1.325
Madrid;5.6.-Daños;2021;1.089
Madrid;5.6.-Daños;2020;877
Madrid;5.6.-Daños;2019;1.027
Madrid;5.6.-Daños;2018;886
Madrid;5.7.-Contra la propiedad intelectual/industrial;2024;251
Madrid;5.7.-Contra la propiedad intelectual/industrial;2023;115
Madrid;5.7.-Contra la propiedad intelectual/industrial;2022;170
Madrid;5.7.-Contra la propiedad intelectual/industrial;2021;75
Madrid;5.7.-Contra la propiedad intelectual/industrial;2020;71
Madrid;5.7.-Contra la propiedad intelectual/industrial;2019;167
Madrid;5.7.-Contra la propiedad intelectual/industrial;2018;231
Madrid;5.8.-Blanqueo de capitales;2024;155
Madrid;5.8.-Blanqueo de capitales;2023;142
Madrid;5.8.-Blanqueo de capitales;2022;154
Madrid;5.8.-Blanqueo de capitales;2021;82
Madrid;5.8.-Blanqueo de capitales;2020;107
Madrid;5.8.-Blanqueo de capitales;2019;71
Madrid;5.8.-Blanqueo de capitales;2018;89
Madrid;5.9.-Otros contra el patrimonio;2024;2.195
Madrid;5.9.-Otros contra el patrimonio;2023;2.375
Madrid;5.9.-Otros contra el patrimonio;2022;1.957
Madrid;5.9.-Otros contra el patrimonio;2021;1.830
Madrid;5.9.-Otros contra el patrimonio;2020;2.011
Madrid;5.9.-Otros contra el patrimonio;2019;1.917
Madrid;5.9.-Otros contra el patrimonio;2018;1.668
Madrid;6. SEGURIDAD COLECTIVA;2024;9.642
Madrid;6. SEGURIDAD COLECTIVA;2023;8.991
Madrid;6. SEGURIDAD COLECTIVA;2022;8.563
Madrid;6. SEGURIDAD COLECTIVA;2021;7.181
Madrid;6. SEGURIDAD COLECTIVA;2020;6.567
Madrid;6. SEGURIDAD COLECTIVA;2019;7.358
Madrid;6. SEGURIDAD COLECTIVA;2018;6.304
Madrid;6.1.-Tráfico de drogas;2024;4.411
Madrid;6.1.-Tráfico de drogas;2023;4.087
Madrid;6.1.-Tráfico de drogas;2022;3.596
Madrid;6.1.-Tráfico de drogas;2021;2.948
Madrid;6.1.-Tráfico de drogas;2020;2.770
Madrid;6.1.-Tráfico de drogas;2019;2.970
Madrid;6.1.-Tráfico de drogas;2018;2.304
Madrid;6.2.-Contra la seguridad vial;2024;4.791
Madrid;6.2.-Contra la seguridad vial;2023;4.668
Madrid;6.2.-Contra la seguridad vial;2022;4.739
Madrid;6.2.-Contra la seguridad vial;2021;4.096
Madrid;6.2.-Contra la seguridad vial;2020;3.586
Madrid;6.2.-Contra la seguridad vial;2019;4.188
Madrid;6.2.-Contra la seguridad vial;2018;3.591
Madrid;6.3.-Otros contra la seguridad colectiva;2024;440
Madrid;6.3.-Otros contra la seguridad colectiva;2023;236
Madrid;6.3.-Otros contra la seguridad colectiva;2022;228
Madrid;6.3.-Otros contra la seguridad colectiva;2021;137
Madrid;6.3.-Otros contra la seguridad colectiva;2020;211
Madrid;6.3.-Otros contra la seguridad colectiva;2019;200
Madrid;6.3.-Otros contra la seguridad colectiva;2018;409
Madrid;7. FALSEDADES;2024;2.730
Madrid;7. FALSEDADES;2023;2.725
Madrid;7. FALSEDADES;2022;2.333
Madrid;7. FALSEDADES;2021;1.984
Madrid;7. FALSEDADES;2020;1.564
Madrid;7. FALSEDADES;2019;1.898
Madrid;7. FALSEDADES;2018;1.793
Madrid;8. ADMÓN. PÚBLICA;2024;42
Madrid;8. ADMÓN. PÚBLICA;2023;40
Madrid;8. ADMÓN. PÚBLICA;2022;33
Madrid;8. ADMÓN. PÚBLICA;2021;61
Madrid;8. ADMÓN. PÚBLICA;2020;21
Madrid;8. ADMÓN. PÚBLICA;2019;72
Madrid;8. ADMÓN. PÚBLICA;2018;180
Madrid;9. ADMÓN. JUSTICIA;2024;4.272
Madrid;9. ADMÓN. JUSTICIA;2023;4.133
Madrid;9. ADMÓN. JUSTICIA;2022;3.832
Madrid;9. ADMÓN. JUSTICIA;2021;3.650
Madrid;9. ADMÓN. JUSTICIA;2020;3.246
Madrid;9. ADMÓN. JUSTICIA;2019;3.199
Madrid;9. ADMÓN. JUSTICIA;2018;2.944
Madrid;10. ORDEN PÚBLICO;2024;5.492
Madrid;10. ORDEN PÚBLICO;2023;5.611
Madrid;10. ORDEN PÚBLICO;2022;5.162
Madrid;10. ORDEN PÚBLICO;2021;5.668
Madrid;10. ORDEN PÚBLICO;2020;5.467
Madrid;10. ORDEN PÚBLICO;2019;3.724
Madrid;10. ORDEN PÚBLICO;2018;3.500
Madrid;11. LEGISLACIÓN ESPECIAL;2024;95
Madrid;11. LEGISLACIÓN ESPECIAL;2023;61
Madrid;11. LEGISLACIÓN ESPECIAL;2022;17
Madrid;11. LEGISLACIÓN ESPECIAL;2021;38
Madrid;11. LEGISLACIÓN ESPECIAL;2020;32
Madrid;11. LEGISLACIÓN ESPECIAL;2019;36
Madrid;11. LEGISLACIÓN ESPECIAL;2018;23
Madrid;12. OTRAS INFRACCIONES PENALES;2024;805
Madrid;12. OTRAS INFRACCIONES PENALES;2023;744
Madrid;12. OTRAS INFRACCIONES PENALES;2022;622
Madrid;12. OTRAS INFRACCIONES PENALES;2021;546
Madrid;12. OTRAS INFRACCIONES PENALES;2020;480
Madrid;12. OTRAS INFRACCIONES PENALES;2019;608
Madrid;12. OTRAS INFRACCIONES PENALES;2018;635
Madrid;TOTAL INFRACCIONES PENALES;2024;98.301
Madrid;TOTAL INFRACCIONES PENALES;2023;94.139
Madrid;TOTAL INFRACCIONES PENALES;2022;84.064
Madrid;TOTAL INFRACCIONES PENALES;2021;73.429
Madrid;TOTAL INFRACCIONES PENALES;2020;65.786
Madrid;TOTAL INFRACCIONES PENALES;2019;73.308
Madrid;TOTAL INFRACCIONES PENALES;2018;67.571
Málaga;1. CONTRA LAS PERSONAS;2024;6.129
Málaga;1. CONTRA LAS PERSONAS;2023;6.190
Málaga;1. CONTRA LAS PERSONAS;2022;5.579
Málaga;1. CONTRA LAS PERSONAS;2021;5.288
Málaga;1. CONTRA LAS PERSONAS;2020;4.836
Málaga;1. CONTRA LAS PERSONAS;2019;5.555
Málaga;1. CONTRA LAS PERSONAS;2018;5.616
Málaga;1.1.-Homicidios dolosos/asesinatos;2024;90
Málaga;1.1.-Homicidios dolosos/asesinatos;2023;83
Málaga;1.1.-Homicidios dolosos/asesinatos;2022;81
Málaga;1.1.-Homicidios dolosos/asesinatos;2021;75
Málaga;1.1.-Homicidios dolosos/asesinatos;2020;81
Málaga;1.1.-Homicidios dolosos/asesinatos;2019;61
Málaga;1.1.-Homicidios dolosos/asesinatos;2018;108
Málaga;1.1.1.-Homicidios dolosos/asesinatos consumados;2024;14
Málaga;1.1.1.-Homicidios dolosos/asesinatos consumados;2023;18
Málaga;1.1.1.-Homicidios dolosos/asesinatos consumados;2022;24
Málaga;1.1.1.-Homicidios dolosos/asesinatos consumados;2021;23
Málaga;1.1.1.-Homicidios dolosos/asesinatos consumados;2020;28
Málaga;1.1.1.-Homicidios dolosos/asesinatos consumados;2019;31
Málaga;1.1.1.-Homicidios dolosos/asesinatos consumados;2018;34
Málaga;1.2.-Lesiones;2024;1.716
Málaga;1.2.-Lesiones;2023;1.723
Málaga;1.2.-Lesiones;2022;1.719
Málaga;1.2.-Lesiones;2021;1.799
Málaga;1.2.-Lesiones;2020;1.486
Málaga;1.2.-Lesiones;2019;1.998
Málaga;1.2.-Lesiones;2018;2.099
Málaga;1.3.-Malos tratos ámbito familiar;2024;4.220
Málaga;1.3.-Malos tratos ámbito familiar;2023;4.291
Málaga;1.3.-Malos tratos ámbito familiar;2022;3.696
Málaga;1.3.-Malos tratos ámbito familiar;2021;3.332
Málaga;1.3.-Malos tratos ámbito familiar;2020;3.199
Málaga;1.3.-Malos tratos ámbito familiar;2019;3.439
Málaga;1.3.-Malos tratos ámbito familiar;2018;3.325
Málaga;1.4.-Otros contra las personas;2024;103
Málaga;1.4.-Otros contra las personas;2023;93
Málaga;1.4.-Otros contra las personas;2022;83
Málaga;1.4.-Otros contra las personas;2021;82
Málaga;1.4.-Otros contra las personas;2020;70
Málaga;1.4.-Otros contra las personas;2019;57
Málaga;1.4.-Otros contra las personas;2018;84
Málaga;2. CONTRA LA LIBERTAD;2024;2.055
Málaga;2. CONTRA LA LIBERTAD;2023;2.248
Málaga;2. CONTRA LA LIBERTAD;2022;1.859
Málaga;2. CONTRA LA LIBERTAD;2021;1.899
Málaga;2. CONTRA LA LIBERTAD;2020;1.863
Málaga;2. CONTRA LA LIBERTAD;2019;2.002
Málaga;2. CONTRA LA LIBERTAD;2018;2.161
Málaga;2.1.-Malos tratos habituales en el ámbito familiar;2024;385
Málaga;2.1.-Malos tratos habituales en el ámbito familiar;2023;415
Málaga;2.1.-Malos tratos habituales en el ámbito familiar;2022;339
Málaga;2.1.-Malos tratos habituales en el ámbito familiar;2021;316
Málaga;2.1.-Malos tratos habituales en el ámbito familiar;2020;331
Málaga;2.1.-Malos tratos habituales en el ámbito familiar;2019;373
Málaga;2.1.-Malos tratos habituales en el ámbito familiar;2018;333
Málaga;2.2.-Otros contra la libertad;2024;1.670
Málaga;2.2.-Otros contra la libertad;2023;1.833
Málaga;2.2.-Otros contra la libertad;2022;1.520
Málaga;2.2.-Otros contra la libertad;2021;1.583
Málaga;2.2.-Otros contra la libertad;2020;1.532
Málaga;2.2.-Otros contra la libertad;2019;1.629
Málaga;2.2.-Otros contra la libertad;2018;1.828
Málaga;3. LIBERTAD SEXUAL;2024;616
Málaga;3. LIBERTAD SEXUAL;2023;560
Málaga;3. LIBERTAD SEXUAL;2022;445
Málaga;3. LIBERTAD SEXUAL;2021;452
Málaga;3. LIBERTAD SEXUAL;2020;336
Málaga;3. LIBERTAD SEXUAL;2019;424
Málaga;3. LIBERTAD SEXUAL;2018;388
Málaga;3.1.-Agresión sexual;2024;358
Málaga;3.1.-Agresión sexual;2023;325
Málaga;3.1.-Agresión sexual;2022;275
Málaga;3.1.-Agresión sexual;2021;252
Málaga;3.1.-Agresión sexual;2020;167
Málaga;3.1.-Agresión sexual;2019;227
Málaga;3.1.-Agresión sexual;2018;230
Málaga;3.2.-Agresión sexual con penetración;2024;136
Málaga;3.2.-Agresión sexual con penetración;2023;124
Málaga;3.2.-Agresión sexual con penetración;2022;90
Málaga;3.2.-Agresión sexual con penetración;2021;71
Málaga;3.2.-Agresión sexual con penetración;2020;78
Málaga;3.2.-Agresión sexual con penetración;2019;71
Málaga;3.2.-Agresión sexual con penetración;2018;68
Málaga;3.3.-Corrupción de menores o incapacitados;2024;7
Málaga;3.3.-Corrupción de menores o incapacitados;2023;5
Málaga;3.3.-Corrupción de menores o incapacitados;2022;5
Málaga;3.3.-Corrupción de menores o incapacitados;2021;25
Málaga;3.3.-Corrupción de menores o incapacitados;2020;11
Málaga;3.3.-Corrupción de menores o incapacitados;2019;7
Málaga;3.3.-Corrupción de menores o incapacitados;2018;5
Málaga;3.4.-Pornografía de menores;2024;22
Málaga;3.4.-Pornografía de menores;2023;24
Málaga;3.4.-Pornografía de menores;2022;9
Málaga;3.4.-Pornografía de menores;2021;29
Málaga;3.4.-Pornografía de menores;2020;17
Málaga;3.4.-Pornografía de menores;2019;15
Málaga;3.4.-Pornografía de menores;2018;31
Málaga;3.5.-Otros contra la libertad sexual;2024;93
Málaga;3.5.-Otros contra la libertad sexual;2023;82
Málaga;3.5.-Otros contra la libertad sexual;2022;66
Málaga;3.5.-Otros contra la libertad sexual;2021;75
Málaga;3.5.-Otros contra la libertad sexual;2020;63
Málaga;3.5.-Otros contra la libertad sexual;2019;104
Málaga;3.5.-Otros contra la libertad sexual;2018;54
Málaga;4. RELACIONES FAMILIARES;2024;60
Málaga;4. RELACIONES FAMILIARES;2023;78
Málaga;4. RELACIONES FAMILIARES;2022;48
Málaga;4. RELACIONES FAMILIARES;2021;46
Málaga;4. RELACIONES FAMILIARES;2020;57
Málaga;4. RELACIONES FAMILIARES;2019;65
Málaga;4. RELACIONES FAMILIARES;2018;97
Málaga;5. PATRIMONIO;2024;8.485
Málaga;5. PATRIMONIO;2023;8.101
Málaga;5. PATRIMONIO;2022;7.522
Málaga;5. PATRIMONIO;2021;6.687
Málaga;5. PATRIMONIO;2020;6.447
Málaga;5. PATRIMONIO;2019;7.907
Málaga;5. PATRIMONIO;2018;8.303
Málaga;5.1.-Hurtos;2024;4.127
Málaga;5.1.-Hurtos;2023;3.668
Málaga;5.1.-Hurtos;2022;3.293
Málaga;5.1.-Hurtos;2021;2.481
Málaga;5.1.-Hurtos;2020;2.349
Málaga;5.1.-Hurtos;2019;3.378
Málaga;5.1.-Hurtos;2018;3.401
Málaga;5.2.-Robos con fuerza en las cosas;2024;1.087
Málaga;5.2.-Robos con fuerza en las cosas;2023;1.278
Málaga;5.2.-Robos con fuerza en las cosas;2022;1.211
Málaga;5.2.-Robos con fuerza en las cosas;2021;1.219
Málaga;5.2.-Robos con fuerza en las cosas;2020;1.282
Málaga;5.2.-Robos con fuerza en las cosas;2019;1.198
Málaga;5.2.-Robos con fuerza en las cosas;2018;1.332
Málaga;5.2.1.-Robos con fuerza en las cosas en el interior de vehículos;2024;241
Málaga;5.2.1.-Robos con fuerza en las cosas en el interior de vehículos;2023;294
Málaga;5.2.1.-Robos con fuerza en las cosas en el interior de vehículos;2022;300
Málaga;5.2.1.-Robos con fuerza en las cosas en el interior de vehículos;2021;276
Málaga;5.2.1.-Robos con fuerza en las cosas en el interior de vehículos;2020;206
Málaga;5.2.1.-Robos con fuerza en las cosas en el interior de vehículos;2019;208
Málaga;5.2.1.-Robos con fuerza en las cosas en el interior de vehículos;2018;268
Málaga;5.2.2.-Robos con fuerza en viviendas;2024;359
Málaga;5.2.2.-Robos con fuerza en viviendas;2023;438
Málaga;5.2.2.-Robos con fuerza en viviendas;2022;386
Málaga;5.2.2.-Robos con fuerza en viviendas;2021;439
Málaga;5.2.2.-Robos con fuerza en viviendas;2020;397
Málaga;5.2.2.-Robos con fuerza en viviendas;2019;419
Málaga;5.2.2.-Robos con fuerza en viviendas;2018;506
Málaga;5.2.3.-Robos con fuerza en establecimientos;2024;285
Málaga;5.2.3.-Robos con fuerza en establecimientos;2023;368
Málaga;5.2.3.-Robos con fuerza en establecimientos;2022;366
Málaga;5.2.3.-Robos con fuerza en establecimientos;2021;292
Málaga;5.2.3.-Robos con fuerza en establecimientos;2020;392
Málaga;5.2.3.-Robos con fuerza en establecimientos;2019;347
Málaga;5.2.3.-Robos con fuerza en establecimientos;2018;355
Málaga;5.3.-Robos con violencia o intimidación;2024;818
Málaga;5.3.-Robos con violencia o intimidación;2023;910
Málaga;5.3.-Robos con violencia o intimidación;2022;739
Málaga;5.3.-Robos con violencia o intimidación;2021;732
Málaga;5.3.-Robos con violencia o intimidación;2020;645
Málaga;5.3.-Robos con violencia o intimidación;2019;810
Málaga;5.3.-Robos con violencia o intimidación;2018;659
Málaga;5.3.1.-Robos con violencia en vía pública;2024;448
Málaga;5.3.1.-Robos con violencia en vía pública;2023;502
Málaga;5.3.1.-Robos con violencia en vía pública;2022;469
Málaga;5.3.1.-Robos con violencia en vía pública;2021;450
Málaga;5.3.1.-Robos con violencia en vía pública;2020;359
Málaga;5.3.1.-Robos con violencia en vía pública;2019;506
Málaga;5.3.1.-Robos con violencia en vía pública;2018;389
Málaga;5.3.2.-Robos con violencia en viviendas;2024;70
Málaga;5.3.2.-Robos con violencia en viviendas;2023;94
Málaga;5.3.2.-Robos con violencia en viviendas;2022;78
Málaga;5.3.2.-Robos con violencia en viviendas;2021;80
Málaga;5.3.2.-Robos con violencia en viviendas;2020;89
Málaga;5.3.2.-Robos con violencia en viviendas;2019;65
Málaga;5.3.2.-Robos con violencia en viviendas;2018;74
Málaga;5.3.3.-Robos con violencia en establecimientos;2024;234
Málaga;5.3.3.-Robos con violencia en establecimientos;2023;204
Málaga;5.3.3.-Robos con violencia en establecimientos;2022;122
Málaga;5.3.3.-Robos con violencia en establecimientos;2021;154
Málaga;5.3.3.-Robos con violencia en establecimientos;2020;146
Málaga;5.3.3.-Robos con violencia en establecimientos;2019;187
Málaga;5.3.3.-Robos con violencia en establecimientos;2018;126
Málaga;5.4.-Sustracción de vehículos;2024;331
Málaga;5.4.-Sustracción de vehículos;2023;285
Málaga;5.4.-Sustracción de vehículos;2022;257
Málaga;5.4.-Sustracción de vehículos;2021;266
Málaga;5.4.-Sustracción de vehículos;2020;227
Málaga;5.4.-Sustracción de vehículos;2019;277
Málaga;5.4.-Sustracción de vehículos;2018;299
Málaga;5.5.-Estafas;2024;829
Málaga;5.5.-Estafas;2023;817
Málaga;5.5.-Estafas;2022;792
Málaga;5.5.-Estafas;2021;874
Málaga;5.5.-Estafas;2020;858
Málaga;5.5.-Estafas;2019;894
Málaga;5.5.-Estafas;2018;986
Málaga;5.5.1.-Estafas informáticas;2024;467
Málaga;5.5.1.-Estafas informáticas;2023;508
Málaga;5.5.1.-Estafas informáticas;2022;346
Málaga;5.5.1.-Estafas informáticas;2021;373
Málaga;5.5.1.-Estafas informáticas;2020;407
Málaga;5.5.1.-Estafas informáticas;2019;232
Málaga;5.5.1.-Estafas informáticas;2018;185
Málaga;5.6.-Daños;2024;501
Málaga;5.6.-Daños;2023;468
Málaga;5.6.-Daños;2022;511
Málaga;5.6.-Daños;2021;546
Málaga;5.6.-Daños;2020;464
Málaga;5.6.-Daños;2019;588
Málaga;5.6.-Daños;2018;615
Málaga;5.7.-Contra la propiedad intelectual/industrial;2024;245
Málaga;5.7.-Contra la propiedad intelectual/industrial;2023;125
Málaga;5.7.-Contra la propiedad intelectual/industrial;2022;107
Málaga;5.7.-Contra la propiedad intelectual/industrial;2021;98
Málaga;5.7.-Contra la propiedad intelectual/industrial;2020;135
Málaga;5.7.-Contra la propiedad intelectual/industrial;2019;279
Málaga;5.7.-Contra la propiedad intelectual/industrial;2018;383
Málaga;5.8.-Blanqueo de capitales;2024;133
Málaga;5.8.-Blanqueo de capitales;2023;50
Málaga;5.8.-Blanqueo de capitales;2022;135
Málaga;5.8.-Blanqueo de capitales;2021;81
Málaga;5.8.-Blanqueo de capitales;2020;52
Málaga;5.8.-Blanqueo de capitales;2019;74
Málaga;5.8.-Blanqueo de capitales;2018;60
Málaga;5.9.-Otros contra el patrimonio;2024;414
Málaga;5.9.-Otros contra el patrimonio;2023;500
Málaga;5.9.-Otros contra el patrimonio;2022;477
Málaga;5.9.-Otros contra el patrimonio;2021;390
Málaga;5.9.-Otros contra el patrimonio;2020;435
Málaga;5.9.-Otros contra el patrimonio;2019;409
Málaga;5.9.-Otros contra el patrimonio;2018;568
Málaga;6. SEGURIDAD COLECTIVA;2024;3.544
Málaga;6. SEGURIDAD COLECTIVA;2023;3.596
Málaga;6. SEGURIDAD COLECTIVA;2022;3.458
Málaga;6. SEGURIDAD COLECTIVA;2021;3.475
Málaga;6. SEGURIDAD COLECTIVA;2020;3.195
Málaga;6. SEGURIDAD COLECTIVA;2019;3.429
Málaga;6. SEGURIDAD COLECTIVA;2018;3.476
Málaga;6.1.-Tráfico de drogas;2024;1.569
Málaga;6.1.-Tráfico de drogas;2023;1.703
Málaga;6.1.-Tráfico de drogas;2022;1.641
Málaga;6.1.-Tráfico de drogas;2021;1.651
Málaga;6.1.-Tráfico de drogas;2020;1.626
Málaga;6.1.-Tráfico de drogas;2019;1.589
Málaga;6.1.-Tráfico de drogas;2018;1.721
Málaga;6.2.-Contra la seguridad vial;2024;1.792
Málaga;6.2.-Contra la seguridad vial;2023;1.782
Málaga;6.2.-Contra la seguridad vial;2022;1.711
Málaga;6.2.-Contra la seguridad vial;2021;1.733
Málaga;6.2.-Contra la seguridad vial;2020;1.475
Málaga;6.2.-Contra la seguridad vial;2019;1.775
Málaga;6.2.-Contra la seguridad vial;2018;1.686
Málaga;6.3.-Otros contra la seguridad colectiva;2024;183
Málaga;6.3.-Otros contra la seguridad colectiva;2023;111
Málaga;6.3.-Otros contra la seguridad colectiva;2022;106
Málaga;6.3.-Otros contra la seguridad colectiva;2021;91
Málaga;6.3.-Otros contra la seguridad colectiva;2020;94
Málaga;6.3.-Otros contra la seguridad colectiva;2019;65
Málaga;6.3.-Otros contra la seguridad colectiva;2018;69
Málaga;7. FALSEDADES;2024;621
Málaga;7. FALSEDADES;2023;629
Málaga;7. FALSEDADES;2022;681
Málaga;7. FALSEDADES;2021;773
Málaga;7. FALSEDADES;2020;674
Málaga;7. FALSEDADES;2019;534
Málaga;7. FALSEDADES;2018;690
Málaga;8. ADMÓN. PÚBLICA;2024;6
Málaga;8. ADMÓN. PÚBLICA;2023;23
Málaga;8. ADMÓN. PÚBLICA;2022;36
Málaga;8. ADMÓN. PÚBLICA;2021;12
Málaga;8. ADMÓN. PÚBLICA;2020;20
Málaga;8. ADMÓN. PÚBLICA;2019;34
Málaga;8. ADMÓN. PÚBLICA;2018;31
Málaga;9. ADMÓN. JUSTICIA;2024;1.216
Málaga;9. ADMÓN. JUSTICIA;2023;1.310
Málaga;9. ADMÓN. JUSTICIA;2022;1.181
Málaga;9. ADMÓN. JUSTICIA;2021;1.040
Málaga;9. ADMÓN. JUSTICIA;2020;1.096
Málaga;9. ADMÓN. JUSTICIA;2019;1.074
Málaga;9. ADMÓN. JUSTICIA;2018;1.133
Málaga;10. ORDEN PÚBLICO;2024;1.035
Málaga;10. ORDEN PÚBLICO;2023;1.260
Málaga;10. ORDEN PÚBLICO;2022;1.141
Málaga;10. ORDEN PÚBLICO;2021;1.193
Málaga;10. ORDEN PÚBLICO;2020;1.085
Málaga;10. ORDEN PÚBLICO;2019;963
Málaga;10. ORDEN PÚBLICO;2018;901
Málaga;11. LEGISLACIÓN ESPECIAL;2024;36
Málaga;11. LEGISLACIÓN ESPECIAL;2023;16
Málaga;11. LEGISLACIÓN ESPECIAL;2022;7
Málaga;11. LEGISLACIÓN ESPECIAL;2021;26
Málaga;11. LEGISLACIÓN ESPECIAL;2020;20
Málaga;11. LEGISLACIÓN ESPECIAL;2019;49
Málaga;11. LEGISLACIÓN ESPECIAL;2018;7
Málaga;12. OTRAS INFRACCIONES PENALES;2024;282
Málaga;12. OTRAS INFRACCIONES PENALES;2023;276
Málaga;12. OTRAS INFRACCIONES PENALES;2022;324
Málaga;12. OTRAS INFRACCIONES PENALES;2021;315
Málaga;12. OTRAS INFRACCIONES PENALES;2020;292
Málaga;12. OTRAS INFRACCIONES PENALES;2019;293
Málaga;12. OTRAS INFRACCIONES PENALES;2018;314
Málaga;TOTAL INFRACCIONES PENALES;2024;24.085
Málaga;TOTAL INFRACCIONES PENALES;2023;24.287
Málaga;TOTAL INFRACCIONES PENALES;2022;22.281
Málaga;TOTAL INFRACCIONES PENALES;2021;21.206
Málaga;TOTAL INFRACCIONES PENALES;2020;19.921
Málaga;TOTAL INFRACCIONES PENALES;2019;22.329
Málaga;TOTAL INFRACCIONES PENALES;2018;23.117
Murcia;1. CONTRA LAS PERSONAS;2024;5.996
Murcia;1. CONTRA LAS PERSONAS;2023;5.997
Murcia;1. CONTRA LAS PERSONAS;2022;4.956
Murcia;1. CONTRA LAS PERSONAS;2021;4.371
Murcia;1. CONTRA LAS PERSONAS;2020;3.809
Murcia;1. CONTRA LAS PERSONAS;2019;4.360
Murcia;1. CONTRA LAS PERSONAS;2018;4.175
Murcia;1.1.-Homicidios dolosos/asesinatos;2024;80
Murcia;1.1.-Homicidios dolosos/asesinatos;2023;106
Murcia;1.1.-Homicidios dolosos/asesinatos;2022;74
Murcia;1.1.-Homicidios dolosos/asesinatos;2021;59
Murcia;1.1.-Homicidios dolosos/asesinatos;2020;52
Murcia;1.1.-Homicidios dolosos/asesinatos;2019;43
Murcia;1.1.-Homicidios dolosos/asesinatos;2018;43
Murcia;1.1.1.-Homicidios dolosos/asesinatos consumados;2024;11
Murcia;1.1.1.-Homicidios dolosos/asesinatos consumados;2023;19
Murcia;1.1.1.-Homicidios dolosos/asesinatos consumados;2022;17
Murcia;1.1.1.-Homicidios dolosos/asesinatos consumados;2021;17
Murcia;1.1.1.-Homicidios dolosos/asesinatos consumados;2020;13
Murcia;1.1.1.-Homicidios dolosos/asesinatos consumados;2019;22
Murcia;1.1.1.-Homicidios dolosos/asesinatos consumados;2018;20
Murcia;1.2.-Lesiones;2024;2.481
Murcia;1.2.-Lesiones;2023;2.338
Murcia;1.2.-Lesiones;2022;2.039
Murcia;1.2.-Lesiones;2021;1.666
Murcia;1.2.-Lesiones;2020;1.492
Murcia;1.2.-Lesiones;2019;1.883
Murcia;1.2.-Lesiones;2018;1.751
Murcia;1.3.-Malos tratos ámbito familiar;2024;3.227
Murcia;1.3.-Malos tratos ámbito familiar;2023;3.403
Murcia;1.3.-Malos tratos ámbito familiar;2022;2.738
Murcia;1.3.-Malos tratos ámbito familiar;2021;2.588
Murcia;1.3.-Malos tratos ámbito familiar;2020;2.197
Murcia;1.3.-Malos tratos ámbito familiar;2019;2.358
Murcia;1.3.-Malos tratos ámbito familiar;2018;2.327
Murcia;1.4.-Otros contra las personas;2024;208
Murcia;1.4.-Otros contra las personas;2023;150
Murcia;1.4.-Otros contra las personas;2022;105
Murcia;1.4.-Otros contra las personas;2021;58
Murcia;1.4.-Otros contra las personas;2020;68
Murcia;1.4.-Otros contra las personas;2019;76
Murcia;1.4.-Otros contra las personas;2018;54
Murcia;2. CONTRA LA LIBERTAD;2024;2.784
Murcia;2. CONTRA LA LIBERTAD;2023;2.693
Murcia;2. CONTRA LA LIBERTAD;2022;2.200
Murcia;2. CONTRA LA LIBERTAD;2021;1.982
Murcia;2. CONTRA LA LIBERTAD;2020;1.825
Murcia;2. CONTRA LA LIBERTAD;2019;1.993
Murcia;2. CONTRA LA LIBERTAD;2018;1.805
Murcia;2.1.-Malos tratos habituales en el ámbito familiar;2024;266
Murcia;2.1.-Malos tratos habituales en el ámbito familiar;2023;326
Murcia;2.1.-Malos tratos habituales en el ámbito familiar;2022;289
Murcia;2.1.-Malos tratos habituales en el ámbito familiar;2021;303
Murcia;2.1.-Malos tratos habituales en el ámbito familiar;2020;324
Murcia;2.1.-Malos tratos habituales en el ámbito familiar;2019;322
Murcia;2.1.-Malos tratos habituales en el ámbito familiar;2018;299
Murcia;2.2.-Otros contra la libertad;2024;2.518
Murcia;2.2.-Otros contra la libertad;2023;2.367
Murcia;2.2.-Otros contra la libertad;2022;1.911
Murcia;2.2.-Otros contra la libertad;2021;1.679
Murcia;2.2.-Otros contra la libertad;2020;1.501
Murcia;2.2.-Otros contra la libertad;2019;1.671
Murcia;2.2.-Otros contra la libertad;2018;1.506
Murcia;3. LIBERTAD SEXUAL;2024;581
Murcia;3. LIBERTAD SEXUAL;2023;518
Murcia;3. LIBERTAD SEXUAL;2022;427
Murcia;3. LIBERTAD SEXUAL;2021;460
Murcia;3. LIBERTAD SEXUAL;2020;337
Murcia;3. LIBERTAD SEXUAL;2019;429
Murcia;3. LIBERTAD SEXUAL;2018;385
Murcia;3.1.-Agresión sexual;2024;407
Murcia;3.1.-Agresión sexual;2023;339
Murcia;3.1.-Agresión sexual;2022;297
Murcia;3.1.-Agresión sexual;2021;304
Murcia;3.1.-Agresión sexual;2020;214
Murcia;3.1.-Agresión sexual;2019;272
Murcia;3.1.-Agresión sexual;2018;247
Murcia;3.2.-Agresión sexual con penetración;2024;99
Murcia;3.2.-Agresión sexual con penetración;2023;84
Murcia;3.2.-Agresión sexual con penetración;2022;80
Murcia;3.2.-Agresión sexual con penetración;2021;84
Murcia;3.2.-Agresión sexual con penetración;2020;70
Murcia;3.2.-Agresión sexual con penetración;2019;67
Murcia;3.2.-Agresión sexual con penetración;2018;59
Murcia;3.3.-Corrupción de menores o incapacitados;2024;14
Murcia;3.3.-Corrupción de menores o incapacitados;2023;13
Murcia;3.3.-Corrupción de menores o incapacitados;2022;5
Murcia;3.3.-Corrupción de menores o incapacitados;2021;11
Murcia;3.3.-Corrupción de menores o incapacitados;2020;6
Murcia;3.3.-Corrupción de menores o incapacitados;2019;10
Murcia;3.3.-Corrupción de menores o incapacitados;2018;12
Murcia;3.4.-Pornografía de menores;2024;17
Murcia;3.4.-Pornografía de menores;2023;22
Murcia;3.4.-Pornografía de menores;2022;14
Murcia;3.4.-Pornografía de menores;2021;16
Murcia;3.4.-Pornografía de menores;2020;11
Murcia;3.4.-Pornografía de menores;2019;29
Murcia;3.4.-Pornografía de menores;2018;21
Murcia;3.5.-Otros contra la libertad sexual;2024;44
Murcia;3.5.-Otros contra la libertad sexual;2023;60
Murcia;3.5.-Otros contra la libertad sexual;2022;31
Murcia;3.5.-Otros contra la libertad sexual;2021;45
Murcia;3.5.-Otros contra la libertad sexual;2020;36
Murcia;3.5.-Otros contra la libertad sexual;2019;51
Murcia;3.5.-Otros contra la libertad sexual;2018;46
Murcia;4. RELACIONES FAMILIARES;2024;212
Murcia;4. RELACIONES FAMILIARES;2023;245
Murcia;4. RELACIONES FAMILIARES;2022;228
Murcia;4. RELACIONES FAMILIARES;2021;222
Murcia;4. RELACIONES FAMILIARES;2020;226
Murcia;4. RELACIONES FAMILIARES;2019;229
Murcia;4. RELACIONES FAMILIARES;2018;297
Murcia;5. PATRIMONIO;2024;6.514
Murcia;5. PATRIMONIO;2023;6.175
Murcia;5. PATRIMONIO;2022;5.258
Murcia;5. PATRIMONIO;2021;4.109
Murcia;5. PATRIMONIO;2020;3.966
Murcia;5. PATRIMONIO;2019;4.524
Murcia;5. PATRIMONIO;2018;4.723
Murcia;5.1.-Hurtos;2024;1.980
Murcia;5.1.-Hurtos;2023;1.819
Murcia;5.1.-Hurtos;2022;1.406
Murcia;5.1.-Hurtos;2021;942
Murcia;5.1.-Hurtos;2020;890
Murcia;5.1.-Hurtos;2019;1.246
Murcia;5.1.-Hurtos;2018;1.364
Murcia;5.2.-Robos con fuerza en las cosas;2024;1.389
Murcia;5.2.-Robos con fuerza en las cosas;2023;1.441
Murcia;5.2.-Robos con fuerza en las cosas;2022;1.282
Murcia;5.2.-Robos con fuerza en las cosas;2021;1.087
Murcia;5.2.-Robos con fuerza en las cosas;2020;1.055
Murcia;5.2.-Robos con fuerza en las cosas;2019;1.153
Murcia;5.2.-Robos con fuerza en las cosas;2018;1.295
Murcia;5.2.1.-Robos con fuerza en las cosas en el interior de vehículos;2024;292
Murcia;5.2.1.-Robos con fuerza en las cosas en el interior de vehículos;2023;309
Murcia;5.2.1.-Robos con fuerza en las cosas en el interior de vehículos;2022;234
Murcia;5.2.1.-Robos con fuerza en las cosas en el interior de vehículos;2021;202
Murcia;5.2.1.-Robos con fuerza en las cosas en el interior de vehículos;2020;163
Murcia;5.2.1.-Robos con fuerza en las cosas en el interior de vehículos;2019;173
Murcia;5.2.1.-Robos con fuerza en las cosas en el interior de vehículos;2018;218
Murcia;5.2.2.-Robos con fuerza en viviendas;2024;485
Murcia;5.2.2.-Robos con fuerza en viviendas;2023;460
Murcia;5.2.2.-Robos con fuerza en viviendas;2022;471
Murcia;5.2.2.-Robos con fuerza en viviendas;2021;433
Murcia;5.2.2.-Robos con fuerza en viviendas;2020;486
Murcia;5.2.2.-Robos con fuerza en viviendas;2019;502
Murcia;5.2.2.-Robos con fuerza en viviendas;2018;574
Murcia;5.2.3.-Robos con fuerza en establecimientos;2024;305
Murcia;5.2.3.-Robos con fuerza en establecimientos;2023;343
Murcia;5.2.3.-Robos con fuerza en establecimientos;2022;272
Murcia;5.2.3.-Robos con fuerza en establecimientos;2021;252
Murcia;5.2.3.-Robos con fuerza en establecimientos;2020;214
Murcia;5.2.3.-Robos con fuerza en establecimientos;2019;209
Murcia;5.2.3.-Robos con fuerza en establecimientos;2018;199
Murcia;5.3.-Robos con violencia o intimidación;2024;1.092
Murcia;5.3.-Robos con violencia o intimidación;2023;922
Murcia;5.3.-Robos con violencia o intimidación;2022;874
Murcia;5.3.-Robos con violencia o intimidación;2021;545
Murcia;5.3.-Robos con violencia o intimidación;2020;535
Murcia;5.3.-Robos con violencia o intimidación;2019;591
Murcia;5.3.-Robos con violencia o intimidación;2018;512
Murcia;5.3.1.-Robos con violencia en vía pública;2024;624
Murcia;5.3.1.-Robos con violencia en vía pública;2023;486
Murcia;5.3.1.-Robos con violencia en vía pública;2022;487
Murcia;5.3.1.-Robos con violencia en vía pública;2021;305
Murcia;5.3.1.-Robos con violencia en vía pública;2020;277
Murcia;5.3.1.-Robos con violencia en vía pública;2019;269
Murcia;5.3.1.-Robos con violencia en vía pública;2018;308
Murcia;5.3.2.-Robos con violencia en viviendas;2024;93
Murcia;5.3.2.-Robos con violencia en viviendas;2023;86
Murcia;5.3.2.-Robos con violencia en viviendas;2022;63
Murcia;5.3.2.-Robos con violencia en viviendas;2021;35
Murcia;5.3.2.-Robos con violencia en viviendas;2020;82
Murcia;5.3.2.-Robos con violencia en viviendas;2019;72
Murcia;5.3.2.-Robos con violencia en viviendas;2018;59
Murcia;5.3.3.-Robos con violencia en establecimientos;2024;258
Murcia;5.3.3.-Robos con violencia en establecimientos;2023;244
Murcia;5.3.3.-Robos con violencia en establecimientos;2022;226
Murcia;5.3.3.-Robos con violencia en establecimientos;2021;124
Murcia;5.3.3.-Robos con violencia en establecimientos;2020;108
Murcia;5.3.3.-Robos con violencia en establecimientos;2019;140
Murcia;5.3.3.-Robos con violencia en establecimientos;2018;102
Murcia;5.4.-Sustracción de vehículos;2024;152
Murcia;5.4.-Sustracción de vehículos;2023;180
Murcia;5.4.-Sustracción de vehículos;2022;168
Murcia;5.4.-Sustracción de vehículos;2021;102
Murcia;5.4.-Sustracción de vehículos;2020;114
Murcia;5.4.-Sustracción de vehículos;2019;112
Murcia;5.4.-Sustracción de vehículos;2018;151
Murcia;5.5.-Estafas;2024;758
Murcia;5.5.-Estafas;2023;713
Murcia;5.5.-Estafas;2022;580
Murcia;5.5.-Estafas;2021;486
Murcia;5.5.-Estafas;2020;503
Murcia;5.5.-Estafas;2019;519
Murcia;5.5.-Estafas;2018;514
Murcia;5.5.1.-Estafas informáticas;2024;371
Murcia;5.5.1.-Estafas informáticas;2023;359
Murcia;5.5.1.-Estafas informáticas;2022;254
Murcia;5.5.1.-Estafas informáticas;2021;202
Murcia;5.5.1.-Estafas informáticas;2020;192
Murcia;5.5.1.-Estafas informáticas;2019;124
Murcia;5.5.1.-Estafas informáticas;2018;66
Murcia;5.6.-Daños;2024;512
Murcia;5.6.-Daños;2023;488
Murcia;5.6.-Daños;2022;438
Murcia;5.6.-Daños;2021;398
Murcia;5.6.-Daños;2020;383
Murcia;5.6.-Daños;2019;387
Murcia;5.6.-Daños;2018;405
Murcia;5.7.-Contra la propiedad intelectual/industrial;2024;30
Murcia;5.7.-Contra la propiedad intelectual/industrial;2023;39
Murcia;5.7.-Contra la propiedad intelectual/industrial;2022;65
Murcia;5.7.-Contra la propiedad intelectual/industrial;2021;42
Murcia;5.7.-Contra la propiedad intelectual/industrial;2020;59
Murcia;5.7.-Contra la propiedad intelectual/industrial;2019;26
Murcia;5.7.-Contra la propiedad intelectual/industrial;2018;48
Murcia;5.8.-Blanqueo de capitales;2024;9
Murcia;5.8.-Blanqueo de capitales;2023;25
Murcia;5.8.-Blanqueo de capitales;2022;5
Murcia;5.8.-Blanqueo de capitales;2021;7
Murcia;5.8.-Blanqueo de capitales;2020;7
Murcia;5.8.-Blanqueo de capitales;2019;27
Murcia;5.8.-Blanqueo de capitales;2018;22
Murcia;5.9.-Otros contra el patrimonio;2024;592
Murcia;5.9.-Otros contra el patrimonio;2023;548
Murcia;5.9.-Otros contra el patrimonio;2022;440
Murcia;5.9.-Otros contra el patrimonio;2021;500
Murcia;5.9.-Otros contra el patrimonio;2020;420
Murcia;5.9.-Otros contra el patrimonio;2019;463
Murcia;5.9.-Otros contra el patrimonio;2018;412
Murcia;6. SEGURIDAD COLECTIVA;2024;2.123
Murcia;6. SEGURIDAD COLECTIVA;2023;2.042
Murcia;6. SEGURIDAD COLECTIVA;2022;2.022
Murcia;6. SEGURIDAD COLECTIVA;2021;1.823
Murcia;6. SEGURIDAD COLECTIVA;2020;1.511
Murcia;6. SEGURIDAD COLECTIVA;2019;1.883
Murcia;6. SEGURIDAD COLECTIVA;2018;1.740
Murcia;6.1.-Tráfico de drogas;2024;1.017
Murcia;6.1.-Tráfico de drogas;2023;1.078
Murcia;6.1.-Tráfico de drogas;2022;940
Murcia;6.1.-Tráfico de drogas;2021;967
Murcia;6.1.-Tráfico de drogas;2020;703
Murcia;6.1.-Tráfico de drogas;2019;713
Murcia;6.1.-Tráfico de drogas;2018;613
Murcia;6.2.-Contra la seguridad vial;2024;1.049
Murcia;6.2.-Contra la seguridad vial;2023;924
Murcia;6.2.-Contra la seguridad vial;2022;1.032
Murcia;6.2.-Contra la seguridad vial;2021;817
Murcia;6.2.-Contra la seguridad vial;2020;765
Murcia;6.2.-Contra la seguridad vial;2019;1.116
Murcia;6.2.-Contra la seguridad vial;2018;1.043
Murcia;6.3.-Otros contra la seguridad colectiva;2024;57
Murcia;6.3.-Otros contra la seguridad colectiva;2023;40
Murcia;6.3.-Otros contra la seguridad colectiva;2022;50
Murcia;6.3.-Otros contra la seguridad colectiva;2021;39
Murcia;6.3.-Otros contra la seguridad colectiva;2020;43
Murcia;6.3.-Otros contra la seguridad colectiva;2019;54
Murcia;6.3.-Otros contra la seguridad colectiva;2018;84
Murcia;7. FALSEDADES;2024;611
Murcia;7. FALSEDADES;2023;505
Murcia;7. FALSEDADES;2022;511
Murcia;7. FALSEDADES;2021;631
Murcia;7. FALSEDADES;2020;537
Murcia;7. FALSEDADES;2019;444
Murcia;7. FALSEDADES;2018;393
Murcia;8. ADMÓN. PÚBLICA;2024;13
Murcia;8. ADMÓN. PÚBLICA;2023;8
Murcia;8. ADMÓN. PÚBLICA;2022;12
Murcia;8. ADMÓN. PÚBLICA;2021;38
Murcia;8. ADMÓN. PÚBLICA;2020;103
Murcia;8. ADMÓN. PÚBLICA;2019;30
Murcia;8. ADMÓN. PÚBLICA;2018;5
Murcia;9. ADMÓN. JUSTICIA;2024;1.416
Murcia;9. ADMÓN. JUSTICIA;2023;1.382
Murcia;9. ADMÓN. JUSTICIA;2022;1.236
Murcia;9. ADMÓN. JUSTICIA;2021;957
Murcia;9. ADMÓN. JUSTICIA;2020;928
Murcia;9. ADMÓN. JUSTICIA;2019;840
Murcia;9. ADMÓN. JUSTICIA;2018;827
Murcia;10. ORDEN PÚBLICO;2024;954
Murcia;10. ORDEN PÚBLICO;2023;868
Murcia;10. ORDEN PÚBLICO;2022;756
Murcia;10. ORDEN PÚBLICO;2021;767
Murcia;10. ORDEN PÚBLICO;2020;901
Murcia;10. ORDEN PÚBLICO;2019;557
Murcia;10. ORDEN PÚBLICO;2018;517
Murcia;11. LEGISLACIÓN ESPECIAL;2024;7
Murcia;11. LEGISLACIÓN ESPECIAL;2023;44
Murcia;11. LEGISLACIÓN ESPECIAL;2022;21
Murcia;11. LEGISLACIÓN ESPECIAL;2021;16
Murcia;11. LEGISLACIÓN ESPECIAL;2020;25
Murcia;11. LEGISLACIÓN ESPECIAL;2019;6
Murcia;11. LEGISLACIÓN ESPECIAL;2018;6
Murcia;12. OTRAS INFRACCIONES PENALES;2024;302
Murcia;12. OTRAS INFRACCIONES PENALES;2023;342
Murcia;12. OTRAS INFRACCIONES PENALES;2022;365
Murcia;12. OTRAS INFRACCIONES PENALES;2021;468
Murcia;12. OTRAS INFRACCIONES PENALES;2020;306
Murcia;12. OTRAS INFRACCIONES PENALES;2019;475
Murcia;12. OTRAS INFRACCIONES PENALES;2018;206
Murcia;TOTAL INFRACCIONES PENALES;2024;21.513
Murcia;TOTAL INFRACCIONES PENALES;2023;20.819
Murcia;TOTAL INFRACCIONES PENALES;2022;17.992
Murcia;TOTAL INFRACCIONES PENALES;2021;15.844
Murcia;TOTAL INFRACCIONES PENALES;2020;14.474
Murcia;TOTAL INFRACCIONES PENALES;2019;15.770
Murcia;TOTAL INFRACCIONES PENALES;2018;15.079
Navarra;1. CONTRA LAS PERSONAS;2024;1.235
Navarra;1. CONTRA LAS PERSONAS;2023;1.124
Navarra;1. CONTRA LAS PERSONAS;2022;1.134
Navarra;1. CONTRA LAS PERSONAS;2021;1.004
Navarra;1. CONTRA LAS PERSONAS;2020;831
Navarra;1. CONTRA LAS PERSONAS;2019;945
Navarra;1. CONTRA LAS PERSONAS;2018;869
Navarra;1.1.-Homicidios dolosos/asesinatos;2024;27
Navarra;1.1.-Homicidios dolosos/asesinatos;2023;30
Navarra;1.1.-Homicidios dolosos/asesinatos;2022;20
Navarra;1.1.-Homicidios dolosos/asesinatos;2021;19
Navarra;1.1.-Homicidios dolosos/asesinatos;2020;16
Navarra;1.1.-Homicidios dolosos/asesinatos;2019;6
Navarra;1.1.-Homicidios dolosos/asesinatos;2018;15
Navarra;1.1.1.-Homicidios dolosos/asesinatos consumados;2024;7
Navarra;1.1.1.-Homicidios dolosos/asesinatos consumados;2023;7
Navarra;1.1.1.-Homicidios dolosos/asesinatos consumados;2022;1
Navarra;1.1.1.-Homicidios dolosos/asesinatos consumados;2021;2
Navarra;1.1.1.-Homicidios dolosos/asesinatos consumados;2020;3
Navarra;1.1.1.-Homicidios dolosos/asesinatos consumados;2019;3
Navarra;1.1.1.-Homicidios dolosos/asesinatos consumados;2018;2
Navarra;1.2.-Lesiones;2024;439
Navarra;1.2.-Lesiones;2023;354
Navarra;1.2.-Lesiones;2022;404
Navarra;1.2.-Lesiones;2021;331
Navarra;1.2.-Lesiones;2020;238
Navarra;1.2.-Lesiones;2019;310
Navarra;1.2.-Lesiones;2018;256
Navarra;1.3.-Malos tratos ámbito familiar;2024;752
Navarra;1.3.-Malos tratos ámbito familiar;2023;718
Navarra;1.3.-Malos tratos ámbito familiar;2022;700
Navarra;1.3.-Malos tratos ámbito familiar;2021;637
Navarra;1.3.-Malos tratos ámbito familiar;2020;560
Navarra;1.3.-Malos tratos ámbito familiar;2019;624
Navarra;1.3.-Malos tratos ámbito familiar;2018;593
Navarra;1.4.-Otros contra las personas;2024;17
Navarra;1.4.-Otros contra las personas;2023;22
Navarra;1.4.-Otros contra las personas;2022;10
Navarra;1.4.-Otros contra las personas;2021;17
Navarra;1.4.-Otros contra las personas;2020;17
Navarra;1.4.-Otros contra las personas;2019;5
Navarra;1.4.-Otros contra las personas;2018;5
Navarra;2. CONTRA LA LIBERTAD;2024;531
Navarra;2. CONTRA LA LIBERTAD;2023;473
Navarra;2. CONTRA LA LIBERTAD;2022;408
Navarra;2. CONTRA LA LIBERTAD;2021;340
Navarra;2. CONTRA LA LIBERTAD;2020;312
Navarra;2. CONTRA LA LIBERTAD;2019;334
Navarra;2. CONTRA LA LIBERTAD;2018;271
Navarra;2.1.-Malos tratos habituales en el ámbito familiar;2024;223
Navarra;2.1.-Malos tratos habituales en el ámbito familiar;2023;200
Navarra;2.1.-Malos tratos habituales en el ámbito familiar;2022;144
Navarra;2.1.-Malos tratos habituales en el ámbito familiar;2021;88
Navarra;2.1.-Malos tratos habituales en el ámbito familiar;2020;94
Navarra;2.1.-Malos tratos habituales en el ámbito familiar;2019;104
Navarra;2.1.-Malos tratos habituales en el ámbito familiar;2018;62
Navarra;2.2.-Otros contra la libertad;2024;308
Navarra;2.2.-Otros contra la libertad;2023;273
Navarra;2.2.-Otros contra la libertad;2022;264
Navarra;2.2.-Otros contra la libertad;2021;252
Navarra;2.2.-Otros contra la libertad;2020;218
Navarra;2.2.-Otros contra la libertad;2019;230
Navarra;2.2.-Otros contra la libertad;2018;209
Navarra;3. LIBERTAD SEXUAL;2024;276
Navarra;3. LIBERTAD SEXUAL;2023;250
Navarra;3. LIBERTAD SEXUAL;2022;194
Navarra;3. LIBERTAD SEXUAL;2021;154
Navarra;3. LIBERTAD SEXUAL;2020;153
Navarra;3. LIBERTAD SEXUAL;2019;123
Navarra;3. LIBERTAD SEXUAL;2018;151
Navarra;3.1.-Agresión sexual;2024;193
Navarra;3.1.-Agresión sexual;2023;159
Navarra;3.1.-Agresión sexual;2022;125
Navarra;3.1.-Agresión sexual;2021;82
Navarra;3.1.-Agresión sexual;2020;88
Navarra;3.1.-Agresión sexual;2019;73
Navarra;3.1.-Agresión sexual;2018;87
Navarra;3.2.-Agresión sexual con penetración;2024;47
Navarra;3.2.-Agresión sexual con penetración;2023;57
Navarra;3.2.-Agresión sexual con penetración;2022;59
Navarra;3.2.-Agresión sexual con penetración;2021;53
Navarra;3.2.-Agresión sexual con penetración;2020;36
Navarra;3.2.-Agresión sexual con penetración;2019;32
Navarra;3.2.-Agresión sexual con penetración;2018;41
Navarra;3.3.-Corrupción de menores o incapacitados;2024;0
Navarra;3.3.-Corrupción de menores o incapacitados;2023;9
Navarra;3.3.-Corrupción de menores o incapacitados;2022;4
Navarra;3.3.-Corrupción de menores o incapacitados;2021;7
Navarra;3.3.-Corrupción de menores o incapacitados;2020;7
Navarra;3.3.-Corrupción de menores o incapacitados;2019;4
Navarra;3.3.-Corrupción de menores o incapacitados;2018;4
Navarra;3.4.-Pornografía de menores;2024;9
Navarra;3.4.-Pornografía de menores;2023;14
Navarra;3.4.-Pornografía de menores;2022;4
Navarra;3.4.-Pornografía de menores;2021;3
Navarra;3.4.-Pornografía de menores;2020;7
Navarra;3.4.-Pornografía de menores;2019;9
Navarra;3.4.-Pornografía de menores;2018;9
Navarra;3.5.-Otros contra la libertad sexual;2024;27
Navarra;3.5.-Otros contra la libertad sexual;2023;11
Navarra;3.5.-Otros contra la libertad sexual;2022;2
Navarra;3.5.-Otros contra la libertad sexual;2021;9
Navarra;3.5.-Otros contra la libertad sexual;2020;15
Navarra;3.5.-Otros contra la libertad sexual;2019;5
Navarra;3.5.-Otros contra la libertad sexual;2018;10
Navarra;4. RELACIONES FAMILIARES;2024;9
Navarra;4. RELACIONES FAMILIARES;2023;8
Navarra;4. RELACIONES FAMILIARES;2022;8
Navarra;4. RELACIONES FAMILIARES;2021;6
Navarra;4. RELACIONES FAMILIARES;2020;11
Navarra;4. RELACIONES FAMILIARES;2019;6
Navarra;4. RELACIONES FAMILIARES;2018;3
Navarra;5. PATRIMONIO;2024;1.477
Navarra;5. PATRIMONIO;2023;1.471
Navarra;5. PATRIMONIO;2022;1.271
Navarra;5. PATRIMONIO;2021;1.093
Navarra;5. PATRIMONIO;2020;834
Navarra;5. PATRIMONIO;2019;1.119
Navarra;5. PATRIMONIO;2018;1.181
Navarra;5.1.-Hurtos;2024;604
Navarra;5.1.-Hurtos;2023;633
Navarra;5.1.-Hurtos;2022;469
Navarra;5.1.-Hurtos;2021;355
Navarra;5.1.-Hurtos;2020;190
Navarra;5.1.-Hurtos;2019;399
Navarra;5.1.-Hurtos;2018;450
Navarra;5.2.-Robos con fuerza en las cosas;2024;314
Navarra;5.2.-Robos con fuerza en las cosas;2023;281
Navarra;5.2.-Robos con fuerza en las cosas;2022;293
Navarra;5.2.-Robos con fuerza en las cosas;2021;284
Navarra;5.2.-Robos con fuerza en las cosas;2020;239
Navarra;5.2.-Robos con fuerza en las cosas;2019;297
Navarra;5.2.-Robos con fuerza en las cosas;2018;288
Navarra;5.2.1.-Robos con fuerza en las cosas en el interior de vehículos;2024;59
Navarra;5.2.1.-Robos con fuerza en las cosas en el interior de vehículos;2023;35
Navarra;5.2.1.-Robos con fuerza en las cosas en el interior de vehículos;2022;31
Navarra;5.2.1.-Robos con fuerza en las cosas en el interior de vehículos;2021;31
Navarra;5.2.1.-Robos con fuerza en las cosas en el interior de vehículos;2020;44
Navarra;5.2.1.-Robos con fuerza en las cosas en el interior de vehículos;2019;40
Navarra;5.2.1.-Robos con fuerza en las cosas en el interior de vehículos;2018;48
Navarra;5.2.2.-Robos con fuerza en viviendas;2024;82
Navarra;5.2.2.-Robos con fuerza en viviendas;2023;71
Navarra;5.2.2.-Robos con fuerza en viviendas;2022;80
Navarra;5.2.2.-Robos con fuerza en viviendas;2021;69
Navarra;5.2.2.-Robos con fuerza en viviendas;2020;55
Navarra;5.2.2.-Robos con fuerza en viviendas;2019;68
Navarra;5.2.2.-Robos con fuerza en viviendas;2018;97
Navarra;5.2.3.-Robos con fuerza en establecimientos;2024;48
Navarra;5.2.3.-Robos con fuerza en establecimientos;2023;68
Navarra;5.2.3.-Robos con fuerza en establecimientos;2022;93
Navarra;5.2.3.-Robos con fuerza en establecimientos;2021;81
Navarra;5.2.3.-Robos con fuerza en establecimientos;2020;85
Navarra;5.2.3.-Robos con fuerza en establecimientos;2019;103
Navarra;5.2.3.-Robos con fuerza en establecimientos;2018;71
Navarra;5.3.-Robos con violencia o intimidación;2024;164
Navarra;5.3.-Robos con violencia o intimidación;2023;206
Navarra;5.3.-Robos con violencia o intimidación;2022;173
Navarra;5.3.-Robos con violencia o intimidación;2021;146
Navarra;5.3.-Robos con violencia o intimidación;2020;104
Navarra;5.3.-Robos con violencia o intimidación;2019;98
Navarra;5.3.-Robos con violencia o intimidación;2018;68
Navarra;5.3.1.-Robos con violencia en vía pública;2024;92
Navarra;5.3.1.-Robos con violencia en vía pública;2023;150
Navarra;5.3.1.-Robos con violencia en vía pública;2022;124
Navarra;5.3.1.-Robos con violencia en vía pública;2021;108
Navarra;5.3.1.-Robos con violencia en vía pública;2020;74
Navarra;5.3.1.-Robos con violencia en vía pública;2019;58
Navarra;5.3.1.-Robos con violencia en vía pública;2018;42
Navarra;5.3.2.-Robos con violencia en viviendas;2024;13
Navarra;5.3.2.-Robos con violencia en viviendas;2023;10
Navarra;5.3.2.-Robos con violencia en viviendas;2022;11
Navarra;5.3.2.-Robos con violencia en viviendas;2021;5
Navarra;5.3.2.-Robos con violencia en viviendas;2020;6
Navarra;5.3.2.-Robos con violencia en viviendas;2019;8
Navarra;5.3.2.-Robos con violencia en viviendas;2018;2
Navarra;5.3.3.-Robos con violencia en establecimientos;2024;41
Navarra;5.3.3.-Robos con violencia en establecimientos;2023;34
Navarra;5.3.3.-Robos con violencia en establecimientos;2022;26
Navarra;5.3.3.-Robos con violencia en establecimientos;2021;26
Navarra;5.3.3.-Robos con violencia en establecimientos;2020;13
Navarra;5.3.3.-Robos con violencia en establecimientos;2019;22
Navarra;5.3.3.-Robos con violencia en establecimientos;2018;14
Navarra;5.4.-Sustracción de vehículos;2024;23
Navarra;5.4.-Sustracción de vehículos;2023;15
Navarra;5.4.-Sustracción de vehículos;2022;15
Navarra;5.4.-Sustracción de vehículos;2021;17
Navarra;5.4.-Sustracción de vehículos;2020;16
Navarra;5.4.-Sustracción de vehículos;2019;28
Navarra;5.4.-Sustracción de vehículos;2018;24
Navarra;5.5.-Estafas;2024;166
Navarra;5.5.-Estafas;2023;137
Navarra;5.5.-Estafas;2022;119
Navarra;5.5.-Estafas;2021;111
Navarra;5.5.-Estafas;2020;130
Navarra;5.5.-Estafas;2019;91
Navarra;5.5.-Estafas;2018;113
Navarra;5.5.1.-Estafas informáticas;2024;111
Navarra;5.5.1.-Estafas informáticas;2023;93
Navarra;5.5.1.-Estafas informáticas;2022;52
Navarra;5.5.1.-Estafas informáticas;2021;59
Navarra;5.5.1.-Estafas informáticas;2020;61
Navarra;5.5.1.-Estafas informáticas;2019;16
Navarra;5.5.1.-Estafas informáticas;2018;33
Navarra;5.6.-Daños;2024;81
Navarra;5.6.-Daños;2023;86
Navarra;5.6.-Daños;2022;115
Navarra;5.6.-Daños;2021;100
Navarra;5.6.-Daños;2020;85
Navarra;5.6.-Daños;2019;83
Navarra;5.6.-Daños;2018;84
Navarra;5.7.-Contra la propiedad intelectual/industrial;2024;8
Navarra;5.7.-Contra la propiedad intelectual/industrial;2023;22
Navarra;5.7.-Contra la propiedad intelectual/industrial;2022;10
Navarra;5.7.-Contra la propiedad intelectual/industrial;2021;4
Navarra;5.7.-Contra la propiedad intelectual/industrial;2020;6
Navarra;5.7.-Contra la propiedad intelectual/industrial;2019;20
Navarra;5.7.-Contra la propiedad intelectual/industrial;2018;46
Navarra;5.8.-Blanqueo de capitales;2024;7
Navarra;5.8.-Blanqueo de capitales;2023;17
Navarra;5.8.-Blanqueo de capitales;2022;1
Navarra;5.8.-Blanqueo de capitales;2021;10
Navarra;5.8.-Blanqueo de capitales;2020;2
Navarra;5.8.-Blanqueo de capitales;2019;4
Navarra;5.8.-Blanqueo de capitales;2018;2
Navarra;5.9.-Otros contra el patrimonio;2024;110
Navarra;5.9.-Otros contra el patrimonio;2023;74
Navarra;5.9.-Otros contra el patrimonio;2022;76
Navarra;5.9.-Otros contra el patrimonio;2021;66
Navarra;5.9.-Otros contra el patrimonio;2020;62
Navarra;5.9.-Otros contra el patrimonio;2019;99
Navarra;5.9.-Otros contra el patrimonio;2018;106
Navarra;6. SEGURIDAD COLECTIVA;2024;1.531
Navarra;6. SEGURIDAD COLECTIVA;2023;1.333
Navarra;6. SEGURIDAD COLECTIVA;2022;1.527
Navarra;6. SEGURIDAD COLECTIVA;2021;1.222
Navarra;6. SEGURIDAD COLECTIVA;2020;1.102
Navarra;6. SEGURIDAD COLECTIVA;2019;1.330
Navarra;6. SEGURIDAD COLECTIVA;2018;1.277
Navarra;6.1.-Tráfico de drogas;2024;227
Navarra;6.1.-Tráfico de drogas;2023;170
Navarra;6.1.-Tráfico de drogas;2022;196
Navarra;6.1.-Tráfico de drogas;2021;219
Navarra;6.1.-Tráfico de drogas;2020;234
Navarra;6.1.-Tráfico de drogas;2019;194
Navarra;6.1.-Tráfico de drogas;2018;175
Navarra;6.2.-Contra la seguridad vial;2024;1.269
Navarra;6.2.-Contra la seguridad vial;2023;1.122
Navarra;6.2.-Contra la seguridad vial;2022;1.301
Navarra;6.2.-Contra la seguridad vial;2021;986
Navarra;6.2.-Contra la seguridad vial;2020;839
Navarra;6.2.-Contra la seguridad vial;2019;1.099
Navarra;6.2.-Contra la seguridad vial;2018;1.063
Navarra;6.3.-Otros contra la seguridad colectiva;2024;35
Navarra;6.3.-Otros contra la seguridad colectiva;2023;41
Navarra;6.3.-Otros contra la seguridad colectiva;2022;30
Navarra;6.3.-Otros contra la seguridad colectiva;2021;17
Navarra;6.3.-Otros contra la seguridad colectiva;2020;29
Navarra;6.3.-Otros contra la seguridad colectiva;2019;37
Navarra;6.3.-Otros contra la seguridad colectiva;2018;39
Navarra;7. FALSEDADES;2024;88
Navarra;7. FALSEDADES;2023;84
Navarra;7. FALSEDADES;2022;77
Navarra;7. FALSEDADES;2021;135
Navarra;7. FALSEDADES;2020;94
Navarra;7. FALSEDADES;2019;88
Navarra;7. FALSEDADES;2018;68
Navarra;8. ADMÓN. PÚBLICA;2024;2
Navarra;8. ADMÓN. PÚBLICA;2023;2
Navarra;8. ADMÓN. PÚBLICA;2022;4
Navarra;8. ADMÓN. PÚBLICA;2021;2
Navarra;8. ADMÓN. PÚBLICA;2020;1
Navarra;8. ADMÓN. PÚBLICA;2019;4
Navarra;8. ADMÓN. PÚBLICA;2018;2
Navarra;9. ADMÓN. JUSTICIA;2024;366
Navarra;9. ADMÓN. JUSTICIA;2023;292
Navarra;9. ADMÓN. JUSTICIA;2022;265
Navarra;9. ADMÓN. JUSTICIA;2021;196
Navarra;9. ADMÓN. JUSTICIA;2020;205
Navarra;9. ADMÓN. JUSTICIA;2019;203
Navarra;9. ADMÓN. JUSTICIA;2018;214
Navarra;10. ORDEN PÚBLICO;2024;504
Navarra;10. ORDEN PÚBLICO;2023;370
Navarra;10. ORDEN PÚBLICO;2022;403
Navarra;10. ORDEN PÚBLICO;2021;362
Navarra;10. ORDEN PÚBLICO;2020;343
Navarra;10. ORDEN PÚBLICO;2019;310
Navarra;10. ORDEN PÚBLICO;2018;242
Navarra;11. LEGISLACIÓN ESPECIAL;2024;2
Navarra;11. LEGISLACIÓN ESPECIAL;2023;0
Navarra;11. LEGISLACIÓN ESPECIAL;2022;11
Navarra;11. LEGISLACIÓN ESPECIAL;2021;0
Navarra;11. LEGISLACIÓN ESPECIAL;2020;0
Navarra;11. LEGISLACIÓN ESPECIAL;2019;0
Navarra;11. LEGISLACIÓN ESPECIAL;2018;11
Navarra;12. OTRAS INFRACCIONES PENALES;2024;46
Navarra;12. OTRAS INFRACCIONES PENALES;2023;67
Navarra;12. OTRAS INFRACCIONES PENALES;2022;52
Navarra;12. OTRAS INFRACCIONES PENALES;2021;77
Navarra;12. OTRAS INFRACCIONES PENALES;2020;68
Navarra;12. OTRAS INFRACCIONES PENALES;2019;38
Navarra;12. OTRAS INFRACCIONES PENALES;2018;47
Navarra;TOTAL INFRACCIONES PENALES;2024;6.067
Navarra;TOTAL INFRACCIONES PENALES;2023;5.474
Navarra;TOTAL INFRACCIONES PENALES;2022;5.354
Navarra;TOTAL INFRACCIONES PENALES;2021;4.591
Navarra;TOTAL INFRACCIONES PENALES;2020;3.954
Navarra;TOTAL INFRACCIONES PENALES;2019;4.500
Navarra;TOTAL INFRACCIONES PENALES;2018;4.336
Ourense;1. CONTRA LAS PERSONAS;2024;754
Ourense;1. CONTRA LAS PERSONAS;2023;787
Ourense;1. CONTRA LAS PERSONAS;2022;665
Ourense;1. CONTRA LAS PERSONAS;2021;620
Ourense;1. CONTRA LAS PERSONAS;2020;544
Ourense;1. CONTRA LAS PERSONAS;2019;565
Ourense;1. CONTRA LAS PERSONAS;2018;583
Ourense;1.1.-Homicidios dolosos/asesinatos;2024;4
Ourense;1.1.-Homicidios dolosos/asesinatos;2023;5
Ourense;1.1.-Homicidios dolosos/asesinatos;2022;5
Ourense;1.1.-Homicidios dolosos/asesinatos;2021;13
Ourense;1.1.-Homicidios dolosos/asesinatos;2020;6
Ourense;1.1.-Homicidios dolosos/asesinatos;2019;6
Ourense;1.1.-Homicidios dolosos/asesinatos;2018;8
Ourense;1.1.1.-Homicidios dolosos/asesinatos consumados;2024;3
Ourense;1.1.1.-Homicidios dolosos/asesinatos consumados;2023;1
Ourense;1.1.1.-Homicidios dolosos/asesinatos consumados;2022;0
Ourense;1.1.1.-Homicidios dolosos/asesinatos consumados;2021;5
Ourense;1.1.1.-Homicidios dolosos/asesinatos consumados;2020;1
Ourense;1.1.1.-Homicidios dolosos/asesinatos consumados;2019;0
Ourense;1.1.1.-Homicidios dolosos/asesinatos consumados;2018;2
Ourense;1.2.-Lesiones;2024;371
Ourense;1.2.-Lesiones;2023;427
Ourense;1.2.-Lesiones;2022;331
Ourense;1.2.-Lesiones;2021;310
Ourense;1.2.-Lesiones;2020;253
Ourense;1.2.-Lesiones;2019;275
Ourense;1.2.-Lesiones;2018;286
Ourense;1.3.-Malos tratos ámbito familiar;2024;363
Ourense;1.3.-Malos tratos ámbito familiar;2023;347
Ourense;1.3.-Malos tratos ámbito familiar;2022;309
Ourense;1.3.-Malos tratos ámbito familiar;2021;281
Ourense;1.3.-Malos tratos ámbito familiar;2020;277
Ourense;1.3.-Malos tratos ámbito familiar;2019;275
Ourense;1.3.-Malos tratos ámbito familiar;2018;278
Ourense;1.4.-Otros contra las personas;2024;16
Ourense;1.4.-Otros contra las personas;2023;8
Ourense;1.4.-Otros contra las personas;2022;20
Ourense;1.4.-Otros contra las personas;2021;16
Ourense;1.4.-Otros contra las personas;2020;8
Ourense;1.4.-Otros contra las personas;2019;9
Ourense;1.4.-Otros contra las personas;2018;11
Ourense;2. CONTRA LA LIBERTAD;2024;460
Ourense;2. CONTRA LA LIBERTAD;2023;456
Ourense;2. CONTRA LA LIBERTAD;2022;365
Ourense;2. CONTRA LA LIBERTAD;2021;370
Ourense;2. CONTRA LA LIBERTAD;2020;358
Ourense;2. CONTRA LA LIBERTAD;2019;320
Ourense;2. CONTRA LA LIBERTAD;2018;304
Ourense;2.1.-Malos tratos habituales en el ámbito familiar;2024;113
Ourense;2.1.-Malos tratos habituales en el ámbito familiar;2023;107
Ourense;2.1.-Malos tratos habituales en el ámbito familiar;2022;88
Ourense;2.1.-Malos tratos habituales en el ámbito familiar;2021;70
Ourense;2.1.-Malos tratos habituales en el ámbito familiar;2020;68
Ourense;2.1.-Malos tratos habituales en el ámbito familiar;2019;89
Ourense;2.1.-Malos tratos habituales en el ámbito familiar;2018;88
Ourense;2.2.-Otros contra la libertad;2024;347
Ourense;2.2.-Otros contra la libertad;2023;349
Ourense;2.2.-Otros contra la libertad;2022;277
Ourense;2.2.-Otros contra la libertad;2021;300
Ourense;2.2.-Otros contra la libertad;2020;290
Ourense;2.2.-Otros contra la libertad;2019;231
Ourense;2.2.-Otros contra la libertad;2018;216
Ourense;3. LIBERTAD SEXUAL;2024;60
Ourense;3. LIBERTAD SEXUAL;2023;70
Ourense;3. LIBERTAD SEXUAL;2022;63
Ourense;3. LIBERTAD SEXUAL;2021;60
Ourense;3. LIBERTAD SEXUAL;2020;32
Ourense;3. LIBERTAD SEXUAL;2019;52
Ourense;3. LIBERTAD SEXUAL;2018;51
Ourense;3.1.-Agresión sexual;2024;32
Ourense;3.1.-Agresión sexual;2023;44
Ourense;3.1.-Agresión sexual;2022;37
Ourense;3.1.-Agresión sexual;2021;27
Ourense;3.1.-Agresión sexual;2020;16
Ourense;3.1.-Agresión sexual;2019;28
Ourense;3.1.-Agresión sexual;2018;31
Ourense;3.2.-Agresión sexual con penetración;2024;15
Ourense;3.2.-Agresión sexual con penetración;2023;15
Ourense;3.2.-Agresión sexual con penetración;2022;16
Ourense;3.2.-Agresión sexual con penetración;2021;17
Ourense;3.2.-Agresión sexual con penetración;2020;7
Ourense;3.2.-Agresión sexual con penetración;2019;12
Ourense;3.2.-Agresión sexual con penetración;2018;10
Ourense;3.3.-Corrupción de menores o incapacitados;2024;0
Ourense;3.3.-Corrupción de menores o incapacitados;2023;0
Ourense;3.3.-Corrupción de menores o incapacitados;2022;1
Ourense;3.3.-Corrupción de menores o incapacitados;2021;0
Ourense;3.3.-Corrupción de menores o incapacitados;2020;0
Ourense;3.3.-Corrupción de menores o incapacitados;2019;2
Ourense;3.3.-Corrupción de menores o incapacitados;2018;0
Ourense;3.4.-Pornografía de menores;2024;8
Ourense;3.4.-Pornografía de menores;2023;2
Ourense;3.4.-Pornografía de menores;2022;2
Ourense;3.4.-Pornografía de menores;2021;5
Ourense;3.4.-Pornografía de menores;2020;1
Ourense;3.4.-Pornografía de menores;2019;1
Ourense;3.4.-Pornografía de menores;2018;3
Ourense;3.5.-Otros contra la libertad sexual;2024;5
Ourense;3.5.-Otros contra la libertad sexual;2023;9
Ourense;3.5.-Otros contra la libertad sexual;2022;7
Ourense;3.5.-Otros contra la libertad sexual;2021;11
Ourense;3.5.-Otros contra la libertad sexual;2020;8
Ourense;3.5.-Otros contra la libertad sexual;2019;9
Ourense;3.5.-Otros contra la libertad sexual;2018;7
Ourense;4. RELACIONES FAMILIARES;2024;8
Ourense;4. RELACIONES FAMILIARES;2023;6
Ourense;4. RELACIONES FAMILIARES;2022;4
Ourense;4. RELACIONES FAMILIARES;2021;5
Ourense;4. RELACIONES FAMILIARES;2020;1
Ourense;4. RELACIONES FAMILIARES;2019;5
Ourense;4. RELACIONES FAMILIARES;2018;6
Ourense;5. PATRIMONIO;2024;585
Ourense;5. PATRIMONIO;2023;646
Ourense;5. PATRIMONIO;2022;632
Ourense;5. PATRIMONIO;2021;578
Ourense;5. PATRIMONIO;2020;546
Ourense;5. PATRIMONIO;2019;495
Ourense;5. PATRIMONIO;2018;500
Ourense;5.1.-Hurtos;2024;159
Ourense;5.1.-Hurtos;2023;152
Ourense;5.1.-Hurtos;2022;156
Ourense;5.1.-Hurtos;2021;145
Ourense;5.1.-Hurtos;2020;115
Ourense;5.1.-Hurtos;2019;112
Ourense;5.1.-Hurtos;2018;119
Ourense;5.2.-Robos con fuerza en las cosas;2024;139
Ourense;5.2.-Robos con fuerza en las cosas;2023;140
Ourense;5.2.-Robos con fuerza en las cosas;2022;145
Ourense;5.2.-Robos con fuerza en las cosas;2021;131
Ourense;5.2.-Robos con fuerza en las cosas;2020;172
Ourense;5.2.-Robos con fuerza en las cosas;2019;132
Ourense;5.2.-Robos con fuerza en las cosas;2018;135
Ourense;5.2.1.-Robos con fuerza en las cosas en el interior de vehículos;2024;13
Ourense;5.2.1.-Robos con fuerza en las cosas en el interior de vehículos;2023;29
Ourense;5.2.1.-Robos con fuerza en las cosas en el interior de vehículos;2022;17
Ourense;5.2.1.-Robos con fuerza en las cosas en el interior de vehículos;2021;12
Ourense;5.2.1.-Robos con fuerza en las cosas en el interior de vehículos;2020;15
Ourense;5.2.1.-Robos con fuerza en las cosas en el interior de vehículos;2019;11
Ourense;5.2.1.-Robos con fuerza en las cosas en el interior de vehículos;2018;17
Ourense;5.2.2.-Robos con fuerza en viviendas;2024;55
Ourense;5.2.2.-Robos con fuerza en viviendas;2023;31
Ourense;5.2.2.-Robos con fuerza en viviendas;2022;25
Ourense;5.2.2.-Robos con fuerza en viviendas;2021;47
Ourense;5.2.2.-Robos con fuerza en viviendas;2020;42
Ourense;5.2.2.-Robos con fuerza en viviendas;2019;55
Ourense;5.2.2.-Robos con fuerza en viviendas;2018;49
Ourense;5.2.3.-Robos con fuerza en establecimientos;2024;49
Ourense;5.2.3.-Robos con fuerza en establecimientos;2023;52
Ourense;5.2.3.-Robos con fuerza en establecimientos;2022;59
Ourense;5.2.3.-Robos con fuerza en establecimientos;2021;36
Ourense;5.2.3.-Robos con fuerza en establecimientos;2020;80
Ourense;5.2.3.-Robos con fuerza en establecimientos;2019;40
Ourense;5.2.3.-Robos con fuerza en establecimientos;2018;34
Ourense;5.3.-Robos con violencia o intimidación;2024;56
Ourense;5.3.-Robos con violencia o intimidación;2023;68
Ourense;5.3.-Robos con violencia o intimidación;2022;67
Ourense;5.3.-Robos con violencia o intimidación;2021;68
Ourense;5.3.-Robos con violencia o intimidación;2020;48
Ourense;5.3.-Robos con violencia o intimidación;2019;52
Ourense;5.3.-Robos con violencia o intimidación;2018;51
Ourense;5.3.1.-Robos con violencia en vía pública;2024;28
Ourense;5.3.1.-Robos con violencia en vía pública;2023;21
Ourense;5.3.1.-Robos con violencia en vía pública;2022;35
Ourense;5.3.1.-Robos con violencia en vía pública;2021;37
Ourense;5.3.1.-Robos con violencia en vía pública;2020;17
Ourense;5.3.1.-Robos con violencia en vía pública;2019;20
Ourense;5.3.1.-Robos con violencia en vía pública;2018;14
Ourense;5.3.2.-Robos con violencia en viviendas;2024;4
Ourense;5.3.2.-Robos con violencia en viviendas;2023;9
Ourense;5.3.2.-Robos con violencia en viviendas;2022;5
Ourense;5.3.2.-Robos con violencia en viviendas;2021;16
Ourense;5.3.2.-Robos con violencia en viviendas;2020;4
Ourense;5.3.2.-Robos con violencia en viviendas;2019;9
Ourense;5.3.2.-Robos con violencia en viviendas;2018;10
Ourense;5.3.3.-Robos con violencia en establecimientos;2024;18
Ourense;5.3.3.-Robos con violencia en establecimientos;2023;26
Ourense;5.3.3.-Robos con violencia en establecimientos;2022;13
Ourense;5.3.3.-Robos con violencia en establecimientos;2021;9
Ourense;5.3.3.-Robos con violencia en establecimientos;2020;20
Ourense;5.3.3.-Robos con violencia en establecimientos;2019;19
Ourense;5.3.3.-Robos con violencia en establecimientos;2018;21
Ourense;5.4.-Sustracción de vehículos;2024;12
Ourense;5.4.-Sustracción de vehículos;2023;14
Ourense;5.4.-Sustracción de vehículos;2022;26
Ourense;5.4.-Sustracción de vehículos;2021;6
Ourense;5.4.-Sustracción de vehículos;2020;13
Ourense;5.4.-Sustracción de vehículos;2019;10
Ourense;5.4.-Sustracción de vehículos;2018;8
Ourense;5.5.-Estafas;2024;82
Ourense;5.5.-Estafas;2023;113
Ourense;5.5.-Estafas;2022;104
Ourense;5.5.-Estafas;2021;106
Ourense;5.5.-Estafas;2020;72
Ourense;5.5.-Estafas;2019;90
Ourense;5.5.-Estafas;2018;85
Ourense;5.5.1.-Estafas informáticas;2024;50
Ourense;5.5.1.-Estafas informáticas;2023;60
Ourense;5.5.1.-Estafas informáticas;2022;51
Ourense;5.5.1.-Estafas informáticas;2021;60
Ourense;5.5.1.-Estafas informáticas;2020;36
Ourense;5.5.1.-Estafas informáticas;2019;16
Ourense;5.5.1.-Estafas informáticas;2018;11
Ourense;5.6.-Daños;2024;79
Ourense;5.6.-Daños;2023;88
Ourense;5.6.-Daños;2022;64
Ourense;5.6.-Daños;2021;64
Ourense;5.6.-Daños;2020;67
Ourense;5.6.-Daños;2019;47
Ourense;5.6.-Daños;2018;47
Ourense;5.7.-Contra la propiedad intelectual/industrial;2024;0
Ourense;5.7.-Contra la propiedad intelectual/industrial;2023;5
Ourense;5.7.-Contra la propiedad intelectual/industrial;2022;1
Ourense;5.7.-Contra la propiedad intelectual/industrial;2021;3
Ourense;5.7.-Contra la propiedad intelectual/industrial;2020;5
Ourense;5.7.-Contra la propiedad intelectual/industrial;2019;4
Ourense;5.7.-Contra la propiedad intelectual/industrial;2018;18
Ourense;5.8.-Blanqueo de capitales;2024;5
Ourense;5.8.-Blanqueo de capitales;2023;0
Ourense;5.8.-Blanqueo de capitales;2022;1
Ourense;5.8.-Blanqueo de capitales;2021;0
Ourense;5.8.-Blanqueo de capitales;2020;1
Ourense;5.8.-Blanqueo de capitales;2019;0
Ourense;5.8.-Blanqueo de capitales;2018;1
Ourense;5.9.-Otros contra el patrimonio;2024;53
Ourense;5.9.-Otros contra el patrimonio;2023;66
Ourense;5.9.-Otros contra el patrimonio;2022;68
Ourense;5.9.-Otros contra el patrimonio;2021;55
Ourense;5.9.-Otros contra el patrimonio;2020;53
Ourense;5.9.-Otros contra el patrimonio;2019;48
Ourense;5.9.-Otros contra el patrimonio;2018;36
Ourense;6. SEGURIDAD COLECTIVA;2024;384
Ourense;6. SEGURIDAD COLECTIVA;2023;478
Ourense;6. SEGURIDAD COLECTIVA;2022;544
Ourense;6. SEGURIDAD COLECTIVA;2021;445
Ourense;6. SEGURIDAD COLECTIVA;2020;576
Ourense;6. SEGURIDAD COLECTIVA;2019;614
Ourense;6. SEGURIDAD COLECTIVA;2018;609
Ourense;6.1.-Tráfico de drogas;2024;50
Ourense;6.1.-Tráfico de drogas;2023;42
Ourense;6.1.-Tráfico de drogas;2022;64
Ourense;6.1.-Tráfico de drogas;2021;78
Ourense;6.1.-Tráfico de drogas;2020;88
Ourense;6.1.-Tráfico de drogas;2019;74
Ourense;6.1.-Tráfico de drogas;2018;66
Ourense;6.2.-Contra la seguridad vial;2024;317
Ourense;6.2.-Contra la seguridad vial;2023;415
Ourense;6.2.-Contra la seguridad vial;2022;451
Ourense;6.2.-Contra la seguridad vial;2021;344
Ourense;6.2.-Contra la seguridad vial;2020;445
Ourense;6.2.-Contra la seguridad vial;2019;504
Ourense;6.2.-Contra la seguridad vial;2018;509
Ourense;6.3.-Otros contra la seguridad colectiva;2024;17
Ourense;6.3.-Otros contra la seguridad colectiva;2023;21
Ourense;6.3.-Otros contra la seguridad colectiva;2022;29
Ourense;6.3.-Otros contra la seguridad colectiva;2021;23
Ourense;6.3.-Otros contra la seguridad colectiva;2020;43
Ourense;6.3.-Otros contra la seguridad colectiva;2019;36
Ourense;6.3.-Otros contra la seguridad colectiva;2018;34
Ourense;7. FALSEDADES;2024;40
Ourense;7. FALSEDADES;2023;38
Ourense;7. FALSEDADES;2022;28
Ourense;7. FALSEDADES;2021;29
Ourense;7. FALSEDADES;2020;22
Ourense;7. FALSEDADES;2019;39
Ourense;7. FALSEDADES;2018;32
Ourense;8. ADMÓN. PÚBLICA;2024;1
Ourense;8. ADMÓN. PÚBLICA;2023;1
Ourense;8. ADMÓN. PÚBLICA;2022;2
Ourense;8. ADMÓN. PÚBLICA;2021;2
Ourense;8. ADMÓN. PÚBLICA;2020;0
Ourense;8. ADMÓN. PÚBLICA;2019;0
Ourense;8. ADMÓN. PÚBLICA;2018;3
Ourense;9. ADMÓN. JUSTICIA;2024;196
Ourense;9. ADMÓN. JUSTICIA;2023;163
Ourense;9. ADMÓN. JUSTICIA;2022;144
Ourense;9. ADMÓN. JUSTICIA;2021;153
Ourense;9. ADMÓN. JUSTICIA;2020;143
Ourense;9. ADMÓN. JUSTICIA;2019;186
Ourense;9. ADMÓN. JUSTICIA;2018;152
Ourense;10. ORDEN PÚBLICO;2024;96
Ourense;10. ORDEN PÚBLICO;2023;93
Ourense;10. ORDEN PÚBLICO;2022;97
Ourense;10. ORDEN PÚBLICO;2021;73
Ourense;10. ORDEN PÚBLICO;2020;127
Ourense;10. ORDEN PÚBLICO;2019;77
Ourense;10. ORDEN PÚBLICO;2018;82
Ourense;11. LEGISLACIÓN ESPECIAL;2024;0
Ourense;11. LEGISLACIÓN ESPECIAL;2023;0
Ourense;11. LEGISLACIÓN ESPECIAL;2022;0
Ourense;11. LEGISLACIÓN ESPECIAL;2021;0
Ourense;11. LEGISLACIÓN ESPECIAL;2020;26
Ourense;11. LEGISLACIÓN ESPECIAL;2019;1
Ourense;11. LEGISLACIÓN ESPECIAL;2018;0
Ourense;12. OTRAS INFRACCIONES PENALES;2024;38
Ourense;12. OTRAS INFRACCIONES PENALES;2023;23
Ourense;12. OTRAS INFRACCIONES PENALES;2022;24
Ourense;12. OTRAS INFRACCIONES PENALES;2021;46
Ourense;12. OTRAS INFRACCIONES PENALES;2020;24
Ourense;12. OTRAS INFRACCIONES PENALES;2019;29
Ourense;12. OTRAS INFRACCIONES PENALES;2018;31
Ourense;TOTAL INFRACCIONES PENALES;2024;2.622
Ourense;TOTAL INFRACCIONES PENALES;2023;2.761
Ourense;TOTAL INFRACCIONES PENALES;2022;2.568
Ourense;TOTAL INFRACCIONES PENALES;2021;2.381
Ourense;TOTAL INFRACCIONES PENALES;2020;2.399
Ourense;TOTAL INFRACCIONES PENALES;2019;2.383
Ourense;TOTAL INFRACCIONES PENALES;2018;2.353
Asturias;1. CONTRA LAS PERSONAS;2024;2.902
Asturias;1. CONTRA LAS PERSONAS;2023;2.785
Asturias;1. CONTRA LAS PERSONAS;2022;2.501
Asturias;1. CONTRA LAS PERSONAS;2021;2.286
Asturias;1. CONTRA LAS PERSONAS;2020;2.052
Asturias;1. CONTRA LAS PERSONAS;2019;2.330
Asturias;1. CONTRA LAS PERSONAS;2018;2.132
Asturias;1.1.-Homicidios dolosos/asesinatos;2024;26
Asturias;1.1.-Homicidios dolosos/asesinatos;2023;20
Asturias;1.1.-Homicidios dolosos/asesinatos;2022;22
Asturias;1.1.-Homicidios dolosos/asesinatos;2021;9
Asturias;1.1.-Homicidios dolosos/asesinatos;2020;15
Asturias;1.1.-Homicidios dolosos/asesinatos;2019;30
Asturias;1.1.-Homicidios dolosos/asesinatos;2018;18
Asturias;1.1.1.-Homicidios dolosos/asesinatos consumados;2024;13
Asturias;1.1.1.-Homicidios dolosos/asesinatos consumados;2023;7
Asturias;1.1.1.-Homicidios dolosos/asesinatos consumados;2022;6
Asturias;1.1.1.-Homicidios dolosos/asesinatos consumados;2021;1
Asturias;1.1.1.-Homicidios dolosos/asesinatos consumados;2020;7
Asturias;1.1.1.-Homicidios dolosos/asesinatos consumados;2019;9
Asturias;1.1.1.-Homicidios dolosos/asesinatos consumados;2018;10
Asturias;1.2.-Lesiones;2024;1.036
Asturias;1.2.-Lesiones;2023;1.082
Asturias;1.2.-Lesiones;2022;1.063
Asturias;1.2.-Lesiones;2021;984
Asturias;1.2.-Lesiones;2020;766
Asturias;1.2.-Lesiones;2019;1.065
Asturias;1.2.-Lesiones;2018;980
Asturias;1.3.-Malos tratos ámbito familiar;2024;1.795
Asturias;1.3.-Malos tratos ámbito familiar;2023;1.650
Asturias;1.3.-Malos tratos ámbito familiar;2022;1.377
Asturias;1.3.-Malos tratos ámbito familiar;2021;1.259
Asturias;1.3.-Malos tratos ámbito familiar;2020;1.238
Asturias;1.3.-Malos tratos ámbito familiar;2019;1.207
Asturias;1.3.-Malos tratos ámbito familiar;2018;1.112
Asturias;1.4.-Otros contra las personas;2024;45
Asturias;1.4.-Otros contra las personas;2023;33
Asturias;1.4.-Otros contra las personas;2022;39
Asturias;1.4.-Otros contra las personas;2021;34
Asturias;1.4.-Otros contra las personas;2020;33
Asturias;1.4.-Otros contra las personas;2019;28
Asturias;1.4.-Otros contra las personas;2018;22
Asturias;2. CONTRA LA LIBERTAD;2024;1.015
Asturias;2. CONTRA LA LIBERTAD;2023;1.133
Asturias;2. CONTRA LA LIBERTAD;2022;1.003
Asturias;2. CONTRA LA LIBERTAD;2021;881
Asturias;2. CONTRA LA LIBERTAD;2020;840
Asturias;2. CONTRA LA LIBERTAD;2019;958
Asturias;2. CONTRA LA LIBERTAD;2018;865
Asturias;2.1.-Malos tratos habituales en el ámbito familiar;2024;82
Asturias;2.1.-Malos tratos habituales en el ámbito familiar;2023;82
Asturias;2.1.-Malos tratos habituales en el ámbito familiar;2022;91
Asturias;2.1.-Malos tratos habituales en el ámbito familiar;2021;76
Asturias;2.1.-Malos tratos habituales en el ámbito familiar;2020;63
Asturias;2.1.-Malos tratos habituales en el ámbito familiar;2019;99
Asturias;2.1.-Malos tratos habituales en el ámbito familiar;2018;101
Asturias;2.2.-Otros contra la libertad;2024;933
Asturias;2.2.-Otros contra la libertad;2023;1.051
Asturias;2.2.-Otros contra la libertad;2022;912
Asturias;2.2.-Otros contra la libertad;2021;805
Asturias;2.2.-Otros contra la libertad;2020;777
Asturias;2.2.-Otros contra la libertad;2019;859
Asturias;2.2.-Otros contra la libertad;2018;764
Asturias;3. LIBERTAD SEXUAL;2024;241
Asturias;3. LIBERTAD SEXUAL;2023;250
Asturias;3. LIBERTAD SEXUAL;2022;186
Asturias;3. LIBERTAD SEXUAL;2021;190
Asturias;3. LIBERTAD SEXUAL;2020;145
Asturias;3. LIBERTAD SEXUAL;2019;152
Asturias;3. LIBERTAD SEXUAL;2018;143
Asturias;3.1.-Agresión sexual;2024;143
Asturias;3.1.-Agresión sexual;2023;151
Asturias;3.1.-Agresión sexual;2022;117
Asturias;3.1.-Agresión sexual;2021;89
Asturias;3.1.-Agresión sexual;2020;89
Asturias;3.1.-Agresión sexual;2019;97
Asturias;3.1.-Agresión sexual;2018;81
Asturias;3.2.-Agresión sexual con penetración;2024;50
Asturias;3.2.-Agresión sexual con penetración;2023;57
Asturias;3.2.-Agresión sexual con penetración;2022;41
Asturias;3.2.-Agresión sexual con penetración;2021;57
Asturias;3.2.-Agresión sexual con penetración;2020;39
Asturias;3.2.-Agresión sexual con penetración;2019;25
Asturias;3.2.-Agresión sexual con penetración;2018;23
Asturias;3.3.-Corrupción de menores o incapacitados;2024;10
Asturias;3.3.-Corrupción de menores o incapacitados;2023;5
Asturias;3.3.-Corrupción de menores o incapacitados;2022;4
Asturias;3.3.-Corrupción de menores o incapacitados;2021;6
Asturias;3.3.-Corrupción de menores o incapacitados;2020;1
Asturias;3.3.-Corrupción de menores o incapacitados;2019;2
Asturias;3.3.-Corrupción de menores o incapacitados;2018;3
Asturias;3.4.-Pornografía de menores;2024;10
Asturias;3.4.-Pornografía de menores;2023;12
Asturias;3.4.-Pornografía de menores;2022;7
Asturias;3.4.-Pornografía de menores;2021;14
Asturias;3.4.-Pornografía de menores;2020;5
Asturias;3.4.-Pornografía de menores;2019;9
Asturias;3.4.-Pornografía de menores;2018;10
Asturias;3.5.-Otros contra la libertad sexual;2024;28
Asturias;3.5.-Otros contra la libertad sexual;2023;25
Asturias;3.5.-Otros contra la libertad sexual;2022;17
Asturias;3.5.-Otros contra la libertad sexual;2021;24
Asturias;3.5.-Otros contra la libertad sexual;2020;11
Asturias;3.5.-Otros contra la libertad sexual;2019;19
Asturias;3.5.-Otros contra la libertad sexual;2018;26
Asturias;4. RELACIONES FAMILIARES;2024;30
Asturias;4. RELACIONES FAMILIARES;2023;20
Asturias;4. RELACIONES FAMILIARES;2022;25
Asturias;4. RELACIONES FAMILIARES;2021;24
Asturias;4. RELACIONES FAMILIARES;2020;26
Asturias;4. RELACIONES FAMILIARES;2019;19
Asturias;4. RELACIONES FAMILIARES;2018;20
Asturias;5. PATRIMONIO;2024;3.247
Asturias;5. PATRIMONIO;2023;3.282
Asturias;5. PATRIMONIO;2022;2.530
Asturias;5. PATRIMONIO;2021;2.293
Asturias;5. PATRIMONIO;2020;1.871
Asturias;5. PATRIMONIO;2019;2.440
Asturias;5. PATRIMONIO;2018;2.551
Asturias;5.1.-Hurtos;2024;1.803
Asturias;5.1.-Hurtos;2023;1.756
Asturias;5.1.-Hurtos;2022;1.172
Asturias;5.1.-Hurtos;2021;991
Asturias;5.1.-Hurtos;2020;664
Asturias;5.1.-Hurtos;2019;1.112
Asturias;5.1.-Hurtos;2018;1.214
Asturias;5.2.-Robos con fuerza en las cosas;2024;510
Asturias;5.2.-Robos con fuerza en las cosas;2023;524
Asturias;5.2.-Robos con fuerza en las cosas;2022;485
Asturias;5.2.-Robos con fuerza en las cosas;2021;425
Asturias;5.2.-Robos con fuerza en las cosas;2020;448
Asturias;5.2.-Robos con fuerza en las cosas;2019;501
Asturias;5.2.-Robos con fuerza en las cosas;2018;522
Asturias;5.2.1.-Robos con fuerza en las cosas en el interior de vehículos;2024;62
Asturias;5.2.1.-Robos con fuerza en las cosas en el interior de vehículos;2023;61
Asturias;5.2.1.-Robos con fuerza en las cosas en el interior de vehículos;2022;54
Asturias;5.2.1.-Robos con fuerza en las cosas en el interior de vehículos;2021;59
Asturias;5.2.1.-Robos con fuerza en las cosas en el interior de vehículos;2020;49
Asturias;5.2.1.-Robos con fuerza en las cosas en el interior de vehículos;2019;36
Asturias;5.2.1.-Robos con fuerza en las cosas en el interior de vehículos;2018;50
Asturias;5.2.2.-Robos con fuerza en viviendas;2024;107
Asturias;5.2.2.-Robos con fuerza en viviendas;2023;154
Asturias;5.2.2.-Robos con fuerza en viviendas;2022;118
Asturias;5.2.2.-Robos con fuerza en viviendas;2021;104
Asturias;5.2.2.-Robos con fuerza en viviendas;2020;110
Asturias;5.2.2.-Robos con fuerza en viviendas;2019;116
Asturias;5.2.2.-Robos con fuerza en viviendas;2018;169
Asturias;5.2.3.-Robos con fuerza en establecimientos;2024;194
Asturias;5.2.3.-Robos con fuerza en establecimientos;2023;168
Asturias;5.2.3.-Robos con fuerza en establecimientos;2022;95
Asturias;5.2.3.-Robos con fuerza en establecimientos;2021;123
Asturias;5.2.3.-Robos con fuerza en establecimientos;2020;129
Asturias;5.2.3.-Robos con fuerza en establecimientos;2019;188
Asturias;5.2.3.-Robos con fuerza en establecimientos;2018;174
Asturias;5.3.-Robos con violencia o intimidación;2024;221
Asturias;5.3.-Robos con violencia o intimidación;2023;258
Asturias;5.3.-Robos con violencia o intimidación;2022;226
Asturias;5.3.-Robos con violencia o intimidación;2021;182
Asturias;5.3.-Robos con violencia o intimidación;2020;182
Asturias;5.3.-Robos con violencia o intimidación;2019;191
Asturias;5.3.-Robos con violencia o intimidación;2018;168
Asturias;5.3.1.-Robos con violencia en vía pública;2024;116
Asturias;5.3.1.-Robos con violencia en vía pública;2023;120
Asturias;5.3.1.-Robos con violencia en vía pública;2022;95
Asturias;5.3.1.-Robos con violencia en vía pública;2021;88
Asturias;5.3.1.-Robos con violencia en vía pública;2020;108
Asturias;5.3.1.-Robos con violencia en vía pública;2019;87
Asturias;5.3.1.-Robos con violencia en vía pública;2018;79
Asturias;5.3.2.-Robos con violencia en viviendas;2024;22
Asturias;5.3.2.-Robos con violencia en viviendas;2023;20
Asturias;5.3.2.-Robos con violencia en viviendas;2022;20
Asturias;5.3.2.-Robos con violencia en viviendas;2021;30
Asturias;5.3.2.-Robos con violencia en viviendas;2020;16
Asturias;5.3.2.-Robos con violencia en viviendas;2019;18
Asturias;5.3.2.-Robos con violencia en viviendas;2018;14
Asturias;5.3.3.-Robos con violencia en establecimientos;2024;72
Asturias;5.3.3.-Robos con violencia en establecimientos;2023;87
Asturias;5.3.3.-Robos con violencia en establecimientos;2022;76
Asturias;5.3.3.-Robos con violencia en establecimientos;2021;44
Asturias;5.3.3.-Robos con violencia en establecimientos;2020;45
Asturias;5.3.3.-Robos con violencia en establecimientos;2019;67
Asturias;5.3.3.-Robos con violencia en establecimientos;2018;56
Asturias;5.4.-Sustracción de vehículos;2024;48
Asturias;5.4.-Sustracción de vehículos;2023;76
Asturias;5.4.-Sustracción de vehículos;2022;50
Asturias;5.4.-Sustracción de vehículos;2021;61
Asturias;5.4.-Sustracción de vehículos;2020;46
Asturias;5.4.-Sustracción de vehículos;2019;47
Asturias;5.4.-Sustracción de vehículos;2018;49
Asturias;5.5.-Estafas;2024;259
Asturias;5.5.-Estafas;2023;206
Asturias;5.5.-Estafas;2022;209
Asturias;5.5.-Estafas;2021;196
Asturias;5.5.-Estafas;2020;175
Asturias;5.5.-Estafas;2019;199
Asturias;5.5.-Estafas;2018;180
Asturias;5.5.1.-Estafas informáticas;2024;111
Asturias;5.5.1.-Estafas informáticas;2023;72
Asturias;5.5.1.-Estafas informáticas;2022;95
Asturias;5.5.1.-Estafas informáticas;2021;88
Asturias;5.5.1.-Estafas informáticas;2020;74
Asturias;5.5.1.-Estafas informáticas;2019;41
Asturias;5.5.1.-Estafas informáticas;2018;27
Asturias;5.6.-Daños;2024;229
Asturias;5.6.-Daños;2023;270
Asturias;5.6.-Daños;2022;206
Asturias;5.6.-Daños;2021;279
Asturias;5.6.-Daños;2020;194
Asturias;5.6.-Daños;2019;196
Asturias;5.6.-Daños;2018;201
Asturias;5.7.-Contra la propiedad intelectual/industrial;2024;12
Asturias;5.7.-Contra la propiedad intelectual/industrial;2023;7
Asturias;5.7.-Contra la propiedad intelectual/industrial;2022;12
Asturias;5.7.-Contra la propiedad intelectual/industrial;2021;7
Asturias;5.7.-Contra la propiedad intelectual/industrial;2020;4
Asturias;5.7.-Contra la propiedad intelectual/industrial;2019;17
Asturias;5.7.-Contra la propiedad intelectual/industrial;2018;26
Asturias;5.8.-Blanqueo de capitales;2024;3
Asturias;5.8.-Blanqueo de capitales;2023;6
Asturias;5.8.-Blanqueo de capitales;2022;0
Asturias;5.8.-Blanqueo de capitales;2021;1
Asturias;5.8.-Blanqueo de capitales;2020;7
Asturias;5.8.-Blanqueo de capitales;2019;3
Asturias;5.8.-Blanqueo de capitales;2018;2
Asturias;5.9.-Otros contra el patrimonio;2024;162
Asturias;5.9.-Otros contra el patrimonio;2023;179
Asturias;5.9.-Otros contra el patrimonio;2022;170
Asturias;5.9.-Otros contra el patrimonio;2021;151
Asturias;5.9.-Otros contra el patrimonio;2020;151
Asturias;5.9.-Otros contra el patrimonio;2019;174
Asturias;5.9.-Otros contra el patrimonio;2018;189
Asturias;6. SEGURIDAD COLECTIVA;2024;946
Asturias;6. SEGURIDAD COLECTIVA;2023;995
Asturias;6. SEGURIDAD COLECTIVA;2022;1.031
Asturias;6. SEGURIDAD COLECTIVA;2021;1.046
Asturias;6. SEGURIDAD COLECTIVA;2020;871
Asturias;6. SEGURIDAD COLECTIVA;2019;1.184
Asturias;6. SEGURIDAD COLECTIVA;2018;1.053
Asturias;6.1.-Tráfico de drogas;2024;221
Asturias;6.1.-Tráfico de drogas;2023;223
Asturias;6.1.-Tráfico de drogas;2022;229
Asturias;6.1.-Tráfico de drogas;2021;231
Asturias;6.1.-Tráfico de drogas;2020;226
Asturias;6.1.-Tráfico de drogas;2019;263
Asturias;6.1.-Tráfico de drogas;2018;210
Asturias;6.2.-Contra la seguridad vial;2024;675
Asturias;6.2.-Contra la seguridad vial;2023;691
Asturias;6.2.-Contra la seguridad vial;2022;751
Asturias;6.2.-Contra la seguridad vial;2021;749
Asturias;6.2.-Contra la seguridad vial;2020;594
Asturias;6.2.-Contra la seguridad vial;2019;876
Asturias;6.2.-Contra la seguridad vial;2018;792
Asturias;6.3.-Otros contra la seguridad colectiva;2024;50
Asturias;6.3.-Otros contra la seguridad colectiva;2023;81
Asturias;6.3.-Otros contra la seguridad colectiva;2022;51
Asturias;6.3.-Otros contra la seguridad colectiva;2021;66
Asturias;6.3.-Otros contra la seguridad colectiva;2020;51
Asturias;6.3.-Otros contra la seguridad colectiva;2019;45
Asturias;6.3.-Otros contra la seguridad colectiva;2018;51
Asturias;7. FALSEDADES;2024;101
Asturias;7. FALSEDADES;2023;86
Asturias;7. FALSEDADES;2022;93
Asturias;7. FALSEDADES;2021;99
Asturias;7. FALSEDADES;2020;97
Asturias;7. FALSEDADES;2019;83
Asturias;7. FALSEDADES;2018;88
Asturias;8. ADMÓN. PÚBLICA;2024;2
Asturias;8. ADMÓN. PÚBLICA;2023;7
Asturias;8. ADMÓN. PÚBLICA;2022;0
Asturias;8. ADMÓN. PÚBLICA;2021;8
Asturias;8. ADMÓN. PÚBLICA;2020;1
Asturias;8. ADMÓN. PÚBLICA;2019;2
Asturias;8. ADMÓN. PÚBLICA;2018;8
Asturias;9. ADMÓN. JUSTICIA;2024;649
Asturias;9. ADMÓN. JUSTICIA;2023;649
Asturias;9. ADMÓN. JUSTICIA;2022;572
Asturias;9. ADMÓN. JUSTICIA;2021;451
Asturias;9. ADMÓN. JUSTICIA;2020;466
Asturias;9. ADMÓN. JUSTICIA;2019;461
Asturias;9. ADMÓN. JUSTICIA;2018;462
Asturias;10. ORDEN PÚBLICO;2024;495
Asturias;10. ORDEN PÚBLICO;2023;470
Asturias;10. ORDEN PÚBLICO;2022;508
Asturias;10. ORDEN PÚBLICO;2021;477
Asturias;10. ORDEN PÚBLICO;2020;571
Asturias;10. ORDEN PÚBLICO;2019;343
Asturias;10. ORDEN PÚBLICO;2018;372
Asturias;11. LEGISLACIÓN ESPECIAL;2024;0
Asturias;11. LEGISLACIÓN ESPECIAL;2023;1
Asturias;11. LEGISLACIÓN ESPECIAL;2022;0
Asturias;11. LEGISLACIÓN ESPECIAL;2021;0
Asturias;11. LEGISLACIÓN ESPECIAL;2020;0
Asturias;11. LEGISLACIÓN ESPECIAL;2019;3
Asturias;11. LEGISLACIÓN ESPECIAL;2018;0
Asturias;12. OTRAS INFRACCIONES PENALES;2024;137
Asturias;12. OTRAS INFRACCIONES PENALES;2023;153
Asturias;12. OTRAS INFRACCIONES PENALES;2022;172
Asturias;12. OTRAS INFRACCIONES PENALES;2021;109
Asturias;12. OTRAS INFRACCIONES PENALES;2020;75
Asturias;12. OTRAS INFRACCIONES PENALES;2019;168
Asturias;12. OTRAS INFRACCIONES PENALES;2018;108
Asturias;TOTAL INFRACCIONES PENALES;2024;9.765
Asturias;TOTAL INFRACCIONES PENALES;2023;9.831
Asturias;TOTAL INFRACCIONES PENALES;2022;8.621
Asturias;TOTAL INFRACCIONES PENALES;2021;7.864
Asturias;TOTAL INFRACCIONES PENALES;2020;7.015
Asturias;TOTAL INFRACCIONES PENALES;2019;8.143
Asturias;TOTAL INFRACCIONES PENALES;2018;7.802
Palencia;1. CONTRA LAS PERSONAS;2024;344
Palencia;1. CONTRA LAS PERSONAS;2023;383
Palencia;1. CONTRA LAS PERSONAS;2022;295
Palencia;1. CONTRA LAS PERSONAS;2021;256
Palencia;1. CONTRA LAS PERSONAS;2020;220
Palencia;1. CONTRA LAS PERSONAS;2019;266
Palencia;1. CONTRA LAS PERSONAS;2018;279
Palencia;1.1.-Homicidios dolosos/asesinatos;2024;10
Palencia;1.1.-Homicidios dolosos/asesinatos;2023;4
Palencia;1.1.-Homicidios dolosos/asesinatos;2022;3
Palencia;1.1.-Homicidios dolosos/asesinatos;2021;3
Palencia;1.1.-Homicidios dolosos/asesinatos;2020;3
Palencia;1.1.-Homicidios dolosos/asesinatos;2019;5
Palencia;1.1.-Homicidios dolosos/asesinatos;2018;1
Palencia;1.1.1.-Homicidios dolosos/asesinatos consumados;2024;2
Palencia;1.1.1.-Homicidios dolosos/asesinatos consumados;2023;0
Palencia;1.1.1.-Homicidios dolosos/asesinatos consumados;2022;0
Palencia;1.1.1.-Homicidios dolosos/asesinatos consumados;2021;1
Palencia;1.1.1.-Homicidios dolosos/asesinatos consumados;2020;2
Palencia;1.1.1.-Homicidios dolosos/asesinatos consumados;2019;0
Palencia;1.1.1.-Homicidios dolosos/asesinatos consumados;2018;0
Palencia;1.2.-Lesiones;2024;111
Palencia;1.2.-Lesiones;2023;135
Palencia;1.2.-Lesiones;2022;109
Palencia;1.2.-Lesiones;2021;78
Palencia;1.2.-Lesiones;2020;81
Palencia;1.2.-Lesiones;2019;102
Palencia;1.2.-Lesiones;2018;128
Palencia;1.3.-Malos tratos ámbito familiar;2024;206
Palencia;1.3.-Malos tratos ámbito familiar;2023;231
Palencia;1.3.-Malos tratos ámbito familiar;2022;176
Palencia;1.3.-Malos tratos ámbito familiar;2021;174
Palencia;1.3.-Malos tratos ámbito familiar;2020;135
Palencia;1.3.-Malos tratos ámbito familiar;2019;152
Palencia;1.3.-Malos tratos ámbito familiar;2018;148
Palencia;1.4.-Otros contra las personas;2024;17
Palencia;1.4.-Otros contra las personas;2023;13
Palencia;1.4.-Otros contra las personas;2022;7
Palencia;1.4.-Otros contra las personas;2021;1
Palencia;1.4.-Otros contra las personas;2020;1
Palencia;1.4.-Otros contra las personas;2019;7
Palencia;1.4.-Otros contra las personas;2018;2
Palencia;2. CONTRA LA LIBERTAD;2024;172
Palencia;2. CONTRA LA LIBERTAD;2023;149
Palencia;2. CONTRA LA LIBERTAD;2022;192
Palencia;2. CONTRA LA LIBERTAD;2021;121
Palencia;2. CONTRA LA LIBERTAD;2020;105
Palencia;2. CONTRA LA LIBERTAD;2019;140
Palencia;2. CONTRA LA LIBERTAD;2018;117
Palencia;2.1.-Malos tratos habituales en el ámbito familiar;2024;18
Palencia;2.1.-Malos tratos habituales en el ámbito familiar;2023;25
Palencia;2.1.-Malos tratos habituales en el ámbito familiar;2022;23
Palencia;2.1.-Malos tratos habituales en el ámbito familiar;2021;15
Palencia;2.1.-Malos tratos habituales en el ámbito familiar;2020;14
Palencia;2.1.-Malos tratos habituales en el ámbito familiar;2019;27
Palencia;2.1.-Malos tratos habituales en el ámbito familiar;2018;21
Palencia;2.2.-Otros contra la libertad;2024;154
Palencia;2.2.-Otros contra la libertad;2023;124
Palencia;2.2.-Otros contra la libertad;2022;169
Palencia;2.2.-Otros contra la libertad;2021;106
Palencia;2.2.-Otros contra la libertad;2020;91
Palencia;2.2.-Otros contra la libertad;2019;113
Palencia;2.2.-Otros contra la libertad;2018;96
Palencia;3. LIBERTAD SEXUAL;2024;35
Palencia;3. LIBERTAD SEXUAL;2023;20
Palencia;3. LIBERTAD SEXUAL;2022;32
Palencia;3. LIBERTAD SEXUAL;2021;25
Palencia;3. LIBERTAD SEXUAL;2020;27
Palencia;3. LIBERTAD SEXUAL;2019;19
Palencia;3. LIBERTAD SEXUAL;2018;29
Palencia;3.1.-Agresión sexual;2024;23
Palencia;3.1.-Agresión sexual;2023;15
Palencia;3.1.-Agresión sexual;2022;17
Palencia;3.1.-Agresión sexual;2021;17
Palencia;3.1.-Agresión sexual;2020;12
Palencia;3.1.-Agresión sexual;2019;7
Palencia;3.1.-Agresión sexual;2018;19
Palencia;3.2.-Agresión sexual con penetración;2024;8
Palencia;3.2.-Agresión sexual con penetración;2023;2
Palencia;3.2.-Agresión sexual con penetración;2022;8
Palencia;3.2.-Agresión sexual con penetración;2021;3
Palencia;3.2.-Agresión sexual con penetración;2020;4
Palencia;3.2.-Agresión sexual con penetración;2019;5
Palencia;3.2.-Agresión sexual con penetración;2018;4
Palencia;3.3.-Corrupción de menores o incapacitados;2024;2
Palencia;3.3.-Corrupción de menores o incapacitados;2023;0
Palencia;3.3.-Corrupción de menores o incapacitados;2022;0
Palencia;3.3.-Corrupción de menores o incapacitados;2021;0
Palencia;3.3.-Corrupción de menores o incapacitados;2020;0
Palencia;3.3.-Corrupción de menores o incapacitados;2019;2
Palencia;3.3.-Corrupción de menores o incapacitados;2018;0
Palencia;3.4.-Pornografía de menores;2024;0
Palencia;3.4.-Pornografía de menores;2023;0
Palencia;3.4.-Pornografía de menores;2022;3
Palencia;3.4.-Pornografía de menores;2021;1
Palencia;3.4.-Pornografía de menores;2020;7
Palencia;3.4.-Pornografía de menores;2019;4
Palencia;3.4.-Pornografía de menores;2018;2
Palencia;3.5.-Otros contra la libertad sexual;2024;2
Palencia;3.5.-Otros contra la libertad sexual;2023;3
Palencia;3.5.-Otros contra la libertad sexual;2022;4
Palencia;3.5.-Otros contra la libertad sexual;2021;4
Palencia;3.5.-Otros contra la libertad sexual;2020;4
Palencia;3.5.-Otros contra la libertad sexual;2019;1
Palencia;3.5.-Otros contra la libertad sexual;2018;4
Palencia;4. RELACIONES FAMILIARES;2024;10
Palencia;4. RELACIONES FAMILIARES;2023;5
Palencia;4. RELACIONES FAMILIARES;2022;5
Palencia;4. RELACIONES FAMILIARES;2021;4
Palencia;4. RELACIONES FAMILIARES;2020;3
Palencia;4. RELACIONES FAMILIARES;2019;8
Palencia;4. RELACIONES FAMILIARES;2018;10
Palencia;5. PATRIMONIO;2024;298
Palencia;5. PATRIMONIO;2023;403
Palencia;5. PATRIMONIO;2022;381
Palencia;5. PATRIMONIO;2021;297
Palencia;5. PATRIMONIO;2020;295
Palencia;5. PATRIMONIO;2019;375
Palencia;5. PATRIMONIO;2018;396
Palencia;5.1.-Hurtos;2024;48
Palencia;5.1.-Hurtos;2023;88
Palencia;5.1.-Hurtos;2022;78
Palencia;5.1.-Hurtos;2021;72
Palencia;5.1.-Hurtos;2020;57
Palencia;5.1.-Hurtos;2019;105
Palencia;5.1.-Hurtos;2018;136
Palencia;5.2.-Robos con fuerza en las cosas;2024;55
Palencia;5.2.-Robos con fuerza en las cosas;2023;57
Palencia;5.2.-Robos con fuerza en las cosas;2022;52
Palencia;5.2.-Robos con fuerza en las cosas;2021;48
Palencia;5.2.-Robos con fuerza en las cosas;2020;46
Palencia;5.2.-Robos con fuerza en las cosas;2019;70
Palencia;5.2.-Robos con fuerza en las cosas;2018;74
Palencia;5.2.1.-Robos con fuerza en las cosas en el interior de vehículos;2024;4
Palencia;5.2.1.-Robos con fuerza en las cosas en el interior de vehículos;2023;3
Palencia;5.2.1.-Robos con fuerza en las cosas en el interior de vehículos;2022;1
Palencia;5.2.1.-Robos con fuerza en las cosas en el interior de vehículos;2021;3
Palencia;5.2.1.-Robos con fuerza en las cosas en el interior de vehículos;2020;2
Palencia;5.2.1.-Robos con fuerza en las cosas en el interior de vehículos;2019;0
Palencia;5.2.1.-Robos con fuerza en las cosas en el interior de vehículos;2018;5
Palencia;5.2.2.-Robos con fuerza en viviendas;2024;14
Palencia;5.2.2.-Robos con fuerza en viviendas;2023;12
Palencia;5.2.2.-Robos con fuerza en viviendas;2022;12
Palencia;5.2.2.-Robos con fuerza en viviendas;2021;16
Palencia;5.2.2.-Robos con fuerza en viviendas;2020;15
Palencia;5.2.2.-Robos con fuerza en viviendas;2019;18
Palencia;5.2.2.-Robos con fuerza en viviendas;2018;21
Palencia;5.2.3.-Robos con fuerza en establecimientos;2024;11
Palencia;5.2.3.-Robos con fuerza en establecimientos;2023;2
Palencia;5.2.3.-Robos con fuerza en establecimientos;2022;14
Palencia;5.2.3.-Robos con fuerza en establecimientos;2021;15
Palencia;5.2.3.-Robos con fuerza en establecimientos;2020;10
Palencia;5.2.3.-Robos con fuerza en establecimientos;2019;28
Palencia;5.2.3.-Robos con fuerza en establecimientos;2018;29
Palencia;5.3.-Robos con violencia o intimidación;2024;17
Palencia;5.3.-Robos con violencia o intimidación;2023;32
Palencia;5.3.-Robos con violencia o intimidación;2022;33
Palencia;5.3.-Robos con violencia o intimidación;2021;34
Palencia;5.3.-Robos con violencia o intimidación;2020;32
Palencia;5.3.-Robos con violencia o intimidación;2019;21
Palencia;5.3.-Robos con violencia o intimidación;2018;15
Palencia;5.3.1.-Robos con violencia en vía pública;2024;8
Palencia;5.3.1.-Robos con violencia en vía pública;2023;20
Palencia;5.3.1.-Robos con violencia en vía pública;2022;21
Palencia;5.3.1.-Robos con violencia en vía pública;2021;18
Palencia;5.3.1.-Robos con violencia en vía pública;2020;9
Palencia;5.3.1.-Robos con violencia en vía pública;2019;11
Palencia;5.3.1.-Robos con violencia en vía pública;2018;7
Palencia;5.3.2.-Robos con violencia en viviendas;2024;3
Palencia;5.3.2.-Robos con violencia en viviendas;2023;5
Palencia;5.3.2.-Robos con violencia en viviendas;2022;1
Palencia;5.3.2.-Robos con violencia en viviendas;2021;3
Palencia;5.3.2.-Robos con violencia en viviendas;2020;11
Palencia;5.3.2.-Robos con violencia en viviendas;2019;0
Palencia;5.3.2.-Robos con violencia en viviendas;2018;1
Palencia;5.3.3.-Robos con violencia en establecimientos;2024;6
Palencia;5.3.3.-Robos con violencia en establecimientos;2023;4
Palencia;5.3.3.-Robos con violencia en establecimientos;2022;9
Palencia;5.3.3.-Robos con violencia en establecimientos;2021;6
Palencia;5.3.3.-Robos con violencia en establecimientos;2020;12
Palencia;5.3.3.-Robos con violencia en establecimientos;2019;9
Palencia;5.3.3.-Robos con violencia en establecimientos;2018;7
Palencia;5.4.-Sustracción de vehículos;2024;8
Palencia;5.4.-Sustracción de vehículos;2023;11
Palencia;5.4.-Sustracción de vehículos;2022;6
Palencia;5.4.-Sustracción de vehículos;2021;6
Palencia;5.4.-Sustracción de vehículos;2020;4
Palencia;5.4.-Sustracción de vehículos;2019;1
Palencia;5.4.-Sustracción de vehículos;2018;4
Palencia;5.5.-Estafas;2024;90
Palencia;5.5.-Estafas;2023;133
Palencia;5.5.-Estafas;2022;131
Palencia;5.5.-Estafas;2021;60
Palencia;5.5.-Estafas;2020;72
Palencia;5.5.-Estafas;2019;79
Palencia;5.5.-Estafas;2018;57
Palencia;5.5.1.-Estafas informáticas;2024;79
Palencia;5.5.1.-Estafas informáticas;2023;120
Palencia;5.5.1.-Estafas informáticas;2022;94
Palencia;5.5.1.-Estafas informáticas;2021;47
Palencia;5.5.1.-Estafas informáticas;2020;50
Palencia;5.5.1.-Estafas informáticas;2019;34
Palencia;5.5.1.-Estafas informáticas;2018;16
Palencia;5.6.-Daños;2024;45
Palencia;5.6.-Daños;2023;44
Palencia;5.6.-Daños;2022;50
Palencia;5.6.-Daños;2021;28
Palencia;5.6.-Daños;2020;48
Palencia;5.6.-Daños;2019;50
Palencia;5.6.-Daños;2018;41
Palencia;5.7.-Contra la propiedad intelectual/industrial;2024;4
Palencia;5.7.-Contra la propiedad intelectual/industrial;2023;10
Palencia;5.7.-Contra la propiedad intelectual/industrial;2022;2
Palencia;5.7.-Contra la propiedad intelectual/industrial;2021;2
Palencia;5.7.-Contra la propiedad intelectual/industrial;2020;1
Palencia;5.7.-Contra la propiedad intelectual/industrial;2019;6
Palencia;5.7.-Contra la propiedad intelectual/industrial;2018;8
Palencia;5.8.-Blanqueo de capitales;2024;0
Palencia;5.8.-Blanqueo de capitales;2023;2
Palencia;5.8.-Blanqueo de capitales;2022;7
Palencia;5.8.-Blanqueo de capitales;2021;1
Palencia;5.8.-Blanqueo de capitales;2020;0
Palencia;5.8.-Blanqueo de capitales;2019;0
Palencia;5.8.-Blanqueo de capitales;2018;0
Palencia;5.9.-Otros contra el patrimonio;2024;31
Palencia;5.9.-Otros contra el patrimonio;2023;26
Palencia;5.9.-Otros contra el patrimonio;2022;22
Palencia;5.9.-Otros contra el patrimonio;2021;46
Palencia;5.9.-Otros contra el patrimonio;2020;35
Palencia;5.9.-Otros contra el patrimonio;2019;43
Palencia;5.9.-Otros contra el patrimonio;2018;61
Palencia;6. SEGURIDAD COLECTIVA;2024;243
Palencia;6. SEGURIDAD COLECTIVA;2023;275
Palencia;6. SEGURIDAD COLECTIVA;2022;276
Palencia;6. SEGURIDAD COLECTIVA;2021;204
Palencia;6. SEGURIDAD COLECTIVA;2020;179
Palencia;6. SEGURIDAD COLECTIVA;2019;227
Palencia;6. SEGURIDAD COLECTIVA;2018;213
Palencia;6.1.-Tráfico de drogas;2024;82
Palencia;6.1.-Tráfico de drogas;2023;104
Palencia;6.1.-Tráfico de drogas;2022;95
Palencia;6.1.-Tráfico de drogas;2021;71
Palencia;6.1.-Tráfico de drogas;2020;68
Palencia;6.1.-Tráfico de drogas;2019;63
Palencia;6.1.-Tráfico de drogas;2018;48
Palencia;6.2.-Contra la seguridad vial;2024;158
Palencia;6.2.-Contra la seguridad vial;2023;165
Palencia;6.2.-Contra la seguridad vial;2022;179
Palencia;6.2.-Contra la seguridad vial;2021;131
Palencia;6.2.-Contra la seguridad vial;2020;107
Palencia;6.2.-Contra la seguridad vial;2019;160
Palencia;6.2.-Contra la seguridad vial;2018;155
Palencia;6.3.-Otros contra la seguridad colectiva;2024;3
Palencia;6.3.-Otros contra la seguridad colectiva;2023;6
Palencia;6.3.-Otros contra la seguridad colectiva;2022;2
Palencia;6.3.-Otros contra la seguridad colectiva;2021;2
Palencia;6.3.-Otros contra la seguridad colectiva;2020;4
Palencia;6.3.-Otros contra la seguridad colectiva;2019;4
Palencia;6.3.-Otros contra la seguridad colectiva;2018;10
Palencia;7. FALSEDADES;2024;21
Palencia;7. FALSEDADES;2023;20
Palencia;7. FALSEDADES;2022;34
Palencia;7. FALSEDADES;2021;32
Palencia;7. FALSEDADES;2020;18
Palencia;7. FALSEDADES;2019;28
Palencia;7. FALSEDADES;2018;29
Palencia;8. ADMÓN. PÚBLICA;2024;2
Palencia;8. ADMÓN. PÚBLICA;2023;6
Palencia;8. ADMÓN. PÚBLICA;2022;1
Palencia;8. ADMÓN. PÚBLICA;2021;0
Palencia;8. ADMÓN. PÚBLICA;2020;0
Palencia;8. ADMÓN. PÚBLICA;2019;0
Palencia;8. ADMÓN. PÚBLICA;2018;3
Palencia;9. ADMÓN. JUSTICIA;2024;116
Palencia;9. ADMÓN. JUSTICIA;2023;108
Palencia;9. ADMÓN. JUSTICIA;2022;94
Palencia;9. ADMÓN. JUSTICIA;2021;54
Palencia;9. ADMÓN. JUSTICIA;2020;55
Palencia;9. ADMÓN. JUSTICIA;2019;64
Palencia;9. ADMÓN. JUSTICIA;2018;58
Palencia;10. ORDEN PÚBLICO;2024;81
Palencia;10. ORDEN PÚBLICO;2023;84
Palencia;10. ORDEN PÚBLICO;2022;80
Palencia;10. ORDEN PÚBLICO;2021;49
Palencia;10. ORDEN PÚBLICO;2020;50
Palencia;10. ORDEN PÚBLICO;2019;65
Palencia;10. ORDEN PÚBLICO;2018;40
Palencia;11. LEGISLACIÓN ESPECIAL;2024;0
Palencia;11. LEGISLACIÓN ESPECIAL;2023;15
Palencia;11. LEGISLACIÓN ESPECIAL;2022;0
Palencia;11. LEGISLACIÓN ESPECIAL;2021;0
Palencia;11. LEGISLACIÓN ESPECIAL;2020;0
Palencia;11. LEGISLACIÓN ESPECIAL;2019;2
Palencia;11. LEGISLACIÓN ESPECIAL;2018;0
Palencia;12. OTRAS INFRACCIONES PENALES;2024;16
Palencia;12. OTRAS INFRACCIONES PENALES;2023;38
Palencia;12. OTRAS INFRACCIONES PENALES;2022;20
Palencia;12. OTRAS INFRACCIONES PENALES;2021;27
Palencia;12. OTRAS INFRACCIONES PENALES;2020;37
Palencia;12. OTRAS INFRACCIONES PENALES;2019;17
Palencia;12. OTRAS INFRACCIONES PENALES;2018;22
Palencia;TOTAL INFRACCIONES PENALES;2024;1.338
Palencia;TOTAL INFRACCIONES PENALES;2023;1.506
Palencia;TOTAL INFRACCIONES PENALES;2022;1.410
Palencia;TOTAL INFRACCIONES PENALES;2021;1.069
Palencia;TOTAL INFRACCIONES PENALES;2020;989
Palencia;TOTAL INFRACCIONES PENALES;2019;1.211
Palencia;TOTAL INFRACCIONES PENALES;2018;1.196
Palmas (Las);1. CONTRA LAS PERSONAS;2024;4.234
Palmas (Las);1. CONTRA LAS PERSONAS;2023;4.479
Palmas (Las);1. CONTRA LAS PERSONAS;2022;4.136
Palmas (Las);1. CONTRA LAS PERSONAS;2021;4.065
Palmas (Las);1. CONTRA LAS PERSONAS;2020;3.808
Palmas (Las);1. CONTRA LAS PERSONAS;2019;3.956
Palmas (Las);1. CONTRA LAS PERSONAS;2018;3.911
Palmas (Las);1.1.-Homicidios dolosos/asesinatos;2024;45
Palmas (Las);1.1.-Homicidios dolosos/asesinatos;2023;43
Palmas (Las);1.1.-Homicidios dolosos/asesinatos;2022;34
Palmas (Las);1.1.-Homicidios dolosos/asesinatos;2021;36
Palmas (Las);1.1.-Homicidios dolosos/asesinatos;2020;27
Palmas (Las);1.1.-Homicidios dolosos/asesinatos;2019;37
Palmas (Las);1.1.-Homicidios dolosos/asesinatos;2018;35
Palmas (Las);1.1.1.-Homicidios dolosos/asesinatos consumados;2024;20
Palmas (Las);1.1.1.-Homicidios dolosos/asesinatos consumados;2023;12
Palmas (Las);1.1.1.-Homicidios dolosos/asesinatos consumados;2022;9
Palmas (Las);1.1.1.-Homicidios dolosos/asesinatos consumados;2021;13
Palmas (Las);1.1.1.-Homicidios dolosos/asesinatos consumados;2020;3
Palmas (Las);1.1.1.-Homicidios dolosos/asesinatos consumados;2019;8
Palmas (Las);1.1.1.-Homicidios dolosos/asesinatos consumados;2018;17
Palmas (Las);1.2.-Lesiones;2024;1.275
Palmas (Las);1.2.-Lesiones;2023;1.496
Palmas (Las);1.2.-Lesiones;2022;1.395
Palmas (Las);1.2.-Lesiones;2021;1.499
Palmas (Las);1.2.-Lesiones;2020;1.293
Palmas (Las);1.2.-Lesiones;2019;1.547
Palmas (Las);1.2.-Lesiones;2018;1.600
Palmas (Las);1.3.-Malos tratos ámbito familiar;2024;2.846
Palmas (Las);1.3.-Malos tratos ámbito familiar;2023;2.853
Palmas (Las);1.3.-Malos tratos ámbito familiar;2022;2.612
Palmas (Las);1.3.-Malos tratos ámbito familiar;2021;2.438
Palmas (Las);1.3.-Malos tratos ámbito familiar;2020;2.414
Palmas (Las);1.3.-Malos tratos ámbito familiar;2019;2.309
Palmas (Las);1.3.-Malos tratos ámbito familiar;2018;2.190
Palmas (Las);1.4.-Otros contra las personas;2024;68
Palmas (Las);1.4.-Otros contra las personas;2023;87
Palmas (Las);1.4.-Otros contra las personas;2022;95
Palmas (Las);1.4.-Otros contra las personas;2021;92
Palmas (Las);1.4.-Otros contra las personas;2020;74
Palmas (Las);1.4.-Otros contra las personas;2019;63
Palmas (Las);1.4.-Otros contra las personas;2018;86
Palmas (Las);2. CONTRA LA LIBERTAD;2024;1.667
Palmas (Las);2. CONTRA LA LIBERTAD;2023;1.810
Palmas (Las);2. CONTRA LA LIBERTAD;2022;1.641
Palmas (Las);2. CONTRA LA LIBERTAD;2021;1.820
Palmas (Las);2. CONTRA LA LIBERTAD;2020;1.706
Palmas (Las);2. CONTRA LA LIBERTAD;2019;1.839
Palmas (Las);2. CONTRA LA LIBERTAD;2018;1.975
Palmas (Las);2.1.-Malos tratos habituales en el ámbito familiar;2024;379
Palmas (Las);2.1.-Malos tratos habituales en el ámbito familiar;2023;362
Palmas (Las);2.1.-Malos tratos habituales en el ámbito familiar;2022;297
Palmas (Las);2.1.-Malos tratos habituales en el ámbito familiar;2021;305
Palmas (Las);2.1.-Malos tratos habituales en el ámbito familiar;2020;290
Palmas (Las);2.1.-Malos tratos habituales en el ámbito familiar;2019;327
Palmas (Las);2.1.-Malos tratos habituales en el ámbito familiar;2018;276
Palmas (Las);2.2.-Otros contra la libertad;2024;1.288
Palmas (Las);2.2.-Otros contra la libertad;2023;1.448
Palmas (Las);2.2.-Otros contra la libertad;2022;1.344
Palmas (Las);2.2.-Otros contra la libertad;2021;1.515
Palmas (Las);2.2.-Otros contra la libertad;2020;1.416
Palmas (Las);2.2.-Otros contra la libertad;2019;1.512
Palmas (Las);2.2.-Otros contra la libertad;2018;1.699
Palmas (Las);3. LIBERTAD SEXUAL;2024;469
Palmas (Las);3. LIBERTAD SEXUAL;2023;400
Palmas (Las);3. LIBERTAD SEXUAL;2022;405
Palmas (Las);3. LIBERTAD SEXUAL;2021;358
Palmas (Las);3. LIBERTAD SEXUAL;2020;321
Palmas (Las);3. LIBERTAD SEXUAL;2019;340
Palmas (Las);3. LIBERTAD SEXUAL;2018;332
Palmas (Las);3.1.-Agresión sexual;2024;307
Palmas (Las);3.1.-Agresión sexual;2023;252
Palmas (Las);3.1.-Agresión sexual;2022;247
Palmas (Las);3.1.-Agresión sexual;2021;228
Palmas (Las);3.1.-Agresión sexual;2020;181
Palmas (Las);3.1.-Agresión sexual;2019;219
Palmas (Las);3.1.-Agresión sexual;2018;194
Palmas (Las);3.2.-Agresión sexual con penetración;2024;113
Palmas (Las);3.2.-Agresión sexual con penetración;2023;88
Palmas (Las);3.2.-Agresión sexual con penetración;2022;103
Palmas (Las);3.2.-Agresión sexual con penetración;2021;74
Palmas (Las);3.2.-Agresión sexual con penetración;2020;75
Palmas (Las);3.2.-Agresión sexual con penetración;2019;50
Palmas (Las);3.2.-Agresión sexual con penetración;2018;74
Palmas (Las);3.3.-Corrupción de menores o incapacitados;2024;4
Palmas (Las);3.3.-Corrupción de menores o incapacitados;2023;5
Palmas (Las);3.3.-Corrupción de menores o incapacitados;2022;5
Palmas (Las);3.3.-Corrupción de menores o incapacitados;2021;4
Palmas (Las);3.3.-Corrupción de menores o incapacitados;2020;13
Palmas (Las);3.3.-Corrupción de menores o incapacitados;2019;10
Palmas (Las);3.3.-Corrupción de menores o incapacitados;2018;8
Palmas (Las);3.4.-Pornografía de menores;2024;18
Palmas (Las);3.4.-Pornografía de menores;2023;27
Palmas (Las);3.4.-Pornografía de menores;2022;18
Palmas (Las);3.4.-Pornografía de menores;2021;31
Palmas (Las);3.4.-Pornografía de menores;2020;28
Palmas (Las);3.4.-Pornografía de menores;2019;40
Palmas (Las);3.4.-Pornografía de menores;2018;24
Palmas (Las);3.5.-Otros contra la libertad sexual;2024;27
Palmas (Las);3.5.-Otros contra la libertad sexual;2023;28
Palmas (Las);3.5.-Otros contra la libertad sexual;2022;32
Palmas (Las);3.5.-Otros contra la libertad sexual;2021;21
Palmas (Las);3.5.-Otros contra la libertad sexual;2020;24
Palmas (Las);3.5.-Otros contra la libertad sexual;2019;21
Palmas (Las);3.5.-Otros contra la libertad sexual;2018;32
Palmas (Las);4. RELACIONES FAMILIARES;2024;87
Palmas (Las);4. RELACIONES FAMILIARES;2023;110
Palmas (Las);4. RELACIONES FAMILIARES;2022;131
Palmas (Las);4. RELACIONES FAMILIARES;2021;151
Palmas (Las);4. RELACIONES FAMILIARES;2020;134
Palmas (Las);4. RELACIONES FAMILIARES;2019;168
Palmas (Las);4. RELACIONES FAMILIARES;2018;117
Palmas (Las);5. PATRIMONIO;2024;3.091
Palmas (Las);5. PATRIMONIO;2023;3.372
Palmas (Las);5. PATRIMONIO;2022;3.185
Palmas (Las);5. PATRIMONIO;2021;3.046
Palmas (Las);5. PATRIMONIO;2020;2.915
Palmas (Las);5. PATRIMONIO;2019;3.557
Palmas (Las);5. PATRIMONIO;2018;3.999
Palmas (Las);5.1.-Hurtos;2024;1.066
Palmas (Las);5.1.-Hurtos;2023;1.114
Palmas (Las);5.1.-Hurtos;2022;931
Palmas (Las);5.1.-Hurtos;2021;934
Palmas (Las);5.1.-Hurtos;2020;839
Palmas (Las);5.1.-Hurtos;2019;1.179
Palmas (Las);5.1.-Hurtos;2018;1.373
Palmas (Las);5.2.-Robos con fuerza en las cosas;2024;595
Palmas (Las);5.2.-Robos con fuerza en las cosas;2023;734
Palmas (Las);5.2.-Robos con fuerza en las cosas;2022;785
Palmas (Las);5.2.-Robos con fuerza en las cosas;2021;821
Palmas (Las);5.2.-Robos con fuerza en las cosas;2020;741
Palmas (Las);5.2.-Robos con fuerza en las cosas;2019;826
Palmas (Las);5.2.-Robos con fuerza en las cosas;2018;922
Palmas (Las);5.2.1.-Robos con fuerza en las cosas en el interior de vehículos;2024;132
Palmas (Las);5.2.1.-Robos con fuerza en las cosas en el interior de vehículos;2023;127
Palmas (Las);5.2.1.-Robos con fuerza en las cosas en el interior de vehículos;2022;162
Palmas (Las);5.2.1.-Robos con fuerza en las cosas en el interior de vehículos;2021;104
Palmas (Las);5.2.1.-Robos con fuerza en las cosas en el interior de vehículos;2020;112
Palmas (Las);5.2.1.-Robos con fuerza en las cosas en el interior de vehículos;2019;149
Palmas (Las);5.2.1.-Robos con fuerza en las cosas en el interior de vehículos;2018;171
Palmas (Las);5.2.2.-Robos con fuerza en viviendas;2024;138
Palmas (Las);5.2.2.-Robos con fuerza en viviendas;2023;212
Palmas (Las);5.2.2.-Robos con fuerza en viviendas;2022;216
Palmas (Las);5.2.2.-Robos con fuerza en viviendas;2021;288
Palmas (Las);5.2.2.-Robos con fuerza en viviendas;2020;252
Palmas (Las);5.2.2.-Robos con fuerza en viviendas;2019;264
Palmas (Las);5.2.2.-Robos con fuerza en viviendas;2018;278
Palmas (Las);5.2.3.-Robos con fuerza en establecimientos;2024;150
Palmas (Las);5.2.3.-Robos con fuerza en establecimientos;2023;196
Palmas (Las);5.2.3.-Robos con fuerza en establecimientos;2022;207
Palmas (Las);5.2.3.-Robos con fuerza en establecimientos;2021;217
Palmas (Las);5.2.3.-Robos con fuerza en establecimientos;2020;177
Palmas (Las);5.2.3.-Robos con fuerza en establecimientos;2019;186
Palmas (Las);5.2.3.-Robos con fuerza en establecimientos;2018;232
Palmas (Las);5.3.-Robos con violencia o intimidación;2024;473
Palmas (Las);5.3.-Robos con violencia o intimidación;2023;521
Palmas (Las);5.3.-Robos con violencia o intimidación;2022;457
Palmas (Las);5.3.-Robos con violencia o intimidación;2021;412
Palmas (Las);5.3.-Robos con violencia o intimidación;2020;405
Palmas (Las);5.3.-Robos con violencia o intimidación;2019;416
Palmas (Las);5.3.-Robos con violencia o intimidación;2018;410
Palmas (Las);5.3.1.-Robos con violencia en vía pública;2024;248
Palmas (Las);5.3.1.-Robos con violencia en vía pública;2023;272
Palmas (Las);5.3.1.-Robos con violencia en vía pública;2022;233
Palmas (Las);5.3.1.-Robos con violencia en vía pública;2021;226
Palmas (Las);5.3.1.-Robos con violencia en vía pública;2020;178
Palmas (Las);5.3.1.-Robos con violencia en vía pública;2019;220
Palmas (Las);5.3.1.-Robos con violencia en vía pública;2018;207
Palmas (Las);5.3.2.-Robos con violencia en viviendas;2024;50
Palmas (Las);5.3.2.-Robos con violencia en viviendas;2023;38
Palmas (Las);5.3.2.-Robos con violencia en viviendas;2022;47
Palmas (Las);5.3.2.-Robos con violencia en viviendas;2021;45
Palmas (Las);5.3.2.-Robos con violencia en viviendas;2020;77
Palmas (Las);5.3.2.-Robos con violencia en viviendas;2019;54
Palmas (Las);5.3.2.-Robos con violencia en viviendas;2018;50
Palmas (Las);5.3.3.-Robos con violencia en establecimientos;2024;102
Palmas (Las);5.3.3.-Robos con violencia en establecimientos;2023;129
Palmas (Las);5.3.3.-Robos con violencia en establecimientos;2022;95
Palmas (Las);5.3.3.-Robos con violencia en establecimientos;2021;79
Palmas (Las);5.3.3.-Robos con violencia en establecimientos;2020;85
Palmas (Las);5.3.3.-Robos con violencia en establecimientos;2019;76
Palmas (Las);5.3.3.-Robos con violencia en establecimientos;2018;91
Palmas (Las);5.4.-Sustracción de vehículos;2024;111
Palmas (Las);5.4.-Sustracción de vehículos;2023;147
Palmas (Las);5.4.-Sustracción de vehículos;2022;105
Palmas (Las);5.4.-Sustracción de vehículos;2021;90
Palmas (Las);5.4.-Sustracción de vehículos;2020;115
Palmas (Las);5.4.-Sustracción de vehículos;2019;98
Palmas (Las);5.4.-Sustracción de vehículos;2018;96
Palmas (Las);5.5.-Estafas;2024;367
Palmas (Las);5.5.-Estafas;2023;349
Palmas (Las);5.5.-Estafas;2022;330
Palmas (Las);5.5.-Estafas;2021;249
Palmas (Las);5.5.-Estafas;2020;293
Palmas (Las);5.5.-Estafas;2019;367
Palmas (Las);5.5.-Estafas;2018;420
Palmas (Las);5.5.1.-Estafas informáticas;2024;176
Palmas (Las);5.5.1.-Estafas informáticas;2023;147
Palmas (Las);5.5.1.-Estafas informáticas;2022;142
Palmas (Las);5.5.1.-Estafas informáticas;2021;99
Palmas (Las);5.5.1.-Estafas informáticas;2020;114
Palmas (Las);5.5.1.-Estafas informáticas;2019;80
Palmas (Las);5.5.1.-Estafas informáticas;2018;105
Palmas (Las);5.6.-Daños;2024;260
Palmas (Las);5.6.-Daños;2023;270
Palmas (Las);5.6.-Daños;2022;269
Palmas (Las);5.6.-Daños;2021;305
Palmas (Las);5.6.-Daños;2020;234
Palmas (Las);5.6.-Daños;2019;252
Palmas (Las);5.6.-Daños;2018;271
Palmas (Las);5.7.-Contra la propiedad intelectual/industrial;2024;22
Palmas (Las);5.7.-Contra la propiedad intelectual/industrial;2023;29
Palmas (Las);5.7.-Contra la propiedad intelectual/industrial;2022;64
Palmas (Las);5.7.-Contra la propiedad intelectual/industrial;2021;13
Palmas (Las);5.7.-Contra la propiedad intelectual/industrial;2020;34
Palmas (Las);5.7.-Contra la propiedad intelectual/industrial;2019;119
Palmas (Las);5.7.-Contra la propiedad intelectual/industrial;2018;98
Palmas (Las);5.8.-Blanqueo de capitales;2024;9
Palmas (Las);5.8.-Blanqueo de capitales;2023;5
Palmas (Las);5.8.-Blanqueo de capitales;2022;40
Palmas (Las);5.8.-Blanqueo de capitales;2021;24
Palmas (Las);5.8.-Blanqueo de capitales;2020;6
Palmas (Las);5.8.-Blanqueo de capitales;2019;20
Palmas (Las);5.8.-Blanqueo de capitales;2018;57
Palmas (Las);5.9.-Otros contra el patrimonio;2024;188
Palmas (Las);5.9.-Otros contra el patrimonio;2023;203
Palmas (Las);5.9.-Otros contra el patrimonio;2022;204
Palmas (Las);5.9.-Otros contra el patrimonio;2021;198
Palmas (Las);5.9.-Otros contra el patrimonio;2020;248
Palmas (Las);5.9.-Otros contra el patrimonio;2019;280
Palmas (Las);5.9.-Otros contra el patrimonio;2018;352
Palmas (Las);6. SEGURIDAD COLECTIVA;2024;1.729
Palmas (Las);6. SEGURIDAD COLECTIVA;2023;1.622
Palmas (Las);6. SEGURIDAD COLECTIVA;2022;1.743
Palmas (Las);6. SEGURIDAD COLECTIVA;2021;1.575
Palmas (Las);6. SEGURIDAD COLECTIVA;2020;1.419
Palmas (Las);6. SEGURIDAD COLECTIVA;2019;1.723
Palmas (Las);6. SEGURIDAD COLECTIVA;2018;1.740
Palmas (Las);6.1.-Tráfico de drogas;2024;545
Palmas (Las);6.1.-Tráfico de drogas;2023;502
Palmas (Las);6.1.-Tráfico de drogas;2022;581
Palmas (Las);6.1.-Tráfico de drogas;2021;517
Palmas (Las);6.1.-Tráfico de drogas;2020;416
Palmas (Las);6.1.-Tráfico de drogas;2019;480
Palmas (Las);6.1.-Tráfico de drogas;2018;576
Palmas (Las);6.2.-Contra la seguridad vial;2024;1.109
Palmas (Las);6.2.-Contra la seguridad vial;2023;1.030
Palmas (Las);6.2.-Contra la seguridad vial;2022;1.107
Palmas (Las);6.2.-Contra la seguridad vial;2021;1.028
Palmas (Las);6.2.-Contra la seguridad vial;2020;954
Palmas (Las);6.2.-Contra la seguridad vial;2019;1.226
Palmas (Las);6.2.-Contra la seguridad vial;2018;1.117
Palmas (Las);6.3.-Otros contra la seguridad colectiva;2024;75
Palmas (Las);6.3.-Otros contra la seguridad colectiva;2023;90
Palmas (Las);6.3.-Otros contra la seguridad colectiva;2022;55
Palmas (Las);6.3.-Otros contra la seguridad colectiva;2021;30
Palmas (Las);6.3.-Otros contra la seguridad colectiva;2020;49
Palmas (Las);6.3.-Otros contra la seguridad colectiva;2019;17
Palmas (Las);6.3.-Otros contra la seguridad colectiva;2018;47
Palmas (Las);7. FALSEDADES;2024;177
Palmas (Las);7. FALSEDADES;2023;149
Palmas (Las);7. FALSEDADES;2022;183
Palmas (Las);7. FALSEDADES;2021;264
Palmas (Las);7. FALSEDADES;2020;235
Palmas (Las);7. FALSEDADES;2019;364
Palmas (Las);7. FALSEDADES;2018;226
Palmas (Las);8. ADMÓN. PÚBLICA;2024;11
Palmas (Las);8. ADMÓN. PÚBLICA;2023;22
Palmas (Las);8. ADMÓN. PÚBLICA;2022;10
Palmas (Las);8. ADMÓN. PÚBLICA;2021;16
Palmas (Las);8. ADMÓN. PÚBLICA;2020;20
Palmas (Las);8. ADMÓN. PÚBLICA;2019;4
Palmas (Las);8. ADMÓN. PÚBLICA;2018;4
Palmas (Las);9. ADMÓN. JUSTICIA;2024;919
Palmas (Las);9. ADMÓN. JUSTICIA;2023;898
Palmas (Las);9. ADMÓN. JUSTICIA;2022;796
Palmas (Las);9. ADMÓN. JUSTICIA;2021;733
Palmas (Las);9. ADMÓN. JUSTICIA;2020;696
Palmas (Las);9. ADMÓN. JUSTICIA;2019;718
Palmas (Las);9. ADMÓN. JUSTICIA;2018;618
Palmas (Las);10. ORDEN PÚBLICO;2024;542
Palmas (Las);10. ORDEN PÚBLICO;2023;457
Palmas (Las);10. ORDEN PÚBLICO;2022;420
Palmas (Las);10. ORDEN PÚBLICO;2021;574
Palmas (Las);10. ORDEN PÚBLICO;2020;702
Palmas (Las);10. ORDEN PÚBLICO;2019;374
Palmas (Las);10. ORDEN PÚBLICO;2018;364
Palmas (Las);11. LEGISLACIÓN ESPECIAL;2024;1
Palmas (Las);11. LEGISLACIÓN ESPECIAL;2023;1
Palmas (Las);11. LEGISLACIÓN ESPECIAL;2022;0
Palmas (Las);11. LEGISLACIÓN ESPECIAL;2021;1
Palmas (Las);11. LEGISLACIÓN ESPECIAL;2020;9
Palmas (Las);11. LEGISLACIÓN ESPECIAL;2019;4
Palmas (Las);11. LEGISLACIÓN ESPECIAL;2018;0
Palmas (Las);12. OTRAS INFRACCIONES PENALES;2024;295
Palmas (Las);12. OTRAS INFRACCIONES PENALES;2023;484
Palmas (Las);12. OTRAS INFRACCIONES PENALES;2022;323
Palmas (Las);12. OTRAS INFRACCIONES PENALES;2021;278
Palmas (Las);12. OTRAS INFRACCIONES PENALES;2020;168
Palmas (Las);12. OTRAS INFRACCIONES PENALES;2019;138
Palmas (Las);12. OTRAS INFRACCIONES PENALES;2018;117
Palmas (Las);TOTAL INFRACCIONES PENALES;2024;13.222
Palmas (Las);TOTAL INFRACCIONES PENALES;2023;13.804
Palmas (Las);TOTAL INFRACCIONES PENALES;2022;12.973
Palmas (Las);TOTAL INFRACCIONES PENALES;2021;12.881
Palmas (Las);TOTAL INFRACCIONES PENALES;2020;12.133
Palmas (Las);TOTAL INFRACCIONES PENALES;2019;13.185
Palmas (Las);TOTAL INFRACCIONES PENALES;2018;13.403
Pontevedra;1. CONTRA LAS PERSONAS;2024;1.522
Pontevedra;1. CONTRA LAS PERSONAS;2023;1.674
Pontevedra;1. CONTRA LAS PERSONAS;2022;1.534
Pontevedra;1. CONTRA LAS PERSONAS;2021;1.331
Pontevedra;1. CONTRA LAS PERSONAS;2020;1.259
Pontevedra;1. CONTRA LAS PERSONAS;2019;1.300
Pontevedra;1. CONTRA LAS PERSONAS;2018;1.322
Pontevedra;1.1.-Homicidios dolosos/asesinatos;2024;24
Pontevedra;1.1.-Homicidios dolosos/asesinatos;2023;30
Pontevedra;1.1.-Homicidios dolosos/asesinatos;2022;17
Pontevedra;1.1.-Homicidios dolosos/asesinatos;2021;11
Pontevedra;1.1.-Homicidios dolosos/asesinatos;2020;16
Pontevedra;1.1.-Homicidios dolosos/asesinatos;2019;11
Pontevedra;1.1.-Homicidios dolosos/asesinatos;2018;5
Pontevedra;1.1.1.-Homicidios dolosos/asesinatos consumados;2024;8
Pontevedra;1.1.1.-Homicidios dolosos/asesinatos consumados;2023;3
Pontevedra;1.1.1.-Homicidios dolosos/asesinatos consumados;2022;7
Pontevedra;1.1.1.-Homicidios dolosos/asesinatos consumados;2021;3
Pontevedra;1.1.1.-Homicidios dolosos/asesinatos consumados;2020;2
Pontevedra;1.1.1.-Homicidios dolosos/asesinatos consumados;2019;3
Pontevedra;1.1.1.-Homicidios dolosos/asesinatos consumados;2018;2
Pontevedra;1.2.-Lesiones;2024;502
Pontevedra;1.2.-Lesiones;2023;510
Pontevedra;1.2.-Lesiones;2022;552
Pontevedra;1.2.-Lesiones;2021;530
Pontevedra;1.2.-Lesiones;2020;431
Pontevedra;1.2.-Lesiones;2019;487
Pontevedra;1.2.-Lesiones;2018;532
Pontevedra;1.3.-Malos tratos ámbito familiar;2024;970
Pontevedra;1.3.-Malos tratos ámbito familiar;2023;1.108
Pontevedra;1.3.-Malos tratos ámbito familiar;2022;942
Pontevedra;1.3.-Malos tratos ámbito familiar;2021;771
Pontevedra;1.3.-Malos tratos ámbito familiar;2020;802
Pontevedra;1.3.-Malos tratos ámbito familiar;2019;785
Pontevedra;1.3.-Malos tratos ámbito familiar;2018;770
Pontevedra;1.4.-Otros contra las personas;2024;26
Pontevedra;1.4.-Otros contra las personas;2023;26
Pontevedra;1.4.-Otros contra las personas;2022;23
Pontevedra;1.4.-Otros contra las personas;2021;19
Pontevedra;1.4.-Otros contra las personas;2020;10
Pontevedra;1.4.-Otros contra las personas;2019;17
Pontevedra;1.4.-Otros contra las personas;2018;15
Pontevedra;2. CONTRA LA LIBERTAD;2024;612
Pontevedra;2. CONTRA LA LIBERTAD;2023;651
Pontevedra;2. CONTRA LA LIBERTAD;2022;606
Pontevedra;2. CONTRA LA LIBERTAD;2021;584
Pontevedra;2. CONTRA LA LIBERTAD;2020;530
Pontevedra;2. CONTRA LA LIBERTAD;2019;551
Pontevedra;2. CONTRA LA LIBERTAD;2018;527
Pontevedra;2.1.-Malos tratos habituales en el ámbito familiar;2024;112
Pontevedra;2.1.-Malos tratos habituales en el ámbito familiar;2023;114
Pontevedra;2.1.-Malos tratos habituales en el ámbito familiar;2022;110
Pontevedra;2.1.-Malos tratos habituales en el ámbito familiar;2021;114
Pontevedra;2.1.-Malos tratos habituales en el ámbito familiar;2020;105
Pontevedra;2.1.-Malos tratos habituales en el ámbito familiar;2019;119
Pontevedra;2.1.-Malos tratos habituales en el ámbito familiar;2018;119
Pontevedra;2.2.-Otros contra la libertad;2024;500
Pontevedra;2.2.-Otros contra la libertad;2023;537
Pontevedra;2.2.-Otros contra la libertad;2022;496
Pontevedra;2.2.-Otros contra la libertad;2021;470
Pontevedra;2.2.-Otros contra la libertad;2020;425
Pontevedra;2.2.-Otros contra la libertad;2019;432
Pontevedra;2.2.-Otros contra la libertad;2018;408
Pontevedra;3. LIBERTAD SEXUAL;2024;211
Pontevedra;3. LIBERTAD SEXUAL;2023;193
Pontevedra;3. LIBERTAD SEXUAL;2022;154
Pontevedra;3. LIBERTAD SEXUAL;2021;189
Pontevedra;3. LIBERTAD SEXUAL;2020;127
Pontevedra;3. LIBERTAD SEXUAL;2019;152
Pontevedra;3. LIBERTAD SEXUAL;2018;152
Pontevedra;3.1.-Agresión sexual;2024;122
Pontevedra;3.1.-Agresión sexual;2023;117
Pontevedra;3.1.-Agresión sexual;2022;95
Pontevedra;3.1.-Agresión sexual;2021;113
Pontevedra;3.1.-Agresión sexual;2020;66
Pontevedra;3.1.-Agresión sexual;2019;93
Pontevedra;3.1.-Agresión sexual;2018;94
Pontevedra;3.2.-Agresión sexual con penetración;2024;51
Pontevedra;3.2.-Agresión sexual con penetración;2023;48
Pontevedra;3.2.-Agresión sexual con penetración;2022;33
Pontevedra;3.2.-Agresión sexual con penetración;2021;42
Pontevedra;3.2.-Agresión sexual con penetración;2020;39
Pontevedra;3.2.-Agresión sexual con penetración;2019;36
Pontevedra;3.2.-Agresión sexual con penetración;2018;30
Pontevedra;3.3.-Corrupción de menores o incapacitados;2024;3
Pontevedra;3.3.-Corrupción de menores o incapacitados;2023;0
Pontevedra;3.3.-Corrupción de menores o incapacitados;2022;5
Pontevedra;3.3.-Corrupción de menores o incapacitados;2021;1
Pontevedra;3.3.-Corrupción de menores o incapacitados;2020;3
Pontevedra;3.3.-Corrupción de menores o incapacitados;2019;1
Pontevedra;3.3.-Corrupción de menores o incapacitados;2018;3
Pontevedra;3.4.-Pornografía de menores;2024;12
Pontevedra;3.4.-Pornografía de menores;2023;13
Pontevedra;3.4.-Pornografía de menores;2022;4
Pontevedra;3.4.-Pornografía de menores;2021;10
Pontevedra;3.4.-Pornografía de menores;2020;10
Pontevedra;3.4.-Pornografía de menores;2019;8
Pontevedra;3.4.-Pornografía de menores;2018;16
Pontevedra;3.5.-Otros contra la libertad sexual;2024;23
Pontevedra;3.5.-Otros contra la libertad sexual;2023;15
Pontevedra;3.5.-Otros contra la libertad sexual;2022;17
Pontevedra;3.5.-Otros contra la libertad sexual;2021;23
Pontevedra;3.5.-Otros contra la libertad sexual;2020;9
Pontevedra;3.5.-Otros contra la libertad sexual;2019;14
Pontevedra;3.5.-Otros contra la libertad sexual;2018;9
Pontevedra;4. RELACIONES FAMILIARES;2024;13
Pontevedra;4. RELACIONES FAMILIARES;2023;15
Pontevedra;4. RELACIONES FAMILIARES;2022;9
Pontevedra;4. RELACIONES FAMILIARES;2021;8
Pontevedra;4. RELACIONES FAMILIARES;2020;13
Pontevedra;4. RELACIONES FAMILIARES;2019;16
Pontevedra;4. RELACIONES FAMILIARES;2018;11
Pontevedra;5. PATRIMONIO;2024;1.379
Pontevedra;5. PATRIMONIO;2023;1.544
Pontevedra;5. PATRIMONIO;2022;1.404
Pontevedra;5. PATRIMONIO;2021;1.353
Pontevedra;5. PATRIMONIO;2020;1.181
Pontevedra;5. PATRIMONIO;2019;1.514
Pontevedra;5. PATRIMONIO;2018;1.803
Pontevedra;5.1.-Hurtos;2024;409
Pontevedra;5.1.-Hurtos;2023;489
Pontevedra;5.1.-Hurtos;2022;395
Pontevedra;5.1.-Hurtos;2021;438
Pontevedra;5.1.-Hurtos;2020;301
Pontevedra;5.1.-Hurtos;2019;411
Pontevedra;5.1.-Hurtos;2018;604
Pontevedra;5.2.-Robos con fuerza en las cosas;2024;346
Pontevedra;5.2.-Robos con fuerza en las cosas;2023;477
Pontevedra;5.2.-Robos con fuerza en las cosas;2022;461
Pontevedra;5.2.-Robos con fuerza en las cosas;2021;355
Pontevedra;5.2.-Robos con fuerza en las cosas;2020;388
Pontevedra;5.2.-Robos con fuerza en las cosas;2019;509
Pontevedra;5.2.-Robos con fuerza en las cosas;2018;552
Pontevedra;5.2.1.-Robos con fuerza en las cosas en el interior de vehículos;2024;52
Pontevedra;5.2.1.-Robos con fuerza en las cosas en el interior de vehículos;2023;78
Pontevedra;5.2.1.-Robos con fuerza en las cosas en el interior de vehículos;2022;86
Pontevedra;5.2.1.-Robos con fuerza en las cosas en el interior de vehículos;2021;70
Pontevedra;5.2.1.-Robos con fuerza en las cosas en el interior de vehículos;2020;80
Pontevedra;5.2.1.-Robos con fuerza en las cosas en el interior de vehículos;2019;78
Pontevedra;5.2.1.-Robos con fuerza en las cosas en el interior de vehículos;2018;83
Pontevedra;5.2.2.-Robos con fuerza en viviendas;2024;108
Pontevedra;5.2.2.-Robos con fuerza en viviendas;2023;149
Pontevedra;5.2.2.-Robos con fuerza en viviendas;2022;171
Pontevedra;5.2.2.-Robos con fuerza en viviendas;2021;129
Pontevedra;5.2.2.-Robos con fuerza en viviendas;2020;116
Pontevedra;5.2.2.-Robos con fuerza en viviendas;2019;126
Pontevedra;5.2.2.-Robos con fuerza en viviendas;2018;173
Pontevedra;5.2.3.-Robos con fuerza en establecimientos;2024;118
Pontevedra;5.2.3.-Robos con fuerza en establecimientos;2023;143
Pontevedra;5.2.3.-Robos con fuerza en establecimientos;2022;107
Pontevedra;5.2.3.-Robos con fuerza en establecimientos;2021;77
Pontevedra;5.2.3.-Robos con fuerza en establecimientos;2020;117
Pontevedra;5.2.3.-Robos con fuerza en establecimientos;2019;190
Pontevedra;5.2.3.-Robos con fuerza en establecimientos;2018;177
Pontevedra;5.3.-Robos con violencia o intimidación;2024;166
Pontevedra;5.3.-Robos con violencia o intimidación;2023;180
Pontevedra;5.3.-Robos con violencia o intimidación;2022;168
Pontevedra;5.3.-Robos con violencia o intimidación;2021;128
Pontevedra;5.3.-Robos con violencia o intimidación;2020;168
Pontevedra;5.3.-Robos con violencia o intimidación;2019;147
Pontevedra;5.3.-Robos con violencia o intimidación;2018;187
Pontevedra;5.3.1.-Robos con violencia en vía pública;2024;78
Pontevedra;5.3.1.-Robos con violencia en vía pública;2023;69
Pontevedra;5.3.1.-Robos con violencia en vía pública;2022;79
Pontevedra;5.3.1.-Robos con violencia en vía pública;2021;59
Pontevedra;5.3.1.-Robos con violencia en vía pública;2020;68
Pontevedra;5.3.1.-Robos con violencia en vía pública;2019;67
Pontevedra;5.3.1.-Robos con violencia en vía pública;2018;75
Pontevedra;5.3.2.-Robos con violencia en viviendas;2024;23
Pontevedra;5.3.2.-Robos con violencia en viviendas;2023;21
Pontevedra;5.3.2.-Robos con violencia en viviendas;2022;11
Pontevedra;5.3.2.-Robos con violencia en viviendas;2021;16
Pontevedra;5.3.2.-Robos con violencia en viviendas;2020;22
Pontevedra;5.3.2.-Robos con violencia en viviendas;2019;21
Pontevedra;5.3.2.-Robos con violencia en viviendas;2018;27
Pontevedra;5.3.3.-Robos con violencia en establecimientos;2024;51
Pontevedra;5.3.3.-Robos con violencia en establecimientos;2023;74
Pontevedra;5.3.3.-Robos con violencia en establecimientos;2022;52
Pontevedra;5.3.3.-Robos con violencia en establecimientos;2021;41
Pontevedra;5.3.3.-Robos con violencia en establecimientos;2020;57
Pontevedra;5.3.3.-Robos con violencia en establecimientos;2019;44
Pontevedra;5.3.3.-Robos con violencia en establecimientos;2018;49
Pontevedra;5.4.-Sustracción de vehículos;2024;32
Pontevedra;5.4.-Sustracción de vehículos;2023;43
Pontevedra;5.4.-Sustracción de vehículos;2022;35
Pontevedra;5.4.-Sustracción de vehículos;2021;35
Pontevedra;5.4.-Sustracción de vehículos;2020;29
Pontevedra;5.4.-Sustracción de vehículos;2019;31
Pontevedra;5.4.-Sustracción de vehículos;2018;51
Pontevedra;5.5.-Estafas;2024;226
Pontevedra;5.5.-Estafas;2023;160
Pontevedra;5.5.-Estafas;2022;144
Pontevedra;5.5.-Estafas;2021;183
Pontevedra;5.5.-Estafas;2020;133
Pontevedra;5.5.-Estafas;2019;137
Pontevedra;5.5.-Estafas;2018;149
Pontevedra;5.5.1.-Estafas informáticas;2024;160
Pontevedra;5.5.1.-Estafas informáticas;2023;105
Pontevedra;5.5.1.-Estafas informáticas;2022;70
Pontevedra;5.5.1.-Estafas informáticas;2021;118
Pontevedra;5.5.1.-Estafas informáticas;2020;67
Pontevedra;5.5.1.-Estafas informáticas;2019;41
Pontevedra;5.5.1.-Estafas informáticas;2018;12
Pontevedra;5.6.-Daños;2024;95
Pontevedra;5.6.-Daños;2023;118
Pontevedra;5.6.-Daños;2022;103
Pontevedra;5.6.-Daños;2021;128
Pontevedra;5.6.-Daños;2020;65
Pontevedra;5.6.-Daños;2019;127
Pontevedra;5.6.-Daños;2018;98
Pontevedra;5.7.-Contra la propiedad intelectual/industrial;2024;19
Pontevedra;5.7.-Contra la propiedad intelectual/industrial;2023;15
Pontevedra;5.7.-Contra la propiedad intelectual/industrial;2022;19
Pontevedra;5.7.-Contra la propiedad intelectual/industrial;2021;12
Pontevedra;5.7.-Contra la propiedad intelectual/industrial;2020;10
Pontevedra;5.7.-Contra la propiedad intelectual/industrial;2019;61
Pontevedra;5.7.-Contra la propiedad intelectual/industrial;2018;42
Pontevedra;5.8.-Blanqueo de capitales;2024;9
Pontevedra;5.8.-Blanqueo de capitales;2023;1
Pontevedra;5.8.-Blanqueo de capitales;2022;3
Pontevedra;5.8.-Blanqueo de capitales;2021;3
Pontevedra;5.8.-Blanqueo de capitales;2020;10
Pontevedra;5.8.-Blanqueo de capitales;2019;3
Pontevedra;5.8.-Blanqueo de capitales;2018;4
Pontevedra;5.9.-Otros contra el patrimonio;2024;77
Pontevedra;5.9.-Otros contra el patrimonio;2023;61
Pontevedra;5.9.-Otros contra el patrimonio;2022;76
Pontevedra;5.9.-Otros contra el patrimonio;2021;71
Pontevedra;5.9.-Otros contra el patrimonio;2020;77
Pontevedra;5.9.-Otros contra el patrimonio;2019;88
Pontevedra;5.9.-Otros contra el patrimonio;2018;116
Pontevedra;6. SEGURIDAD COLECTIVA;2024;1.373
Pontevedra;6. SEGURIDAD COLECTIVA;2023;1.715
Pontevedra;6. SEGURIDAD COLECTIVA;2022;1.862
Pontevedra;6. SEGURIDAD COLECTIVA;2021;1.526
Pontevedra;6. SEGURIDAD COLECTIVA;2020;1.539
Pontevedra;6. SEGURIDAD COLECTIVA;2019;1.959
Pontevedra;6. SEGURIDAD COLECTIVA;2018;1.954
Pontevedra;6.1.-Tráfico de drogas;2024;299
Pontevedra;6.1.-Tráfico de drogas;2023;342
Pontevedra;6.1.-Tráfico de drogas;2022;372
Pontevedra;6.1.-Tráfico de drogas;2021;383
Pontevedra;6.1.-Tráfico de drogas;2020;455
Pontevedra;6.1.-Tráfico de drogas;2019;443
Pontevedra;6.1.-Tráfico de drogas;2018;394
Pontevedra;6.2.-Contra la seguridad vial;2024;1.043
Pontevedra;6.2.-Contra la seguridad vial;2023;1.325
Pontevedra;6.2.-Contra la seguridad vial;2022;1.441
Pontevedra;6.2.-Contra la seguridad vial;2021;1.108
Pontevedra;6.2.-Contra la seguridad vial;2020;1.068
Pontevedra;6.2.-Contra la seguridad vial;2019;1.499
Pontevedra;6.2.-Contra la seguridad vial;2018;1.538
Pontevedra;6.3.-Otros contra la seguridad colectiva;2024;31
Pontevedra;6.3.-Otros contra la seguridad colectiva;2023;48
Pontevedra;6.3.-Otros contra la seguridad colectiva;2022;49
Pontevedra;6.3.-Otros contra la seguridad colectiva;2021;35
Pontevedra;6.3.-Otros contra la seguridad colectiva;2020;16
Pontevedra;6.3.-Otros contra la seguridad colectiva;2019;17
Pontevedra;6.3.-Otros contra la seguridad colectiva;2018;22
Pontevedra;7. FALSEDADES;2024;83
Pontevedra;7. FALSEDADES;2023;79
Pontevedra;7. FALSEDADES;2022;111
Pontevedra;7. FALSEDADES;2021;187
Pontevedra;7. FALSEDADES;2020;94
Pontevedra;7. FALSEDADES;2019;72
Pontevedra;7. FALSEDADES;2018;77
Pontevedra;8. ADMÓN. PÚBLICA;2024;6
Pontevedra;8. ADMÓN. PÚBLICA;2023;13
Pontevedra;8. ADMÓN. PÚBLICA;2022;5
Pontevedra;8. ADMÓN. PÚBLICA;2021;3
Pontevedra;8. ADMÓN. PÚBLICA;2020;6
Pontevedra;8. ADMÓN. PÚBLICA;2019;7
Pontevedra;8. ADMÓN. PÚBLICA;2018;4
Pontevedra;9. ADMÓN. JUSTICIA;2024;400
Pontevedra;9. ADMÓN. JUSTICIA;2023;447
Pontevedra;9. ADMÓN. JUSTICIA;2022;380
Pontevedra;9. ADMÓN. JUSTICIA;2021;317
Pontevedra;9. ADMÓN. JUSTICIA;2020;317
Pontevedra;9. ADMÓN. JUSTICIA;2019;315
Pontevedra;9. ADMÓN. JUSTICIA;2018;297
Pontevedra;10. ORDEN PÚBLICO;2024;275
Pontevedra;10. ORDEN PÚBLICO;2023;291
Pontevedra;10. ORDEN PÚBLICO;2022;331
Pontevedra;10. ORDEN PÚBLICO;2021;282
Pontevedra;10. ORDEN PÚBLICO;2020;353
Pontevedra;10. ORDEN PÚBLICO;2019;276
Pontevedra;10. ORDEN PÚBLICO;2018;265
Pontevedra;11. LEGISLACIÓN ESPECIAL;2024;14
Pontevedra;11. LEGISLACIÓN ESPECIAL;2023;5
Pontevedra;11. LEGISLACIÓN ESPECIAL;2022;51
Pontevedra;11. LEGISLACIÓN ESPECIAL;2021;2
Pontevedra;11. LEGISLACIÓN ESPECIAL;2020;4
Pontevedra;11. LEGISLACIÓN ESPECIAL;2019;4
Pontevedra;11. LEGISLACIÓN ESPECIAL;2018;0
Pontevedra;12. OTRAS INFRACCIONES PENALES;2024;49
Pontevedra;12. OTRAS INFRACCIONES PENALES;2023;79
Pontevedra;12. OTRAS INFRACCIONES PENALES;2022;61
Pontevedra;12. OTRAS INFRACCIONES PENALES;2021;64
Pontevedra;12. OTRAS INFRACCIONES PENALES;2020;40
Pontevedra;12. OTRAS INFRACCIONES PENALES;2019;100
Pontevedra;12. OTRAS INFRACCIONES PENALES;2018;69
Pontevedra;TOTAL INFRACCIONES PENALES;2024;5.937
Pontevedra;TOTAL INFRACCIONES PENALES;2023;6.706
Pontevedra;TOTAL INFRACCIONES PENALES;2022;6.508
Pontevedra;TOTAL INFRACCIONES PENALES;2021;5.846
Pontevedra;TOTAL INFRACCIONES PENALES;2020;5.463
Pontevedra;TOTAL INFRACCIONES PENALES;2019;6.266
Pontevedra;TOTAL INFRACCIONES PENALES;2018;6.481
Salamanca;1. CONTRA LAS PERSONAS;2024;460
Salamanca;1. CONTRA LAS PERSONAS;2023;460
Salamanca;1. CONTRA LAS PERSONAS;2022;495
Salamanca;1. CONTRA LAS PERSONAS;2021;377
Salamanca;1. CONTRA LAS PERSONAS;2020;341
Salamanca;1. CONTRA LAS PERSONAS;2019;418
Salamanca;1. CONTRA LAS PERSONAS;2018;475
Salamanca;1.1.-Homicidios dolosos/asesinatos;2024;1
Salamanca;1.1.-Homicidios dolosos/asesinatos;2023;4
Salamanca;1.1.-Homicidios dolosos/asesinatos;2022;5
Salamanca;1.1.-Homicidios dolosos/asesinatos;2021;2
Salamanca;1.1.-Homicidios dolosos/asesinatos;2020;8
Salamanca;1.1.-Homicidios dolosos/asesinatos;2019;2
Salamanca;1.1.-Homicidios dolosos/asesinatos;2018;8
Salamanca;1.1.1.-Homicidios dolosos/asesinatos consumados;2024;0
Salamanca;1.1.1.-Homicidios dolosos/asesinatos consumados;2023;2
Salamanca;1.1.1.-Homicidios dolosos/asesinatos consumados;2022;0
Salamanca;1.1.1.-Homicidios dolosos/asesinatos consumados;2021;1
Salamanca;1.1.1.-Homicidios dolosos/asesinatos consumados;2020;4
Salamanca;1.1.1.-Homicidios dolosos/asesinatos consumados;2019;0
Salamanca;1.1.1.-Homicidios dolosos/asesinatos consumados;2018;3
Salamanca;1.2.-Lesiones;2024;184
Salamanca;1.2.-Lesiones;2023;202
Salamanca;1.2.-Lesiones;2022;226
Salamanca;1.2.-Lesiones;2021;184
Salamanca;1.2.-Lesiones;2020;140
Salamanca;1.2.-Lesiones;2019;225
Salamanca;1.2.-Lesiones;2018;261
Salamanca;1.3.-Malos tratos ámbito familiar;2024;270
Salamanca;1.3.-Malos tratos ámbito familiar;2023;243
Salamanca;1.3.-Malos tratos ámbito familiar;2022;254
Salamanca;1.3.-Malos tratos ámbito familiar;2021;189
Salamanca;1.3.-Malos tratos ámbito familiar;2020;183
Salamanca;1.3.-Malos tratos ámbito familiar;2019;173
Salamanca;1.3.-Malos tratos ámbito familiar;2018;185
Salamanca;1.4.-Otros contra las personas;2024;5
Salamanca;1.4.-Otros contra las personas;2023;11
Salamanca;1.4.-Otros contra las personas;2022;10
Salamanca;1.4.-Otros contra las personas;2021;2
Salamanca;1.4.-Otros contra las personas;2020;10
Salamanca;1.4.-Otros contra las personas;2019;18
Salamanca;1.4.-Otros contra las personas;2018;21
Salamanca;2. CONTRA LA LIBERTAD;2024;233
Salamanca;2. CONTRA LA LIBERTAD;2023;226
Salamanca;2. CONTRA LA LIBERTAD;2022;200
Salamanca;2. CONTRA LA LIBERTAD;2021;207
Salamanca;2. CONTRA LA LIBERTAD;2020;221
Salamanca;2. CONTRA LA LIBERTAD;2019;254
Salamanca;2. CONTRA LA LIBERTAD;2018;244
Salamanca;2.1.-Malos tratos habituales en el ámbito familiar;2024;25
Salamanca;2.1.-Malos tratos habituales en el ámbito familiar;2023;33
Salamanca;2.1.-Malos tratos habituales en el ámbito familiar;2022;19
Salamanca;2.1.-Malos tratos habituales en el ámbito familiar;2021;15
Salamanca;2.1.-Malos tratos habituales en el ámbito familiar;2020;13
Salamanca;2.1.-Malos tratos habituales en el ámbito familiar;2019;16
Salamanca;2.1.-Malos tratos habituales en el ámbito familiar;2018;11
Salamanca;2.2.-Otros contra la libertad;2024;208
Salamanca;2.2.-Otros contra la libertad;2023;193
Salamanca;2.2.-Otros contra la libertad;2022;181
Salamanca;2.2.-Otros contra la libertad;2021;192
Salamanca;2.2.-Otros contra la libertad;2020;208
Salamanca;2.2.-Otros contra la libertad;2019;238
Salamanca;2.2.-Otros contra la libertad;2018;233
Salamanca;3. LIBERTAD SEXUAL;2024;70
Salamanca;3. LIBERTAD SEXUAL;2023;72
Salamanca;3. LIBERTAD SEXUAL;2022;39
Salamanca;3. LIBERTAD SEXUAL;2021;48
Salamanca;3. LIBERTAD SEXUAL;2020;27
Salamanca;3. LIBERTAD SEXUAL;2019;38
Salamanca;3. LIBERTAD SEXUAL;2018;52
Salamanca;3.1.-Agresión sexual;2024;46
Salamanca;3.1.-Agresión sexual;2023;45
Salamanca;3.1.-Agresión sexual;2022;20
Salamanca;3.1.-Agresión sexual;2021;32
Salamanca;3.1.-Agresión sexual;2020;15
Salamanca;3.1.-Agresión sexual;2019;22
Salamanca;3.1.-Agresión sexual;2018;32
Salamanca;3.2.-Agresión sexual con penetración;2024;14
Salamanca;3.2.-Agresión sexual con penetración;2023;13
Salamanca;3.2.-Agresión sexual con penetración;2022;10
Salamanca;3.2.-Agresión sexual con penetración;2021;8
Salamanca;3.2.-Agresión sexual con penetración;2020;5
Salamanca;3.2.-Agresión sexual con penetración;2019;6
Salamanca;3.2.-Agresión sexual con penetración;2018;9
Salamanca;3.3.-Corrupción de menores o incapacitados;2024;3
Salamanca;3.3.-Corrupción de menores o incapacitados;2023;0
Salamanca;3.3.-Corrupción de menores o incapacitados;2022;4
Salamanca;3.3.-Corrupción de menores o incapacitados;2021;4
Salamanca;3.3.-Corrupción de menores o incapacitados;2020;1
Salamanca;3.3.-Corrupción de menores o incapacitados;2019;0
Salamanca;3.3.-Corrupción de menores o incapacitados;2018;0
Salamanca;3.4.-Pornografía de menores;2024;4
Salamanca;3.4.-Pornografía de menores;2023;6
Salamanca;3.4.-Pornografía de menores;2022;1
Salamanca;3.4.-Pornografía de menores;2021;1
Salamanca;3.4.-Pornografía de menores;2020;2
Salamanca;3.4.-Pornografía de menores;2019;3
Salamanca;3.4.-Pornografía de menores;2018;6
Salamanca;3.5.-Otros contra la libertad sexual;2024;3
Salamanca;3.5.-Otros contra la libertad sexual;2023;8
Salamanca;3.5.-Otros contra la libertad sexual;2022;4
Salamanca;3.5.-Otros contra la libertad sexual;2021;3
Salamanca;3.5.-Otros contra la libertad sexual;2020;4
Salamanca;3.5.-Otros contra la libertad sexual;2019;7
Salamanca;3.5.-Otros contra la libertad sexual;2018;5
Salamanca;4. RELACIONES FAMILIARES;2024;5
Salamanca;4. RELACIONES FAMILIARES;2023;4
Salamanca;4. RELACIONES FAMILIARES;2022;3
Salamanca;4. RELACIONES FAMILIARES;2021;6
Salamanca;4. RELACIONES FAMILIARES;2020;2
Salamanca;4. RELACIONES FAMILIARES;2019;8
Salamanca;4. RELACIONES FAMILIARES;2018;11
Salamanca;5. PATRIMONIO;2024;1.100
Salamanca;5. PATRIMONIO;2023;1.153
Salamanca;5. PATRIMONIO;2022;983
Salamanca;5. PATRIMONIO;2021;814
Salamanca;5. PATRIMONIO;2020;653
Salamanca;5. PATRIMONIO;2019;931
Salamanca;5. PATRIMONIO;2018;915
Salamanca;5.1.-Hurtos;2024;695
Salamanca;5.1.-Hurtos;2023;731
Salamanca;5.1.-Hurtos;2022;535
Salamanca;5.1.-Hurtos;2021;456
Salamanca;5.1.-Hurtos;2020;313
Salamanca;5.1.-Hurtos;2019;540
Salamanca;5.1.-Hurtos;2018;497
Salamanca;5.2.-Robos con fuerza en las cosas;2024;126
Salamanca;5.2.-Robos con fuerza en las cosas;2023;159
Salamanca;5.2.-Robos con fuerza en las cosas;2022;201
Salamanca;5.2.-Robos con fuerza en las cosas;2021;126
Salamanca;5.2.-Robos con fuerza en las cosas;2020;113
Salamanca;5.2.-Robos con fuerza en las cosas;2019;144
Salamanca;5.2.-Robos con fuerza en las cosas;2018;127
Salamanca;5.2.1.-Robos con fuerza en las cosas en el interior de vehículos;2024;26
Salamanca;5.2.1.-Robos con fuerza en las cosas en el interior de vehículos;2023;53
Salamanca;5.2.1.-Robos con fuerza en las cosas en el interior de vehículos;2022;39
Salamanca;5.2.1.-Robos con fuerza en las cosas en el interior de vehículos;2021;30
Salamanca;5.2.1.-Robos con fuerza en las cosas en el interior de vehículos;2020;24
Salamanca;5.2.1.-Robos con fuerza en las cosas en el interior de vehículos;2019;12
Salamanca;5.2.1.-Robos con fuerza en las cosas en el interior de vehículos;2018;12
Salamanca;5.2.2.-Robos con fuerza en viviendas;2024;33
Salamanca;5.2.2.-Robos con fuerza en viviendas;2023;40
Salamanca;5.2.2.-Robos con fuerza en viviendas;2022;56
Salamanca;5.2.2.-Robos con fuerza en viviendas;2021;26
Salamanca;5.2.2.-Robos con fuerza en viviendas;2020;48
Salamanca;5.2.2.-Robos con fuerza en viviendas;2019;61
Salamanca;5.2.2.-Robos con fuerza en viviendas;2018;46
Salamanca;5.2.3.-Robos con fuerza en establecimientos;2024;34
Salamanca;5.2.3.-Robos con fuerza en establecimientos;2023;40
Salamanca;5.2.3.-Robos con fuerza en establecimientos;2022;54
Salamanca;5.2.3.-Robos con fuerza en establecimientos;2021;40
Salamanca;5.2.3.-Robos con fuerza en establecimientos;2020;21
Salamanca;5.2.3.-Robos con fuerza en establecimientos;2019;34
Salamanca;5.2.3.-Robos con fuerza en establecimientos;2018;37
Salamanca;5.3.-Robos con violencia o intimidación;2024;85
Salamanca;5.3.-Robos con violencia o intimidación;2023;51
Salamanca;5.3.-Robos con violencia o intimidación;2022;46
Salamanca;5.3.-Robos con violencia o intimidación;2021;56
Salamanca;5.3.-Robos con violencia o intimidación;2020;48
Salamanca;5.3.-Robos con violencia o intimidación;2019;53
Salamanca;5.3.-Robos con violencia o intimidación;2018;63
Salamanca;5.3.1.-Robos con violencia en vía pública;2024;40
Salamanca;5.3.1.-Robos con violencia en vía pública;2023;23
Salamanca;5.3.1.-Robos con violencia en vía pública;2022;19
Salamanca;5.3.1.-Robos con violencia en vía pública;2021;25
Salamanca;5.3.1.-Robos con violencia en vía pública;2020;22
Salamanca;5.3.1.-Robos con violencia en vía pública;2019;23
Salamanca;5.3.1.-Robos con violencia en vía pública;2018;23
Salamanca;5.3.2.-Robos con violencia en viviendas;2024;10
Salamanca;5.3.2.-Robos con violencia en viviendas;2023;7
Salamanca;5.3.2.-Robos con violencia en viviendas;2022;5
Salamanca;5.3.2.-Robos con violencia en viviendas;2021;5
Salamanca;5.3.2.-Robos con violencia en viviendas;2020;8
Salamanca;5.3.2.-Robos con violencia en viviendas;2019;5
Salamanca;5.3.2.-Robos con violencia en viviendas;2018;9
Salamanca;5.3.3.-Robos con violencia en establecimientos;2024;24
Salamanca;5.3.3.-Robos con violencia en establecimientos;2023;18
Salamanca;5.3.3.-Robos con violencia en establecimientos;2022;21
Salamanca;5.3.3.-Robos con violencia en establecimientos;2021;25
Salamanca;5.3.3.-Robos con violencia en establecimientos;2020;14
Salamanca;5.3.3.-Robos con violencia en establecimientos;2019;20
Salamanca;5.3.3.-Robos con violencia en establecimientos;2018;21
Salamanca;5.4.-Sustracción de vehículos;2024;21
Salamanca;5.4.-Sustracción de vehículos;2023;7
Salamanca;5.4.-Sustracción de vehículos;2022;11
Salamanca;5.4.-Sustracción de vehículos;2021;5
Salamanca;5.4.-Sustracción de vehículos;2020;2
Salamanca;5.4.-Sustracción de vehículos;2019;6
Salamanca;5.4.-Sustracción de vehículos;2018;6
Salamanca;5.5.-Estafas;2024;83
Salamanca;5.5.-Estafas;2023;113
Salamanca;5.5.-Estafas;2022;80
Salamanca;5.5.-Estafas;2021;46
Salamanca;5.5.-Estafas;2020;57
Salamanca;5.5.-Estafas;2019;69
Salamanca;5.5.-Estafas;2018;88
Salamanca;5.5.1.-Estafas informáticas;2024;46
Salamanca;5.5.1.-Estafas informáticas;2023;78
Salamanca;5.5.1.-Estafas informáticas;2022;39
Salamanca;5.5.1.-Estafas informáticas;2021;25
Salamanca;5.5.1.-Estafas informáticas;2020;32
Salamanca;5.5.1.-Estafas informáticas;2019;35
Salamanca;5.5.1.-Estafas informáticas;2018;23
Salamanca;5.6.-Daños;2024;47
Salamanca;5.6.-Daños;2023;36
Salamanca;5.6.-Daños;2022;66
Salamanca;5.6.-Daños;2021;71
Salamanca;5.6.-Daños;2020;67
Salamanca;5.6.-Daños;2019;50
Salamanca;5.6.-Daños;2018;74
Salamanca;5.7.-Contra la propiedad intelectual/industrial;2024;3
Salamanca;5.7.-Contra la propiedad intelectual/industrial;2023;6
Salamanca;5.7.-Contra la propiedad intelectual/industrial;2022;7
Salamanca;5.7.-Contra la propiedad intelectual/industrial;2021;7
Salamanca;5.7.-Contra la propiedad intelectual/industrial;2020;3
Salamanca;5.7.-Contra la propiedad intelectual/industrial;2019;3
Salamanca;5.7.-Contra la propiedad intelectual/industrial;2018;3
Salamanca;5.8.-Blanqueo de capitales;2024;6
Salamanca;5.8.-Blanqueo de capitales;2023;1
Salamanca;5.8.-Blanqueo de capitales;2022;0
Salamanca;5.8.-Blanqueo de capitales;2021;0
Salamanca;5.8.-Blanqueo de capitales;2020;0
Salamanca;5.8.-Blanqueo de capitales;2019;0
Salamanca;5.8.-Blanqueo de capitales;2018;3
Salamanca;5.9.-Otros contra el patrimonio;2024;34
Salamanca;5.9.-Otros contra el patrimonio;2023;49
Salamanca;5.9.-Otros contra el patrimonio;2022;37
Salamanca;5.9.-Otros contra el patrimonio;2021;47
Salamanca;5.9.-Otros contra el patrimonio;2020;50
Salamanca;5.9.-Otros contra el patrimonio;2019;66
Salamanca;5.9.-Otros contra el patrimonio;2018;54
Salamanca;6. SEGURIDAD COLECTIVA;2024;313
Salamanca;6. SEGURIDAD COLECTIVA;2023;314
Salamanca;6. SEGURIDAD COLECTIVA;2022;363
Salamanca;6. SEGURIDAD COLECTIVA;2021;359
Salamanca;6. SEGURIDAD COLECTIVA;2020;302
Salamanca;6. SEGURIDAD COLECTIVA;2019;378
Salamanca;6. SEGURIDAD COLECTIVA;2018;404
Salamanca;6.1.-Tráfico de drogas;2024;57
Salamanca;6.1.-Tráfico de drogas;2023;79
Salamanca;6.1.-Tráfico de drogas;2022;113
Salamanca;6.1.-Tráfico de drogas;2021;112
Salamanca;6.1.-Tráfico de drogas;2020;88
Salamanca;6.1.-Tráfico de drogas;2019;102
Salamanca;6.1.-Tráfico de drogas;2018;86
Salamanca;6.2.-Contra la seguridad vial;2024;247
Salamanca;6.2.-Contra la seguridad vial;2023;231
Salamanca;6.2.-Contra la seguridad vial;2022;242
Salamanca;6.2.-Contra la seguridad vial;2021;239
Salamanca;6.2.-Contra la seguridad vial;2020;209
Salamanca;6.2.-Contra la seguridad vial;2019;267
Salamanca;6.2.-Contra la seguridad vial;2018;307
Salamanca;6.3.-Otros contra la seguridad colectiva;2024;9
Salamanca;6.3.-Otros contra la seguridad colectiva;2023;4
Salamanca;6.3.-Otros contra la seguridad colectiva;2022;8
Salamanca;6.3.-Otros contra la seguridad colectiva;2021;8
Salamanca;6.3.-Otros contra la seguridad colectiva;2020;5
Salamanca;6.3.-Otros contra la seguridad colectiva;2019;9
Salamanca;6.3.-Otros contra la seguridad colectiva;2018;11
Salamanca;7. FALSEDADES;2024;47
Salamanca;7. FALSEDADES;2023;71
Salamanca;7. FALSEDADES;2022;43
Salamanca;7. FALSEDADES;2021;66
Salamanca;7. FALSEDADES;2020;32
Salamanca;7. FALSEDADES;2019;44
Salamanca;7. FALSEDADES;2018;43
Salamanca;8. ADMÓN. PÚBLICA;2024;0
Salamanca;8. ADMÓN. PÚBLICA;2023;2
Salamanca;8. ADMÓN. PÚBLICA;2022;0
Salamanca;8. ADMÓN. PÚBLICA;2021;1
Salamanca;8. ADMÓN. PÚBLICA;2020;1
Salamanca;8. ADMÓN. PÚBLICA;2019;2
Salamanca;8. ADMÓN. PÚBLICA;2018;0
Salamanca;9. ADMÓN. JUSTICIA;2024;93
Salamanca;9. ADMÓN. JUSTICIA;2023;98
Salamanca;9. ADMÓN. JUSTICIA;2022;113
Salamanca;9. ADMÓN. JUSTICIA;2021;89
Salamanca;9. ADMÓN. JUSTICIA;2020;91
Salamanca;9. ADMÓN. JUSTICIA;2019;89
Salamanca;9. ADMÓN. JUSTICIA;2018;97
Salamanca;10. ORDEN PÚBLICO;2024;80
Salamanca;10. ORDEN PÚBLICO;2023;118
Salamanca;10. ORDEN PÚBLICO;2022;101
Salamanca;10. ORDEN PÚBLICO;2021;130
Salamanca;10. ORDEN PÚBLICO;2020;189
Salamanca;10. ORDEN PÚBLICO;2019;92
Salamanca;10. ORDEN PÚBLICO;2018;97
Salamanca;11. LEGISLACIÓN ESPECIAL;2024;0
Salamanca;11. LEGISLACIÓN ESPECIAL;2023;0
Salamanca;11. LEGISLACIÓN ESPECIAL;2022;0
Salamanca;11. LEGISLACIÓN ESPECIAL;2021;1
Salamanca;11. LEGISLACIÓN ESPECIAL;2020;3
Salamanca;11. LEGISLACIÓN ESPECIAL;2019;1
Salamanca;11. LEGISLACIÓN ESPECIAL;2018;0
Salamanca;12. OTRAS INFRACCIONES PENALES;2024;45
Salamanca;12. OTRAS INFRACCIONES PENALES;2023;35
Salamanca;12. OTRAS INFRACCIONES PENALES;2022;28
Salamanca;12. OTRAS INFRACCIONES PENALES;2021;20
Salamanca;12. OTRAS INFRACCIONES PENALES;2020;65
Salamanca;12. OTRAS INFRACCIONES PENALES;2019;33
Salamanca;12. OTRAS INFRACCIONES PENALES;2018;37
Salamanca;TOTAL INFRACCIONES PENALES;2024;2.446
Salamanca;TOTAL INFRACCIONES PENALES;2023;2.553
Salamanca;TOTAL INFRACCIONES PENALES;2022;2.368
Salamanca;TOTAL INFRACCIONES PENALES;2021;2.118
Salamanca;TOTAL INFRACCIONES PENALES;2020;1.927
Salamanca;TOTAL INFRACCIONES PENALES;2019;2.288
Salamanca;TOTAL INFRACCIONES PENALES;2018;2.375
Santa Cruz de Tenerife;1. CONTRA LAS PERSONAS;2024;3.395
Santa Cruz de Tenerife;1. CONTRA LAS PERSONAS;2023;3.520
Santa Cruz de Tenerife;1. CONTRA LAS PERSONAS;2022;3.226
Santa Cruz de Tenerife;1. CONTRA LAS PERSONAS;2021;3.162
Santa Cruz de Tenerife;1. CONTRA LAS PERSONAS;2020;2.887
Santa Cruz de Tenerife;1. CONTRA LAS PERSONAS;2019;3.108
Santa Cruz de Tenerife;1. CONTRA LAS PERSONAS;2018;2.923
Santa Cruz de Tenerife;1.1.-Homicidios dolosos/asesinatos;2024;38
Santa Cruz de Tenerife;1.1.-Homicidios dolosos/asesinatos;2023;49
Santa Cruz de Tenerife;1.1.-Homicidios dolosos/asesinatos;2022;22
Santa Cruz de Tenerife;1.1.-Homicidios dolosos/asesinatos;2021;27
Santa Cruz de Tenerife;1.1.-Homicidios dolosos/asesinatos;2020;28
Santa Cruz de Tenerife;1.1.-Homicidios dolosos/asesinatos;2019;46
Santa Cruz de Tenerife;1.1.-Homicidios dolosos/asesinatos;2018;30
Santa Cruz de Tenerife;1.1.1.-Homicidios dolosos/asesinatos consumados;2024;12
Santa Cruz de Tenerife;1.1.1.-Homicidios dolosos/asesinatos consumados;2023;21
Santa Cruz de Tenerife;1.1.1.-Homicidios dolosos/asesinatos consumados;2022;8
Santa Cruz de Tenerife;1.1.1.-Homicidios dolosos/asesinatos consumados;2021;7
Santa Cruz de Tenerife;1.1.1.-Homicidios dolosos/asesinatos consumados;2020;7
Santa Cruz de Tenerife;1.1.1.-Homicidios dolosos/asesinatos consumados;2019;22
Santa Cruz de Tenerife;1.1.1.-Homicidios dolosos/asesinatos consumados;2018;10
Santa Cruz de Tenerife;1.2.-Lesiones;2024;1.023
Santa Cruz de Tenerife;1.2.-Lesiones;2023;1.148
Santa Cruz de Tenerife;1.2.-Lesiones;2022;1.157
Santa Cruz de Tenerife;1.2.-Lesiones;2021;1.156
Santa Cruz de Tenerife;1.2.-Lesiones;2020;1.116
Santa Cruz de Tenerife;1.2.-Lesiones;2019;1.336
Santa Cruz de Tenerife;1.2.-Lesiones;2018;1.288
Santa Cruz de Tenerife;1.3.-Malos tratos ámbito familiar;2024;2.270
Santa Cruz de Tenerife;1.3.-Malos tratos ámbito familiar;2023;2.286
Santa Cruz de Tenerife;1.3.-Malos tratos ámbito familiar;2022;1.993
Santa Cruz de Tenerife;1.3.-Malos tratos ámbito familiar;2021;1.847
Santa Cruz de Tenerife;1.3.-Malos tratos ámbito familiar;2020;1.718
Santa Cruz de Tenerife;1.3.-Malos tratos ámbito familiar;2019;1.696
Santa Cruz de Tenerife;1.3.-Malos tratos ámbito familiar;2018;1.555
Santa Cruz de Tenerife;1.4.-Otros contra las personas;2024;64
Santa Cruz de Tenerife;1.4.-Otros contra las personas;2023;37
Santa Cruz de Tenerife;1.4.-Otros contra las personas;2022;54
Santa Cruz de Tenerife;1.4.-Otros contra las personas;2021;132
Santa Cruz de Tenerife;1.4.-Otros contra las personas;2020;25
Santa Cruz de Tenerife;1.4.-Otros contra las personas;2019;30
Santa Cruz de Tenerife;1.4.-Otros contra las personas;2018;50
Santa Cruz de Tenerife;2. CONTRA LA LIBERTAD;2024;1.625
Santa Cruz de Tenerife;2. CONTRA LA LIBERTAD;2023;1.751
Santa Cruz de Tenerife;2. CONTRA LA LIBERTAD;2022;1.644
Santa Cruz de Tenerife;2. CONTRA LA LIBERTAD;2021;1.647
Santa Cruz de Tenerife;2. CONTRA LA LIBERTAD;2020;1.673
Santa Cruz de Tenerife;2. CONTRA LA LIBERTAD;2019;1.632
Santa Cruz de Tenerife;2. CONTRA LA LIBERTAD;2018;1.513
Santa Cruz de Tenerife;2.1.-Malos tratos habituales en el ámbito familiar;2024;507
Santa Cruz de Tenerife;2.1.-Malos tratos habituales en el ámbito familiar;2023;503
Santa Cruz de Tenerife;2.1.-Malos tratos habituales en el ámbito familiar;2022;361
Santa Cruz de Tenerife;2.1.-Malos tratos habituales en el ámbito familiar;2021;397
Santa Cruz de Tenerife;2.1.-Malos tratos habituales en el ámbito familiar;2020;356
Santa Cruz de Tenerife;2.1.-Malos tratos habituales en el ámbito familiar;2019;346
Santa Cruz de Tenerife;2.1.-Malos tratos habituales en el ámbito familiar;2018;301
Santa Cruz de Tenerife;2.2.-Otros contra la libertad;2024;1.118
Santa Cruz de Tenerife;2.2.-Otros contra la libertad;2023;1.248
Santa Cruz de Tenerife;2.2.-Otros contra la libertad;2022;1.283
Santa Cruz de Tenerife;2.2.-Otros contra la libertad;2021;1.250
Santa Cruz de Tenerife;2.2.-Otros contra la libertad;2020;1.317
Santa Cruz de Tenerife;2.2.-Otros contra la libertad;2019;1.286
Santa Cruz de Tenerife;2.2.-Otros contra la libertad;2018;1.212
Santa Cruz de Tenerife;3. LIBERTAD SEXUAL;2024;314
Santa Cruz de Tenerife;3. LIBERTAD SEXUAL;2023;310
Santa Cruz de Tenerife;3. LIBERTAD SEXUAL;2022;272
Santa Cruz de Tenerife;3. LIBERTAD SEXUAL;2021;236
Santa Cruz de Tenerife;3. LIBERTAD SEXUAL;2020;218
Santa Cruz de Tenerife;3. LIBERTAD SEXUAL;2019;249
Santa Cruz de Tenerife;3. LIBERTAD SEXUAL;2018;207
Santa Cruz de Tenerife;3.1.-Agresión sexual;2024;217
Santa Cruz de Tenerife;3.1.-Agresión sexual;2023;200
Santa Cruz de Tenerife;3.1.-Agresión sexual;2022;170
Santa Cruz de Tenerife;3.1.-Agresión sexual;2021;167
Santa Cruz de Tenerife;3.1.-Agresión sexual;2020;124
Santa Cruz de Tenerife;3.1.-Agresión sexual;2019;170
Santa Cruz de Tenerife;3.1.-Agresión sexual;2018;125
Santa Cruz de Tenerife;3.2.-Agresión sexual con penetración;2024;53
Santa Cruz de Tenerife;3.2.-Agresión sexual con penetración;2023;62
Santa Cruz de Tenerife;3.2.-Agresión sexual con penetración;2022;66
Santa Cruz de Tenerife;3.2.-Agresión sexual con penetración;2021;45
Santa Cruz de Tenerife;3.2.-Agresión sexual con penetración;2020;55
Santa Cruz de Tenerife;3.2.-Agresión sexual con penetración;2019;36
Santa Cruz de Tenerife;3.2.-Agresión sexual con penetración;2018;43
Santa Cruz de Tenerife;3.3.-Corrupción de menores o incapacitados;2024;7
Santa Cruz de Tenerife;3.3.-Corrupción de menores o incapacitados;2023;7
Santa Cruz de Tenerife;3.3.-Corrupción de menores o incapacitados;2022;4
Santa Cruz de Tenerife;3.3.-Corrupción de menores o incapacitados;2021;1
Santa Cruz de Tenerife;3.3.-Corrupción de menores o incapacitados;2020;6
Santa Cruz de Tenerife;3.3.-Corrupción de menores o incapacitados;2019;7
Santa Cruz de Tenerife;3.3.-Corrupción de menores o incapacitados;2018;6
Santa Cruz de Tenerife;3.4.-Pornografía de menores;2024;12
Santa Cruz de Tenerife;3.4.-Pornografía de menores;2023;11
Santa Cruz de Tenerife;3.4.-Pornografía de menores;2022;6
Santa Cruz de Tenerife;3.4.-Pornografía de menores;2021;4
Santa Cruz de Tenerife;3.4.-Pornografía de menores;2020;11
Santa Cruz de Tenerife;3.4.-Pornografía de menores;2019;19
Santa Cruz de Tenerife;3.4.-Pornografía de menores;2018;20
Santa Cruz de Tenerife;3.5.-Otros contra la libertad sexual;2024;25
Santa Cruz de Tenerife;3.5.-Otros contra la libertad sexual;2023;30
Santa Cruz de Tenerife;3.5.-Otros contra la libertad sexual;2022;26
Santa Cruz de Tenerife;3.5.-Otros contra la libertad sexual;2021;19
Santa Cruz de Tenerife;3.5.-Otros contra la libertad sexual;2020;22
Santa Cruz de Tenerife;3.5.-Otros contra la libertad sexual;2019;17
Santa Cruz de Tenerife;3.5.-Otros contra la libertad sexual;2018;13
Santa Cruz de Tenerife;4. RELACIONES FAMILIARES;2024;24
Santa Cruz de Tenerife;4. RELACIONES FAMILIARES;2023;36
Santa Cruz de Tenerife;4. RELACIONES FAMILIARES;2022;35
Santa Cruz de Tenerife;4. RELACIONES FAMILIARES;2021;39
Santa Cruz de Tenerife;4. RELACIONES FAMILIARES;2020;36
Santa Cruz de Tenerife;4. RELACIONES FAMILIARES;2019;29
Santa Cruz de Tenerife;4. RELACIONES FAMILIARES;2018;35
Santa Cruz de Tenerife;5. PATRIMONIO;2024;3.091
Santa Cruz de Tenerife;5. PATRIMONIO;2023;2.949
Santa Cruz de Tenerife;5. PATRIMONIO;2022;2.729
Santa Cruz de Tenerife;5. PATRIMONIO;2021;2.590
Santa Cruz de Tenerife;5. PATRIMONIO;2020;2.696
Santa Cruz de Tenerife;5. PATRIMONIO;2019;3.764
Santa Cruz de Tenerife;5. PATRIMONIO;2018;3.621
Santa Cruz de Tenerife;5.1.-Hurtos;2024;1.078
Santa Cruz de Tenerife;5.1.-Hurtos;2023;1.015
Santa Cruz de Tenerife;5.1.-Hurtos;2022;979
Santa Cruz de Tenerife;5.1.-Hurtos;2021;885
Santa Cruz de Tenerife;5.1.-Hurtos;2020;934
Santa Cruz de Tenerife;5.1.-Hurtos;2019;1.606
Santa Cruz de Tenerife;5.1.-Hurtos;2018;1.519
Santa Cruz de Tenerife;5.2.-Robos con fuerza en las cosas;2024;592
Santa Cruz de Tenerife;5.2.-Robos con fuerza en las cosas;2023;521
Santa Cruz de Tenerife;5.2.-Robos con fuerza en las cosas;2022;486
Santa Cruz de Tenerife;5.2.-Robos con fuerza en las cosas;2021;502
Santa Cruz de Tenerife;5.2.-Robos con fuerza en las cosas;2020;548
Santa Cruz de Tenerife;5.2.-Robos con fuerza en las cosas;2019;730
Santa Cruz de Tenerife;5.2.-Robos con fuerza en las cosas;2018;861
Santa Cruz de Tenerife;5.2.1.-Robos con fuerza en las cosas en el interior de vehículos;2024;140
Santa Cruz de Tenerife;5.2.1.-Robos con fuerza en las cosas en el interior de vehículos;2023;97
Santa Cruz de Tenerife;5.2.1.-Robos con fuerza en las cosas en el interior de vehículos;2022;90
Santa Cruz de Tenerife;5.2.1.-Robos con fuerza en las cosas en el interior de vehículos;2021;105
Santa Cruz de Tenerife;5.2.1.-Robos con fuerza en las cosas en el interior de vehículos;2020;144
Santa Cruz de Tenerife;5.2.1.-Robos con fuerza en las cosas en el interior de vehículos;2019;168
Santa Cruz de Tenerife;5.2.1.-Robos con fuerza en las cosas en el interior de vehículos;2018;194
Santa Cruz de Tenerife;5.2.2.-Robos con fuerza en viviendas;2024;193
Santa Cruz de Tenerife;5.2.2.-Robos con fuerza en viviendas;2023;156
Santa Cruz de Tenerife;5.2.2.-Robos con fuerza en viviendas;2022;161
Santa Cruz de Tenerife;5.2.2.-Robos con fuerza en viviendas;2021;170
Santa Cruz de Tenerife;5.2.2.-Robos con fuerza en viviendas;2020;165
Santa Cruz de Tenerife;5.2.2.-Robos con fuerza en viviendas;2019;252
Santa Cruz de Tenerife;5.2.2.-Robos con fuerza en viviendas;2018;355
Santa Cruz de Tenerife;5.2.3.-Robos con fuerza en establecimientos;2024;128
Santa Cruz de Tenerife;5.2.3.-Robos con fuerza en establecimientos;2023;133
Santa Cruz de Tenerife;5.2.3.-Robos con fuerza en establecimientos;2022;108
Santa Cruz de Tenerife;5.2.3.-Robos con fuerza en establecimientos;2021;113
Santa Cruz de Tenerife;5.2.3.-Robos con fuerza en establecimientos;2020;111
Santa Cruz de Tenerife;5.2.3.-Robos con fuerza en establecimientos;2019;160
Santa Cruz de Tenerife;5.2.3.-Robos con fuerza en establecimientos;2018;169
Santa Cruz de Tenerife;5.3.-Robos con violencia o intimidación;2024;413
Santa Cruz de Tenerife;5.3.-Robos con violencia o intimidación;2023;458
Santa Cruz de Tenerife;5.3.-Robos con violencia o intimidación;2022;361
Santa Cruz de Tenerife;5.3.-Robos con violencia o intimidación;2021;288
Santa Cruz de Tenerife;5.3.-Robos con violencia o intimidación;2020;293
Santa Cruz de Tenerife;5.3.-Robos con violencia o intimidación;2019;359
Santa Cruz de Tenerife;5.3.-Robos con violencia o intimidación;2018;325
Santa Cruz de Tenerife;5.3.1.-Robos con violencia en vía pública;2024;237
Santa Cruz de Tenerife;5.3.1.-Robos con violencia en vía pública;2023;262
Santa Cruz de Tenerife;5.3.1.-Robos con violencia en vía pública;2022;205
Santa Cruz de Tenerife;5.3.1.-Robos con violencia en vía pública;2021;135
Santa Cruz de Tenerife;5.3.1.-Robos con violencia en vía pública;2020;122
Santa Cruz de Tenerife;5.3.1.-Robos con violencia en vía pública;2019;200
Santa Cruz de Tenerife;5.3.1.-Robos con violencia en vía pública;2018;158
Santa Cruz de Tenerife;5.3.2.-Robos con violencia en viviendas;2024;35
Santa Cruz de Tenerife;5.3.2.-Robos con violencia en viviendas;2023;49
Santa Cruz de Tenerife;5.3.2.-Robos con violencia en viviendas;2022;27
Santa Cruz de Tenerife;5.3.2.-Robos con violencia en viviendas;2021;31
Santa Cruz de Tenerife;5.3.2.-Robos con violencia en viviendas;2020;50
Santa Cruz de Tenerife;5.3.2.-Robos con violencia en viviendas;2019;27
Santa Cruz de Tenerife;5.3.2.-Robos con violencia en viviendas;2018;23
Santa Cruz de Tenerife;5.3.3.-Robos con violencia en establecimientos;2024;94
Santa Cruz de Tenerife;5.3.3.-Robos con violencia en establecimientos;2023;98
Santa Cruz de Tenerife;5.3.3.-Robos con violencia en establecimientos;2022;91
Santa Cruz de Tenerife;5.3.3.-Robos con violencia en establecimientos;2021;78
Santa Cruz de Tenerife;5.3.3.-Robos con violencia en establecimientos;2020;86
Santa Cruz de Tenerife;5.3.3.-Robos con violencia en establecimientos;2019;100
Santa Cruz de Tenerife;5.3.3.-Robos con violencia en establecimientos;2018;109
Santa Cruz de Tenerife;5.4.-Sustracción de vehículos;2024;115
Santa Cruz de Tenerife;5.4.-Sustracción de vehículos;2023;121
Santa Cruz de Tenerife;5.4.-Sustracción de vehículos;2022;73
Santa Cruz de Tenerife;5.4.-Sustracción de vehículos;2021;66
Santa Cruz de Tenerife;5.4.-Sustracción de vehículos;2020;89
Santa Cruz de Tenerife;5.4.-Sustracción de vehículos;2019;104
Santa Cruz de Tenerife;5.4.-Sustracción de vehículos;2018;82
Santa Cruz de Tenerife;5.5.-Estafas;2024;340
Santa Cruz de Tenerife;5.5.-Estafas;2023;348
Santa Cruz de Tenerife;5.5.-Estafas;2022;325
Santa Cruz de Tenerife;5.5.-Estafas;2021;305
Santa Cruz de Tenerife;5.5.-Estafas;2020;299
Santa Cruz de Tenerife;5.5.-Estafas;2019;402
Santa Cruz de Tenerife;5.5.-Estafas;2018;257
Santa Cruz de Tenerife;5.5.1.-Estafas informáticas;2024;159
Santa Cruz de Tenerife;5.5.1.-Estafas informáticas;2023;180
Santa Cruz de Tenerife;5.5.1.-Estafas informáticas;2022;126
Santa Cruz de Tenerife;5.5.1.-Estafas informáticas;2021;145
Santa Cruz de Tenerife;5.5.1.-Estafas informáticas;2020;102
Santa Cruz de Tenerife;5.5.1.-Estafas informáticas;2019;125
Santa Cruz de Tenerife;5.5.1.-Estafas informáticas;2018;43
Santa Cruz de Tenerife;5.6.-Daños;2024;236
Santa Cruz de Tenerife;5.6.-Daños;2023;220
Santa Cruz de Tenerife;5.6.-Daños;2022;234
Santa Cruz de Tenerife;5.6.-Daños;2021;251
Santa Cruz de Tenerife;5.6.-Daños;2020;249
Santa Cruz de Tenerife;5.6.-Daños;2019;209
Santa Cruz de Tenerife;5.6.-Daños;2018;223
Santa Cruz de Tenerife;5.7.-Contra la propiedad intelectual/industrial;2024;104
Santa Cruz de Tenerife;5.7.-Contra la propiedad intelectual/industrial;2023;70
Santa Cruz de Tenerife;5.7.-Contra la propiedad intelectual/industrial;2022;33
Santa Cruz de Tenerife;5.7.-Contra la propiedad intelectual/industrial;2021;22
Santa Cruz de Tenerife;5.7.-Contra la propiedad intelectual/industrial;2020;2
Santa Cruz de Tenerife;5.7.-Contra la propiedad intelectual/industrial;2019;65
Santa Cruz de Tenerife;5.7.-Contra la propiedad intelectual/industrial;2018;50
Santa Cruz de Tenerife;5.8.-Blanqueo de capitales;2024;5
Santa Cruz de Tenerife;5.8.-Blanqueo de capitales;2023;0
Santa Cruz de Tenerife;5.8.-Blanqueo de capitales;2022;5
Santa Cruz de Tenerife;5.8.-Blanqueo de capitales;2021;52
Santa Cruz de Tenerife;5.8.-Blanqueo de capitales;2020;8
Santa Cruz de Tenerife;5.8.-Blanqueo de capitales;2019;3
Santa Cruz de Tenerife;5.8.-Blanqueo de capitales;2018;1
Santa Cruz de Tenerife;5.9.-Otros contra el patrimonio;2024;208
Santa Cruz de Tenerife;5.9.-Otros contra el patrimonio;2023;196
Santa Cruz de Tenerife;5.9.-Otros contra el patrimonio;2022;233
Santa Cruz de Tenerife;5.9.-Otros contra el patrimonio;2021;219
Santa Cruz de Tenerife;5.9.-Otros contra el patrimonio;2020;274
Santa Cruz de Tenerife;5.9.-Otros contra el patrimonio;2019;286
Santa Cruz de Tenerife;5.9.-Otros contra el patrimonio;2018;303
Santa Cruz de Tenerife;6. SEGURIDAD COLECTIVA;2024;1.982
Santa Cruz de Tenerife;6. SEGURIDAD COLECTIVA;2023;2.011
Santa Cruz de Tenerife;6. SEGURIDAD COLECTIVA;2022;1.847
Santa Cruz de Tenerife;6. SEGURIDAD COLECTIVA;2021;1.501
Santa Cruz de Tenerife;6. SEGURIDAD COLECTIVA;2020;1.451
Santa Cruz de Tenerife;6. SEGURIDAD COLECTIVA;2019;1.548
Santa Cruz de Tenerife;6. SEGURIDAD COLECTIVA;2018;1.548
Santa Cruz de Tenerife;6.1.-Tráfico de drogas;2024;562
Santa Cruz de Tenerife;6.1.-Tráfico de drogas;2023;507
Santa Cruz de Tenerife;6.1.-Tráfico de drogas;2022;395
Santa Cruz de Tenerife;6.1.-Tráfico de drogas;2021;287
Santa Cruz de Tenerife;6.1.-Tráfico de drogas;2020;381
Santa Cruz de Tenerife;6.1.-Tráfico de drogas;2019;297
Santa Cruz de Tenerife;6.1.-Tráfico de drogas;2018;343
Santa Cruz de Tenerife;6.2.-Contra la seguridad vial;2024;1.321
Santa Cruz de Tenerife;6.2.-Contra la seguridad vial;2023;1.454
Santa Cruz de Tenerife;6.2.-Contra la seguridad vial;2022;1.421
Santa Cruz de Tenerife;6.2.-Contra la seguridad vial;2021;1.203
Santa Cruz de Tenerife;6.2.-Contra la seguridad vial;2020;1.059
Santa Cruz de Tenerife;6.2.-Contra la seguridad vial;2019;1.222
Santa Cruz de Tenerife;6.2.-Contra la seguridad vial;2018;1.192
Santa Cruz de Tenerife;6.3.-Otros contra la seguridad colectiva;2024;99
Santa Cruz de Tenerife;6.3.-Otros contra la seguridad colectiva;2023;50
Santa Cruz de Tenerife;6.3.-Otros contra la seguridad colectiva;2022;31
Santa Cruz de Tenerife;6.3.-Otros contra la seguridad colectiva;2021;11
Santa Cruz de Tenerife;6.3.-Otros contra la seguridad colectiva;2020;11
Santa Cruz de Tenerife;6.3.-Otros contra la seguridad colectiva;2019;29
Santa Cruz de Tenerife;6.3.-Otros contra la seguridad colectiva;2018;13
Santa Cruz de Tenerife;7. FALSEDADES;2024;132
Santa Cruz de Tenerife;7. FALSEDADES;2023;109
Santa Cruz de Tenerife;7. FALSEDADES;2022;162
Santa Cruz de Tenerife;7. FALSEDADES;2021;260
Santa Cruz de Tenerife;7. FALSEDADES;2020;328
Santa Cruz de Tenerife;7. FALSEDADES;2019;278
Santa Cruz de Tenerife;7. FALSEDADES;2018;166
Santa Cruz de Tenerife;8. ADMÓN. PÚBLICA;2024;5
Santa Cruz de Tenerife;8. ADMÓN. PÚBLICA;2023;2
Santa Cruz de Tenerife;8. ADMÓN. PÚBLICA;2022;6
Santa Cruz de Tenerife;8. ADMÓN. PÚBLICA;2021;3
Santa Cruz de Tenerife;8. ADMÓN. PÚBLICA;2020;6
Santa Cruz de Tenerife;8. ADMÓN. PÚBLICA;2019;13
Santa Cruz de Tenerife;8. ADMÓN. PÚBLICA;2018;1
Santa Cruz de Tenerife;9. ADMÓN. JUSTICIA;2024;716
Santa Cruz de Tenerife;9. ADMÓN. JUSTICIA;2023;672
Santa Cruz de Tenerife;9. ADMÓN. JUSTICIA;2022;578
Santa Cruz de Tenerife;9. ADMÓN. JUSTICIA;2021;581
Santa Cruz de Tenerife;9. ADMÓN. JUSTICIA;2020;483
Santa Cruz de Tenerife;9. ADMÓN. JUSTICIA;2019;469
Santa Cruz de Tenerife;9. ADMÓN. JUSTICIA;2018;450
Santa Cruz de Tenerife;10. ORDEN PÚBLICO;2024;449
Santa Cruz de Tenerife;10. ORDEN PÚBLICO;2023;533
Santa Cruz de Tenerife;10. ORDEN PÚBLICO;2022;431
Santa Cruz de Tenerife;10. ORDEN PÚBLICO;2021;414
Santa Cruz de Tenerife;10. ORDEN PÚBLICO;2020;623
Santa Cruz de Tenerife;10. ORDEN PÚBLICO;2019;373
Santa Cruz de Tenerife;10. ORDEN PÚBLICO;2018;375
Santa Cruz de Tenerife;11. LEGISLACIÓN ESPECIAL;2024;4
Santa Cruz de Tenerife;11. LEGISLACIÓN ESPECIAL;2023;1
Santa Cruz de Tenerife;11. LEGISLACIÓN ESPECIAL;2022;0
Santa Cruz de Tenerife;11. LEGISLACIÓN ESPECIAL;2021;0
Santa Cruz de Tenerife;11. LEGISLACIÓN ESPECIAL;2020;2
Santa Cruz de Tenerife;11. LEGISLACIÓN ESPECIAL;2019;0
Santa Cruz de Tenerife;11. LEGISLACIÓN ESPECIAL;2018;0
Santa Cruz de Tenerife;12. OTRAS INFRACCIONES PENALES;2024;169
Santa Cruz de Tenerife;12. OTRAS INFRACCIONES PENALES;2023;195
Santa Cruz de Tenerife;12. OTRAS INFRACCIONES PENALES;2022;93
Santa Cruz de Tenerife;12. OTRAS INFRACCIONES PENALES;2021;113
Santa Cruz de Tenerife;12. OTRAS INFRACCIONES PENALES;2020;79
Santa Cruz de Tenerife;12. OTRAS INFRACCIONES PENALES;2019;83
Santa Cruz de Tenerife;12. OTRAS INFRACCIONES PENALES;2018;49
Santa Cruz de Tenerife;TOTAL INFRACCIONES PENALES;2024;11.906
Santa Cruz de Tenerife;TOTAL INFRACCIONES PENALES;2023;12.089
Santa Cruz de Tenerife;TOTAL INFRACCIONES PENALES;2022;11.023
Santa Cruz de Tenerife;TOTAL INFRACCIONES PENALES;2021;10.546
Santa Cruz de Tenerife;TOTAL INFRACCIONES PENALES;2020;10.482
Santa Cruz de Tenerife;TOTAL INFRACCIONES PENALES;2019;11.546
Santa Cruz de Tenerife;TOTAL INFRACCIONES PENALES;2018;10.888
Cantabria;1. CONTRA LAS PERSONAS;2024;1.533
Cantabria;1. CONTRA LAS PERSONAS;2023;1.664
Cantabria;1. CONTRA LAS PERSONAS;2022;1.517
Cantabria;1. CONTRA LAS PERSONAS;2021;1.256
Cantabria;1. CONTRA LAS PERSONAS;2020;970
Cantabria;1. CONTRA LAS PERSONAS;2019;1.047
Cantabria;1. CONTRA LAS PERSONAS;2018;949
Cantabria;1.1.-Homicidios dolosos/asesinatos;2024;18
Cantabria;1.1.-Homicidios dolosos/asesinatos;2023;9
Cantabria;1.1.-Homicidios dolosos/asesinatos;2022;15
Cantabria;1.1.-Homicidios dolosos/asesinatos;2021;12
Cantabria;1.1.-Homicidios dolosos/asesinatos;2020;4
Cantabria;1.1.-Homicidios dolosos/asesinatos;2019;19
Cantabria;1.1.-Homicidios dolosos/asesinatos;2018;5
Cantabria;1.1.1.-Homicidios dolosos/asesinatos consumados;2024;4
Cantabria;1.1.1.-Homicidios dolosos/asesinatos consumados;2023;0
Cantabria;1.1.1.-Homicidios dolosos/asesinatos consumados;2022;3
Cantabria;1.1.1.-Homicidios dolosos/asesinatos consumados;2021;5
Cantabria;1.1.1.-Homicidios dolosos/asesinatos consumados;2020;1
Cantabria;1.1.1.-Homicidios dolosos/asesinatos consumados;2019;6
Cantabria;1.1.1.-Homicidios dolosos/asesinatos consumados;2018;0
Cantabria;1.2.-Lesiones;2024;566
Cantabria;1.2.-Lesiones;2023;722
Cantabria;1.2.-Lesiones;2022;677
Cantabria;1.2.-Lesiones;2021;582
Cantabria;1.2.-Lesiones;2020;414
Cantabria;1.2.-Lesiones;2019;442
Cantabria;1.2.-Lesiones;2018;380
Cantabria;1.3.-Malos tratos ámbito familiar;2024;916
Cantabria;1.3.-Malos tratos ámbito familiar;2023;884
Cantabria;1.3.-Malos tratos ámbito familiar;2022;764
Cantabria;1.3.-Malos tratos ámbito familiar;2021;612
Cantabria;1.3.-Malos tratos ámbito familiar;2020;513
Cantabria;1.3.-Malos tratos ámbito familiar;2019;552
Cantabria;1.3.-Malos tratos ámbito familiar;2018;542
Cantabria;1.4.-Otros contra las personas;2024;33
Cantabria;1.4.-Otros contra las personas;2023;49
Cantabria;1.4.-Otros contra las personas;2022;61
Cantabria;1.4.-Otros contra las personas;2021;50
Cantabria;1.4.-Otros contra las personas;2020;39
Cantabria;1.4.-Otros contra las personas;2019;34
Cantabria;1.4.-Otros contra las personas;2018;22
Cantabria;2. CONTRA LA LIBERTAD;2024;674
Cantabria;2. CONTRA LA LIBERTAD;2023;740
Cantabria;2. CONTRA LA LIBERTAD;2022;672
Cantabria;2. CONTRA LA LIBERTAD;2021;644
Cantabria;2. CONTRA LA LIBERTAD;2020;491
Cantabria;2. CONTRA LA LIBERTAD;2019;409
Cantabria;2. CONTRA LA LIBERTAD;2018;373
Cantabria;2.1.-Malos tratos habituales en el ámbito familiar;2024;160
Cantabria;2.1.-Malos tratos habituales en el ámbito familiar;2023;164
Cantabria;2.1.-Malos tratos habituales en el ámbito familiar;2022;139
Cantabria;2.1.-Malos tratos habituales en el ámbito familiar;2021;131
Cantabria;2.1.-Malos tratos habituales en el ámbito familiar;2020;115
Cantabria;2.1.-Malos tratos habituales en el ámbito familiar;2019;115
Cantabria;2.1.-Malos tratos habituales en el ámbito familiar;2018;106
Cantabria;2.2.-Otros contra la libertad;2024;514
Cantabria;2.2.-Otros contra la libertad;2023;576
Cantabria;2.2.-Otros contra la libertad;2022;533
Cantabria;2.2.-Otros contra la libertad;2021;513
Cantabria;2.2.-Otros contra la libertad;2020;376
Cantabria;2.2.-Otros contra la libertad;2019;294
Cantabria;2.2.-Otros contra la libertad;2018;267
Cantabria;3. LIBERTAD SEXUAL;2024;128
Cantabria;3. LIBERTAD SEXUAL;2023;116
Cantabria;3. LIBERTAD SEXUAL;2022;133
Cantabria;3. LIBERTAD SEXUAL;2021;106
Cantabria;3. LIBERTAD SEXUAL;2020;62
Cantabria;3. LIBERTAD SEXUAL;2019;74
Cantabria;3. LIBERTAD SEXUAL;2018;71
Cantabria;3.1.-Agresión sexual;2024;67
Cantabria;3.1.-Agresión sexual;2023;70
Cantabria;3.1.-Agresión sexual;2022;68
Cantabria;3.1.-Agresión sexual;2021;71
Cantabria;3.1.-Agresión sexual;2020;37
Cantabria;3.1.-Agresión sexual;2019;45
Cantabria;3.1.-Agresión sexual;2018;45
Cantabria;3.2.-Agresión sexual con penetración;2024;35
Cantabria;3.2.-Agresión sexual con penetración;2023;26
Cantabria;3.2.-Agresión sexual con penetración;2022;44
Cantabria;3.2.-Agresión sexual con penetración;2021;19
Cantabria;3.2.-Agresión sexual con penetración;2020;12
Cantabria;3.2.-Agresión sexual con penetración;2019;14
Cantabria;3.2.-Agresión sexual con penetración;2018;10
Cantabria;3.3.-Corrupción de menores o incapacitados;2024;1
Cantabria;3.3.-Corrupción de menores o incapacitados;2023;2
Cantabria;3.3.-Corrupción de menores o incapacitados;2022;3
Cantabria;3.3.-Corrupción de menores o incapacitados;2021;1
Cantabria;3.3.-Corrupción de menores o incapacitados;2020;0
Cantabria;3.3.-Corrupción de menores o incapacitados;2019;0
Cantabria;3.3.-Corrupción de menores o incapacitados;2018;0
Cantabria;3.4.-Pornografía de menores;2024;11
Cantabria;3.4.-Pornografía de menores;2023;5
Cantabria;3.4.-Pornografía de menores;2022;5
Cantabria;3.4.-Pornografía de menores;2021;5
Cantabria;3.4.-Pornografía de menores;2020;5
Cantabria;3.4.-Pornografía de menores;2019;6
Cantabria;3.4.-Pornografía de menores;2018;7
Cantabria;3.5.-Otros contra la libertad sexual;2024;14
Cantabria;3.5.-Otros contra la libertad sexual;2023;13
Cantabria;3.5.-Otros contra la libertad sexual;2022;13
Cantabria;3.5.-Otros contra la libertad sexual;2021;10
Cantabria;3.5.-Otros contra la libertad sexual;2020;8
Cantabria;3.5.-Otros contra la libertad sexual;2019;9
Cantabria;3.5.-Otros contra la libertad sexual;2018;9
Cantabria;4. RELACIONES FAMILIARES;2024;10
Cantabria;4. RELACIONES FAMILIARES;2023;10
Cantabria;4. RELACIONES FAMILIARES;2022;12
Cantabria;4. RELACIONES FAMILIARES;2021;2
Cantabria;4. RELACIONES FAMILIARES;2020;8
Cantabria;4. RELACIONES FAMILIARES;2019;11
Cantabria;4. RELACIONES FAMILIARES;2018;17
Cantabria;5. PATRIMONIO;2024;1.476
Cantabria;5. PATRIMONIO;2023;1.613
Cantabria;5. PATRIMONIO;2022;1.619
Cantabria;5. PATRIMONIO;2021;1.418
Cantabria;5. PATRIMONIO;2020;1.139
Cantabria;5. PATRIMONIO;2019;1.261
Cantabria;5. PATRIMONIO;2018;1.273
Cantabria;5.1.-Hurtos;2024;697
Cantabria;5.1.-Hurtos;2023;731
Cantabria;5.1.-Hurtos;2022;762
Cantabria;5.1.-Hurtos;2021;650
Cantabria;5.1.-Hurtos;2020;479
Cantabria;5.1.-Hurtos;2019;502
Cantabria;5.1.-Hurtos;2018;558
Cantabria;5.2.-Robos con fuerza en las cosas;2024;291
Cantabria;5.2.-Robos con fuerza en las cosas;2023;236
Cantabria;5.2.-Robos con fuerza en las cosas;2022;249
Cantabria;5.2.-Robos con fuerza en las cosas;2021;232
Cantabria;5.2.-Robos con fuerza en las cosas;2020;222
Cantabria;5.2.-Robos con fuerza en las cosas;2019;272
Cantabria;5.2.-Robos con fuerza en las cosas;2018;278
Cantabria;5.2.1.-Robos con fuerza en las cosas en el interior de vehículos;2024;24
Cantabria;5.2.1.-Robos con fuerza en las cosas en el interior de vehículos;2023;41
Cantabria;5.2.1.-Robos con fuerza en las cosas en el interior de vehículos;2022;34
Cantabria;5.2.1.-Robos con fuerza en las cosas en el interior de vehículos;2021;28
Cantabria;5.2.1.-Robos con fuerza en las cosas en el interior de vehículos;2020;15
Cantabria;5.2.1.-Robos con fuerza en las cosas en el interior de vehículos;2019;35
Cantabria;5.2.1.-Robos con fuerza en las cosas en el interior de vehículos;2018;29
Cantabria;5.2.2.-Robos con fuerza en viviendas;2024;86
Cantabria;5.2.2.-Robos con fuerza en viviendas;2023;70
Cantabria;5.2.2.-Robos con fuerza en viviendas;2022;69
Cantabria;5.2.2.-Robos con fuerza en viviendas;2021;71
Cantabria;5.2.2.-Robos con fuerza en viviendas;2020;80
Cantabria;5.2.2.-Robos con fuerza en viviendas;2019;87
Cantabria;5.2.2.-Robos con fuerza en viviendas;2018;101
Cantabria;5.2.3.-Robos con fuerza en establecimientos;2024;98
Cantabria;5.2.3.-Robos con fuerza en establecimientos;2023;53
Cantabria;5.2.3.-Robos con fuerza en establecimientos;2022;88
Cantabria;5.2.3.-Robos con fuerza en establecimientos;2021;79
Cantabria;5.2.3.-Robos con fuerza en establecimientos;2020;64
Cantabria;5.2.3.-Robos con fuerza en establecimientos;2019;103
Cantabria;5.2.3.-Robos con fuerza en establecimientos;2018;86
Cantabria;5.3.-Robos con violencia o intimidación;2024;84
Cantabria;5.3.-Robos con violencia o intimidación;2023;105
Cantabria;5.3.-Robos con violencia o intimidación;2022;114
Cantabria;5.3.-Robos con violencia o intimidación;2021;91
Cantabria;5.3.-Robos con violencia o intimidación;2020;108
Cantabria;5.3.-Robos con violencia o intimidación;2019;94
Cantabria;5.3.-Robos con violencia o intimidación;2018;77
Cantabria;5.3.1.-Robos con violencia en vía pública;2024;32
Cantabria;5.3.1.-Robos con violencia en vía pública;2023;46
Cantabria;5.3.1.-Robos con violencia en vía pública;2022;49
Cantabria;5.3.1.-Robos con violencia en vía pública;2021;35
Cantabria;5.3.1.-Robos con violencia en vía pública;2020;43
Cantabria;5.3.1.-Robos con violencia en vía pública;2019;38
Cantabria;5.3.1.-Robos con violencia en vía pública;2018;35
Cantabria;5.3.2.-Robos con violencia en viviendas;2024;10
Cantabria;5.3.2.-Robos con violencia en viviendas;2023;9
Cantabria;5.3.2.-Robos con violencia en viviendas;2022;14
Cantabria;5.3.2.-Robos con violencia en viviendas;2021;17
Cantabria;5.3.2.-Robos con violencia en viviendas;2020;11
Cantabria;5.3.2.-Robos con violencia en viviendas;2019;9
Cantabria;5.3.2.-Robos con violencia en viviendas;2018;6
Cantabria;5.3.3.-Robos con violencia en establecimientos;2024;39
Cantabria;5.3.3.-Robos con violencia en establecimientos;2023;43
Cantabria;5.3.3.-Robos con violencia en establecimientos;2022;44
Cantabria;5.3.3.-Robos con violencia en establecimientos;2021;23
Cantabria;5.3.3.-Robos con violencia en establecimientos;2020;31
Cantabria;5.3.3.-Robos con violencia en establecimientos;2019;37
Cantabria;5.3.3.-Robos con violencia en establecimientos;2018;22
Cantabria;5.4.-Sustracción de vehículos;2024;30
Cantabria;5.4.-Sustracción de vehículos;2023;27
Cantabria;5.4.-Sustracción de vehículos;2022;13
Cantabria;5.4.-Sustracción de vehículos;2021;31
Cantabria;5.4.-Sustracción de vehículos;2020;21
Cantabria;5.4.-Sustracción de vehículos;2019;20
Cantabria;5.4.-Sustracción de vehículos;2018;30
Cantabria;5.5.-Estafas;2024;158
Cantabria;5.5.-Estafas;2023;258
Cantabria;5.5.-Estafas;2022;199
Cantabria;5.5.-Estafas;2021;142
Cantabria;5.5.-Estafas;2020;120
Cantabria;5.5.-Estafas;2019;152
Cantabria;5.5.-Estafas;2018;81
Cantabria;5.5.1.-Estafas informáticas;2024;84
Cantabria;5.5.1.-Estafas informáticas;2023;168
Cantabria;5.5.1.-Estafas informáticas;2022;116
Cantabria;5.5.1.-Estafas informáticas;2021;67
Cantabria;5.5.1.-Estafas informáticas;2020;44
Cantabria;5.5.1.-Estafas informáticas;2019;34
Cantabria;5.5.1.-Estafas informáticas;2018;25
Cantabria;5.6.-Daños;2024;105
Cantabria;5.6.-Daños;2023;132
Cantabria;5.6.-Daños;2022;153
Cantabria;5.6.-Daños;2021;141
Cantabria;5.6.-Daños;2020;110
Cantabria;5.6.-Daños;2019;105
Cantabria;5.6.-Daños;2018;87
Cantabria;5.7.-Contra la propiedad intelectual/industrial;2024;2
Cantabria;5.7.-Contra la propiedad intelectual/industrial;2023;18
Cantabria;5.7.-Contra la propiedad intelectual/industrial;2022;24
Cantabria;5.7.-Contra la propiedad intelectual/industrial;2021;22
Cantabria;5.7.-Contra la propiedad intelectual/industrial;2020;12
Cantabria;5.7.-Contra la propiedad intelectual/industrial;2019;14
Cantabria;5.7.-Contra la propiedad intelectual/industrial;2018;18
Cantabria;5.8.-Blanqueo de capitales;2024;3
Cantabria;5.8.-Blanqueo de capitales;2023;5
Cantabria;5.8.-Blanqueo de capitales;2022;0
Cantabria;5.8.-Blanqueo de capitales;2021;0
Cantabria;5.8.-Blanqueo de capitales;2020;0
Cantabria;5.8.-Blanqueo de capitales;2019;0
Cantabria;5.8.-Blanqueo de capitales;2018;0
Cantabria;5.9.-Otros contra el patrimonio;2024;106
Cantabria;5.9.-Otros contra el patrimonio;2023;101
Cantabria;5.9.-Otros contra el patrimonio;2022;105
Cantabria;5.9.-Otros contra el patrimonio;2021;109
Cantabria;5.9.-Otros contra el patrimonio;2020;67
Cantabria;5.9.-Otros contra el patrimonio;2019;102
Cantabria;5.9.-Otros contra el patrimonio;2018;144
Cantabria;6. SEGURIDAD COLECTIVA;2024;780
Cantabria;6. SEGURIDAD COLECTIVA;2023;812
Cantabria;6. SEGURIDAD COLECTIVA;2022;869
Cantabria;6. SEGURIDAD COLECTIVA;2021;766
Cantabria;6. SEGURIDAD COLECTIVA;2020;665
Cantabria;6. SEGURIDAD COLECTIVA;2019;768
Cantabria;6. SEGURIDAD COLECTIVA;2018;744
Cantabria;6.1.-Tráfico de drogas;2024;129
Cantabria;6.1.-Tráfico de drogas;2023;182
Cantabria;6.1.-Tráfico de drogas;2022;157
Cantabria;6.1.-Tráfico de drogas;2021;173
Cantabria;6.1.-Tráfico de drogas;2020;174
Cantabria;6.1.-Tráfico de drogas;2019;188
Cantabria;6.1.-Tráfico de drogas;2018;159
Cantabria;6.2.-Contra la seguridad vial;2024;593
Cantabria;6.2.-Contra la seguridad vial;2023;606
Cantabria;6.2.-Contra la seguridad vial;2022;685
Cantabria;6.2.-Contra la seguridad vial;2021;576
Cantabria;6.2.-Contra la seguridad vial;2020;483
Cantabria;6.2.-Contra la seguridad vial;2019;575
Cantabria;6.2.-Contra la seguridad vial;2018;567
Cantabria;6.3.-Otros contra la seguridad colectiva;2024;58
Cantabria;6.3.-Otros contra la seguridad colectiva;2023;24
Cantabria;6.3.-Otros contra la seguridad colectiva;2022;27
Cantabria;6.3.-Otros contra la seguridad colectiva;2021;17
Cantabria;6.3.-Otros contra la seguridad colectiva;2020;8
Cantabria;6.3.-Otros contra la seguridad colectiva;2019;5
Cantabria;6.3.-Otros contra la seguridad colectiva;2018;18
Cantabria;7. FALSEDADES;2024;58
Cantabria;7. FALSEDADES;2023;69
Cantabria;7. FALSEDADES;2022;90
Cantabria;7. FALSEDADES;2021;91
Cantabria;7. FALSEDADES;2020;69
Cantabria;7. FALSEDADES;2019;99
Cantabria;7. FALSEDADES;2018;67
Cantabria;8. ADMÓN. PÚBLICA;2024;13
Cantabria;8. ADMÓN. PÚBLICA;2023;13
Cantabria;8. ADMÓN. PÚBLICA;2022;2
Cantabria;8. ADMÓN. PÚBLICA;2021;0
Cantabria;8. ADMÓN. PÚBLICA;2020;2
Cantabria;8. ADMÓN. PÚBLICA;2019;0
Cantabria;8. ADMÓN. PÚBLICA;2018;0
Cantabria;9. ADMÓN. JUSTICIA;2024;344
Cantabria;9. ADMÓN. JUSTICIA;2023;362
Cantabria;9. ADMÓN. JUSTICIA;2022;287
Cantabria;9. ADMÓN. JUSTICIA;2021;195
Cantabria;9. ADMÓN. JUSTICIA;2020;204
Cantabria;9. ADMÓN. JUSTICIA;2019;223
Cantabria;9. ADMÓN. JUSTICIA;2018;230
Cantabria;10. ORDEN PÚBLICO;2024;251
Cantabria;10. ORDEN PÚBLICO;2023;243
Cantabria;10. ORDEN PÚBLICO;2022;306
Cantabria;10. ORDEN PÚBLICO;2021;246
Cantabria;10. ORDEN PÚBLICO;2020;430
Cantabria;10. ORDEN PÚBLICO;2019;163
Cantabria;10. ORDEN PÚBLICO;2018;185
Cantabria;11. LEGISLACIÓN ESPECIAL;2024;4
Cantabria;11. LEGISLACIÓN ESPECIAL;2023;5
Cantabria;11. LEGISLACIÓN ESPECIAL;2022;0
Cantabria;11. LEGISLACIÓN ESPECIAL;2021;6
Cantabria;11. LEGISLACIÓN ESPECIAL;2020;0
Cantabria;11. LEGISLACIÓN ESPECIAL;2019;0
Cantabria;11. LEGISLACIÓN ESPECIAL;2018;1
Cantabria;12. OTRAS INFRACCIONES PENALES;2024;55
Cantabria;12. OTRAS INFRACCIONES PENALES;2023;70
Cantabria;12. OTRAS INFRACCIONES PENALES;2022;69
Cantabria;12. OTRAS INFRACCIONES PENALES;2021;65
Cantabria;12. OTRAS INFRACCIONES PENALES;2020;71
Cantabria;12. OTRAS INFRACCIONES PENALES;2019;84
Cantabria;12. OTRAS INFRACCIONES PENALES;2018;71
Cantabria;TOTAL INFRACCIONES PENALES;2024;5.326
Cantabria;TOTAL INFRACCIONES PENALES;2023;5.717
Cantabria;TOTAL INFRACCIONES PENALES;2022;5.576
Cantabria;TOTAL INFRACCIONES PENALES;2021;4.795
Cantabria;TOTAL INFRACCIONES PENALES;2020;4.111
Cantabria;TOTAL INFRACCIONES PENALES;2019;4.139
Cantabria;TOTAL INFRACCIONES PENALES;2018;3.981
Segovia;1. CONTRA LAS PERSONAS;2024;405
Segovia;1. CONTRA LAS PERSONAS;2023;404
Segovia;1. CONTRA LAS PERSONAS;2022;410
Segovia;1. CONTRA LAS PERSONAS;2021;309
Segovia;1. CONTRA LAS PERSONAS;2020;309
Segovia;1. CONTRA LAS PERSONAS;2019;269
Segovia;1. CONTRA LAS PERSONAS;2018;268
Segovia;1.1.-Homicidios dolosos/asesinatos;2024;1
Segovia;1.1.-Homicidios dolosos/asesinatos;2023;1
Segovia;1.1.-Homicidios dolosos/asesinatos;2022;2
Segovia;1.1.-Homicidios dolosos/asesinatos;2021;4
Segovia;1.1.-Homicidios dolosos/asesinatos;2020;6
Segovia;1.1.-Homicidios dolosos/asesinatos;2019;9
Segovia;1.1.-Homicidios dolosos/asesinatos;2018;2
Segovia;1.1.1.-Homicidios dolosos/asesinatos consumados;2024;0
Segovia;1.1.1.-Homicidios dolosos/asesinatos consumados;2023;0
Segovia;1.1.1.-Homicidios dolosos/asesinatos consumados;2022;0
Segovia;1.1.1.-Homicidios dolosos/asesinatos consumados;2021;2
Segovia;1.1.1.-Homicidios dolosos/asesinatos consumados;2020;0
Segovia;1.1.1.-Homicidios dolosos/asesinatos consumados;2019;8
Segovia;1.1.1.-Homicidios dolosos/asesinatos consumados;2018;0
Segovia;1.2.-Lesiones;2024;155
Segovia;1.2.-Lesiones;2023;150
Segovia;1.2.-Lesiones;2022;159
Segovia;1.2.-Lesiones;2021;112
Segovia;1.2.-Lesiones;2020;126
Segovia;1.2.-Lesiones;2019;101
Segovia;1.2.-Lesiones;2018;106
Segovia;1.3.-Malos tratos ámbito familiar;2024;241
Segovia;1.3.-Malos tratos ámbito familiar;2023;244
Segovia;1.3.-Malos tratos ámbito familiar;2022;244
Segovia;1.3.-Malos tratos ámbito familiar;2021;181
Segovia;1.3.-Malos tratos ámbito familiar;2020;176
Segovia;1.3.-Malos tratos ámbito familiar;2019;155
Segovia;1.3.-Malos tratos ámbito familiar;2018;144
Segovia;1.4.-Otros contra las personas;2024;8
Segovia;1.4.-Otros contra las personas;2023;9
Segovia;1.4.-Otros contra las personas;2022;5
Segovia;1.4.-Otros contra las personas;2021;12
Segovia;1.4.-Otros contra las personas;2020;1
Segovia;1.4.-Otros contra las personas;2019;4
Segovia;1.4.-Otros contra las personas;2018;16
Segovia;2. CONTRA LA LIBERTAD;2024;192
Segovia;2. CONTRA LA LIBERTAD;2023;237
Segovia;2. CONTRA LA LIBERTAD;2022;176
Segovia;2. CONTRA LA LIBERTAD;2021;193
Segovia;2. CONTRA LA LIBERTAD;2020;158
Segovia;2. CONTRA LA LIBERTAD;2019;163
Segovia;2. CONTRA LA LIBERTAD;2018;114
Segovia;2.1.-Malos tratos habituales en el ámbito familiar;2024;54
Segovia;2.1.-Malos tratos habituales en el ámbito familiar;2023;50
Segovia;2.1.-Malos tratos habituales en el ámbito familiar;2022;61
Segovia;2.1.-Malos tratos habituales en el ámbito familiar;2021;64
Segovia;2.1.-Malos tratos habituales en el ámbito familiar;2020;48
Segovia;2.1.-Malos tratos habituales en el ámbito familiar;2019;40
Segovia;2.1.-Malos tratos habituales en el ámbito familiar;2018;33
Segovia;2.2.-Otros contra la libertad;2024;138
Segovia;2.2.-Otros contra la libertad;2023;187
Segovia;2.2.-Otros contra la libertad;2022;115
Segovia;2.2.-Otros contra la libertad;2021;129
Segovia;2.2.-Otros contra la libertad;2020;110
Segovia;2.2.-Otros contra la libertad;2019;123
Segovia;2.2.-Otros contra la libertad;2018;81
Segovia;3. LIBERTAD SEXUAL;2024;45
Segovia;3. LIBERTAD SEXUAL;2023;36
Segovia;3. LIBERTAD SEXUAL;2022;32
Segovia;3. LIBERTAD SEXUAL;2021;28
Segovia;3. LIBERTAD SEXUAL;2020;17
Segovia;3. LIBERTAD SEXUAL;2019;22
Segovia;3. LIBERTAD SEXUAL;2018;16
Segovia;3.1.-Agresión sexual;2024;32
Segovia;3.1.-Agresión sexual;2023;25
Segovia;3.1.-Agresión sexual;2022;19
Segovia;3.1.-Agresión sexual;2021;17
Segovia;3.1.-Agresión sexual;2020;13
Segovia;3.1.-Agresión sexual;2019;10
Segovia;3.1.-Agresión sexual;2018;12
Segovia;3.2.-Agresión sexual con penetración;2024;8
Segovia;3.2.-Agresión sexual con penetración;2023;8
Segovia;3.2.-Agresión sexual con penetración;2022;7
Segovia;3.2.-Agresión sexual con penetración;2021;4
Segovia;3.2.-Agresión sexual con penetración;2020;2
Segovia;3.2.-Agresión sexual con penetración;2019;2
Segovia;3.2.-Agresión sexual con penetración;2018;1
Segovia;3.3.-Corrupción de menores o incapacitados;2024;3
Segovia;3.3.-Corrupción de menores o incapacitados;2023;1
Segovia;3.3.-Corrupción de menores o incapacitados;2022;2
Segovia;3.3.-Corrupción de menores o incapacitados;2021;0
Segovia;3.3.-Corrupción de menores o incapacitados;2020;1
Segovia;3.3.-Corrupción de menores o incapacitados;2019;0
Segovia;3.3.-Corrupción de menores o incapacitados;2018;0
Segovia;3.4.-Pornografía de menores;2024;1
Segovia;3.4.-Pornografía de menores;2023;0
Segovia;3.4.-Pornografía de menores;2022;0
Segovia;3.4.-Pornografía de menores;2021;0
Segovia;3.4.-Pornografía de menores;2020;0
Segovia;3.4.-Pornografía de menores;2019;1
Segovia;3.4.-Pornografía de menores;2018;1
Segovia;3.5.-Otros contra la libertad sexual;2024;1
Segovia;3.5.-Otros contra la libertad sexual;2023;2
Segovia;3.5.-Otros contra la libertad sexual;2022;4
Segovia;3.5.-Otros contra la libertad sexual;2021;7
Segovia;3.5.-Otros contra la libertad sexual;2020;1
Segovia;3.5.-Otros contra la libertad sexual;2019;9
Segovia;3.5.-Otros contra la libertad sexual;2018;2
Segovia;4. RELACIONES FAMILIARES;2024;1
Segovia;4. RELACIONES FAMILIARES;2023;0
Segovia;4. RELACIONES FAMILIARES;2022;2
Segovia;4. RELACIONES FAMILIARES;2021;0
Segovia;4. RELACIONES FAMILIARES;2020;1
Segovia;4. RELACIONES FAMILIARES;2019;4
Segovia;4. RELACIONES FAMILIARES;2018;2
Segovia;5. PATRIMONIO;2024;375
Segovia;5. PATRIMONIO;2023;330
Segovia;5. PATRIMONIO;2022;409
Segovia;5. PATRIMONIO;2021;366
Segovia;5. PATRIMONIO;2020;267
Segovia;5. PATRIMONIO;2019;285
Segovia;5. PATRIMONIO;2018;340
Segovia;5.1.-Hurtos;2024;118
Segovia;5.1.-Hurtos;2023;93
Segovia;5.1.-Hurtos;2022;123
Segovia;5.1.-Hurtos;2021;104
Segovia;5.1.-Hurtos;2020;55
Segovia;5.1.-Hurtos;2019;71
Segovia;5.1.-Hurtos;2018;84
Segovia;5.2.-Robos con fuerza en las cosas;2024;75
Segovia;5.2.-Robos con fuerza en las cosas;2023;56
Segovia;5.2.-Robos con fuerza en las cosas;2022;83
Segovia;5.2.-Robos con fuerza en las cosas;2021;76
Segovia;5.2.-Robos con fuerza en las cosas;2020;43
Segovia;5.2.-Robos con fuerza en las cosas;2019;73
Segovia;5.2.-Robos con fuerza en las cosas;2018;86
Segovia;5.2.1.-Robos con fuerza en las cosas en el interior de vehículos;2024;9
Segovia;5.2.1.-Robos con fuerza en las cosas en el interior de vehículos;2023;13
Segovia;5.2.1.-Robos con fuerza en las cosas en el interior de vehículos;2022;11
Segovia;5.2.1.-Robos con fuerza en las cosas en el interior de vehículos;2021;10
Segovia;5.2.1.-Robos con fuerza en las cosas en el interior de vehículos;2020;1
Segovia;5.2.1.-Robos con fuerza en las cosas en el interior de vehículos;2019;3
Segovia;5.2.1.-Robos con fuerza en las cosas en el interior de vehículos;2018;16
Segovia;5.2.2.-Robos con fuerza en viviendas;2024;17
Segovia;5.2.2.-Robos con fuerza en viviendas;2023;18
Segovia;5.2.2.-Robos con fuerza en viviendas;2022;9
Segovia;5.2.2.-Robos con fuerza en viviendas;2021;22
Segovia;5.2.2.-Robos con fuerza en viviendas;2020;8
Segovia;5.2.2.-Robos con fuerza en viviendas;2019;33
Segovia;5.2.2.-Robos con fuerza en viviendas;2018;16
Segovia;5.2.3.-Robos con fuerza en establecimientos;2024;13
Segovia;5.2.3.-Robos con fuerza en establecimientos;2023;7
Segovia;5.2.3.-Robos con fuerza en establecimientos;2022;9
Segovia;5.2.3.-Robos con fuerza en establecimientos;2021;15
Segovia;5.2.3.-Robos con fuerza en establecimientos;2020;14
Segovia;5.2.3.-Robos con fuerza en establecimientos;2019;9
Segovia;5.2.3.-Robos con fuerza en establecimientos;2018;23
Segovia;5.3.-Robos con violencia o intimidación;2024;18
Segovia;5.3.-Robos con violencia o intimidación;2023;38
Segovia;5.3.-Robos con violencia o intimidación;2022;15
Segovia;5.3.-Robos con violencia o intimidación;2021;21
Segovia;5.3.-Robos con violencia o intimidación;2020;6
Segovia;5.3.-Robos con violencia o intimidación;2019;19
Segovia;5.3.-Robos con violencia o intimidación;2018;14
Segovia;5.3.1.-Robos con violencia en vía pública;2024;10
Segovia;5.3.1.-Robos con violencia en vía pública;2023;22
Segovia;5.3.1.-Robos con violencia en vía pública;2022;10
Segovia;5.3.1.-Robos con violencia en vía pública;2021;9
Segovia;5.3.1.-Robos con violencia en vía pública;2020;3
Segovia;5.3.1.-Robos con violencia en vía pública;2019;15
Segovia;5.3.1.-Robos con violencia en vía pública;2018;6
Segovia;5.3.2.-Robos con violencia en viviendas;2024;2
Segovia;5.3.2.-Robos con violencia en viviendas;2023;1
Segovia;5.3.2.-Robos con violencia en viviendas;2022;0
Segovia;5.3.2.-Robos con violencia en viviendas;2021;4
Segovia;5.3.2.-Robos con violencia en viviendas;2020;2
Segovia;5.3.2.-Robos con violencia en viviendas;2019;1
Segovia;5.3.2.-Robos con violencia en viviendas;2018;6
Segovia;5.3.3.-Robos con violencia en establecimientos;2024;6
Segovia;5.3.3.-Robos con violencia en establecimientos;2023;10
Segovia;5.3.3.-Robos con violencia en establecimientos;2022;5
Segovia;5.3.3.-Robos con violencia en establecimientos;2021;2
Segovia;5.3.3.-Robos con violencia en establecimientos;2020;1
Segovia;5.3.3.-Robos con violencia en establecimientos;2019;3
Segovia;5.3.3.-Robos con violencia en establecimientos;2018;1
Segovia;5.4.-Sustracción de vehículos;2024;11
Segovia;5.4.-Sustracción de vehículos;2023;7
Segovia;5.4.-Sustracción de vehículos;2022;11
Segovia;5.4.-Sustracción de vehículos;2021;5
Segovia;5.4.-Sustracción de vehículos;2020;8
Segovia;5.4.-Sustracción de vehículos;2019;6
Segovia;5.4.-Sustracción de vehículos;2018;1
Segovia;5.5.-Estafas;2024;58
Segovia;5.5.-Estafas;2023;64
Segovia;5.5.-Estafas;2022;59
Segovia;5.5.-Estafas;2021;58
Segovia;5.5.-Estafas;2020;83
Segovia;5.5.-Estafas;2019;47
Segovia;5.5.-Estafas;2018;58
Segovia;5.5.1.-Estafas informáticas;2024;47
Segovia;5.5.1.-Estafas informáticas;2023;45
Segovia;5.5.1.-Estafas informáticas;2022;40
Segovia;5.5.1.-Estafas informáticas;2021;30
Segovia;5.5.1.-Estafas informáticas;2020;44
Segovia;5.5.1.-Estafas informáticas;2019;6
Segovia;5.5.1.-Estafas informáticas;2018;12
Segovia;5.6.-Daños;2024;43
Segovia;5.6.-Daños;2023;33
Segovia;5.6.-Daños;2022;58
Segovia;5.6.-Daños;2021;51
Segovia;5.6.-Daños;2020;35
Segovia;5.6.-Daños;2019;41
Segovia;5.6.-Daños;2018;41
Segovia;5.7.-Contra la propiedad intelectual/industrial;2024;2
Segovia;5.7.-Contra la propiedad intelectual/industrial;2023;0
Segovia;5.7.-Contra la propiedad intelectual/industrial;2022;4
Segovia;5.7.-Contra la propiedad intelectual/industrial;2021;2
Segovia;5.7.-Contra la propiedad intelectual/industrial;2020;3
Segovia;5.7.-Contra la propiedad intelectual/industrial;2019;4
Segovia;5.7.-Contra la propiedad intelectual/industrial;2018;9
Segovia;5.8.-Blanqueo de capitales;2024;0
Segovia;5.8.-Blanqueo de capitales;2023;2
Segovia;5.8.-Blanqueo de capitales;2022;0
Segovia;5.8.-Blanqueo de capitales;2021;0
Segovia;5.8.-Blanqueo de capitales;2020;0
Segovia;5.8.-Blanqueo de capitales;2019;0
Segovia;5.8.-Blanqueo de capitales;2018;0
Segovia;5.9.-Otros contra el patrimonio;2024;50
Segovia;5.9.-Otros contra el patrimonio;2023;37
Segovia;5.9.-Otros contra el patrimonio;2022;56
Segovia;5.9.-Otros contra el patrimonio;2021;49
Segovia;5.9.-Otros contra el patrimonio;2020;34
Segovia;5.9.-Otros contra el patrimonio;2019;24
Segovia;5.9.-Otros contra el patrimonio;2018;47
Segovia;6. SEGURIDAD COLECTIVA;2024;316
Segovia;6. SEGURIDAD COLECTIVA;2023;273
Segovia;6. SEGURIDAD COLECTIVA;2022;230
Segovia;6. SEGURIDAD COLECTIVA;2021;295
Segovia;6. SEGURIDAD COLECTIVA;2020;223
Segovia;6. SEGURIDAD COLECTIVA;2019;301
Segovia;6. SEGURIDAD COLECTIVA;2018;232
Segovia;6.1.-Tráfico de drogas;2024;37
Segovia;6.1.-Tráfico de drogas;2023;57
Segovia;6.1.-Tráfico de drogas;2022;50
Segovia;6.1.-Tráfico de drogas;2021;85
Segovia;6.1.-Tráfico de drogas;2020;67
Segovia;6.1.-Tráfico de drogas;2019;88
Segovia;6.1.-Tráfico de drogas;2018;29
Segovia;6.2.-Contra la seguridad vial;2024;268
Segovia;6.2.-Contra la seguridad vial;2023;210
Segovia;6.2.-Contra la seguridad vial;2022;177
Segovia;6.2.-Contra la seguridad vial;2021;206
Segovia;6.2.-Contra la seguridad vial;2020;153
Segovia;6.2.-Contra la seguridad vial;2019;208
Segovia;6.2.-Contra la seguridad vial;2018;197
Segovia;6.3.-Otros contra la seguridad colectiva;2024;11
Segovia;6.3.-Otros contra la seguridad colectiva;2023;6
Segovia;6.3.-Otros contra la seguridad colectiva;2022;3
Segovia;6.3.-Otros contra la seguridad colectiva;2021;4
Segovia;6.3.-Otros contra la seguridad colectiva;2020;3
Segovia;6.3.-Otros contra la seguridad colectiva;2019;5
Segovia;6.3.-Otros contra la seguridad colectiva;2018;6
Segovia;7. FALSEDADES;2024;21
Segovia;7. FALSEDADES;2023;30
Segovia;7. FALSEDADES;2022;33
Segovia;7. FALSEDADES;2021;41
Segovia;7. FALSEDADES;2020;26
Segovia;7. FALSEDADES;2019;28
Segovia;7. FALSEDADES;2018;39
Segovia;8. ADMÓN. PÚBLICA;2024;0
Segovia;8. ADMÓN. PÚBLICA;2023;1
Segovia;8. ADMÓN. PÚBLICA;2022;0
Segovia;8. ADMÓN. PÚBLICA;2021;0
Segovia;8. ADMÓN. PÚBLICA;2020;0
Segovia;8. ADMÓN. PÚBLICA;2019;2
Segovia;8. ADMÓN. PÚBLICA;2018;0
Segovia;9. ADMÓN. JUSTICIA;2024;91
Segovia;9. ADMÓN. JUSTICIA;2023;85
Segovia;9. ADMÓN. JUSTICIA;2022;87
Segovia;9. ADMÓN. JUSTICIA;2021;67
Segovia;9. ADMÓN. JUSTICIA;2020;70
Segovia;9. ADMÓN. JUSTICIA;2019;74
Segovia;9. ADMÓN. JUSTICIA;2018;54
Segovia;10. ORDEN PÚBLICO;2024;54
Segovia;10. ORDEN PÚBLICO;2023;83
Segovia;10. ORDEN PÚBLICO;2022;54
Segovia;10. ORDEN PÚBLICO;2021;60
Segovia;10. ORDEN PÚBLICO;2020;64
Segovia;10. ORDEN PÚBLICO;2019;33
Segovia;10. ORDEN PÚBLICO;2018;26
Segovia;11. LEGISLACIÓN ESPECIAL;2024;0
Segovia;11. LEGISLACIÓN ESPECIAL;2023;1
Segovia;11. LEGISLACIÓN ESPECIAL;2022;1
Segovia;11. LEGISLACIÓN ESPECIAL;2021;0
Segovia;11. LEGISLACIÓN ESPECIAL;2020;0
Segovia;11. LEGISLACIÓN ESPECIAL;2019;0
Segovia;11. LEGISLACIÓN ESPECIAL;2018;0
Segovia;12. OTRAS INFRACCIONES PENALES;2024;33
Segovia;12. OTRAS INFRACCIONES PENALES;2023;123
Segovia;12. OTRAS INFRACCIONES PENALES;2022;20
Segovia;12. OTRAS INFRACCIONES PENALES;2021;26
Segovia;12. OTRAS INFRACCIONES PENALES;2020;31
Segovia;12. OTRAS INFRACCIONES PENALES;2019;29
Segovia;12. OTRAS INFRACCIONES PENALES;2018;33
Segovia;TOTAL INFRACCIONES PENALES;2024;1.533
Segovia;TOTAL INFRACCIONES PENALES;2023;1.603
Segovia;TOTAL INFRACCIONES PENALES;2022;1.454
Segovia;TOTAL INFRACCIONES PENALES;2021;1.385
Segovia;TOTAL INFRACCIONES PENALES;2020;1.166
Segovia;TOTAL INFRACCIONES PENALES;2019;1.210
Segovia;TOTAL INFRACCIONES PENALES;2018;1.124
Sevilla;1. CONTRA LAS PERSONAS;2024;4.307
Sevilla;1. CONTRA LAS PERSONAS;2023;4.130
Sevilla;1. CONTRA LAS PERSONAS;2022;3.811
Sevilla;1. CONTRA LAS PERSONAS;2021;3.421
Sevilla;1. CONTRA LAS PERSONAS;2020;2.964
Sevilla;1. CONTRA LAS PERSONAS;2019;3.105
Sevilla;1. CONTRA LAS PERSONAS;2018;2.923
Sevilla;1.1.-Homicidios dolosos/asesinatos;2024;109
Sevilla;1.1.-Homicidios dolosos/asesinatos;2023;82
Sevilla;1.1.-Homicidios dolosos/asesinatos;2022;97
Sevilla;1.1.-Homicidios dolosos/asesinatos;2021;72
Sevilla;1.1.-Homicidios dolosos/asesinatos;2020;85
Sevilla;1.1.-Homicidios dolosos/asesinatos;2019;73
Sevilla;1.1.-Homicidios dolosos/asesinatos;2018;64
Sevilla;1.1.1.-Homicidios dolosos/asesinatos consumados;2024;27
Sevilla;1.1.1.-Homicidios dolosos/asesinatos consumados;2023;13
Sevilla;1.1.1.-Homicidios dolosos/asesinatos consumados;2022;22
Sevilla;1.1.1.-Homicidios dolosos/asesinatos consumados;2021;7
Sevilla;1.1.1.-Homicidios dolosos/asesinatos consumados;2020;22
Sevilla;1.1.1.-Homicidios dolosos/asesinatos consumados;2019;21
Sevilla;1.1.1.-Homicidios dolosos/asesinatos consumados;2018;14
Sevilla;1.2.-Lesiones;2024;2.026
Sevilla;1.2.-Lesiones;2023;1.901
Sevilla;1.2.-Lesiones;2022;1.507
Sevilla;1.2.-Lesiones;2021;1.254
Sevilla;1.2.-Lesiones;2020;1.004
Sevilla;1.2.-Lesiones;2019;1.214
Sevilla;1.2.-Lesiones;2018;1.073
Sevilla;1.3.-Malos tratos ámbito familiar;2024;2.024
Sevilla;1.3.-Malos tratos ámbito familiar;2023;2.029
Sevilla;1.3.-Malos tratos ámbito familiar;2022;2.119
Sevilla;1.3.-Malos tratos ámbito familiar;2021;2.042
Sevilla;1.3.-Malos tratos ámbito familiar;2020;1.810
Sevilla;1.3.-Malos tratos ámbito familiar;2019;1.718
Sevilla;1.3.-Malos tratos ámbito familiar;2018;1.700
Sevilla;1.4.-Otros contra las personas;2024;148
Sevilla;1.4.-Otros contra las personas;2023;118
Sevilla;1.4.-Otros contra las personas;2022;88
Sevilla;1.4.-Otros contra las personas;2021;53
Sevilla;1.4.-Otros contra las personas;2020;65
Sevilla;1.4.-Otros contra las personas;2019;100
Sevilla;1.4.-Otros contra las personas;2018;86
Sevilla;2. CONTRA LA LIBERTAD;2024;2.297
Sevilla;2. CONTRA LA LIBERTAD;2023;2.077
Sevilla;2. CONTRA LA LIBERTAD;2022;1.614
Sevilla;2. CONTRA LA LIBERTAD;2021;1.662
Sevilla;2. CONTRA LA LIBERTAD;2020;1.619
Sevilla;2. CONTRA LA LIBERTAD;2019;1.586
Sevilla;2. CONTRA LA LIBERTAD;2018;1.555
Sevilla;2.1.-Malos tratos habituales en el ámbito familiar;2024;154
Sevilla;2.1.-Malos tratos habituales en el ámbito familiar;2023;161
Sevilla;2.1.-Malos tratos habituales en el ámbito familiar;2022;223
Sevilla;2.1.-Malos tratos habituales en el ámbito familiar;2021;373
Sevilla;2.1.-Malos tratos habituales en el ámbito familiar;2020;356
Sevilla;2.1.-Malos tratos habituales en el ámbito familiar;2019;385
Sevilla;2.1.-Malos tratos habituales en el ámbito familiar;2018;392
Sevilla;2.2.-Otros contra la libertad;2024;2.143
Sevilla;2.2.-Otros contra la libertad;2023;1.916
Sevilla;2.2.-Otros contra la libertad;2022;1.391
Sevilla;2.2.-Otros contra la libertad;2021;1.289
Sevilla;2.2.-Otros contra la libertad;2020;1.263
Sevilla;2.2.-Otros contra la libertad;2019;1.201
Sevilla;2.2.-Otros contra la libertad;2018;1.163
Sevilla;3. LIBERTAD SEXUAL;2024;457
Sevilla;3. LIBERTAD SEXUAL;2023;420
Sevilla;3. LIBERTAD SEXUAL;2022;332
Sevilla;3. LIBERTAD SEXUAL;2021;385
Sevilla;3. LIBERTAD SEXUAL;2020;332
Sevilla;3. LIBERTAD SEXUAL;2019;341
Sevilla;3. LIBERTAD SEXUAL;2018;356
Sevilla;3.1.-Agresión sexual;2024;269
Sevilla;3.1.-Agresión sexual;2023;219
Sevilla;3.1.-Agresión sexual;2022;198
Sevilla;3.1.-Agresión sexual;2021;213
Sevilla;3.1.-Agresión sexual;2020;175
Sevilla;3.1.-Agresión sexual;2019;169
Sevilla;3.1.-Agresión sexual;2018;161
Sevilla;3.2.-Agresión sexual con penetración;2024;79
Sevilla;3.2.-Agresión sexual con penetración;2023;86
Sevilla;3.2.-Agresión sexual con penetración;2022;52
Sevilla;3.2.-Agresión sexual con penetración;2021;50
Sevilla;3.2.-Agresión sexual con penetración;2020;47
Sevilla;3.2.-Agresión sexual con penetración;2019;52
Sevilla;3.2.-Agresión sexual con penetración;2018;70
Sevilla;3.3.-Corrupción de menores o incapacitados;2024;3
Sevilla;3.3.-Corrupción de menores o incapacitados;2023;13
Sevilla;3.3.-Corrupción de menores o incapacitados;2022;8
Sevilla;3.3.-Corrupción de menores o incapacitados;2021;8
Sevilla;3.3.-Corrupción de menores o incapacitados;2020;9
Sevilla;3.3.-Corrupción de menores o incapacitados;2019;13
Sevilla;3.3.-Corrupción de menores o incapacitados;2018;14
Sevilla;3.4.-Pornografía de menores;2024;47
Sevilla;3.4.-Pornografía de menores;2023;18
Sevilla;3.4.-Pornografía de menores;2022;25
Sevilla;3.4.-Pornografía de menores;2021;17
Sevilla;3.4.-Pornografía de menores;2020;34
Sevilla;3.4.-Pornografía de menores;2019;31
Sevilla;3.4.-Pornografía de menores;2018;40
Sevilla;3.5.-Otros contra la libertad sexual;2024;59
Sevilla;3.5.-Otros contra la libertad sexual;2023;84
Sevilla;3.5.-Otros contra la libertad sexual;2022;49
Sevilla;3.5.-Otros contra la libertad sexual;2021;97
Sevilla;3.5.-Otros contra la libertad sexual;2020;67
Sevilla;3.5.-Otros contra la libertad sexual;2019;76
Sevilla;3.5.-Otros contra la libertad sexual;2018;71
Sevilla;4. RELACIONES FAMILIARES;2024;35
Sevilla;4. RELACIONES FAMILIARES;2023;50
Sevilla;4. RELACIONES FAMILIARES;2022;38
Sevilla;4. RELACIONES FAMILIARES;2021;51
Sevilla;4. RELACIONES FAMILIARES;2020;30
Sevilla;4. RELACIONES FAMILIARES;2019;35
Sevilla;4. RELACIONES FAMILIARES;2018;37
Sevilla;5. PATRIMONIO;2024;6.489
Sevilla;5. PATRIMONIO;2023;6.242
Sevilla;5. PATRIMONIO;2022;5.205
Sevilla;5. PATRIMONIO;2021;4.594
Sevilla;5. PATRIMONIO;2020;4.275
Sevilla;5. PATRIMONIO;2019;4.892
Sevilla;5. PATRIMONIO;2018;4.847
Sevilla;5.1.-Hurtos;2024;1.626
Sevilla;5.1.-Hurtos;2023;1.665
Sevilla;5.1.-Hurtos;2022;1.294
Sevilla;5.1.-Hurtos;2021;1.004
Sevilla;5.1.-Hurtos;2020;806
Sevilla;5.1.-Hurtos;2019;1.141
Sevilla;5.1.-Hurtos;2018;1.122
Sevilla;5.2.-Robos con fuerza en las cosas;2024;1.833
Sevilla;5.2.-Robos con fuerza en las cosas;2023;1.878
Sevilla;5.2.-Robos con fuerza en las cosas;2022;1.568
Sevilla;5.2.-Robos con fuerza en las cosas;2021;1.415
Sevilla;5.2.-Robos con fuerza en las cosas;2020;1.500
Sevilla;5.2.-Robos con fuerza en las cosas;2019;1.512
Sevilla;5.2.-Robos con fuerza en las cosas;2018;1.612
Sevilla;5.2.1.-Robos con fuerza en las cosas en el interior de vehículos;2024;539
Sevilla;5.2.1.-Robos con fuerza en las cosas en el interior de vehículos;2023;586
Sevilla;5.2.1.-Robos con fuerza en las cosas en el interior de vehículos;2022;409
Sevilla;5.2.1.-Robos con fuerza en las cosas en el interior de vehículos;2021;314
Sevilla;5.2.1.-Robos con fuerza en las cosas en el interior de vehículos;2020;419
Sevilla;5.2.1.-Robos con fuerza en las cosas en el interior de vehículos;2019;335
Sevilla;5.2.1.-Robos con fuerza en las cosas en el interior de vehículos;2018;360
Sevilla;5.2.2.-Robos con fuerza en viviendas;2024;345
Sevilla;5.2.2.-Robos con fuerza en viviendas;2023;369
Sevilla;5.2.2.-Robos con fuerza en viviendas;2022;382
Sevilla;5.2.2.-Robos con fuerza en viviendas;2021;336
Sevilla;5.2.2.-Robos con fuerza en viviendas;2020;376
Sevilla;5.2.2.-Robos con fuerza en viviendas;2019;387
Sevilla;5.2.2.-Robos con fuerza en viviendas;2018;438
Sevilla;5.2.3.-Robos con fuerza en establecimientos;2024;480
Sevilla;5.2.3.-Robos con fuerza en establecimientos;2023;456
Sevilla;5.2.3.-Robos con fuerza en establecimientos;2022;390
Sevilla;5.2.3.-Robos con fuerza en establecimientos;2021;406
Sevilla;5.2.3.-Robos con fuerza en establecimientos;2020;380
Sevilla;5.2.3.-Robos con fuerza en establecimientos;2019;454
Sevilla;5.2.3.-Robos con fuerza en establecimientos;2018;444
Sevilla;5.3.-Robos con violencia o intimidación;2024;881
Sevilla;5.3.-Robos con violencia o intimidación;2023;772
Sevilla;5.3.-Robos con violencia o intimidación;2022;733
Sevilla;5.3.-Robos con violencia o intimidación;2021;635
Sevilla;5.3.-Robos con violencia o intimidación;2020;600
Sevilla;5.3.-Robos con violencia o intimidación;2019;645
Sevilla;5.3.-Robos con violencia o intimidación;2018;584
Sevilla;5.3.1.-Robos con violencia en vía pública;2024;510
Sevilla;5.3.1.-Robos con violencia en vía pública;2023;463
Sevilla;5.3.1.-Robos con violencia en vía pública;2022;465
Sevilla;5.3.1.-Robos con violencia en vía pública;2021;374
Sevilla;5.3.1.-Robos con violencia en vía pública;2020;330
Sevilla;5.3.1.-Robos con violencia en vía pública;2019;346
Sevilla;5.3.1.-Robos con violencia en vía pública;2018;309
Sevilla;5.3.2.-Robos con violencia en viviendas;2024;96
Sevilla;5.3.2.-Robos con violencia en viviendas;2023;54
Sevilla;5.3.2.-Robos con violencia en viviendas;2022;61
Sevilla;5.3.2.-Robos con violencia en viviendas;2021;82
Sevilla;5.3.2.-Robos con violencia en viviendas;2020;81
Sevilla;5.3.2.-Robos con violencia en viviendas;2019;73
Sevilla;5.3.2.-Robos con violencia en viviendas;2018;75
Sevilla;5.3.3.-Robos con violencia en establecimientos;2024;195
Sevilla;5.3.3.-Robos con violencia en establecimientos;2023;198
Sevilla;5.3.3.-Robos con violencia en establecimientos;2022;169
Sevilla;5.3.3.-Robos con violencia en establecimientos;2021;125
Sevilla;5.3.3.-Robos con violencia en establecimientos;2020;143
Sevilla;5.3.3.-Robos con violencia en establecimientos;2019;160
Sevilla;5.3.3.-Robos con violencia en establecimientos;2018;142
Sevilla;5.4.-Sustracción de vehículos;2024;222
Sevilla;5.4.-Sustracción de vehículos;2023;179
Sevilla;5.4.-Sustracción de vehículos;2022;184
Sevilla;5.4.-Sustracción de vehículos;2021;186
Sevilla;5.4.-Sustracción de vehículos;2020;177
Sevilla;5.4.-Sustracción de vehículos;2019;180
Sevilla;5.4.-Sustracción de vehículos;2018;137
Sevilla;5.5.-Estafas;2024;930
Sevilla;5.5.-Estafas;2023;912
Sevilla;5.5.-Estafas;2022;578
Sevilla;5.5.-Estafas;2021;598
Sevilla;5.5.-Estafas;2020;537
Sevilla;5.5.-Estafas;2019;624
Sevilla;5.5.-Estafas;2018;622
Sevilla;5.5.1.-Estafas informáticas;2024;648
Sevilla;5.5.1.-Estafas informáticas;2023;543
Sevilla;5.5.1.-Estafas informáticas;2022;317
Sevilla;5.5.1.-Estafas informáticas;2021;286
Sevilla;5.5.1.-Estafas informáticas;2020;227
Sevilla;5.5.1.-Estafas informáticas;2019;174
Sevilla;5.5.1.-Estafas informáticas;2018;92
Sevilla;5.6.-Daños;2024;342
Sevilla;5.6.-Daños;2023;300
Sevilla;5.6.-Daños;2022;306
Sevilla;5.6.-Daños;2021;245
Sevilla;5.6.-Daños;2020;242
Sevilla;5.6.-Daños;2019;230
Sevilla;5.6.-Daños;2018;201
Sevilla;5.7.-Contra la propiedad intelectual/industrial;2024;58
Sevilla;5.7.-Contra la propiedad intelectual/industrial;2023;20
Sevilla;5.7.-Contra la propiedad intelectual/industrial;2022;6
Sevilla;5.7.-Contra la propiedad intelectual/industrial;2021;19
Sevilla;5.7.-Contra la propiedad intelectual/industrial;2020;17
Sevilla;5.7.-Contra la propiedad intelectual/industrial;2019;28
Sevilla;5.7.-Contra la propiedad intelectual/industrial;2018;24
Sevilla;5.8.-Blanqueo de capitales;2024;106
Sevilla;5.8.-Blanqueo de capitales;2023;37
Sevilla;5.8.-Blanqueo de capitales;2022;98
Sevilla;5.8.-Blanqueo de capitales;2021;52
Sevilla;5.8.-Blanqueo de capitales;2020;48
Sevilla;5.8.-Blanqueo de capitales;2019;67
Sevilla;5.8.-Blanqueo de capitales;2018;58
Sevilla;5.9.-Otros contra el patrimonio;2024;491
Sevilla;5.9.-Otros contra el patrimonio;2023;479
Sevilla;5.9.-Otros contra el patrimonio;2022;438
Sevilla;5.9.-Otros contra el patrimonio;2021;440
Sevilla;5.9.-Otros contra el patrimonio;2020;348
Sevilla;5.9.-Otros contra el patrimonio;2019;465
Sevilla;5.9.-Otros contra el patrimonio;2018;487
Sevilla;6. SEGURIDAD COLECTIVA;2024;2.834
Sevilla;6. SEGURIDAD COLECTIVA;2023;2.846
Sevilla;6. SEGURIDAD COLECTIVA;2022;2.704
Sevilla;6. SEGURIDAD COLECTIVA;2021;3.013
Sevilla;6. SEGURIDAD COLECTIVA;2020;2.917
Sevilla;6. SEGURIDAD COLECTIVA;2019;2.844
Sevilla;6. SEGURIDAD COLECTIVA;2018;2.734
Sevilla;6.1.-Tráfico de drogas;2024;975
Sevilla;6.1.-Tráfico de drogas;2023;1.056
Sevilla;6.1.-Tráfico de drogas;2022;1.039
Sevilla;6.1.-Tráfico de drogas;2021;1.392
Sevilla;6.1.-Tráfico de drogas;2020;1.422
Sevilla;6.1.-Tráfico de drogas;2019;1.034
Sevilla;6.1.-Tráfico de drogas;2018;891
Sevilla;6.2.-Contra la seguridad vial;2024;1.780
Sevilla;6.2.-Contra la seguridad vial;2023;1.731
Sevilla;6.2.-Contra la seguridad vial;2022;1.616
Sevilla;6.2.-Contra la seguridad vial;2021;1.568
Sevilla;6.2.-Contra la seguridad vial;2020;1.455
Sevilla;6.2.-Contra la seguridad vial;2019;1.730
Sevilla;6.2.-Contra la seguridad vial;2018;1.774
Sevilla;6.3.-Otros contra la seguridad colectiva;2024;79
Sevilla;6.3.-Otros contra la seguridad colectiva;2023;59
Sevilla;6.3.-Otros contra la seguridad colectiva;2022;49
Sevilla;6.3.-Otros contra la seguridad colectiva;2021;53
Sevilla;6.3.-Otros contra la seguridad colectiva;2020;40
Sevilla;6.3.-Otros contra la seguridad colectiva;2019;80
Sevilla;6.3.-Otros contra la seguridad colectiva;2018;69
Sevilla;7. FALSEDADES;2024;246
Sevilla;7. FALSEDADES;2023;241
Sevilla;7. FALSEDADES;2022;290
Sevilla;7. FALSEDADES;2021;319
Sevilla;7. FALSEDADES;2020;339
Sevilla;7. FALSEDADES;2019;257
Sevilla;7. FALSEDADES;2018;386
Sevilla;8. ADMÓN. PÚBLICA;2024;4
Sevilla;8. ADMÓN. PÚBLICA;2023;3
Sevilla;8. ADMÓN. PÚBLICA;2022;16
Sevilla;8. ADMÓN. PÚBLICA;2021;21
Sevilla;8. ADMÓN. PÚBLICA;2020;66
Sevilla;8. ADMÓN. PÚBLICA;2019;40
Sevilla;8. ADMÓN. PÚBLICA;2018;82
Sevilla;9. ADMÓN. JUSTICIA;2024;1.132
Sevilla;9. ADMÓN. JUSTICIA;2023;1.026
Sevilla;9. ADMÓN. JUSTICIA;2022;944
Sevilla;9. ADMÓN. JUSTICIA;2021;819
Sevilla;9. ADMÓN. JUSTICIA;2020;893
Sevilla;9. ADMÓN. JUSTICIA;2019;823
Sevilla;9. ADMÓN. JUSTICIA;2018;847
Sevilla;10. ORDEN PÚBLICO;2024;747
Sevilla;10. ORDEN PÚBLICO;2023;698
Sevilla;10. ORDEN PÚBLICO;2022;801
Sevilla;10. ORDEN PÚBLICO;2021;1.024
Sevilla;10. ORDEN PÚBLICO;2020;1.181
Sevilla;10. ORDEN PÚBLICO;2019;817
Sevilla;10. ORDEN PÚBLICO;2018;615
Sevilla;11. LEGISLACIÓN ESPECIAL;2024;30
Sevilla;11. LEGISLACIÓN ESPECIAL;2023;61
Sevilla;11. LEGISLACIÓN ESPECIAL;2022;114
Sevilla;11. LEGISLACIÓN ESPECIAL;2021;112
Sevilla;11. LEGISLACIÓN ESPECIAL;2020;113
Sevilla;11. LEGISLACIÓN ESPECIAL;2019;109
Sevilla;11. LEGISLACIÓN ESPECIAL;2018;111
Sevilla;12. OTRAS INFRACCIONES PENALES;2024;306
Sevilla;12. OTRAS INFRACCIONES PENALES;2023;325
Sevilla;12. OTRAS INFRACCIONES PENALES;2022;349
Sevilla;12. OTRAS INFRACCIONES PENALES;2021;343
Sevilla;12. OTRAS INFRACCIONES PENALES;2020;315
Sevilla;12. OTRAS INFRACCIONES PENALES;2019;386
Sevilla;12. OTRAS INFRACCIONES PENALES;2018;249
Sevilla;TOTAL INFRACCIONES PENALES;2024;18.884
Sevilla;TOTAL INFRACCIONES PENALES;2023;18.119
Sevilla;TOTAL INFRACCIONES PENALES;2022;16.218
Sevilla;TOTAL INFRACCIONES PENALES;2021;15.764
Sevilla;TOTAL INFRACCIONES PENALES;2020;15.044
Sevilla;TOTAL INFRACCIONES PENALES;2019;15.235
Sevilla;TOTAL INFRACCIONES PENALES;2018;14.742
Soria;1. CONTRA LAS PERSONAS;2024;270
Soria;1. CONTRA LAS PERSONAS;2023;251
Soria;1. CONTRA LAS PERSONAS;2022;307
Soria;1. CONTRA LAS PERSONAS;2021;243
Soria;1. CONTRA LAS PERSONAS;2020;187
Soria;1. CONTRA LAS PERSONAS;2019;202
Soria;1. CONTRA LAS PERSONAS;2018;201
Soria;1.1.-Homicidios dolosos/asesinatos;2024;6
Soria;1.1.-Homicidios dolosos/asesinatos;2023;2
Soria;1.1.-Homicidios dolosos/asesinatos;2022;2
Soria;1.1.-Homicidios dolosos/asesinatos;2021;1
Soria;1.1.-Homicidios dolosos/asesinatos;2020;1
Soria;1.1.-Homicidios dolosos/asesinatos;2019;1
Soria;1.1.-Homicidios dolosos/asesinatos;2018;0
Soria;1.1.1.-Homicidios dolosos/asesinatos consumados;2024;0
Soria;1.1.1.-Homicidios dolosos/asesinatos consumados;2023;0
Soria;1.1.1.-Homicidios dolosos/asesinatos consumados;2022;2
Soria;1.1.1.-Homicidios dolosos/asesinatos consumados;2021;1
Soria;1.1.1.-Homicidios dolosos/asesinatos consumados;2020;0
Soria;1.1.1.-Homicidios dolosos/asesinatos consumados;2019;1
Soria;1.1.1.-Homicidios dolosos/asesinatos consumados;2018;0
Soria;1.2.-Lesiones;2024;108
Soria;1.2.-Lesiones;2023;103
Soria;1.2.-Lesiones;2022;115
Soria;1.2.-Lesiones;2021;113
Soria;1.2.-Lesiones;2020;68
Soria;1.2.-Lesiones;2019;110
Soria;1.2.-Lesiones;2018;110
Soria;1.3.-Malos tratos ámbito familiar;2024;151
Soria;1.3.-Malos tratos ámbito familiar;2023;139
Soria;1.3.-Malos tratos ámbito familiar;2022;183
Soria;1.3.-Malos tratos ámbito familiar;2021;126
Soria;1.3.-Malos tratos ámbito familiar;2020;118
Soria;1.3.-Malos tratos ámbito familiar;2019;90
Soria;1.3.-Malos tratos ámbito familiar;2018;86
Soria;1.4.-Otros contra las personas;2024;5
Soria;1.4.-Otros contra las personas;2023;7
Soria;1.4.-Otros contra las personas;2022;7
Soria;1.4.-Otros contra las personas;2021;3
Soria;1.4.-Otros contra las personas;2020;0
Soria;1.4.-Otros contra las personas;2019;1
Soria;1.4.-Otros contra las personas;2018;5
Soria;2. CONTRA LA LIBERTAD;2024;79
Soria;2. CONTRA LA LIBERTAD;2023;87
Soria;2. CONTRA LA LIBERTAD;2022;82
Soria;2. CONTRA LA LIBERTAD;2021;83
Soria;2. CONTRA LA LIBERTAD;2020;70
Soria;2. CONTRA LA LIBERTAD;2019;74
Soria;2. CONTRA LA LIBERTAD;2018;76
Soria;2.1.-Malos tratos habituales en el ámbito familiar;2024;14
Soria;2.1.-Malos tratos habituales en el ámbito familiar;2023;14
Soria;2.1.-Malos tratos habituales en el ámbito familiar;2022;16
Soria;2.1.-Malos tratos habituales en el ámbito familiar;2021;16
Soria;2.1.-Malos tratos habituales en el ámbito familiar;2020;21
Soria;2.1.-Malos tratos habituales en el ámbito familiar;2019;21
Soria;2.1.-Malos tratos habituales en el ámbito familiar;2018;15
Soria;2.2.-Otros contra la libertad;2024;65
Soria;2.2.-Otros contra la libertad;2023;73
Soria;2.2.-Otros contra la libertad;2022;66
Soria;2.2.-Otros contra la libertad;2021;67
Soria;2.2.-Otros contra la libertad;2020;49
Soria;2.2.-Otros contra la libertad;2019;53
Soria;2.2.-Otros contra la libertad;2018;61
Soria;3. LIBERTAD SEXUAL;2024;22
Soria;3. LIBERTAD SEXUAL;2023;25
Soria;3. LIBERTAD SEXUAL;2022;26
Soria;3. LIBERTAD SEXUAL;2021;23
Soria;3. LIBERTAD SEXUAL;2020;9
Soria;3. LIBERTAD SEXUAL;2019;16
Soria;3. LIBERTAD SEXUAL;2018;7
Soria;3.1.-Agresión sexual;2024;13
Soria;3.1.-Agresión sexual;2023;17
Soria;3.1.-Agresión sexual;2022;19
Soria;3.1.-Agresión sexual;2021;12
Soria;3.1.-Agresión sexual;2020;4
Soria;3.1.-Agresión sexual;2019;11
Soria;3.1.-Agresión sexual;2018;2
Soria;3.2.-Agresión sexual con penetración;2024;4
Soria;3.2.-Agresión sexual con penetración;2023;6
Soria;3.2.-Agresión sexual con penetración;2022;5
Soria;3.2.-Agresión sexual con penetración;2021;6
Soria;3.2.-Agresión sexual con penetración;2020;0
Soria;3.2.-Agresión sexual con penetración;2019;3
Soria;3.2.-Agresión sexual con penetración;2018;1
Soria;3.3.-Corrupción de menores o incapacitados;2024;3
Soria;3.3.-Corrupción de menores o incapacitados;2023;0
Soria;3.3.-Corrupción de menores o incapacitados;2022;1
Soria;3.3.-Corrupción de menores o incapacitados;2021;1
Soria;3.3.-Corrupción de menores o incapacitados;2020;0
Soria;3.3.-Corrupción de menores o incapacitados;2019;0
Soria;3.3.-Corrupción de menores o incapacitados;2018;0
Soria;3.4.-Pornografía de menores;2024;0
Soria;3.4.-Pornografía de menores;2023;0
Soria;3.4.-Pornografía de menores;2022;1
Soria;3.4.-Pornografía de menores;2021;0
Soria;3.4.-Pornografía de menores;2020;3
Soria;3.4.-Pornografía de menores;2019;0
Soria;3.4.-Pornografía de menores;2018;3
Soria;3.5.-Otros contra la libertad sexual;2024;2
Soria;3.5.-Otros contra la libertad sexual;2023;2
Soria;3.5.-Otros contra la libertad sexual;2022;0
Soria;3.5.-Otros contra la libertad sexual;2021;4
Soria;3.5.-Otros contra la libertad sexual;2020;2
Soria;3.5.-Otros contra la libertad sexual;2019;2
Soria;3.5.-Otros contra la libertad sexual;2018;1
Soria;4. RELACIONES FAMILIARES;2024;6
Soria;4. RELACIONES FAMILIARES;2023;2
Soria;4. RELACIONES FAMILIARES;2022;0
Soria;4. RELACIONES FAMILIARES;2021;4
Soria;4. RELACIONES FAMILIARES;2020;3
Soria;4. RELACIONES FAMILIARES;2019;3
Soria;4. RELACIONES FAMILIARES;2018;2
Soria;5. PATRIMONIO;2024;174
Soria;5. PATRIMONIO;2023;206
Soria;5. PATRIMONIO;2022;117
Soria;5. PATRIMONIO;2021;140
Soria;5. PATRIMONIO;2020;113
Soria;5. PATRIMONIO;2019;160
Soria;5. PATRIMONIO;2018;157
Soria;5.1.-Hurtos;2024;63
Soria;5.1.-Hurtos;2023;55
Soria;5.1.-Hurtos;2022;29
Soria;5.1.-Hurtos;2021;32
Soria;5.1.-Hurtos;2020;32
Soria;5.1.-Hurtos;2019;64
Soria;5.1.-Hurtos;2018;46
Soria;5.2.-Robos con fuerza en las cosas;2024;43
Soria;5.2.-Robos con fuerza en las cosas;2023;46
Soria;5.2.-Robos con fuerza en las cosas;2022;39
Soria;5.2.-Robos con fuerza en las cosas;2021;36
Soria;5.2.-Robos con fuerza en las cosas;2020;39
Soria;5.2.-Robos con fuerza en las cosas;2019;39
Soria;5.2.-Robos con fuerza en las cosas;2018;56
Soria;5.2.1.-Robos con fuerza en las cosas en el interior de vehículos;2024;1
Soria;5.2.1.-Robos con fuerza en las cosas en el interior de vehículos;2023;3
Soria;5.2.1.-Robos con fuerza en las cosas en el interior de vehículos;2022;1
Soria;5.2.1.-Robos con fuerza en las cosas en el interior de vehículos;2021;2
Soria;5.2.1.-Robos con fuerza en las cosas en el interior de vehículos;2020;3
Soria;5.2.1.-Robos con fuerza en las cosas en el interior de vehículos;2019;2
Soria;5.2.1.-Robos con fuerza en las cosas en el interior de vehículos;2018;9
Soria;5.2.2.-Robos con fuerza en viviendas;2024;14
Soria;5.2.2.-Robos con fuerza en viviendas;2023;6
Soria;5.2.2.-Robos con fuerza en viviendas;2022;10
Soria;5.2.2.-Robos con fuerza en viviendas;2021;9
Soria;5.2.2.-Robos con fuerza en viviendas;2020;11
Soria;5.2.2.-Robos con fuerza en viviendas;2019;11
Soria;5.2.2.-Robos con fuerza en viviendas;2018;14
Soria;5.2.3.-Robos con fuerza en establecimientos;2024;10
Soria;5.2.3.-Robos con fuerza en establecimientos;2023;9
Soria;5.2.3.-Robos con fuerza en establecimientos;2022;5
Soria;5.2.3.-Robos con fuerza en establecimientos;2021;8
Soria;5.2.3.-Robos con fuerza en establecimientos;2020;15
Soria;5.2.3.-Robos con fuerza en establecimientos;2019;12
Soria;5.2.3.-Robos con fuerza en establecimientos;2018;15
Soria;5.3.-Robos con violencia o intimidación;2024;8
Soria;5.3.-Robos con violencia o intimidación;2023;17
Soria;5.3.-Robos con violencia o intimidación;2022;4
Soria;5.3.-Robos con violencia o intimidación;2021;15
Soria;5.3.-Robos con violencia o intimidación;2020;7
Soria;5.3.-Robos con violencia o intimidación;2019;3
Soria;5.3.-Robos con violencia o intimidación;2018;5
Soria;5.3.1.-Robos con violencia en vía pública;2024;5
Soria;5.3.1.-Robos con violencia en vía pública;2023;7
Soria;5.3.1.-Robos con violencia en vía pública;2022;3
Soria;5.3.1.-Robos con violencia en vía pública;2021;9
Soria;5.3.1.-Robos con violencia en vía pública;2020;3
Soria;5.3.1.-Robos con violencia en vía pública;2019;3
Soria;5.3.1.-Robos con violencia en vía pública;2018;3
Soria;5.3.2.-Robos con violencia en viviendas;2024;2
Soria;5.3.2.-Robos con violencia en viviendas;2023;8
Soria;5.3.2.-Robos con violencia en viviendas;2022;0
Soria;5.3.2.-Robos con violencia en viviendas;2021;0
Soria;5.3.2.-Robos con violencia en viviendas;2020;3
Soria;5.3.2.-Robos con violencia en viviendas;2019;0
Soria;5.3.2.-Robos con violencia en viviendas;2018;0
Soria;5.3.3.-Robos con violencia en establecimientos;2024;0
Soria;5.3.3.-Robos con violencia en establecimientos;2023;1
Soria;5.3.3.-Robos con violencia en establecimientos;2022;0
Soria;5.3.3.-Robos con violencia en establecimientos;2021;1
Soria;5.3.3.-Robos con violencia en establecimientos;2020;0
Soria;5.3.3.-Robos con violencia en establecimientos;2019;0
Soria;5.3.3.-Robos con violencia en establecimientos;2018;0
Soria;5.4.-Sustracción de vehículos;2024;1
Soria;5.4.-Sustracción de vehículos;2023;2
Soria;5.4.-Sustracción de vehículos;2022;3
Soria;5.4.-Sustracción de vehículos;2021;1
Soria;5.4.-Sustracción de vehículos;2020;3
Soria;5.4.-Sustracción de vehículos;2019;2
Soria;5.4.-Sustracción de vehículos;2018;2
Soria;5.5.-Estafas;2024;32
Soria;5.5.-Estafas;2023;33
Soria;5.5.-Estafas;2022;20
Soria;5.5.-Estafas;2021;14
Soria;5.5.-Estafas;2020;2
Soria;5.5.-Estafas;2019;13
Soria;5.5.-Estafas;2018;15
Soria;5.5.1.-Estafas informáticas;2024;21
Soria;5.5.1.-Estafas informáticas;2023;17
Soria;5.5.1.-Estafas informáticas;2022;9
Soria;5.5.1.-Estafas informáticas;2021;4
Soria;5.5.1.-Estafas informáticas;2020;1
Soria;5.5.1.-Estafas informáticas;2019;5
Soria;5.5.1.-Estafas informáticas;2018;2
Soria;5.6.-Daños;2024;12
Soria;5.6.-Daños;2023;21
Soria;5.6.-Daños;2022;14
Soria;5.6.-Daños;2021;32
Soria;5.6.-Daños;2020;20
Soria;5.6.-Daños;2019;25
Soria;5.6.-Daños;2018;17
Soria;5.7.-Contra la propiedad intelectual/industrial;2024;1
Soria;5.7.-Contra la propiedad intelectual/industrial;2023;6
Soria;5.7.-Contra la propiedad intelectual/industrial;2022;1
Soria;5.7.-Contra la propiedad intelectual/industrial;2021;0
Soria;5.7.-Contra la propiedad intelectual/industrial;2020;0
Soria;5.7.-Contra la propiedad intelectual/industrial;2019;1
Soria;5.7.-Contra la propiedad intelectual/industrial;2018;4
Soria;5.8.-Blanqueo de capitales;2024;1
Soria;5.8.-Blanqueo de capitales;2023;0
Soria;5.8.-Blanqueo de capitales;2022;0
Soria;5.8.-Blanqueo de capitales;2021;0
Soria;5.8.-Blanqueo de capitales;2020;0
Soria;5.8.-Blanqueo de capitales;2019;0
Soria;5.8.-Blanqueo de capitales;2018;0
Soria;5.9.-Otros contra el patrimonio;2024;13
Soria;5.9.-Otros contra el patrimonio;2023;26
Soria;5.9.-Otros contra el patrimonio;2022;7
Soria;5.9.-Otros contra el patrimonio;2021;10
Soria;5.9.-Otros contra el patrimonio;2020;10
Soria;5.9.-Otros contra el patrimonio;2019;13
Soria;5.9.-Otros contra el patrimonio;2018;12
Soria;6. SEGURIDAD COLECTIVA;2024;141
Soria;6. SEGURIDAD COLECTIVA;2023;169
Soria;6. SEGURIDAD COLECTIVA;2022;157
Soria;6. SEGURIDAD COLECTIVA;2021;123
Soria;6. SEGURIDAD COLECTIVA;2020;105
Soria;6. SEGURIDAD COLECTIVA;2019;131
Soria;6. SEGURIDAD COLECTIVA;2018;104
Soria;6.1.-Tráfico de drogas;2024;20
Soria;6.1.-Tráfico de drogas;2023;36
Soria;6.1.-Tráfico de drogas;2022;28
Soria;6.1.-Tráfico de drogas;2021;18
Soria;6.1.-Tráfico de drogas;2020;32
Soria;6.1.-Tráfico de drogas;2019;25
Soria;6.1.-Tráfico de drogas;2018;22
Soria;6.2.-Contra la seguridad vial;2024;107
Soria;6.2.-Contra la seguridad vial;2023;129
Soria;6.2.-Contra la seguridad vial;2022;117
Soria;6.2.-Contra la seguridad vial;2021;101
Soria;6.2.-Contra la seguridad vial;2020;70
Soria;6.2.-Contra la seguridad vial;2019;100
Soria;6.2.-Contra la seguridad vial;2018;82
Soria;6.3.-Otros contra la seguridad colectiva;2024;14
Soria;6.3.-Otros contra la seguridad colectiva;2023;4
Soria;6.3.-Otros contra la seguridad colectiva;2022;12
Soria;6.3.-Otros contra la seguridad colectiva;2021;4
Soria;6.3.-Otros contra la seguridad colectiva;2020;3
Soria;6.3.-Otros contra la seguridad colectiva;2019;6
Soria;6.3.-Otros contra la seguridad colectiva;2018;0
Soria;7. FALSEDADES;2024;41
Soria;7. FALSEDADES;2023;34
Soria;7. FALSEDADES;2022;21
Soria;7. FALSEDADES;2021;21
Soria;7. FALSEDADES;2020;12
Soria;7. FALSEDADES;2019;16
Soria;7. FALSEDADES;2018;13
Soria;8. ADMÓN. PÚBLICA;2024;0
Soria;8. ADMÓN. PÚBLICA;2023;0
Soria;8. ADMÓN. PÚBLICA;2022;0
Soria;8. ADMÓN. PÚBLICA;2021;0
Soria;8. ADMÓN. PÚBLICA;2020;0
Soria;8. ADMÓN. PÚBLICA;2019;0
Soria;8. ADMÓN. PÚBLICA;2018;0
Soria;9. ADMÓN. JUSTICIA;2024;56
Soria;9. ADMÓN. JUSTICIA;2023;50
Soria;9. ADMÓN. JUSTICIA;2022;45
Soria;9. ADMÓN. JUSTICIA;2021;36
Soria;9. ADMÓN. JUSTICIA;2020;47
Soria;9. ADMÓN. JUSTICIA;2019;36
Soria;9. ADMÓN. JUSTICIA;2018;40
Soria;10. ORDEN PÚBLICO;2024;73
Soria;10. ORDEN PÚBLICO;2023;65
Soria;10. ORDEN PÚBLICO;2022;66
Soria;10. ORDEN PÚBLICO;2021;42
Soria;10. ORDEN PÚBLICO;2020;63
Soria;10. ORDEN PÚBLICO;2019;45
Soria;10. ORDEN PÚBLICO;2018;32
Soria;11. LEGISLACIÓN ESPECIAL;2024;0
Soria;11. LEGISLACIÓN ESPECIAL;2023;0
Soria;11. LEGISLACIÓN ESPECIAL;2022;1
Soria;11. LEGISLACIÓN ESPECIAL;2021;0
Soria;11. LEGISLACIÓN ESPECIAL;2020;0
Soria;11. LEGISLACIÓN ESPECIAL;2019;0
Soria;11. LEGISLACIÓN ESPECIAL;2018;0
Soria;12. OTRAS INFRACCIONES PENALES;2024;35
Soria;12. OTRAS INFRACCIONES PENALES;2023;33
Soria;12. OTRAS INFRACCIONES PENALES;2022;42
Soria;12. OTRAS INFRACCIONES PENALES;2021;22
Soria;12. OTRAS INFRACCIONES PENALES;2020;8
Soria;12. OTRAS INFRACCIONES PENALES;2019;6
Soria;12. OTRAS INFRACCIONES PENALES;2018;27
Soria;TOTAL INFRACCIONES PENALES;2024;897
Soria;TOTAL INFRACCIONES PENALES;2023;922
Soria;TOTAL INFRACCIONES PENALES;2022;864
Soria;TOTAL INFRACCIONES PENALES;2021;737
Soria;TOTAL INFRACCIONES PENALES;2020;617
Soria;TOTAL INFRACCIONES PENALES;2019;689
Soria;TOTAL INFRACCIONES PENALES;2018;659
Tarragona;1. CONTRA LAS PERSONAS;2024;2.459
Tarragona;1. CONTRA LAS PERSONAS;2023;2.550
Tarragona;1. CONTRA LAS PERSONAS;2022;2.235
Tarragona;1. CONTRA LAS PERSONAS;2021;1.978
Tarragona;1. CONTRA LAS PERSONAS;2020;1.712
Tarragona;1. CONTRA LAS PERSONAS;2019;682
Tarragona;1. CONTRA LAS PERSONAS;2018;670
Tarragona;1.1.-Homicidios dolosos/asesinatos;2024;27
Tarragona;1.1.-Homicidios dolosos/asesinatos;2023;25
Tarragona;1.1.-Homicidios dolosos/asesinatos;2022;16
Tarragona;1.1.-Homicidios dolosos/asesinatos;2021;25
Tarragona;1.1.-Homicidios dolosos/asesinatos;2020;12
Tarragona;1.1.-Homicidios dolosos/asesinatos;2019;25
Tarragona;1.1.-Homicidios dolosos/asesinatos;2018;23
Tarragona;1.1.1.-Homicidios dolosos/asesinatos consumados;2024;8
Tarragona;1.1.1.-Homicidios dolosos/asesinatos consumados;2023;14
Tarragona;1.1.1.-Homicidios dolosos/asesinatos consumados;2022;3
Tarragona;1.1.1.-Homicidios dolosos/asesinatos consumados;2021;4
Tarragona;1.1.1.-Homicidios dolosos/asesinatos consumados;2020;1
Tarragona;1.1.1.-Homicidios dolosos/asesinatos consumados;2019;0
Tarragona;1.1.1.-Homicidios dolosos/asesinatos consumados;2018;0
Tarragona;1.2.-Lesiones;2024;1.195
Tarragona;1.2.-Lesiones;2023;1.183
Tarragona;1.2.-Lesiones;2022;1.116
Tarragona;1.2.-Lesiones;2021;1.020
Tarragona;1.2.-Lesiones;2020;833
Tarragona;1.2.-Lesiones;2019;169
Tarragona;1.2.-Lesiones;2018;157
Tarragona;1.3.-Malos tratos ámbito familiar;2024;1.155
Tarragona;1.3.-Malos tratos ámbito familiar;2023;1.273
Tarragona;1.3.-Malos tratos ámbito familiar;2022;1.053
Tarragona;1.3.-Malos tratos ámbito familiar;2021;897
Tarragona;1.3.-Malos tratos ámbito familiar;2020;829
Tarragona;1.3.-Malos tratos ámbito familiar;2019;488
Tarragona;1.3.-Malos tratos ámbito familiar;2018;488
Tarragona;1.4.-Otros contra las personas;2024;82
Tarragona;1.4.-Otros contra las personas;2023;69
Tarragona;1.4.-Otros contra las personas;2022;50
Tarragona;1.4.-Otros contra las personas;2021;36
Tarragona;1.4.-Otros contra las personas;2020;38
Tarragona;1.4.-Otros contra las personas;2019;0
Tarragona;1.4.-Otros contra las personas;2018;2
Tarragona;2. CONTRA LA LIBERTAD;2024;1.638
Tarragona;2. CONTRA LA LIBERTAD;2023;1.554
Tarragona;2. CONTRA LA LIBERTAD;2022;1.552
Tarragona;2. CONTRA LA LIBERTAD;2021;1.459
Tarragona;2. CONTRA LA LIBERTAD;2020;1.385
Tarragona;2. CONTRA LA LIBERTAD;2019;478
Tarragona;2. CONTRA LA LIBERTAD;2018;478
Tarragona;2.1.-Malos tratos habituales en el ámbito familiar;2024;100
Tarragona;2.1.-Malos tratos habituales en el ámbito familiar;2023;139
Tarragona;2.1.-Malos tratos habituales en el ámbito familiar;2022;164
Tarragona;2.1.-Malos tratos habituales en el ámbito familiar;2021;149
Tarragona;2.1.-Malos tratos habituales en el ámbito familiar;2020;150
Tarragona;2.1.-Malos tratos habituales en el ámbito familiar;2019;79
Tarragona;2.1.-Malos tratos habituales en el ámbito familiar;2018;92
Tarragona;2.2.-Otros contra la libertad;2024;1.538
Tarragona;2.2.-Otros contra la libertad;2023;1.415
Tarragona;2.2.-Otros contra la libertad;2022;1.388
Tarragona;2.2.-Otros contra la libertad;2021;1.310
Tarragona;2.2.-Otros contra la libertad;2020;1.235
Tarragona;2.2.-Otros contra la libertad;2019;399
Tarragona;2.2.-Otros contra la libertad;2018;386
Tarragona;3. LIBERTAD SEXUAL;2024;348
Tarragona;3. LIBERTAD SEXUAL;2023;357
Tarragona;3. LIBERTAD SEXUAL;2022;291
Tarragona;3. LIBERTAD SEXUAL;2021;243
Tarragona;3. LIBERTAD SEXUAL;2020;149
Tarragona;3. LIBERTAD SEXUAL;2019;183
Tarragona;3. LIBERTAD SEXUAL;2018;140
Tarragona;3.1.-Agresión sexual;2024;196
Tarragona;3.1.-Agresión sexual;2023;199
Tarragona;3.1.-Agresión sexual;2022;165
Tarragona;3.1.-Agresión sexual;2021;138
Tarragona;3.1.-Agresión sexual;2020;76
Tarragona;3.1.-Agresión sexual;2019;76
Tarragona;3.1.-Agresión sexual;2018;61
Tarragona;3.2.-Agresión sexual con penetración;2024;108
Tarragona;3.2.-Agresión sexual con penetración;2023;108
Tarragona;3.2.-Agresión sexual con penetración;2022;72
Tarragona;3.2.-Agresión sexual con penetración;2021;62
Tarragona;3.2.-Agresión sexual con penetración;2020;34
Tarragona;3.2.-Agresión sexual con penetración;2019;67
Tarragona;3.2.-Agresión sexual con penetración;2018;40
Tarragona;3.3.-Corrupción de menores o incapacitados;2024;2
Tarragona;3.3.-Corrupción de menores o incapacitados;2023;0
Tarragona;3.3.-Corrupción de menores o incapacitados;2022;1
Tarragona;3.3.-Corrupción de menores o incapacitados;2021;1
Tarragona;3.3.-Corrupción de menores o incapacitados;2020;0
Tarragona;3.3.-Corrupción de menores o incapacitados;2019;0
Tarragona;3.3.-Corrupción de menores o incapacitados;2018;1
Tarragona;3.4.-Pornografía de menores;2024;7
Tarragona;3.4.-Pornografía de menores;2023;11
Tarragona;3.4.-Pornografía de menores;2022;10
Tarragona;3.4.-Pornografía de menores;2021;5
Tarragona;3.4.-Pornografía de menores;2020;9
Tarragona;3.4.-Pornografía de menores;2019;9
Tarragona;3.4.-Pornografía de menores;2018;7
Tarragona;3.5.-Otros contra la libertad sexual;2024;35
Tarragona;3.5.-Otros contra la libertad sexual;2023;39
Tarragona;3.5.-Otros contra la libertad sexual;2022;43
Tarragona;3.5.-Otros contra la libertad sexual;2021;37
Tarragona;3.5.-Otros contra la libertad sexual;2020;30
Tarragona;3.5.-Otros contra la libertad sexual;2019;31
Tarragona;3.5.-Otros contra la libertad sexual;2018;31
Tarragona;4. RELACIONES FAMILIARES;2024;160
Tarragona;4. RELACIONES FAMILIARES;2023;142
Tarragona;4. RELACIONES FAMILIARES;2022;162
Tarragona;4. RELACIONES FAMILIARES;2021;158
Tarragona;4. RELACIONES FAMILIARES;2020;145
Tarragona;4. RELACIONES FAMILIARES;2019;3
Tarragona;4. RELACIONES FAMILIARES;2018;3
Tarragona;5. PATRIMONIO;2024;5.688
Tarragona;5. PATRIMONIO;2023;5.003
Tarragona;5. PATRIMONIO;2022;4.366
Tarragona;5. PATRIMONIO;2021;3.571
Tarragona;5. PATRIMONIO;2020;3.544
Tarragona;5. PATRIMONIO;2019;1.601
Tarragona;5. PATRIMONIO;2018;1.646
Tarragona;5.1.-Hurtos;2024;1.918
Tarragona;5.1.-Hurtos;2023;1.733
Tarragona;5.1.-Hurtos;2022;1.279
Tarragona;5.1.-Hurtos;2021;912
Tarragona;5.1.-Hurtos;2020;795
Tarragona;5.1.-Hurtos;2019;258
Tarragona;5.1.-Hurtos;2018;294
Tarragona;5.2.-Robos con fuerza en las cosas;2024;590
Tarragona;5.2.-Robos con fuerza en las cosas;2023;620
Tarragona;5.2.-Robos con fuerza en las cosas;2022;509
Tarragona;5.2.-Robos con fuerza en las cosas;2021;448
Tarragona;5.2.-Robos con fuerza en las cosas;2020;509
Tarragona;5.2.-Robos con fuerza en las cosas;2019;696
Tarragona;5.2.-Robos con fuerza en las cosas;2018;759
Tarragona;5.2.1.-Robos con fuerza en las cosas en el interior de vehículos;2024;148
Tarragona;5.2.1.-Robos con fuerza en las cosas en el interior de vehículos;2023;101
Tarragona;5.2.1.-Robos con fuerza en las cosas en el interior de vehículos;2022;104
Tarragona;5.2.1.-Robos con fuerza en las cosas en el interior de vehículos;2021;65
Tarragona;5.2.1.-Robos con fuerza en las cosas en el interior de vehículos;2020;0
Tarragona;5.2.1.-Robos con fuerza en las cosas en el interior de vehículos;2019;113
Tarragona;5.2.1.-Robos con fuerza en las cosas en el interior de vehículos;2018;102
Tarragona;5.2.2.-Robos con fuerza en viviendas;2024;163
Tarragona;5.2.2.-Robos con fuerza en viviendas;2023;216
Tarragona;5.2.2.-Robos con fuerza en viviendas;2022;186
Tarragona;5.2.2.-Robos con fuerza en viviendas;2021;191
Tarragona;5.2.2.-Robos con fuerza en viviendas;2020;243
Tarragona;5.2.2.-Robos con fuerza en viviendas;2019;3
Tarragona;5.2.2.-Robos con fuerza en viviendas;2018;2
Tarragona;5.2.3.-Robos con fuerza en establecimientos;2024;123
Tarragona;5.2.3.-Robos con fuerza en establecimientos;2023;129
Tarragona;5.2.3.-Robos con fuerza en establecimientos;2022;91
Tarragona;5.2.3.-Robos con fuerza en establecimientos;2021;72
Tarragona;5.2.3.-Robos con fuerza en establecimientos;2020;88
Tarragona;5.2.3.-Robos con fuerza en establecimientos;2019;2
Tarragona;5.2.3.-Robos con fuerza en establecimientos;2018;2
Tarragona;5.3.-Robos con violencia o intimidación;2024;301
Tarragona;5.3.-Robos con violencia o intimidación;2023;276
Tarragona;5.3.-Robos con violencia o intimidación;2022;223
Tarragona;5.3.-Robos con violencia o intimidación;2021;182
Tarragona;5.3.-Robos con violencia o intimidación;2020;163
Tarragona;5.3.-Robos con violencia o intimidación;2019;310
Tarragona;5.3.-Robos con violencia o intimidación;2018;253
Tarragona;5.3.1.-Robos con violencia en vía pública;2024;149
Tarragona;5.3.1.-Robos con violencia en vía pública;2023;129
Tarragona;5.3.1.-Robos con violencia en vía pública;2022;119
Tarragona;5.3.1.-Robos con violencia en vía pública;2021;89
Tarragona;5.3.1.-Robos con violencia en vía pública;2020;86
Tarragona;5.3.1.-Robos con violencia en vía pública;2019;1
Tarragona;5.3.1.-Robos con violencia en vía pública;2018;0
Tarragona;5.3.2.-Robos con violencia en viviendas;2024;16
Tarragona;5.3.2.-Robos con violencia en viviendas;2023;20
Tarragona;5.3.2.-Robos con violencia en viviendas;2022;15
Tarragona;5.3.2.-Robos con violencia en viviendas;2021;14
Tarragona;5.3.2.-Robos con violencia en viviendas;2020;31
Tarragona;5.3.2.-Robos con violencia en viviendas;2019;0
Tarragona;5.3.2.-Robos con violencia en viviendas;2018;0
Tarragona;5.3.3.-Robos con violencia en establecimientos;2024;95
Tarragona;5.3.3.-Robos con violencia en establecimientos;2023;105
Tarragona;5.3.3.-Robos con violencia en establecimientos;2022;57
Tarragona;5.3.3.-Robos con violencia en establecimientos;2021;52
Tarragona;5.3.3.-Robos con violencia en establecimientos;2020;36
Tarragona;5.3.3.-Robos con violencia en establecimientos;2019;0
Tarragona;5.3.3.-Robos con violencia en establecimientos;2018;0
Tarragona;5.4.-Sustracción de vehículos;2024;99
Tarragona;5.4.-Sustracción de vehículos;2023;106
Tarragona;5.4.-Sustracción de vehículos;2022;66
Tarragona;5.4.-Sustracción de vehículos;2021;61
Tarragona;5.4.-Sustracción de vehículos;2020;71
Tarragona;5.4.-Sustracción de vehículos;2019;41
Tarragona;5.4.-Sustracción de vehículos;2018;42
Tarragona;5.5.-Estafas;2024;730
Tarragona;5.5.-Estafas;2023;594
Tarragona;5.5.-Estafas;2022;587
Tarragona;5.5.-Estafas;2021;465
Tarragona;5.5.-Estafas;2020;423
Tarragona;5.5.-Estafas;2019;149
Tarragona;5.5.-Estafas;2018;126
Tarragona;5.5.1.-Estafas informáticas;2024;209
Tarragona;5.5.1.-Estafas informáticas;2023;129
Tarragona;5.5.1.-Estafas informáticas;2022;69
Tarragona;5.5.1.-Estafas informáticas;2021;56
Tarragona;5.5.1.-Estafas informáticas;2020;49
Tarragona;5.5.1.-Estafas informáticas;2019;49
Tarragona;5.5.1.-Estafas informáticas;2018;26
Tarragona;5.6.-Daños;2024;538
Tarragona;5.6.-Daños;2023;477
Tarragona;5.6.-Daños;2022;490
Tarragona;5.6.-Daños;2021;436
Tarragona;5.6.-Daños;2020;374
Tarragona;5.6.-Daños;2019;50
Tarragona;5.6.-Daños;2018;21
Tarragona;5.7.-Contra la propiedad intelectual/industrial;2024;80
Tarragona;5.7.-Contra la propiedad intelectual/industrial;2023;63
Tarragona;5.7.-Contra la propiedad intelectual/industrial;2022;49
Tarragona;5.7.-Contra la propiedad intelectual/industrial;2021;87
Tarragona;5.7.-Contra la propiedad intelectual/industrial;2020;32
Tarragona;5.7.-Contra la propiedad intelectual/industrial;2019;32
Tarragona;5.7.-Contra la propiedad intelectual/industrial;2018;65
Tarragona;5.8.-Blanqueo de capitales;2024;15
Tarragona;5.8.-Blanqueo de capitales;2023;4
Tarragona;5.8.-Blanqueo de capitales;2022;12
Tarragona;5.8.-Blanqueo de capitales;2021;0
Tarragona;5.8.-Blanqueo de capitales;2020;0
Tarragona;5.8.-Blanqueo de capitales;2019;0
Tarragona;5.8.-Blanqueo de capitales;2018;2
Tarragona;5.9.-Otros contra el patrimonio;2024;1.417
Tarragona;5.9.-Otros contra el patrimonio;2023;1.130
Tarragona;5.9.-Otros contra el patrimonio;2022;1.151
Tarragona;5.9.-Otros contra el patrimonio;2021;980
Tarragona;5.9.-Otros contra el patrimonio;2020;1.177
Tarragona;5.9.-Otros contra el patrimonio;2019;65
Tarragona;5.9.-Otros contra el patrimonio;2018;84
Tarragona;6. SEGURIDAD COLECTIVA;2024;1.617
Tarragona;6. SEGURIDAD COLECTIVA;2023;1.570
Tarragona;6. SEGURIDAD COLECTIVA;2022;1.602
Tarragona;6. SEGURIDAD COLECTIVA;2021;1.566
Tarragona;6. SEGURIDAD COLECTIVA;2020;1.182
Tarragona;6. SEGURIDAD COLECTIVA;2019;477
Tarragona;6. SEGURIDAD COLECTIVA;2018;471
Tarragona;6.1.-Tráfico de drogas;2024;438
Tarragona;6.1.-Tráfico de drogas;2023;452
Tarragona;6.1.-Tráfico de drogas;2022;425
Tarragona;6.1.-Tráfico de drogas;2021;507
Tarragona;6.1.-Tráfico de drogas;2020;377
Tarragona;6.1.-Tráfico de drogas;2019;396
Tarragona;6.1.-Tráfico de drogas;2018;359
Tarragona;6.2.-Contra la seguridad vial;2024;1.167
Tarragona;6.2.-Contra la seguridad vial;2023;1.103
Tarragona;6.2.-Contra la seguridad vial;2022;1.167
Tarragona;6.2.-Contra la seguridad vial;2021;1.052
Tarragona;6.2.-Contra la seguridad vial;2020;795
Tarragona;6.2.-Contra la seguridad vial;2019;78
Tarragona;6.2.-Contra la seguridad vial;2018;88
Tarragona;6.3.-Otros contra la seguridad colectiva;2024;12
Tarragona;6.3.-Otros contra la seguridad colectiva;2023;15
Tarragona;6.3.-Otros contra la seguridad colectiva;2022;10
Tarragona;6.3.-Otros contra la seguridad colectiva;2021;7
Tarragona;6.3.-Otros contra la seguridad colectiva;2020;10
Tarragona;6.3.-Otros contra la seguridad colectiva;2019;3
Tarragona;6.3.-Otros contra la seguridad colectiva;2018;24
Tarragona;7. FALSEDADES;2024;277
Tarragona;7. FALSEDADES;2023;200
Tarragona;7. FALSEDADES;2022;214
Tarragona;7. FALSEDADES;2021;264
Tarragona;7. FALSEDADES;2020;154
Tarragona;7. FALSEDADES;2019;182
Tarragona;7. FALSEDADES;2018;130
Tarragona;8. ADMÓN. PÚBLICA;2024;0
Tarragona;8. ADMÓN. PÚBLICA;2023;1
Tarragona;8. ADMÓN. PÚBLICA;2022;5
Tarragona;8. ADMÓN. PÚBLICA;2021;1
Tarragona;8. ADMÓN. PÚBLICA;2020;0
Tarragona;8. ADMÓN. PÚBLICA;2019;8
Tarragona;8. ADMÓN. PÚBLICA;2018;5
Tarragona;9. ADMÓN. JUSTICIA;2024;553
Tarragona;9. ADMÓN. JUSTICIA;2023;579
Tarragona;9. ADMÓN. JUSTICIA;2022;468
Tarragona;9. ADMÓN. JUSTICIA;2021;422
Tarragona;9. ADMÓN. JUSTICIA;2020;406
Tarragona;9. ADMÓN. JUSTICIA;2019;224
Tarragona;9. ADMÓN. JUSTICIA;2018;180
Tarragona;10. ORDEN PÚBLICO;2024;392
Tarragona;10. ORDEN PÚBLICO;2023;343
Tarragona;10. ORDEN PÚBLICO;2022;270
Tarragona;10. ORDEN PÚBLICO;2021;251
Tarragona;10. ORDEN PÚBLICO;2020;323
Tarragona;10. ORDEN PÚBLICO;2019;430
Tarragona;10. ORDEN PÚBLICO;2018;282
Tarragona;11. LEGISLACIÓN ESPECIAL;2024;2
Tarragona;11. LEGISLACIÓN ESPECIAL;2023;9
Tarragona;11. LEGISLACIÓN ESPECIAL;2022;5
Tarragona;11. LEGISLACIÓN ESPECIAL;2021;5
Tarragona;11. LEGISLACIÓN ESPECIAL;2020;0
Tarragona;11. LEGISLACIÓN ESPECIAL;2019;0
Tarragona;11. LEGISLACIÓN ESPECIAL;2018;0
Tarragona;12. OTRAS INFRACCIONES PENALES;2024;118
Tarragona;12. OTRAS INFRACCIONES PENALES;2023;132
Tarragona;12. OTRAS INFRACCIONES PENALES;2022;102
Tarragona;12. OTRAS INFRACCIONES PENALES;2021;96
Tarragona;12. OTRAS INFRACCIONES PENALES;2020;80
Tarragona;12. OTRAS INFRACCIONES PENALES;2019;72
Tarragona;12. OTRAS INFRACCIONES PENALES;2018;29
Tarragona;TOTAL INFRACCIONES PENALES;2024;13.252
Tarragona;TOTAL INFRACCIONES PENALES;2023;12.440
Tarragona;TOTAL INFRACCIONES PENALES;2022;11.272
Tarragona;TOTAL INFRACCIONES PENALES;2021;10.014
Tarragona;TOTAL INFRACCIONES PENALES;2020;9.080
Tarragona;TOTAL INFRACCIONES PENALES;2019;4.340
Tarragona;TOTAL INFRACCIONES PENALES;2018;4.034
Teruel;1. CONTRA LAS PERSONAS;2024;305
Teruel;1. CONTRA LAS PERSONAS;2023;312
Teruel;1. CONTRA LAS PERSONAS;2022;342
Teruel;1. CONTRA LAS PERSONAS;2021;214
Teruel;1. CONTRA LAS PERSONAS;2020;209
Teruel;1. CONTRA LAS PERSONAS;2019;227
Teruel;1. CONTRA LAS PERSONAS;2018;240
Teruel;1.1.-Homicidios dolosos/asesinatos;2024;1
Teruel;1.1.-Homicidios dolosos/asesinatos;2023;5
Teruel;1.1.-Homicidios dolosos/asesinatos;2022;9
Teruel;1.1.-Homicidios dolosos/asesinatos;2021;4
Teruel;1.1.-Homicidios dolosos/asesinatos;2020;3
Teruel;1.1.-Homicidios dolosos/asesinatos;2019;1
Teruel;1.1.-Homicidios dolosos/asesinatos;2018;2
Teruel;1.1.1.-Homicidios dolosos/asesinatos consumados;2024;0
Teruel;1.1.1.-Homicidios dolosos/asesinatos consumados;2023;5
Teruel;1.1.1.-Homicidios dolosos/asesinatos consumados;2022;4
Teruel;1.1.1.-Homicidios dolosos/asesinatos consumados;2021;0
Teruel;1.1.1.-Homicidios dolosos/asesinatos consumados;2020;1
Teruel;1.1.1.-Homicidios dolosos/asesinatos consumados;2019;0
Teruel;1.1.1.-Homicidios dolosos/asesinatos consumados;2018;0
Teruel;1.2.-Lesiones;2024;147
Teruel;1.2.-Lesiones;2023;149
Teruel;1.2.-Lesiones;2022;165
Teruel;1.2.-Lesiones;2021;99
Teruel;1.2.-Lesiones;2020;91
Teruel;1.2.-Lesiones;2019;100
Teruel;1.2.-Lesiones;2018;101
Teruel;1.3.-Malos tratos ámbito familiar;2024;145
Teruel;1.3.-Malos tratos ámbito familiar;2023;152
Teruel;1.3.-Malos tratos ámbito familiar;2022;156
Teruel;1.3.-Malos tratos ámbito familiar;2021;109
Teruel;1.3.-Malos tratos ámbito familiar;2020;111
Teruel;1.3.-Malos tratos ámbito familiar;2019;125
Teruel;1.3.-Malos tratos ámbito familiar;2018;135
Teruel;1.4.-Otros contra las personas;2024;12
Teruel;1.4.-Otros contra las personas;2023;6
Teruel;1.4.-Otros contra las personas;2022;12
Teruel;1.4.-Otros contra las personas;2021;2
Teruel;1.4.-Otros contra las personas;2020;4
Teruel;1.4.-Otros contra las personas;2019;1
Teruel;1.4.-Otros contra las personas;2018;2
Teruel;2. CONTRA LA LIBERTAD;2024;166
Teruel;2. CONTRA LA LIBERTAD;2023;159
Teruel;2. CONTRA LA LIBERTAD;2022;140
Teruel;2. CONTRA LA LIBERTAD;2021;120
Teruel;2. CONTRA LA LIBERTAD;2020;86
Teruel;2. CONTRA LA LIBERTAD;2019;91
Teruel;2. CONTRA LA LIBERTAD;2018;98
Teruel;2.1.-Malos tratos habituales en el ámbito familiar;2024;42
Teruel;2.1.-Malos tratos habituales en el ámbito familiar;2023;37
Teruel;2.1.-Malos tratos habituales en el ámbito familiar;2022;35
Teruel;2.1.-Malos tratos habituales en el ámbito familiar;2021;38
Teruel;2.1.-Malos tratos habituales en el ámbito familiar;2020;32
Teruel;2.1.-Malos tratos habituales en el ámbito familiar;2019;27
Teruel;2.1.-Malos tratos habituales en el ámbito familiar;2018;26
Teruel;2.2.-Otros contra la libertad;2024;124
Teruel;2.2.-Otros contra la libertad;2023;122
Teruel;2.2.-Otros contra la libertad;2022;105
Teruel;2.2.-Otros contra la libertad;2021;82
Teruel;2.2.-Otros contra la libertad;2020;54
Teruel;2.2.-Otros contra la libertad;2019;64
Teruel;2.2.-Otros contra la libertad;2018;72
Teruel;3. LIBERTAD SEXUAL;2024;28
Teruel;3. LIBERTAD SEXUAL;2023;35
Teruel;3. LIBERTAD SEXUAL;2022;21
Teruel;3. LIBERTAD SEXUAL;2021;26
Teruel;3. LIBERTAD SEXUAL;2020;27
Teruel;3. LIBERTAD SEXUAL;2019;25
Teruel;3. LIBERTAD SEXUAL;2018;8
Teruel;3.1.-Agresión sexual;2024;22
Teruel;3.1.-Agresión sexual;2023;24
Teruel;3.1.-Agresión sexual;2022;16
Teruel;3.1.-Agresión sexual;2021;15
Teruel;3.1.-Agresión sexual;2020;17
Teruel;3.1.-Agresión sexual;2019;16
Teruel;3.1.-Agresión sexual;2018;4
Teruel;3.2.-Agresión sexual con penetración;2024;2
Teruel;3.2.-Agresión sexual con penetración;2023;8
Teruel;3.2.-Agresión sexual con penetración;2022;3
Teruel;3.2.-Agresión sexual con penetración;2021;6
Teruel;3.2.-Agresión sexual con penetración;2020;4
Teruel;3.2.-Agresión sexual con penetración;2019;5
Teruel;3.2.-Agresión sexual con penetración;2018;1
Teruel;3.3.-Corrupción de menores o incapacitados;2024;0
Teruel;3.3.-Corrupción de menores o incapacitados;2023;1
Teruel;3.3.-Corrupción de menores o incapacitados;2022;0
Teruel;3.3.-Corrupción de menores o incapacitados;2021;0
Teruel;3.3.-Corrupción de menores o incapacitados;2020;0
Teruel;3.3.-Corrupción de menores o incapacitados;2019;0
Teruel;3.3.-Corrupción de menores o incapacitados;2018;0
Teruel;3.4.-Pornografía de menores;2024;0
Teruel;3.4.-Pornografía de menores;2023;1
Teruel;3.4.-Pornografía de menores;2022;0
Teruel;3.4.-Pornografía de menores;2021;1
Teruel;3.4.-Pornografía de menores;2020;3
Teruel;3.4.-Pornografía de menores;2019;2
Teruel;3.4.-Pornografía de menores;2018;1
Teruel;3.5.-Otros contra la libertad sexual;2024;4
Teruel;3.5.-Otros contra la libertad sexual;2023;1
Teruel;3.5.-Otros contra la libertad sexual;2022;2
Teruel;3.5.-Otros contra la libertad sexual;2021;4
Teruel;3.5.-Otros contra la libertad sexual;2020;3
Teruel;3.5.-Otros contra la libertad sexual;2019;2
Teruel;3.5.-Otros contra la libertad sexual;2018;2
Teruel;4. RELACIONES FAMILIARES;2024;5
Teruel;4. RELACIONES FAMILIARES;2023;6
Teruel;4. RELACIONES FAMILIARES;2022;8
Teruel;4. RELACIONES FAMILIARES;2021;5
Teruel;4. RELACIONES FAMILIARES;2020;2
Teruel;4. RELACIONES FAMILIARES;2019;4
Teruel;4. RELACIONES FAMILIARES;2018;3
Teruel;5. PATRIMONIO;2024;159
Teruel;5. PATRIMONIO;2023;226
Teruel;5. PATRIMONIO;2022;227
Teruel;5. PATRIMONIO;2021;199
Teruel;5. PATRIMONIO;2020;193
Teruel;5. PATRIMONIO;2019;158
Teruel;5. PATRIMONIO;2018;178
Teruel;5.1.-Hurtos;2024;35
Teruel;5.1.-Hurtos;2023;55
Teruel;5.1.-Hurtos;2022;63
Teruel;5.1.-Hurtos;2021;54
Teruel;5.1.-Hurtos;2020;32
Teruel;5.1.-Hurtos;2019;47
Teruel;5.1.-Hurtos;2018;53
Teruel;5.2.-Robos con fuerza en las cosas;2024;47
Teruel;5.2.-Robos con fuerza en las cosas;2023;48
Teruel;5.2.-Robos con fuerza en las cosas;2022;40
Teruel;5.2.-Robos con fuerza en las cosas;2021;36
Teruel;5.2.-Robos con fuerza en las cosas;2020;38
Teruel;5.2.-Robos con fuerza en las cosas;2019;27
Teruel;5.2.-Robos con fuerza en las cosas;2018;43
Teruel;5.2.1.-Robos con fuerza en las cosas en el interior de vehículos;2024;2
Teruel;5.2.1.-Robos con fuerza en las cosas en el interior de vehículos;2023;2
Teruel;5.2.1.-Robos con fuerza en las cosas en el interior de vehículos;2022;4
Teruel;5.2.1.-Robos con fuerza en las cosas en el interior de vehículos;2021;1
Teruel;5.2.1.-Robos con fuerza en las cosas en el interior de vehículos;2020;1
Teruel;5.2.1.-Robos con fuerza en las cosas en el interior de vehículos;2019;3
Teruel;5.2.1.-Robos con fuerza en las cosas en el interior de vehículos;2018;4
Teruel;5.2.2.-Robos con fuerza en viviendas;2024;13
Teruel;5.2.2.-Robos con fuerza en viviendas;2023;9
Teruel;5.2.2.-Robos con fuerza en viviendas;2022;16
Teruel;5.2.2.-Robos con fuerza en viviendas;2021;5
Teruel;5.2.2.-Robos con fuerza en viviendas;2020;20
Teruel;5.2.2.-Robos con fuerza en viviendas;2019;11
Teruel;5.2.2.-Robos con fuerza en viviendas;2018;18
Teruel;5.2.3.-Robos con fuerza en establecimientos;2024;6
Teruel;5.2.3.-Robos con fuerza en establecimientos;2023;12
Teruel;5.2.3.-Robos con fuerza en establecimientos;2022;8
Teruel;5.2.3.-Robos con fuerza en establecimientos;2021;5
Teruel;5.2.3.-Robos con fuerza en establecimientos;2020;7
Teruel;5.2.3.-Robos con fuerza en establecimientos;2019;4
Teruel;5.2.3.-Robos con fuerza en establecimientos;2018;4
Teruel;5.3.-Robos con violencia o intimidación;2024;10
Teruel;5.3.-Robos con violencia o intimidación;2023;10
Teruel;5.3.-Robos con violencia o intimidación;2022;18
Teruel;5.3.-Robos con violencia o intimidación;2021;6
Teruel;5.3.-Robos con violencia o intimidación;2020;7
Teruel;5.3.-Robos con violencia o intimidación;2019;12
Teruel;5.3.-Robos con violencia o intimidación;2018;7
Teruel;5.3.1.-Robos con violencia en vía pública;2024;3
Teruel;5.3.1.-Robos con violencia en vía pública;2023;6
Teruel;5.3.1.-Robos con violencia en vía pública;2022;8
Teruel;5.3.1.-Robos con violencia en vía pública;2021;4
Teruel;5.3.1.-Robos con violencia en vía pública;2020;3
Teruel;5.3.1.-Robos con violencia en vía pública;2019;5
Teruel;5.3.1.-Robos con violencia en vía pública;2018;2
Teruel;5.3.2.-Robos con violencia en viviendas;2024;0
Teruel;5.3.2.-Robos con violencia en viviendas;2023;1
Teruel;5.3.2.-Robos con violencia en viviendas;2022;4
Teruel;5.3.2.-Robos con violencia en viviendas;2021;2
Teruel;5.3.2.-Robos con violencia en viviendas;2020;1
Teruel;5.3.2.-Robos con violencia en viviendas;2019;0
Teruel;5.3.2.-Robos con violencia en viviendas;2018;1
Teruel;5.3.3.-Robos con violencia en establecimientos;2024;6
Teruel;5.3.3.-Robos con violencia en establecimientos;2023;1
Teruel;5.3.3.-Robos con violencia en establecimientos;2022;1
Teruel;5.3.3.-Robos con violencia en establecimientos;2021;0
Teruel;5.3.3.-Robos con violencia en establecimientos;2020;3
Teruel;5.3.3.-Robos con violencia en establecimientos;2019;4
Teruel;5.3.3.-Robos con violencia en establecimientos;2018;2
Teruel;5.4.-Sustracción de vehículos;2024;6
Teruel;5.4.-Sustracción de vehículos;2023;1
Teruel;5.4.-Sustracción de vehículos;2022;9
Teruel;5.4.-Sustracción de vehículos;2021;2
Teruel;5.4.-Sustracción de vehículos;2020;8
Teruel;5.4.-Sustracción de vehículos;2019;6
Teruel;5.4.-Sustracción de vehículos;2018;7
Teruel;5.5.-Estafas;2024;24
Teruel;5.5.-Estafas;2023;34
Teruel;5.5.-Estafas;2022;40
Teruel;5.5.-Estafas;2021;26
Teruel;5.5.-Estafas;2020;26
Teruel;5.5.-Estafas;2019;16
Teruel;5.5.-Estafas;2018;17
Teruel;5.5.1.-Estafas informáticas;2024;15
Teruel;5.5.1.-Estafas informáticas;2023;21
Teruel;5.5.1.-Estafas informáticas;2022;25
Teruel;5.5.1.-Estafas informáticas;2021;19
Teruel;5.5.1.-Estafas informáticas;2020;13
Teruel;5.5.1.-Estafas informáticas;2019;6
Teruel;5.5.1.-Estafas informáticas;2018;4
Teruel;5.6.-Daños;2024;22
Teruel;5.6.-Daños;2023;36
Teruel;5.6.-Daños;2022;36
Teruel;5.6.-Daños;2021;34
Teruel;5.6.-Daños;2020;62
Teruel;5.6.-Daños;2019;30
Teruel;5.6.-Daños;2018;34
Teruel;5.7.-Contra la propiedad intelectual/industrial;2024;2
Teruel;5.7.-Contra la propiedad intelectual/industrial;2023;6
Teruel;5.7.-Contra la propiedad intelectual/industrial;2022;5
Teruel;5.7.-Contra la propiedad intelectual/industrial;2021;9
Teruel;5.7.-Contra la propiedad intelectual/industrial;2020;0
Teruel;5.7.-Contra la propiedad intelectual/industrial;2019;1
Teruel;5.7.-Contra la propiedad intelectual/industrial;2018;2
Teruel;5.8.-Blanqueo de capitales;2024;0
Teruel;5.8.-Blanqueo de capitales;2023;0
Teruel;5.8.-Blanqueo de capitales;2022;0
Teruel;5.8.-Blanqueo de capitales;2021;0
Teruel;5.8.-Blanqueo de capitales;2020;0
Teruel;5.8.-Blanqueo de capitales;2019;0
Teruel;5.8.-Blanqueo de capitales;2018;0
Teruel;5.9.-Otros contra el patrimonio;2024;13
Teruel;5.9.-Otros contra el patrimonio;2023;36
Teruel;5.9.-Otros contra el patrimonio;2022;16
Teruel;5.9.-Otros contra el patrimonio;2021;32
Teruel;5.9.-Otros contra el patrimonio;2020;20
Teruel;5.9.-Otros contra el patrimonio;2019;19
Teruel;5.9.-Otros contra el patrimonio;2018;15
Teruel;6. SEGURIDAD COLECTIVA;2024;234
Teruel;6. SEGURIDAD COLECTIVA;2023;191
Teruel;6. SEGURIDAD COLECTIVA;2022;243
Teruel;6. SEGURIDAD COLECTIVA;2021;259
Teruel;6. SEGURIDAD COLECTIVA;2020;181
Teruel;6. SEGURIDAD COLECTIVA;2019;246
Teruel;6. SEGURIDAD COLECTIVA;2018;209
Teruel;6.1.-Tráfico de drogas;2024;58
Teruel;6.1.-Tráfico de drogas;2023;40
Teruel;6.1.-Tráfico de drogas;2022;51
Teruel;6.1.-Tráfico de drogas;2021;89
Teruel;6.1.-Tráfico de drogas;2020;45
Teruel;6.1.-Tráfico de drogas;2019;50
Teruel;6.1.-Tráfico de drogas;2018;52
Teruel;6.2.-Contra la seguridad vial;2024;168
Teruel;6.2.-Contra la seguridad vial;2023;146
Teruel;6.2.-Contra la seguridad vial;2022;189
Teruel;6.2.-Contra la seguridad vial;2021;170
Teruel;6.2.-Contra la seguridad vial;2020;134
Teruel;6.2.-Contra la seguridad vial;2019;193
Teruel;6.2.-Contra la seguridad vial;2018;157
Teruel;6.3.-Otros contra la seguridad colectiva;2024;8
Teruel;6.3.-Otros contra la seguridad colectiva;2023;5
Teruel;6.3.-Otros contra la seguridad colectiva;2022;3
Teruel;6.3.-Otros contra la seguridad colectiva;2021;0
Teruel;6.3.-Otros contra la seguridad colectiva;2020;2
Teruel;6.3.-Otros contra la seguridad colectiva;2019;3
Teruel;6.3.-Otros contra la seguridad colectiva;2018;0
Teruel;7. FALSEDADES;2024;17
Teruel;7. FALSEDADES;2023;17
Teruel;7. FALSEDADES;2022;15
Teruel;7. FALSEDADES;2021;18
Teruel;7. FALSEDADES;2020;16
Teruel;7. FALSEDADES;2019;13
Teruel;7. FALSEDADES;2018;17
Teruel;8. ADMÓN. PÚBLICA;2024;0
Teruel;8. ADMÓN. PÚBLICA;2023;1
Teruel;8. ADMÓN. PÚBLICA;2022;1
Teruel;8. ADMÓN. PÚBLICA;2021;0
Teruel;8. ADMÓN. PÚBLICA;2020;0
Teruel;8. ADMÓN. PÚBLICA;2019;1
Teruel;8. ADMÓN. PÚBLICA;2018;0
Teruel;9. ADMÓN. JUSTICIA;2024;60
Teruel;9. ADMÓN. JUSTICIA;2023;74
Teruel;9. ADMÓN. JUSTICIA;2022;64
Teruel;9. ADMÓN. JUSTICIA;2021;49
Teruel;9. ADMÓN. JUSTICIA;2020;41
Teruel;9. ADMÓN. JUSTICIA;2019;34
Teruel;9. ADMÓN. JUSTICIA;2018;42
Teruel;10. ORDEN PÚBLICO;2024;47
Teruel;10. ORDEN PÚBLICO;2023;39
Teruel;10. ORDEN PÚBLICO;2022;42
Teruel;10. ORDEN PÚBLICO;2021;53
Teruel;10. ORDEN PÚBLICO;2020;59
Teruel;10. ORDEN PÚBLICO;2019;82
Teruel;10. ORDEN PÚBLICO;2018;26
Teruel;11. LEGISLACIÓN ESPECIAL;2024;1
Teruel;11. LEGISLACIÓN ESPECIAL;2023;1
Teruel;11. LEGISLACIÓN ESPECIAL;2022;0
Teruel;11. LEGISLACIÓN ESPECIAL;2021;0
Teruel;11. LEGISLACIÓN ESPECIAL;2020;0
Teruel;11. LEGISLACIÓN ESPECIAL;2019;0
Teruel;11. LEGISLACIÓN ESPECIAL;2018;0
Teruel;12. OTRAS INFRACCIONES PENALES;2024;26
Teruel;12. OTRAS INFRACCIONES PENALES;2023;24
Teruel;12. OTRAS INFRACCIONES PENALES;2022;14
Teruel;12. OTRAS INFRACCIONES PENALES;2021;13
Teruel;12. OTRAS INFRACCIONES PENALES;2020;11
Teruel;12. OTRAS INFRACCIONES PENALES;2019;24
Teruel;12. OTRAS INFRACCIONES PENALES;2018;32
Teruel;TOTAL INFRACCIONES PENALES;2024;1.048
Teruel;TOTAL INFRACCIONES PENALES;2023;1.085
Teruel;TOTAL INFRACCIONES PENALES;2022;1.117
Teruel;TOTAL INFRACCIONES PENALES;2021;956
Teruel;TOTAL INFRACCIONES PENALES;2020;825
Teruel;TOTAL INFRACCIONES PENALES;2019;905
Teruel;TOTAL INFRACCIONES PENALES;2018;853
Toledo;1. CONTRA LAS PERSONAS;2024;1.767
Toledo;1. CONTRA LAS PERSONAS;2023;1.561
Toledo;1. CONTRA LAS PERSONAS;2022;1.580
Toledo;1. CONTRA LAS PERSONAS;2021;1.513
Toledo;1. CONTRA LAS PERSONAS;2020;1.393
Toledo;1. CONTRA LAS PERSONAS;2019;1.526
Toledo;1. CONTRA LAS PERSONAS;2018;1.523
Toledo;1.1.-Homicidios dolosos/asesinatos;2024;24
Toledo;1.1.-Homicidios dolosos/asesinatos;2023;16
Toledo;1.1.-Homicidios dolosos/asesinatos;2022;27
Toledo;1.1.-Homicidios dolosos/asesinatos;2021;38
Toledo;1.1.-Homicidios dolosos/asesinatos;2020;28
Toledo;1.1.-Homicidios dolosos/asesinatos;2019;24
Toledo;1.1.-Homicidios dolosos/asesinatos;2018;13
Toledo;1.1.1.-Homicidios dolosos/asesinatos consumados;2024;3
Toledo;1.1.1.-Homicidios dolosos/asesinatos consumados;2023;3
Toledo;1.1.1.-Homicidios dolosos/asesinatos consumados;2022;12
Toledo;1.1.1.-Homicidios dolosos/asesinatos consumados;2021;11
Toledo;1.1.1.-Homicidios dolosos/asesinatos consumados;2020;10
Toledo;1.1.1.-Homicidios dolosos/asesinatos consumados;2019;3
Toledo;1.1.1.-Homicidios dolosos/asesinatos consumados;2018;6
Toledo;1.2.-Lesiones;2024;715
Toledo;1.2.-Lesiones;2023;562
Toledo;1.2.-Lesiones;2022;619
Toledo;1.2.-Lesiones;2021;603
Toledo;1.2.-Lesiones;2020;524
Toledo;1.2.-Lesiones;2019;656
Toledo;1.2.-Lesiones;2018;676
Toledo;1.3.-Malos tratos ámbito familiar;2024;985
Toledo;1.3.-Malos tratos ámbito familiar;2023;963
Toledo;1.3.-Malos tratos ámbito familiar;2022;865
Toledo;1.3.-Malos tratos ámbito familiar;2021;844
Toledo;1.3.-Malos tratos ámbito familiar;2020;799
Toledo;1.3.-Malos tratos ámbito familiar;2019;803
Toledo;1.3.-Malos tratos ámbito familiar;2018;806
Toledo;1.4.-Otros contra las personas;2024;43
Toledo;1.4.-Otros contra las personas;2023;20
Toledo;1.4.-Otros contra las personas;2022;69
Toledo;1.4.-Otros contra las personas;2021;28
Toledo;1.4.-Otros contra las personas;2020;42
Toledo;1.4.-Otros contra las personas;2019;43
Toledo;1.4.-Otros contra las personas;2018;28
Toledo;2. CONTRA LA LIBERTAD;2024;1.100
Toledo;2. CONTRA LA LIBERTAD;2023;1.145
Toledo;2. CONTRA LA LIBERTAD;2022;948
Toledo;2. CONTRA LA LIBERTAD;2021;842
Toledo;2. CONTRA LA LIBERTAD;2020;815
Toledo;2. CONTRA LA LIBERTAD;2019;687
Toledo;2. CONTRA LA LIBERTAD;2018;771
Toledo;2.1.-Malos tratos habituales en el ámbito familiar;2024;440
Toledo;2.1.-Malos tratos habituales en el ámbito familiar;2023;455
Toledo;2.1.-Malos tratos habituales en el ámbito familiar;2022;313
Toledo;2.1.-Malos tratos habituales en el ámbito familiar;2021;215
Toledo;2.1.-Malos tratos habituales en el ámbito familiar;2020;226
Toledo;2.1.-Malos tratos habituales en el ámbito familiar;2019;190
Toledo;2.1.-Malos tratos habituales en el ámbito familiar;2018;184
Toledo;2.2.-Otros contra la libertad;2024;660
Toledo;2.2.-Otros contra la libertad;2023;690
Toledo;2.2.-Otros contra la libertad;2022;635
Toledo;2.2.-Otros contra la libertad;2021;627
Toledo;2.2.-Otros contra la libertad;2020;589
Toledo;2.2.-Otros contra la libertad;2019;497
Toledo;2.2.-Otros contra la libertad;2018;587
Toledo;3. LIBERTAD SEXUAL;2024;165
Toledo;3. LIBERTAD SEXUAL;2023;167
Toledo;3. LIBERTAD SEXUAL;2022;129
Toledo;3. LIBERTAD SEXUAL;2021;125
Toledo;3. LIBERTAD SEXUAL;2020;86
Toledo;3. LIBERTAD SEXUAL;2019;120
Toledo;3. LIBERTAD SEXUAL;2018;108
Toledo;3.1.-Agresión sexual;2024;104
Toledo;3.1.-Agresión sexual;2023;111
Toledo;3.1.-Agresión sexual;2022;94
Toledo;3.1.-Agresión sexual;2021;89
Toledo;3.1.-Agresión sexual;2020;60
Toledo;3.1.-Agresión sexual;2019;79
Toledo;3.1.-Agresión sexual;2018;69
Toledo;3.2.-Agresión sexual con penetración;2024;31
Toledo;3.2.-Agresión sexual con penetración;2023;27
Toledo;3.2.-Agresión sexual con penetración;2022;20
Toledo;3.2.-Agresión sexual con penetración;2021;23
Toledo;3.2.-Agresión sexual con penetración;2020;10
Toledo;3.2.-Agresión sexual con penetración;2019;12
Toledo;3.2.-Agresión sexual con penetración;2018;21
Toledo;3.3.-Corrupción de menores o incapacitados;2024;0
Toledo;3.3.-Corrupción de menores o incapacitados;2023;3
Toledo;3.3.-Corrupción de menores o incapacitados;2022;1
Toledo;3.3.-Corrupción de menores o incapacitados;2021;1
Toledo;3.3.-Corrupción de menores o incapacitados;2020;0
Toledo;3.3.-Corrupción de menores o incapacitados;2019;0
Toledo;3.3.-Corrupción de menores o incapacitados;2018;1
Toledo;3.4.-Pornografía de menores;2024;12
Toledo;3.4.-Pornografía de menores;2023;8
Toledo;3.4.-Pornografía de menores;2022;0
Toledo;3.4.-Pornografía de menores;2021;3
Toledo;3.4.-Pornografía de menores;2020;5
Toledo;3.4.-Pornografía de menores;2019;17
Toledo;3.4.-Pornografía de menores;2018;7
Toledo;3.5.-Otros contra la libertad sexual;2024;18
Toledo;3.5.-Otros contra la libertad sexual;2023;18
Toledo;3.5.-Otros contra la libertad sexual;2022;14
Toledo;3.5.-Otros contra la libertad sexual;2021;9
Toledo;3.5.-Otros contra la libertad sexual;2020;11
Toledo;3.5.-Otros contra la libertad sexual;2019;12
Toledo;3.5.-Otros contra la libertad sexual;2018;10
Toledo;4. RELACIONES FAMILIARES;2024;31
Toledo;4. RELACIONES FAMILIARES;2023;33
Toledo;4. RELACIONES FAMILIARES;2022;35
Toledo;4. RELACIONES FAMILIARES;2021;40
Toledo;4. RELACIONES FAMILIARES;2020;35
Toledo;4. RELACIONES FAMILIARES;2019;35
Toledo;4. RELACIONES FAMILIARES;2018;46
Toledo;5. PATRIMONIO;2024;2.059
Toledo;5. PATRIMONIO;2023;1.997
Toledo;5. PATRIMONIO;2022;1.860
Toledo;5. PATRIMONIO;2021;1.903
Toledo;5. PATRIMONIO;2020;1.741
Toledo;5. PATRIMONIO;2019;2.255
Toledo;5. PATRIMONIO;2018;1.962
Toledo;5.1.-Hurtos;2024;637
Toledo;5.1.-Hurtos;2023;588
Toledo;5.1.-Hurtos;2022;482
Toledo;5.1.-Hurtos;2021;362
Toledo;5.1.-Hurtos;2020;322
Toledo;5.1.-Hurtos;2019;616
Toledo;5.1.-Hurtos;2018;496
Toledo;5.2.-Robos con fuerza en las cosas;2024;488
Toledo;5.2.-Robos con fuerza en las cosas;2023;473
Toledo;5.2.-Robos con fuerza en las cosas;2022;425
Toledo;5.2.-Robos con fuerza en las cosas;2021;383
Toledo;5.2.-Robos con fuerza en las cosas;2020;419
Toledo;5.2.-Robos con fuerza en las cosas;2019;465
Toledo;5.2.-Robos con fuerza en las cosas;2018;532
Toledo;5.2.1.-Robos con fuerza en las cosas en el interior de vehículos;2024;77
Toledo;5.2.1.-Robos con fuerza en las cosas en el interior de vehículos;2023;76
Toledo;5.2.1.-Robos con fuerza en las cosas en el interior de vehículos;2022;57
Toledo;5.2.1.-Robos con fuerza en las cosas en el interior de vehículos;2021;39
Toledo;5.2.1.-Robos con fuerza en las cosas en el interior de vehículos;2020;56
Toledo;5.2.1.-Robos con fuerza en las cosas en el interior de vehículos;2019;46
Toledo;5.2.1.-Robos con fuerza en las cosas en el interior de vehículos;2018;69
Toledo;5.2.2.-Robos con fuerza en viviendas;2024;142
Toledo;5.2.2.-Robos con fuerza en viviendas;2023;128
Toledo;5.2.2.-Robos con fuerza en viviendas;2022;132
Toledo;5.2.2.-Robos con fuerza en viviendas;2021;145
Toledo;5.2.2.-Robos con fuerza en viviendas;2020;185
Toledo;5.2.2.-Robos con fuerza en viviendas;2019;206
Toledo;5.2.2.-Robos con fuerza en viviendas;2018;231
Toledo;5.2.3.-Robos con fuerza en establecimientos;2024;103
Toledo;5.2.3.-Robos con fuerza en establecimientos;2023;98
Toledo;5.2.3.-Robos con fuerza en establecimientos;2022;105
Toledo;5.2.3.-Robos con fuerza en establecimientos;2021;76
Toledo;5.2.3.-Robos con fuerza en establecimientos;2020;77
Toledo;5.2.3.-Robos con fuerza en establecimientos;2019;93
Toledo;5.2.3.-Robos con fuerza en establecimientos;2018;87
Toledo;5.3.-Robos con violencia o intimidación;2024;176
Toledo;5.3.-Robos con violencia o intimidación;2023;149
Toledo;5.3.-Robos con violencia o intimidación;2022;100
Toledo;5.3.-Robos con violencia o intimidación;2021;154
Toledo;5.3.-Robos con violencia o intimidación;2020;133
Toledo;5.3.-Robos con violencia o intimidación;2019;145
Toledo;5.3.-Robos con violencia o intimidación;2018;156
Toledo;5.3.1.-Robos con violencia en vía pública;2024;84
Toledo;5.3.1.-Robos con violencia en vía pública;2023;70
Toledo;5.3.1.-Robos con violencia en vía pública;2022;35
Toledo;5.3.1.-Robos con violencia en vía pública;2021;70
Toledo;5.3.1.-Robos con violencia en vía pública;2020;61
Toledo;5.3.1.-Robos con violencia en vía pública;2019;59
Toledo;5.3.1.-Robos con violencia en vía pública;2018;76
Toledo;5.3.2.-Robos con violencia en viviendas;2024;33
Toledo;5.3.2.-Robos con violencia en viviendas;2023;18
Toledo;5.3.2.-Robos con violencia en viviendas;2022;15
Toledo;5.3.2.-Robos con violencia en viviendas;2021;20
Toledo;5.3.2.-Robos con violencia en viviendas;2020;29
Toledo;5.3.2.-Robos con violencia en viviendas;2019;20
Toledo;5.3.2.-Robos con violencia en viviendas;2018;29
Toledo;5.3.3.-Robos con violencia en establecimientos;2024;42
Toledo;5.3.3.-Robos con violencia en establecimientos;2023;35
Toledo;5.3.3.-Robos con violencia en establecimientos;2022;30
Toledo;5.3.3.-Robos con violencia en establecimientos;2021;42
Toledo;5.3.3.-Robos con violencia en establecimientos;2020;30
Toledo;5.3.3.-Robos con violencia en establecimientos;2019;42
Toledo;5.3.3.-Robos con violencia en establecimientos;2018;40
Toledo;5.4.-Sustracción de vehículos;2024;52
Toledo;5.4.-Sustracción de vehículos;2023;70
Toledo;5.4.-Sustracción de vehículos;2022;42
Toledo;5.4.-Sustracción de vehículos;2021;42
Toledo;5.4.-Sustracción de vehículos;2020;28
Toledo;5.4.-Sustracción de vehículos;2019;32
Toledo;5.4.-Sustracción de vehículos;2018;42
Toledo;5.5.-Estafas;2024;226
Toledo;5.5.-Estafas;2023;241
Toledo;5.5.-Estafas;2022;330
Toledo;5.5.-Estafas;2021;454
Toledo;5.5.-Estafas;2020;303
Toledo;5.5.-Estafas;2019;315
Toledo;5.5.-Estafas;2018;221
Toledo;5.5.1.-Estafas informáticas;2024;100
Toledo;5.5.1.-Estafas informáticas;2023;106
Toledo;5.5.1.-Estafas informáticas;2022;166
Toledo;5.5.1.-Estafas informáticas;2021;303
Toledo;5.5.1.-Estafas informáticas;2020;135
Toledo;5.5.1.-Estafas informáticas;2019;77
Toledo;5.5.1.-Estafas informáticas;2018;46
Toledo;5.6.-Daños;2024;163
Toledo;5.6.-Daños;2023;187
Toledo;5.6.-Daños;2022;189
Toledo;5.6.-Daños;2021;198
Toledo;5.6.-Daños;2020;153
Toledo;5.6.-Daños;2019;227
Toledo;5.6.-Daños;2018;211
Toledo;5.7.-Contra la propiedad intelectual/industrial;2024;7
Toledo;5.7.-Contra la propiedad intelectual/industrial;2023;8
Toledo;5.7.-Contra la propiedad intelectual/industrial;2022;4
Toledo;5.7.-Contra la propiedad intelectual/industrial;2021;3
Toledo;5.7.-Contra la propiedad intelectual/industrial;2020;3
Toledo;5.7.-Contra la propiedad intelectual/industrial;2019;11
Toledo;5.7.-Contra la propiedad intelectual/industrial;2018;17
Toledo;5.8.-Blanqueo de capitales;2024;2
Toledo;5.8.-Blanqueo de capitales;2023;3
Toledo;5.8.-Blanqueo de capitales;2022;2
Toledo;5.8.-Blanqueo de capitales;2021;6
Toledo;5.8.-Blanqueo de capitales;2020;2
Toledo;5.8.-Blanqueo de capitales;2019;0
Toledo;5.8.-Blanqueo de capitales;2018;1
Toledo;5.9.-Otros contra el patrimonio;2024;308
Toledo;5.9.-Otros contra el patrimonio;2023;278
Toledo;5.9.-Otros contra el patrimonio;2022;286
Toledo;5.9.-Otros contra el patrimonio;2021;301
Toledo;5.9.-Otros contra el patrimonio;2020;378
Toledo;5.9.-Otros contra el patrimonio;2019;444
Toledo;5.9.-Otros contra el patrimonio;2018;286
Toledo;6. SEGURIDAD COLECTIVA;2024;1.422
Toledo;6. SEGURIDAD COLECTIVA;2023;1.376
Toledo;6. SEGURIDAD COLECTIVA;2022;1.322
Toledo;6. SEGURIDAD COLECTIVA;2021;1.289
Toledo;6. SEGURIDAD COLECTIVA;2020;1.207
Toledo;6. SEGURIDAD COLECTIVA;2019;1.197
Toledo;6. SEGURIDAD COLECTIVA;2018;1.063
Toledo;6.1.-Tráfico de drogas;2024;364
Toledo;6.1.-Tráfico de drogas;2023;337
Toledo;6.1.-Tráfico de drogas;2022;362
Toledo;6.1.-Tráfico de drogas;2021;459
Toledo;6.1.-Tráfico de drogas;2020;386
Toledo;6.1.-Tráfico de drogas;2019;327
Toledo;6.1.-Tráfico de drogas;2018;327
Toledo;6.2.-Contra la seguridad vial;2024;1.038
Toledo;6.2.-Contra la seguridad vial;2023;1.016
Toledo;6.2.-Contra la seguridad vial;2022;935
Toledo;6.2.-Contra la seguridad vial;2021;818
Toledo;6.2.-Contra la seguridad vial;2020;800
Toledo;6.2.-Contra la seguridad vial;2019;857
Toledo;6.2.-Contra la seguridad vial;2018;716
Toledo;6.3.-Otros contra la seguridad colectiva;2024;20
Toledo;6.3.-Otros contra la seguridad colectiva;2023;23
Toledo;6.3.-Otros contra la seguridad colectiva;2022;25
Toledo;6.3.-Otros contra la seguridad colectiva;2021;12
Toledo;6.3.-Otros contra la seguridad colectiva;2020;21
Toledo;6.3.-Otros contra la seguridad colectiva;2019;13
Toledo;6.3.-Otros contra la seguridad colectiva;2018;20
Toledo;7. FALSEDADES;2024;124
Toledo;7. FALSEDADES;2023;128
Toledo;7. FALSEDADES;2022;107
Toledo;7. FALSEDADES;2021;185
Toledo;7. FALSEDADES;2020;136
Toledo;7. FALSEDADES;2019;157
Toledo;7. FALSEDADES;2018;121
Toledo;8. ADMÓN. PÚBLICA;2024;1
Toledo;8. ADMÓN. PÚBLICA;2023;1
Toledo;8. ADMÓN. PÚBLICA;2022;1
Toledo;8. ADMÓN. PÚBLICA;2021;2
Toledo;8. ADMÓN. PÚBLICA;2020;1
Toledo;8. ADMÓN. PÚBLICA;2019;0
Toledo;8. ADMÓN. PÚBLICA;2018;1
Toledo;9. ADMÓN. JUSTICIA;2024;425
Toledo;9. ADMÓN. JUSTICIA;2023;420
Toledo;9. ADMÓN. JUSTICIA;2022;448
Toledo;9. ADMÓN. JUSTICIA;2021;362
Toledo;9. ADMÓN. JUSTICIA;2020;347
Toledo;9. ADMÓN. JUSTICIA;2019;333
Toledo;9. ADMÓN. JUSTICIA;2018;337
Toledo;10. ORDEN PÚBLICO;2024;355
Toledo;10. ORDEN PÚBLICO;2023;331
Toledo;10. ORDEN PÚBLICO;2022;308
Toledo;10. ORDEN PÚBLICO;2021;274
Toledo;10. ORDEN PÚBLICO;2020;331
Toledo;10. ORDEN PÚBLICO;2019;210
Toledo;10. ORDEN PÚBLICO;2018;168
Toledo;11. LEGISLACIÓN ESPECIAL;2024;2
Toledo;11. LEGISLACIÓN ESPECIAL;2023;0
Toledo;11. LEGISLACIÓN ESPECIAL;2022;7
Toledo;11. LEGISLACIÓN ESPECIAL;2021;0
Toledo;11. LEGISLACIÓN ESPECIAL;2020;1
Toledo;11. LEGISLACIÓN ESPECIAL;2019;1
Toledo;11. LEGISLACIÓN ESPECIAL;2018;6
Toledo;12. OTRAS INFRACCIONES PENALES;2024;87
Toledo;12. OTRAS INFRACCIONES PENALES;2023;89
Toledo;12. OTRAS INFRACCIONES PENALES;2022;60
Toledo;12. OTRAS INFRACCIONES PENALES;2021;69
Toledo;12. OTRAS INFRACCIONES PENALES;2020;69
Toledo;12. OTRAS INFRACCIONES PENALES;2019;66
Toledo;12. OTRAS INFRACCIONES PENALES;2018;65
Toledo;TOTAL INFRACCIONES PENALES;2024;7.538
Toledo;TOTAL INFRACCIONES PENALES;2023;7.248
Toledo;TOTAL INFRACCIONES PENALES;2022;6.805
Toledo;TOTAL INFRACCIONES PENALES;2021;6.604
Toledo;TOTAL INFRACCIONES PENALES;2020;6.162
Toledo;TOTAL INFRACCIONES PENALES;2019;6.587
Toledo;TOTAL INFRACCIONES PENALES;2018;6.171
Valencia/València;1. CONTRA LAS PERSONAS;2024;7.836
Valencia/València;1. CONTRA LAS PERSONAS;2023;7.176
Valencia/València;1. CONTRA LAS PERSONAS;2022;6.856
Valencia/València;1. CONTRA LAS PERSONAS;2021;6.024
Valencia/València;1. CONTRA LAS PERSONAS;2020;5.359
Valencia/València;1. CONTRA LAS PERSONAS;2019;5.638
Valencia/València;1. CONTRA LAS PERSONAS;2018;5.596
Valencia/València;1.1.-Homicidios dolosos/asesinatos;2024;113
Valencia/València;1.1.-Homicidios dolosos/asesinatos;2023;107
Valencia/València;1.1.-Homicidios dolosos/asesinatos;2022;105
Valencia/València;1.1.-Homicidios dolosos/asesinatos;2021;83
Valencia/València;1.1.-Homicidios dolosos/asesinatos;2020;72
Valencia/València;1.1.-Homicidios dolosos/asesinatos;2019;88
Valencia/València;1.1.-Homicidios dolosos/asesinatos;2018;64
Valencia/València;1.1.1.-Homicidios dolosos/asesinatos consumados;2024;32
Valencia/València;1.1.1.-Homicidios dolosos/asesinatos consumados;2023;21
Valencia/València;1.1.1.-Homicidios dolosos/asesinatos consumados;2022;28
Valencia/València;1.1.1.-Homicidios dolosos/asesinatos consumados;2021;23
Valencia/València;1.1.1.-Homicidios dolosos/asesinatos consumados;2020;27
Valencia/València;1.1.1.-Homicidios dolosos/asesinatos consumados;2019;28
Valencia/València;1.1.1.-Homicidios dolosos/asesinatos consumados;2018;6
Valencia/València;1.2.-Lesiones;2024;1.803
Valencia/València;1.2.-Lesiones;2023;1.721
Valencia/València;1.2.-Lesiones;2022;1.844
Valencia/València;1.2.-Lesiones;2021;1.497
Valencia/València;1.2.-Lesiones;2020;1.083
Valencia/València;1.2.-Lesiones;2019;1.283
Valencia/València;1.2.-Lesiones;2018;1.357
Valencia/València;1.3.-Malos tratos ámbito familiar;2024;5.730
Valencia/València;1.3.-Malos tratos ámbito familiar;2023;5.172
Valencia/València;1.3.-Malos tratos ámbito familiar;2022;4.744
Valencia/València;1.3.-Malos tratos ámbito familiar;2021;4.389
Valencia/València;1.3.-Malos tratos ámbito familiar;2020;4.134
Valencia/València;1.3.-Malos tratos ámbito familiar;2019;4.183
Valencia/València;1.3.-Malos tratos ámbito familiar;2018;4.093
Valencia/València;1.4.-Otros contra las personas;2024;190
Valencia/València;1.4.-Otros contra las personas;2023;176
Valencia/València;1.4.-Otros contra las personas;2022;163
Valencia/València;1.4.-Otros contra las personas;2021;55
Valencia/València;1.4.-Otros contra las personas;2020;70
Valencia/València;1.4.-Otros contra las personas;2019;84
Valencia/València;1.4.-Otros contra las personas;2018;82
Valencia/València;2. CONTRA LA LIBERTAD;2024;2.658
Valencia/València;2. CONTRA LA LIBERTAD;2023;2.742
Valencia/València;2. CONTRA LA LIBERTAD;2022;2.666
Valencia/València;2. CONTRA LA LIBERTAD;2021;2.145
Valencia/València;2. CONTRA LA LIBERTAD;2020;1.871
Valencia/València;2. CONTRA LA LIBERTAD;2019;2.045
Valencia/València;2. CONTRA LA LIBERTAD;2018;1.995
Valencia/València;2.1.-Malos tratos habituales en el ámbito familiar;2024;763
Valencia/València;2.1.-Malos tratos habituales en el ámbito familiar;2023;982
Valencia/València;2.1.-Malos tratos habituales en el ámbito familiar;2022;1.077
Valencia/València;2.1.-Malos tratos habituales en el ámbito familiar;2021;580
Valencia/València;2.1.-Malos tratos habituales en el ámbito familiar;2020;596
Valencia/València;2.1.-Malos tratos habituales en el ámbito familiar;2019;734
Valencia/València;2.1.-Malos tratos habituales en el ámbito familiar;2018;727
Valencia/València;2.2.-Otros contra la libertad;2024;1.895
Valencia/València;2.2.-Otros contra la libertad;2023;1.760
Valencia/València;2.2.-Otros contra la libertad;2022;1.589
Valencia/València;2.2.-Otros contra la libertad;2021;1.565
Valencia/València;2.2.-Otros contra la libertad;2020;1.275
Valencia/València;2.2.-Otros contra la libertad;2019;1.311
Valencia/València;2.2.-Otros contra la libertad;2018;1.268
Valencia/València;3. LIBERTAD SEXUAL;2024;835
Valencia/València;3. LIBERTAD SEXUAL;2023;766
Valencia/València;3. LIBERTAD SEXUAL;2022;717
Valencia/València;3. LIBERTAD SEXUAL;2021;643
Valencia/València;3. LIBERTAD SEXUAL;2020;481
Valencia/València;3. LIBERTAD SEXUAL;2019;584
Valencia/València;3. LIBERTAD SEXUAL;2018;482
Valencia/València;3.1.-Agresión sexual;2024;556
Valencia/València;3.1.-Agresión sexual;2023;518
Valencia/València;3.1.-Agresión sexual;2022;449
Valencia/València;3.1.-Agresión sexual;2021;424
Valencia/València;3.1.-Agresión sexual;2020;291
Valencia/València;3.1.-Agresión sexual;2019;364
Valencia/València;3.1.-Agresión sexual;2018;311
Valencia/València;3.2.-Agresión sexual con penetración;2024;175
Valencia/València;3.2.-Agresión sexual con penetración;2023;150
Valencia/València;3.2.-Agresión sexual con penetración;2022;162
Valencia/València;3.2.-Agresión sexual con penetración;2021;140
Valencia/València;3.2.-Agresión sexual con penetración;2020;106
Valencia/València;3.2.-Agresión sexual con penetración;2019;116
Valencia/València;3.2.-Agresión sexual con penetración;2018;89
Valencia/València;3.3.-Corrupción de menores o incapacitados;2024;11
Valencia/València;3.3.-Corrupción de menores o incapacitados;2023;12
Valencia/València;3.3.-Corrupción de menores o incapacitados;2022;24
Valencia/València;3.3.-Corrupción de menores o incapacitados;2021;8
Valencia/València;3.3.-Corrupción de menores o incapacitados;2020;7
Valencia/València;3.3.-Corrupción de menores o incapacitados;2019;18
Valencia/València;3.3.-Corrupción de menores o incapacitados;2018;8
Valencia/València;3.4.-Pornografía de menores;2024;27
Valencia/València;3.4.-Pornografía de menores;2023;26
Valencia/València;3.4.-Pornografía de menores;2022;26
Valencia/València;3.4.-Pornografía de menores;2021;20
Valencia/València;3.4.-Pornografía de menores;2020;21
Valencia/València;3.4.-Pornografía de menores;2019;41
Valencia/València;3.4.-Pornografía de menores;2018;20
Valencia/València;3.5.-Otros contra la libertad sexual;2024;66
Valencia/València;3.5.-Otros contra la libertad sexual;2023;60
Valencia/València;3.5.-Otros contra la libertad sexual;2022;56
Valencia/València;3.5.-Otros contra la libertad sexual;2021;51
Valencia/València;3.5.-Otros contra la libertad sexual;2020;56
Valencia/València;3.5.-Otros contra la libertad sexual;2019;45
Valencia/València;3.5.-Otros contra la libertad sexual;2018;54
Valencia/València;4. RELACIONES FAMILIARES;2024;99
Valencia/València;4. RELACIONES FAMILIARES;2023;57
Valencia/València;4. RELACIONES FAMILIARES;2022;61
Valencia/València;4. RELACIONES FAMILIARES;2021;55
Valencia/València;4. RELACIONES FAMILIARES;2020;55
Valencia/València;4. RELACIONES FAMILIARES;2019;58
Valencia/València;4. RELACIONES FAMILIARES;2018;72
Valencia/València;5. PATRIMONIO;2024;12.292
Valencia/València;5. PATRIMONIO;2023;11.053
Valencia/València;5. PATRIMONIO;2022;9.543
Valencia/València;5. PATRIMONIO;2021;7.791
Valencia/València;5. PATRIMONIO;2020;6.382
Valencia/València;5. PATRIMONIO;2019;7.823
Valencia/València;5. PATRIMONIO;2018;8.643
Valencia/València;5.1.-Hurtos;2024;5.477
Valencia/València;5.1.-Hurtos;2023;4.890
Valencia/València;5.1.-Hurtos;2022;4.059
Valencia/València;5.1.-Hurtos;2021;3.304
Valencia/València;5.1.-Hurtos;2020;2.356
Valencia/València;5.1.-Hurtos;2019;3.323
Valencia/València;5.1.-Hurtos;2018;4.050
Valencia/València;5.2.-Robos con fuerza en las cosas;2024;2.266
Valencia/València;5.2.-Robos con fuerza en las cosas;2023;2.182
Valencia/València;5.2.-Robos con fuerza en las cosas;2022;1.890
Valencia/València;5.2.-Robos con fuerza en las cosas;2021;1.468
Valencia/València;5.2.-Robos con fuerza en las cosas;2020;1.409
Valencia/València;5.2.-Robos con fuerza en las cosas;2019;1.556
Valencia/València;5.2.-Robos con fuerza en las cosas;2018;1.609
Valencia/València;5.2.1.-Robos con fuerza en las cosas en el interior de vehículos;2024;587
Valencia/València;5.2.1.-Robos con fuerza en las cosas en el interior de vehículos;2023;659
Valencia/València;5.2.1.-Robos con fuerza en las cosas en el interior de vehículos;2022;511
Valencia/València;5.2.1.-Robos con fuerza en las cosas en el interior de vehículos;2021;296
Valencia/València;5.2.1.-Robos con fuerza en las cosas en el interior de vehículos;2020;237
Valencia/València;5.2.1.-Robos con fuerza en las cosas en el interior de vehículos;2019;294
Valencia/València;5.2.1.-Robos con fuerza en las cosas en el interior de vehículos;2018;237
Valencia/València;5.2.2.-Robos con fuerza en viviendas;2024;718
Valencia/València;5.2.2.-Robos con fuerza en viviendas;2023;635
Valencia/València;5.2.2.-Robos con fuerza en viviendas;2022;565
Valencia/València;5.2.2.-Robos con fuerza en viviendas;2021;504
Valencia/València;5.2.2.-Robos con fuerza en viviendas;2020;526
Valencia/València;5.2.2.-Robos con fuerza en viviendas;2019;540
Valencia/València;5.2.2.-Robos con fuerza en viviendas;2018;662
Valencia/València;5.2.3.-Robos con fuerza en establecimientos;2024;471
Valencia/València;5.2.3.-Robos con fuerza en establecimientos;2023;462
Valencia/València;5.2.3.-Robos con fuerza en establecimientos;2022;406
Valencia/València;5.2.3.-Robos con fuerza en establecimientos;2021;318
Valencia/València;5.2.3.-Robos con fuerza en establecimientos;2020;387
Valencia/València;5.2.3.-Robos con fuerza en establecimientos;2019;413
Valencia/València;5.2.3.-Robos con fuerza en establecimientos;2018;372
Valencia/València;5.3.-Robos con violencia o intimidación;2024;1.704
Valencia/València;5.3.-Robos con violencia o intimidación;2023;1.605
Valencia/València;5.3.-Robos con violencia o intimidación;2022;1.347
Valencia/València;5.3.-Robos con violencia o intimidación;2021;1.027
Valencia/València;5.3.-Robos con violencia o intimidación;2020;866
Valencia/València;5.3.-Robos con violencia o intimidación;2019;951
Valencia/València;5.3.-Robos con violencia o intimidación;2018;908
Valencia/València;5.3.1.-Robos con violencia en vía pública;2024;942
Valencia/València;5.3.1.-Robos con violencia en vía pública;2023;971
Valencia/València;5.3.1.-Robos con violencia en vía pública;2022;792
Valencia/València;5.3.1.-Robos con violencia en vía pública;2021;546
Valencia/València;5.3.1.-Robos con violencia en vía pública;2020;462
Valencia/València;5.3.1.-Robos con violencia en vía pública;2019;520
Valencia/València;5.3.1.-Robos con violencia en vía pública;2018;406
Valencia/València;5.3.2.-Robos con violencia en viviendas;2024;146
Valencia/València;5.3.2.-Robos con violencia en viviendas;2023;86
Valencia/València;5.3.2.-Robos con violencia en viviendas;2022;81
Valencia/València;5.3.2.-Robos con violencia en viviendas;2021;80
Valencia/València;5.3.2.-Robos con violencia en viviendas;2020;75
Valencia/València;5.3.2.-Robos con violencia en viviendas;2019;78
Valencia/València;5.3.2.-Robos con violencia en viviendas;2018;77
Valencia/València;5.3.3.-Robos con violencia en establecimientos;2024;404
Valencia/València;5.3.3.-Robos con violencia en establecimientos;2023;355
Valencia/València;5.3.3.-Robos con violencia en establecimientos;2022;327
Valencia/València;5.3.3.-Robos con violencia en establecimientos;2021;274
Valencia/València;5.3.3.-Robos con violencia en establecimientos;2020;225
Valencia/València;5.3.3.-Robos con violencia en establecimientos;2019;231
Valencia/València;5.3.3.-Robos con violencia en establecimientos;2018;298
Valencia/València;5.4.-Sustracción de vehículos;2024;224
Valencia/València;5.4.-Sustracción de vehículos;2023;183
Valencia/València;5.4.-Sustracción de vehículos;2022;160
Valencia/València;5.4.-Sustracción de vehículos;2021;139
Valencia/València;5.4.-Sustracción de vehículos;2020;134
Valencia/València;5.4.-Sustracción de vehículos;2019;188
Valencia/València;5.4.-Sustracción de vehículos;2018;188
Valencia/València;5.5.-Estafas;2024;1.155
Valencia/València;5.5.-Estafas;2023;955
Valencia/València;5.5.-Estafas;2022;843
Valencia/València;5.5.-Estafas;2021;858
Valencia/València;5.5.-Estafas;2020;702
Valencia/València;5.5.-Estafas;2019;738
Valencia/València;5.5.-Estafas;2018;714
Valencia/València;5.5.1.-Estafas informáticas;2024;635
Valencia/València;5.5.1.-Estafas informáticas;2023;477
Valencia/València;5.5.1.-Estafas informáticas;2022;369
Valencia/València;5.5.1.-Estafas informáticas;2021;434
Valencia/València;5.5.1.-Estafas informáticas;2020;349
Valencia/València;5.5.1.-Estafas informáticas;2019;258
Valencia/València;5.5.1.-Estafas informáticas;2018;193
Valencia/València;5.6.-Daños;2024;567
Valencia/València;5.6.-Daños;2023;525
Valencia/València;5.6.-Daños;2022;573
Valencia/València;5.6.-Daños;2021;459
Valencia/València;5.6.-Daños;2020;370
Valencia/València;5.6.-Daños;2019;439
Valencia/València;5.6.-Daños;2018;391
Valencia/València;5.7.-Contra la propiedad intelectual/industrial;2024;45
Valencia/València;5.7.-Contra la propiedad intelectual/industrial;2023;33
Valencia/València;5.7.-Contra la propiedad intelectual/industrial;2022;18
Valencia/València;5.7.-Contra la propiedad intelectual/industrial;2021;37
Valencia/València;5.7.-Contra la propiedad intelectual/industrial;2020;41
Valencia/València;5.7.-Contra la propiedad intelectual/industrial;2019;49
Valencia/València;5.7.-Contra la propiedad intelectual/industrial;2018;120
Valencia/València;5.8.-Blanqueo de capitales;2024;37
Valencia/València;5.8.-Blanqueo de capitales;2023;22
Valencia/València;5.8.-Blanqueo de capitales;2022;15
Valencia/València;5.8.-Blanqueo de capitales;2021;23
Valencia/València;5.8.-Blanqueo de capitales;2020;23
Valencia/València;5.8.-Blanqueo de capitales;2019;31
Valencia/València;5.8.-Blanqueo de capitales;2018;46
Valencia/València;5.9.-Otros contra el patrimonio;2024;817
Valencia/València;5.9.-Otros contra el patrimonio;2023;658
Valencia/València;5.9.-Otros contra el patrimonio;2022;638
Valencia/València;5.9.-Otros contra el patrimonio;2021;476
Valencia/València;5.9.-Otros contra el patrimonio;2020;481
Valencia/València;5.9.-Otros contra el patrimonio;2019;548
Valencia/València;5.9.-Otros contra el patrimonio;2018;617
Valencia/València;6. SEGURIDAD COLECTIVA;2024;4.829
Valencia/València;6. SEGURIDAD COLECTIVA;2023;4.654
Valencia/València;6. SEGURIDAD COLECTIVA;2022;4.411
Valencia/València;6. SEGURIDAD COLECTIVA;2021;3.648
Valencia/València;6. SEGURIDAD COLECTIVA;2020;3.448
Valencia/València;6. SEGURIDAD COLECTIVA;2019;4.121
Valencia/València;6. SEGURIDAD COLECTIVA;2018;4.030
Valencia/València;6.1.-Tráfico de drogas;2024;1.989
Valencia/València;6.1.-Tráfico de drogas;2023;1.736
Valencia/València;6.1.-Tráfico de drogas;2022;1.372
Valencia/València;6.1.-Tráfico de drogas;2021;1.259
Valencia/València;6.1.-Tráfico de drogas;2020;1.369
Valencia/València;6.1.-Tráfico de drogas;2019;1.556
Valencia/València;6.1.-Tráfico de drogas;2018;1.472
Valencia/València;6.2.-Contra la seguridad vial;2024;2.661
Valencia/València;6.2.-Contra la seguridad vial;2023;2.754
Valencia/València;6.2.-Contra la seguridad vial;2022;2.894
Valencia/València;6.2.-Contra la seguridad vial;2021;2.228
Valencia/València;6.2.-Contra la seguridad vial;2020;1.960
Valencia/València;6.2.-Contra la seguridad vial;2019;2.478
Valencia/València;6.2.-Contra la seguridad vial;2018;2.410
Valencia/València;6.3.-Otros contra la seguridad colectiva;2024;179
Valencia/València;6.3.-Otros contra la seguridad colectiva;2023;164
Valencia/València;6.3.-Otros contra la seguridad colectiva;2022;145
Valencia/València;6.3.-Otros contra la seguridad colectiva;2021;161
Valencia/València;6.3.-Otros contra la seguridad colectiva;2020;119
Valencia/València;6.3.-Otros contra la seguridad colectiva;2019;87
Valencia/València;6.3.-Otros contra la seguridad colectiva;2018;148
Valencia/València;7. FALSEDADES;2024;642
Valencia/València;7. FALSEDADES;2023;589
Valencia/València;7. FALSEDADES;2022;496
Valencia/València;7. FALSEDADES;2021;416
Valencia/València;7. FALSEDADES;2020;336
Valencia/València;7. FALSEDADES;2019;549
Valencia/València;7. FALSEDADES;2018;717
Valencia/València;8. ADMÓN. PÚBLICA;2024;11
Valencia/València;8. ADMÓN. PÚBLICA;2023;6
Valencia/València;8. ADMÓN. PÚBLICA;2022;6
Valencia/València;8. ADMÓN. PÚBLICA;2021;10
Valencia/València;8. ADMÓN. PÚBLICA;2020;11
Valencia/València;8. ADMÓN. PÚBLICA;2019;14
Valencia/València;8. ADMÓN. PÚBLICA;2018;6
Valencia/València;9. ADMÓN. JUSTICIA;2024;2.073
Valencia/València;9. ADMÓN. JUSTICIA;2023;2.147
Valencia/València;9. ADMÓN. JUSTICIA;2022;1.897
Valencia/València;9. ADMÓN. JUSTICIA;2021;1.709
Valencia/València;9. ADMÓN. JUSTICIA;2020;1.551
Valencia/València;9. ADMÓN. JUSTICIA;2019;1.673
Valencia/València;9. ADMÓN. JUSTICIA;2018;1.544
Valencia/València;10. ORDEN PÚBLICO;2024;1.515
Valencia/València;10. ORDEN PÚBLICO;2023;1.476
Valencia/València;10. ORDEN PÚBLICO;2022;1.387
Valencia/València;10. ORDEN PÚBLICO;2021;1.397
Valencia/València;10. ORDEN PÚBLICO;2020;1.509
Valencia/València;10. ORDEN PÚBLICO;2019;982
Valencia/València;10. ORDEN PÚBLICO;2018;1.017
Valencia/València;11. LEGISLACIÓN ESPECIAL;2024;6
Valencia/València;11. LEGISLACIÓN ESPECIAL;2023;12
Valencia/València;11. LEGISLACIÓN ESPECIAL;2022;2
Valencia/València;11. LEGISLACIÓN ESPECIAL;2021;22
Valencia/València;11. LEGISLACIÓN ESPECIAL;2020;12
Valencia/València;11. LEGISLACIÓN ESPECIAL;2019;9
Valencia/València;11. LEGISLACIÓN ESPECIAL;2018;62
Valencia/València;12. OTRAS INFRACCIONES PENALES;2024;193
Valencia/València;12. OTRAS INFRACCIONES PENALES;2023;133
Valencia/València;12. OTRAS INFRACCIONES PENALES;2022;201
Valencia/València;12. OTRAS INFRACCIONES PENALES;2021;222
Valencia/València;12. OTRAS INFRACCIONES PENALES;2020;178
Valencia/València;12. OTRAS INFRACCIONES PENALES;2019;204
Valencia/València;12. OTRAS INFRACCIONES PENALES;2018;158
Valencia/València;TOTAL INFRACCIONES PENALES;2024;32.989
Valencia/València;TOTAL INFRACCIONES PENALES;2023;30.811
Valencia/València;TOTAL INFRACCIONES PENALES;2022;28.243
Valencia/València;TOTAL INFRACCIONES PENALES;2021;24.082
Valencia/València;TOTAL INFRACCIONES PENALES;2020;21.193
Valencia/València;TOTAL INFRACCIONES PENALES;2019;23.700
Valencia/València;TOTAL INFRACCIONES PENALES;2018;24.322
Valladolid;1. CONTRA LAS PERSONAS;2024;1.155
Valladolid;1. CONTRA LAS PERSONAS;2023;1.064
Valladolid;1. CONTRA LAS PERSONAS;2022;1.034
Valladolid;1. CONTRA LAS PERSONAS;2021;958
Valladolid;1. CONTRA LAS PERSONAS;2020;766
Valladolid;1. CONTRA LAS PERSONAS;2019;845
Valladolid;1. CONTRA LAS PERSONAS;2018;800
Valladolid;1.1.-Homicidios dolosos/asesinatos;2024;17
Valladolid;1.1.-Homicidios dolosos/asesinatos;2023;16
Valladolid;1.1.-Homicidios dolosos/asesinatos;2022;12
Valladolid;1.1.-Homicidios dolosos/asesinatos;2021;6
Valladolid;1.1.-Homicidios dolosos/asesinatos;2020;14
Valladolid;1.1.-Homicidios dolosos/asesinatos;2019;8
Valladolid;1.1.-Homicidios dolosos/asesinatos;2018;9
Valladolid;1.1.1.-Homicidios dolosos/asesinatos consumados;2024;0
Valladolid;1.1.1.-Homicidios dolosos/asesinatos consumados;2023;1
Valladolid;1.1.1.-Homicidios dolosos/asesinatos consumados;2022;8
Valladolid;1.1.1.-Homicidios dolosos/asesinatos consumados;2021;2
Valladolid;1.1.1.-Homicidios dolosos/asesinatos consumados;2020;9
Valladolid;1.1.1.-Homicidios dolosos/asesinatos consumados;2019;6
Valladolid;1.1.1.-Homicidios dolosos/asesinatos consumados;2018;7
Valladolid;1.2.-Lesiones;2024;387
Valladolid;1.2.-Lesiones;2023;344
Valladolid;1.2.-Lesiones;2022;373
Valladolid;1.2.-Lesiones;2021;305
Valladolid;1.2.-Lesiones;2020;262
Valladolid;1.2.-Lesiones;2019;322
Valladolid;1.2.-Lesiones;2018;298
Valladolid;1.3.-Malos tratos ámbito familiar;2024;723
Valladolid;1.3.-Malos tratos ámbito familiar;2023;674
Valladolid;1.3.-Malos tratos ámbito familiar;2022;626
Valladolid;1.3.-Malos tratos ámbito familiar;2021;635
Valladolid;1.3.-Malos tratos ámbito familiar;2020;476
Valladolid;1.3.-Malos tratos ámbito familiar;2019;496
Valladolid;1.3.-Malos tratos ámbito familiar;2018;483
Valladolid;1.4.-Otros contra las personas;2024;28
Valladolid;1.4.-Otros contra las personas;2023;30
Valladolid;1.4.-Otros contra las personas;2022;23
Valladolid;1.4.-Otros contra las personas;2021;12
Valladolid;1.4.-Otros contra las personas;2020;14
Valladolid;1.4.-Otros contra las personas;2019;19
Valladolid;1.4.-Otros contra las personas;2018;10
Valladolid;2. CONTRA LA LIBERTAD;2024;468
Valladolid;2. CONTRA LA LIBERTAD;2023;434
Valladolid;2. CONTRA LA LIBERTAD;2022;394
Valladolid;2. CONTRA LA LIBERTAD;2021;382
Valladolid;2. CONTRA LA LIBERTAD;2020;320
Valladolid;2. CONTRA LA LIBERTAD;2019;400
Valladolid;2. CONTRA LA LIBERTAD;2018;393
Valladolid;2.1.-Malos tratos habituales en el ámbito familiar;2024;74
Valladolid;2.1.-Malos tratos habituales en el ámbito familiar;2023;97
Valladolid;2.1.-Malos tratos habituales en el ámbito familiar;2022;86
Valladolid;2.1.-Malos tratos habituales en el ámbito familiar;2021;63
Valladolid;2.1.-Malos tratos habituales en el ámbito familiar;2020;63
Valladolid;2.1.-Malos tratos habituales en el ámbito familiar;2019;77
Valladolid;2.1.-Malos tratos habituales en el ámbito familiar;2018;87
Valladolid;2.2.-Otros contra la libertad;2024;394
Valladolid;2.2.-Otros contra la libertad;2023;337
Valladolid;2.2.-Otros contra la libertad;2022;308
Valladolid;2.2.-Otros contra la libertad;2021;319
Valladolid;2.2.-Otros contra la libertad;2020;257
Valladolid;2.2.-Otros contra la libertad;2019;323
Valladolid;2.2.-Otros contra la libertad;2018;306
Valladolid;3. LIBERTAD SEXUAL;2024;128
Valladolid;3. LIBERTAD SEXUAL;2023;111
Valladolid;3. LIBERTAD SEXUAL;2022;104
Valladolid;3. LIBERTAD SEXUAL;2021;105
Valladolid;3. LIBERTAD SEXUAL;2020;68
Valladolid;3. LIBERTAD SEXUAL;2019;71
Valladolid;3. LIBERTAD SEXUAL;2018;65
Valladolid;3.1.-Agresión sexual;2024;94
Valladolid;3.1.-Agresión sexual;2023;53
Valladolid;3.1.-Agresión sexual;2022;64
Valladolid;3.1.-Agresión sexual;2021;48
Valladolid;3.1.-Agresión sexual;2020;44
Valladolid;3.1.-Agresión sexual;2019;38
Valladolid;3.1.-Agresión sexual;2018;33
Valladolid;3.2.-Agresión sexual con penetración;2024;21
Valladolid;3.2.-Agresión sexual con penetración;2023;33
Valladolid;3.2.-Agresión sexual con penetración;2022;5
Valladolid;3.2.-Agresión sexual con penetración;2021;36
Valladolid;3.2.-Agresión sexual con penetración;2020;12
Valladolid;3.2.-Agresión sexual con penetración;2019;16
Valladolid;3.2.-Agresión sexual con penetración;2018;14
Valladolid;3.3.-Corrupción de menores o incapacitados;2024;3
Valladolid;3.3.-Corrupción de menores o incapacitados;2023;5
Valladolid;3.3.-Corrupción de menores o incapacitados;2022;2
Valladolid;3.3.-Corrupción de menores o incapacitados;2021;4
Valladolid;3.3.-Corrupción de menores o incapacitados;2020;0
Valladolid;3.3.-Corrupción de menores o incapacitados;2019;0
Valladolid;3.3.-Corrupción de menores o incapacitados;2018;0
Valladolid;3.4.-Pornografía de menores;2024;2
Valladolid;3.4.-Pornografía de menores;2023;8
Valladolid;3.4.-Pornografía de menores;2022;12
Valladolid;3.4.-Pornografía de menores;2021;10
Valladolid;3.4.-Pornografía de menores;2020;2
Valladolid;3.4.-Pornografía de menores;2019;7
Valladolid;3.4.-Pornografía de menores;2018;10
Valladolid;3.5.-Otros contra la libertad sexual;2024;8
Valladolid;3.5.-Otros contra la libertad sexual;2023;12
Valladolid;3.5.-Otros contra la libertad sexual;2022;21
Valladolid;3.5.-Otros contra la libertad sexual;2021;7
Valladolid;3.5.-Otros contra la libertad sexual;2020;10
Valladolid;3.5.-Otros contra la libertad sexual;2019;10
Valladolid;3.5.-Otros contra la libertad sexual;2018;8
Valladolid;4. RELACIONES FAMILIARES;2024;12
Valladolid;4. RELACIONES FAMILIARES;2023;13
Valladolid;4. RELACIONES FAMILIARES;2022;10
Valladolid;4. RELACIONES FAMILIARES;2021;11
Valladolid;4. RELACIONES FAMILIARES;2020;6
Valladolid;4. RELACIONES FAMILIARES;2019;14
Valladolid;4. RELACIONES FAMILIARES;2018;6
Valladolid;5. PATRIMONIO;2024;1.181
Valladolid;5. PATRIMONIO;2023;1.143
Valladolid;5. PATRIMONIO;2022;1.066
Valladolid;5. PATRIMONIO;2021;939
Valladolid;5. PATRIMONIO;2020;903
Valladolid;5. PATRIMONIO;2019;1.144
Valladolid;5. PATRIMONIO;2018;1.169
Valladolid;5.1.-Hurtos;2024;404
Valladolid;5.1.-Hurtos;2023;354
Valladolid;5.1.-Hurtos;2022;349
Valladolid;5.1.-Hurtos;2021;297
Valladolid;5.1.-Hurtos;2020;284
Valladolid;5.1.-Hurtos;2019;429
Valladolid;5.1.-Hurtos;2018;415
Valladolid;5.2.-Robos con fuerza en las cosas;2024;192
Valladolid;5.2.-Robos con fuerza en las cosas;2023;193
Valladolid;5.2.-Robos con fuerza en las cosas;2022;248
Valladolid;5.2.-Robos con fuerza en las cosas;2021;196
Valladolid;5.2.-Robos con fuerza en las cosas;2020;187
Valladolid;5.2.-Robos con fuerza en las cosas;2019;222
Valladolid;5.2.-Robos con fuerza en las cosas;2018;251
Valladolid;5.2.1.-Robos con fuerza en las cosas en el interior de vehículos;2024;41
Valladolid;5.2.1.-Robos con fuerza en las cosas en el interior de vehículos;2023;29
Valladolid;5.2.1.-Robos con fuerza en las cosas en el interior de vehículos;2022;37
Valladolid;5.2.1.-Robos con fuerza en las cosas en el interior de vehículos;2021;38
Valladolid;5.2.1.-Robos con fuerza en las cosas en el interior de vehículos;2020;45
Valladolid;5.2.1.-Robos con fuerza en las cosas en el interior de vehículos;2019;32
Valladolid;5.2.1.-Robos con fuerza en las cosas en el interior de vehículos;2018;49
Valladolid;5.2.2.-Robos con fuerza en viviendas;2024;33
Valladolid;5.2.2.-Robos con fuerza en viviendas;2023;50
Valladolid;5.2.2.-Robos con fuerza en viviendas;2022;54
Valladolid;5.2.2.-Robos con fuerza en viviendas;2021;41
Valladolid;5.2.2.-Robos con fuerza en viviendas;2020;32
Valladolid;5.2.2.-Robos con fuerza en viviendas;2019;63
Valladolid;5.2.2.-Robos con fuerza en viviendas;2018;79
Valladolid;5.2.3.-Robos con fuerza en establecimientos;2024;47
Valladolid;5.2.3.-Robos con fuerza en establecimientos;2023;61
Valladolid;5.2.3.-Robos con fuerza en establecimientos;2022;104
Valladolid;5.2.3.-Robos con fuerza en establecimientos;2021;67
Valladolid;5.2.3.-Robos con fuerza en establecimientos;2020;42
Valladolid;5.2.3.-Robos con fuerza en establecimientos;2019;67
Valladolid;5.2.3.-Robos con fuerza en establecimientos;2018;73
Valladolid;5.3.-Robos con violencia o intimidación;2024;148
Valladolid;5.3.-Robos con violencia o intimidación;2023;153
Valladolid;5.3.-Robos con violencia o intimidación;2022;108
Valladolid;5.3.-Robos con violencia o intimidación;2021;103
Valladolid;5.3.-Robos con violencia o intimidación;2020;81
Valladolid;5.3.-Robos con violencia o intimidación;2019;104
Valladolid;5.3.-Robos con violencia o intimidación;2018;113
Valladolid;5.3.1.-Robos con violencia en vía pública;2024;78
Valladolid;5.3.1.-Robos con violencia en vía pública;2023;66
Valladolid;5.3.1.-Robos con violencia en vía pública;2022;43
Valladolid;5.3.1.-Robos con violencia en vía pública;2021;50
Valladolid;5.3.1.-Robos con violencia en vía pública;2020;52
Valladolid;5.3.1.-Robos con violencia en vía pública;2019;66
Valladolid;5.3.1.-Robos con violencia en vía pública;2018;63
Valladolid;5.3.2.-Robos con violencia en viviendas;2024;6
Valladolid;5.3.2.-Robos con violencia en viviendas;2023;13
Valladolid;5.3.2.-Robos con violencia en viviendas;2022;7
Valladolid;5.3.2.-Robos con violencia en viviendas;2021;23
Valladolid;5.3.2.-Robos con violencia en viviendas;2020;4
Valladolid;5.3.2.-Robos con violencia en viviendas;2019;7
Valladolid;5.3.2.-Robos con violencia en viviendas;2018;11
Valladolid;5.3.3.-Robos con violencia en establecimientos;2024;49
Valladolid;5.3.3.-Robos con violencia en establecimientos;2023;54
Valladolid;5.3.3.-Robos con violencia en establecimientos;2022;36
Valladolid;5.3.3.-Robos con violencia en establecimientos;2021;23
Valladolid;5.3.3.-Robos con violencia en establecimientos;2020;8
Valladolid;5.3.3.-Robos con violencia en establecimientos;2019;15
Valladolid;5.3.3.-Robos con violencia en establecimientos;2018;21
Valladolid;5.4.-Sustracción de vehículos;2024;19
Valladolid;5.4.-Sustracción de vehículos;2023;21
Valladolid;5.4.-Sustracción de vehículos;2022;21
Valladolid;5.4.-Sustracción de vehículos;2021;17
Valladolid;5.4.-Sustracción de vehículos;2020;15
Valladolid;5.4.-Sustracción de vehículos;2019;13
Valladolid;5.4.-Sustracción de vehículos;2018;17
Valladolid;5.5.-Estafas;2024;212
Valladolid;5.5.-Estafas;2023;180
Valladolid;5.5.-Estafas;2022;141
Valladolid;5.5.-Estafas;2021;141
Valladolid;5.5.-Estafas;2020;161
Valladolid;5.5.-Estafas;2019;171
Valladolid;5.5.-Estafas;2018;162
Valladolid;5.5.1.-Estafas informáticas;2024;110
Valladolid;5.5.1.-Estafas informáticas;2023;119
Valladolid;5.5.1.-Estafas informáticas;2022;70
Valladolid;5.5.1.-Estafas informáticas;2021;80
Valladolid;5.5.1.-Estafas informáticas;2020;71
Valladolid;5.5.1.-Estafas informáticas;2019;42
Valladolid;5.5.1.-Estafas informáticas;2018;36
Valladolid;5.6.-Daños;2024;96
Valladolid;5.6.-Daños;2023;91
Valladolid;5.6.-Daños;2022;82
Valladolid;5.6.-Daños;2021;92
Valladolid;5.6.-Daños;2020;84
Valladolid;5.6.-Daños;2019;87
Valladolid;5.6.-Daños;2018;89
Valladolid;5.7.-Contra la propiedad intelectual/industrial;2024;4
Valladolid;5.7.-Contra la propiedad intelectual/industrial;2023;52
Valladolid;5.7.-Contra la propiedad intelectual/industrial;2022;12
Valladolid;5.7.-Contra la propiedad intelectual/industrial;2021;7
Valladolid;5.7.-Contra la propiedad intelectual/industrial;2020;0
Valladolid;5.7.-Contra la propiedad intelectual/industrial;2019;5
Valladolid;5.7.-Contra la propiedad intelectual/industrial;2018;15
Valladolid;5.8.-Blanqueo de capitales;2024;8
Valladolid;5.8.-Blanqueo de capitales;2023;0
Valladolid;5.8.-Blanqueo de capitales;2022;0
Valladolid;5.8.-Blanqueo de capitales;2021;1
Valladolid;5.8.-Blanqueo de capitales;2020;2
Valladolid;5.8.-Blanqueo de capitales;2019;0
Valladolid;5.8.-Blanqueo de capitales;2018;0
Valladolid;5.9.-Otros contra el patrimonio;2024;98
Valladolid;5.9.-Otros contra el patrimonio;2023;99
Valladolid;5.9.-Otros contra el patrimonio;2022;105
Valladolid;5.9.-Otros contra el patrimonio;2021;85
Valladolid;5.9.-Otros contra el patrimonio;2020;89
Valladolid;5.9.-Otros contra el patrimonio;2019;113
Valladolid;5.9.-Otros contra el patrimonio;2018;107
Valladolid;6. SEGURIDAD COLECTIVA;2024;438
Valladolid;6. SEGURIDAD COLECTIVA;2023;429
Valladolid;6. SEGURIDAD COLECTIVA;2022;429
Valladolid;6. SEGURIDAD COLECTIVA;2021;416
Valladolid;6. SEGURIDAD COLECTIVA;2020;417
Valladolid;6. SEGURIDAD COLECTIVA;2019;431
Valladolid;6. SEGURIDAD COLECTIVA;2018;474
Valladolid;6.1.-Tráfico de drogas;2024;88
Valladolid;6.1.-Tráfico de drogas;2023;117
Valladolid;6.1.-Tráfico de drogas;2022;89
Valladolid;6.1.-Tráfico de drogas;2021;119
Valladolid;6.1.-Tráfico de drogas;2020;160
Valladolid;6.1.-Tráfico de drogas;2019;95
Valladolid;6.1.-Tráfico de drogas;2018;164
Valladolid;6.2.-Contra la seguridad vial;2024;337
Valladolid;6.2.-Contra la seguridad vial;2023;303
Valladolid;6.2.-Contra la seguridad vial;2022;328
Valladolid;6.2.-Contra la seguridad vial;2021;291
Valladolid;6.2.-Contra la seguridad vial;2020;252
Valladolid;6.2.-Contra la seguridad vial;2019;331
Valladolid;6.2.-Contra la seguridad vial;2018;298
Valladolid;6.3.-Otros contra la seguridad colectiva;2024;13
Valladolid;6.3.-Otros contra la seguridad colectiva;2023;9
Valladolid;6.3.-Otros contra la seguridad colectiva;2022;12
Valladolid;6.3.-Otros contra la seguridad colectiva;2021;6
Valladolid;6.3.-Otros contra la seguridad colectiva;2020;5
Valladolid;6.3.-Otros contra la seguridad colectiva;2019;5
Valladolid;6.3.-Otros contra la seguridad colectiva;2018;12
Valladolid;7. FALSEDADES;2024;64
Valladolid;7. FALSEDADES;2023;62
Valladolid;7. FALSEDADES;2022;62
Valladolid;7. FALSEDADES;2021;71
Valladolid;7. FALSEDADES;2020;80
Valladolid;7. FALSEDADES;2019;35
Valladolid;7. FALSEDADES;2018;54
Valladolid;8. ADMÓN. PÚBLICA;2024;1
Valladolid;8. ADMÓN. PÚBLICA;2023;3
Valladolid;8. ADMÓN. PÚBLICA;2022;3
Valladolid;8. ADMÓN. PÚBLICA;2021;5
Valladolid;8. ADMÓN. PÚBLICA;2020;5
Valladolid;8. ADMÓN. PÚBLICA;2019;4
Valladolid;8. ADMÓN. PÚBLICA;2018;2
Valladolid;9. ADMÓN. JUSTICIA;2024;242
Valladolid;9. ADMÓN. JUSTICIA;2023;200
Valladolid;9. ADMÓN. JUSTICIA;2022;207
Valladolid;9. ADMÓN. JUSTICIA;2021;188
Valladolid;9. ADMÓN. JUSTICIA;2020;134
Valladolid;9. ADMÓN. JUSTICIA;2019;171
Valladolid;9. ADMÓN. JUSTICIA;2018;175
Valladolid;10. ORDEN PÚBLICO;2024;168
Valladolid;10. ORDEN PÚBLICO;2023;165
Valladolid;10. ORDEN PÚBLICO;2022;177
Valladolid;10. ORDEN PÚBLICO;2021;182
Valladolid;10. ORDEN PÚBLICO;2020;163
Valladolid;10. ORDEN PÚBLICO;2019;125
Valladolid;10. ORDEN PÚBLICO;2018;103
Valladolid;11. LEGISLACIÓN ESPECIAL;2024;1
Valladolid;11. LEGISLACIÓN ESPECIAL;2023;0
Valladolid;11. LEGISLACIÓN ESPECIAL;2022;1
Valladolid;11. LEGISLACIÓN ESPECIAL;2021;1
Valladolid;11. LEGISLACIÓN ESPECIAL;2020;0
Valladolid;11. LEGISLACIÓN ESPECIAL;2019;9
Valladolid;11. LEGISLACIÓN ESPECIAL;2018;0
Valladolid;12. OTRAS INFRACCIONES PENALES;2024;69
Valladolid;12. OTRAS INFRACCIONES PENALES;2023;46
Valladolid;12. OTRAS INFRACCIONES PENALES;2022;65
Valladolid;12. OTRAS INFRACCIONES PENALES;2021;89
Valladolid;12. OTRAS INFRACCIONES PENALES;2020;50
Valladolid;12. OTRAS INFRACCIONES PENALES;2019;75
Valladolid;12. OTRAS INFRACCIONES PENALES;2018;35
Valladolid;TOTAL INFRACCIONES PENALES;2024;3.927
Valladolid;TOTAL INFRACCIONES PENALES;2023;3.670
Valladolid;TOTAL INFRACCIONES PENALES;2022;3.552
Valladolid;TOTAL INFRACCIONES PENALES;2021;3.347
Valladolid;TOTAL INFRACCIONES PENALES;2020;2.912
Valladolid;TOTAL INFRACCIONES PENALES;2019;3.324
Valladolid;TOTAL INFRACCIONES PENALES;2018;3.276
Bizkaia;1. CONTRA LAS PERSONAS;2024;604
Bizkaia;1. CONTRA LAS PERSONAS;2023;541
Bizkaia;1. CONTRA LAS PERSONAS;2022;449
Bizkaia;1. CONTRA LAS PERSONAS;2021;359
Bizkaia;1. CONTRA LAS PERSONAS;2020;305
Bizkaia;1. CONTRA LAS PERSONAS;2019;302
Bizkaia;1. CONTRA LAS PERSONAS;2018;223
Bizkaia;1.1.-Homicidios dolosos/asesinatos;2024;34
Bizkaia;1.1.-Homicidios dolosos/asesinatos;2023;23
Bizkaia;1.1.-Homicidios dolosos/asesinatos;2022;33
Bizkaia;1.1.-Homicidios dolosos/asesinatos;2021;40
Bizkaia;1.1.-Homicidios dolosos/asesinatos;2020;33
Bizkaia;1.1.-Homicidios dolosos/asesinatos;2019;21
Bizkaia;1.1.-Homicidios dolosos/asesinatos;2018;20
Bizkaia;1.1.1.-Homicidios dolosos/asesinatos consumados;2024;10
Bizkaia;1.1.1.-Homicidios dolosos/asesinatos consumados;2023;6
Bizkaia;1.1.1.-Homicidios dolosos/asesinatos consumados;2022;7
Bizkaia;1.1.1.-Homicidios dolosos/asesinatos consumados;2021;10
Bizkaia;1.1.1.-Homicidios dolosos/asesinatos consumados;2020;8
Bizkaia;1.1.1.-Homicidios dolosos/asesinatos consumados;2019;9
Bizkaia;1.1.1.-Homicidios dolosos/asesinatos consumados;2018;6
Bizkaia;1.2.-Lesiones;2024;213
Bizkaia;1.2.-Lesiones;2023;204
Bizkaia;1.2.-Lesiones;2022;202
Bizkaia;1.2.-Lesiones;2021;158
Bizkaia;1.2.-Lesiones;2020;121
Bizkaia;1.2.-Lesiones;2019;137
Bizkaia;1.2.-Lesiones;2018;127
Bizkaia;1.3.-Malos tratos ámbito familiar;2024;340
Bizkaia;1.3.-Malos tratos ámbito familiar;2023;312
Bizkaia;1.3.-Malos tratos ámbito familiar;2022;211
Bizkaia;1.3.-Malos tratos ámbito familiar;2021;159
Bizkaia;1.3.-Malos tratos ámbito familiar;2020;145
Bizkaia;1.3.-Malos tratos ámbito familiar;2019;142
Bizkaia;1.3.-Malos tratos ámbito familiar;2018;74
Bizkaia;1.4.-Otros contra las personas;2024;17
Bizkaia;1.4.-Otros contra las personas;2023;2
Bizkaia;1.4.-Otros contra las personas;2022;3
Bizkaia;1.4.-Otros contra las personas;2021;2
Bizkaia;1.4.-Otros contra las personas;2020;6
Bizkaia;1.4.-Otros contra las personas;2019;2
Bizkaia;1.4.-Otros contra las personas;2018;2
Bizkaia;2. CONTRA LA LIBERTAD;2024;571
Bizkaia;2. CONTRA LA LIBERTAD;2023;584
Bizkaia;2. CONTRA LA LIBERTAD;2022;475
Bizkaia;2. CONTRA LA LIBERTAD;2021;391
Bizkaia;2. CONTRA LA LIBERTAD;2020;433
Bizkaia;2. CONTRA LA LIBERTAD;2019;372
Bizkaia;2. CONTRA LA LIBERTAD;2018;347
Bizkaia;2.1.-Malos tratos habituales en el ámbito familiar;2024;451
Bizkaia;2.1.-Malos tratos habituales en el ámbito familiar;2023;459
Bizkaia;2.1.-Malos tratos habituales en el ámbito familiar;2022;392
Bizkaia;2.1.-Malos tratos habituales en el ámbito familiar;2021;298
Bizkaia;2.1.-Malos tratos habituales en el ámbito familiar;2020;353
Bizkaia;2.1.-Malos tratos habituales en el ámbito familiar;2019;307
Bizkaia;2.1.-Malos tratos habituales en el ámbito familiar;2018;292
Bizkaia;2.2.-Otros contra la libertad;2024;120
Bizkaia;2.2.-Otros contra la libertad;2023;125
Bizkaia;2.2.-Otros contra la libertad;2022;83
Bizkaia;2.2.-Otros contra la libertad;2021;93
Bizkaia;2.2.-Otros contra la libertad;2020;80
Bizkaia;2.2.-Otros contra la libertad;2019;65
Bizkaia;2.2.-Otros contra la libertad;2018;55
Bizkaia;3. LIBERTAD SEXUAL;2024;123
Bizkaia;3. LIBERTAD SEXUAL;2023;109
Bizkaia;3. LIBERTAD SEXUAL;2022;90
Bizkaia;3. LIBERTAD SEXUAL;2021;71
Bizkaia;3. LIBERTAD SEXUAL;2020;69
Bizkaia;3. LIBERTAD SEXUAL;2019;100
Bizkaia;3. LIBERTAD SEXUAL;2018;67
Bizkaia;3.1.-Agresión sexual;2024;66
Bizkaia;3.1.-Agresión sexual;2023;55
Bizkaia;3.1.-Agresión sexual;2022;40
Bizkaia;3.1.-Agresión sexual;2021;28
Bizkaia;3.1.-Agresión sexual;2020;30
Bizkaia;3.1.-Agresión sexual;2019;40
Bizkaia;3.1.-Agresión sexual;2018;33
Bizkaia;3.2.-Agresión sexual con penetración;2024;42
Bizkaia;3.2.-Agresión sexual con penetración;2023;34
Bizkaia;3.2.-Agresión sexual con penetración;2022;27
Bizkaia;3.2.-Agresión sexual con penetración;2021;24
Bizkaia;3.2.-Agresión sexual con penetración;2020;27
Bizkaia;3.2.-Agresión sexual con penetración;2019;44
Bizkaia;3.2.-Agresión sexual con penetración;2018;21
Bizkaia;3.3.-Corrupción de menores o incapacitados;2024;1
Bizkaia;3.3.-Corrupción de menores o incapacitados;2023;1
Bizkaia;3.3.-Corrupción de menores o incapacitados;2022;1
Bizkaia;3.3.-Corrupción de menores o incapacitados;2021;3
Bizkaia;3.3.-Corrupción de menores o incapacitados;2020;1
Bizkaia;3.3.-Corrupción de menores o incapacitados;2019;0
Bizkaia;3.3.-Corrupción de menores o incapacitados;2018;0
Bizkaia;3.4.-Pornografía de menores;2024;8
Bizkaia;3.4.-Pornografía de menores;2023;9
Bizkaia;3.4.-Pornografía de menores;2022;10
Bizkaia;3.4.-Pornografía de menores;2021;7
Bizkaia;3.4.-Pornografía de menores;2020;4
Bizkaia;3.4.-Pornografía de menores;2019;13
Bizkaia;3.4.-Pornografía de menores;2018;9
Bizkaia;3.5.-Otros contra la libertad sexual;2024;6
Bizkaia;3.5.-Otros contra la libertad sexual;2023;10
Bizkaia;3.5.-Otros contra la libertad sexual;2022;12
Bizkaia;3.5.-Otros contra la libertad sexual;2021;9
Bizkaia;3.5.-Otros contra la libertad sexual;2020;7
Bizkaia;3.5.-Otros contra la libertad sexual;2019;3
Bizkaia;3.5.-Otros contra la libertad sexual;2018;4
Bizkaia;4. RELACIONES FAMILIARES;2024;0
Bizkaia;4. RELACIONES FAMILIARES;2023;3
Bizkaia;4. RELACIONES FAMILIARES;2022;1
Bizkaia;4. RELACIONES FAMILIARES;2021;0
Bizkaia;4. RELACIONES FAMILIARES;2020;0
Bizkaia;4. RELACIONES FAMILIARES;2019;1
Bizkaia;4. RELACIONES FAMILIARES;2018;0
Bizkaia;5. PATRIMONIO;2024;1.076
Bizkaia;5. PATRIMONIO;2023;1.176
Bizkaia;5. PATRIMONIO;2022;1.342
Bizkaia;5. PATRIMONIO;2021;873
Bizkaia;5. PATRIMONIO;2020;734
Bizkaia;5. PATRIMONIO;2019;868
Bizkaia;5. PATRIMONIO;2018;783
Bizkaia;5.1.-Hurtos;2024;228
Bizkaia;5.1.-Hurtos;2023;253
Bizkaia;5.1.-Hurtos;2022;336
Bizkaia;5.1.-Hurtos;2021;158
Bizkaia;5.1.-Hurtos;2020;155
Bizkaia;5.1.-Hurtos;2019;214
Bizkaia;5.1.-Hurtos;2018;166
Bizkaia;5.2.-Robos con fuerza en las cosas;2024;292
Bizkaia;5.2.-Robos con fuerza en las cosas;2023;298
Bizkaia;5.2.-Robos con fuerza en las cosas;2022;358
Bizkaia;5.2.-Robos con fuerza en las cosas;2021;343
Bizkaia;5.2.-Robos con fuerza en las cosas;2020;286
Bizkaia;5.2.-Robos con fuerza en las cosas;2019;307
Bizkaia;5.2.-Robos con fuerza en las cosas;2018;262
Bizkaia;5.2.1.-Robos con fuerza en las cosas en el interior de vehículos;2024;1
Bizkaia;5.2.1.-Robos con fuerza en las cosas en el interior de vehículos;2023;1
Bizkaia;5.2.1.-Robos con fuerza en las cosas en el interior de vehículos;2022;0
Bizkaia;5.2.1.-Robos con fuerza en las cosas en el interior de vehículos;2021;0
Bizkaia;5.2.1.-Robos con fuerza en las cosas en el interior de vehículos;2020;0
Bizkaia;5.2.1.-Robos con fuerza en las cosas en el interior de vehículos;2019;0
Bizkaia;5.2.1.-Robos con fuerza en las cosas en el interior de vehículos;2018;0
Bizkaia;5.2.2.-Robos con fuerza en viviendas;2024;82
Bizkaia;5.2.2.-Robos con fuerza en viviendas;2023;92
Bizkaia;5.2.2.-Robos con fuerza en viviendas;2022;75
Bizkaia;5.2.2.-Robos con fuerza en viviendas;2021;87
Bizkaia;5.2.2.-Robos con fuerza en viviendas;2020;62
Bizkaia;5.2.2.-Robos con fuerza en viviendas;2019;76
Bizkaia;5.2.2.-Robos con fuerza en viviendas;2018;82
Bizkaia;5.2.3.-Robos con fuerza en establecimientos;2024;66
Bizkaia;5.2.3.-Robos con fuerza en establecimientos;2023;84
Bizkaia;5.2.3.-Robos con fuerza en establecimientos;2022;119
Bizkaia;5.2.3.-Robos con fuerza en establecimientos;2021;137
Bizkaia;5.2.3.-Robos con fuerza en establecimientos;2020;103
Bizkaia;5.2.3.-Robos con fuerza en establecimientos;2019;134
Bizkaia;5.2.3.-Robos con fuerza en establecimientos;2018;88
Bizkaia;5.3.-Robos con violencia o intimidación;2024;304
Bizkaia;5.3.-Robos con violencia o intimidación;2023;320
Bizkaia;5.3.-Robos con violencia o intimidación;2022;358
Bizkaia;5.3.-Robos con violencia o intimidación;2021;205
Bizkaia;5.3.-Robos con violencia o intimidación;2020;147
Bizkaia;5.3.-Robos con violencia o intimidación;2019;236
Bizkaia;5.3.-Robos con violencia o intimidación;2018;226
Bizkaia;5.3.1.-Robos con violencia en vía pública;2024;189
Bizkaia;5.3.1.-Robos con violencia en vía pública;2023;214
Bizkaia;5.3.1.-Robos con violencia en vía pública;2022;244
Bizkaia;5.3.1.-Robos con violencia en vía pública;2021;136
Bizkaia;5.3.1.-Robos con violencia en vía pública;2020;91
Bizkaia;5.3.1.-Robos con violencia en vía pública;2019;126
Bizkaia;5.3.1.-Robos con violencia en vía pública;2018;118
Bizkaia;5.3.2.-Robos con violencia en viviendas;2024;11
Bizkaia;5.3.2.-Robos con violencia en viviendas;2023;13
Bizkaia;5.3.2.-Robos con violencia en viviendas;2022;7
Bizkaia;5.3.2.-Robos con violencia en viviendas;2021;6
Bizkaia;5.3.2.-Robos con violencia en viviendas;2020;12
Bizkaia;5.3.2.-Robos con violencia en viviendas;2019;17
Bizkaia;5.3.2.-Robos con violencia en viviendas;2018;26
Bizkaia;5.3.3.-Robos con violencia en establecimientos;2024;81
Bizkaia;5.3.3.-Robos con violencia en establecimientos;2023;66
Bizkaia;5.3.3.-Robos con violencia en establecimientos;2022;74
Bizkaia;5.3.3.-Robos con violencia en establecimientos;2021;50
Bizkaia;5.3.3.-Robos con violencia en establecimientos;2020;28
Bizkaia;5.3.3.-Robos con violencia en establecimientos;2019;83
Bizkaia;5.3.3.-Robos con violencia en establecimientos;2018;65
Bizkaia;5.4.-Sustracción de vehículos;2024;15
Bizkaia;5.4.-Sustracción de vehículos;2023;14
Bizkaia;5.4.-Sustracción de vehículos;2022;16
Bizkaia;5.4.-Sustracción de vehículos;2021;18
Bizkaia;5.4.-Sustracción de vehículos;2020;17
Bizkaia;5.4.-Sustracción de vehículos;2019;15
Bizkaia;5.4.-Sustracción de vehículos;2018;23
Bizkaia;5.5.-Estafas;2024;136
Bizkaia;5.5.-Estafas;2023;123
Bizkaia;5.5.-Estafas;2022;130
Bizkaia;5.5.-Estafas;2021;90
Bizkaia;5.5.-Estafas;2020;93
Bizkaia;5.5.-Estafas;2019;43
Bizkaia;5.5.-Estafas;2018;58
Bizkaia;5.5.1.-Estafas informáticas;2024;941
Bizkaia;5.5.1.-Estafas informáticas;2023;764
Bizkaia;5.5.1.-Estafas informáticas;2022;658
Bizkaia;5.5.1.-Estafas informáticas;2021;894
Bizkaia;5.5.1.-Estafas informáticas;2020;791
Bizkaia;5.5.1.-Estafas informáticas;2019;515
Bizkaia;5.5.1.-Estafas informáticas;2018;389
Bizkaia;5.6.-Daños;2024;29
Bizkaia;5.6.-Daños;2023;41
Bizkaia;5.6.-Daños;2022;51
Bizkaia;5.6.-Daños;2021;32
Bizkaia;5.6.-Daños;2020;15
Bizkaia;5.6.-Daños;2019;30
Bizkaia;5.6.-Daños;2018;25
Bizkaia;5.7.-Contra la propiedad intelectual/industrial;2024;46
Bizkaia;5.7.-Contra la propiedad intelectual/industrial;2023;85
Bizkaia;5.7.-Contra la propiedad intelectual/industrial;2022;70
Bizkaia;5.7.-Contra la propiedad intelectual/industrial;2021;3
Bizkaia;5.7.-Contra la propiedad intelectual/industrial;2020;0
Bizkaia;5.7.-Contra la propiedad intelectual/industrial;2019;3
Bizkaia;5.7.-Contra la propiedad intelectual/industrial;2018;4
Bizkaia;5.8.-Blanqueo de capitales;2024;0
Bizkaia;5.8.-Blanqueo de capitales;2023;21
Bizkaia;5.8.-Blanqueo de capitales;2022;6
Bizkaia;5.8.-Blanqueo de capitales;2021;0
Bizkaia;5.8.-Blanqueo de capitales;2020;0
Bizkaia;5.8.-Blanqueo de capitales;2019;1
Bizkaia;5.8.-Blanqueo de capitales;2018;8
Bizkaia;5.9.-Otros contra el patrimonio;2024;26
Bizkaia;5.9.-Otros contra el patrimonio;2023;21
Bizkaia;5.9.-Otros contra el patrimonio;2022;17
Bizkaia;5.9.-Otros contra el patrimonio;2021;24
Bizkaia;5.9.-Otros contra el patrimonio;2020;21
Bizkaia;5.9.-Otros contra el patrimonio;2019;19
Bizkaia;5.9.-Otros contra el patrimonio;2018;11
Bizkaia;6. SEGURIDAD COLECTIVA;2024;207
Bizkaia;6. SEGURIDAD COLECTIVA;2023;215
Bizkaia;6. SEGURIDAD COLECTIVA;2022;230
Bizkaia;6. SEGURIDAD COLECTIVA;2021;199
Bizkaia;6. SEGURIDAD COLECTIVA;2020;205
Bizkaia;6. SEGURIDAD COLECTIVA;2019;195
Bizkaia;6. SEGURIDAD COLECTIVA;2018;210
Bizkaia;6.1.-Tráfico de drogas;2024;158
Bizkaia;6.1.-Tráfico de drogas;2023;160
Bizkaia;6.1.-Tráfico de drogas;2022;160
Bizkaia;6.1.-Tráfico de drogas;2021;131
Bizkaia;6.1.-Tráfico de drogas;2020;133
Bizkaia;6.1.-Tráfico de drogas;2019;115
Bizkaia;6.1.-Tráfico de drogas;2018;110
Bizkaia;6.2.-Contra la seguridad vial;2024;30
Bizkaia;6.2.-Contra la seguridad vial;2023;39
Bizkaia;6.2.-Contra la seguridad vial;2022;57
Bizkaia;6.2.-Contra la seguridad vial;2021;56
Bizkaia;6.2.-Contra la seguridad vial;2020;65
Bizkaia;6.2.-Contra la seguridad vial;2019;78
Bizkaia;6.2.-Contra la seguridad vial;2018;95
Bizkaia;6.3.-Otros contra la seguridad colectiva;2024;19
Bizkaia;6.3.-Otros contra la seguridad colectiva;2023;16
Bizkaia;6.3.-Otros contra la seguridad colectiva;2022;13
Bizkaia;6.3.-Otros contra la seguridad colectiva;2021;12
Bizkaia;6.3.-Otros contra la seguridad colectiva;2020;7
Bizkaia;6.3.-Otros contra la seguridad colectiva;2019;2
Bizkaia;6.3.-Otros contra la seguridad colectiva;2018;5
Bizkaia;7. FALSEDADES;2024;79
Bizkaia;7. FALSEDADES;2023;59
Bizkaia;7. FALSEDADES;2022;90
Bizkaia;7. FALSEDADES;2021;73
Bizkaia;7. FALSEDADES;2020;63
Bizkaia;7. FALSEDADES;2019;137
Bizkaia;7. FALSEDADES;2018;108
Bizkaia;8. ADMÓN. PÚBLICA;2024;0
Bizkaia;8. ADMÓN. PÚBLICA;2023;3
Bizkaia;8. ADMÓN. PÚBLICA;2022;2
Bizkaia;8. ADMÓN. PÚBLICA;2021;0
Bizkaia;8. ADMÓN. PÚBLICA;2020;1
Bizkaia;8. ADMÓN. PÚBLICA;2019;3
Bizkaia;8. ADMÓN. PÚBLICA;2018;1
Bizkaia;9. ADMÓN. JUSTICIA;2024;291
Bizkaia;9. ADMÓN. JUSTICIA;2023;285
Bizkaia;9. ADMÓN. JUSTICIA;2022;228
Bizkaia;9. ADMÓN. JUSTICIA;2021;147
Bizkaia;9. ADMÓN. JUSTICIA;2020;157
Bizkaia;9. ADMÓN. JUSTICIA;2019;172
Bizkaia;9. ADMÓN. JUSTICIA;2018;154
Bizkaia;10. ORDEN PÚBLICO;2024;357
Bizkaia;10. ORDEN PÚBLICO;2023;467
Bizkaia;10. ORDEN PÚBLICO;2022;488
Bizkaia;10. ORDEN PÚBLICO;2021;479
Bizkaia;10. ORDEN PÚBLICO;2020;619
Bizkaia;10. ORDEN PÚBLICO;2019;337
Bizkaia;10. ORDEN PÚBLICO;2018;271
Bizkaia;11. LEGISLACIÓN ESPECIAL;2024;1
Bizkaia;11. LEGISLACIÓN ESPECIAL;2023;0
Bizkaia;11. LEGISLACIÓN ESPECIAL;2022;1
Bizkaia;11. LEGISLACIÓN ESPECIAL;2021;0
Bizkaia;11. LEGISLACIÓN ESPECIAL;2020;5
Bizkaia;11. LEGISLACIÓN ESPECIAL;2019;0
Bizkaia;11. LEGISLACIÓN ESPECIAL;2018;0
Bizkaia;12. OTRAS INFRACCIONES PENALES;2024;48
Bizkaia;12. OTRAS INFRACCIONES PENALES;2023;22
Bizkaia;12. OTRAS INFRACCIONES PENALES;2022;128
Bizkaia;12. OTRAS INFRACCIONES PENALES;2021;67
Bizkaia;12. OTRAS INFRACCIONES PENALES;2020;25
Bizkaia;12. OTRAS INFRACCIONES PENALES;2019;44
Bizkaia;12. OTRAS INFRACCIONES PENALES;2018;36
Bizkaia;TOTAL INFRACCIONES PENALES;2024;3.357
Bizkaia;TOTAL INFRACCIONES PENALES;2023;3.464
Bizkaia;TOTAL INFRACCIONES PENALES;2022;3.524
Bizkaia;TOTAL INFRACCIONES PENALES;2021;2.659
Bizkaia;TOTAL INFRACCIONES PENALES;2020;2.616
Bizkaia;TOTAL INFRACCIONES PENALES;2019;2.531
Bizkaia;TOTAL INFRACCIONES PENALES;2018;2.200
Zamora;1. CONTRA LAS PERSONAS;2024;381
Zamora;1. CONTRA LAS PERSONAS;2023;351
Zamora;1. CONTRA LAS PERSONAS;2022;308
Zamora;1. CONTRA LAS PERSONAS;2021;294
Zamora;1. CONTRA LAS PERSONAS;2020;263
Zamora;1. CONTRA LAS PERSONAS;2019;235
Zamora;1. CONTRA LAS PERSONAS;2018;251
Zamora;1.1.-Homicidios dolosos/asesinatos;2024;4
Zamora;1.1.-Homicidios dolosos/asesinatos;2023;2
Zamora;1.1.-Homicidios dolosos/asesinatos;2022;4
Zamora;1.1.-Homicidios dolosos/asesinatos;2021;2
Zamora;1.1.-Homicidios dolosos/asesinatos;2020;8
Zamora;1.1.-Homicidios dolosos/asesinatos;2019;10
Zamora;1.1.-Homicidios dolosos/asesinatos;2018;8
Zamora;1.1.1.-Homicidios dolosos/asesinatos consumados;2024;0
Zamora;1.1.1.-Homicidios dolosos/asesinatos consumados;2023;1
Zamora;1.1.1.-Homicidios dolosos/asesinatos consumados;2022;0
Zamora;1.1.1.-Homicidios dolosos/asesinatos consumados;2021;0
Zamora;1.1.1.-Homicidios dolosos/asesinatos consumados;2020;0
Zamora;1.1.1.-Homicidios dolosos/asesinatos consumados;2019;1
Zamora;1.1.1.-Homicidios dolosos/asesinatos consumados;2018;2
Zamora;1.2.-Lesiones;2024;126
Zamora;1.2.-Lesiones;2023;99
Zamora;1.2.-Lesiones;2022;83
Zamora;1.2.-Lesiones;2021;83
Zamora;1.2.-Lesiones;2020;48
Zamora;1.2.-Lesiones;2019;55
Zamora;1.2.-Lesiones;2018;61
Zamora;1.3.-Malos tratos ámbito familiar;2024;230
Zamora;1.3.-Malos tratos ámbito familiar;2023;223
Zamora;1.3.-Malos tratos ámbito familiar;2022;193
Zamora;1.3.-Malos tratos ámbito familiar;2021;186
Zamora;1.3.-Malos tratos ámbito familiar;2020;195
Zamora;1.3.-Malos tratos ámbito familiar;2019;159
Zamora;1.3.-Malos tratos ámbito familiar;2018;179
Zamora;1.4.-Otros contra las personas;2024;21
Zamora;1.4.-Otros contra las personas;2023;27
Zamora;1.4.-Otros contra las personas;2022;28
Zamora;1.4.-Otros contra las personas;2021;23
Zamora;1.4.-Otros contra las personas;2020;12
Zamora;1.4.-Otros contra las personas;2019;11
Zamora;1.4.-Otros contra las personas;2018;3
Zamora;2. CONTRA LA LIBERTAD;2024;126
Zamora;2. CONTRA LA LIBERTAD;2023;138
Zamora;2. CONTRA LA LIBERTAD;2022;103
Zamora;2. CONTRA LA LIBERTAD;2021;144
Zamora;2. CONTRA LA LIBERTAD;2020;106
Zamora;2. CONTRA LA LIBERTAD;2019;82
Zamora;2. CONTRA LA LIBERTAD;2018;96
Zamora;2.1.-Malos tratos habituales en el ámbito familiar;2024;27
Zamora;2.1.-Malos tratos habituales en el ámbito familiar;2023;29
Zamora;2.1.-Malos tratos habituales en el ámbito familiar;2022;17
Zamora;2.1.-Malos tratos habituales en el ámbito familiar;2021;17
Zamora;2.1.-Malos tratos habituales en el ámbito familiar;2020;29
Zamora;2.1.-Malos tratos habituales en el ámbito familiar;2019;21
Zamora;2.1.-Malos tratos habituales en el ámbito familiar;2018;17
Zamora;2.2.-Otros contra la libertad;2024;99
Zamora;2.2.-Otros contra la libertad;2023;109
Zamora;2.2.-Otros contra la libertad;2022;86
Zamora;2.2.-Otros contra la libertad;2021;127
Zamora;2.2.-Otros contra la libertad;2020;77
Zamora;2.2.-Otros contra la libertad;2019;61
Zamora;2.2.-Otros contra la libertad;2018;79
Zamora;3. LIBERTAD SEXUAL;2024;33
Zamora;3. LIBERTAD SEXUAL;2023;32
Zamora;3. LIBERTAD SEXUAL;2022;18
Zamora;3. LIBERTAD SEXUAL;2021;27
Zamora;3. LIBERTAD SEXUAL;2020;9
Zamora;3. LIBERTAD SEXUAL;2019;32
Zamora;3. LIBERTAD SEXUAL;2018;29
Zamora;3.1.-Agresión sexual;2024;20
Zamora;3.1.-Agresión sexual;2023;24
Zamora;3.1.-Agresión sexual;2022;9
Zamora;3.1.-Agresión sexual;2021;17
Zamora;3.1.-Agresión sexual;2020;3
Zamora;3.1.-Agresión sexual;2019;19
Zamora;3.1.-Agresión sexual;2018;13
Zamora;3.2.-Agresión sexual con penetración;2024;3
Zamora;3.2.-Agresión sexual con penetración;2023;2
Zamora;3.2.-Agresión sexual con penetración;2022;4
Zamora;3.2.-Agresión sexual con penetración;2021;6
Zamora;3.2.-Agresión sexual con penetración;2020;2
Zamora;3.2.-Agresión sexual con penetración;2019;6
Zamora;3.2.-Agresión sexual con penetración;2018;7
Zamora;3.3.-Corrupción de menores o incapacitados;2024;0
Zamora;3.3.-Corrupción de menores o incapacitados;2023;0
Zamora;3.3.-Corrupción de menores o incapacitados;2022;0
Zamora;3.3.-Corrupción de menores o incapacitados;2021;1
Zamora;3.3.-Corrupción de menores o incapacitados;2020;0
Zamora;3.3.-Corrupción de menores o incapacitados;2019;1
Zamora;3.3.-Corrupción de menores o incapacitados;2018;5
Zamora;3.4.-Pornografía de menores;2024;1
Zamora;3.4.-Pornografía de menores;2023;2
Zamora;3.4.-Pornografía de menores;2022;3
Zamora;3.4.-Pornografía de menores;2021;0
Zamora;3.4.-Pornografía de menores;2020;2
Zamora;3.4.-Pornografía de menores;2019;3
Zamora;3.4.-Pornografía de menores;2018;3
Zamora;3.5.-Otros contra la libertad sexual;2024;9
Zamora;3.5.-Otros contra la libertad sexual;2023;4
Zamora;3.5.-Otros contra la libertad sexual;2022;2
Zamora;3.5.-Otros contra la libertad sexual;2021;3
Zamora;3.5.-Otros contra la libertad sexual;2020;2
Zamora;3.5.-Otros contra la libertad sexual;2019;3
Zamora;3.5.-Otros contra la libertad sexual;2018;1
Zamora;4. RELACIONES FAMILIARES;2024;6
Zamora;4. RELACIONES FAMILIARES;2023;4
Zamora;4. RELACIONES FAMILIARES;2022;3
Zamora;4. RELACIONES FAMILIARES;2021;7
Zamora;4. RELACIONES FAMILIARES;2020;2
Zamora;4. RELACIONES FAMILIARES;2019;2
Zamora;4. RELACIONES FAMILIARES;2018;1
Zamora;5. PATRIMONIO;2024;285
Zamora;5. PATRIMONIO;2023;300
Zamora;5. PATRIMONIO;2022;259
Zamora;5. PATRIMONIO;2021;201
Zamora;5. PATRIMONIO;2020;176
Zamora;5. PATRIMONIO;2019;257
Zamora;5. PATRIMONIO;2018;219
Zamora;5.1.-Hurtos;2024;66
Zamora;5.1.-Hurtos;2023;66
Zamora;5.1.-Hurtos;2022;71
Zamora;5.1.-Hurtos;2021;57
Zamora;5.1.-Hurtos;2020;56
Zamora;5.1.-Hurtos;2019;65
Zamora;5.1.-Hurtos;2018;70
Zamora;5.2.-Robos con fuerza en las cosas;2024;75
Zamora;5.2.-Robos con fuerza en las cosas;2023;72
Zamora;5.2.-Robos con fuerza en las cosas;2022;80
Zamora;5.2.-Robos con fuerza en las cosas;2021;52
Zamora;5.2.-Robos con fuerza en las cosas;2020;50
Zamora;5.2.-Robos con fuerza en las cosas;2019;76
Zamora;5.2.-Robos con fuerza en las cosas;2018;47
Zamora;5.2.1.-Robos con fuerza en las cosas en el interior de vehículos;2024;6
Zamora;5.2.1.-Robos con fuerza en las cosas en el interior de vehículos;2023;10
Zamora;5.2.1.-Robos con fuerza en las cosas en el interior de vehículos;2022;11
Zamora;5.2.1.-Robos con fuerza en las cosas en el interior de vehículos;2021;6
Zamora;5.2.1.-Robos con fuerza en las cosas en el interior de vehículos;2020;7
Zamora;5.2.1.-Robos con fuerza en las cosas en el interior de vehículos;2019;14
Zamora;5.2.1.-Robos con fuerza en las cosas en el interior de vehículos;2018;3
Zamora;5.2.2.-Robos con fuerza en viviendas;2024;26
Zamora;5.2.2.-Robos con fuerza en viviendas;2023;29
Zamora;5.2.2.-Robos con fuerza en viviendas;2022;25
Zamora;5.2.2.-Robos con fuerza en viviendas;2021;17
Zamora;5.2.2.-Robos con fuerza en viviendas;2020;17
Zamora;5.2.2.-Robos con fuerza en viviendas;2019;21
Zamora;5.2.2.-Robos con fuerza en viviendas;2018;17
Zamora;5.2.3.-Robos con fuerza en establecimientos;2024;7
Zamora;5.2.3.-Robos con fuerza en establecimientos;2023;10
Zamora;5.2.3.-Robos con fuerza en establecimientos;2022;18
Zamora;5.2.3.-Robos con fuerza en establecimientos;2021;16
Zamora;5.2.3.-Robos con fuerza en establecimientos;2020;6
Zamora;5.2.3.-Robos con fuerza en establecimientos;2019;27
Zamora;5.2.3.-Robos con fuerza en establecimientos;2018;6
Zamora;5.3.-Robos con violencia o intimidación;2024;12
Zamora;5.3.-Robos con violencia o intimidación;2023;14
Zamora;5.3.-Robos con violencia o intimidación;2022;9
Zamora;5.3.-Robos con violencia o intimidación;2021;21
Zamora;5.3.-Robos con violencia o intimidación;2020;8
Zamora;5.3.-Robos con violencia o intimidación;2019;42
Zamora;5.3.-Robos con violencia o intimidación;2018;18
Zamora;5.3.1.-Robos con violencia en vía pública;2024;4
Zamora;5.3.1.-Robos con violencia en vía pública;2023;6
Zamora;5.3.1.-Robos con violencia en vía pública;2022;1
Zamora;5.3.1.-Robos con violencia en vía pública;2021;13
Zamora;5.3.1.-Robos con violencia en vía pública;2020;2
Zamora;5.3.1.-Robos con violencia en vía pública;2019;15
Zamora;5.3.1.-Robos con violencia en vía pública;2018;6
Zamora;5.3.2.-Robos con violencia en viviendas;2024;2
Zamora;5.3.2.-Robos con violencia en viviendas;2023;3
Zamora;5.3.2.-Robos con violencia en viviendas;2022;2
Zamora;5.3.2.-Robos con violencia en viviendas;2021;2
Zamora;5.3.2.-Robos con violencia en viviendas;2020;1
Zamora;5.3.2.-Robos con violencia en viviendas;2019;15
Zamora;5.3.2.-Robos con violencia en viviendas;2018;4
Zamora;5.3.3.-Robos con violencia en establecimientos;2024;6
Zamora;5.3.3.-Robos con violencia en establecimientos;2023;4
Zamora;5.3.3.-Robos con violencia en establecimientos;2022;5
Zamora;5.3.3.-Robos con violencia en establecimientos;2021;4
Zamora;5.3.3.-Robos con violencia en establecimientos;2020;3
Zamora;5.3.3.-Robos con violencia en establecimientos;2019;6
Zamora;5.3.3.-Robos con violencia en establecimientos;2018;8
Zamora;5.4.-Sustracción de vehículos;2024;7
Zamora;5.4.-Sustracción de vehículos;2023;10
Zamora;5.4.-Sustracción de vehículos;2022;14
Zamora;5.4.-Sustracción de vehículos;2021;4
Zamora;5.4.-Sustracción de vehículos;2020;7
Zamora;5.4.-Sustracción de vehículos;2019;5
Zamora;5.4.-Sustracción de vehículos;2018;6
Zamora;5.5.-Estafas;2024;67
Zamora;5.5.-Estafas;2023;100
Zamora;5.5.-Estafas;2022;32
Zamora;5.5.-Estafas;2021;17
Zamora;5.5.-Estafas;2020;21
Zamora;5.5.-Estafas;2019;22
Zamora;5.5.-Estafas;2018;24
Zamora;5.5.1.-Estafas informáticas;2024;56
Zamora;5.5.1.-Estafas informáticas;2023;89
Zamora;5.5.1.-Estafas informáticas;2022;9
Zamora;5.5.1.-Estafas informáticas;2021;4
Zamora;5.5.1.-Estafas informáticas;2020;10
Zamora;5.5.1.-Estafas informáticas;2019;2
Zamora;5.5.1.-Estafas informáticas;2018;4
Zamora;5.6.-Daños;2024;28
Zamora;5.6.-Daños;2023;15
Zamora;5.6.-Daños;2022;27
Zamora;5.6.-Daños;2021;22
Zamora;5.6.-Daños;2020;18
Zamora;5.6.-Daños;2019;12
Zamora;5.6.-Daños;2018;6
Zamora;5.7.-Contra la propiedad intelectual/industrial;2024;0
Zamora;5.7.-Contra la propiedad intelectual/industrial;2023;3
Zamora;5.7.-Contra la propiedad intelectual/industrial;2022;11
Zamora;5.7.-Contra la propiedad intelectual/industrial;2021;12
Zamora;5.7.-Contra la propiedad intelectual/industrial;2020;2
Zamora;5.7.-Contra la propiedad intelectual/industrial;2019;11
Zamora;5.7.-Contra la propiedad intelectual/industrial;2018;20
Zamora;5.8.-Blanqueo de capitales;2024;2
Zamora;5.8.-Blanqueo de capitales;2023;1
Zamora;5.8.-Blanqueo de capitales;2022;0
Zamora;5.8.-Blanqueo de capitales;2021;0
Zamora;5.8.-Blanqueo de capitales;2020;0
Zamora;5.8.-Blanqueo de capitales;2019;0
Zamora;5.8.-Blanqueo de capitales;2018;3
Zamora;5.9.-Otros contra el patrimonio;2024;28
Zamora;5.9.-Otros contra el patrimonio;2023;19
Zamora;5.9.-Otros contra el patrimonio;2022;15
Zamora;5.9.-Otros contra el patrimonio;2021;16
Zamora;5.9.-Otros contra el patrimonio;2020;14
Zamora;5.9.-Otros contra el patrimonio;2019;24
Zamora;5.9.-Otros contra el patrimonio;2018;25
Zamora;6. SEGURIDAD COLECTIVA;2024;299
Zamora;6. SEGURIDAD COLECTIVA;2023;326
Zamora;6. SEGURIDAD COLECTIVA;2022;326
Zamora;6. SEGURIDAD COLECTIVA;2021;298
Zamora;6. SEGURIDAD COLECTIVA;2020;236
Zamora;6. SEGURIDAD COLECTIVA;2019;264
Zamora;6. SEGURIDAD COLECTIVA;2018;307
Zamora;6.1.-Tráfico de drogas;2024;52
Zamora;6.1.-Tráfico de drogas;2023;73
Zamora;6.1.-Tráfico de drogas;2022;57
Zamora;6.1.-Tráfico de drogas;2021;84
Zamora;6.1.-Tráfico de drogas;2020;57
Zamora;6.1.-Tráfico de drogas;2019;84
Zamora;6.1.-Tráfico de drogas;2018;113
Zamora;6.2.-Contra la seguridad vial;2024;232
Zamora;6.2.-Contra la seguridad vial;2023;236
Zamora;6.2.-Contra la seguridad vial;2022;252
Zamora;6.2.-Contra la seguridad vial;2021;199
Zamora;6.2.-Contra la seguridad vial;2020;164
Zamora;6.2.-Contra la seguridad vial;2019;171
Zamora;6.2.-Contra la seguridad vial;2018;183
Zamora;6.3.-Otros contra la seguridad colectiva;2024;15
Zamora;6.3.-Otros contra la seguridad colectiva;2023;17
Zamora;6.3.-Otros contra la seguridad colectiva;2022;17
Zamora;6.3.-Otros contra la seguridad colectiva;2021;15
Zamora;6.3.-Otros contra la seguridad colectiva;2020;15
Zamora;6.3.-Otros contra la seguridad colectiva;2019;9
Zamora;6.3.-Otros contra la seguridad colectiva;2018;11
Zamora;7. FALSEDADES;2024;36
Zamora;7. FALSEDADES;2023;27
Zamora;7. FALSEDADES;2022;25
Zamora;7. FALSEDADES;2021;23
Zamora;7. FALSEDADES;2020;11
Zamora;7. FALSEDADES;2019;30
Zamora;7. FALSEDADES;2018;23
Zamora;8. ADMÓN. PÚBLICA;2024;3
Zamora;8. ADMÓN. PÚBLICA;2023;2
Zamora;8. ADMÓN. PÚBLICA;2022;0
Zamora;8. ADMÓN. PÚBLICA;2021;7
Zamora;8. ADMÓN. PÚBLICA;2020;0
Zamora;8. ADMÓN. PÚBLICA;2019;0
Zamora;8. ADMÓN. PÚBLICA;2018;1
Zamora;9. ADMÓN. JUSTICIA;2024;145
Zamora;9. ADMÓN. JUSTICIA;2023;103
Zamora;9. ADMÓN. JUSTICIA;2022;86
Zamora;9. ADMÓN. JUSTICIA;2021;79
Zamora;9. ADMÓN. JUSTICIA;2020;90
Zamora;9. ADMÓN. JUSTICIA;2019;75
Zamora;9. ADMÓN. JUSTICIA;2018;74
Zamora;10. ORDEN PÚBLICO;2024;61
Zamora;10. ORDEN PÚBLICO;2023;46
Zamora;10. ORDEN PÚBLICO;2022;45
Zamora;10. ORDEN PÚBLICO;2021;48
Zamora;10. ORDEN PÚBLICO;2020;84
Zamora;10. ORDEN PÚBLICO;2019;42
Zamora;10. ORDEN PÚBLICO;2018;49
Zamora;11. LEGISLACIÓN ESPECIAL;2024;0
Zamora;11. LEGISLACIÓN ESPECIAL;2023;3
Zamora;11. LEGISLACIÓN ESPECIAL;2022;0
Zamora;11. LEGISLACIÓN ESPECIAL;2021;0
Zamora;11. LEGISLACIÓN ESPECIAL;2020;0
Zamora;11. LEGISLACIÓN ESPECIAL;2019;6
Zamora;11. LEGISLACIÓN ESPECIAL;2018;0
Zamora;12. OTRAS INFRACCIONES PENALES;2024;25
Zamora;12. OTRAS INFRACCIONES PENALES;2023;31
Zamora;12. OTRAS INFRACCIONES PENALES;2022;22
Zamora;12. OTRAS INFRACCIONES PENALES;2021;18
Zamora;12. OTRAS INFRACCIONES PENALES;2020;23
Zamora;12. OTRAS INFRACCIONES PENALES;2019;31
Zamora;12. OTRAS INFRACCIONES PENALES;2018;24
Zamora;TOTAL INFRACCIONES PENALES;2024;1.400
Zamora;TOTAL INFRACCIONES PENALES;2023;1.363
Zamora;TOTAL INFRACCIONES PENALES;2022;1.195
Zamora;TOTAL INFRACCIONES PENALES;2021;1.146
Zamora;TOTAL INFRACCIONES PENALES;2020;1.000
Zamora;TOTAL INFRACCIONES PENALES;2019;1.056
Zamora;TOTAL INFRACCIONES PENALES;2018;1.074
Zaragoza;1. CONTRA LAS PERSONAS;2024;3.192
Zaragoza;1. CONTRA LAS PERSONAS;2023;2.889
Zaragoza;1. CONTRA LAS PERSONAS;2022;2.601
Zaragoza;1. CONTRA LAS PERSONAS;2021;2.108
Zaragoza;1. CONTRA LAS PERSONAS;2020;2.073
Zaragoza;1. CONTRA LAS PERSONAS;2019;2.236
Zaragoza;1. CONTRA LAS PERSONAS;2018;2.071
Zaragoza;1.1.-Homicidios dolosos/asesinatos;2024;32
Zaragoza;1.1.-Homicidios dolosos/asesinatos;2023;38
Zaragoza;1.1.-Homicidios dolosos/asesinatos;2022;44
Zaragoza;1.1.-Homicidios dolosos/asesinatos;2021;16
Zaragoza;1.1.-Homicidios dolosos/asesinatos;2020;30
Zaragoza;1.1.-Homicidios dolosos/asesinatos;2019;15
Zaragoza;1.1.-Homicidios dolosos/asesinatos;2018;8
Zaragoza;1.1.1.-Homicidios dolosos/asesinatos consumados;2024;6
Zaragoza;1.1.1.-Homicidios dolosos/asesinatos consumados;2023;6
Zaragoza;1.1.1.-Homicidios dolosos/asesinatos consumados;2022;11
Zaragoza;1.1.1.-Homicidios dolosos/asesinatos consumados;2021;5
Zaragoza;1.1.1.-Homicidios dolosos/asesinatos consumados;2020;2
Zaragoza;1.1.1.-Homicidios dolosos/asesinatos consumados;2019;7
Zaragoza;1.1.1.-Homicidios dolosos/asesinatos consumados;2018;6
Zaragoza;1.2.-Lesiones;2024;735
Zaragoza;1.2.-Lesiones;2023;691
Zaragoza;1.2.-Lesiones;2022;728
Zaragoza;1.2.-Lesiones;2021;558
Zaragoza;1.2.-Lesiones;2020;521
Zaragoza;1.2.-Lesiones;2019;668
Zaragoza;1.2.-Lesiones;2018;562
Zaragoza;1.3.-Malos tratos ámbito familiar;2024;2.311
Zaragoza;1.3.-Malos tratos ámbito familiar;2023;2.036
Zaragoza;1.3.-Malos tratos ámbito familiar;2022;1.749
Zaragoza;1.3.-Malos tratos ámbito familiar;2021;1.443
Zaragoza;1.3.-Malos tratos ámbito familiar;2020;1.448
Zaragoza;1.3.-Malos tratos ámbito familiar;2019;1.531
Zaragoza;1.3.-Malos tratos ámbito familiar;2018;1.447
Zaragoza;1.4.-Otros contra las personas;2024;114
Zaragoza;1.4.-Otros contra las personas;2023;124
Zaragoza;1.4.-Otros contra las personas;2022;80
Zaragoza;1.4.-Otros contra las personas;2021;91
Zaragoza;1.4.-Otros contra las personas;2020;74
Zaragoza;1.4.-Otros contra las personas;2019;22
Zaragoza;1.4.-Otros contra las personas;2018;54
Zaragoza;2. CONTRA LA LIBERTAD;2024;1.103
Zaragoza;2. CONTRA LA LIBERTAD;2023;946
Zaragoza;2. CONTRA LA LIBERTAD;2022;845
Zaragoza;2. CONTRA LA LIBERTAD;2021;795
Zaragoza;2. CONTRA LA LIBERTAD;2020;716
Zaragoza;2. CONTRA LA LIBERTAD;2019;786
Zaragoza;2. CONTRA LA LIBERTAD;2018;679
Zaragoza;2.1.-Malos tratos habituales en el ámbito familiar;2024;162
Zaragoza;2.1.-Malos tratos habituales en el ámbito familiar;2023;142
Zaragoza;2.1.-Malos tratos habituales en el ámbito familiar;2022;142
Zaragoza;2.1.-Malos tratos habituales en el ámbito familiar;2021;162
Zaragoza;2.1.-Malos tratos habituales en el ámbito familiar;2020;153
Zaragoza;2.1.-Malos tratos habituales en el ámbito familiar;2019;170
Zaragoza;2.1.-Malos tratos habituales en el ámbito familiar;2018;172
Zaragoza;2.2.-Otros contra la libertad;2024;941
Zaragoza;2.2.-Otros contra la libertad;2023;804
Zaragoza;2.2.-Otros contra la libertad;2022;703
Zaragoza;2.2.-Otros contra la libertad;2021;633
Zaragoza;2.2.-Otros contra la libertad;2020;563
Zaragoza;2.2.-Otros contra la libertad;2019;616
Zaragoza;2.2.-Otros contra la libertad;2018;507
Zaragoza;3. LIBERTAD SEXUAL;2024;261
Zaragoza;3. LIBERTAD SEXUAL;2023;220
Zaragoza;3. LIBERTAD SEXUAL;2022;233
Zaragoza;3. LIBERTAD SEXUAL;2021;237
Zaragoza;3. LIBERTAD SEXUAL;2020;161
Zaragoza;3. LIBERTAD SEXUAL;2019;159
Zaragoza;3. LIBERTAD SEXUAL;2018;159
Zaragoza;3.1.-Agresión sexual;2024;160
Zaragoza;3.1.-Agresión sexual;2023;130
Zaragoza;3.1.-Agresión sexual;2022;132
Zaragoza;3.1.-Agresión sexual;2021;124
Zaragoza;3.1.-Agresión sexual;2020;83
Zaragoza;3.1.-Agresión sexual;2019;94
Zaragoza;3.1.-Agresión sexual;2018;95
Zaragoza;3.2.-Agresión sexual con penetración;2024;48
Zaragoza;3.2.-Agresión sexual con penetración;2023;51
Zaragoza;3.2.-Agresión sexual con penetración;2022;53
Zaragoza;3.2.-Agresión sexual con penetración;2021;69
Zaragoza;3.2.-Agresión sexual con penetración;2020;49
Zaragoza;3.2.-Agresión sexual con penetración;2019;27
Zaragoza;3.2.-Agresión sexual con penetración;2018;32
Zaragoza;3.3.-Corrupción de menores o incapacitados;2024;13
Zaragoza;3.3.-Corrupción de menores o incapacitados;2023;3
Zaragoza;3.3.-Corrupción de menores o incapacitados;2022;6
Zaragoza;3.3.-Corrupción de menores o incapacitados;2021;4
Zaragoza;3.3.-Corrupción de menores o incapacitados;2020;5
Zaragoza;3.3.-Corrupción de menores o incapacitados;2019;5
Zaragoza;3.3.-Corrupción de menores o incapacitados;2018;3
Zaragoza;3.4.-Pornografía de menores;2024;16
Zaragoza;3.4.-Pornografía de menores;2023;13
Zaragoza;3.4.-Pornografía de menores;2022;11
Zaragoza;3.4.-Pornografía de menores;2021;15
Zaragoza;3.4.-Pornografía de menores;2020;9
Zaragoza;3.4.-Pornografía de menores;2019;15
Zaragoza;3.4.-Pornografía de menores;2018;14
Zaragoza;3.5.-Otros contra la libertad sexual;2024;24
Zaragoza;3.5.-Otros contra la libertad sexual;2023;23
Zaragoza;3.5.-Otros contra la libertad sexual;2022;31
Zaragoza;3.5.-Otros contra la libertad sexual;2021;25
Zaragoza;3.5.-Otros contra la libertad sexual;2020;15
Zaragoza;3.5.-Otros contra la libertad sexual;2019;18
Zaragoza;3.5.-Otros contra la libertad sexual;2018;15
Zaragoza;4. RELACIONES FAMILIARES;2024;21
Zaragoza;4. RELACIONES FAMILIARES;2023;20
Zaragoza;4. RELACIONES FAMILIARES;2022;16
Zaragoza;4. RELACIONES FAMILIARES;2021;12
Zaragoza;4. RELACIONES FAMILIARES;2020;16
Zaragoza;4. RELACIONES FAMILIARES;2019;21
Zaragoza;4. RELACIONES FAMILIARES;2018;25
Zaragoza;5. PATRIMONIO;2024;3.083
Zaragoza;5. PATRIMONIO;2023;2.557
Zaragoza;5. PATRIMONIO;2022;2.737
Zaragoza;5. PATRIMONIO;2021;2.350
Zaragoza;5. PATRIMONIO;2020;2.338
Zaragoza;5. PATRIMONIO;2019;2.853
Zaragoza;5. PATRIMONIO;2018;2.645
Zaragoza;5.1.-Hurtos;2024;974
Zaragoza;5.1.-Hurtos;2023;697
Zaragoza;5.1.-Hurtos;2022;696
Zaragoza;5.1.-Hurtos;2021;531
Zaragoza;5.1.-Hurtos;2020;700
Zaragoza;5.1.-Hurtos;2019;993
Zaragoza;5.1.-Hurtos;2018;1.074
Zaragoza;5.2.-Robos con fuerza en las cosas;2024;550
Zaragoza;5.2.-Robos con fuerza en las cosas;2023;494
Zaragoza;5.2.-Robos con fuerza en las cosas;2022;594
Zaragoza;5.2.-Robos con fuerza en las cosas;2021;609
Zaragoza;5.2.-Robos con fuerza en las cosas;2020;621
Zaragoza;5.2.-Robos con fuerza en las cosas;2019;599
Zaragoza;5.2.-Robos con fuerza en las cosas;2018;433
Zaragoza;5.2.1.-Robos con fuerza en las cosas en el interior de vehículos;2024;76
Zaragoza;5.2.1.-Robos con fuerza en las cosas en el interior de vehículos;2023;64
Zaragoza;5.2.1.-Robos con fuerza en las cosas en el interior de vehículos;2022;95
Zaragoza;5.2.1.-Robos con fuerza en las cosas en el interior de vehículos;2021;107
Zaragoza;5.2.1.-Robos con fuerza en las cosas en el interior de vehículos;2020;67
Zaragoza;5.2.1.-Robos con fuerza en las cosas en el interior de vehículos;2019;97
Zaragoza;5.2.1.-Robos con fuerza en las cosas en el interior de vehículos;2018;68
Zaragoza;5.2.2.-Robos con fuerza en viviendas;2024;194
Zaragoza;5.2.2.-Robos con fuerza en viviendas;2023;166
Zaragoza;5.2.2.-Robos con fuerza en viviendas;2022;149
Zaragoza;5.2.2.-Robos con fuerza en viviendas;2021;159
Zaragoza;5.2.2.-Robos con fuerza en viviendas;2020;204
Zaragoza;5.2.2.-Robos con fuerza en viviendas;2019;201
Zaragoza;5.2.2.-Robos con fuerza en viviendas;2018;137
Zaragoza;5.2.3.-Robos con fuerza en establecimientos;2024;127
Zaragoza;5.2.3.-Robos con fuerza en establecimientos;2023;162
Zaragoza;5.2.3.-Robos con fuerza en establecimientos;2022;221
Zaragoza;5.2.3.-Robos con fuerza en establecimientos;2021;218
Zaragoza;5.2.3.-Robos con fuerza en establecimientos;2020;268
Zaragoza;5.2.3.-Robos con fuerza en establecimientos;2019;177
Zaragoza;5.2.3.-Robos con fuerza en establecimientos;2018;97
Zaragoza;5.3.-Robos con violencia o intimidación;2024;706
Zaragoza;5.3.-Robos con violencia o intimidación;2023;529
Zaragoza;5.3.-Robos con violencia o intimidación;2022;632
Zaragoza;5.3.-Robos con violencia o intimidación;2021;517
Zaragoza;5.3.-Robos con violencia o intimidación;2020;362
Zaragoza;5.3.-Robos con violencia o intimidación;2019;418
Zaragoza;5.3.-Robos con violencia o intimidación;2018;397
Zaragoza;5.3.1.-Robos con violencia en vía pública;2024;468
Zaragoza;5.3.1.-Robos con violencia en vía pública;2023;326
Zaragoza;5.3.1.-Robos con violencia en vía pública;2022;456
Zaragoza;5.3.1.-Robos con violencia en vía pública;2021;342
Zaragoza;5.3.1.-Robos con violencia en vía pública;2020;251
Zaragoza;5.3.1.-Robos con violencia en vía pública;2019;272
Zaragoza;5.3.1.-Robos con violencia en vía pública;2018;231
Zaragoza;5.3.2.-Robos con violencia en viviendas;2024;42
Zaragoza;5.3.2.-Robos con violencia en viviendas;2023;20
Zaragoza;5.3.2.-Robos con violencia en viviendas;2022;16
Zaragoza;5.3.2.-Robos con violencia en viviendas;2021;18
Zaragoza;5.3.2.-Robos con violencia en viviendas;2020;15
Zaragoza;5.3.2.-Robos con violencia en viviendas;2019;25
Zaragoza;5.3.2.-Robos con violencia en viviendas;2018;25
Zaragoza;5.3.3.-Robos con violencia en establecimientos;2024;178
Zaragoza;5.3.3.-Robos con violencia en establecimientos;2023;142
Zaragoza;5.3.3.-Robos con violencia en establecimientos;2022;125
Zaragoza;5.3.3.-Robos con violencia en establecimientos;2021;111
Zaragoza;5.3.3.-Robos con violencia en establecimientos;2020;72
Zaragoza;5.3.3.-Robos con violencia en establecimientos;2019;91
Zaragoza;5.3.3.-Robos con violencia en establecimientos;2018;96
Zaragoza;5.4.-Sustracción de vehículos;2024;32
Zaragoza;5.4.-Sustracción de vehículos;2023;25
Zaragoza;5.4.-Sustracción de vehículos;2022;22
Zaragoza;5.4.-Sustracción de vehículos;2021;40
Zaragoza;5.4.-Sustracción de vehículos;2020;23
Zaragoza;5.4.-Sustracción de vehículos;2019;24
Zaragoza;5.4.-Sustracción de vehículos;2018;37
Zaragoza;5.5.-Estafas;2024;381
Zaragoza;5.5.-Estafas;2023;401
Zaragoza;5.5.-Estafas;2022;314
Zaragoza;5.5.-Estafas;2021;234
Zaragoza;5.5.-Estafas;2020;216
Zaragoza;5.5.-Estafas;2019;380
Zaragoza;5.5.-Estafas;2018;295
Zaragoza;5.5.1.-Estafas informáticas;2024;224
Zaragoza;5.5.1.-Estafas informáticas;2023;253
Zaragoza;5.5.1.-Estafas informáticas;2022;142
Zaragoza;5.5.1.-Estafas informáticas;2021;117
Zaragoza;5.5.1.-Estafas informáticas;2020;100
Zaragoza;5.5.1.-Estafas informáticas;2019;173
Zaragoza;5.5.1.-Estafas informáticas;2018;33
Zaragoza;5.6.-Daños;2024;251
Zaragoza;5.6.-Daños;2023;232
Zaragoza;5.6.-Daños;2022;237
Zaragoza;5.6.-Daños;2021;252
Zaragoza;5.6.-Daños;2020;233
Zaragoza;5.6.-Daños;2019;200
Zaragoza;5.6.-Daños;2018;195
Zaragoza;5.7.-Contra la propiedad intelectual/industrial;2024;13
Zaragoza;5.7.-Contra la propiedad intelectual/industrial;2023;9
Zaragoza;5.7.-Contra la propiedad intelectual/industrial;2022;25
Zaragoza;5.7.-Contra la propiedad intelectual/industrial;2021;6
Zaragoza;5.7.-Contra la propiedad intelectual/industrial;2020;6
Zaragoza;5.7.-Contra la propiedad intelectual/industrial;2019;29
Zaragoza;5.7.-Contra la propiedad intelectual/industrial;2018;6
Zaragoza;5.8.-Blanqueo de capitales;2024;1
Zaragoza;5.8.-Blanqueo de capitales;2023;2
Zaragoza;5.8.-Blanqueo de capitales;2022;5
Zaragoza;5.8.-Blanqueo de capitales;2021;0
Zaragoza;5.8.-Blanqueo de capitales;2020;1
Zaragoza;5.8.-Blanqueo de capitales;2019;0
Zaragoza;5.8.-Blanqueo de capitales;2018;11
Zaragoza;5.9.-Otros contra el patrimonio;2024;175
Zaragoza;5.9.-Otros contra el patrimonio;2023;168
Zaragoza;5.9.-Otros contra el patrimonio;2022;212
Zaragoza;5.9.-Otros contra el patrimonio;2021;161
Zaragoza;5.9.-Otros contra el patrimonio;2020;176
Zaragoza;5.9.-Otros contra el patrimonio;2019;210
Zaragoza;5.9.-Otros contra el patrimonio;2018;197
Zaragoza;6. SEGURIDAD COLECTIVA;2024;1.014
Zaragoza;6. SEGURIDAD COLECTIVA;2023;1.147
Zaragoza;6. SEGURIDAD COLECTIVA;2022;1.071
Zaragoza;6. SEGURIDAD COLECTIVA;2021;896
Zaragoza;6. SEGURIDAD COLECTIVA;2020;694
Zaragoza;6. SEGURIDAD COLECTIVA;2019;817
Zaragoza;6. SEGURIDAD COLECTIVA;2018;815
Zaragoza;6.1.-Tráfico de drogas;2024;509
Zaragoza;6.1.-Tráfico de drogas;2023;569
Zaragoza;6.1.-Tráfico de drogas;2022;471
Zaragoza;6.1.-Tráfico de drogas;2021;437
Zaragoza;6.1.-Tráfico de drogas;2020;336
Zaragoza;6.1.-Tráfico de drogas;2019;374
Zaragoza;6.1.-Tráfico de drogas;2018;368
Zaragoza;6.2.-Contra la seguridad vial;2024;495
Zaragoza;6.2.-Contra la seguridad vial;2023;485
Zaragoza;6.2.-Contra la seguridad vial;2022;552
Zaragoza;6.2.-Contra la seguridad vial;2021;450
Zaragoza;6.2.-Contra la seguridad vial;2020;349
Zaragoza;6.2.-Contra la seguridad vial;2019;422
Zaragoza;6.2.-Contra la seguridad vial;2018;379
Zaragoza;6.3.-Otros contra la seguridad colectiva;2024;10
Zaragoza;6.3.-Otros contra la seguridad colectiva;2023;93
Zaragoza;6.3.-Otros contra la seguridad colectiva;2022;48
Zaragoza;6.3.-Otros contra la seguridad colectiva;2021;9
Zaragoza;6.3.-Otros contra la seguridad colectiva;2020;9
Zaragoza;6.3.-Otros contra la seguridad colectiva;2019;21
Zaragoza;6.3.-Otros contra la seguridad colectiva;2018;68
Zaragoza;7. FALSEDADES;2024;183
Zaragoza;7. FALSEDADES;2023;178
Zaragoza;7. FALSEDADES;2022;187
Zaragoza;7. FALSEDADES;2021;165
Zaragoza;7. FALSEDADES;2020;134
Zaragoza;7. FALSEDADES;2019;167
Zaragoza;7. FALSEDADES;2018;140
Zaragoza;8. ADMÓN. PÚBLICA;2024;14
Zaragoza;8. ADMÓN. PÚBLICA;2023;6
Zaragoza;8. ADMÓN. PÚBLICA;2022;13
Zaragoza;8. ADMÓN. PÚBLICA;2021;3
Zaragoza;8. ADMÓN. PÚBLICA;2020;5
Zaragoza;8. ADMÓN. PÚBLICA;2019;2
Zaragoza;8. ADMÓN. PÚBLICA;2018;1
Zaragoza;9. ADMÓN. JUSTICIA;2024;628
Zaragoza;9. ADMÓN. JUSTICIA;2023;514
Zaragoza;9. ADMÓN. JUSTICIA;2022;453
Zaragoza;9. ADMÓN. JUSTICIA;2021;385
Zaragoza;9. ADMÓN. JUSTICIA;2020;417
Zaragoza;9. ADMÓN. JUSTICIA;2019;454
Zaragoza;9. ADMÓN. JUSTICIA;2018;444
Zaragoza;10. ORDEN PÚBLICO;2024;635
Zaragoza;10. ORDEN PÚBLICO;2023;702
Zaragoza;10. ORDEN PÚBLICO;2022;646
Zaragoza;10. ORDEN PÚBLICO;2021;536
Zaragoza;10. ORDEN PÚBLICO;2020;667
Zaragoza;10. ORDEN PÚBLICO;2019;441
Zaragoza;10. ORDEN PÚBLICO;2018;380
Zaragoza;11. LEGISLACIÓN ESPECIAL;2024;8
Zaragoza;11. LEGISLACIÓN ESPECIAL;2023;0
Zaragoza;11. LEGISLACIÓN ESPECIAL;2022;0
Zaragoza;11. LEGISLACIÓN ESPECIAL;2021;0
Zaragoza;11. LEGISLACIÓN ESPECIAL;2020;0
Zaragoza;11. LEGISLACIÓN ESPECIAL;2019;1
Zaragoza;11. LEGISLACIÓN ESPECIAL;2018;2
Zaragoza;12. OTRAS INFRACCIONES PENALES;2024;134
Zaragoza;12. OTRAS INFRACCIONES PENALES;2023;102
Zaragoza;12. OTRAS INFRACCIONES PENALES;2022;87
Zaragoza;12. OTRAS INFRACCIONES PENALES;2021;91
Zaragoza;12. OTRAS INFRACCIONES PENALES;2020;75
Zaragoza;12. OTRAS INFRACCIONES PENALES;2019;127
Zaragoza;12. OTRAS INFRACCIONES PENALES;2018;86
Zaragoza;TOTAL INFRACCIONES PENALES;2024;10.276
Zaragoza;TOTAL INFRACCIONES PENALES;2023;9.281
Zaragoza;TOTAL INFRACCIONES PENALES;2022;8.889
Zaragoza;TOTAL INFRACCIONES PENALES;2021;7.578
Zaragoza;TOTAL INFRACCIONES PENALES;2020;7.296
Zaragoza;TOTAL INFRACCIONES PENALES;2019;8.064
Zaragoza;TOTAL INFRACCIONES PENALES;2018;7.447
Ceuta;1. CONTRA LAS PERSONAS;2024;287
Ceuta;1. CONTRA LAS PERSONAS;2023;280
Ceuta;1. CONTRA LAS PERSONAS;2022;292
Ceuta;1. CONTRA LAS PERSONAS;2021;291
Ceuta;1. CONTRA LAS PERSONAS;2020;194
Ceuta;1. CONTRA LAS PERSONAS;2019;197
Ceuta;1. CONTRA LAS PERSONAS;2018;224
Ceuta;1.1.-Homicidios dolosos/asesinatos;2024;4
Ceuta;1.1.-Homicidios dolosos/asesinatos;2023;15
Ceuta;1.1.-Homicidios dolosos/asesinatos;2022;27
Ceuta;1.1.-Homicidios dolosos/asesinatos;2021;13
Ceuta;1.1.-Homicidios dolosos/asesinatos;2020;8
Ceuta;1.1.-Homicidios dolosos/asesinatos;2019;5
Ceuta;1.1.-Homicidios dolosos/asesinatos;2018;5
Ceuta;1.1.1.-Homicidios dolosos/asesinatos consumados;2024;0
Ceuta;1.1.1.-Homicidios dolosos/asesinatos consumados;2023;5
Ceuta;1.1.1.-Homicidios dolosos/asesinatos consumados;2022;5
Ceuta;1.1.1.-Homicidios dolosos/asesinatos consumados;2021;4
Ceuta;1.1.1.-Homicidios dolosos/asesinatos consumados;2020;3
Ceuta;1.1.1.-Homicidios dolosos/asesinatos consumados;2019;5
Ceuta;1.1.1.-Homicidios dolosos/asesinatos consumados;2018;2
Ceuta;1.2.-Lesiones;2024;66
Ceuta;1.2.-Lesiones;2023;46
Ceuta;1.2.-Lesiones;2022;68
Ceuta;1.2.-Lesiones;2021;72
Ceuta;1.2.-Lesiones;2020;41
Ceuta;1.2.-Lesiones;2019;39
Ceuta;1.2.-Lesiones;2018;49
Ceuta;1.3.-Malos tratos ámbito familiar;2024;199
Ceuta;1.3.-Malos tratos ámbito familiar;2023;217
Ceuta;1.3.-Malos tratos ámbito familiar;2022;197
Ceuta;1.3.-Malos tratos ámbito familiar;2021;195
Ceuta;1.3.-Malos tratos ámbito familiar;2020;144
Ceuta;1.3.-Malos tratos ámbito familiar;2019;152
Ceuta;1.3.-Malos tratos ámbito familiar;2018;169
Ceuta;1.4.-Otros contra las personas;2024;18
Ceuta;1.4.-Otros contra las personas;2023;2
Ceuta;1.4.-Otros contra las personas;2022;0
Ceuta;1.4.-Otros contra las personas;2021;11
Ceuta;1.4.-Otros contra las personas;2020;1
Ceuta;1.4.-Otros contra las personas;2019;1
Ceuta;1.4.-Otros contra las personas;2018;1
Ceuta;2. CONTRA LA LIBERTAD;2024;61
Ceuta;2. CONTRA LA LIBERTAD;2023;61
Ceuta;2. CONTRA LA LIBERTAD;2022;56
Ceuta;2. CONTRA LA LIBERTAD;2021;87
Ceuta;2. CONTRA LA LIBERTAD;2020;54
Ceuta;2. CONTRA LA LIBERTAD;2019;37
Ceuta;2. CONTRA LA LIBERTAD;2018;43
Ceuta;2.1.-Malos tratos habituales en el ámbito familiar;2024;5
Ceuta;2.1.-Malos tratos habituales en el ámbito familiar;2023;7
Ceuta;2.1.-Malos tratos habituales en el ámbito familiar;2022;8
Ceuta;2.1.-Malos tratos habituales en el ámbito familiar;2021;5
Ceuta;2.1.-Malos tratos habituales en el ámbito familiar;2020;4
Ceuta;2.1.-Malos tratos habituales en el ámbito familiar;2019;2
Ceuta;2.1.-Malos tratos habituales en el ámbito familiar;2018;13
Ceuta;2.2.-Otros contra la libertad;2024;56
Ceuta;2.2.-Otros contra la libertad;2023;54
Ceuta;2.2.-Otros contra la libertad;2022;48
Ceuta;2.2.-Otros contra la libertad;2021;82
Ceuta;2.2.-Otros contra la libertad;2020;50
Ceuta;2.2.-Otros contra la libertad;2019;35
Ceuta;2.2.-Otros contra la libertad;2018;30
Ceuta;3. LIBERTAD SEXUAL;2024;31
Ceuta;3. LIBERTAD SEXUAL;2023;35
Ceuta;3. LIBERTAD SEXUAL;2022;35
Ceuta;3. LIBERTAD SEXUAL;2021;38
Ceuta;3. LIBERTAD SEXUAL;2020;28
Ceuta;3. LIBERTAD SEXUAL;2019;18
Ceuta;3. LIBERTAD SEXUAL;2018;27
Ceuta;3.1.-Agresión sexual;2024;24
Ceuta;3.1.-Agresión sexual;2023;21
Ceuta;3.1.-Agresión sexual;2022;30
Ceuta;3.1.-Agresión sexual;2021;25
Ceuta;3.1.-Agresión sexual;2020;18
Ceuta;3.1.-Agresión sexual;2019;12
Ceuta;3.1.-Agresión sexual;2018;16
Ceuta;3.2.-Agresión sexual con penetración;2024;4
Ceuta;3.2.-Agresión sexual con penetración;2023;11
Ceuta;3.2.-Agresión sexual con penetración;2022;4
Ceuta;3.2.-Agresión sexual con penetración;2021;4
Ceuta;3.2.-Agresión sexual con penetración;2020;3
Ceuta;3.2.-Agresión sexual con penetración;2019;2
Ceuta;3.2.-Agresión sexual con penetración;2018;4
Ceuta;3.3.-Corrupción de menores o incapacitados;2024;0
Ceuta;3.3.-Corrupción de menores o incapacitados;2023;0
Ceuta;3.3.-Corrupción de menores o incapacitados;2022;0
Ceuta;3.3.-Corrupción de menores o incapacitados;2021;0
Ceuta;3.3.-Corrupción de menores o incapacitados;2020;0
Ceuta;3.3.-Corrupción de menores o incapacitados;2019;0
Ceuta;3.3.-Corrupción de menores o incapacitados;2018;0
Ceuta;3.4.-Pornografía de menores;2024;2
Ceuta;3.4.-Pornografía de menores;2023;2
Ceuta;3.4.-Pornografía de menores;2022;1
Ceuta;3.4.-Pornografía de menores;2021;1
Ceuta;3.4.-Pornografía de menores;2020;0
Ceuta;3.4.-Pornografía de menores;2019;0
Ceuta;3.4.-Pornografía de menores;2018;4
Ceuta;3.5.-Otros contra la libertad sexual;2024;1
Ceuta;3.5.-Otros contra la libertad sexual;2023;1
Ceuta;3.5.-Otros contra la libertad sexual;2022;0
Ceuta;3.5.-Otros contra la libertad sexual;2021;8
Ceuta;3.5.-Otros contra la libertad sexual;2020;7
Ceuta;3.5.-Otros contra la libertad sexual;2019;4
Ceuta;3.5.-Otros contra la libertad sexual;2018;3
Ceuta;4. RELACIONES FAMILIARES;2024;1
Ceuta;4. RELACIONES FAMILIARES;2023;2
Ceuta;4. RELACIONES FAMILIARES;2022;2
Ceuta;4. RELACIONES FAMILIARES;2021;0
Ceuta;4. RELACIONES FAMILIARES;2020;0
Ceuta;4. RELACIONES FAMILIARES;2019;3
Ceuta;4. RELACIONES FAMILIARES;2018;5
Ceuta;5. PATRIMONIO;2024;241
Ceuta;5. PATRIMONIO;2023;253
Ceuta;5. PATRIMONIO;2022;245
Ceuta;5. PATRIMONIO;2021;253
Ceuta;5. PATRIMONIO;2020;284
Ceuta;5. PATRIMONIO;2019;344
Ceuta;5. PATRIMONIO;2018;424
Ceuta;5.1.-Hurtos;2024;31
Ceuta;5.1.-Hurtos;2023;36
Ceuta;5.1.-Hurtos;2022;22
Ceuta;5.1.-Hurtos;2021;24
Ceuta;5.1.-Hurtos;2020;53
Ceuta;5.1.-Hurtos;2019;94
Ceuta;5.1.-Hurtos;2018;165
Ceuta;5.2.-Robos con fuerza en las cosas;2024;36
Ceuta;5.2.-Robos con fuerza en las cosas;2023;59
Ceuta;5.2.-Robos con fuerza en las cosas;2022;37
Ceuta;5.2.-Robos con fuerza en las cosas;2021;44
Ceuta;5.2.-Robos con fuerza en las cosas;2020;83
Ceuta;5.2.-Robos con fuerza en las cosas;2019;71
Ceuta;5.2.-Robos con fuerza en las cosas;2018;80
Ceuta;5.2.1.-Robos con fuerza en las cosas en el interior de vehículos;2024;16
Ceuta;5.2.1.-Robos con fuerza en las cosas en el interior de vehículos;2023;22
Ceuta;5.2.1.-Robos con fuerza en las cosas en el interior de vehículos;2022;2
Ceuta;5.2.1.-Robos con fuerza en las cosas en el interior de vehículos;2021;13
Ceuta;5.2.1.-Robos con fuerza en las cosas en el interior de vehículos;2020;12
Ceuta;5.2.1.-Robos con fuerza en las cosas en el interior de vehículos;2019;32
Ceuta;5.2.1.-Robos con fuerza en las cosas en el interior de vehículos;2018;21
Ceuta;5.2.2.-Robos con fuerza en viviendas;2024;10
Ceuta;5.2.2.-Robos con fuerza en viviendas;2023;9
Ceuta;5.2.2.-Robos con fuerza en viviendas;2022;4
Ceuta;5.2.2.-Robos con fuerza en viviendas;2021;11
Ceuta;5.2.2.-Robos con fuerza en viviendas;2020;12
Ceuta;5.2.2.-Robos con fuerza en viviendas;2019;21
Ceuta;5.2.2.-Robos con fuerza en viviendas;2018;19
Ceuta;5.2.3.-Robos con fuerza en establecimientos;2024;2
Ceuta;5.2.3.-Robos con fuerza en establecimientos;2023;12
Ceuta;5.2.3.-Robos con fuerza en establecimientos;2022;13
Ceuta;5.2.3.-Robos con fuerza en establecimientos;2021;11
Ceuta;5.2.3.-Robos con fuerza en establecimientos;2020;13
Ceuta;5.2.3.-Robos con fuerza en establecimientos;2019;6
Ceuta;5.2.3.-Robos con fuerza en establecimientos;2018;11
Ceuta;5.3.-Robos con violencia o intimidación;2024;66
Ceuta;5.3.-Robos con violencia o intimidación;2023;67
Ceuta;5.3.-Robos con violencia o intimidación;2022;68
Ceuta;5.3.-Robos con violencia o intimidación;2021;97
Ceuta;5.3.-Robos con violencia o intimidación;2020;74
Ceuta;5.3.-Robos con violencia o intimidación;2019;79
Ceuta;5.3.-Robos con violencia o intimidación;2018;63
Ceuta;5.3.1.-Robos con violencia en vía pública;2024;41
Ceuta;5.3.1.-Robos con violencia en vía pública;2023;47
Ceuta;5.3.1.-Robos con violencia en vía pública;2022;41
Ceuta;5.3.1.-Robos con violencia en vía pública;2021;60
Ceuta;5.3.1.-Robos con violencia en vía pública;2020;51
Ceuta;5.3.1.-Robos con violencia en vía pública;2019;49
Ceuta;5.3.1.-Robos con violencia en vía pública;2018;47
Ceuta;5.3.2.-Robos con violencia en viviendas;2024;3
Ceuta;5.3.2.-Robos con violencia en viviendas;2023;4
Ceuta;5.3.2.-Robos con violencia en viviendas;2022;2
Ceuta;5.3.2.-Robos con violencia en viviendas;2021;4
Ceuta;5.3.2.-Robos con violencia en viviendas;2020;3
Ceuta;5.3.2.-Robos con violencia en viviendas;2019;3
Ceuta;5.3.2.-Robos con violencia en viviendas;2018;1
Ceuta;5.3.3.-Robos con violencia en establecimientos;2024;8
Ceuta;5.3.3.-Robos con violencia en establecimientos;2023;11
Ceuta;5.3.3.-Robos con violencia en establecimientos;2022;5
Ceuta;5.3.3.-Robos con violencia en establecimientos;2021;9
Ceuta;5.3.3.-Robos con violencia en establecimientos;2020;4
Ceuta;5.3.3.-Robos con violencia en establecimientos;2019;8
Ceuta;5.3.3.-Robos con violencia en establecimientos;2018;8
Ceuta;5.4.-Sustracción de vehículos;2024;26
Ceuta;5.4.-Sustracción de vehículos;2023;11
Ceuta;5.4.-Sustracción de vehículos;2022;16
Ceuta;5.4.-Sustracción de vehículos;2021;20
Ceuta;5.4.-Sustracción de vehículos;2020;8
Ceuta;5.4.-Sustracción de vehículos;2019;26
Ceuta;5.4.-Sustracción de vehículos;2018;26
Ceuta;5.5.-Estafas;2024;30
Ceuta;5.5.-Estafas;2023;29
Ceuta;5.5.-Estafas;2022;29
Ceuta;5.5.-Estafas;2021;24
Ceuta;5.5.-Estafas;2020;21
Ceuta;5.5.-Estafas;2019;16
Ceuta;5.5.-Estafas;2018;22
Ceuta;5.5.1.-Estafas informáticas;2024;11
Ceuta;5.5.1.-Estafas informáticas;2023;12
Ceuta;5.5.1.-Estafas informáticas;2022;14
Ceuta;5.5.1.-Estafas informáticas;2021;20
Ceuta;5.5.1.-Estafas informáticas;2020;15
Ceuta;5.5.1.-Estafas informáticas;2019;8
Ceuta;5.5.1.-Estafas informáticas;2018;5
Ceuta;5.6.-Daños;2024;23
Ceuta;5.6.-Daños;2023;21
Ceuta;5.6.-Daños;2022;38
Ceuta;5.6.-Daños;2021;30
Ceuta;5.6.-Daños;2020;35
Ceuta;5.6.-Daños;2019;19
Ceuta;5.6.-Daños;2018;19
Ceuta;5.7.-Contra la propiedad intelectual/industrial;2024;0
Ceuta;5.7.-Contra la propiedad intelectual/industrial;2023;0
Ceuta;5.7.-Contra la propiedad intelectual/industrial;2022;1
Ceuta;5.7.-Contra la propiedad intelectual/industrial;2021;0
Ceuta;5.7.-Contra la propiedad intelectual/industrial;2020;1
Ceuta;5.7.-Contra la propiedad intelectual/industrial;2019;2
Ceuta;5.7.-Contra la propiedad intelectual/industrial;2018;0
Ceuta;5.8.-Blanqueo de capitales;2024;1
Ceuta;5.8.-Blanqueo de capitales;2023;2
Ceuta;5.8.-Blanqueo de capitales;2022;1
Ceuta;5.8.-Blanqueo de capitales;2021;0
Ceuta;5.8.-Blanqueo de capitales;2020;0
Ceuta;5.8.-Blanqueo de capitales;2019;2
Ceuta;5.8.-Blanqueo de capitales;2018;13
Ceuta;5.9.-Otros contra el patrimonio;2024;28
Ceuta;5.9.-Otros contra el patrimonio;2023;28
Ceuta;5.9.-Otros contra el patrimonio;2022;33
Ceuta;5.9.-Otros contra el patrimonio;2021;14
Ceuta;5.9.-Otros contra el patrimonio;2020;9
Ceuta;5.9.-Otros contra el patrimonio;2019;35
Ceuta;5.9.-Otros contra el patrimonio;2018;36
Ceuta;6. SEGURIDAD COLECTIVA;2024;226
Ceuta;6. SEGURIDAD COLECTIVA;2023;258
Ceuta;6. SEGURIDAD COLECTIVA;2022;240
Ceuta;6. SEGURIDAD COLECTIVA;2021;299
Ceuta;6. SEGURIDAD COLECTIVA;2020;349
Ceuta;6. SEGURIDAD COLECTIVA;2019;541
Ceuta;6. SEGURIDAD COLECTIVA;2018;391
Ceuta;6.1.-Tráfico de drogas;2024;101
Ceuta;6.1.-Tráfico de drogas;2023;112
Ceuta;6.1.-Tráfico de drogas;2022;93
Ceuta;6.1.-Tráfico de drogas;2021;138
Ceuta;6.1.-Tráfico de drogas;2020;231
Ceuta;6.1.-Tráfico de drogas;2019;371
Ceuta;6.1.-Tráfico de drogas;2018;190
Ceuta;6.2.-Contra la seguridad vial;2024;117
Ceuta;6.2.-Contra la seguridad vial;2023;144
Ceuta;6.2.-Contra la seguridad vial;2022;143
Ceuta;6.2.-Contra la seguridad vial;2021;160
Ceuta;6.2.-Contra la seguridad vial;2020;116
Ceuta;6.2.-Contra la seguridad vial;2019;169
Ceuta;6.2.-Contra la seguridad vial;2018;185
Ceuta;6.3.-Otros contra la seguridad colectiva;2024;8
Ceuta;6.3.-Otros contra la seguridad colectiva;2023;2
Ceuta;6.3.-Otros contra la seguridad colectiva;2022;4
Ceuta;6.3.-Otros contra la seguridad colectiva;2021;1
Ceuta;6.3.-Otros contra la seguridad colectiva;2020;2
Ceuta;6.3.-Otros contra la seguridad colectiva;2019;1
Ceuta;6.3.-Otros contra la seguridad colectiva;2018;16
Ceuta;7. FALSEDADES;2024;46
Ceuta;7. FALSEDADES;2023;33
Ceuta;7. FALSEDADES;2022;43
Ceuta;7. FALSEDADES;2021;81
Ceuta;7. FALSEDADES;2020;148
Ceuta;7. FALSEDADES;2019;532
Ceuta;7. FALSEDADES;2018;590
Ceuta;8. ADMÓN. PÚBLICA;2024;1
Ceuta;8. ADMÓN. PÚBLICA;2023;2
Ceuta;8. ADMÓN. PÚBLICA;2022;1
Ceuta;8. ADMÓN. PÚBLICA;2021;0
Ceuta;8. ADMÓN. PÚBLICA;2020;2
Ceuta;8. ADMÓN. PÚBLICA;2019;11
Ceuta;8. ADMÓN. PÚBLICA;2018;58
Ceuta;9. ADMÓN. JUSTICIA;2024;65
Ceuta;9. ADMÓN. JUSTICIA;2023;71
Ceuta;9. ADMÓN. JUSTICIA;2022;79
Ceuta;9. ADMÓN. JUSTICIA;2021;64
Ceuta;9. ADMÓN. JUSTICIA;2020;102
Ceuta;9. ADMÓN. JUSTICIA;2019;108
Ceuta;9. ADMÓN. JUSTICIA;2018;127
Ceuta;10. ORDEN PÚBLICO;2024;81
Ceuta;10. ORDEN PÚBLICO;2023;75
Ceuta;10. ORDEN PÚBLICO;2022;99
Ceuta;10. ORDEN PÚBLICO;2021;127
Ceuta;10. ORDEN PÚBLICO;2020;146
Ceuta;10. ORDEN PÚBLICO;2019;138
Ceuta;10. ORDEN PÚBLICO;2018;118
Ceuta;11. LEGISLACIÓN ESPECIAL;2024;0
Ceuta;11. LEGISLACIÓN ESPECIAL;2023;0
Ceuta;11. LEGISLACIÓN ESPECIAL;2022;5
Ceuta;11. LEGISLACIÓN ESPECIAL;2021;3
Ceuta;11. LEGISLACIÓN ESPECIAL;2020;3
Ceuta;11. LEGISLACIÓN ESPECIAL;2019;4
Ceuta;11. LEGISLACIÓN ESPECIAL;2018;5
Ceuta;12. OTRAS INFRACCIONES PENALES;2024;34
Ceuta;12. OTRAS INFRACCIONES PENALES;2023;37
Ceuta;12. OTRAS INFRACCIONES PENALES;2022;69
Ceuta;12. OTRAS INFRACCIONES PENALES;2021;48
Ceuta;12. OTRAS INFRACCIONES PENALES;2020;66
Ceuta;12. OTRAS INFRACCIONES PENALES;2019;229
Ceuta;12. OTRAS INFRACCIONES PENALES;2018;193
Ceuta;TOTAL INFRACCIONES PENALES;2024;1.074
Ceuta;TOTAL INFRACCIONES PENALES;2023;1.107
Ceuta;TOTAL INFRACCIONES PENALES;2022;1.166
Ceuta;TOTAL INFRACCIONES PENALES;2021;1.291
Ceuta;TOTAL INFRACCIONES PENALES;2020;1.376
Ceuta;TOTAL INFRACCIONES PENALES;2019;2.162
Ceuta;TOTAL INFRACCIONES PENALES;2018;2.205
Melilla;1. CONTRA LAS PERSONAS;2024;468
Melilla;1. CONTRA LAS PERSONAS;2023;481
Melilla;1. CONTRA LAS PERSONAS;2022;465
Melilla;1. CONTRA LAS PERSONAS;2021;448
Melilla;1. CONTRA LAS PERSONAS;2020;486
Melilla;1. CONTRA LAS PERSONAS;2019;521
Melilla;1. CONTRA LAS PERSONAS;2018;452
Melilla;1.1.-Homicidios dolosos/asesinatos;2024;1
Melilla;1.1.-Homicidios dolosos/asesinatos;2023;3
Melilla;1.1.-Homicidios dolosos/asesinatos;2022;9
Melilla;1.1.-Homicidios dolosos/asesinatos;2021;5
Melilla;1.1.-Homicidios dolosos/asesinatos;2020;3
Melilla;1.1.-Homicidios dolosos/asesinatos;2019;9
Melilla;1.1.-Homicidios dolosos/asesinatos;2018;2
Melilla;1.1.1.-Homicidios dolosos/asesinatos consumados;2024;0
Melilla;1.1.1.-Homicidios dolosos/asesinatos consumados;2023;0
Melilla;1.1.1.-Homicidios dolosos/asesinatos consumados;2022;1
Melilla;1.1.1.-Homicidios dolosos/asesinatos consumados;2021;0
Melilla;1.1.1.-Homicidios dolosos/asesinatos consumados;2020;0
Melilla;1.1.1.-Homicidios dolosos/asesinatos consumados;2019;0
Melilla;1.1.1.-Homicidios dolosos/asesinatos consumados;2018;0
Melilla;1.2.-Lesiones;2024;113
Melilla;1.2.-Lesiones;2023;151
Melilla;1.2.-Lesiones;2022;139
Melilla;1.2.-Lesiones;2021;188
Melilla;1.2.-Lesiones;2020;199
Melilla;1.2.-Lesiones;2019;234
Melilla;1.2.-Lesiones;2018;199
Melilla;1.3.-Malos tratos ámbito familiar;2024;327
Melilla;1.3.-Malos tratos ámbito familiar;2023;320
Melilla;1.3.-Malos tratos ámbito familiar;2022;303
Melilla;1.3.-Malos tratos ámbito familiar;2021;235
Melilla;1.3.-Malos tratos ámbito familiar;2020;262
Melilla;1.3.-Malos tratos ámbito familiar;2019;267
Melilla;1.3.-Malos tratos ámbito familiar;2018;238
Melilla;1.4.-Otros contra las personas;2024;27
Melilla;1.4.-Otros contra las personas;2023;7
Melilla;1.4.-Otros contra las personas;2022;14
Melilla;1.4.-Otros contra las personas;2021;20
Melilla;1.4.-Otros contra las personas;2020;22
Melilla;1.4.-Otros contra las personas;2019;11
Melilla;1.4.-Otros contra las personas;2018;13
Melilla;2. CONTRA LA LIBERTAD;2024;134
Melilla;2. CONTRA LA LIBERTAD;2023;120
Melilla;2. CONTRA LA LIBERTAD;2022;92
Melilla;2. CONTRA LA LIBERTAD;2021;117
Melilla;2. CONTRA LA LIBERTAD;2020;93
Melilla;2. CONTRA LA LIBERTAD;2019;88
Melilla;2. CONTRA LA LIBERTAD;2018;84
Melilla;2.1.-Malos tratos habituales en el ámbito familiar;2024;6
Melilla;2.1.-Malos tratos habituales en el ámbito familiar;2023;0
Melilla;2.1.-Malos tratos habituales en el ámbito familiar;2022;10
Melilla;2.1.-Malos tratos habituales en el ámbito familiar;2021;4
Melilla;2.1.-Malos tratos habituales en el ámbito familiar;2020;4
Melilla;2.1.-Malos tratos habituales en el ámbito familiar;2019;6
Melilla;2.1.-Malos tratos habituales en el ámbito familiar;2018;3
Melilla;2.2.-Otros contra la libertad;2024;128
Melilla;2.2.-Otros contra la libertad;2023;120
Melilla;2.2.-Otros contra la libertad;2022;82
Melilla;2.2.-Otros contra la libertad;2021;113
Melilla;2.2.-Otros contra la libertad;2020;89
Melilla;2.2.-Otros contra la libertad;2019;82
Melilla;2.2.-Otros contra la libertad;2018;81
Melilla;3. LIBERTAD SEXUAL;2024;31
Melilla;3. LIBERTAD SEXUAL;2023;30
Melilla;3. LIBERTAD SEXUAL;2022;18
Melilla;3. LIBERTAD SEXUAL;2021;30
Melilla;3. LIBERTAD SEXUAL;2020;21
Melilla;3. LIBERTAD SEXUAL;2019;24
Melilla;3. LIBERTAD SEXUAL;2018;20
Melilla;3.1.-Agresión sexual;2024;23
Melilla;3.1.-Agresión sexual;2023;23
Melilla;3.1.-Agresión sexual;2022;15
Melilla;3.1.-Agresión sexual;2021;20
Melilla;3.1.-Agresión sexual;2020;12
Melilla;3.1.-Agresión sexual;2019;16
Melilla;3.1.-Agresión sexual;2018;10
Melilla;3.2.-Agresión sexual con penetración;2024;4
Melilla;3.2.-Agresión sexual con penetración;2023;3
Melilla;3.2.-Agresión sexual con penetración;2022;3
Melilla;3.2.-Agresión sexual con penetración;2021;5
Melilla;3.2.-Agresión sexual con penetración;2020;6
Melilla;3.2.-Agresión sexual con penetración;2019;5
Melilla;3.2.-Agresión sexual con penetración;2018;4
Melilla;3.3.-Corrupción de menores o incapacitados;2024;0
Melilla;3.3.-Corrupción de menores o incapacitados;2023;0
Melilla;3.3.-Corrupción de menores o incapacitados;2022;0
Melilla;3.3.-Corrupción de menores o incapacitados;2021;1
Melilla;3.3.-Corrupción de menores o incapacitados;2020;1
Melilla;3.3.-Corrupción de menores o incapacitados;2019;0
Melilla;3.3.-Corrupción de menores o incapacitados;2018;0
Melilla;3.4.-Pornografía de menores;2024;0
Melilla;3.4.-Pornografía de menores;2023;2
Melilla;3.4.-Pornografía de menores;2022;0
Melilla;3.4.-Pornografía de menores;2021;3
Melilla;3.4.-Pornografía de menores;2020;0
Melilla;3.4.-Pornografía de menores;2019;0
Melilla;3.4.-Pornografía de menores;2018;2
Melilla;3.5.-Otros contra la libertad sexual;2024;4
Melilla;3.5.-Otros contra la libertad sexual;2023;2
Melilla;3.5.-Otros contra la libertad sexual;2022;0
Melilla;3.5.-Otros contra la libertad sexual;2021;1
Melilla;3.5.-Otros contra la libertad sexual;2020;2
Melilla;3.5.-Otros contra la libertad sexual;2019;3
Melilla;3.5.-Otros contra la libertad sexual;2018;4
Melilla;4. RELACIONES FAMILIARES;2024;8
Melilla;4. RELACIONES FAMILIARES;2023;6
Melilla;4. RELACIONES FAMILIARES;2022;1
Melilla;4. RELACIONES FAMILIARES;2021;3
Melilla;4. RELACIONES FAMILIARES;2020;8
Melilla;4. RELACIONES FAMILIARES;2019;12
Melilla;4. RELACIONES FAMILIARES;2018;10
Melilla;5. PATRIMONIO;2024;491
Melilla;5. PATRIMONIO;2023;388
Melilla;5. PATRIMONIO;2022;341
Melilla;5. PATRIMONIO;2021;427
Melilla;5. PATRIMONIO;2020;671
Melilla;5. PATRIMONIO;2019;903
Melilla;5. PATRIMONIO;2018;901
Melilla;5.1.-Hurtos;2024;104
Melilla;5.1.-Hurtos;2023;88
Melilla;5.1.-Hurtos;2022;59
Melilla;5.1.-Hurtos;2021;75
Melilla;5.1.-Hurtos;2020;111
Melilla;5.1.-Hurtos;2019;270
Melilla;5.1.-Hurtos;2018;235
Melilla;5.2.-Robos con fuerza en las cosas;2024;110
Melilla;5.2.-Robos con fuerza en las cosas;2023;97
Melilla;5.2.-Robos con fuerza en las cosas;2022;81
Melilla;5.2.-Robos con fuerza en las cosas;2021;72
Melilla;5.2.-Robos con fuerza en las cosas;2020;127
Melilla;5.2.-Robos con fuerza en las cosas;2019;194
Melilla;5.2.-Robos con fuerza en las cosas;2018;254
Melilla;5.2.1.-Robos con fuerza en las cosas en el interior de vehículos;2024;36
Melilla;5.2.1.-Robos con fuerza en las cosas en el interior de vehículos;2023;21
Melilla;5.2.1.-Robos con fuerza en las cosas en el interior de vehículos;2022;34
Melilla;5.2.1.-Robos con fuerza en las cosas en el interior de vehículos;2021;28
Melilla;5.2.1.-Robos con fuerza en las cosas en el interior de vehículos;2020;76
Melilla;5.2.1.-Robos con fuerza en las cosas en el interior de vehículos;2019;95
Melilla;5.2.1.-Robos con fuerza en las cosas en el interior de vehículos;2018;155
Melilla;5.2.2.-Robos con fuerza en viviendas;2024;14
Melilla;5.2.2.-Robos con fuerza en viviendas;2023;26
Melilla;5.2.2.-Robos con fuerza en viviendas;2022;19
Melilla;5.2.2.-Robos con fuerza en viviendas;2021;18
Melilla;5.2.2.-Robos con fuerza en viviendas;2020;20
Melilla;5.2.2.-Robos con fuerza en viviendas;2019;39
Melilla;5.2.2.-Robos con fuerza en viviendas;2018;38
Melilla;5.2.3.-Robos con fuerza en establecimientos;2024;38
Melilla;5.2.3.-Robos con fuerza en establecimientos;2023;38
Melilla;5.2.3.-Robos con fuerza en establecimientos;2022;18
Melilla;5.2.3.-Robos con fuerza en establecimientos;2021;7
Melilla;5.2.3.-Robos con fuerza en establecimientos;2020;12
Melilla;5.2.3.-Robos con fuerza en establecimientos;2019;25
Melilla;5.2.3.-Robos con fuerza en establecimientos;2018;15
Melilla;5.3.-Robos con violencia o intimidación;2024;99
Melilla;5.3.-Robos con violencia o intimidación;2023;99
Melilla;5.3.-Robos con violencia o intimidación;2022;107
Melilla;5.3.-Robos con violencia o intimidación;2021;165
Melilla;5.3.-Robos con violencia o intimidación;2020;314
Melilla;5.3.-Robos con violencia o intimidación;2019;315
Melilla;5.3.-Robos con violencia o intimidación;2018;291
Melilla;5.3.1.-Robos con violencia en vía pública;2024;60
Melilla;5.3.1.-Robos con violencia en vía pública;2023;73
Melilla;5.3.1.-Robos con violencia en vía pública;2022;85
Melilla;5.3.1.-Robos con violencia en vía pública;2021;107
Melilla;5.3.1.-Robos con violencia en vía pública;2020;248
Melilla;5.3.1.-Robos con violencia en vía pública;2019;208
Melilla;5.3.1.-Robos con violencia en vía pública;2018;238
Melilla;5.3.2.-Robos con violencia en viviendas;2024;6
Melilla;5.3.2.-Robos con violencia en viviendas;2023;7
Melilla;5.3.2.-Robos con violencia en viviendas;2022;4
Melilla;5.3.2.-Robos con violencia en viviendas;2021;1
Melilla;5.3.2.-Robos con violencia en viviendas;2020;1
Melilla;5.3.2.-Robos con violencia en viviendas;2019;5
Melilla;5.3.2.-Robos con violencia en viviendas;2018;1
Melilla;5.3.3.-Robos con violencia en establecimientos;2024;24
Melilla;5.3.3.-Robos con violencia en establecimientos;2023;12
Melilla;5.3.3.-Robos con violencia en establecimientos;2022;15
Melilla;5.3.3.-Robos con violencia en establecimientos;2021;14
Melilla;5.3.3.-Robos con violencia en establecimientos;2020;16
Melilla;5.3.3.-Robos con violencia en establecimientos;2019;9
Melilla;5.3.3.-Robos con violencia en establecimientos;2018;10
Melilla;5.4.-Sustracción de vehículos;2024;16
Melilla;5.4.-Sustracción de vehículos;2023;13
Melilla;5.4.-Sustracción de vehículos;2022;12
Melilla;5.4.-Sustracción de vehículos;2021;12
Melilla;5.4.-Sustracción de vehículos;2020;13
Melilla;5.4.-Sustracción de vehículos;2019;9
Melilla;5.4.-Sustracción de vehículos;2018;22
Melilla;5.5.-Estafas;2024;77
Melilla;5.5.-Estafas;2023;26
Melilla;5.5.-Estafas;2022;35
Melilla;5.5.-Estafas;2021;22
Melilla;5.5.-Estafas;2020;35
Melilla;5.5.-Estafas;2019;33
Melilla;5.5.-Estafas;2018;23
Melilla;5.5.1.-Estafas informáticas;2024;40
Melilla;5.5.1.-Estafas informáticas;2023;11
Melilla;5.5.1.-Estafas informáticas;2022;20
Melilla;5.5.1.-Estafas informáticas;2021;12
Melilla;5.5.1.-Estafas informáticas;2020;10
Melilla;5.5.1.-Estafas informáticas;2019;16
Melilla;5.5.1.-Estafas informáticas;2018;10
Melilla;5.6.-Daños;2024;48
Melilla;5.6.-Daños;2023;39
Melilla;5.6.-Daños;2022;28
Melilla;5.6.-Daños;2021;62
Melilla;5.6.-Daños;2020;45
Melilla;5.6.-Daños;2019;31
Melilla;5.6.-Daños;2018;44
Melilla;5.7.-Contra la propiedad intelectual/industrial;2024;1
Melilla;5.7.-Contra la propiedad intelectual/industrial;2023;2
Melilla;5.7.-Contra la propiedad intelectual/industrial;2022;0
Melilla;5.7.-Contra la propiedad intelectual/industrial;2021;1
Melilla;5.7.-Contra la propiedad intelectual/industrial;2020;1
Melilla;5.7.-Contra la propiedad intelectual/industrial;2019;15
Melilla;5.7.-Contra la propiedad intelectual/industrial;2018;11
Melilla;5.8.-Blanqueo de capitales;2024;0
Melilla;5.8.-Blanqueo de capitales;2023;0
Melilla;5.8.-Blanqueo de capitales;2022;0
Melilla;5.8.-Blanqueo de capitales;2021;0
Melilla;5.8.-Blanqueo de capitales;2020;0
Melilla;5.8.-Blanqueo de capitales;2019;3
Melilla;5.8.-Blanqueo de capitales;2018;0
Melilla;5.9.-Otros contra el patrimonio;2024;36
Melilla;5.9.-Otros contra el patrimonio;2023;24
Melilla;5.9.-Otros contra el patrimonio;2022;19
Melilla;5.9.-Otros contra el patrimonio;2021;18
Melilla;5.9.-Otros contra el patrimonio;2020;25
Melilla;5.9.-Otros contra el patrimonio;2019;33
Melilla;5.9.-Otros contra el patrimonio;2018;21
Melilla;6. SEGURIDAD COLECTIVA;2024;212
Melilla;6. SEGURIDAD COLECTIVA;2023;346
Melilla;6. SEGURIDAD COLECTIVA;2022;320
Melilla;6. SEGURIDAD COLECTIVA;2021;374
Melilla;6. SEGURIDAD COLECTIVA;2020;332
Melilla;6. SEGURIDAD COLECTIVA;2019;343
Melilla;6. SEGURIDAD COLECTIVA;2018;306
Melilla;6.1.-Tráfico de drogas;2024;51
Melilla;6.1.-Tráfico de drogas;2023;102
Melilla;6.1.-Tráfico de drogas;2022;100
Melilla;6.1.-Tráfico de drogas;2021;227
Melilla;6.1.-Tráfico de drogas;2020;162
Melilla;6.1.-Tráfico de drogas;2019;98
Melilla;6.1.-Tráfico de drogas;2018;70
Melilla;6.2.-Contra la seguridad vial;2024;153
Melilla;6.2.-Contra la seguridad vial;2023;240
Melilla;6.2.-Contra la seguridad vial;2022;218
Melilla;6.2.-Contra la seguridad vial;2021;141
Melilla;6.2.-Contra la seguridad vial;2020;163
Melilla;6.2.-Contra la seguridad vial;2019;225
Melilla;6.2.-Contra la seguridad vial;2018;201
Melilla;6.3.-Otros contra la seguridad colectiva;2024;8
Melilla;6.3.-Otros contra la seguridad colectiva;2023;4
Melilla;6.3.-Otros contra la seguridad colectiva;2022;2
Melilla;6.3.-Otros contra la seguridad colectiva;2021;6
Melilla;6.3.-Otros contra la seguridad colectiva;2020;7
Melilla;6.3.-Otros contra la seguridad colectiva;2019;20
Melilla;6.3.-Otros contra la seguridad colectiva;2018;35
Melilla;7. FALSEDADES;2024;51
Melilla;7. FALSEDADES;2023;92
Melilla;7. FALSEDADES;2022;50
Melilla;7. FALSEDADES;2021;43
Melilla;7. FALSEDADES;2020;123
Melilla;7. FALSEDADES;2019;510
Melilla;7. FALSEDADES;2018;453
Melilla;8. ADMÓN. PÚBLICA;2024;52
Melilla;8. ADMÓN. PÚBLICA;2023;0
Melilla;8. ADMÓN. PÚBLICA;2022;2
Melilla;8. ADMÓN. PÚBLICA;2021;0
Melilla;8. ADMÓN. PÚBLICA;2020;1
Melilla;8. ADMÓN. PÚBLICA;2019;2
Melilla;8. ADMÓN. PÚBLICA;2018;0
Melilla;9. ADMÓN. JUSTICIA;2024;136
Melilla;9. ADMÓN. JUSTICIA;2023;102
Melilla;9. ADMÓN. JUSTICIA;2022;73
Melilla;9. ADMÓN. JUSTICIA;2021;61
Melilla;9. ADMÓN. JUSTICIA;2020;77
Melilla;9. ADMÓN. JUSTICIA;2019;77
Melilla;9. ADMÓN. JUSTICIA;2018;69
Melilla;10. ORDEN PÚBLICO;2024;115
Melilla;10. ORDEN PÚBLICO;2023;94
Melilla;10. ORDEN PÚBLICO;2022;97
Melilla;10. ORDEN PÚBLICO;2021;133
Melilla;10. ORDEN PÚBLICO;2020;225
Melilla;10. ORDEN PÚBLICO;2019;120
Melilla;10. ORDEN PÚBLICO;2018;138
Melilla;11. LEGISLACIÓN ESPECIAL;2024;3
Melilla;11. LEGISLACIÓN ESPECIAL;2023;15
Melilla;11. LEGISLACIÓN ESPECIAL;2022;0
Melilla;11. LEGISLACIÓN ESPECIAL;2021;2
Melilla;11. LEGISLACIÓN ESPECIAL;2020;0
Melilla;11. LEGISLACIÓN ESPECIAL;2019;4
Melilla;11. LEGISLACIÓN ESPECIAL;2018;1
Melilla;12. OTRAS INFRACCIONES PENALES;2024;34
Melilla;12. OTRAS INFRACCIONES PENALES;2023;43
Melilla;12. OTRAS INFRACCIONES PENALES;2022;80
Melilla;12. OTRAS INFRACCIONES PENALES;2021;51
Melilla;12. OTRAS INFRACCIONES PENALES;2020;57
Melilla;12. OTRAS INFRACCIONES PENALES;2019;185
Melilla;12. OTRAS INFRACCIONES PENALES;2018;158
Melilla;TOTAL INFRACCIONES PENALES;2024;1.735
Melilla;TOTAL INFRACCIONES PENALES;2023;1.717
Melilla;TOTAL INFRACCIONES PENALES;2022;1.539
Melilla;TOTAL INFRACCIONES PENALES;2021;1.689
Melilla;TOTAL INFRACCIONES PENALES;2020;2.094
Melilla;TOTAL INFRACCIONES PENALES;2019;2.789
Melilla;TOTAL INFRACCIONES PENALES;2018;2.592
