Comunidades autónomas;Tipología penal;periodo;Total
TOTAL NACIONAL;1. CONTRA LAS PERSONAS;2024;236.010
TOTAL NACIONAL;1. CONTRA LAS PERSONAS;2023;226.761
TOTAL NACIONAL;1. CONTRA LAS PERSONAS;2022;212.804
TOTAL NACIONAL;1. CONTRA LAS PERSONAS;2021;183.590
TOTAL NACIONAL;1. CONTRA LAS PERSONAS;2020;161.406
TOTAL NACIONAL;1. CONTRA LAS PERSONAS;2019;186.110
TOTAL NACIONAL;1. CONTRA LAS PERSONAS;2018;177.165
TOTAL NACIONAL;1.1.-Homicidios dolosos/asesinatos;2024;1.695
TOTAL NACIONAL;1.1.-Homicidios dolosos/asesinatos;2023;1.692
TOTAL NACIONAL;1.1.-Homicidios dolosos/asesinatos;2022;1.539
TOTAL NACIONAL;1.1.-Homicidios dolosos/asesinatos;2021;1.322
TOTAL NACIONAL;1.1.-Homicidios dolosos/asesinatos;2020;1.201
TOTAL NACIONAL;1.1.-Homicidios dolosos/asesinatos;2019;1.167
TOTAL NACIONAL;1.1.-Homicidios dolosos/asesinatos;2018;1.088
TOTAL NACIONAL;1.1.1.-Homicidios dolosos/asesinatos consumados;2024;349
TOTAL NACIONAL;1.1.1.-Homicidios dolosos/asesinatos consumados;2023;333
TOTAL NACIONAL;1.1.1.-Homicidios dolosos/asesinatos consumados;2022;326
TOTAL NACIONAL;1.1.1.-Homicidios dolosos/asesinatos consumados;2021;293
TOTAL NACIONAL;1.1.1.-Homicidios dolosos/asesinatos consumados;2020;298
TOTAL NACIONAL;1.1.1.-Homicidios dolosos/asesinatos consumados;2019;331
TOTAL NACIONAL;1.1.1.-Homicidios dolosos/asesinatos consumados;2018;289
TOTAL NACIONAL;1.2.-Lesiones;2024;123.028
TOTAL NACIONAL;1.2.-Lesiones;2023;118.125
TOTAL NACIONAL;1.2.-Lesiones;2022;113.704
TOTAL NACIONAL;1.2.-Lesiones;2021;96.159
TOTAL NACIONAL;1.2.-Lesiones;2020;81.449
TOTAL NACIONAL;1.2.-Lesiones;2019;103.341
TOTAL NACIONAL;1.2.-Lesiones;2018;99.928
TOTAL NACIONAL;1.3.-Malos tratos ámbito familiar;2024;104.625
TOTAL NACIONAL;1.3.-Malos tratos ámbito familiar;2023;101.179
TOTAL NACIONAL;1.3.-Malos tratos ámbito familiar;2022;92.695
TOTAL NACIONAL;1.3.-Malos tratos ámbito familiar;2021;82.003
TOTAL NACIONAL;1.3.-Malos tratos ámbito familiar;2020;75.203
TOTAL NACIONAL;1.3.-Malos tratos ámbito familiar;2019;77.424
TOTAL NACIONAL;1.3.-Malos tratos ámbito familiar;2018;72.309
TOTAL NACIONAL;1.4.-Otros contra las personas;2024;6.662
TOTAL NACIONAL;1.4.-Otros contra las personas;2023;5.765
TOTAL NACIONAL;1.4.-Otros contra las personas;2022;4.866
TOTAL NACIONAL;1.4.-Otros contra las personas;2021;4.106
TOTAL NACIONAL;1.4.-Otros contra las personas;2020;3.553
TOTAL NACIONAL;1.4.-Otros contra las personas;2019;4.178
TOTAL NACIONAL;1.4.-Otros contra las personas;2018;3.840
TOTAL NACIONAL;2. CONTRA LA LIBERTAD;2024;166.499
TOTAL NACIONAL;2. CONTRA LA LIBERTAD;2023;159.113
TOTAL NACIONAL;2. CONTRA LA LIBERTAD;2022;143.861
TOTAL NACIONAL;2. CONTRA LA LIBERTAD;2021;139.867
TOTAL NACIONAL;2. CONTRA LA LIBERTAD;2020;125.010
TOTAL NACIONAL;2. CONTRA LA LIBERTAD;2019;125.685
TOTAL NACIONAL;2. CONTRA LA LIBERTAD;2018;120.919
TOTAL NACIONAL;2.1.-Malos tratos habituales en el ámbito familiar;2024;16.517
TOTAL NACIONAL;2.1.-Malos tratos habituales en el ámbito familiar;2023;17.120
TOTAL NACIONAL;2.1.-Malos tratos habituales en el ámbito familiar;2022;15.647
TOTAL NACIONAL;2.1.-Malos tratos habituales en el ámbito familiar;2021;15.008
TOTAL NACIONAL;2.1.-Malos tratos habituales en el ámbito familiar;2020;13.993
TOTAL NACIONAL;2.1.-Malos tratos habituales en el ámbito familiar;2019;14.575
TOTAL NACIONAL;2.1.-Malos tratos habituales en el ámbito familiar;2018;14.196
TOTAL NACIONAL;2.2.-Otros contra la libertad;2024;149.982
TOTAL NACIONAL;2.2.-Otros contra la libertad;2023;141.993
TOTAL NACIONAL;2.2.-Otros contra la libertad;2022;128.214
TOTAL NACIONAL;2.2.-Otros contra la libertad;2021;124.859
TOTAL NACIONAL;2.2.-Otros contra la libertad;2020;111.017
TOTAL NACIONAL;2.2.-Otros contra la libertad;2019;111.110
TOTAL NACIONAL;2.2.-Otros contra la libertad;2018;106.723
TOTAL NACIONAL;3. LIBERTAD SEXUAL;2024;22.846
TOTAL NACIONAL;3. LIBERTAD SEXUAL;2023;21.825
TOTAL NACIONAL;3. LIBERTAD SEXUAL;2022;19.013
TOTAL NACIONAL;3. LIBERTAD SEXUAL;2021;17.016
TOTAL NACIONAL;3. LIBERTAD SEXUAL;2020;13.174
TOTAL NACIONAL;3. LIBERTAD SEXUAL;2019;15.319
TOTAL NACIONAL;3. LIBERTAD SEXUAL;2018;13.782
TOTAL NACIONAL;3.1.-Agresión sexual;2024;13.674
TOTAL NACIONAL;3.1.-Agresión sexual;2023;12.727
TOTAL NACIONAL;3.1.-Agresión sexual;2022;11.426
TOTAL NACIONAL;3.1.-Agresión sexual;2021;10.061
TOTAL NACIONAL;3.1.-Agresión sexual;2020;7.276
TOTAL NACIONAL;3.1.-Agresión sexual;2019;8.885
TOTAL NACIONAL;3.1.-Agresión sexual;2018;7.983
TOTAL NACIONAL;3.2.-Agresión sexual con penetración;2024;5.222
TOTAL NACIONAL;3.2.-Agresión sexual con penetración;2023;4.890
TOTAL NACIONAL;3.2.-Agresión sexual con penetración;2022;4.270
TOTAL NACIONAL;3.2.-Agresión sexual con penetración;2021;3.795
TOTAL NACIONAL;3.2.-Agresión sexual con penetración;2020;2.785
TOTAL NACIONAL;3.2.-Agresión sexual con penetración;2019;3.079
TOTAL NACIONAL;3.2.-Agresión sexual con penetración;2018;2.744
TOTAL NACIONAL;3.3.-Corrupción de menores o incapacitados;2024;431
TOTAL NACIONAL;3.3.-Corrupción de menores o incapacitados;2023;389
TOTAL NACIONAL;3.3.-Corrupción de menores o incapacitados;2022;384
TOTAL NACIONAL;3.3.-Corrupción de menores o incapacitados;2021;347
TOTAL NACIONAL;3.3.-Corrupción de menores o incapacitados;2020;350
TOTAL NACIONAL;3.3.-Corrupción de menores o incapacitados;2019;369
TOTAL NACIONAL;3.3.-Corrupción de menores o incapacitados;2018;268
TOTAL NACIONAL;3.4.-Pornografía de menores;2024;913
TOTAL NACIONAL;3.4.-Pornografía de menores;2023;909
TOTAL NACIONAL;3.4.-Pornografía de menores;2022;707
TOTAL NACIONAL;3.4.-Pornografía de menores;2021;739
TOTAL NACIONAL;3.4.-Pornografía de menores;2020;762
TOTAL NACIONAL;3.4.-Pornografía de menores;2019;866
TOTAL NACIONAL;3.4.-Pornografía de menores;2018;892
TOTAL NACIONAL;3.5.-Otros contra la libertad sexual;2024;2.606
TOTAL NACIONAL;3.5.-Otros contra la libertad sexual;2023;2.910
TOTAL NACIONAL;3.5.-Otros contra la libertad sexual;2022;2.226
TOTAL NACIONAL;3.5.-Otros contra la libertad sexual;2021;2.074
TOTAL NACIONAL;3.5.-Otros contra la libertad sexual;2020;2.001
TOTAL NACIONAL;3.5.-Otros contra la libertad sexual;2019;2.120
TOTAL NACIONAL;3.5.-Otros contra la libertad sexual;2018;1.895
TOTAL NACIONAL;4. RELACIONES FAMILIARES;2024;7.586
TOTAL NACIONAL;4. RELACIONES FAMILIARES;2023;7.611
TOTAL NACIONAL;4. RELACIONES FAMILIARES;2022;7.567
TOTAL NACIONAL;4. RELACIONES FAMILIARES;2021;7.410
TOTAL NACIONAL;4. RELACIONES FAMILIARES;2020;6.831
TOTAL NACIONAL;4. RELACIONES FAMILIARES;2019;7.288
TOTAL NACIONAL;4. RELACIONES FAMILIARES;2018;7.630
TOTAL NACIONAL;5. PATRIMONIO;2024;1.809.484
TOTAL NACIONAL;5. PATRIMONIO;2023;1.846.821
TOTAL NACIONAL;5. PATRIMONIO;2022;1.747.464
TOTAL NACIONAL;5. PATRIMONIO;2021;1.434.698
TOTAL NACIONAL;5. PATRIMONIO;2020;1.304.424
TOTAL NACIONAL;5. PATRIMONIO;2019;1.707.144
TOTAL NACIONAL;5. PATRIMONIO;2018;1.664.242
TOTAL NACIONAL;5.1.-Hurtos;2024;648.963
TOTAL NACIONAL;5.1.-Hurtos;2023;665.622
TOTAL NACIONAL;5.1.-Hurtos;2022;642.276
TOTAL NACIONAL;5.1.-Hurtos;2021;493.479
TOTAL NACIONAL;5.1.-Hurtos;2020;420.950
TOTAL NACIONAL;5.1.-Hurtos;2019;700.453
TOTAL NACIONAL;5.1.-Hurtos;2018;706.072
TOTAL NACIONAL;5.2.-Robos con fuerza en las cosas;2024;262.222
TOTAL NACIONAL;5.2.-Robos con fuerza en las cosas;2023;272.638
TOTAL NACIONAL;5.2.-Robos con fuerza en las cosas;2022;265.901
TOTAL NACIONAL;5.2.-Robos con fuerza en las cosas;2021;229.137
TOTAL NACIONAL;5.2.-Robos con fuerza en las cosas;2020;219.091
TOTAL NACIONAL;5.2.-Robos con fuerza en las cosas;2019;298.098
TOTAL NACIONAL;5.2.-Robos con fuerza en las cosas;2018;302.043
TOTAL NACIONAL;5.2.1.-Robos con fuerza en las cosas en el interior de vehículos;2024;103.175
TOTAL NACIONAL;5.2.1.-Robos con fuerza en las cosas en el interior de vehículos;2023;104.988
TOTAL NACIONAL;5.2.1.-Robos con fuerza en las cosas en el interior de vehículos;2022;101.084
TOTAL NACIONAL;5.2.1.-Robos con fuerza en las cosas en el interior de vehículos;2021;87.774
TOTAL NACIONAL;5.2.1.-Robos con fuerza en las cosas en el interior de vehículos;2020;54.633
TOTAL NACIONAL;5.2.1.-Robos con fuerza en las cosas en el interior de vehículos;2019;108.637
TOTAL NACIONAL;5.2.1.-Robos con fuerza en las cosas en el interior de vehículos;2018;102.474
TOTAL NACIONAL;5.2.2.-Robos con fuerza en viviendas;2024;81.094
TOTAL NACIONAL;5.2.2.-Robos con fuerza en viviendas;2023;84.721
TOTAL NACIONAL;5.2.2.-Robos con fuerza en viviendas;2022;86.515
TOTAL NACIONAL;5.2.2.-Robos con fuerza en viviendas;2021;75.501
TOTAL NACIONAL;5.2.2.-Robos con fuerza en viviendas;2020;72.380
TOTAL NACIONAL;5.2.2.-Robos con fuerza en viviendas;2019;98.326
TOTAL NACIONAL;5.2.2.-Robos con fuerza en viviendas;2018;107.166
TOTAL NACIONAL;5.2.3.-Robos con fuerza en establecimientos;2024;31.439
TOTAL NACIONAL;5.2.3.-Robos con fuerza en establecimientos;2023;35.072
TOTAL NACIONAL;5.2.3.-Robos con fuerza en establecimientos;2022;31.552
TOTAL NACIONAL;5.2.3.-Robos con fuerza en establecimientos;2021;27.198
TOTAL NACIONAL;5.2.3.-Robos con fuerza en establecimientos;2020;31.237
TOTAL NACIONAL;5.2.3.-Robos con fuerza en establecimientos;2019;32.363
TOTAL NACIONAL;5.2.3.-Robos con fuerza en establecimientos;2018;33.129
TOTAL NACIONAL;5.3.-Robos con violencia o intimidación;2024;62.976
TOTAL NACIONAL;5.3.-Robos con violencia o intimidación;2023;64.711
TOTAL NACIONAL;5.3.-Robos con violencia o intimidación;2022;63.392
TOTAL NACIONAL;5.3.-Robos con violencia o intimidación;2021;53.073
TOTAL NACIONAL;5.3.-Robos con violencia o intimidación;2020;45.263
TOTAL NACIONAL;5.3.-Robos con violencia o intimidación;2019;65.874
TOTAL NACIONAL;5.3.-Robos con violencia o intimidación;2018;60.295
TOTAL NACIONAL;5.3.1.-Robos con violencia en vía pública;2024;42.764
TOTAL NACIONAL;5.3.1.-Robos con violencia en vía pública;2023;44.406
TOTAL NACIONAL;5.3.1.-Robos con violencia en vía pública;2022;43.100
TOTAL NACIONAL;5.3.1.-Robos con violencia en vía pública;2021;35.726
TOTAL NACIONAL;5.3.1.-Robos con violencia en vía pública;2020;30.162
TOTAL NACIONAL;5.3.1.-Robos con violencia en vía pública;2019;25.916
TOTAL NACIONAL;5.3.1.-Robos con violencia en vía pública;2018;24.681
TOTAL NACIONAL;5.3.2.-Robos con violencia en viviendas;2024;3.934
TOTAL NACIONAL;5.3.2.-Robos con violencia en viviendas;2023;3.844
TOTAL NACIONAL;5.3.2.-Robos con violencia en viviendas;2022;3.669
TOTAL NACIONAL;5.3.2.-Robos con violencia en viviendas;2021;3.477
TOTAL NACIONAL;5.3.2.-Robos con violencia en viviendas;2020;3.208
TOTAL NACIONAL;5.3.2.-Robos con violencia en viviendas;2019;3.223
TOTAL NACIONAL;5.3.2.-Robos con violencia en viviendas;2018;3.233
TOTAL NACIONAL;5.3.3.-Robos con violencia en establecimientos;2024;8.553
TOTAL NACIONAL;5.3.3.-Robos con violencia en establecimientos;2023;8.238
TOTAL NACIONAL;5.3.3.-Robos con violencia en establecimientos;2022;8.210
TOTAL NACIONAL;5.3.3.-Robos con violencia en establecimientos;2021;6.663
TOTAL NACIONAL;5.3.3.-Robos con violencia en establecimientos;2020;6.138
TOTAL NACIONAL;5.3.3.-Robos con violencia en establecimientos;2019;5.609
TOTAL NACIONAL;5.3.3.-Robos con violencia en establecimientos;2018;5.355
TOTAL NACIONAL;5.4.-Sustracción de vehículos;2024;32.965
TOTAL NACIONAL;5.4.-Sustracción de vehículos;2023;32.839
TOTAL NACIONAL;5.4.-Sustracción de vehículos;2022;30.767
TOTAL NACIONAL;5.4.-Sustracción de vehículos;2021;26.417
TOTAL NACIONAL;5.4.-Sustracción de vehículos;2020;25.387
TOTAL NACIONAL;5.4.-Sustracción de vehículos;2019;35.105
TOTAL NACIONAL;5.4.-Sustracción de vehículos;2018;35.897
TOTAL NACIONAL;5.5.-Estafas;2024;517.271
TOTAL NACIONAL;5.5.-Estafas;2023;533.379
TOTAL NACIONAL;5.5.-Estafas;2022;466.566
TOTAL NACIONAL;5.5.-Estafas;2021;373.113
TOTAL NACIONAL;5.5.-Estafas;2020;360.844
TOTAL NACIONAL;5.5.-Estafas;2019;327.723
TOTAL NACIONAL;5.5.-Estafas;2018;289.259
TOTAL NACIONAL;5.5.1.-Estafas informáticas;2024;412.850
TOTAL NACIONAL;5.5.1.-Estafas informáticas;2023;427.448
TOTAL NACIONAL;5.5.1.-Estafas informáticas;2022;335.995
TOTAL NACIONAL;5.5.1.-Estafas informáticas;2021;267.011
TOTAL NACIONAL;5.5.1.-Estafas informáticas;2020;257.907
TOTAL NACIONAL;5.5.1.-Estafas informáticas;2019;192.375
TOTAL NACIONAL;5.5.1.-Estafas informáticas;2018;136.656
TOTAL NACIONAL;5.6.-Daños;2024;210.805
TOTAL NACIONAL;5.6.-Daños;2023;209.299
TOTAL NACIONAL;5.6.-Daños;2022;213.694
TOTAL NACIONAL;5.6.-Daños;2021;201.828
TOTAL NACIONAL;5.6.-Daños;2020;180.429
TOTAL NACIONAL;5.6.-Daños;2019;219.424
TOTAL NACIONAL;5.6.-Daños;2018;213.815
TOTAL NACIONAL;5.7.-Contra la propiedad intelectual/industrial;2024;1.801
TOTAL NACIONAL;5.7.-Contra la propiedad intelectual/industrial;2023;1.451
TOTAL NACIONAL;5.7.-Contra la propiedad intelectual/industrial;2022;1.217
TOTAL NACIONAL;5.7.-Contra la propiedad intelectual/industrial;2021;1.176
TOTAL NACIONAL;5.7.-Contra la propiedad intelectual/industrial;2020;930
TOTAL NACIONAL;5.7.-Contra la propiedad intelectual/industrial;2019;1.807
TOTAL NACIONAL;5.7.-Contra la propiedad intelectual/industrial;2018;2.205
TOTAL NACIONAL;5.8.-Blanqueo de capitales;2024;808
TOTAL NACIONAL;5.8.-Blanqueo de capitales;2023;516
TOTAL NACIONAL;5.8.-Blanqueo de capitales;2022;411
TOTAL NACIONAL;5.8.-Blanqueo de capitales;2021;343
TOTAL NACIONAL;5.8.-Blanqueo de capitales;2020;310
TOTAL NACIONAL;5.8.-Blanqueo de capitales;2019;295
TOTAL NACIONAL;5.8.-Blanqueo de capitales;2018;272
TOTAL NACIONAL;5.9.-Otros contra el patrimonio;2024;71.673
TOTAL NACIONAL;5.9.-Otros contra el patrimonio;2023;66.366
TOTAL NACIONAL;5.9.-Otros contra el patrimonio;2022;63.240
TOTAL NACIONAL;5.9.-Otros contra el patrimonio;2021;56.132
TOTAL NACIONAL;5.9.-Otros contra el patrimonio;2020;51.220
TOTAL NACIONAL;5.9.-Otros contra el patrimonio;2019;58.365
TOTAL NACIONAL;5.9.-Otros contra el patrimonio;2018;54.384
TOTAL NACIONAL;6. SEGURIDAD COLECTIVA;2024;78.256
TOTAL NACIONAL;6. SEGURIDAD COLECTIVA;2023;77.130
TOTAL NACIONAL;6. SEGURIDAD COLECTIVA;2022;76.692
TOTAL NACIONAL;6. SEGURIDAD COLECTIVA;2021;68.891
TOTAL NACIONAL;6. SEGURIDAD COLECTIVA;2020;60.162
TOTAL NACIONAL;6. SEGURIDAD COLECTIVA;2019;68.749
TOTAL NACIONAL;6. SEGURIDAD COLECTIVA;2018;64.126
TOTAL NACIONAL;6.1.-Tráfico de drogas;2024;21.540
TOTAL NACIONAL;6.1.-Tráfico de drogas;2023;21.033
TOTAL NACIONAL;6.1.-Tráfico de drogas;2022;19.057
TOTAL NACIONAL;6.1.-Tráfico de drogas;2021;18.313
TOTAL NACIONAL;6.1.-Tráfico de drogas;2020;17.112
TOTAL NACIONAL;6.1.-Tráfico de drogas;2019;16.624
TOTAL NACIONAL;6.1.-Tráfico de drogas;2018;14.133
TOTAL NACIONAL;6.2.-Contra la seguridad vial;2024;53.480
TOTAL NACIONAL;6.2.-Contra la seguridad vial;2023;53.517
TOTAL NACIONAL;6.2.-Contra la seguridad vial;2022;54.976
TOTAL NACIONAL;6.2.-Contra la seguridad vial;2021;48.394
TOTAL NACIONAL;6.2.-Contra la seguridad vial;2020;41.120
TOTAL NACIONAL;6.2.-Contra la seguridad vial;2019;49.869
TOTAL NACIONAL;6.2.-Contra la seguridad vial;2018;47.648
TOTAL NACIONAL;6.3.-Otros contra la seguridad colectiva;2024;3.236
TOTAL NACIONAL;6.3.-Otros contra la seguridad colectiva;2023;2.580
TOTAL NACIONAL;6.3.-Otros contra la seguridad colectiva;2022;2.659
TOTAL NACIONAL;6.3.-Otros contra la seguridad colectiva;2021;2.184
TOTAL NACIONAL;6.3.-Otros contra la seguridad colectiva;2020;1.930
TOTAL NACIONAL;6.3.-Otros contra la seguridad colectiva;2019;2.256
TOTAL NACIONAL;6.3.-Otros contra la seguridad colectiva;2018;2.345
TOTAL NACIONAL;7. FALSEDADES;2024;45.715
TOTAL NACIONAL;7. FALSEDADES;2023;40.889
TOTAL NACIONAL;7. FALSEDADES;2022;37.717
TOTAL NACIONAL;7. FALSEDADES;2021;34.058
TOTAL NACIONAL;7. FALSEDADES;2020;24.020
TOTAL NACIONAL;7. FALSEDADES;2019;24.529
TOTAL NACIONAL;7. FALSEDADES;2018;22.399
TOTAL NACIONAL;8. ADMÓN. PÚBLICA;2024;701
TOTAL NACIONAL;8. ADMÓN. PÚBLICA;2023;506
TOTAL NACIONAL;8. ADMÓN. PÚBLICA;2022;509
TOTAL NACIONAL;8. ADMÓN. PÚBLICA;2021;541
TOTAL NACIONAL;8. ADMÓN. PÚBLICA;2020;350
TOTAL NACIONAL;8. ADMÓN. PÚBLICA;2019;416
TOTAL NACIONAL;8. ADMÓN. PÚBLICA;2018;510
TOTAL NACIONAL;9. ADMÓN. JUSTICIA;2024;43.933
TOTAL NACIONAL;9. ADMÓN. JUSTICIA;2023;41.910
TOTAL NACIONAL;9. ADMÓN. JUSTICIA;2022;37.910
TOTAL NACIONAL;9. ADMÓN. JUSTICIA;2021;33.370
TOTAL NACIONAL;9. ADMÓN. JUSTICIA;2020;31.140
TOTAL NACIONAL;9. ADMÓN. JUSTICIA;2019;32.082
TOTAL NACIONAL;9. ADMÓN. JUSTICIA;2018;30.290
TOTAL NACIONAL;10. ORDEN PÚBLICO;2024;31.062
TOTAL NACIONAL;10. ORDEN PÚBLICO;2023;30.011
TOTAL NACIONAL;10. ORDEN PÚBLICO;2022;28.562
TOTAL NACIONAL;10. ORDEN PÚBLICO;2021;27.594
TOTAL NACIONAL;10. ORDEN PÚBLICO;2020;30.272
TOTAL NACIONAL;10. ORDEN PÚBLICO;2019;21.877
TOTAL NACIONAL;10. ORDEN PÚBLICO;2018;20.121
TOTAL NACIONAL;11. LEGISLACIÓN ESPECIAL;2024;436
TOTAL NACIONAL;11. LEGISLACIÓN ESPECIAL;2023;464
TOTAL NACIONAL;11. LEGISLACIÓN ESPECIAL;2022;330
TOTAL NACIONAL;11. LEGISLACIÓN ESPECIAL;2021;343
TOTAL NACIONAL;11. LEGISLACIÓN ESPECIAL;2020;325
TOTAL NACIONAL;11. LEGISLACIÓN ESPECIAL;2019;306
TOTAL NACIONAL;11. LEGISLACIÓN ESPECIAL;2018;209
TOTAL NACIONAL;12. OTRAS INFRACCIONES PENALES;2024;11.678
TOTAL NACIONAL;12. OTRAS INFRACCIONES PENALES;2023;11.718
TOTAL NACIONAL;12. OTRAS INFRACCIONES PENALES;2022;10.646
TOTAL NACIONAL;12. OTRAS INFRACCIONES PENALES;2021;10.341
TOTAL NACIONAL;12. OTRAS INFRACCIONES PENALES;2020;9.665
TOTAL NACIONAL;12. OTRAS INFRACCIONES PENALES;2019;9.970
TOTAL NACIONAL;12. OTRAS INFRACCIONES PENALES;2018;9.725
TOTAL NACIONAL;TOTAL INFRACCIONES PENALES;2024;2.454.206
TOTAL NACIONAL;TOTAL INFRACCIONES PENALES;2023;2.464.759
TOTAL NACIONAL;TOTAL INFRACCIONES PENALES;2022;2.323.075
TOTAL NACIONAL;TOTAL INFRACCIONES PENALES;2021;1.957.719
TOTAL NACIONAL;TOTAL INFRACCIONES PENALES;2020;1.766.779
TOTAL NACIONAL;TOTAL INFRACCIONES PENALES;2019;2.199.475
TOTAL NACIONAL;TOTAL INFRACCIONES PENALES;2018;2.131.118
ANDALUCÍA;1. CONTRA LAS PERSONAS;2024;47.011
ANDALUCÍA;1. CONTRA LAS PERSONAS;2023;45.636
ANDALUCÍA;1. CONTRA LAS PERSONAS;2022;42.594
ANDALUCÍA;1. CONTRA LAS PERSONAS;2021;37.296
ANDALUCÍA;1. CONTRA LAS PERSONAS;2020;33.578
ANDALUCÍA;1. CONTRA LAS PERSONAS;2019;37.130
ANDALUCÍA;1. CONTRA LAS PERSONAS;2018;35.043
ANDALUCÍA;1.1.-Homicidios dolosos/asesinatos;2024;350
ANDALUCÍA;1.1.-Homicidios dolosos/asesinatos;2023;363
ANDALUCÍA;1.1.-Homicidios dolosos/asesinatos;2022;358
ANDALUCÍA;1.1.-Homicidios dolosos/asesinatos;2021;274
ANDALUCÍA;1.1.-Homicidios dolosos/asesinatos;2020;298
ANDALUCÍA;1.1.-Homicidios dolosos/asesinatos;2019;238
ANDALUCÍA;1.1.-Homicidios dolosos/asesinatos;2018;262
ANDALUCÍA;1.1.1.-Homicidios dolosos/asesinatos consumados;2024;82
ANDALUCÍA;1.1.1.-Homicidios dolosos/asesinatos consumados;2023;71
ANDALUCÍA;1.1.1.-Homicidios dolosos/asesinatos consumados;2022;74
ANDALUCÍA;1.1.1.-Homicidios dolosos/asesinatos consumados;2021;55
ANDALUCÍA;1.1.1.-Homicidios dolosos/asesinatos consumados;2020;61
ANDALUCÍA;1.1.1.-Homicidios dolosos/asesinatos consumados;2019;82
ANDALUCÍA;1.1.1.-Homicidios dolosos/asesinatos consumados;2018;72
ANDALUCÍA;1.2.-Lesiones;2024;25.781
ANDALUCÍA;1.2.-Lesiones;2023;24.848
ANDALUCÍA;1.2.-Lesiones;2022;23.218
ANDALUCÍA;1.2.-Lesiones;2021;19.996
ANDALUCÍA;1.2.-Lesiones;2020;17.412
ANDALUCÍA;1.2.-Lesiones;2019;20.624
ANDALUCÍA;1.2.-Lesiones;2018;19.547
ANDALUCÍA;1.3.-Malos tratos ámbito familiar;2024;19.586
ANDALUCÍA;1.3.-Malos tratos ámbito familiar;2023;19.294
ANDALUCÍA;1.3.-Malos tratos ámbito familiar;2022;18.119
ANDALUCÍA;1.3.-Malos tratos ámbito familiar;2021;16.314
ANDALUCÍA;1.3.-Malos tratos ámbito familiar;2020;15.221
ANDALUCÍA;1.3.-Malos tratos ámbito familiar;2019;15.455
ANDALUCÍA;1.3.-Malos tratos ámbito familiar;2018;14.441
ANDALUCÍA;1.4.-Otros contra las personas;2024;1.294
ANDALUCÍA;1.4.-Otros contra las personas;2023;1.131
ANDALUCÍA;1.4.-Otros contra las personas;2022;899
ANDALUCÍA;1.4.-Otros contra las personas;2021;712
ANDALUCÍA;1.4.-Otros contra las personas;2020;647
ANDALUCÍA;1.4.-Otros contra las personas;2019;813
ANDALUCÍA;1.4.-Otros contra las personas;2018;793
ANDALUCÍA;2. CONTRA LA LIBERTAD;2024;35.299
ANDALUCÍA;2. CONTRA LA LIBERTAD;2023;32.765
ANDALUCÍA;2. CONTRA LA LIBERTAD;2022;28.618
ANDALUCÍA;2. CONTRA LA LIBERTAD;2021;27.291
ANDALUCÍA;2. CONTRA LA LIBERTAD;2020;26.108
ANDALUCÍA;2. CONTRA LA LIBERTAD;2019;25.751
ANDALUCÍA;2. CONTRA LA LIBERTAD;2018;24.513
ANDALUCÍA;2.1.-Malos tratos habituales en el ámbito familiar;2024;2.918
ANDALUCÍA;2.1.-Malos tratos habituales en el ámbito familiar;2023;3.007
ANDALUCÍA;2.1.-Malos tratos habituales en el ámbito familiar;2022;2.858
ANDALUCÍA;2.1.-Malos tratos habituales en el ámbito familiar;2021;2.806
ANDALUCÍA;2.1.-Malos tratos habituales en el ámbito familiar;2020;2.717
ANDALUCÍA;2.1.-Malos tratos habituales en el ámbito familiar;2019;2.752
ANDALUCÍA;2.1.-Malos tratos habituales en el ámbito familiar;2018;2.671
ANDALUCÍA;2.2.-Otros contra la libertad;2024;32.381
ANDALUCÍA;2.2.-Otros contra la libertad;2023;29.758
ANDALUCÍA;2.2.-Otros contra la libertad;2022;25.760
ANDALUCÍA;2.2.-Otros contra la libertad;2021;24.485
ANDALUCÍA;2.2.-Otros contra la libertad;2020;23.391
ANDALUCÍA;2.2.-Otros contra la libertad;2019;22.999
ANDALUCÍA;2.2.-Otros contra la libertad;2018;21.842
ANDALUCÍA;3. LIBERTAD SEXUAL;2024;3.453
ANDALUCÍA;3. LIBERTAD SEXUAL;2023;3.473
ANDALUCÍA;3. LIBERTAD SEXUAL;2022;3.067
ANDALUCÍA;3. LIBERTAD SEXUAL;2021;2.690
ANDALUCÍA;3. LIBERTAD SEXUAL;2020;2.204
ANDALUCÍA;3. LIBERTAD SEXUAL;2019;2.510
ANDALUCÍA;3. LIBERTAD SEXUAL;2018;2.339
ANDALUCÍA;3.1.-Agresión sexual;2024;2.150
ANDALUCÍA;3.1.-Agresión sexual;2023;2.044
ANDALUCÍA;3.1.-Agresión sexual;2022;1.848
ANDALUCÍA;3.1.-Agresión sexual;2021;1.651
ANDALUCÍA;3.1.-Agresión sexual;2020;1.228
ANDALUCÍA;3.1.-Agresión sexual;2019;1.462
ANDALUCÍA;3.1.-Agresión sexual;2018;1.428
ANDALUCÍA;3.2.-Agresión sexual con penetración;2024;626
ANDALUCÍA;3.2.-Agresión sexual con penetración;2023;604
ANDALUCÍA;3.2.-Agresión sexual con penetración;2022;512
ANDALUCÍA;3.2.-Agresión sexual con penetración;2021;451
ANDALUCÍA;3.2.-Agresión sexual con penetración;2020;370
ANDALUCÍA;3.2.-Agresión sexual con penetración;2019;401
ANDALUCÍA;3.2.-Agresión sexual con penetración;2018;314
ANDALUCÍA;3.3.-Corrupción de menores o incapacitados;2024;68
ANDALUCÍA;3.3.-Corrupción de menores o incapacitados;2023;74
ANDALUCÍA;3.3.-Corrupción de menores o incapacitados;2022;84
ANDALUCÍA;3.3.-Corrupción de menores o incapacitados;2021;68
ANDALUCÍA;3.3.-Corrupción de menores o incapacitados;2020;74
ANDALUCÍA;3.3.-Corrupción de menores o incapacitados;2019;92
ANDALUCÍA;3.3.-Corrupción de menores o incapacitados;2018;63
ANDALUCÍA;3.4.-Pornografía de menores;2024;146
ANDALUCÍA;3.4.-Pornografía de menores;2023;130
ANDALUCÍA;3.4.-Pornografía de menores;2022;118
ANDALUCÍA;3.4.-Pornografía de menores;2021;125
ANDALUCÍA;3.4.-Pornografía de menores;2020;149
ANDALUCÍA;3.4.-Pornografía de menores;2019;132
ANDALUCÍA;3.4.-Pornografía de menores;2018;154
ANDALUCÍA;3.5.-Otros contra la libertad sexual;2024;463
ANDALUCÍA;3.5.-Otros contra la libertad sexual;2023;621
ANDALUCÍA;3.5.-Otros contra la libertad sexual;2022;505
ANDALUCÍA;3.5.-Otros contra la libertad sexual;2021;395
ANDALUCÍA;3.5.-Otros contra la libertad sexual;2020;383
ANDALUCÍA;3.5.-Otros contra la libertad sexual;2019;423
ANDALUCÍA;3.5.-Otros contra la libertad sexual;2018;380
ANDALUCÍA;4. RELACIONES FAMILIARES;2024;1.690
ANDALUCÍA;4. RELACIONES FAMILIARES;2023;1.702
ANDALUCÍA;4. RELACIONES FAMILIARES;2022;1.575
ANDALUCÍA;4. RELACIONES FAMILIARES;2021;1.575
ANDALUCÍA;4. RELACIONES FAMILIARES;2020;1.492
ANDALUCÍA;4. RELACIONES FAMILIARES;2019;1.503
ANDALUCÍA;4. RELACIONES FAMILIARES;2018;1.529
ANDALUCÍA;5. PATRIMONIO;2024;280.511
ANDALUCÍA;5. PATRIMONIO;2023;289.412
ANDALUCÍA;5. PATRIMONIO;2022;264.965
ANDALUCÍA;5. PATRIMONIO;2021;210.150
ANDALUCÍA;5. PATRIMONIO;2020;190.744
ANDALUCÍA;5. PATRIMONIO;2019;239.711
ANDALUCÍA;5. PATRIMONIO;2018;240.939
ANDALUCÍA;5.1.-Hurtos;2024;92.468
ANDALUCÍA;5.1.-Hurtos;2023;95.492
ANDALUCÍA;5.1.-Hurtos;2022;89.038
ANDALUCÍA;5.1.-Hurtos;2021;68.916
ANDALUCÍA;5.1.-Hurtos;2020;57.435
ANDALUCÍA;5.1.-Hurtos;2019;91.298
ANDALUCÍA;5.1.-Hurtos;2018;93.459
ANDALUCÍA;5.2.-Robos con fuerza en las cosas;2024;42.982
ANDALUCÍA;5.2.-Robos con fuerza en las cosas;2023;47.977
ANDALUCÍA;5.2.-Robos con fuerza en las cosas;2022;44.168
ANDALUCÍA;5.2.-Robos con fuerza en las cosas;2021;36.839
ANDALUCÍA;5.2.-Robos con fuerza en las cosas;2020;37.257
ANDALUCÍA;5.2.-Robos con fuerza en las cosas;2019;47.542
ANDALUCÍA;5.2.-Robos con fuerza en las cosas;2018;50.084
ANDALUCÍA;5.2.1.-Robos con fuerza en las cosas en el interior de vehículos;2024;16.936
ANDALUCÍA;5.2.1.-Robos con fuerza en las cosas en el interior de vehículos;2023;19.215
ANDALUCÍA;5.2.1.-Robos con fuerza en las cosas en el interior de vehículos;2022;17.583
ANDALUCÍA;5.2.1.-Robos con fuerza en las cosas en el interior de vehículos;2021;13.902
ANDALUCÍA;5.2.1.-Robos con fuerza en las cosas en el interior de vehículos;2020;13.556
ANDALUCÍA;5.2.1.-Robos con fuerza en las cosas en el interior de vehículos;2019;17.691
ANDALUCÍA;5.2.1.-Robos con fuerza en las cosas en el interior de vehículos;2018;18.696
ANDALUCÍA;5.2.2.-Robos con fuerza en viviendas;2024;12.810
ANDALUCÍA;5.2.2.-Robos con fuerza en viviendas;2023;14.101
ANDALUCÍA;5.2.2.-Robos con fuerza en viviendas;2022;13.281
ANDALUCÍA;5.2.2.-Robos con fuerza en viviendas;2021;11.457
ANDALUCÍA;5.2.2.-Robos con fuerza en viviendas;2020;12.127
ANDALUCÍA;5.2.2.-Robos con fuerza en viviendas;2019;15.349
ANDALUCÍA;5.2.2.-Robos con fuerza en viviendas;2018;15.779
ANDALUCÍA;5.2.3.-Robos con fuerza en establecimientos;2024;5.267
ANDALUCÍA;5.2.3.-Robos con fuerza en establecimientos;2023;5.953
ANDALUCÍA;5.2.3.-Robos con fuerza en establecimientos;2022;5.362
ANDALUCÍA;5.2.3.-Robos con fuerza en establecimientos;2021;4.786
ANDALUCÍA;5.2.3.-Robos con fuerza en establecimientos;2020;5.317
ANDALUCÍA;5.2.3.-Robos con fuerza en establecimientos;2019;6.935
ANDALUCÍA;5.2.3.-Robos con fuerza en establecimientos;2018;7.192
ANDALUCÍA;5.3.-Robos con violencia o intimidación;2024;7.417
ANDALUCÍA;5.3.-Robos con violencia o intimidación;2023;7.676
ANDALUCÍA;5.3.-Robos con violencia o intimidación;2022;7.335
ANDALUCÍA;5.3.-Robos con violencia o intimidación;2021;5.911
ANDALUCÍA;5.3.-Robos con violencia o intimidación;2020;5.187
ANDALUCÍA;5.3.-Robos con violencia o intimidación;2019;7.302
ANDALUCÍA;5.3.-Robos con violencia o intimidación;2018;7.093
ANDALUCÍA;5.3.1.-Robos con violencia en vía pública;2024;4.779
ANDALUCÍA;5.3.1.-Robos con violencia en vía pública;2023;5.028
ANDALUCÍA;5.3.1.-Robos con violencia en vía pública;2022;4.843
ANDALUCÍA;5.3.1.-Robos con violencia en vía pública;2021;3.871
ANDALUCÍA;5.3.1.-Robos con violencia en vía pública;2020;3.253
ANDALUCÍA;5.3.1.-Robos con violencia en vía pública;2019;4.714
ANDALUCÍA;5.3.1.-Robos con violencia en vía pública;2018;4.592
ANDALUCÍA;5.3.2.-Robos con violencia en viviendas;2024;686
ANDALUCÍA;5.3.2.-Robos con violencia en viviendas;2023;630
ANDALUCÍA;5.3.2.-Robos con violencia en viviendas;2022;586
ANDALUCÍA;5.3.2.-Robos con violencia en viviendas;2021;559
ANDALUCÍA;5.3.2.-Robos con violencia en viviendas;2020;469
ANDALUCÍA;5.3.2.-Robos con violencia en viviendas;2019;605
ANDALUCÍA;5.3.2.-Robos con violencia en viviendas;2018;571
ANDALUCÍA;5.3.3.-Robos con violencia en establecimientos;2024;1.161
ANDALUCÍA;5.3.3.-Robos con violencia en establecimientos;2023;1.195
ANDALUCÍA;5.3.3.-Robos con violencia en establecimientos;2022;1.107
ANDALUCÍA;5.3.3.-Robos con violencia en establecimientos;2021;871
ANDALUCÍA;5.3.3.-Robos con violencia en establecimientos;2020;971
ANDALUCÍA;5.3.3.-Robos con violencia en establecimientos;2019;1.163
ANDALUCÍA;5.3.3.-Robos con violencia en establecimientos;2018;1.128
ANDALUCÍA;5.4.-Sustracción de vehículos;2024;6.065
ANDALUCÍA;5.4.-Sustracción de vehículos;2023;5.957
ANDALUCÍA;5.4.-Sustracción de vehículos;2022;5.578
ANDALUCÍA;5.4.-Sustracción de vehículos;2021;4.848
ANDALUCÍA;5.4.-Sustracción de vehículos;2020;4.821
ANDALUCÍA;5.4.-Sustracción de vehículos;2019;6.511
ANDALUCÍA;5.4.-Sustracción de vehículos;2018;6.872
ANDALUCÍA;5.5.-Estafas;2024;83.266
ANDALUCÍA;5.5.-Estafas;2023;84.455
ANDALUCÍA;5.5.-Estafas;2022;71.465
ANDALUCÍA;5.5.-Estafas;2021;51.085
ANDALUCÍA;5.5.-Estafas;2020;47.474
ANDALUCÍA;5.5.-Estafas;2019;42.358
ANDALUCÍA;5.5.-Estafas;2018;37.843
ANDALUCÍA;5.5.1.-Estafas informáticas;2024;71.252
ANDALUCÍA;5.5.1.-Estafas informáticas;2023;72.795
ANDALUCÍA;5.5.1.-Estafas informáticas;2022;49.323
ANDALUCÍA;5.5.1.-Estafas informáticas;2021;35.288
ANDALUCÍA;5.5.1.-Estafas informáticas;2020;33.036
ANDALUCÍA;5.5.1.-Estafas informáticas;2019;23.237
ANDALUCÍA;5.5.1.-Estafas informáticas;2018;15.081
ANDALUCÍA;5.6.-Daños;2024;34.845
ANDALUCÍA;5.6.-Daños;2023;35.037
ANDALUCÍA;5.6.-Daños;2022;34.850
ANDALUCÍA;5.6.-Daños;2021;31.827
ANDALUCÍA;5.6.-Daños;2020;28.242
ANDALUCÍA;5.6.-Daños;2019;33.332
ANDALUCÍA;5.6.-Daños;2018;34.236
ANDALUCÍA;5.7.-Contra la propiedad intelectual/industrial;2024;423
ANDALUCÍA;5.7.-Contra la propiedad intelectual/industrial;2023;332
ANDALUCÍA;5.7.-Contra la propiedad intelectual/industrial;2022;177
ANDALUCÍA;5.7.-Contra la propiedad intelectual/industrial;2021;217
ANDALUCÍA;5.7.-Contra la propiedad intelectual/industrial;2020;240
ANDALUCÍA;5.7.-Contra la propiedad intelectual/industrial;2019;439
ANDALUCÍA;5.7.-Contra la propiedad intelectual/industrial;2018;564
ANDALUCÍA;5.8.-Blanqueo de capitales;2024;175
ANDALUCÍA;5.8.-Blanqueo de capitales;2023;106
ANDALUCÍA;5.8.-Blanqueo de capitales;2022;107
ANDALUCÍA;5.8.-Blanqueo de capitales;2021;86
ANDALUCÍA;5.8.-Blanqueo de capitales;2020;72
ANDALUCÍA;5.8.-Blanqueo de capitales;2019;82
ANDALUCÍA;5.8.-Blanqueo de capitales;2018;82
ANDALUCÍA;5.9.-Otros contra el patrimonio;2024;12.870
ANDALUCÍA;5.9.-Otros contra el patrimonio;2023;12.380
ANDALUCÍA;5.9.-Otros contra el patrimonio;2022;12.247
ANDALUCÍA;5.9.-Otros contra el patrimonio;2021;10.421
ANDALUCÍA;5.9.-Otros contra el patrimonio;2020;10.016
ANDALUCÍA;5.9.-Otros contra el patrimonio;2019;10.847
ANDALUCÍA;5.9.-Otros contra el patrimonio;2018;10.706
ANDALUCÍA;6. SEGURIDAD COLECTIVA;2024;16.020
ANDALUCÍA;6. SEGURIDAD COLECTIVA;2023;16.357
ANDALUCÍA;6. SEGURIDAD COLECTIVA;2022;16.380
ANDALUCÍA;6. SEGURIDAD COLECTIVA;2021;15.532
ANDALUCÍA;6. SEGURIDAD COLECTIVA;2020;14.182
ANDALUCÍA;6. SEGURIDAD COLECTIVA;2019;15.094
ANDALUCÍA;6. SEGURIDAD COLECTIVA;2018;13.862
ANDALUCÍA;6.1.-Tráfico de drogas;2024;4.353
ANDALUCÍA;6.1.-Tráfico de drogas;2023;4.790
ANDALUCÍA;6.1.-Tráfico de drogas;2022;4.616
ANDALUCÍA;6.1.-Tráfico de drogas;2021;4.816
ANDALUCÍA;6.1.-Tráfico de drogas;2020;4.679
ANDALUCÍA;6.1.-Tráfico de drogas;2019;4.366
ANDALUCÍA;6.1.-Tráfico de drogas;2018;3.663
ANDALUCÍA;6.2.-Contra la seguridad vial;2024;10.928
ANDALUCÍA;6.2.-Contra la seguridad vial;2023;11.043
ANDALUCÍA;6.2.-Contra la seguridad vial;2022;11.052
ANDALUCÍA;6.2.-Contra la seguridad vial;2021;10.181
ANDALUCÍA;6.2.-Contra la seguridad vial;2020;9.039
ANDALUCÍA;6.2.-Contra la seguridad vial;2019;10.270
ANDALUCÍA;6.2.-Contra la seguridad vial;2018;9.767
ANDALUCÍA;6.3.-Otros contra la seguridad colectiva;2024;739
ANDALUCÍA;6.3.-Otros contra la seguridad colectiva;2023;524
ANDALUCÍA;6.3.-Otros contra la seguridad colectiva;2022;712
ANDALUCÍA;6.3.-Otros contra la seguridad colectiva;2021;535
ANDALUCÍA;6.3.-Otros contra la seguridad colectiva;2020;464
ANDALUCÍA;6.3.-Otros contra la seguridad colectiva;2019;458
ANDALUCÍA;6.3.-Otros contra la seguridad colectiva;2018;432
ANDALUCÍA;7. FALSEDADES;2024;7.703
ANDALUCÍA;7. FALSEDADES;2023;6.596
ANDALUCÍA;7. FALSEDADES;2022;6.385
ANDALUCÍA;7. FALSEDADES;2021;5.643
ANDALUCÍA;7. FALSEDADES;2020;4.071
ANDALUCÍA;7. FALSEDADES;2019;3.988
ANDALUCÍA;7. FALSEDADES;2018;3.740
ANDALUCÍA;8. ADMÓN. PÚBLICA;2024;109
ANDALUCÍA;8. ADMÓN. PÚBLICA;2023;99
ANDALUCÍA;8. ADMÓN. PÚBLICA;2022;91
ANDALUCÍA;8. ADMÓN. PÚBLICA;2021;77
ANDALUCÍA;8. ADMÓN. PÚBLICA;2020;68
ANDALUCÍA;8. ADMÓN. PÚBLICA;2019;93
ANDALUCÍA;8. ADMÓN. PÚBLICA;2018;123
ANDALUCÍA;9. ADMÓN. JUSTICIA;2024;8.801
ANDALUCÍA;9. ADMÓN. JUSTICIA;2023;8.688
ANDALUCÍA;9. ADMÓN. JUSTICIA;2022;7.625
ANDALUCÍA;9. ADMÓN. JUSTICIA;2021;6.732
ANDALUCÍA;9. ADMÓN. JUSTICIA;2020;6.662
ANDALUCÍA;9. ADMÓN. JUSTICIA;2019;6.728
ANDALUCÍA;9. ADMÓN. JUSTICIA;2018;6.464
ANDALUCÍA;10. ORDEN PÚBLICO;2024;5.592
ANDALUCÍA;10. ORDEN PÚBLICO;2023;5.455
ANDALUCÍA;10. ORDEN PÚBLICO;2022;5.077
ANDALUCÍA;10. ORDEN PÚBLICO;2021;4.900
ANDALUCÍA;10. ORDEN PÚBLICO;2020;5.807
ANDALUCÍA;10. ORDEN PÚBLICO;2019;4.172
ANDALUCÍA;10. ORDEN PÚBLICO;2018;3.889
ANDALUCÍA;11. LEGISLACIÓN ESPECIAL;2024;194
ANDALUCÍA;11. LEGISLACIÓN ESPECIAL;2023;141
ANDALUCÍA;11. LEGISLACIÓN ESPECIAL;2022;215
ANDALUCÍA;11. LEGISLACIÓN ESPECIAL;2021;241
ANDALUCÍA;11. LEGISLACIÓN ESPECIAL;2020;230
ANDALUCÍA;11. LEGISLACIÓN ESPECIAL;2019;191
ANDALUCÍA;11. LEGISLACIÓN ESPECIAL;2018;129
ANDALUCÍA;12. OTRAS INFRACCIONES PENALES;2024;2.925
ANDALUCÍA;12. OTRAS INFRACCIONES PENALES;2023;2.857
ANDALUCÍA;12. OTRAS INFRACCIONES PENALES;2022;2.541
ANDALUCÍA;12. OTRAS INFRACCIONES PENALES;2021;2.767
ANDALUCÍA;12. OTRAS INFRACCIONES PENALES;2020;2.448
ANDALUCÍA;12. OTRAS INFRACCIONES PENALES;2019;2.450
ANDALUCÍA;12. OTRAS INFRACCIONES PENALES;2018;2.271
ANDALUCÍA;TOTAL INFRACCIONES PENALES;2024;409.308
ANDALUCÍA;TOTAL INFRACCIONES PENALES;2023;413.181
ANDALUCÍA;TOTAL INFRACCIONES PENALES;2022;379.133
ANDALUCÍA;TOTAL INFRACCIONES PENALES;2021;314.894
ANDALUCÍA;TOTAL INFRACCIONES PENALES;2020;287.594
ANDALUCÍA;TOTAL INFRACCIONES PENALES;2019;339.321
ANDALUCÍA;TOTAL INFRACCIONES PENALES;2018;334.841
ARAGÓN;1. CONTRA LAS PERSONAS;2024;6.413
ARAGÓN;1. CONTRA LAS PERSONAS;2023;6.071
ARAGÓN;1. CONTRA LAS PERSONAS;2022;5.597
ARAGÓN;1. CONTRA LAS PERSONAS;2021;4.530
ARAGÓN;1. CONTRA LAS PERSONAS;2020;4.083
ARAGÓN;1. CONTRA LAS PERSONAS;2019;4.760
ARAGÓN;1. CONTRA LAS PERSONAS;2018;4.474
ARAGÓN;1.1.-Homicidios dolosos/asesinatos;2024;37
ARAGÓN;1.1.-Homicidios dolosos/asesinatos;2023;47
ARAGÓN;1.1.-Homicidios dolosos/asesinatos;2022;37
ARAGÓN;1.1.-Homicidios dolosos/asesinatos;2021;18
ARAGÓN;1.1.-Homicidios dolosos/asesinatos;2020;39
ARAGÓN;1.1.-Homicidios dolosos/asesinatos;2019;15
ARAGÓN;1.1.-Homicidios dolosos/asesinatos;2018;17
ARAGÓN;1.1.1.-Homicidios dolosos/asesinatos consumados;2024;8
ARAGÓN;1.1.1.-Homicidios dolosos/asesinatos consumados;2023;9
ARAGÓN;1.1.1.-Homicidios dolosos/asesinatos consumados;2022;10
ARAGÓN;1.1.1.-Homicidios dolosos/asesinatos consumados;2021;5
ARAGÓN;1.1.1.-Homicidios dolosos/asesinatos consumados;2020;4
ARAGÓN;1.1.1.-Homicidios dolosos/asesinatos consumados;2019;6
ARAGÓN;1.1.1.-Homicidios dolosos/asesinatos consumados;2018;9
ARAGÓN;1.2.-Lesiones;2024;2.983
ARAGÓN;1.2.-Lesiones;2023;2.949
ARAGÓN;1.2.-Lesiones;2022;2.838
ARAGÓN;1.2.-Lesiones;2021;2.235
ARAGÓN;1.2.-Lesiones;2020;1.798
ARAGÓN;1.2.-Lesiones;2019;2.407
ARAGÓN;1.2.-Lesiones;2018;2.249
ARAGÓN;1.3.-Malos tratos ámbito familiar;2024;3.257
ARAGÓN;1.3.-Malos tratos ámbito familiar;2023;2.967
ARAGÓN;1.3.-Malos tratos ámbito familiar;2022;2.627
ARAGÓN;1.3.-Malos tratos ámbito familiar;2021;2.167
ARAGÓN;1.3.-Malos tratos ámbito familiar;2020;2.158
ARAGÓN;1.3.-Malos tratos ámbito familiar;2019;2.246
ARAGÓN;1.3.-Malos tratos ámbito familiar;2018;2.093
ARAGÓN;1.4.-Otros contra las personas;2024;136
ARAGÓN;1.4.-Otros contra las personas;2023;108
ARAGÓN;1.4.-Otros contra las personas;2022;95
ARAGÓN;1.4.-Otros contra las personas;2021;110
ARAGÓN;1.4.-Otros contra las personas;2020;88
ARAGÓN;1.4.-Otros contra las personas;2019;92
ARAGÓN;1.4.-Otros contra las personas;2018;115
ARAGÓN;2. CONTRA LA LIBERTAD;2024;3.361
ARAGÓN;2. CONTRA LA LIBERTAD;2023;3.139
ARAGÓN;2. CONTRA LA LIBERTAD;2022;2.719
ARAGÓN;2. CONTRA LA LIBERTAD;2021;2.785
ARAGÓN;2. CONTRA LA LIBERTAD;2020;2.482
ARAGÓN;2. CONTRA LA LIBERTAD;2019;2.276
ARAGÓN;2. CONTRA LA LIBERTAD;2018;2.233
ARAGÓN;2.1.-Malos tratos habituales en el ámbito familiar;2024;299
ARAGÓN;2.1.-Malos tratos habituales en el ámbito familiar;2023;301
ARAGÓN;2.1.-Malos tratos habituales en el ámbito familiar;2022;282
ARAGÓN;2.1.-Malos tratos habituales en el ámbito familiar;2021;308
ARAGÓN;2.1.-Malos tratos habituales en el ámbito familiar;2020;300
ARAGÓN;2.1.-Malos tratos habituales en el ámbito familiar;2019;285
ARAGÓN;2.1.-Malos tratos habituales en el ámbito familiar;2018;273
ARAGÓN;2.2.-Otros contra la libertad;2024;3.062
ARAGÓN;2.2.-Otros contra la libertad;2023;2.838
ARAGÓN;2.2.-Otros contra la libertad;2022;2.437
ARAGÓN;2.2.-Otros contra la libertad;2021;2.477
ARAGÓN;2.2.-Otros contra la libertad;2020;2.182
ARAGÓN;2.2.-Otros contra la libertad;2019;1.991
ARAGÓN;2.2.-Otros contra la libertad;2018;1.960
ARAGÓN;3. LIBERTAD SEXUAL;2024;467
ARAGÓN;3. LIBERTAD SEXUAL;2023;511
ARAGÓN;3. LIBERTAD SEXUAL;2022;423
ARAGÓN;3. LIBERTAD SEXUAL;2021;443
ARAGÓN;3. LIBERTAD SEXUAL;2020;306
ARAGÓN;3. LIBERTAD SEXUAL;2019;330
ARAGÓN;3. LIBERTAD SEXUAL;2018;346
ARAGÓN;3.1.-Agresión sexual;2024;308
ARAGÓN;3.1.-Agresión sexual;2023;330
ARAGÓN;3.1.-Agresión sexual;2022;245
ARAGÓN;3.1.-Agresión sexual;2021;256
ARAGÓN;3.1.-Agresión sexual;2020;165
ARAGÓN;3.1.-Agresión sexual;2019;212
ARAGÓN;3.1.-Agresión sexual;2018;206
ARAGÓN;3.2.-Agresión sexual con penetración;2024;86
ARAGÓN;3.2.-Agresión sexual con penetración;2023;92
ARAGÓN;3.2.-Agresión sexual con penetración;2022;89
ARAGÓN;3.2.-Agresión sexual con penetración;2021;102
ARAGÓN;3.2.-Agresión sexual con penetración;2020;63
ARAGÓN;3.2.-Agresión sexual con penetración;2019;47
ARAGÓN;3.2.-Agresión sexual con penetración;2018;53
ARAGÓN;3.3.-Corrupción de menores o incapacitados;2024;8
ARAGÓN;3.3.-Corrupción de menores o incapacitados;2023;13
ARAGÓN;3.3.-Corrupción de menores o incapacitados;2022;18
ARAGÓN;3.3.-Corrupción de menores o incapacitados;2021;14
ARAGÓN;3.3.-Corrupción de menores o incapacitados;2020;10
ARAGÓN;3.3.-Corrupción de menores o incapacitados;2019;11
ARAGÓN;3.3.-Corrupción de menores o incapacitados;2018;11
ARAGÓN;3.4.-Pornografía de menores;2024;23
ARAGÓN;3.4.-Pornografía de menores;2023;21
ARAGÓN;3.4.-Pornografía de menores;2022;20
ARAGÓN;3.4.-Pornografía de menores;2021;28
ARAGÓN;3.4.-Pornografía de menores;2020;13
ARAGÓN;3.4.-Pornografía de menores;2019;20
ARAGÓN;3.4.-Pornografía de menores;2018;26
ARAGÓN;3.5.-Otros contra la libertad sexual;2024;42
ARAGÓN;3.5.-Otros contra la libertad sexual;2023;55
ARAGÓN;3.5.-Otros contra la libertad sexual;2022;51
ARAGÓN;3.5.-Otros contra la libertad sexual;2021;43
ARAGÓN;3.5.-Otros contra la libertad sexual;2020;55
ARAGÓN;3.5.-Otros contra la libertad sexual;2019;40
ARAGÓN;3.5.-Otros contra la libertad sexual;2018;50
ARAGÓN;4. RELACIONES FAMILIARES;2024;197
ARAGÓN;4. RELACIONES FAMILIARES;2023;179
ARAGÓN;4. RELACIONES FAMILIARES;2022;186
ARAGÓN;4. RELACIONES FAMILIARES;2021;156
ARAGÓN;4. RELACIONES FAMILIARES;2020;151
ARAGÓN;4. RELACIONES FAMILIARES;2019;161
ARAGÓN;4. RELACIONES FAMILIARES;2018;177
ARAGÓN;5. PATRIMONIO;2024;38.080
ARAGÓN;5. PATRIMONIO;2023;36.261
ARAGÓN;5. PATRIMONIO;2022;34.667
ARAGÓN;5. PATRIMONIO;2021;30.192
ARAGÓN;5. PATRIMONIO;2020;25.509
ARAGÓN;5. PATRIMONIO;2019;31.651
ARAGÓN;5. PATRIMONIO;2018;29.952
ARAGÓN;5.1.-Hurtos;2024;11.733
ARAGÓN;5.1.-Hurtos;2023;10.651
ARAGÓN;5.1.-Hurtos;2022;10.629
ARAGÓN;5.1.-Hurtos;2021;8.925
ARAGÓN;5.1.-Hurtos;2020;6.747
ARAGÓN;5.1.-Hurtos;2019;10.546
ARAGÓN;5.1.-Hurtos;2018;10.710
ARAGÓN;5.2.-Robos con fuerza en las cosas;2024;5.455
ARAGÓN;5.2.-Robos con fuerza en las cosas;2023;5.550
ARAGÓN;5.2.-Robos con fuerza en las cosas;2022;5.193
ARAGÓN;5.2.-Robos con fuerza en las cosas;2021;4.365
ARAGÓN;5.2.-Robos con fuerza en las cosas;2020;3.652
ARAGÓN;5.2.-Robos con fuerza en las cosas;2019;5.471
ARAGÓN;5.2.-Robos con fuerza en las cosas;2018;5.200
ARAGÓN;5.2.1.-Robos con fuerza en las cosas en el interior de vehículos;2024;1.045
ARAGÓN;5.2.1.-Robos con fuerza en las cosas en el interior de vehículos;2023;1.044
ARAGÓN;5.2.1.-Robos con fuerza en las cosas en el interior de vehículos;2022;1.026
ARAGÓN;5.2.1.-Robos con fuerza en las cosas en el interior de vehículos;2021;961
ARAGÓN;5.2.1.-Robos con fuerza en las cosas en el interior de vehículos;2020;828
ARAGÓN;5.2.1.-Robos con fuerza en las cosas en el interior de vehículos;2019;1.703
ARAGÓN;5.2.1.-Robos con fuerza en las cosas en el interior de vehículos;2018;1.268
ARAGÓN;5.2.2.-Robos con fuerza en viviendas;2024;1.922
ARAGÓN;5.2.2.-Robos con fuerza en viviendas;2023;1.955
ARAGÓN;5.2.2.-Robos con fuerza en viviendas;2022;1.493
ARAGÓN;5.2.2.-Robos con fuerza en viviendas;2021;1.346
ARAGÓN;5.2.2.-Robos con fuerza en viviendas;2020;1.139
ARAGÓN;5.2.2.-Robos con fuerza en viviendas;2019;1.568
ARAGÓN;5.2.2.-Robos con fuerza en viviendas;2018;1.751
ARAGÓN;5.2.3.-Robos con fuerza en establecimientos;2024;646
ARAGÓN;5.2.3.-Robos con fuerza en establecimientos;2023;747
ARAGÓN;5.2.3.-Robos con fuerza en establecimientos;2022;881
ARAGÓN;5.2.3.-Robos con fuerza en establecimientos;2021;658
ARAGÓN;5.2.3.-Robos con fuerza en establecimientos;2020;725
ARAGÓN;5.2.3.-Robos con fuerza en establecimientos;2019;737
ARAGÓN;5.2.3.-Robos con fuerza en establecimientos;2018;709
ARAGÓN;5.3.-Robos con violencia o intimidación;2024;1.381
ARAGÓN;5.3.-Robos con violencia o intimidación;2023;1.076
ARAGÓN;5.3.-Robos con violencia o intimidación;2022;1.195
ARAGÓN;5.3.-Robos con violencia o intimidación;2021;960
ARAGÓN;5.3.-Robos con violencia o intimidación;2020;769
ARAGÓN;5.3.-Robos con violencia o intimidación;2019;1.033
ARAGÓN;5.3.-Robos con violencia o intimidación;2018;919
ARAGÓN;5.3.1.-Robos con violencia en vía pública;2024;939
ARAGÓN;5.3.1.-Robos con violencia en vía pública;2023;702
ARAGÓN;5.3.1.-Robos con violencia en vía pública;2022;843
ARAGÓN;5.3.1.-Robos con violencia en vía pública;2021;644
ARAGÓN;5.3.1.-Robos con violencia en vía pública;2020;541
ARAGÓN;5.3.1.-Robos con violencia en vía pública;2019;730
ARAGÓN;5.3.1.-Robos con violencia en vía pública;2018;630
ARAGÓN;5.3.2.-Robos con violencia en viviendas;2024;105
ARAGÓN;5.3.2.-Robos con violencia en viviendas;2023;65
ARAGÓN;5.3.2.-Robos con violencia en viviendas;2022;55
ARAGÓN;5.3.2.-Robos con violencia en viviendas;2021;50
ARAGÓN;5.3.2.-Robos con violencia en viviendas;2020;36
ARAGÓN;5.3.2.-Robos con violencia en viviendas;2019;40
ARAGÓN;5.3.2.-Robos con violencia en viviendas;2018;48
ARAGÓN;5.3.3.-Robos con violencia en establecimientos;2024;227
ARAGÓN;5.3.3.-Robos con violencia en establecimientos;2023;203
ARAGÓN;5.3.3.-Robos con violencia en establecimientos;2022;197
ARAGÓN;5.3.3.-Robos con violencia en establecimientos;2021;173
ARAGÓN;5.3.3.-Robos con violencia en establecimientos;2020;125
ARAGÓN;5.3.3.-Robos con violencia en establecimientos;2019;193
ARAGÓN;5.3.3.-Robos con violencia en establecimientos;2018;149
ARAGÓN;5.4.-Sustracción de vehículos;2024;278
ARAGÓN;5.4.-Sustracción de vehículos;2023;318
ARAGÓN;5.4.-Sustracción de vehículos;2022;279
ARAGÓN;5.4.-Sustracción de vehículos;2021;252
ARAGÓN;5.4.-Sustracción de vehículos;2020;190
ARAGÓN;5.4.-Sustracción de vehículos;2019;242
ARAGÓN;5.4.-Sustracción de vehículos;2018;279
ARAGÓN;5.5.-Estafas;2024;12.579
ARAGÓN;5.5.-Estafas;2023;12.353
ARAGÓN;5.5.-Estafas;2022;10.951
ARAGÓN;5.5.-Estafas;2021;9.175
ARAGÓN;5.5.-Estafas;2020;8.762
ARAGÓN;5.5.-Estafas;2019;7.976
ARAGÓN;5.5.-Estafas;2018;6.751
ARAGÓN;5.5.1.-Estafas informáticas;2024;11.081
ARAGÓN;5.5.1.-Estafas informáticas;2023;10.891
ARAGÓN;5.5.1.-Estafas informáticas;2022;8.732
ARAGÓN;5.5.1.-Estafas informáticas;2021;7.310
ARAGÓN;5.5.1.-Estafas informáticas;2020;6.970
ARAGÓN;5.5.1.-Estafas informáticas;2019;4.536
ARAGÓN;5.5.1.-Estafas informáticas;2018;3.131
ARAGÓN;5.6.-Daños;2024;5.328
ARAGÓN;5.6.-Daños;2023;5.095
ARAGÓN;5.6.-Daños;2022;5.208
ARAGÓN;5.6.-Daños;2021;5.347
ARAGÓN;5.6.-Daños;2020;4.414
ARAGÓN;5.6.-Daños;2019;5.122
ARAGÓN;5.6.-Daños;2018;4.804
ARAGÓN;5.7.-Contra la propiedad intelectual/industrial;2024;32
ARAGÓN;5.7.-Contra la propiedad intelectual/industrial;2023;23
ARAGÓN;5.7.-Contra la propiedad intelectual/industrial;2022;20
ARAGÓN;5.7.-Contra la propiedad intelectual/industrial;2021;29
ARAGÓN;5.7.-Contra la propiedad intelectual/industrial;2020;20
ARAGÓN;5.7.-Contra la propiedad intelectual/industrial;2019;34
ARAGÓN;5.7.-Contra la propiedad intelectual/industrial;2018;19
ARAGÓN;5.8.-Blanqueo de capitales;2024;13
ARAGÓN;5.8.-Blanqueo de capitales;2023;4
ARAGÓN;5.8.-Blanqueo de capitales;2022;10
ARAGÓN;5.8.-Blanqueo de capitales;2021;6
ARAGÓN;5.8.-Blanqueo de capitales;2020;12
ARAGÓN;5.8.-Blanqueo de capitales;2019;3
ARAGÓN;5.8.-Blanqueo de capitales;2018;2
ARAGÓN;5.9.-Otros contra el patrimonio;2024;1.281
ARAGÓN;5.9.-Otros contra el patrimonio;2023;1.191
ARAGÓN;5.9.-Otros contra el patrimonio;2022;1.182
ARAGÓN;5.9.-Otros contra el patrimonio;2021;1.133
ARAGÓN;5.9.-Otros contra el patrimonio;2020;943
ARAGÓN;5.9.-Otros contra el patrimonio;2019;1.224
ARAGÓN;5.9.-Otros contra el patrimonio;2018;1.268
ARAGÓN;6. SEGURIDAD COLECTIVA;2024;1.646
ARAGÓN;6. SEGURIDAD COLECTIVA;2023;1.651
ARAGÓN;6. SEGURIDAD COLECTIVA;2022;1.673
ARAGÓN;6. SEGURIDAD COLECTIVA;2021;1.401
ARAGÓN;6. SEGURIDAD COLECTIVA;2020;1.138
ARAGÓN;6. SEGURIDAD COLECTIVA;2019;1.360
ARAGÓN;6. SEGURIDAD COLECTIVA;2018;1.244
ARAGÓN;6.1.-Tráfico de drogas;2024;494
ARAGÓN;6.1.-Tráfico de drogas;2023;552
ARAGÓN;6.1.-Tráfico de drogas;2022;420
ARAGÓN;6.1.-Tráfico de drogas;2021;407
ARAGÓN;6.1.-Tráfico de drogas;2020;323
ARAGÓN;6.1.-Tráfico de drogas;2019;351
ARAGÓN;6.1.-Tráfico de drogas;2018;336
ARAGÓN;6.2.-Contra la seguridad vial;2024;1.111
ARAGÓN;6.2.-Contra la seguridad vial;2023;1.049
ARAGÓN;6.2.-Contra la seguridad vial;2022;1.209
ARAGÓN;6.2.-Contra la seguridad vial;2021;966
ARAGÓN;6.2.-Contra la seguridad vial;2020;787
ARAGÓN;6.2.-Contra la seguridad vial;2019;972
ARAGÓN;6.2.-Contra la seguridad vial;2018;857
ARAGÓN;6.3.-Otros contra la seguridad colectiva;2024;41
ARAGÓN;6.3.-Otros contra la seguridad colectiva;2023;50
ARAGÓN;6.3.-Otros contra la seguridad colectiva;2022;44
ARAGÓN;6.3.-Otros contra la seguridad colectiva;2021;28
ARAGÓN;6.3.-Otros contra la seguridad colectiva;2020;28
ARAGÓN;6.3.-Otros contra la seguridad colectiva;2019;37
ARAGÓN;6.3.-Otros contra la seguridad colectiva;2018;51
ARAGÓN;7. FALSEDADES;2024;931
ARAGÓN;7. FALSEDADES;2023;743
ARAGÓN;7. FALSEDADES;2022;631
ARAGÓN;7. FALSEDADES;2021;673
ARAGÓN;7. FALSEDADES;2020;590
ARAGÓN;7. FALSEDADES;2019;446
ARAGÓN;7. FALSEDADES;2018;433
ARAGÓN;8. ADMÓN. PÚBLICA;2024;20
ARAGÓN;8. ADMÓN. PÚBLICA;2023;11
ARAGÓN;8. ADMÓN. PÚBLICA;2022;12
ARAGÓN;8. ADMÓN. PÚBLICA;2021;7
ARAGÓN;8. ADMÓN. PÚBLICA;2020;14
ARAGÓN;8. ADMÓN. PÚBLICA;2019;3
ARAGÓN;8. ADMÓN. PÚBLICA;2018;9
ARAGÓN;9. ADMÓN. JUSTICIA;2024;1.135
ARAGÓN;9. ADMÓN. JUSTICIA;2023;1.056
ARAGÓN;9. ADMÓN. JUSTICIA;2022;860
ARAGÓN;9. ADMÓN. JUSTICIA;2021;696
ARAGÓN;9. ADMÓN. JUSTICIA;2020;686
ARAGÓN;9. ADMÓN. JUSTICIA;2019;799
ARAGÓN;9. ADMÓN. JUSTICIA;2018;710
ARAGÓN;10. ORDEN PÚBLICO;2024;948
ARAGÓN;10. ORDEN PÚBLICO;2023;967
ARAGÓN;10. ORDEN PÚBLICO;2022;882
ARAGÓN;10. ORDEN PÚBLICO;2021;665
ARAGÓN;10. ORDEN PÚBLICO;2020;807
ARAGÓN;10. ORDEN PÚBLICO;2019;570
ARAGÓN;10. ORDEN PÚBLICO;2018;526
ARAGÓN;11. LEGISLACIÓN ESPECIAL;2024;3
ARAGÓN;11. LEGISLACIÓN ESPECIAL;2023;5
ARAGÓN;11. LEGISLACIÓN ESPECIAL;2022;3
ARAGÓN;11. LEGISLACIÓN ESPECIAL;2021;0
ARAGÓN;11. LEGISLACIÓN ESPECIAL;2020;1
ARAGÓN;11. LEGISLACIÓN ESPECIAL;2019;2
ARAGÓN;11. LEGISLACIÓN ESPECIAL;2018;2
ARAGÓN;12. OTRAS INFRACCIONES PENALES;2024;317
ARAGÓN;12. OTRAS INFRACCIONES PENALES;2023;271
ARAGÓN;12. OTRAS INFRACCIONES PENALES;2022;236
ARAGÓN;12. OTRAS INFRACCIONES PENALES;2021;248
ARAGÓN;12. OTRAS INFRACCIONES PENALES;2020;257
ARAGÓN;12. OTRAS INFRACCIONES PENALES;2019;225
ARAGÓN;12. OTRAS INFRACCIONES PENALES;2018;261
ARAGÓN;TOTAL INFRACCIONES PENALES;2024;53.518
ARAGÓN;TOTAL INFRACCIONES PENALES;2023;50.865
ARAGÓN;TOTAL INFRACCIONES PENALES;2022;47.889
ARAGÓN;TOTAL INFRACCIONES PENALES;2021;41.796
ARAGÓN;TOTAL INFRACCIONES PENALES;2020;36.024
ARAGÓN;TOTAL INFRACCIONES PENALES;2019;42.583
ARAGÓN;TOTAL INFRACCIONES PENALES;2018;40.367
ASTURIAS (PRINCIPADO DE);1. CONTRA LAS PERSONAS;2024;4.447
ASTURIAS (PRINCIPADO DE);1. CONTRA LAS PERSONAS;2023;4.185
ASTURIAS (PRINCIPADO DE);1. CONTRA LAS PERSONAS;2022;3.895
ASTURIAS (PRINCIPADO DE);1. CONTRA LAS PERSONAS;2021;3.208
ASTURIAS (PRINCIPADO DE);1. CONTRA LAS PERSONAS;2020;3.038
ASTURIAS (PRINCIPADO DE);1. CONTRA LAS PERSONAS;2019;3.368
ASTURIAS (PRINCIPADO DE);1. CONTRA LAS PERSONAS;2018;3.159
ASTURIAS (PRINCIPADO DE);1.1.-Homicidios dolosos/asesinatos;2024;20
ASTURIAS (PRINCIPADO DE);1.1.-Homicidios dolosos/asesinatos;2023;21
ASTURIAS (PRINCIPADO DE);1.1.-Homicidios dolosos/asesinatos;2022;22
ASTURIAS (PRINCIPADO DE);1.1.-Homicidios dolosos/asesinatos;2021;9
ASTURIAS (PRINCIPADO DE);1.1.-Homicidios dolosos/asesinatos;2020;14
ASTURIAS (PRINCIPADO DE);1.1.-Homicidios dolosos/asesinatos;2019;18
ASTURIAS (PRINCIPADO DE);1.1.-Homicidios dolosos/asesinatos;2018;18
ASTURIAS (PRINCIPADO DE);1.1.1.-Homicidios dolosos/asesinatos consumados;2024;7
ASTURIAS (PRINCIPADO DE);1.1.1.-Homicidios dolosos/asesinatos consumados;2023;6
ASTURIAS (PRINCIPADO DE);1.1.1.-Homicidios dolosos/asesinatos consumados;2022;6
ASTURIAS (PRINCIPADO DE);1.1.1.-Homicidios dolosos/asesinatos consumados;2021;1
ASTURIAS (PRINCIPADO DE);1.1.1.-Homicidios dolosos/asesinatos consumados;2020;5
ASTURIAS (PRINCIPADO DE);1.1.1.-Homicidios dolosos/asesinatos consumados;2019;7
ASTURIAS (PRINCIPADO DE);1.1.1.-Homicidios dolosos/asesinatos consumados;2018;7
ASTURIAS (PRINCIPADO DE);1.2.-Lesiones;2024;2.376
ASTURIAS (PRINCIPADO DE);1.2.-Lesiones;2023;2.235
ASTURIAS (PRINCIPADO DE);1.2.-Lesiones;2022;2.213
ASTURIAS (PRINCIPADO DE);1.2.-Lesiones;2021;1.743
ASTURIAS (PRINCIPADO DE);1.2.-Lesiones;2020;1.589
ASTURIAS (PRINCIPADO DE);1.2.-Lesiones;2019;1.947
ASTURIAS (PRINCIPADO DE);1.2.-Lesiones;2018;1.844
ASTURIAS (PRINCIPADO DE);1.3.-Malos tratos ámbito familiar;2024;1.972
ASTURIAS (PRINCIPADO DE);1.3.-Malos tratos ámbito familiar;2023;1.861
ASTURIAS (PRINCIPADO DE);1.3.-Malos tratos ámbito familiar;2022;1.593
ASTURIAS (PRINCIPADO DE);1.3.-Malos tratos ámbito familiar;2021;1.393
ASTURIAS (PRINCIPADO DE);1.3.-Malos tratos ámbito familiar;2020;1.381
ASTURIAS (PRINCIPADO DE);1.3.-Malos tratos ámbito familiar;2019;1.344
ASTURIAS (PRINCIPADO DE);1.3.-Malos tratos ámbito familiar;2018;1.246
ASTURIAS (PRINCIPADO DE);1.4.-Otros contra las personas;2024;79
ASTURIAS (PRINCIPADO DE);1.4.-Otros contra las personas;2023;68
ASTURIAS (PRINCIPADO DE);1.4.-Otros contra las personas;2022;67
ASTURIAS (PRINCIPADO DE);1.4.-Otros contra las personas;2021;63
ASTURIAS (PRINCIPADO DE);1.4.-Otros contra las personas;2020;54
ASTURIAS (PRINCIPADO DE);1.4.-Otros contra las personas;2019;59
ASTURIAS (PRINCIPADO DE);1.4.-Otros contra las personas;2018;51
ASTURIAS (PRINCIPADO DE);2. CONTRA LA LIBERTAD;2024;2.461
ASTURIAS (PRINCIPADO DE);2. CONTRA LA LIBERTAD;2023;2.421
ASTURIAS (PRINCIPADO DE);2. CONTRA LA LIBERTAD;2022;2.228
ASTURIAS (PRINCIPADO DE);2. CONTRA LA LIBERTAD;2021;1.946
ASTURIAS (PRINCIPADO DE);2. CONTRA LA LIBERTAD;2020;1.892
ASTURIAS (PRINCIPADO DE);2. CONTRA LA LIBERTAD;2019;1.872
ASTURIAS (PRINCIPADO DE);2. CONTRA LA LIBERTAD;2018;1.751
ASTURIAS (PRINCIPADO DE);2.1.-Malos tratos habituales en el ámbito familiar;2024;87
ASTURIAS (PRINCIPADO DE);2.1.-Malos tratos habituales en el ámbito familiar;2023;92
ASTURIAS (PRINCIPADO DE);2.1.-Malos tratos habituales en el ámbito familiar;2022;105
ASTURIAS (PRINCIPADO DE);2.1.-Malos tratos habituales en el ámbito familiar;2021;91
ASTURIAS (PRINCIPADO DE);2.1.-Malos tratos habituales en el ámbito familiar;2020;68
ASTURIAS (PRINCIPADO DE);2.1.-Malos tratos habituales en el ámbito familiar;2019;107
ASTURIAS (PRINCIPADO DE);2.1.-Malos tratos habituales en el ámbito familiar;2018;112
ASTURIAS (PRINCIPADO DE);2.2.-Otros contra la libertad;2024;2.374
ASTURIAS (PRINCIPADO DE);2.2.-Otros contra la libertad;2023;2.329
ASTURIAS (PRINCIPADO DE);2.2.-Otros contra la libertad;2022;2.123
ASTURIAS (PRINCIPADO DE);2.2.-Otros contra la libertad;2021;1.855
ASTURIAS (PRINCIPADO DE);2.2.-Otros contra la libertad;2020;1.824
ASTURIAS (PRINCIPADO DE);2.2.-Otros contra la libertad;2019;1.765
ASTURIAS (PRINCIPADO DE);2.2.-Otros contra la libertad;2018;1.639
ASTURIAS (PRINCIPADO DE);3. LIBERTAD SEXUAL;2024;314
ASTURIAS (PRINCIPADO DE);3. LIBERTAD SEXUAL;2023;325
ASTURIAS (PRINCIPADO DE);3. LIBERTAD SEXUAL;2022;277
ASTURIAS (PRINCIPADO DE);3. LIBERTAD SEXUAL;2021;266
ASTURIAS (PRINCIPADO DE);3. LIBERTAD SEXUAL;2020;215
ASTURIAS (PRINCIPADO DE);3. LIBERTAD SEXUAL;2019;193
ASTURIAS (PRINCIPADO DE);3. LIBERTAD SEXUAL;2018;207
ASTURIAS (PRINCIPADO DE);3.1.-Agresión sexual;2024;184
ASTURIAS (PRINCIPADO DE);3.1.-Agresión sexual;2023;199
ASTURIAS (PRINCIPADO DE);3.1.-Agresión sexual;2022;174
ASTURIAS (PRINCIPADO DE);3.1.-Agresión sexual;2021;135
ASTURIAS (PRINCIPADO DE);3.1.-Agresión sexual;2020;116
ASTURIAS (PRINCIPADO DE);3.1.-Agresión sexual;2019;121
ASTURIAS (PRINCIPADO DE);3.1.-Agresión sexual;2018;122
ASTURIAS (PRINCIPADO DE);3.2.-Agresión sexual con penetración;2024;67
ASTURIAS (PRINCIPADO DE);3.2.-Agresión sexual con penetración;2023;67
ASTURIAS (PRINCIPADO DE);3.2.-Agresión sexual con penetración;2022;46
ASTURIAS (PRINCIPADO DE);3.2.-Agresión sexual con penetración;2021;67
ASTURIAS (PRINCIPADO DE);3.2.-Agresión sexual con penetración;2020;46
ASTURIAS (PRINCIPADO DE);3.2.-Agresión sexual con penetración;2019;28
ASTURIAS (PRINCIPADO DE);3.2.-Agresión sexual con penetración;2018;27
ASTURIAS (PRINCIPADO DE);3.3.-Corrupción de menores o incapacitados;2024;8
ASTURIAS (PRINCIPADO DE);3.3.-Corrupción de menores o incapacitados;2023;8
ASTURIAS (PRINCIPADO DE);3.3.-Corrupción de menores o incapacitados;2022;9
ASTURIAS (PRINCIPADO DE);3.3.-Corrupción de menores o incapacitados;2021;8
ASTURIAS (PRINCIPADO DE);3.3.-Corrupción de menores o incapacitados;2020;2
ASTURIAS (PRINCIPADO DE);3.3.-Corrupción de menores o incapacitados;2019;3
ASTURIAS (PRINCIPADO DE);3.3.-Corrupción de menores o incapacitados;2018;11
ASTURIAS (PRINCIPADO DE);3.4.-Pornografía de menores;2024;13
ASTURIAS (PRINCIPADO DE);3.4.-Pornografía de menores;2023;14
ASTURIAS (PRINCIPADO DE);3.4.-Pornografía de menores;2022;11
ASTURIAS (PRINCIPADO DE);3.4.-Pornografía de menores;2021;19
ASTURIAS (PRINCIPADO DE);3.4.-Pornografía de menores;2020;12
ASTURIAS (PRINCIPADO DE);3.4.-Pornografía de menores;2019;11
ASTURIAS (PRINCIPADO DE);3.4.-Pornografía de menores;2018;11
ASTURIAS (PRINCIPADO DE);3.5.-Otros contra la libertad sexual;2024;42
ASTURIAS (PRINCIPADO DE);3.5.-Otros contra la libertad sexual;2023;37
ASTURIAS (PRINCIPADO DE);3.5.-Otros contra la libertad sexual;2022;37
ASTURIAS (PRINCIPADO DE);3.5.-Otros contra la libertad sexual;2021;37
ASTURIAS (PRINCIPADO DE);3.5.-Otros contra la libertad sexual;2020;39
ASTURIAS (PRINCIPADO DE);3.5.-Otros contra la libertad sexual;2019;30
ASTURIAS (PRINCIPADO DE);3.5.-Otros contra la libertad sexual;2018;36
ASTURIAS (PRINCIPADO DE);4. RELACIONES FAMILIARES;2024;95
ASTURIAS (PRINCIPADO DE);4. RELACIONES FAMILIARES;2023;95
ASTURIAS (PRINCIPADO DE);4. RELACIONES FAMILIARES;2022;69
ASTURIAS (PRINCIPADO DE);4. RELACIONES FAMILIARES;2021;91
ASTURIAS (PRINCIPADO DE);4. RELACIONES FAMILIARES;2020;78
ASTURIAS (PRINCIPADO DE);4. RELACIONES FAMILIARES;2019;99
ASTURIAS (PRINCIPADO DE);4. RELACIONES FAMILIARES;2018;104
ASTURIAS (PRINCIPADO DE);5. PATRIMONIO;2024;23.834
ASTURIAS (PRINCIPADO DE);5. PATRIMONIO;2023;23.761
ASTURIAS (PRINCIPADO DE);5. PATRIMONIO;2022;22.476
ASTURIAS (PRINCIPADO DE);5. PATRIMONIO;2021;18.028
ASTURIAS (PRINCIPADO DE);5. PATRIMONIO;2020;16.593
ASTURIAS (PRINCIPADO DE);5. PATRIMONIO;2019;19.066
ASTURIAS (PRINCIPADO DE);5. PATRIMONIO;2018;18.807
ASTURIAS (PRINCIPADO DE);5.1.-Hurtos;2024;7.715
ASTURIAS (PRINCIPADO DE);5.1.-Hurtos;2023;7.681
ASTURIAS (PRINCIPADO DE);5.1.-Hurtos;2022;6.810
ASTURIAS (PRINCIPADO DE);5.1.-Hurtos;2021;4.705
ASTURIAS (PRINCIPADO DE);5.1.-Hurtos;2020;4.148
ASTURIAS (PRINCIPADO DE);5.1.-Hurtos;2019;6.780
ASTURIAS (PRINCIPADO DE);5.1.-Hurtos;2018;7.223
ASTURIAS (PRINCIPADO DE);5.2.-Robos con fuerza en las cosas;2024;2.245
ASTURIAS (PRINCIPADO DE);5.2.-Robos con fuerza en las cosas;2023;2.581
ASTURIAS (PRINCIPADO DE);5.2.-Robos con fuerza en las cosas;2022;2.083
ASTURIAS (PRINCIPADO DE);5.2.-Robos con fuerza en las cosas;2021;1.976
ASTURIAS (PRINCIPADO DE);5.2.-Robos con fuerza en las cosas;2020;1.891
ASTURIAS (PRINCIPADO DE);5.2.-Robos con fuerza en las cosas;2019;2.440
ASTURIAS (PRINCIPADO DE);5.2.-Robos con fuerza en las cosas;2018;2.359
ASTURIAS (PRINCIPADO DE);5.2.1.-Robos con fuerza en las cosas en el interior de vehículos;2024;466
ASTURIAS (PRINCIPADO DE);5.2.1.-Robos con fuerza en las cosas en el interior de vehículos;2023;586
ASTURIAS (PRINCIPADO DE);5.2.1.-Robos con fuerza en las cosas en el interior de vehículos;2022;458
ASTURIAS (PRINCIPADO DE);5.2.1.-Robos con fuerza en las cosas en el interior de vehículos;2021;394
ASTURIAS (PRINCIPADO DE);5.2.1.-Robos con fuerza en las cosas en el interior de vehículos;2020;389
ASTURIAS (PRINCIPADO DE);5.2.1.-Robos con fuerza en las cosas en el interior de vehículos;2019;421
ASTURIAS (PRINCIPADO DE);5.2.1.-Robos con fuerza en las cosas en el interior de vehículos;2018;466
ASTURIAS (PRINCIPADO DE);5.2.2.-Robos con fuerza en viviendas;2024;773
ASTURIAS (PRINCIPADO DE);5.2.2.-Robos con fuerza en viviendas;2023;990
ASTURIAS (PRINCIPADO DE);5.2.2.-Robos con fuerza en viviendas;2022;830
ASTURIAS (PRINCIPADO DE);5.2.2.-Robos con fuerza en viviendas;2021;832
ASTURIAS (PRINCIPADO DE);5.2.2.-Robos con fuerza en viviendas;2020;650
ASTURIAS (PRINCIPADO DE);5.2.2.-Robos con fuerza en viviendas;2019;908
ASTURIAS (PRINCIPADO DE);5.2.2.-Robos con fuerza en viviendas;2018;871
ASTURIAS (PRINCIPADO DE);5.2.3.-Robos con fuerza en establecimientos;2024;523
ASTURIAS (PRINCIPADO DE);5.2.3.-Robos con fuerza en establecimientos;2023;561
ASTURIAS (PRINCIPADO DE);5.2.3.-Robos con fuerza en establecimientos;2022;353
ASTURIAS (PRINCIPADO DE);5.2.3.-Robos con fuerza en establecimientos;2021;365
ASTURIAS (PRINCIPADO DE);5.2.3.-Robos con fuerza en establecimientos;2020;459
ASTURIAS (PRINCIPADO DE);5.2.3.-Robos con fuerza en establecimientos;2019;618
ASTURIAS (PRINCIPADO DE);5.2.3.-Robos con fuerza en establecimientos;2018;594
ASTURIAS (PRINCIPADO DE);5.3.-Robos con violencia o intimidación;2024;344
ASTURIAS (PRINCIPADO DE);5.3.-Robos con violencia o intimidación;2023;424
ASTURIAS (PRINCIPADO DE);5.3.-Robos con violencia o intimidación;2022;392
ASTURIAS (PRINCIPADO DE);5.3.-Robos con violencia o intimidación;2021;295
ASTURIAS (PRINCIPADO DE);5.3.-Robos con violencia o intimidación;2020;317
ASTURIAS (PRINCIPADO DE);5.3.-Robos con violencia o intimidación;2019;362
ASTURIAS (PRINCIPADO DE);5.3.-Robos con violencia o intimidación;2018;355
ASTURIAS (PRINCIPADO DE);5.3.1.-Robos con violencia en vía pública;2024;188
ASTURIAS (PRINCIPADO DE);5.3.1.-Robos con violencia en vía pública;2023;216
ASTURIAS (PRINCIPADO DE);5.3.1.-Robos con violencia en vía pública;2022;212
ASTURIAS (PRINCIPADO DE);5.3.1.-Robos con violencia en vía pública;2021;155
ASTURIAS (PRINCIPADO DE);5.3.1.-Robos con violencia en vía pública;2020;164
ASTURIAS (PRINCIPADO DE);5.3.1.-Robos con violencia en vía pública;2019;196
ASTURIAS (PRINCIPADO DE);5.3.1.-Robos con violencia en vía pública;2018;207
ASTURIAS (PRINCIPADO DE);5.3.2.-Robos con violencia en viviendas;2024;36
ASTURIAS (PRINCIPADO DE);5.3.2.-Robos con violencia en viviendas;2023;44
ASTURIAS (PRINCIPADO DE);5.3.2.-Robos con violencia en viviendas;2022;35
ASTURIAS (PRINCIPADO DE);5.3.2.-Robos con violencia en viviendas;2021;25
ASTURIAS (PRINCIPADO DE);5.3.2.-Robos con violencia en viviendas;2020;41
ASTURIAS (PRINCIPADO DE);5.3.2.-Robos con violencia en viviendas;2019;41
ASTURIAS (PRINCIPADO DE);5.3.2.-Robos con violencia en viviendas;2018;35
ASTURIAS (PRINCIPADO DE);5.3.3.-Robos con violencia en establecimientos;2024;86
ASTURIAS (PRINCIPADO DE);5.3.3.-Robos con violencia en establecimientos;2023;109
ASTURIAS (PRINCIPADO DE);5.3.3.-Robos con violencia en establecimientos;2022;95
ASTURIAS (PRINCIPADO DE);5.3.3.-Robos con violencia en establecimientos;2021;67
ASTURIAS (PRINCIPADO DE);5.3.3.-Robos con violencia en establecimientos;2020;78
ASTURIAS (PRINCIPADO DE);5.3.3.-Robos con violencia en establecimientos;2019;97
ASTURIAS (PRINCIPADO DE);5.3.3.-Robos con violencia en establecimientos;2018;76
ASTURIAS (PRINCIPADO DE);5.4.-Sustracción de vehículos;2024;201
ASTURIAS (PRINCIPADO DE);5.4.-Sustracción de vehículos;2023;259
ASTURIAS (PRINCIPADO DE);5.4.-Sustracción de vehículos;2022;239
ASTURIAS (PRINCIPADO DE);5.4.-Sustracción de vehículos;2021;259
ASTURIAS (PRINCIPADO DE);5.4.-Sustracción de vehículos;2020;289
ASTURIAS (PRINCIPADO DE);5.4.-Sustracción de vehículos;2019;224
ASTURIAS (PRINCIPADO DE);5.4.-Sustracción de vehículos;2018;211
ASTURIAS (PRINCIPADO DE);5.5.-Estafas;2024;9.040
ASTURIAS (PRINCIPADO DE);5.5.-Estafas;2023;8.907
ASTURIAS (PRINCIPADO DE);5.5.-Estafas;2022;8.809
ASTURIAS (PRINCIPADO DE);5.5.-Estafas;2021;7.061
ASTURIAS (PRINCIPADO DE);5.5.-Estafas;2020;6.533
ASTURIAS (PRINCIPADO DE);5.5.-Estafas;2019;5.577
ASTURIAS (PRINCIPADO DE);5.5.-Estafas;2018;4.817
ASTURIAS (PRINCIPADO DE);5.5.1.-Estafas informáticas;2024;8.117
ASTURIAS (PRINCIPADO DE);5.5.1.-Estafas informáticas;2023;7.897
ASTURIAS (PRINCIPADO DE);5.5.1.-Estafas informáticas;2022;7.661
ASTURIAS (PRINCIPADO DE);5.5.1.-Estafas informáticas;2021;6.187
ASTURIAS (PRINCIPADO DE);5.5.1.-Estafas informáticas;2020;5.623
ASTURIAS (PRINCIPADO DE);5.5.1.-Estafas informáticas;2019;3.657
ASTURIAS (PRINCIPADO DE);5.5.1.-Estafas informáticas;2018;2.371
ASTURIAS (PRINCIPADO DE);5.6.-Daños;2024;3.127
ASTURIAS (PRINCIPADO DE);5.6.-Daños;2023;2.931
ASTURIAS (PRINCIPADO DE);5.6.-Daños;2022;3.151
ASTURIAS (PRINCIPADO DE);5.6.-Daños;2021;2.931
ASTURIAS (PRINCIPADO DE);5.6.-Daños;2020;2.625
ASTURIAS (PRINCIPADO DE);5.6.-Daños;2019;2.824
ASTURIAS (PRINCIPADO DE);5.6.-Daños;2018;2.994
ASTURIAS (PRINCIPADO DE);5.7.-Contra la propiedad intelectual/industrial;2024;15
ASTURIAS (PRINCIPADO DE);5.7.-Contra la propiedad intelectual/industrial;2023;9
ASTURIAS (PRINCIPADO DE);5.7.-Contra la propiedad intelectual/industrial;2022;13
ASTURIAS (PRINCIPADO DE);5.7.-Contra la propiedad intelectual/industrial;2021;11
ASTURIAS (PRINCIPADO DE);5.7.-Contra la propiedad intelectual/industrial;2020;6
ASTURIAS (PRINCIPADO DE);5.7.-Contra la propiedad intelectual/industrial;2019;18
ASTURIAS (PRINCIPADO DE);5.7.-Contra la propiedad intelectual/industrial;2018;37
ASTURIAS (PRINCIPADO DE);5.8.-Blanqueo de capitales;2024;7
ASTURIAS (PRINCIPADO DE);5.8.-Blanqueo de capitales;2023;2
ASTURIAS (PRINCIPADO DE);5.8.-Blanqueo de capitales;2022;1
ASTURIAS (PRINCIPADO DE);5.8.-Blanqueo de capitales;2021;1
ASTURIAS (PRINCIPADO DE);5.8.-Blanqueo de capitales;2020;1
ASTURIAS (PRINCIPADO DE);5.8.-Blanqueo de capitales;2019;1
ASTURIAS (PRINCIPADO DE);5.8.-Blanqueo de capitales;2018;4
ASTURIAS (PRINCIPADO DE);5.9.-Otros contra el patrimonio;2024;1.140
ASTURIAS (PRINCIPADO DE);5.9.-Otros contra el patrimonio;2023;967
ASTURIAS (PRINCIPADO DE);5.9.-Otros contra el patrimonio;2022;978
ASTURIAS (PRINCIPADO DE);5.9.-Otros contra el patrimonio;2021;789
ASTURIAS (PRINCIPADO DE);5.9.-Otros contra el patrimonio;2020;783
ASTURIAS (PRINCIPADO DE);5.9.-Otros contra el patrimonio;2019;840
ASTURIAS (PRINCIPADO DE);5.9.-Otros contra el patrimonio;2018;807
ASTURIAS (PRINCIPADO DE);6. SEGURIDAD COLECTIVA;2024;997
ASTURIAS (PRINCIPADO DE);6. SEGURIDAD COLECTIVA;2023;1.047
ASTURIAS (PRINCIPADO DE);6. SEGURIDAD COLECTIVA;2022;1.080
ASTURIAS (PRINCIPADO DE);6. SEGURIDAD COLECTIVA;2021;1.098
ASTURIAS (PRINCIPADO DE);6. SEGURIDAD COLECTIVA;2020;924
ASTURIAS (PRINCIPADO DE);6. SEGURIDAD COLECTIVA;2019;1.205
ASTURIAS (PRINCIPADO DE);6. SEGURIDAD COLECTIVA;2018;1.051
ASTURIAS (PRINCIPADO DE);6.1.-Tráfico de drogas;2024;175
ASTURIAS (PRINCIPADO DE);6.1.-Tráfico de drogas;2023;190
ASTURIAS (PRINCIPADO DE);6.1.-Tráfico de drogas;2022;170
ASTURIAS (PRINCIPADO DE);6.1.-Tráfico de drogas;2021;166
ASTURIAS (PRINCIPADO DE);6.1.-Tráfico de drogas;2020;180
ASTURIAS (PRINCIPADO DE);6.1.-Tráfico de drogas;2019;206
ASTURIAS (PRINCIPADO DE);6.1.-Tráfico de drogas;2018;140
ASTURIAS (PRINCIPADO DE);6.2.-Contra la seguridad vial;2024;758
ASTURIAS (PRINCIPADO DE);6.2.-Contra la seguridad vial;2023;779
ASTURIAS (PRINCIPADO DE);6.2.-Contra la seguridad vial;2022;859
ASTURIAS (PRINCIPADO DE);6.2.-Contra la seguridad vial;2021;855
ASTURIAS (PRINCIPADO DE);6.2.-Contra la seguridad vial;2020;688
ASTURIAS (PRINCIPADO DE);6.2.-Contra la seguridad vial;2019;948
ASTURIAS (PRINCIPADO DE);6.2.-Contra la seguridad vial;2018;865
ASTURIAS (PRINCIPADO DE);6.3.-Otros contra la seguridad colectiva;2024;64
ASTURIAS (PRINCIPADO DE);6.3.-Otros contra la seguridad colectiva;2023;78
ASTURIAS (PRINCIPADO DE);6.3.-Otros contra la seguridad colectiva;2022;51
ASTURIAS (PRINCIPADO DE);6.3.-Otros contra la seguridad colectiva;2021;77
ASTURIAS (PRINCIPADO DE);6.3.-Otros contra la seguridad colectiva;2020;56
ASTURIAS (PRINCIPADO DE);6.3.-Otros contra la seguridad colectiva;2019;51
ASTURIAS (PRINCIPADO DE);6.3.-Otros contra la seguridad colectiva;2018;46
ASTURIAS (PRINCIPADO DE);7. FALSEDADES;2024;544
ASTURIAS (PRINCIPADO DE);7. FALSEDADES;2023;439
ASTURIAS (PRINCIPADO DE);7. FALSEDADES;2022;592
ASTURIAS (PRINCIPADO DE);7. FALSEDADES;2021;411
ASTURIAS (PRINCIPADO DE);7. FALSEDADES;2020;305
ASTURIAS (PRINCIPADO DE);7. FALSEDADES;2019;220
ASTURIAS (PRINCIPADO DE);7. FALSEDADES;2018;185
ASTURIAS (PRINCIPADO DE);8. ADMÓN. PÚBLICA;2024;5
ASTURIAS (PRINCIPADO DE);8. ADMÓN. PÚBLICA;2023;4
ASTURIAS (PRINCIPADO DE);8. ADMÓN. PÚBLICA;2022;2
ASTURIAS (PRINCIPADO DE);8. ADMÓN. PÚBLICA;2021;8
ASTURIAS (PRINCIPADO DE);8. ADMÓN. PÚBLICA;2020;2
ASTURIAS (PRINCIPADO DE);8. ADMÓN. PÚBLICA;2019;6
ASTURIAS (PRINCIPADO DE);8. ADMÓN. PÚBLICA;2018;3
ASTURIAS (PRINCIPADO DE);9. ADMÓN. JUSTICIA;2024;839
ASTURIAS (PRINCIPADO DE);9. ADMÓN. JUSTICIA;2023;838
ASTURIAS (PRINCIPADO DE);9. ADMÓN. JUSTICIA;2022;729
ASTURIAS (PRINCIPADO DE);9. ADMÓN. JUSTICIA;2021;568
ASTURIAS (PRINCIPADO DE);9. ADMÓN. JUSTICIA;2020;560
ASTURIAS (PRINCIPADO DE);9. ADMÓN. JUSTICIA;2019;567
ASTURIAS (PRINCIPADO DE);9. ADMÓN. JUSTICIA;2018;557
ASTURIAS (PRINCIPADO DE);10. ORDEN PÚBLICO;2024;563
ASTURIAS (PRINCIPADO DE);10. ORDEN PÚBLICO;2023;511
ASTURIAS (PRINCIPADO DE);10. ORDEN PÚBLICO;2022;506
ASTURIAS (PRINCIPADO DE);10. ORDEN PÚBLICO;2021;489
ASTURIAS (PRINCIPADO DE);10. ORDEN PÚBLICO;2020;540
ASTURIAS (PRINCIPADO DE);10. ORDEN PÚBLICO;2019;360
ASTURIAS (PRINCIPADO DE);10. ORDEN PÚBLICO;2018;376
ASTURIAS (PRINCIPADO DE);11. LEGISLACIÓN ESPECIAL;2024;1
ASTURIAS (PRINCIPADO DE);11. LEGISLACIÓN ESPECIAL;2023;5
ASTURIAS (PRINCIPADO DE);11. LEGISLACIÓN ESPECIAL;2022;1
ASTURIAS (PRINCIPADO DE);11. LEGISLACIÓN ESPECIAL;2021;1
ASTURIAS (PRINCIPADO DE);11. LEGISLACIÓN ESPECIAL;2020;1
ASTURIAS (PRINCIPADO DE);11. LEGISLACIÓN ESPECIAL;2019;2
ASTURIAS (PRINCIPADO DE);11. LEGISLACIÓN ESPECIAL;2018;0
ASTURIAS (PRINCIPADO DE);12. OTRAS INFRACCIONES PENALES;2024;212
ASTURIAS (PRINCIPADO DE);12. OTRAS INFRACCIONES PENALES;2023;257
ASTURIAS (PRINCIPADO DE);12. OTRAS INFRACCIONES PENALES;2022;238
ASTURIAS (PRINCIPADO DE);12. OTRAS INFRACCIONES PENALES;2021;226
ASTURIAS (PRINCIPADO DE);12. OTRAS INFRACCIONES PENALES;2020;176
ASTURIAS (PRINCIPADO DE);12. OTRAS INFRACCIONES PENALES;2019;205
ASTURIAS (PRINCIPADO DE);12. OTRAS INFRACCIONES PENALES;2018;233
ASTURIAS (PRINCIPADO DE);TOTAL INFRACCIONES PENALES;2024;34.312
ASTURIAS (PRINCIPADO DE);TOTAL INFRACCIONES PENALES;2023;33.888
ASTURIAS (PRINCIPADO DE);TOTAL INFRACCIONES PENALES;2022;32.093
ASTURIAS (PRINCIPADO DE);TOTAL INFRACCIONES PENALES;2021;26.340
ASTURIAS (PRINCIPADO DE);TOTAL INFRACCIONES PENALES;2020;24.324
ASTURIAS (PRINCIPADO DE);TOTAL INFRACCIONES PENALES;2019;27.163
ASTURIAS (PRINCIPADO DE);TOTAL INFRACCIONES PENALES;2018;26.433
BALEARS (ILLES);1. CONTRA LAS PERSONAS;2024;10.012
BALEARS (ILLES);1. CONTRA LAS PERSONAS;2023;10.159
BALEARS (ILLES);1. CONTRA LAS PERSONAS;2022;9.288
BALEARS (ILLES);1. CONTRA LAS PERSONAS;2021;7.431
BALEARS (ILLES);1. CONTRA LAS PERSONAS;2020;6.407
BALEARS (ILLES);1. CONTRA LAS PERSONAS;2019;8.110
BALEARS (ILLES);1. CONTRA LAS PERSONAS;2018;7.545
BALEARS (ILLES);1.1.-Homicidios dolosos/asesinatos;2024;45
BALEARS (ILLES);1.1.-Homicidios dolosos/asesinatos;2023;50
BALEARS (ILLES);1.1.-Homicidios dolosos/asesinatos;2022;39
BALEARS (ILLES);1.1.-Homicidios dolosos/asesinatos;2021;38
BALEARS (ILLES);1.1.-Homicidios dolosos/asesinatos;2020;37
BALEARS (ILLES);1.1.-Homicidios dolosos/asesinatos;2019;48
BALEARS (ILLES);1.1.-Homicidios dolosos/asesinatos;2018;44
BALEARS (ILLES);1.1.1.-Homicidios dolosos/asesinatos consumados;2024;7
BALEARS (ILLES);1.1.1.-Homicidios dolosos/asesinatos consumados;2023;8
BALEARS (ILLES);1.1.1.-Homicidios dolosos/asesinatos consumados;2022;3
BALEARS (ILLES);1.1.1.-Homicidios dolosos/asesinatos consumados;2021;6
BALEARS (ILLES);1.1.1.-Homicidios dolosos/asesinatos consumados;2020;7
BALEARS (ILLES);1.1.1.-Homicidios dolosos/asesinatos consumados;2019;6
BALEARS (ILLES);1.1.1.-Homicidios dolosos/asesinatos consumados;2018;8
BALEARS (ILLES);1.2.-Lesiones;2024;4.452
BALEARS (ILLES);1.2.-Lesiones;2023;4.495
BALEARS (ILLES);1.2.-Lesiones;2022;4.169
BALEARS (ILLES);1.2.-Lesiones;2021;3.101
BALEARS (ILLES);1.2.-Lesiones;2020;2.765
BALEARS (ILLES);1.2.-Lesiones;2019;3.774
BALEARS (ILLES);1.2.-Lesiones;2018;3.806
BALEARS (ILLES);1.3.-Malos tratos ámbito familiar;2024;5.223
BALEARS (ILLES);1.3.-Malos tratos ámbito familiar;2023;5.341
BALEARS (ILLES);1.3.-Malos tratos ámbito familiar;2022;4.868
BALEARS (ILLES);1.3.-Malos tratos ámbito familiar;2021;4.114
BALEARS (ILLES);1.3.-Malos tratos ámbito familiar;2020;3.474
BALEARS (ILLES);1.3.-Malos tratos ámbito familiar;2019;4.123
BALEARS (ILLES);1.3.-Malos tratos ámbito familiar;2018;3.558
BALEARS (ILLES);1.4.-Otros contra las personas;2024;292
BALEARS (ILLES);1.4.-Otros contra las personas;2023;273
BALEARS (ILLES);1.4.-Otros contra las personas;2022;212
BALEARS (ILLES);1.4.-Otros contra las personas;2021;178
BALEARS (ILLES);1.4.-Otros contra las personas;2020;131
BALEARS (ILLES);1.4.-Otros contra las personas;2019;165
BALEARS (ILLES);1.4.-Otros contra las personas;2018;137
BALEARS (ILLES);2. CONTRA LA LIBERTAD;2024;6.198
BALEARS (ILLES);2. CONTRA LA LIBERTAD;2023;6.339
BALEARS (ILLES);2. CONTRA LA LIBERTAD;2022;5.863
BALEARS (ILLES);2. CONTRA LA LIBERTAD;2021;5.619
BALEARS (ILLES);2. CONTRA LA LIBERTAD;2020;5.083
BALEARS (ILLES);2. CONTRA LA LIBERTAD;2019;4.718
BALEARS (ILLES);2. CONTRA LA LIBERTAD;2018;4.373
BALEARS (ILLES);2.1.-Malos tratos habituales en el ámbito familiar;2024;665
BALEARS (ILLES);2.1.-Malos tratos habituales en el ámbito familiar;2023;678
BALEARS (ILLES);2.1.-Malos tratos habituales en el ámbito familiar;2022;642
BALEARS (ILLES);2.1.-Malos tratos habituales en el ámbito familiar;2021;682
BALEARS (ILLES);2.1.-Malos tratos habituales en el ámbito familiar;2020;569
BALEARS (ILLES);2.1.-Malos tratos habituales en el ámbito familiar;2019;526
BALEARS (ILLES);2.1.-Malos tratos habituales en el ámbito familiar;2018;509
BALEARS (ILLES);2.2.-Otros contra la libertad;2024;5.533
BALEARS (ILLES);2.2.-Otros contra la libertad;2023;5.661
BALEARS (ILLES);2.2.-Otros contra la libertad;2022;5.221
BALEARS (ILLES);2.2.-Otros contra la libertad;2021;4.937
BALEARS (ILLES);2.2.-Otros contra la libertad;2020;4.514
BALEARS (ILLES);2.2.-Otros contra la libertad;2019;4.192
BALEARS (ILLES);2.2.-Otros contra la libertad;2018;3.864
BALEARS (ILLES);3. LIBERTAD SEXUAL;2024;997
BALEARS (ILLES);3. LIBERTAD SEXUAL;2023;1.050
BALEARS (ILLES);3. LIBERTAD SEXUAL;2022;915
BALEARS (ILLES);3. LIBERTAD SEXUAL;2021;777
BALEARS (ILLES);3. LIBERTAD SEXUAL;2020;520
BALEARS (ILLES);3. LIBERTAD SEXUAL;2019;743
BALEARS (ILLES);3. LIBERTAD SEXUAL;2018;584
BALEARS (ILLES);3.1.-Agresión sexual;2024;690
BALEARS (ILLES);3.1.-Agresión sexual;2023;709
BALEARS (ILLES);3.1.-Agresión sexual;2022;597
BALEARS (ILLES);3.1.-Agresión sexual;2021;513
BALEARS (ILLES);3.1.-Agresión sexual;2020;305
BALEARS (ILLES);3.1.-Agresión sexual;2019;492
BALEARS (ILLES);3.1.-Agresión sexual;2018;371
BALEARS (ILLES);3.2.-Agresión sexual con penetración;2024;165
BALEARS (ILLES);3.2.-Agresión sexual con penetración;2023;156
BALEARS (ILLES);3.2.-Agresión sexual con penetración;2022;157
BALEARS (ILLES);3.2.-Agresión sexual con penetración;2021;122
BALEARS (ILLES);3.2.-Agresión sexual con penetración;2020;84
BALEARS (ILLES);3.2.-Agresión sexual con penetración;2019;126
BALEARS (ILLES);3.2.-Agresión sexual con penetración;2018;108
BALEARS (ILLES);3.3.-Corrupción de menores o incapacitados;2024;6
BALEARS (ILLES);3.3.-Corrupción de menores o incapacitados;2023;21
BALEARS (ILLES);3.3.-Corrupción de menores o incapacitados;2022;23
BALEARS (ILLES);3.3.-Corrupción de menores o incapacitados;2021;19
BALEARS (ILLES);3.3.-Corrupción de menores o incapacitados;2020;28
BALEARS (ILLES);3.3.-Corrupción de menores o incapacitados;2019;14
BALEARS (ILLES);3.3.-Corrupción de menores o incapacitados;2018;16
BALEARS (ILLES);3.4.-Pornografía de menores;2024;45
BALEARS (ILLES);3.4.-Pornografía de menores;2023;32
BALEARS (ILLES);3.4.-Pornografía de menores;2022;14
BALEARS (ILLES);3.4.-Pornografía de menores;2021;22
BALEARS (ILLES);3.4.-Pornografía de menores;2020;17
BALEARS (ILLES);3.4.-Pornografía de menores;2019;16
BALEARS (ILLES);3.4.-Pornografía de menores;2018;17
BALEARS (ILLES);3.5.-Otros contra la libertad sexual;2024;91
BALEARS (ILLES);3.5.-Otros contra la libertad sexual;2023;132
BALEARS (ILLES);3.5.-Otros contra la libertad sexual;2022;124
BALEARS (ILLES);3.5.-Otros contra la libertad sexual;2021;101
BALEARS (ILLES);3.5.-Otros contra la libertad sexual;2020;86
BALEARS (ILLES);3.5.-Otros contra la libertad sexual;2019;95
BALEARS (ILLES);3.5.-Otros contra la libertad sexual;2018;72
BALEARS (ILLES);4. RELACIONES FAMILIARES;2024;223
BALEARS (ILLES);4. RELACIONES FAMILIARES;2023;237
BALEARS (ILLES);4. RELACIONES FAMILIARES;2022;280
BALEARS (ILLES);4. RELACIONES FAMILIARES;2021;270
BALEARS (ILLES);4. RELACIONES FAMILIARES;2020;194
BALEARS (ILLES);4. RELACIONES FAMILIARES;2019;188
BALEARS (ILLES);4. RELACIONES FAMILIARES;2018;168
BALEARS (ILLES);5. PATRIMONIO;2024;56.264
BALEARS (ILLES);5. PATRIMONIO;2023;53.976
BALEARS (ILLES);5. PATRIMONIO;2022;53.397
BALEARS (ILLES);5. PATRIMONIO;2021;41.567
BALEARS (ILLES);5. PATRIMONIO;2020;42.187
BALEARS (ILLES);5. PATRIMONIO;2019;58.274
BALEARS (ILLES);5. PATRIMONIO;2018;55.800
BALEARS (ILLES);5.1.-Hurtos;2024;24.316
BALEARS (ILLES);5.1.-Hurtos;2023;23.009
BALEARS (ILLES);5.1.-Hurtos;2022;24.460
BALEARS (ILLES);5.1.-Hurtos;2021;16.433
BALEARS (ILLES);5.1.-Hurtos;2020;12.478
BALEARS (ILLES);5.1.-Hurtos;2019;26.584
BALEARS (ILLES);5.1.-Hurtos;2018;27.629
BALEARS (ILLES);5.2.-Robos con fuerza en las cosas;2024;7.389
BALEARS (ILLES);5.2.-Robos con fuerza en las cosas;2023;6.806
BALEARS (ILLES);5.2.-Robos con fuerza en las cosas;2022;7.048
BALEARS (ILLES);5.2.-Robos con fuerza en las cosas;2021;6.119
BALEARS (ILLES);5.2.-Robos con fuerza en las cosas;2020;5.724
BALEARS (ILLES);5.2.-Robos con fuerza en las cosas;2019;7.883
BALEARS (ILLES);5.2.-Robos con fuerza en las cosas;2018;7.967
BALEARS (ILLES);5.2.1.-Robos con fuerza en las cosas en el interior de vehículos;2024;3.545
BALEARS (ILLES);5.2.1.-Robos con fuerza en las cosas en el interior de vehículos;2023;3.195
BALEARS (ILLES);5.2.1.-Robos con fuerza en las cosas en el interior de vehículos;2022;3.192
BALEARS (ILLES);5.2.1.-Robos con fuerza en las cosas en el interior de vehículos;2021;2.582
BALEARS (ILLES);5.2.1.-Robos con fuerza en las cosas en el interior de vehículos;2020;2.257
BALEARS (ILLES);5.2.1.-Robos con fuerza en las cosas en el interior de vehículos;2019;2.893
BALEARS (ILLES);5.2.1.-Robos con fuerza en las cosas en el interior de vehículos;2018;2.455
BALEARS (ILLES);5.2.2.-Robos con fuerza en viviendas;2024;2.044
BALEARS (ILLES);5.2.2.-Robos con fuerza en viviendas;2023;1.937
BALEARS (ILLES);5.2.2.-Robos con fuerza en viviendas;2022;2.174
BALEARS (ILLES);5.2.2.-Robos con fuerza en viviendas;2021;1.921
BALEARS (ILLES);5.2.2.-Robos con fuerza en viviendas;2020;1.857
BALEARS (ILLES);5.2.2.-Robos con fuerza en viviendas;2019;2.598
BALEARS (ILLES);5.2.2.-Robos con fuerza en viviendas;2018;3.067
BALEARS (ILLES);5.2.3.-Robos con fuerza en establecimientos;2024;775
BALEARS (ILLES);5.2.3.-Robos con fuerza en establecimientos;2023;738
BALEARS (ILLES);5.2.3.-Robos con fuerza en establecimientos;2022;748
BALEARS (ILLES);5.2.3.-Robos con fuerza en establecimientos;2021;725
BALEARS (ILLES);5.2.3.-Robos con fuerza en establecimientos;2020;748
BALEARS (ILLES);5.2.3.-Robos con fuerza en establecimientos;2019;965
BALEARS (ILLES);5.2.3.-Robos con fuerza en establecimientos;2018;1.030
BALEARS (ILLES);5.3.-Robos con violencia o intimidación;2024;1.423
BALEARS (ILLES);5.3.-Robos con violencia o intimidación;2023;1.519
BALEARS (ILLES);5.3.-Robos con violencia o intimidación;2022;1.272
BALEARS (ILLES);5.3.-Robos con violencia o intimidación;2021;896
BALEARS (ILLES);5.3.-Robos con violencia o intimidación;2020;749
BALEARS (ILLES);5.3.-Robos con violencia o intimidación;2019;1.314
BALEARS (ILLES);5.3.-Robos con violencia o intimidación;2018;1.230
BALEARS (ILLES);5.3.1.-Robos con violencia en vía pública;2024;938
BALEARS (ILLES);5.3.1.-Robos con violencia en vía pública;2023;994
BALEARS (ILLES);5.3.1.-Robos con violencia en vía pública;2022;811
BALEARS (ILLES);5.3.1.-Robos con violencia en vía pública;2021;571
BALEARS (ILLES);5.3.1.-Robos con violencia en vía pública;2020;465
BALEARS (ILLES);5.3.1.-Robos con violencia en vía pública;2019;843
BALEARS (ILLES);5.3.1.-Robos con violencia en vía pública;2018;771
BALEARS (ILLES);5.3.2.-Robos con violencia en viviendas;2024;89
BALEARS (ILLES);5.3.2.-Robos con violencia en viviendas;2023;82
BALEARS (ILLES);5.3.2.-Robos con violencia en viviendas;2022;88
BALEARS (ILLES);5.3.2.-Robos con violencia en viviendas;2021;79
BALEARS (ILLES);5.3.2.-Robos con violencia en viviendas;2020;72
BALEARS (ILLES);5.3.2.-Robos con violencia en viviendas;2019;85
BALEARS (ILLES);5.3.2.-Robos con violencia en viviendas;2018;89
BALEARS (ILLES);5.3.3.-Robos con violencia en establecimientos;2024;217
BALEARS (ILLES);5.3.3.-Robos con violencia en establecimientos;2023;228
BALEARS (ILLES);5.3.3.-Robos con violencia en establecimientos;2022;167
BALEARS (ILLES);5.3.3.-Robos con violencia en establecimientos;2021;118
BALEARS (ILLES);5.3.3.-Robos con violencia en establecimientos;2020;113
BALEARS (ILLES);5.3.3.-Robos con violencia en establecimientos;2019;164
BALEARS (ILLES);5.3.3.-Robos con violencia en establecimientos;2018;157
BALEARS (ILLES);5.4.-Sustracción de vehículos;2024;1.724
BALEARS (ILLES);5.4.-Sustracción de vehículos;2023;1.832
BALEARS (ILLES);5.4.-Sustracción de vehículos;2022;1.564
BALEARS (ILLES);5.4.-Sustracción de vehículos;2021;1.073
BALEARS (ILLES);5.4.-Sustracción de vehículos;2020;1.021
BALEARS (ILLES);5.4.-Sustracción de vehículos;2019;1.429
BALEARS (ILLES);5.4.-Sustracción de vehículos;2018;1.432
BALEARS (ILLES);5.5.-Estafas;2024;13.834
BALEARS (ILLES);5.5.-Estafas;2023;13.522
BALEARS (ILLES);5.5.-Estafas;2022;11.589
BALEARS (ILLES);5.5.-Estafas;2021;10.035
BALEARS (ILLES);5.5.-Estafas;2020;15.850
BALEARS (ILLES);5.5.-Estafas;2019;13.091
BALEARS (ILLES);5.5.-Estafas;2018;9.821
BALEARS (ILLES);5.5.1.-Estafas informáticas;2024;11.491
BALEARS (ILLES);5.5.1.-Estafas informáticas;2023;10.299
BALEARS (ILLES);5.5.1.-Estafas informáticas;2022;7.452
BALEARS (ILLES);5.5.1.-Estafas informáticas;2021;7.005
BALEARS (ILLES);5.5.1.-Estafas informáticas;2020;10.879
BALEARS (ILLES);5.5.1.-Estafas informáticas;2019;7.702
BALEARS (ILLES);5.5.1.-Estafas informáticas;2018;5.491
BALEARS (ILLES);5.6.-Daños;2024;5.164
BALEARS (ILLES);5.6.-Daños;2023;4.912
BALEARS (ILLES);5.6.-Daños;2022;5.284
BALEARS (ILLES);5.6.-Daños;2021;5.010
BALEARS (ILLES);5.6.-Daños;2020;4.596
BALEARS (ILLES);5.6.-Daños;2019;5.625
BALEARS (ILLES);5.6.-Daños;2018;5.479
BALEARS (ILLES);5.7.-Contra la propiedad intelectual/industrial;2024;102
BALEARS (ILLES);5.7.-Contra la propiedad intelectual/industrial;2023;89
BALEARS (ILLES);5.7.-Contra la propiedad intelectual/industrial;2022;72
BALEARS (ILLES);5.7.-Contra la propiedad intelectual/industrial;2021;74
BALEARS (ILLES);5.7.-Contra la propiedad intelectual/industrial;2020;31
BALEARS (ILLES);5.7.-Contra la propiedad intelectual/industrial;2019;133
BALEARS (ILLES);5.7.-Contra la propiedad intelectual/industrial;2018;109
BALEARS (ILLES);5.8.-Blanqueo de capitales;2024;12
BALEARS (ILLES);5.8.-Blanqueo de capitales;2023;7
BALEARS (ILLES);5.8.-Blanqueo de capitales;2022;9
BALEARS (ILLES);5.8.-Blanqueo de capitales;2021;4
BALEARS (ILLES);5.8.-Blanqueo de capitales;2020;8
BALEARS (ILLES);5.8.-Blanqueo de capitales;2019;8
BALEARS (ILLES);5.8.-Blanqueo de capitales;2018;5
BALEARS (ILLES);5.9.-Otros contra el patrimonio;2024;2.300
BALEARS (ILLES);5.9.-Otros contra el patrimonio;2023;2.280
BALEARS (ILLES);5.9.-Otros contra el patrimonio;2022;2.099
BALEARS (ILLES);5.9.-Otros contra el patrimonio;2021;1.923
BALEARS (ILLES);5.9.-Otros contra el patrimonio;2020;1.730
BALEARS (ILLES);5.9.-Otros contra el patrimonio;2019;2.207
BALEARS (ILLES);5.9.-Otros contra el patrimonio;2018;2.128
BALEARS (ILLES);6. SEGURIDAD COLECTIVA;2024;2.648
BALEARS (ILLES);6. SEGURIDAD COLECTIVA;2023;2.871
BALEARS (ILLES);6. SEGURIDAD COLECTIVA;2022;2.458
BALEARS (ILLES);6. SEGURIDAD COLECTIVA;2021;1.988
BALEARS (ILLES);6. SEGURIDAD COLECTIVA;2020;2.132
BALEARS (ILLES);6. SEGURIDAD COLECTIVA;2019;2.880
BALEARS (ILLES);6. SEGURIDAD COLECTIVA;2018;2.676
BALEARS (ILLES);6.1.-Tráfico de drogas;2024;758
BALEARS (ILLES);6.1.-Tráfico de drogas;2023;776
BALEARS (ILLES);6.1.-Tráfico de drogas;2022;627
BALEARS (ILLES);6.1.-Tráfico de drogas;2021;389
BALEARS (ILLES);6.1.-Tráfico de drogas;2020;431
BALEARS (ILLES);6.1.-Tráfico de drogas;2019;656
BALEARS (ILLES);6.1.-Tráfico de drogas;2018;514
BALEARS (ILLES);6.2.-Contra la seguridad vial;2024;1.647
BALEARS (ILLES);6.2.-Contra la seguridad vial;2023;1.892
BALEARS (ILLES);6.2.-Contra la seguridad vial;2022;1.692
BALEARS (ILLES);6.2.-Contra la seguridad vial;2021;1.532
BALEARS (ILLES);6.2.-Contra la seguridad vial;2020;1.637
BALEARS (ILLES);6.2.-Contra la seguridad vial;2019;2.051
BALEARS (ILLES);6.2.-Contra la seguridad vial;2018;1.997
BALEARS (ILLES);6.3.-Otros contra la seguridad colectiva;2024;243
BALEARS (ILLES);6.3.-Otros contra la seguridad colectiva;2023;203
BALEARS (ILLES);6.3.-Otros contra la seguridad colectiva;2022;139
BALEARS (ILLES);6.3.-Otros contra la seguridad colectiva;2021;67
BALEARS (ILLES);6.3.-Otros contra la seguridad colectiva;2020;64
BALEARS (ILLES);6.3.-Otros contra la seguridad colectiva;2019;173
BALEARS (ILLES);6.3.-Otros contra la seguridad colectiva;2018;165
BALEARS (ILLES);7. FALSEDADES;2024;1.098
BALEARS (ILLES);7. FALSEDADES;2023;912
BALEARS (ILLES);7. FALSEDADES;2022;1.045
BALEARS (ILLES);7. FALSEDADES;2021;1.008
BALEARS (ILLES);7. FALSEDADES;2020;671
BALEARS (ILLES);7. FALSEDADES;2019;716
BALEARS (ILLES);7. FALSEDADES;2018;639
BALEARS (ILLES);8. ADMÓN. PÚBLICA;2024;33
BALEARS (ILLES);8. ADMÓN. PÚBLICA;2023;18
BALEARS (ILLES);8. ADMÓN. PÚBLICA;2022;22
BALEARS (ILLES);8. ADMÓN. PÚBLICA;2021;7
BALEARS (ILLES);8. ADMÓN. PÚBLICA;2020;16
BALEARS (ILLES);8. ADMÓN. PÚBLICA;2019;11
BALEARS (ILLES);8. ADMÓN. PÚBLICA;2018;6
BALEARS (ILLES);9. ADMÓN. JUSTICIA;2024;1.692
BALEARS (ILLES);9. ADMÓN. JUSTICIA;2023;1.667
BALEARS (ILLES);9. ADMÓN. JUSTICIA;2022;1.499
BALEARS (ILLES);9. ADMÓN. JUSTICIA;2021;1.357
BALEARS (ILLES);9. ADMÓN. JUSTICIA;2020;1.215
BALEARS (ILLES);9. ADMÓN. JUSTICIA;2019;1.095
BALEARS (ILLES);9. ADMÓN. JUSTICIA;2018;963
BALEARS (ILLES);10. ORDEN PÚBLICO;2024;883
BALEARS (ILLES);10. ORDEN PÚBLICO;2023;914
BALEARS (ILLES);10. ORDEN PÚBLICO;2022;884
BALEARS (ILLES);10. ORDEN PÚBLICO;2021;718
BALEARS (ILLES);10. ORDEN PÚBLICO;2020;1.047
BALEARS (ILLES);10. ORDEN PÚBLICO;2019;652
BALEARS (ILLES);10. ORDEN PÚBLICO;2018;599
BALEARS (ILLES);11. LEGISLACIÓN ESPECIAL;2024;3
BALEARS (ILLES);11. LEGISLACIÓN ESPECIAL;2023;3
BALEARS (ILLES);11. LEGISLACIÓN ESPECIAL;2022;1
BALEARS (ILLES);11. LEGISLACIÓN ESPECIAL;2021;0
BALEARS (ILLES);11. LEGISLACIÓN ESPECIAL;2020;1
BALEARS (ILLES);11. LEGISLACIÓN ESPECIAL;2019;0
BALEARS (ILLES);11. LEGISLACIÓN ESPECIAL;2018;2
BALEARS (ILLES);12. OTRAS INFRACCIONES PENALES;2024;318
BALEARS (ILLES);12. OTRAS INFRACCIONES PENALES;2023;363
BALEARS (ILLES);12. OTRAS INFRACCIONES PENALES;2022;330
BALEARS (ILLES);12. OTRAS INFRACCIONES PENALES;2021;273
BALEARS (ILLES);12. OTRAS INFRACCIONES PENALES;2020;277
BALEARS (ILLES);12. OTRAS INFRACCIONES PENALES;2019;275
BALEARS (ILLES);12. OTRAS INFRACCIONES PENALES;2018;306
BALEARS (ILLES);TOTAL INFRACCIONES PENALES;2024;80.369
BALEARS (ILLES);TOTAL INFRACCIONES PENALES;2023;78.509
BALEARS (ILLES);TOTAL INFRACCIONES PENALES;2022;75.982
BALEARS (ILLES);TOTAL INFRACCIONES PENALES;2021;61.015
BALEARS (ILLES);TOTAL INFRACCIONES PENALES;2020;59.750
BALEARS (ILLES);TOTAL INFRACCIONES PENALES;2019;77.662
BALEARS (ILLES);TOTAL INFRACCIONES PENALES;2018;73.661
CANARIAS;1. CONTRA LAS PERSONAS;2024;15.285
CANARIAS;1. CONTRA LAS PERSONAS;2023;15.210
CANARIAS;1. CONTRA LAS PERSONAS;2022;13.601
CANARIAS;1. CONTRA LAS PERSONAS;2021;12.465
CANARIAS;1. CONTRA LAS PERSONAS;2020;11.643
CANARIAS;1. CONTRA LAS PERSONAS;2019;12.396
CANARIAS;1. CONTRA LAS PERSONAS;2018;11.805
CANARIAS;1.1.-Homicidios dolosos/asesinatos;2024;62
CANARIAS;1.1.-Homicidios dolosos/asesinatos;2023;77
CANARIAS;1.1.-Homicidios dolosos/asesinatos;2022;60
CANARIAS;1.1.-Homicidios dolosos/asesinatos;2021;53
CANARIAS;1.1.-Homicidios dolosos/asesinatos;2020;54
CANARIAS;1.1.-Homicidios dolosos/asesinatos;2019;64
CANARIAS;1.1.-Homicidios dolosos/asesinatos;2018;66
CANARIAS;1.1.1.-Homicidios dolosos/asesinatos consumados;2024;14
CANARIAS;1.1.1.-Homicidios dolosos/asesinatos consumados;2023;17
CANARIAS;1.1.1.-Homicidios dolosos/asesinatos consumados;2022;13
CANARIAS;1.1.1.-Homicidios dolosos/asesinatos consumados;2021;16
CANARIAS;1.1.1.-Homicidios dolosos/asesinatos consumados;2020;12
CANARIAS;1.1.1.-Homicidios dolosos/asesinatos consumados;2019;20
CANARIAS;1.1.1.-Homicidios dolosos/asesinatos consumados;2018;25
CANARIAS;1.2.-Lesiones;2024;7.854
CANARIAS;1.2.-Lesiones;2023;7.847
CANARIAS;1.2.-Lesiones;2022;7.038
CANARIAS;1.2.-Lesiones;2021;6.534
CANARIAS;1.2.-Lesiones;2020;5.938
CANARIAS;1.2.-Lesiones;2019;6.922
CANARIAS;1.2.-Lesiones;2018;6.629
CANARIAS;1.3.-Malos tratos ámbito familiar;2024;6.789
CANARIAS;1.3.-Malos tratos ámbito familiar;2023;6.765
CANARIAS;1.3.-Malos tratos ámbito familiar;2022;6.060
CANARIAS;1.3.-Malos tratos ámbito familiar;2021;5.498
CANARIAS;1.3.-Malos tratos ámbito familiar;2020;5.333
CANARIAS;1.3.-Malos tratos ámbito familiar;2019;5.042
CANARIAS;1.3.-Malos tratos ámbito familiar;2018;4.775
CANARIAS;1.4.-Otros contra las personas;2024;580
CANARIAS;1.4.-Otros contra las personas;2023;521
CANARIAS;1.4.-Otros contra las personas;2022;443
CANARIAS;1.4.-Otros contra las personas;2021;380
CANARIAS;1.4.-Otros contra las personas;2020;318
CANARIAS;1.4.-Otros contra las personas;2019;368
CANARIAS;1.4.-Otros contra las personas;2018;335
CANARIAS;2. CONTRA LA LIBERTAD;2024;11.245
CANARIAS;2. CONTRA LA LIBERTAD;2023;11.181
CANARIAS;2. CONTRA LA LIBERTAD;2022;9.960
CANARIAS;2. CONTRA LA LIBERTAD;2021;10.102
CANARIAS;2. CONTRA LA LIBERTAD;2020;9.855
CANARIAS;2. CONTRA LA LIBERTAD;2019;9.328
CANARIAS;2. CONTRA LA LIBERTAD;2018;8.955
CANARIAS;2.1.-Malos tratos habituales en el ámbito familiar;2024;1.098
CANARIAS;2.1.-Malos tratos habituales en el ámbito familiar;2023;1.078
CANARIAS;2.1.-Malos tratos habituales en el ámbito familiar;2022;841
CANARIAS;2.1.-Malos tratos habituales en el ámbito familiar;2021;910
CANARIAS;2.1.-Malos tratos habituales en el ámbito familiar;2020;852
CANARIAS;2.1.-Malos tratos habituales en el ámbito familiar;2019;850
CANARIAS;2.1.-Malos tratos habituales en el ámbito familiar;2018;713
CANARIAS;2.2.-Otros contra la libertad;2024;10.147
CANARIAS;2.2.-Otros contra la libertad;2023;10.103
CANARIAS;2.2.-Otros contra la libertad;2022;9.119
CANARIAS;2.2.-Otros contra la libertad;2021;9.192
CANARIAS;2.2.-Otros contra la libertad;2020;9.003
CANARIAS;2.2.-Otros contra la libertad;2019;8.478
CANARIAS;2.2.-Otros contra la libertad;2018;8.242
CANARIAS;3. LIBERTAD SEXUAL;2024;1.336
CANARIAS;3. LIBERTAD SEXUAL;2023;1.189
CANARIAS;3. LIBERTAD SEXUAL;2022;1.148
CANARIAS;3. LIBERTAD SEXUAL;2021;946
CANARIAS;3. LIBERTAD SEXUAL;2020;875
CANARIAS;3. LIBERTAD SEXUAL;2019;907
CANARIAS;3. LIBERTAD SEXUAL;2018;750
CANARIAS;3.1.-Agresión sexual;2024;894
CANARIAS;3.1.-Agresión sexual;2023;750
CANARIAS;3.1.-Agresión sexual;2022;748
CANARIAS;3.1.-Agresión sexual;2021;612
CANARIAS;3.1.-Agresión sexual;2020;509
CANARIAS;3.1.-Agresión sexual;2019;591
CANARIAS;3.1.-Agresión sexual;2018;462
CANARIAS;3.2.-Agresión sexual con penetración;2024;241
CANARIAS;3.2.-Agresión sexual con penetración;2023;221
CANARIAS;3.2.-Agresión sexual con penetración;2022;234
CANARIAS;3.2.-Agresión sexual con penetración;2021;177
CANARIAS;3.2.-Agresión sexual con penetración;2020;169
CANARIAS;3.2.-Agresión sexual con penetración;2019;117
CANARIAS;3.2.-Agresión sexual con penetración;2018;149
CANARIAS;3.3.-Corrupción de menores o incapacitados;2024;24
CANARIAS;3.3.-Corrupción de menores o incapacitados;2023;31
CANARIAS;3.3.-Corrupción de menores o incapacitados;2022;19
CANARIAS;3.3.-Corrupción de menores o incapacitados;2021;11
CANARIAS;3.3.-Corrupción de menores o incapacitados;2020;42
CANARIAS;3.3.-Corrupción de menores o incapacitados;2019;34
CANARIAS;3.3.-Corrupción de menores o incapacitados;2018;8
CANARIAS;3.4.-Pornografía de menores;2024;46
CANARIAS;3.4.-Pornografía de menores;2023;53
CANARIAS;3.4.-Pornografía de menores;2022;33
CANARIAS;3.4.-Pornografía de menores;2021;54
CANARIAS;3.4.-Pornografía de menores;2020;54
CANARIAS;3.4.-Pornografía de menores;2019;68
CANARIAS;3.4.-Pornografía de menores;2018;52
CANARIAS;3.5.-Otros contra la libertad sexual;2024;131
CANARIAS;3.5.-Otros contra la libertad sexual;2023;134
CANARIAS;3.5.-Otros contra la libertad sexual;2022;114
CANARIAS;3.5.-Otros contra la libertad sexual;2021;92
CANARIAS;3.5.-Otros contra la libertad sexual;2020;101
CANARIAS;3.5.-Otros contra la libertad sexual;2019;97
CANARIAS;3.5.-Otros contra la libertad sexual;2018;79
CANARIAS;4. RELACIONES FAMILIARES;2024;518
CANARIAS;4. RELACIONES FAMILIARES;2023;564
CANARIAS;4. RELACIONES FAMILIARES;2022;599
CANARIAS;4. RELACIONES FAMILIARES;2021;631
CANARIAS;4. RELACIONES FAMILIARES;2020;654
CANARIAS;4. RELACIONES FAMILIARES;2019;639
CANARIAS;4. RELACIONES FAMILIARES;2018;754
CANARIAS;5. PATRIMONIO;2024;68.916
CANARIAS;5. PATRIMONIO;2023;66.962
CANARIAS;5. PATRIMONIO;2022;61.602
CANARIAS;5. PATRIMONIO;2021;49.285
CANARIAS;5. PATRIMONIO;2020;53.017
CANARIAS;5. PATRIMONIO;2019;64.716
CANARIAS;5. PATRIMONIO;2018;61.599
CANARIAS;5.1.-Hurtos;2024;28.423
CANARIAS;5.1.-Hurtos;2023;26.245
CANARIAS;5.1.-Hurtos;2022;23.596
CANARIAS;5.1.-Hurtos;2021;17.144
CANARIAS;5.1.-Hurtos;2020;16.683
CANARIAS;5.1.-Hurtos;2019;26.122
CANARIAS;5.1.-Hurtos;2018;27.229
CANARIAS;5.2.-Robos con fuerza en las cosas;2024;7.720
CANARIAS;5.2.-Robos con fuerza en las cosas;2023;7.853
CANARIAS;5.2.-Robos con fuerza en las cosas;2022;8.596
CANARIAS;5.2.-Robos con fuerza en las cosas;2021;7.639
CANARIAS;5.2.-Robos con fuerza en las cosas;2020;7.501
CANARIAS;5.2.-Robos con fuerza en las cosas;2019;10.888
CANARIAS;5.2.-Robos con fuerza en las cosas;2018;11.598
CANARIAS;5.2.1.-Robos con fuerza en las cosas en el interior de vehículos;2024;3.266
CANARIAS;5.2.1.-Robos con fuerza en las cosas en el interior de vehículos;2023;2.969
CANARIAS;5.2.1.-Robos con fuerza en las cosas en el interior de vehículos;2022;3.373
CANARIAS;5.2.1.-Robos con fuerza en las cosas en el interior de vehículos;2021;2.915
CANARIAS;5.2.1.-Robos con fuerza en las cosas en el interior de vehículos;2020;2.682
CANARIAS;5.2.1.-Robos con fuerza en las cosas en el interior de vehículos;2019;4.544
CANARIAS;5.2.1.-Robos con fuerza en las cosas en el interior de vehículos;2018;4.250
CANARIAS;5.2.2.-Robos con fuerza en viviendas;2024;1.872
CANARIAS;5.2.2.-Robos con fuerza en viviendas;2023;2.120
CANARIAS;5.2.2.-Robos con fuerza en viviendas;2022;2.370
CANARIAS;5.2.2.-Robos con fuerza en viviendas;2021;2.428
CANARIAS;5.2.2.-Robos con fuerza en viviendas;2020;2.356
CANARIAS;5.2.2.-Robos con fuerza en viviendas;2019;2.886
CANARIAS;5.2.2.-Robos con fuerza en viviendas;2018;3.229
CANARIAS;5.2.3.-Robos con fuerza en establecimientos;2024;1.068
CANARIAS;5.2.3.-Robos con fuerza en establecimientos;2023;1.249
CANARIAS;5.2.3.-Robos con fuerza en establecimientos;2022;1.241
CANARIAS;5.2.3.-Robos con fuerza en establecimientos;2021;956
CANARIAS;5.2.3.-Robos con fuerza en establecimientos;2020;1.100
CANARIAS;5.2.3.-Robos con fuerza en establecimientos;2019;1.358
CANARIAS;5.2.3.-Robos con fuerza en establecimientos;2018;1.739
CANARIAS;5.3.-Robos con violencia o intimidación;2024;1.752
CANARIAS;5.3.-Robos con violencia o intimidación;2023;1.858
CANARIAS;5.3.-Robos con violencia o intimidación;2022;1.615
CANARIAS;5.3.-Robos con violencia o intimidación;2021;1.316
CANARIAS;5.3.-Robos con violencia o intimidación;2020;1.180
CANARIAS;5.3.-Robos con violencia o intimidación;2019;1.535
CANARIAS;5.3.-Robos con violencia o intimidación;2018;1.490
CANARIAS;5.3.1.-Robos con violencia en vía pública;2024;1.054
CANARIAS;5.3.1.-Robos con violencia en vía pública;2023;1.106
CANARIAS;5.3.1.-Robos con violencia en vía pública;2022;948
CANARIAS;5.3.1.-Robos con violencia en vía pública;2021;745
CANARIAS;5.3.1.-Robos con violencia en vía pública;2020;622
CANARIAS;5.3.1.-Robos con violencia en vía pública;2019;905
CANARIAS;5.3.1.-Robos con violencia en vía pública;2018;870
CANARIAS;5.3.2.-Robos con violencia en viviendas;2024;142
CANARIAS;5.3.2.-Robos con violencia en viviendas;2023;148
CANARIAS;5.3.2.-Robos con violencia en viviendas;2022;138
CANARIAS;5.3.2.-Robos con violencia en viviendas;2021;121
CANARIAS;5.3.2.-Robos con violencia en viviendas;2020;148
CANARIAS;5.3.2.-Robos con violencia en viviendas;2019;154
CANARIAS;5.3.2.-Robos con violencia en viviendas;2018;124
CANARIAS;5.3.3.-Robos con violencia en establecimientos;2024;305
CANARIAS;5.3.3.-Robos con violencia en establecimientos;2023;333
CANARIAS;5.3.3.-Robos con violencia en establecimientos;2022;300
CANARIAS;5.3.3.-Robos con violencia en establecimientos;2021;255
CANARIAS;5.3.3.-Robos con violencia en establecimientos;2020;246
CANARIAS;5.3.3.-Robos con violencia en establecimientos;2019;256
CANARIAS;5.3.3.-Robos con violencia en establecimientos;2018;288
CANARIAS;5.4.-Sustracción de vehículos;2024;1.605
CANARIAS;5.4.-Sustracción de vehículos;2023;1.451
CANARIAS;5.4.-Sustracción de vehículos;2022;1.244
CANARIAS;5.4.-Sustracción de vehículos;2021;983
CANARIAS;5.4.-Sustracción de vehículos;2020;1.012
CANARIAS;5.4.-Sustracción de vehículos;2019;1.295
CANARIAS;5.4.-Sustracción de vehículos;2018;1.354
CANARIAS;5.5.-Estafas;2024;18.496
CANARIAS;5.5.-Estafas;2023;19.297
CANARIAS;5.5.-Estafas;2022;16.324
CANARIAS;5.5.-Estafas;2021;12.702
CANARIAS;5.5.-Estafas;2020;17.540
CANARIAS;5.5.-Estafas;2019;14.386
CANARIAS;5.5.-Estafas;2018;9.983
CANARIAS;5.5.1.-Estafas informáticas;2024;14.764
CANARIAS;5.5.1.-Estafas informáticas;2023;15.752
CANARIAS;5.5.1.-Estafas informáticas;2022;11.699
CANARIAS;5.5.1.-Estafas informáticas;2021;8.916
CANARIAS;5.5.1.-Estafas informáticas;2020;12.642
CANARIAS;5.5.1.-Estafas informáticas;2019;7.286
CANARIAS;5.5.1.-Estafas informáticas;2018;3.097
CANARIAS;5.6.-Daños;2024;7.915
CANARIAS;5.6.-Daños;2023;7.441
CANARIAS;5.6.-Daños;2022;7.688
CANARIAS;5.6.-Daños;2021;7.413
CANARIAS;5.6.-Daños;2020;6.729
CANARIAS;5.6.-Daños;2019;7.480
CANARIAS;5.6.-Daños;2018;7.217
CANARIAS;5.7.-Contra la propiedad intelectual/industrial;2024;152
CANARIAS;5.7.-Contra la propiedad intelectual/industrial;2023;107
CANARIAS;5.7.-Contra la propiedad intelectual/industrial;2022;91
CANARIAS;5.7.-Contra la propiedad intelectual/industrial;2021;48
CANARIAS;5.7.-Contra la propiedad intelectual/industrial;2020;36
CANARIAS;5.7.-Contra la propiedad intelectual/industrial;2019;154
CANARIAS;5.7.-Contra la propiedad intelectual/industrial;2018;112
CANARIAS;5.8.-Blanqueo de capitales;2024;21
CANARIAS;5.8.-Blanqueo de capitales;2023;19
CANARIAS;5.8.-Blanqueo de capitales;2022;10
CANARIAS;5.8.-Blanqueo de capitales;2021;15
CANARIAS;5.8.-Blanqueo de capitales;2020;8
CANARIAS;5.8.-Blanqueo de capitales;2019;14
CANARIAS;5.8.-Blanqueo de capitales;2018;14
CANARIAS;5.9.-Otros contra el patrimonio;2024;2.832
CANARIAS;5.9.-Otros contra el patrimonio;2023;2.691
CANARIAS;5.9.-Otros contra el patrimonio;2022;2.438
CANARIAS;5.9.-Otros contra el patrimonio;2021;2.025
CANARIAS;5.9.-Otros contra el patrimonio;2020;2.328
CANARIAS;5.9.-Otros contra el patrimonio;2019;2.842
CANARIAS;5.9.-Otros contra el patrimonio;2018;2.602
CANARIAS;6. SEGURIDAD COLECTIVA;2024;3.756
CANARIAS;6. SEGURIDAD COLECTIVA;2023;3.725
CANARIAS;6. SEGURIDAD COLECTIVA;2022;3.649
CANARIAS;6. SEGURIDAD COLECTIVA;2021;3.096
CANARIAS;6. SEGURIDAD COLECTIVA;2020;2.965
CANARIAS;6. SEGURIDAD COLECTIVA;2019;3.439
CANARIAS;6. SEGURIDAD COLECTIVA;2018;3.296
CANARIAS;6.1.-Tráfico de drogas;2024;786
CANARIAS;6.1.-Tráfico de drogas;2023;764
CANARIAS;6.1.-Tráfico de drogas;2022;744
CANARIAS;6.1.-Tráfico de drogas;2021;531
CANARIAS;6.1.-Tráfico de drogas;2020;573
CANARIAS;6.1.-Tráfico de drogas;2019;603
CANARIAS;6.1.-Tráfico de drogas;2018;620
CANARIAS;6.2.-Contra la seguridad vial;2024;2.736
CANARIAS;6.2.-Contra la seguridad vial;2023;2.802
CANARIAS;6.2.-Contra la seguridad vial;2022;2.799
CANARIAS;6.2.-Contra la seguridad vial;2021;2.494
CANARIAS;6.2.-Contra la seguridad vial;2020;2.316
CANARIAS;6.2.-Contra la seguridad vial;2019;2.779
CANARIAS;6.2.-Contra la seguridad vial;2018;2.590
CANARIAS;6.3.-Otros contra la seguridad colectiva;2024;234
CANARIAS;6.3.-Otros contra la seguridad colectiva;2023;159
CANARIAS;6.3.-Otros contra la seguridad colectiva;2022;106
CANARIAS;6.3.-Otros contra la seguridad colectiva;2021;71
CANARIAS;6.3.-Otros contra la seguridad colectiva;2020;76
CANARIAS;6.3.-Otros contra la seguridad colectiva;2019;57
CANARIAS;6.3.-Otros contra la seguridad colectiva;2018;86
CANARIAS;7. FALSEDADES;2024;1.522
CANARIAS;7. FALSEDADES;2023;1.269
CANARIAS;7. FALSEDADES;2022;1.290
CANARIAS;7. FALSEDADES;2021;1.208
CANARIAS;7. FALSEDADES;2020;1.000
CANARIAS;7. FALSEDADES;2019;1.114
CANARIAS;7. FALSEDADES;2018;754
CANARIAS;8. ADMÓN. PÚBLICA;2024;29
CANARIAS;8. ADMÓN. PÚBLICA;2023;25
CANARIAS;8. ADMÓN. PÚBLICA;2022;23
CANARIAS;8. ADMÓN. PÚBLICA;2021;33
CANARIAS;8. ADMÓN. PÚBLICA;2020;17
CANARIAS;8. ADMÓN. PÚBLICA;2019;17
CANARIAS;8. ADMÓN. PÚBLICA;2018;13
CANARIAS;9. ADMÓN. JUSTICIA;2024;2.476
CANARIAS;9. ADMÓN. JUSTICIA;2023;2.295
CANARIAS;9. ADMÓN. JUSTICIA;2022;1.975
CANARIAS;9. ADMÓN. JUSTICIA;2021;1.821
CANARIAS;9. ADMÓN. JUSTICIA;2020;1.720
CANARIAS;9. ADMÓN. JUSTICIA;2019;1.721
CANARIAS;9. ADMÓN. JUSTICIA;2018;1.485
CANARIAS;10. ORDEN PÚBLICO;2024;1.217
CANARIAS;10. ORDEN PÚBLICO;2023;1.099
CANARIAS;10. ORDEN PÚBLICO;2022;935
CANARIAS;10. ORDEN PÚBLICO;2021;1.082
CANARIAS;10. ORDEN PÚBLICO;2020;1.395
CANARIAS;10. ORDEN PÚBLICO;2019;922
CANARIAS;10. ORDEN PÚBLICO;2018;855
CANARIAS;11. LEGISLACIÓN ESPECIAL;2024;7
CANARIAS;11. LEGISLACIÓN ESPECIAL;2023;10
CANARIAS;11. LEGISLACIÓN ESPECIAL;2022;1
CANARIAS;11. LEGISLACIÓN ESPECIAL;2021;1
CANARIAS;11. LEGISLACIÓN ESPECIAL;2020;1
CANARIAS;11. LEGISLACIÓN ESPECIAL;2019;13
CANARIAS;11. LEGISLACIÓN ESPECIAL;2018;0
CANARIAS;12. OTRAS INFRACCIONES PENALES;2024;678
CANARIAS;12. OTRAS INFRACCIONES PENALES;2023;693
CANARIAS;12. OTRAS INFRACCIONES PENALES;2022;668
CANARIAS;12. OTRAS INFRACCIONES PENALES;2021;562
CANARIAS;12. OTRAS INFRACCIONES PENALES;2020;493
CANARIAS;12. OTRAS INFRACCIONES PENALES;2019;427
CANARIAS;12. OTRAS INFRACCIONES PENALES;2018;383
CANARIAS;TOTAL INFRACCIONES PENALES;2024;106.985
CANARIAS;TOTAL INFRACCIONES PENALES;2023;104.222
CANARIAS;TOTAL INFRACCIONES PENALES;2022;95.451
CANARIAS;TOTAL INFRACCIONES PENALES;2021;81.232
CANARIAS;TOTAL INFRACCIONES PENALES;2020;83.635
CANARIAS;TOTAL INFRACCIONES PENALES;2019;95.639
CANARIAS;TOTAL INFRACCIONES PENALES;2018;90.649
CANTABRIA;1. CONTRA LAS PERSONAS;2024;2.782
CANTABRIA;1. CONTRA LAS PERSONAS;2023;2.738
CANTABRIA;1. CONTRA LAS PERSONAS;2022;2.463
CANTABRIA;1. CONTRA LAS PERSONAS;2021;2.069
CANTABRIA;1. CONTRA LAS PERSONAS;2020;1.748
CANTABRIA;1. CONTRA LAS PERSONAS;2019;2.053
CANTABRIA;1. CONTRA LAS PERSONAS;2018;2.110
CANTABRIA;1.1.-Homicidios dolosos/asesinatos;2024;21
CANTABRIA;1.1.-Homicidios dolosos/asesinatos;2023;10
CANTABRIA;1.1.-Homicidios dolosos/asesinatos;2022;12
CANTABRIA;1.1.-Homicidios dolosos/asesinatos;2021;15
CANTABRIA;1.1.-Homicidios dolosos/asesinatos;2020;4
CANTABRIA;1.1.-Homicidios dolosos/asesinatos;2019;15
CANTABRIA;1.1.-Homicidios dolosos/asesinatos;2018;5
CANTABRIA;1.1.1.-Homicidios dolosos/asesinatos consumados;2024;3
CANTABRIA;1.1.1.-Homicidios dolosos/asesinatos consumados;2023;0
CANTABRIA;1.1.1.-Homicidios dolosos/asesinatos consumados;2022;1
CANTABRIA;1.1.1.-Homicidios dolosos/asesinatos consumados;2021;4
CANTABRIA;1.1.1.-Homicidios dolosos/asesinatos consumados;2020;1
CANTABRIA;1.1.1.-Homicidios dolosos/asesinatos consumados;2019;6
CANTABRIA;1.1.1.-Homicidios dolosos/asesinatos consumados;2018;2
CANTABRIA;1.2.-Lesiones;2024;1.566
CANTABRIA;1.2.-Lesiones;2023;1.587
CANTABRIA;1.2.-Lesiones;2022;1.504
CANTABRIA;1.2.-Lesiones;2021;1.244
CANTABRIA;1.2.-Lesiones;2020;1.042
CANTABRIA;1.2.-Lesiones;2019;1.300
CANTABRIA;1.2.-Lesiones;2018;1.424
CANTABRIA;1.3.-Malos tratos ámbito familiar;2024;1.066
CANTABRIA;1.3.-Malos tratos ámbito familiar;2023;1.032
CANTABRIA;1.3.-Malos tratos ámbito familiar;2022;865
CANTABRIA;1.3.-Malos tratos ámbito familiar;2021;708
CANTABRIA;1.3.-Malos tratos ámbito familiar;2020;609
CANTABRIA;1.3.-Malos tratos ámbito familiar;2019;633
CANTABRIA;1.3.-Malos tratos ámbito familiar;2018;599
CANTABRIA;1.4.-Otros contra las personas;2024;129
CANTABRIA;1.4.-Otros contra las personas;2023;109
CANTABRIA;1.4.-Otros contra las personas;2022;82
CANTABRIA;1.4.-Otros contra las personas;2021;102
CANTABRIA;1.4.-Otros contra las personas;2020;93
CANTABRIA;1.4.-Otros contra las personas;2019;105
CANTABRIA;1.4.-Otros contra las personas;2018;82
CANTABRIA;2. CONTRA LA LIBERTAD;2024;1.903
CANTABRIA;2. CONTRA LA LIBERTAD;2023;1.775
CANTABRIA;2. CONTRA LA LIBERTAD;2022;1.655
CANTABRIA;2. CONTRA LA LIBERTAD;2021;1.695
CANTABRIA;2. CONTRA LA LIBERTAD;2020;1.450
CANTABRIA;2. CONTRA LA LIBERTAD;2019;1.455
CANTABRIA;2. CONTRA LA LIBERTAD;2018;1.366
CANTABRIA;2.1.-Malos tratos habituales en el ámbito familiar;2024;190
CANTABRIA;2.1.-Malos tratos habituales en el ámbito familiar;2023;190
CANTABRIA;2.1.-Malos tratos habituales en el ámbito familiar;2022;163
CANTABRIA;2.1.-Malos tratos habituales en el ámbito familiar;2021;149
CANTABRIA;2.1.-Malos tratos habituales en el ámbito familiar;2020;129
CANTABRIA;2.1.-Malos tratos habituales en el ámbito familiar;2019;135
CANTABRIA;2.1.-Malos tratos habituales en el ámbito familiar;2018;121
CANTABRIA;2.2.-Otros contra la libertad;2024;1.713
CANTABRIA;2.2.-Otros contra la libertad;2023;1.585
CANTABRIA;2.2.-Otros contra la libertad;2022;1.492
CANTABRIA;2.2.-Otros contra la libertad;2021;1.546
CANTABRIA;2.2.-Otros contra la libertad;2020;1.321
CANTABRIA;2.2.-Otros contra la libertad;2019;1.320
CANTABRIA;2.2.-Otros contra la libertad;2018;1.245
CANTABRIA;3. LIBERTAD SEXUAL;2024;188
CANTABRIA;3. LIBERTAD SEXUAL;2023;169
CANTABRIA;3. LIBERTAD SEXUAL;2022;162
CANTABRIA;3. LIBERTAD SEXUAL;2021;130
CANTABRIA;3. LIBERTAD SEXUAL;2020;89
CANTABRIA;3. LIBERTAD SEXUAL;2019;107
CANTABRIA;3. LIBERTAD SEXUAL;2018;102
CANTABRIA;3.1.-Agresión sexual;2024;102
CANTABRIA;3.1.-Agresión sexual;2023;103
CANTABRIA;3.1.-Agresión sexual;2022;90
CANTABRIA;3.1.-Agresión sexual;2021;78
CANTABRIA;3.1.-Agresión sexual;2020;48
CANTABRIA;3.1.-Agresión sexual;2019;66
CANTABRIA;3.1.-Agresión sexual;2018;60
CANTABRIA;3.2.-Agresión sexual con penetración;2024;43
CANTABRIA;3.2.-Agresión sexual con penetración;2023;34
CANTABRIA;3.2.-Agresión sexual con penetración;2022;39
CANTABRIA;3.2.-Agresión sexual con penetración;2021;30
CANTABRIA;3.2.-Agresión sexual con penetración;2020;16
CANTABRIA;3.2.-Agresión sexual con penetración;2019;15
CANTABRIA;3.2.-Agresión sexual con penetración;2018;15
CANTABRIA;3.3.-Corrupción de menores o incapacitados;2024;1
CANTABRIA;3.3.-Corrupción de menores o incapacitados;2023;3
CANTABRIA;3.3.-Corrupción de menores o incapacitados;2022;4
CANTABRIA;3.3.-Corrupción de menores o incapacitados;2021;1
CANTABRIA;3.3.-Corrupción de menores o incapacitados;2020;2
CANTABRIA;3.3.-Corrupción de menores o incapacitados;2019;2
CANTABRIA;3.3.-Corrupción de menores o incapacitados;2018;1
CANTABRIA;3.4.-Pornografía de menores;2024;12
CANTABRIA;3.4.-Pornografía de menores;2023;7
CANTABRIA;3.4.-Pornografía de menores;2022;11
CANTABRIA;3.4.-Pornografía de menores;2021;5
CANTABRIA;3.4.-Pornografía de menores;2020;5
CANTABRIA;3.4.-Pornografía de menores;2019;8
CANTABRIA;3.4.-Pornografía de menores;2018;8
CANTABRIA;3.5.-Otros contra la libertad sexual;2024;30
CANTABRIA;3.5.-Otros contra la libertad sexual;2023;22
CANTABRIA;3.5.-Otros contra la libertad sexual;2022;18
CANTABRIA;3.5.-Otros contra la libertad sexual;2021;16
CANTABRIA;3.5.-Otros contra la libertad sexual;2020;18
CANTABRIA;3.5.-Otros contra la libertad sexual;2019;16
CANTABRIA;3.5.-Otros contra la libertad sexual;2018;18
CANTABRIA;4. RELACIONES FAMILIARES;2024;47
CANTABRIA;4. RELACIONES FAMILIARES;2023;53
CANTABRIA;4. RELACIONES FAMILIARES;2022;55
CANTABRIA;4. RELACIONES FAMILIARES;2021;38
CANTABRIA;4. RELACIONES FAMILIARES;2020;40
CANTABRIA;4. RELACIONES FAMILIARES;2019;41
CANTABRIA;4. RELACIONES FAMILIARES;2018;43
CANTABRIA;5. PATRIMONIO;2024;17.730
CANTABRIA;5. PATRIMONIO;2023;17.503
CANTABRIA;5. PATRIMONIO;2022;17.321
CANTABRIA;5. PATRIMONIO;2021;14.239
CANTABRIA;5. PATRIMONIO;2020;11.558
CANTABRIA;5. PATRIMONIO;2019;12.953
CANTABRIA;5. PATRIMONIO;2018;12.552
CANTABRIA;5.1.-Hurtos;2024;4.706
CANTABRIA;5.1.-Hurtos;2023;4.831
CANTABRIA;5.1.-Hurtos;2022;4.878
CANTABRIA;5.1.-Hurtos;2021;3.820
CANTABRIA;5.1.-Hurtos;2020;3.236
CANTABRIA;5.1.-Hurtos;2019;4.868
CANTABRIA;5.1.-Hurtos;2018;4.669
CANTABRIA;5.2.-Robos con fuerza en las cosas;2024;2.674
CANTABRIA;5.2.-Robos con fuerza en las cosas;2023;2.797
CANTABRIA;5.2.-Robos con fuerza en las cosas;2022;2.841
CANTABRIA;5.2.-Robos con fuerza en las cosas;2021;2.528
CANTABRIA;5.2.-Robos con fuerza en las cosas;2020;2.225
CANTABRIA;5.2.-Robos con fuerza en las cosas;2019;2.471
CANTABRIA;5.2.-Robos con fuerza en las cosas;2018;2.559
CANTABRIA;5.2.1.-Robos con fuerza en las cosas en el interior de vehículos;2024;584
CANTABRIA;5.2.1.-Robos con fuerza en las cosas en el interior de vehículos;2023;511
CANTABRIA;5.2.1.-Robos con fuerza en las cosas en el interior de vehículos;2022;578
CANTABRIA;5.2.1.-Robos con fuerza en las cosas en el interior de vehículos;2021;501
CANTABRIA;5.2.1.-Robos con fuerza en las cosas en el interior de vehículos;2020;464
CANTABRIA;5.2.1.-Robos con fuerza en las cosas en el interior de vehículos;2019;439
CANTABRIA;5.2.1.-Robos con fuerza en las cosas en el interior de vehículos;2018;519
CANTABRIA;5.2.2.-Robos con fuerza en viviendas;2024;1.102
CANTABRIA;5.2.2.-Robos con fuerza en viviendas;2023;1.291
CANTABRIA;5.2.2.-Robos con fuerza en viviendas;2022;1.348
CANTABRIA;5.2.2.-Robos con fuerza en viviendas;2021;1.167
CANTABRIA;5.2.2.-Robos con fuerza en viviendas;2020;858
CANTABRIA;5.2.2.-Robos con fuerza en viviendas;2019;1.068
CANTABRIA;5.2.2.-Robos con fuerza en viviendas;2018;979
CANTABRIA;5.2.3.-Robos con fuerza en establecimientos;2024;454
CANTABRIA;5.2.3.-Robos con fuerza en establecimientos;2023;465
CANTABRIA;5.2.3.-Robos con fuerza en establecimientos;2022;445
CANTABRIA;5.2.3.-Robos con fuerza en establecimientos;2021;437
CANTABRIA;5.2.3.-Robos con fuerza en establecimientos;2020;499
CANTABRIA;5.2.3.-Robos con fuerza en establecimientos;2019;540
CANTABRIA;5.2.3.-Robos con fuerza en establecimientos;2018;581
CANTABRIA;5.3.-Robos con violencia o intimidación;2024;245
CANTABRIA;5.3.-Robos con violencia o intimidación;2023;255
CANTABRIA;5.3.-Robos con violencia o intimidación;2022;242
CANTABRIA;5.3.-Robos con violencia o intimidación;2021;194
CANTABRIA;5.3.-Robos con violencia o intimidación;2020;178
CANTABRIA;5.3.-Robos con violencia o intimidación;2019;223
CANTABRIA;5.3.-Robos con violencia o intimidación;2018;177
CANTABRIA;5.3.1.-Robos con violencia en vía pública;2024;131
CANTABRIA;5.3.1.-Robos con violencia en vía pública;2023;129
CANTABRIA;5.3.1.-Robos con violencia en vía pública;2022;109
CANTABRIA;5.3.1.-Robos con violencia en vía pública;2021;99
CANTABRIA;5.3.1.-Robos con violencia en vía pública;2020;82
CANTABRIA;5.3.1.-Robos con violencia en vía pública;2019;110
CANTABRIA;5.3.1.-Robos con violencia en vía pública;2018;88
CANTABRIA;5.3.2.-Robos con violencia en viviendas;2024;21
CANTABRIA;5.3.2.-Robos con violencia en viviendas;2023;32
CANTABRIA;5.3.2.-Robos con violencia en viviendas;2022;31
CANTABRIA;5.3.2.-Robos con violencia en viviendas;2021;25
CANTABRIA;5.3.2.-Robos con violencia en viviendas;2020;20
CANTABRIA;5.3.2.-Robos con violencia en viviendas;2019;25
CANTABRIA;5.3.2.-Robos con violencia en viviendas;2018;16
CANTABRIA;5.3.3.-Robos con violencia en establecimientos;2024;62
CANTABRIA;5.3.3.-Robos con violencia en establecimientos;2023;63
CANTABRIA;5.3.3.-Robos con violencia en establecimientos;2022;71
CANTABRIA;5.3.3.-Robos con violencia en establecimientos;2021;38
CANTABRIA;5.3.3.-Robos con violencia en establecimientos;2020;37
CANTABRIA;5.3.3.-Robos con violencia en establecimientos;2019;54
CANTABRIA;5.3.3.-Robos con violencia en establecimientos;2018;40
CANTABRIA;5.4.-Sustracción de vehículos;2024;165
CANTABRIA;5.4.-Sustracción de vehículos;2023;116
CANTABRIA;5.4.-Sustracción de vehículos;2022;86
CANTABRIA;5.4.-Sustracción de vehículos;2021;140
CANTABRIA;5.4.-Sustracción de vehículos;2020;100
CANTABRIA;5.4.-Sustracción de vehículos;2019;132
CANTABRIA;5.4.-Sustracción de vehículos;2018;123
CANTABRIA;5.5.-Estafas;2024;6.527
CANTABRIA;5.5.-Estafas;2023;6.161
CANTABRIA;5.5.-Estafas;2022;5.888
CANTABRIA;5.5.-Estafas;2021;4.483
CANTABRIA;5.5.-Estafas;2020;3.271
CANTABRIA;5.5.-Estafas;2019;2.261
CANTABRIA;5.5.-Estafas;2018;2.241
CANTABRIA;5.5.1.-Estafas informáticas;2024;5.774
CANTABRIA;5.5.1.-Estafas informáticas;2023;5.428
CANTABRIA;5.5.1.-Estafas informáticas;2022;4.349
CANTABRIA;5.5.1.-Estafas informáticas;2021;3.243
CANTABRIA;5.5.1.-Estafas informáticas;2020;2.513
CANTABRIA;5.5.1.-Estafas informáticas;2019;1.766
CANTABRIA;5.5.1.-Estafas informáticas;2018;1.704
CANTABRIA;5.6.-Daños;2024;2.525
CANTABRIA;5.6.-Daños;2023;2.620
CANTABRIA;5.6.-Daños;2022;2.760
CANTABRIA;5.6.-Daños;2021;2.426
CANTABRIA;5.6.-Daños;2020;2.039
CANTABRIA;5.6.-Daños;2019;2.245
CANTABRIA;5.6.-Daños;2018;2.052
CANTABRIA;5.7.-Contra la propiedad intelectual/industrial;2024;8
CANTABRIA;5.7.-Contra la propiedad intelectual/industrial;2023;18
CANTABRIA;5.7.-Contra la propiedad intelectual/industrial;2022;22
CANTABRIA;5.7.-Contra la propiedad intelectual/industrial;2021;24
CANTABRIA;5.7.-Contra la propiedad intelectual/industrial;2020;12
CANTABRIA;5.7.-Contra la propiedad intelectual/industrial;2019;17
CANTABRIA;5.7.-Contra la propiedad intelectual/industrial;2018;19
CANTABRIA;5.8.-Blanqueo de capitales;2024;2
CANTABRIA;5.8.-Blanqueo de capitales;2023;6
CANTABRIA;5.8.-Blanqueo de capitales;2022;2
CANTABRIA;5.8.-Blanqueo de capitales;2021;2
CANTABRIA;5.8.-Blanqueo de capitales;2020;0
CANTABRIA;5.8.-Blanqueo de capitales;2019;0
CANTABRIA;5.8.-Blanqueo de capitales;2018;2
CANTABRIA;5.9.-Otros contra el patrimonio;2024;878
CANTABRIA;5.9.-Otros contra el patrimonio;2023;699
CANTABRIA;5.9.-Otros contra el patrimonio;2022;602
CANTABRIA;5.9.-Otros contra el patrimonio;2021;622
CANTABRIA;5.9.-Otros contra el patrimonio;2020;497
CANTABRIA;5.9.-Otros contra el patrimonio;2019;736
CANTABRIA;5.9.-Otros contra el patrimonio;2018;710
CANTABRIA;6. SEGURIDAD COLECTIVA;2024;791
CANTABRIA;6. SEGURIDAD COLECTIVA;2023;854
CANTABRIA;6. SEGURIDAD COLECTIVA;2022;895
CANTABRIA;6. SEGURIDAD COLECTIVA;2021;777
CANTABRIA;6. SEGURIDAD COLECTIVA;2020;676
CANTABRIA;6. SEGURIDAD COLECTIVA;2019;716
CANTABRIA;6. SEGURIDAD COLECTIVA;2018;748
CANTABRIA;6.1.-Tráfico de drogas;2024;76
CANTABRIA;6.1.-Tráfico de drogas;2023;114
CANTABRIA;6.1.-Tráfico de drogas;2022;83
CANTABRIA;6.1.-Tráfico de drogas;2021;96
CANTABRIA;6.1.-Tráfico de drogas;2020;96
CANTABRIA;6.1.-Tráfico de drogas;2019;86
CANTABRIA;6.1.-Tráfico de drogas;2018;87
CANTABRIA;6.2.-Contra la seguridad vial;2024;689
CANTABRIA;6.2.-Contra la seguridad vial;2023;706
CANTABRIA;6.2.-Contra la seguridad vial;2022;772
CANTABRIA;6.2.-Contra la seguridad vial;2021;660
CANTABRIA;6.2.-Contra la seguridad vial;2020;563
CANTABRIA;6.2.-Contra la seguridad vial;2019;622
CANTABRIA;6.2.-Contra la seguridad vial;2018;644
CANTABRIA;6.3.-Otros contra la seguridad colectiva;2024;26
CANTABRIA;6.3.-Otros contra la seguridad colectiva;2023;34
CANTABRIA;6.3.-Otros contra la seguridad colectiva;2022;40
CANTABRIA;6.3.-Otros contra la seguridad colectiva;2021;21
CANTABRIA;6.3.-Otros contra la seguridad colectiva;2020;17
CANTABRIA;6.3.-Otros contra la seguridad colectiva;2019;8
CANTABRIA;6.3.-Otros contra la seguridad colectiva;2018;17
CANTABRIA;7. FALSEDADES;2024;361
CANTABRIA;7. FALSEDADES;2023;251
CANTABRIA;7. FALSEDADES;2022;259
CANTABRIA;7. FALSEDADES;2021;222
CANTABRIA;7. FALSEDADES;2020;150
CANTABRIA;7. FALSEDADES;2019;162
CANTABRIA;7. FALSEDADES;2018;124
CANTABRIA;8. ADMÓN. PÚBLICA;2024;12
CANTABRIA;8. ADMÓN. PÚBLICA;2023;8
CANTABRIA;8. ADMÓN. PÚBLICA;2022;2
CANTABRIA;8. ADMÓN. PÚBLICA;2021;2
CANTABRIA;8. ADMÓN. PÚBLICA;2020;4
CANTABRIA;8. ADMÓN. PÚBLICA;2019;3
CANTABRIA;8. ADMÓN. PÚBLICA;2018;0
CANTABRIA;9. ADMÓN. JUSTICIA;2024;482
CANTABRIA;9. ADMÓN. JUSTICIA;2023;447
CANTABRIA;9. ADMÓN. JUSTICIA;2022;390
CANTABRIA;9. ADMÓN. JUSTICIA;2021;276
CANTABRIA;9. ADMÓN. JUSTICIA;2020;278
CANTABRIA;9. ADMÓN. JUSTICIA;2019;282
CANTABRIA;9. ADMÓN. JUSTICIA;2018;318
CANTABRIA;10. ORDEN PÚBLICO;2024;329
CANTABRIA;10. ORDEN PÚBLICO;2023;281
CANTABRIA;10. ORDEN PÚBLICO;2022;362
CANTABRIA;10. ORDEN PÚBLICO;2021;279
CANTABRIA;10. ORDEN PÚBLICO;2020;440
CANTABRIA;10. ORDEN PÚBLICO;2019;168
CANTABRIA;10. ORDEN PÚBLICO;2018;166
CANTABRIA;11. LEGISLACIÓN ESPECIAL;2024;6
CANTABRIA;11. LEGISLACIÓN ESPECIAL;2023;5
CANTABRIA;11. LEGISLACIÓN ESPECIAL;2022;1
CANTABRIA;11. LEGISLACIÓN ESPECIAL;2021;2
CANTABRIA;11. LEGISLACIÓN ESPECIAL;2020;0
CANTABRIA;11. LEGISLACIÓN ESPECIAL;2019;0
CANTABRIA;11. LEGISLACIÓN ESPECIAL;2018;2
CANTABRIA;12. OTRAS INFRACCIONES PENALES;2024;161
CANTABRIA;12. OTRAS INFRACCIONES PENALES;2023;128
CANTABRIA;12. OTRAS INFRACCIONES PENALES;2022;144
CANTABRIA;12. OTRAS INFRACCIONES PENALES;2021;165
CANTABRIA;12. OTRAS INFRACCIONES PENALES;2020;152
CANTABRIA;12. OTRAS INFRACCIONES PENALES;2019;133
CANTABRIA;12. OTRAS INFRACCIONES PENALES;2018;143
CANTABRIA;TOTAL INFRACCIONES PENALES;2024;24.792
CANTABRIA;TOTAL INFRACCIONES PENALES;2023;24.212
CANTABRIA;TOTAL INFRACCIONES PENALES;2022;23.709
CANTABRIA;TOTAL INFRACCIONES PENALES;2021;19.894
CANTABRIA;TOTAL INFRACCIONES PENALES;2020;16.585
CANTABRIA;TOTAL INFRACCIONES PENALES;2019;18.073
CANTABRIA;TOTAL INFRACCIONES PENALES;2018;17.674
CASTILLA Y LEÓN;1. CONTRA LAS PERSONAS;2024;9.371
CASTILLA Y LEÓN;1. CONTRA LAS PERSONAS;2023;9.010
CASTILLA Y LEÓN;1. CONTRA LAS PERSONAS;2022;8.473
CASTILLA Y LEÓN;1. CONTRA LAS PERSONAS;2021;7.252
CASTILLA Y LEÓN;1. CONTRA LAS PERSONAS;2020;6.231
CASTILLA Y LEÓN;1. CONTRA LAS PERSONAS;2019;7.345
CASTILLA Y LEÓN;1. CONTRA LAS PERSONAS;2018;7.213
CASTILLA Y LEÓN;1.1.-Homicidios dolosos/asesinatos;2024;56
CASTILLA Y LEÓN;1.1.-Homicidios dolosos/asesinatos;2023;58
CASTILLA Y LEÓN;1.1.-Homicidios dolosos/asesinatos;2022;55
CASTILLA Y LEÓN;1.1.-Homicidios dolosos/asesinatos;2021;38
CASTILLA Y LEÓN;1.1.-Homicidios dolosos/asesinatos;2020;44
CASTILLA Y LEÓN;1.1.-Homicidios dolosos/asesinatos;2019;38
CASTILLA Y LEÓN;1.1.-Homicidios dolosos/asesinatos;2018;34
CASTILLA Y LEÓN;1.1.1.-Homicidios dolosos/asesinatos consumados;2024;12
CASTILLA Y LEÓN;1.1.1.-Homicidios dolosos/asesinatos consumados;2023;10
CASTILLA Y LEÓN;1.1.1.-Homicidios dolosos/asesinatos consumados;2022;16
CASTILLA Y LEÓN;1.1.1.-Homicidios dolosos/asesinatos consumados;2021;13
CASTILLA Y LEÓN;1.1.1.-Homicidios dolosos/asesinatos consumados;2020;16
CASTILLA Y LEÓN;1.1.1.-Homicidios dolosos/asesinatos consumados;2019;8
CASTILLA Y LEÓN;1.1.1.-Homicidios dolosos/asesinatos consumados;2018;11
CASTILLA Y LEÓN;1.2.-Lesiones;2024;5.435
CASTILLA Y LEÓN;1.2.-Lesiones;2023;5.181
CASTILLA Y LEÓN;1.2.-Lesiones;2022;5.126
CASTILLA Y LEÓN;1.2.-Lesiones;2021;4.220
CASTILLA Y LEÓN;1.2.-Lesiones;2020;3.471
CASTILLA Y LEÓN;1.2.-Lesiones;2019;4.571
CASTILLA Y LEÓN;1.2.-Lesiones;2018;4.594
CASTILLA Y LEÓN;1.3.-Malos tratos ámbito familiar;2024;3.568
CASTILLA Y LEÓN;1.3.-Malos tratos ámbito familiar;2023;3.475
CASTILLA Y LEÓN;1.3.-Malos tratos ámbito familiar;2022;3.046
CASTILLA Y LEÓN;1.3.-Malos tratos ámbito familiar;2021;2.786
CASTILLA Y LEÓN;1.3.-Malos tratos ámbito familiar;2020;2.513
CASTILLA Y LEÓN;1.3.-Malos tratos ámbito familiar;2019;2.447
CASTILLA Y LEÓN;1.3.-Malos tratos ámbito familiar;2018;2.376
CASTILLA Y LEÓN;1.4.-Otros contra las personas;2024;312
CASTILLA Y LEÓN;1.4.-Otros contra las personas;2023;296
CASTILLA Y LEÓN;1.4.-Otros contra las personas;2022;246
CASTILLA Y LEÓN;1.4.-Otros contra las personas;2021;208
CASTILLA Y LEÓN;1.4.-Otros contra las personas;2020;203
CASTILLA Y LEÓN;1.4.-Otros contra las personas;2019;289
CASTILLA Y LEÓN;1.4.-Otros contra las personas;2018;209
CASTILLA Y LEÓN;2. CONTRA LA LIBERTAD;2024;6.590
CASTILLA Y LEÓN;2. CONTRA LA LIBERTAD;2023;6.397
CASTILLA Y LEÓN;2. CONTRA LA LIBERTAD;2022;6.075
CASTILLA Y LEÓN;2. CONTRA LA LIBERTAD;2021;6.143
CASTILLA Y LEÓN;2. CONTRA LA LIBERTAD;2020;5.340
CASTILLA Y LEÓN;2. CONTRA LA LIBERTAD;2019;5.398
CASTILLA Y LEÓN;2. CONTRA LA LIBERTAD;2018;5.270
CASTILLA Y LEÓN;2.1.-Malos tratos habituales en el ámbito familiar;2024;644
CASTILLA Y LEÓN;2.1.-Malos tratos habituales en el ámbito familiar;2023;692
CASTILLA Y LEÓN;2.1.-Malos tratos habituales en el ámbito familiar;2022;584
CASTILLA Y LEÓN;2.1.-Malos tratos habituales en el ámbito familiar;2021;601
CASTILLA Y LEÓN;2.1.-Malos tratos habituales en el ámbito familiar;2020;523
CASTILLA Y LEÓN;2.1.-Malos tratos habituales en el ámbito familiar;2019;532
CASTILLA Y LEÓN;2.1.-Malos tratos habituales en el ámbito familiar;2018;539
CASTILLA Y LEÓN;2.2.-Otros contra la libertad;2024;5.946
CASTILLA Y LEÓN;2.2.-Otros contra la libertad;2023;5.705
CASTILLA Y LEÓN;2.2.-Otros contra la libertad;2022;5.491
CASTILLA Y LEÓN;2.2.-Otros contra la libertad;2021;5.542
CASTILLA Y LEÓN;2.2.-Otros contra la libertad;2020;4.817
CASTILLA Y LEÓN;2.2.-Otros contra la libertad;2019;4.866
CASTILLA Y LEÓN;2.2.-Otros contra la libertad;2018;4.731
CASTILLA Y LEÓN;3. LIBERTAD SEXUAL;2024;745
CASTILLA Y LEÓN;3. LIBERTAD SEXUAL;2023;711
CASTILLA Y LEÓN;3. LIBERTAD SEXUAL;2022;620
CASTILLA Y LEÓN;3. LIBERTAD SEXUAL;2021;527
CASTILLA Y LEÓN;3. LIBERTAD SEXUAL;2020;415
CASTILLA Y LEÓN;3. LIBERTAD SEXUAL;2019;507
CASTILLA Y LEÓN;3. LIBERTAD SEXUAL;2018;439
CASTILLA Y LEÓN;3.1.-Agresión sexual;2024;448
CASTILLA Y LEÓN;3.1.-Agresión sexual;2023;419
CASTILLA Y LEÓN;3.1.-Agresión sexual;2022;362
CASTILLA Y LEÓN;3.1.-Agresión sexual;2021;300
CASTILLA Y LEÓN;3.1.-Agresión sexual;2020;226
CASTILLA Y LEÓN;3.1.-Agresión sexual;2019;275
CASTILLA Y LEÓN;3.1.-Agresión sexual;2018;246
CASTILLA Y LEÓN;3.2.-Agresión sexual con penetración;2024;140
CASTILLA Y LEÓN;3.2.-Agresión sexual con penetración;2023;141
CASTILLA Y LEÓN;3.2.-Agresión sexual con penetración;2022;107
CASTILLA Y LEÓN;3.2.-Agresión sexual con penetración;2021;120
CASTILLA Y LEÓN;3.2.-Agresión sexual con penetración;2020;70
CASTILLA Y LEÓN;3.2.-Agresión sexual con penetración;2019;81
CASTILLA Y LEÓN;3.2.-Agresión sexual con penetración;2018;79
CASTILLA Y LEÓN;3.3.-Corrupción de menores o incapacitados;2024;21
CASTILLA Y LEÓN;3.3.-Corrupción de menores o incapacitados;2023;22
CASTILLA Y LEÓN;3.3.-Corrupción de menores o incapacitados;2022;23
CASTILLA Y LEÓN;3.3.-Corrupción de menores o incapacitados;2021;19
CASTILLA Y LEÓN;3.3.-Corrupción de menores o incapacitados;2020;12
CASTILLA Y LEÓN;3.3.-Corrupción de menores o incapacitados;2019;15
CASTILLA Y LEÓN;3.3.-Corrupción de menores o incapacitados;2018;10
CASTILLA Y LEÓN;3.4.-Pornografía de menores;2024;30
CASTILLA Y LEÓN;3.4.-Pornografía de menores;2023;34
CASTILLA Y LEÓN;3.4.-Pornografía de menores;2022;44
CASTILLA Y LEÓN;3.4.-Pornografía de menores;2021;22
CASTILLA Y LEÓN;3.4.-Pornografía de menores;2020;27
CASTILLA Y LEÓN;3.4.-Pornografía de menores;2019;31
CASTILLA Y LEÓN;3.4.-Pornografía de menores;2018;44
CASTILLA Y LEÓN;3.5.-Otros contra la libertad sexual;2024;106
CASTILLA Y LEÓN;3.5.-Otros contra la libertad sexual;2023;95
CASTILLA Y LEÓN;3.5.-Otros contra la libertad sexual;2022;84
CASTILLA Y LEÓN;3.5.-Otros contra la libertad sexual;2021;66
CASTILLA Y LEÓN;3.5.-Otros contra la libertad sexual;2020;80
CASTILLA Y LEÓN;3.5.-Otros contra la libertad sexual;2019;105
CASTILLA Y LEÓN;3.5.-Otros contra la libertad sexual;2018;60
CASTILLA Y LEÓN;4. RELACIONES FAMILIARES;2024;221
CASTILLA Y LEÓN;4. RELACIONES FAMILIARES;2023;201
CASTILLA Y LEÓN;4. RELACIONES FAMILIARES;2022;189
CASTILLA Y LEÓN;4. RELACIONES FAMILIARES;2021;174
CASTILLA Y LEÓN;4. RELACIONES FAMILIARES;2020;138
CASTILLA Y LEÓN;4. RELACIONES FAMILIARES;2019;196
CASTILLA Y LEÓN;4. RELACIONES FAMILIARES;2018;180
CASTILLA Y LEÓN;5. PATRIMONIO;2024;65.726
CASTILLA Y LEÓN;5. PATRIMONIO;2023;65.001
CASTILLA Y LEÓN;5. PATRIMONIO;2022;63.435
CASTILLA Y LEÓN;5. PATRIMONIO;2021;52.662
CASTILLA Y LEÓN;5. PATRIMONIO;2020;46.705
CASTILLA Y LEÓN;5. PATRIMONIO;2019;56.640
CASTILLA Y LEÓN;5. PATRIMONIO;2018;55.843
CASTILLA Y LEÓN;5.1.-Hurtos;2024;17.388
CASTILLA Y LEÓN;5.1.-Hurtos;2023;17.611
CASTILLA Y LEÓN;5.1.-Hurtos;2022;17.361
CASTILLA Y LEÓN;5.1.-Hurtos;2021;13.785
CASTILLA Y LEÓN;5.1.-Hurtos;2020;11.414
CASTILLA Y LEÓN;5.1.-Hurtos;2019;19.206
CASTILLA Y LEÓN;5.1.-Hurtos;2018;19.715
CASTILLA Y LEÓN;5.2.-Robos con fuerza en las cosas;2024;8.812
CASTILLA Y LEÓN;5.2.-Robos con fuerza en las cosas;2023;8.284
CASTILLA Y LEÓN;5.2.-Robos con fuerza en las cosas;2022;8.160
CASTILLA Y LEÓN;5.2.-Robos con fuerza en las cosas;2021;6.994
CASTILLA Y LEÓN;5.2.-Robos con fuerza en las cosas;2020;6.517
CASTILLA Y LEÓN;5.2.-Robos con fuerza en las cosas;2019;8.819
CASTILLA Y LEÓN;5.2.-Robos con fuerza en las cosas;2018;9.513
CASTILLA Y LEÓN;5.2.1.-Robos con fuerza en las cosas en el interior de vehículos;2024;2.103
CASTILLA Y LEÓN;5.2.1.-Robos con fuerza en las cosas en el interior de vehículos;2023;1.964
CASTILLA Y LEÓN;5.2.1.-Robos con fuerza en las cosas en el interior de vehículos;2022;1.564
CASTILLA Y LEÓN;5.2.1.-Robos con fuerza en las cosas en el interior de vehículos;2021;1.528
CASTILLA Y LEÓN;5.2.1.-Robos con fuerza en las cosas en el interior de vehículos;2020;1.526
CASTILLA Y LEÓN;5.2.1.-Robos con fuerza en las cosas en el interior de vehículos;2019;1.658
CASTILLA Y LEÓN;5.2.1.-Robos con fuerza en las cosas en el interior de vehículos;2018;1.650
CASTILLA Y LEÓN;5.2.2.-Robos con fuerza en viviendas;2024;3.101
CASTILLA Y LEÓN;5.2.2.-Robos con fuerza en viviendas;2023;2.786
CASTILLA Y LEÓN;5.2.2.-Robos con fuerza en viviendas;2022;2.966
CASTILLA Y LEÓN;5.2.2.-Robos con fuerza en viviendas;2021;2.523
CASTILLA Y LEÓN;5.2.2.-Robos con fuerza en viviendas;2020;2.117
CASTILLA Y LEÓN;5.2.2.-Robos con fuerza en viviendas;2019;2.965
CASTILLA Y LEÓN;5.2.2.-Robos con fuerza en viviendas;2018;3.569
CASTILLA Y LEÓN;5.2.3.-Robos con fuerza en establecimientos;2024;1.155
CASTILLA Y LEÓN;5.2.3.-Robos con fuerza en establecimientos;2023;1.295
CASTILLA Y LEÓN;5.2.3.-Robos con fuerza en establecimientos;2022;1.318
CASTILLA Y LEÓN;5.2.3.-Robos con fuerza en establecimientos;2021;1.172
CASTILLA Y LEÓN;5.2.3.-Robos con fuerza en establecimientos;2020;1.179
CASTILLA Y LEÓN;5.2.3.-Robos con fuerza en establecimientos;2019;1.720
CASTILLA Y LEÓN;5.2.3.-Robos con fuerza en establecimientos;2018;1.701
CASTILLA Y LEÓN;5.3.-Robos con violencia o intimidación;2024;761
CASTILLA Y LEÓN;5.3.-Robos con violencia o intimidación;2023;817
CASTILLA Y LEÓN;5.3.-Robos con violencia o intimidación;2022;710
CASTILLA Y LEÓN;5.3.-Robos con violencia o intimidación;2021;625
CASTILLA Y LEÓN;5.3.-Robos con violencia o intimidación;2020;542
CASTILLA Y LEÓN;5.3.-Robos con violencia o intimidación;2019;706
CASTILLA Y LEÓN;5.3.-Robos con violencia o intimidación;2018;708
CASTILLA Y LEÓN;5.3.1.-Robos con violencia en vía pública;2024;412
CASTILLA Y LEÓN;5.3.1.-Robos con violencia en vía pública;2023;458
CASTILLA Y LEÓN;5.3.1.-Robos con violencia en vía pública;2022;374
CASTILLA Y LEÓN;5.3.1.-Robos con violencia en vía pública;2021;330
CASTILLA Y LEÓN;5.3.1.-Robos con violencia en vía pública;2020;307
CASTILLA Y LEÓN;5.3.1.-Robos con violencia en vía pública;2019;391
CASTILLA Y LEÓN;5.3.1.-Robos con violencia en vía pública;2018;388
CASTILLA Y LEÓN;5.3.2.-Robos con violencia en viviendas;2024;88
CASTILLA Y LEÓN;5.3.2.-Robos con violencia en viviendas;2023;85
CASTILLA Y LEÓN;5.3.2.-Robos con violencia en viviendas;2022;84
CASTILLA Y LEÓN;5.3.2.-Robos con violencia en viviendas;2021;69
CASTILLA Y LEÓN;5.3.2.-Robos con violencia en viviendas;2020;55
CASTILLA Y LEÓN;5.3.2.-Robos con violencia en viviendas;2019;62
CASTILLA Y LEÓN;5.3.2.-Robos con violencia en viviendas;2018;96
CASTILLA Y LEÓN;5.3.3.-Robos con violencia en establecimientos;2024;185
CASTILLA Y LEÓN;5.3.3.-Robos con violencia en establecimientos;2023;194
CASTILLA Y LEÓN;5.3.3.-Robos con violencia en establecimientos;2022;159
CASTILLA Y LEÓN;5.3.3.-Robos con violencia en establecimientos;2021;146
CASTILLA Y LEÓN;5.3.3.-Robos con violencia en establecimientos;2020;110
CASTILLA Y LEÓN;5.3.3.-Robos con violencia en establecimientos;2019;163
CASTILLA Y LEÓN;5.3.3.-Robos con violencia en establecimientos;2018;141
CASTILLA Y LEÓN;5.4.-Sustracción de vehículos;2024;549
CASTILLA Y LEÓN;5.4.-Sustracción de vehículos;2023;485
CASTILLA Y LEÓN;5.4.-Sustracción de vehículos;2022;512
CASTILLA Y LEÓN;5.4.-Sustracción de vehículos;2021;466
CASTILLA Y LEÓN;5.4.-Sustracción de vehículos;2020;400
CASTILLA Y LEÓN;5.4.-Sustracción de vehículos;2019;573
CASTILLA Y LEÓN;5.4.-Sustracción de vehículos;2018;572
CASTILLA Y LEÓN;5.5.-Estafas;2024;25.265
CASTILLA Y LEÓN;5.5.-Estafas;2023;25.535
CASTILLA Y LEÓN;5.5.-Estafas;2022;23.982
CASTILLA Y LEÓN;5.5.-Estafas;2021;18.445
CASTILLA Y LEÓN;5.5.-Estafas;2020;17.531
CASTILLA Y LEÓN;5.5.-Estafas;2019;14.634
CASTILLA Y LEÓN;5.5.-Estafas;2018;13.157
CASTILLA Y LEÓN;5.5.1.-Estafas informáticas;2024;22.366
CASTILLA Y LEÓN;5.5.1.-Estafas informáticas;2023;22.722
CASTILLA Y LEÓN;5.5.1.-Estafas informáticas;2022;18.968
CASTILLA Y LEÓN;5.5.1.-Estafas informáticas;2021;14.457
CASTILLA Y LEÓN;5.5.1.-Estafas informáticas;2020;13.841
CASTILLA Y LEÓN;5.5.1.-Estafas informáticas;2019;9.464
CASTILLA Y LEÓN;5.5.1.-Estafas informáticas;2018;6.511
CASTILLA Y LEÓN;5.6.-Daños;2024;10.305
CASTILLA Y LEÓN;5.6.-Daños;2023;9.892
CASTILLA Y LEÓN;5.6.-Daños;2022;10.495
CASTILLA Y LEÓN;5.6.-Daños;2021;10.243
CASTILLA Y LEÓN;5.6.-Daños;2020;8.662
CASTILLA Y LEÓN;5.6.-Daños;2019;10.845
CASTILLA Y LEÓN;5.6.-Daños;2018;10.388
CASTILLA Y LEÓN;5.7.-Contra la propiedad intelectual/industrial;2024;41
CASTILLA Y LEÓN;5.7.-Contra la propiedad intelectual/industrial;2023;56
CASTILLA Y LEÓN;5.7.-Contra la propiedad intelectual/industrial;2022;45
CASTILLA Y LEÓN;5.7.-Contra la propiedad intelectual/industrial;2021;66
CASTILLA Y LEÓN;5.7.-Contra la propiedad intelectual/industrial;2020;40
CASTILLA Y LEÓN;5.7.-Contra la propiedad intelectual/industrial;2019;51
CASTILLA Y LEÓN;5.7.-Contra la propiedad intelectual/industrial;2018;80
CASTILLA Y LEÓN;5.8.-Blanqueo de capitales;2024;31
CASTILLA Y LEÓN;5.8.-Blanqueo de capitales;2023;18
CASTILLA Y LEÓN;5.8.-Blanqueo de capitales;2022;9
CASTILLA Y LEÓN;5.8.-Blanqueo de capitales;2021;5
CASTILLA Y LEÓN;5.8.-Blanqueo de capitales;2020;6
CASTILLA Y LEÓN;5.8.-Blanqueo de capitales;2019;9
CASTILLA Y LEÓN;5.8.-Blanqueo de capitales;2018;9
CASTILLA Y LEÓN;5.9.-Otros contra el patrimonio;2024;2.574
CASTILLA Y LEÓN;5.9.-Otros contra el patrimonio;2023;2.303
CASTILLA Y LEÓN;5.9.-Otros contra el patrimonio;2022;2.161
CASTILLA Y LEÓN;5.9.-Otros contra el patrimonio;2021;2.033
CASTILLA Y LEÓN;5.9.-Otros contra el patrimonio;2020;1.593
CASTILLA Y LEÓN;5.9.-Otros contra el patrimonio;2019;1.797
CASTILLA Y LEÓN;5.9.-Otros contra el patrimonio;2018;1.701
CASTILLA Y LEÓN;6. SEGURIDAD COLECTIVA;2024;3.131
CASTILLA Y LEÓN;6. SEGURIDAD COLECTIVA;2023;3.071
CASTILLA Y LEÓN;6. SEGURIDAD COLECTIVA;2022;3.098
CASTILLA Y LEÓN;6. SEGURIDAD COLECTIVA;2021;2.927
CASTILLA Y LEÓN;6. SEGURIDAD COLECTIVA;2020;2.416
CASTILLA Y LEÓN;6. SEGURIDAD COLECTIVA;2019;2.911
CASTILLA Y LEÓN;6. SEGURIDAD COLECTIVA;2018;2.709
CASTILLA Y LEÓN;6.1.-Tráfico de drogas;2024;408
CASTILLA Y LEÓN;6.1.-Tráfico de drogas;2023;492
CASTILLA Y LEÓN;6.1.-Tráfico de drogas;2022;482
CASTILLA Y LEÓN;6.1.-Tráfico de drogas;2021;492
CASTILLA Y LEÓN;6.1.-Tráfico de drogas;2020;502
CASTILLA Y LEÓN;6.1.-Tráfico de drogas;2019;447
CASTILLA Y LEÓN;6.1.-Tráfico de drogas;2018;408
CASTILLA Y LEÓN;6.2.-Contra la seguridad vial;2024;2.564
CASTILLA Y LEÓN;6.2.-Contra la seguridad vial;2023;2.434
CASTILLA Y LEÓN;6.2.-Contra la seguridad vial;2022;2.493
CASTILLA Y LEÓN;6.2.-Contra la seguridad vial;2021;2.325
CASTILLA Y LEÓN;6.2.-Contra la seguridad vial;2020;1.814
CASTILLA Y LEÓN;6.2.-Contra la seguridad vial;2019;2.355
CASTILLA Y LEÓN;6.2.-Contra la seguridad vial;2018;2.192
CASTILLA Y LEÓN;6.3.-Otros contra la seguridad colectiva;2024;159
CASTILLA Y LEÓN;6.3.-Otros contra la seguridad colectiva;2023;145
CASTILLA Y LEÓN;6.3.-Otros contra la seguridad colectiva;2022;123
CASTILLA Y LEÓN;6.3.-Otros contra la seguridad colectiva;2021;110
CASTILLA Y LEÓN;6.3.-Otros contra la seguridad colectiva;2020;100
CASTILLA Y LEÓN;6.3.-Otros contra la seguridad colectiva;2019;109
CASTILLA Y LEÓN;6.3.-Otros contra la seguridad colectiva;2018;109
CASTILLA Y LEÓN;7. FALSEDADES;2024;2.143
CASTILLA Y LEÓN;7. FALSEDADES;2023;2.033
CASTILLA Y LEÓN;7. FALSEDADES;2022;1.706
CASTILLA Y LEÓN;7. FALSEDADES;2021;1.517
CASTILLA Y LEÓN;7. FALSEDADES;2020;1.029
CASTILLA Y LEÓN;7. FALSEDADES;2019;840
CASTILLA Y LEÓN;7. FALSEDADES;2018;811
CASTILLA Y LEÓN;8. ADMÓN. PÚBLICA;2024;24
CASTILLA Y LEÓN;8. ADMÓN. PÚBLICA;2023;33
CASTILLA Y LEÓN;8. ADMÓN. PÚBLICA;2022;18
CASTILLA Y LEÓN;8. ADMÓN. PÚBLICA;2021;19
CASTILLA Y LEÓN;8. ADMÓN. PÚBLICA;2020;13
CASTILLA Y LEÓN;8. ADMÓN. PÚBLICA;2019;14
CASTILLA Y LEÓN;8. ADMÓN. PÚBLICA;2018;17
CASTILLA Y LEÓN;9. ADMÓN. JUSTICIA;2024;1.638
CASTILLA Y LEÓN;9. ADMÓN. JUSTICIA;2023;1.559
CASTILLA Y LEÓN;9. ADMÓN. JUSTICIA;2022;1.516
CASTILLA Y LEÓN;9. ADMÓN. JUSTICIA;2021;1.240
CASTILLA Y LEÓN;9. ADMÓN. JUSTICIA;2020;1.078
CASTILLA Y LEÓN;9. ADMÓN. JUSTICIA;2019;1.186
CASTILLA Y LEÓN;9. ADMÓN. JUSTICIA;2018;1.097
CASTILLA Y LEÓN;10. ORDEN PÚBLICO;2024;1.057
CASTILLA Y LEÓN;10. ORDEN PÚBLICO;2023;1.028
CASTILLA Y LEÓN;10. ORDEN PÚBLICO;2022;1.018
CASTILLA Y LEÓN;10. ORDEN PÚBLICO;2021;962
CASTILLA Y LEÓN;10. ORDEN PÚBLICO;2020;1.078
CASTILLA Y LEÓN;10. ORDEN PÚBLICO;2019;750
CASTILLA Y LEÓN;10. ORDEN PÚBLICO;2018;700
CASTILLA Y LEÓN;11. LEGISLACIÓN ESPECIAL;2024;3
CASTILLA Y LEÓN;11. LEGISLACIÓN ESPECIAL;2023;16
CASTILLA Y LEÓN;11. LEGISLACIÓN ESPECIAL;2022;5
CASTILLA Y LEÓN;11. LEGISLACIÓN ESPECIAL;2021;3
CASTILLA Y LEÓN;11. LEGISLACIÓN ESPECIAL;2020;2
CASTILLA Y LEÓN;11. LEGISLACIÓN ESPECIAL;2019;10
CASTILLA Y LEÓN;11. LEGISLACIÓN ESPECIAL;2018;0
CASTILLA Y LEÓN;12. OTRAS INFRACCIONES PENALES;2024;686
CASTILLA Y LEÓN;12. OTRAS INFRACCIONES PENALES;2023;764
CASTILLA Y LEÓN;12. OTRAS INFRACCIONES PENALES;2022;691
CASTILLA Y LEÓN;12. OTRAS INFRACCIONES PENALES;2021;582
CASTILLA Y LEÓN;12. OTRAS INFRACCIONES PENALES;2020;580
CASTILLA Y LEÓN;12. OTRAS INFRACCIONES PENALES;2019;566
CASTILLA Y LEÓN;12. OTRAS INFRACCIONES PENALES;2018;584
CASTILLA Y LEÓN;TOTAL INFRACCIONES PENALES;2024;91.335
CASTILLA Y LEÓN;TOTAL INFRACCIONES PENALES;2023;89.824
CASTILLA Y LEÓN;TOTAL INFRACCIONES PENALES;2022;86.844
CASTILLA Y LEÓN;TOTAL INFRACCIONES PENALES;2021;74.008
CASTILLA Y LEÓN;TOTAL INFRACCIONES PENALES;2020;65.025
CASTILLA Y LEÓN;TOTAL INFRACCIONES PENALES;2019;76.363
CASTILLA Y LEÓN;TOTAL INFRACCIONES PENALES;2018;74.863
CASTILLA - LA MANCHA;1. CONTRA LAS PERSONAS;2024;9.292
CASTILLA - LA MANCHA;1. CONTRA LAS PERSONAS;2023;8.729
CASTILLA - LA MANCHA;1. CONTRA LAS PERSONAS;2022;8.388
CASTILLA - LA MANCHA;1. CONTRA LAS PERSONAS;2021;7.346
CASTILLA - LA MANCHA;1. CONTRA LAS PERSONAS;2020;6.376
CASTILLA - LA MANCHA;1. CONTRA LAS PERSONAS;2019;7.335
CASTILLA - LA MANCHA;1. CONTRA LAS PERSONAS;2018;6.828
CASTILLA - LA MANCHA;1.1.-Homicidios dolosos/asesinatos;2024;67
CASTILLA - LA MANCHA;1.1.-Homicidios dolosos/asesinatos;2023;60
CASTILLA - LA MANCHA;1.1.-Homicidios dolosos/asesinatos;2022;66
CASTILLA - LA MANCHA;1.1.-Homicidios dolosos/asesinatos;2021;78
CASTILLA - LA MANCHA;1.1.-Homicidios dolosos/asesinatos;2020;52
CASTILLA - LA MANCHA;1.1.-Homicidios dolosos/asesinatos;2019;41
CASTILLA - LA MANCHA;1.1.-Homicidios dolosos/asesinatos;2018;37
CASTILLA - LA MANCHA;1.1.1.-Homicidios dolosos/asesinatos consumados;2024;13
CASTILLA - LA MANCHA;1.1.1.-Homicidios dolosos/asesinatos consumados;2023;15
CASTILLA - LA MANCHA;1.1.1.-Homicidios dolosos/asesinatos consumados;2022;19
CASTILLA - LA MANCHA;1.1.1.-Homicidios dolosos/asesinatos consumados;2021;10
CASTILLA - LA MANCHA;1.1.1.-Homicidios dolosos/asesinatos consumados;2020;17
CASTILLA - LA MANCHA;1.1.1.-Homicidios dolosos/asesinatos consumados;2019;11
CASTILLA - LA MANCHA;1.1.1.-Homicidios dolosos/asesinatos consumados;2018;8
CASTILLA - LA MANCHA;1.2.-Lesiones;2024;5.200
CASTILLA - LA MANCHA;1.2.-Lesiones;2023;4.830
CASTILLA - LA MANCHA;1.2.-Lesiones;2022;4.708
CASTILLA - LA MANCHA;1.2.-Lesiones;2021;4.007
CASTILLA - LA MANCHA;1.2.-Lesiones;2020;3.268
CASTILLA - LA MANCHA;1.2.-Lesiones;2019;4.077
CASTILLA - LA MANCHA;1.2.-Lesiones;2018;3.822
CASTILLA - LA MANCHA;1.3.-Malos tratos ámbito familiar;2024;3.830
CASTILLA - LA MANCHA;1.3.-Malos tratos ámbito familiar;2023;3.651
CASTILLA - LA MANCHA;1.3.-Malos tratos ámbito familiar;2022;3.436
CASTILLA - LA MANCHA;1.3.-Malos tratos ámbito familiar;2021;3.109
CASTILLA - LA MANCHA;1.3.-Malos tratos ámbito familiar;2020;2.906
CASTILLA - LA MANCHA;1.3.-Malos tratos ámbito familiar;2019;3.048
CASTILLA - LA MANCHA;1.3.-Malos tratos ámbito familiar;2018;2.858
CASTILLA - LA MANCHA;1.4.-Otros contra las personas;2024;195
CASTILLA - LA MANCHA;1.4.-Otros contra las personas;2023;188
CASTILLA - LA MANCHA;1.4.-Otros contra las personas;2022;178
CASTILLA - LA MANCHA;1.4.-Otros contra las personas;2021;152
CASTILLA - LA MANCHA;1.4.-Otros contra las personas;2020;150
CASTILLA - LA MANCHA;1.4.-Otros contra las personas;2019;169
CASTILLA - LA MANCHA;1.4.-Otros contra las personas;2018;111
CASTILLA - LA MANCHA;2. CONTRA LA LIBERTAD;2024;6.395
CASTILLA - LA MANCHA;2. CONTRA LA LIBERTAD;2023;6.078
CASTILLA - LA MANCHA;2. CONTRA LA LIBERTAD;2022;5.816
CASTILLA - LA MANCHA;2. CONTRA LA LIBERTAD;2021;5.477
CASTILLA - LA MANCHA;2. CONTRA LA LIBERTAD;2020;4.776
CASTILLA - LA MANCHA;2. CONTRA LA LIBERTAD;2019;4.655
CASTILLA - LA MANCHA;2. CONTRA LA LIBERTAD;2018;4.566
CASTILLA - LA MANCHA;2.1.-Malos tratos habituales en el ámbito familiar;2024;978
CASTILLA - LA MANCHA;2.1.-Malos tratos habituales en el ámbito familiar;2023;977
CASTILLA - LA MANCHA;2.1.-Malos tratos habituales en el ámbito familiar;2022;807
CASTILLA - LA MANCHA;2.1.-Malos tratos habituales en el ámbito familiar;2021;671
CASTILLA - LA MANCHA;2.1.-Malos tratos habituales en el ámbito familiar;2020;568
CASTILLA - LA MANCHA;2.1.-Malos tratos habituales en el ámbito familiar;2019;597
CASTILLA - LA MANCHA;2.1.-Malos tratos habituales en el ámbito familiar;2018;590
CASTILLA - LA MANCHA;2.2.-Otros contra la libertad;2024;5.417
CASTILLA - LA MANCHA;2.2.-Otros contra la libertad;2023;5.101
CASTILLA - LA MANCHA;2.2.-Otros contra la libertad;2022;5.009
CASTILLA - LA MANCHA;2.2.-Otros contra la libertad;2021;4.806
CASTILLA - LA MANCHA;2.2.-Otros contra la libertad;2020;4.208
CASTILLA - LA MANCHA;2.2.-Otros contra la libertad;2019;4.058
CASTILLA - LA MANCHA;2.2.-Otros contra la libertad;2018;3.976
CASTILLA - LA MANCHA;3. LIBERTAD SEXUAL;2024;719
CASTILLA - LA MANCHA;3. LIBERTAD SEXUAL;2023;718
CASTILLA - LA MANCHA;3. LIBERTAD SEXUAL;2022;619
CASTILLA - LA MANCHA;3. LIBERTAD SEXUAL;2021;563
CASTILLA - LA MANCHA;3. LIBERTAD SEXUAL;2020;452
CASTILLA - LA MANCHA;3. LIBERTAD SEXUAL;2019;520
CASTILLA - LA MANCHA;3. LIBERTAD SEXUAL;2018;489
CASTILLA - LA MANCHA;3.1.-Agresión sexual;2024;470
CASTILLA - LA MANCHA;3.1.-Agresión sexual;2023;454
CASTILLA - LA MANCHA;3.1.-Agresión sexual;2022;403
CASTILLA - LA MANCHA;3.1.-Agresión sexual;2021;359
CASTILLA - LA MANCHA;3.1.-Agresión sexual;2020;296
CASTILLA - LA MANCHA;3.1.-Agresión sexual;2019;327
CASTILLA - LA MANCHA;3.1.-Agresión sexual;2018;287
CASTILLA - LA MANCHA;3.2.-Agresión sexual con penetración;2024;121
CASTILLA - LA MANCHA;3.2.-Agresión sexual con penetración;2023;133
CASTILLA - LA MANCHA;3.2.-Agresión sexual con penetración;2022;116
CASTILLA - LA MANCHA;3.2.-Agresión sexual con penetración;2021;102
CASTILLA - LA MANCHA;3.2.-Agresión sexual con penetración;2020;67
CASTILLA - LA MANCHA;3.2.-Agresión sexual con penetración;2019;72
CASTILLA - LA MANCHA;3.2.-Agresión sexual con penetración;2018;77
CASTILLA - LA MANCHA;3.3.-Corrupción de menores o incapacitados;2024;12
CASTILLA - LA MANCHA;3.3.-Corrupción de menores o incapacitados;2023;19
CASTILLA - LA MANCHA;3.3.-Corrupción de menores o incapacitados;2022;11
CASTILLA - LA MANCHA;3.3.-Corrupción de menores o incapacitados;2021;20
CASTILLA - LA MANCHA;3.3.-Corrupción de menores o incapacitados;2020;18
CASTILLA - LA MANCHA;3.3.-Corrupción de menores o incapacitados;2019;15
CASTILLA - LA MANCHA;3.3.-Corrupción de menores o incapacitados;2018;17
CASTILLA - LA MANCHA;3.4.-Pornografía de menores;2024;31
CASTILLA - LA MANCHA;3.4.-Pornografía de menores;2023;27
CASTILLA - LA MANCHA;3.4.-Pornografía de menores;2022;13
CASTILLA - LA MANCHA;3.4.-Pornografía de menores;2021;21
CASTILLA - LA MANCHA;3.4.-Pornografía de menores;2020;16
CASTILLA - LA MANCHA;3.4.-Pornografía de menores;2019;31
CASTILLA - LA MANCHA;3.4.-Pornografía de menores;2018;34
CASTILLA - LA MANCHA;3.5.-Otros contra la libertad sexual;2024;85
CASTILLA - LA MANCHA;3.5.-Otros contra la libertad sexual;2023;85
CASTILLA - LA MANCHA;3.5.-Otros contra la libertad sexual;2022;76
CASTILLA - LA MANCHA;3.5.-Otros contra la libertad sexual;2021;61
CASTILLA - LA MANCHA;3.5.-Otros contra la libertad sexual;2020;55
CASTILLA - LA MANCHA;3.5.-Otros contra la libertad sexual;2019;75
CASTILLA - LA MANCHA;3.5.-Otros contra la libertad sexual;2018;74
CASTILLA - LA MANCHA;4. RELACIONES FAMILIARES;2024;316
CASTILLA - LA MANCHA;4. RELACIONES FAMILIARES;2023;335
CASTILLA - LA MANCHA;4. RELACIONES FAMILIARES;2022;389
CASTILLA - LA MANCHA;4. RELACIONES FAMILIARES;2021;328
CASTILLA - LA MANCHA;4. RELACIONES FAMILIARES;2020;327
CASTILLA - LA MANCHA;4. RELACIONES FAMILIARES;2019;326
CASTILLA - LA MANCHA;4. RELACIONES FAMILIARES;2018;298
CASTILLA - LA MANCHA;5. PATRIMONIO;2024;57.526
CASTILLA - LA MANCHA;5. PATRIMONIO;2023;58.871
CASTILLA - LA MANCHA;5. PATRIMONIO;2022;57.046
CASTILLA - LA MANCHA;5. PATRIMONIO;2021;45.899
CASTILLA - LA MANCHA;5. PATRIMONIO;2020;42.905
CASTILLA - LA MANCHA;5. PATRIMONIO;2019;50.473
CASTILLA - LA MANCHA;5. PATRIMONIO;2018;49.886
CASTILLA - LA MANCHA;5.1.-Hurtos;2024;14.378
CASTILLA - LA MANCHA;5.1.-Hurtos;2023;14.785
CASTILLA - LA MANCHA;5.1.-Hurtos;2022;14.393
CASTILLA - LA MANCHA;5.1.-Hurtos;2021;10.970
CASTILLA - LA MANCHA;5.1.-Hurtos;2020;9.588
CASTILLA - LA MANCHA;5.1.-Hurtos;2019;13.831
CASTILLA - LA MANCHA;5.1.-Hurtos;2018;14.490
CASTILLA - LA MANCHA;5.2.-Robos con fuerza en las cosas;2024;10.912
CASTILLA - LA MANCHA;5.2.-Robos con fuerza en las cosas;2023;11.034
CASTILLA - LA MANCHA;5.2.-Robos con fuerza en las cosas;2022;10.344
CASTILLA - LA MANCHA;5.2.-Robos con fuerza en las cosas;2021;8.622
CASTILLA - LA MANCHA;5.2.-Robos con fuerza en las cosas;2020;9.102
CASTILLA - LA MANCHA;5.2.-Robos con fuerza en las cosas;2019;11.888
CASTILLA - LA MANCHA;5.2.-Robos con fuerza en las cosas;2018;13.287
CASTILLA - LA MANCHA;5.2.1.-Robos con fuerza en las cosas en el interior de vehículos;2024;2.803
CASTILLA - LA MANCHA;5.2.1.-Robos con fuerza en las cosas en el interior de vehículos;2023;2.767
CASTILLA - LA MANCHA;5.2.1.-Robos con fuerza en las cosas en el interior de vehículos;2022;2.349
CASTILLA - LA MANCHA;5.2.1.-Robos con fuerza en las cosas en el interior de vehículos;2021;2.010
CASTILLA - LA MANCHA;5.2.1.-Robos con fuerza en las cosas en el interior de vehículos;2020;2.248
CASTILLA - LA MANCHA;5.2.1.-Robos con fuerza en las cosas en el interior de vehículos;2019;2.688
CASTILLA - LA MANCHA;5.2.1.-Robos con fuerza en las cosas en el interior de vehículos;2018;2.917
CASTILLA - LA MANCHA;5.2.2.-Robos con fuerza en viviendas;2024;3.552
CASTILLA - LA MANCHA;5.2.2.-Robos con fuerza en viviendas;2023;3.588
CASTILLA - LA MANCHA;5.2.2.-Robos con fuerza en viviendas;2022;3.307
CASTILLA - LA MANCHA;5.2.2.-Robos con fuerza en viviendas;2021;3.086
CASTILLA - LA MANCHA;5.2.2.-Robos con fuerza en viviendas;2020;3.473
CASTILLA - LA MANCHA;5.2.2.-Robos con fuerza en viviendas;2019;4.754
CASTILLA - LA MANCHA;5.2.2.-Robos con fuerza en viviendas;2018;5.509
CASTILLA - LA MANCHA;5.2.3.-Robos con fuerza en establecimientos;2024;1.471
CASTILLA - LA MANCHA;5.2.3.-Robos con fuerza en establecimientos;2023;1.369
CASTILLA - LA MANCHA;5.2.3.-Robos con fuerza en establecimientos;2022;1.406
CASTILLA - LA MANCHA;5.2.3.-Robos con fuerza en establecimientos;2021;1.236
CASTILLA - LA MANCHA;5.2.3.-Robos con fuerza en establecimientos;2020;1.186
CASTILLA - LA MANCHA;5.2.3.-Robos con fuerza en establecimientos;2019;1.685
CASTILLA - LA MANCHA;5.2.3.-Robos con fuerza en establecimientos;2018;1.804
CASTILLA - LA MANCHA;5.3.-Robos con violencia o intimidación;2024;938
CASTILLA - LA MANCHA;5.3.-Robos con violencia o intimidación;2023;926
CASTILLA - LA MANCHA;5.3.-Robos con violencia o intimidación;2022;899
CASTILLA - LA MANCHA;5.3.-Robos con violencia o intimidación;2021;882
CASTILLA - LA MANCHA;5.3.-Robos con violencia o intimidación;2020;754
CASTILLA - LA MANCHA;5.3.-Robos con violencia o intimidación;2019;978
CASTILLA - LA MANCHA;5.3.-Robos con violencia o intimidación;2018;968
CASTILLA - LA MANCHA;5.3.1.-Robos con violencia en vía pública;2024;482
CASTILLA - LA MANCHA;5.3.1.-Robos con violencia en vía pública;2023;512
CASTILLA - LA MANCHA;5.3.1.-Robos con violencia en vía pública;2022;534
CASTILLA - LA MANCHA;5.3.1.-Robos con violencia en vía pública;2021;508
CASTILLA - LA MANCHA;5.3.1.-Robos con violencia en vía pública;2020;398
CASTILLA - LA MANCHA;5.3.1.-Robos con violencia en vía pública;2019;586
CASTILLA - LA MANCHA;5.3.1.-Robos con violencia en vía pública;2018;570
CASTILLA - LA MANCHA;5.3.2.-Robos con violencia en viviendas;2024;137
CASTILLA - LA MANCHA;5.3.2.-Robos con violencia en viviendas;2023;134
CASTILLA - LA MANCHA;5.3.2.-Robos con violencia en viviendas;2022;97
CASTILLA - LA MANCHA;5.3.2.-Robos con violencia en viviendas;2021;84
CASTILLA - LA MANCHA;5.3.2.-Robos con violencia en viviendas;2020;95
CASTILLA - LA MANCHA;5.3.2.-Robos con violencia en viviendas;2019;82
CASTILLA - LA MANCHA;5.3.2.-Robos con violencia en viviendas;2018;98
CASTILLA - LA MANCHA;5.3.3.-Robos con violencia en establecimientos;2024;185
CASTILLA - LA MANCHA;5.3.3.-Robos con violencia en establecimientos;2023;166
CASTILLA - LA MANCHA;5.3.3.-Robos con violencia en establecimientos;2022;149
CASTILLA - LA MANCHA;5.3.3.-Robos con violencia en establecimientos;2021;172
CASTILLA - LA MANCHA;5.3.3.-Robos con violencia en establecimientos;2020;172
CASTILLA - LA MANCHA;5.3.3.-Robos con violencia en establecimientos;2019;162
CASTILLA - LA MANCHA;5.3.3.-Robos con violencia en establecimientos;2018;150
CASTILLA - LA MANCHA;5.4.-Sustracción de vehículos;2024;752
CASTILLA - LA MANCHA;5.4.-Sustracción de vehículos;2023;645
CASTILLA - LA MANCHA;5.4.-Sustracción de vehículos;2022;654
CASTILLA - LA MANCHA;5.4.-Sustracción de vehículos;2021;521
CASTILLA - LA MANCHA;5.4.-Sustracción de vehículos;2020;488
CASTILLA - LA MANCHA;5.4.-Sustracción de vehículos;2019;615
CASTILLA - LA MANCHA;5.4.-Sustracción de vehículos;2018;668
CASTILLA - LA MANCHA;5.5.-Estafas;2024;18.255
CASTILLA - LA MANCHA;5.5.-Estafas;2023;19.751
CASTILLA - LA MANCHA;5.5.-Estafas;2022;18.821
CASTILLA - LA MANCHA;5.5.-Estafas;2021;14.220
CASTILLA - LA MANCHA;5.5.-Estafas;2020;13.307
CASTILLA - LA MANCHA;5.5.-Estafas;2019;11.708
CASTILLA - LA MANCHA;5.5.-Estafas;2018;9.482
CASTILLA - LA MANCHA;5.5.1.-Estafas informáticas;2024;16.038
CASTILLA - LA MANCHA;5.5.1.-Estafas informáticas;2023;17.335
CASTILLA - LA MANCHA;5.5.1.-Estafas informáticas;2022;13.608
CASTILLA - LA MANCHA;5.5.1.-Estafas informáticas;2021;9.797
CASTILLA - LA MANCHA;5.5.1.-Estafas informáticas;2020;8.405
CASTILLA - LA MANCHA;5.5.1.-Estafas informáticas;2019;6.445
CASTILLA - LA MANCHA;5.5.1.-Estafas informáticas;2018;4.789
CASTILLA - LA MANCHA;5.6.-Daños;2024;9.082
CASTILLA - LA MANCHA;5.6.-Daños;2023;8.893
CASTILLA - LA MANCHA;5.6.-Daños;2022;9.024
CASTILLA - LA MANCHA;5.6.-Daños;2021;8.075
CASTILLA - LA MANCHA;5.6.-Daños;2020;7.228
CASTILLA - LA MANCHA;5.6.-Daños;2019;8.681
CASTILLA - LA MANCHA;5.6.-Daños;2018;8.469
CASTILLA - LA MANCHA;5.7.-Contra la propiedad intelectual/industrial;2024;51
CASTILLA - LA MANCHA;5.7.-Contra la propiedad intelectual/industrial;2023;32
CASTILLA - LA MANCHA;5.7.-Contra la propiedad intelectual/industrial;2022;20
CASTILLA - LA MANCHA;5.7.-Contra la propiedad intelectual/industrial;2021;18
CASTILLA - LA MANCHA;5.7.-Contra la propiedad intelectual/industrial;2020;14
CASTILLA - LA MANCHA;5.7.-Contra la propiedad intelectual/industrial;2019;38
CASTILLA - LA MANCHA;5.7.-Contra la propiedad intelectual/industrial;2018;86
CASTILLA - LA MANCHA;5.8.-Blanqueo de capitales;2024;39
CASTILLA - LA MANCHA;5.8.-Blanqueo de capitales;2023;49
CASTILLA - LA MANCHA;5.8.-Blanqueo de capitales;2022;32
CASTILLA - LA MANCHA;5.8.-Blanqueo de capitales;2021;21
CASTILLA - LA MANCHA;5.8.-Blanqueo de capitales;2020;13
CASTILLA - LA MANCHA;5.8.-Blanqueo de capitales;2019;19
CASTILLA - LA MANCHA;5.8.-Blanqueo de capitales;2018;8
CASTILLA - LA MANCHA;5.9.-Otros contra el patrimonio;2024;3.119
CASTILLA - LA MANCHA;5.9.-Otros contra el patrimonio;2023;2.756
CASTILLA - LA MANCHA;5.9.-Otros contra el patrimonio;2022;2.859
CASTILLA - LA MANCHA;5.9.-Otros contra el patrimonio;2021;2.570
CASTILLA - LA MANCHA;5.9.-Otros contra el patrimonio;2020;2.411
CASTILLA - LA MANCHA;5.9.-Otros contra el patrimonio;2019;2.715
CASTILLA - LA MANCHA;5.9.-Otros contra el patrimonio;2018;2.428
CASTILLA - LA MANCHA;6. SEGURIDAD COLECTIVA;2024;3.616
CASTILLA - LA MANCHA;6. SEGURIDAD COLECTIVA;2023;3.596
CASTILLA - LA MANCHA;6. SEGURIDAD COLECTIVA;2022;3.496
CASTILLA - LA MANCHA;6. SEGURIDAD COLECTIVA;2021;3.186
CASTILLA - LA MANCHA;6. SEGURIDAD COLECTIVA;2020;2.898
CASTILLA - LA MANCHA;6. SEGURIDAD COLECTIVA;2019;3.224
CASTILLA - LA MANCHA;6. SEGURIDAD COLECTIVA;2018;2.798
CASTILLA - LA MANCHA;6.1.-Tráfico de drogas;2024;564
CASTILLA - LA MANCHA;6.1.-Tráfico de drogas;2023;595
CASTILLA - LA MANCHA;6.1.-Tráfico de drogas;2022;560
CASTILLA - LA MANCHA;6.1.-Tráfico de drogas;2021;570
CASTILLA - LA MANCHA;6.1.-Tráfico de drogas;2020;552
CASTILLA - LA MANCHA;6.1.-Tráfico de drogas;2019;465
CASTILLA - LA MANCHA;6.1.-Tráfico de drogas;2018;439
CASTILLA - LA MANCHA;6.2.-Contra la seguridad vial;2024;2.952
CASTILLA - LA MANCHA;6.2.-Contra la seguridad vial;2023;2.900
CASTILLA - LA MANCHA;6.2.-Contra la seguridad vial;2022;2.798
CASTILLA - LA MANCHA;6.2.-Contra la seguridad vial;2021;2.514
CASTILLA - LA MANCHA;6.2.-Contra la seguridad vial;2020;2.255
CASTILLA - LA MANCHA;6.2.-Contra la seguridad vial;2019;2.659
CASTILLA - LA MANCHA;6.2.-Contra la seguridad vial;2018;2.287
CASTILLA - LA MANCHA;6.3.-Otros contra la seguridad colectiva;2024;100
CASTILLA - LA MANCHA;6.3.-Otros contra la seguridad colectiva;2023;101
CASTILLA - LA MANCHA;6.3.-Otros contra la seguridad colectiva;2022;138
CASTILLA - LA MANCHA;6.3.-Otros contra la seguridad colectiva;2021;102
CASTILLA - LA MANCHA;6.3.-Otros contra la seguridad colectiva;2020;91
CASTILLA - LA MANCHA;6.3.-Otros contra la seguridad colectiva;2019;100
CASTILLA - LA MANCHA;6.3.-Otros contra la seguridad colectiva;2018;72
CASTILLA - LA MANCHA;7. FALSEDADES;2024;1.950
CASTILLA - LA MANCHA;7. FALSEDADES;2023;1.851
CASTILLA - LA MANCHA;7. FALSEDADES;2022;1.842
CASTILLA - LA MANCHA;7. FALSEDADES;2021;1.748
CASTILLA - LA MANCHA;7. FALSEDADES;2020;1.251
CASTILLA - LA MANCHA;7. FALSEDADES;2019;1.177
CASTILLA - LA MANCHA;7. FALSEDADES;2018;1.061
CASTILLA - LA MANCHA;8. ADMÓN. PÚBLICA;2024;24
CASTILLA - LA MANCHA;8. ADMÓN. PÚBLICA;2023;25
CASTILLA - LA MANCHA;8. ADMÓN. PÚBLICA;2022;9
CASTILLA - LA MANCHA;8. ADMÓN. PÚBLICA;2021;41
CASTILLA - LA MANCHA;8. ADMÓN. PÚBLICA;2020;13
CASTILLA - LA MANCHA;8. ADMÓN. PÚBLICA;2019;29
CASTILLA - LA MANCHA;8. ADMÓN. PÚBLICA;2018;37
CASTILLA - LA MANCHA;9. ADMÓN. JUSTICIA;2024;1.806
CASTILLA - LA MANCHA;9. ADMÓN. JUSTICIA;2023;1.749
CASTILLA - LA MANCHA;9. ADMÓN. JUSTICIA;2022;1.663
CASTILLA - LA MANCHA;9. ADMÓN. JUSTICIA;2021;1.355
CASTILLA - LA MANCHA;9. ADMÓN. JUSTICIA;2020;1.181
CASTILLA - LA MANCHA;9. ADMÓN. JUSTICIA;2019;1.250
CASTILLA - LA MANCHA;9. ADMÓN. JUSTICIA;2018;1.152
CASTILLA - LA MANCHA;10. ORDEN PÚBLICO;2024;1.153
CASTILLA - LA MANCHA;10. ORDEN PÚBLICO;2023;1.081
CASTILLA - LA MANCHA;10. ORDEN PÚBLICO;2022;985
CASTILLA - LA MANCHA;10. ORDEN PÚBLICO;2021;935
CASTILLA - LA MANCHA;10. ORDEN PÚBLICO;2020;1.220
CASTILLA - LA MANCHA;10. ORDEN PÚBLICO;2019;766
CASTILLA - LA MANCHA;10. ORDEN PÚBLICO;2018;702
CASTILLA - LA MANCHA;11. LEGISLACIÓN ESPECIAL;2024;10
CASTILLA - LA MANCHA;11. LEGISLACIÓN ESPECIAL;2023;6
CASTILLA - LA MANCHA;11. LEGISLACIÓN ESPECIAL;2022;11
CASTILLA - LA MANCHA;11. LEGISLACIÓN ESPECIAL;2021;3
CASTILLA - LA MANCHA;11. LEGISLACIÓN ESPECIAL;2020;4
CASTILLA - LA MANCHA;11. LEGISLACIÓN ESPECIAL;2019;6
CASTILLA - LA MANCHA;11. LEGISLACIÓN ESPECIAL;2018;9
CASTILLA - LA MANCHA;12. OTRAS INFRACCIONES PENALES;2024;600
CASTILLA - LA MANCHA;12. OTRAS INFRACCIONES PENALES;2023;669
CASTILLA - LA MANCHA;12. OTRAS INFRACCIONES PENALES;2022;578
CASTILLA - LA MANCHA;12. OTRAS INFRACCIONES PENALES;2021;531
CASTILLA - LA MANCHA;12. OTRAS INFRACCIONES PENALES;2020;505
CASTILLA - LA MANCHA;12. OTRAS INFRACCIONES PENALES;2019;547
CASTILLA - LA MANCHA;12. OTRAS INFRACCIONES PENALES;2018;506
CASTILLA - LA MANCHA;TOTAL INFRACCIONES PENALES;2024;83.407
CASTILLA - LA MANCHA;TOTAL INFRACCIONES PENALES;2023;83.708
CASTILLA - LA MANCHA;TOTAL INFRACCIONES PENALES;2022;80.842
CASTILLA - LA MANCHA;TOTAL INFRACCIONES PENALES;2021;67.412
CASTILLA - LA MANCHA;TOTAL INFRACCIONES PENALES;2020;61.908
CASTILLA - LA MANCHA;TOTAL INFRACCIONES PENALES;2019;70.308
CASTILLA - LA MANCHA;TOTAL INFRACCIONES PENALES;2018;68.332
CATALUÑA;1. CONTRA LAS PERSONAS;2024;25.769
CATALUÑA;1. CONTRA LAS PERSONAS;2023;23.941
CATALUÑA;1. CONTRA LAS PERSONAS;2022;23.180
CATALUÑA;1. CONTRA LAS PERSONAS;2021;19.854
CATALUÑA;1. CONTRA LAS PERSONAS;2020;16.105
CATALUÑA;1. CONTRA LAS PERSONAS;2019;21.109
CATALUÑA;1. CONTRA LAS PERSONAS;2018;20.684
CATALUÑA;1.1.-Homicidios dolosos/asesinatos;2024;353
CATALUÑA;1.1.-Homicidios dolosos/asesinatos;2023;310
CATALUÑA;1.1.-Homicidios dolosos/asesinatos;2022;264
CATALUÑA;1.1.-Homicidios dolosos/asesinatos;2021;270
CATALUÑA;1.1.-Homicidios dolosos/asesinatos;2020;198
CATALUÑA;1.1.-Homicidios dolosos/asesinatos;2019;248
CATALUÑA;1.1.-Homicidios dolosos/asesinatos;2018;213
CATALUÑA;1.1.1.-Homicidios dolosos/asesinatos consumados;2024;69
CATALUÑA;1.1.1.-Homicidios dolosos/asesinatos consumados;2023;71
CATALUÑA;1.1.1.-Homicidios dolosos/asesinatos consumados;2022;63
CATALUÑA;1.1.1.-Homicidios dolosos/asesinatos consumados;2021;57
CATALUÑA;1.1.1.-Homicidios dolosos/asesinatos consumados;2020;48
CATALUÑA;1.1.1.-Homicidios dolosos/asesinatos consumados;2019;58
CATALUÑA;1.1.1.-Homicidios dolosos/asesinatos consumados;2018;45
CATALUÑA;1.2.-Lesiones;2024;16.111
CATALUÑA;1.2.-Lesiones;2023;15.019
CATALUÑA;1.2.-Lesiones;2022;14.828
CATALUÑA;1.2.-Lesiones;2021;12.456
CATALUÑA;1.2.-Lesiones;2020;9.617
CATALUÑA;1.2.-Lesiones;2019;14.002
CATALUÑA;1.2.-Lesiones;2018;13.726
CATALUÑA;1.3.-Malos tratos ámbito familiar;2024;8.646
CATALUÑA;1.3.-Malos tratos ámbito familiar;2023;8.064
CATALUÑA;1.3.-Malos tratos ámbito familiar;2022;7.644
CATALUÑA;1.3.-Malos tratos ámbito familiar;2021;6.748
CATALUÑA;1.3.-Malos tratos ámbito familiar;2020;5.938
CATALUÑA;1.3.-Malos tratos ámbito familiar;2019;6.488
CATALUÑA;1.3.-Malos tratos ámbito familiar;2018;6.358
CATALUÑA;1.4.-Otros contra las personas;2024;659
CATALUÑA;1.4.-Otros contra las personas;2023;548
CATALUÑA;1.4.-Otros contra las personas;2022;444
CATALUÑA;1.4.-Otros contra las personas;2021;380
CATALUÑA;1.4.-Otros contra las personas;2020;352
CATALUÑA;1.4.-Otros contra las personas;2019;371
CATALUÑA;1.4.-Otros contra las personas;2018;387
CATALUÑA;2. CONTRA LA LIBERTAD;2024;24.332
CATALUÑA;2. CONTRA LA LIBERTAD;2023;23.322
CATALUÑA;2. CONTRA LA LIBERTAD;2022;21.400
CATALUÑA;2. CONTRA LA LIBERTAD;2021;20.540
CATALUÑA;2. CONTRA LA LIBERTAD;2020;15.736
CATALUÑA;2. CONTRA LA LIBERTAD;2019;18.675
CATALUÑA;2. CONTRA LA LIBERTAD;2018;18.562
CATALUÑA;2.1.-Malos tratos habituales en el ámbito familiar;2024;1.738
CATALUÑA;2.1.-Malos tratos habituales en el ámbito familiar;2023;1.794
CATALUÑA;2.1.-Malos tratos habituales en el ámbito familiar;2022;1.716
CATALUÑA;2.1.-Malos tratos habituales en el ámbito familiar;2021;1.693
CATALUÑA;2.1.-Malos tratos habituales en el ámbito familiar;2020;1.315
CATALUÑA;2.1.-Malos tratos habituales en el ámbito familiar;2019;1.507
CATALUÑA;2.1.-Malos tratos habituales en el ámbito familiar;2018;1.730
CATALUÑA;2.2.-Otros contra la libertad;2024;22.594
CATALUÑA;2.2.-Otros contra la libertad;2023;21.528
CATALUÑA;2.2.-Otros contra la libertad;2022;19.684
CATALUÑA;2.2.-Otros contra la libertad;2021;18.847
CATALUÑA;2.2.-Otros contra la libertad;2020;14.421
CATALUÑA;2.2.-Otros contra la libertad;2019;17.168
CATALUÑA;2.2.-Otros contra la libertad;2018;16.832
CATALUÑA;3. LIBERTAD SEXUAL;2024;4.589
CATALUÑA;3. LIBERTAD SEXUAL;2023;4.361
CATALUÑA;3. LIBERTAD SEXUAL;2022;3.671
CATALUÑA;3. LIBERTAD SEXUAL;2021;3.316
CATALUÑA;3. LIBERTAD SEXUAL;2020;2.306
CATALUÑA;3. LIBERTAD SEXUAL;2019;3.034
CATALUÑA;3. LIBERTAD SEXUAL;2018;2.598
CATALUÑA;3.1.-Agresión sexual;2024;2.249
CATALUÑA;3.1.-Agresión sexual;2023;2.095
CATALUÑA;3.1.-Agresión sexual;2022;1.986
CATALUÑA;3.1.-Agresión sexual;2021;1.766
CATALUÑA;3.1.-Agresión sexual;2020;1.149
CATALUÑA;3.1.-Agresión sexual;2019;1.545
CATALUÑA;3.1.-Agresión sexual;2018;1.277
CATALUÑA;3.2.-Agresión sexual con penetración;2024;1.744
CATALUÑA;3.2.-Agresión sexual con penetración;2023;1.589
CATALUÑA;3.2.-Agresión sexual con penetración;2022;1.184
CATALUÑA;3.2.-Agresión sexual con penetración;2021;1.091
CATALUÑA;3.2.-Agresión sexual con penetración;2020;695
CATALUÑA;3.2.-Agresión sexual con penetración;2019;953
CATALUÑA;3.2.-Agresión sexual con penetración;2018;821
CATALUÑA;3.3.-Corrupción de menores o incapacitados;2024;10
CATALUÑA;3.3.-Corrupción de menores o incapacitados;2023;8
CATALUÑA;3.3.-Corrupción de menores o incapacitados;2022;17
CATALUÑA;3.3.-Corrupción de menores o incapacitados;2021;5
CATALUÑA;3.3.-Corrupción de menores o incapacitados;2020;4
CATALUÑA;3.3.-Corrupción de menores o incapacitados;2019;7
CATALUÑA;3.3.-Corrupción de menores o incapacitados;2018;6
CATALUÑA;3.4.-Pornografía de menores;2024;174
CATALUÑA;3.4.-Pornografía de menores;2023;198
CATALUÑA;3.4.-Pornografía de menores;2022;189
CATALUÑA;3.4.-Pornografía de menores;2021;140
CATALUÑA;3.4.-Pornografía de menores;2020;172
CATALUÑA;3.4.-Pornografía de menores;2019;211
CATALUÑA;3.4.-Pornografía de menores;2018;225
CATALUÑA;3.5.-Otros contra la libertad sexual;2024;412
CATALUÑA;3.5.-Otros contra la libertad sexual;2023;471
CATALUÑA;3.5.-Otros contra la libertad sexual;2022;295
CATALUÑA;3.5.-Otros contra la libertad sexual;2021;314
CATALUÑA;3.5.-Otros contra la libertad sexual;2020;286
CATALUÑA;3.5.-Otros contra la libertad sexual;2019;318
CATALUÑA;3.5.-Otros contra la libertad sexual;2018;269
CATALUÑA;4. RELACIONES FAMILIARES;2024;1.085
CATALUÑA;4. RELACIONES FAMILIARES;2023;1.110
CATALUÑA;4. RELACIONES FAMILIARES;2022;1.082
CATALUÑA;4. RELACIONES FAMILIARES;2021;1.022
CATALUÑA;4. RELACIONES FAMILIARES;2020;953
CATALUÑA;4. RELACIONES FAMILIARES;2019;1.134
CATALUÑA;4. RELACIONES FAMILIARES;2018;1.216
CATALUÑA;5. PATRIMONIO;2024;424.724
CATALUÑA;5. PATRIMONIO;2023;431.028
CATALUÑA;5. PATRIMONIO;2022;400.321
CATALUÑA;5. PATRIMONIO;2021;322.683
CATALUÑA;5. PATRIMONIO;2020;300.574
CATALUÑA;5. PATRIMONIO;2019;425.113
CATALUÑA;5. PATRIMONIO;2018;409.295
CATALUÑA;5.1.-Hurtos;2024;168.501
CATALUÑA;5.1.-Hurtos;2023;170.164
CATALUÑA;5.1.-Hurtos;2022;162.170
CATALUÑA;5.1.-Hurtos;2021;118.746
CATALUÑA;5.1.-Hurtos;2020;110.685
CATALUÑA;5.1.-Hurtos;2019;192.053
CATALUÑA;5.1.-Hurtos;2018;192.054
CATALUÑA;5.2.-Robos con fuerza en las cosas;2024;60.278
CATALUÑA;5.2.-Robos con fuerza en las cosas;2023;62.232
CATALUÑA;5.2.-Robos con fuerza en las cosas;2022;64.306
CATALUÑA;5.2.-Robos con fuerza en las cosas;2021;57.748
CATALUÑA;5.2.-Robos con fuerza en las cosas;2020;55.190
CATALUÑA;5.2.-Robos con fuerza en las cosas;2019;76.612
CATALUÑA;5.2.-Robos con fuerza en las cosas;2018;71.069
CATALUÑA;5.2.1.-Robos con fuerza en las cosas en el interior de vehículos;2024;27.885
CATALUÑA;5.2.1.-Robos con fuerza en las cosas en el interior de vehículos;2023;27.779
CATALUÑA;5.2.1.-Robos con fuerza en las cosas en el interior de vehículos;2022;29.452
CATALUÑA;5.2.1.-Robos con fuerza en las cosas en el interior de vehículos;2021;29.150
CATALUÑA;5.2.1.-Robos con fuerza en las cosas en el interior de vehículos;2020;148
CATALUÑA;5.2.1.-Robos con fuerza en las cosas en el interior de vehículos;2019;33.293
CATALUÑA;5.2.1.-Robos con fuerza en las cosas en el interior de vehículos;2018;27.340
CATALUÑA;5.2.2.-Robos con fuerza en viviendas;2024;17.465
CATALUÑA;5.2.2.-Robos con fuerza en viviendas;2023;18.485
CATALUÑA;5.2.2.-Robos con fuerza en viviendas;2022;20.019
CATALUÑA;5.2.2.-Robos con fuerza en viviendas;2021;16.631
CATALUÑA;5.2.2.-Robos con fuerza en viviendas;2020;17.116
CATALUÑA;5.2.2.-Robos con fuerza en viviendas;2019;23.753
CATALUÑA;5.2.2.-Robos con fuerza en viviendas;2018;25.792
CATALUÑA;5.2.3.-Robos con fuerza en establecimientos;2024;6.828
CATALUÑA;5.2.3.-Robos con fuerza en establecimientos;2023;7.502
CATALUÑA;5.2.3.-Robos con fuerza en establecimientos;2022;6.671
CATALUÑA;5.2.3.-Robos con fuerza en establecimientos;2021;5.174
CATALUÑA;5.2.3.-Robos con fuerza en establecimientos;2020;6.744
CATALUÑA;5.2.3.-Robos con fuerza en establecimientos;2019;11
CATALUÑA;5.2.3.-Robos con fuerza en establecimientos;2018;9
CATALUÑA;5.3.-Robos con violencia o intimidación;2024;24.734
CATALUÑA;5.3.-Robos con violencia o intimidación;2023;25.421
CATALUÑA;5.3.-Robos con violencia o intimidación;2022;25.049
CATALUÑA;5.3.-Robos con violencia o intimidación;2021;20.501
CATALUÑA;5.3.-Robos con violencia o intimidación;2020;17.082
CATALUÑA;5.3.-Robos con violencia o intimidación;2019;26.448
CATALUÑA;5.3.-Robos con violencia o intimidación;2018;22.506
CATALUÑA;5.3.1.-Robos con violencia en vía pública;2024;18.165
CATALUÑA;5.3.1.-Robos con violencia en vía pública;2023;18.950
CATALUÑA;5.3.1.-Robos con violencia en vía pública;2022;18.090
CATALUÑA;5.3.1.-Robos con violencia en vía pública;2021;14.773
CATALUÑA;5.3.1.-Robos con violencia en vía pública;2020;12.297
CATALUÑA;5.3.1.-Robos con violencia en vía pública;2019;82
CATALUÑA;5.3.1.-Robos con violencia en vía pública;2018;69
CATALUÑA;5.3.2.-Robos con violencia en viviendas;2024;982
CATALUÑA;5.3.2.-Robos con violencia en viviendas;2023;1.012
CATALUÑA;5.3.2.-Robos con violencia en viviendas;2022;1.098
CATALUÑA;5.3.2.-Robos con violencia en viviendas;2021;959
CATALUÑA;5.3.2.-Robos con violencia en viviendas;2020;861
CATALUÑA;5.3.2.-Robos con violencia en viviendas;2019;390
CATALUÑA;5.3.2.-Robos con violencia en viviendas;2018;387
CATALUÑA;5.3.3.-Robos con violencia en establecimientos;2024;2.495
CATALUÑA;5.3.3.-Robos con violencia en establecimientos;2023;2.211
CATALUÑA;5.3.3.-Robos con violencia en establecimientos;2022;2.495
CATALUÑA;5.3.3.-Robos con violencia en establecimientos;2021;1.996
CATALUÑA;5.3.3.-Robos con violencia en establecimientos;2020;1.682
CATALUÑA;5.3.3.-Robos con violencia en establecimientos;2019;11
CATALUÑA;5.3.3.-Robos con violencia en establecimientos;2018;8
CATALUÑA;5.4.-Sustracción de vehículos;2024;8.545
CATALUÑA;5.4.-Sustracción de vehículos;2023;8.466
CATALUÑA;5.4.-Sustracción de vehículos;2022;7.411
CATALUÑA;5.4.-Sustracción de vehículos;2021;6.168
CATALUÑA;5.4.-Sustracción de vehículos;2020;6.130
CATALUÑA;5.4.-Sustracción de vehículos;2019;9.711
CATALUÑA;5.4.-Sustracción de vehículos;2018;9.193
CATALUÑA;5.5.-Estafas;2024;107.662
CATALUÑA;5.5.-Estafas;2023;111.977
CATALUÑA;5.5.-Estafas;2022;88.657
CATALUÑA;5.5.-Estafas;2021;67.922
CATALUÑA;5.5.-Estafas;2020;64.214
CATALUÑA;5.5.-Estafas;2019;63.313
CATALUÑA;5.5.-Estafas;2018;62.522
CATALUÑA;5.5.1.-Estafas informáticas;2024;72.139
CATALUÑA;5.5.1.-Estafas informáticas;2023;73.994
CATALUÑA;5.5.1.-Estafas informáticas;2022;61.607
CATALUÑA;5.5.1.-Estafas informáticas;2021;47.314
CATALUÑA;5.5.1.-Estafas informáticas;2020;46.982
CATALUÑA;5.5.1.-Estafas informáticas;2019;40.016
CATALUÑA;5.5.1.-Estafas informáticas;2018;36.808
CATALUÑA;5.6.-Daños;2024;39.165
CATALUÑA;5.6.-Daños;2023;38.765
CATALUÑA;5.6.-Daños;2022;39.074
CATALUÑA;5.6.-Daños;2021;38.295
CATALUÑA;5.6.-Daños;2020;35.469
CATALUÑA;5.6.-Daños;2019;43.433
CATALUÑA;5.6.-Daños;2018;40.176
CATALUÑA;5.7.-Contra la propiedad intelectual/industrial;2024;301
CATALUÑA;5.7.-Contra la propiedad intelectual/industrial;2023;235
CATALUÑA;5.7.-Contra la propiedad intelectual/industrial;2022;243
CATALUÑA;5.7.-Contra la propiedad intelectual/industrial;2021;288
CATALUÑA;5.7.-Contra la propiedad intelectual/industrial;2020;178
CATALUÑA;5.7.-Contra la propiedad intelectual/industrial;2019;260
CATALUÑA;5.7.-Contra la propiedad intelectual/industrial;2018;346
CATALUÑA;5.8.-Blanqueo de capitales;2024;98
CATALUÑA;5.8.-Blanqueo de capitales;2023;66
CATALUÑA;5.8.-Blanqueo de capitales;2022;47
CATALUÑA;5.8.-Blanqueo de capitales;2021;38
CATALUÑA;5.8.-Blanqueo de capitales;2020;31
CATALUÑA;5.8.-Blanqueo de capitales;2019;22
CATALUÑA;5.8.-Blanqueo de capitales;2018;23
CATALUÑA;5.9.-Otros contra el patrimonio;2024;15.440
CATALUÑA;5.9.-Otros contra el patrimonio;2023;13.702
CATALUÑA;5.9.-Otros contra el patrimonio;2022;13.364
CATALUÑA;5.9.-Otros contra el patrimonio;2021;12.977
CATALUÑA;5.9.-Otros contra el patrimonio;2020;11.595
CATALUÑA;5.9.-Otros contra el patrimonio;2019;13.261
CATALUÑA;5.9.-Otros contra el patrimonio;2018;11.406
CATALUÑA;6. SEGURIDAD COLECTIVA;2024;12.907
CATALUÑA;6. SEGURIDAD COLECTIVA;2023;11.802
CATALUÑA;6. SEGURIDAD COLECTIVA;2022;11.531
CATALUÑA;6. SEGURIDAD COLECTIVA;2021;10.499
CATALUÑA;6. SEGURIDAD COLECTIVA;2020;7.799
CATALUÑA;6. SEGURIDAD COLECTIVA;2019;8.938
CATALUÑA;6. SEGURIDAD COLECTIVA;2018;8.724
CATALUÑA;6.1.-Tráfico de drogas;2024;4.641
CATALUÑA;6.1.-Tráfico de drogas;2023;4.368
CATALUÑA;6.1.-Tráfico de drogas;2022;3.965
CATALUÑA;6.1.-Tráfico de drogas;2021;3.874
CATALUÑA;6.1.-Tráfico de drogas;2020;2.946
CATALUÑA;6.1.-Tráfico de drogas;2019;2.615
CATALUÑA;6.1.-Tráfico de drogas;2018;2.452
CATALUÑA;6.2.-Contra la seguridad vial;2024;7.979
CATALUÑA;6.2.-Contra la seguridad vial;2023;7.189
CATALUÑA;6.2.-Contra la seguridad vial;2022;7.346
CATALUÑA;6.2.-Contra la seguridad vial;2021;6.442
CATALUÑA;6.2.-Contra la seguridad vial;2020;4.693
CATALUÑA;6.2.-Contra la seguridad vial;2019;6.107
CATALUÑA;6.2.-Contra la seguridad vial;2018;6.130
CATALUÑA;6.3.-Otros contra la seguridad colectiva;2024;287
CATALUÑA;6.3.-Otros contra la seguridad colectiva;2023;245
CATALUÑA;6.3.-Otros contra la seguridad colectiva;2022;220
CATALUÑA;6.3.-Otros contra la seguridad colectiva;2021;183
CATALUÑA;6.3.-Otros contra la seguridad colectiva;2020;160
CATALUÑA;6.3.-Otros contra la seguridad colectiva;2019;216
CATALUÑA;6.3.-Otros contra la seguridad colectiva;2018;142
CATALUÑA;7. FALSEDADES;2024;6.095
CATALUÑA;7. FALSEDADES;2023;4.490
CATALUÑA;7. FALSEDADES;2022;4.715
CATALUÑA;7. FALSEDADES;2021;4.097
CATALUÑA;7. FALSEDADES;2020;2.787
CATALUÑA;7. FALSEDADES;2019;3.791
CATALUÑA;7. FALSEDADES;2018;3.456
CATALUÑA;8. ADMÓN. PÚBLICA;2024;190
CATALUÑA;8. ADMÓN. PÚBLICA;2023;63
CATALUÑA;8. ADMÓN. PÚBLICA;2022;152
CATALUÑA;8. ADMÓN. PÚBLICA;2021;106
CATALUÑA;8. ADMÓN. PÚBLICA;2020;34
CATALUÑA;8. ADMÓN. PÚBLICA;2019;58
CATALUÑA;8. ADMÓN. PÚBLICA;2018;52
CATALUÑA;9. ADMÓN. JUSTICIA;2024;5.252
CATALUÑA;9. ADMÓN. JUSTICIA;2023;4.773
CATALUÑA;9. ADMÓN. JUSTICIA;2022;4.043
CATALUÑA;9. ADMÓN. JUSTICIA;2021;3.680
CATALUÑA;9. ADMÓN. JUSTICIA;2020;3.172
CATALUÑA;9. ADMÓN. JUSTICIA;2019;3.519
CATALUÑA;9. ADMÓN. JUSTICIA;2018;3.464
CATALUÑA;10. ORDEN PÚBLICO;2024;4.502
CATALUÑA;10. ORDEN PÚBLICO;2023;4.171
CATALUÑA;10. ORDEN PÚBLICO;2022;4.138
CATALUÑA;10. ORDEN PÚBLICO;2021;3.785
CATALUÑA;10. ORDEN PÚBLICO;2020;2.962
CATALUÑA;10. ORDEN PÚBLICO;2019;3.073
CATALUÑA;10. ORDEN PÚBLICO;2018;2.775
CATALUÑA;11. LEGISLACIÓN ESPECIAL;2024;115
CATALUÑA;11. LEGISLACIÓN ESPECIAL;2023;141
CATALUÑA;11. LEGISLACIÓN ESPECIAL;2022;15
CATALUÑA;11. LEGISLACIÓN ESPECIAL;2021;13
CATALUÑA;11. LEGISLACIÓN ESPECIAL;2020;10
CATALUÑA;11. LEGISLACIÓN ESPECIAL;2019;13
CATALUÑA;11. LEGISLACIÓN ESPECIAL;2018;17
CATALUÑA;12. OTRAS INFRACCIONES PENALES;2024;939
CATALUÑA;12. OTRAS INFRACCIONES PENALES;2023;970
CATALUÑA;12. OTRAS INFRACCIONES PENALES;2022;783
CATALUÑA;12. OTRAS INFRACCIONES PENALES;2021;761
CATALUÑA;12. OTRAS INFRACCIONES PENALES;2020;614
CATALUÑA;12. OTRAS INFRACCIONES PENALES;2019;808
CATALUÑA;12. OTRAS INFRACCIONES PENALES;2018;667
CATALUÑA;TOTAL INFRACCIONES PENALES;2024;510.499
CATALUÑA;TOTAL INFRACCIONES PENALES;2023;510.172
CATALUÑA;TOTAL INFRACCIONES PENALES;2022;475.031
CATALUÑA;TOTAL INFRACCIONES PENALES;2021;390.356
CATALUÑA;TOTAL INFRACCIONES PENALES;2020;353.052
CATALUÑA;TOTAL INFRACCIONES PENALES;2019;489.265
CATALUÑA;TOTAL INFRACCIONES PENALES;2018;471.510
COMUNITAT VALENCIANA;1. CONTRA LAS PERSONAS;2024;30.880
COMUNITAT VALENCIANA;1. CONTRA LAS PERSONAS;2023;28.927
COMUNITAT VALENCIANA;1. CONTRA LAS PERSONAS;2022;27.316
COMUNITAT VALENCIANA;1. CONTRA LAS PERSONAS;2021;23.240
COMUNITAT VALENCIANA;1. CONTRA LAS PERSONAS;2020;20.231
COMUNITAT VALENCIANA;1. CONTRA LAS PERSONAS;2019;23.332
COMUNITAT VALENCIANA;1. CONTRA LAS PERSONAS;2018;22.039
COMUNITAT VALENCIANA;1.1.-Homicidios dolosos/asesinatos;2024;195
COMUNITAT VALENCIANA;1.1.-Homicidios dolosos/asesinatos;2023;200
COMUNITAT VALENCIANA;1.1.-Homicidios dolosos/asesinatos;2022;175
COMUNITAT VALENCIANA;1.1.-Homicidios dolosos/asesinatos;2021;152
COMUNITAT VALENCIANA;1.1.-Homicidios dolosos/asesinatos;2020;126
COMUNITAT VALENCIANA;1.1.-Homicidios dolosos/asesinatos;2019;148
COMUNITAT VALENCIANA;1.1.-Homicidios dolosos/asesinatos;2018;118
COMUNITAT VALENCIANA;1.1.1.-Homicidios dolosos/asesinatos consumados;2024;57
COMUNITAT VALENCIANA;1.1.1.-Homicidios dolosos/asesinatos consumados;2023;34
COMUNITAT VALENCIANA;1.1.1.-Homicidios dolosos/asesinatos consumados;2022;38
COMUNITAT VALENCIANA;1.1.1.-Homicidios dolosos/asesinatos consumados;2021;35
COMUNITAT VALENCIANA;1.1.1.-Homicidios dolosos/asesinatos consumados;2020;37
COMUNITAT VALENCIANA;1.1.1.-Homicidios dolosos/asesinatos consumados;2019;40
COMUNITAT VALENCIANA;1.1.1.-Homicidios dolosos/asesinatos consumados;2018;25
COMUNITAT VALENCIANA;1.2.-Lesiones;2024;14.906
COMUNITAT VALENCIANA;1.2.-Lesiones;2023;14.127
COMUNITAT VALENCIANA;1.2.-Lesiones;2022;13.947
COMUNITAT VALENCIANA;1.2.-Lesiones;2021;11.279
COMUNITAT VALENCIANA;1.2.-Lesiones;2020;9.208
COMUNITAT VALENCIANA;1.2.-Lesiones;2019;11.815
COMUNITAT VALENCIANA;1.2.-Lesiones;2018;11.366
COMUNITAT VALENCIANA;1.3.-Malos tratos ámbito familiar;2024;15.062
COMUNITAT VALENCIANA;1.3.-Malos tratos ámbito familiar;2023;14.053
COMUNITAT VALENCIANA;1.3.-Malos tratos ámbito familiar;2022;12.711
COMUNITAT VALENCIANA;1.3.-Malos tratos ámbito familiar;2021;11.402
COMUNITAT VALENCIANA;1.3.-Malos tratos ámbito familiar;2020;10.608
COMUNITAT VALENCIANA;1.3.-Malos tratos ámbito familiar;2019;11.011
COMUNITAT VALENCIANA;1.3.-Malos tratos ámbito familiar;2018;10.209
COMUNITAT VALENCIANA;1.4.-Otros contra las personas;2024;717
COMUNITAT VALENCIANA;1.4.-Otros contra las personas;2023;547
COMUNITAT VALENCIANA;1.4.-Otros contra las personas;2022;483
COMUNITAT VALENCIANA;1.4.-Otros contra las personas;2021;407
COMUNITAT VALENCIANA;1.4.-Otros contra las personas;2020;289
COMUNITAT VALENCIANA;1.4.-Otros contra las personas;2019;358
COMUNITAT VALENCIANA;1.4.-Otros contra las personas;2018;346
COMUNITAT VALENCIANA;2. CONTRA LA LIBERTAD;2024;18.058
COMUNITAT VALENCIANA;2. CONTRA LA LIBERTAD;2023;17.389
COMUNITAT VALENCIANA;2. CONTRA LA LIBERTAD;2022;15.991
COMUNITAT VALENCIANA;2. CONTRA LA LIBERTAD;2021;15.180
COMUNITAT VALENCIANA;2. CONTRA LA LIBERTAD;2020;13.334
COMUNITAT VALENCIANA;2. CONTRA LA LIBERTAD;2019;13.046
COMUNITAT VALENCIANA;2. CONTRA LA LIBERTAD;2018;12.488
COMUNITAT VALENCIANA;2.1.-Malos tratos habituales en el ámbito familiar;2024;2.212
COMUNITAT VALENCIANA;2.1.-Malos tratos habituales en el ámbito familiar;2023;2.480
COMUNITAT VALENCIANA;2.1.-Malos tratos habituales en el ámbito familiar;2022;2.441
COMUNITAT VALENCIANA;2.1.-Malos tratos habituales en el ámbito familiar;2021;1.847
COMUNITAT VALENCIANA;2.1.-Malos tratos habituales en el ámbito familiar;2020;1.631
COMUNITAT VALENCIANA;2.1.-Malos tratos habituales en el ámbito familiar;2019;1.764
COMUNITAT VALENCIANA;2.1.-Malos tratos habituales en el ámbito familiar;2018;1.670
COMUNITAT VALENCIANA;2.2.-Otros contra la libertad;2024;15.846
COMUNITAT VALENCIANA;2.2.-Otros contra la libertad;2023;14.909
COMUNITAT VALENCIANA;2.2.-Otros contra la libertad;2022;13.550
COMUNITAT VALENCIANA;2.2.-Otros contra la libertad;2021;13.333
COMUNITAT VALENCIANA;2.2.-Otros contra la libertad;2020;11.703
COMUNITAT VALENCIANA;2.2.-Otros contra la libertad;2019;11.282
COMUNITAT VALENCIANA;2.2.-Otros contra la libertad;2018;10.818
COMUNITAT VALENCIANA;3. LIBERTAD SEXUAL;2024;2.679
COMUNITAT VALENCIANA;3. LIBERTAD SEXUAL;2023;2.575
COMUNITAT VALENCIANA;3. LIBERTAD SEXUAL;2022;2.390
COMUNITAT VALENCIANA;3. LIBERTAD SEXUAL;2021;2.173
COMUNITAT VALENCIANA;3. LIBERTAD SEXUAL;2020;1.518
COMUNITAT VALENCIANA;3. LIBERTAD SEXUAL;2019;1.749
COMUNITAT VALENCIANA;3. LIBERTAD SEXUAL;2018;1.580
COMUNITAT VALENCIANA;3.1.-Agresión sexual;2024;1.711
COMUNITAT VALENCIANA;3.1.-Agresión sexual;2023;1.666
COMUNITAT VALENCIANA;3.1.-Agresión sexual;2022;1.485
COMUNITAT VALENCIANA;3.1.-Agresión sexual;2021;1.407
COMUNITAT VALENCIANA;3.1.-Agresión sexual;2020;904
COMUNITAT VALENCIANA;3.1.-Agresión sexual;2019;1.057
COMUNITAT VALENCIANA;3.1.-Agresión sexual;2018;988
COMUNITAT VALENCIANA;3.2.-Agresión sexual con penetración;2024;514
COMUNITAT VALENCIANA;3.2.-Agresión sexual con penetración;2023;472
COMUNITAT VALENCIANA;3.2.-Agresión sexual con penetración;2022;513
COMUNITAT VALENCIANA;3.2.-Agresión sexual con penetración;2021;387
COMUNITAT VALENCIANA;3.2.-Agresión sexual con penetración;2020;279
COMUNITAT VALENCIANA;3.2.-Agresión sexual con penetración;2019;289
COMUNITAT VALENCIANA;3.2.-Agresión sexual con penetración;2018;252
COMUNITAT VALENCIANA;3.3.-Corrupción de menores o incapacitados;2024;57
COMUNITAT VALENCIANA;3.3.-Corrupción de menores o incapacitados;2023;53
COMUNITAT VALENCIANA;3.3.-Corrupción de menores o incapacitados;2022;66
COMUNITAT VALENCIANA;3.3.-Corrupción de menores o incapacitados;2021;67
COMUNITAT VALENCIANA;3.3.-Corrupción de menores o incapacitados;2020;43
COMUNITAT VALENCIANA;3.3.-Corrupción de menores o incapacitados;2019;57
COMUNITAT VALENCIANA;3.3.-Corrupción de menores o incapacitados;2018;35
COMUNITAT VALENCIANA;3.4.-Pornografía de menores;2024;109
COMUNITAT VALENCIANA;3.4.-Pornografía de menores;2023;89
COMUNITAT VALENCIANA;3.4.-Pornografía de menores;2022;78
COMUNITAT VALENCIANA;3.4.-Pornografía de menores;2021;73
COMUNITAT VALENCIANA;3.4.-Pornografía de menores;2020;62
COMUNITAT VALENCIANA;3.4.-Pornografía de menores;2019;100
COMUNITAT VALENCIANA;3.4.-Pornografía de menores;2018;87
COMUNITAT VALENCIANA;3.5.-Otros contra la libertad sexual;2024;288
COMUNITAT VALENCIANA;3.5.-Otros contra la libertad sexual;2023;295
COMUNITAT VALENCIANA;3.5.-Otros contra la libertad sexual;2022;248
COMUNITAT VALENCIANA;3.5.-Otros contra la libertad sexual;2021;239
COMUNITAT VALENCIANA;3.5.-Otros contra la libertad sexual;2020;230
COMUNITAT VALENCIANA;3.5.-Otros contra la libertad sexual;2019;246
COMUNITAT VALENCIANA;3.5.-Otros contra la libertad sexual;2018;218
COMUNITAT VALENCIANA;4. RELACIONES FAMILIARES;2024;936
COMUNITAT VALENCIANA;4. RELACIONES FAMILIARES;2023;910
COMUNITAT VALENCIANA;4. RELACIONES FAMILIARES;2022;912
COMUNITAT VALENCIANA;4. RELACIONES FAMILIARES;2021;838
COMUNITAT VALENCIANA;4. RELACIONES FAMILIARES;2020;793
COMUNITAT VALENCIANA;4. RELACIONES FAMILIARES;2019;858
COMUNITAT VALENCIANA;4. RELACIONES FAMILIARES;2018;890
COMUNITAT VALENCIANA;5. PATRIMONIO;2024;204.439
COMUNITAT VALENCIANA;5. PATRIMONIO;2023;211.176
COMUNITAT VALENCIANA;5. PATRIMONIO;2022;191.865
COMUNITAT VALENCIANA;5. PATRIMONIO;2021;161.695
COMUNITAT VALENCIANA;5. PATRIMONIO;2020;137.438
COMUNITAT VALENCIANA;5. PATRIMONIO;2019;174.091
COMUNITAT VALENCIANA;5. PATRIMONIO;2018;175.524
COMUNITAT VALENCIANA;5.1.-Hurtos;2024;73.828
COMUNITAT VALENCIANA;5.1.-Hurtos;2023;77.573
COMUNITAT VALENCIANA;5.1.-Hurtos;2022;71.315
COMUNITAT VALENCIANA;5.1.-Hurtos;2021;57.738
COMUNITAT VALENCIANA;5.1.-Hurtos;2020;43.801
COMUNITAT VALENCIANA;5.1.-Hurtos;2019;68.122
COMUNITAT VALENCIANA;5.1.-Hurtos;2018;70.169
COMUNITAT VALENCIANA;5.2.-Robos con fuerza en las cosas;2024;35.094
COMUNITAT VALENCIANA;5.2.-Robos con fuerza en las cosas;2023;37.462
COMUNITAT VALENCIANA;5.2.-Robos con fuerza en las cosas;2022;33.752
COMUNITAT VALENCIANA;5.2.-Robos con fuerza en las cosas;2021;28.638
COMUNITAT VALENCIANA;5.2.-Robos con fuerza en las cosas;2020;26.465
COMUNITAT VALENCIANA;5.2.-Robos con fuerza en las cosas;2019;35.068
COMUNITAT VALENCIANA;5.2.-Robos con fuerza en las cosas;2018;36.312
COMUNITAT VALENCIANA;5.2.1.-Robos con fuerza en las cosas en el interior de vehículos;2024;12.825
COMUNITAT VALENCIANA;5.2.1.-Robos con fuerza en las cosas en el interior de vehículos;2023;14.322
COMUNITAT VALENCIANA;5.2.1.-Robos con fuerza en las cosas en el interior de vehículos;2022;11.423
COMUNITAT VALENCIANA;5.2.1.-Robos con fuerza en las cosas en el interior de vehículos;2021;9.144
COMUNITAT VALENCIANA;5.2.1.-Robos con fuerza en las cosas en el interior de vehículos;2020;8.189
COMUNITAT VALENCIANA;5.2.1.-Robos con fuerza en las cosas en el interior de vehículos;2019;10.880
COMUNITAT VALENCIANA;5.2.1.-Robos con fuerza en las cosas en el interior de vehículos;2018;9.906
COMUNITAT VALENCIANA;5.2.2.-Robos con fuerza en viviendas;2024;14.335
COMUNITAT VALENCIANA;5.2.2.-Robos con fuerza en viviendas;2023;14.495
COMUNITAT VALENCIANA;5.2.2.-Robos con fuerza en viviendas;2022;14.601
COMUNITAT VALENCIANA;5.2.2.-Robos con fuerza en viviendas;2021;12.853
COMUNITAT VALENCIANA;5.2.2.-Robos con fuerza en viviendas;2020;11.681
COMUNITAT VALENCIANA;5.2.2.-Robos con fuerza en viviendas;2019;15.271
COMUNITAT VALENCIANA;5.2.2.-Robos con fuerza en viviendas;2018;17.440
COMUNITAT VALENCIANA;5.2.3.-Robos con fuerza en establecimientos;2024;3.166
COMUNITAT VALENCIANA;5.2.3.-Robos con fuerza en establecimientos;2023;3.788
COMUNITAT VALENCIANA;5.2.3.-Robos con fuerza en establecimientos;2022;3.216
COMUNITAT VALENCIANA;5.2.3.-Robos con fuerza en establecimientos;2021;2.858
COMUNITAT VALENCIANA;5.2.3.-Robos con fuerza en establecimientos;2020;3.276
COMUNITAT VALENCIANA;5.2.3.-Robos con fuerza en establecimientos;2019;4.276
COMUNITAT VALENCIANA;5.2.3.-Robos con fuerza en establecimientos;2018;4.222
COMUNITAT VALENCIANA;5.3.-Robos con violencia o intimidación;2024;6.242
COMUNITAT VALENCIANA;5.3.-Robos con violencia o intimidación;2023;6.170
COMUNITAT VALENCIANA;5.3.-Robos con violencia o intimidación;2022;5.663
COMUNITAT VALENCIANA;5.3.-Robos con violencia o intimidación;2021;4.578
COMUNITAT VALENCIANA;5.3.-Robos con violencia o intimidación;2020;3.772
COMUNITAT VALENCIANA;5.3.-Robos con violencia o intimidación;2019;4.950
COMUNITAT VALENCIANA;5.3.-Robos con violencia o intimidación;2018;5.065
COMUNITAT VALENCIANA;5.3.1.-Robos con violencia en vía pública;2024;3.803
COMUNITAT VALENCIANA;5.3.1.-Robos con violencia en vía pública;2023;3.812
COMUNITAT VALENCIANA;5.3.1.-Robos con violencia en vía pública;2022;3.532
COMUNITAT VALENCIANA;5.3.1.-Robos con violencia en vía pública;2021;2.732
COMUNITAT VALENCIANA;5.3.1.-Robos con violencia en vía pública;2020;2.189
COMUNITAT VALENCIANA;5.3.1.-Robos con violencia en vía pública;2019;3.020
COMUNITAT VALENCIANA;5.3.1.-Robos con violencia en vía pública;2018;2.976
COMUNITAT VALENCIANA;5.3.2.-Robos con violencia en viviendas;2024;539
COMUNITAT VALENCIANA;5.3.2.-Robos con violencia en viviendas;2023;491
COMUNITAT VALENCIANA;5.3.2.-Robos con violencia en viviendas;2022;449
COMUNITAT VALENCIANA;5.3.2.-Robos con violencia en viviendas;2021;442
COMUNITAT VALENCIANA;5.3.2.-Robos con violencia en viviendas;2020;397
COMUNITAT VALENCIANA;5.3.2.-Robos con violencia en viviendas;2019;452
COMUNITAT VALENCIANA;5.3.2.-Robos con violencia en viviendas;2018;442
COMUNITAT VALENCIANA;5.3.3.-Robos con violencia en establecimientos;2024;1.015
COMUNITAT VALENCIANA;5.3.3.-Robos con violencia en establecimientos;2023;957
COMUNITAT VALENCIANA;5.3.3.-Robos con violencia en establecimientos;2022;839
COMUNITAT VALENCIANA;5.3.3.-Robos con violencia en establecimientos;2021;754
COMUNITAT VALENCIANA;5.3.3.-Robos con violencia en establecimientos;2020;628
COMUNITAT VALENCIANA;5.3.3.-Robos con violencia en establecimientos;2019;766
COMUNITAT VALENCIANA;5.3.3.-Robos con violencia en establecimientos;2018;818
COMUNITAT VALENCIANA;5.4.-Sustracción de vehículos;2024;3.302
COMUNITAT VALENCIANA;5.4.-Sustracción de vehículos;2023;3.258
COMUNITAT VALENCIANA;5.4.-Sustracción de vehículos;2022;3.160
COMUNITAT VALENCIANA;5.4.-Sustracción de vehículos;2021;2.491
COMUNITAT VALENCIANA;5.4.-Sustracción de vehículos;2020;2.377
COMUNITAT VALENCIANA;5.4.-Sustracción de vehículos;2019;3.190
COMUNITAT VALENCIANA;5.4.-Sustracción de vehículos;2018;3.282
COMUNITAT VALENCIANA;5.5.-Estafas;2024;51.182
COMUNITAT VALENCIANA;5.5.-Estafas;2023;51.860
COMUNITAT VALENCIANA;5.5.-Estafas;2022;43.615
COMUNITAT VALENCIANA;5.5.-Estafas;2021;36.352
COMUNITAT VALENCIANA;5.5.-Estafas;2020;32.774
COMUNITAT VALENCIANA;5.5.-Estafas;2019;29.697
COMUNITAT VALENCIANA;5.5.-Estafas;2018;27.937
COMUNITAT VALENCIANA;5.5.1.-Estafas informáticas;2024;40.723
COMUNITAT VALENCIANA;5.5.1.-Estafas informáticas;2023;41.313
COMUNITAT VALENCIANA;5.5.1.-Estafas informáticas;2022;29.040
COMUNITAT VALENCIANA;5.5.1.-Estafas informáticas;2021;24.428
COMUNITAT VALENCIANA;5.5.1.-Estafas informáticas;2020;21.917
COMUNITAT VALENCIANA;5.5.1.-Estafas informáticas;2019;15.758
COMUNITAT VALENCIANA;5.5.1.-Estafas informáticas;2018;11.283
COMUNITAT VALENCIANA;5.6.-Daños;2024;26.233
COMUNITAT VALENCIANA;5.6.-Daños;2023;26.859
COMUNITAT VALENCIANA;5.6.-Daños;2022;26.456
COMUNITAT VALENCIANA;5.6.-Daños;2021;25.274
COMUNITAT VALENCIANA;5.6.-Daños;2020;22.310
COMUNITAT VALENCIANA;5.6.-Daños;2019;26.649
COMUNITAT VALENCIANA;5.6.-Daños;2018;26.842
COMUNITAT VALENCIANA;5.7.-Contra la propiedad intelectual/industrial;2024;229
COMUNITAT VALENCIANA;5.7.-Contra la propiedad intelectual/industrial;2023;225
COMUNITAT VALENCIANA;5.7.-Contra la propiedad intelectual/industrial;2022;195
COMUNITAT VALENCIANA;5.7.-Contra la propiedad intelectual/industrial;2021;196
COMUNITAT VALENCIANA;5.7.-Contra la propiedad intelectual/industrial;2020;146
COMUNITAT VALENCIANA;5.7.-Contra la propiedad intelectual/industrial;2019;177
COMUNITAT VALENCIANA;5.7.-Contra la propiedad intelectual/industrial;2018;285
COMUNITAT VALENCIANA;5.8.-Blanqueo de capitales;2024;129
COMUNITAT VALENCIANA;5.8.-Blanqueo de capitales;2023;78
COMUNITAT VALENCIANA;5.8.-Blanqueo de capitales;2022;55
COMUNITAT VALENCIANA;5.8.-Blanqueo de capitales;2021;77
COMUNITAT VALENCIANA;5.8.-Blanqueo de capitales;2020;63
COMUNITAT VALENCIANA;5.8.-Blanqueo de capitales;2019;55
COMUNITAT VALENCIANA;5.8.-Blanqueo de capitales;2018;55
COMUNITAT VALENCIANA;5.9.-Otros contra el patrimonio;2024;8.200
COMUNITAT VALENCIANA;5.9.-Otros contra el patrimonio;2023;7.691
COMUNITAT VALENCIANA;5.9.-Otros contra el patrimonio;2022;7.654
COMUNITAT VALENCIANA;5.9.-Otros contra el patrimonio;2021;6.351
COMUNITAT VALENCIANA;5.9.-Otros contra el patrimonio;2020;5.730
COMUNITAT VALENCIANA;5.9.-Otros contra el patrimonio;2019;6.183
COMUNITAT VALENCIANA;5.9.-Otros contra el patrimonio;2018;5.577
COMUNITAT VALENCIANA;6. SEGURIDAD COLECTIVA;2024;9.387
COMUNITAT VALENCIANA;6. SEGURIDAD COLECTIVA;2023;9.533
COMUNITAT VALENCIANA;6. SEGURIDAD COLECTIVA;2022;9.192
COMUNITAT VALENCIANA;6. SEGURIDAD COLECTIVA;2021;8.083
COMUNITAT VALENCIANA;6. SEGURIDAD COLECTIVA;2020;6.714
COMUNITAT VALENCIANA;6. SEGURIDAD COLECTIVA;2019;7.739
COMUNITAT VALENCIANA;6. SEGURIDAD COLECTIVA;2018;7.805
COMUNITAT VALENCIANA;6.1.-Tráfico de drogas;2024;2.744
COMUNITAT VALENCIANA;6.1.-Tráfico de drogas;2023;2.566
COMUNITAT VALENCIANA;6.1.-Tráfico de drogas;2022;2.034
COMUNITAT VALENCIANA;6.1.-Tráfico de drogas;2021;1.983
COMUNITAT VALENCIANA;6.1.-Tráfico de drogas;2020;1.863
COMUNITAT VALENCIANA;6.1.-Tráfico de drogas;2019;1.979
COMUNITAT VALENCIANA;6.1.-Tráfico de drogas;2018;1.759
COMUNITAT VALENCIANA;6.2.-Contra la seguridad vial;2024;6.229
COMUNITAT VALENCIANA;6.2.-Contra la seguridad vial;2023;6.627
COMUNITAT VALENCIANA;6.2.-Contra la seguridad vial;2022;6.880
COMUNITAT VALENCIANA;6.2.-Contra la seguridad vial;2021;5.841
COMUNITAT VALENCIANA;6.2.-Contra la seguridad vial;2020;4.618
COMUNITAT VALENCIANA;6.2.-Contra la seguridad vial;2019;5.525
COMUNITAT VALENCIANA;6.2.-Contra la seguridad vial;2018;5.741
COMUNITAT VALENCIANA;6.3.-Otros contra la seguridad colectiva;2024;414
COMUNITAT VALENCIANA;6.3.-Otros contra la seguridad colectiva;2023;340
COMUNITAT VALENCIANA;6.3.-Otros contra la seguridad colectiva;2022;278
COMUNITAT VALENCIANA;6.3.-Otros contra la seguridad colectiva;2021;259
COMUNITAT VALENCIANA;6.3.-Otros contra la seguridad colectiva;2020;233
COMUNITAT VALENCIANA;6.3.-Otros contra la seguridad colectiva;2019;235
COMUNITAT VALENCIANA;6.3.-Otros contra la seguridad colectiva;2018;305
COMUNITAT VALENCIANA;7. FALSEDADES;2024;5.561
COMUNITAT VALENCIANA;7. FALSEDADES;2023;5.655
COMUNITAT VALENCIANA;7. FALSEDADES;2022;4.883
COMUNITAT VALENCIANA;7. FALSEDADES;2021;4.535
COMUNITAT VALENCIANA;7. FALSEDADES;2020;3.109
COMUNITAT VALENCIANA;7. FALSEDADES;2019;3.250
COMUNITAT VALENCIANA;7. FALSEDADES;2018;3.206
COMUNITAT VALENCIANA;8. ADMÓN. PÚBLICA;2024;80
COMUNITAT VALENCIANA;8. ADMÓN. PÚBLICA;2023;71
COMUNITAT VALENCIANA;8. ADMÓN. PÚBLICA;2022;52
COMUNITAT VALENCIANA;8. ADMÓN. PÚBLICA;2021;89
COMUNITAT VALENCIANA;8. ADMÓN. PÚBLICA;2020;48
COMUNITAT VALENCIANA;8. ADMÓN. PÚBLICA;2019;48
COMUNITAT VALENCIANA;8. ADMÓN. PÚBLICA;2018;79
COMUNITAT VALENCIANA;9. ADMÓN. JUSTICIA;2024;5.979
COMUNITAT VALENCIANA;9. ADMÓN. JUSTICIA;2023;5.936
COMUNITAT VALENCIANA;9. ADMÓN. JUSTICIA;2022;5.525
COMUNITAT VALENCIANA;9. ADMÓN. JUSTICIA;2021;4.897
COMUNITAT VALENCIANA;9. ADMÓN. JUSTICIA;2020;4.721
COMUNITAT VALENCIANA;9. ADMÓN. JUSTICIA;2019;4.643
COMUNITAT VALENCIANA;9. ADMÓN. JUSTICIA;2018;4.361
COMUNITAT VALENCIANA;10. ORDEN PÚBLICO;2024;4.147
COMUNITAT VALENCIANA;10. ORDEN PÚBLICO;2023;4.020
COMUNITAT VALENCIANA;10. ORDEN PÚBLICO;2022;3.717
COMUNITAT VALENCIANA;10. ORDEN PÚBLICO;2021;3.522
COMUNITAT VALENCIANA;10. ORDEN PÚBLICO;2020;4.137
COMUNITAT VALENCIANA;10. ORDEN PÚBLICO;2019;2.671
COMUNITAT VALENCIANA;10. ORDEN PÚBLICO;2018;2.577
COMUNITAT VALENCIANA;11. LEGISLACIÓN ESPECIAL;2024;24
COMUNITAT VALENCIANA;11. LEGISLACIÓN ESPECIAL;2023;46
COMUNITAT VALENCIANA;11. LEGISLACIÓN ESPECIAL;2022;26
COMUNITAT VALENCIANA;11. LEGISLACIÓN ESPECIAL;2021;29
COMUNITAT VALENCIANA;11. LEGISLACIÓN ESPECIAL;2020;28
COMUNITAT VALENCIANA;11. LEGISLACIÓN ESPECIAL;2019;11
COMUNITAT VALENCIANA;11. LEGISLACIÓN ESPECIAL;2018;13
COMUNITAT VALENCIANA;12. OTRAS INFRACCIONES PENALES;2024;1.244
COMUNITAT VALENCIANA;12. OTRAS INFRACCIONES PENALES;2023;1.141
COMUNITAT VALENCIANA;12. OTRAS INFRACCIONES PENALES;2022;1.102
COMUNITAT VALENCIANA;12. OTRAS INFRACCIONES PENALES;2021;1.056
COMUNITAT VALENCIANA;12. OTRAS INFRACCIONES PENALES;2020;1.151
COMUNITAT VALENCIANA;12. OTRAS INFRACCIONES PENALES;2019;1.111
COMUNITAT VALENCIANA;12. OTRAS INFRACCIONES PENALES;2018;1.065
COMUNITAT VALENCIANA;TOTAL INFRACCIONES PENALES;2024;283.414
COMUNITAT VALENCIANA;TOTAL INFRACCIONES PENALES;2023;287.379
COMUNITAT VALENCIANA;TOTAL INFRACCIONES PENALES;2022;262.971
COMUNITAT VALENCIANA;TOTAL INFRACCIONES PENALES;2021;225.337
COMUNITAT VALENCIANA;TOTAL INFRACCIONES PENALES;2020;193.222
COMUNITAT VALENCIANA;TOTAL INFRACCIONES PENALES;2019;232.549
COMUNITAT VALENCIANA;TOTAL INFRACCIONES PENALES;2018;231.627
EXTREMADURA;1. CONTRA LAS PERSONAS;2024;3.883
EXTREMADURA;1. CONTRA LAS PERSONAS;2023;3.787
EXTREMADURA;1. CONTRA LAS PERSONAS;2022;3.304
EXTREMADURA;1. CONTRA LAS PERSONAS;2021;3.086
EXTREMADURA;1. CONTRA LAS PERSONAS;2020;2.740
EXTREMADURA;1. CONTRA LAS PERSONAS;2019;3.185
EXTREMADURA;1. CONTRA LAS PERSONAS;2018;3.097
EXTREMADURA;1.1.-Homicidios dolosos/asesinatos;2024;35
EXTREMADURA;1.1.-Homicidios dolosos/asesinatos;2023;21
EXTREMADURA;1.1.-Homicidios dolosos/asesinatos;2022;10
EXTREMADURA;1.1.-Homicidios dolosos/asesinatos;2021;25
EXTREMADURA;1.1.-Homicidios dolosos/asesinatos;2020;21
EXTREMADURA;1.1.-Homicidios dolosos/asesinatos;2019;13
EXTREMADURA;1.1.-Homicidios dolosos/asesinatos;2018;17
EXTREMADURA;1.1.1.-Homicidios dolosos/asesinatos consumados;2024;7
EXTREMADURA;1.1.1.-Homicidios dolosos/asesinatos consumados;2023;4
EXTREMADURA;1.1.1.-Homicidios dolosos/asesinatos consumados;2022;3
EXTREMADURA;1.1.1.-Homicidios dolosos/asesinatos consumados;2021;4
EXTREMADURA;1.1.1.-Homicidios dolosos/asesinatos consumados;2020;9
EXTREMADURA;1.1.1.-Homicidios dolosos/asesinatos consumados;2019;5
EXTREMADURA;1.1.1.-Homicidios dolosos/asesinatos consumados;2018;4
EXTREMADURA;1.2.-Lesiones;2024;2.349
EXTREMADURA;1.2.-Lesiones;2023;2.357
EXTREMADURA;1.2.-Lesiones;2022;1.972
EXTREMADURA;1.2.-Lesiones;2021;1.849
EXTREMADURA;1.2.-Lesiones;2020;1.579
EXTREMADURA;1.2.-Lesiones;2019;1.932
EXTREMADURA;1.2.-Lesiones;2018;1.955
EXTREMADURA;1.3.-Malos tratos ámbito familiar;2024;1.433
EXTREMADURA;1.3.-Malos tratos ámbito familiar;2023;1.347
EXTREMADURA;1.3.-Malos tratos ámbito familiar;2022;1.267
EXTREMADURA;1.3.-Malos tratos ámbito familiar;2021;1.146
EXTREMADURA;1.3.-Malos tratos ámbito familiar;2020;1.084
EXTREMADURA;1.3.-Malos tratos ámbito familiar;2019;1.173
EXTREMADURA;1.3.-Malos tratos ámbito familiar;2018;1.050
EXTREMADURA;1.4.-Otros contra las personas;2024;66
EXTREMADURA;1.4.-Otros contra las personas;2023;62
EXTREMADURA;1.4.-Otros contra las personas;2022;55
EXTREMADURA;1.4.-Otros contra las personas;2021;66
EXTREMADURA;1.4.-Otros contra las personas;2020;56
EXTREMADURA;1.4.-Otros contra las personas;2019;67
EXTREMADURA;1.4.-Otros contra las personas;2018;75
EXTREMADURA;2. CONTRA LA LIBERTAD;2024;3.163
EXTREMADURA;2. CONTRA LA LIBERTAD;2023;3.069
EXTREMADURA;2. CONTRA LA LIBERTAD;2022;2.637
EXTREMADURA;2. CONTRA LA LIBERTAD;2021;2.602
EXTREMADURA;2. CONTRA LA LIBERTAD;2020;2.382
EXTREMADURA;2. CONTRA LA LIBERTAD;2019;2.423
EXTREMADURA;2. CONTRA LA LIBERTAD;2018;2.198
EXTREMADURA;2.1.-Malos tratos habituales en el ámbito familiar;2024;309
EXTREMADURA;2.1.-Malos tratos habituales en el ámbito familiar;2023;311
EXTREMADURA;2.1.-Malos tratos habituales en el ámbito familiar;2022;272
EXTREMADURA;2.1.-Malos tratos habituales en el ámbito familiar;2021;311
EXTREMADURA;2.1.-Malos tratos habituales en el ámbito familiar;2020;261
EXTREMADURA;2.1.-Malos tratos habituales en el ámbito familiar;2019;265
EXTREMADURA;2.1.-Malos tratos habituales en el ámbito familiar;2018;208
EXTREMADURA;2.2.-Otros contra la libertad;2024;2.854
EXTREMADURA;2.2.-Otros contra la libertad;2023;2.758
EXTREMADURA;2.2.-Otros contra la libertad;2022;2.365
EXTREMADURA;2.2.-Otros contra la libertad;2021;2.291
EXTREMADURA;2.2.-Otros contra la libertad;2020;2.121
EXTREMADURA;2.2.-Otros contra la libertad;2019;2.158
EXTREMADURA;2.2.-Otros contra la libertad;2018;1.990
EXTREMADURA;3. LIBERTAD SEXUAL;2024;393
EXTREMADURA;3. LIBERTAD SEXUAL;2023;310
EXTREMADURA;3. LIBERTAD SEXUAL;2022;295
EXTREMADURA;3. LIBERTAD SEXUAL;2021;223
EXTREMADURA;3. LIBERTAD SEXUAL;2020;184
EXTREMADURA;3. LIBERTAD SEXUAL;2019;214
EXTREMADURA;3. LIBERTAD SEXUAL;2018;209
EXTREMADURA;3.1.-Agresión sexual;2024;232
EXTREMADURA;3.1.-Agresión sexual;2023;188
EXTREMADURA;3.1.-Agresión sexual;2022;198
EXTREMADURA;3.1.-Agresión sexual;2021;136
EXTREMADURA;3.1.-Agresión sexual;2020;112
EXTREMADURA;3.1.-Agresión sexual;2019;135
EXTREMADURA;3.1.-Agresión sexual;2018;131
EXTREMADURA;3.2.-Agresión sexual con penetración;2024;64
EXTREMADURA;3.2.-Agresión sexual con penetración;2023;44
EXTREMADURA;3.2.-Agresión sexual con penetración;2022;51
EXTREMADURA;3.2.-Agresión sexual con penetración;2021;36
EXTREMADURA;3.2.-Agresión sexual con penetración;2020;24
EXTREMADURA;3.2.-Agresión sexual con penetración;2019;25
EXTREMADURA;3.2.-Agresión sexual con penetración;2018;33
EXTREMADURA;3.3.-Corrupción de menores o incapacitados;2024;38
EXTREMADURA;3.3.-Corrupción de menores o incapacitados;2023;12
EXTREMADURA;3.3.-Corrupción de menores o incapacitados;2022;8
EXTREMADURA;3.3.-Corrupción de menores o incapacitados;2021;10
EXTREMADURA;3.3.-Corrupción de menores o incapacitados;2020;8
EXTREMADURA;3.3.-Corrupción de menores o incapacitados;2019;12
EXTREMADURA;3.3.-Corrupción de menores o incapacitados;2018;5
EXTREMADURA;3.4.-Pornografía de menores;2024;7
EXTREMADURA;3.4.-Pornografía de menores;2023;11
EXTREMADURA;3.4.-Pornografía de menores;2022;10
EXTREMADURA;3.4.-Pornografía de menores;2021;12
EXTREMADURA;3.4.-Pornografía de menores;2020;5
EXTREMADURA;3.4.-Pornografía de menores;2019;9
EXTREMADURA;3.4.-Pornografía de menores;2018;11
EXTREMADURA;3.5.-Otros contra la libertad sexual;2024;52
EXTREMADURA;3.5.-Otros contra la libertad sexual;2023;55
EXTREMADURA;3.5.-Otros contra la libertad sexual;2022;28
EXTREMADURA;3.5.-Otros contra la libertad sexual;2021;29
EXTREMADURA;3.5.-Otros contra la libertad sexual;2020;35
EXTREMADURA;3.5.-Otros contra la libertad sexual;2019;33
EXTREMADURA;3.5.-Otros contra la libertad sexual;2018;29
EXTREMADURA;4. RELACIONES FAMILIARES;2024;246
EXTREMADURA;4. RELACIONES FAMILIARES;2023;231
EXTREMADURA;4. RELACIONES FAMILIARES;2022;238
EXTREMADURA;4. RELACIONES FAMILIARES;2021;214
EXTREMADURA;4. RELACIONES FAMILIARES;2020;204
EXTREMADURA;4. RELACIONES FAMILIARES;2019;224
EXTREMADURA;4. RELACIONES FAMILIARES;2018;209
EXTREMADURA;5. PATRIMONIO;2024;22.650
EXTREMADURA;5. PATRIMONIO;2023;23.968
EXTREMADURA;5. PATRIMONIO;2022;22.187
EXTREMADURA;5. PATRIMONIO;2021;17.870
EXTREMADURA;5. PATRIMONIO;2020;16.499
EXTREMADURA;5. PATRIMONIO;2019;18.583
EXTREMADURA;5. PATRIMONIO;2018;18.333
EXTREMADURA;5.1.-Hurtos;2024;6.292
EXTREMADURA;5.1.-Hurtos;2023;6.793
EXTREMADURA;5.1.-Hurtos;2022;6.388
EXTREMADURA;5.1.-Hurtos;2021;4.820
EXTREMADURA;5.1.-Hurtos;2020;4.228
EXTREMADURA;5.1.-Hurtos;2019;6.566
EXTREMADURA;5.1.-Hurtos;2018;6.616
EXTREMADURA;5.2.-Robos con fuerza en las cosas;2024;3.433
EXTREMADURA;5.2.-Robos con fuerza en las cosas;2023;3.740
EXTREMADURA;5.2.-Robos con fuerza en las cosas;2022;3.490
EXTREMADURA;5.2.-Robos con fuerza en las cosas;2021;2.773
EXTREMADURA;5.2.-Robos con fuerza en las cosas;2020;2.876
EXTREMADURA;5.2.-Robos con fuerza en las cosas;2019;3.379
EXTREMADURA;5.2.-Robos con fuerza en las cosas;2018;3.747
EXTREMADURA;5.2.1.-Robos con fuerza en las cosas en el interior de vehículos;2024;641
EXTREMADURA;5.2.1.-Robos con fuerza en las cosas en el interior de vehículos;2023;792
EXTREMADURA;5.2.1.-Robos con fuerza en las cosas en el interior de vehículos;2022;565
EXTREMADURA;5.2.1.-Robos con fuerza en las cosas en el interior de vehículos;2021;511
EXTREMADURA;5.2.1.-Robos con fuerza en las cosas en el interior de vehículos;2020;481
EXTREMADURA;5.2.1.-Robos con fuerza en las cosas en el interior de vehículos;2019;706
EXTREMADURA;5.2.1.-Robos con fuerza en las cosas en el interior de vehículos;2018;685
EXTREMADURA;5.2.2.-Robos con fuerza en viviendas;2024;1.180
EXTREMADURA;5.2.2.-Robos con fuerza en viviendas;2023;1.266
EXTREMADURA;5.2.2.-Robos con fuerza en viviendas;2022;1.198
EXTREMADURA;5.2.2.-Robos con fuerza en viviendas;2021;962
EXTREMADURA;5.2.2.-Robos con fuerza en viviendas;2020;990
EXTREMADURA;5.2.2.-Robos con fuerza en viviendas;2019;994
EXTREMADURA;5.2.2.-Robos con fuerza en viviendas;2018;1.178
EXTREMADURA;5.2.3.-Robos con fuerza en establecimientos;2024;562
EXTREMADURA;5.2.3.-Robos con fuerza en establecimientos;2023;579
EXTREMADURA;5.2.3.-Robos con fuerza en establecimientos;2022;614
EXTREMADURA;5.2.3.-Robos con fuerza en establecimientos;2021;461
EXTREMADURA;5.2.3.-Robos con fuerza en establecimientos;2020;559
EXTREMADURA;5.2.3.-Robos con fuerza en establecimientos;2019;646
EXTREMADURA;5.2.3.-Robos con fuerza en establecimientos;2018;818
EXTREMADURA;5.3.-Robos con violencia o intimidación;2024;288
EXTREMADURA;5.3.-Robos con violencia o intimidación;2023;312
EXTREMADURA;5.3.-Robos con violencia o intimidación;2022;296
EXTREMADURA;5.3.-Robos con violencia o intimidación;2021;224
EXTREMADURA;5.3.-Robos con violencia o intimidación;2020;211
EXTREMADURA;5.3.-Robos con violencia o intimidación;2019;320
EXTREMADURA;5.3.-Robos con violencia o intimidación;2018;252
EXTREMADURA;5.3.1.-Robos con violencia en vía pública;2024;136
EXTREMADURA;5.3.1.-Robos con violencia en vía pública;2023;147
EXTREMADURA;5.3.1.-Robos con violencia en vía pública;2022;154
EXTREMADURA;5.3.1.-Robos con violencia en vía pública;2021;121
EXTREMADURA;5.3.1.-Robos con violencia en vía pública;2020;102
EXTREMADURA;5.3.1.-Robos con violencia en vía pública;2019;177
EXTREMADURA;5.3.1.-Robos con violencia en vía pública;2018;138
EXTREMADURA;5.3.2.-Robos con violencia en viviendas;2024;33
EXTREMADURA;5.3.2.-Robos con violencia en viviendas;2023;47
EXTREMADURA;5.3.2.-Robos con violencia en viviendas;2022;52
EXTREMADURA;5.3.2.-Robos con violencia en viviendas;2021;33
EXTREMADURA;5.3.2.-Robos con violencia en viviendas;2020;29
EXTREMADURA;5.3.2.-Robos con violencia en viviendas;2019;35
EXTREMADURA;5.3.2.-Robos con violencia en viviendas;2018;27
EXTREMADURA;5.3.3.-Robos con violencia en establecimientos;2024;84
EXTREMADURA;5.3.3.-Robos con violencia en establecimientos;2023;81
EXTREMADURA;5.3.3.-Robos con violencia en establecimientos;2022;61
EXTREMADURA;5.3.3.-Robos con violencia en establecimientos;2021;49
EXTREMADURA;5.3.3.-Robos con violencia en establecimientos;2020;58
EXTREMADURA;5.3.3.-Robos con violencia en establecimientos;2019;71
EXTREMADURA;5.3.3.-Robos con violencia en establecimientos;2018;57
EXTREMADURA;5.4.-Sustracción de vehículos;2024;167
EXTREMADURA;5.4.-Sustracción de vehículos;2023;195
EXTREMADURA;5.4.-Sustracción de vehículos;2022;163
EXTREMADURA;5.4.-Sustracción de vehículos;2021;152
EXTREMADURA;5.4.-Sustracción de vehículos;2020;151
EXTREMADURA;5.4.-Sustracción de vehículos;2019;144
EXTREMADURA;5.4.-Sustracción de vehículos;2018;160
EXTREMADURA;5.5.-Estafas;2024;7.816
EXTREMADURA;5.5.-Estafas;2023;8.335
EXTREMADURA;5.5.-Estafas;2022;7.595
EXTREMADURA;5.5.-Estafas;2021;5.765
EXTREMADURA;5.5.-Estafas;2020;5.381
EXTREMADURA;5.5.-Estafas;2019;3.873
EXTREMADURA;5.5.-Estafas;2018;3.454
EXTREMADURA;5.5.1.-Estafas informáticas;2024;7.050
EXTREMADURA;5.5.1.-Estafas informáticas;2023;7.449
EXTREMADURA;5.5.1.-Estafas informáticas;2022;6.577
EXTREMADURA;5.5.1.-Estafas informáticas;2021;4.594
EXTREMADURA;5.5.1.-Estafas informáticas;2020;3.917
EXTREMADURA;5.5.1.-Estafas informáticas;2019;2.410
EXTREMADURA;5.5.1.-Estafas informáticas;2018;1.879
EXTREMADURA;5.6.-Daños;2024;3.653
EXTREMADURA;5.6.-Daños;2023;3.654
EXTREMADURA;5.6.-Daños;2022;3.521
EXTREMADURA;5.6.-Daños;2021;3.380
EXTREMADURA;5.6.-Daños;2020;2.967
EXTREMADURA;5.6.-Daños;2019;3.504
EXTREMADURA;5.6.-Daños;2018;3.225
EXTREMADURA;5.7.-Contra la propiedad intelectual/industrial;2024;16
EXTREMADURA;5.7.-Contra la propiedad intelectual/industrial;2023;25
EXTREMADURA;5.7.-Contra la propiedad intelectual/industrial;2022;12
EXTREMADURA;5.7.-Contra la propiedad intelectual/industrial;2021;15
EXTREMADURA;5.7.-Contra la propiedad intelectual/industrial;2020;25
EXTREMADURA;5.7.-Contra la propiedad intelectual/industrial;2019;42
EXTREMADURA;5.7.-Contra la propiedad intelectual/industrial;2018;63
EXTREMADURA;5.8.-Blanqueo de capitales;2024;12
EXTREMADURA;5.8.-Blanqueo de capitales;2023;7
EXTREMADURA;5.8.-Blanqueo de capitales;2022;4
EXTREMADURA;5.8.-Blanqueo de capitales;2021;7
EXTREMADURA;5.8.-Blanqueo de capitales;2020;5
EXTREMADURA;5.8.-Blanqueo de capitales;2019;2
EXTREMADURA;5.8.-Blanqueo de capitales;2018;1
EXTREMADURA;5.9.-Otros contra el patrimonio;2024;973
EXTREMADURA;5.9.-Otros contra el patrimonio;2023;907
EXTREMADURA;5.9.-Otros contra el patrimonio;2022;718
EXTREMADURA;5.9.-Otros contra el patrimonio;2021;734
EXTREMADURA;5.9.-Otros contra el patrimonio;2020;655
EXTREMADURA;5.9.-Otros contra el patrimonio;2019;753
EXTREMADURA;5.9.-Otros contra el patrimonio;2018;815
EXTREMADURA;6. SEGURIDAD COLECTIVA;2024;1.227
EXTREMADURA;6. SEGURIDAD COLECTIVA;2023;1.277
EXTREMADURA;6. SEGURIDAD COLECTIVA;2022;1.262
EXTREMADURA;6. SEGURIDAD COLECTIVA;2021;1.240
EXTREMADURA;6. SEGURIDAD COLECTIVA;2020;1.036
EXTREMADURA;6. SEGURIDAD COLECTIVA;2019;1.248
EXTREMADURA;6. SEGURIDAD COLECTIVA;2018;1.138
EXTREMADURA;6.1.-Tráfico de drogas;2024;273
EXTREMADURA;6.1.-Tráfico de drogas;2023;315
EXTREMADURA;6.1.-Tráfico de drogas;2022;265
EXTREMADURA;6.1.-Tráfico de drogas;2021;324
EXTREMADURA;6.1.-Tráfico de drogas;2020;301
EXTREMADURA;6.1.-Tráfico de drogas;2019;323
EXTREMADURA;6.1.-Tráfico de drogas;2018;233
EXTREMADURA;6.2.-Contra la seguridad vial;2024;876
EXTREMADURA;6.2.-Contra la seguridad vial;2023;902
EXTREMADURA;6.2.-Contra la seguridad vial;2022;890
EXTREMADURA;6.2.-Contra la seguridad vial;2021;861
EXTREMADURA;6.2.-Contra la seguridad vial;2020;690
EXTREMADURA;6.2.-Contra la seguridad vial;2019;843
EXTREMADURA;6.2.-Contra la seguridad vial;2018;834
EXTREMADURA;6.3.-Otros contra la seguridad colectiva;2024;78
EXTREMADURA;6.3.-Otros contra la seguridad colectiva;2023;60
EXTREMADURA;6.3.-Otros contra la seguridad colectiva;2022;107
EXTREMADURA;6.3.-Otros contra la seguridad colectiva;2021;55
EXTREMADURA;6.3.-Otros contra la seguridad colectiva;2020;45
EXTREMADURA;6.3.-Otros contra la seguridad colectiva;2019;82
EXTREMADURA;6.3.-Otros contra la seguridad colectiva;2018;71
EXTREMADURA;7. FALSEDADES;2024;1.320
EXTREMADURA;7. FALSEDADES;2023;998
EXTREMADURA;7. FALSEDADES;2022;705
EXTREMADURA;7. FALSEDADES;2021;714
EXTREMADURA;7. FALSEDADES;2020;524
EXTREMADURA;7. FALSEDADES;2019;445
EXTREMADURA;7. FALSEDADES;2018;445
EXTREMADURA;8. ADMÓN. PÚBLICA;2024;10
EXTREMADURA;8. ADMÓN. PÚBLICA;2023;9
EXTREMADURA;8. ADMÓN. PÚBLICA;2022;2
EXTREMADURA;8. ADMÓN. PÚBLICA;2021;14
EXTREMADURA;8. ADMÓN. PÚBLICA;2020;2
EXTREMADURA;8. ADMÓN. PÚBLICA;2019;8
EXTREMADURA;8. ADMÓN. PÚBLICA;2018;10
EXTREMADURA;9. ADMÓN. JUSTICIA;2024;966
EXTREMADURA;9. ADMÓN. JUSTICIA;2023;852
EXTREMADURA;9. ADMÓN. JUSTICIA;2022;785
EXTREMADURA;9. ADMÓN. JUSTICIA;2021;696
EXTREMADURA;9. ADMÓN. JUSTICIA;2020;662
EXTREMADURA;9. ADMÓN. JUSTICIA;2019;680
EXTREMADURA;9. ADMÓN. JUSTICIA;2018;602
EXTREMADURA;10. ORDEN PÚBLICO;2024;424
EXTREMADURA;10. ORDEN PÚBLICO;2023;423
EXTREMADURA;10. ORDEN PÚBLICO;2022;336
EXTREMADURA;10. ORDEN PÚBLICO;2021;335
EXTREMADURA;10. ORDEN PÚBLICO;2020;488
EXTREMADURA;10. ORDEN PÚBLICO;2019;290
EXTREMADURA;10. ORDEN PÚBLICO;2018;246
EXTREMADURA;11. LEGISLACIÓN ESPECIAL;2024;1
EXTREMADURA;11. LEGISLACIÓN ESPECIAL;2023;11
EXTREMADURA;11. LEGISLACIÓN ESPECIAL;2022;9
EXTREMADURA;11. LEGISLACIÓN ESPECIAL;2021;9
EXTREMADURA;11. LEGISLACIÓN ESPECIAL;2020;7
EXTREMADURA;11. LEGISLACIÓN ESPECIAL;2019;5
EXTREMADURA;11. LEGISLACIÓN ESPECIAL;2018;17
EXTREMADURA;12. OTRAS INFRACCIONES PENALES;2024;366
EXTREMADURA;12. OTRAS INFRACCIONES PENALES;2023;334
EXTREMADURA;12. OTRAS INFRACCIONES PENALES;2022;333
EXTREMADURA;12. OTRAS INFRACCIONES PENALES;2021;263
EXTREMADURA;12. OTRAS INFRACCIONES PENALES;2020;313
EXTREMADURA;12. OTRAS INFRACCIONES PENALES;2019;286
EXTREMADURA;12. OTRAS INFRACCIONES PENALES;2018;309
EXTREMADURA;TOTAL INFRACCIONES PENALES;2024;34.649
EXTREMADURA;TOTAL INFRACCIONES PENALES;2023;35.269
EXTREMADURA;TOTAL INFRACCIONES PENALES;2022;32.093
EXTREMADURA;TOTAL INFRACCIONES PENALES;2021;27.266
EXTREMADURA;TOTAL INFRACCIONES PENALES;2020;25.041
EXTREMADURA;TOTAL INFRACCIONES PENALES;2019;27.591
EXTREMADURA;TOTAL INFRACCIONES PENALES;2018;26.813
GALICIA;1. CONTRA LAS PERSONAS;2024;9.976
GALICIA;1. CONTRA LAS PERSONAS;2023;9.981
GALICIA;1. CONTRA LAS PERSONAS;2022;9.217
GALICIA;1. CONTRA LAS PERSONAS;2021;7.841
GALICIA;1. CONTRA LAS PERSONAS;2020;7.268
GALICIA;1. CONTRA LAS PERSONAS;2019;8.027
GALICIA;1. CONTRA LAS PERSONAS;2018;8.039
GALICIA;1.1.-Homicidios dolosos/asesinatos;2024;63
GALICIA;1.1.-Homicidios dolosos/asesinatos;2023;70
GALICIA;1.1.-Homicidios dolosos/asesinatos;2022;52
GALICIA;1.1.-Homicidios dolosos/asesinatos;2021;52
GALICIA;1.1.-Homicidios dolosos/asesinatos;2020;44
GALICIA;1.1.-Homicidios dolosos/asesinatos;2019;41
GALICIA;1.1.-Homicidios dolosos/asesinatos;2018;33
GALICIA;1.1.1.-Homicidios dolosos/asesinatos consumados;2024;18
GALICIA;1.1.1.-Homicidios dolosos/asesinatos consumados;2023;18
GALICIA;1.1.1.-Homicidios dolosos/asesinatos consumados;2022;7
GALICIA;1.1.1.-Homicidios dolosos/asesinatos consumados;2021;18
GALICIA;1.1.1.-Homicidios dolosos/asesinatos consumados;2020;11
GALICIA;1.1.1.-Homicidios dolosos/asesinatos consumados;2019;16
GALICIA;1.1.1.-Homicidios dolosos/asesinatos consumados;2018;8
GALICIA;1.2.-Lesiones;2024;5.834
GALICIA;1.2.-Lesiones;2023;5.748
GALICIA;1.2.-Lesiones;2022;5.454
GALICIA;1.2.-Lesiones;2021;4.606
GALICIA;1.2.-Lesiones;2020;4.044
GALICIA;1.2.-Lesiones;2019;4.804
GALICIA;1.2.-Lesiones;2018;4.876
GALICIA;1.3.-Malos tratos ámbito familiar;2024;3.660
GALICIA;1.3.-Malos tratos ámbito familiar;2023;3.810
GALICIA;1.3.-Malos tratos ámbito familiar;2022;3.480
GALICIA;1.3.-Malos tratos ámbito familiar;2021;2.979
GALICIA;1.3.-Malos tratos ámbito familiar;2020;3.022
GALICIA;1.3.-Malos tratos ámbito familiar;2019;3.004
GALICIA;1.3.-Malos tratos ámbito familiar;2018;2.939
GALICIA;1.4.-Otros contra las personas;2024;419
GALICIA;1.4.-Otros contra las personas;2023;353
GALICIA;1.4.-Otros contra las personas;2022;231
GALICIA;1.4.-Otros contra las personas;2021;204
GALICIA;1.4.-Otros contra las personas;2020;158
GALICIA;1.4.-Otros contra las personas;2019;178
GALICIA;1.4.-Otros contra las personas;2018;191
GALICIA;2. CONTRA LA LIBERTAD;2024;8.189
GALICIA;2. CONTRA LA LIBERTAD;2023;7.986
GALICIA;2. CONTRA LA LIBERTAD;2022;6.959
GALICIA;2. CONTRA LA LIBERTAD;2021;6.840
GALICIA;2. CONTRA LA LIBERTAD;2020;6.035
GALICIA;2. CONTRA LA LIBERTAD;2019;5.692
GALICIA;2. CONTRA LA LIBERTAD;2018;5.819
GALICIA;2.1.-Malos tratos habituales en el ámbito familiar;2024;843
GALICIA;2.1.-Malos tratos habituales en el ámbito familiar;2023;859
GALICIA;2.1.-Malos tratos habituales en el ámbito familiar;2022;691
GALICIA;2.1.-Malos tratos habituales en el ámbito familiar;2021;606
GALICIA;2.1.-Malos tratos habituales en el ámbito familiar;2020;620
GALICIA;2.1.-Malos tratos habituales en el ámbito familiar;2019;700
GALICIA;2.1.-Malos tratos habituales en el ámbito familiar;2018;631
GALICIA;2.2.-Otros contra la libertad;2024;7.346
GALICIA;2.2.-Otros contra la libertad;2023;7.127
GALICIA;2.2.-Otros contra la libertad;2022;6.268
GALICIA;2.2.-Otros contra la libertad;2021;6.234
GALICIA;2.2.-Otros contra la libertad;2020;5.415
GALICIA;2.2.-Otros contra la libertad;2019;4.992
GALICIA;2.2.-Otros contra la libertad;2018;5.188
GALICIA;3. LIBERTAD SEXUAL;2024;880
GALICIA;3. LIBERTAD SEXUAL;2023;924
GALICIA;3. LIBERTAD SEXUAL;2022;719
GALICIA;3. LIBERTAD SEXUAL;2021;707
GALICIA;3. LIBERTAD SEXUAL;2020;547
GALICIA;3. LIBERTAD SEXUAL;2019;634
GALICIA;3. LIBERTAD SEXUAL;2018;536
GALICIA;3.1.-Agresión sexual;2024;525
GALICIA;3.1.-Agresión sexual;2023;502
GALICIA;3.1.-Agresión sexual;2022;433
GALICIA;3.1.-Agresión sexual;2021;396
GALICIA;3.1.-Agresión sexual;2020;309
GALICIA;3.1.-Agresión sexual;2019;368
GALICIA;3.1.-Agresión sexual;2018;341
GALICIA;3.2.-Agresión sexual con penetración;2024;179
GALICIA;3.2.-Agresión sexual con penetración;2023;201
GALICIA;3.2.-Agresión sexual con penetración;2022;155
GALICIA;3.2.-Agresión sexual con penetración;2021;144
GALICIA;3.2.-Agresión sexual con penetración;2020;108
GALICIA;3.2.-Agresión sexual con penetración;2019;124
GALICIA;3.2.-Agresión sexual con penetración;2018;88
GALICIA;3.3.-Corrupción de menores o incapacitados;2024;10
GALICIA;3.3.-Corrupción de menores o incapacitados;2023;12
GALICIA;3.3.-Corrupción de menores o incapacitados;2022;19
GALICIA;3.3.-Corrupción de menores o incapacitados;2021;8
GALICIA;3.3.-Corrupción de menores o incapacitados;2020;7
GALICIA;3.3.-Corrupción de menores o incapacitados;2019;14
GALICIA;3.3.-Corrupción de menores o incapacitados;2018;4
GALICIA;3.4.-Pornografía de menores;2024;40
GALICIA;3.4.-Pornografía de menores;2023;43
GALICIA;3.4.-Pornografía de menores;2022;29
GALICIA;3.4.-Pornografía de menores;2021;40
GALICIA;3.4.-Pornografía de menores;2020;36
GALICIA;3.4.-Pornografía de menores;2019;39
GALICIA;3.4.-Pornografía de menores;2018;36
GALICIA;3.5.-Otros contra la libertad sexual;2024;126
GALICIA;3.5.-Otros contra la libertad sexual;2023;166
GALICIA;3.5.-Otros contra la libertad sexual;2022;83
GALICIA;3.5.-Otros contra la libertad sexual;2021;119
GALICIA;3.5.-Otros contra la libertad sexual;2020;87
GALICIA;3.5.-Otros contra la libertad sexual;2019;89
GALICIA;3.5.-Otros contra la libertad sexual;2018;67
GALICIA;4. RELACIONES FAMILIARES;2024;249
GALICIA;4. RELACIONES FAMILIARES;2023;204
GALICIA;4. RELACIONES FAMILIARES;2022;190
GALICIA;4. RELACIONES FAMILIARES;2021;167
GALICIA;4. RELACIONES FAMILIARES;2020;177
GALICIA;4. RELACIONES FAMILIARES;2019;171
GALICIA;4. RELACIONES FAMILIARES;2018;190
GALICIA;5. PATRIMONIO;2024;66.023
GALICIA;5. PATRIMONIO;2023;65.713
GALICIA;5. PATRIMONIO;2022;68.054
GALICIA;5. PATRIMONIO;2021;63.769
GALICIA;5. PATRIMONIO;2020;50.924
GALICIA;5. PATRIMONIO;2019;56.924
GALICIA;5. PATRIMONIO;2018;55.664
GALICIA;5.1.-Hurtos;2024;19.620
GALICIA;5.1.-Hurtos;2023;20.300
GALICIA;5.1.-Hurtos;2022;19.527
GALICIA;5.1.-Hurtos;2021;15.367
GALICIA;5.1.-Hurtos;2020;12.348
GALICIA;5.1.-Hurtos;2019;18.846
GALICIA;5.1.-Hurtos;2018;19.903
GALICIA;5.2.-Robos con fuerza en las cosas;2024;8.954
GALICIA;5.2.-Robos con fuerza en las cosas;2023;9.491
GALICIA;5.2.-Robos con fuerza en las cosas;2022;8.661
GALICIA;5.2.-Robos con fuerza en las cosas;2021;7.873
GALICIA;5.2.-Robos con fuerza en las cosas;2020;7.538
GALICIA;5.2.-Robos con fuerza en las cosas;2019;9.618
GALICIA;5.2.-Robos con fuerza en las cosas;2018;9.990
GALICIA;5.2.1.-Robos con fuerza en las cosas en el interior de vehículos;2024;3.076
GALICIA;5.2.1.-Robos con fuerza en las cosas en el interior de vehículos;2023;3.251
GALICIA;5.2.1.-Robos con fuerza en las cosas en el interior de vehículos;2022;3.193
GALICIA;5.2.1.-Robos con fuerza en las cosas en el interior de vehículos;2021;2.917
GALICIA;5.2.1.-Robos con fuerza en las cosas en el interior de vehículos;2020;2.288
GALICIA;5.2.1.-Robos con fuerza en las cosas en el interior de vehículos;2019;2.759
GALICIA;5.2.1.-Robos con fuerza en las cosas en el interior de vehículos;2018;2.945
GALICIA;5.2.2.-Robos con fuerza en viviendas;2024;2.575
GALICIA;5.2.2.-Robos con fuerza en viviendas;2023;2.684
GALICIA;5.2.2.-Robos con fuerza en viviendas;2022;2.690
GALICIA;5.2.2.-Robos con fuerza en viviendas;2021;2.593
GALICIA;5.2.2.-Robos con fuerza en viviendas;2020;2.403
GALICIA;5.2.2.-Robos con fuerza en viviendas;2019;3.135
GALICIA;5.2.2.-Robos con fuerza en viviendas;2018;3.395
GALICIA;5.2.3.-Robos con fuerza en establecimientos;2024;1.728
GALICIA;5.2.3.-Robos con fuerza en establecimientos;2023;1.934
GALICIA;5.2.3.-Robos con fuerza en establecimientos;2022;1.361
GALICIA;5.2.3.-Robos con fuerza en establecimientos;2021;1.110
GALICIA;5.2.3.-Robos con fuerza en establecimientos;2020;1.568
GALICIA;5.2.3.-Robos con fuerza en establecimientos;2019;2.072
GALICIA;5.2.3.-Robos con fuerza en establecimientos;2018;1.933
GALICIA;5.3.-Robos con violencia o intimidación;2024;997
GALICIA;5.3.-Robos con violencia o intimidación;2023;1.049
GALICIA;5.3.-Robos con violencia o intimidación;2022;963
GALICIA;5.3.-Robos con violencia o intimidación;2021;853
GALICIA;5.3.-Robos con violencia o intimidación;2020;767
GALICIA;5.3.-Robos con violencia o intimidación;2019;945
GALICIA;5.3.-Robos con violencia o intimidación;2018;951
GALICIA;5.3.1.-Robos con violencia en vía pública;2024;538
GALICIA;5.3.1.-Robos con violencia en vía pública;2023;552
GALICIA;5.3.1.-Robos con violencia en vía pública;2022;529
GALICIA;5.3.1.-Robos con violencia en vía pública;2021;474
GALICIA;5.3.1.-Robos con violencia en vía pública;2020;343
GALICIA;5.3.1.-Robos con violencia en vía pública;2019;450
GALICIA;5.3.1.-Robos con violencia en vía pública;2018;497
GALICIA;5.3.2.-Robos con violencia en viviendas;2024;126
GALICIA;5.3.2.-Robos con violencia en viviendas;2023;100
GALICIA;5.3.2.-Robos con violencia en viviendas;2022;95
GALICIA;5.3.2.-Robos con violencia en viviendas;2021;84
GALICIA;5.3.2.-Robos con violencia en viviendas;2020;105
GALICIA;5.3.2.-Robos con violencia en viviendas;2019;114
GALICIA;5.3.2.-Robos con violencia en viviendas;2018;119
GALICIA;5.3.3.-Robos con violencia en establecimientos;2024;224
GALICIA;5.3.3.-Robos con violencia en establecimientos;2023;274
GALICIA;5.3.3.-Robos con violencia en establecimientos;2022;215
GALICIA;5.3.3.-Robos con violencia en establecimientos;2021;197
GALICIA;5.3.3.-Robos con violencia en establecimientos;2020;224
GALICIA;5.3.3.-Robos con violencia en establecimientos;2019;234
GALICIA;5.3.3.-Robos con violencia en establecimientos;2018;212
GALICIA;5.4.-Sustracción de vehículos;2024;547
GALICIA;5.4.-Sustracción de vehículos;2023;580
GALICIA;5.4.-Sustracción de vehículos;2022;528
GALICIA;5.4.-Sustracción de vehículos;2021;405
GALICIA;5.4.-Sustracción de vehículos;2020;437
GALICIA;5.4.-Sustracción de vehículos;2019;604
GALICIA;5.4.-Sustracción de vehículos;2018;584
GALICIA;5.5.-Estafas;2024;22.817
GALICIA;5.5.-Estafas;2023;21.800
GALICIA;5.5.-Estafas;2022;25.902
GALICIA;5.5.-Estafas;2021;28.236
GALICIA;5.5.-Estafas;2020;19.807
GALICIA;5.5.-Estafas;2019;15.690
GALICIA;5.5.-Estafas;2018;12.961
GALICIA;5.5.1.-Estafas informáticas;2024;20.032
GALICIA;5.5.1.-Estafas informáticas;2023;18.721
GALICIA;5.5.1.-Estafas informáticas;2022;18.456
GALICIA;5.5.1.-Estafas informáticas;2021;19.496
GALICIA;5.5.1.-Estafas informáticas;2020;12.696
GALICIA;5.5.1.-Estafas informáticas;2019;9.999
GALICIA;5.5.1.-Estafas informáticas;2018;6.836
GALICIA;5.6.-Daños;2024;10.084
GALICIA;5.6.-Daños;2023;9.927
GALICIA;5.6.-Daños;2022;10.280
GALICIA;5.6.-Daños;2021;9.089
GALICIA;5.6.-Daños;2020;8.188
GALICIA;5.6.-Daños;2019;9.311
GALICIA;5.6.-Daños;2018;9.413
GALICIA;5.7.-Contra la propiedad intelectual/industrial;2024;36
GALICIA;5.7.-Contra la propiedad intelectual/industrial;2023;37
GALICIA;5.7.-Contra la propiedad intelectual/industrial;2022;40
GALICIA;5.7.-Contra la propiedad intelectual/industrial;2021;29
GALICIA;5.7.-Contra la propiedad intelectual/industrial;2020;31
GALICIA;5.7.-Contra la propiedad intelectual/industrial;2019;101
GALICIA;5.7.-Contra la propiedad intelectual/industrial;2018;117
GALICIA;5.8.-Blanqueo de capitales;2024;40
GALICIA;5.8.-Blanqueo de capitales;2023;13
GALICIA;5.8.-Blanqueo de capitales;2022;13
GALICIA;5.8.-Blanqueo de capitales;2021;4
GALICIA;5.8.-Blanqueo de capitales;2020;17
GALICIA;5.8.-Blanqueo de capitales;2019;8
GALICIA;5.8.-Blanqueo de capitales;2018;13
GALICIA;5.9.-Otros contra el patrimonio;2024;2.928
GALICIA;5.9.-Otros contra el patrimonio;2023;2.516
GALICIA;5.9.-Otros contra el patrimonio;2022;2.140
GALICIA;5.9.-Otros contra el patrimonio;2021;1.913
GALICIA;5.9.-Otros contra el patrimonio;2020;1.791
GALICIA;5.9.-Otros contra el patrimonio;2019;1.801
GALICIA;5.9.-Otros contra el patrimonio;2018;1.732
GALICIA;6. SEGURIDAD COLECTIVA;2024;4.244
GALICIA;6. SEGURIDAD COLECTIVA;2023;4.789
GALICIA;6. SEGURIDAD COLECTIVA;2022;5.169
GALICIA;6. SEGURIDAD COLECTIVA;2021;4.459
GALICIA;6. SEGURIDAD COLECTIVA;2020;4.324
GALICIA;6. SEGURIDAD COLECTIVA;2019;4.992
GALICIA;6. SEGURIDAD COLECTIVA;2018;4.806
GALICIA;6.1.-Tráfico de drogas;2024;483
GALICIA;6.1.-Tráfico de drogas;2023;488
GALICIA;6.1.-Tráfico de drogas;2022;505
GALICIA;6.1.-Tráfico de drogas;2021;458
GALICIA;6.1.-Tráfico de drogas;2020;552
GALICIA;6.1.-Tráfico de drogas;2019;517
GALICIA;6.1.-Tráfico de drogas;2018;433
GALICIA;6.2.-Contra la seguridad vial;2024;3.619
GALICIA;6.2.-Contra la seguridad vial;2023;4.147
GALICIA;6.2.-Contra la seguridad vial;2022;4.481
GALICIA;6.2.-Contra la seguridad vial;2021;3.844
GALICIA;6.2.-Contra la seguridad vial;2020;3.609
GALICIA;6.2.-Contra la seguridad vial;2019;4.331
GALICIA;6.2.-Contra la seguridad vial;2018;4.246
GALICIA;6.3.-Otros contra la seguridad colectiva;2024;142
GALICIA;6.3.-Otros contra la seguridad colectiva;2023;154
GALICIA;6.3.-Otros contra la seguridad colectiva;2022;183
GALICIA;6.3.-Otros contra la seguridad colectiva;2021;157
GALICIA;6.3.-Otros contra la seguridad colectiva;2020;163
GALICIA;6.3.-Otros contra la seguridad colectiva;2019;144
GALICIA;6.3.-Otros contra la seguridad colectiva;2018;127
GALICIA;7. FALSEDADES;2024;1.960
GALICIA;7. FALSEDADES;2023;1.634
GALICIA;7. FALSEDADES;2022;1.404
GALICIA;7. FALSEDADES;2021;1.491
GALICIA;7. FALSEDADES;2020;1.004
GALICIA;7. FALSEDADES;2019;886
GALICIA;7. FALSEDADES;2018;803
GALICIA;8. ADMÓN. PÚBLICA;2024;35
GALICIA;8. ADMÓN. PÚBLICA;2023;33
GALICIA;8. ADMÓN. PÚBLICA;2022;25
GALICIA;8. ADMÓN. PÚBLICA;2021;11
GALICIA;8. ADMÓN. PÚBLICA;2020;19
GALICIA;8. ADMÓN. PÚBLICA;2019;21
GALICIA;8. ADMÓN. PÚBLICA;2018;16
GALICIA;9. ADMÓN. JUSTICIA;2024;1.928
GALICIA;9. ADMÓN. JUSTICIA;2023;1.779
GALICIA;9. ADMÓN. JUSTICIA;2022;1.568
GALICIA;9. ADMÓN. JUSTICIA;2021;1.459
GALICIA;9. ADMÓN. JUSTICIA;2020;1.403
GALICIA;9. ADMÓN. JUSTICIA;2019;1.409
GALICIA;9. ADMÓN. JUSTICIA;2018;1.266
GALICIA;10. ORDEN PÚBLICO;2024;1.025
GALICIA;10. ORDEN PÚBLICO;2023;988
GALICIA;10. ORDEN PÚBLICO;2022;973
GALICIA;10. ORDEN PÚBLICO;2021;916
GALICIA;10. ORDEN PÚBLICO;2020;1.108
GALICIA;10. ORDEN PÚBLICO;2019;718
GALICIA;10. ORDEN PÚBLICO;2018;795
GALICIA;11. LEGISLACIÓN ESPECIAL;2024;5
GALICIA;11. LEGISLACIÓN ESPECIAL;2023;7
GALICIA;11. LEGISLACIÓN ESPECIAL;2022;7
GALICIA;11. LEGISLACIÓN ESPECIAL;2021;1
GALICIA;11. LEGISLACIÓN ESPECIAL;2020;7
GALICIA;11. LEGISLACIÓN ESPECIAL;2019;6
GALICIA;11. LEGISLACIÓN ESPECIAL;2018;1
GALICIA;12. OTRAS INFRACCIONES PENALES;2024;741
GALICIA;12. OTRAS INFRACCIONES PENALES;2023;762
GALICIA;12. OTRAS INFRACCIONES PENALES;2022;619
GALICIA;12. OTRAS INFRACCIONES PENALES;2021;594
GALICIA;12. OTRAS INFRACCIONES PENALES;2020;528
GALICIA;12. OTRAS INFRACCIONES PENALES;2019;544
GALICIA;12. OTRAS INFRACCIONES PENALES;2018;591
GALICIA;TOTAL INFRACCIONES PENALES;2024;95.255
GALICIA;TOTAL INFRACCIONES PENALES;2023;94.800
GALICIA;TOTAL INFRACCIONES PENALES;2022;94.904
GALICIA;TOTAL INFRACCIONES PENALES;2021;88.255
GALICIA;TOTAL INFRACCIONES PENALES;2020;73.344
GALICIA;TOTAL INFRACCIONES PENALES;2019;80.024
GALICIA;TOTAL INFRACCIONES PENALES;2018;78.526
MADRID (COMUNIDAD DE);1. CONTRA LAS PERSONAS;2024;36.458
MADRID (COMUNIDAD DE);1. CONTRA LAS PERSONAS;2023;34.880
MADRID (COMUNIDAD DE);1. CONTRA LAS PERSONAS;2022;33.243
MADRID (COMUNIDAD DE);1. CONTRA LAS PERSONAS;2021;29.383
MADRID (COMUNIDAD DE);1. CONTRA LAS PERSONAS;2020;25.967
MADRID (COMUNIDAD DE);1. CONTRA LAS PERSONAS;2019;29.288
MADRID (COMUNIDAD DE);1. CONTRA LAS PERSONAS;2018;27.360
MADRID (COMUNIDAD DE);1.1.-Homicidios dolosos/asesinatos;2024;176
MADRID (COMUNIDAD DE);1.1.-Homicidios dolosos/asesinatos;2023;206
MADRID (COMUNIDAD DE);1.1.-Homicidios dolosos/asesinatos;2022;183
MADRID (COMUNIDAD DE);1.1.-Homicidios dolosos/asesinatos;2021;131
MADRID (COMUNIDAD DE);1.1.-Homicidios dolosos/asesinatos;2020;136
MADRID (COMUNIDAD DE);1.1.-Homicidios dolosos/asesinatos;2019;110
MADRID (COMUNIDAD DE);1.1.-Homicidios dolosos/asesinatos;2018;114
MADRID (COMUNIDAD DE);1.1.1.-Homicidios dolosos/asesinatos consumados;2024;21
MADRID (COMUNIDAD DE);1.1.1.-Homicidios dolosos/asesinatos consumados;2023;33
MADRID (COMUNIDAD DE);1.1.1.-Homicidios dolosos/asesinatos consumados;2022;46
MADRID (COMUNIDAD DE);1.1.1.-Homicidios dolosos/asesinatos consumados;2021;37
MADRID (COMUNIDAD DE);1.1.1.-Homicidios dolosos/asesinatos consumados;2020;38
MADRID (COMUNIDAD DE);1.1.1.-Homicidios dolosos/asesinatos consumados;2019;32
MADRID (COMUNIDAD DE);1.1.1.-Homicidios dolosos/asesinatos consumados;2018;36
MADRID (COMUNIDAD DE);1.2.-Lesiones;2024;14.141
MADRID (COMUNIDAD DE);1.2.-Lesiones;2023;13.662
MADRID (COMUNIDAD DE);1.2.-Lesiones;2022;13.585
MADRID (COMUNIDAD DE);1.2.-Lesiones;2021;12.094
MADRID (COMUNIDAD DE);1.2.-Lesiones;2020;10.596
MADRID (COMUNIDAD DE);1.2.-Lesiones;2019;13.704
MADRID (COMUNIDAD DE);1.2.-Lesiones;2018;13.078
MADRID (COMUNIDAD DE);1.3.-Malos tratos ámbito familiar;2024;21.237
MADRID (COMUNIDAD DE);1.3.-Malos tratos ámbito familiar;2023;20.263
MADRID (COMUNIDAD DE);1.3.-Malos tratos ámbito familiar;2022;18.839
MADRID (COMUNIDAD DE);1.3.-Malos tratos ámbito familiar;2021;16.618
MADRID (COMUNIDAD DE);1.3.-Malos tratos ámbito familiar;2020;14.809
MADRID (COMUNIDAD DE);1.3.-Malos tratos ámbito familiar;2019;14.907
MADRID (COMUNIDAD DE);1.3.-Malos tratos ámbito familiar;2018;13.753
MADRID (COMUNIDAD DE);1.4.-Otros contra las personas;2024;904
MADRID (COMUNIDAD DE);1.4.-Otros contra las personas;2023;749
MADRID (COMUNIDAD DE);1.4.-Otros contra las personas;2022;636
MADRID (COMUNIDAD DE);1.4.-Otros contra las personas;2021;540
MADRID (COMUNIDAD DE);1.4.-Otros contra las personas;2020;426
MADRID (COMUNIDAD DE);1.4.-Otros contra las personas;2019;567
MADRID (COMUNIDAD DE);1.4.-Otros contra las personas;2018;415
MADRID (COMUNIDAD DE);2. CONTRA LA LIBERTAD;2024;19.476
MADRID (COMUNIDAD DE);2. CONTRA LA LIBERTAD;2023;18.647
MADRID (COMUNIDAD DE);2. CONTRA LA LIBERTAD;2022;17.369
MADRID (COMUNIDAD DE);2. CONTRA LA LIBERTAD;2021;17.576
MADRID (COMUNIDAD DE);2. CONTRA LA LIBERTAD;2020;15.636
MADRID (COMUNIDAD DE);2. CONTRA LA LIBERTAD;2019;15.655
MADRID (COMUNIDAD DE);2. CONTRA LA LIBERTAD;2018;14.497
MADRID (COMUNIDAD DE);2.1.-Malos tratos habituales en el ámbito familiar;2024;1.326
MADRID (COMUNIDAD DE);2.1.-Malos tratos habituales en el ámbito familiar;2023;1.347
MADRID (COMUNIDAD DE);2.1.-Malos tratos habituales en el ámbito familiar;2022;1.183
MADRID (COMUNIDAD DE);2.1.-Malos tratos habituales en el ámbito familiar;2021;1.284
MADRID (COMUNIDAD DE);2.1.-Malos tratos habituales en el ámbito familiar;2020;1.104
MADRID (COMUNIDAD DE);2.1.-Malos tratos habituales en el ámbito familiar;2019;1.223
MADRID (COMUNIDAD DE);2.1.-Malos tratos habituales en el ámbito familiar;2018;1.038
MADRID (COMUNIDAD DE);2.2.-Otros contra la libertad;2024;18.150
MADRID (COMUNIDAD DE);2.2.-Otros contra la libertad;2023;17.300
MADRID (COMUNIDAD DE);2.2.-Otros contra la libertad;2022;16.186
MADRID (COMUNIDAD DE);2.2.-Otros contra la libertad;2021;16.292
MADRID (COMUNIDAD DE);2.2.-Otros contra la libertad;2020;14.532
MADRID (COMUNIDAD DE);2.2.-Otros contra la libertad;2019;14.432
MADRID (COMUNIDAD DE);2.2.-Otros contra la libertad;2018;13.459
MADRID (COMUNIDAD DE);3. LIBERTAD SEXUAL;2024;3.212
MADRID (COMUNIDAD DE);3. LIBERTAD SEXUAL;2023;3.066
MADRID (COMUNIDAD DE);3. LIBERTAD SEXUAL;2022;2.663
MADRID (COMUNIDAD DE);3. LIBERTAD SEXUAL;2021;2.420
MADRID (COMUNIDAD DE);3. LIBERTAD SEXUAL;2020;1.976
MADRID (COMUNIDAD DE);3. LIBERTAD SEXUAL;2019;2.215
MADRID (COMUNIDAD DE);3. LIBERTAD SEXUAL;2018;2.014
MADRID (COMUNIDAD DE);3.1.-Agresión sexual;2024;1.940
MADRID (COMUNIDAD DE);3.1.-Agresión sexual;2023;1.804
MADRID (COMUNIDAD DE);3.1.-Agresión sexual;2022;1.578
MADRID (COMUNIDAD DE);3.1.-Agresión sexual;2021;1.390
MADRID (COMUNIDAD DE);3.1.-Agresión sexual;2020;1.084
MADRID (COMUNIDAD DE);3.1.-Agresión sexual;2019;1.292
MADRID (COMUNIDAD DE);3.1.-Agresión sexual;2018;1.172
MADRID (COMUNIDAD DE);3.2.-Agresión sexual con penetración;2024;665
MADRID (COMUNIDAD DE);3.2.-Agresión sexual con penetración;2023;649
MADRID (COMUNIDAD DE);3.2.-Agresión sexual con penetración;2022;613
MADRID (COMUNIDAD DE);3.2.-Agresión sexual con penetración;2021;538
MADRID (COMUNIDAD DE);3.2.-Agresión sexual con penetración;2020;473
MADRID (COMUNIDAD DE);3.2.-Agresión sexual con penetración;2019;455
MADRID (COMUNIDAD DE);3.2.-Agresión sexual con penetración;2018;408
MADRID (COMUNIDAD DE);3.3.-Corrupción de menores o incapacitados;2024;56
MADRID (COMUNIDAD DE);3.3.-Corrupción de menores o incapacitados;2023;50
MADRID (COMUNIDAD DE);3.3.-Corrupción de menores o incapacitados;2022;43
MADRID (COMUNIDAD DE);3.3.-Corrupción de menores o incapacitados;2021;46
MADRID (COMUNIDAD DE);3.3.-Corrupción de menores o incapacitados;2020;46
MADRID (COMUNIDAD DE);3.3.-Corrupción de menores o incapacitados;2019;55
MADRID (COMUNIDAD DE);3.3.-Corrupción de menores o incapacitados;2018;45
MADRID (COMUNIDAD DE);3.4.-Pornografía de menores;2024;124
MADRID (COMUNIDAD DE);3.4.-Pornografía de menores;2023;135
MADRID (COMUNIDAD DE);3.4.-Pornografía de menores;2022;88
MADRID (COMUNIDAD DE);3.4.-Pornografía de menores;2021;104
MADRID (COMUNIDAD DE);3.4.-Pornografía de menores;2020;95
MADRID (COMUNIDAD DE);3.4.-Pornografía de menores;2019;108
MADRID (COMUNIDAD DE);3.4.-Pornografía de menores;2018;99
MADRID (COMUNIDAD DE);3.5.-Otros contra la libertad sexual;2024;427
MADRID (COMUNIDAD DE);3.5.-Otros contra la libertad sexual;2023;428
MADRID (COMUNIDAD DE);3.5.-Otros contra la libertad sexual;2022;341
MADRID (COMUNIDAD DE);3.5.-Otros contra la libertad sexual;2021;342
MADRID (COMUNIDAD DE);3.5.-Otros contra la libertad sexual;2020;278
MADRID (COMUNIDAD DE);3.5.-Otros contra la libertad sexual;2019;305
MADRID (COMUNIDAD DE);3.5.-Otros contra la libertad sexual;2018;290
MADRID (COMUNIDAD DE);4. RELACIONES FAMILIARES;2024;747
MADRID (COMUNIDAD DE);4. RELACIONES FAMILIARES;2023;723
MADRID (COMUNIDAD DE);4. RELACIONES FAMILIARES;2022;862
MADRID (COMUNIDAD DE);4. RELACIONES FAMILIARES;2021;930
MADRID (COMUNIDAD DE);4. RELACIONES FAMILIARES;2020;754
MADRID (COMUNIDAD DE);4. RELACIONES FAMILIARES;2019;822
MADRID (COMUNIDAD DE);4. RELACIONES FAMILIARES;2018;862
MADRID (COMUNIDAD DE);5. PATRIMONIO;2024;306.730
MADRID (COMUNIDAD DE);5. PATRIMONIO;2023;323.394
MADRID (COMUNIDAD DE);5. PATRIMONIO;2022;319.089
MADRID (COMUNIDAD DE);5. PATRIMONIO;2021;269.675
MADRID (COMUNIDAD DE);5. PATRIMONIO;2020;243.275
MADRID (COMUNIDAD DE);5. PATRIMONIO;2019;337.836
MADRID (COMUNIDAD DE);5. PATRIMONIO;2018;325.802
MADRID (COMUNIDAD DE);5.1.-Hurtos;2024;117.488
MADRID (COMUNIDAD DE);5.1.-Hurtos;2023;128.366
MADRID (COMUNIDAD DE);5.1.-Hurtos;2022;132.920
MADRID (COMUNIDAD DE);5.1.-Hurtos;2021;108.778
MADRID (COMUNIDAD DE);5.1.-Hurtos;2020;92.213
MADRID (COMUNIDAD DE);5.1.-Hurtos;2019;154.169
MADRID (COMUNIDAD DE);5.1.-Hurtos;2018;152.704
MADRID (COMUNIDAD DE);5.2.-Robos con fuerza en las cosas;2024;40.866
MADRID (COMUNIDAD DE);5.2.-Robos con fuerza en las cosas;2023;41.106
MADRID (COMUNIDAD DE);5.2.-Robos con fuerza en las cosas;2022;39.960
MADRID (COMUNIDAD DE);5.2.-Robos con fuerza en las cosas;2021;33.408
MADRID (COMUNIDAD DE);5.2.-Robos con fuerza en las cosas;2020;31.715
MADRID (COMUNIDAD DE);5.2.-Robos con fuerza en las cosas;2019;47.391
MADRID (COMUNIDAD DE);5.2.-Robos con fuerza en las cosas;2018;49.133
MADRID (COMUNIDAD DE);5.2.1.-Robos con fuerza en las cosas en el interior de vehículos;2024;23.193
MADRID (COMUNIDAD DE);5.2.1.-Robos con fuerza en las cosas en el interior de vehículos;2023;21.961
MADRID (COMUNIDAD DE);5.2.1.-Robos con fuerza en las cosas en el interior de vehículos;2022;21.974
MADRID (COMUNIDAD DE);5.2.1.-Robos con fuerza en las cosas en el interior de vehículos;2021;17.229
MADRID (COMUNIDAD DE);5.2.1.-Robos con fuerza en las cosas en el interior de vehículos;2020;15.947
MADRID (COMUNIDAD DE);5.2.1.-Robos con fuerza en las cosas en el interior de vehículos;2019;24.125
MADRID (COMUNIDAD DE);5.2.1.-Robos con fuerza en las cosas en el interior de vehículos;2018;24.583
MADRID (COMUNIDAD DE);5.2.2.-Robos con fuerza en viviendas;2024;8.805
MADRID (COMUNIDAD DE);5.2.2.-Robos con fuerza en viviendas;2023;9.336
MADRID (COMUNIDAD DE);5.2.2.-Robos con fuerza en viviendas;2022;9.518
MADRID (COMUNIDAD DE);5.2.2.-Robos con fuerza en viviendas;2021;8.243
MADRID (COMUNIDAD DE);5.2.2.-Robos con fuerza en viviendas;2020;7.052
MADRID (COMUNIDAD DE);5.2.2.-Robos con fuerza en viviendas;2019;11.469
MADRID (COMUNIDAD DE);5.2.2.-Robos con fuerza en viviendas;2018;12.781
MADRID (COMUNIDAD DE);5.2.3.-Robos con fuerza en establecimientos;2024;4.518
MADRID (COMUNIDAD DE);5.2.3.-Robos con fuerza en establecimientos;2023;4.998
MADRID (COMUNIDAD DE);5.2.3.-Robos con fuerza en establecimientos;2022;4.034
MADRID (COMUNIDAD DE);5.2.3.-Robos con fuerza en establecimientos;2021;3.940
MADRID (COMUNIDAD DE);5.2.3.-Robos con fuerza en establecimientos;2020;4.972
MADRID (COMUNIDAD DE);5.2.3.-Robos con fuerza en establecimientos;2019;6.462
MADRID (COMUNIDAD DE);5.2.3.-Robos con fuerza en establecimientos;2018;6.282
MADRID (COMUNIDAD DE);5.3.-Robos con violencia o intimidación;2024;11.074
MADRID (COMUNIDAD DE);5.3.-Robos con violencia o intimidación;2023;12.015
MADRID (COMUNIDAD DE);5.3.-Robos con violencia o intimidación;2022;12.626
MADRID (COMUNIDAD DE);5.3.-Robos con violencia o intimidación;2021;12.153
MADRID (COMUNIDAD DE);5.3.-Robos con violencia o intimidación;2020;10.688
MADRID (COMUNIDAD DE);5.3.-Robos con violencia o intimidación;2019;15.372
MADRID (COMUNIDAD DE);5.3.-Robos con violencia o intimidación;2018;14.268
MADRID (COMUNIDAD DE);5.3.1.-Robos con violencia en vía pública;2024;7.613
MADRID (COMUNIDAD DE);5.3.1.-Robos con violencia en vía pública;2023;8.252
MADRID (COMUNIDAD DE);5.3.1.-Robos con violencia en vía pública;2022;8.560
MADRID (COMUNIDAD DE);5.3.1.-Robos con violencia en vía pública;2021;8.283
MADRID (COMUNIDAD DE);5.3.1.-Robos con violencia en vía pública;2020;7.362
MADRID (COMUNIDAD DE);5.3.1.-Robos con violencia en vía pública;2019;10.896
MADRID (COMUNIDAD DE);5.3.1.-Robos con violencia en vía pública;2018;9.938
MADRID (COMUNIDAD DE);5.3.2.-Robos con violencia en viviendas;2024;580
MADRID (COMUNIDAD DE);5.3.2.-Robos con violencia en viviendas;2023;646
MADRID (COMUNIDAD DE);5.3.2.-Robos con violencia en viviendas;2022;582
MADRID (COMUNIDAD DE);5.3.2.-Robos con violencia en viviendas;2021;721
MADRID (COMUNIDAD DE);5.3.2.-Robos con violencia en viviendas;2020;633
MADRID (COMUNIDAD DE);5.3.2.-Robos con violencia en viviendas;2019;871
MADRID (COMUNIDAD DE);5.3.2.-Robos con violencia en viviendas;2018;881
MADRID (COMUNIDAD DE);5.3.3.-Robos con violencia en establecimientos;2024;1.474
MADRID (COMUNIDAD DE);5.3.3.-Robos con violencia en establecimientos;2023;1.495
MADRID (COMUNIDAD DE);5.3.3.-Robos con violencia en establecimientos;2022;1.661
MADRID (COMUNIDAD DE);5.3.3.-Robos con violencia en establecimientos;2021;1.277
MADRID (COMUNIDAD DE);5.3.3.-Robos con violencia en establecimientos;2020;1.304
MADRID (COMUNIDAD DE);5.3.3.-Robos con violencia en establecimientos;2019;1.595
MADRID (COMUNIDAD DE);5.3.3.-Robos con violencia en establecimientos;2018;1.572
MADRID (COMUNIDAD DE);5.4.-Sustracción de vehículos;2024;6.946
MADRID (COMUNIDAD DE);5.4.-Sustracción de vehículos;2023;7.061
MADRID (COMUNIDAD DE);5.4.-Sustracción de vehículos;2022;7.397
MADRID (COMUNIDAD DE);5.4.-Sustracción de vehículos;2021;6.922
MADRID (COMUNIDAD DE);5.4.-Sustracción de vehículos;2020;6.235
MADRID (COMUNIDAD DE);5.4.-Sustracción de vehículos;2019;8.030
MADRID (COMUNIDAD DE);5.4.-Sustracción de vehículos;2018;8.620
MADRID (COMUNIDAD DE);5.5.-Estafas;2024;85.927
MADRID (COMUNIDAD DE);5.5.-Estafas;2023;90.148
MADRID (COMUNIDAD DE);5.5.-Estafas;2022;80.979
MADRID (COMUNIDAD DE);5.5.-Estafas;2021;66.395
MADRID (COMUNIDAD DE);5.5.-Estafas;2020;64.133
MADRID (COMUNIDAD DE);5.5.-Estafas;2019;62.020
MADRID (COMUNIDAD DE);5.5.-Estafas;2018;51.869
MADRID (COMUNIDAD DE);5.5.1.-Estafas informáticas;2024;65.361
MADRID (COMUNIDAD DE);5.5.1.-Estafas informáticas;2023;71.534
MADRID (COMUNIDAD DE);5.5.1.-Estafas informáticas;2022;57.794
MADRID (COMUNIDAD DE);5.5.1.-Estafas informáticas;2021;46.978
MADRID (COMUNIDAD DE);5.5.1.-Estafas informáticas;2020;44.139
MADRID (COMUNIDAD DE);5.5.1.-Estafas informáticas;2019;32.841
MADRID (COMUNIDAD DE);5.5.1.-Estafas informáticas;2018;16.509
MADRID (COMUNIDAD DE);5.6.-Daños;2024;33.695
MADRID (COMUNIDAD DE);5.6.-Daños;2023;34.276
MADRID (COMUNIDAD DE);5.6.-Daños;2022;35.696
MADRID (COMUNIDAD DE);5.6.-Daños;2021;34.336
MADRID (COMUNIDAD DE);5.6.-Daños;2020;31.429
MADRID (COMUNIDAD DE);5.6.-Daños;2019;42.315
MADRID (COMUNIDAD DE);5.6.-Daños;2018;40.852
MADRID (COMUNIDAD DE);5.7.-Contra la propiedad intelectual/industrial;2024;225
MADRID (COMUNIDAD DE);5.7.-Contra la propiedad intelectual/industrial;2023;119
MADRID (COMUNIDAD DE);5.7.-Contra la propiedad intelectual/industrial;2022;183
MADRID (COMUNIDAD DE);5.7.-Contra la propiedad intelectual/industrial;2021;93
MADRID (COMUNIDAD DE);5.7.-Contra la propiedad intelectual/industrial;2020;76
MADRID (COMUNIDAD DE);5.7.-Contra la propiedad intelectual/industrial;2019;202
MADRID (COMUNIDAD DE);5.7.-Contra la propiedad intelectual/industrial;2018;234
MADRID (COMUNIDAD DE);5.8.-Blanqueo de capitales;2024;111
MADRID (COMUNIDAD DE);5.8.-Blanqueo de capitales;2023;81
MADRID (COMUNIDAD DE);5.8.-Blanqueo de capitales;2022;73
MADRID (COMUNIDAD DE);5.8.-Blanqueo de capitales;2021;47
MADRID (COMUNIDAD DE);5.8.-Blanqueo de capitales;2020;42
MADRID (COMUNIDAD DE);5.8.-Blanqueo de capitales;2019;35
MADRID (COMUNIDAD DE);5.8.-Blanqueo de capitales;2018;32
MADRID (COMUNIDAD DE);5.9.-Otros contra el patrimonio;2024;10.398
MADRID (COMUNIDAD DE);5.9.-Otros contra el patrimonio;2023;10.222
MADRID (COMUNIDAD DE);5.9.-Otros contra el patrimonio;2022;9.255
MADRID (COMUNIDAD DE);5.9.-Otros contra el patrimonio;2021;7.543
MADRID (COMUNIDAD DE);5.9.-Otros contra el patrimonio;2020;6.744
MADRID (COMUNIDAD DE);5.9.-Otros contra el patrimonio;2019;8.302
MADRID (COMUNIDAD DE);5.9.-Otros contra el patrimonio;2018;8.090
MADRID (COMUNIDAD DE);6. SEGURIDAD COLECTIVA;2024;9.846
MADRID (COMUNIDAD DE);6. SEGURIDAD COLECTIVA;2023;8.997
MADRID (COMUNIDAD DE);6. SEGURIDAD COLECTIVA;2022;8.640
MADRID (COMUNIDAD DE);6. SEGURIDAD COLECTIVA;2021;7.463
MADRID (COMUNIDAD DE);6. SEGURIDAD COLECTIVA;2020;6.933
MADRID (COMUNIDAD DE);6. SEGURIDAD COLECTIVA;2019;7.696
MADRID (COMUNIDAD DE);6. SEGURIDAD COLECTIVA;2018;6.607
MADRID (COMUNIDAD DE);6.1.-Tráfico de drogas;2024;3.845
MADRID (COMUNIDAD DE);6.1.-Tráfico de drogas;2023;3.389
MADRID (COMUNIDAD DE);6.1.-Tráfico de drogas;2022;2.984
MADRID (COMUNIDAD DE);6.1.-Tráfico de drogas;2021;2.502
MADRID (COMUNIDAD DE);6.1.-Tráfico de drogas;2020;2.470
MADRID (COMUNIDAD DE);6.1.-Tráfico de drogas;2019;2.577
MADRID (COMUNIDAD DE);6.1.-Tráfico de drogas;2018;1.955
MADRID (COMUNIDAD DE);6.2.-Contra la seguridad vial;2024;5.575
MADRID (COMUNIDAD DE);6.2.-Contra la seguridad vial;2023;5.381
MADRID (COMUNIDAD DE);6.2.-Contra la seguridad vial;2022;5.425
MADRID (COMUNIDAD DE);6.2.-Contra la seguridad vial;2021;4.759
MADRID (COMUNIDAD DE);6.2.-Contra la seguridad vial;2020;4.270
MADRID (COMUNIDAD DE);6.2.-Contra la seguridad vial;2019;4.873
MADRID (COMUNIDAD DE);6.2.-Contra la seguridad vial;2018;4.278
MADRID (COMUNIDAD DE);6.3.-Otros contra la seguridad colectiva;2024;426
MADRID (COMUNIDAD DE);6.3.-Otros contra la seguridad colectiva;2023;227
MADRID (COMUNIDAD DE);6.3.-Otros contra la seguridad colectiva;2022;231
MADRID (COMUNIDAD DE);6.3.-Otros contra la seguridad colectiva;2021;202
MADRID (COMUNIDAD DE);6.3.-Otros contra la seguridad colectiva;2020;193
MADRID (COMUNIDAD DE);6.3.-Otros contra la seguridad colectiva;2019;246
MADRID (COMUNIDAD DE);6.3.-Otros contra la seguridad colectiva;2018;374
MADRID (COMUNIDAD DE);7. FALSEDADES;2024;9.903
MADRID (COMUNIDAD DE);7. FALSEDADES;2023;9.589
MADRID (COMUNIDAD DE);7. FALSEDADES;2022;8.149
MADRID (COMUNIDAD DE);7. FALSEDADES;2021;6.857
MADRID (COMUNIDAD DE);7. FALSEDADES;2020;4.584
MADRID (COMUNIDAD DE);7. FALSEDADES;2019;4.042
MADRID (COMUNIDAD DE);7. FALSEDADES;2018;3.445
MADRID (COMUNIDAD DE);8. ADMÓN. PÚBLICA;2024;51
MADRID (COMUNIDAD DE);8. ADMÓN. PÚBLICA;2023;42
MADRID (COMUNIDAD DE);8. ADMÓN. PÚBLICA;2022;59
MADRID (COMUNIDAD DE);8. ADMÓN. PÚBLICA;2021;60
MADRID (COMUNIDAD DE);8. ADMÓN. PÚBLICA;2020;35
MADRID (COMUNIDAD DE);8. ADMÓN. PÚBLICA;2019;55
MADRID (COMUNIDAD DE);8. ADMÓN. PÚBLICA;2018;87
MADRID (COMUNIDAD DE);9. ADMÓN. JUSTICIA;2024;5.819
MADRID (COMUNIDAD DE);9. ADMÓN. JUSTICIA;2023;5.631
MADRID (COMUNIDAD DE);9. ADMÓN. JUSTICIA;2022;5.377
MADRID (COMUNIDAD DE);9. ADMÓN. JUSTICIA;2021;5.006
MADRID (COMUNIDAD DE);9. ADMÓN. JUSTICIA;2020;4.481
MADRID (COMUNIDAD DE);9. ADMÓN. JUSTICIA;2019;4.671
MADRID (COMUNIDAD DE);9. ADMÓN. JUSTICIA;2018;4.464
MADRID (COMUNIDAD DE);10. ORDEN PÚBLICO;2024;5.702
MADRID (COMUNIDAD DE);10. ORDEN PÚBLICO;2023;5.706
MADRID (COMUNIDAD DE);10. ORDEN PÚBLICO;2022;5.479
MADRID (COMUNIDAD DE);10. ORDEN PÚBLICO;2021;5.747
MADRID (COMUNIDAD DE);10. ORDEN PÚBLICO;2020;5.673
MADRID (COMUNIDAD DE);10. ORDEN PÚBLICO;2019;4.428
MADRID (COMUNIDAD DE);10. ORDEN PÚBLICO;2018;3.754
MADRID (COMUNIDAD DE);11. LEGISLACIÓN ESPECIAL;2024;45
MADRID (COMUNIDAD DE);11. LEGISLACIÓN ESPECIAL;2023;35
MADRID (COMUNIDAD DE);11. LEGISLACIÓN ESPECIAL;2022;11
MADRID (COMUNIDAD DE);11. LEGISLACIÓN ESPECIAL;2021;22
MADRID (COMUNIDAD DE);11. LEGISLACIÓN ESPECIAL;2020;9
MADRID (COMUNIDAD DE);11. LEGISLACIÓN ESPECIAL;2019;24
MADRID (COMUNIDAD DE);11. LEGISLACIÓN ESPECIAL;2018;10
MADRID (COMUNIDAD DE);12. OTRAS INFRACCIONES PENALES;2024;1.099
MADRID (COMUNIDAD DE);12. OTRAS INFRACCIONES PENALES;2023;1.072
MADRID (COMUNIDAD DE);12. OTRAS INFRACCIONES PENALES;2022;983
MADRID (COMUNIDAD DE);12. OTRAS INFRACCIONES PENALES;2021;848
MADRID (COMUNIDAD DE);12. OTRAS INFRACCIONES PENALES;2020;871
MADRID (COMUNIDAD DE);12. OTRAS INFRACCIONES PENALES;2019;1.004
MADRID (COMUNIDAD DE);12. OTRAS INFRACCIONES PENALES;2018;1.012
MADRID (COMUNIDAD DE);TOTAL INFRACCIONES PENALES;2024;399.088
MADRID (COMUNIDAD DE);TOTAL INFRACCIONES PENALES;2023;411.782
MADRID (COMUNIDAD DE);TOTAL INFRACCIONES PENALES;2022;401.924
MADRID (COMUNIDAD DE);TOTAL INFRACCIONES PENALES;2021;345.987
MADRID (COMUNIDAD DE);TOTAL INFRACCIONES PENALES;2020;310.194
MADRID (COMUNIDAD DE);TOTAL INFRACCIONES PENALES;2019;407.736
MADRID (COMUNIDAD DE);TOTAL INFRACCIONES PENALES;2018;389.914
MURCIA (REGIÓN DE);1. CONTRA LAS PERSONAS;2024;8.773
MURCIA (REGIÓN DE);1. CONTRA LAS PERSONAS;2023;8.520
MURCIA (REGIÓN DE);1. CONTRA LAS PERSONAS;2022;7.590
MURCIA (REGIÓN DE);1. CONTRA LAS PERSONAS;2021;6.658
MURCIA (REGIÓN DE);1. CONTRA LAS PERSONAS;2020;5.597
MURCIA (REGIÓN DE);1. CONTRA LAS PERSONAS;2019;6.237
MURCIA (REGIÓN DE);1. CONTRA LAS PERSONAS;2018;6.010
MURCIA (REGIÓN DE);1.1.-Homicidios dolosos/asesinatos;2024;83
MURCIA (REGIÓN DE);1.1.-Homicidios dolosos/asesinatos;2023;80
MURCIA (REGIÓN DE);1.1.-Homicidios dolosos/asesinatos;2022;59
MURCIA (REGIÓN DE);1.1.-Homicidios dolosos/asesinatos;2021;60
MURCIA (REGIÓN DE);1.1.-Homicidios dolosos/asesinatos;2020;51
MURCIA (REGIÓN DE);1.1.-Homicidios dolosos/asesinatos;2019;39
MURCIA (REGIÓN DE);1.1.-Homicidios dolosos/asesinatos;2018;36
MURCIA (REGIÓN DE);1.1.1.-Homicidios dolosos/asesinatos consumados;2024;14
MURCIA (REGIÓN DE);1.1.1.-Homicidios dolosos/asesinatos consumados;2023;15
MURCIA (REGIÓN DE);1.1.1.-Homicidios dolosos/asesinatos consumados;2022;8
MURCIA (REGIÓN DE);1.1.1.-Homicidios dolosos/asesinatos consumados;2021;14
MURCIA (REGIÓN DE);1.1.1.-Homicidios dolosos/asesinatos consumados;2020;10
MURCIA (REGIÓN DE);1.1.1.-Homicidios dolosos/asesinatos consumados;2019;13
MURCIA (REGIÓN DE);1.1.1.-Homicidios dolosos/asesinatos consumados;2018;11
MURCIA (REGIÓN DE);1.2.-Lesiones;2024;4.729
MURCIA (REGIÓN DE);1.2.-Lesiones;2023;4.325
MURCIA (REGIÓN DE);1.2.-Lesiones;2022;4.129
MURCIA (REGIÓN DE);1.2.-Lesiones;2021;3.484
MURCIA (REGIÓN DE);1.2.-Lesiones;2020;2.966
MURCIA (REGIÓN DE);1.2.-Lesiones;2019;3.449
MURCIA (REGIÓN DE);1.2.-Lesiones;2018;3.333
MURCIA (REGIÓN DE);1.3.-Malos tratos ámbito familiar;2024;3.756
MURCIA (REGIÓN DE);1.3.-Malos tratos ámbito familiar;2023;3.957
MURCIA (REGIÓN DE);1.3.-Malos tratos ámbito familiar;2022;3.290
MURCIA (REGIÓN DE);1.3.-Malos tratos ámbito familiar;2021;3.030
MURCIA (REGIÓN DE);1.3.-Malos tratos ámbito familiar;2020;2.504
MURCIA (REGIÓN DE);1.3.-Malos tratos ámbito familiar;2019;2.678
MURCIA (REGIÓN DE);1.3.-Malos tratos ámbito familiar;2018;2.580
MURCIA (REGIÓN DE);1.4.-Otros contra las personas;2024;205
MURCIA (REGIÓN DE);1.4.-Otros contra las personas;2023;158
MURCIA (REGIÓN DE);1.4.-Otros contra las personas;2022;112
MURCIA (REGIÓN DE);1.4.-Otros contra las personas;2021;84
MURCIA (REGIÓN DE);1.4.-Otros contra las personas;2020;76
MURCIA (REGIÓN DE);1.4.-Otros contra las personas;2019;71
MURCIA (REGIÓN DE);1.4.-Otros contra las personas;2018;61
MURCIA (REGIÓN DE);2. CONTRA LA LIBERTAD;2024;5.811
MURCIA (REGIÓN DE);2. CONTRA LA LIBERTAD;2023;5.396
MURCIA (REGIÓN DE);2. CONTRA LA LIBERTAD;2022;4.748
MURCIA (REGIÓN DE);2. CONTRA LA LIBERTAD;2021;4.415
MURCIA (REGIÓN DE);2. CONTRA LA LIBERTAD;2020;4.019
MURCIA (REGIÓN DE);2. CONTRA LA LIBERTAD;2019;3.741
MURCIA (REGIÓN DE);2. CONTRA LA LIBERTAD;2018;3.414
MURCIA (REGIÓN DE);2.1.-Malos tratos habituales en el ámbito familiar;2024;330
MURCIA (REGIÓN DE);2.1.-Malos tratos habituales en el ámbito familiar;2023;388
MURCIA (REGIÓN DE);2.1.-Malos tratos habituales en el ámbito familiar;2022;352
MURCIA (REGIÓN DE);2.1.-Malos tratos habituales en el ámbito familiar;2021;354
MURCIA (REGIÓN DE);2.1.-Malos tratos habituales en el ámbito familiar;2020;378
MURCIA (REGIÓN DE);2.1.-Malos tratos habituales en el ámbito familiar;2019;364
MURCIA (REGIÓN DE);2.1.-Malos tratos habituales en el ámbito familiar;2018;337
MURCIA (REGIÓN DE);2.2.-Otros contra la libertad;2024;5.481
MURCIA (REGIÓN DE);2.2.-Otros contra la libertad;2023;5.008
MURCIA (REGIÓN DE);2.2.-Otros contra la libertad;2022;4.396
MURCIA (REGIÓN DE);2.2.-Otros contra la libertad;2021;4.061
MURCIA (REGIÓN DE);2.2.-Otros contra la libertad;2020;3.641
MURCIA (REGIÓN DE);2.2.-Otros contra la libertad;2019;3.377
MURCIA (REGIÓN DE);2.2.-Otros contra la libertad;2018;3.077
MURCIA (REGIÓN DE);3. LIBERTAD SEXUAL;2024;890
MURCIA (REGIÓN DE);3. LIBERTAD SEXUAL;2023;721
MURCIA (REGIÓN DE);3. LIBERTAD SEXUAL;2022;620
MURCIA (REGIÓN DE);3. LIBERTAD SEXUAL;2021;613
MURCIA (REGIÓN DE);3. LIBERTAD SEXUAL;2020;505
MURCIA (REGIÓN DE);3. LIBERTAD SEXUAL;2019;535
MURCIA (REGIÓN DE);3. LIBERTAD SEXUAL;2018;478
MURCIA (REGIÓN DE);3.1.-Agresión sexual;2024;553
MURCIA (REGIÓN DE);3.1.-Agresión sexual;2023;472
MURCIA (REGIÓN DE);3.1.-Agresión sexual;2022;436
MURCIA (REGIÓN DE);3.1.-Agresión sexual;2021;395
MURCIA (REGIÓN DE);3.1.-Agresión sexual;2020;296
MURCIA (REGIÓN DE);3.1.-Agresión sexual;2019;341
MURCIA (REGIÓN DE);3.1.-Agresión sexual;2018;312
MURCIA (REGIÓN DE);3.2.-Agresión sexual con penetración;2024;139
MURCIA (REGIÓN DE);3.2.-Agresión sexual con penetración;2023;110
MURCIA (REGIÓN DE);3.2.-Agresión sexual con penetración;2022;93
MURCIA (REGIÓN DE);3.2.-Agresión sexual con penetración;2021;110
MURCIA (REGIÓN DE);3.2.-Agresión sexual con penetración;2020;94
MURCIA (REGIÓN DE);3.2.-Agresión sexual con penetración;2019;73
MURCIA (REGIÓN DE);3.2.-Agresión sexual con penetración;2018;68
MURCIA (REGIÓN DE);3.3.-Corrupción de menores o incapacitados;2024;90
MURCIA (REGIÓN DE);3.3.-Corrupción de menores o incapacitados;2023;22
MURCIA (REGIÓN DE);3.3.-Corrupción de menores o incapacitados;2022;7
MURCIA (REGIÓN DE);3.3.-Corrupción de menores o incapacitados;2021;16
MURCIA (REGIÓN DE);3.3.-Corrupción de menores o incapacitados;2020;14
MURCIA (REGIÓN DE);3.3.-Corrupción de menores o incapacitados;2019;18
MURCIA (REGIÓN DE);3.3.-Corrupción de menores o incapacitados;2018;15
MURCIA (REGIÓN DE);3.4.-Pornografía de menores;2024;28
MURCIA (REGIÓN DE);3.4.-Pornografía de menores;2023;33
MURCIA (REGIÓN DE);3.4.-Pornografía de menores;2022;20
MURCIA (REGIÓN DE);3.4.-Pornografía de menores;2021;27
MURCIA (REGIÓN DE);3.4.-Pornografía de menores;2020;32
MURCIA (REGIÓN DE);3.4.-Pornografía de menores;2019;27
MURCIA (REGIÓN DE);3.4.-Pornografía de menores;2018;14
MURCIA (REGIÓN DE);3.5.-Otros contra la libertad sexual;2024;80
MURCIA (REGIÓN DE);3.5.-Otros contra la libertad sexual;2023;84
MURCIA (REGIÓN DE);3.5.-Otros contra la libertad sexual;2022;64
MURCIA (REGIÓN DE);3.5.-Otros contra la libertad sexual;2021;65
MURCIA (REGIÓN DE);3.5.-Otros contra la libertad sexual;2020;69
MURCIA (REGIÓN DE);3.5.-Otros contra la libertad sexual;2019;76
MURCIA (REGIÓN DE);3.5.-Otros contra la libertad sexual;2018;69
MURCIA (REGIÓN DE);4. RELACIONES FAMILIARES;2024;654
MURCIA (REGIÓN DE);4. RELACIONES FAMILIARES;2023;660
MURCIA (REGIÓN DE);4. RELACIONES FAMILIARES;2022;592
MURCIA (REGIÓN DE);4. RELACIONES FAMILIARES;2021;615
MURCIA (REGIÓN DE);4. RELACIONES FAMILIARES;2020;534
MURCIA (REGIÓN DE);4. RELACIONES FAMILIARES;2019;552
MURCIA (REGIÓN DE);4. RELACIONES FAMILIARES;2018;588
MURCIA (REGIÓN DE);5. PATRIMONIO;2024;51.417
MURCIA (REGIÓN DE);5. PATRIMONIO;2023;52.383
MURCIA (REGIÓN DE);5. PATRIMONIO;2022;49.030
MURCIA (REGIÓN DE);5. PATRIMONIO;2021;40.153
MURCIA (REGIÓN DE);5. PATRIMONIO;2020;35.539
MURCIA (REGIÓN DE);5. PATRIMONIO;2019;41.700
MURCIA (REGIÓN DE);5. PATRIMONIO;2018;40.812
MURCIA (REGIÓN DE);5.1.-Hurtos;2024;16.201
MURCIA (REGIÓN DE);5.1.-Hurtos;2023;16.564
MURCIA (REGIÓN DE);5.1.-Hurtos;2022;15.475
MURCIA (REGIÓN DE);5.1.-Hurtos;2021;11.925
MURCIA (REGIÓN DE);5.1.-Hurtos;2020;9.925
MURCIA (REGIÓN DE);5.1.-Hurtos;2019;15.138
MURCIA (REGIÓN DE);5.1.-Hurtos;2018;14.888
MURCIA (REGIÓN DE);5.2.-Robos con fuerza en las cosas;2024;9.862
MURCIA (REGIÓN DE);5.2.-Robos con fuerza en las cosas;2023;10.318
MURCIA (REGIÓN DE);5.2.-Robos con fuerza en las cosas;2022;10.214
MURCIA (REGIÓN DE);5.2.-Robos con fuerza en las cosas;2021;9.127
MURCIA (REGIÓN DE);5.2.-Robos con fuerza en las cosas;2020;8.287
MURCIA (REGIÓN DE);5.2.-Robos con fuerza en las cosas;2019;10.780
MURCIA (REGIÓN DE);5.2.-Robos con fuerza en las cosas;2018;11.206
MURCIA (REGIÓN DE);5.2.1.-Robos con fuerza en las cosas en el interior de vehículos;2024;3.150
MURCIA (REGIÓN DE);5.2.1.-Robos con fuerza en las cosas en el interior de vehículos;2023;3.248
MURCIA (REGIÓN DE);5.2.1.-Robos con fuerza en las cosas en el interior de vehículos;2022;2.922
MURCIA (REGIÓN DE);5.2.1.-Robos con fuerza en las cosas en el interior de vehículos;2021;2.940
MURCIA (REGIÓN DE);5.2.1.-Robos con fuerza en las cosas en el interior de vehículos;2020;2.352
MURCIA (REGIÓN DE);5.2.1.-Robos con fuerza en las cosas en el interior de vehículos;2019;2.902
MURCIA (REGIÓN DE);5.2.1.-Robos con fuerza en las cosas en el interior de vehículos;2018;2.805
MURCIA (REGIÓN DE);5.2.2.-Robos con fuerza en viviendas;2024;3.949
MURCIA (REGIÓN DE);5.2.2.-Robos con fuerza en viviendas;2023;3.909
MURCIA (REGIÓN DE);5.2.2.-Robos con fuerza en viviendas;2022;4.001
MURCIA (REGIÓN DE);5.2.2.-Robos con fuerza en viviendas;2021;3.793
MURCIA (REGIÓN DE);5.2.2.-Robos con fuerza en viviendas;2020;3.796
MURCIA (REGIÓN DE);5.2.2.-Robos con fuerza en viviendas;2019;5.017
MURCIA (REGIÓN DE);5.2.2.-Robos con fuerza en viviendas;2018;5.662
MURCIA (REGIÓN DE);5.2.3.-Robos con fuerza en establecimientos;2024;1.146
MURCIA (REGIÓN DE);5.2.3.-Robos con fuerza en establecimientos;2023;1.356
MURCIA (REGIÓN DE);5.2.3.-Robos con fuerza en establecimientos;2022;1.306
MURCIA (REGIÓN DE);5.2.3.-Robos con fuerza en establecimientos;2021;1.028
MURCIA (REGIÓN DE);5.2.3.-Robos con fuerza en establecimientos;2020;859
MURCIA (REGIÓN DE);5.2.3.-Robos con fuerza en establecimientos;2019;1.096
MURCIA (REGIÓN DE);5.2.3.-Robos con fuerza en establecimientos;2018;1.073
MURCIA (REGIÓN DE);5.3.-Robos con violencia o intimidación;2024;2.153
MURCIA (REGIÓN DE);5.3.-Robos con violencia o intimidación;2023;2.071
MURCIA (REGIÓN DE);5.3.-Robos con violencia o intimidación;2022;1.999
MURCIA (REGIÓN DE);5.3.-Robos con violencia o intimidación;2021;1.375
MURCIA (REGIÓN DE);5.3.-Robos con violencia o intimidación;2020;1.207
MURCIA (REGIÓN DE);5.3.-Robos con violencia o intimidación;2019;1.536
MURCIA (REGIÓN DE);5.3.-Robos con violencia o intimidación;2018;1.444
MURCIA (REGIÓN DE);5.3.1.-Robos con violencia en vía pública;2024;1.332
MURCIA (REGIÓN DE);5.3.1.-Robos con violencia en vía pública;2023;1.307
MURCIA (REGIÓN DE);5.3.1.-Robos con violencia en vía pública;2022;1.293
MURCIA (REGIÓN DE);5.3.1.-Robos con violencia en vía pública;2021;809
MURCIA (REGIÓN DE);5.3.1.-Robos con violencia en vía pública;2020;742
MURCIA (REGIÓN DE);5.3.1.-Robos con violencia en vía pública;2019;917
MURCIA (REGIÓN DE);5.3.1.-Robos con violencia en vía pública;2018;968
MURCIA (REGIÓN DE);5.3.2.-Robos con violencia en viviendas;2024;179
MURCIA (REGIÓN DE);5.3.2.-Robos con violencia en viviendas;2023;143
MURCIA (REGIÓN DE);5.3.2.-Robos con violencia en viviendas;2022;130
MURCIA (REGIÓN DE);5.3.2.-Robos con violencia en viviendas;2021;112
MURCIA (REGIÓN DE);5.3.2.-Robos con violencia en viviendas;2020;123
MURCIA (REGIÓN DE);5.3.2.-Robos con violencia en viviendas;2019;124
MURCIA (REGIÓN DE);5.3.2.-Robos con violencia en viviendas;2018;109
MURCIA (REGIÓN DE);5.3.3.-Robos con violencia en establecimientos;2024;376
MURCIA (REGIÓN DE);5.3.3.-Robos con violencia en establecimientos;2023;345
MURCIA (REGIÓN DE);5.3.3.-Robos con violencia en establecimientos;2022;317
MURCIA (REGIÓN DE);5.3.3.-Robos con violencia en establecimientos;2021;236
MURCIA (REGIÓN DE);5.3.3.-Robos con violencia en establecimientos;2020;176
MURCIA (REGIÓN DE);5.3.3.-Robos con violencia en establecimientos;2019;258
MURCIA (REGIÓN DE);5.3.3.-Robos con violencia en establecimientos;2018;191
MURCIA (REGIÓN DE);5.4.-Sustracción de vehículos;2024;935
MURCIA (REGIÓN DE);5.4.-Sustracción de vehículos;2023;970
MURCIA (REGIÓN DE);5.4.-Sustracción de vehículos;2022;774
MURCIA (REGIÓN DE);5.4.-Sustracción de vehículos;2021;666
MURCIA (REGIÓN DE);5.4.-Sustracción de vehículos;2020;726
MURCIA (REGIÓN DE);5.4.-Sustracción de vehículos;2019;909
MURCIA (REGIÓN DE);5.4.-Sustracción de vehículos;2018;951
MURCIA (REGIÓN DE);5.5.-Estafas;2024;13.902
MURCIA (REGIÓN DE);5.5.-Estafas;2023;14.416
MURCIA (REGIÓN DE);5.5.-Estafas;2022;12.221
MURCIA (REGIÓN DE);5.5.-Estafas;2021;9.632
MURCIA (REGIÓN DE);5.5.-Estafas;2020;8.822
MURCIA (REGIÓN DE);5.5.-Estafas;2019;6.657
MURCIA (REGIÓN DE);5.5.-Estafas;2018;5.948
MURCIA (REGIÓN DE);5.5.1.-Estafas informáticas;2024;11.558
MURCIA (REGIÓN DE);5.5.1.-Estafas informáticas;2023;12.310
MURCIA (REGIÓN DE);5.5.1.-Estafas informáticas;2022;8.651
MURCIA (REGIÓN DE);5.5.1.-Estafas informáticas;2021;6.754
MURCIA (REGIÓN DE);5.5.1.-Estafas informáticas;2020;5.887
MURCIA (REGIÓN DE);5.5.1.-Estafas informáticas;2019;3.358
MURCIA (REGIÓN DE);5.5.1.-Estafas informáticas;2018;2.034
MURCIA (REGIÓN DE);5.6.-Daños;2024;5.890
MURCIA (REGIÓN DE);5.6.-Daños;2023;5.752
MURCIA (REGIÓN DE);5.6.-Daños;2022;6.140
MURCIA (REGIÓN DE);5.6.-Daños;2021;5.447
MURCIA (REGIÓN DE);5.6.-Daños;2020;4.733
MURCIA (REGIÓN DE);5.6.-Daños;2019;4.813
MURCIA (REGIÓN DE);5.6.-Daños;2018;4.848
MURCIA (REGIÓN DE);5.7.-Contra la propiedad intelectual/industrial;2024;34
MURCIA (REGIÓN DE);5.7.-Contra la propiedad intelectual/industrial;2023;37
MURCIA (REGIÓN DE);5.7.-Contra la propiedad intelectual/industrial;2022;37
MURCIA (REGIÓN DE);5.7.-Contra la propiedad intelectual/industrial;2021;45
MURCIA (REGIÓN DE);5.7.-Contra la propiedad intelectual/industrial;2020;50
MURCIA (REGIÓN DE);5.7.-Contra la propiedad intelectual/industrial;2019;43
MURCIA (REGIÓN DE);5.7.-Contra la propiedad intelectual/industrial;2018;52
MURCIA (REGIÓN DE);5.8.-Blanqueo de capitales;2024;14
MURCIA (REGIÓN DE);5.8.-Blanqueo de capitales;2023;11
MURCIA (REGIÓN DE);5.8.-Blanqueo de capitales;2022;10
MURCIA (REGIÓN DE);5.8.-Blanqueo de capitales;2021;15
MURCIA (REGIÓN DE);5.8.-Blanqueo de capitales;2020;13
MURCIA (REGIÓN DE);5.8.-Blanqueo de capitales;2019;8
MURCIA (REGIÓN DE);5.8.-Blanqueo de capitales;2018;4
MURCIA (REGIÓN DE);5.9.-Otros contra el patrimonio;2024;2.426
MURCIA (REGIÓN DE);5.9.-Otros contra el patrimonio;2023;2.244
MURCIA (REGIÓN DE);5.9.-Otros contra el patrimonio;2022;2.160
MURCIA (REGIÓN DE);5.9.-Otros contra el patrimonio;2021;1.921
MURCIA (REGIÓN DE);5.9.-Otros contra el patrimonio;2020;1.776
MURCIA (REGIÓN DE);5.9.-Otros contra el patrimonio;2019;1.816
MURCIA (REGIÓN DE);5.9.-Otros contra el patrimonio;2018;1.471
MURCIA (REGIÓN DE);6. SEGURIDAD COLECTIVA;2024;1.848
MURCIA (REGIÓN DE);6. SEGURIDAD COLECTIVA;2023;1.737
MURCIA (REGIÓN DE);6. SEGURIDAD COLECTIVA;2022;1.786
MURCIA (REGIÓN DE);6. SEGURIDAD COLECTIVA;2021;1.497
MURCIA (REGIÓN DE);6. SEGURIDAD COLECTIVA;2020;1.308
MURCIA (REGIÓN DE);6. SEGURIDAD COLECTIVA;2019;1.664
MURCIA (REGIÓN DE);6. SEGURIDAD COLECTIVA;2018;1.502
MURCIA (REGIÓN DE);6.1.-Tráfico de drogas;2024;566
MURCIA (REGIÓN DE);6.1.-Tráfico de drogas;2023;580
MURCIA (REGIÓN DE);6.1.-Tráfico de drogas;2022;527
MURCIA (REGIÓN DE);6.1.-Tráfico de drogas;2021;506
MURCIA (REGIÓN DE);6.1.-Tráfico de drogas;2020;389
MURCIA (REGIÓN DE);6.1.-Tráfico de drogas;2019;360
MURCIA (REGIÓN DE);6.1.-Tráfico de drogas;2018;287
MURCIA (REGIÓN DE);6.2.-Contra la seguridad vial;2024;1.184
MURCIA (REGIÓN DE);6.2.-Contra la seguridad vial;2023;1.062
MURCIA (REGIÓN DE);6.2.-Contra la seguridad vial;2022;1.186
MURCIA (REGIÓN DE);6.2.-Contra la seguridad vial;2021;935
MURCIA (REGIÓN DE);6.2.-Contra la seguridad vial;2020;865
MURCIA (REGIÓN DE);6.2.-Contra la seguridad vial;2019;1.244
MURCIA (REGIÓN DE);6.2.-Contra la seguridad vial;2018;1.143
MURCIA (REGIÓN DE);6.3.-Otros contra la seguridad colectiva;2024;98
MURCIA (REGIÓN DE);6.3.-Otros contra la seguridad colectiva;2023;95
MURCIA (REGIÓN DE);6.3.-Otros contra la seguridad colectiva;2022;73
MURCIA (REGIÓN DE);6.3.-Otros contra la seguridad colectiva;2021;56
MURCIA (REGIÓN DE);6.3.-Otros contra la seguridad colectiva;2020;54
MURCIA (REGIÓN DE);6.3.-Otros contra la seguridad colectiva;2019;60
MURCIA (REGIÓN DE);6.3.-Otros contra la seguridad colectiva;2018;72
MURCIA (REGIÓN DE);7. FALSEDADES;2024;1.688
MURCIA (REGIÓN DE);7. FALSEDADES;2023;1.447
MURCIA (REGIÓN DE);7. FALSEDADES;2022;1.378
MURCIA (REGIÓN DE);7. FALSEDADES;2021;1.336
MURCIA (REGIÓN DE);7. FALSEDADES;2020;929
MURCIA (REGIÓN DE);7. FALSEDADES;2019;708
MURCIA (REGIÓN DE);7. FALSEDADES;2018;679
MURCIA (REGIÓN DE);8. ADMÓN. PÚBLICA;2024;22
MURCIA (REGIÓN DE);8. ADMÓN. PÚBLICA;2023;20
MURCIA (REGIÓN DE);8. ADMÓN. PÚBLICA;2022;9
MURCIA (REGIÓN DE);8. ADMÓN. PÚBLICA;2021;28
MURCIA (REGIÓN DE);8. ADMÓN. PÚBLICA;2020;25
MURCIA (REGIÓN DE);8. ADMÓN. PÚBLICA;2019;14
MURCIA (REGIÓN DE);8. ADMÓN. PÚBLICA;2018;16
MURCIA (REGIÓN DE);9. ADMÓN. JUSTICIA;2024;1.869
MURCIA (REGIÓN DE);9. ADMÓN. JUSTICIA;2023;1.766
MURCIA (REGIÓN DE);9. ADMÓN. JUSTICIA;2022;1.618
MURCIA (REGIÓN DE);9. ADMÓN. JUSTICIA;2021;1.250
MURCIA (REGIÓN DE);9. ADMÓN. JUSTICIA;2020;1.159
MURCIA (REGIÓN DE);9. ADMÓN. JUSTICIA;2019;1.040
MURCIA (REGIÓN DE);9. ADMÓN. JUSTICIA;2018;1.009
MURCIA (REGIÓN DE);10. ORDEN PÚBLICO;2024;1.154
MURCIA (REGIÓN DE);10. ORDEN PÚBLICO;2023;1.025
MURCIA (REGIÓN DE);10. ORDEN PÚBLICO;2022;884
MURCIA (REGIÓN DE);10. ORDEN PÚBLICO;2021;816
MURCIA (REGIÓN DE);10. ORDEN PÚBLICO;2020;900
MURCIA (REGIÓN DE);10. ORDEN PÚBLICO;2019;564
MURCIA (REGIÓN DE);10. ORDEN PÚBLICO;2018;570
MURCIA (REGIÓN DE);11. LEGISLACIÓN ESPECIAL;2024;8
MURCIA (REGIÓN DE);11. LEGISLACIÓN ESPECIAL;2023;16
MURCIA (REGIÓN DE);11. LEGISLACIÓN ESPECIAL;2022;14
MURCIA (REGIÓN DE);11. LEGISLACIÓN ESPECIAL;2021;10
MURCIA (REGIÓN DE);11. LEGISLACIÓN ESPECIAL;2020;14
MURCIA (REGIÓN DE);11. LEGISLACIÓN ESPECIAL;2019;1
MURCIA (REGIÓN DE);11. LEGISLACIÓN ESPECIAL;2018;2
MURCIA (REGIÓN DE);12. OTRAS INFRACCIONES PENALES;2024;445
MURCIA (REGIÓN DE);12. OTRAS INFRACCIONES PENALES;2023;503
MURCIA (REGIÓN DE);12. OTRAS INFRACCIONES PENALES;2022;448
MURCIA (REGIÓN DE);12. OTRAS INFRACCIONES PENALES;2021;583
MURCIA (REGIÓN DE);12. OTRAS INFRACCIONES PENALES;2020;440
MURCIA (REGIÓN DE);12. OTRAS INFRACCIONES PENALES;2019;343
MURCIA (REGIÓN DE);12. OTRAS INFRACCIONES PENALES;2018;318
MURCIA (REGIÓN DE);TOTAL INFRACCIONES PENALES;2024;74.579
MURCIA (REGIÓN DE);TOTAL INFRACCIONES PENALES;2023;74.194
MURCIA (REGIÓN DE);TOTAL INFRACCIONES PENALES;2022;68.717
MURCIA (REGIÓN DE);TOTAL INFRACCIONES PENALES;2021;57.974
MURCIA (REGIÓN DE);TOTAL INFRACCIONES PENALES;2020;50.969
MURCIA (REGIÓN DE);TOTAL INFRACCIONES PENALES;2019;57.099
MURCIA (REGIÓN DE);TOTAL INFRACCIONES PENALES;2018;55.398
NAVARRA (COMUNIDAD FORAL DE);1. CONTRA LAS PERSONAS;2024;3.231
NAVARRA (COMUNIDAD FORAL DE);1. CONTRA LAS PERSONAS;2023;3.028
NAVARRA (COMUNIDAD FORAL DE);1. CONTRA LAS PERSONAS;2022;3.098
NAVARRA (COMUNIDAD FORAL DE);1. CONTRA LAS PERSONAS;2021;2.470
NAVARRA (COMUNIDAD FORAL DE);1. CONTRA LAS PERSONAS;2020;2.109
NAVARRA (COMUNIDAD FORAL DE);1. CONTRA LAS PERSONAS;2019;2.693
NAVARRA (COMUNIDAD FORAL DE);1. CONTRA LAS PERSONAS;2018;2.589
NAVARRA (COMUNIDAD FORAL DE);1.1.-Homicidios dolosos/asesinatos;2024;26
NAVARRA (COMUNIDAD FORAL DE);1.1.-Homicidios dolosos/asesinatos;2023;38
NAVARRA (COMUNIDAD FORAL DE);1.1.-Homicidios dolosos/asesinatos;2022;24
NAVARRA (COMUNIDAD FORAL DE);1.1.-Homicidios dolosos/asesinatos;2021;23
NAVARRA (COMUNIDAD FORAL DE);1.1.-Homicidios dolosos/asesinatos;2020;23
NAVARRA (COMUNIDAD FORAL DE);1.1.-Homicidios dolosos/asesinatos;2019;18
NAVARRA (COMUNIDAD FORAL DE);1.1.-Homicidios dolosos/asesinatos;2018;25
NAVARRA (COMUNIDAD FORAL DE);1.1.1.-Homicidios dolosos/asesinatos consumados;2024;4
NAVARRA (COMUNIDAD FORAL DE);1.1.1.-Homicidios dolosos/asesinatos consumados;2023;6
NAVARRA (COMUNIDAD FORAL DE);1.1.1.-Homicidios dolosos/asesinatos consumados;2022;3
NAVARRA (COMUNIDAD FORAL DE);1.1.1.-Homicidios dolosos/asesinatos consumados;2021;2
NAVARRA (COMUNIDAD FORAL DE);1.1.1.-Homicidios dolosos/asesinatos consumados;2020;1
NAVARRA (COMUNIDAD FORAL DE);1.1.1.-Homicidios dolosos/asesinatos consumados;2019;5
NAVARRA (COMUNIDAD FORAL DE);1.1.1.-Homicidios dolosos/asesinatos consumados;2018;10
NAVARRA (COMUNIDAD FORAL DE);1.2.-Lesiones;2024;1.945
NAVARRA (COMUNIDAD FORAL DE);1.2.-Lesiones;2023;1.784
NAVARRA (COMUNIDAD FORAL DE);1.2.-Lesiones;2022;1.838
NAVARRA (COMUNIDAD FORAL DE);1.2.-Lesiones;2021;1.448
NAVARRA (COMUNIDAD FORAL DE);1.2.-Lesiones;2020;1.108
NAVARRA (COMUNIDAD FORAL DE);1.2.-Lesiones;2019;1.638
NAVARRA (COMUNIDAD FORAL DE);1.2.-Lesiones;2018;1.506
NAVARRA (COMUNIDAD FORAL DE);1.3.-Malos tratos ámbito familiar;2024;1.171
NAVARRA (COMUNIDAD FORAL DE);1.3.-Malos tratos ámbito familiar;2023;1.102
NAVARRA (COMUNIDAD FORAL DE);1.3.-Malos tratos ámbito familiar;2022;1.109
NAVARRA (COMUNIDAD FORAL DE);1.3.-Malos tratos ámbito familiar;2021;936
NAVARRA (COMUNIDAD FORAL DE);1.3.-Malos tratos ámbito familiar;2020;933
NAVARRA (COMUNIDAD FORAL DE);1.3.-Malos tratos ámbito familiar;2019;1.001
NAVARRA (COMUNIDAD FORAL DE);1.3.-Malos tratos ámbito familiar;2018;1.016
NAVARRA (COMUNIDAD FORAL DE);1.4.-Otros contra las personas;2024;89
NAVARRA (COMUNIDAD FORAL DE);1.4.-Otros contra las personas;2023;104
NAVARRA (COMUNIDAD FORAL DE);1.4.-Otros contra las personas;2022;127
NAVARRA (COMUNIDAD FORAL DE);1.4.-Otros contra las personas;2021;63
NAVARRA (COMUNIDAD FORAL DE);1.4.-Otros contra las personas;2020;45
NAVARRA (COMUNIDAD FORAL DE);1.4.-Otros contra las personas;2019;36
NAVARRA (COMUNIDAD FORAL DE);1.4.-Otros contra las personas;2018;42
NAVARRA (COMUNIDAD FORAL DE);2. CONTRA LA LIBERTAD;2024;2.678
NAVARRA (COMUNIDAD FORAL DE);2. CONTRA LA LIBERTAD;2023;2.522
NAVARRA (COMUNIDAD FORAL DE);2. CONTRA LA LIBERTAD;2022;2.343
NAVARRA (COMUNIDAD FORAL DE);2. CONTRA LA LIBERTAD;2021;2.060
NAVARRA (COMUNIDAD FORAL DE);2. CONTRA LA LIBERTAD;2020;1.712
NAVARRA (COMUNIDAD FORAL DE);2. CONTRA LA LIBERTAD;2019;1.799
NAVARRA (COMUNIDAD FORAL DE);2. CONTRA LA LIBERTAD;2018;1.681
NAVARRA (COMUNIDAD FORAL DE);2.1.-Malos tratos habituales en el ámbito familiar;2024;319
NAVARRA (COMUNIDAD FORAL DE);2.1.-Malos tratos habituales en el ámbito familiar;2023;310
NAVARRA (COMUNIDAD FORAL DE);2.1.-Malos tratos habituales en el ámbito familiar;2022;246
NAVARRA (COMUNIDAD FORAL DE);2.1.-Malos tratos habituales en el ámbito familiar;2021;150
NAVARRA (COMUNIDAD FORAL DE);2.1.-Malos tratos habituales en el ámbito familiar;2020;143
NAVARRA (COMUNIDAD FORAL DE);2.1.-Malos tratos habituales en el ámbito familiar;2019;151
NAVARRA (COMUNIDAD FORAL DE);2.1.-Malos tratos habituales en el ámbito familiar;2018;111
NAVARRA (COMUNIDAD FORAL DE);2.2.-Otros contra la libertad;2024;2.359
NAVARRA (COMUNIDAD FORAL DE);2.2.-Otros contra la libertad;2023;2.212
NAVARRA (COMUNIDAD FORAL DE);2.2.-Otros contra la libertad;2022;2.097
NAVARRA (COMUNIDAD FORAL DE);2.2.-Otros contra la libertad;2021;1.910
NAVARRA (COMUNIDAD FORAL DE);2.2.-Otros contra la libertad;2020;1.569
NAVARRA (COMUNIDAD FORAL DE);2.2.-Otros contra la libertad;2019;1.648
NAVARRA (COMUNIDAD FORAL DE);2.2.-Otros contra la libertad;2018;1.570
NAVARRA (COMUNIDAD FORAL DE);3. LIBERTAD SEXUAL;2024;532
NAVARRA (COMUNIDAD FORAL DE);3. LIBERTAD SEXUAL;2023;462
NAVARRA (COMUNIDAD FORAL DE);3. LIBERTAD SEXUAL;2022;347
NAVARRA (COMUNIDAD FORAL DE);3. LIBERTAD SEXUAL;2021;264
NAVARRA (COMUNIDAD FORAL DE);3. LIBERTAD SEXUAL;2020;241
NAVARRA (COMUNIDAD FORAL DE);3. LIBERTAD SEXUAL;2019;232
NAVARRA (COMUNIDAD FORAL DE);3. LIBERTAD SEXUAL;2018;271
NAVARRA (COMUNIDAD FORAL DE);3.1.-Agresión sexual;2024;335
NAVARRA (COMUNIDAD FORAL DE);3.1.-Agresión sexual;2023;274
NAVARRA (COMUNIDAD FORAL DE);3.1.-Agresión sexual;2022;218
NAVARRA (COMUNIDAD FORAL DE);3.1.-Agresión sexual;2021;144
NAVARRA (COMUNIDAD FORAL DE);3.1.-Agresión sexual;2020;129
NAVARRA (COMUNIDAD FORAL DE);3.1.-Agresión sexual;2019;126
NAVARRA (COMUNIDAD FORAL DE);3.1.-Agresión sexual;2018;144
NAVARRA (COMUNIDAD FORAL DE);3.2.-Agresión sexual con penetración;2024;72
NAVARRA (COMUNIDAD FORAL DE);3.2.-Agresión sexual con penetración;2023;82
NAVARRA (COMUNIDAD FORAL DE);3.2.-Agresión sexual con penetración;2022;76
NAVARRA (COMUNIDAD FORAL DE);3.2.-Agresión sexual con penetración;2021;66
NAVARRA (COMUNIDAD FORAL DE);3.2.-Agresión sexual con penetración;2020;36
NAVARRA (COMUNIDAD FORAL DE);3.2.-Agresión sexual con penetración;2019;52
NAVARRA (COMUNIDAD FORAL DE);3.2.-Agresión sexual con penetración;2018;64
NAVARRA (COMUNIDAD FORAL DE);3.3.-Corrupción de menores o incapacitados;2024;8
NAVARRA (COMUNIDAD FORAL DE);3.3.-Corrupción de menores o incapacitados;2023;18
NAVARRA (COMUNIDAD FORAL DE);3.3.-Corrupción de menores o incapacitados;2022;11
NAVARRA (COMUNIDAD FORAL DE);3.3.-Corrupción de menores o incapacitados;2021;17
NAVARRA (COMUNIDAD FORAL DE);3.3.-Corrupción de menores o incapacitados;2020;15
NAVARRA (COMUNIDAD FORAL DE);3.3.-Corrupción de menores o incapacitados;2019;8
NAVARRA (COMUNIDAD FORAL DE);3.3.-Corrupción de menores o incapacitados;2018;7
NAVARRA (COMUNIDAD FORAL DE);3.4.-Pornografía de menores;2024;36
NAVARRA (COMUNIDAD FORAL DE);3.4.-Pornografía de menores;2023;25
NAVARRA (COMUNIDAD FORAL DE);3.4.-Pornografía de menores;2022;6
NAVARRA (COMUNIDAD FORAL DE);3.4.-Pornografía de menores;2021;8
NAVARRA (COMUNIDAD FORAL DE);3.4.-Pornografía de menores;2020;13
NAVARRA (COMUNIDAD FORAL DE);3.4.-Pornografía de menores;2019;7
NAVARRA (COMUNIDAD FORAL DE);3.4.-Pornografía de menores;2018;12
NAVARRA (COMUNIDAD FORAL DE);3.5.-Otros contra la libertad sexual;2024;81
NAVARRA (COMUNIDAD FORAL DE);3.5.-Otros contra la libertad sexual;2023;63
NAVARRA (COMUNIDAD FORAL DE);3.5.-Otros contra la libertad sexual;2022;36
NAVARRA (COMUNIDAD FORAL DE);3.5.-Otros contra la libertad sexual;2021;29
NAVARRA (COMUNIDAD FORAL DE);3.5.-Otros contra la libertad sexual;2020;48
NAVARRA (COMUNIDAD FORAL DE);3.5.-Otros contra la libertad sexual;2019;39
NAVARRA (COMUNIDAD FORAL DE);3.5.-Otros contra la libertad sexual;2018;44
NAVARRA (COMUNIDAD FORAL DE);4. RELACIONES FAMILIARES;2024;96
NAVARRA (COMUNIDAD FORAL DE);4. RELACIONES FAMILIARES;2023;94
NAVARRA (COMUNIDAD FORAL DE);4. RELACIONES FAMILIARES;2022;96
NAVARRA (COMUNIDAD FORAL DE);4. RELACIONES FAMILIARES;2021;100
NAVARRA (COMUNIDAD FORAL DE);4. RELACIONES FAMILIARES;2020;96
NAVARRA (COMUNIDAD FORAL DE);4. RELACIONES FAMILIARES;2019;74
NAVARRA (COMUNIDAD FORAL DE);4. RELACIONES FAMILIARES;2018;73
NAVARRA (COMUNIDAD FORAL DE);5. PATRIMONIO;2024;25.425
NAVARRA (COMUNIDAD FORAL DE);5. PATRIMONIO;2023;25.568
NAVARRA (COMUNIDAD FORAL DE);5. PATRIMONIO;2022;23.928
NAVARRA (COMUNIDAD FORAL DE);5. PATRIMONIO;2021;18.724
NAVARRA (COMUNIDAD FORAL DE);5. PATRIMONIO;2020;16.861
NAVARRA (COMUNIDAD FORAL DE);5. PATRIMONIO;2019;21.485
NAVARRA (COMUNIDAD FORAL DE);5. PATRIMONIO;2018;19.908
NAVARRA (COMUNIDAD FORAL DE);5.1.-Hurtos;2024;8.280
NAVARRA (COMUNIDAD FORAL DE);5.1.-Hurtos;2023;8.661
NAVARRA (COMUNIDAD FORAL DE);5.1.-Hurtos;2022;8.108
NAVARRA (COMUNIDAD FORAL DE);5.1.-Hurtos;2021;5.523
NAVARRA (COMUNIDAD FORAL DE);5.1.-Hurtos;2020;4.469
NAVARRA (COMUNIDAD FORAL DE);5.1.-Hurtos;2019;8.538
NAVARRA (COMUNIDAD FORAL DE);5.1.-Hurtos;2018;7.741
NAVARRA (COMUNIDAD FORAL DE);5.2.-Robos con fuerza en las cosas;2024;3.223
NAVARRA (COMUNIDAD FORAL DE);5.2.-Robos con fuerza en las cosas;2023;2.939
NAVARRA (COMUNIDAD FORAL DE);5.2.-Robos con fuerza en las cosas;2022;2.850
NAVARRA (COMUNIDAD FORAL DE);5.2.-Robos con fuerza en las cosas;2021;2.358
NAVARRA (COMUNIDAD FORAL DE);5.2.-Robos con fuerza en las cosas;2020;2.202
NAVARRA (COMUNIDAD FORAL DE);5.2.-Robos con fuerza en las cosas;2019;2.912
NAVARRA (COMUNIDAD FORAL DE);5.2.-Robos con fuerza en las cosas;2018;3.093
NAVARRA (COMUNIDAD FORAL DE);5.2.1.-Robos con fuerza en las cosas en el interior de vehículos;2024;904
NAVARRA (COMUNIDAD FORAL DE);5.2.1.-Robos con fuerza en las cosas en el interior de vehículos;2023;628
NAVARRA (COMUNIDAD FORAL DE);5.2.1.-Robos con fuerza en las cosas en el interior de vehículos;2022;649
NAVARRA (COMUNIDAD FORAL DE);5.2.1.-Robos con fuerza en las cosas en el interior de vehículos;2021;510
NAVARRA (COMUNIDAD FORAL DE);5.2.1.-Robos con fuerza en las cosas en el interior de vehículos;2020;635
NAVARRA (COMUNIDAD FORAL DE);5.2.1.-Robos con fuerza en las cosas en el interior de vehículos;2019;744
NAVARRA (COMUNIDAD FORAL DE);5.2.1.-Robos con fuerza en las cosas en el interior de vehículos;2018;819
NAVARRA (COMUNIDAD FORAL DE);5.2.2.-Robos con fuerza en viviendas;2024;1.073
NAVARRA (COMUNIDAD FORAL DE);5.2.2.-Robos con fuerza en viviendas;2023;1.034
NAVARRA (COMUNIDAD FORAL DE);5.2.2.-Robos con fuerza en viviendas;2022;985
NAVARRA (COMUNIDAD FORAL DE);5.2.2.-Robos con fuerza en viviendas;2021;824
NAVARRA (COMUNIDAD FORAL DE);5.2.2.-Robos con fuerza en viviendas;2020;666
NAVARRA (COMUNIDAD FORAL DE);5.2.2.-Robos con fuerza en viviendas;2019;1.006
NAVARRA (COMUNIDAD FORAL DE);5.2.2.-Robos con fuerza en viviendas;2018;987
NAVARRA (COMUNIDAD FORAL DE);5.2.3.-Robos con fuerza en establecimientos;2024;347
NAVARRA (COMUNIDAD FORAL DE);5.2.3.-Robos con fuerza en establecimientos;2023;419
NAVARRA (COMUNIDAD FORAL DE);5.2.3.-Robos con fuerza en establecimientos;2022;419
NAVARRA (COMUNIDAD FORAL DE);5.2.3.-Robos con fuerza en establecimientos;2021;399
NAVARRA (COMUNIDAD FORAL DE);5.2.3.-Robos con fuerza en establecimientos;2020;388
NAVARRA (COMUNIDAD FORAL DE);5.2.3.-Robos con fuerza en establecimientos;2019;458
NAVARRA (COMUNIDAD FORAL DE);5.2.3.-Robos con fuerza en establecimientos;2018;476
NAVARRA (COMUNIDAD FORAL DE);5.3.-Robos con violencia o intimidación;2024;472
NAVARRA (COMUNIDAD FORAL DE);5.3.-Robos con violencia o intimidación;2023;467
NAVARRA (COMUNIDAD FORAL DE);5.3.-Robos con violencia o intimidación;2022;422
NAVARRA (COMUNIDAD FORAL DE);5.3.-Robos con violencia o intimidación;2021;298
NAVARRA (COMUNIDAD FORAL DE);5.3.-Robos con violencia o intimidación;2020;226
NAVARRA (COMUNIDAD FORAL DE);5.3.-Robos con violencia o intimidación;2019;331
NAVARRA (COMUNIDAD FORAL DE);5.3.-Robos con violencia o intimidación;2018;255
NAVARRA (COMUNIDAD FORAL DE);5.3.1.-Robos con violencia en vía pública;2024;331
NAVARRA (COMUNIDAD FORAL DE);5.3.1.-Robos con violencia en vía pública;2023;346
NAVARRA (COMUNIDAD FORAL DE);5.3.1.-Robos con violencia en vía pública;2022;303
NAVARRA (COMUNIDAD FORAL DE);5.3.1.-Robos con violencia en vía pública;2021;200
NAVARRA (COMUNIDAD FORAL DE);5.3.1.-Robos con violencia en vía pública;2020;151
NAVARRA (COMUNIDAD FORAL DE);5.3.1.-Robos con violencia en vía pública;2019;232
NAVARRA (COMUNIDAD FORAL DE);5.3.1.-Robos con violencia en vía pública;2018;173
NAVARRA (COMUNIDAD FORAL DE);5.3.2.-Robos con violencia en viviendas;2024;25
NAVARRA (COMUNIDAD FORAL DE);5.3.2.-Robos con violencia en viviendas;2023;22
NAVARRA (COMUNIDAD FORAL DE);5.3.2.-Robos con violencia en viviendas;2022;27
NAVARRA (COMUNIDAD FORAL DE);5.3.2.-Robos con violencia en viviendas;2021;16
NAVARRA (COMUNIDAD FORAL DE);5.3.2.-Robos con violencia en viviendas;2020;17
NAVARRA (COMUNIDAD FORAL DE);5.3.2.-Robos con violencia en viviendas;2019;17
NAVARRA (COMUNIDAD FORAL DE);5.3.2.-Robos con violencia en viviendas;2018;20
NAVARRA (COMUNIDAD FORAL DE);5.3.3.-Robos con violencia en establecimientos;2024;76
NAVARRA (COMUNIDAD FORAL DE);5.3.3.-Robos con violencia en establecimientos;2023;57
NAVARRA (COMUNIDAD FORAL DE);5.3.3.-Robos con violencia en establecimientos;2022;55
NAVARRA (COMUNIDAD FORAL DE);5.3.3.-Robos con violencia en establecimientos;2021;43
NAVARRA (COMUNIDAD FORAL DE);5.3.3.-Robos con violencia en establecimientos;2020;32
NAVARRA (COMUNIDAD FORAL DE);5.3.3.-Robos con violencia en establecimientos;2019;54
NAVARRA (COMUNIDAD FORAL DE);5.3.3.-Robos con violencia en establecimientos;2018;44
NAVARRA (COMUNIDAD FORAL DE);5.4.-Sustracción de vehículos;2024;169
NAVARRA (COMUNIDAD FORAL DE);5.4.-Sustracción de vehículos;2023;154
NAVARRA (COMUNIDAD FORAL DE);5.4.-Sustracción de vehículos;2022;132
NAVARRA (COMUNIDAD FORAL DE);5.4.-Sustracción de vehículos;2021;122
NAVARRA (COMUNIDAD FORAL DE);5.4.-Sustracción de vehículos;2020;131
NAVARRA (COMUNIDAD FORAL DE);5.4.-Sustracción de vehículos;2019;183
NAVARRA (COMUNIDAD FORAL DE);5.4.-Sustracción de vehículos;2018;173
NAVARRA (COMUNIDAD FORAL DE);5.5.-Estafas;2024;8.576
NAVARRA (COMUNIDAD FORAL DE);5.5.-Estafas;2023;9.253
NAVARRA (COMUNIDAD FORAL DE);5.5.-Estafas;2022;7.834
NAVARRA (COMUNIDAD FORAL DE);5.5.-Estafas;2021;6.023
NAVARRA (COMUNIDAD FORAL DE);5.5.-Estafas;2020;6.393
NAVARRA (COMUNIDAD FORAL DE);5.5.-Estafas;2019;5.440
NAVARRA (COMUNIDAD FORAL DE);5.5.-Estafas;2018;4.651
NAVARRA (COMUNIDAD FORAL DE);5.5.1.-Estafas informáticas;2024;6.090
NAVARRA (COMUNIDAD FORAL DE);5.5.1.-Estafas informáticas;2023;6.576
NAVARRA (COMUNIDAD FORAL DE);5.5.1.-Estafas informáticas;2022;4.816
NAVARRA (COMUNIDAD FORAL DE);5.5.1.-Estafas informáticas;2021;3.673
NAVARRA (COMUNIDAD FORAL DE);5.5.1.-Estafas informáticas;2020;3.903
NAVARRA (COMUNIDAD FORAL DE);5.5.1.-Estafas informáticas;2019;2.734
NAVARRA (COMUNIDAD FORAL DE);5.5.1.-Estafas informáticas;2018;2.126
NAVARRA (COMUNIDAD FORAL DE);5.6.-Daños;2024;3.673
NAVARRA (COMUNIDAD FORAL DE);5.6.-Daños;2023;3.264
NAVARRA (COMUNIDAD FORAL DE);5.6.-Daños;2022;3.759
NAVARRA (COMUNIDAD FORAL DE);5.6.-Daños;2021;3.667
NAVARRA (COMUNIDAD FORAL DE);5.6.-Daños;2020;2.841
NAVARRA (COMUNIDAD FORAL DE);5.6.-Daños;2019;3.401
NAVARRA (COMUNIDAD FORAL DE);5.6.-Daños;2018;3.303
NAVARRA (COMUNIDAD FORAL DE);5.7.-Contra la propiedad intelectual/industrial;2024;61
NAVARRA (COMUNIDAD FORAL DE);5.7.-Contra la propiedad intelectual/industrial;2023;43
NAVARRA (COMUNIDAD FORAL DE);5.7.-Contra la propiedad intelectual/industrial;2022;12
NAVARRA (COMUNIDAD FORAL DE);5.7.-Contra la propiedad intelectual/industrial;2021;8
NAVARRA (COMUNIDAD FORAL DE);5.7.-Contra la propiedad intelectual/industrial;2020;9
NAVARRA (COMUNIDAD FORAL DE);5.7.-Contra la propiedad intelectual/industrial;2019;27
NAVARRA (COMUNIDAD FORAL DE);5.7.-Contra la propiedad intelectual/industrial;2018;38
NAVARRA (COMUNIDAD FORAL DE);5.8.-Blanqueo de capitales;2024;49
NAVARRA (COMUNIDAD FORAL DE);5.8.-Blanqueo de capitales;2023;22
NAVARRA (COMUNIDAD FORAL DE);5.8.-Blanqueo de capitales;2022;7
NAVARRA (COMUNIDAD FORAL DE);5.8.-Blanqueo de capitales;2021;10
NAVARRA (COMUNIDAD FORAL DE);5.8.-Blanqueo de capitales;2020;6
NAVARRA (COMUNIDAD FORAL DE);5.8.-Blanqueo de capitales;2019;4
NAVARRA (COMUNIDAD FORAL DE);5.8.-Blanqueo de capitales;2018;2
NAVARRA (COMUNIDAD FORAL DE);5.9.-Otros contra el patrimonio;2024;922
NAVARRA (COMUNIDAD FORAL DE);5.9.-Otros contra el patrimonio;2023;765
NAVARRA (COMUNIDAD FORAL DE);5.9.-Otros contra el patrimonio;2022;804
NAVARRA (COMUNIDAD FORAL DE);5.9.-Otros contra el patrimonio;2021;715
NAVARRA (COMUNIDAD FORAL DE);5.9.-Otros contra el patrimonio;2020;584
NAVARRA (COMUNIDAD FORAL DE);5.9.-Otros contra el patrimonio;2019;649
NAVARRA (COMUNIDAD FORAL DE);5.9.-Otros contra el patrimonio;2018;652
NAVARRA (COMUNIDAD FORAL DE);6. SEGURIDAD COLECTIVA;2024;1.690
NAVARRA (COMUNIDAD FORAL DE);6. SEGURIDAD COLECTIVA;2023;1.541
NAVARRA (COMUNIDAD FORAL DE);6. SEGURIDAD COLECTIVA;2022;1.745
NAVARRA (COMUNIDAD FORAL DE);6. SEGURIDAD COLECTIVA;2021;1.370
NAVARRA (COMUNIDAD FORAL DE);6. SEGURIDAD COLECTIVA;2020;1.162
NAVARRA (COMUNIDAD FORAL DE);6. SEGURIDAD COLECTIVA;2019;1.583
NAVARRA (COMUNIDAD FORAL DE);6. SEGURIDAD COLECTIVA;2018;1.495
NAVARRA (COMUNIDAD FORAL DE);6.1.-Tráfico de drogas;2024;226
NAVARRA (COMUNIDAD FORAL DE);6.1.-Tráfico de drogas;2023;158
NAVARRA (COMUNIDAD FORAL DE);6.1.-Tráfico de drogas;2022;147
NAVARRA (COMUNIDAD FORAL DE);6.1.-Tráfico de drogas;2021;147
NAVARRA (COMUNIDAD FORAL DE);6.1.-Tráfico de drogas;2020;146
NAVARRA (COMUNIDAD FORAL DE);6.1.-Tráfico de drogas;2019;159
NAVARRA (COMUNIDAD FORAL DE);6.1.-Tráfico de drogas;2018;140
NAVARRA (COMUNIDAD FORAL DE);6.2.-Contra la seguridad vial;2024;1.418
NAVARRA (COMUNIDAD FORAL DE);6.2.-Contra la seguridad vial;2023;1.338
NAVARRA (COMUNIDAD FORAL DE);6.2.-Contra la seguridad vial;2022;1.535
NAVARRA (COMUNIDAD FORAL DE);6.2.-Contra la seguridad vial;2021;1.187
NAVARRA (COMUNIDAD FORAL DE);6.2.-Contra la seguridad vial;2020;976
NAVARRA (COMUNIDAD FORAL DE);6.2.-Contra la seguridad vial;2019;1.369
NAVARRA (COMUNIDAD FORAL DE);6.2.-Contra la seguridad vial;2018;1.277
NAVARRA (COMUNIDAD FORAL DE);6.3.-Otros contra la seguridad colectiva;2024;46
NAVARRA (COMUNIDAD FORAL DE);6.3.-Otros contra la seguridad colectiva;2023;45
NAVARRA (COMUNIDAD FORAL DE);6.3.-Otros contra la seguridad colectiva;2022;63
NAVARRA (COMUNIDAD FORAL DE);6.3.-Otros contra la seguridad colectiva;2021;36
NAVARRA (COMUNIDAD FORAL DE);6.3.-Otros contra la seguridad colectiva;2020;40
NAVARRA (COMUNIDAD FORAL DE);6.3.-Otros contra la seguridad colectiva;2019;55
NAVARRA (COMUNIDAD FORAL DE);6.3.-Otros contra la seguridad colectiva;2018;78
NAVARRA (COMUNIDAD FORAL DE);7. FALSEDADES;2024;696
NAVARRA (COMUNIDAD FORAL DE);7. FALSEDADES;2023;676
NAVARRA (COMUNIDAD FORAL DE);7. FALSEDADES;2022;617
NAVARRA (COMUNIDAD FORAL DE);7. FALSEDADES;2021;693
NAVARRA (COMUNIDAD FORAL DE);7. FALSEDADES;2020;435
NAVARRA (COMUNIDAD FORAL DE);7. FALSEDADES;2019;374
NAVARRA (COMUNIDAD FORAL DE);7. FALSEDADES;2018;340
NAVARRA (COMUNIDAD FORAL DE);8. ADMÓN. PÚBLICA;2024;23
NAVARRA (COMUNIDAD FORAL DE);8. ADMÓN. PÚBLICA;2023;15
NAVARRA (COMUNIDAD FORAL DE);8. ADMÓN. PÚBLICA;2022;13
NAVARRA (COMUNIDAD FORAL DE);8. ADMÓN. PÚBLICA;2021;16
NAVARRA (COMUNIDAD FORAL DE);8. ADMÓN. PÚBLICA;2020;18
NAVARRA (COMUNIDAD FORAL DE);8. ADMÓN. PÚBLICA;2019;10
NAVARRA (COMUNIDAD FORAL DE);8. ADMÓN. PÚBLICA;2018;17
NAVARRA (COMUNIDAD FORAL DE);9. ADMÓN. JUSTICIA;2024;673
NAVARRA (COMUNIDAD FORAL DE);9. ADMÓN. JUSTICIA;2023;489
NAVARRA (COMUNIDAD FORAL DE);9. ADMÓN. JUSTICIA;2022;500
NAVARRA (COMUNIDAD FORAL DE);9. ADMÓN. JUSTICIA;2021;390
NAVARRA (COMUNIDAD FORAL DE);9. ADMÓN. JUSTICIA;2020;387
NAVARRA (COMUNIDAD FORAL DE);9. ADMÓN. JUSTICIA;2019;415
NAVARRA (COMUNIDAD FORAL DE);9. ADMÓN. JUSTICIA;2018;407
NAVARRA (COMUNIDAD FORAL DE);10. ORDEN PÚBLICO;2024;613
NAVARRA (COMUNIDAD FORAL DE);10. ORDEN PÚBLICO;2023;539
NAVARRA (COMUNIDAD FORAL DE);10. ORDEN PÚBLICO;2022;535
NAVARRA (COMUNIDAD FORAL DE);10. ORDEN PÚBLICO;2021;452
NAVARRA (COMUNIDAD FORAL DE);10. ORDEN PÚBLICO;2020;428
NAVARRA (COMUNIDAD FORAL DE);10. ORDEN PÚBLICO;2019;365
NAVARRA (COMUNIDAD FORAL DE);10. ORDEN PÚBLICO;2018;306
NAVARRA (COMUNIDAD FORAL DE);11. LEGISLACIÓN ESPECIAL;2024;2
NAVARRA (COMUNIDAD FORAL DE);11. LEGISLACIÓN ESPECIAL;2023;0
NAVARRA (COMUNIDAD FORAL DE);11. LEGISLACIÓN ESPECIAL;2022;5
NAVARRA (COMUNIDAD FORAL DE);11. LEGISLACIÓN ESPECIAL;2021;0
NAVARRA (COMUNIDAD FORAL DE);11. LEGISLACIÓN ESPECIAL;2020;0
NAVARRA (COMUNIDAD FORAL DE);11. LEGISLACIÓN ESPECIAL;2019;0
NAVARRA (COMUNIDAD FORAL DE);11. LEGISLACIÓN ESPECIAL;2018;1
NAVARRA (COMUNIDAD FORAL DE);12. OTRAS INFRACCIONES PENALES;2024;213
NAVARRA (COMUNIDAD FORAL DE);12. OTRAS INFRACCIONES PENALES;2023;160
NAVARRA (COMUNIDAD FORAL DE);12. OTRAS INFRACCIONES PENALES;2022;182
NAVARRA (COMUNIDAD FORAL DE);12. OTRAS INFRACCIONES PENALES;2021;180
NAVARRA (COMUNIDAD FORAL DE);12. OTRAS INFRACCIONES PENALES;2020;147
NAVARRA (COMUNIDAD FORAL DE);12. OTRAS INFRACCIONES PENALES;2019;140
NAVARRA (COMUNIDAD FORAL DE);12. OTRAS INFRACCIONES PENALES;2018;181
NAVARRA (COMUNIDAD FORAL DE);TOTAL INFRACCIONES PENALES;2024;35.872
NAVARRA (COMUNIDAD FORAL DE);TOTAL INFRACCIONES PENALES;2023;35.094
NAVARRA (COMUNIDAD FORAL DE);TOTAL INFRACCIONES PENALES;2022;33.409
NAVARRA (COMUNIDAD FORAL DE);TOTAL INFRACCIONES PENALES;2021;26.719
NAVARRA (COMUNIDAD FORAL DE);TOTAL INFRACCIONES PENALES;2020;23.596
NAVARRA (COMUNIDAD FORAL DE);TOTAL INFRACCIONES PENALES;2019;29.170
NAVARRA (COMUNIDAD FORAL DE);TOTAL INFRACCIONES PENALES;2018;27.269
PAÍS VASCO;1. CONTRA LAS PERSONAS;2024;9.226
PAÍS VASCO;1. CONTRA LAS PERSONAS;2023;8.715
PAÍS VASCO;1. CONTRA LAS PERSONAS;2022;8.330
PAÍS VASCO;1. CONTRA LAS PERSONAS;2021;6.457
PAÍS VASCO;1. CONTRA LAS PERSONAS;2020;5.730
PAÍS VASCO;1. CONTRA LAS PERSONAS;2019;6.884
PAÍS VASCO;1. CONTRA LAS PERSONAS;2018;6.391
PAÍS VASCO;1.1.-Homicidios dolosos/asesinatos;2024;81
PAÍS VASCO;1.1.-Homicidios dolosos/asesinatos;2023;50
PAÍS VASCO;1.1.-Homicidios dolosos/asesinatos;2022;71
PAÍS VASCO;1.1.-Homicidios dolosos/asesinatos;2021;62
PAÍS VASCO;1.1.-Homicidios dolosos/asesinatos;2020;42
PAÍS VASCO;1.1.-Homicidios dolosos/asesinatos;2019;37
PAÍS VASCO;1.1.-Homicidios dolosos/asesinatos;2018;43
PAÍS VASCO;1.1.1.-Homicidios dolosos/asesinatos consumados;2024;7
PAÍS VASCO;1.1.1.-Homicidios dolosos/asesinatos consumados;2023;6
PAÍS VASCO;1.1.1.-Homicidios dolosos/asesinatos consumados;2022;8
PAÍS VASCO;1.1.1.-Homicidios dolosos/asesinatos consumados;2021;11
PAÍS VASCO;1.1.1.-Homicidios dolosos/asesinatos consumados;2020;13
PAÍS VASCO;1.1.1.-Homicidios dolosos/asesinatos consumados;2019;10
PAÍS VASCO;1.1.1.-Homicidios dolosos/asesinatos consumados;2018;6
PAÍS VASCO;1.2.-Lesiones;2024;5.678
PAÍS VASCO;1.2.-Lesiones;2023;5.502
PAÍS VASCO;1.2.-Lesiones;2022;5.353
PAÍS VASCO;1.2.-Lesiones;2021;4.151
PAÍS VASCO;1.2.-Lesiones;2020;3.609
PAÍS VASCO;1.2.-Lesiones;2019;4.742
PAÍS VASCO;1.2.-Lesiones;2018;4.579
PAÍS VASCO;1.3.-Malos tratos ámbito familiar;2024;2.960
PAÍS VASCO;1.3.-Malos tratos ámbito familiar;2023;2.681
PAÍS VASCO;1.3.-Malos tratos ámbito familiar;2022;2.418
PAÍS VASCO;1.3.-Malos tratos ámbito familiar;2021;1.836
PAÍS VASCO;1.3.-Malos tratos ámbito familiar;2020;1.661
PAÍS VASCO;1.3.-Malos tratos ámbito familiar;2019;1.666
PAÍS VASCO;1.3.-Malos tratos ámbito familiar;2018;1.320
PAÍS VASCO;1.4.-Otros contra las personas;2024;507
PAÍS VASCO;1.4.-Otros contra las personas;2023;482
PAÍS VASCO;1.4.-Otros contra las personas;2022;488
PAÍS VASCO;1.4.-Otros contra las personas;2021;408
PAÍS VASCO;1.4.-Otros contra las personas;2020;418
PAÍS VASCO;1.4.-Otros contra las personas;2019;439
PAÍS VASCO;1.4.-Otros contra las personas;2018;449
PAÍS VASCO;2. CONTRA LA LIBERTAD;2024;9.283
PAÍS VASCO;2. CONTRA LA LIBERTAD;2023;8.817
PAÍS VASCO;2. CONTRA LA LIBERTAD;2022;7.686
PAÍS VASCO;2. CONTRA LA LIBERTAD;2021;7.754
PAÍS VASCO;2. CONTRA LA LIBERTAD;2020;7.630
PAÍS VASCO;2. CONTRA LA LIBERTAD;2019;7.779
PAÍS VASCO;2. CONTRA LA LIBERTAD;2018;7.830
PAÍS VASCO;2.1.-Malos tratos habituales en el ámbito familiar;2024;2.449
PAÍS VASCO;2.1.-Malos tratos habituales en el ámbito familiar;2023;2.500
PAÍS VASCO;2.1.-Malos tratos habituales en el ámbito familiar;2022;2.321
PAÍS VASCO;2.1.-Malos tratos habituales en el ámbito familiar;2021;2.427
PAÍS VASCO;2.1.-Malos tratos habituales en el ámbito familiar;2020;2.716
PAÍS VASCO;2.1.-Malos tratos habituales en el ámbito familiar;2019;2.727
PAÍS VASCO;2.1.-Malos tratos habituales en el ámbito familiar;2018;2.868
PAÍS VASCO;2.2.-Otros contra la libertad;2024;6.834
PAÍS VASCO;2.2.-Otros contra la libertad;2023;6.317
PAÍS VASCO;2.2.-Otros contra la libertad;2022;5.365
PAÍS VASCO;2.2.-Otros contra la libertad;2021;5.327
PAÍS VASCO;2.2.-Otros contra la libertad;2020;4.914
PAÍS VASCO;2.2.-Otros contra la libertad;2019;5.052
PAÍS VASCO;2.2.-Otros contra la libertad;2018;4.962
PAÍS VASCO;3. LIBERTAD SEXUAL;2024;1.150
PAÍS VASCO;3. LIBERTAD SEXUAL;2023;969
PAÍS VASCO;3. LIBERTAD SEXUAL;2022;813
PAÍS VASCO;3. LIBERTAD SEXUAL;2021;718
PAÍS VASCO;3. LIBERTAD SEXUAL;2020;602
PAÍS VASCO;3. LIBERTAD SEXUAL;2019;668
PAÍS VASCO;3. LIBERTAD SEXUAL;2018;659
PAÍS VASCO;3.1.-Agresión sexual;2024;680
PAÍS VASCO;3.1.-Agresión sexual;2023;538
PAÍS VASCO;3.1.-Agresión sexual;2022;443
PAÍS VASCO;3.1.-Agresión sexual;2021;366
PAÍS VASCO;3.1.-Agresión sexual;2020;293
PAÍS VASCO;3.1.-Agresión sexual;2019;347
PAÍS VASCO;3.1.-Agresión sexual;2018;324
PAÍS VASCO;3.2.-Agresión sexual con penetración;2024;302
PAÍS VASCO;3.2.-Agresión sexual con penetración;2023;235
PAÍS VASCO;3.2.-Agresión sexual con penetración;2022;235
PAÍS VASCO;3.2.-Agresión sexual con penetración;2021;215
PAÍS VASCO;3.2.-Agresión sexual con penetración;2020;158
PAÍS VASCO;3.2.-Agresión sexual con penetración;2019;170
PAÍS VASCO;3.2.-Agresión sexual con penetración;2018;162
PAÍS VASCO;3.3.-Corrupción de menores o incapacitados;2024;12
PAÍS VASCO;3.3.-Corrupción de menores o incapacitados;2023;14
PAÍS VASCO;3.3.-Corrupción de menores o incapacitados;2022;15
PAÍS VASCO;3.3.-Corrupción de menores o incapacitados;2021;10
PAÍS VASCO;3.3.-Corrupción de menores o incapacitados;2020;14
PAÍS VASCO;3.3.-Corrupción de menores o incapacitados;2019;8
PAÍS VASCO;3.3.-Corrupción de menores o incapacitados;2018;11
PAÍS VASCO;3.4.-Pornografía de menores;2024;40
PAÍS VASCO;3.4.-Pornografía de menores;2023;40
PAÍS VASCO;3.4.-Pornografía de menores;2022;16
PAÍS VASCO;3.4.-Pornografía de menores;2021;30
PAÍS VASCO;3.4.-Pornografía de menores;2020;41
PAÍS VASCO;3.4.-Pornografía de menores;2019;34
PAÍS VASCO;3.4.-Pornografía de menores;2018;43
PAÍS VASCO;3.5.-Otros contra la libertad sexual;2024;116
PAÍS VASCO;3.5.-Otros contra la libertad sexual;2023;142
PAÍS VASCO;3.5.-Otros contra la libertad sexual;2022;104
PAÍS VASCO;3.5.-Otros contra la libertad sexual;2021;97
PAÍS VASCO;3.5.-Otros contra la libertad sexual;2020;96
PAÍS VASCO;3.5.-Otros contra la libertad sexual;2019;109
PAÍS VASCO;3.5.-Otros contra la libertad sexual;2018;119
PAÍS VASCO;4. RELACIONES FAMILIARES;2024;154
PAÍS VASCO;4. RELACIONES FAMILIARES;2023;195
PAÍS VASCO;4. RELACIONES FAMILIARES;2022;125
PAÍS VASCO;4. RELACIONES FAMILIARES;2021;120
PAÍS VASCO;4. RELACIONES FAMILIARES;2020;136
PAÍS VASCO;4. RELACIONES FAMILIARES;2019;139
PAÍS VASCO;4. RELACIONES FAMILIARES;2018;205
PAÍS VASCO;5. PATRIMONIO;2024;79.122
PAÍS VASCO;5. PATRIMONIO;2023;80.195
PAÍS VASCO;5. PATRIMONIO;2022;75.817
PAÍS VASCO;5. PATRIMONIO;2021;61.679
PAÍS VASCO;5. PATRIMONIO;2020;55.878
PAÍS VASCO;5. PATRIMONIO;2019;71.978
PAÍS VASCO;5. PATRIMONIO;2018;68.582
PAÍS VASCO;5.1.-Hurtos;2024;31.134
PAÍS VASCO;5.1.-Hurtos;2023;30.129
PAÍS VASCO;5.1.-Hurtos;2022;29.230
PAÍS VASCO;5.1.-Hurtos;2021;22.253
PAÍS VASCO;5.1.-Hurtos;2020;17.916
PAÍS VASCO;5.1.-Hurtos;2019;30.254
PAÍS VASCO;5.1.-Hurtos;2018;29.376
PAÍS VASCO;5.2.-Robos con fuerza en las cosas;2024;10.269
PAÍS VASCO;5.2.-Robos con fuerza en las cosas;2023;10.344
PAÍS VASCO;5.2.-Robos con fuerza en las cosas;2022;12.113
PAÍS VASCO;5.2.-Robos con fuerza en las cosas;2021;10.684
PAÍS VASCO;5.2.-Robos con fuerza en las cosas;2020;9.408
PAÍS VASCO;5.2.-Robos con fuerza en las cosas;2019;12.683
PAÍS VASCO;5.2.-Robos con fuerza en las cosas;2018;12.528
PAÍS VASCO;5.2.1.-Robos con fuerza en las cosas en el interior de vehículos;2024;58
PAÍS VASCO;5.2.1.-Robos con fuerza en las cosas en el interior de vehículos;2023;30
PAÍS VASCO;5.2.1.-Robos con fuerza en las cosas en el interior de vehículos;2022;32
PAÍS VASCO;5.2.1.-Robos con fuerza en las cosas en el interior de vehículos;2021;30
PAÍS VASCO;5.2.1.-Robos con fuerza en las cosas en el interior de vehículos;2020;30
PAÍS VASCO;5.2.1.-Robos con fuerza en las cosas en el interior de vehículos;2019;36
PAÍS VASCO;5.2.1.-Robos con fuerza en las cosas en el interior de vehículos;2018;26
PAÍS VASCO;5.2.2.-Robos con fuerza en viviendas;2024;3.875
PAÍS VASCO;5.2.2.-Robos con fuerza en viviendas;2023;4.079
PAÍS VASCO;5.2.2.-Robos con fuerza en viviendas;2022;5.113
PAÍS VASCO;5.2.2.-Robos con fuerza en viviendas;2021;4.350
PAÍS VASCO;5.2.2.-Robos con fuerza en viviendas;2020;3.651
PAÍS VASCO;5.2.2.-Robos con fuerza en viviendas;2019;5.018
PAÍS VASCO;5.2.2.-Robos con fuerza en viviendas;2018;4.534
PAÍS VASCO;5.2.3.-Robos con fuerza en establecimientos;2024;1.577
PAÍS VASCO;5.2.3.-Robos con fuerza en establecimientos;2023;1.890
PAÍS VASCO;5.2.3.-Robos con fuerza en establecimientos;2022;1.948
PAÍS VASCO;5.2.3.-Robos con fuerza en establecimientos;2021;1.761
PAÍS VASCO;5.2.3.-Robos con fuerza en establecimientos;2020;1.503
PAÍS VASCO;5.2.3.-Robos con fuerza en establecimientos;2019;2.626
PAÍS VASCO;5.2.3.-Robos con fuerza en establecimientos;2018;2.759
PAÍS VASCO;5.3.-Robos con violencia o intimidación;2024;2.165
PAÍS VASCO;5.3.-Robos con violencia o intimidación;2023;2.107
PAÍS VASCO;5.3.-Robos con violencia o intimidación;2022;2.201
PAÍS VASCO;5.3.-Robos con violencia o intimidación;2021;1.426
PAÍS VASCO;5.3.-Robos con violencia o intimidación;2020;1.053
PAÍS VASCO;5.3.-Robos con violencia o intimidación;2019;1.643
PAÍS VASCO;5.3.-Robos con violencia o intimidación;2018;1.791
PAÍS VASCO;5.3.1.-Robos con violencia en vía pública;2024;1.534
PAÍS VASCO;5.3.1.-Robos con violencia en vía pública;2023;1.519
PAÍS VASCO;5.3.1.-Robos con violencia en vía pública;2022;1.614
PAÍS VASCO;5.3.1.-Robos con violencia en vía pública;2021;996
PAÍS VASCO;5.3.1.-Robos con violencia en vía pública;2020;725
PAÍS VASCO;5.3.1.-Robos con violencia en vía pública;2019;1.076
PAÍS VASCO;5.3.1.-Robos con violencia en vía pública;2018;1.194
PAÍS VASCO;5.3.2.-Robos con violencia en viviendas;2024;129
PAÍS VASCO;5.3.2.-Robos con violencia en viviendas;2023;129
PAÍS VASCO;5.3.2.-Robos con violencia en viviendas;2022;103
PAÍS VASCO;5.3.2.-Robos con violencia en viviendas;2021;83
PAÍS VASCO;5.3.2.-Robos con violencia en viviendas;2020;93
PAÍS VASCO;5.3.2.-Robos con violencia en viviendas;2019;103
PAÍS VASCO;5.3.2.-Robos con violencia en viviendas;2018;149
PAÍS VASCO;5.3.3.-Robos con violencia en establecimientos;2024;297
PAÍS VASCO;5.3.3.-Robos con violencia en establecimientos;2023;259
PAÍS VASCO;5.3.3.-Robos con violencia en establecimientos;2022;264
PAÍS VASCO;5.3.3.-Robos con violencia en establecimientos;2021;221
PAÍS VASCO;5.3.3.-Robos con violencia en establecimientos;2020;138
PAÍS VASCO;5.3.3.-Robos con violencia en establecimientos;2019;296
PAÍS VASCO;5.3.3.-Robos con violencia en establecimientos;2018;283
PAÍS VASCO;5.4.-Sustracción de vehículos;2024;675
PAÍS VASCO;5.4.-Sustracción de vehículos;2023;751
PAÍS VASCO;5.4.-Sustracción de vehículos;2022;718
PAÍS VASCO;5.4.-Sustracción de vehículos;2021;694
PAÍS VASCO;5.4.-Sustracción de vehículos;2020;632
PAÍS VASCO;5.4.-Sustracción de vehículos;2019;890
PAÍS VASCO;5.4.-Sustracción de vehículos;2018;928
PAÍS VASCO;5.5.-Estafas;2024;24.184
PAÍS VASCO;5.5.-Estafas;2023;26.619
PAÍS VASCO;5.5.-Estafas;2022;21.346
PAÍS VASCO;5.5.-Estafas;2021;17.352
PAÍS VASCO;5.5.-Estafas;2020;18.882
PAÍS VASCO;5.5.-Estafas;2019;16.597
PAÍS VASCO;5.5.-Estafas;2018;14.570
PAÍS VASCO;5.5.1.-Estafas informáticas;2024;22.891
PAÍS VASCO;5.5.1.-Estafas informáticas;2023;25.095
PAÍS VASCO;5.5.1.-Estafas informáticas;2022;18.861
PAÍS VASCO;5.5.1.-Estafas informáticas;2021;15.016
PAÍS VASCO;5.5.1.-Estafas informáticas;2020;16.591
PAÍS VASCO;5.5.1.-Estafas informáticas;2019;13.793
PAÍS VASCO;5.5.1.-Estafas informáticas;2018;12.151
PAÍS VASCO;5.6.-Daños;2024;8.005
PAÍS VASCO;5.6.-Daños;2023;7.939
PAÍS VASCO;5.6.-Daños;2022;8.193
PAÍS VASCO;5.6.-Daños;2021;7.359
PAÍS VASCO;5.6.-Daños;2020;6.414
PAÍS VASCO;5.6.-Daños;2019;8.103
PAÍS VASCO;5.6.-Daños;2018;7.596
PAÍS VASCO;5.7.-Contra la propiedad intelectual/industrial;2024;67
PAÍS VASCO;5.7.-Contra la propiedad intelectual/industrial;2023;58
PAÍS VASCO;5.7.-Contra la propiedad intelectual/industrial;2022;30
PAÍS VASCO;5.7.-Contra la propiedad intelectual/industrial;2021;11
PAÍS VASCO;5.7.-Contra la propiedad intelectual/industrial;2020;10
PAÍS VASCO;5.7.-Contra la propiedad intelectual/industrial;2019;15
PAÍS VASCO;5.7.-Contra la propiedad intelectual/industrial;2018;13
PAÍS VASCO;5.8.-Blanqueo de capitales;2024;31
PAÍS VASCO;5.8.-Blanqueo de capitales;2023;12
PAÍS VASCO;5.8.-Blanqueo de capitales;2022;10
PAÍS VASCO;5.8.-Blanqueo de capitales;2021;4
PAÍS VASCO;5.8.-Blanqueo de capitales;2020;9
PAÍS VASCO;5.8.-Blanqueo de capitales;2019;8
PAÍS VASCO;5.8.-Blanqueo de capitales;2018;5
PAÍS VASCO;5.9.-Otros contra el patrimonio;2024;2.592
PAÍS VASCO;5.9.-Otros contra el patrimonio;2023;2.236
PAÍS VASCO;5.9.-Otros contra el patrimonio;2022;1.976
PAÍS VASCO;5.9.-Otros contra el patrimonio;2021;1.896
PAÍS VASCO;5.9.-Otros contra el patrimonio;2020;1.554
PAÍS VASCO;5.9.-Otros contra el patrimonio;2019;1.785
PAÍS VASCO;5.9.-Otros contra el patrimonio;2018;1.775
PAÍS VASCO;6. SEGURIDAD COLECTIVA;2024;3.524
PAÍS VASCO;6. SEGURIDAD COLECTIVA;2023;3.190
PAÍS VASCO;6. SEGURIDAD COLECTIVA;2022;3.527
PAÍS VASCO;6. SEGURIDAD COLECTIVA;2021;3.021
PAÍS VASCO;6. SEGURIDAD COLECTIVA;2020;2.464
PAÍS VASCO;6. SEGURIDAD COLECTIVA;2019;2.773
PAÍS VASCO;6. SEGURIDAD COLECTIVA;2018;2.605
PAÍS VASCO;6.1.-Tráfico de drogas;2024;859
PAÍS VASCO;6.1.-Tráfico de drogas;2023;597
PAÍS VASCO;6.1.-Tráfico de drogas;2022;623
PAÍS VASCO;6.1.-Tráfico de drogas;2021;525
PAÍS VASCO;6.1.-Tráfico de drogas;2020;566
PAÍS VASCO;6.1.-Tráfico de drogas;2019;421
PAÍS VASCO;6.1.-Tráfico de drogas;2018;368
PAÍS VASCO;6.2.-Contra la seguridad vial;2024;2.566
PAÍS VASCO;6.2.-Contra la seguridad vial;2023;2.517
PAÍS VASCO;6.2.-Contra la seguridad vial;2022;2.800
PAÍS VASCO;6.2.-Contra la seguridad vial;2021;2.335
PAÍS VASCO;6.2.-Contra la seguridad vial;2020;1.788
PAÍS VASCO;6.2.-Contra la seguridad vial;2019;2.168
PAÍS VASCO;6.2.-Contra la seguridad vial;2018;2.091
PAÍS VASCO;6.3.-Otros contra la seguridad colectiva;2024;99
PAÍS VASCO;6.3.-Otros contra la seguridad colectiva;2023;76
PAÍS VASCO;6.3.-Otros contra la seguridad colectiva;2022;104
PAÍS VASCO;6.3.-Otros contra la seguridad colectiva;2021;161
PAÍS VASCO;6.3.-Otros contra la seguridad colectiva;2020;110
PAÍS VASCO;6.3.-Otros contra la seguridad colectiva;2019;184
PAÍS VASCO;6.3.-Otros contra la seguridad colectiva;2018;146
PAÍS VASCO;7. FALSEDADES;2024;1.775
PAÍS VASCO;7. FALSEDADES;2023;1.868
PAÍS VASCO;7. FALSEDADES;2022;1.687
PAÍS VASCO;7. FALSEDADES;2021;1.461
PAÍS VASCO;7. FALSEDADES;2020;1.087
PAÍS VASCO;7. FALSEDADES;2019;1.195
PAÍS VASCO;7. FALSEDADES;2018;1.025
PAÍS VASCO;8. ADMÓN. PÚBLICA;2024;20
PAÍS VASCO;8. ADMÓN. PÚBLICA;2023;18
PAÍS VASCO;8. ADMÓN. PÚBLICA;2022;15
PAÍS VASCO;8. ADMÓN. PÚBLICA;2021;16
PAÍS VASCO;8. ADMÓN. PÚBLICA;2020;18
PAÍS VASCO;8. ADMÓN. PÚBLICA;2019;12
PAÍS VASCO;8. ADMÓN. PÚBLICA;2018;13
PAÍS VASCO;9. ADMÓN. JUSTICIA;2024;1.997
PAÍS VASCO;9. ADMÓN. JUSTICIA;2023;1.838
PAÍS VASCO;9. ADMÓN. JUSTICIA;2022;1.736
PAÍS VASCO;9. ADMÓN. JUSTICIA;2021;1.525
PAÍS VASCO;9. ADMÓN. JUSTICIA;2020;1.401
PAÍS VASCO;9. ADMÓN. JUSTICIA;2019;1.573
PAÍS VASCO;9. ADMÓN. JUSTICIA;2018;1.502
PAÍS VASCO;10. ORDEN PÚBLICO;2024;1.356
PAÍS VASCO;10. ORDEN PÚBLICO;2023;1.405
PAÍS VASCO;10. ORDEN PÚBLICO;2022;1.437
PAÍS VASCO;10. ORDEN PÚBLICO;2021;1.490
PAÍS VASCO;10. ORDEN PÚBLICO;2020;1.680
PAÍS VASCO;10. ORDEN PÚBLICO;2019;985
PAÍS VASCO;10. ORDEN PÚBLICO;2018;897
PAÍS VASCO;11. LEGISLACIÓN ESPECIAL;2024;7
PAÍS VASCO;11. LEGISLACIÓN ESPECIAL;2023;10
PAÍS VASCO;11. LEGISLACIÓN ESPECIAL;2022;1
PAÍS VASCO;11. LEGISLACIÓN ESPECIAL;2021;2
PAÍS VASCO;11. LEGISLACIÓN ESPECIAL;2020;6
PAÍS VASCO;11. LEGISLACIÓN ESPECIAL;2019;7
PAÍS VASCO;11. LEGISLACIÓN ESPECIAL;2018;0
PAÍS VASCO;12. OTRAS INFRACCIONES PENALES;2024;580
PAÍS VASCO;12. OTRAS INFRACCIONES PENALES;2023;603
PAÍS VASCO;12. OTRAS INFRACCIONES PENALES;2022;582
PAÍS VASCO;12. OTRAS INFRACCIONES PENALES;2021;538
PAÍS VASCO;12. OTRAS INFRACCIONES PENALES;2020;544
PAÍS VASCO;12. OTRAS INFRACCIONES PENALES;2019;543
PAÍS VASCO;12. OTRAS INFRACCIONES PENALES;2018;544
PAÍS VASCO;TOTAL INFRACCIONES PENALES;2024;108.194
PAÍS VASCO;TOTAL INFRACCIONES PENALES;2023;107.823
PAÍS VASCO;TOTAL INFRACCIONES PENALES;2022;101.756
PAÍS VASCO;TOTAL INFRACCIONES PENALES;2021;84.781
PAÍS VASCO;TOTAL INFRACCIONES PENALES;2020;77.176
PAÍS VASCO;TOTAL INFRACCIONES PENALES;2019;94.536
PAÍS VASCO;TOTAL INFRACCIONES PENALES;2018;90.253
RIOJA (LA);1. CONTRA LAS PERSONAS;2024;1.435
RIOJA (LA);1. CONTRA LAS PERSONAS;2023;1.490
RIOJA (LA);1. CONTRA LAS PERSONAS;2022;1.391
RIOJA (LA);1. CONTRA LAS PERSONAS;2021;1.166
RIOJA (LA);1. CONTRA LAS PERSONAS;2020;942
RIOJA (LA);1. CONTRA LAS PERSONAS;2019;1.042
RIOJA (LA);1. CONTRA LAS PERSONAS;2018;1.057
RIOJA (LA);1.1.-Homicidios dolosos/asesinatos;2024;16
RIOJA (LA);1.1.-Homicidios dolosos/asesinatos;2023;15
RIOJA (LA);1.1.-Homicidios dolosos/asesinatos;2022;9
RIOJA (LA);1.1.-Homicidios dolosos/asesinatos;2021;8
RIOJA (LA);1.1.-Homicidios dolosos/asesinatos;2020;8
RIOJA (LA);1.1.-Homicidios dolosos/asesinatos;2019;5
RIOJA (LA);1.1.-Homicidios dolosos/asesinatos;2018;3
RIOJA (LA);1.1.1.-Homicidios dolosos/asesinatos consumados;2024;6
RIOJA (LA);1.1.1.-Homicidios dolosos/asesinatos consumados;2023;3
RIOJA (LA);1.1.1.-Homicidios dolosos/asesinatos consumados;2022;1
RIOJA (LA);1.1.1.-Homicidios dolosos/asesinatos consumados;2021;3
RIOJA (LA);1.1.1.-Homicidios dolosos/asesinatos consumados;2020;5
RIOJA (LA);1.1.1.-Homicidios dolosos/asesinatos consumados;2019;0
RIOJA (LA);1.1.1.-Homicidios dolosos/asesinatos consumados;2018;1
RIOJA (LA);1.2.-Lesiones;2024;770
RIOJA (LA);1.2.-Lesiones;2023;753
RIOJA (LA);1.2.-Lesiones;2022;792
RIOJA (LA);1.2.-Lesiones;2021;658
RIOJA (LA);1.2.-Lesiones;2020;500
RIOJA (LA);1.2.-Lesiones;2019;577
RIOJA (LA);1.2.-Lesiones;2018;562
RIOJA (LA);1.3.-Malos tratos ámbito familiar;2024;601
RIOJA (LA);1.3.-Malos tratos ámbito familiar;2023;676
RIOJA (LA);1.3.-Malos tratos ámbito familiar;2022;550
RIOJA (LA);1.3.-Malos tratos ámbito familiar;2021;482
RIOJA (LA);1.3.-Malos tratos ámbito familiar;2020;413
RIOJA (LA);1.3.-Malos tratos ámbito familiar;2019;447
RIOJA (LA);1.3.-Malos tratos ámbito familiar;2018;479
RIOJA (LA);1.4.-Otros contra las personas;2024;48
RIOJA (LA);1.4.-Otros contra las personas;2023;46
RIOJA (LA);1.4.-Otros contra las personas;2022;40
RIOJA (LA);1.4.-Otros contra las personas;2021;18
RIOJA (LA);1.4.-Otros contra las personas;2020;21
RIOJA (LA);1.4.-Otros contra las personas;2019;13
RIOJA (LA);1.4.-Otros contra las personas;2018;13
RIOJA (LA);2. CONTRA LA LIBERTAD;2024;924
RIOJA (LA);2. CONTRA LA LIBERTAD;2023;858
RIOJA (LA);2. CONTRA LA LIBERTAD;2022;816
RIOJA (LA);2. CONTRA LA LIBERTAD;2021;775
RIOJA (LA);2. CONTRA LA LIBERTAD;2020;555
RIOJA (LA);2. CONTRA LA LIBERTAD;2019;518
RIOJA (LA);2. CONTRA LA LIBERTAD;2018;502
RIOJA (LA);2.1.-Malos tratos habituales en el ámbito familiar;2024;81
RIOJA (LA);2.1.-Malos tratos habituales en el ámbito familiar;2023;94
RIOJA (LA);2.1.-Malos tratos habituales en el ámbito familiar;2022;97
RIOJA (LA);2.1.-Malos tratos habituales en el ámbito familiar;2021;91
RIOJA (LA);2.1.-Malos tratos habituales en el ámbito familiar;2020;73
RIOJA (LA);2.1.-Malos tratos habituales en el ámbito familiar;2019;68
RIOJA (LA);2.1.-Malos tratos habituales en el ámbito familiar;2018;48
RIOJA (LA);2.2.-Otros contra la libertad;2024;843
RIOJA (LA);2.2.-Otros contra la libertad;2023;764
RIOJA (LA);2.2.-Otros contra la libertad;2022;719
RIOJA (LA);2.2.-Otros contra la libertad;2021;684
RIOJA (LA);2.2.-Otros contra la libertad;2020;482
RIOJA (LA);2.2.-Otros contra la libertad;2019;450
RIOJA (LA);2.2.-Otros contra la libertad;2018;454
RIOJA (LA);3. LIBERTAD SEXUAL;2024;119
RIOJA (LA);3. LIBERTAD SEXUAL;2023;124
RIOJA (LA);3. LIBERTAD SEXUAL;2022;109
RIOJA (LA);3. LIBERTAD SEXUAL;2021;102
RIOJA (LA);3. LIBERTAD SEXUAL;2020;104
RIOJA (LA);3. LIBERTAD SEXUAL;2019;92
RIOJA (LA);3. LIBERTAD SEXUAL;2018;61
RIOJA (LA);3.1.-Agresión sexual;2024;86
RIOJA (LA);3.1.-Agresión sexual;2023;82
RIOJA (LA);3.1.-Agresión sexual;2022;77
RIOJA (LA);3.1.-Agresión sexual;2021;69
RIOJA (LA);3.1.-Agresión sexual;2020;47
RIOJA (LA);3.1.-Agresión sexual;2019;65
RIOJA (LA);3.1.-Agresión sexual;2018;39
RIOJA (LA);3.2.-Agresión sexual con penetración;2024;15
RIOJA (LA);3.2.-Agresión sexual con penetración;2023;18
RIOJA (LA);3.2.-Agresión sexual con penetración;2022;19
RIOJA (LA);3.2.-Agresión sexual con penetración;2021;14
RIOJA (LA);3.2.-Agresión sexual con penetración;2020;13
RIOJA (LA);3.2.-Agresión sexual con penetración;2019;15
RIOJA (LA);3.2.-Agresión sexual con penetración;2018;8
RIOJA (LA);3.3.-Corrupción de menores o incapacitados;2024;1
RIOJA (LA);3.3.-Corrupción de menores o incapacitados;2023;5
RIOJA (LA);3.3.-Corrupción de menores o incapacitados;2022;5
RIOJA (LA);3.3.-Corrupción de menores o incapacitados;2021;3
RIOJA (LA);3.3.-Corrupción de menores o incapacitados;2020;8
RIOJA (LA);3.3.-Corrupción de menores o incapacitados;2019;4
RIOJA (LA);3.3.-Corrupción de menores o incapacitados;2018;1
RIOJA (LA);3.4.-Pornografía de menores;2024;1
RIOJA (LA);3.4.-Pornografía de menores;2023;7
RIOJA (LA);3.4.-Pornografía de menores;2022;2
RIOJA (LA);3.4.-Pornografía de menores;2021;3
RIOJA (LA);3.4.-Pornografía de menores;2020;4
RIOJA (LA);3.4.-Pornografía de menores;2019;2
RIOJA (LA);3.4.-Pornografía de menores;2018;7
RIOJA (LA);3.5.-Otros contra la libertad sexual;2024;16
RIOJA (LA);3.5.-Otros contra la libertad sexual;2023;12
RIOJA (LA);3.5.-Otros contra la libertad sexual;2022;6
RIOJA (LA);3.5.-Otros contra la libertad sexual;2021;13
RIOJA (LA);3.5.-Otros contra la libertad sexual;2020;32
RIOJA (LA);3.5.-Otros contra la libertad sexual;2019;6
RIOJA (LA);3.5.-Otros contra la libertad sexual;2018;6
RIOJA (LA);4. RELACIONES FAMILIARES;2024;34
RIOJA (LA);4. RELACIONES FAMILIARES;2023;30
RIOJA (LA);4. RELACIONES FAMILIARES;2022;32
RIOJA (LA);4. RELACIONES FAMILIARES;2021;20
RIOJA (LA);4. RELACIONES FAMILIARES;2020;25
RIOJA (LA);4. RELACIONES FAMILIARES;2019;31
RIOJA (LA);4. RELACIONES FAMILIARES;2018;20
RIOJA (LA);5. PATRIMONIO;2024;8.256
RIOJA (LA);5. PATRIMONIO;2023;8.570
RIOJA (LA);5. PATRIMONIO;2022;8.254
RIOJA (LA);5. PATRIMONIO;2021;5.983
RIOJA (LA);5. PATRIMONIO;2020;5.460
RIOJA (LA);5. PATRIMONIO;2019;6.179
RIOJA (LA);5. PATRIMONIO;2018;5.894
RIOJA (LA);5.1.-Hurtos;2024;2.720
RIOJA (LA);5.1.-Hurtos;2023;2.974
RIOJA (LA);5.1.-Hurtos;2022;2.743
RIOJA (LA);5.1.-Hurtos;2021;1.789
RIOJA (LA);5.1.-Hurtos;2020;1.475
RIOJA (LA);5.1.-Hurtos;2019;2.415
RIOJA (LA);5.1.-Hurtos;2018;2.366
RIOJA (LA);5.2.-Robos con fuerza en las cosas;2024;1.399
RIOJA (LA);5.2.-Robos con fuerza en las cosas;2023;1.356
RIOJA (LA);5.2.-Robos con fuerza en las cosas;2022;1.251
RIOJA (LA);5.2.-Robos con fuerza en las cosas;2021;844
RIOJA (LA);5.2.-Robos con fuerza en las cosas;2020;806
RIOJA (LA);5.2.-Robos con fuerza en las cosas;2019;942
RIOJA (LA);5.2.-Robos con fuerza en las cosas;2018;1.001
RIOJA (LA);5.2.1.-Robos con fuerza en las cosas en el interior de vehículos;2024;301
RIOJA (LA);5.2.1.-Robos con fuerza en las cosas en el interior de vehículos;2023;260
RIOJA (LA);5.2.1.-Robos con fuerza en las cosas en el interior de vehículos;2022;208
RIOJA (LA);5.2.1.-Robos con fuerza en las cosas en el interior de vehículos;2021;178
RIOJA (LA);5.2.1.-Robos con fuerza en las cosas en el interior de vehículos;2020;155
RIOJA (LA);5.2.1.-Robos con fuerza en las cosas en el interior de vehículos;2019;185
RIOJA (LA);5.2.1.-Robos con fuerza en las cosas en el interior de vehículos;2018;177
RIOJA (LA);5.2.2.-Robos con fuerza en viviendas;2024;588
RIOJA (LA);5.2.2.-Robos con fuerza en viviendas;2023;559
RIOJA (LA);5.2.2.-Robos con fuerza en viviendas;2022;527
RIOJA (LA);5.2.2.-Robos con fuerza en viviendas;2021;397
RIOJA (LA);5.2.2.-Robos con fuerza en viviendas;2020;352
RIOJA (LA);5.2.2.-Robos con fuerza en viviendas;2019;437
RIOJA (LA);5.2.2.-Robos con fuerza en viviendas;2018;466
RIOJA (LA);5.2.3.-Robos con fuerza en establecimientos;2024;149
RIOJA (LA);5.2.3.-Robos con fuerza en establecimientos;2023;145
RIOJA (LA);5.2.3.-Robos con fuerza en establecimientos;2022;167
RIOJA (LA);5.2.3.-Robos con fuerza en establecimientos;2021;92
RIOJA (LA);5.2.3.-Robos con fuerza en establecimientos;2020;99
RIOJA (LA);5.2.3.-Robos con fuerza en establecimientos;2019;109
RIOJA (LA);5.2.3.-Robos con fuerza en establecimientos;2018;133
RIOJA (LA);5.3.-Robos con violencia o intimidación;2024;123
RIOJA (LA);5.3.-Robos con violencia o intimidación;2023;150
RIOJA (LA);5.3.-Robos con violencia o intimidación;2022;121
RIOJA (LA);5.3.-Robos con violencia o intimidación;2021;116
RIOJA (LA);5.3.-Robos con violencia o intimidación;2020;78
RIOJA (LA);5.3.-Robos con violencia o intimidación;2019;91
RIOJA (LA);5.3.-Robos con violencia o intimidación;2018;77
RIOJA (LA);5.3.1.-Robos con violencia en vía pública;2024;65
RIOJA (LA);5.3.1.-Robos con violencia en vía pública;2023;88
RIOJA (LA);5.3.1.-Robos con violencia en vía pública;2022;69
RIOJA (LA);5.3.1.-Robos con violencia en vía pública;2021;68
RIOJA (LA);5.3.1.-Robos con violencia en vía pública;2020;44
RIOJA (LA);5.3.1.-Robos con violencia en vía pública;2019;41
RIOJA (LA);5.3.1.-Robos con violencia en vía pública;2018;46
RIOJA (LA);5.3.2.-Robos con violencia en viviendas;2024;12
RIOJA (LA);5.3.2.-Robos con violencia en viviendas;2023;12
RIOJA (LA);5.3.2.-Robos con violencia en viviendas;2022;8
RIOJA (LA);5.3.2.-Robos con violencia en viviendas;2021;7
RIOJA (LA);5.3.2.-Robos con violencia en viviendas;2020;5
RIOJA (LA);5.3.2.-Robos con violencia en viviendas;2019;7
RIOJA (LA);5.3.2.-Robos con violencia en viviendas;2018;8
RIOJA (LA);5.3.3.-Robos con violencia en establecimientos;2024;35
RIOJA (LA);5.3.3.-Robos con violencia en establecimientos;2023;36
RIOJA (LA);5.3.3.-Robos con violencia en establecimientos;2022;29
RIOJA (LA);5.3.3.-Robos con violencia en establecimientos;2021;25
RIOJA (LA);5.3.3.-Robos con violencia en establecimientos;2020;19
RIOJA (LA);5.3.3.-Robos con violencia en establecimientos;2019;32
RIOJA (LA);5.3.3.-Robos con violencia en establecimientos;2018;12
RIOJA (LA);5.4.-Sustracción de vehículos;2024;71
RIOJA (LA);5.4.-Sustracción de vehículos;2023;68
RIOJA (LA);5.4.-Sustracción de vehículos;2022;77
RIOJA (LA);5.4.-Sustracción de vehículos;2021;59
RIOJA (LA);5.4.-Sustracción de vehículos;2020;31
RIOJA (LA);5.4.-Sustracción de vehículos;2019;69
RIOJA (LA);5.4.-Sustracción de vehículos;2018;78
RIOJA (LA);5.5.-Estafas;2024;2.180
RIOJA (LA);5.5.-Estafas;2023;2.324
RIOJA (LA);5.5.-Estafas;2022;2.494
RIOJA (LA);5.5.-Estafas;2021;1.981
RIOJA (LA);5.5.-Estafas;2020;2.015
RIOJA (LA);5.5.-Estafas;2019;1.326
RIOJA (LA);5.5.-Estafas;2018;1.052
RIOJA (LA);5.5.1.-Estafas informáticas;2024;1.868
RIOJA (LA);5.5.1.-Estafas informáticas;2023;2.021
RIOJA (LA);5.5.1.-Estafas informáticas;2022;2.152
RIOJA (LA);5.5.1.-Estafas informáticas;2021;1.794
RIOJA (LA);5.5.1.-Estafas informáticas;2020;1.787
RIOJA (LA);5.5.1.-Estafas informáticas;2019;996
RIOJA (LA);5.5.1.-Estafas informáticas;2018;675
RIOJA (LA);5.6.-Daños;2024;1.345
RIOJA (LA);5.6.-Daños;2023;1.252
RIOJA (LA);5.6.-Daños;2022;1.270
RIOJA (LA);5.6.-Daños;2021;931
RIOJA (LA);5.6.-Daños;2020;852
RIOJA (LA);5.6.-Daños;2019;979
RIOJA (LA);5.6.-Daños;2018;1.097
RIOJA (LA);5.7.-Contra la propiedad intelectual/industrial;2024;3
RIOJA (LA);5.7.-Contra la propiedad intelectual/industrial;2023;3
RIOJA (LA);5.7.-Contra la propiedad intelectual/industrial;2022;2
RIOJA (LA);5.7.-Contra la propiedad intelectual/industrial;2021;1
RIOJA (LA);5.7.-Contra la propiedad intelectual/industrial;2020;2
RIOJA (LA);5.7.-Contra la propiedad intelectual/industrial;2019;42
RIOJA (LA);5.7.-Contra la propiedad intelectual/industrial;2018;17
RIOJA (LA);5.8.-Blanqueo de capitales;2024;3
RIOJA (LA);5.8.-Blanqueo de capitales;2023;0
RIOJA (LA);5.8.-Blanqueo de capitales;2022;2
RIOJA (LA);5.8.-Blanqueo de capitales;2021;0
RIOJA (LA);5.8.-Blanqueo de capitales;2020;1
RIOJA (LA);5.8.-Blanqueo de capitales;2019;2
RIOJA (LA);5.8.-Blanqueo de capitales;2018;1
RIOJA (LA);5.9.-Otros contra el patrimonio;2024;412
RIOJA (LA);5.9.-Otros contra el patrimonio;2023;443
RIOJA (LA);5.9.-Otros contra el patrimonio;2022;294
RIOJA (LA);5.9.-Otros contra el patrimonio;2021;262
RIOJA (LA);5.9.-Otros contra el patrimonio;2020;200
RIOJA (LA);5.9.-Otros contra el patrimonio;2019;313
RIOJA (LA);5.9.-Otros contra el patrimonio;2018;205
RIOJA (LA);6. SEGURIDAD COLECTIVA;2024;440
RIOJA (LA);6. SEGURIDAD COLECTIVA;2023;454
RIOJA (LA);6. SEGURIDAD COLECTIVA;2022;507
RIOJA (LA);6. SEGURIDAD COLECTIVA;2021;440
RIOJA (LA);6. SEGURIDAD COLECTIVA;2020;295
RIOJA (LA);6. SEGURIDAD COLECTIVA;2019;413
RIOJA (LA);6. SEGURIDAD COLECTIVA;2018;349
RIOJA (LA);6.1.-Tráfico de drogas;2024;81
RIOJA (LA);6.1.-Tráfico de drogas;2023;93
RIOJA (LA);6.1.-Tráfico de drogas;2022;98
RIOJA (LA);6.1.-Tráfico de drogas;2021;75
RIOJA (LA);6.1.-Tráfico de drogas;2020;72
RIOJA (LA);6.1.-Tráfico de drogas;2019;105
RIOJA (LA);6.1.-Tráfico de drogas;2018;73
RIOJA (LA);6.2.-Contra la seguridad vial;2024;346
RIOJA (LA);6.2.-Contra la seguridad vial;2023;334
RIOJA (LA);6.2.-Contra la seguridad vial;2022;373
RIOJA (LA);6.2.-Contra la seguridad vial;2021;320
RIOJA (LA);6.2.-Contra la seguridad vial;2020;199
RIOJA (LA);6.2.-Contra la seguridad vial;2019;292
RIOJA (LA);6.2.-Contra la seguridad vial;2018;262
RIOJA (LA);6.3.-Otros contra la seguridad colectiva;2024;13
RIOJA (LA);6.3.-Otros contra la seguridad colectiva;2023;27
RIOJA (LA);6.3.-Otros contra la seguridad colectiva;2022;36
RIOJA (LA);6.3.-Otros contra la seguridad colectiva;2021;45
RIOJA (LA);6.3.-Otros contra la seguridad colectiva;2020;24
RIOJA (LA);6.3.-Otros contra la seguridad colectiva;2019;16
RIOJA (LA);6.3.-Otros contra la seguridad colectiva;2018;14
RIOJA (LA);7. FALSEDADES;2024;203
RIOJA (LA);7. FALSEDADES;2023;128
RIOJA (LA);7. FALSEDADES;2022;180
RIOJA (LA);7. FALSEDADES;2021;174
RIOJA (LA);7. FALSEDADES;2020;55
RIOJA (LA);7. FALSEDADES;2019;73
RIOJA (LA);7. FALSEDADES;2018;64
RIOJA (LA);8. ADMÓN. PÚBLICA;2024;6
RIOJA (LA);8. ADMÓN. PÚBLICA;2023;5
RIOJA (LA);8. ADMÓN. PÚBLICA;2022;1
RIOJA (LA);8. ADMÓN. PÚBLICA;2021;4
RIOJA (LA);8. ADMÓN. PÚBLICA;2020;0
RIOJA (LA);8. ADMÓN. PÚBLICA;2019;5
RIOJA (LA);8. ADMÓN. PÚBLICA;2018;2
RIOJA (LA);9. ADMÓN. JUSTICIA;2024;295
RIOJA (LA);9. ADMÓN. JUSTICIA;2023;284
RIOJA (LA);9. ADMÓN. JUSTICIA;2022;267
RIOJA (LA);9. ADMÓN. JUSTICIA;2021;223
RIOJA (LA);9. ADMÓN. JUSTICIA;2020;139
RIOJA (LA);9. ADMÓN. JUSTICIA;2019;229
RIOJA (LA);9. ADMÓN. JUSTICIA;2018;185
RIOJA (LA);10. ORDEN PÚBLICO;2024;150
RIOJA (LA);10. ORDEN PÚBLICO;2023;149
RIOJA (LA);10. ORDEN PÚBLICO;2022;147
RIOJA (LA);10. ORDEN PÚBLICO;2021;177
RIOJA (LA);10. ORDEN PÚBLICO;2020;208
RIOJA (LA);10. ORDEN PÚBLICO;2019;117
RIOJA (LA);10. ORDEN PÚBLICO;2018;87
RIOJA (LA);11. LEGISLACIÓN ESPECIAL;2024;0
RIOJA (LA);11. LEGISLACIÓN ESPECIAL;2023;3
RIOJA (LA);11. LEGISLACIÓN ESPECIAL;2022;1
RIOJA (LA);11. LEGISLACIÓN ESPECIAL;2021;0
RIOJA (LA);11. LEGISLACIÓN ESPECIAL;2020;0
RIOJA (LA);11. LEGISLACIÓN ESPECIAL;2019;0
RIOJA (LA);11. LEGISLACIÓN ESPECIAL;2018;0
RIOJA (LA);12. OTRAS INFRACCIONES PENALES;2024;77
RIOJA (LA);12. OTRAS INFRACCIONES PENALES;2023;57
RIOJA (LA);12. OTRAS INFRACCIONES PENALES;2022;49
RIOJA (LA);12. OTRAS INFRACCIONES PENALES;2021;51
RIOJA (LA);12. OTRAS INFRACCIONES PENALES;2020;44
RIOJA (LA);12. OTRAS INFRACCIONES PENALES;2019;51
RIOJA (LA);12. OTRAS INFRACCIONES PENALES;2018;53
RIOJA (LA);TOTAL INFRACCIONES PENALES;2024;11.939
RIOJA (LA);TOTAL INFRACCIONES PENALES;2023;12.152
RIOJA (LA);TOTAL INFRACCIONES PENALES;2022;11.754
RIOJA (LA);TOTAL INFRACCIONES PENALES;2021;9.115
RIOJA (LA);TOTAL INFRACCIONES PENALES;2020;7.827
RIOJA (LA);TOTAL INFRACCIONES PENALES;2019;8.750
RIOJA (LA);TOTAL INFRACCIONES PENALES;2018;8.274
CIUDAD AUTÓNOMA DE CEUTA;1. CONTRA LAS PERSONAS;2024;657
CIUDAD AUTÓNOMA DE CEUTA;1. CONTRA LAS PERSONAS;2023;644
CIUDAD AUTÓNOMA DE CEUTA;1. CONTRA LAS PERSONAS;2022;738
CIUDAD AUTÓNOMA DE CEUTA;1. CONTRA LAS PERSONAS;2021;835
CIUDAD AUTÓNOMA DE CEUTA;1. CONTRA LAS PERSONAS;2020;633
CIUDAD AUTÓNOMA DE CEUTA;1. CONTRA LAS PERSONAS;2019;710
CIUDAD AUTÓNOMA DE CEUTA;1. CONTRA LAS PERSONAS;2018;707
CIUDAD AUTÓNOMA DE CEUTA;1.1.-Homicidios dolosos/asesinatos;2024;8
CIUDAD AUTÓNOMA DE CEUTA;1.1.-Homicidios dolosos/asesinatos;2023;11
CIUDAD AUTÓNOMA DE CEUTA;1.1.-Homicidios dolosos/asesinatos;2022;35
CIUDAD AUTÓNOMA DE CEUTA;1.1.-Homicidios dolosos/asesinatos;2021;12
CIUDAD AUTÓNOMA DE CEUTA;1.1.-Homicidios dolosos/asesinatos;2020;7
CIUDAD AUTÓNOMA DE CEUTA;1.1.-Homicidios dolosos/asesinatos;2019;20
CIUDAD AUTÓNOMA DE CEUTA;1.1.-Homicidios dolosos/asesinatos;2018;2
CIUDAD AUTÓNOMA DE CEUTA;1.1.1.-Homicidios dolosos/asesinatos consumados;2024;0
CIUDAD AUTÓNOMA DE CEUTA;1.1.1.-Homicidios dolosos/asesinatos consumados;2023;5
CIUDAD AUTÓNOMA DE CEUTA;1.1.1.-Homicidios dolosos/asesinatos consumados;2022;4
CIUDAD AUTÓNOMA DE CEUTA;1.1.1.-Homicidios dolosos/asesinatos consumados;2021;2
CIUDAD AUTÓNOMA DE CEUTA;1.1.1.-Homicidios dolosos/asesinatos consumados;2020;2
CIUDAD AUTÓNOMA DE CEUTA;1.1.1.-Homicidios dolosos/asesinatos consumados;2019;4
CIUDAD AUTÓNOMA DE CEUTA;1.1.1.-Homicidios dolosos/asesinatos consumados;2018;1
CIUDAD AUTÓNOMA DE CEUTA;1.2.-Lesiones;2024;365
CIUDAD AUTÓNOMA DE CEUTA;1.2.-Lesiones;2023;348
CIUDAD AUTÓNOMA DE CEUTA;1.2.-Lesiones;2022;432
CIUDAD AUTÓNOMA DE CEUTA;1.2.-Lesiones;2021;500
CIUDAD AUTÓNOMA DE CEUTA;1.2.-Lesiones;2020;398
CIUDAD AUTÓNOMA DE CEUTA;1.2.-Lesiones;2019;437
CIUDAD AUTÓNOMA DE CEUTA;1.2.-Lesiones;2018;439
CIUDAD AUTÓNOMA DE CEUTA;1.3.-Malos tratos ámbito familiar;2024;276
CIUDAD AUTÓNOMA DE CEUTA;1.3.-Malos tratos ámbito familiar;2023;283
CIUDAD AUTÓNOMA DE CEUTA;1.3.-Malos tratos ámbito familiar;2022;268
CIUDAD AUTÓNOMA DE CEUTA;1.3.-Malos tratos ámbito familiar;2021;317
CIUDAD AUTÓNOMA DE CEUTA;1.3.-Malos tratos ámbito familiar;2020;224
CIUDAD AUTÓNOMA DE CEUTA;1.3.-Malos tratos ámbito familiar;2019;250
CIUDAD AUTÓNOMA DE CEUTA;1.3.-Malos tratos ámbito familiar;2018;264
CIUDAD AUTÓNOMA DE CEUTA;1.4.-Otros contra las personas;2024;8
CIUDAD AUTÓNOMA DE CEUTA;1.4.-Otros contra las personas;2023;2
CIUDAD AUTÓNOMA DE CEUTA;1.4.-Otros contra las personas;2022;3
CIUDAD AUTÓNOMA DE CEUTA;1.4.-Otros contra las personas;2021;6
CIUDAD AUTÓNOMA DE CEUTA;1.4.-Otros contra las personas;2020;4
CIUDAD AUTÓNOMA DE CEUTA;1.4.-Otros contra las personas;2019;3
CIUDAD AUTÓNOMA DE CEUTA;1.4.-Otros contra las personas;2018;2
CIUDAD AUTÓNOMA DE CEUTA;2. CONTRA LA LIBERTAD;2024;394
CIUDAD AUTÓNOMA DE CEUTA;2. CONTRA LA LIBERTAD;2023;311
CIUDAD AUTÓNOMA DE CEUTA;2. CONTRA LA LIBERTAD;2022;335
CIUDAD AUTÓNOMA DE CEUTA;2. CONTRA LA LIBERTAD;2021;376
CIUDAD AUTÓNOMA DE CEUTA;2. CONTRA LA LIBERTAD;2020;338
CIUDAD AUTÓNOMA DE CEUTA;2. CONTRA LA LIBERTAD;2019;283
CIUDAD AUTÓNOMA DE CEUTA;2. CONTRA LA LIBERTAD;2018;248
CIUDAD AUTÓNOMA DE CEUTA;2.1.-Malos tratos habituales en el ámbito familiar;2024;9
CIUDAD AUTÓNOMA DE CEUTA;2.1.-Malos tratos habituales en el ámbito familiar;2023;8
CIUDAD AUTÓNOMA DE CEUTA;2.1.-Malos tratos habituales en el ámbito familiar;2022;12
CIUDAD AUTÓNOMA DE CEUTA;2.1.-Malos tratos habituales en el ámbito familiar;2021;11
CIUDAD AUTÓNOMA DE CEUTA;2.1.-Malos tratos habituales en el ámbito familiar;2020;5
CIUDAD AUTÓNOMA DE CEUTA;2.1.-Malos tratos habituales en el ámbito familiar;2019;4
CIUDAD AUTÓNOMA DE CEUTA;2.1.-Malos tratos habituales en el ámbito familiar;2018;16
CIUDAD AUTÓNOMA DE CEUTA;2.2.-Otros contra la libertad;2024;385
CIUDAD AUTÓNOMA DE CEUTA;2.2.-Otros contra la libertad;2023;303
CIUDAD AUTÓNOMA DE CEUTA;2.2.-Otros contra la libertad;2022;323
CIUDAD AUTÓNOMA DE CEUTA;2.2.-Otros contra la libertad;2021;365
CIUDAD AUTÓNOMA DE CEUTA;2.2.-Otros contra la libertad;2020;333
CIUDAD AUTÓNOMA DE CEUTA;2.2.-Otros contra la libertad;2019;279
CIUDAD AUTÓNOMA DE CEUTA;2.2.-Otros contra la libertad;2018;232
CIUDAD AUTÓNOMA DE CEUTA;3. LIBERTAD SEXUAL;2024;51
CIUDAD AUTÓNOMA DE CEUTA;3. LIBERTAD SEXUAL;2023;45
CIUDAD AUTÓNOMA DE CEUTA;3. LIBERTAD SEXUAL;2022;46
CIUDAD AUTÓNOMA DE CEUTA;3. LIBERTAD SEXUAL;2021;47
CIUDAD AUTÓNOMA DE CEUTA;3. LIBERTAD SEXUAL;2020;37
CIUDAD AUTÓNOMA DE CEUTA;3. LIBERTAD SEXUAL;2019;23
CIUDAD AUTÓNOMA DE CEUTA;3. LIBERTAD SEXUAL;2018;50
CIUDAD AUTÓNOMA DE CEUTA;3.1.-Agresión sexual;2024;42
CIUDAD AUTÓNOMA DE CEUTA;3.1.-Agresión sexual;2023;32
CIUDAD AUTÓNOMA DE CEUTA;3.1.-Agresión sexual;2022;35
CIUDAD AUTÓNOMA DE CEUTA;3.1.-Agresión sexual;2021;31
CIUDAD AUTÓNOMA DE CEUTA;3.1.-Agresión sexual;2020;22
CIUDAD AUTÓNOMA DE CEUTA;3.1.-Agresión sexual;2019;15
CIUDAD AUTÓNOMA DE CEUTA;3.1.-Agresión sexual;2018;36
CIUDAD AUTÓNOMA DE CEUTA;3.2.-Agresión sexual con penetración;2024;5
CIUDAD AUTÓNOMA DE CEUTA;3.2.-Agresión sexual con penetración;2023;8
CIUDAD AUTÓNOMA DE CEUTA;3.2.-Agresión sexual con penetración;2022;5
CIUDAD AUTÓNOMA DE CEUTA;3.2.-Agresión sexual con penetración;2021;4
CIUDAD AUTÓNOMA DE CEUTA;3.2.-Agresión sexual con penetración;2020;3
CIUDAD AUTÓNOMA DE CEUTA;3.2.-Agresión sexual con penetración;2019;2
CIUDAD AUTÓNOMA DE CEUTA;3.2.-Agresión sexual con penetración;2018;6
CIUDAD AUTÓNOMA DE CEUTA;3.3.-Corrupción de menores o incapacitados;2024;0
CIUDAD AUTÓNOMA DE CEUTA;3.3.-Corrupción de menores o incapacitados;2023;1
CIUDAD AUTÓNOMA DE CEUTA;3.3.-Corrupción de menores o incapacitados;2022;1
CIUDAD AUTÓNOMA DE CEUTA;3.3.-Corrupción de menores o incapacitados;2021;0
CIUDAD AUTÓNOMA DE CEUTA;3.3.-Corrupción de menores o incapacitados;2020;1
CIUDAD AUTÓNOMA DE CEUTA;3.3.-Corrupción de menores o incapacitados;2019;0
CIUDAD AUTÓNOMA DE CEUTA;3.3.-Corrupción de menores o incapacitados;2018;0
CIUDAD AUTÓNOMA DE CEUTA;3.4.-Pornografía de menores;2024;2
CIUDAD AUTÓNOMA DE CEUTA;3.4.-Pornografía de menores;2023;2
CIUDAD AUTÓNOMA DE CEUTA;3.4.-Pornografía de menores;2022;3
CIUDAD AUTÓNOMA DE CEUTA;3.4.-Pornografía de menores;2021;2
CIUDAD AUTÓNOMA DE CEUTA;3.4.-Pornografía de menores;2020;1
CIUDAD AUTÓNOMA DE CEUTA;3.4.-Pornografía de menores;2019;0
CIUDAD AUTÓNOMA DE CEUTA;3.4.-Pornografía de menores;2018;2
CIUDAD AUTÓNOMA DE CEUTA;3.5.-Otros contra la libertad sexual;2024;2
CIUDAD AUTÓNOMA DE CEUTA;3.5.-Otros contra la libertad sexual;2023;2
CIUDAD AUTÓNOMA DE CEUTA;3.5.-Otros contra la libertad sexual;2022;2
CIUDAD AUTÓNOMA DE CEUTA;3.5.-Otros contra la libertad sexual;2021;10
CIUDAD AUTÓNOMA DE CEUTA;3.5.-Otros contra la libertad sexual;2020;10
CIUDAD AUTÓNOMA DE CEUTA;3.5.-Otros contra la libertad sexual;2019;6
CIUDAD AUTÓNOMA DE CEUTA;3.5.-Otros contra la libertad sexual;2018;6
CIUDAD AUTÓNOMA DE CEUTA;4. RELACIONES FAMILIARES;2024;17
CIUDAD AUTÓNOMA DE CEUTA;4. RELACIONES FAMILIARES;2023;19
CIUDAD AUTÓNOMA DE CEUTA;4. RELACIONES FAMILIARES;2022;29
CIUDAD AUTÓNOMA DE CEUTA;4. RELACIONES FAMILIARES;2021;17
CIUDAD AUTÓNOMA DE CEUTA;4. RELACIONES FAMILIARES;2020;16
CIUDAD AUTÓNOMA DE CEUTA;4. RELACIONES FAMILIARES;2019;31
CIUDAD AUTÓNOMA DE CEUTA;4. RELACIONES FAMILIARES;2018;28
CIUDAD AUTÓNOMA DE CEUTA;5. PATRIMONIO;2024;1.829
CIUDAD AUTÓNOMA DE CEUTA;5. PATRIMONIO;2023;1.909
CIUDAD AUTÓNOMA DE CEUTA;5. PATRIMONIO;2022;1.817
CIUDAD AUTÓNOMA DE CEUTA;5. PATRIMONIO;2021;1.800
CIUDAD AUTÓNOMA DE CEUTA;5. PATRIMONIO;2020;1.714
CIUDAD AUTÓNOMA DE CEUTA;5. PATRIMONIO;2019;2.159
CIUDAD AUTÓNOMA DE CEUTA;5. PATRIMONIO;2018;2.243
CIUDAD AUTÓNOMA DE CEUTA;5.1.-Hurtos;2024;507
CIUDAD AUTÓNOMA DE CEUTA;5.1.-Hurtos;2023;529
CIUDAD AUTÓNOMA DE CEUTA;5.1.-Hurtos;2022;425
CIUDAD AUTÓNOMA DE CEUTA;5.1.-Hurtos;2021;434
CIUDAD AUTÓNOMA DE CEUTA;5.1.-Hurtos;2020;471
CIUDAD AUTÓNOMA DE CEUTA;5.1.-Hurtos;2019;819
CIUDAD AUTÓNOMA DE CEUTA;5.1.-Hurtos;2018;864
CIUDAD AUTÓNOMA DE CEUTA;5.2.-Robos con fuerza en las cosas;2024;129
CIUDAD AUTÓNOMA DE CEUTA;5.2.-Robos con fuerza en las cosas;2023;192
CIUDAD AUTÓNOMA DE CEUTA;5.2.-Robos con fuerza en las cosas;2022;211
CIUDAD AUTÓNOMA DE CEUTA;5.2.-Robos con fuerza en las cosas;2021;189
CIUDAD AUTÓNOMA DE CEUTA;5.2.-Robos con fuerza en las cosas;2020;198
CIUDAD AUTÓNOMA DE CEUTA;5.2.-Robos con fuerza en las cosas;2019;241
CIUDAD AUTÓNOMA DE CEUTA;5.2.-Robos con fuerza en las cosas;2018;313
CIUDAD AUTÓNOMA DE CEUTA;5.2.1.-Robos con fuerza en las cosas en el interior de vehículos;2024;87
CIUDAD AUTÓNOMA DE CEUTA;5.2.1.-Robos con fuerza en las cosas en el interior de vehículos;2023;115
CIUDAD AUTÓNOMA DE CEUTA;5.2.1.-Robos con fuerza en las cosas en el interior de vehículos;2022;134
CIUDAD AUTÓNOMA DE CEUTA;5.2.1.-Robos con fuerza en las cosas en el interior de vehículos;2021;106
CIUDAD AUTÓNOMA DE CEUTA;5.2.1.-Robos con fuerza en las cosas en el interior de vehículos;2020;90
CIUDAD AUTÓNOMA DE CEUTA;5.2.1.-Robos con fuerza en las cosas en el interior de vehículos;2019;154
CIUDAD AUTÓNOMA DE CEUTA;5.2.1.-Robos con fuerza en las cosas en el interior de vehículos;2018;186
CIUDAD AUTÓNOMA DE CEUTA;5.2.2.-Robos con fuerza en viviendas;2024;21
CIUDAD AUTÓNOMA DE CEUTA;5.2.2.-Robos con fuerza en viviendas;2023;33
CIUDAD AUTÓNOMA DE CEUTA;5.2.2.-Robos con fuerza en viviendas;2022;31
CIUDAD AUTÓNOMA DE CEUTA;5.2.2.-Robos con fuerza en viviendas;2021;31
CIUDAD AUTÓNOMA DE CEUTA;5.2.2.-Robos con fuerza en viviendas;2020;37
CIUDAD AUTÓNOMA DE CEUTA;5.2.2.-Robos con fuerza en viviendas;2019;42
CIUDAD AUTÓNOMA DE CEUTA;5.2.2.-Robos con fuerza en viviendas;2018;60
CIUDAD AUTÓNOMA DE CEUTA;5.2.3.-Robos con fuerza en establecimientos;2024;6
CIUDAD AUTÓNOMA DE CEUTA;5.2.3.-Robos con fuerza en establecimientos;2023;19
CIUDAD AUTÓNOMA DE CEUTA;5.2.3.-Robos con fuerza en establecimientos;2022;13
CIUDAD AUTÓNOMA DE CEUTA;5.2.3.-Robos con fuerza en establecimientos;2021;25
CIUDAD AUTÓNOMA DE CEUTA;5.2.3.-Robos con fuerza en establecimientos;2020;30
CIUDAD AUTÓNOMA DE CEUTA;5.2.3.-Robos con fuerza en establecimientos;2019;16
CIUDAD AUTÓNOMA DE CEUTA;5.2.3.-Robos con fuerza en establecimientos;2018;25
CIUDAD AUTÓNOMA DE CEUTA;5.3.-Robos con violencia o intimidación;2024;140
CIUDAD AUTÓNOMA DE CEUTA;5.3.-Robos con violencia o intimidación;2023;84
CIUDAD AUTÓNOMA DE CEUTA;5.3.-Robos con violencia o intimidación;2022;107
CIUDAD AUTÓNOMA DE CEUTA;5.3.-Robos con violencia o intimidación;2021;195
CIUDAD AUTÓNOMA DE CEUTA;5.3.-Robos con violencia o intimidación;2020;128
CIUDAD AUTÓNOMA DE CEUTA;5.3.-Robos con violencia o intimidación;2019;147
CIUDAD AUTÓNOMA DE CEUTA;5.3.-Robos con violencia o intimidación;2018;150
CIUDAD AUTÓNOMA DE CEUTA;5.3.1.-Robos con violencia en vía pública;2024;107
CIUDAD AUTÓNOMA DE CEUTA;5.3.1.-Robos con violencia en vía pública;2023;62
CIUDAD AUTÓNOMA DE CEUTA;5.3.1.-Robos con violencia en vía pública;2022;75
CIUDAD AUTÓNOMA DE CEUTA;5.3.1.-Robos con violencia en vía pública;2021;148
CIUDAD AUTÓNOMA DE CEUTA;5.3.1.-Robos con violencia en vía pública;2020;97
CIUDAD AUTÓNOMA DE CEUTA;5.3.1.-Robos con violencia en vía pública;2019;112
CIUDAD AUTÓNOMA DE CEUTA;5.3.1.-Robos con violencia en vía pública;2018;115
CIUDAD AUTÓNOMA DE CEUTA;5.3.2.-Robos con violencia en viviendas;2024;8
CIUDAD AUTÓNOMA DE CEUTA;5.3.2.-Robos con violencia en viviendas;2023;7
CIUDAD AUTÓNOMA DE CEUTA;5.3.2.-Robos con violencia en viviendas;2022;5
CIUDAD AUTÓNOMA DE CEUTA;5.3.2.-Robos con violencia en viviendas;2021;4
CIUDAD AUTÓNOMA DE CEUTA;5.3.2.-Robos con violencia en viviendas;2020;6
CIUDAD AUTÓNOMA DE CEUTA;5.3.2.-Robos con violencia en viviendas;2019;6
CIUDAD AUTÓNOMA DE CEUTA;5.3.2.-Robos con violencia en viviendas;2018;7
CIUDAD AUTÓNOMA DE CEUTA;5.3.3.-Robos con violencia en establecimientos;2024;12
CIUDAD AUTÓNOMA DE CEUTA;5.3.3.-Robos con violencia en establecimientos;2023;10
CIUDAD AUTÓNOMA DE CEUTA;5.3.3.-Robos con violencia en establecimientos;2022;10
CIUDAD AUTÓNOMA DE CEUTA;5.3.3.-Robos con violencia en establecimientos;2021;9
CIUDAD AUTÓNOMA DE CEUTA;5.3.3.-Robos con violencia en establecimientos;2020;8
CIUDAD AUTÓNOMA DE CEUTA;5.3.3.-Robos con violencia en establecimientos;2019;10
CIUDAD AUTÓNOMA DE CEUTA;5.3.3.-Robos con violencia en establecimientos;2018;7
CIUDAD AUTÓNOMA DE CEUTA;5.4.-Sustracción de vehículos;2024;112
CIUDAD AUTÓNOMA DE CEUTA;5.4.-Sustracción de vehículos;2023;108
CIUDAD AUTÓNOMA DE CEUTA;5.4.-Sustracción de vehículos;2022;107
CIUDAD AUTÓNOMA DE CEUTA;5.4.-Sustracción de vehículos;2021;103
CIUDAD AUTÓNOMA DE CEUTA;5.4.-Sustracción de vehículos;2020;84
CIUDAD AUTÓNOMA DE CEUTA;5.4.-Sustracción de vehículos;2019;168
CIUDAD AUTÓNOMA DE CEUTA;5.4.-Sustracción de vehículos;2018;247
CIUDAD AUTÓNOMA DE CEUTA;5.5.-Estafas;2024;600
CIUDAD AUTÓNOMA DE CEUTA;5.5.-Estafas;2023;617
CIUDAD AUTÓNOMA DE CEUTA;5.5.-Estafas;2022;529
CIUDAD AUTÓNOMA DE CEUTA;5.5.-Estafas;2021;452
CIUDAD AUTÓNOMA DE CEUTA;5.5.-Estafas;2020;432
CIUDAD AUTÓNOMA DE CEUTA;5.5.-Estafas;2019;404
CIUDAD AUTÓNOMA DE CEUTA;5.5.-Estafas;2018;291
CIUDAD AUTÓNOMA DE CEUTA;5.5.1.-Estafas informáticas;2024;497
CIUDAD AUTÓNOMA DE CEUTA;5.5.1.-Estafas informáticas;2023;514
CIUDAD AUTÓNOMA DE CEUTA;5.5.1.-Estafas informáticas;2022;469
CIUDAD AUTÓNOMA DE CEUTA;5.5.1.-Estafas informáticas;2021;402
CIUDAD AUTÓNOMA DE CEUTA;5.5.1.-Estafas informáticas;2020;359
CIUDAD AUTÓNOMA DE CEUTA;5.5.1.-Estafas informáticas;2019;324
CIUDAD AUTÓNOMA DE CEUTA;5.5.1.-Estafas informáticas;2018;182
CIUDAD AUTÓNOMA DE CEUTA;5.6.-Daños;2024;251
CIUDAD AUTÓNOMA DE CEUTA;5.6.-Daños;2023;311
CIUDAD AUTÓNOMA DE CEUTA;5.6.-Daños;2022;378
CIUDAD AUTÓNOMA DE CEUTA;5.6.-Daños;2021;344
CIUDAD AUTÓNOMA DE CEUTA;5.6.-Daños;2020;350
CIUDAD AUTÓNOMA DE CEUTA;5.6.-Daños;2019;331
CIUDAD AUTÓNOMA DE CEUTA;5.6.-Daños;2018;324
CIUDAD AUTÓNOMA DE CEUTA;5.7.-Contra la propiedad intelectual/industrial;2024;0
CIUDAD AUTÓNOMA DE CEUTA;5.7.-Contra la propiedad intelectual/industrial;2023;1
CIUDAD AUTÓNOMA DE CEUTA;5.7.-Contra la propiedad intelectual/industrial;2022;2
CIUDAD AUTÓNOMA DE CEUTA;5.7.-Contra la propiedad intelectual/industrial;2021;1
CIUDAD AUTÓNOMA DE CEUTA;5.7.-Contra la propiedad intelectual/industrial;2020;1
CIUDAD AUTÓNOMA DE CEUTA;5.7.-Contra la propiedad intelectual/industrial;2019;2
CIUDAD AUTÓNOMA DE CEUTA;5.7.-Contra la propiedad intelectual/industrial;2018;0
CIUDAD AUTÓNOMA DE CEUTA;5.8.-Blanqueo de capitales;2024;3
CIUDAD AUTÓNOMA DE CEUTA;5.8.-Blanqueo de capitales;2023;0
CIUDAD AUTÓNOMA DE CEUTA;5.8.-Blanqueo de capitales;2022;1
CIUDAD AUTÓNOMA DE CEUTA;5.8.-Blanqueo de capitales;2021;0
CIUDAD AUTÓNOMA DE CEUTA;5.8.-Blanqueo de capitales;2020;0
CIUDAD AUTÓNOMA DE CEUTA;5.8.-Blanqueo de capitales;2019;1
CIUDAD AUTÓNOMA DE CEUTA;5.8.-Blanqueo de capitales;2018;4
CIUDAD AUTÓNOMA DE CEUTA;5.9.-Otros contra el patrimonio;2024;87
CIUDAD AUTÓNOMA DE CEUTA;5.9.-Otros contra el patrimonio;2023;67
CIUDAD AUTÓNOMA DE CEUTA;5.9.-Otros contra el patrimonio;2022;57
CIUDAD AUTÓNOMA DE CEUTA;5.9.-Otros contra el patrimonio;2021;82
CIUDAD AUTÓNOMA DE CEUTA;5.9.-Otros contra el patrimonio;2020;50
CIUDAD AUTÓNOMA DE CEUTA;5.9.-Otros contra el patrimonio;2019;46
CIUDAD AUTÓNOMA DE CEUTA;5.9.-Otros contra el patrimonio;2018;50
CIUDAD AUTÓNOMA DE CEUTA;6. SEGURIDAD COLECTIVA;2024;245
CIUDAD AUTÓNOMA DE CEUTA;6. SEGURIDAD COLECTIVA;2023;264
CIUDAD AUTÓNOMA DE CEUTA;6. SEGURIDAD COLECTIVA;2022;277
CIUDAD AUTÓNOMA DE CEUTA;6. SEGURIDAD COLECTIVA;2021;399
CIUDAD AUTÓNOMA DE CEUTA;6. SEGURIDAD COLECTIVA;2020;356
CIUDAD AUTÓNOMA DE CEUTA;6. SEGURIDAD COLECTIVA;2019;509
CIUDAD AUTÓNOMA DE CEUTA;6. SEGURIDAD COLECTIVA;2018;385
CIUDAD AUTÓNOMA DE CEUTA;6.1.-Tráfico de drogas;2024;97
CIUDAD AUTÓNOMA DE CEUTA;6.1.-Tráfico de drogas;2023;99
CIUDAD AUTÓNOMA DE CEUTA;6.1.-Tráfico de drogas;2022;115
CIUDAD AUTÓNOMA DE CEUTA;6.1.-Tráfico de drogas;2021;205
CIUDAD AUTÓNOMA DE CEUTA;6.1.-Tráfico de drogas;2020;220
CIUDAD AUTÓNOMA DE CEUTA;6.1.-Tráfico de drogas;2019;297
CIUDAD AUTÓNOMA DE CEUTA;6.1.-Tráfico de drogas;2018;166
CIUDAD AUTÓNOMA DE CEUTA;6.2.-Contra la seguridad vial;2024;135
CIUDAD AUTÓNOMA DE CEUTA;6.2.-Contra la seguridad vial;2023;161
CIUDAD AUTÓNOMA DE CEUTA;6.2.-Contra la seguridad vial;2022;153
CIUDAD AUTÓNOMA DE CEUTA;6.2.-Contra la seguridad vial;2021;186
CIUDAD AUTÓNOMA DE CEUTA;6.2.-Contra la seguridad vial;2020;133
CIUDAD AUTÓNOMA DE CEUTA;6.2.-Contra la seguridad vial;2019;207
CIUDAD AUTÓNOMA DE CEUTA;6.2.-Contra la seguridad vial;2018;215
CIUDAD AUTÓNOMA DE CEUTA;6.3.-Otros contra la seguridad colectiva;2024;13
CIUDAD AUTÓNOMA DE CEUTA;6.3.-Otros contra la seguridad colectiva;2023;4
CIUDAD AUTÓNOMA DE CEUTA;6.3.-Otros contra la seguridad colectiva;2022;9
CIUDAD AUTÓNOMA DE CEUTA;6.3.-Otros contra la seguridad colectiva;2021;8
CIUDAD AUTÓNOMA DE CEUTA;6.3.-Otros contra la seguridad colectiva;2020;3
CIUDAD AUTÓNOMA DE CEUTA;6.3.-Otros contra la seguridad colectiva;2019;5
CIUDAD AUTÓNOMA DE CEUTA;6.3.-Otros contra la seguridad colectiva;2018;4
CIUDAD AUTÓNOMA DE CEUTA;7. FALSEDADES;2024;97
CIUDAD AUTÓNOMA DE CEUTA;7. FALSEDADES;2023;96
CIUDAD AUTÓNOMA DE CEUTA;7. FALSEDADES;2022;78
CIUDAD AUTÓNOMA DE CEUTA;7. FALSEDADES;2021;108
CIUDAD AUTÓNOMA DE CEUTA;7. FALSEDADES;2020;192
CIUDAD AUTÓNOMA DE CEUTA;7. FALSEDADES;2019;543
CIUDAD AUTÓNOMA DE CEUTA;7. FALSEDADES;2018;602
CIUDAD AUTÓNOMA DE CEUTA;8. ADMÓN. PÚBLICA;2024;1
CIUDAD AUTÓNOMA DE CEUTA;8. ADMÓN. PÚBLICA;2023;1
CIUDAD AUTÓNOMA DE CEUTA;8. ADMÓN. PÚBLICA;2022;0
CIUDAD AUTÓNOMA DE CEUTA;8. ADMÓN. PÚBLICA;2021;0
CIUDAD AUTÓNOMA DE CEUTA;8. ADMÓN. PÚBLICA;2020;1
CIUDAD AUTÓNOMA DE CEUTA;8. ADMÓN. PÚBLICA;2019;8
CIUDAD AUTÓNOMA DE CEUTA;8. ADMÓN. PÚBLICA;2018;8
CIUDAD AUTÓNOMA DE CEUTA;9. ADMÓN. JUSTICIA;2024;99
CIUDAD AUTÓNOMA DE CEUTA;9. ADMÓN. JUSTICIA;2023;95
CIUDAD AUTÓNOMA DE CEUTA;9. ADMÓN. JUSTICIA;2022;108
CIUDAD AUTÓNOMA DE CEUTA;9. ADMÓN. JUSTICIA;2021;99
CIUDAD AUTÓNOMA DE CEUTA;9. ADMÓN. JUSTICIA;2020;116
CIUDAD AUTÓNOMA DE CEUTA;9. ADMÓN. JUSTICIA;2019;148
CIUDAD AUTÓNOMA DE CEUTA;9. ADMÓN. JUSTICIA;2018;178
CIUDAD AUTÓNOMA DE CEUTA;10. ORDEN PÚBLICO;2024;115
CIUDAD AUTÓNOMA DE CEUTA;10. ORDEN PÚBLICO;2023;120
CIUDAD AUTÓNOMA DE CEUTA;10. ORDEN PÚBLICO;2022;152
CIUDAD AUTÓNOMA DE CEUTA;10. ORDEN PÚBLICO;2021;183
CIUDAD AUTÓNOMA DE CEUTA;10. ORDEN PÚBLICO;2020;174
CIUDAD AUTÓNOMA DE CEUTA;10. ORDEN PÚBLICO;2019;165
CIUDAD AUTÓNOMA DE CEUTA;10. ORDEN PÚBLICO;2018;134
CIUDAD AUTÓNOMA DE CEUTA;11. LEGISLACIÓN ESPECIAL;2024;1
CIUDAD AUTÓNOMA DE CEUTA;11. LEGISLACIÓN ESPECIAL;2023;0
CIUDAD AUTÓNOMA DE CEUTA;11. LEGISLACIÓN ESPECIAL;2022;2
CIUDAD AUTÓNOMA DE CEUTA;11. LEGISLACIÓN ESPECIAL;2021;2
CIUDAD AUTÓNOMA DE CEUTA;11. LEGISLACIÓN ESPECIAL;2020;4
CIUDAD AUTÓNOMA DE CEUTA;11. LEGISLACIÓN ESPECIAL;2019;5
CIUDAD AUTÓNOMA DE CEUTA;11. LEGISLACIÓN ESPECIAL;2018;3
CIUDAD AUTÓNOMA DE CEUTA;12. OTRAS INFRACCIONES PENALES;2024;32
CIUDAD AUTÓNOMA DE CEUTA;12. OTRAS INFRACCIONES PENALES;2023;37
CIUDAD AUTÓNOMA DE CEUTA;12. OTRAS INFRACCIONES PENALES;2022;53
CIUDAD AUTÓNOMA DE CEUTA;12. OTRAS INFRACCIONES PENALES;2021;50
CIUDAD AUTÓNOMA DE CEUTA;12. OTRAS INFRACCIONES PENALES;2020;67
CIUDAD AUTÓNOMA DE CEUTA;12. OTRAS INFRACCIONES PENALES;2019;162
CIUDAD AUTÓNOMA DE CEUTA;12. OTRAS INFRACCIONES PENALES;2018;136
CIUDAD AUTÓNOMA DE CEUTA;TOTAL INFRACCIONES PENALES;2024;3.538
CIUDAD AUTÓNOMA DE CEUTA;TOTAL INFRACCIONES PENALES;2023;3.541
CIUDAD AUTÓNOMA DE CEUTA;TOTAL INFRACCIONES PENALES;2022;3.635
CIUDAD AUTÓNOMA DE CEUTA;TOTAL INFRACCIONES PENALES;2021;3.916
CIUDAD AUTÓNOMA DE CEUTA;TOTAL INFRACCIONES PENALES;2020;3.648
CIUDAD AUTÓNOMA DE CEUTA;TOTAL INFRACCIONES PENALES;2019;4.746
CIUDAD AUTÓNOMA DE CEUTA;TOTAL INFRACCIONES PENALES;2018;4.722
CIUDAD AUTÓNOMA DE MELILLA;1. CONTRA LAS PERSONAS;2024;909
CIUDAD AUTÓNOMA DE MELILLA;1. CONTRA LAS PERSONAS;2023;923
CIUDAD AUTÓNOMA DE MELILLA;1. CONTRA LAS PERSONAS;2022;926
CIUDAD AUTÓNOMA DE MELILLA;1. CONTRA LAS PERSONAS;2021;900
CIUDAD AUTÓNOMA DE MELILLA;1. CONTRA LAS PERSONAS;2020;870
CIUDAD AUTÓNOMA DE MELILLA;1. CONTRA LAS PERSONAS;2019;931
CIUDAD AUTÓNOMA DE MELILLA;1. CONTRA LAS PERSONAS;2018;874
CIUDAD AUTÓNOMA DE MELILLA;1.1.-Homicidios dolosos/asesinatos;2024;1
CIUDAD AUTÓNOMA DE MELILLA;1.1.-Homicidios dolosos/asesinatos;2023;3
CIUDAD AUTÓNOMA DE MELILLA;1.1.-Homicidios dolosos/asesinatos;2022;7
CIUDAD AUTÓNOMA DE MELILLA;1.1.-Homicidios dolosos/asesinatos;2021;4
CIUDAD AUTÓNOMA DE MELILLA;1.1.-Homicidios dolosos/asesinatos;2020;2
CIUDAD AUTÓNOMA DE MELILLA;1.1.-Homicidios dolosos/asesinatos;2019;9
CIUDAD AUTÓNOMA DE MELILLA;1.1.-Homicidios dolosos/asesinatos;2018;1
CIUDAD AUTÓNOMA DE MELILLA;1.1.1.-Homicidios dolosos/asesinatos consumados;2024;0
CIUDAD AUTÓNOMA DE MELILLA;1.1.1.-Homicidios dolosos/asesinatos consumados;2023;0
CIUDAD AUTÓNOMA DE MELILLA;1.1.1.-Homicidios dolosos/asesinatos consumados;2022;2
CIUDAD AUTÓNOMA DE MELILLA;1.1.1.-Homicidios dolosos/asesinatos consumados;2021;0
CIUDAD AUTÓNOMA DE MELILLA;1.1.1.-Homicidios dolosos/asesinatos consumados;2020;0
CIUDAD AUTÓNOMA DE MELILLA;1.1.1.-Homicidios dolosos/asesinatos consumados;2019;1
CIUDAD AUTÓNOMA DE MELILLA;1.1.1.-Homicidios dolosos/asesinatos consumados;2018;0
CIUDAD AUTÓNOMA DE MELILLA;1.2.-Lesiones;2024;512
CIUDAD AUTÓNOMA DE MELILLA;1.2.-Lesiones;2023;509
CIUDAD AUTÓNOMA DE MELILLA;1.2.-Lesiones;2022;532
CIUDAD AUTÓNOMA DE MELILLA;1.2.-Lesiones;2021;539
CIUDAD AUTÓNOMA DE MELILLA;1.2.-Lesiones;2020;522
CIUDAD AUTÓNOMA DE MELILLA;1.2.-Lesiones;2019;592
CIUDAD AUTÓNOMA DE MELILLA;1.2.-Lesiones;2018;574
CIUDAD AUTÓNOMA DE MELILLA;1.3.-Malos tratos ámbito familiar;2024;376
CIUDAD AUTÓNOMA DE MELILLA;1.3.-Malos tratos ámbito familiar;2023;396
CIUDAD AUTÓNOMA DE MELILLA;1.3.-Malos tratos ámbito familiar;2022;368
CIUDAD AUTÓNOMA DE MELILLA;1.3.-Malos tratos ámbito familiar;2021;333
CIUDAD AUTÓNOMA DE MELILLA;1.3.-Malos tratos ámbito familiar;2020;322
CIUDAD AUTÓNOMA DE MELILLA;1.3.-Malos tratos ámbito familiar;2019;319
CIUDAD AUTÓNOMA DE MELILLA;1.3.-Malos tratos ámbito familiar;2018;275
CIUDAD AUTÓNOMA DE MELILLA;1.4.-Otros contra las personas;2024;20
CIUDAD AUTÓNOMA DE MELILLA;1.4.-Otros contra las personas;2023;15
CIUDAD AUTÓNOMA DE MELILLA;1.4.-Otros contra las personas;2022;19
CIUDAD AUTÓNOMA DE MELILLA;1.4.-Otros contra las personas;2021;24
CIUDAD AUTÓNOMA DE MELILLA;1.4.-Otros contra las personas;2020;24
CIUDAD AUTÓNOMA DE MELILLA;1.4.-Otros contra las personas;2019;11
CIUDAD AUTÓNOMA DE MELILLA;1.4.-Otros contra las personas;2018;24
CIUDAD AUTÓNOMA DE MELILLA;2. CONTRA LA LIBERTAD;2024;541
CIUDAD AUTÓNOMA DE MELILLA;2. CONTRA LA LIBERTAD;2023;462
CIUDAD AUTÓNOMA DE MELILLA;2. CONTRA LA LIBERTAD;2022;430
CIUDAD AUTÓNOMA DE MELILLA;2. CONTRA LA LIBERTAD;2021;443
CIUDAD AUTÓNOMA DE MELILLA;2. CONTRA LA LIBERTAD;2020;381
CIUDAD AUTÓNOMA DE MELILLA;2. CONTRA LA LIBERTAD;2019;296
CIUDAD AUTÓNOMA DE MELILLA;2. CONTRA LA LIBERTAD;2018;340
CIUDAD AUTÓNOMA DE MELILLA;2.1.-Malos tratos habituales en el ámbito familiar;2024;4
CIUDAD AUTÓNOMA DE MELILLA;2.1.-Malos tratos habituales en el ámbito familiar;2023;1
CIUDAD AUTÓNOMA DE MELILLA;2.1.-Malos tratos habituales en el ámbito familiar;2022;14
CIUDAD AUTÓNOMA DE MELILLA;2.1.-Malos tratos habituales en el ámbito familiar;2021;4
CIUDAD AUTÓNOMA DE MELILLA;2.1.-Malos tratos habituales en el ámbito familiar;2020;6
CIUDAD AUTÓNOMA DE MELILLA;2.1.-Malos tratos habituales en el ámbito familiar;2019;9
CIUDAD AUTÓNOMA DE MELILLA;2.1.-Malos tratos habituales en el ámbito familiar;2018;3
CIUDAD AUTÓNOMA DE MELILLA;2.2.-Otros contra la libertad;2024;537
CIUDAD AUTÓNOMA DE MELILLA;2.2.-Otros contra la libertad;2023;461
CIUDAD AUTÓNOMA DE MELILLA;2.2.-Otros contra la libertad;2022;416
CIUDAD AUTÓNOMA DE MELILLA;2.2.-Otros contra la libertad;2021;439
CIUDAD AUTÓNOMA DE MELILLA;2.2.-Otros contra la libertad;2020;375
CIUDAD AUTÓNOMA DE MELILLA;2.2.-Otros contra la libertad;2019;287
CIUDAD AUTÓNOMA DE MELILLA;2.2.-Otros contra la libertad;2018;337
CIUDAD AUTÓNOMA DE MELILLA;3. LIBERTAD SEXUAL;2024;42
CIUDAD AUTÓNOMA DE MELILLA;3. LIBERTAD SEXUAL;2023;41
CIUDAD AUTÓNOMA DE MELILLA;3. LIBERTAD SEXUAL;2022;22
CIUDAD AUTÓNOMA DE MELILLA;3. LIBERTAD SEXUAL;2021;39
CIUDAD AUTÓNOMA DE MELILLA;3. LIBERTAD SEXUAL;2020;34
CIUDAD AUTÓNOMA DE MELILLA;3. LIBERTAD SEXUAL;2019;33
CIUDAD AUTÓNOMA DE MELILLA;3. LIBERTAD SEXUAL;2018;27
CIUDAD AUTÓNOMA DE MELILLA;3.1.-Agresión sexual;2024;26
CIUDAD AUTÓNOMA DE MELILLA;3.1.-Agresión sexual;2023;31
CIUDAD AUTÓNOMA DE MELILLA;3.1.-Agresión sexual;2022;15
CIUDAD AUTÓNOMA DE MELILLA;3.1.-Agresión sexual;2021;28
CIUDAD AUTÓNOMA DE MELILLA;3.1.-Agresión sexual;2020;19
CIUDAD AUTÓNOMA DE MELILLA;3.1.-Agresión sexual;2019;22
CIUDAD AUTÓNOMA DE MELILLA;3.1.-Agresión sexual;2018;18
CIUDAD AUTÓNOMA DE MELILLA;3.2.-Agresión sexual con penetración;2024;8
CIUDAD AUTÓNOMA DE MELILLA;3.2.-Agresión sexual con penetración;2023;3
CIUDAD AUTÓNOMA DE MELILLA;3.2.-Agresión sexual con penetración;2022;4
CIUDAD AUTÓNOMA DE MELILLA;3.2.-Agresión sexual con penetración;2021;5
CIUDAD AUTÓNOMA DE MELILLA;3.2.-Agresión sexual con penetración;2020;7
CIUDAD AUTÓNOMA DE MELILLA;3.2.-Agresión sexual con penetración;2019;5
CIUDAD AUTÓNOMA DE MELILLA;3.2.-Agresión sexual con penetración;2018;2
CIUDAD AUTÓNOMA DE MELILLA;3.3.-Corrupción de menores o incapacitados;2024;1
CIUDAD AUTÓNOMA DE MELILLA;3.3.-Corrupción de menores o incapacitados;2023;0
CIUDAD AUTÓNOMA DE MELILLA;3.3.-Corrupción de menores o incapacitados;2022;0
CIUDAD AUTÓNOMA DE MELILLA;3.3.-Corrupción de menores o incapacitados;2021;1
CIUDAD AUTÓNOMA DE MELILLA;3.3.-Corrupción de menores o incapacitados;2020;1
CIUDAD AUTÓNOMA DE MELILLA;3.3.-Corrupción de menores o incapacitados;2019;0
CIUDAD AUTÓNOMA DE MELILLA;3.3.-Corrupción de menores o incapacitados;2018;1
CIUDAD AUTÓNOMA DE MELILLA;3.4.-Pornografía de menores;2024;0
CIUDAD AUTÓNOMA DE MELILLA;3.4.-Pornografía de menores;2023;2
CIUDAD AUTÓNOMA DE MELILLA;3.4.-Pornografía de menores;2022;0
CIUDAD AUTÓNOMA DE MELILLA;3.4.-Pornografía de menores;2021;2
CIUDAD AUTÓNOMA DE MELILLA;3.4.-Pornografía de menores;2020;0
CIUDAD AUTÓNOMA DE MELILLA;3.4.-Pornografía de menores;2019;0
CIUDAD AUTÓNOMA DE MELILLA;3.4.-Pornografía de menores;2018;2
CIUDAD AUTÓNOMA DE MELILLA;3.5.-Otros contra la libertad sexual;2024;7
CIUDAD AUTÓNOMA DE MELILLA;3.5.-Otros contra la libertad sexual;2023;5
CIUDAD AUTÓNOMA DE MELILLA;3.5.-Otros contra la libertad sexual;2022;3
CIUDAD AUTÓNOMA DE MELILLA;3.5.-Otros contra la libertad sexual;2021;3
CIUDAD AUTÓNOMA DE MELILLA;3.5.-Otros contra la libertad sexual;2020;7
CIUDAD AUTÓNOMA DE MELILLA;3.5.-Otros contra la libertad sexual;2019;6
CIUDAD AUTÓNOMA DE MELILLA;3.5.-Otros contra la libertad sexual;2018;4
CIUDAD AUTÓNOMA DE MELILLA;4. RELACIONES FAMILIARES;2024;19
CIUDAD AUTÓNOMA DE MELILLA;4. RELACIONES FAMILIARES;2023;12
CIUDAD AUTÓNOMA DE MELILLA;4. RELACIONES FAMILIARES;2022;13
CIUDAD AUTÓNOMA DE MELILLA;4. RELACIONES FAMILIARES;2021;26
CIUDAD AUTÓNOMA DE MELILLA;4. RELACIONES FAMILIARES;2020;24
CIUDAD AUTÓNOMA DE MELILLA;4. RELACIONES FAMILIARES;2019;25
CIUDAD AUTÓNOMA DE MELILLA;4. RELACIONES FAMILIARES;2018;22
CIUDAD AUTÓNOMA DE MELILLA;5. PATRIMONIO;2024;2.250
CIUDAD AUTÓNOMA DE MELILLA;5. PATRIMONIO;2023;2.213
CIUDAD AUTÓNOMA DE MELILLA;5. PATRIMONIO;2022;2.276
CIUDAD AUTÓNOMA DE MELILLA;5. PATRIMONIO;2021;1.984
CIUDAD AUTÓNOMA DE MELILLA;5. PATRIMONIO;2020;2.319
CIUDAD AUTÓNOMA DE MELILLA;5. PATRIMONIO;2019;3.281
CIUDAD AUTÓNOMA DE MELILLA;5. PATRIMONIO;2018;3.329
CIUDAD AUTÓNOMA DE MELILLA;5.1.-Hurtos;2024;659
CIUDAD AUTÓNOMA DE MELILLA;5.1.-Hurtos;2023;747
CIUDAD AUTÓNOMA DE MELILLA;5.1.-Hurtos;2022;732
CIUDAD AUTÓNOMA DE MELILLA;5.1.-Hurtos;2021;576
CIUDAD AUTÓNOMA DE MELILLA;5.1.-Hurtos;2020;778
CIUDAD AUTÓNOMA DE MELILLA;5.1.-Hurtos;2019;1.202
CIUDAD AUTÓNOMA DE MELILLA;5.1.-Hurtos;2018;1.237
CIUDAD AUTÓNOMA DE MELILLA;5.2.-Robos con fuerza en las cosas;2024;235
CIUDAD AUTÓNOMA DE MELILLA;5.2.-Robos con fuerza en las cosas;2023;248
CIUDAD AUTÓNOMA DE MELILLA;5.2.-Robos con fuerza en las cosas;2022;307
CIUDAD AUTÓNOMA DE MELILLA;5.2.-Robos con fuerza en las cosas;2021;251
CIUDAD AUTÓNOMA DE MELILLA;5.2.-Robos con fuerza en las cosas;2020;364
CIUDAD AUTÓNOMA DE MELILLA;5.2.-Robos con fuerza en las cosas;2019;766
CIUDAD AUTÓNOMA DE MELILLA;5.2.-Robos con fuerza en las cosas;2018;787
CIUDAD AUTÓNOMA DE MELILLA;5.2.1.-Robos con fuerza en las cosas en el interior de vehículos;2024;105
CIUDAD AUTÓNOMA DE MELILLA;5.2.1.-Robos con fuerza en las cosas en el interior de vehículos;2023;104
CIUDAD AUTÓNOMA DE MELILLA;5.2.1.-Robos con fuerza en las cosas en el interior de vehículos;2022;191
CIUDAD AUTÓNOMA DE MELILLA;5.2.1.-Robos con fuerza en las cosas en el interior de vehículos;2021;138
CIUDAD AUTÓNOMA DE MELILLA;5.2.1.-Robos con fuerza en las cosas en el interior de vehículos;2020;246
CIUDAD AUTÓNOMA DE MELILLA;5.2.1.-Robos con fuerza en las cosas en el interior de vehículos;2019;618
CIUDAD AUTÓNOMA DE MELILLA;5.2.1.-Robos con fuerza en las cosas en el interior de vehículos;2018;589
CIUDAD AUTÓNOMA DE MELILLA;5.2.2.-Robos con fuerza en viviendas;2024;37
CIUDAD AUTÓNOMA DE MELILLA;5.2.2.-Robos con fuerza en viviendas;2023;60
CIUDAD AUTÓNOMA DE MELILLA;5.2.2.-Robos con fuerza en viviendas;2022;46
CIUDAD AUTÓNOMA DE MELILLA;5.2.2.-Robos con fuerza en viviendas;2021;55
CIUDAD AUTÓNOMA DE MELILLA;5.2.2.-Robos con fuerza en viviendas;2020;44
CIUDAD AUTÓNOMA DE MELILLA;5.2.2.-Robos con fuerza en viviendas;2019;71
CIUDAD AUTÓNOMA DE MELILLA;5.2.2.-Robos con fuerza en viviendas;2018;91
CIUDAD AUTÓNOMA DE MELILLA;5.2.3.-Robos con fuerza en establecimientos;2024;46
CIUDAD AUTÓNOMA DE MELILLA;5.2.3.-Robos con fuerza en establecimientos;2023;59
CIUDAD AUTÓNOMA DE MELILLA;5.2.3.-Robos con fuerza en establecimientos;2022;38
CIUDAD AUTÓNOMA DE MELILLA;5.2.3.-Robos con fuerza en establecimientos;2021;14
CIUDAD AUTÓNOMA DE MELILLA;5.2.3.-Robos con fuerza en establecimientos;2020;22
CIUDAD AUTÓNOMA DE MELILLA;5.2.3.-Robos con fuerza en establecimientos;2019;26
CIUDAD AUTÓNOMA DE MELILLA;5.2.3.-Robos con fuerza en establecimientos;2018;35
CIUDAD AUTÓNOMA DE MELILLA;5.3.-Robos con violencia o intimidación;2024;106
CIUDAD AUTÓNOMA DE MELILLA;5.3.-Robos con violencia o intimidación;2023;119
CIUDAD AUTÓNOMA DE MELILLA;5.3.-Robos con violencia o intimidación;2022;121
CIUDAD AUTÓNOMA DE MELILLA;5.3.-Robos con violencia o intimidación;2021;201
CIUDAD AUTÓNOMA DE MELILLA;5.3.-Robos con violencia o intimidación;2020;300
CIUDAD AUTÓNOMA DE MELILLA;5.3.-Robos con violencia o intimidación;2019;375
CIUDAD AUTÓNOMA DE MELILLA;5.3.-Robos con violencia o intimidación;2018;332
CIUDAD AUTÓNOMA DE MELILLA;5.3.1.-Robos con violencia en vía pública;2024;66
CIUDAD AUTÓNOMA DE MELILLA;5.3.1.-Robos con violencia en vía pública;2023;86
CIUDAD AUTÓNOMA DE MELILLA;5.3.1.-Robos con violencia en vía pública;2022;96
CIUDAD AUTÓNOMA DE MELILLA;5.3.1.-Robos con violencia en vía pública;2021;145
CIUDAD AUTÓNOMA DE MELILLA;5.3.1.-Robos con violencia en vía pública;2020;220
CIUDAD AUTÓNOMA DE MELILLA;5.3.1.-Robos con violencia en vía pública;2019;243
CIUDAD AUTÓNOMA DE MELILLA;5.3.1.-Robos con violencia en vía pública;2018;260
CIUDAD AUTÓNOMA DE MELILLA;5.3.2.-Robos con violencia en viviendas;2024;9
CIUDAD AUTÓNOMA DE MELILLA;5.3.2.-Robos con violencia en viviendas;2023;9
CIUDAD AUTÓNOMA DE MELILLA;5.3.2.-Robos con violencia en viviendas;2022;6
CIUDAD AUTÓNOMA DE MELILLA;5.3.2.-Robos con violencia en viviendas;2021;2
CIUDAD AUTÓNOMA DE MELILLA;5.3.2.-Robos con violencia en viviendas;2020;2
CIUDAD AUTÓNOMA DE MELILLA;5.3.2.-Robos con violencia en viviendas;2019;8
CIUDAD AUTÓNOMA DE MELILLA;5.3.2.-Robos con violencia en viviendas;2018;6
CIUDAD AUTÓNOMA DE MELILLA;5.3.3.-Robos con violencia en establecimientos;2024;20
CIUDAD AUTÓNOMA DE MELILLA;5.3.3.-Robos con violencia en establecimientos;2023;12
CIUDAD AUTÓNOMA DE MELILLA;5.3.3.-Robos con violencia en establecimientos;2022;9
CIUDAD AUTÓNOMA DE MELILLA;5.3.3.-Robos con violencia en establecimientos;2021;14
CIUDAD AUTÓNOMA DE MELILLA;5.3.3.-Robos con violencia en establecimientos;2020;16
CIUDAD AUTÓNOMA DE MELILLA;5.3.3.-Robos con violencia en establecimientos;2019;13
CIUDAD AUTÓNOMA DE MELILLA;5.3.3.-Robos con violencia en establecimientos;2018;8
CIUDAD AUTÓNOMA DE MELILLA;5.4.-Sustracción de vehículos;2024;57
CIUDAD AUTÓNOMA DE MELILLA;5.4.-Sustracción de vehículos;2023;65
CIUDAD AUTÓNOMA DE MELILLA;5.4.-Sustracción de vehículos;2022;78
CIUDAD AUTÓNOMA DE MELILLA;5.4.-Sustracción de vehículos;2021;35
CIUDAD AUTÓNOMA DE MELILLA;5.4.-Sustracción de vehículos;2020;42
CIUDAD AUTÓNOMA DE MELILLA;5.4.-Sustracción de vehículos;2019;76
CIUDAD AUTÓNOMA DE MELILLA;5.4.-Sustracción de vehículos;2018;88
CIUDAD AUTÓNOMA DE MELILLA;5.5.-Estafas;2024;603
CIUDAD AUTÓNOMA DE MELILLA;5.5.-Estafas;2023;506
CIUDAD AUTÓNOMA DE MELILLA;5.5.-Estafas;2022;536
CIUDAD AUTÓNOMA DE MELILLA;5.5.-Estafas;2021;448
CIUDAD AUTÓNOMA DE MELILLA;5.5.-Estafas;2020;442
CIUDAD AUTÓNOMA DE MELILLA;5.5.-Estafas;2019;386
CIUDAD AUTÓNOMA DE MELILLA;5.5.-Estafas;2018;373
CIUDAD AUTÓNOMA DE MELILLA;5.5.1.-Estafas informáticas;2024;458
CIUDAD AUTÓNOMA DE MELILLA;5.5.1.-Estafas informáticas;2023;409
CIUDAD AUTÓNOMA DE MELILLA;5.5.1.-Estafas informáticas;2022;329
CIUDAD AUTÓNOMA DE MELILLA;5.5.1.-Estafas informáticas;2021;348
CIUDAD AUTÓNOMA DE MELILLA;5.5.1.-Estafas informáticas;2020;351
CIUDAD AUTÓNOMA DE MELILLA;5.5.1.-Estafas informáticas;2019;241
CIUDAD AUTÓNOMA DE MELILLA;5.5.1.-Estafas informáticas;2018;176
CIUDAD AUTÓNOMA DE MELILLA;5.6.-Daños;2024;482
CIUDAD AUTÓNOMA DE MELILLA;5.6.-Daños;2023;447
CIUDAD AUTÓNOMA DE MELILLA;5.6.-Daños;2022;427
CIUDAD AUTÓNOMA DE MELILLA;5.6.-Daños;2021;406
CIUDAD AUTÓNOMA DE MELILLA;5.6.-Daños;2020;323
CIUDAD AUTÓNOMA DE MELILLA;5.6.-Daños;2019;380
CIUDAD AUTÓNOMA DE MELILLA;5.6.-Daños;2018;445
CIUDAD AUTÓNOMA DE MELILLA;5.7.-Contra la propiedad intelectual/industrial;2024;1
CIUDAD AUTÓNOMA DE MELILLA;5.7.-Contra la propiedad intelectual/industrial;2023;1
CIUDAD AUTÓNOMA DE MELILLA;5.7.-Contra la propiedad intelectual/industrial;2022;0
CIUDAD AUTÓNOMA DE MELILLA;5.7.-Contra la propiedad intelectual/industrial;2021;1
CIUDAD AUTÓNOMA DE MELILLA;5.7.-Contra la propiedad intelectual/industrial;2020;1
CIUDAD AUTÓNOMA DE MELILLA;5.7.-Contra la propiedad intelectual/industrial;2019;7
CIUDAD AUTÓNOMA DE MELILLA;5.7.-Contra la propiedad intelectual/industrial;2018;11
CIUDAD AUTÓNOMA DE MELILLA;5.8.-Blanqueo de capitales;2024;0
CIUDAD AUTÓNOMA DE MELILLA;5.8.-Blanqueo de capitales;2023;0
CIUDAD AUTÓNOMA DE MELILLA;5.8.-Blanqueo de capitales;2022;1
CIUDAD AUTÓNOMA DE MELILLA;5.8.-Blanqueo de capitales;2021;1
CIUDAD AUTÓNOMA DE MELILLA;5.8.-Blanqueo de capitales;2020;0
CIUDAD AUTÓNOMA DE MELILLA;5.8.-Blanqueo de capitales;2019;5
CIUDAD AUTÓNOMA DE MELILLA;5.8.-Blanqueo de capitales;2018;0
CIUDAD AUTÓNOMA DE MELILLA;5.9.-Otros contra el patrimonio;2024;107
CIUDAD AUTÓNOMA DE MELILLA;5.9.-Otros contra el patrimonio;2023;80
CIUDAD AUTÓNOMA DE MELILLA;5.9.-Otros contra el patrimonio;2022;74
CIUDAD AUTÓNOMA DE MELILLA;5.9.-Otros contra el patrimonio;2021;65
CIUDAD AUTÓNOMA DE MELILLA;5.9.-Otros contra el patrimonio;2020;69
CIUDAD AUTÓNOMA DE MELILLA;5.9.-Otros contra el patrimonio;2019;84
CIUDAD AUTÓNOMA DE MELILLA;5.9.-Otros contra el patrimonio;2018;56
CIUDAD AUTÓNOMA DE MELILLA;6. SEGURIDAD COLECTIVA;2024;225
CIUDAD AUTÓNOMA DE MELILLA;6. SEGURIDAD COLECTIVA;2023;323
CIUDAD AUTÓNOMA DE MELILLA;6. SEGURIDAD COLECTIVA;2022;303
CIUDAD AUTÓNOMA DE MELILLA;6. SEGURIDAD COLECTIVA;2021;398
CIUDAD AUTÓNOMA DE MELILLA;6. SEGURIDAD COLECTIVA;2020;419
CIUDAD AUTÓNOMA DE MELILLA;6. SEGURIDAD COLECTIVA;2019;348
CIUDAD AUTÓNOMA DE MELILLA;6. SEGURIDAD COLECTIVA;2018;314
CIUDAD AUTÓNOMA DE MELILLA;6.1.-Tráfico de drogas;2024;46
CIUDAD AUTÓNOMA DE MELILLA;6.1.-Tráfico de drogas;2023;60
CIUDAD AUTÓNOMA DE MELILLA;6.1.-Tráfico de drogas;2022;69
CIUDAD AUTÓNOMA DE MELILLA;6.1.-Tráfico de drogas;2021;230
CIUDAD AUTÓNOMA DE MELILLA;6.1.-Tráfico de drogas;2020;232
CIUDAD AUTÓNOMA DE MELILLA;6.1.-Tráfico de drogas;2019;76
CIUDAD AUTÓNOMA DE MELILLA;6.1.-Tráfico de drogas;2018;48
CIUDAD AUTÓNOMA DE MELILLA;6.2.-Contra la seguridad vial;2024;167
CIUDAD AUTÓNOMA DE MELILLA;6.2.-Contra la seguridad vial;2023;253
CIUDAD AUTÓNOMA DE MELILLA;6.2.-Contra la seguridad vial;2022;232
CIUDAD AUTÓNOMA DE MELILLA;6.2.-Contra la seguridad vial;2021;157
CIUDAD AUTÓNOMA DE MELILLA;6.2.-Contra la seguridad vial;2020;180
CIUDAD AUTÓNOMA DE MELILLA;6.2.-Contra la seguridad vial;2019;254
CIUDAD AUTÓNOMA DE MELILLA;6.2.-Contra la seguridad vial;2018;232
CIUDAD AUTÓNOMA DE MELILLA;6.3.-Otros contra la seguridad colectiva;2024;12
CIUDAD AUTÓNOMA DE MELILLA;6.3.-Otros contra la seguridad colectiva;2023;10
CIUDAD AUTÓNOMA DE MELILLA;6.3.-Otros contra la seguridad colectiva;2022;2
CIUDAD AUTÓNOMA DE MELILLA;6.3.-Otros contra la seguridad colectiva;2021;11
CIUDAD AUTÓNOMA DE MELILLA;6.3.-Otros contra la seguridad colectiva;2020;7
CIUDAD AUTÓNOMA DE MELILLA;6.3.-Otros contra la seguridad colectiva;2019;18
CIUDAD AUTÓNOMA DE MELILLA;6.3.-Otros contra la seguridad colectiva;2018;34
CIUDAD AUTÓNOMA DE MELILLA;7. FALSEDADES;2024;62
CIUDAD AUTÓNOMA DE MELILLA;7. FALSEDADES;2023;70
CIUDAD AUTÓNOMA DE MELILLA;7. FALSEDADES;2022;58
CIUDAD AUTÓNOMA DE MELILLA;7. FALSEDADES;2021;50
CIUDAD AUTÓNOMA DE MELILLA;7. FALSEDADES;2020;99
CIUDAD AUTÓNOMA DE MELILLA;7. FALSEDADES;2019;289
CIUDAD AUTÓNOMA DE MELILLA;7. FALSEDADES;2018;196
CIUDAD AUTÓNOMA DE MELILLA;8. ADMÓN. PÚBLICA;2024;7
CIUDAD AUTÓNOMA DE MELILLA;8. ADMÓN. PÚBLICA;2023;5
CIUDAD AUTÓNOMA DE MELILLA;8. ADMÓN. PÚBLICA;2022;1
CIUDAD AUTÓNOMA DE MELILLA;8. ADMÓN. PÚBLICA;2021;3
CIUDAD AUTÓNOMA DE MELILLA;8. ADMÓN. PÚBLICA;2020;1
CIUDAD AUTÓNOMA DE MELILLA;8. ADMÓN. PÚBLICA;2019;1
CIUDAD AUTÓNOMA DE MELILLA;8. ADMÓN. PÚBLICA;2018;1
CIUDAD AUTÓNOMA DE MELILLA;9. ADMÓN. JUSTICIA;2024;165
CIUDAD AUTÓNOMA DE MELILLA;9. ADMÓN. JUSTICIA;2023;141
CIUDAD AUTÓNOMA DE MELILLA;9. ADMÓN. JUSTICIA;2022;106
CIUDAD AUTÓNOMA DE MELILLA;9. ADMÓN. JUSTICIA;2021;84
CIUDAD AUTÓNOMA DE MELILLA;9. ADMÓN. JUSTICIA;2020;101
CIUDAD AUTÓNOMA DE MELILLA;9. ADMÓN. JUSTICIA;2019;97
CIUDAD AUTÓNOMA DE MELILLA;9. ADMÓN. JUSTICIA;2018;78
CIUDAD AUTÓNOMA DE MELILLA;10. ORDEN PÚBLICO;2024;110
CIUDAD AUTÓNOMA DE MELILLA;10. ORDEN PÚBLICO;2023;101
CIUDAD AUTÓNOMA DE MELILLA;10. ORDEN PÚBLICO;2022;106
CIUDAD AUTÓNOMA DE MELILLA;10. ORDEN PÚBLICO;2021;133
CIUDAD AUTÓNOMA DE MELILLA;10. ORDEN PÚBLICO;2020;174
CIUDAD AUTÓNOMA DE MELILLA;10. ORDEN PÚBLICO;2019;137
CIUDAD AUTÓNOMA DE MELILLA;10. ORDEN PÚBLICO;2018;165
CIUDAD AUTÓNOMA DE MELILLA;11. LEGISLACIÓN ESPECIAL;2024;1
CIUDAD AUTÓNOMA DE MELILLA;11. LEGISLACIÓN ESPECIAL;2023;4
CIUDAD AUTÓNOMA DE MELILLA;11. LEGISLACIÓN ESPECIAL;2022;0
CIUDAD AUTÓNOMA DE MELILLA;11. LEGISLACIÓN ESPECIAL;2021;3
CIUDAD AUTÓNOMA DE MELILLA;11. LEGISLACIÓN ESPECIAL;2020;0
CIUDAD AUTÓNOMA DE MELILLA;11. LEGISLACIÓN ESPECIAL;2019;9
CIUDAD AUTÓNOMA DE MELILLA;11. LEGISLACIÓN ESPECIAL;2018;1
CIUDAD AUTÓNOMA DE MELILLA;12. OTRAS INFRACCIONES PENALES;2024;34
CIUDAD AUTÓNOMA DE MELILLA;12. OTRAS INFRACCIONES PENALES;2023;62
CIUDAD AUTÓNOMA DE MELILLA;12. OTRAS INFRACCIONES PENALES;2022;68
CIUDAD AUTÓNOMA DE MELILLA;12. OTRAS INFRACCIONES PENALES;2021;53
CIUDAD AUTÓNOMA DE MELILLA;12. OTRAS INFRACCIONES PENALES;2020;48
CIUDAD AUTÓNOMA DE MELILLA;12. OTRAS INFRACCIONES PENALES;2019;135
CIUDAD AUTÓNOMA DE MELILLA;12. OTRAS INFRACCIONES PENALES;2018;141
CIUDAD AUTÓNOMA DE MELILLA;TOTAL INFRACCIONES PENALES;2024;4.365
CIUDAD AUTÓNOMA DE MELILLA;TOTAL INFRACCIONES PENALES;2023;4.357
CIUDAD AUTÓNOMA DE MELILLA;TOTAL INFRACCIONES PENALES;2022;4.309
CIUDAD AUTÓNOMA DE MELILLA;TOTAL INFRACCIONES PENALES;2021;4.116
CIUDAD AUTÓNOMA DE MELILLA;TOTAL INFRACCIONES PENALES;2020;4.470
CIUDAD AUTÓNOMA DE MELILLA;TOTAL INFRACCIONES PENALES;2019;5.582
CIUDAD AUTÓNOMA DE MELILLA;TOTAL INFRACCIONES PENALES;2018;5.488
EN EL EXTRANJERO;1. CONTRA LAS PERSONAS;2024;200
EN EL EXTRANJERO;1. CONTRA LAS PERSONAS;2023;187
EN EL EXTRANJERO;1. CONTRA LAS PERSONAS;2022;172
EN EL EXTRANJERO;1. CONTRA LAS PERSONAS;2021;103
EN EL EXTRANJERO;1. CONTRA LAS PERSONAS;2020;110
EN EL EXTRANJERO;1. CONTRA LAS PERSONAS;2019;175
EN EL EXTRANJERO;1. CONTRA LAS PERSONAS;2018;141
EN EL EXTRANJERO;1.1.-Homicidios dolosos/asesinatos;2024;0
EN EL EXTRANJERO;1.1.-Homicidios dolosos/asesinatos;2023;2
EN EL EXTRANJERO;1.1.-Homicidios dolosos/asesinatos;2022;1
EN EL EXTRANJERO;1.1.-Homicidios dolosos/asesinatos;2021;0
EN EL EXTRANJERO;1.1.-Homicidios dolosos/asesinatos;2020;1
EN EL EXTRANJERO;1.1.-Homicidios dolosos/asesinatos;2019;2
EN EL EXTRANJERO;1.1.-Homicidios dolosos/asesinatos;2018;0
EN EL EXTRANJERO;1.1.1.-Homicidios dolosos/asesinatos consumados;2024;0
EN EL EXTRANJERO;1.1.1.-Homicidios dolosos/asesinatos consumados;2023;2
EN EL EXTRANJERO;1.1.1.-Homicidios dolosos/asesinatos consumados;2022;1
EN EL EXTRANJERO;1.1.1.-Homicidios dolosos/asesinatos consumados;2021;0
EN EL EXTRANJERO;1.1.1.-Homicidios dolosos/asesinatos consumados;2020;1
EN EL EXTRANJERO;1.1.1.-Homicidios dolosos/asesinatos consumados;2019;1
EN EL EXTRANJERO;1.1.1.-Homicidios dolosos/asesinatos consumados;2018;0
EN EL EXTRANJERO;1.2.-Lesiones;2024;41
EN EL EXTRANJERO;1.2.-Lesiones;2023;19
EN EL EXTRANJERO;1.2.-Lesiones;2022;28
EN EL EXTRANJERO;1.2.-Lesiones;2021;15
EN EL EXTRANJERO;1.2.-Lesiones;2020;19
EN EL EXTRANJERO;1.2.-Lesiones;2019;27
EN EL EXTRANJERO;1.2.-Lesiones;2018;19
EN EL EXTRANJERO;1.3.-Malos tratos ámbito familiar;2024;156
EN EL EXTRANJERO;1.3.-Malos tratos ámbito familiar;2023;161
EN EL EXTRANJERO;1.3.-Malos tratos ámbito familiar;2022;137
EN EL EXTRANJERO;1.3.-Malos tratos ámbito familiar;2021;87
EN EL EXTRANJERO;1.3.-Malos tratos ámbito familiar;2020;90
EN EL EXTRANJERO;1.3.-Malos tratos ámbito familiar;2019;142
EN EL EXTRANJERO;1.3.-Malos tratos ámbito familiar;2018;120
EN EL EXTRANJERO;1.4.-Otros contra las personas;2024;3
EN EL EXTRANJERO;1.4.-Otros contra las personas;2023;5
EN EL EXTRANJERO;1.4.-Otros contra las personas;2022;6
EN EL EXTRANJERO;1.4.-Otros contra las personas;2021;1
EN EL EXTRANJERO;1.4.-Otros contra las personas;2020;0
EN EL EXTRANJERO;1.4.-Otros contra las personas;2019;4
EN EL EXTRANJERO;1.4.-Otros contra las personas;2018;2
EN EL EXTRANJERO;2. CONTRA LA LIBERTAD;2024;198
EN EL EXTRANJERO;2. CONTRA LA LIBERTAD;2023;239
EN EL EXTRANJERO;2. CONTRA LA LIBERTAD;2022;213
EN EL EXTRANJERO;2. CONTRA LA LIBERTAD;2021;248
EN EL EXTRANJERO;2. CONTRA LA LIBERTAD;2020;266
EN EL EXTRANJERO;2. CONTRA LA LIBERTAD;2019;325
EN EL EXTRANJERO;2. CONTRA LA LIBERTAD;2018;313
EN EL EXTRANJERO;2.1.-Malos tratos habituales en el ámbito familiar;2024;18
EN EL EXTRANJERO;2.1.-Malos tratos habituales en el ámbito familiar;2023;13
EN EL EXTRANJERO;2.1.-Malos tratos habituales en el ámbito familiar;2022;20
EN EL EXTRANJERO;2.1.-Malos tratos habituales en el ámbito familiar;2021;12
EN EL EXTRANJERO;2.1.-Malos tratos habituales en el ámbito familiar;2020;15
EN EL EXTRANJERO;2.1.-Malos tratos habituales en el ámbito familiar;2019;9
EN EL EXTRANJERO;2.1.-Malos tratos habituales en el ámbito familiar;2018;8
EN EL EXTRANJERO;2.2.-Otros contra la libertad;2024;180
EN EL EXTRANJERO;2.2.-Otros contra la libertad;2023;226
EN EL EXTRANJERO;2.2.-Otros contra la libertad;2022;193
EN EL EXTRANJERO;2.2.-Otros contra la libertad;2021;236
EN EL EXTRANJERO;2.2.-Otros contra la libertad;2020;251
EN EL EXTRANJERO;2.2.-Otros contra la libertad;2019;316
EN EL EXTRANJERO;2.2.-Otros contra la libertad;2018;305
EN EL EXTRANJERO;3. LIBERTAD SEXUAL;2024;90
EN EL EXTRANJERO;3. LIBERTAD SEXUAL;2023;81
EN EL EXTRANJERO;3. LIBERTAD SEXUAL;2022;87
EN EL EXTRANJERO;3. LIBERTAD SEXUAL;2021;52
EN EL EXTRANJERO;3. LIBERTAD SEXUAL;2020;44
EN EL EXTRANJERO;3. LIBERTAD SEXUAL;2019;73
EN EL EXTRANJERO;3. LIBERTAD SEXUAL;2018;43
EN EL EXTRANJERO;3.1.-Agresión sexual;2024;49
EN EL EXTRANJERO;3.1.-Agresión sexual;2023;35
EN EL EXTRANJERO;3.1.-Agresión sexual;2022;55
EN EL EXTRANJERO;3.1.-Agresión sexual;2021;29
EN EL EXTRANJERO;3.1.-Agresión sexual;2020;19
EN EL EXTRANJERO;3.1.-Agresión sexual;2019;26
EN EL EXTRANJERO;3.1.-Agresión sexual;2018;19
EN EL EXTRANJERO;3.2.-Agresión sexual con penetración;2024;26
EN EL EXTRANJERO;3.2.-Agresión sexual con penetración;2023;31
EN EL EXTRANJERO;3.2.-Agresión sexual con penetración;2022;22
EN EL EXTRANJERO;3.2.-Agresión sexual con penetración;2021;14
EN EL EXTRANJERO;3.2.-Agresión sexual con penetración;2020;10
EN EL EXTRANJERO;3.2.-Agresión sexual con penetración;2019;29
EN EL EXTRANJERO;3.2.-Agresión sexual con penetración;2018;10
EN EL EXTRANJERO;3.3.-Corrupción de menores o incapacitados;2024;0
EN EL EXTRANJERO;3.3.-Corrupción de menores o incapacitados;2023;3
EN EL EXTRANJERO;3.3.-Corrupción de menores o incapacitados;2022;1
EN EL EXTRANJERO;3.3.-Corrupción de menores o incapacitados;2021;4
EN EL EXTRANJERO;3.3.-Corrupción de menores o incapacitados;2020;1
EN EL EXTRANJERO;3.3.-Corrupción de menores o incapacitados;2019;0
EN EL EXTRANJERO;3.3.-Corrupción de menores o incapacitados;2018;1
EN EL EXTRANJERO;3.4.-Pornografía de menores;2024;6
EN EL EXTRANJERO;3.4.-Pornografía de menores;2023;6
EN EL EXTRANJERO;3.4.-Pornografía de menores;2022;2
EN EL EXTRANJERO;3.4.-Pornografía de menores;2021;2
EN EL EXTRANJERO;3.4.-Pornografía de menores;2020;8
EN EL EXTRANJERO;3.4.-Pornografía de menores;2019;12
EN EL EXTRANJERO;3.4.-Pornografía de menores;2018;8
EN EL EXTRANJERO;3.5.-Otros contra la libertad sexual;2024;9
EN EL EXTRANJERO;3.5.-Otros contra la libertad sexual;2023;6
EN EL EXTRANJERO;3.5.-Otros contra la libertad sexual;2022;7
EN EL EXTRANJERO;3.5.-Otros contra la libertad sexual;2021;3
EN EL EXTRANJERO;3.5.-Otros contra la libertad sexual;2020;6
EN EL EXTRANJERO;3.5.-Otros contra la libertad sexual;2019;6
EN EL EXTRANJERO;3.5.-Otros contra la libertad sexual;2018;5
EN EL EXTRANJERO;4. RELACIONES FAMILIARES;2024;42
EN EL EXTRANJERO;4. RELACIONES FAMILIARES;2023;57
EN EL EXTRANJERO;4. RELACIONES FAMILIARES;2022;54
EN EL EXTRANJERO;4. RELACIONES FAMILIARES;2021;78
EN EL EXTRANJERO;4. RELACIONES FAMILIARES;2020;45
EN EL EXTRANJERO;4. RELACIONES FAMILIARES;2019;74
EN EL EXTRANJERO;4. RELACIONES FAMILIARES;2018;74
EN EL EXTRANJERO;5. PATRIMONIO;2024;8.032
EN EL EXTRANJERO;5. PATRIMONIO;2023;8.957
EN EL EXTRANJERO;5. PATRIMONIO;2022;9.917
EN EL EXTRANJERO;5. PATRIMONIO;2021;6.661
EN EL EXTRANJERO;5. PATRIMONIO;2020;8.725
EN EL EXTRANJERO;5. PATRIMONIO;2019;14.331
EN EL EXTRANJERO;5. PATRIMONIO;2018;13.478
EN EL EXTRANJERO;5.1.-Hurtos;2024;2.606
EN EL EXTRANJERO;5.1.-Hurtos;2023;2.517
EN EL EXTRANJERO;5.1.-Hurtos;2022;2.078
EN EL EXTRANJERO;5.1.-Hurtos;2021;832
EN EL EXTRANJERO;5.1.-Hurtos;2020;912
EN EL EXTRANJERO;5.1.-Hurtos;2019;3.096
EN EL EXTRANJERO;5.1.-Hurtos;2018;3.030
EN EL EXTRANJERO;5.2.-Robos con fuerza en las cosas;2024;291
EN EL EXTRANJERO;5.2.-Robos con fuerza en las cosas;2023;328
EN EL EXTRANJERO;5.2.-Robos con fuerza en las cosas;2022;353
EN EL EXTRANJERO;5.2.-Robos con fuerza en las cosas;2021;162
EN EL EXTRANJERO;5.2.-Robos con fuerza en las cosas;2020;173
EN EL EXTRANJERO;5.2.-Robos con fuerza en las cosas;2019;304
EN EL EXTRANJERO;5.2.-Robos con fuerza en las cosas;2018;297
EN EL EXTRANJERO;5.2.1.-Robos con fuerza en las cosas en el interior de vehículos;2024;202
EN EL EXTRANJERO;5.2.1.-Robos con fuerza en las cosas en el interior de vehículos;2023;247
EN EL EXTRANJERO;5.2.1.-Robos con fuerza en las cosas en el interior de vehículos;2022;218
EN EL EXTRANJERO;5.2.1.-Robos con fuerza en las cosas en el interior de vehículos;2021;128
EN EL EXTRANJERO;5.2.1.-Robos con fuerza en las cosas en el interior de vehículos;2020;122
EN EL EXTRANJERO;5.2.1.-Robos con fuerza en las cosas en el interior de vehículos;2019;198
EN EL EXTRANJERO;5.2.1.-Robos con fuerza en las cosas en el interior de vehículos;2018;192
EN EL EXTRANJERO;5.2.2.-Robos con fuerza en viviendas;2024;15
EN EL EXTRANJERO;5.2.2.-Robos con fuerza en viviendas;2023;13
EN EL EXTRANJERO;5.2.2.-Robos con fuerza en viviendas;2022;17
EN EL EXTRANJERO;5.2.2.-Robos con fuerza en viviendas;2021;9
EN EL EXTRANJERO;5.2.2.-Robos con fuerza en viviendas;2020;15
EN EL EXTRANJERO;5.2.2.-Robos con fuerza en viviendas;2019;17
EN EL EXTRANJERO;5.2.2.-Robos con fuerza en viviendas;2018;26
EN EL EXTRANJERO;5.2.3.-Robos con fuerza en establecimientos;2024;7
EN EL EXTRANJERO;5.2.3.-Robos con fuerza en establecimientos;2023;6
EN EL EXTRANJERO;5.2.3.-Robos con fuerza en establecimientos;2022;11
EN EL EXTRANJERO;5.2.3.-Robos con fuerza en establecimientos;2021;1
EN EL EXTRANJERO;5.2.3.-Robos con fuerza en establecimientos;2020;4
EN EL EXTRANJERO;5.2.3.-Robos con fuerza en establecimientos;2019;7
EN EL EXTRANJERO;5.2.3.-Robos con fuerza en establecimientos;2018;14
EN EL EXTRANJERO;5.3.-Robos con violencia o intimidación;2024;221
EN EL EXTRANJERO;5.3.-Robos con violencia o intimidación;2023;195
EN EL EXTRANJERO;5.3.-Robos con violencia o intimidación;2022;164
EN EL EXTRANJERO;5.3.-Robos con violencia o intimidación;2021;74
EN EL EXTRANJERO;5.3.-Robos con violencia o intimidación;2020;75
EN EL EXTRANJERO;5.3.-Robos con violencia o intimidación;2019;263
EN EL EXTRANJERO;5.3.-Robos con violencia o intimidación;2018;264
EN EL EXTRANJERO;5.3.1.-Robos con violencia en vía pública;2024;151
EN EL EXTRANJERO;5.3.1.-Robos con violencia en vía pública;2023;140
EN EL EXTRANJERO;5.3.1.-Robos con violencia en vía pública;2022;111
EN EL EXTRANJERO;5.3.1.-Robos con violencia en vía pública;2021;54
EN EL EXTRANJERO;5.3.1.-Robos con violencia en vía pública;2020;58
EN EL EXTRANJERO;5.3.1.-Robos con violencia en vía pública;2019;195
EN EL EXTRANJERO;5.3.1.-Robos con violencia en vía pública;2018;191
EN EL EXTRANJERO;5.3.2.-Robos con violencia en viviendas;2024;8
EN EL EXTRANJERO;5.3.2.-Robos con violencia en viviendas;2023;6
EN EL EXTRANJERO;5.3.2.-Robos con violencia en viviendas;2022;0
EN EL EXTRANJERO;5.3.2.-Robos con violencia en viviendas;2021;2
EN EL EXTRANJERO;5.3.2.-Robos con violencia en viviendas;2020;1
EN EL EXTRANJERO;5.3.2.-Robos con violencia en viviendas;2019;2
EN EL EXTRANJERO;5.3.2.-Robos con violencia en viviendas;2018;1
EN EL EXTRANJERO;5.3.3.-Robos con violencia en establecimientos;2024;17
EN EL EXTRANJERO;5.3.3.-Robos con violencia en establecimientos;2023;10
EN EL EXTRANJERO;5.3.3.-Robos con violencia en establecimientos;2022;10
EN EL EXTRANJERO;5.3.3.-Robos con violencia en establecimientos;2021;2
EN EL EXTRANJERO;5.3.3.-Robos con violencia en establecimientos;2020;1
EN EL EXTRANJERO;5.3.3.-Robos con violencia en establecimientos;2019;17
EN EL EXTRANJERO;5.3.3.-Robos con violencia en establecimientos;2018;14
EN EL EXTRANJERO;5.4.-Sustracción de vehículos;2024;100
EN EL EXTRANJERO;5.4.-Sustracción de vehículos;2023;100
EN EL EXTRANJERO;5.4.-Sustracción de vehículos;2022;66
EN EL EXTRANJERO;5.4.-Sustracción de vehículos;2021;58
EN EL EXTRANJERO;5.4.-Sustracción de vehículos;2020;90
EN EL EXTRANJERO;5.4.-Sustracción de vehículos;2019;110
EN EL EXTRANJERO;5.4.-Sustracción de vehículos;2018;82
EN EL EXTRANJERO;5.5.-Estafas;2024;4.560
EN EL EXTRANJERO;5.5.-Estafas;2023;5.543
EN EL EXTRANJERO;5.5.-Estafas;2022;7.029
EN EL EXTRANJERO;5.5.-Estafas;2021;5.349
EN EL EXTRANJERO;5.5.-Estafas;2020;7.281
EN EL EXTRANJERO;5.5.-Estafas;2019;10.329
EN EL EXTRANJERO;5.5.-Estafas;2018;9.536
EN EL EXTRANJERO;5.5.1.-Estafas informáticas;2024;3.300
EN EL EXTRANJERO;5.5.1.-Estafas informáticas;2023;4.393
EN EL EXTRANJERO;5.5.1.-Estafas informáticas;2022;5.451
EN EL EXTRANJERO;5.5.1.-Estafas informáticas;2021;4.011
EN EL EXTRANJERO;5.5.1.-Estafas informáticas;2020;5.469
EN EL EXTRANJERO;5.5.1.-Estafas informáticas;2019;5.812
EN EL EXTRANJERO;5.5.1.-Estafas informáticas;2018;3.822
EN EL EXTRANJERO;5.6.-Daños;2024;38
EN EL EXTRANJERO;5.6.-Daños;2023;32
EN EL EXTRANJERO;5.6.-Daños;2022;40
EN EL EXTRANJERO;5.6.-Daños;2021;28
EN EL EXTRANJERO;5.6.-Daños;2020;18
EN EL EXTRANJERO;5.6.-Daños;2019;51
EN EL EXTRANJERO;5.6.-Daños;2018;55
EN EL EXTRANJERO;5.7.-Contra la propiedad intelectual/industrial;2024;4
EN EL EXTRANJERO;5.7.-Contra la propiedad intelectual/industrial;2023;1
EN EL EXTRANJERO;5.7.-Contra la propiedad intelectual/industrial;2022;1
EN EL EXTRANJERO;5.7.-Contra la propiedad intelectual/industrial;2021;1
EN EL EXTRANJERO;5.7.-Contra la propiedad intelectual/industrial;2020;2
EN EL EXTRANJERO;5.7.-Contra la propiedad intelectual/industrial;2019;5
EN EL EXTRANJERO;5.7.-Contra la propiedad intelectual/industrial;2018;3
EN EL EXTRANJERO;5.8.-Blanqueo de capitales;2024;18
EN EL EXTRANJERO;5.8.-Blanqueo de capitales;2023;15
EN EL EXTRANJERO;5.8.-Blanqueo de capitales;2022;8
EN EL EXTRANJERO;5.8.-Blanqueo de capitales;2021;0
EN EL EXTRANJERO;5.8.-Blanqueo de capitales;2020;3
EN EL EXTRANJERO;5.8.-Blanqueo de capitales;2019;9
EN EL EXTRANJERO;5.8.-Blanqueo de capitales;2018;6
EN EL EXTRANJERO;5.9.-Otros contra el patrimonio;2024;194
EN EL EXTRANJERO;5.9.-Otros contra el patrimonio;2023;226
EN EL EXTRANJERO;5.9.-Otros contra el patrimonio;2022;178
EN EL EXTRANJERO;5.9.-Otros contra el patrimonio;2021;157
EN EL EXTRANJERO;5.9.-Otros contra el patrimonio;2020;171
EN EL EXTRANJERO;5.9.-Otros contra el patrimonio;2019;164
EN EL EXTRANJERO;5.9.-Otros contra el patrimonio;2018;205
EN EL EXTRANJERO;6. SEGURIDAD COLECTIVA;2024;68
EN EL EXTRANJERO;6. SEGURIDAD COLECTIVA;2023;51
EN EL EXTRANJERO;6. SEGURIDAD COLECTIVA;2022;24
EN EL EXTRANJERO;6. SEGURIDAD COLECTIVA;2021;17
EN EL EXTRANJERO;6. SEGURIDAD COLECTIVA;2020;21
EN EL EXTRANJERO;6. SEGURIDAD COLECTIVA;2019;17
EN EL EXTRANJERO;6. SEGURIDAD COLECTIVA;2018;12
EN EL EXTRANJERO;6.1.-Tráfico de drogas;2024;65
EN EL EXTRANJERO;6.1.-Tráfico de drogas;2023;47
EN EL EXTRANJERO;6.1.-Tráfico de drogas;2022;23
EN EL EXTRANJERO;6.1.-Tráfico de drogas;2021;17
EN EL EXTRANJERO;6.1.-Tráfico de drogas;2020;19
EN EL EXTRANJERO;6.1.-Tráfico de drogas;2019;15
EN EL EXTRANJERO;6.1.-Tráfico de drogas;2018;12
EN EL EXTRANJERO;6.2.-Contra la seguridad vial;2024;1
EN EL EXTRANJERO;6.2.-Contra la seguridad vial;2023;1
EN EL EXTRANJERO;6.2.-Contra la seguridad vial;2022;1
EN EL EXTRANJERO;6.2.-Contra la seguridad vial;2021;0
EN EL EXTRANJERO;6.2.-Contra la seguridad vial;2020;0
EN EL EXTRANJERO;6.2.-Contra la seguridad vial;2019;0
EN EL EXTRANJERO;6.2.-Contra la seguridad vial;2018;0
EN EL EXTRANJERO;6.3.-Otros contra la seguridad colectiva;2024;2
EN EL EXTRANJERO;6.3.-Otros contra la seguridad colectiva;2023;3
EN EL EXTRANJERO;6.3.-Otros contra la seguridad colectiva;2022;0
EN EL EXTRANJERO;6.3.-Otros contra la seguridad colectiva;2021;0
EN EL EXTRANJERO;6.3.-Otros contra la seguridad colectiva;2020;2
EN EL EXTRANJERO;6.3.-Otros contra la seguridad colectiva;2019;2
EN EL EXTRANJERO;6.3.-Otros contra la seguridad colectiva;2018;0
EN EL EXTRANJERO;7. FALSEDADES;2024;103
EN EL EXTRANJERO;7. FALSEDADES;2023;144
EN EL EXTRANJERO;7. FALSEDADES;2022;113
EN EL EXTRANJERO;7. FALSEDADES;2021;112
EN EL EXTRANJERO;7. FALSEDADES;2020;148
EN EL EXTRANJERO;7. FALSEDADES;2019;270
EN EL EXTRANJERO;7. FALSEDADES;2018;391
EN EL EXTRANJERO;8. ADMÓN. PÚBLICA;2024;0
EN EL EXTRANJERO;8. ADMÓN. PÚBLICA;2023;1
EN EL EXTRANJERO;8. ADMÓN. PÚBLICA;2022;1
EN EL EXTRANJERO;8. ADMÓN. PÚBLICA;2021;0
EN EL EXTRANJERO;8. ADMÓN. PÚBLICA;2020;2
EN EL EXTRANJERO;8. ADMÓN. PÚBLICA;2019;0
EN EL EXTRANJERO;8. ADMÓN. PÚBLICA;2018;1
EN EL EXTRANJERO;9. ADMÓN. JUSTICIA;2024;22
EN EL EXTRANJERO;9. ADMÓN. JUSTICIA;2023;27
EN EL EXTRANJERO;9. ADMÓN. JUSTICIA;2022;20
EN EL EXTRANJERO;9. ADMÓN. JUSTICIA;2021;16
EN EL EXTRANJERO;9. ADMÓN. JUSTICIA;2020;18
EN EL EXTRANJERO;9. ADMÓN. JUSTICIA;2019;30
EN EL EXTRANJERO;9. ADMÓN. JUSTICIA;2018;28
EN EL EXTRANJERO;10. ORDEN PÚBLICO;2024;22
EN EL EXTRANJERO;10. ORDEN PÚBLICO;2023;28
EN EL EXTRANJERO;10. ORDEN PÚBLICO;2022;9
EN EL EXTRANJERO;10. ORDEN PÚBLICO;2021;8
EN EL EXTRANJERO;10. ORDEN PÚBLICO;2020;6
EN EL EXTRANJERO;10. ORDEN PÚBLICO;2019;4
EN EL EXTRANJERO;10. ORDEN PÚBLICO;2018;2
EN EL EXTRANJERO;11. LEGISLACIÓN ESPECIAL;2024;0
EN EL EXTRANJERO;11. LEGISLACIÓN ESPECIAL;2023;0
EN EL EXTRANJERO;11. LEGISLACIÓN ESPECIAL;2022;1
EN EL EXTRANJERO;11. LEGISLACIÓN ESPECIAL;2021;1
EN EL EXTRANJERO;11. LEGISLACIÓN ESPECIAL;2020;0
EN EL EXTRANJERO;11. LEGISLACIÓN ESPECIAL;2019;1
EN EL EXTRANJERO;11. LEGISLACIÓN ESPECIAL;2018;0
EN EL EXTRANJERO;12. OTRAS INFRACCIONES PENALES;2024;11
EN EL EXTRANJERO;12. OTRAS INFRACCIONES PENALES;2023;15
EN EL EXTRANJERO;12. OTRAS INFRACCIONES PENALES;2022;18
EN EL EXTRANJERO;12. OTRAS INFRACCIONES PENALES;2021;10
EN EL EXTRANJERO;12. OTRAS INFRACCIONES PENALES;2020;10
EN EL EXTRANJERO;12. OTRAS INFRACCIONES PENALES;2019;15
EN EL EXTRANJERO;12. OTRAS INFRACCIONES PENALES;2018;21
EN EL EXTRANJERO;TOTAL INFRACCIONES PENALES;2024;8.788
EN EL EXTRANJERO;TOTAL INFRACCIONES PENALES;2023;9.787
EN EL EXTRANJERO;TOTAL INFRACCIONES PENALES;2022;10.629
EN EL EXTRANJERO;TOTAL INFRACCIONES PENALES;2021;7.306
EN EL EXTRANJERO;TOTAL INFRACCIONES PENALES;2020;9.395
EN EL EXTRANJERO;TOTAL INFRACCIONES PENALES;2019;15.315
EN EL EXTRANJERO;TOTAL INFRACCIONES PENALES;2018;14.504
DESCONOCIDA;1. CONTRA LAS PERSONAS;2024;0
DESCONOCIDA;1. CONTRA LAS PERSONAS;2023;0
DESCONOCIDA;1. CONTRA LAS PERSONAS;2022;0
DESCONOCIDA;1. CONTRA LAS PERSONAS;2021;0
DESCONOCIDA;1. CONTRA LAS PERSONAS;2020;0
DESCONOCIDA;1. CONTRA LAS PERSONAS;2019;0
DESCONOCIDA;1. CONTRA LAS PERSONAS;2018;0
DESCONOCIDA;1.1.-Homicidios dolosos/asesinatos;2024;0
DESCONOCIDA;1.1.-Homicidios dolosos/asesinatos;2023;0
DESCONOCIDA;1.1.-Homicidios dolosos/asesinatos;2022;0
DESCONOCIDA;1.1.-Homicidios dolosos/asesinatos;2021;0
DESCONOCIDA;1.1.-Homicidios dolosos/asesinatos;2020;0
DESCONOCIDA;1.1.-Homicidios dolosos/asesinatos;2019;0
DESCONOCIDA;1.1.-Homicidios dolosos/asesinatos;2018;0
DESCONOCIDA;1.1.1.-Homicidios dolosos/asesinatos consumados;2024;0
DESCONOCIDA;1.1.1.-Homicidios dolosos/asesinatos consumados;2023;0
DESCONOCIDA;1.1.1.-Homicidios dolosos/asesinatos consumados;2022;0
DESCONOCIDA;1.1.1.-Homicidios dolosos/asesinatos consumados;2021;0
DESCONOCIDA;1.1.1.-Homicidios dolosos/asesinatos consumados;2020;0
DESCONOCIDA;1.1.1.-Homicidios dolosos/asesinatos consumados;2019;0
DESCONOCIDA;1.1.1.-Homicidios dolosos/asesinatos consumados;2018;0
DESCONOCIDA;1.2.-Lesiones;2024;0
DESCONOCIDA;1.2.-Lesiones;2023;0
DESCONOCIDA;1.2.-Lesiones;2022;0
DESCONOCIDA;1.2.-Lesiones;2021;0
DESCONOCIDA;1.2.-Lesiones;2020;0
DESCONOCIDA;1.2.-Lesiones;2019;0
DESCONOCIDA;1.2.-Lesiones;2018;0
DESCONOCIDA;1.3.-Malos tratos ámbito familiar;2024;0
DESCONOCIDA;1.3.-Malos tratos ámbito familiar;2023;0
DESCONOCIDA;1.3.-Malos tratos ámbito familiar;2022;0
DESCONOCIDA;1.3.-Malos tratos ámbito familiar;2021;0
DESCONOCIDA;1.3.-Malos tratos ámbito familiar;2020;0
DESCONOCIDA;1.3.-Malos tratos ámbito familiar;2019;0
DESCONOCIDA;1.3.-Malos tratos ámbito familiar;2018;0
DESCONOCIDA;1.4.-Otros contra las personas;2024;0
DESCONOCIDA;1.4.-Otros contra las personas;2023;0
DESCONOCIDA;1.4.-Otros contra las personas;2022;0
DESCONOCIDA;1.4.-Otros contra las personas;2021;0
DESCONOCIDA;1.4.-Otros contra las personas;2020;0
DESCONOCIDA;1.4.-Otros contra las personas;2019;0
DESCONOCIDA;1.4.-Otros contra las personas;2018;0
DESCONOCIDA;2. CONTRA LA LIBERTAD;2024;0
DESCONOCIDA;2. CONTRA LA LIBERTAD;2023;0
DESCONOCIDA;2. CONTRA LA LIBERTAD;2022;0
DESCONOCIDA;2. CONTRA LA LIBERTAD;2021;0
DESCONOCIDA;2. CONTRA LA LIBERTAD;2020;0
DESCONOCIDA;2. CONTRA LA LIBERTAD;2019;0
DESCONOCIDA;2. CONTRA LA LIBERTAD;2018;0
DESCONOCIDA;2.1.-Malos tratos habituales en el ámbito familiar;2024;0
DESCONOCIDA;2.1.-Malos tratos habituales en el ámbito familiar;2023;0
DESCONOCIDA;2.1.-Malos tratos habituales en el ámbito familiar;2022;0
DESCONOCIDA;2.1.-Malos tratos habituales en el ámbito familiar;2021;0
DESCONOCIDA;2.1.-Malos tratos habituales en el ámbito familiar;2020;0
DESCONOCIDA;2.1.-Malos tratos habituales en el ámbito familiar;2019;0
DESCONOCIDA;2.1.-Malos tratos habituales en el ámbito familiar;2018;0
DESCONOCIDA;2.2.-Otros contra la libertad;2024;0
DESCONOCIDA;2.2.-Otros contra la libertad;2023;0
DESCONOCIDA;2.2.-Otros contra la libertad;2022;0
DESCONOCIDA;2.2.-Otros contra la libertad;2021;0
DESCONOCIDA;2.2.-Otros contra la libertad;2020;0
DESCONOCIDA;2.2.-Otros contra la libertad;2019;0
DESCONOCIDA;2.2.-Otros contra la libertad;2018;0
DESCONOCIDA;3. LIBERTAD SEXUAL;2024;0
DESCONOCIDA;3. LIBERTAD SEXUAL;2023;0
DESCONOCIDA;3. LIBERTAD SEXUAL;2022;0
DESCONOCIDA;3. LIBERTAD SEXUAL;2021;0
DESCONOCIDA;3. LIBERTAD SEXUAL;2020;0
DESCONOCIDA;3. LIBERTAD SEXUAL;2019;0
DESCONOCIDA;3. LIBERTAD SEXUAL;2018;0
DESCONOCIDA;3.1.-Agresión sexual;2024;0
DESCONOCIDA;3.1.-Agresión sexual;2023;0
DESCONOCIDA;3.1.-Agresión sexual;2022;0
DESCONOCIDA;3.1.-Agresión sexual;2021;0
DESCONOCIDA;3.1.-Agresión sexual;2020;0
DESCONOCIDA;3.1.-Agresión sexual;2019;0
DESCONOCIDA;3.1.-Agresión sexual;2018;0
DESCONOCIDA;3.2.-Agresión sexual con penetración;2024;0
DESCONOCIDA;3.2.-Agresión sexual con penetración;2023;0
DESCONOCIDA;3.2.-Agresión sexual con penetración;2022;0
DESCONOCIDA;3.2.-Agresión sexual con penetración;2021;0
DESCONOCIDA;3.2.-Agresión sexual con penetración;2020;0
DESCONOCIDA;3.2.-Agresión sexual con penetración;2019;0
DESCONOCIDA;3.2.-Agresión sexual con penetración;2018;0
DESCONOCIDA;3.3.-Corrupción de menores o incapacitados;2024;0
DESCONOCIDA;3.3.-Corrupción de menores o incapacitados;2023;0
DESCONOCIDA;3.3.-Corrupción de menores o incapacitados;2022;0
DESCONOCIDA;3.3.-Corrupción de menores o incapacitados;2021;0
DESCONOCIDA;3.3.-Corrupción de menores o incapacitados;2020;0
DESCONOCIDA;3.3.-Corrupción de menores o incapacitados;2019;0
DESCONOCIDA;3.3.-Corrupción de menores o incapacitados;2018;0
DESCONOCIDA;3.4.-Pornografía de menores;2024;0
DESCONOCIDA;3.4.-Pornografía de menores;2023;0
DESCONOCIDA;3.4.-Pornografía de menores;2022;0
DESCONOCIDA;3.4.-Pornografía de menores;2021;0
DESCONOCIDA;3.4.-Pornografía de menores;2020;0
DESCONOCIDA;3.4.-Pornografía de menores;2019;0
DESCONOCIDA;3.4.-Pornografía de menores;2018;0
DESCONOCIDA;3.5.-Otros contra la libertad sexual;2024;0
DESCONOCIDA;3.5.-Otros contra la libertad sexual;2023;0
DESCONOCIDA;3.5.-Otros contra la libertad sexual;2022;0
DESCONOCIDA;3.5.-Otros contra la libertad sexual;2021;0
DESCONOCIDA;3.5.-Otros contra la libertad sexual;2020;0
DESCONOCIDA;3.5.-Otros contra la libertad sexual;2019;0
DESCONOCIDA;3.5.-Otros contra la libertad sexual;2018;0
DESCONOCIDA;4. RELACIONES FAMILIARES;2024;0
DESCONOCIDA;4. RELACIONES FAMILIARES;2023;0
DESCONOCIDA;4. RELACIONES FAMILIARES;2022;0
DESCONOCIDA;4. RELACIONES FAMILIARES;2021;0
DESCONOCIDA;4. RELACIONES FAMILIARES;2020;0
DESCONOCIDA;4. RELACIONES FAMILIARES;2019;0
DESCONOCIDA;4. RELACIONES FAMILIARES;2018;0
DESCONOCIDA;5. PATRIMONIO;2024;0
DESCONOCIDA;5. PATRIMONIO;2023;0
DESCONOCIDA;5. PATRIMONIO;2022;0
DESCONOCIDA;5. PATRIMONIO;2021;0
DESCONOCIDA;5. PATRIMONIO;2020;0
DESCONOCIDA;5. PATRIMONIO;2019;0
DESCONOCIDA;5. PATRIMONIO;2018;0
DESCONOCIDA;5.1.-Hurtos;2024;0
DESCONOCIDA;5.1.-Hurtos;2023;0
DESCONOCIDA;5.1.-Hurtos;2022;0
DESCONOCIDA;5.1.-Hurtos;2021;0
DESCONOCIDA;5.1.-Hurtos;2020;0
DESCONOCIDA;5.1.-Hurtos;2019;0
DESCONOCIDA;5.1.-Hurtos;2018;0
DESCONOCIDA;5.2.-Robos con fuerza en las cosas;2024;0
DESCONOCIDA;5.2.-Robos con fuerza en las cosas;2023;0
DESCONOCIDA;5.2.-Robos con fuerza en las cosas;2022;0
DESCONOCIDA;5.2.-Robos con fuerza en las cosas;2021;0
DESCONOCIDA;5.2.-Robos con fuerza en las cosas;2020;0
DESCONOCIDA;5.2.-Robos con fuerza en las cosas;2019;0
DESCONOCIDA;5.2.-Robos con fuerza en las cosas;2018;0
DESCONOCIDA;5.2.1.-Robos con fuerza en las cosas en el interior de vehículos;2024;0
DESCONOCIDA;5.2.1.-Robos con fuerza en las cosas en el interior de vehículos;2023;0
DESCONOCIDA;5.2.1.-Robos con fuerza en las cosas en el interior de vehículos;2022;0
DESCONOCIDA;5.2.1.-Robos con fuerza en las cosas en el interior de vehículos;2021;0
DESCONOCIDA;5.2.1.-Robos con fuerza en las cosas en el interior de vehículos;2020;0
DESCONOCIDA;5.2.1.-Robos con fuerza en las cosas en el interior de vehículos;2019;0
DESCONOCIDA;5.2.1.-Robos con fuerza en las cosas en el interior de vehículos;2018;0
DESCONOCIDA;5.2.2.-Robos con fuerza en viviendas;2024;0
DESCONOCIDA;5.2.2.-Robos con fuerza en viviendas;2023;0
DESCONOCIDA;5.2.2.-Robos con fuerza en viviendas;2022;0
DESCONOCIDA;5.2.2.-Robos con fuerza en viviendas;2021;0
DESCONOCIDA;5.2.2.-Robos con fuerza en viviendas;2020;0
DESCONOCIDA;5.2.2.-Robos con fuerza en viviendas;2019;0
DESCONOCIDA;5.2.2.-Robos con fuerza en viviendas;2018;0
DESCONOCIDA;5.2.3.-Robos con fuerza en establecimientos;2024;0
DESCONOCIDA;5.2.3.-Robos con fuerza en establecimientos;2023;0
DESCONOCIDA;5.2.3.-Robos con fuerza en establecimientos;2022;0
DESCONOCIDA;5.2.3.-Robos con fuerza en establecimientos;2021;0
DESCONOCIDA;5.2.3.-Robos con fuerza en establecimientos;2020;0
DESCONOCIDA;5.2.3.-Robos con fuerza en establecimientos;2019;0
DESCONOCIDA;5.2.3.-Robos con fuerza en establecimientos;2018;0
DESCONOCIDA;5.3.-Robos con violencia o intimidación;2024;0
DESCONOCIDA;5.3.-Robos con violencia o intimidación;2023;0
DESCONOCIDA;5.3.-Robos con violencia o intimidación;2022;0
DESCONOCIDA;5.3.-Robos con violencia o intimidación;2021;0
DESCONOCIDA;5.3.-Robos con violencia o intimidación;2020;0
DESCONOCIDA;5.3.-Robos con violencia o intimidación;2019;0
DESCONOCIDA;5.3.-Robos con violencia o intimidación;2018;0
DESCONOCIDA;5.3.1.-Robos con violencia en vía pública;2024;0
DESCONOCIDA;5.3.1.-Robos con violencia en vía pública;2023;0
DESCONOCIDA;5.3.1.-Robos con violencia en vía pública;2022;0
DESCONOCIDA;5.3.1.-Robos con violencia en vía pública;2021;0
DESCONOCIDA;5.3.1.-Robos con violencia en vía pública;2020;0
DESCONOCIDA;5.3.1.-Robos con violencia en vía pública;2019;0
DESCONOCIDA;5.3.1.-Robos con violencia en vía pública;2018;0
DESCONOCIDA;5.3.2.-Robos con violencia en viviendas;2024;0
DESCONOCIDA;5.3.2.-Robos con violencia en viviendas;2023;0
DESCONOCIDA;5.3.2.-Robos con violencia en viviendas;2022;0
DESCONOCIDA;5.3.2.-Robos con violencia en viviendas;2021;0
DESCONOCIDA;5.3.2.-Robos con violencia en viviendas;2020;0
DESCONOCIDA;5.3.2.-Robos con violencia en viviendas;2019;0
DESCONOCIDA;5.3.2.-Robos con violencia en viviendas;2018;0
DESCONOCIDA;5.3.3.-Robos con violencia en establecimientos;2024;0
DESCONOCIDA;5.3.3.-Robos con violencia en establecimientos;2023;0
DESCONOCIDA;5.3.3.-Robos con violencia en establecimientos;2022;0
DESCONOCIDA;5.3.3.-Robos con violencia en establecimientos;2021;0
DESCONOCIDA;5.3.3.-Robos con violencia en establecimientos;2020;0
DESCONOCIDA;5.3.3.-Robos con violencia en establecimientos;2019;0
DESCONOCIDA;5.3.3.-Robos con violencia en establecimientos;2018;0
DESCONOCIDA;5.4.-Sustracción de vehículos;2024;0
DESCONOCIDA;5.4.-Sustracción de vehículos;2023;0
DESCONOCIDA;5.4.-Sustracción de vehículos;2022;0
DESCONOCIDA;5.4.-Sustracción de vehículos;2021;0
DESCONOCIDA;5.4.-Sustracción de vehículos;2020;0
DESCONOCIDA;5.4.-Sustracción de vehículos;2019;0
DESCONOCIDA;5.4.-Sustracción de vehículos;2018;0
DESCONOCIDA;5.5.-Estafas;2024;0
DESCONOCIDA;5.5.-Estafas;2023;0
DESCONOCIDA;5.5.-Estafas;2022;0
DESCONOCIDA;5.5.-Estafas;2021;0
DESCONOCIDA;5.5.-Estafas;2020;0
DESCONOCIDA;5.5.-Estafas;2019;0
DESCONOCIDA;5.5.-Estafas;2018;0
DESCONOCIDA;5.5.1.-Estafas informáticas;2024;0
DESCONOCIDA;5.5.1.-Estafas informáticas;2023;0
DESCONOCIDA;5.5.1.-Estafas informáticas;2022;0
DESCONOCIDA;5.5.1.-Estafas informáticas;2021;0
DESCONOCIDA;5.5.1.-Estafas informáticas;2020;0
DESCONOCIDA;5.5.1.-Estafas informáticas;2019;0
DESCONOCIDA;5.5.1.-Estafas informáticas;2018;0
DESCONOCIDA;5.6.-Daños;2024;0
DESCONOCIDA;5.6.-Daños;2023;0
DESCONOCIDA;5.6.-Daños;2022;0
DESCONOCIDA;5.6.-Daños;2021;0
DESCONOCIDA;5.6.-Daños;2020;0
DESCONOCIDA;5.6.-Daños;2019;0
DESCONOCIDA;5.6.-Daños;2018;0
DESCONOCIDA;5.7.-Contra la propiedad intelectual/industrial;2024;0
DESCONOCIDA;5.7.-Contra la propiedad intelectual/industrial;2023;0
DESCONOCIDA;5.7.-Contra la propiedad intelectual/industrial;2022;0
DESCONOCIDA;5.7.-Contra la propiedad intelectual/industrial;2021;0
DESCONOCIDA;5.7.-Contra la propiedad intelectual/industrial;2020;0
DESCONOCIDA;5.7.-Contra la propiedad intelectual/industrial;2019;0
DESCONOCIDA;5.7.-Contra la propiedad intelectual/industrial;2018;0
DESCONOCIDA;5.8.-Blanqueo de capitales;2024;0
DESCONOCIDA;5.8.-Blanqueo de capitales;2023;0
DESCONOCIDA;5.8.-Blanqueo de capitales;2022;0
DESCONOCIDA;5.8.-Blanqueo de capitales;2021;0
DESCONOCIDA;5.8.-Blanqueo de capitales;2020;0
DESCONOCIDA;5.8.-Blanqueo de capitales;2019;0
DESCONOCIDA;5.8.-Blanqueo de capitales;2018;0
DESCONOCIDA;5.9.-Otros contra el patrimonio;2024;0
DESCONOCIDA;5.9.-Otros contra el patrimonio;2023;0
DESCONOCIDA;5.9.-Otros contra el patrimonio;2022;0
DESCONOCIDA;5.9.-Otros contra el patrimonio;2021;0
DESCONOCIDA;5.9.-Otros contra el patrimonio;2020;0
DESCONOCIDA;5.9.-Otros contra el patrimonio;2019;0
DESCONOCIDA;5.9.-Otros contra el patrimonio;2018;0
DESCONOCIDA;6. SEGURIDAD COLECTIVA;2024;0
DESCONOCIDA;6. SEGURIDAD COLECTIVA;2023;0
DESCONOCIDA;6. SEGURIDAD COLECTIVA;2022;0
DESCONOCIDA;6. SEGURIDAD COLECTIVA;2021;0
DESCONOCIDA;6. SEGURIDAD COLECTIVA;2020;0
DESCONOCIDA;6. SEGURIDAD COLECTIVA;2019;0
DESCONOCIDA;6. SEGURIDAD COLECTIVA;2018;0
DESCONOCIDA;6.1.-Tráfico de drogas;2024;0
DESCONOCIDA;6.1.-Tráfico de drogas;2023;0
DESCONOCIDA;6.1.-Tráfico de drogas;2022;0
DESCONOCIDA;6.1.-Tráfico de drogas;2021;0
DESCONOCIDA;6.1.-Tráfico de drogas;2020;0
DESCONOCIDA;6.1.-Tráfico de drogas;2019;0
DESCONOCIDA;6.1.-Tráfico de drogas;2018;0
DESCONOCIDA;6.2.-Contra la seguridad vial;2024;0
DESCONOCIDA;6.2.-Contra la seguridad vial;2023;0
DESCONOCIDA;6.2.-Contra la seguridad vial;2022;0
DESCONOCIDA;6.2.-Contra la seguridad vial;2021;0
DESCONOCIDA;6.2.-Contra la seguridad vial;2020;0
DESCONOCIDA;6.2.-Contra la seguridad vial;2019;0
DESCONOCIDA;6.2.-Contra la seguridad vial;2018;0
DESCONOCIDA;6.3.-Otros contra la seguridad colectiva;2024;0
DESCONOCIDA;6.3.-Otros contra la seguridad colectiva;2023;0
DESCONOCIDA;6.3.-Otros contra la seguridad colectiva;2022;0
DESCONOCIDA;6.3.-Otros contra la seguridad colectiva;2021;0
DESCONOCIDA;6.3.-Otros contra la seguridad colectiva;2020;0
DESCONOCIDA;6.3.-Otros contra la seguridad colectiva;2019;0
DESCONOCIDA;6.3.-Otros contra la seguridad colectiva;2018;0
DESCONOCIDA;7. FALSEDADES;2024;0
DESCONOCIDA;7. FALSEDADES;2023;0
DESCONOCIDA;7. FALSEDADES;2022;0
DESCONOCIDA;7. FALSEDADES;2021;0
DESCONOCIDA;7. FALSEDADES;2020;0
DESCONOCIDA;7. FALSEDADES;2019;0
DESCONOCIDA;7. FALSEDADES;2018;0
DESCONOCIDA;8. ADMÓN. PÚBLICA;2024;0
DESCONOCIDA;8. ADMÓN. PÚBLICA;2023;0
DESCONOCIDA;8. ADMÓN. PÚBLICA;2022;0
DESCONOCIDA;8. ADMÓN. PÚBLICA;2021;0
DESCONOCIDA;8. ADMÓN. PÚBLICA;2020;0
DESCONOCIDA;8. ADMÓN. PÚBLICA;2019;0
DESCONOCIDA;8. ADMÓN. PÚBLICA;2018;0
DESCONOCIDA;9. ADMÓN. JUSTICIA;2024;0
DESCONOCIDA;9. ADMÓN. JUSTICIA;2023;0
DESCONOCIDA;9. ADMÓN. JUSTICIA;2022;0
DESCONOCIDA;9. ADMÓN. JUSTICIA;2021;0
DESCONOCIDA;9. ADMÓN. JUSTICIA;2020;0
DESCONOCIDA;9. ADMÓN. JUSTICIA;2019;0
DESCONOCIDA;9. ADMÓN. JUSTICIA;2018;0
DESCONOCIDA;10. ORDEN PÚBLICO;2024;0
DESCONOCIDA;10. ORDEN PÚBLICO;2023;0
DESCONOCIDA;10. ORDEN PÚBLICO;2022;0
DESCONOCIDA;10. ORDEN PÚBLICO;2021;0
DESCONOCIDA;10. ORDEN PÚBLICO;2020;0
DESCONOCIDA;10. ORDEN PÚBLICO;2019;0
DESCONOCIDA;10. ORDEN PÚBLICO;2018;0
DESCONOCIDA;11. LEGISLACIÓN ESPECIAL;2024;0
DESCONOCIDA;11. LEGISLACIÓN ESPECIAL;2023;0
DESCONOCIDA;11. LEGISLACIÓN ESPECIAL;2022;0
DESCONOCIDA;11. LEGISLACIÓN ESPECIAL;2021;0
DESCONOCIDA;11. LEGISLACIÓN ESPECIAL;2020;0
DESCONOCIDA;11. LEGISLACIÓN ESPECIAL;2019;0
DESCONOCIDA;11. LEGISLACIÓN ESPECIAL;2018;0
DESCONOCIDA;12. OTRAS INFRACCIONES PENALES;2024;0
DESCONOCIDA;12. OTRAS INFRACCIONES PENALES;2023;0
DESCONOCIDA;12. OTRAS INFRACCIONES PENALES;2022;0
DESCONOCIDA;12. OTRAS INFRACCIONES PENALES;2021;0
DESCONOCIDA;12. OTRAS INFRACCIONES PENALES;2020;0
DESCONOCIDA;12. OTRAS INFRACCIONES PENALES;2019;0
DESCONOCIDA;12. OTRAS INFRACCIONES PENALES;2018;0
DESCONOCIDA;TOTAL INFRACCIONES PENALES;2024;0
DESCONOCIDA;TOTAL INFRACCIONES PENALES;2023;0
DESCONOCIDA;TOTAL INFRACCIONES PENALES;2022;0
DESCONOCIDA;TOTAL INFRACCIONES PENALES;2021;0
DESCONOCIDA;TOTAL INFRACCIONES PENALES;2020;0
DESCONOCIDA;TOTAL INFRACCIONES PENALES;2019;0
DESCONOCIDA;TOTAL INFRACCIONES PENALES;2018;0
